event_id,away,home,athlete_id,prop_type,line,over_odds,under_odds,coverage_note
401872932,DET,BUF,3046779,Anytime Touchdown Scorer,NONE,NONE,NONE,"ALL 18 pages (1401 items) at limit=80, three short pages re-fetched at limit=40; count-verified 1401"
401872932,DET,BUF,3126997,Anytime Touchdown Scorer,NONE,NONE,NONE,"ALL 18 pages (1401 items) at limit=80, three short pages re-fetched at limit=40; count-verified 1401"
401872932,DET,BUF,3915411,Anytime Touchdown Scorer,NONE,NONE,NONE,"ALL 18 pages (1401 items) at limit=80, three short pages re-fetched at limit=40; count-verified 1401"
401872932,DET,BUF,3915416,Anytime Touchdown Scorer,NONE,NONE,NONE,"ALL 18 pages (1401 items) at limit=80, three short pages re-fetched at limit=40; count-verified 1401"
401872932,DET,BUF,3915486,Anytime Touchdown Scorer,NONE,NONE,NONE,"ALL 18 pages (1401 items) at limit=80, three short pages re-fetched at limit=40; count-verified 1401"
401872932,DET,BUF,3918298,Anytime Touchdown Scorer,NONE,NONE,NONE,"ALL 18 pages (1401 items) at limit=80, three short pages re-fetched at limit=40; count-verified 1401"
401872932,DET,BUF,3930086,Anytime Touchdown Scorer,NONE,NONE,NONE,"ALL 18 pages (1401 items) at limit=80, three short pages re-fetched at limit=40; count-verified 1401"
401872932,DET,BUF,4037235,Anytime Touchdown Scorer,NONE,NONE,NONE,"ALL 18 pages (1401 items) at limit=80, three short pages re-fetched at limit=40; count-verified 1401"
401872932,DET,BUF,4242392,Anytime Touchdown Scorer,NONE,NONE,NONE,"ALL 18 pages (1401 items) at limit=80, three short pages re-fetched at limit=40; count-verified 1401"
401872932,DET,BUF,4242433,Anytime Touchdown Scorer,NONE,NONE,NONE,"ALL 18 pages (1401 items) at limit=80, three short pages re-fetched at limit=40; count-verified 1401"
401872932,DET,BUF,4245144,Anytime Touchdown Scorer,NONE,NONE,NONE,"ALL 18 pages (1401 items) at limit=80, three short pages re-fetched at limit=40; count-verified 1401"
401872932,DET,BUF,4373678,Anytime Touchdown Scorer,NONE,NONE,NONE,"ALL 18 pages (1401 items) at limit=80, three short pages re-fetched at limit=40; count-verified 1401"
401872932,DET,BUF,4374302,Anytime Touchdown Scorer,NONE,NONE,NONE,"ALL 18 pages (1401 items) at limit=80, three short pages re-fetched at limit=40; count-verified 1401"
401872932,DET,BUF,4379399,Anytime Touchdown Scorer,NONE,NONE,NONE,"ALL 18 pages (1401 items) at limit=80, three short pages re-fetched at limit=40; count-verified 1401"
401872932,DET,BUF,4383429,Anytime Touchdown Scorer,NONE,NONE,NONE,"ALL 18 pages (1401 items) at limit=80, three short pages re-fetched at limit=40; count-verified 1401"
401872932,DET,BUF,4385690,Anytime Touchdown Scorer,NONE,NONE,NONE,"ALL 18 pages (1401 items) at limit=80, three short pages re-fetched at limit=40; count-verified 1401"
401872932,DET,BUF,4426388,Anytime Touchdown Scorer,NONE,NONE,NONE,"ALL 18 pages (1401 items) at limit=80, three short pages re-fetched at limit=40; count-verified 1401"
401872932,DET,BUF,4429501,Anytime Touchdown Scorer,NONE,NONE,NONE,"ALL 18 pages (1401 items) at limit=80, three short pages re-fetched at limit=40; count-verified 1401"
401872932,DET,BUF,4429795,Anytime Touchdown Scorer,NONE,NONE,NONE,"ALL 18 pages (1401 items) at limit=80, three short pages re-fetched at limit=40; count-verified 1401"
401872932,DET,BUF,4430027,Anytime Touchdown Scorer,NONE,NONE,NONE,"ALL 18 pages (1401 items) at limit=80, three short pages re-fetched at limit=40; count-verified 1401"
401872932,DET,BUF,4573699,Anytime Touchdown Scorer,NONE,NONE,NONE,"ALL 18 pages (1401 items) at limit=80, three short pages re-fetched at limit=40; count-verified 1401"
401872932,DET,BUF,4635008,Anytime Touchdown Scorer,NONE,NONE,NONE,"ALL 18 pages (1401 items) at limit=80, three short pages re-fetched at limit=40; count-verified 1401"
401872932,DET,BUF,4688552,Anytime Touchdown Scorer,NONE,NONE,NONE,"ALL 18 pages (1401 items) at limit=80, three short pages re-fetched at limit=40; count-verified 1401"
401872932,DET,BUF,4912274,Anytime Touchdown Scorer,NONE,NONE,NONE,"ALL 18 pages (1401 items) at limit=80, three short pages re-fetched at limit=40; count-verified 1401"
401872932,DET,BUF,5123663,Anytime Touchdown Scorer,NONE,NONE,NONE,"ALL 18 pages (1401 items) at limit=80, three short pages re-fetched at limit=40; count-verified 1401"
401872932,DET,BUF,3046779,First Team Touchdown Scorer,NONE,NONE,NONE,"ALL 18 pages (1401 items) at limit=80, three short pages re-fetched at limit=40; count-verified 1401"
401872932,DET,BUF,3126997,First Team Touchdown Scorer,NONE,NONE,NONE,"ALL 18 pages (1401 items) at limit=80, three short pages re-fetched at limit=40; count-verified 1401"
401872932,DET,BUF,3915411,First Team Touchdown Scorer,NONE,NONE,NONE,"ALL 18 pages (1401 items) at limit=80, three short pages re-fetched at limit=40; count-verified 1401"
401872932,DET,BUF,3915416,First Team Touchdown Scorer,NONE,NONE,NONE,"ALL 18 pages (1401 items) at limit=80, three short pages re-fetched at limit=40; count-verified 1401"
401872932,DET,BUF,3915486,First Team Touchdown Scorer,NONE,NONE,NONE,"ALL 18 pages (1401 items) at limit=80, three short pages re-fetched at limit=40; count-verified 1401"
401872932,DET,BUF,3918298,First Team Touchdown Scorer,NONE,NONE,NONE,"ALL 18 pages (1401 items) at limit=80, three short pages re-fetched at limit=40; count-verified 1401"
401872932,DET,BUF,3930086,First Team Touchdown Scorer,NONE,NONE,NONE,"ALL 18 pages (1401 items) at limit=80, three short pages re-fetched at limit=40; count-verified 1401"
401872932,DET,BUF,4037235,First Team Touchdown Scorer,NONE,NONE,NONE,"ALL 18 pages (1401 items) at limit=80, three short pages re-fetched at limit=40; count-verified 1401"
401872932,DET,BUF,4242392,First Team Touchdown Scorer,NONE,NONE,NONE,"ALL 18 pages (1401 items) at limit=80, three short pages re-fetched at limit=40; count-verified 1401"
401872932,DET,BUF,4242433,First Team Touchdown Scorer,NONE,NONE,NONE,"ALL 18 pages (1401 items) at limit=80, three short pages re-fetched at limit=40; count-verified 1401"
401872932,DET,BUF,4245144,First Team Touchdown Scorer,NONE,NONE,NONE,"ALL 18 pages (1401 items) at limit=80, three short pages re-fetched at limit=40; count-verified 1401"
401872932,DET,BUF,4373678,First Team Touchdown Scorer,NONE,NONE,NONE,"ALL 18 pages (1401 items) at limit=80, three short pages re-fetched at limit=40; count-verified 1401"
401872932,DET,BUF,4374302,First Team Touchdown Scorer,NONE,NONE,NONE,"ALL 18 pages (1401 items) at limit=80, three short pages re-fetched at limit=40; count-verified 1401"
401872932,DET,BUF,4379399,First Team Touchdown Scorer,NONE,NONE,NONE,"ALL 18 pages (1401 items) at limit=80, three short pages re-fetched at limit=40; count-verified 1401"
401872932,DET,BUF,4383429,First Team Touchdown Scorer,NONE,NONE,NONE,"ALL 18 pages (1401 items) at limit=80, three short pages re-fetched at limit=40; count-verified 1401"
401872932,DET,BUF,4385690,First Team Touchdown Scorer,NONE,NONE,NONE,"ALL 18 pages (1401 items) at limit=80, three short pages re-fetched at limit=40; count-verified 1401"
401872932,DET,BUF,4426388,First Team Touchdown Scorer,NONE,NONE,NONE,"ALL 18 pages (1401 items) at limit=80, three short pages re-fetched at limit=40; count-verified 1401"
401872932,DET,BUF,4429501,First Team Touchdown Scorer,NONE,NONE,NONE,"ALL 18 pages (1401 items) at limit=80, three short pages re-fetched at limit=40; count-verified 1401"
401872932,DET,BUF,4429795,First Team Touchdown Scorer,NONE,NONE,NONE,"ALL 18 pages (1401 items) at limit=80, three short pages re-fetched at limit=40; count-verified 1401"
401872932,DET,BUF,4430027,First Team Touchdown Scorer,NONE,NONE,NONE,"ALL 18 pages (1401 items) at limit=80, three short pages re-fetched at limit=40; count-verified 1401"
401872932,DET,BUF,4573699,First Team Touchdown Scorer,NONE,NONE,NONE,"ALL 18 pages (1401 items) at limit=80, three short pages re-fetched at limit=40; count-verified 1401"
401872932,DET,BUF,4635008,First Team Touchdown Scorer,NONE,NONE,NONE,"ALL 18 pages (1401 items) at limit=80, three short pages re-fetched at limit=40; count-verified 1401"
401872932,DET,BUF,4688552,First Team Touchdown Scorer,NONE,NONE,NONE,"ALL 18 pages (1401 items) at limit=80, three short pages re-fetched at limit=40; count-verified 1401"
401872932,DET,BUF,4912274,First Team Touchdown Scorer,NONE,NONE,NONE,"ALL 18 pages (1401 items) at limit=80, three short pages re-fetched at limit=40; count-verified 1401"
401872932,DET,BUF,5123663,First Team Touchdown Scorer,NONE,NONE,NONE,"ALL 18 pages (1401 items) at limit=80, three short pages re-fetched at limit=40; count-verified 1401"
401872932,DET,BUF,3046779,First Touchdown Scorer,NONE,NONE,NONE,"ALL 18 pages (1401 items) at limit=80, three short pages re-fetched at limit=40; count-verified 1401"
401872932,DET,BUF,3126997,First Touchdown Scorer,NONE,NONE,NONE,"ALL 18 pages (1401 items) at limit=80, three short pages re-fetched at limit=40; count-verified 1401"
401872932,DET,BUF,3915411,First Touchdown Scorer,NONE,NONE,NONE,"ALL 18 pages (1401 items) at limit=80, three short pages re-fetched at limit=40; count-verified 1401"
401872932,DET,BUF,3915416,First Touchdown Scorer,NONE,NONE,NONE,"ALL 18 pages (1401 items) at limit=80, three short pages re-fetched at limit=40; count-verified 1401"
401872932,DET,BUF,3915486,First Touchdown Scorer,NONE,NONE,NONE,"ALL 18 pages (1401 items) at limit=80, three short pages re-fetched at limit=40; count-verified 1401"
401872932,DET,BUF,3918298,First Touchdown Scorer,NONE,NONE,NONE,"ALL 18 pages (1401 items) at limit=80, three short pages re-fetched at limit=40; count-verified 1401"
401872932,DET,BUF,3930086,First Touchdown Scorer,NONE,NONE,NONE,"ALL 18 pages (1401 items) at limit=80, three short pages re-fetched at limit=40; count-verified 1401"
401872932,DET,BUF,4037235,First Touchdown Scorer,NONE,NONE,NONE,"ALL 18 pages (1401 items) at limit=80, three short pages re-fetched at limit=40; count-verified 1401"
401872932,DET,BUF,4242392,First Touchdown Scorer,NONE,NONE,NONE,"ALL 18 pages (1401 items) at limit=80, three short pages re-fetched at limit=40; count-verified 1401"
401872932,DET,BUF,4242433,First Touchdown Scorer,NONE,NONE,NONE,"ALL 18 pages (1401 items) at limit=80, three short pages re-fetched at limit=40; count-verified 1401"
401872932,DET,BUF,4245144,First Touchdown Scorer,NONE,NONE,NONE,"ALL 18 pages (1401 items) at limit=80, three short pages re-fetched at limit=40; count-verified 1401"
401872932,DET,BUF,4373678,First Touchdown Scorer,NONE,NONE,NONE,"ALL 18 pages (1401 items) at limit=80, three short pages re-fetched at limit=40; count-verified 1401"
401872932,DET,BUF,4374302,First Touchdown Scorer,NONE,NONE,NONE,"ALL 18 pages (1401 items) at limit=80, three short pages re-fetched at limit=40; count-verified 1401"
401872932,DET,BUF,4379399,First Touchdown Scorer,NONE,NONE,NONE,"ALL 18 pages (1401 items) at limit=80, three short pages re-fetched at limit=40; count-verified 1401"
401872932,DET,BUF,4383429,First Touchdown Scorer,NONE,NONE,NONE,"ALL 18 pages (1401 items) at limit=80, three short pages re-fetched at limit=40; count-verified 1401"
401872932,DET,BUF,4385690,First Touchdown Scorer,NONE,NONE,NONE,"ALL 18 pages (1401 items) at limit=80, three short pages re-fetched at limit=40; count-verified 1401"
401872932,DET,BUF,4426388,First Touchdown Scorer,NONE,NONE,NONE,"ALL 18 pages (1401 items) at limit=80, three short pages re-fetched at limit=40; count-verified 1401"
401872932,DET,BUF,4429501,First Touchdown Scorer,NONE,NONE,NONE,"ALL 18 pages (1401 items) at limit=80, three short pages re-fetched at limit=40; count-verified 1401"
401872932,DET,BUF,4429795,First Touchdown Scorer,NONE,NONE,NONE,"ALL 18 pages (1401 items) at limit=80, three short pages re-fetched at limit=40; count-verified 1401"
401872932,DET,BUF,4430027,First Touchdown Scorer,NONE,NONE,NONE,"ALL 18 pages (1401 items) at limit=80, three short pages re-fetched at limit=40; count-verified 1401"
401872932,DET,BUF,4573699,First Touchdown Scorer,NONE,NONE,NONE,"ALL 18 pages (1401 items) at limit=80, three short pages re-fetched at limit=40; count-verified 1401"
401872932,DET,BUF,4635008,First Touchdown Scorer,NONE,NONE,NONE,"ALL 18 pages (1401 items) at limit=80, three short pages re-fetched at limit=40; count-verified 1401"
401872932,DET,BUF,4688552,First Touchdown Scorer,NONE,NONE,NONE,"ALL 18 pages (1401 items) at limit=80, three short pages re-fetched at limit=40; count-verified 1401"
401872932,DET,BUF,4912274,First Touchdown Scorer,NONE,NONE,NONE,"ALL 18 pages (1401 items) at limit=80, three short pages re-fetched at limit=40; count-verified 1401"
401872932,DET,BUF,5123663,First Touchdown Scorer,NONE,NONE,NONE,"ALL 18 pages (1401 items) at limit=80, three short pages re-fetched at limit=40; count-verified 1401"
401872932,DET,BUF,3046779,Last Touchdown Scorer,NONE,NONE,NONE,"ALL 18 pages (1401 items) at limit=80, three short pages re-fetched at limit=40; count-verified 1401"
401872932,DET,BUF,3126997,Last Touchdown Scorer,NONE,NONE,NONE,"ALL 18 pages (1401 items) at limit=80, three short pages re-fetched at limit=40; count-verified 1401"
401872932,DET,BUF,3915411,Last Touchdown Scorer,NONE,NONE,NONE,"ALL 18 pages (1401 items) at limit=80, three short pages re-fetched at limit=40; count-verified 1401"
401872932,DET,BUF,3915416,Last Touchdown Scorer,NONE,NONE,NONE,"ALL 18 pages (1401 items) at limit=80, three short pages re-fetched at limit=40; count-verified 1401"
401872932,DET,BUF,3915486,Last Touchdown Scorer,NONE,NONE,NONE,"ALL 18 pages (1401 items) at limit=80, three short pages re-fetched at limit=40; count-verified 1401"
401872932,DET,BUF,3918298,Last Touchdown Scorer,NONE,NONE,NONE,"ALL 18 pages (1401 items) at limit=80, three short pages re-fetched at limit=40; count-verified 1401"
401872932,DET,BUF,3930086,Last Touchdown Scorer,NONE,NONE,NONE,"ALL 18 pages (1401 items) at limit=80, three short pages re-fetched at limit=40; count-verified 1401"
401872932,DET,BUF,4037235,Last Touchdown Scorer,NONE,NONE,NONE,"ALL 18 pages (1401 items) at limit=80, three short pages re-fetched at limit=40; count-verified 1401"
401872932,DET,BUF,4242392,Last Touchdown Scorer,NONE,NONE,NONE,"ALL 18 pages (1401 items) at limit=80, three short pages re-fetched at limit=40; count-verified 1401"
401872932,DET,BUF,4242433,Last Touchdown Scorer,NONE,NONE,NONE,"ALL 18 pages (1401 items) at limit=80, three short pages re-fetched at limit=40; count-verified 1401"
401872932,DET,BUF,4245144,Last Touchdown Scorer,NONE,NONE,NONE,"ALL 18 pages (1401 items) at limit=80, three short pages re-fetched at limit=40; count-verified 1401"
401872932,DET,BUF,4373678,Last Touchdown Scorer,NONE,NONE,NONE,"ALL 18 pages (1401 items) at limit=80, three short pages re-fetched at limit=40; count-verified 1401"
401872932,DET,BUF,4374302,Last Touchdown Scorer,NONE,NONE,NONE,"ALL 18 pages (1401 items) at limit=80, three short pages re-fetched at limit=40; count-verified 1401"
401872932,DET,BUF,4379399,Last Touchdown Scorer,NONE,NONE,NONE,"ALL 18 pages (1401 items) at limit=80, three short pages re-fetched at limit=40; count-verified 1401"
401872932,DET,BUF,4383429,Last Touchdown Scorer,NONE,NONE,NONE,"ALL 18 pages (1401 items) at limit=80, three short pages re-fetched at limit=40; count-verified 1401"
401872932,DET,BUF,4385690,Last Touchdown Scorer,NONE,NONE,NONE,"ALL 18 pages (1401 items) at limit=80, three short pages re-fetched at limit=40; count-verified 1401"
401872932,DET,BUF,4426388,Last Touchdown Scorer,NONE,NONE,NONE,"ALL 18 pages (1401 items) at limit=80, three short pages re-fetched at limit=40; count-verified 1401"
401872932,DET,BUF,4429501,Last Touchdown Scorer,NONE,NONE,NONE,"ALL 18 pages (1401 items) at limit=80, three short pages re-fetched at limit=40; count-verified 1401"
401872932,DET,BUF,4429795,Last Touchdown Scorer,NONE,NONE,NONE,"ALL 18 pages (1401 items) at limit=80, three short pages re-fetched at limit=40; count-verified 1401"
401872932,DET,BUF,4430027,Last Touchdown Scorer,NONE,NONE,NONE,"ALL 18 pages (1401 items) at limit=80, three short pages re-fetched at limit=40; count-verified 1401"
401872932,DET,BUF,4573699,Last Touchdown Scorer,NONE,NONE,NONE,"ALL 18 pages (1401 items) at limit=80, three short pages re-fetched at limit=40; count-verified 1401"
401872932,DET,BUF,4635008,Last Touchdown Scorer,NONE,NONE,NONE,"ALL 18 pages (1401 items) at limit=80, three short pages re-fetched at limit=40; count-verified 1401"
401872932,DET,BUF,4688552,Last Touchdown Scorer,NONE,NONE,NONE,"ALL 18 pages (1401 items) at limit=80, three short pages re-fetched at limit=40; count-verified 1401"
401872932,DET,BUF,4912274,Last Touchdown Scorer,NONE,NONE,NONE,"ALL 18 pages (1401 items) at limit=80, three short pages re-fetched at limit=40; count-verified 1401"
401872932,DET,BUF,5123663,Last Touchdown Scorer,NONE,NONE,NONE,"ALL 18 pages (1401 items) at limit=80, three short pages re-fetched at limit=40; count-verified 1401"
401872932,DET,BUF,3046779,Longest Passing Completion (incl. overtime),34.5,NONE,NONE,"ALL 18 pages (1401 items) at limit=80, three short pages re-fetched at limit=40; count-verified 1401"
401872932,DET,BUF,3918298,Longest Passing Completion (incl. overtime),40.5,NONE,NONE,"ALL 18 pages (1401 items) at limit=80, three short pages re-fetched at limit=40; count-verified 1401"
401872932,DET,BUF,3915416,Longest Reception (incl. overtime),24.5,NONE,NONE,"ALL 18 pages (1401 items) at limit=80, three short pages re-fetched at limit=40; count-verified 1401"
401872932,DET,BUF,4373678,Longest Reception (incl. overtime),17.5,NONE,NONE,"ALL 18 pages (1401 items) at limit=80, three short pages re-fetched at limit=40; count-verified 1401"
401872932,DET,BUF,4374302,Longest Reception (incl. overtime),21.5,NONE,NONE,"ALL 18 pages (1401 items) at limit=80, three short pages re-fetched at limit=40; count-verified 1401"
401872932,DET,BUF,4379399,Longest Reception (incl. overtime),10.5,NONE,NONE,"ALL 18 pages (1401 items) at limit=80, three short pages re-fetched at limit=40; count-verified 1401"
401872932,DET,BUF,4385690,Longest Reception (incl. overtime),22.5,NONE,NONE,"ALL 18 pages (1401 items) at limit=80, three short pages re-fetched at limit=40; count-verified 1401"
401872932,DET,BUF,4426388,Longest Reception (incl. overtime),25.5,NONE,NONE,"ALL 18 pages (1401 items) at limit=80, three short pages re-fetched at limit=40; count-verified 1401"
401872932,DET,BUF,4429795,Longest Reception (incl. overtime),13.5,NONE,NONE,"ALL 18 pages (1401 items) at limit=80, three short pages re-fetched at limit=40; count-verified 1401"
401872932,DET,BUF,4430027,Longest Reception (incl. overtime),18.5,NONE,NONE,"ALL 18 pages (1401 items) at limit=80, three short pages re-fetched at limit=40; count-verified 1401"
401872932,DET,BUF,5123663,Longest Reception (incl. overtime),12.5,NONE,NONE,"ALL 18 pages (1401 items) at limit=80, three short pages re-fetched at limit=40; count-verified 1401"
401872932,DET,BUF,3918298,Longest Rush (incl. overtime),13.5,NONE,NONE,"ALL 18 pages (1401 items) at limit=80, three short pages re-fetched at limit=40; count-verified 1401"
401872932,DET,BUF,4379399,Longest Rush (incl. overtime),17.5,NONE,NONE,"ALL 18 pages (1401 items) at limit=80, three short pages re-fetched at limit=40; count-verified 1401"
401872932,DET,BUF,4429795,Longest Rush (incl. overtime),18.5,NONE,NONE,"ALL 18 pages (1401 items) at limit=80, three short pages re-fetched at limit=40; count-verified 1401"
401872932,DET,BUF,3046779,Player to score 2 or more touchdowns,NONE,NONE,NONE,"ALL 18 pages (1401 items) at limit=80, three short pages re-fetched at limit=40; count-verified 1401"
401872932,DET,BUF,3126997,Player to score 2 or more touchdowns,NONE,NONE,NONE,"ALL 18 pages (1401 items) at limit=80, three short pages re-fetched at limit=40; count-verified 1401"
401872932,DET,BUF,3915411,Player to score 2 or more touchdowns,NONE,NONE,NONE,"ALL 18 pages (1401 items) at limit=80, three short pages re-fetched at limit=40; count-verified 1401"
401872932,DET,BUF,3915416,Player to score 2 or more touchdowns,NONE,NONE,NONE,"ALL 18 pages (1401 items) at limit=80, three short pages re-fetched at limit=40; count-verified 1401"
401872932,DET,BUF,3915486,Player to score 2 or more touchdowns,NONE,NONE,NONE,"ALL 18 pages (1401 items) at limit=80, three short pages re-fetched at limit=40; count-verified 1401"
401872932,DET,BUF,3918298,Player to score 2 or more touchdowns,NONE,NONE,NONE,"ALL 18 pages (1401 items) at limit=80, three short pages re-fetched at limit=40; count-verified 1401"
401872932,DET,BUF,3930086,Player to score 2 or more touchdowns,NONE,NONE,NONE,"ALL 18 pages (1401 items) at limit=80, three short pages re-fetched at limit=40; count-verified 1401"
401872932,DET,BUF,4037235,Player to score 2 or more touchdowns,NONE,NONE,NONE,"ALL 18 pages (1401 items) at limit=80, three short pages re-fetched at limit=40; count-verified 1401"
401872932,DET,BUF,4242392,Player to score 2 or more touchdowns,NONE,NONE,NONE,"ALL 18 pages (1401 items) at limit=80, three short pages re-fetched at limit=40; count-verified 1401"
401872932,DET,BUF,4242433,Player to score 2 or more touchdowns,NONE,NONE,NONE,"ALL 18 pages (1401 items) at limit=80, three short pages re-fetched at limit=40; count-verified 1401"
401872932,DET,BUF,4245144,Player to score 2 or more touchdowns,NONE,NONE,NONE,"ALL 18 pages (1401 items) at limit=80, three short pages re-fetched at limit=40; count-verified 1401"
401872932,DET,BUF,4373678,Player to score 2 or more touchdowns,NONE,NONE,NONE,"ALL 18 pages (1401 items) at limit=80, three short pages re-fetched at limit=40; count-verified 1401"
401872932,DET,BUF,4374302,Player to score 2 or more touchdowns,NONE,NONE,NONE,"ALL 18 pages (1401 items) at limit=80, three short pages re-fetched at limit=40; count-verified 1401"
401872932,DET,BUF,4379399,Player to score 2 or more touchdowns,NONE,NONE,NONE,"ALL 18 pages (1401 items) at limit=80, three short pages re-fetched at limit=40; count-verified 1401"
401872932,DET,BUF,4383429,Player to score 2 or more touchdowns,NONE,NONE,NONE,"ALL 18 pages (1401 items) at limit=80, three short pages re-fetched at limit=40; count-verified 1401"
401872932,DET,BUF,4385690,Player to score 2 or more touchdowns,NONE,NONE,NONE,"ALL 18 pages (1401 items) at limit=80, three short pages re-fetched at limit=40; count-verified 1401"
401872932,DET,BUF,4426388,Player to score 2 or more touchdowns,NONE,NONE,NONE,"ALL 18 pages (1401 items) at limit=80, three short pages re-fetched at limit=40; count-verified 1401"
401872932,DET,BUF,4429501,Player to score 2 or more touchdowns,NONE,NONE,NONE,"ALL 18 pages (1401 items) at limit=80, three short pages re-fetched at limit=40; count-verified 1401"
401872932,DET,BUF,4429795,Player to score 2 or more touchdowns,NONE,NONE,NONE,"ALL 18 pages (1401 items) at limit=80, three short pages re-fetched at limit=40; count-verified 1401"
401872932,DET,BUF,4430027,Player to score 2 or more touchdowns,NONE,NONE,NONE,"ALL 18 pages (1401 items) at limit=80, three short pages re-fetched at limit=40; count-verified 1401"
401872932,DET,BUF,4573699,Player to score 2 or more touchdowns,NONE,NONE,NONE,"ALL 18 pages (1401 items) at limit=80, three short pages re-fetched at limit=40; count-verified 1401"
401872932,DET,BUF,4635008,Player to score 2 or more touchdowns,NONE,NONE,NONE,"ALL 18 pages (1401 items) at limit=80, three short pages re-fetched at limit=40; count-verified 1401"
401872932,DET,BUF,4688552,Player to score 2 or more touchdowns,NONE,NONE,NONE,"ALL 18 pages (1401 items) at limit=80, three short pages re-fetched at limit=40; count-verified 1401"
401872932,DET,BUF,4912274,Player to score 2 or more touchdowns,NONE,NONE,NONE,"ALL 18 pages (1401 items) at limit=80, three short pages re-fetched at limit=40; count-verified 1401"
401872932,DET,BUF,5123663,Player to score 2 or more touchdowns,NONE,NONE,NONE,"ALL 18 pages (1401 items) at limit=80, three short pages re-fetched at limit=40; count-verified 1401"
401872932,DET,BUF,3046779,Player to score 3 or more touchdowns,NONE,NONE,NONE,"ALL 18 pages (1401 items) at limit=80, three short pages re-fetched at limit=40; count-verified 1401"
401872932,DET,BUF,3915411,Player to score 3 or more touchdowns,NONE,NONE,NONE,"ALL 18 pages (1401 items) at limit=80, three short pages re-fetched at limit=40; count-verified 1401"
401872932,DET,BUF,3915416,Player to score 3 or more touchdowns,NONE,NONE,NONE,"ALL 18 pages (1401 items) at limit=80, three short pages re-fetched at limit=40; count-verified 1401"
401872932,DET,BUF,3915486,Player to score 3 or more touchdowns,NONE,NONE,NONE,"ALL 18 pages (1401 items) at limit=80, three short pages re-fetched at limit=40; count-verified 1401"
401872932,DET,BUF,3918298,Player to score 3 or more touchdowns,NONE,NONE,NONE,"ALL 18 pages (1401 items) at limit=80, three short pages re-fetched at limit=40; count-verified 1401"
401872932,DET,BUF,3930086,Player to score 3 or more touchdowns,NONE,NONE,NONE,"ALL 18 pages (1401 items) at limit=80, three short pages re-fetched at limit=40; count-verified 1401"
401872932,DET,BUF,4242433,Player to score 3 or more touchdowns,NONE,NONE,NONE,"ALL 18 pages (1401 items) at limit=80, three short pages re-fetched at limit=40; count-verified 1401"
401872932,DET,BUF,4373678,Player to score 3 or more touchdowns,NONE,NONE,NONE,"ALL 18 pages (1401 items) at limit=80, three short pages re-fetched at limit=40; count-verified 1401"
401872932,DET,BUF,4374302,Player to score 3 or more touchdowns,NONE,NONE,NONE,"ALL 18 pages (1401 items) at limit=80, three short pages re-fetched at limit=40; count-verified 1401"
401872932,DET,BUF,4379399,Player to score 3 or more touchdowns,NONE,NONE,NONE,"ALL 18 pages (1401 items) at limit=80, three short pages re-fetched at limit=40; count-verified 1401"
401872932,DET,BUF,4385690,Player to score 3 or more touchdowns,NONE,NONE,NONE,"ALL 18 pages (1401 items) at limit=80, three short pages re-fetched at limit=40; count-verified 1401"
401872932,DET,BUF,4426388,Player to score 3 or more touchdowns,NONE,NONE,NONE,"ALL 18 pages (1401 items) at limit=80, three short pages re-fetched at limit=40; count-verified 1401"
401872932,DET,BUF,4429501,Player to score 3 or more touchdowns,NONE,NONE,NONE,"ALL 18 pages (1401 items) at limit=80, three short pages re-fetched at limit=40; count-verified 1401"
401872932,DET,BUF,4429795,Player to score 3 or more touchdowns,NONE,NONE,NONE,"ALL 18 pages (1401 items) at limit=80, three short pages re-fetched at limit=40; count-verified 1401"
401872932,DET,BUF,4430027,Player to score 3 or more touchdowns,NONE,NONE,NONE,"ALL 18 pages (1401 items) at limit=80, three short pages re-fetched at limit=40; count-verified 1401"
401872932,DET,BUF,4573699,Player to score 3 or more touchdowns,NONE,NONE,NONE,"ALL 18 pages (1401 items) at limit=80, three short pages re-fetched at limit=40; count-verified 1401"
401872932,DET,BUF,4635008,Player to score 3 or more touchdowns,NONE,NONE,NONE,"ALL 18 pages (1401 items) at limit=80, three short pages re-fetched at limit=40; count-verified 1401"
401872932,DET,BUF,4688552,Player to score 3 or more touchdowns,NONE,NONE,NONE,"ALL 18 pages (1401 items) at limit=80, three short pages re-fetched at limit=40; count-verified 1401"
401872932,DET,BUF,5123663,Player to score 3 or more touchdowns,NONE,NONE,NONE,"ALL 18 pages (1401 items) at limit=80, three short pages re-fetched at limit=40; count-verified 1401"
401872932,DET,BUF,3918298,Total Carries (incl. overtime),7.5,NONE,NONE,"ALL 18 pages (1401 items) at limit=80, three short pages re-fetched at limit=40; count-verified 1401"
401872932,DET,BUF,4379399,Total Carries (incl. overtime),18.5,NONE,NONE,"ALL 18 pages (1401 items) at limit=80, three short pages re-fetched at limit=40; count-verified 1401"
401872932,DET,BUF,4429795,Total Carries (incl. overtime),18.5,NONE,NONE,"ALL 18 pages (1401 items) at limit=80, three short pages re-fetched at limit=40; count-verified 1401"
401872932,DET,BUF,3917232,Total Extra Points Made (incl. overtime),3.5,NONE,NONE,"ALL 18 pages (1401 items) at limit=80, three short pages re-fetched at limit=40; count-verified 1401"
401872932,DET,BUF,4689936,Total Extra Points Made (incl. overtime),2.5,NONE,NONE,"ALL 18 pages (1401 items) at limit=80, three short pages re-fetched at limit=40; count-verified 1401"
401872932,DET,BUF,3917232,Total Field Goals Made (incl. overtime),1.5,NONE,NONE,"ALL 18 pages (1401 items) at limit=80, three short pages re-fetched at limit=40; count-verified 1401"
401872932,DET,BUF,4689936,Total Field Goals Made (incl. overtime),1.5,NONE,NONE,"ALL 18 pages (1401 items) at limit=80, three short pages re-fetched at limit=40; count-verified 1401"
401872932,DET,BUF,3917232,Total Kicking Points (incl. overtime),7.5,NONE,NONE,"ALL 18 pages (1401 items) at limit=80, three short pages re-fetched at limit=40; count-verified 1401"
401872932,DET,BUF,4689936,Total Kicking Points (incl. overtime),7.5,NONE,NONE,"ALL 18 pages (1401 items) at limit=80, three short pages re-fetched at limit=40; count-verified 1401"
401872932,DET,BUF,3046779,Total Pass Completions (incl. overtime),23.5,NONE,NONE,"ALL 18 pages (1401 items) at limit=80, three short pages re-fetched at limit=40; count-verified 1401"
401872932,DET,BUF,3918298,Total Pass Completions (incl. overtime),20.5,NONE,NONE,"ALL 18 pages (1401 items) at limit=80, three short pages re-fetched at limit=40; count-verified 1401"
401872932,DET,BUF,3046779,Total Passing Attempts (incl. overtime),35.5,NONE,NONE,"ALL 18 pages (1401 items) at limit=80, three short pages re-fetched at limit=40; count-verified 1401"
401872932,DET,BUF,3918298,Total Passing Attempts (incl. overtime),31.5,NONE,NONE,"ALL 18 pages (1401 items) at limit=80, three short pages re-fetched at limit=40; count-verified 1401"
401872932,DET,BUF,3046779,Total Passing Interceptions (incl. overtime),0.5,NONE,NONE,"ALL 18 pages (1401 items) at limit=80, three short pages re-fetched at limit=40; count-verified 1401"
401872932,DET,BUF,3918298,Total Passing Interceptions (incl. overtime),0.5,NONE,NONE,"ALL 18 pages (1401 items) at limit=80, three short pages re-fetched at limit=40; count-verified 1401"
401872932,DET,BUF,3918298,Total Passing Plus Rushing Yards (incl. overtime),287.5,NONE,NONE,"ALL 18 pages (1401 items) at limit=80, three short pages re-fetched at limit=40; count-verified 1401"
401872932,DET,BUF,3046779,Total Passing Touchdowns (incl. overtime),1.5,NONE,NONE,"ALL 18 pages (1401 items) at limit=80, three short pages re-fetched at limit=40; count-verified 1401"
401872932,DET,BUF,3918298,Total Passing Touchdowns (incl. overtime),1.5,NONE,NONE,"ALL 18 pages (1401 items) at limit=80, three short pages re-fetched at limit=40; count-verified 1401"
401872932,DET,BUF,3046779,Total Passing Yards (incl. overtime),266.5,NONE,NONE,"ALL 18 pages (1401 items) at limit=80, three short pages re-fetched at limit=40; count-verified 1401"
401872932,DET,BUF,3918298,Total Passing Yards (incl. overtime),249.5,NONE,NONE,"ALL 18 pages (1401 items) at limit=80, three short pages re-fetched at limit=40; count-verified 1401"
401872932,DET,BUF,3915416,Total Receiving Yards (incl. overtime),62.5,NONE,NONE,"ALL 18 pages (1401 items) at limit=80, three short pages re-fetched at limit=40; count-verified 1401"
401872932,DET,BUF,3930086,Total Receiving Yards (incl. overtime),12.5,NONE,NONE,"ALL 18 pages (1401 items) at limit=80, three short pages re-fetched at limit=40; count-verified 1401"
401872932,DET,BUF,4242433,Total Receiving Yards (incl. overtime),13.5,NONE,NONE,"ALL 18 pages (1401 items) at limit=80, three short pages re-fetched at limit=40; count-verified 1401"
401872932,DET,BUF,4373678,Total Receiving Yards (incl. overtime),43.5,NONE,NONE,"ALL 18 pages (1401 items) at limit=80, three short pages re-fetched at limit=40; count-verified 1401"
401872932,DET,BUF,4374302,Total Receiving Yards (incl. overtime),81.5,NONE,NONE,"ALL 18 pages (1401 items) at limit=80, three short pages re-fetched at limit=40; count-verified 1401"
401872932,DET,BUF,4379399,Total Receiving Yards (incl. overtime),17.5,NONE,NONE,"ALL 18 pages (1401 items) at limit=80, three short pages re-fetched at limit=40; count-verified 1401"
401872932,DET,BUF,4385690,Total Receiving Yards (incl. overtime),51.5,NONE,NONE,"ALL 18 pages (1401 items) at limit=80, three short pages re-fetched at limit=40; count-verified 1401"
401872932,DET,BUF,4426388,Total Receiving Yards (incl. overtime),59.5,NONE,NONE,"ALL 18 pages (1401 items) at limit=80, three short pages re-fetched at limit=40; count-verified 1401"
401872932,DET,BUF,4429795,Total Receiving Yards (incl. overtime),29.5,NONE,NONE,"ALL 18 pages (1401 items) at limit=80, three short pages re-fetched at limit=40; count-verified 1401"
401872932,DET,BUF,4430027,Total Receiving Yards (incl. overtime),45.5,NONE,NONE,"ALL 18 pages (1401 items) at limit=80, three short pages re-fetched at limit=40; count-verified 1401"
401872932,DET,BUF,4635008,Total Receiving Yards (incl. overtime),13.5,NONE,NONE,"ALL 18 pages (1401 items) at limit=80, three short pages re-fetched at limit=40; count-verified 1401"
401872932,DET,BUF,5123663,Total Receiving Yards (incl. overtime),15.5,NONE,NONE,"ALL 18 pages (1401 items) at limit=80, three short pages re-fetched at limit=40; count-verified 1401"
401872932,DET,BUF,3915416,Total Receptions (incl. overtime),4.5,NONE,NONE,"ALL 18 pages (1401 items) at limit=80, three short pages re-fetched at limit=40; count-verified 1401"
401872932,DET,BUF,3930086,Total Receptions (incl. overtime),1.5,NONE,NONE,"ALL 18 pages (1401 items) at limit=80, three short pages re-fetched at limit=40; count-verified 1401"
401872932,DET,BUF,4242433,Total Receptions (incl. overtime),1.5,NONE,NONE,"ALL 18 pages (1401 items) at limit=80, three short pages re-fetched at limit=40; count-verified 1401"
401872932,DET,BUF,4373678,Total Receptions (incl. overtime),4.5,NONE,NONE,"ALL 18 pages (1401 items) at limit=80, three short pages re-fetched at limit=40; count-verified 1401"
401872932,DET,BUF,4374302,Total Receptions (incl. overtime),7.5,NONE,NONE,"ALL 18 pages (1401 items) at limit=80, three short pages re-fetched at limit=40; count-verified 1401"
401872932,DET,BUF,4379399,Total Receptions (incl. overtime),2.5,NONE,NONE,"ALL 18 pages (1401 items) at limit=80, three short pages re-fetched at limit=40; count-verified 1401"
401872932,DET,BUF,4385690,Total Receptions (incl. overtime),3.5,NONE,NONE,"ALL 18 pages (1401 items) at limit=80, three short pages re-fetched at limit=40; count-verified 1401"
401872932,DET,BUF,4426388,Total Receptions (incl. overtime),3.5,NONE,NONE,"ALL 18 pages (1401 items) at limit=80, three short pages re-fetched at limit=40; count-verified 1401"
401872932,DET,BUF,4429795,Total Receptions (incl. overtime),4.5,NONE,NONE,"ALL 18 pages (1401 items) at limit=80, three short pages re-fetched at limit=40; count-verified 1401"
401872932,DET,BUF,4430027,Total Receptions (incl. overtime),4.5,NONE,NONE,"ALL 18 pages (1401 items) at limit=80, three short pages re-fetched at limit=40; count-verified 1401"
401872932,DET,BUF,4635008,Total Receptions (incl. overtime),1.5,NONE,NONE,"ALL 18 pages (1401 items) at limit=80, three short pages re-fetched at limit=40; count-verified 1401"
401872932,DET,BUF,5123663,Total Receptions (incl. overtime),1.5,NONE,NONE,"ALL 18 pages (1401 items) at limit=80, three short pages re-fetched at limit=40; count-verified 1401"
401872932,DET,BUF,4379399,Total Rushing Plus Receiving Yards (incl. overtime),100.5,NONE,NONE,"ALL 18 pages (1401 items) at limit=80, three short pages re-fetched at limit=40; count-verified 1401"
401872932,DET,BUF,4429795,Total Rushing Plus Receiving Yards (incl. overtime),124.5,NONE,NONE,"ALL 18 pages (1401 items) at limit=80, three short pages re-fetched at limit=40; count-verified 1401"
401872932,DET,BUF,3046779,Total Rushing Yards (incl. overtime),0.5,NONE,NONE,"ALL 18 pages (1401 items) at limit=80, three short pages re-fetched at limit=40; count-verified 1401"
401872932,DET,BUF,3918298,Total Rushing Yards (incl. overtime),33.5,NONE,NONE,"ALL 18 pages (1401 items) at limit=80, three short pages re-fetched at limit=40; count-verified 1401"
401872932,DET,BUF,4379399,Total Rushing Yards (incl. overtime),77.5,NONE,NONE,"ALL 18 pages (1401 items) at limit=80, three short pages re-fetched at limit=40; count-verified 1401"
401872932,DET,BUF,4429795,Total Rushing Yards (incl. overtime),90.5,NONE,NONE,"ALL 18 pages (1401 items) at limit=80, three short pages re-fetched at limit=40; count-verified 1401"
401872932,DET,BUF,3116733,Total Sacks (incl. overtime),0.25,NONE,NONE,"ALL 18 pages (1401 items) at limit=80, three short pages re-fetched at limit=40; count-verified 1401"
401872932,DET,BUF,4038849,Total Sacks (incl. overtime),0.25,NONE,NONE,"ALL 18 pages (1401 items) at limit=80, three short pages re-fetched at limit=40; count-verified 1401"
401872932,DET,BUF,4039303,Total Sacks (incl. overtime),0.25,NONE,NONE,"ALL 18 pages (1401 items) at limit=80, three short pages re-fetched at limit=40; count-verified 1401"
401872932,DET,BUF,4361662,Total Sacks (incl. overtime),0.25,NONE,NONE,"ALL 18 pages (1401 items) at limit=80, three short pages re-fetched at limit=40; count-verified 1401"
401872932,DET,BUF,4362506,Total Sacks (incl. overtime),0.25,NONE,NONE,"ALL 18 pages (1401 items) at limit=80, three short pages re-fetched at limit=40; count-verified 1401"
401872932,DET,BUF,4372099,Total Sacks (incl. overtime),0.75,NONE,NONE,"ALL 18 pages (1401 items) at limit=80, three short pages re-fetched at limit=40; count-verified 1401"
401872932,DET,BUF,4569465,Total Sacks (incl. overtime),0.25,NONE,NONE,"ALL 18 pages (1401 items) at limit=80, three short pages re-fetched at limit=40; count-verified 1401"
401872933,CAR,ATL,2576925,Anytime Touchdown Scorer,NONE,NONE,NONE,standard section only (limit=40 pages 1-3 of 9)
401872933,CAR,ATL,3043275,Anytime Touchdown Scorer,NONE,NONE,NONE,standard section only (limit=40 pages 1-3 of 9)
401872933,CAR,ATL,3917914,Anytime Touchdown Scorer,NONE,NONE,NONE,standard section only (limit=40 pages 1-3 of 9)
401872933,CAR,ATL,4034948,Anytime Touchdown Scorer,NONE,NONE,NONE,standard section only (limit=40 pages 1-3 of 9)
401872933,CAR,ATL,4035020,Anytime Touchdown Scorer,NONE,NONE,NONE,standard section only (limit=40 pages 1-3 of 9)
401872933,CAR,ATL,4239934,Anytime Touchdown Scorer,NONE,NONE,NONE,standard section only (limit=40 pages 1-3 of 9)
401872933,CAR,ATL,4241416,Anytime Touchdown Scorer,NONE,NONE,NONE,standard section only (limit=40 pages 1-3 of 9)
401872933,CAR,ATL,4241474,Anytime Touchdown Scorer,NONE,NONE,NONE,standard section only (limit=40 pages 1-3 of 9)
401872933,CAR,ATL,4360248,Anytime Touchdown Scorer,NONE,NONE,NONE,standard section only (limit=40 pages 1-3 of 9)
401872933,CAR,ATL,4360763,Anytime Touchdown Scorer,NONE,NONE,NONE,standard section only (limit=40 pages 1-3 of 9)
401872933,CAR,ATL,4361409,Anytime Touchdown Scorer,NONE,NONE,NONE,standard section only (limit=40 pages 1-3 of 9)
401872933,CAR,ATL,4372780,Anytime Touchdown Scorer,NONE,NONE,NONE,standard section only (limit=40 pages 1-3 of 9)
401872933,CAR,ATL,4426502,Anytime Touchdown Scorer,NONE,NONE,NONE,standard section only (limit=40 pages 1-3 of 9)
401872933,CAR,ATL,4430034,Anytime Touchdown Scorer,NONE,NONE,NONE,standard section only (limit=40 pages 1-3 of 9)
401872933,CAR,ATL,4430807,Anytime Touchdown Scorer,NONE,NONE,NONE,standard section only (limit=40 pages 1-3 of 9)
401872933,CAR,ATL,4431588,Anytime Touchdown Scorer,NONE,NONE,NONE,standard section only (limit=40 pages 1-3 of 9)
401872933,CAR,ATL,4567096,Anytime Touchdown Scorer,NONE,NONE,NONE,standard section only (limit=40 pages 1-3 of 9)
401872933,CAR,ATL,4678008,Anytime Touchdown Scorer,NONE,NONE,NONE,standard section only (limit=40 pages 1-3 of 9)
401872933,CAR,ATL,4683243,Anytime Touchdown Scorer,NONE,NONE,NONE,standard section only (limit=40 pages 1-3 of 9)
401872933,CAR,ATL,4685472,Anytime Touchdown Scorer,NONE,NONE,NONE,standard section only (limit=40 pages 1-3 of 9)
401872933,CAR,ATL,4685720,Anytime Touchdown Scorer,NONE,NONE,NONE,standard section only (limit=40 pages 1-3 of 9)
401872933,CAR,ATL,4695883,Anytime Touchdown Scorer,NONE,NONE,NONE,standard section only (limit=40 pages 1-3 of 9)
401872933,CAR,ATL,4870612,Anytime Touchdown Scorer,NONE,NONE,NONE,standard section only (limit=40 pages 1-3 of 9)
401872933,CAR,ATL,2576925,First Touchdown Scorer,NONE,NONE,NONE,standard section only (limit=40 pages 1-3 of 9)
401872933,CAR,ATL,3043275,First Touchdown Scorer,NONE,NONE,NONE,standard section only (limit=40 pages 1-3 of 9)
401872933,CAR,ATL,3917914,First Touchdown Scorer,NONE,NONE,NONE,standard section only (limit=40 pages 1-3 of 9)
401872933,CAR,ATL,4034948,First Touchdown Scorer,NONE,NONE,NONE,standard section only (limit=40 pages 1-3 of 9)
401872933,CAR,ATL,4035020,First Touchdown Scorer,NONE,NONE,NONE,standard section only (limit=40 pages 1-3 of 9)
401872933,CAR,ATL,4239934,First Touchdown Scorer,NONE,NONE,NONE,standard section only (limit=40 pages 1-3 of 9)
401872933,CAR,ATL,4241416,First Touchdown Scorer,NONE,NONE,NONE,standard section only (limit=40 pages 1-3 of 9)
401872933,CAR,ATL,4241474,First Touchdown Scorer,NONE,NONE,NONE,standard section only (limit=40 pages 1-3 of 9)
401872933,CAR,ATL,4360248,First Touchdown Scorer,NONE,NONE,NONE,standard section only (limit=40 pages 1-3 of 9)
401872933,CAR,ATL,4360763,First Touchdown Scorer,NONE,NONE,NONE,standard section only (limit=40 pages 1-3 of 9)
401872933,CAR,ATL,4361409,First Touchdown Scorer,NONE,NONE,NONE,standard section only (limit=40 pages 1-3 of 9)
401872933,CAR,ATL,4372780,First Touchdown Scorer,NONE,NONE,NONE,standard section only (limit=40 pages 1-3 of 9)
401872933,CAR,ATL,4426502,First Touchdown Scorer,NONE,NONE,NONE,standard section only (limit=40 pages 1-3 of 9)
401872933,CAR,ATL,4430034,First Touchdown Scorer,NONE,NONE,NONE,standard section only (limit=40 pages 1-3 of 9)
401872933,CAR,ATL,4430807,First Touchdown Scorer,NONE,NONE,NONE,standard section only (limit=40 pages 1-3 of 9)
401872933,CAR,ATL,4431588,First Touchdown Scorer,NONE,NONE,NONE,standard section only (limit=40 pages 1-3 of 9)
401872933,CAR,ATL,4567096,First Touchdown Scorer,NONE,NONE,NONE,standard section only (limit=40 pages 1-3 of 9)
401872933,CAR,ATL,4678008,First Touchdown Scorer,NONE,NONE,NONE,standard section only (limit=40 pages 1-3 of 9)
401872933,CAR,ATL,4683243,First Touchdown Scorer,NONE,NONE,NONE,standard section only (limit=40 pages 1-3 of 9)
401872933,CAR,ATL,4685472,First Touchdown Scorer,NONE,NONE,NONE,standard section only (limit=40 pages 1-3 of 9)
401872933,CAR,ATL,4685720,First Touchdown Scorer,NONE,NONE,NONE,standard section only (limit=40 pages 1-3 of 9)
401872933,CAR,ATL,4695883,First Touchdown Scorer,NONE,NONE,NONE,standard section only (limit=40 pages 1-3 of 9)
401872933,CAR,ATL,4870612,First Touchdown Scorer,NONE,NONE,NONE,standard section only (limit=40 pages 1-3 of 9)
401872933,CAR,ATL,2576925,Player to score 2 or more touchdowns,NONE,NONE,NONE,standard section only (limit=40 pages 1-3 of 9)
401872933,CAR,ATL,3043275,Player to score 2 or more touchdowns,NONE,NONE,NONE,standard section only (limit=40 pages 1-3 of 9)
401872933,CAR,ATL,3917914,Player to score 2 or more touchdowns,NONE,NONE,NONE,standard section only (limit=40 pages 1-3 of 9)
401872933,CAR,ATL,4035020,Player to score 2 or more touchdowns,NONE,NONE,NONE,standard section only (limit=40 pages 1-3 of 9)
401872933,CAR,ATL,4239934,Player to score 2 or more touchdowns,NONE,NONE,NONE,standard section only (limit=40 pages 1-3 of 9)
401872933,CAR,ATL,4241416,Player to score 2 or more touchdowns,NONE,NONE,NONE,standard section only (limit=40 pages 1-3 of 9)
401872933,CAR,ATL,4241474,Player to score 2 or more touchdowns,NONE,NONE,NONE,standard section only (limit=40 pages 1-3 of 9)
401872933,CAR,ATL,4360248,Player to score 2 or more touchdowns,NONE,NONE,NONE,standard section only (limit=40 pages 1-3 of 9)
401872933,CAR,ATL,4360763,Player to score 2 or more touchdowns,NONE,NONE,NONE,standard section only (limit=40 pages 1-3 of 9)
401872933,CAR,ATL,4361409,Player to score 2 or more touchdowns,NONE,NONE,NONE,standard section only (limit=40 pages 1-3 of 9)
401872933,CAR,ATL,4372780,Player to score 2 or more touchdowns,NONE,NONE,NONE,standard section only (limit=40 pages 1-3 of 9)
401872933,CAR,ATL,4426502,Player to score 2 or more touchdowns,NONE,NONE,NONE,standard section only (limit=40 pages 1-3 of 9)
401872933,CAR,ATL,4430034,Player to score 2 or more touchdowns,NONE,NONE,NONE,standard section only (limit=40 pages 1-3 of 9)
401872933,CAR,ATL,4430807,Player to score 2 or more touchdowns,NONE,NONE,NONE,standard section only (limit=40 pages 1-3 of 9)
401872933,CAR,ATL,4431588,Player to score 2 or more touchdowns,NONE,NONE,NONE,standard section only (limit=40 pages 1-3 of 9)
401872933,CAR,ATL,4567096,Player to score 2 or more touchdowns,NONE,NONE,NONE,standard section only (limit=40 pages 1-3 of 9)
401872933,CAR,ATL,4678008,Player to score 2 or more touchdowns,NONE,NONE,NONE,standard section only (limit=40 pages 1-3 of 9)
401872933,CAR,ATL,4683243,Player to score 2 or more touchdowns,NONE,NONE,NONE,standard section only (limit=40 pages 1-3 of 9)
401872933,CAR,ATL,4685472,Player to score 2 or more touchdowns,NONE,NONE,NONE,standard section only (limit=40 pages 1-3 of 9)
401872933,CAR,ATL,4685720,Player to score 2 or more touchdowns,NONE,NONE,NONE,standard section only (limit=40 pages 1-3 of 9)
401872933,CAR,ATL,4695883,Player to score 2 or more touchdowns,NONE,NONE,NONE,standard section only (limit=40 pages 1-3 of 9)
401872933,CAR,ATL,4870612,Player to score 2 or more touchdowns,NONE,NONE,NONE,standard section only (limit=40 pages 1-3 of 9)
401872933,CAR,ATL,4430807,Total Carries (incl. overtime),18.5,NONE,NONE,standard section only (limit=40 pages 1-3 of 9)
401872933,CAR,ATL,4685720,Total Pass Completions (incl. overtime),20.5,NONE,NONE,standard section only (limit=40 pages 1-3 of 9)
401872933,CAR,ATL,4685720,Total Passing Attempts (incl. overtime),30.5,NONE,NONE,standard section only (limit=40 pages 1-3 of 9)
401872933,CAR,ATL,4685720,Total Passing Interceptions (incl. overtime),0.5,NONE,NONE,standard section only (limit=40 pages 1-3 of 9)
401872933,CAR,ATL,4685720,Total Passing Touchdowns (incl. overtime),1.5,NONE,NONE,standard section only (limit=40 pages 1-3 of 9)
401872933,CAR,ATL,4685720,Total Passing Yards (incl. overtime),218.5,NONE,NONE,standard section only (limit=40 pages 1-3 of 9)
401872933,CAR,ATL,4685472,Total Receiving Yards (incl. overtime),58.5,NONE,NONE,standard section only (limit=40 pages 1-3 of 9)
401872933,CAR,ATL,4695883,Total Receiving Yards (incl. overtime),47.5,NONE,NONE,standard section only (limit=40 pages 1-3 of 9)
401872933,CAR,ATL,4685472,Total Receptions (incl. overtime),4.5,NONE,NONE,standard section only (limit=40 pages 1-3 of 9)
401872933,CAR,ATL,4695883,Total Receptions (incl. overtime),4.5,NONE,NONE,standard section only (limit=40 pages 1-3 of 9)
401872933,CAR,ATL,4430807,Total Rushing Yards (incl. overtime),82.5,NONE,NONE,standard section only (limit=40 pages 1-3 of 9)
401872934,CIN,HOU,3050481,Anytime Touchdown Scorer,NONE,NONE,NONE,standard section only (limit=40 pages 1-4 of 12)
401872934,CIN,HOU,3116164,Anytime Touchdown Scorer,NONE,NONE,NONE,standard section only (limit=40 pages 1-4 of 12)
401872934,CIN,HOU,3116389,Anytime Touchdown Scorer,NONE,NONE,NONE,standard section only (limit=40 pages 1-4 of 12)
401872934,CIN,HOU,3117256,Anytime Touchdown Scorer,NONE,NONE,NONE,standard section only (limit=40 pages 1-4 of 12)
401872934,CIN,HOU,3127310,Anytime Touchdown Scorer,NONE,NONE,NONE,standard section only (limit=40 pages 1-4 of 12)
401872934,CIN,HOU,3843945,Anytime Touchdown Scorer,NONE,NONE,NONE,standard section only (limit=40 pages 1-4 of 12)
401872934,CIN,HOU,3915511,Anytime Touchdown Scorer,NONE,NONE,NONE,standard section only (limit=40 pages 1-4 of 12)
401872934,CIN,HOU,4035538,Anytime Touchdown Scorer,NONE,NONE,NONE,standard section only (limit=40 pages 1-4 of 12)
401872934,CIN,HOU,4239993,Anytime Touchdown Scorer,NONE,NONE,NONE,standard section only (limit=40 pages 1-4 of 12)
401872934,CIN,HOU,4258173,Anytime Touchdown Scorer,NONE,NONE,NONE,standard section only (limit=40 pages 1-4 of 12)
401872934,CIN,HOU,4362238,Anytime Touchdown Scorer,NONE,NONE,NONE,standard section only (limit=40 pages 1-4 of 12)
401872934,CIN,HOU,4362504,Anytime Touchdown Scorer,NONE,NONE,NONE,standard section only (limit=40 pages 1-4 of 12)
401872934,CIN,HOU,4362628,Anytime Touchdown Scorer,NONE,NONE,NONE,standard section only (limit=40 pages 1-4 of 12)
401872934,CIN,HOU,4368003,Anytime Touchdown Scorer,NONE,NONE,NONE,standard section only (limit=40 pages 1-4 of 12)
401872934,CIN,HOU,4373273,Anytime Touchdown Scorer,NONE,NONE,NONE,standard section only (limit=40 pages 1-4 of 12)
401872934,CIN,HOU,4384852,Anytime Touchdown Scorer,NONE,NONE,NONE,standard section only (limit=40 pages 1-4 of 12)
401872934,CIN,HOU,4426496,Anytime Touchdown Scorer,NONE,NONE,NONE,standard section only (limit=40 pages 1-4 of 12)
401872934,CIN,HOU,4427834,Anytime Touchdown Scorer,NONE,NONE,NONE,standard section only (limit=40 pages 1-4 of 12)
401872934,CIN,HOU,4429022,Anytime Touchdown Scorer,NONE,NONE,NONE,standard section only (limit=40 pages 1-4 of 12)
401872934,CIN,HOU,4429059,Anytime Touchdown Scorer,NONE,NONE,NONE,standard section only (limit=40 pages 1-4 of 12)
401872934,CIN,HOU,4429299,Anytime Touchdown Scorer,NONE,NONE,NONE,standard section only (limit=40 pages 1-4 of 12)
401872934,CIN,HOU,4430681,Anytime Touchdown Scorer,NONE,NONE,NONE,standard section only (limit=40 pages 1-4 of 12)
401872934,CIN,HOU,4432577,Anytime Touchdown Scorer,NONE,NONE,NONE,standard section only (limit=40 pages 1-4 of 12)
401872934,CIN,HOU,4570738,Anytime Touchdown Scorer,NONE,NONE,NONE,standard section only (limit=40 pages 1-4 of 12)
401872934,CIN,HOU,4586312,Anytime Touchdown Scorer,NONE,NONE,NONE,standard section only (limit=40 pages 1-4 of 12)
401872934,CIN,HOU,4686422,Anytime Touchdown Scorer,NONE,NONE,NONE,standard section only (limit=40 pages 1-4 of 12)
401872934,CIN,HOU,4695705,Anytime Touchdown Scorer,NONE,NONE,NONE,standard section only (limit=40 pages 1-4 of 12)
401872934,CIN,HOU,5092508,Anytime Touchdown Scorer,NONE,NONE,NONE,standard section only (limit=40 pages 1-4 of 12)
401872934,CIN,HOU,3050481,First Touchdown Scorer,NONE,NONE,NONE,standard section only (limit=40 pages 1-4 of 12)
401872934,CIN,HOU,3116164,First Touchdown Scorer,NONE,NONE,NONE,standard section only (limit=40 pages 1-4 of 12)
401872934,CIN,HOU,3116389,First Touchdown Scorer,NONE,NONE,NONE,standard section only (limit=40 pages 1-4 of 12)
401872934,CIN,HOU,3117256,First Touchdown Scorer,NONE,NONE,NONE,standard section only (limit=40 pages 1-4 of 12)
401872934,CIN,HOU,3127310,First Touchdown Scorer,NONE,NONE,NONE,standard section only (limit=40 pages 1-4 of 12)
401872934,CIN,HOU,3843945,First Touchdown Scorer,NONE,NONE,NONE,standard section only (limit=40 pages 1-4 of 12)
401872934,CIN,HOU,3915511,First Touchdown Scorer,NONE,NONE,NONE,standard section only (limit=40 pages 1-4 of 12)
401872934,CIN,HOU,4035538,First Touchdown Scorer,NONE,NONE,NONE,standard section only (limit=40 pages 1-4 of 12)
401872934,CIN,HOU,4239993,First Touchdown Scorer,NONE,NONE,NONE,standard section only (limit=40 pages 1-4 of 12)
401872934,CIN,HOU,4258173,First Touchdown Scorer,NONE,NONE,NONE,standard section only (limit=40 pages 1-4 of 12)
401872934,CIN,HOU,4362238,First Touchdown Scorer,NONE,NONE,NONE,standard section only (limit=40 pages 1-4 of 12)
401872934,CIN,HOU,4362504,First Touchdown Scorer,NONE,NONE,NONE,standard section only (limit=40 pages 1-4 of 12)
401872934,CIN,HOU,4362628,First Touchdown Scorer,NONE,NONE,NONE,standard section only (limit=40 pages 1-4 of 12)
401872934,CIN,HOU,4368003,First Touchdown Scorer,NONE,NONE,NONE,standard section only (limit=40 pages 1-4 of 12)
401872934,CIN,HOU,4373273,First Touchdown Scorer,NONE,NONE,NONE,standard section only (limit=40 pages 1-4 of 12)
401872934,CIN,HOU,4384852,First Touchdown Scorer,NONE,NONE,NONE,standard section only (limit=40 pages 1-4 of 12)
401872934,CIN,HOU,4426496,First Touchdown Scorer,NONE,NONE,NONE,standard section only (limit=40 pages 1-4 of 12)
401872934,CIN,HOU,4427834,First Touchdown Scorer,NONE,NONE,NONE,standard section only (limit=40 pages 1-4 of 12)
401872934,CIN,HOU,4429022,First Touchdown Scorer,NONE,NONE,NONE,standard section only (limit=40 pages 1-4 of 12)
401872934,CIN,HOU,4429059,First Touchdown Scorer,NONE,NONE,NONE,standard section only (limit=40 pages 1-4 of 12)
401872934,CIN,HOU,4429299,First Touchdown Scorer,NONE,NONE,NONE,standard section only (limit=40 pages 1-4 of 12)
401872934,CIN,HOU,4430681,First Touchdown Scorer,NONE,NONE,NONE,standard section only (limit=40 pages 1-4 of 12)
401872934,CIN,HOU,4432577,First Touchdown Scorer,NONE,NONE,NONE,standard section only (limit=40 pages 1-4 of 12)
401872934,CIN,HOU,4570738,First Touchdown Scorer,NONE,NONE,NONE,standard section only (limit=40 pages 1-4 of 12)
401872934,CIN,HOU,4586312,First Touchdown Scorer,NONE,NONE,NONE,standard section only (limit=40 pages 1-4 of 12)
401872934,CIN,HOU,4686422,First Touchdown Scorer,NONE,NONE,NONE,standard section only (limit=40 pages 1-4 of 12)
401872934,CIN,HOU,4695705,First Touchdown Scorer,NONE,NONE,NONE,standard section only (limit=40 pages 1-4 of 12)
401872934,CIN,HOU,5092508,First Touchdown Scorer,NONE,NONE,NONE,standard section only (limit=40 pages 1-4 of 12)
401872934,CIN,HOU,3050481,Player to score 2 or more touchdowns,NONE,NONE,NONE,standard section only (limit=40 pages 1-4 of 12)
401872934,CIN,HOU,3116164,Player to score 2 or more touchdowns,NONE,NONE,NONE,standard section only (limit=40 pages 1-4 of 12)
401872934,CIN,HOU,3116389,Player to score 2 or more touchdowns,NONE,NONE,NONE,standard section only (limit=40 pages 1-4 of 12)
401872934,CIN,HOU,3117256,Player to score 2 or more touchdowns,NONE,NONE,NONE,standard section only (limit=40 pages 1-4 of 12)
401872934,CIN,HOU,3127310,Player to score 2 or more touchdowns,NONE,NONE,NONE,standard section only (limit=40 pages 1-4 of 12)
401872934,CIN,HOU,3843945,Player to score 2 or more touchdowns,NONE,NONE,NONE,standard section only (limit=40 pages 1-4 of 12)
401872934,CIN,HOU,3915511,Player to score 2 or more touchdowns,NONE,NONE,NONE,standard section only (limit=40 pages 1-4 of 12)
401872934,CIN,HOU,4035538,Player to score 2 or more touchdowns,NONE,NONE,NONE,standard section only (limit=40 pages 1-4 of 12)
401872934,CIN,HOU,4239993,Player to score 2 or more touchdowns,NONE,NONE,NONE,standard section only (limit=40 pages 1-4 of 12)
401872934,CIN,HOU,4258173,Player to score 2 or more touchdowns,NONE,NONE,NONE,standard section only (limit=40 pages 1-4 of 12)
401872934,CIN,HOU,4362238,Player to score 2 or more touchdowns,NONE,NONE,NONE,standard section only (limit=40 pages 1-4 of 12)
401872934,CIN,HOU,4362504,Player to score 2 or more touchdowns,NONE,NONE,NONE,standard section only (limit=40 pages 1-4 of 12)
401872934,CIN,HOU,4362628,Player to score 2 or more touchdowns,NONE,NONE,NONE,standard section only (limit=40 pages 1-4 of 12)
401872934,CIN,HOU,4368003,Player to score 2 or more touchdowns,NONE,NONE,NONE,standard section only (limit=40 pages 1-4 of 12)
401872934,CIN,HOU,4373273,Player to score 2 or more touchdowns,NONE,NONE,NONE,standard section only (limit=40 pages 1-4 of 12)
401872934,CIN,HOU,4384852,Player to score 2 or more touchdowns,NONE,NONE,NONE,standard section only (limit=40 pages 1-4 of 12)
401872934,CIN,HOU,4426496,Player to score 2 or more touchdowns,NONE,NONE,NONE,standard section only (limit=40 pages 1-4 of 12)
401872934,CIN,HOU,4427834,Player to score 2 or more touchdowns,NONE,NONE,NONE,standard section only (limit=40 pages 1-4 of 12)
401872934,CIN,HOU,4429022,Player to score 2 or more touchdowns,NONE,NONE,NONE,standard section only (limit=40 pages 1-4 of 12)
401872934,CIN,HOU,4429059,Player to score 2 or more touchdowns,NONE,NONE,NONE,standard section only (limit=40 pages 1-4 of 12)
401872934,CIN,HOU,4429299,Player to score 2 or more touchdowns,NONE,NONE,NONE,standard section only (limit=40 pages 1-4 of 12)
401872934,CIN,HOU,4430681,Player to score 2 or more touchdowns,NONE,NONE,NONE,standard section only (limit=40 pages 1-4 of 12)
401872934,CIN,HOU,4432577,Player to score 2 or more touchdowns,NONE,NONE,NONE,standard section only (limit=40 pages 1-4 of 12)
401872934,CIN,HOU,4570738,Player to score 2 or more touchdowns,NONE,NONE,NONE,standard section only (limit=40 pages 1-4 of 12)
401872934,CIN,HOU,4586312,Player to score 2 or more touchdowns,NONE,NONE,NONE,standard section only (limit=40 pages 1-4 of 12)
401872934,CIN,HOU,4686422,Player to score 2 or more touchdowns,NONE,NONE,NONE,standard section only (limit=40 pages 1-4 of 12)
401872934,CIN,HOU,4695705,Player to score 2 or more touchdowns,NONE,NONE,NONE,standard section only (limit=40 pages 1-4 of 12)
401872934,CIN,HOU,5092508,Player to score 2 or more touchdowns,NONE,NONE,NONE,standard section only (limit=40 pages 1-4 of 12)
401872934,CIN,HOU,3915511,Total Passing Touchdowns (incl. overtime),1.5,NONE,NONE,standard section only (limit=40 pages 1-4 of 12)
401872934,CIN,HOU,4432577,Total Passing Touchdowns (incl. overtime),1.5,NONE,NONE,standard section only (limit=40 pages 1-4 of 12)
401872934,CIN,HOU,3915511,Total Passing Yards (incl. overtime),248.5,NONE,NONE,standard section only (limit=40 pages 1-4 of 12)
401872934,CIN,HOU,3116164,Total Receiving Yards (incl. overtime),23.5,NONE,NONE,standard section only (limit=40 pages 1-4 of 12)
401872934,CIN,HOU,3117256,Total Receiving Yards (incl. overtime),39.5,NONE,NONE,standard section only (limit=40 pages 1-4 of 12)
401872934,CIN,HOU,4239993,Total Receiving Yards (incl. overtime),51.5,NONE,NONE,standard section only (limit=40 pages 1-4 of 12)
401872934,CIN,HOU,4258173,Total Receiving Yards (incl. overtime),69.5,NONE,NONE,standard section only (limit=40 pages 1-4 of 12)
401872934,CIN,HOU,4362628,Total Receiving Yards (incl. overtime),75.5,NONE,NONE,standard section only (limit=40 pages 1-4 of 12)
401872934,CIN,HOU,4686422,Total Receiving Yards (incl. overtime),29.5,NONE,NONE,standard section only (limit=40 pages 1-4 of 12)
401872934,CIN,HOU,3116164,Total Receptions (incl. overtime),2.5,NONE,NONE,standard section only (limit=40 pages 1-4 of 12)
401872934,CIN,HOU,3117256,Total Receptions (incl. overtime),3.5,NONE,NONE,standard section only (limit=40 pages 1-4 of 12)
401872934,CIN,HOU,4239993,Total Receptions (incl. overtime),3.5,NONE,NONE,standard section only (limit=40 pages 1-4 of 12)
401872934,CIN,HOU,4258173,Total Receptions (incl. overtime),5.5,NONE,NONE,standard section only (limit=40 pages 1-4 of 12)
401872934,CIN,HOU,4362628,Total Receptions (incl. overtime),6.5,NONE,NONE,standard section only (limit=40 pages 1-4 of 12)
401872934,CIN,HOU,4686422,Total Receptions (incl. overtime),2.5,NONE,NONE,standard section only (limit=40 pages 1-4 of 12)
401872934,CIN,HOU,4035538,Total Rushing Yards (incl. overtime),67.5,NONE,NONE,standard section only (limit=40 pages 1-4 of 12)
401872934,CIN,HOU,4362238,Total Rushing Yards (incl. overtime),57.5,NONE,NONE,standard section only (limit=40 pages 1-4 of 12)
401872935,CLE,TB,2515270,Anytime Touchdown Scorer,NONE,NONE,NONE,standard section only (limit=40 pages 1-5 of 11); item 80 id verified by limit=10 refetch
401872935,CLE,TB,3052587,Anytime Touchdown Scorer,NONE,NONE,NONE,standard section only (limit=40 pages 1-5 of 11); item 80 id verified by limit=10 refetch
401872935,CLE,TB,3116165,Anytime Touchdown Scorer,NONE,NONE,NONE,standard section only (limit=40 pages 1-5 of 11); item 80 id verified by limit=10 refetch
401872935,CLE,TB,3122840,Anytime Touchdown Scorer,NONE,NONE,NONE,standard section only (limit=40 pages 1-5 of 11); item 80 id verified by limit=10 refetch
401872935,CLE,TB,4034779,Anytime Touchdown Scorer,NONE,NONE,NONE,standard section only (limit=40 pages 1-5 of 11); item 80 id verified by limit=10 refetch
401872935,CLE,TB,4241424,Anytime Touchdown Scorer,NONE,NONE,NONE,standard section only (limit=40 pages 1-5 of 11); item 80 id verified by limit=10 refetch
401872935,CLE,TB,4241463,Anytime Touchdown Scorer,NONE,NONE,NONE,standard section only (limit=40 pages 1-5 of 11); item 80 id verified by limit=10 refetch
401872935,CLE,TB,4243331,Anytime Touchdown Scorer,NONE,NONE,NONE,standard section only (limit=40 pages 1-5 of 11); item 80 id verified by limit=10 refetch
401872935,CLE,TB,4362018,Anytime Touchdown Scorer,NONE,NONE,NONE,standard section only (limit=40 pages 1-5 of 11); item 80 id verified by limit=10 refetch
401872935,CLE,TB,4371733,Anytime Touchdown Scorer,NONE,NONE,NONE,standard section only (limit=40 pages 1-5 of 11); item 80 id verified by limit=10 refetch
401872935,CLE,TB,4372505,Anytime Touchdown Scorer,NONE,NONE,NONE,standard section only (limit=40 pages 1-5 of 11); item 80 id verified by limit=10 refetch
401872935,CLE,TB,4430834,Anytime Touchdown Scorer,NONE,NONE,NONE,standard section only (limit=40 pages 1-5 of 11); item 80 id verified by limit=10 refetch
401872935,CLE,TB,4430871,Anytime Touchdown Scorer,NONE,NONE,NONE,standard section only (limit=40 pages 1-5 of 11); item 80 id verified by limit=10 refetch
401872935,CLE,TB,4567750,Anytime Touchdown Scorer,NONE,NONE,NONE,standard section only (limit=40 pages 1-5 of 11); item 80 id verified by limit=10 refetch
401872935,CLE,TB,4596448,Anytime Touchdown Scorer,NONE,NONE,NONE,standard section only (limit=40 pages 1-5 of 11); item 80 id verified by limit=10 refetch
401872935,CLE,TB,4601080,Anytime Touchdown Scorer,NONE,NONE,NONE,standard section only (limit=40 pages 1-5 of 11); item 80 id verified by limit=10 refetch
401872935,CLE,TB,4608810,Anytime Touchdown Scorer,NONE,NONE,NONE,standard section only (limit=40 pages 1-5 of 11); item 80 id verified by limit=10 refetch
401872935,CLE,TB,4613104,Anytime Touchdown Scorer,NONE,NONE,NONE,standard section only (limit=40 pages 1-5 of 11); item 80 id verified by limit=10 refetch
401872935,CLE,TB,4685540,Anytime Touchdown Scorer,NONE,NONE,NONE,standard section only (limit=40 pages 1-5 of 11); item 80 id verified by limit=10 refetch
401872935,CLE,TB,4685702,Anytime Touchdown Scorer,NONE,NONE,NONE,standard section only (limit=40 pages 1-5 of 11); item 80 id verified by limit=10 refetch
401872935,CLE,TB,4722893,Anytime Touchdown Scorer,NONE,NONE,NONE,standard section only (limit=40 pages 1-5 of 11); item 80 id verified by limit=10 refetch
401872935,CLE,TB,4808839,Anytime Touchdown Scorer,NONE,NONE,NONE,standard section only (limit=40 pages 1-5 of 11); item 80 id verified by limit=10 refetch
401872935,CLE,TB,4832800,Anytime Touchdown Scorer,NONE,NONE,NONE,standard section only (limit=40 pages 1-5 of 11); item 80 id verified by limit=10 refetch
401872935,CLE,TB,4870653,Anytime Touchdown Scorer,NONE,NONE,NONE,standard section only (limit=40 pages 1-5 of 11); item 80 id verified by limit=10 refetch
401872935,CLE,TB,4890373,Anytime Touchdown Scorer,NONE,NONE,NONE,standard section only (limit=40 pages 1-5 of 11); item 80 id verified by limit=10 refetch
401872935,CLE,TB,5083076,Anytime Touchdown Scorer,NONE,NONE,NONE,standard section only (limit=40 pages 1-5 of 11); item 80 id verified by limit=10 refetch
401872935,CLE,TB,5097554,Anytime Touchdown Scorer,NONE,NONE,NONE,standard section only (limit=40 pages 1-5 of 11); item 80 id verified by limit=10 refetch
401872935,CLE,TB,5220680,Anytime Touchdown Scorer,NONE,NONE,NONE,standard section only (limit=40 pages 1-5 of 11); item 80 id verified by limit=10 refetch
401872935,CLE,TB,2515270,First Touchdown Scorer,NONE,NONE,NONE,standard section only (limit=40 pages 1-5 of 11); item 80 id verified by limit=10 refetch
401872935,CLE,TB,3052587,First Touchdown Scorer,NONE,NONE,NONE,standard section only (limit=40 pages 1-5 of 11); item 80 id verified by limit=10 refetch
401872935,CLE,TB,3116165,First Touchdown Scorer,NONE,NONE,NONE,standard section only (limit=40 pages 1-5 of 11); item 80 id verified by limit=10 refetch
401872935,CLE,TB,3122840,First Touchdown Scorer,NONE,NONE,NONE,standard section only (limit=40 pages 1-5 of 11); item 80 id verified by limit=10 refetch
401872935,CLE,TB,4034779,First Touchdown Scorer,NONE,NONE,NONE,standard section only (limit=40 pages 1-5 of 11); item 80 id verified by limit=10 refetch
401872935,CLE,TB,4241424,First Touchdown Scorer,NONE,NONE,NONE,standard section only (limit=40 pages 1-5 of 11); item 80 id verified by limit=10 refetch
401872935,CLE,TB,4241463,First Touchdown Scorer,NONE,NONE,NONE,standard section only (limit=40 pages 1-5 of 11); item 80 id verified by limit=10 refetch
401872935,CLE,TB,4243331,First Touchdown Scorer,NONE,NONE,NONE,standard section only (limit=40 pages 1-5 of 11); item 80 id verified by limit=10 refetch
401872935,CLE,TB,4362018,First Touchdown Scorer,NONE,NONE,NONE,standard section only (limit=40 pages 1-5 of 11); item 80 id verified by limit=10 refetch
401872935,CLE,TB,4371733,First Touchdown Scorer,NONE,NONE,NONE,standard section only (limit=40 pages 1-5 of 11); item 80 id verified by limit=10 refetch
401872935,CLE,TB,4372505,First Touchdown Scorer,NONE,NONE,NONE,standard section only (limit=40 pages 1-5 of 11); item 80 id verified by limit=10 refetch
401872935,CLE,TB,4430834,First Touchdown Scorer,NONE,NONE,NONE,standard section only (limit=40 pages 1-5 of 11); item 80 id verified by limit=10 refetch
401872935,CLE,TB,4430871,First Touchdown Scorer,NONE,NONE,NONE,standard section only (limit=40 pages 1-5 of 11); item 80 id verified by limit=10 refetch
401872935,CLE,TB,4567750,First Touchdown Scorer,NONE,NONE,NONE,standard section only (limit=40 pages 1-5 of 11); item 80 id verified by limit=10 refetch
401872935,CLE,TB,4596448,First Touchdown Scorer,NONE,NONE,NONE,standard section only (limit=40 pages 1-5 of 11); item 80 id verified by limit=10 refetch
401872935,CLE,TB,4601080,First Touchdown Scorer,NONE,NONE,NONE,standard section only (limit=40 pages 1-5 of 11); item 80 id verified by limit=10 refetch
401872935,CLE,TB,4608810,First Touchdown Scorer,NONE,NONE,NONE,standard section only (limit=40 pages 1-5 of 11); item 80 id verified by limit=10 refetch
401872935,CLE,TB,4613104,First Touchdown Scorer,NONE,NONE,NONE,standard section only (limit=40 pages 1-5 of 11); item 80 id verified by limit=10 refetch
401872935,CLE,TB,4685540,First Touchdown Scorer,NONE,NONE,NONE,standard section only (limit=40 pages 1-5 of 11); item 80 id verified by limit=10 refetch
401872935,CLE,TB,4685702,First Touchdown Scorer,NONE,NONE,NONE,standard section only (limit=40 pages 1-5 of 11); item 80 id verified by limit=10 refetch
401872935,CLE,TB,4722893,First Touchdown Scorer,NONE,NONE,NONE,standard section only (limit=40 pages 1-5 of 11); item 80 id verified by limit=10 refetch
401872935,CLE,TB,4808839,First Touchdown Scorer,NONE,NONE,NONE,standard section only (limit=40 pages 1-5 of 11); item 80 id verified by limit=10 refetch
401872935,CLE,TB,4832800,First Touchdown Scorer,NONE,NONE,NONE,standard section only (limit=40 pages 1-5 of 11); item 80 id verified by limit=10 refetch
401872935,CLE,TB,4870653,First Touchdown Scorer,NONE,NONE,NONE,standard section only (limit=40 pages 1-5 of 11); item 80 id verified by limit=10 refetch
401872935,CLE,TB,4890373,First Touchdown Scorer,NONE,NONE,NONE,standard section only (limit=40 pages 1-5 of 11); item 80 id verified by limit=10 refetch
401872935,CLE,TB,5083076,First Touchdown Scorer,NONE,NONE,NONE,standard section only (limit=40 pages 1-5 of 11); item 80 id verified by limit=10 refetch
401872935,CLE,TB,5097554,First Touchdown Scorer,NONE,NONE,NONE,standard section only (limit=40 pages 1-5 of 11); item 80 id verified by limit=10 refetch
401872935,CLE,TB,5220680,First Touchdown Scorer,NONE,NONE,NONE,standard section only (limit=40 pages 1-5 of 11); item 80 id verified by limit=10 refetch
401872935,CLE,TB,2515270,Player to score 2 or more touchdowns,NONE,NONE,NONE,standard section only (limit=40 pages 1-5 of 11); item 80 id verified by limit=10 refetch
401872935,CLE,TB,3052587,Player to score 2 or more touchdowns,NONE,NONE,NONE,standard section only (limit=40 pages 1-5 of 11); item 80 id verified by limit=10 refetch
401872935,CLE,TB,3116165,Player to score 2 or more touchdowns,NONE,NONE,NONE,standard section only (limit=40 pages 1-5 of 11); item 80 id verified by limit=10 refetch
401872935,CLE,TB,3122840,Player to score 2 or more touchdowns,NONE,NONE,NONE,standard section only (limit=40 pages 1-5 of 11); item 80 id verified by limit=10 refetch
401872935,CLE,TB,4034779,Player to score 2 or more touchdowns,NONE,NONE,NONE,standard section only (limit=40 pages 1-5 of 11); item 80 id verified by limit=10 refetch
401872935,CLE,TB,4241424,Player to score 2 or more touchdowns,NONE,NONE,NONE,standard section only (limit=40 pages 1-5 of 11); item 80 id verified by limit=10 refetch
401872935,CLE,TB,4241463,Player to score 2 or more touchdowns,NONE,NONE,NONE,standard section only (limit=40 pages 1-5 of 11); item 80 id verified by limit=10 refetch
401872935,CLE,TB,4243331,Player to score 2 or more touchdowns,NONE,NONE,NONE,standard section only (limit=40 pages 1-5 of 11); item 80 id verified by limit=10 refetch
401872935,CLE,TB,4362018,Player to score 2 or more touchdowns,NONE,NONE,NONE,standard section only (limit=40 pages 1-5 of 11); item 80 id verified by limit=10 refetch
401872935,CLE,TB,4371733,Player to score 2 or more touchdowns,NONE,NONE,NONE,standard section only (limit=40 pages 1-5 of 11); item 80 id verified by limit=10 refetch
401872935,CLE,TB,4372505,Player to score 2 or more touchdowns,NONE,NONE,NONE,standard section only (limit=40 pages 1-5 of 11); item 80 id verified by limit=10 refetch
401872935,CLE,TB,4430834,Player to score 2 or more touchdowns,NONE,NONE,NONE,standard section only (limit=40 pages 1-5 of 11); item 80 id verified by limit=10 refetch
401872935,CLE,TB,4430871,Player to score 2 or more touchdowns,NONE,NONE,NONE,standard section only (limit=40 pages 1-5 of 11); item 80 id verified by limit=10 refetch
401872935,CLE,TB,4567750,Player to score 2 or more touchdowns,NONE,NONE,NONE,standard section only (limit=40 pages 1-5 of 11); item 80 id verified by limit=10 refetch
401872935,CLE,TB,4596448,Player to score 2 or more touchdowns,NONE,NONE,NONE,standard section only (limit=40 pages 1-5 of 11); item 80 id verified by limit=10 refetch
401872935,CLE,TB,4601080,Player to score 2 or more touchdowns,NONE,NONE,NONE,standard section only (limit=40 pages 1-5 of 11); item 80 id verified by limit=10 refetch
401872935,CLE,TB,4608810,Player to score 2 or more touchdowns,NONE,NONE,NONE,standard section only (limit=40 pages 1-5 of 11); item 80 id verified by limit=10 refetch
401872935,CLE,TB,4613104,Player to score 2 or more touchdowns,NONE,NONE,NONE,standard section only (limit=40 pages 1-5 of 11); item 80 id verified by limit=10 refetch
401872935,CLE,TB,4685540,Player to score 2 or more touchdowns,NONE,NONE,NONE,standard section only (limit=40 pages 1-5 of 11); item 80 id verified by limit=10 refetch
401872935,CLE,TB,4685702,Player to score 2 or more touchdowns,NONE,NONE,NONE,standard section only (limit=40 pages 1-5 of 11); item 80 id verified by limit=10 refetch
401872935,CLE,TB,4722893,Player to score 2 or more touchdowns,NONE,NONE,NONE,standard section only (limit=40 pages 1-5 of 11); item 80 id verified by limit=10 refetch
401872935,CLE,TB,4808839,Player to score 2 or more touchdowns,NONE,NONE,NONE,standard section only (limit=40 pages 1-5 of 11); item 80 id verified by limit=10 refetch
401872935,CLE,TB,4832800,Player to score 2 or more touchdowns,NONE,NONE,NONE,standard section only (limit=40 pages 1-5 of 11); item 80 id verified by limit=10 refetch
401872935,CLE,TB,4870653,Player to score 2 or more touchdowns,NONE,NONE,NONE,standard section only (limit=40 pages 1-5 of 11); item 80 id verified by limit=10 refetch
401872935,CLE,TB,4890373,Player to score 2 or more touchdowns,NONE,NONE,NONE,standard section only (limit=40 pages 1-5 of 11); item 80 id verified by limit=10 refetch
401872935,CLE,TB,5083076,Player to score 2 or more touchdowns,NONE,NONE,NONE,standard section only (limit=40 pages 1-5 of 11); item 80 id verified by limit=10 refetch
401872935,CLE,TB,5097554,Player to score 2 or more touchdowns,NONE,NONE,NONE,standard section only (limit=40 pages 1-5 of 11); item 80 id verified by limit=10 refetch
401872935,CLE,TB,5220680,Player to score 2 or more touchdowns,NONE,NONE,NONE,standard section only (limit=40 pages 1-5 of 11); item 80 id verified by limit=10 refetch
401872935,CLE,TB,3052587,Total Pass Completions (incl. overtime),18.5,NONE,NONE,standard section only (limit=40 pages 1-5 of 11); item 80 id verified by limit=10 refetch
401872935,CLE,TB,3122840,Total Pass Completions (incl. overtime),18.5,NONE,NONE,standard section only (limit=40 pages 1-5 of 11); item 80 id verified by limit=10 refetch
401872935,CLE,TB,3052587,Total Passing Attempts (incl. overtime),27.5,NONE,NONE,standard section only (limit=40 pages 1-5 of 11); item 80 id verified by limit=10 refetch
401872935,CLE,TB,3122840,Total Passing Attempts (incl. overtime),29.5,NONE,NONE,standard section only (limit=40 pages 1-5 of 11); item 80 id verified by limit=10 refetch
401872935,CLE,TB,3052587,Total Passing Touchdowns (incl. overtime),1.5,NONE,NONE,standard section only (limit=40 pages 1-5 of 11); item 80 id verified by limit=10 refetch
401872935,CLE,TB,3122840,Total Passing Touchdowns (incl. overtime),0.5,NONE,NONE,standard section only (limit=40 pages 1-5 of 11); item 80 id verified by limit=10 refetch
401872935,CLE,TB,3052587,Total Passing Yards (incl. overtime),210.5,NONE,NONE,standard section only (limit=40 pages 1-5 of 11); item 80 id verified by limit=10 refetch
401872935,CLE,TB,3122840,Total Passing Yards (incl. overtime),176.5,NONE,NONE,standard section only (limit=40 pages 1-5 of 11); item 80 id verified by limit=10 refetch
401872935,CLE,TB,3116165,Total Receiving Yards (incl. overtime),47.5,NONE,NONE,standard section only (limit=40 pages 1-5 of 11); item 80 id verified by limit=10 refetch
401872935,CLE,TB,4241463,Total Receiving Yards (incl. overtime),28.5,NONE,NONE,standard section only (limit=40 pages 1-5 of 11); item 80 id verified by limit=10 refetch
401872935,CLE,TB,4243331,Total Receiving Yards (incl. overtime),26.5,NONE,NONE,standard section only (limit=40 pages 1-5 of 11); item 80 id verified by limit=10 refetch
401872935,CLE,TB,4567750,Total Receiving Yards (incl. overtime),51.5,NONE,NONE,standard section only (limit=40 pages 1-5 of 11); item 80 id verified by limit=10 refetch
401872935,CLE,TB,4832800,Total Receiving Yards (incl. overtime),31.5,NONE,NONE,standard section only (limit=40 pages 1-5 of 11); item 80 id verified by limit=10 refetch
401872935,CLE,TB,4870653,Total Receiving Yards (incl. overtime),31.5,NONE,NONE,standard section only (limit=40 pages 1-5 of 11); item 80 id verified by limit=10 refetch
401872935,CLE,TB,5083076,Total Receiving Yards (incl. overtime),35.5,NONE,NONE,standard section only (limit=40 pages 1-5 of 11); item 80 id verified by limit=10 refetch
401872935,CLE,TB,3116165,Total Receptions (incl. overtime),3.5,NONE,NONE,standard section only (limit=40 pages 1-5 of 11); item 80 id verified by limit=10 refetch
401872935,CLE,TB,4241463,Total Receptions (incl. overtime),2.5,NONE,NONE,standard section only (limit=40 pages 1-5 of 11); item 80 id verified by limit=10 refetch
401872935,CLE,TB,4243331,Total Receptions (incl. overtime),2.5,NONE,NONE,standard section only (limit=40 pages 1-5 of 11); item 80 id verified by limit=10 refetch
401872935,CLE,TB,4567750,Total Receptions (incl. overtime),3.5,NONE,NONE,standard section only (limit=40 pages 1-5 of 11); item 80 id verified by limit=10 refetch
401872935,CLE,TB,4832800,Total Receptions (incl. overtime),2.5,NONE,NONE,standard section only (limit=40 pages 1-5 of 11); item 80 id verified by limit=10 refetch
401872935,CLE,TB,4870653,Total Receptions (incl. overtime),3.5,NONE,NONE,standard section only (limit=40 pages 1-5 of 11); item 80 id verified by limit=10 refetch
401872935,CLE,TB,5083076,Total Receptions (incl. overtime),3.5,NONE,NONE,standard section only (limit=40 pages 1-5 of 11); item 80 id verified by limit=10 refetch
401872935,CLE,TB,4596448,Total Rushing Yards (incl. overtime),58.5,NONE,NONE,standard section only (limit=40 pages 1-5 of 11); item 80 id verified by limit=10 refetch
401872935,CLE,TB,4685702,Total Rushing Yards (incl. overtime),47.5,NONE,NONE,standard section only (limit=40 pages 1-5 of 11); item 80 id verified by limit=10 refetch
401872936,GB,NYJ,15864,Anytime Touchdown Scorer,NONE,NONE,NONE,standard section only (limit=40 pages 1-3 of 10)
401872936,GB,NYJ,3054212,Anytime Touchdown Scorer,NONE,NONE,NONE,standard section only (limit=40 pages 1-3 of 10)
401872936,GB,NYJ,3149687,Anytime Touchdown Scorer,NONE,NONE,NONE,standard section only (limit=40 pages 1-3 of 10)
401872936,GB,NYJ,4036378,Anytime Touchdown Scorer,NONE,NONE,NONE,standard section only (limit=40 pages 1-3 of 10)
401872936,GB,NYJ,4248528,Anytime Touchdown Scorer,NONE,NONE,NONE,standard section only (limit=40 pages 1-3 of 10)
401872936,GB,NYJ,4259305,Anytime Touchdown Scorer,NONE,NONE,NONE,standard section only (limit=40 pages 1-3 of 10)
401872936,GB,NYJ,4360086,Anytime Touchdown Scorer,NONE,NONE,NONE,standard section only (limit=40 pages 1-3 of 10)
401872936,GB,NYJ,4362249,Anytime Touchdown Scorer,NONE,NONE,NONE,standard section only (limit=40 pages 1-3 of 10)
401872936,GB,NYJ,4427366,Anytime Touchdown Scorer,NONE,NONE,NONE,standard section only (limit=40 pages 1-3 of 10)
401872936,GB,NYJ,4429023,Anytime Touchdown Scorer,NONE,NONE,NONE,standard section only (limit=40 pages 1-3 of 10)
401872936,GB,NYJ,4430191,Anytime Touchdown Scorer,NONE,NONE,NONE,standard section only (limit=40 pages 1-3 of 10)
401872936,GB,NYJ,4431346,Anytime Touchdown Scorer,NONE,NONE,NONE,standard section only (limit=40 pages 1-3 of 10)
401872936,GB,NYJ,4569618,Anytime Touchdown Scorer,NONE,NONE,NONE,standard section only (limit=40 pages 1-3 of 10)
401872936,GB,NYJ,4572680,Anytime Touchdown Scorer,NONE,NONE,NONE,standard section only (limit=40 pages 1-3 of 10)
401872936,GB,NYJ,4597500,Anytime Touchdown Scorer,NONE,NONE,NONE,standard section only (limit=40 pages 1-3 of 10)
401872936,GB,NYJ,4701936,Anytime Touchdown Scorer,NONE,NONE,NONE,standard section only (limit=40 pages 1-3 of 10)
401872936,GB,NYJ,4819231,Anytime Touchdown Scorer,NONE,NONE,NONE,standard section only (limit=40 pages 1-3 of 10)
401872936,GB,NYJ,5083315,Anytime Touchdown Scorer,NONE,NONE,NONE,standard section only (limit=40 pages 1-3 of 10)
401872936,GB,NYJ,15864,First Touchdown Scorer,NONE,NONE,NONE,standard section only (limit=40 pages 1-3 of 10)
401872936,GB,NYJ,3054212,First Touchdown Scorer,NONE,NONE,NONE,standard section only (limit=40 pages 1-3 of 10)
401872936,GB,NYJ,3149687,First Touchdown Scorer,NONE,NONE,NONE,standard section only (limit=40 pages 1-3 of 10)
401872936,GB,NYJ,4036378,First Touchdown Scorer,NONE,NONE,NONE,standard section only (limit=40 pages 1-3 of 10)
401872936,GB,NYJ,4248528,First Touchdown Scorer,NONE,NONE,NONE,standard section only (limit=40 pages 1-3 of 10)
401872936,GB,NYJ,4259305,First Touchdown Scorer,NONE,NONE,NONE,standard section only (limit=40 pages 1-3 of 10)
401872936,GB,NYJ,4360086,First Touchdown Scorer,NONE,NONE,NONE,standard section only (limit=40 pages 1-3 of 10)
401872936,GB,NYJ,4362249,First Touchdown Scorer,NONE,NONE,NONE,standard section only (limit=40 pages 1-3 of 10)
401872936,GB,NYJ,4427366,First Touchdown Scorer,NONE,NONE,NONE,standard section only (limit=40 pages 1-3 of 10)
401872936,GB,NYJ,4429023,First Touchdown Scorer,NONE,NONE,NONE,standard section only (limit=40 pages 1-3 of 10)
401872936,GB,NYJ,4430191,First Touchdown Scorer,NONE,NONE,NONE,standard section only (limit=40 pages 1-3 of 10)
401872936,GB,NYJ,4431346,First Touchdown Scorer,NONE,NONE,NONE,standard section only (limit=40 pages 1-3 of 10)
401872936,GB,NYJ,4569618,First Touchdown Scorer,NONE,NONE,NONE,standard section only (limit=40 pages 1-3 of 10)
401872936,GB,NYJ,4572680,First Touchdown Scorer,NONE,NONE,NONE,standard section only (limit=40 pages 1-3 of 10)
401872936,GB,NYJ,4597500,First Touchdown Scorer,NONE,NONE,NONE,standard section only (limit=40 pages 1-3 of 10)
401872936,GB,NYJ,4701936,First Touchdown Scorer,NONE,NONE,NONE,standard section only (limit=40 pages 1-3 of 10)
401872936,GB,NYJ,4819231,First Touchdown Scorer,NONE,NONE,NONE,standard section only (limit=40 pages 1-3 of 10)
401872936,GB,NYJ,5083315,First Touchdown Scorer,NONE,NONE,NONE,standard section only (limit=40 pages 1-3 of 10)
401872936,GB,NYJ,15864,Player to score 2 or more touchdowns,NONE,NONE,NONE,standard section only (limit=40 pages 1-3 of 10)
401872936,GB,NYJ,3054212,Player to score 2 or more touchdowns,NONE,NONE,NONE,standard section only (limit=40 pages 1-3 of 10)
401872936,GB,NYJ,3149687,Player to score 2 or more touchdowns,NONE,NONE,NONE,standard section only (limit=40 pages 1-3 of 10)
401872936,GB,NYJ,4036378,Player to score 2 or more touchdowns,NONE,NONE,NONE,standard section only (limit=40 pages 1-3 of 10)
401872936,GB,NYJ,4248528,Player to score 2 or more touchdowns,NONE,NONE,NONE,standard section only (limit=40 pages 1-3 of 10)
401872936,GB,NYJ,4259305,Player to score 2 or more touchdowns,NONE,NONE,NONE,standard section only (limit=40 pages 1-3 of 10)
401872936,GB,NYJ,4360086,Player to score 2 or more touchdowns,NONE,NONE,NONE,standard section only (limit=40 pages 1-3 of 10)
401872936,GB,NYJ,4362249,Player to score 2 or more touchdowns,NONE,NONE,NONE,standard section only (limit=40 pages 1-3 of 10)
401872936,GB,NYJ,4427366,Player to score 2 or more touchdowns,NONE,NONE,NONE,standard section only (limit=40 pages 1-3 of 10)
401872936,GB,NYJ,4429023,Player to score 2 or more touchdowns,NONE,NONE,NONE,standard section only (limit=40 pages 1-3 of 10)
401872936,GB,NYJ,4430191,Player to score 2 or more touchdowns,NONE,NONE,NONE,standard section only (limit=40 pages 1-3 of 10)
401872936,GB,NYJ,4431346,Player to score 2 or more touchdowns,NONE,NONE,NONE,standard section only (limit=40 pages 1-3 of 10)
401872936,GB,NYJ,4569618,Player to score 2 or more touchdowns,NONE,NONE,NONE,standard section only (limit=40 pages 1-3 of 10)
401872936,GB,NYJ,4572680,Player to score 2 or more touchdowns,NONE,NONE,NONE,standard section only (limit=40 pages 1-3 of 10)
401872936,GB,NYJ,4597500,Player to score 2 or more touchdowns,NONE,NONE,NONE,standard section only (limit=40 pages 1-3 of 10)
401872936,GB,NYJ,4701936,Player to score 2 or more touchdowns,NONE,NONE,NONE,standard section only (limit=40 pages 1-3 of 10)
401872936,GB,NYJ,4819231,Player to score 2 or more touchdowns,NONE,NONE,NONE,standard section only (limit=40 pages 1-3 of 10)
401872936,GB,NYJ,5083315,Player to score 2 or more touchdowns,NONE,NONE,NONE,standard section only (limit=40 pages 1-3 of 10)
401872936,GB,NYJ,15864,Total Pass Completions (incl. overtime),20.5,NONE,NONE,standard section only (limit=40 pages 1-3 of 10)
401872936,GB,NYJ,4036378,Total Pass Completions (incl. overtime),21.5,NONE,NONE,standard section only (limit=40 pages 1-3 of 10)
401872936,GB,NYJ,15864,Total Passing Attempts (incl. overtime),29.5,NONE,NONE,standard section only (limit=40 pages 1-3 of 10)
401872936,GB,NYJ,4036378,Total Passing Attempts (incl. overtime),33.5,NONE,NONE,standard section only (limit=40 pages 1-3 of 10)
401872936,GB,NYJ,15864,Total Passing Touchdowns (incl. overtime),1.5,NONE,NONE,standard section only (limit=40 pages 1-3 of 10)
401872936,GB,NYJ,4036378,Total Passing Touchdowns (incl. overtime),1.5,NONE,NONE,standard section only (limit=40 pages 1-3 of 10)
401872936,GB,NYJ,15864,Total Passing Yards (incl. overtime),208.5,NONE,NONE,standard section only (limit=40 pages 1-3 of 10)
401872936,GB,NYJ,4036378,Total Passing Yards (incl. overtime),253.5,NONE,NONE,standard section only (limit=40 pages 1-3 of 10)
401872936,GB,NYJ,4248528,Total Receiving Yards (incl. overtime),59.5,NONE,NONE,standard section only (limit=40 pages 1-3 of 10)
401872936,GB,NYJ,4569618,Total Receiving Yards (incl. overtime),62.5,NONE,NONE,standard section only (limit=40 pages 1-3 of 10)
401872936,GB,NYJ,4572680,Total Receiving Yards (incl. overtime),46.5,NONE,NONE,standard section only (limit=40 pages 1-3 of 10)
401872936,GB,NYJ,4248528,Total Receptions (incl. overtime),3.5,NONE,NONE,standard section only (limit=40 pages 1-3 of 10)
401872936,GB,NYJ,4569618,Total Receptions (incl. overtime),5.5,NONE,NONE,standard section only (limit=40 pages 1-3 of 10)
401872936,GB,NYJ,4572680,Total Receptions (incl. overtime),3.5,NONE,NONE,standard section only (limit=40 pages 1-3 of 10)
401872936,GB,NYJ,4427366,Total Rushing Yards (incl. overtime),69.5,NONE,NONE,standard section only (limit=40 pages 1-3 of 10)
401872937,MIN,CHI,2573079,Anytime Touchdown Scorer,NONE,NONE,NONE,"standard section only (limit=40 pages 1-3 of 12); items 81-85 (Anytime TD tail) NOT verified - extractor printed blanks, expected ids 4685504/4723086/5160110"
401872937,MIN,CHI,2973405,Anytime Touchdown Scorer,NONE,NONE,NONE,"standard section only (limit=40 pages 1-3 of 12); items 81-85 (Anytime TD tail) NOT verified - extractor printed blanks, expected ids 4685504/4723086/5160110"
401872937,MIN,CHI,3042519,Anytime Touchdown Scorer,NONE,NONE,NONE,"standard section only (limit=40 pages 1-3 of 12); items 81-85 (Anytime TD tail) NOT verified - extractor printed blanks, expected ids 4685504/4723086/5160110"
401872937,MIN,CHI,3886598,Anytime Touchdown Scorer,NONE,NONE,NONE,"standard section only (limit=40 pages 1-3 of 12); items 81-85 (Anytime TD tail) NOT verified - extractor printed blanks, expected ids 4685504/4723086/5160110"
401872937,MIN,CHI,3921690,Anytime Touchdown Scorer,NONE,NONE,NONE,"standard section only (limit=40 pages 1-3 of 12); items 81-85 (Anytime TD tail) NOT verified - extractor printed blanks, expected ids 4685504/4723086/5160110"
401872937,MIN,CHI,4036133,Anytime Touchdown Scorer,NONE,NONE,NONE,"standard section only (limit=40 pages 1-3 of 12); items 81-85 (Anytime TD tail) NOT verified - extractor printed blanks, expected ids 4685504/4723086/5160110"
401872937,MIN,CHI,4240631,Anytime Touchdown Scorer,NONE,NONE,NONE,"standard section only (limit=40 pages 1-3 of 12); items 81-85 (Anytime TD tail) NOT verified - extractor printed blanks, expected ids 4685504/4723086/5160110"
401872937,MIN,CHI,4258595,Anytime Touchdown Scorer,NONE,NONE,NONE,"standard section only (limit=40 pages 1-3 of 12); items 81-85 (Anytime TD tail) NOT verified - extractor printed blanks, expected ids 4685504/4723086/5160110"
401872937,MIN,CHI,4259545,Anytime Touchdown Scorer,NONE,NONE,NONE,"standard section only (limit=40 pages 1-3 of 12); items 81-85 (Anytime TD tail) NOT verified - extractor printed blanks, expected ids 4685504/4723086/5160110"
401872937,MIN,CHI,4262921,Anytime Touchdown Scorer,NONE,NONE,NONE,"standard section only (limit=40 pages 1-3 of 12); items 81-85 (Anytime TD tail) NOT verified - extractor printed blanks, expected ids 4685504/4723086/5160110"
401872937,MIN,CHI,4426386,Anytime Touchdown Scorer,NONE,NONE,NONE,"standard section only (limit=40 pages 1-3 of 12); items 81-85 (Anytime TD tail) NOT verified - extractor printed blanks, expected ids 4685504/4723086/5160110"
401872937,MIN,CHI,4429205,Anytime Touchdown Scorer,NONE,NONE,NONE,"standard section only (limit=40 pages 1-3 of 12); items 81-85 (Anytime TD tail) NOT verified - extractor printed blanks, expected ids 4685504/4723086/5160110"
401872937,MIN,CHI,4431299,Anytime Touchdown Scorer,NONE,NONE,NONE,"standard section only (limit=40 pages 1-3 of 12); items 81-85 (Anytime TD tail) NOT verified - extractor printed blanks, expected ids 4685504/4723086/5160110"
401872937,MIN,CHI,4431611,Anytime Touchdown Scorer,NONE,NONE,NONE,"standard section only (limit=40 pages 1-3 of 12); items 81-85 (Anytime TD tail) NOT verified - extractor printed blanks, expected ids 4685504/4723086/5160110"
401872937,MIN,CHI,4608686,Anytime Touchdown Scorer,NONE,NONE,NONE,"standard section only (limit=40 pages 1-3 of 12); items 81-85 (Anytime TD tail) NOT verified - extractor printed blanks, expected ids 4685504/4723086/5160110"
401872937,MIN,CHI,4685278,Anytime Touchdown Scorer,NONE,NONE,NONE,"standard section only (limit=40 pages 1-3 of 12); items 81-85 (Anytime TD tail) NOT verified - extractor printed blanks, expected ids 4685504/4723086/5160110"
401872937,MIN,CHI,2573079,First Touchdown Scorer,NONE,NONE,NONE,"standard section only (limit=40 pages 1-3 of 12); items 81-85 (Anytime TD tail) NOT verified - extractor printed blanks, expected ids 4685504/4723086/5160110"
401872937,MIN,CHI,2973405,First Touchdown Scorer,NONE,NONE,NONE,"standard section only (limit=40 pages 1-3 of 12); items 81-85 (Anytime TD tail) NOT verified - extractor printed blanks, expected ids 4685504/4723086/5160110"
401872937,MIN,CHI,3042519,First Touchdown Scorer,NONE,NONE,NONE,"standard section only (limit=40 pages 1-3 of 12); items 81-85 (Anytime TD tail) NOT verified - extractor printed blanks, expected ids 4685504/4723086/5160110"
401872937,MIN,CHI,3886598,First Touchdown Scorer,NONE,NONE,NONE,"standard section only (limit=40 pages 1-3 of 12); items 81-85 (Anytime TD tail) NOT verified - extractor printed blanks, expected ids 4685504/4723086/5160110"
401872937,MIN,CHI,3921690,First Touchdown Scorer,NONE,NONE,NONE,"standard section only (limit=40 pages 1-3 of 12); items 81-85 (Anytime TD tail) NOT verified - extractor printed blanks, expected ids 4685504/4723086/5160110"
401872937,MIN,CHI,4036133,First Touchdown Scorer,NONE,NONE,NONE,"standard section only (limit=40 pages 1-3 of 12); items 81-85 (Anytime TD tail) NOT verified - extractor printed blanks, expected ids 4685504/4723086/5160110"
401872937,MIN,CHI,4240631,First Touchdown Scorer,NONE,NONE,NONE,"standard section only (limit=40 pages 1-3 of 12); items 81-85 (Anytime TD tail) NOT verified - extractor printed blanks, expected ids 4685504/4723086/5160110"
401872937,MIN,CHI,4258595,First Touchdown Scorer,NONE,NONE,NONE,"standard section only (limit=40 pages 1-3 of 12); items 81-85 (Anytime TD tail) NOT verified - extractor printed blanks, expected ids 4685504/4723086/5160110"
401872937,MIN,CHI,4259545,First Touchdown Scorer,NONE,NONE,NONE,"standard section only (limit=40 pages 1-3 of 12); items 81-85 (Anytime TD tail) NOT verified - extractor printed blanks, expected ids 4685504/4723086/5160110"
401872937,MIN,CHI,4262921,First Touchdown Scorer,NONE,NONE,NONE,"standard section only (limit=40 pages 1-3 of 12); items 81-85 (Anytime TD tail) NOT verified - extractor printed blanks, expected ids 4685504/4723086/5160110"
401872937,MIN,CHI,4426386,First Touchdown Scorer,NONE,NONE,NONE,"standard section only (limit=40 pages 1-3 of 12); items 81-85 (Anytime TD tail) NOT verified - extractor printed blanks, expected ids 4685504/4723086/5160110"
401872937,MIN,CHI,4429205,First Touchdown Scorer,NONE,NONE,NONE,"standard section only (limit=40 pages 1-3 of 12); items 81-85 (Anytime TD tail) NOT verified - extractor printed blanks, expected ids 4685504/4723086/5160110"
401872937,MIN,CHI,4431299,First Touchdown Scorer,NONE,NONE,NONE,"standard section only (limit=40 pages 1-3 of 12); items 81-85 (Anytime TD tail) NOT verified - extractor printed blanks, expected ids 4685504/4723086/5160110"
401872937,MIN,CHI,4431611,First Touchdown Scorer,NONE,NONE,NONE,"standard section only (limit=40 pages 1-3 of 12); items 81-85 (Anytime TD tail) NOT verified - extractor printed blanks, expected ids 4685504/4723086/5160110"
401872937,MIN,CHI,4608686,First Touchdown Scorer,NONE,NONE,NONE,"standard section only (limit=40 pages 1-3 of 12); items 81-85 (Anytime TD tail) NOT verified - extractor printed blanks, expected ids 4685504/4723086/5160110"
401872937,MIN,CHI,4685278,First Touchdown Scorer,NONE,NONE,NONE,"standard section only (limit=40 pages 1-3 of 12); items 81-85 (Anytime TD tail) NOT verified - extractor printed blanks, expected ids 4685504/4723086/5160110"
401872937,MIN,CHI,4685504,First Touchdown Scorer,NONE,NONE,NONE,"standard section only (limit=40 pages 1-3 of 12); items 81-85 (Anytime TD tail) NOT verified - extractor printed blanks, expected ids 4685504/4723086/5160110"
401872937,MIN,CHI,4723086,First Touchdown Scorer,NONE,NONE,NONE,"standard section only (limit=40 pages 1-3 of 12); items 81-85 (Anytime TD tail) NOT verified - extractor printed blanks, expected ids 4685504/4723086/5160110"
401872937,MIN,CHI,5160110,First Touchdown Scorer,NONE,NONE,NONE,"standard section only (limit=40 pages 1-3 of 12); items 81-85 (Anytime TD tail) NOT verified - extractor printed blanks, expected ids 4685504/4723086/5160110"
401872937,MIN,CHI,2573079,Player to score 2 or more touchdowns,NONE,NONE,NONE,"standard section only (limit=40 pages 1-3 of 12); items 81-85 (Anytime TD tail) NOT verified - extractor printed blanks, expected ids 4685504/4723086/5160110"
401872937,MIN,CHI,2973405,Player to score 2 or more touchdowns,NONE,NONE,NONE,"standard section only (limit=40 pages 1-3 of 12); items 81-85 (Anytime TD tail) NOT verified - extractor printed blanks, expected ids 4685504/4723086/5160110"
401872937,MIN,CHI,3042519,Player to score 2 or more touchdowns,NONE,NONE,NONE,"standard section only (limit=40 pages 1-3 of 12); items 81-85 (Anytime TD tail) NOT verified - extractor printed blanks, expected ids 4685504/4723086/5160110"
401872937,MIN,CHI,3886598,Player to score 2 or more touchdowns,NONE,NONE,NONE,"standard section only (limit=40 pages 1-3 of 12); items 81-85 (Anytime TD tail) NOT verified - extractor printed blanks, expected ids 4685504/4723086/5160110"
401872937,MIN,CHI,3921690,Player to score 2 or more touchdowns,NONE,NONE,NONE,"standard section only (limit=40 pages 1-3 of 12); items 81-85 (Anytime TD tail) NOT verified - extractor printed blanks, expected ids 4685504/4723086/5160110"
401872937,MIN,CHI,4036133,Player to score 2 or more touchdowns,NONE,NONE,NONE,"standard section only (limit=40 pages 1-3 of 12); items 81-85 (Anytime TD tail) NOT verified - extractor printed blanks, expected ids 4685504/4723086/5160110"
401872937,MIN,CHI,4240631,Player to score 2 or more touchdowns,NONE,NONE,NONE,"standard section only (limit=40 pages 1-3 of 12); items 81-85 (Anytime TD tail) NOT verified - extractor printed blanks, expected ids 4685504/4723086/5160110"
401872937,MIN,CHI,4258595,Player to score 2 or more touchdowns,NONE,NONE,NONE,"standard section only (limit=40 pages 1-3 of 12); items 81-85 (Anytime TD tail) NOT verified - extractor printed blanks, expected ids 4685504/4723086/5160110"
401872937,MIN,CHI,4259545,Player to score 2 or more touchdowns,NONE,NONE,NONE,"standard section only (limit=40 pages 1-3 of 12); items 81-85 (Anytime TD tail) NOT verified - extractor printed blanks, expected ids 4685504/4723086/5160110"
401872937,MIN,CHI,4262921,Player to score 2 or more touchdowns,NONE,NONE,NONE,"standard section only (limit=40 pages 1-3 of 12); items 81-85 (Anytime TD tail) NOT verified - extractor printed blanks, expected ids 4685504/4723086/5160110"
401872937,MIN,CHI,4426386,Player to score 2 or more touchdowns,NONE,NONE,NONE,"standard section only (limit=40 pages 1-3 of 12); items 81-85 (Anytime TD tail) NOT verified - extractor printed blanks, expected ids 4685504/4723086/5160110"
401872937,MIN,CHI,4429205,Player to score 2 or more touchdowns,NONE,NONE,NONE,"standard section only (limit=40 pages 1-3 of 12); items 81-85 (Anytime TD tail) NOT verified - extractor printed blanks, expected ids 4685504/4723086/5160110"
401872937,MIN,CHI,4431299,Player to score 2 or more touchdowns,NONE,NONE,NONE,"standard section only (limit=40 pages 1-3 of 12); items 81-85 (Anytime TD tail) NOT verified - extractor printed blanks, expected ids 4685504/4723086/5160110"
401872937,MIN,CHI,4431611,Player to score 2 or more touchdowns,NONE,NONE,NONE,"standard section only (limit=40 pages 1-3 of 12); items 81-85 (Anytime TD tail) NOT verified - extractor printed blanks, expected ids 4685504/4723086/5160110"
401872937,MIN,CHI,4608686,Player to score 2 or more touchdowns,NONE,NONE,NONE,"standard section only (limit=40 pages 1-3 of 12); items 81-85 (Anytime TD tail) NOT verified - extractor printed blanks, expected ids 4685504/4723086/5160110"
401872937,MIN,CHI,4685278,Player to score 2 or more touchdowns,NONE,NONE,NONE,"standard section only (limit=40 pages 1-3 of 12); items 81-85 (Anytime TD tail) NOT verified - extractor printed blanks, expected ids 4685504/4723086/5160110"
401872937,MIN,CHI,4685504,Player to score 2 or more touchdowns,NONE,NONE,NONE,"standard section only (limit=40 pages 1-3 of 12); items 81-85 (Anytime TD tail) NOT verified - extractor printed blanks, expected ids 4685504/4723086/5160110"
401872937,MIN,CHI,4723086,Player to score 2 or more touchdowns,NONE,NONE,NONE,"standard section only (limit=40 pages 1-3 of 12); items 81-85 (Anytime TD tail) NOT verified - extractor printed blanks, expected ids 4685504/4723086/5160110"
401872937,MIN,CHI,5160110,Player to score 2 or more touchdowns,NONE,NONE,NONE,"standard section only (limit=40 pages 1-3 of 12); items 81-85 (Anytime TD tail) NOT verified - extractor printed blanks, expected ids 4685504/4723086/5160110"
401872937,MIN,CHI,4259545,Total Carries (incl. overtime),14.5,NONE,NONE,"standard section only (limit=40 pages 1-3 of 12); items 81-85 (Anytime TD tail) NOT verified - extractor printed blanks, expected ids 4685504/4723086/5160110"
401872937,MIN,CHI,4608686,Total Carries (incl. overtime),9.5,NONE,NONE,"standard section only (limit=40 pages 1-3 of 12); items 81-85 (Anytime TD tail) NOT verified - extractor printed blanks, expected ids 4685504/4723086/5160110"
401872937,MIN,CHI,2573079,Total Pass Completions (incl. overtime),19.5,NONE,NONE,"standard section only (limit=40 pages 1-3 of 12); items 81-85 (Anytime TD tail) NOT verified - extractor printed blanks, expected ids 4685504/4723086/5160110"
401872937,MIN,CHI,4431611,Total Pass Completions (incl. overtime),19.5,NONE,NONE,"standard section only (limit=40 pages 1-3 of 12); items 81-85 (Anytime TD tail) NOT verified - extractor printed blanks, expected ids 4685504/4723086/5160110"
401872937,MIN,CHI,2573079,Total Passing Attempts (incl. overtime),30.5,NONE,NONE,"standard section only (limit=40 pages 1-3 of 12); items 81-85 (Anytime TD tail) NOT verified - extractor printed blanks, expected ids 4685504/4723086/5160110"
401872937,MIN,CHI,4431611,Total Passing Attempts (incl. overtime),31.5,NONE,NONE,"standard section only (limit=40 pages 1-3 of 12); items 81-85 (Anytime TD tail) NOT verified - extractor printed blanks, expected ids 4685504/4723086/5160110"
401872937,MIN,CHI,4431611,Total Passing Interceptions (incl. overtime),0.5,NONE,NONE,"standard section only (limit=40 pages 1-3 of 12); items 81-85 (Anytime TD tail) NOT verified - extractor printed blanks, expected ids 4685504/4723086/5160110"
401872937,MIN,CHI,2573079,Total Passing Touchdowns (incl. overtime),1.5,NONE,NONE,"standard section only (limit=40 pages 1-3 of 12); items 81-85 (Anytime TD tail) NOT verified - extractor printed blanks, expected ids 4685504/4723086/5160110"
401872937,MIN,CHI,4431611,Total Passing Touchdowns (incl. overtime),1.5,NONE,NONE,"standard section only (limit=40 pages 1-3 of 12); items 81-85 (Anytime TD tail) NOT verified - extractor printed blanks, expected ids 4685504/4723086/5160110"
401872937,MIN,CHI,2573079,Total Passing Yards (incl. overtime),212.5,NONE,NONE,"standard section only (limit=40 pages 1-3 of 12); items 81-85 (Anytime TD tail) NOT verified - extractor printed blanks, expected ids 4685504/4723086/5160110"
401872937,MIN,CHI,4431611,Total Passing Yards (incl. overtime),224.5,NONE,NONE,"standard section only (limit=40 pages 1-3 of 12); items 81-85 (Anytime TD tail) NOT verified - extractor printed blanks, expected ids 4685504/4723086/5160110"
401872937,MIN,CHI,4262921,Total Receiving Yards (incl. overtime),75.5,NONE,NONE,"standard section only (limit=40 pages 1-3 of 12); items 81-85 (Anytime TD tail) NOT verified - extractor printed blanks, expected ids 4685504/4723086/5160110"
401872937,MIN,CHI,4429205,Total Receiving Yards (incl. overtime),36.5,NONE,NONE,"standard section only (limit=40 pages 1-3 of 12); items 81-85 (Anytime TD tail) NOT verified - extractor printed blanks, expected ids 4685504/4723086/5160110"
401872937,MIN,CHI,4685278,Total Receiving Yards (incl. overtime),49.5,NONE,NONE,"standard section only (limit=40 pages 1-3 of 12); items 81-85 (Anytime TD tail) NOT verified - extractor printed blanks, expected ids 4685504/4723086/5160110"
401872937,MIN,CHI,4723086,Total Receiving Yards (incl. overtime),47.5,NONE,NONE,"standard section only (limit=40 pages 1-3 of 12); items 81-85 (Anytime TD tail) NOT verified - extractor printed blanks, expected ids 4685504/4723086/5160110"
401872937,MIN,CHI,4262921,Total Receptions (incl. overtime),5.5,NONE,NONE,"standard section only (limit=40 pages 1-3 of 12); items 81-85 (Anytime TD tail) NOT verified - extractor printed blanks, expected ids 4685504/4723086/5160110"
401872937,MIN,CHI,4429205,Total Receptions (incl. overtime),2.5,NONE,NONE,"standard section only (limit=40 pages 1-3 of 12); items 81-85 (Anytime TD tail) NOT verified - extractor printed blanks, expected ids 4685504/4723086/5160110"
401872937,MIN,CHI,4685278,Total Receptions (incl. overtime),4.5,NONE,NONE,"standard section only (limit=40 pages 1-3 of 12); items 81-85 (Anytime TD tail) NOT verified - extractor printed blanks, expected ids 4685504/4723086/5160110"
401872937,MIN,CHI,4723086,Total Receptions (incl. overtime),4.5,NONE,NONE,"standard section only (limit=40 pages 1-3 of 12); items 81-85 (Anytime TD tail) NOT verified - extractor printed blanks, expected ids 4685504/4723086/5160110"
401872937,MIN,CHI,4259545,Total Rushing Yards (incl. overtime),59.5,NONE,NONE,"standard section only (limit=40 pages 1-3 of 12); items 81-85 (Anytime TD tail) NOT verified - extractor printed blanks, expected ids 4685504/4723086/5160110"
401872937,MIN,CHI,4608686,Total Rushing Yards (incl. overtime),37.5,NONE,NONE,"standard section only (limit=40 pages 1-3 of 12); items 81-85 (Anytime TD tail) NOT verified - extractor printed blanks, expected ids 4685504/4723086/5160110"
401872938,NO,BAL,3043078,Anytime Touchdown Scorer,NONE,NONE,NONE,"page 1 only (limit=80, 80 lines, count-matched, not cross-verified)"
401872938,NO,BAL,3052897,Anytime Touchdown Scorer,NONE,NONE,NONE,"page 1 only (limit=80, 80 lines, count-matched, not cross-verified)"
401872938,NO,BAL,3054850,Anytime Touchdown Scorer,NONE,NONE,NONE,"page 1 only (limit=80, 80 lines, count-matched, not cross-verified)"
401872938,NO,BAL,3116365,Anytime Touchdown Scorer,NONE,NONE,NONE,"page 1 only (limit=80, 80 lines, count-matched, not cross-verified)"
401872938,NO,BAL,3916387,Anytime Touchdown Scorer,NONE,NONE,NONE,"page 1 only (limit=80, 80 lines, count-matched, not cross-verified)"
401872938,NO,BAL,3929645,Anytime Touchdown Scorer,NONE,NONE,NONE,"page 1 only (limit=80, 80 lines, count-matched, not cross-verified)"
401872938,NO,BAL,4036131,Anytime Touchdown Scorer,NONE,NONE,NONE,"page 1 only (limit=80, 80 lines, count-matched, not cross-verified)"
401872938,NO,BAL,4038441,Anytime Touchdown Scorer,NONE,NONE,NONE,"page 1 only (limit=80, 80 lines, count-matched, not cross-verified)"
401872938,NO,BAL,4239996,Anytime Touchdown Scorer,NONE,NONE,NONE,"page 1 only (limit=80, 80 lines, count-matched, not cross-verified)"
401872938,NO,BAL,4360689,Anytime Touchdown Scorer,NONE,NONE,NONE,"page 1 only (limit=80, 80 lines, count-matched, not cross-verified)"
401872938,NO,BAL,4360939,Anytime Touchdown Scorer,NONE,NONE,NONE,"page 1 only (limit=80, 80 lines, count-matched, not cross-verified)"
401872938,NO,BAL,4361370,Anytime Touchdown Scorer,NONE,NONE,NONE,"page 1 only (limit=80, 80 lines, count-matched, not cross-verified)"
401872938,NO,BAL,4429615,Anytime Touchdown Scorer,NONE,NONE,NONE,"page 1 only (limit=80, 80 lines, count-matched, not cross-verified)"
401872938,NO,BAL,4432260,Anytime Touchdown Scorer,NONE,NONE,NONE,"page 1 only (limit=80, 80 lines, count-matched, not cross-verified)"
401872938,NO,BAL,4569559,Anytime Touchdown Scorer,NONE,NONE,NONE,"page 1 only (limit=80, 80 lines, count-matched, not cross-verified)"
401872938,NO,BAL,4599739,Anytime Touchdown Scorer,NONE,NONE,NONE,"page 1 only (limit=80, 80 lines, count-matched, not cross-verified)"
401872938,NO,BAL,4690013,Anytime Touchdown Scorer,NONE,NONE,NONE,"page 1 only (limit=80, 80 lines, count-matched, not cross-verified)"
401872938,NO,BAL,4690143,Anytime Touchdown Scorer,NONE,NONE,NONE,"page 1 only (limit=80, 80 lines, count-matched, not cross-verified)"
401872938,NO,BAL,4698597,Anytime Touchdown Scorer,NONE,NONE,NONE,"page 1 only (limit=80, 80 lines, count-matched, not cross-verified)"
401872938,NO,BAL,4876132,Anytime Touchdown Scorer,NONE,NONE,NONE,"page 1 only (limit=80, 80 lines, count-matched, not cross-verified)"
401872938,NO,BAL,4879276,Anytime Touchdown Scorer,NONE,NONE,NONE,"page 1 only (limit=80, 80 lines, count-matched, not cross-verified)"
401872938,NO,BAL,3043078,First Touchdown Scorer,NONE,NONE,NONE,"page 1 only (limit=80, 80 lines, count-matched, not cross-verified)"
401872938,NO,BAL,3052897,First Touchdown Scorer,NONE,NONE,NONE,"page 1 only (limit=80, 80 lines, count-matched, not cross-verified)"
401872938,NO,BAL,3054850,First Touchdown Scorer,NONE,NONE,NONE,"page 1 only (limit=80, 80 lines, count-matched, not cross-verified)"
401872938,NO,BAL,3116365,First Touchdown Scorer,NONE,NONE,NONE,"page 1 only (limit=80, 80 lines, count-matched, not cross-verified)"
401872938,NO,BAL,3916387,First Touchdown Scorer,NONE,NONE,NONE,"page 1 only (limit=80, 80 lines, count-matched, not cross-verified)"
401872938,NO,BAL,3929645,First Touchdown Scorer,NONE,NONE,NONE,"page 1 only (limit=80, 80 lines, count-matched, not cross-verified)"
401872938,NO,BAL,4036131,First Touchdown Scorer,NONE,NONE,NONE,"page 1 only (limit=80, 80 lines, count-matched, not cross-verified)"
401872938,NO,BAL,4038441,First Touchdown Scorer,NONE,NONE,NONE,"page 1 only (limit=80, 80 lines, count-matched, not cross-verified)"
401872938,NO,BAL,4239996,First Touchdown Scorer,NONE,NONE,NONE,"page 1 only (limit=80, 80 lines, count-matched, not cross-verified)"
401872938,NO,BAL,4360689,First Touchdown Scorer,NONE,NONE,NONE,"page 1 only (limit=80, 80 lines, count-matched, not cross-verified)"
401872938,NO,BAL,4360939,First Touchdown Scorer,NONE,NONE,NONE,"page 1 only (limit=80, 80 lines, count-matched, not cross-verified)"
401872938,NO,BAL,4361370,First Touchdown Scorer,NONE,NONE,NONE,"page 1 only (limit=80, 80 lines, count-matched, not cross-verified)"
401872938,NO,BAL,4429615,First Touchdown Scorer,NONE,NONE,NONE,"page 1 only (limit=80, 80 lines, count-matched, not cross-verified)"
401872938,NO,BAL,4432260,First Touchdown Scorer,NONE,NONE,NONE,"page 1 only (limit=80, 80 lines, count-matched, not cross-verified)"
401872938,NO,BAL,4569559,First Touchdown Scorer,NONE,NONE,NONE,"page 1 only (limit=80, 80 lines, count-matched, not cross-verified)"
401872938,NO,BAL,4599739,First Touchdown Scorer,NONE,NONE,NONE,"page 1 only (limit=80, 80 lines, count-matched, not cross-verified)"
401872938,NO,BAL,4690143,First Touchdown Scorer,NONE,NONE,NONE,"page 1 only (limit=80, 80 lines, count-matched, not cross-verified)"
401872938,NO,BAL,4698597,First Touchdown Scorer,NONE,NONE,NONE,"page 1 only (limit=80, 80 lines, count-matched, not cross-verified)"
401872938,NO,BAL,4879276,First Touchdown Scorer,NONE,NONE,NONE,"page 1 only (limit=80, 80 lines, count-matched, not cross-verified)"
401872938,NO,BAL,3043078,Player to score 2 or more touchdowns,NONE,NONE,NONE,"page 1 only (limit=80, 80 lines, count-matched, not cross-verified)"
401872938,NO,BAL,3052897,Player to score 2 or more touchdowns,NONE,NONE,NONE,"page 1 only (limit=80, 80 lines, count-matched, not cross-verified)"
401872938,NO,BAL,3054850,Player to score 2 or more touchdowns,NONE,NONE,NONE,"page 1 only (limit=80, 80 lines, count-matched, not cross-verified)"
401872938,NO,BAL,3116365,Player to score 2 or more touchdowns,NONE,NONE,NONE,"page 1 only (limit=80, 80 lines, count-matched, not cross-verified)"
401872938,NO,BAL,3916387,Player to score 2 or more touchdowns,NONE,NONE,NONE,"page 1 only (limit=80, 80 lines, count-matched, not cross-verified)"
401872938,NO,BAL,3929645,Player to score 2 or more touchdowns,NONE,NONE,NONE,"page 1 only (limit=80, 80 lines, count-matched, not cross-verified)"
401872938,NO,BAL,4036131,Player to score 2 or more touchdowns,NONE,NONE,NONE,"page 1 only (limit=80, 80 lines, count-matched, not cross-verified)"
401872938,NO,BAL,4038441,Player to score 2 or more touchdowns,NONE,NONE,NONE,"page 1 only (limit=80, 80 lines, count-matched, not cross-verified)"
401872938,NO,BAL,4239996,Player to score 2 or more touchdowns,NONE,NONE,NONE,"page 1 only (limit=80, 80 lines, count-matched, not cross-verified)"
401872938,NO,BAL,4360689,Player to score 2 or more touchdowns,NONE,NONE,NONE,"page 1 only (limit=80, 80 lines, count-matched, not cross-verified)"
401872938,NO,BAL,3916387,Total Pass Completions (incl. overtime),19.5,NONE,NONE,"page 1 only (limit=80, 80 lines, count-matched, not cross-verified)"
401872938,NO,BAL,4360689,Total Pass Completions (incl. overtime),21.5,NONE,NONE,"page 1 only (limit=80, 80 lines, count-matched, not cross-verified)"
401872938,NO,BAL,3916387,Total Passing Attempts (incl. overtime),28.5,NONE,NONE,"page 1 only (limit=80, 80 lines, count-matched, not cross-verified)"
401872938,NO,BAL,4360689,Total Passing Attempts (incl. overtime),34.5,NONE,NONE,"page 1 only (limit=80, 80 lines, count-matched, not cross-verified)"
401872938,NO,BAL,3916387,Total Passing Plus Rushing Yards (incl. overtime),266.5,NONE,NONE,"page 1 only (limit=80, 80 lines, count-matched, not cross-verified)"
401872938,NO,BAL,3916387,Total Passing Touchdowns (incl. overtime),1.5,NONE,NONE,"page 1 only (limit=80, 80 lines, count-matched, not cross-verified)"
401872938,NO,BAL,4360689,Total Passing Touchdowns (incl. overtime),1.5,NONE,NONE,"page 1 only (limit=80, 80 lines, count-matched, not cross-verified)"
401872938,NO,BAL,3916387,Total Passing Yards (incl. overtime),221.5,NONE,NONE,"page 1 only (limit=80, 80 lines, count-matched, not cross-verified)"
401872938,NO,BAL,4360689,Total Passing Yards (incl. overtime),242.5,NONE,NONE,"page 1 only (limit=80, 80 lines, count-matched, not cross-verified)"
401872938,NO,BAL,4361370,Total Receiving Yards (incl. overtime),72.5,NONE,NONE,"page 1 only (limit=80, 80 lines, count-matched, not cross-verified)"
401872938,NO,BAL,4569559,Total Receiving Yards (incl. overtime),44.5,NONE,NONE,"page 1 only (limit=80, 80 lines, count-matched, not cross-verified)"
401872938,NO,BAL,4361370,Total Receptions (incl. overtime),6.5,NONE,NONE,"page 1 only (limit=80, 80 lines, count-matched, not cross-verified)"
401872938,NO,BAL,4569559,Total Receptions (incl. overtime),3.5,NONE,NONE,"page 1 only (limit=80, 80 lines, count-matched, not cross-verified)"
401872938,NO,BAL,3043078,Total Rushing Yards (incl. overtime),87.5,NONE,NONE,"page 1 only (limit=80, 80 lines, count-matched, not cross-verified)"
401872938,NO,BAL,3916387,Total Rushing Yards (incl. overtime),40.5,NONE,NONE,"page 1 only (limit=80, 80 lines, count-matched, not cross-verified)"
401872946,PIT,NE,2975674,First Touchdown Scorer,NONE,NONE,NONE,"page 1 only (limit=80, 80 lines, count-matched, not cross-verified)"
401872946,PIT,NE,8439,First Touchdown Scorer,NONE,NONE,NONE,"page 1 only (limit=80, 80 lines, count-matched, not cross-verified)"
401872946,PIT,NE,4431452,Total Pass Completions (incl. overtime),20.5,NONE,NONE,"page 1 only (limit=80, 80 lines, count-matched, not cross-verified)"
401872946,PIT,NE,8439,Total Pass Completions (incl. overtime),21.5,NONE,NONE,"page 1 only (limit=80, 80 lines, count-matched, not cross-verified)"
401872946,PIT,NE,4431452,Total Passing Attempts (incl. overtime),29.5,NONE,NONE,"page 1 only (limit=80, 80 lines, count-matched, not cross-verified)"
401872946,PIT,NE,8439,Total Passing Attempts (incl. overtime),35.5,NONE,NONE,"page 1 only (limit=80, 80 lines, count-matched, not cross-verified)"
401872946,PIT,NE,4431452,Total Passing Interceptions (incl. overtime),0.5,NONE,NONE,"page 1 only (limit=80, 80 lines, count-matched, not cross-verified)"
401872946,PIT,NE,8439,Total Passing Interceptions (incl. overtime),0.5,NONE,NONE,"page 1 only (limit=80, 80 lines, count-matched, not cross-verified)"
401872946,PIT,NE,4431452,Total Passing Touchdowns (incl. overtime),1.5,NONE,NONE,"page 1 only (limit=80, 80 lines, count-matched, not cross-verified)"
401872946,PIT,NE,8439,Total Passing Touchdowns (incl. overtime),1.5,NONE,NONE,"page 1 only (limit=80, 80 lines, count-matched, not cross-verified)"
401872946,PIT,NE,4431452,Total Passing Yards (incl. overtime),225.5,NONE,NONE,"page 1 only (limit=80, 80 lines, count-matched, not cross-verified)"
401872946,PIT,NE,8439,Total Passing Yards (incl. overtime),207.5,NONE,NONE,"page 1 only (limit=80, 80 lines, count-matched, not cross-verified)"
401872946,PIT,NE,2991662,Total Receiving Yards (incl. overtime),36.5,NONE,NONE,"page 1 only (limit=80, 80 lines, count-matched, not cross-verified)"
401872946,PIT,NE,3046439,Total Receiving Yards (incl. overtime),37.5,NONE,NONE,"page 1 only (limit=80, 80 lines, count-matched, not cross-verified)"
401872946,PIT,NE,4035687,Total Receiving Yards (incl. overtime),35.5,NONE,NONE,"page 1 only (limit=80, 80 lines, count-matched, not cross-verified)"
401872946,PIT,NE,4038815,Total Receiving Yards (incl. overtime),12.5,NONE,NONE,"page 1 only (limit=80, 80 lines, count-matched, not cross-verified)"
401872946,PIT,NE,4047650,Total Receiving Yards (incl. overtime),50.5,NONE,NONE,"page 1 only (limit=80, 80 lines, count-matched, not cross-verified)"
401872946,PIT,NE,4361411,Total Receiving Yards (incl. overtime),25.5,NONE,NONE,"page 1 only (limit=80, 80 lines, count-matched, not cross-verified)"
401872946,PIT,NE,4361432,Total Receiving Yards (incl. overtime),40.5,NONE,NONE,"page 1 only (limit=80, 80 lines, count-matched, not cross-verified)"
401872946,PIT,NE,4427095,Total Receiving Yards (incl. overtime),36.5,NONE,NONE,"page 1 only (limit=80, 80 lines, count-matched, not cross-verified)"
401872946,PIT,NE,4430802,Total Receiving Yards (incl. overtime),17.5,NONE,NONE,"page 1 only (limit=80, 80 lines, count-matched, not cross-verified)"
401872946,PIT,NE,4431492,Total Receiving Yards (incl. overtime),18.5,NONE,NONE,"page 1 only (limit=80, 80 lines, count-matched, not cross-verified)"
401872946,PIT,NE,4569173,Total Receiving Yards (incl. overtime),19.5,NONE,NONE,"page 1 only (limit=80, 80 lines, count-matched, not cross-verified)"
401872946,PIT,NE,4569987,Total Receiving Yards (incl. overtime),20.5,NONE,NONE,"page 1 only (limit=80, 80 lines, count-matched, not cross-verified)"
401872946,PIT,NE,2991662,Total Receptions (incl. overtime),3.5,NONE,NONE,"page 1 only (limit=80, 80 lines, count-matched, not cross-verified)"
401872946,PIT,NE,3046439,Total Receptions (incl. overtime),3.5,NONE,NONE,"page 1 only (limit=80, 80 lines, count-matched, not cross-verified)"
401872946,PIT,NE,4035687,Total Receptions (incl. overtime),3.5,NONE,NONE,"page 1 only (limit=80, 80 lines, count-matched, not cross-verified)"
401872946,PIT,NE,4038815,Total Receptions (incl. overtime),2.5,NONE,NONE,"page 1 only (limit=80, 80 lines, count-matched, not cross-verified)"
401872946,PIT,NE,4047650,Total Receptions (incl. overtime),3.5,NONE,NONE,"page 1 only (limit=80, 80 lines, count-matched, not cross-verified)"
401872946,PIT,NE,4361411,Total Receptions (incl. overtime),2.5,NONE,NONE,"page 1 only (limit=80, 80 lines, count-matched, not cross-verified)"
401872946,PIT,NE,4361432,Total Receptions (incl. overtime),3.5,NONE,NONE,"page 1 only (limit=80, 80 lines, count-matched, not cross-verified)"
401872946,PIT,NE,4427095,Total Receptions (incl. overtime),3.5,NONE,NONE,"page 1 only (limit=80, 80 lines, count-matched, not cross-verified)"
401872946,PIT,NE,4430802,Total Receptions (incl. overtime),1.5,NONE,NONE,"page 1 only (limit=80, 80 lines, count-matched, not cross-verified)"
401872946,PIT,NE,4431492,Total Receptions (incl. overtime),1.5,NONE,NONE,"page 1 only (limit=80, 80 lines, count-matched, not cross-verified)"
401872946,PIT,NE,4569173,Total Receptions (incl. overtime),2.5,NONE,NONE,"page 1 only (limit=80, 80 lines, count-matched, not cross-verified)"
401872946,PIT,NE,4569987,Total Receptions (incl. overtime),2.5,NONE,NONE,"page 1 only (limit=80, 80 lines, count-matched, not cross-verified)"
401872946,PIT,NE,4038815,Total Rushing Yards (incl. overtime),37.5,NONE,NONE,"page 1 only (limit=80, 80 lines, count-matched, not cross-verified)"
401872946,PIT,NE,4431452,Total Rushing Yards (incl. overtime),25.5,NONE,NONE,"page 1 only (limit=80, 80 lines, count-matched, not cross-verified)"
401872946,PIT,NE,4432710,Total Rushing Yards (incl. overtime),38.5,NONE,NONE,"page 1 only (limit=80, 80 lines, count-matched, not cross-verified)"
401872946,PIT,NE,4569173,Total Rushing Yards (incl. overtime),49.5,NONE,NONE,"page 1 only (limit=80, 80 lines, count-matched, not cross-verified)"
401872946,PIT,NE,4569987,Total Rushing Yards (incl. overtime),41.5,NONE,NONE,"page 1 only (limit=80, 80 lines, count-matched, not cross-verified)"
