player,team,pos,opp,pts_ppr,pass_att,pass_cmp,pass_inc,pass_yd,pass_td,pass_int,pass_sack,pass_fd,rush_att,rush_yd,rush_td,rush_fd,rec,rec_tgt,rec_yd,rec_td,rec_fd,fum_lost,pts_allow,fgm,xpm,sack,int,fum_rec,def_td
Lamar Jackson,BAL,QB,DAL,24.45,30.36,19.82,10.54,274.83,1.69,0.46,2.67,27.48,8.58,52.46,0.34,5.25,,,,,,0.19,,,,,,,
Josh Allen,BUF,QB,LAC,23.6,32.67,21.37,11.3,263.37,1.53,1.15,2.88,26.34,7.69,35.55,0.77,3.55,,,,,,0.21,,,,,,,
Brock Purdy,SF,QB,ARI,21.61,29.92,19.87,10.05,248.95,2.21,0.66,2.62,24.9,4.37,20.54,0.25,2.05,,,,,,0.19,,,,,,,
Patrick Mahomes,KC,QB,MIA,20.93,31.42,21.13,10.29,247.99,1.97,0.5,2.75,24.8,3.97,22.54,0.26,2.25,,,,,,0.21,,,,,,,
Trevor Lawrence,JAX,QB,NE,19.17,32.97,20.09,12.88,238.12,1.62,0.49,2.72,23.81,4.77,19.08,0.31,1.91,,,,,,0.2,,,,,,,
Dak Prescott,DAL,QB,BAL,18.99,36.21,23.15,13.06,268.56,1.81,0.61,3.01,26.86,3.0,10.86,0.12,1.09,,,,,,0.22,,,,,,,
Jared Goff,DET,QB,NYJ,18.92,33.15,21.2,11.95,249.95,2.1,0.1,2.86,25.0,1.93,5.03,0.05,0.5,,,,,,0.21,,,,,,,
Jalen Hurts,PHI,QB,CHI,18.75,28.75,18.42,10.33,215.08,1.35,0.94,2.3,21.51,7.2,34.63,0.39,3.46,,,,,,0.16,,,,,,,
Drake Maye,NE,QB,JAX,18.39,31.72,21.79,9.93,252.43,1.23,0.94,2.48,25.24,6.06,30.43,0.23,3.04,,,,,,0.18,,,,,,,
Tyler Shough,NO,QB,LV,18.33,33.38,21.91,11.47,240.17,1.55,0.52,2.69,24.02,5.19,17.91,0.24,1.79,,,,,,0.19,,,,,,,
Joe Burrow,CIN,QB,PIT,17.57,33.9,22.73,11.17,246.16,1.84,0.98,2.72,24.62,3.28,10.17,0.08,1.02,,,,,,0.2,,,,,,,
Kyler Murray,MIN,QB,TB,17.55,30.41,19.72,10.69,211.5,1.34,0.4,2.4,21.15,5.94,29.03,0.24,2.9,,,,,,0.18,,,,,,,
Justin Herbert,LAC,QB,BUF,16.8,33.04,21.03,12.02,232.21,1.25,0.58,2.59,23.22,4.13,20.98,0.19,2.1,,,,,,0.18,,,,,,,
Sam Darnold,SEA,QB,WAS,16.78,30.51,19.31,11.2,236.68,1.66,0.55,2.48,23.67,2.41,9.6,0.08,0.96,,,,,,0.18,,,,,,,
Bo Nix,DEN,QB,LAR,16.78,33.39,21.5,11.89,226.31,1.4,0.87,2.58,22.63,4.57,20.48,0.19,2.05,,,,,,0.19,,,,,,,
Bryce Young,CAR,QB,CLE,16.55,32.24,19.12,13.13,203.17,1.43,0.66,2.57,20.32,4.4,21.78,0.22,2.18,,,,,,0.18,,,,,,,
Jordan Love,GB,QB,ATL,16.48,32.32,21.21,11.1,232.01,1.63,1.14,2.63,23.2,3.3,15.0,0.09,1.5,,,,,,0.19,,,,,,,
Matthew Stafford,LAR,QB,DEN,16.09,32.83,20.37,12.46,241.35,1.62,0.57,2.65,24.13,1.87,4.03,0.05,0.4,,,,,,0.19,,,,,,,
Baker Mayfield,TB,QB,MIN,15.92,30.41,19.53,10.88,213.2,1.45,0.7,2.34,21.32,3.72,16.59,0.13,1.66,,,,,,0.17,,,,,,,
Malik Willis,MIA,QB,KC,15.85,28.59,18.58,10.01,214.79,0.92,0.42,2.08,21.48,5.25,24.18,0.28,2.42,,,,,,0.14,,,,,,,
Geno Smith,NYJ,QB,DET,15.6,32.05,21.6,10.45,224.99,1.36,0.63,2.47,22.5,3.17,13.5,0.11,1.35,,,,,,0.17,,,,,,,
C.J. Stroud,HOU,QB,IND,15.38,30.81,19.74,11.07,233.61,1.15,0.45,2.43,23.36,3.03,11.53,0.15,1.15,,,,,,0.17,,,,,,,
Jacoby Brissett,ARI,QB,SF,15.36,33.9,21.23,12.67,223.45,1.31,0.28,2.57,22.35,3.04,11.35,0.09,1.13,,,,,,0.19,,,,,,,
Kirk Cousins,LV,QB,NO,14.64,31.27,20.13,11.14,210.49,1.55,0.55,2.39,21.05,1.83,3.6,0.06,0.36,,,,,,0.17,,,,,,,
Aaron Rodgers,PIT,QB,CIN,14.43,33.08,21.32,11.77,220.16,1.41,0.89,2.5,22.02,1.51,7.2,0.06,0.72,,,,,,0.18,,,,,,,
Deshaun Watson,CLE,QB,CAR,13.86,29.2,21.01,8.19,214.21,1.11,1.15,2.22,21.42,3.0,13.93,0.13,1.39,,,,,,0.16,,,,,,,
Daniel Jones,IND,QB,HOU,13.7,29.66,19.27,10.39,208.23,1.01,0.77,2.28,20.82,3.74,14.73,0.14,1.47,,,,,,0.16,,,,,,,
Michael Penix,ATL,QB,GB,13.44,29.22,16.77,12.45,200.8,1.14,0.5,2.19,20.08,2.78,8.65,0.12,0.87,,,,,,0.16,,,,,,,
Marcus Mariota,WAS,QB,SEA,13.07,28.18,17.6,10.57,190.25,0.75,0.98,2.0,19.02,6.3,27.64,0.14,2.76,,,,,,0.17,,,,,,,
Jameis Winston,NYG,QB,TEN,12.93,24.9,13.92,10.98,187.07,0.97,0.44,1.9,18.71,3.84,13.3,0.14,1.33,,,,,,0.15,,,,,,,
Cam Ward,TEN,QB,NYG,12.13,27.63,16.75,10.88,174.19,0.72,0.36,2.02,17.42,3.53,15.44,0.21,1.54,,,,,,0.15,,,,,,,
Case Keenum,CHI,QB,PHI,10.45,28.03,17.03,11.0,176.27,0.74,0.66,,17.63,2.09,7.46,0.06,0.75,,,,,,,,,,,,,
Blake Sims,,QB,,,,,,,,,,,,,,,,,,,,,,,,,,,
Skyler Howard,SEA,QB,,,,,,,,,,,,,,,,,,,,,,,,,,,
Alex McGough,,QB,,,,,,,,,,,,,,,,,,,,,,,,,,,
Ben Bryant,,QB,,,,,,,,,,,,,,,,,,,,,,,,,,,
Payton Thorne,,QB,,,,,,,,,,,,,,,,,,,,,,,,,,,
Brogan Roback,,QB,,,,,,,,,,,,,,,,,,,,,,,,,,,
Cody Fajardo,,QB,,,,,,,,,,,,,,,,,,,,,,,,,,,
Aeneas Dennis,,QB,,,,,,,,,,,,,,,,,,,,,,,,,,,
Cole Stoudt,,QB,,,,,,,,,,,,,,,,,,,,,,,,,,,
William Thompson,,QB,,,,,,,,,,,,,,,,,,,,,,,,,,,
Jack Strand,ATL,QB,,,,,,,,,,,,,,,,,,,,,,,,,,,
John Wolford,,QB,,,,,,,,,,,,,,,,,,,,,,,,,,,
Levi Lewis,,QB,,,,,,,,,,,,,,,,,,,,,,,,,,,
Luke Altmyer,DET,QB,,,,,,,,,,,,,,,,,,,,,,,,,,,
Jake Waters,,QB,,,,,,,,,,,,,,,,,,,,,,,,,,,
Jayden Daniels,WAS,QB,,,,,,,,,,,,,,,,,,,,,,,,,,,
Drew Allar,PIT,QB,,,,,,,,,,,,,,,,,,,,,,,,,,,
Josh Love,,QB,,,,,,,,,,,,,,,,,,,,,,,,,,,
Blaine Gabbert,,QB,,,,,,,,,,,,,,,,,,,,,,,,,,,
Joe Fagnano,BAL,QB,,,,,,,,,,,,,,,,,,,,,,,,,,,
Mac Jones,SF,QB,,,,,,,,,,,,,,,,,,,,,,,,,,,
Jake Retzlaff,,QB,,,,,,,,,,,,,,,,,,,,,,,,,,,
Adrian Martinez,,QB,,,,,,,,,,,,,,,,,,,,,,,,,,,
Alex Tanney,,QB,,,,,,,,,,,,,,,,,,,,,,,,,,,
Drew Brees,,QB,,,,,,,,,,,,,,,,,,,,,,,,,,,
Tyson Bagent,CHI,QB,,,,,,,,,,,,,,,,,,,,,,,,,,,
Kyle Lauletta,,QB,,,,,,,,,,,,,,,,,,,,,,,,,,,
Taylen Green,CLE,QB,,,,,,,,,,,,,,,,,,,,,,,,,,,
Brandon Peters,,QB,,,,,,,,,,,,,,,,,,,,,,,,,,,
Jalen Milroe,SEA,QB,,,,,,,,,,,,,,,,,,,,,,,,,,,
Nick Mullens,JAX,QB,,,,,,,,,,,,,,,,,,,,,,,,,,,
Mike DiLiello,,QB,,,,,,,,,,,,,,,,,,,,,,,,,,,
D'Eriq King,,QB,,,,,,,,,,,,,,,,,,,,,,,,,,,
J.T. Barrett,,QB,,,,,,,,,,,,,,,,,,,,,,,,,,,
Mason Rudolph,PIT,QB,,,,,,,,,,,,,,,,,,,,,,,,,,,
Ryan Fitzpatrick,,QB,,,,,,,,,,,,,,,,,,,,,,,,,,,
Aaron Bailey,BAL,QB,,,,,,,,,,,,,,,,,,,,,,,,,,,
Kyle Sloter,,QB,,,,,,,,,,,,,,,,,,,,,,,,,,,
Jeff Driskel,,QB,,,,,,,,,,,,,,,,,,,,,,,,,,,
Jake Fromm,,QB,,,,,,,,,,,,,,,,,,,,,,,,,,,
Eric Dungey,,QB,,,,,,,,,,,,,,,,,,,,,,,,,,,
Luis Perez,,QB,,,,,,,,,,,,,,,,,,,,,,,,,,,
Jalan McClendon,,QB,,,,,,,,,,,,,,,,,,,,,,,,,,,
Jerry Lovelocke,,QB,,,,,,,,,,,,,,,,,,,,,,,,,,,
Drew Stanton,,QB,,,,,,,,,,,,,,,,,,,,,,,,,,,
Caleb Williams,CHI,QB,,,,,,,,,,,,,,,,,,,,,,,,,,,
Sam Howell,DAL,QB,,,,,,,,,,,,,,,,,,,,,,,,,,,
Jacob Sirmon,,QB,,,,,,,,,,,,,,,,,,,,,,,,,,,
Sam Hartman,WAS,QB,,,,,,,,,,,,,,,,,,,,,,,,,,,
Tanner Mordecai,,QB,,,,,,,,,,,,,,,,,,,,,,,,,,,
Ben Roethlisberger,PIT,QB,,,,,,,,,,,,,,,,,,,,,,,,,,,
Drew Plitt,,QB,,,,,,,,,,,,,,,,,,,,,,,,,,,
Chase Garbers,,QB,,,,,,,,,,,,,,,,,,,,,,,,,,,
E.J. Warner,,QB,,,,,,,,,,,,,,,,,,,,,,,,,,,
Jerod Evans,,QB,,,,,,,,,,,,,,,,,,,,,,,,,,,
Danny Etling,,QB,,,,,,,,,,,,,,,,,,,,,,,,,,,
Nolan Henderson,,QB,,,,,,,,,,,,,,,,,,,,,,,,,,,
Bryan Bennett,,QB,,,,,,,,,,,,,,,,,,,,,,,,,,,
Carter Bradley,,QB,,,,,,,,,,,,,,,,,,,,,,,,,,,
Austin Allen,,QB,,,,,,,,,,,,,,,,,,,,,,,,,,,
Lamar Jordan,,QB,,,,,,,,,,,,,,,,,,,,,,,,,,,
Max Wittek,,QB,,,,,,,,,,,,,,,,,,,,,,,,,,,
Jack Plummer,,QB,,,,,,,,,,,,,,,,,,,,,,,,,,,
Chris Streveler,,QB,,,,,,,,,,,,,,,,,,,,,,,,,,,
E.J. Perry,,QB,,,,,,,,,,,,,,,,,,,,,,,,,,,
Josh Woodrum,,QB,,,,,,,,,,,,,,,,,,,,,,,,,,,
Matt Moore,,QB,,,,,,,,,,,,,,,,,,,,,,,,,,,
Zach Conque,,QB,,,,,,,,,,,,,,,,,,,,,,,,,,,
Kyle Shurmur,,QB,,,,,,,,,,,,,,,,,,,,,,,,,,,
Tanner McKee,PHI,QB,,,,,,,,,,,,,,,,,,,,,,,,,,,
Sefo Liufau,,QB,,,,,,,,,,,,,,,,,,,,,,,,,,,
Garrett Nussmeier,KC,QB,,,,,,,,,,,,,,,,,,,,,,,,,,,
Nic Shimonek,,QB,,,,,,,,,,,,,,,,,,,,,,,,,,,
Jake Rudock,,QB,,,,,,,,,,,,,,,,,,,,,,,,,,,
Ben Wooldridge,,QB,,,,,,,,,,,,,,,,,,,,,,,,,,,
Ryan Willis,,QB,,,,,,,,,,,,,,,,,,,,,,,,,,,
Jordan Ta'amu,,QB,,,,,,,,,,,,,,,,,,,,,,,,,,,
Quinn Ewers,JAX,QB,,,,,,,,,,,,,,,,,,,,,,,,,,,
Kyle McCord,MIA,QB,,,,,,,,,,,,,,,,,,,,,,,,,,,
Jarrett Stidham,DEN,QB,,,,,,,,,,,,,,,,,,,,,,,,,,,
Kellen Mond,,QB,,,,,,,,,,,,,,,,,,,,,,,,,,,
Colby Suits,,QB,,,,,,,,,,,,,,,,,,,,,,,,,,,
Mike White,,QB,,,,,,,,,,,,,,,,,,,,,,,,,,,
Gardner Minshew,ARI,QB,,,,,,,,,,,,,,,,,,,,,,,,,,,
Spencer Rattler,NO,QB,,,,,,,,,,,,,,,,,,,,,,,,,,,
Mike Glennon,,QB,,,,,,,,,,,,,,,,,,,,,,,,,,,
Dillon Gabriel,CLE,QB,,,,,,,,,,,,,,,,,,,,,,,,,,,
Cam Miller,,QB,,,,,,,,,,,,,,,,,,,,,,,,,,,
Philip Rivers,,QB,,,,,,,,,,,,,,,,,,,,,,,,,,,
Graham Mertz,HOU,QB,,,,,,,,,,,,,,,,,,,,,,,,,,,
Carson Wentz,MIN,QB,,,,,,,,,,,,,,,,,,,,,,,,,,,
Garrett Gilbert,,QB,,,,,,,,,,,,,,,,,,,,,,,,,,,
Jason Bean,,QB,,,,,,,,,,,,,,,,,,,,,,,,,,,
Ian Book,,QB,,,,,,,,,,,,,,,,,,,,,,,,,,,
Trevor Siemian,,QB,,,,,,,,,,,,,,,,,,,,,,,,,,,
David Blough,,QB,,,,,,,,,,,,,,,,,,,,,,,,,,,
Riley Neal,,QB,,,,,,,,,,,,,,,,,,,,,,,,,,,
Trace McSorley,,QB,,,,,,,,,,,,,,,,,,,,,,,,,,,
Matt Schaub,,QB,,,,,,,,,,,,,,,,,,,,,,,,,,,
Jalon Daniels,TB,QB,,,,,,,,,,,,,,,,,,,,,,,,,,,
Austin Appleby,,QB,,,,,,,,,,,,,,,,,,,,,,,,,,,
Kyle Allen,BUF,QB,,,,,,,,,,,,,,,,,,,,,,,,,,,
James Morgan,,QB,,,,,,,,,,,,,,,,,,,,,,,,,,,
Kaidon Salter,,QB,,,,,,,,,,,,,,,,,,,,,,,,,,,
Jack Heneghan,,QB,,,,,,,,,,,,,,,,,,,,,,,,,,,
Teddy Bridgewater,,QB,,,,,,,,,,,,,,,,,,,,,,,,,,,
Desmond Ridder,,QB,,,,,,,,,,,,,,,,,,,,,,,,,,,
Matthew Caldwell,LAR,QB,,,,,,,,,,,,,,,,,,,,,,,,,,,
Nate Stanley,,QB,,,,,,,,,,,,,,,,,,,,,,,,,,,
Nick Foles,,QB,,,,,,,,,,,,,,,,,,,,,,,,,,,
Davis Cheek,,QB,,,,,,,,,,,,,,,,,,,,,,,,,,,
Josh McCown,,QB,,,,,,,,,,,,,,,,,,,,,,,,,,,
Alex Smith,,QB,,,,,,,,,,,,,,,,,,,,,,,,,,,
Nick Stevens,,QB,,,,,,,,,,,,,,,,,,,,,,,,,,,
Sean Mannion,,QB,,,,,,,,,,,,,,,,,,,,,,,,,,,
Cole Kelley,,QB,,,,,,,,,,,,,,,,,,,,,,,,,,,
Brady Cook,MIA,QB,,,,,,,,,,,,,,,,,,,,,,,,,,,
Bart Houston,,QB,,,,,,,,,,,,,,,,,,,,,,,,,,,
Jack Coan,,QB,,,,,,,,,,,,,,,,,,,,,,,,,,,
Cade Klubnik,NYJ,QB,,,,,,,,,,,,,,,,,,,,,,,,,,,
Devlin Hodges,,QB,,,,,,,,,,,,,,,,,,,,,,,,,,,
Logan Kilgore,,QB,,,,,,,,,,,,,,,,,,,,,,,,,,,
DJ Uiagalelei,LAC,QB,,,,,,,,,,,,,,,,,,,,,,,,,,,
Chris Oladokun,,QB,,,,,,,,,,,,,,,,,,,,,,,,,,,
Jeremy Moussa,,QB,,,,,,,,,,,,,,,,,,,,,,,,,,,
Gunnar Watson,,QB,,,,,,,,,,,,,,,,,,,,,,,,,,,
P.J. Walker,,QB,,,,,,,,,,,,,,,,,,,,,,,,,,,
Mike Bercovici,,QB,,,,,,,,,,,,,,,,,,,,,,,,,,,
James Blackman,,QB,,,,,,,,,,,,,,,,,,,,,,,,,,,
Matt Barkley,,QB,,,,,,,,,,,,,,,,,,,,,,,,,,,
Fernando Mendoza,LV,QB,,,,,,,,,,,,,,,,,,,,,,,,,,,
Ken Seals,,QB,,,,,,,,,,,,,,,,,,,,,,,,,,,
Austin Aune,,QB,,,,,,,,,,,,,,,,,,,,,,,,,,,
Russell Wilson,,QB,,,,,,,,,,,,,,,,,,,,,,,,,,,
Jake Luton,,QB,,,,,,,,,,,,,,,,,,,,,,,,,,,
Ty Simpson,LAR,QB,,,,,,,,,,,,,,,,,,,,,,,,,,,
Clayton Thorson,NYG,QB,,,,,,,,,,,,,,,,,,,,,,,,,,,
Anthony Gordon,,QB,,,,,,,,,,,,,,,,,,,,,,,,,,,
Mitch Leidner,,QB,,,,,,,,,,,,,,,,,,,,,,,,,,,
Kenji Bahar,,QB,,,,,,,,,,,,,,,,,,,,,,,,,,,
Bryce Perkins,,QB,,,,,,,,,,,,,,,,,,,,,,,,,,,
Nathan Peterman,,QB,,,,,,,,,,,,,,,,,,,,,,,,,,,
Kurtis Rourke,SF,QB,,,,,,,,,,,,,,,,,,,,,,,,,,,
Devin Leary,,QB,,,,,,,,,,,,,,,,,,,,,,,,,,,
Jake Coker,,QB,,,,,,,,,,,,,,,,,,,,,,,,,,,
Zach Terrell,BAL,QB,,,,,,,,,,,,,,,,,,,,,,,,,,,
Sawyer Robertson,,QB,,,,,,,,,,,,,,,,,,,,,,,,,,,
Ryan Finley,,QB,,,,,,,,,,,,,,,,,,,,,,,,,,,
Trey Lance,LAC,QB,,,,,,,,,,,,,,,,,,,,,,,,,,,
Collin Hill,,QB,,,,,,,,,,,,,,,,,,,,,,,,,,,
Joe Webb,,QB,,,,,,,,,,,,,,,,,,,,,,,,,,,
David Olson,,QB,,,,,,,,,,,,,,,,,,,,,,,,,,,
Brett Rypien,,QB,,,,,,,,,,,,,,,,,,,,,,,,,,,
Aidan O'Connell,LV,QB,,,,,,,,,,,,,,,,,,,,,,,,,,,
Holton Ahlers,,QB,,,,,,,,,,,,,,,,,,,,,,,,,,,
Joshua Dobbs,DET,QB,,,,,,,,,,,,,,,,,,,,,,,,,,,
Anthony Richardson,IND,QB,,,,,,,,,,,,,,,,,,,,,,,,,,,
Stetson Bennett,LAR,QB,,,,,,,,,,,,,,,,,,,,,,,,,,,
Dresser Winn,,QB,,,,,,,,,,,,,,,,,,,,,,,,,,,
Vincent Testaverde,,QB,,,,,,,,,,,,,,,,,,,,,,,,,,,
Derek Carr,,QB,,,,,,,,,,,,,,,,,,,,,,,,,,,
Cole McDonald,,QB,,,,,,,,,,,,,,,,,,,,,,,,,,,
Dustin Crum,,QB,,,,,,,,,,,,,,,,,,,,,,,,,,,
Nate Sudfeld,,QB,,,,,,,,,,,,,,,,,,,,,,,,,,,
Shane Buechele,BUF,QB,,,,,,,,,,,,,,,,,,,,,,,,,,,
Will Howard,PIT,QB,,,,,,,,,,,,,,,,,,,,,,,,,,,
Tommy DeVito,NE,QB,,,,,,,,,,,,,,,,,,,,,,,,,,,
Hajj-Malik Williams,,QB,,,,,,,,,,,,,,,,,,,,,,,,,,,
Diego Pavia,,QB,,,,,,,,,,,,,,,,,,,,,,,,,,,
Colt McCoy,,QB,,,,,,,,,,,,,,,,,,,,,,,,,,,
Eli Jenkins,,QB,,,,,,,,,,,,,,,,,,,,,,,,,,,
Connor Bazelak,,QB,,,,,,,,,,,,,,,,,,,,,,,,,,,
Brandon Allen,,QB,,,,,,,,,,,,,,,,,,,,,,,,,,,
Max Brosmer,MIN,QB,,,,,,,,,,,,,,,,,,,,,,,,,,,
Nick Fitzgerald,,QB,,,,,,,,,,,,,,,,,,,,,,,,,,,
Cody Kessler,,QB,,,,,,,,,,,,,,,,,,,,,,,,,,,
Chad Kelly,,QB,,,,,,,,,,,,,,,,,,,,,,,,,,,
Riley Leonard,IND,QB,,,,,,,,,,,,,,,,,,,,,,,,,,,
Phillip Sims,,QB,,,,,,,,,,,,,,,,,,,,,,,,,,,
Casey Bauman,,QB,,,,,,,,,,,,,,,,,,,,,,,,,,,
Chase Daniel,,QB,,,,,,,,,,,,,,,,,,,,,,,,,,,
John Rhys Plumlee,,QB,,,,,,,,,,,,,,,,,,,,,,,,,,,
J.J. McCarthy,MIN,QB,,,,,,,,,,,,,,,,,,,,,,,,,,,
Tyler Ferguson,,QB,,,,,,,,,,,,,,,,,,,,,,,,,,,
Cam Newton,,QB,,,,,,,,,,,,,,,,,,,,,,,,,,,
Will Grier,,QB,,,,,,,,,,,,,,,,,,,,,,,,,,,
K.J. Costello,,QB,,,,,,,,,,,,,,,,,,,,,,,,,,,
Roland Rivers,,QB,,,,,,,,,,,,,,,,,,,,,,,,,,,
Jaxson Dart,NYG,QB,,,,,,,,,,,,,,,,,,,,,,,,,,,
Matt Corral,,QB,,,,,,,,,,,,,,,,,,,,,,,,,,,
Mitchell Trubisky,TEN,QB,,,,,,,,,,,,,,,,,,,,,,,,,,,
Kedon Slovis,GB,QB,,,,,,,,,,,,,,,,,,,,,,,,,,,
Spencer Sanders,,QB,,,,,,,,,,,,,,,,,,,,,,,,,,,
Clayton Tune,,QB,,,,,,,,,,,,,,,,,,,,,,,,,,,
Hunter Dekkers,,QB,,,,,,,,,,,,,,,,,,,,,,,,,,,
Wes Lunt,,QB,,,,,,,,,,,,,,,,,,,,,,,,,,,
Justin Fields,KC,QB,,,,,,,,,,,,,,,,,,,,,,,,,,,
Tim DeMorat,,QB,,,,,,,,,,,,,,,,,,,,,,,,,,,
Jacob Huesman,,QB,,,,,,,,,,,,,,,,,,,,,,,,,,,
Kenny Pickett,CAR,QB,,,,,,,,,,,,,,,,,,,,,,,,,,,
Dalton Sturm,,QB,,,,,,,,,,,,,,,,,,,,,,,,,,,
Tim Boyle,,QB,,,,,,,,,,,,,,,,,,,,,,,,,,,
Nick Schuessler,PIT,QB,,,,,,,,,,,,,,,,,,,,,,,,,,,
Cole Payton,PHI,QB,,,,,,,,,,,,,,,,,,,,,,,,,,,
Luke Falk,,QB,,,,,,,,,,,,,,,,,,,,,,,,,,,
Josh Rosen,,QB,,,,,,,,,,,,,,,,,,,,,,,,,,,
Paxton Lynch,,QB,,,,,,,,,,,,,,,,,,,,,,,,,,,
Nick Tiano,,QB,,,,,,,,,,,,,,,,,,,,,,,,,,,
Collin Schlee,,QB,,,,,,,,,,,,,,,,,,,,,,,,,,,
Kurt Benkert,,QB,,,,,,,,,,,,,,,,,,,,,,,,,,,
Taylor Elgersma,,QB,,,,,,,,,,,,,,,,,,,,,,,,,,,
Bailey Zappe,,QB,,,,,,,,,,,,,,,,,,,,,,,,,,,
David Fales,,QB,,,,,,,,,,,,,,,,,,,,,,,,,,,
Tommy Stevens,NYG,TE,,,,,,,,,,,,,,,,,,,,,,,,,,,
Easton Stick,TB,QB,,,,,,,,,,,,,,,,,,,,,,,,,,,
Haynes King,CAR,QB,,,,,,,,,,,,,,,,,,,,,,,,,,,
Tanner Morgan,,QB,,,,,,,,,,,,,,,,,,,,,,,,,,,
Skylar Thompson,BAL,QB,,,,,,,,,,,,,,,,,,,,,,,,,,,
Drew Anderson,,QB,,,,,,,,,,,,,,,,,,,,,,,,,,,
Jake Haener,NYG,QB,,,,,,,,,,,,,,,,,,,,,,,,,,,
Broc Rutter,,QB,,,,,,,,,,,,,,,,,,,,,,,,,,,
Chevan Cordeiro,,QB,,,,,,,,,,,,,,,,,,,,,,,,,,,
Tyler Huntley,BAL,QB,,,,,,,,,,,,,,,,,,,,,,,,,,,
Felix Harper,,QB,,,,,,,,,,,,,,,,,,,,,,,,,,,
Logan Woodside,,QB,,,,,,,,,,,,,,,,,,,,,,,,,,,
Jacob Dolegala,,QB,,,,,,,,,,,,,,,,,,,,,,,,,,,
Kyle Trask,,QB,,,,,,,,,,,,,,,,,,,,,,,,,,,
Carson Beck,ARI,QB,,,,,,,,,,,,,,,,,,,,,,,,,,,
Wilton Speight,,QB,,,,,,,,,,,,,,,,,,,,,,,,,,,
Carson Strong,,QB,,,,,,,,,,,,,,,,,,,,,,,,,,,
Tyler Bray,,QB,,,,,,,,,,,,,,,,,,,,,,,,,,,
Will Levis,NYJ,QB,,,,,,,,,,,,,,,,,,,,,,,,,,,
Joel Stave,,QB,,,,,,,,,,,,,,,,,,,,,,,,,,,
Shea Patterson,,QB,,,,,,,,,,,,,,,,,,,,,,,,,,,
Mark Gronowski,,QB,,,,,,,,,,,,,,,,,,,,,,,,,,,
Emory Jones,,QB,,,,,,,,,,,,,,,,,,,,,,,,,,,
Dorian Thompson-Robinson,,QB,,,,,,,,,,,,,,,,,,,,,,,,,,,
John Matocha,,QB,,,,,,,,,,,,,,,,,,,,,,,,,,,
Tyrod Taylor,GB,QB,,,,,,,,,,,,,,,,,,,,,,,,,,,
Michael Hiers,,QB,,,,,,,,,,,,,,,,,,,,,,,,,,,
Sean Clifford,CIN,QB,,,,,,,,,,,,,,,,,,,,,,,,,,,
Tom Brady,,QB,,,,,,,,,,,,,,,,,,,,,,,,,,,
Joey Aguilar,JAX,QB,,,,,,,,,,,,,,,,,,,,,,,,,,,
Taulia Tagovailoa,,QB,,,,,,,,,,,,,,,,,,,,,,,,,,,
Garrett Greene,TB,QB,,,,,,,,,,,,,,,,,,,,,,,,,,,
Jordan Travis,,QB,,,,,,,,,,,,,,,,,,,,,,,,,,,
Gavin Hardison,,QB,,,,,,,,,,,,,,,,,,,,,,,,,,,
Tommy Armstrong Jr.,,QB,,,,,,,,,,,,,,,,,,,,,,,,,,,
Jacob Clark,,QB,,,,,,,,,,,,,,,,,,,,,,,,,,,
Peter Pujals,,QB,,,,,,,,,,,,,,,,,,,,,,,,,,,
Shedeur Sanders,CLE,QB,,,,,,,,,,,,,,,,,,,,,,,,,,,
Nathan Rourke,,QB,,,,,,,,,,,,,,,,,,,,,,,,,,,
Ben DiNucci,,QB,,,,,,,,,,,,,,,,,,,,,,,,,,,
Ryan Tannehill,,QB,,,,,,,,,,,,,,,,,,,,,,,,,,,
Peewee Jarrett,,QB,,,,,,,,,,,,,,,,,,,,,,,,,,,
Jake Heaps,,QB,,,,,,,,,,,,,,,,,,,,,,,,,,,
John Paddock,,QB,,,,,,,,,,,,,,,,,,,,,,,,,,,
Rocky Lombardi,,QB,,,,,,,,,,,,,,,,,,,,,,,,,,,
Trevor Knight,,QB,,,,,,,,,,,,,,,,,,,,,,,,,,,
Jimmy Garoppolo,,QB,,,,,,,,,,,,,,,,,,,,,,,,,,,
Cade Peterson,,QB,,,,,,,,,,,,,,,,,,,,,,,,,,,
Athan Kaliakmanis,WAS,QB,,,,,,,,,,,,,,,,,,,,,,,,,,,
Taylor Heinicke,,QB,,,,,,,,,,,,,,,,,,,,,,,,,,,
Josh Johnson,CIN,QB,,,,,,,,,,,,,,,,,,,,,,,,,,,
Blake Bortles,NO,QB,,,,,,,,,,,,,,,,,,,,,,,,,,,
Michael Pratt,,QB,,,,,,,,,,,,,,,,,,,,,,,,,,,
Andrew Peasley,,QB,,,,,,,,,,,,,,,,,,,,,,,,,,,
Tre Ford,,QB,,,,,,,,,,,,,,,,,,,,,,,,,,,
Kevin Davidson,,QB,,,,,,,,,,,,,,,,,,,,,,,,,,,
Hendon Hooker,TEN,QB,,,,,,,,,,,,,,,,,,,,,,,,,,,
Brandon Silvers,,QB,,,,,,,,,,,,,,,,,,,,,,,,,,,
Cooper Rush,ATL,QB,,,,,,,,,,,,,,,,,,,,,,,,,,,
Chase Litton,,QB,,,,,,,,,,,,,,,,,,,,,,,,,,,
Matt Ryan,,QB,,,,,,,,,,,,,,,,,,,,,,,,,,,
James Franklin,,QB,,,,,,,,,,,,,,,,,,,,,,,,,,,
Chandler Morris,,QB,,,,,,,,,,,,,,,,,,,,,,,,,,,
J'Mar Smith,,QB,,,,,,,,,,,,,,,,,,,,,,,,,,,
Shane Carden,,QB,,,,,,,,,,,,,,,,,,,,,,,,,,,
Sam Ehlinger,DEN,QB,,,,,,,,,,,,,,,,,,,,,,,,,,,
Ethan Garbers,,QB,,,,,,,,,,,,,,,,,,,,,,,,,,,
Jake Browning,,QB,,,,,,,,,,,,,,,,,,,,,,,,,,,
Seth Henigan,,QB,,,,,,,,,,,,,,,,,,,,,,,,,,,
Case Cookus,,QB,,,,,,,,,,,,,,,,,,,,,,,,,,,
Zach Wilson,NO,QB,,,,,,,,,,,,,,,,,,,,,,,,,,,
Brett Hundley,,QB,,,,,,,,,,,,,,,,,,,,,,,,,,,
Tua Tagovailoa,ATL,QB,,,,,,,,,,,,,,,,,,,,,,,,,,,
Miller Moss,CHI,QB,,,,,,,,,,,,,,,,,,,,,,,,,,,
C.J. Beathard,,QB,,,,,,,,,,,,,,,,,,,,,,,,,,,
Austin Reed,,QB,,,,,,,,,,,,,,,,,,,,,,,,,,,
Brian Lewerke,,QB,,,,,,,,,,,,,,,,,,,,,,,,,,,
Brian Hoyer,,QB,,,,,,,,,,,,,,,,,,,,,,,,,,,
Manny Wilkins,,QB,,,,,,,,,,,,,,,,,,,,,,,,,,,
Connor Jessop,,QB,,,,,,,,,,,,,,,,,,,,,,,,,,,
T.J. Linta,,QB,,,,,,,,,,,,,,,,,,,,,,,,,,,
Davis Webb,,QB,,,,,,,,,,,,,,,,,,,,,,,,,,,
Anthony Boone,,QB,,,,,,,,,,,,,,,,,,,,,,,,,,,
Andy Dalton,PHI,QB,,,,,,,,,,,,,,,,,,,,,,,,,,,
Zack Annexstad,,QB,,,,,,,,,,,,,,,,,,,,,,,,,,,
Robert Griffin,,QB,,,,,,,,,,,,,,,,,,,,,,,,,,,
DeShone Kizer,,QB,,,,,,,,,,,,,,,,,,,,,,,,,,,
Kyron Drones,,QB,,,,,,,,,,,,,,,,,,,,,,,,,,,
Jarrett Guarantano,,QB,,,,,,,,,,,,,,,,,,,,,,,,,,,
Jalen Morton,IND,QB,,,,,,,,,,,,,,,,,,,,,,,,,,,
Jaren Hall,,QB,,,,,,,,,,,,,,,,,,,,,,,,,,,
Reid Sinnett,,QB,,,,,,,,,,,,,,,,,,,,,,,,,,,
Chad Henne,,QB,,,,,,,,,,,,,,,,,,,,,,,,,,,
Kevin Hogan,,QB,,,,,,,,,,,,,,,,,,,,,,,,,,,
Marquise Williams,,QB,,,,,,,,,,,,,,,,,,,,,,,,,,,
Joe Milton,DAL,QB,,,,,,,,,,,,,,,,,,,,,,,,,,,
Taryn Christion,,QB,,,,,,,,,,,,,,,,,,,,,,,,,,,
Drew Lock,SEA,QB,,,,,,,,,,,,,,,,,,,,,,,,,,,
Anthony Brown,,QB,,,,,,,,,,,,,,,,,,,,,,,,,,,
Davis Mills,HOU,QB,,,,,,,,,,,,,,,,,,,,,,,,,,,
Jamie Newman,,QB,,,,,,,,,,,,,,,,,,,,,,,,,,,
Jacob Eason,,QB,,,,,,,,,,,,,,,,,,,,,,,,,,,
Max Duggan,,QB,,,,,,,,,,,,,,,,,,,,,,,,,,,
Steven Montez,,QB,,,,,,,,,,,,,,,,,,,,,,,,,,,
Ryan Griffin,,QB,,,,,,,,,,,,,,,,,,,,,,,,,,,
Joe Flacco,CIN,QB,,,,,,,,,,,,,,,,,,,,,,,,,,,
AJ McCarron,,QB,,,,,,,,,,,,,,,,,,,,,,,,,,,
Behren Morton,NE,QB,,,,,,,,,,,,,,,,,,,,,,,,,,,
Brett Gabbert,,QB,,,,,,,,,,,,,,,,,,,,,,,,,,,
Kinkead Dent,,QB,,,,,,,,,,,,,,,,,,,,,,,,,,,
Jahmyr Gibbs,DET,RB,NYJ,23.19,,,,,,,,,20.0,98.52,0.74,9.85,4.3,5.1,30.24,0.28,3.02,0.1,,,,,,,
Christian McCaffrey,SF,RB,ARI,20.7,,,,,,,,,16.55,79.79,0.58,7.98,4.34,5.09,31.45,0.31,3.14,0.09,,,,,,,
Kenneth Walker,KC,RB,MIA,20.41,,,,,,,,,18.05,88.39,0.67,8.84,3.53,3.99,28.92,0.2,2.89,0.09,,,,,,,
Bijan Robinson,ATL,RB,GB,20.13,,,,,,,,,18.47,85.95,0.46,8.6,4.15,5.1,32.57,0.24,3.26,0.08,,,,,,,
Jonathan Taylor,IND,RB,HOU,19.72,,,,,,,,,21.76,86.85,0.93,8.68,2.85,3.49,19.97,0.11,2.0,0.09,,,,,,,
Derrick Henry,BAL,RB,DAL,18.88,,,,,,,,,16.59,98.28,0.94,9.83,1.49,1.78,14.85,0.08,1.49,0.08,,,,,,,
James Cook,BUF,RB,LAC,16.54,,,,,,,,,15.4,75.66,0.7,7.57,2.19,2.96,17.16,0.16,1.72,0.08,,,,,,,
Jaylen Warren,PIT,RB,CIN,16.22,,,,,,,,,13.4,72.99,0.38,7.3,3.52,3.97,25.56,0.11,2.56,0.06,,,,,,,
De'Von Achane,MIA,RB,KC,16.2,,,,,,,,,14.02,66.68,0.32,6.67,3.96,4.45,27.14,0.17,2.71,0.06,,,,,,,
Chase Brown,CIN,RB,PIT,16.14,,,,,,,,,16.35,62.93,0.39,6.29,3.84,4.43,21.95,0.26,2.2,0.08,,,,,,,
Saquon Barkley,PHI,RB,CHI,15.93,,,,,,,,,16.79,81.77,0.5,8.18,2.31,3.13,17.76,0.13,1.78,0.07,,,,,,,
Breece Hall,NYJ,RB,DET,15.89,,,,,,,,,13.36,63.93,0.41,6.39,3.49,4.04,27.47,0.15,2.75,0.06,,,,,,,
Ashton Jeanty,LV,RB,NO,15.55,,,,,,,,,17.12,55.99,0.37,5.6,3.81,4.78,21.37,0.31,2.14,0.08,,,,,,,
Javonte Williams,DAL,RB,BAL,15.41,,,,,,,,,16.03,59.12,0.77,5.91,2.72,3.26,15.86,0.11,1.59,0.08,,,,,,,
Chuba Hubbard,CAR,RB,CLE,14.89,,,,,,,,,16.57,68.27,0.47,6.83,2.64,3.1,15.96,0.18,1.6,0.08,,,,,,,
Cam Skattebo,NYG,RB,TEN,14.7,,,,,,,,,17.0,72.4,0.64,7.24,1.63,2.04,15.69,0.08,1.57,0.07,,,,,,,
Bucky Irving,TB,RB,MIN,14.68,,,,,,,,,16.54,56.54,0.47,5.65,3.3,3.89,23.41,0.11,2.34,0.08,,,,,,,
Jeremiyah Love,ARI,RB,SF,14.47,,,,,,,,,11.89,48.21,0.42,4.82,3.72,4.77,24.68,0.16,2.47,0.06,,,,,,,
David Montgomery,HOU,RB,IND,14.39,,,,,,,,,15.3,52.91,0.85,5.29,1.97,2.17,15.38,0.09,1.54,0.07,,,,,,,
Omarion Hampton,LAC,RB,BUF,14.11,,,,,,,,,13.63,65.5,0.6,6.55,2.37,2.64,12.5,0.07,1.25,0.06,,,,,,,
Kyren Williams,LAR,RB,DEN,13.68,,,,,,,,,14.22,62.87,0.58,6.29,2.13,2.89,12.62,0.09,1.26,0.07,,,,,,,
D'Andre Swift,CHI,RB,PHI,13.58,,,,,,,,,14.37,60.91,0.7,6.09,1.86,2.35,11.81,0.05,1.18,0.06,,,,,,,
Aaron Jones,MIN,RB,TB,12.92,,,,,,,,,16.13,60.4,0.43,6.04,2.21,2.61,14.82,0.12,1.48,0.07,,,,,,,
TreVeyon Henderson,NE,RB,JAX,12.53,,,,,,,,,11.83,55.36,0.54,5.54,2.04,2.55,13.06,0.07,1.31,0.05,,,,,,,
Tony Pollard,TEN,RB,NYG,12.43,,,,,,,,,13.95,75.19,0.42,7.52,1.41,1.73,8.66,0.03,0.87,0.05,,,,,,,
Quinshon Judkins,CLE,RB,CAR,12.32,,,,,,,,,15.37,57.32,0.5,5.73,2.05,2.36,11.87,0.07,1.19,0.06,,,,,,,
Bhayshul Tuten,JAX,RB,NE,11.32,,,,,,,,,13.02,50.77,0.45,5.08,1.63,2.18,12.02,0.13,1.2,0.06,,,,,,,
Travis Etienne,NO,RB,LV,11.23,,,,,,,,,13.26,49.33,0.22,4.93,2.17,2.67,14.87,0.23,1.49,0.06,,,,,,,
J.K. Dobbins,DEN,RB,LAR,11.11,,,,,,,,,12.99,64.85,0.29,6.48,1.68,1.94,8.68,0.07,0.87,0.06,,,,,,,
Rhamondre Stevenson,NE,RB,JAX,10.66,,,,,,,,,7.8,37.68,0.29,3.77,2.54,2.92,19.15,0.12,1.91,0.04,,,,,,,
RJ Harvey,DEN,RB,LAR,10.55,,,,,,,,,7.67,30.22,0.25,3.02,2.89,3.44,21.44,0.17,2.14,0.04,,,,,,,
Jacory Croskey-Merritt,WAS,RB,SEA,10.31,,,,,,,,,13.08,48.01,0.54,4.8,1.23,1.57,8.09,0.04,0.81,0.05,,,,,,,
MarShawn Lloyd,GB,RB,ATL,10.15,,,,,,,,,10.89,46.18,0.33,4.62,1.7,2.26,12.05,0.12,1.21,0.05,,,,,,,
Jadarian Price,SEA,RB,WAS,9.99,,,,,,,,,11.72,57.62,0.31,5.76,1.08,1.37,9.5,0.07,0.95,0.05,,,,,,,
Tyjae Spears,TEN,RB,NYG,8.75,,,,,,,,,7.37,35.26,0.3,3.53,2.0,2.23,12.32,0.04,1.23,0.03,,,,,,,
Blake Corum,LAR,RB,DEN,8.33,,,,,,,,,11.02,49.93,0.35,4.99,0.69,1.0,3.85,0.03,0.39,0.05,,,,,,,
Alvin Kamara,NO,RB,LV,8.04,,,,,,,,,7.9,28.15,0.27,2.82,2.06,2.34,11.38,0.08,1.14,0.04,,,,,,,
Woody Marks,HOU,RB,IND,7.84,,,,,,,,,9.57,33.56,0.18,3.36,1.6,2.11,13.14,0.09,1.31,0.04,,,,,,,
Kenny Gainwell,TB,RB,MIN,7.62,,,,,,,,,7.17,27.56,0.22,2.76,1.87,2.34,12.96,0.06,1.3,0.03,,,,,,,
Kyle Monangai,CHI,RB,PHI,7.58,,,,,,,,,10.31,45.27,0.2,4.53,0.96,1.38,7.3,0.04,0.73,0.04,,,,,,,
Tyler Allgeier,ARI,RB,SF,7.11,,,,,,,,,9.0,34.27,0.19,3.43,1.37,1.49,8.87,0.05,0.89,0.04,,,,,,,
Justice Hill,BAL,RB,DAL,6.94,,,,,,,,,3.18,15.68,0.13,1.57,2.08,2.4,18.18,0.12,1.82,0.02,,,,,,,
Chris Brooks,GB,RB,ATL,6.87,,,,,,,,,6.21,29.39,0.16,2.94,1.47,1.94,9.54,0.1,0.95,0.03,,,,,,,
Keaton Mitchell,LAC,RB,BUF,6.7,,,,,,,,,5.48,31.6,0.19,3.16,1.23,1.56,8.89,0.05,0.89,0.03,,,,,,,
Rachaad White,WAS,RB,SEA,6.63,,,,,,,,,5.91,21.67,0.07,2.17,2.37,2.58,13.48,0.06,1.35,0.03,,,,,,,
Emanuel Wilson,SEA,RB,WAS,6.58,,,,,,,,,7.92,37.59,0.19,3.76,0.8,0.92,6.32,0.05,0.63,0.03,,,,,,,
Braelon Allen,NYJ,RB,DET,6.33,,,,,,,,,6.51,27.71,0.29,2.77,0.87,1.07,6.3,0.06,0.63,0.03,,,,,,,
Raheim Sanders,CLE,RB,CAR,6.02,,,,,,,,,4.91,19.37,0.11,1.94,1.72,2.04,11.75,0.09,1.17,0.03,,,,,,,
George Holani,SEA,RB,WAS,5.57,,,,,,,,,4.77,20.42,0.14,2.04,1.15,1.53,10.36,0.08,1.04,0.02,,,,,,,
Kaelon Black,SF,RB,ARI,5.53,,,,,,,,,6.64,30.82,0.13,3.08,0.83,0.93,5.97,0.05,0.6,0.03,,,,,,,
Devin Singletary,NYG,RB,TEN,5.31,,,,,,,,,6.75,26.89,0.22,2.69,0.67,0.75,5.02,0.03,0.5,0.03,,,,,,,
Travis Homer,PIT,RB,CIN,5.15,,,,,,,,,3.65,18.75,0.12,1.88,1.24,1.52,9.5,0.06,0.95,,,,,,,,
Samaje Perine,CIN,RB,PIT,5.15,,,,,,,,,4.7,17.09,0.13,1.71,1.41,1.59,9.84,0.05,0.98,0.02,,,,,,,
Emmett Johnson,KC,RB,MIA,5.04,,,,,,,,,3.64,15.3,0.14,1.53,1.15,1.32,10.27,0.08,1.03,0.02,,,,,,,
Chris Rodriguez,JAX,RB,NE,4.71,,,,,,,,,5.3,22.89,0.22,2.29,0.5,0.68,4.13,0.03,0.41,0.02,,,,,,,
Kaleb Johnson,GB,RB,ATL,4.53,,,,,,,,,5.82,21.98,0.15,2.2,0.67,0.97,4.93,0.05,0.49,0.03,,,,,,,
Brian Robinson,ATL,RB,GB,4.38,,,,,,,,,5.6,21.49,0.14,2.15,0.68,0.86,4.94,0.04,0.49,0.02,,,,,,,
Tank Bigsby,PHI,RB,CHI,4.05,,,,,,,,,3.64,18.12,0.16,1.81,0.57,0.8,5.03,0.04,0.5,0.02,,,,,,,
DeeJay Dallas,MIN,RB,TB,3.9,,,,,,,,,2.5,10.56,0.07,1.06,1.23,1.37,7.91,0.07,0.79,0.01,,,,,,,
Emari Demercado,DAL,RB,BAL,3.89,,,,,,,,,3.22,17.7,0.09,1.77,0.81,1.01,5.82,0.03,0.58,0.02,,,,,,,
Najee Harris,NYG,RB,TEN,3.88,,,,,,,,,5.52,21.4,0.16,2.14,0.43,0.5,3.21,0.01,0.32,0.02,,,,,,,
AJ Dillon,CAR,RB,CLE,3.69,,,,,,,,,4.67,18.69,0.12,1.87,0.56,0.64,3.5,0.04,0.35,,,,,,,,
Ollie Gordon,MIA,RB,KC,3.5,,,,,,,,,4.95,12.14,0.15,1.21,0.69,0.86,4.81,0.04,0.48,0.02,,,,,,,
Mike Washington,LV,RB,NO,3.16,,,,,,,,,3.52,13.62,0.07,1.36,0.62,0.96,4.94,0.04,0.49,0.02,,,,,,,
Ameer Abdullah,JAX,RB,NE,2.77,,,,,,,,,2.35,9.93,0.06,0.99,0.76,0.82,4.52,0.04,0.45,0.01,,,,,,,
Eli Heidenreich,PIT,RB,CIN,2.66,,,,,,,,,2.92,16.12,0.11,1.61,0.17,0.26,1.72,0.01,0.17,0.01,,,,,,,
Will Shipley,PHI,RB,CHI,2.57,,,,,,,,,1.77,5.92,0.04,0.59,0.84,1.01,6.28,0.04,0.63,0.01,,,,,,,
Demond Claiborne,MIN,RB,TB,2.55,,,,,,,,,2.69,9.93,0.08,0.99,0.53,0.61,3.66,0.03,0.37,0.01,,,,,,,
Ray Davis,BUF,RB,LAC,2.36,,,,,,,,,3.04,13.99,0.07,1.4,0.24,0.29,2.15,0.02,0.21,0.01,,,,,,,
Nicholas Singleton,TEN,RB,NYG,2.29,,,,,,,,,3.2,14.73,0.11,1.47,0.09,0.11,0.59,0.0,0.06,0.01,,,,,,,
Ty Johnson,BUF,RB,LAC,2.22,,,,,,,,,1.84,7.46,0.06,0.75,0.49,0.65,4.06,0.04,0.41,0.01,,,,,,,
Sione Vaki,DET,RB,NYJ,2.12,,,,,,,,,3.47,15.05,0.09,1.5,0.03,0.05,0.38,0.0,0.04,0.01,,,,,,,
Kaytron Allen,WAS,RB,SEA,1.96,,,,,,,,,2.66,9.18,0.05,0.92,0.4,0.56,2.68,0.02,0.27,0.01,,,,,,,
Jaleel McLaughlin,CLE,RB,CAR,1.91,,,,,,,,,1.16,6.16,0.05,0.62,0.51,0.64,3.37,0.03,0.34,0.01,,,,,,,
Kyle Juszczyk,SF,FB,ARI,1.85,,,,,,,,,0.12,0.51,0.0,0.05,0.67,0.87,6.59,0.07,0.66,0.0,,,,,,,
LeQuint Allen,JAX,RB,NE,1.84,,,,,,,,,0.97,3.7,0.02,0.37,0.71,0.86,4.42,0.04,0.44,0.01,,,,,,,
CJ Donaldson,NO,RB,LV,1.68,,,,,,,,,1.16,4.3,0.04,0.43,0.49,0.67,3.38,0.03,0.34,,,,,,,,
Seth McGowan,IND,RB,HOU,1.66,,,,,,,,,2.16,7.13,0.06,0.71,0.28,0.39,2.05,0.01,0.21,0.01,,,,,,,
Hunter Luepke,DAL,FB,BAL,1.54,,,,,,,,,0.6,2.25,0.02,0.23,0.56,0.7,4.94,0.02,0.49,0.0,,,,,,,
Tyler Badie,DEN,RB,LAR,1.42,,,,,,,,,0.81,3.84,0.02,0.38,0.46,0.6,3.28,0.02,0.33,0.0,,,,,,,
Jacob Saylors,DET,RB,NYJ,1.41,,,,,,,,,1.04,4.94,0.03,0.49,0.34,0.43,2.74,0.02,0.27,0.01,,,,,,,
Kimani Vidal,LAC,RB,BUF,0.88,,,,,,,,,0.77,3.42,0.02,0.34,0.2,0.26,1.49,0.01,0.15,0.0,,,,,,,
Connor Heyward,LV,RB,NO,0.87,,,,,,,,,0.43,1.49,0.02,0.15,0.29,0.39,2.26,0.02,0.23,0.0,,,,,,,
Tyrone Tracy,NYG,RB,TEN,0.81,,,,,,,,,1.05,4.57,0.02,0.46,0.1,0.12,0.84,0.01,0.08,0.0,,,,,,,
Jordan James,SF,RB,ARI,0.73,,,,,,,,,0.95,4.67,0.03,0.47,0.05,0.06,0.38,0.0,0.04,0.0,,,,,,,
Tyler Goodson,DAL,RB,BAL,0.72,,,,,,,,,0.37,1.46,0.01,0.15,0.26,0.33,1.74,0.01,0.17,0.0,,,,,,,
Isaiah Davis,NYJ,RB,DET,0.67,,,,,,,,,0.49,2.52,0.02,0.25,0.14,0.16,1.06,0.01,0.11,0.0,,,,,,,
Alec Ingold,LAC,FB,BUF,0.66,,,,,,,,,0.73,2.89,0.03,0.29,0.1,0.13,0.76,0.0,0.08,0.0,,,,,,,
Brashard Smith,KC,RB,MIA,0.66,,,,,,,,,0.56,2.22,0.02,0.22,0.15,0.19,1.21,0.01,0.12,0.0,,,,,,,
Corey Kiner,NE,RB,JAX,0.55,,,,,,,,,0.81,3.27,0.02,0.33,0.05,0.06,0.38,0.0,0.04,,,,,,,,
Tahj Brooks,CIN,RB,PIT,0.53,,,,,,,,,0.85,2.47,0.02,0.25,0.08,0.1,0.61,0.0,0.06,0.0,,,,,,,
Dean Connors,LAR,RB,DEN,0.46,,,,,,,,,0.56,2.21,0.02,0.22,0.07,0.1,0.46,0.0,0.05,0.0,,,,,,,
DJ Giddens,IND,RB,HOU,0.42,,,,,,,,,0.41,1.41,0.01,0.14,0.11,0.16,0.79,0.01,0.08,0.0,,,,,,,
Sean Tucker,TB,RB,MIN,0.41,,,,,,,,,0.43,1.46,0.02,0.15,0.06,0.09,0.49,0.01,0.05,0.0,,,,,,,
Dylan Laube,LV,RB,NO,0.4,,,,,,,,,0.54,1.35,0.01,0.13,0.09,0.12,0.62,0.01,0.06,0.0,,,,,,,
Rasheen Ali,BAL,RB,DAL,0.31,,,,,,,,,0.12,0.49,0.0,0.05,0.1,0.12,0.93,0.01,0.09,0.0,,,,,,,
Julius Chestnut,TEN,RB,NYG,0.3,,,,,,,,,0.28,1.29,0.01,0.13,0.06,0.09,0.48,0.0,0.05,0.0,,,,,,,
Reggie Gilliam,NE,RB,JAX,0.26,,,,,,,,,0.11,0.4,0.0,0.04,0.09,0.13,0.85,0.01,0.08,,,,,,,,
Roschon Johnson,CHI,RB,PHI,0.25,,,,,,,,,0.42,1.48,0.02,0.15,,,,,,0.0,,,,,,,
British Brooks,HOU,RB,IND,0.17,,,,,,,,,0.11,0.49,0.0,0.05,0.05,0.06,0.4,0.0,0.04,,,,,,,,
Max Bredeson,MIN,RB,TB,0.11,,,,,,,,,0.01,0.04,0.0,0.0,0.05,0.06,0.39,0.0,0.04,0.0,,,,,,,
Patrick Ricard,NYG,FB,TEN,0.11,,,,,,,,,,,,,0.05,0.06,0.46,0.0,0.05,0.0,,,,,,,
John Robinson-Woodgett,,RB,,,,,,,,,,,,,,,,,,,,,,,,,,,
Darius Jackson,,RB,,,,,,,,,,,,,,,,,,,,,,,,,,,
Nate McCrary,,RB,,,,,,,,,,,,,,,,,,,,,,,,,,,
Xavier Turner,,RB,,,,,,,,,,,,,,,,,,,,,,,,,,,
Darius Hagans,,RB,,,,,,,,,,,,,,,,,,,,,,,,,,,
Darius Anderson,,RB,,,,,,,,,,,,,,,,,,,,,,,,,,,
Marcelias Sutton,,RB,,,,,,,,,,,,,,,,,,,,,,,,,,,
Zach Olstad,,RB,,,,,,,,,,,,,,,,,,,,,,,,,,,
De'Montre Tuggle,,RB,,,,,,,,,,,,,,,,,,,,,,,,,,,
Kenyan Drake,,RB,,,,,,,,,,,,,,,,,,,,,,,,,,,
Wendell Smallwood,WAS,RB,,,,,,,,,,,,,,,,,,,,,,,,,,,
Daryl Virgies,,RB,,,,,,,,,,,,,,,,,,,,,,,,,,,
John Lovett,,QB,,,,,,,,,,,,,,,,,,,,,,,,,,,
Nate Noel,,RB,,,,,,,,,,,,,,,,,,,,,,,,,,,
Kenny McIntosh,,RB,,,,,,,,,,,,,,,,,,,,,,,,,,,
Donovan Edwards,,RB,,,,,,,,,,,,,,,,,,,,,,,,,,,
Caleb Huntley,,RB,,,,,,,,,,,,,,,,,,,,,,,,,,,
Chase Edmonds,,RB,,,,,,,,,,,,,,,,,,,,,,,,,,,
Chris Swain,,FB,,,,,,,,,,,,,,,,,,,,,,,,,,,
Anthony Jones,,RB,,,,,,,,,,,,,,,,,,,,,,,,,,,
Jordan Howard,,RB,,,,,,,,,,,,,,,,,,,,,,,,,,,
Pooka Williams,,RB,,,,,,,,,,,,,,,,,,,,,,,,,,,
Jarvion Franklin,,RB,,,,,,,,,,,,,,,,,,,,,,,,,,,
Micah Bernard,,RB,,,,,,,,,,,,,,,,,,,,,,,,,,,
Jack Colletto,,FB,,,,,,,,,,,,,,,,,,,,,,,,,,,
Mason Stokke,CAR,FB,,,,,,,,,,,,,,,,,,,,,,,,,,,
Kenneth Harper,,RB,,,,,,,,,,,,,,,,,,,,,,,,,,,
Roydell Williams,,RB,,,,,,,,,,,,,,,,,,,,,,,,,,,
Damon Bankston,GB,RB,,,,,,,,,,,,,,,,,,,,,,,,,,,
Joe Bacci,,FB,,,,,,,,,,,,,,,,,,,,,,,,,,,
Michael Warren,DET,RB,,,,,,,,,,,,,,,,,,,,,,,,,,,
Noah Whittington,HOU,RB,,,,,,,,,,,,,,,,,,,,,,,,,,,
Mikey Daniel,,RB,,,,,,,,,,,,,,,,,,,,,,,,,,,
Napoleon Maxwell,,RB,,,,,,,,,,,,,,,,,,,,,,,,,,,
Zac Brooks,,RB,,,,,,,,,,,,,,,,,,,,,,,,,,,
Phil Mafah,NYG,RB,,,,,,,,,,,,,,,,,,,,,,,,,,,
Derek Watt,,FB,,,,,,,,,,,,,,,,,,,,,,,,,,,
DeAndre Washington,,RB,,,,,,,,,,,,,,,,,,,,,,,,,,,
CJ Marable,,RB,,,,,,,,,,,,,,,,,,,,,,,,,,,
Connor Slomka,,RB,,,,,,,,,,,,,,,,,,,,,,,,,,,
Alex Tecza,,RB,,,,,,,,,,,,,,,,,,,,,,,,,,,
Sam Scott,,RB,,,,,,,,,,,,,,,,,,,,,,,,,,,
Marlon Mack,,RB,,,,,,,,,,,,,,,,,,,,,,,,,,,
Larry Rountree,,RB,,,,,,,,,,,,,,,,,,,,,,,,,,,
TJ Harden,,RB,,,,,,,,,,,,,,,,,,,,,,,,,,,
Ahmani Marshall,CAR,RB,,,,,,,,,,,,,,,,,,,,,,,,,,,
Dalvin Cook,,RB,,,,,,,,,,,,,,,,,,,,,,,,,,,
Josh Pitsenburger,,RB,,,,,,,,,,,,,,,,,,,,,,,,,,,
Jaylen Wright,MIA,RB,,,,,,,,,,,,,,,,,,,,,,,,,,,
Zach Zenner,,RB,,,,,,,,,,,,,,,,,,,,,,,,,,,
Chandler Cox,,FB,,,,,,,,,,,,,,,,,,,,,,,,,,,
Ulysses Bentley,,RB,,,,,,,,,,,,,,,,,,,,,,,,,,,
Tim Cook,,RB,,,,,,,,,,,,,,,,,,,,,,,,,,,
Devonta Freeman,,RB,,,,,,,,,,,,,,,,,,,,,,,,,,,
Rodney Smith,,RB,,,,,,,,,,,,,,,,,,,,,,,,,,,
Deuce Vaughn,,RB,,,,,,,,,,,,,,,,,,,,,,,,,,,
Braylon Heard,,RB,,,,,,,,,,,,,,,,,,,,,,,,,,,
Khalid Hill,,FB,,,,,,,,,,,,,,,,,,,,,,,,,,,
Cullen Gillaspia,,RB,,,,,,,,,,,,,,,,,,,,,,,,,,,
Corey Knox,,RB,,,,,,,,,,,,,,,,,,,,,,,,,,,
Zach Charbonnet,SEA,RB,,,,,,,,,,,,,,,,,,,,,,,,,,,
Josh Jacobs,GB,RB,,,,,,,,,,,,,,,,,,,,,,,,,,,
Tyler Ervin,,RB,,,,,,,,,,,,,,,,,,,,,,,,,,,
Cedric O'Neal,,RB,,,,,,,,,,,,,,,,,,,,,,,,,,,
Mekhi Sargent,,RB,,,,,,,,,,,,,,,,,,,,,,,,,,,
Wayne Gallman,,RB,,,,,,,,,,,,,,,,,,,,,,,,,,,
Dwayne Washington,,RB,,,,,,,,,,,,,,,,,,,,,,,,,,,
Patrick Laird,,RB,,,,,,,,,,,,,,,,,,,,,,,,,,,
Blake Watson,,RB,,,,,,,,,,,,,,,,,,,,,,,,,,,
Jalin Moore,,RB,,,,,,,,,,,,,,,,,,,,,,,,,,,
Isaiah Bowser,,RB,,,,,,,,,,,,,,,,,,,,,,,,,,,
Miles Sanders,,RB,,,,,,,,,,,,,,,,,,,,,,,,,,,
Corey Clement,,RB,,,,,,,,,,,,,,,,,,,,,,,,,,,
Godwin Igwebuike,,RB,,,,,,,,,,,,,,,,,,,,,,,,,,,
Elijah Dotson,,RB,,,,,,,,,,,,,,,,,,,,,,,,,,,
Jalen Jackson,,RB,,,,,,,,,,,,,,,,,,,,,,,,,,,
Desmond Reid,,RB,,,,,,,,,,,,,,,,,,,,,,,,,,,
Chris Collier,LV,RB,,,,,,,,,,,,,,,,,,,,,,,,,,,
EJ Smith,,RB,,,,,,,,,,,,,,,,,,,,,,,,,,,
Avery Williams,,RB,,,,,,,,,,,,,,,,,,,,,,,,,,,
Ty'Son Williams,,RB,,,,,,,,,,,,,,,,,,,,,,,,,,,
Jawhar Jordan,HOU,RB,,,,,,,,,,,,,,,,,,,,,,,,,,,
Zamir White,NO,RB,,,,,,,,,,,,,,,,,,,,,,,,,,,
Jamaal Williams,,RB,,,,,,,,,,,,,,,,,,,,,,,,,,,
ShunDerrick Powell,,RB,,,,,,,,,,,,,,,,,,,,,,,,,,,
Jordan Mims,,RB,,,,,,,,,,,,,,,,,,,,,,,,,,,
Leonard Fournette,,RB,,,,,,,,,,,,,,,,,,,,,,,,,,,
Jordon Vaughn,,RB,,,,,,,,,,,,,,,,,,,,,,,,,,,
Jakob Johnson,,FB,,,,,,,,,,,,,,,,,,,,,,,,,,,
Trent Howland,,RB,,,,,,,,,,,,,,,,,,,,,,,,,,,
Kamryn Pettway,,RB,,,,,,,,,,,,,,,,,,,,,,,,,,,
Dontae Strickland,,RB,,,,,,,,,,,,,,,,,,,,,,,,,,,
Kevorian Barnes,,RB,,,,,,,,,,,,,,,,,,,,,,,,,,,
Marcus Cooper,,RB,,,,,,,,,,,,,,,,,,,,,,,,,,,
Israel Abanikanda,DAL,RB,,,,,,,,,,,,,,,,,,,,,,,,,,,
Artavis Pierce,,RB,,,,,,,,,,,,,,,,,,,,,,,,,,,
Kobe Lewis,,RB,,,,,,,,,,,,,,,,,,,,,,,,,,,
Kadarius Calloway,,RB,,,,,,,,,,,,,,,,,,,,,,,,,,,
T.J. Logan,,RB,,,,,,,,,,,,,,,,,,,,,,,,,,,
Tayon Fleet-Davis,,RB,,,,,,,,,,,,,,,,,,,,,,,,,,,
Luke McNitt,,FB,,,,,,,,,,,,,,,,,,,,,,,,,,,
Robert Turbin,,RB,,,,,,,,,,,,,,,,,,,,,,,,,,,
Shermari Jones,,RB,,,,,,,,,,,,,,,,,,,,,,,,,,,
Rodney Anderson,,RB,,,,,,,,,,,,,,,,,,,,,,,,,,,
Ronnie Brown,,RB,,,,,,,,,,,,,,,,,,,,,,,,,,,
Sone Ntoh,,RB,,,,,,,,,,,,,,,,,,,,,,,,,,,
Brandon Ross,,RB,,,,,,,,,,,,,,,,,,,,,,,,,,,
Trey Potts,,RB,,,,,,,,,,,,,,,,,,,,,,,,,,,
Derrick Gore,,RB,,,,,,,,,,,,,,,,,,,,,,,,,,,
Pete Guerriero,,RB,,,,,,,,,,,,,,,,,,,,,,,,,,,
Elijhaa Penny,,RB,,,,,,,,,,,,,,,,,,,,,,,,,,,
Toriano Clinton,,RB,,,,,,,,,,,,,,,,,,,,,,,,,,,
Henry Poggi,,FB,,,,,,,,,,,,,,,,,,,,,,,,,,,
Jarquez Hunter,MIA,RB,,,,,,,,,,,,,,,,,,,,,,,,,,,
D.J. Williams,,RB,,,,,,,,,,,,,,,,,,,,,,,,,,,
Gabe Nabers,,FB,,,,,,,,,,,,,,,,,,,,,,,,,,,
Ramon Jefferson,,RB,,,,,,,,,,,,,,,,,,,,,,,,,,,
Dan Vitale,,FB,,,,,,,,,,,,,,,,,,,,,,,,,,,
Taquan Mizzell,NYG,RB,,,,,,,,,,,,,,,,,,,,,,,,,,,
Master Teague,,RB,,,,,,,,,,,,,,,,,,,,,,,,,,,
Keshawn Hill,,RB,,,,,,,,,,,,,,,,,,,,,,,,,,,
Ricky Person,,RB,,,,,,,,,,,,,,,,,,,,,,,,,,,
Rakeem Boyd,,RB,,,,,,,,,,,,,,,,,,,,,,,,,,,
Andy Janovich,,FB,,,,,,,,,,,,,,,,,,,,,,,,,,,
Nick Ralston,,RB,,,,,,,,,,,,,,,,,,,,,,,,,,,
Malik Davis,DAL,RB,,,,,,,,,,,,,,,,,,,,,,,,,,,
C.J. Prosise,,RB,,,,,,,,,,,,,,,,,,,,,,,,,,,
Devon Johnson,,RB,,,,,,,,,,,,,,,,,,,,,,,,,,,
Raheem Blackshear,,RB,,,,,,,,,,,,,,,,,,,,,,,,,,,
Dominic Richardson,,RB,,,,,,,,,,,,,,,,,,,,,,,,,,,
Taiwan Jones,,RB,,,,,,,,,,,,,,,,,,,,,,,,,,,
Terrell Jennings,,RB,,,,,,,,,,,,,,,,,,,,,,,,,,,
George Aston,,FB,,,,,,,,,,,,,,,,,,,,,,,,,,,
Malcolm Brown,,RB,,,,,,,,,,,,,,,,,,,,,,,,,,,
Dare Ogunbowale,LV,RB,,,,,,,,,,,,,,,,,,,,,,,,,,,
T.J. Yeldon,,RB,,,,,,,,,,,,,,,,,,,,,,,,,,,
Kerrith Whyte,GB,RB,,,,,,,,,,,,,,,,,,,,,,,,,,,
Kareem Hunt,,RB,,,,,,,,,,,,,,,,,,,,,,,,,,,
Alstevis Squirewell,,RB,,,,,,,,,,,,,,,,,,,,,,,,,,,
Markese Stepp,,RB,,,,,,,,,,,,,,,,,,,,,,,,,,,
Ray Lawry,,RB,,,,,,,,,,,,,,,,,,,,,,,,,,,
Ross Scheuerman,,RB,,,,,,,,,,,,,,,,,,,,,,,,,,,
Daniel Marx,,FB,,,,,,,,,,,,,,,,,,,,,,,,,,,
Zonovan Knight,ARI,RB,,,,,,,,,,,,,,,,,,,,,,,,,,,
Troymaine Pope,,RB,,,,,,,,,,,,,,,,,,,,,,,,,,,
De'Mard Llorens,,RB,,,,,,,,,,,,,,,,,,,,,,,,,,,
Sherman Badie,,RB,,,,,,,,,,,,,,,,,,,,,,,,,,,
Jerrion Ealy,,RB,,,,,,,,,,,,,,,,,,,,,,,,,,,
Jamize Olawale,,FB,,,,,,,,,,,,,,,,,,,,,,,,,,,
Michael Wiley,,RB,,,,,,,,,,,,,,,,,,,,,,,,,,,
Javorius Allen,,RB,,,,,,,,,,,,,,,,,,,,,,,,,,,
Kye Robichaux,,RB,,,,,,,,,,,,,,,,,,,,,,,,,,,
Kyle Coleman,,FB,,,,,,,,,,,,,,,,,,,,,,,,,,,
Wayne Taulapapa,,RB,,,,,,,,,,,,,,,,,,,,,,,,,,,
Jonah Coleman,DEN,RB,,,,,,,,,,,,,,,,,,,,,,,,,,,
Luke Lundy,,RB,,,,,,,,,,,,,,,,,,,,,,,,,,,
Keilan Robinson,,RB,,,,,,,,,,,,,,,,,,,,,,,,,,,
De'Lance Turner,,RB,,,,,,,,,,,,,,,,,,,,,,,,,,,
Shaun Wilson,,RB,,,,,,,,,,,,,,,,,,,,,,,,,,,
Zach Evans,,RB,,,,,,,,,,,,,,,,,,,,,,,,,,,
Ervin Philips,,RB,,,,,,,,,,,,,,,,,,,,,,,,,,,
Chris Smith,,RB,,,,,,,,,,,,,,,,,,,,,,,,,,,
Lamar Miller,,RB,,,,,,,,,,,,,,,,,,,,,,,,,,,
Jordan Ellis,,RB,,,,,,,,,,,,,,,,,,,,,,,,,,,
Kalel Mullings,TEN,RB,,,,,,,,,,,,,,,,,,,,,,,,,,,
James White,,RB,,,,,,,,,,,,,,,,,,,,,,,,,,,
Bryce Love,,RB,,,,,,,,,,,,,,,,,,,,,,,,,,,
Jaret Patterson,MIN,RB,,,,,,,,,,,,,,,,,,,,,,,,,,,
T.J. Pledger,,RB,,,,,,,,,,,,,,,,,,,,,,,,,,,
Clint Ratkovich,,FB,,,,,,,,,,,,,,,,,,,,,,,,,,,
Cam Akers,,RB,,,,,,,,,,,,,,,,,,,,,,,,,,,
Brandon Radcliff,,RB,,,,,,,,,,,,,,,,,,,,,,,,,,,
Jon Hilliman,,RB,,,,,,,,,,,,,,,,,,,,,,,,,,,
Jordan Johnson,,RB,,,,,,,,,,,,,,,,,,,,,,,,,,,
Dillon Johnson,,RB,,,,,,,,,,,,,,,,,,,,,,,,,,,
Chris Warren,,RB,,,,,,,,,,,,,,,,,,,,,,,,,,,
Justin Stockton,,RB,,,,,,,,,,,,,,,,,,,,,,,,,,,
Mike Davis,,RB,,,,,,,,,,,,,,,,,,,,,,,,,,,
Bo Scarbrough,,RB,,,,,,,,,,,,,,,,,,,,,,,,,,,
Jordan Nubin,,RB,,,,,,,,,,,,,,,,,,,,,,,,,,,
Mohamed Ibrahim,,RB,,,,,,,,,,,,,,,,,,,,,,,,,,,
James Butler,,RB,,,,,,,,,,,,,,,,,,,,,,,,,,,
Myles Gaskin,,RB,,,,,,,,,,,,,,,,,,,,,,,,,,,
Austin Walter,,RB,,,,,,,,,,,,,,,,,,,,,,,,,,,
LeSean McCoy,,RB,,,,,,,,,,,,,,,,,,,,,,,,,,,
Freddie Stevenson,,FB,,,,,,,,,,,,,,,,,,,,,,,,,,,
Mark Weisman,,RB,,,,,,,,,,,,,,,,,,,,,,,,,,,
Kentrel Bullock,CIN,RB,,,,,,,,,,,,,,,,,,,,,,,,,,,
Tre Harbison,,RB,,,,,,,,,,,,,,,,,,,,,,,,,,,
Ja'Quinden Jackson,,RB,,,,,,,,,,,,,,,,,,,,,,,,,,,
Robert Martin,,RB,,,,,,,,,,,,,,,,,,,,,,,,,,,
Frank Gore,BUF,RB,,,,,,,,,,,,,,,,,,,,,,,,,,,
Nick Bawden,,FB,,,,,,,,,,,,,,,,,,,,,,,,,,,
Carson Steele,PHI,RB,,,,,,,,,,,,,,,,,,,,,,,,,,,
Ty Chandler,NO,RB,,,,,,,,,,,,,,,,,,,,,,,,,,,
Ellis Merriweather,,RB,,,,,,,,,,,,,,,,,,,,,,,,,,,
Terry Swanson,,RB,,,,,,,,,,,,,,,,,,,,,,,,,,,
Jordan Chunn,,RB,,,,,,,,,,,,,,,,,,,,,,,,,,,
SaRodorick Thompson,,RB,,,,,,,,,,,,,,,,,,,,,,,,,,,
Qadree Ollison,,RB,,,,,,,,,,,,,,,,,,,,,,,,,,,
Gerald Holmes,,RB,,,,,,,,,,,,,,,,,,,,,,,,,,,
Hassan Haskins,,RB,,,,,,,,,,,,,,,,,,,,,,,,,,,
Damien Harris,,RB,,,,,,,,,,,,,,,,,,,,,,,,,,,
Daijun Edwards,,RB,,,,,,,,,,,,,,,,,,,,,,,,,,,
Jason Cabinda,,FB,,,,,,,,,,,,,,,,,,,,,,,,,,,
J'Mari Taylor,JAX,RB,,,,,,,,,,,,,,,,,,,,,,,,,,,
James Summers,,RB,,,,,,,,,,,,,,,,,,,,,,,,,,,
Joe Mixon,,RB,,,,,,,,,,,,,,,,,,,,,,,,,,,
Sewo Olonilua,,FB,,,,,,,,,,,,,,,,,,,,,,,,,,,
Michael Dyer,,RB,,,,,,,,,,,,,,,,,,,,,,,,,,,
Lawrance Toafili,,RB,,,,,,,,,,,,,,,,,,,,,,,,,,,
Josh Hokit,,FB,,,,,,,,,,,,,,,,,,,,,,,,,,,
Benny Snell,,RB,,,,,,,,,,,,,,,,,,,,,,,,,,,
Larry Rose,,RB,,,,,,,,,,,,,,,,,,,,,,,,,,,
Samson Evans,,RB,,,,,,,,,,,,,,,,,,,,,,,,,,,
Taj McGowan,,RB,,,,,,,,,,,,,,,,,,,,,,,,,,,
Jase McClellan,,RB,,,,,,,,,,,,,,,,,,,,,,,,,,,
Spencer Ware,,RB,,,,,,,,,,,,,,,,,,,,,,,,,,,
Royce Freeman,,RB,,,,,,,,,,,,,,,,,,,,,,,,,,,
Mark Thompson,,RB,,,,,,,,,,,,,,,,,,,,,,,,,,,
CJ Verdell,,RB,,,,,,,,,,,,,,,,,,,,,,,,,,,
Darren Sproles,,RB,,,,,,,,,,,,,,,,,,,,,,,,,,,
Tyler Renew,,RB,,,,,,,,,,,,,,,,,,,,,,,,,,,
Zack Moss,,RB,,,,,,,,,,,,,,,,,,,,,,,,,,,
Leddie Brown,,RB,,,,,,,,,,,,,,,,,,,,,,,,,,,
Kejon Owens,,RB,,,,,,,,,,,,,,,,,,,,,,,,,,,
Dylan Sampson,CLE,RB,,,,,,,,,,,,,,,,,,,,,,,,,,,
Jonathon Brooks,CAR,RB,,,,,,,,,,,,,,,,,,,,,,,,,,,
Carlos Washington,MIA,RB,,,,,,,,,,,,,,,,,,,,,,,,,,,
Darrin Laufasa,,FB,,,,,,,,,,,,,,,,,,,,,,,,,,,
Ryquell Armstead,,RB,,,,,,,,,,,,,,,,,,,,,,,,,,,
Noah Cain,,RB,,,,,,,,,,,,,,,,,,,,,,,,,,,
Bronson Rechsteiner,,RB,,,,,,,,,,,,,,,,,,,,,,,,,,,
Ricky Seale,,RB,,,,,,,,,,,,,,,,,,,,,,,,,,,
Zach Ojile,,FB,,,,,,,,,,,,,,,,,,,,,,,,,,,
Darwin Thompson,,RB,,,,,,,,,,,,,,,,,,,,,,,,,,,
Ronnie Rivers,LAR,RB,,,,,,,,,,,,,,,,,,,,,,,,,,,
Jarveon Howard,,RB,,,,,,,,,,,,,,,,,,,,,,,,,,,
Coleman Bennett,,RB,,,,,,,,,,,,,,,,,,,,,,,,,,,
Robert Burns,CHI,FB,,,,,,,,,,,,,,,,,,,,,,,,,,,
Giovani Bernard,,RB,,,,,,,,,,,,,,,,,,,,,,,,,,,
Stevie Scott,,RB,,,,,,,,,,,,,,,,,,,,,,,,,,,
Kobe McCrary,,RB,,,,,,,,,,,,,,,,,,,,,,,,,,,
Kylin Hill,,RB,,,,,,,,,,,,,,,,,,,,,,,,,,,
Stephen Houston,,RB,,,,,,,,,,,,,,,,,,,,,,,,,,,
Zach Laskey,,RB,,,,,,,,,,,,,,,,,,,,,,,,,,,
Ricky Ortiz,,FB,,,,,,,,,,,,,,,,,,,,,,,,,,,
Deon Jackson,,RB,,,,,,,,,,,,,,,,,,,,,,,,,,,
Peyton Barber,,RB,,,,,,,,,,,,,,,,,,,,,,,,,,,
Lenard Tillery,,RB,,,,,,,,,,,,,,,,,,,,,,,,,,,
Josh Johnson,,RB,,,,,,,,,,,,,,,,,,,,,,,,,,,
Elijah Young,,RB,,,,,,,,,,,,,,,,,,,,,,,,,,,
Devwah Whaley,,RB,,,,,,,,,,,,,,,,,,,,,,,,,,,
L.J. Scott,,RB,,,,,,,,,,,,,,,,,,,,,,,,,,,
Eric Gray,CLE,RB,,,,,,,,,,,,,,,,,,,,,,,,,,,
Tony Brooks-James,,RB,,,,,,,,,,,,,,,,,,,,,,,,,,,
J.J. Taylor,,RB,,,,,,,,,,,,,,,,,,,,,,,,,,,
Julian Allen,,FB,,,,,,,,,,,,,,,,,,,,,,,,,,,
Keith Smith,,FB,,,,,,,,,,,,,,,,,,,,,,,,,,,
Henry Pearson,,FB,,,,,,,,,,,,,,,,,,,,,,,,,,,
Jordan Waters,LAR,RB,,,,,,,,,,,,,,,,,,,,,,,,,,,
Mark Walton,,RB,,,,,,,,,,,,,,,,,,,,,,,,,,,
DeAndre Torrey,,RB,,,,,,,,,,,,,,,,,,,,,,,,,,,
ZaQuandre White,,RB,,,,,,,,,,,,,,,,,,,,,,,,,,,
Dameon Pierce,PHI,RB,,,,,,,,,,,,,,,,,,,,,,,,,,,
Lorenzo Lingard,,RB,,,,,,,,,,,,,,,,,,,,,,,,,,,
Aaron Dykes,,RB,,,,,,,,,,,,,,,,,,,,,,,,,,,
Anthony Tyus,CAR,RB,,,,,,,,,,,,,,,,,,,,,,,,,,,
Justin Jackson,,RB,,,,,,,,,,,,,,,,,,,,,,,,,,,
Jaydn Ott,KC,RB,,,,,,,,,,,,,,,,,,,,,,,,,,,
Jacob Kibodi,,RB,,,,,,,,,,,,,,,,,,,,,,,,,,,
William Stanback,,RB,,,,,,,,,,,,,,,,,,,,,,,,,,,
Damien Martinez,,RB,,,,,,,,,,,,,,,,,,,,,,,,,,,
Sutton Smith,,FB,,,,,,,,,,,,,,,,,,,,,,,,,,,
Isaiah Jacobs,,RB,,,,,,,,,,,,,,,,,,,,,,,,,,,
Alfonzo Graham,,RB,,,,,,,,,,,,,,,,,,,,,,,,,,,
Eno Benjamin,,RB,,,,,,,,,,,,,,,,,,,,,,,,,,,
Damarea Crockett,,RB,,,,,,,,,,,,,,,,,,,,,,,,,,,
Trayveon Williams,,RB,,,,,,,,,,,,,,,,,,,,,,,,,,,
Scottie Phillips,,RB,,,,,,,,,,,,,,,,,,,,,,,,,,,
Tavien Feaster,ARI,RB,,,,,,,,,,,,,,,,,,,,,,,,,,,
Akrum Wadley,,RB,,,,,,,,,,,,,,,,,,,,,,,,,,,
Latavius Murray,,RB,,,,,,,,,,,,,,,,,,,,,,,,,,,
Brian Hill,,RB,,,,,,,,,,,,,,,,,,,,,,,,,,,
La'Damian Webb,,RB,,,,,,,,,,,,,,,,,,,,,,,,,,,
Terrence Franks,,RB,,,,,,,,,,,,,,,,,,,,,,,,,,,
Nathaniel Peat,,RB,,,,,,,,,,,,,,,,,,,,,,,,,,,
Aidan Robbins,,RB,,,,,,,,,,,,,,,,,,,,,,,,,,,
Travis Dye,,RB,,,,,,,,,,,,,,,,,,,,,,,,,,,
Brittain Brown,CHI,RB,,,,,,,,,,,,,,,,,,,,,,,,,,,
Lan Larison,NE,RB,,,,,,,,,,,,,,,,,,,,,,,,,,,
Jonathan Ward,BAL,RB,,,,,,,,,,,,,,,,,,,,,,,,,,,
Rodney Hammond,,RB,,,,,,,,,,,,,,,,,,,,,,,,,,,
Tyreik McAllister,,RB,,,,,,,,,,,,,,,,,,,,,,,,,,,
John Lovett,,RB,,,,,,,,,,,,,,,,,,,,,,,,,,,
Qualan Jones,,RB,,,,,,,,,,,,,,,,,,,,,,,,,,,
Patrick Taylor,,RB,,,,,,,,,,,,,,,,,,,,,,,,,,,
Trenton Cannon,,RB,,,,,,,,,,,,,,,,,,,,,,,,,,,
Trevor Etienne,CAR,RB,,,,,,,,,,,,,,,,,,,,,,,,,,,
Jordan Scarlett,MIA,RB,,,,,,,,,,,,,,,,,,,,,,,,,,,
Sony Michel,,RB,,,,,,,,,,,,,,,,,,,,,,,,,,,
Anthony Sherman,,RB,,,,,,,,,,,,,,,,,,,,,,,,,,,
Justin Strong,,RB,,,,,,,,,,,,,,,,,,,,,,,,,,,
Darrel Williams,,RB,,,,,,,,,,,,,,,,,,,,,,,,,,,
Adrian Peterson,,RB,,,,,,,,,,,,,,,,,,,,,,,,,,,
Monte Pottebaum,,FB,,,,,,,,,,,,,,,,,,,,,,,,,,,
Gary Brightwell,,RB,,,,,,,,,,,,,,,,,,,,,,,,,,,
Ronald Jones,,RB,,,,,,,,,,,,,,,,,,,,,,,,,,,
Khalfani Muhammad,,RB,,,,,,,,,,,,,,,,,,,,,,,,,,,
Bobby Holly,,FB,,,,,,,,,,,,,,,,,,,,,,,,,,,
Valentine Holmes,,RB,,,,,,,,,,,,,,,,,,,,,,,,,,,
Devontae Jackson,,RB,,,,,,,,,,,,,,,,,,,,,,,,,,,
Timothy Flanders,,RB,,,,,,,,,,,,,,,,,,,,,,,,,,,
Terrell Newby,,RB,,,,,,,,,,,,,,,,,,,,,,,,,,,
Jordan Terrell,,RB,,,,,,,,,,,,,,,,,,,,,,,,,,,
Bilal Powell,,RB,,,,,,,,,,,,,,,,,,,,,,,,,,,
Reggie Bonnafon,,RB,,,,,,,,,,,,,,,,,,,,,,,,,,,
Abram Smith,,RB,,,,,,,,,,,,,,,,,,,,,,,,,,,
Javian Hawkins,,RB,,,,,,,,,,,,,,,,,,,,,,,,,,,
Jalen White,,RB,,,,,,,,,,,,,,,,,,,,,,,,,,,
Tyler McCloskey,,RB,,,,,,,,,,,,,,,,,,,,,,,,,,,
James Develin,,FB,,,,,,,,,,,,,,,,,,,,,,,,,,,
Anderson Castle,,RB,,,,,,,,,,,,,,,,,,,,,,,,,,,
Jaden Shirden,,RB,,,,,,,,,,,,,,,,,,,,,,,,,,,
De'Chavon Hayes,,RB,,,,,,,,,,,,,,,,,,,,,,,,,,,
Tra Carson,,RB,,,,,,,,,,,,,,,,,,,,,,,,,,,
Toa Taua,,RB,,,,,,,,,,,,,,,,,,,,,,,,,,,
B.J. Emmons,,RB,,,,,,,,,,,,,,,,,,,,,,,,,,,
Al-Jay Henderson,NYJ,RB,,,,,,,,,,,,,,,,,,,,,,,,,,,
Zavier Scott,CHI,RB,,,,,,,,,,,,,,,,,,,,,,,,,,,
Cash Jones,ATL,RB,,,,,,,,,,,,,,,,,,,,,,,,,,,
Bruce Miller,,FB,,,,,,,,,,,,,,,,,,,,,,,,,,,
Jalen Simmons,,RB,,,,,,,,,,,,,,,,,,,,,,,,,,,
Jaylen Samuels,,RB,,,,,,,,,,,,,,,,,,,,,,,,,,,
Isaiah Spiller,,RB,,,,,,,,,,,,,,,,,,,,,,,,,,,
Anthony Hankerson,,RB,,,,,,,,,,,,,,,,,,,,,,,,,,,
Rodney Smith,,RB,,,,,,,,,,,,,,,,,,,,,,,,,,,
Bryant Koback,,RB,,,,,,,,,,,,,,,,,,,,,,,,,,,
C.J. Ham,,FB,,,,,,,,,,,,,,,,,,,,,,,,,,,
Brock Lampe,BUF,FB,,,,,,,,,,,,,,,,,,,,,,,,,,,
Raheem Mostert,,RB,,,,,,,,,,,,,,,,,,,,,,,,,,,
DeWayne McBride,,RB,,,,,,,,,,,,,,,,,,,,,,,,,,,
Nick Brossette,,RB,,,,,,,,,,,,,,,,,,,,,,,,,,,
Stanley Williams,,RB,,,,,,,,,,,,,,,,,,,,,,,,,,,
Jaydon Blue,PHI,RB,,,,,,,,,,,,,,,,,,,,,,,,,,,
Tyler Hoosman,,RB,,,,,,,,,,,,,,,,,,,,,,,,,,,
Desmond Martin,,RB,,,,,,,,,,,,,,,,,,,,,,,,,,,
Jackson Acker,,FB,,,,,,,,,,,,,,,,,,,,,,,,,,,
Devin Neal,,RB,,,,,,,,,,,,,,,,,,,,,,,,,,,
Wes Hills,,RB,,,,,,,,,,,,,,,,,,,,,,,,,,,
Joshua Pitsenberger,,RB,,,,,,,,,,,,,,,,,,,,,,,,,,,
Jacques Patrick,,RB,,,,,,,,,,,,,,,,,,,,,,,,,,,
Dante Miller,,RB,,,,,,,,,,,,,,,,,,,,,,,,,,,
Jamal Haynes,,RB,,,,,,,,,,,,,,,,,,,,,,,,,,,
Jalen Richard,LV,RB,,,,,,,,,,,,,,,,,,,,,,,,,,,
Jam Miller,,RB,,,,,,,,,,,,,,,,,,,,,,,,,,,
Gus Edwards,,RB,,,,,,,,,,,,,,,,,,,,,,,,,,,
Amar Johnson,LAC,RB,,,,,,,,,,,,,,,,,,,,,,,,,,,
Andrew Bonnet,,FB,,,,,,,,,,,,,,,,,,,,,,,,,,,
D'Vonte Price,,RB,,,,,,,,,,,,,,,,,,,,,,,,,,,
Trey Ragas,,RB,,,,,,,,,,,,,,,,,,,,,,,,,,,
Anthony McFarland,,RB,,,,,,,,,,,,,,,,,,,,,,,,,,,
Duke Johnson,,RB,,,,,,,,,,,,,,,,,,,,,,,,,,,
Dontrell Hilliard,,RB,,,,,,,,,,,,,,,,,,,,,,,,,,,
C.J. Anderson,,RB,,,,,,,,,,,,,,,,,,,,,,,,,,,
Nathan Cottrell,,RB,,,,,,,,,,,,,,,,,,,,,,,,,,,
Quayvon Hicks,,RB,,,,,,,,,,,,,,,,,,,,,,,,,,,
Keaontay Ingram,,RB,,,,,,,,,,,,,,,,,,,,,,,,,,,
Khalan Laborn,,RB,,,,,,,,,,,,,,,,,,,,,,,,,,,
David Fluellen,,RB,,,,,,,,,,,,,,,,,,,,,,,,,,,
Elijah Holyfield,,RB,,,,,,,,,,,,,,,,,,,,,,,,,,,
Aca'Cedric Ware,,RB,,,,,,,,,,,,,,,,,,,,,,,,,,,
Roosevelt Nix,,FB,,,,,,,,,,,,,,,,,,,,,,,,,,,
Alfred Morris,,RB,,,,,,,,,,,,,,,,,,,,,,,,,,,
Kerryon Johnson,,RB,,,,,,,,,,,,,,,,,,,,,,,,,,,
James Robinson,,RB,,,,,,,,,,,,,,,,,,,,,,,,,,,
Mataeo Durant,,RB,,,,,,,,,,,,,,,,,,,,,,,,,,,
Chris Carson,,RB,,,,,,,,,,,,,,,,,,,,,,,,,,,
Ronald Awatt,,RB,,,,,,,,,,,,,,,,,,,,,,,,,,,
Alex Barnes,,RB,,,,,,,,,,,,,,,,,,,,,,,,,,,
Zach Line,,FB,,,,,,,,,,,,,,,,,,,,,,,,,,,
Connor Neighbors,,RB,,,,,,,,,,,,,,,,,,,,,,,,,,,
Lee Ward,,RB,,,,,,,,,,,,,,,,,,,,,,,,,,,
Rashaad Penny,,RB,,,,,,,,,,,,,,,,,,,,,,,,,,,
Buddy Howell,,RB,,,,,,,,,,,,,,,,,,,,,,,,,,,
Terion Stewart,,RB,,,,,,,,,,,,,,,,,,,,,,,,,,,
Zander Horvath,,RB,,,,,,,,,,,,,,,,,,,,,,,,,,,
Le'Veon Moss,,RB,,,,,,,,,,,,,,,,,,,,,,,,,,,
TD Ayo-Durojaiye,,RB,,,,,,,,,,,,,,,,,,,,,,,,,,,
Sincere McCormick,SF,RB,,,,,,,,,,,,,,,,,,,,,,,,,,,
Matt Colburn,,RB,,,,,,,,,,,,,,,,,,,,,,,,,,,
Tiyon Evans,,RB,,,,,,,,,,,,,,,,,,,,,,,,,,,
Malik Williams,,RB,,,,,,,,,,,,,,,,,,,,,,,,,,,
Josh Williams,TB,RB,,,,,,,,,,,,,,,,,,,,,,,,,,,
Barika Kpeenu,,RB,,,,,,,,,,,,,,,,,,,,,,,,,,,
Antonio Gibson,,RB,,,,,,,,,,,,,,,,,,,,,,,,,,,
Ezekiel Elliott,,RB,,,,,,,,,,,,,,,,,,,,,,,,,,,
Roman Hemby,LV,RB,,,,,,,,,,,,,,,,,,,,,,,,,,,
James Gilbert,,RB,,,,,,,,,,,,,,,,,,,,,,,,,,,
Tony Creecy,,RB,,,,,,,,,,,,,,,,,,,,,,,,,,,
Marcus Marshall,,RB,,,,,,,,,,,,,,,,,,,,,,,,,,,
Joshua Kelley,,RB,,,,,,,,,,,,,,,,,,,,,,,,,,,
Davon Booth,IND,RB,,,,,,,,,,,,,,,,,,,,,,,,,,,
Adam Choice,,RB,,,,,,,,,,,,,,,,,,,,,,,,,,,
Camerun Peoples,,RB,,,,,,,,,,,,,,,,,,,,,,,,,,,
Darrell Henderson,,RB,,,,,,,,,,,,,,,,,,,,,,,,,,,
Ian Wheeler,,RB,,,,,,,,,,,,,,,,,,,,,,,,,,,
Darius Victor,,RB,,,,,,,,,,,,,,,,,,,,,,,,,,,
Damien Williams,,RB,,,,,,,,,,,,,,,,,,,,,,,,,,,
Kennedy Brooks,,RB,,,,,,,,,,,,,,,,,,,,,,,,,,,
Kevin Marks,,RB,,,,,,,,,,,,,,,,,,,,,,,,,,,
Tevin Coleman,,RB,,,,,,,,,,,,,,,,,,,,,,,,,,,
Keith Marshall,,RB,,,,,,,,,,,,,,,,,,,,,,,,,,,
Jake Funk,,RB,,,,,,,,,,,,,,,,,,,,,,,,,,,
BJ Baylor,,RB,,,,,,,,,,,,,,,,,,,,,,,,,,,
Matt Breida,,RB,,,,,,,,,,,,,,,,,,,,,,,,,,,
Romar Morris,,RB,,,,,,,,,,,,,,,,,,,,,,,,,,,
Elijah McGuire,KC,RB,,,,,,,,,,,,,,,,,,,,,,,,,,,
Charles McClelland,,RB,,,,,,,,,,,,,,,,,,,,,,,,,,,
Austin Ramesh,,FB,,,,,,,,,,,,,,,,,,,,,,,,,,,
Otis Anderson,,RB,,,,,,,,,,,,,,,,,,,,,,,,,,,
Will Ratelle,,FB,,,,,,,,,,,,,,,,,,,,,,,,,,,
Dedrick Mills,,RB,,,,,,,,,,,,,,,,,,,,,,,,,,,
Josh Caldwell,,RB,,,,,,,,,,,,,,,,,,,,,,,,,,,
Karan Higdon,,RB,,,,,,,,,,,,,,,,,,,,,,,,,,,
JaMycal Hasty,,RB,,,,,,,,,,,,,,,,,,,,,,,,,,,
Jonathan Williams,,RB,,,,,,,,,,,,,,,,,,,,,,,,,,,
Trestan Ebner,,RB,,,,,,,,,,,,,,,,,,,,,,,,,,,
Grant Finley,NYG,FB,,,,,,,,,,,,,,,,,,,,,,,,,,,
Robbie Ouzts,SEA,RB,,,,,,,,,,,,,,,,,,,,,,,,,,,
Louis Rees-Zammit,,RB,,,,,,,,,,,,,,,,,,,,,,,,,,,
D'Ernest Johnson,,RB,,,,,,,,,,,,,,,,,,,,,,,,,,,
Jerome Ford,MIN,RB,,,,,,,,,,,,,,,,,,,,,,,,,,,
Trey Millard,,RB,,,,,,,,,,,,,,,,,,,,,,,,,,,
Ke'Shawn Vaughn,,RB,,,,,,,,,,,,,,,,,,,,,,,,,,,
Tony Jones,,RB,,,,,,,,,,,,,,,,,,,,,,,,,,,
Evan Hull,ARI,RB,,,,,,,,,,,,,,,,,,,,,,,,,,,
Jordan Jones,,FB,,,,,,,,,,,,,,,,,,,,,,,,,,,
Nay'Quan Wright,,RB,,,,,,,,,,,,,,,,,,,,,,,,,,,
Marcus Martin,,RB,,,,,,,,,,,,,,,,,,,,,,,,,,,
Marshawn Lynch,,RB,,,,,,,,,,,,,,,,,,,,,,,,,,,
Darrius Sims,,RB,,,,,,,,,,,,,,,,,,,,,,,,,,,
Ryan Nall,,RB,,,,,,,,,,,,,,,,,,,,,,,,,,,
Owen Wright,,RB,,,,,,,,,,,,,,,,,,,,,,,,,,,
Kenjon Barner,,RB,,,,,,,,,,,,,,,,,,,,,,,,,,,
Spencer Brown,,RB,,,,,,,,,,,,,,,,,,,,,,,,,,,
Dominique Brown,,RB,,,,,,,,,,,,,,,,,,,,,,,,,,,
Mike Weber,,RB,,,,,,,,,,,,,,,,,,,,,,,,,,,
Khari Blasingame,,FB,,,,,,,,,,,,,,,,,,,,,,,,,,,
Frank Gore,,RB,,,,,,,,,,,,,,,,,,,,,,,,,,,
Brian Herrien,,RB,,,,,,,,,,,,,,,,,,,,,,,,,,,
Velus Jones,SEA,WR,,,,,,,,,,,,,,,,,,,,,,,,,,,
Jerick McKinnon,,RB,,,,,,,,,,,,,,,,,,,,,,,,,,,
Dylan McDuffie,,RB,,,,,,,,,,,,,,,,,,,,,,,,,,,
Jason Huntley,,RB,,,,,,,,,,,,,,,,,,,,,,,,,,,
Devine Redding,,RB,,,,,,,,,,,,,,,,,,,,,,,,,,,
LeVante Bellamy,,RB,,,,,,,,,,,,,,,,,,,,,,,,,,,
A.J. Ouellette,,RB,,,,,,,,,,,,,,,,,,,,,,,,,,,
Alex Armah,,FB,,,,,,,,,,,,,,,,,,,,,,,,,,,
Darius Bradwell,,RB,,,,,,,,,,,,,,,,,,,,,,,,,,,
Cody Schrader,DEN,RB,,,,,,,,,,,,,,,,,,,,,,,,,,,
Rajion Neal,,RB,,,,,,,,,,,,,,,,,,,,,,,,,,,
Jake Bargas,,FB,,,,,,,,,,,,,,,,,,,,,,,,,,,
Dalton Crossan,,RB,,,,,,,,,,,,,,,,,,,,,,,,,,,
Elijah Tau-Tolliver,,RB,,,,,,,,,,,,,,,,,,,,,,,,,,,
Lucas Scott,,FB,,,,,,,,,,,,,,,,,,,,,,,,,,,
Austin Ekeler,,RB,,,,,,,,,,,,,,,,,,,,,,,,,,,
Mike Boone,,RB,,,,,,,,,,,,,,,,,,,,,,,,,,,
Christian Powell,,RB,,,,,,,,,,,,,,,,,,,,,,,,,,,
John Kelly,,RB,,,,,,,,,,,,,,,,,,,,,,,,,,,
Hassan Hall,,RB,,,,,,,,,,,,,,,,,,,,,,,,,,,
Dexter Williams,,RB,,,,,,,,,,,,,,,,,,,,,,,,,,,
Elijah Collins,,RB,,,,,,,,,,,,,,,,,,,,,,,,,,,
Snoop Conner,,RB,,,,,,,,,,,,,,,,,,,,,,,,,,,
Alexander Mattison,,RB,,,,,,,,,,,,,,,,,,,,,,,,,,,
Mathieu Severance,,RB,,,,,,,,,,,,,,,,,,,,,,,,,,,
Dontae McMillan,,RB,,,,,,,,,,,,,,,,,,,,,,,,,,,
Rico Dowdle,PIT,RB,,,,,,,,,,,,,,,,,,,,,,,,,,,
Raymond Calais,,RB,,,,,,,,,,,,,,,,,,,,,,,,,,,
Gregory Desrosiers,LAC,RB,,,,,,,,,,,,,,,,,,,,,,,,,,,
Greg Bell,,RB,,,,,,,,,,,,,,,,,,,,,,,,,,,
Jordan Mason,MIN,RB,,,,,,,,,,,,,,,,,,,,,,,,,,,
Craig Reynolds,WAS,RB,,,,,,,,,,,,,,,,,,,,,,,,,,,
Shane Watts,,RB,,,,,,,,,,,,,,,,,,,,,,,,,,,
Cameron Scarlett,,RB,,,,,,,,,,,,,,,,,,,,,,,,,,,
Max Borghi,,RB,,,,,,,,,,,,,,,,,,,,,,,,,,,
Cordarrelle Patterson,,RB,,,,,,,,,,,,,,,,,,,,,,,,,,,
Nick Chubb,,RB,,,,,,,,,,,,,,,,,,,,,,,,,,,
Kenneth Dixon,,RB,,,,,,,,,,,,,,,,,,,,,,,,,,,
Tre Stewart,,RB,,,,,,,,,,,,,,,,,,,,,,,,,,,
Chris Thompson,,RB,,,,,,,,,,,,,,,,,,,,,,,,,,,
Trent Battle,,RB,,,,,,,,,,,,,,,,,,,,,,,,,,,
Jeremy Cox,,RB,,,,,,,,,,,,,,,,,,,,,,,,,,,
Garrett Groshek,,RB,,,,,,,,,,,,,,,,,,,,,,,,,,,
Nate Carter,KC,RB,,,,,,,,,,,,,,,,,,,,,,,,,,,
Jermar Jefferson,,RB,,,,,,,,,,,,,,,,,,,,,,,,,,,
Tyrion Davis-Price,,RB,,,,,,,,,,,,,,,,,,,,,,,,,,,
Michael Carter,TEN,RB,,,,,,,,,,,,,,,,,,,,,,,,,,,
Nyheim Miller-Hines,,RB,,,,,,,,,,,,,,,,,,,,,,,,,,,
Trey Edmunds,,RB,,,,,,,,,,,,,,,,,,,,,,,,,,,
Soma Vainuku,,RB,,,,,,,,,,,,,,,,,,,,,,,,,,,
James Conner,ARI,RB,,,,,,,,,,,,,,,,,,,,,,,,,,,
Matt Colburn,,RB,,,,,,,,,,,,,,,,,,,,,,,,,,,
Nick Sharga,,FB,,,,,,,,,,,,,,,,,,,,,,,,,,,
Joe Williams,,RB,,,,,,,,,,,,,,,,,,,,,,,,,,,
Troy Hairston,,RB,,,,,,,,,,,,,,,,,,,,,,,,,,,
Kayron Lynch-Adams,,RB,,,,,,,,,,,,,,,,,,,,,,,,,,,
Jeremy McNichols,WAS,RB,,,,,,,,,,,,,,,,,,,,,,,,,,,
Deneric Prince,,RB,,,,,,,,,,,,,,,,,,,,,,,,,,,
Synjyn Days,,RB,,,,,,,,,,,,,,,,,,,,,,,,,,,
Connor Harris,,FB,,,,,,,,,,,,,,,,,,,,,,,,,,,
Patrick Carr,,RB,,,,,,,,,,,,,,,,,,,,,,,,,,,
Kalen Ballage,,RB,,,,,,,,,,,,,,,,,,,,,,,,,,,
Gerrid Doaks,,RB,,,,,,,,,,,,,,,,,,,,,,,,,,,
Ty Montgomery,,RB,,,,,,,,,,,,,,,,,,,,,,,,,,,
Darrin Hall,,RB,,,,,,,,,,,,,,,,,,,,,,,,,,,
Quali Conley,,RB,,,,,,,,,,,,,,,,,,,,,,,,,,,
Gus Johnson,,RB,,,,,,,,,,,,,,,,,,,,,,,,,,,
D'Onta Foreman,,RB,,,,,,,,,,,,,,,,,,,,,,,,,,,
Spencer Nigh,,FB,,,,,,,,,,,,,,,,,,,,,,,,,,,
Montrell Johnson,,RB,,,,,,,,,,,,,,,,,,,,,,,,,,,
Sam Rogers,,FB,,,,,,,,,,,,,,,,,,,,,,,,,,,
Myles Montgomery,NE,RB,,,,,,,,,,,,,,,,,,,,,,,,,,,
Marcus Yarns,,RB,,,,,,,,,,,,,,,,,,,,,,,,,,,
Trayone Gray,,RB,,,,,,,,,,,,,,,,,,,,,,,,,,,
Jay Ajayi,,RB,,,,,,,,,,,,,,,,,,,,,,,,,,,
Christopher Ezeala,,RB,,,,,,,,,,,,,,,,,,,,,,,,,,,
Kevin Harris,,RB,,,,,,,,,,,,,,,,,,,,,,,,,,,
Mark Ingram,,RB,,,,,,,,,,,,,,,,,,,,,,,,,,,
Todd Gurley,,RB,,,,,,,,,,,,,,,,,,,,,,,,,,,
Demetric Felton,,RB,,,,,,,,,,,,,,,,,,,,,,,,,,,
Brandon Brown-Dukes,,RB,,,,,,,,,,,,,,,,,,,,,,,,,,,
Trey Benson,ARI,RB,,,,,,,,,,,,,,,,,,,,,,,,,,,
Brady Russell,SEA,RB,,,,,,,,,,,,,,,,,,,,,,,,,,,
Anthony Grant,,RB,,,,,,,,,,,,,,,,,,,,,,,,,,,
Benny LeMay,CLE,RB,,,,,,,,,,,,,,,,,,,,,,,,,,,
Josh Adams,,RB,,,,,,,,,,,,,,,,,,,,,,,,,,,
Patrick DiMarco,,FB,,,,,,,,,,,,,,,,,,,,,,,,,,,
Jawon Chisholm,,RB,,,,,,,,,,,,,,,,,,,,,,,,,,,
Isiah Pacheco,DET,RB,,,,,,,,,,,,,,,,,,,,,,,,,,,
Kairee Robinson,,RB,,,,,,,,,,,,,,,,,,,,,,,,,,,
Titus Swen,,RB,,,,,,,,,,,,,,,,,,,,,,,,,,,
Rushawn Baker,,RB,,,,,,,,,,,,,,,,,,,,,,,,,,,
Tarik Cohen,,RB,,,,,,,,,,,,,,,,,,,,,,,,,,,
Senorise Perry,,RB,,,,,,,,,,,,,,,,,,,,,,,,,,,
Brenden Knox,,RB,,,,,,,,,,,,,,,,,,,,,,,,,,,
Shane Wimann,,RB,,,,,,,,,,,,,,,,,,,,,,,,,,,
Carlos Hyde,,RB,,,,,,,,,,,,,,,,,,,,,,,,,,,
Adrian Killins,DEN,RB,,,,,,,,,,,,,,,,,,,,,,,,,,,
DeaMonte Trayanum,NYJ,RB,,,,,,,,,,,,,,,,,,,,,,,,,,,
Jeff Wilson,,RB,,,,,,,,,,,,,,,,,,,,,,,,,,,
Nico Evans,,RB,,,,,,,,,,,,,,,,,,,,,,,,,,,
Deion Hankins,,RB,,,,,,,,,,,,,,,,,,,,,,,,,,,
Martez Carter,,RB,,,,,,,,,,,,,,,,,,,,,,,,,,,
Johnny Stanton,,FB,,,,,,,,,,,,,,,,,,,,,,,,,,,
Ben VanSumeren,KC,RB,,,,,,,,,,,,,,,,,,,,,,,,,,,
Devine Ozigbo,,RB,,,,,,,,,,,,,,,,,,,,,,,,,,,
Robert Burns,,RB,,,,,,,,,,,,,,,,,,,,,,,,,,,
Devontae Booker,,RB,,,,,,,,,,,,,,,,,,,,,,,,,,,
Elijah Mitchell,,RB,,,,,,,,,,,,,,,,,,,,,,,,,,,
Dylan Devezin,,RB,,,,,,,,,,,,,,,,,,,,,,,,,,,
Josh Rounds,,RB,,,,,,,,,,,,,,,,,,,,,,,,,,,
Jabari Small,DET,RB,,,,,,,,,,,,,,,,,,,,,,,,,,,
Rushel Shell,,RB,,,,,,,,,,,,,,,,,,,,,,,,,,,
Ito Smith,DAL,RB,,,,,,,,,,,,,,,,,,,,,,,,,,,
Marshaun Coprich,,RB,,,,,,,,,,,,,,,,,,,,,,,,,,,
Phillip Lindsay,,RB,,,,,,,,,,,,,,,,,,,,,,,,,,,
I'Tavius Mathers,,RB,,,,,,,,,,,,,,,,,,,,,,,,,,,
Marcus Major,,RB,,,,,,,,,,,,,,,,,,,,,,,,,,,
J.D. McKissic,,RB,,,,,,,,,,,,,,,,,,,,,,,,,,,
Austin Jones,,RB,,,,,,,,,,,,,,,,,,,,,,,,,,,
Xavier Jones,,RB,,,,,,,,,,,,,,,,,,,,,,,,,,,
Miles Davis,,RB,,,,,,,,,,,,,,,,,,,,,,,,,,,
Darrynton Evans,,RB,,,,,,,,,,,,,,,,,,,,,,,,,,,
David Johnson,,RB,,,,,,,,,,,,,,,,,,,,,,,,,,,
Travon McMillian,,RB,,,,,,,,,,,,,,,,,,,,,,,,,,,
Julius Davis,,RB,,,,,,,,,,,,,,,,,,,,,,,,,,,
Clyde Edwards-Helaire,,RB,,,,,,,,,,,,,,,,,,,,,,,,,,,
Jacardia Wright,SEA,RB,,,,,,,,,,,,,,,,,,,,,,,,,,,
Derrius Guice,,RB,,,,,,,,,,,,,,,,,,,,,,,,,,,
Lew Nichols,PIT,RB,,,,,,,,,,,,,,,,,,,,,,,,,,,
Sandro Platzgummer,,RB,,,,,,,,,,,,,,,,,,,,,,,,,,,
Michael Burton,CLE,FB,,,,,,,,,,,,,,,,,,,,,,,,,,,
Ryan Mueller,,FB,,,,,,,,,,,,,,,,,,,,,,,,,,,
Khalil Herbert,ATL,RB,,,,,,,,,,,,,,,,,,,,,,,,,,,
Tory Carter,,FB,,,,,,,,,,,,,,,,,,,,,,,,,,,
Brandon Bolden,,RB,,,,,,,,,,,,,,,,,,,,,,,,,,,
Darnell Holland,,RB,,,,,,,,,,,,,,,,,,,,,,,,,,,
Corey Taylor,,RB,,,,,,,,,,,,,,,,,,,,,,,,,,,
Marquis Young,,RB,,,,,,,,,,,,,,,,,,,,,,,,,,,
Sione Houma,,RB,,,,,,,,,,,,,,,,,,,,,,,,,,,
Andrew Beck,NYJ,RB,,,,,,,,,,,,,,,,,,,,,,,,,,,
Chris Evans,,RB,,,,,,,,,,,,,,,,,,,,,,,,,,,
Christian Wade,,RB,,,,,,,,,,,,,,,,,,,,,,,,,,,
Jahwan Edwards,,RB,,,,,,,,,,,,,,,,,,,,,,,,,,,
Bruce Anderson,,RB,,,,,,,,,,,,,,,,,,,,,,,,,,,
Michael Herzog,,RB,,,,,,,,,,,,,,,,,,,,,,,,,,,
Emani Bailey,,RB,,,,,,,,,,,,,,,,,,,,,,,,,,,
Ja'Quan Gardner,,RB,,,,,,,,,,,,,,,,,,,,,,,,,,,
John David Moore,,RB,,,,,,,,,,,,,,,,,,,,,,,,,,,
Robert Henry,WAS,RB,,,,,,,,,,,,,,,,,,,,,,,,,,,
Khalid Abdullah,,RB,,,,,,,,,,,,,,,,,,,,,,,,,,,
JaQuan Hardy,,RB,,,,,,,,,,,,,,,,,,,,,,,,,,,
Jashaun Corbin,,RB,,,,,,,,,,,,,,,,,,,,,,,,,,,
Jaden Nixon,,RB,,,,,,,,,,,,,,,,,,,,,,,,,,,
Calvin Tyler,,RB,,,,,,,,,,,,,,,,,,,,,,,,,,,
Ronald Jones,,RB,,,,,,,,,,,,,,,,,,,,,,,,,,,
Xazavian Valladay,,RB,,,,,,,,,,,,,,,,,,,,,,,,,,,
Justin Crawford,,RB,,,,,,,,,,,,,,,,,,,,,,,,,,,
Audric Estime,,RB,,,,,,,,,,,,,,,,,,,,,,,,,,,
Joel Bouagnon,,RB,,,,,,,,,,,,,,,,,,,,,,,,,,,
Javon Leake,,RB,,,,,,,,,,,,,,,,,,,,,,,,,,,
Darius Clark,,RB,,,,,,,,,,,,,,,,,,,,,,,,,,,
Trey Sermon,ATL,RB,,,,,,,,,,,,,,,,,,,,,,,,,,,
Paul Perkins,,RB,,,,,,,,,,,,,,,,,,,,,,,,,,,
Rasheed Williams,,RB,,,,,,,,,,,,,,,,,,,,,,,,,,,
Dion Lewis,,RB,,,,,,,,,,,,,,,,,,,,,,,,,,,
Adam Prentice,DEN,FB,,,,,,,,,,,,,,,,,,,,,,,,,,,
Justin Jones,,RB,,,,,,,,,,,,,,,,,,,,,,,,,,,
Pierre Strong,GB,RB,,,,,,,,,,,,,,,,,,,,,,,,,,,
Algernon Brown,,FB,,,,,,,,,,,,,,,,,,,,,,,,,,,
La'Mical Perine,,RB,,,,,,,,,,,,,,,,,,,,,,,,,,,
Brandon Cottom,,RB,,,,,,,,,,,,,,,,,,,,,,,,,,,
Theo Riddick,,RB,,,,,,,,,,,,,,,,,,,,,,,,,,,
Kalif Phillips,,RB,,,,,,,,,,,,,,,,,,,,,,,,,,,
Josh Ferguson,,RB,,,,,,,,,,,,,,,,,,,,,,,,,,,
Jordan Wilkins,,RB,,,,,,,,,,,,,,,,,,,,,,,,,,,
Deshaun Fenwick,,RB,,,,,,,,,,,,,,,,,,,,,,,,,,,
Lincoln Pare,,RB,,,,,,,,,,,,,,,,,,,,,,,,,,,
Demario Richard,,RB,,,,,,,,,,,,,,,,,,,,,,,,,,,
Rex Burkhead,,RB,,,,,,,,,,,,,,,,,,,,,,,,,,,
Rahsul Faison,,RB,,,,,,,,,,,,,,,,,,,,,,,,,,,
D.J. Foster,,RB,,,,,,,,,,,,,,,,,,,,,,,,,,,
TaMerik Williams,,RB,,,,,,,,,,,,,,,,,,,,,,,,,,,
Luke Sellers,,FB,,,,,,,,,,,,,,,,,,,,,,,,,,,
Malcolm Johnson,,FB,,,,,,,,,,,,,,,,,,,,,,,,,,,
Melvin Gordon,,RB,,,,,,,,,,,,,,,,,,,,,,,,,,,
Boston Scott,,RB,,,,,,,,,,,,,,,,,,,,,,,,,,,
Dalyn Dawkins,,RB,,,,,,,,,,,,,,,,,,,,,,,,,,,
Adam Randall,BAL,RB,,,,,,,,,,,,,,,,,,,,,,,,,,,
Kendall Milton,CIN,RB,,,,,,,,,,,,,,,,,,,,,,,,,,,
Salvon Ahmed,CHI,RB,,,,,,,,,,,,,,,,,,,,,,,,,,,
Aaron Shampklin,,RB,,,,,,,,,,,,,,,,,,,,,,,,,,,
A.J. Rose,,RB,,,,,,,,,,,,,,,,,,,,,,,,,,,
Le'Veon Bell,,RB,,,,,,,,,,,,,,,,,,,,,,,,,,,
Kene Nwangwu,NYJ,RB,DET,,,,,,,,,,,,,,,,,,,,,,,,,,
Kendre Miller,NO,RB,LV,,,,,,,,,,,,,,,,,,,,,,,,,,
Isaac Guerendo,SF,RB,ARI,,,,,,,,,,,,,,,,,,,,,,,,,,
Jaxon Smith-Njigba,SEA,WR,WAS,21.82,,,,,,,,,0.43,2.16,0.01,0.22,6.7,9.31,103.8,0.74,10.38,0.03,,,,,,,
Amon-Ra St. Brown,DET,WR,NYJ,19.37,,,,,,,,,0.29,1.61,0.01,0.16,6.56,9.45,82.43,0.72,8.24,0.03,,,,,,,
Chris Olave,NO,WR,LV,17.86,,,,,,,,,0.05,0.19,0.0,0.02,5.72,8.84,79.69,0.69,7.97,0.02,,,,,,,
CeeDee Lamb,DAL,WR,BAL,17.39,,,,,,,,,0.4,2.02,0.02,0.2,6.05,9.05,84.52,0.43,8.45,0.03,,,,,,,
Zay Flowers,BAL,WR,DAL,17.16,,,,,,,,,0.2,1.28,0.01,0.13,5.16,6.87,85.37,0.54,8.54,0.02,,,,,,,
Ja'Marr Chase,CIN,WR,PIT,16.78,,,,,,,,,0.28,1.03,0.01,0.1,5.78,8.66,74.24,0.57,7.42,0.02,,,,,,,
Justin Jefferson,MIN,WR,TB,16.69,,,,,,,,,0.14,0.49,0.01,0.05,5.76,8.67,77.94,0.51,7.79,0.02,,,,,,,
DeVonta Smith,PHI,WR,CHI,15.72,,,,,,,,,0.05,0.22,0.0,0.02,5.47,7.99,77.2,0.42,7.72,0.02,,,,,,,
Christian Watson,GB,WR,ATL,15.6,,,,,,,,,0.24,1.36,0.01,0.14,3.93,7.24,69.46,0.75,6.95,0.02,,,,,,,
Parker Washington,JAX,WR,NE,15.19,,,,,,,,,0.49,1.37,0.01,0.14,4.98,7.72,73.71,0.44,7.37,0.02,,,,,,,
Garrett Wilson,NYJ,WR,DET,15.12,,,,,,,,,0.39,1.5,0.01,0.15,5.31,8.74,65.35,0.51,6.54,0.02,,,,,,,
George Pickens,DAL,WR,BAL,14.9,,,,,,,,,0.05,0.21,0.0,0.02,5.05,7.66,77.9,0.34,7.79,0.02,,,,,,,
Jalen Coker,CAR,WR,CLE,14.89,,,,,,,,,0.08,0.35,0.0,0.04,5.21,7.22,64.66,0.53,6.47,0.02,,,,,,,
Tetairoa McMillan,CAR,WR,CLE,14.37,,,,,,,,,0.08,0.35,0.0,0.04,4.67,8.87,72.95,0.39,7.3,0.02,,,,,,,
Davante Adams,LAR,WR,DEN,14.28,,,,,,,,,,,,,4.95,10.18,64.14,0.48,6.41,0.02,,,,,,,
Ladd McConkey,LAC,WR,BUF,14.1,,,,,,,,,0.1,0.48,0.0,0.05,4.96,8.15,66.84,0.39,6.68,0.02,,,,,,,
Tee Higgins,CIN,WR,PIT,13.56,,,,,,,,,0.06,0.26,0.0,0.03,4.09,6.8,64.43,0.49,6.44,0.02,,,,,,,
Drake London,ATL,WR,GB,13.5,,,,,,,,,0.06,0.22,0.0,0.02,4.67,7.9,61.99,0.43,6.2,0.02,,,,,,,
Jaylen Waddle,DEN,WR,LAR,13.15,,,,,,,,,0.22,1.19,0.01,0.12,4.61,7.2,63.81,0.33,6.38,0.02,,,,,,,
Mike Evans,SF,WR,ARI,12.57,,,,,,,,,,,,,3.79,6.34,55.4,0.54,5.54,0.02,,,,,,,
Jameson Williams,DET,WR,NYJ,12.53,,,,,,,,,0.61,3.32,0.02,0.33,3.67,6.18,61.45,0.37,6.15,0.02,,,,,,,
Rashee Rice,KC,WR,MIA,12.24,,,,,,,,,0.5,2.13,0.03,0.21,4.21,5.66,50.21,0.44,5.02,0.02,,,,,,,
DJ Moore,BUF,WR,LAC,12.0,,,,,,,,,0.42,2.19,0.02,0.22,3.47,6.21,54.06,0.46,5.41,0.02,,,,,,,
Malik Nabers,NYG,WR,TEN,11.93,,,,,,,,,0.19,0.68,0.01,0.07,4.17,7.17,59.88,0.28,5.99,0.02,,,,,,,
Michael Wilson,ARI,WR,SF,11.83,,,,,,,,,0.05,0.21,0.0,0.02,3.93,6.75,56.23,0.37,5.62,0.02,,,,,,,
Deebo Samuel,SF,WR,ARI,11.33,,,,,,,,,1.04,5.85,0.06,0.59,3.76,5.39,47.93,0.31,4.79,0.02,,,,,,,
DK Metcalf,PIT,WR,CIN,11.23,,,,,,,,,0.19,0.99,0.01,0.1,3.55,6.79,55.58,0.33,5.56,0.01,,,,,,,
Josh Downs,IND,WR,HOU,11.19,,,,,,,,,0.11,0.32,0.0,0.03,4.36,6.94,51.41,0.27,5.14,0.02,,,,,,,
Matthew Golden,GB,WR,ATL,11.17,,,,,,,,,0.22,0.99,0.01,0.1,3.99,7.17,52.46,0.3,5.25,0.02,,,,,,,
Khalil Shakir,BUF,WR,LAC,10.56,,,,,,,,,0.1,0.43,0.0,0.04,4.45,6.22,50.79,0.16,5.08,0.02,,,,,,,
Xavier Worthy,KC,WR,MIA,10.47,,,,,,,,,1.17,6.61,0.07,0.66,3.21,5.5,42.03,0.33,4.2,0.02,,,,,,,
Rashod Bateman,BAL,WR,DAL,10.44,,,,,,,,,0.06,0.3,0.0,0.03,3.32,5.55,50.46,0.34,5.05,0.01,,,,,,,
Terry McLaurin,WAS,WR,SEA,10.22,,,,,,,,,0.06,0.21,0.0,0.02,3.63,6.34,52.49,0.22,5.25,0.01,,,,,,,
Denzel Boston,CLE,WR,CAR,10.15,,,,,,,,,0.14,0.65,0.01,0.06,3.29,5.26,45.86,0.36,4.59,0.01,,,,,,,
Courtland Sutton,DEN,WR,LAR,10.09,,,,,,,,,,,,,3.38,5.93,48.07,0.32,4.81,0.01,,,,,,,
Malik Washington,MIA,WR,KC,10.08,,,,,,,,,0.97,4.73,0.05,0.47,3.91,6.0,40.48,0.23,4.05,0.02,,,,,,,
Devaughn Vele,NO,WR,LV,10.06,,,,,,,,,0.06,0.23,0.0,0.02,3.83,5.5,42.65,0.32,4.27,0.02,,,,,,,
Emeka Egbuka,TB,WR,MIN,9.67,,,,,,,,,0.27,1.0,0.01,0.1,3.23,6.6,46.58,0.27,4.66,0.01,,,,,,,
Adonai Mitchell,NYJ,WR,DET,9.6,,,,,,,,,0.05,0.19,0.0,0.02,3.3,6.76,48.08,0.24,4.81,0.01,,,,,,,
Stefon Diggs,WAS,WR,SEA,9.58,,,,,,,,,,,,,3.69,5.49,43.81,0.25,4.38,0.01,,,,,,,
KC Concepcion,CLE,WR,CAR,9.58,,,,,,,,,0.72,3.31,0.03,0.33,3.69,5.25,38.75,0.25,3.88,0.02,,,,,,,
Chris Godwin,TB,WR,MIN,9.45,,,,,,,,,0.32,1.47,0.01,0.15,3.6,5.11,40.9,0.26,4.09,0.02,,,,,,,
Michael Pittman,PIT,WR,CIN,9.42,,,,,,,,,0.07,0.44,0.0,0.04,3.69,5.48,44.01,0.21,4.4,0.01,,,,,,,
Romeo Doubs,NE,WR,JAX,9.31,,,,,,,,,,,,,3.27,5.27,47.33,0.22,4.73,0.01,,,,,,,
Dontayvion Wicks,PHI,WR,CHI,9.27,,,,,,,,,0.03,0.16,0.0,0.02,3.19,5.03,43.14,0.29,4.31,0.01,,,,,,,
Luther Burden,CHI,WR,PHI,9.27,,,,,,,,,0.63,2.85,0.01,0.29,3.42,4.91,46.33,0.14,4.63,0.02,,,,,,,
Jordan Addison,MIN,WR,TB,9.19,,,,,,,,,0.3,2.59,0.02,0.26,2.91,5.2,42.06,0.28,4.21,0.01,,,,,,,
Quentin Johnston,LAC,WR,BUF,9.04,,,,,,,,,0.17,0.79,0.01,0.08,2.85,5.66,43.74,0.28,4.37,0.01,,,,,,,
Brian Thomas,JAX,WR,NE,9.02,,,,,,,,,0.21,1.09,0.01,0.11,3.13,5.46,44.2,0.22,4.42,0.01,,,,,,,
Kayshon Boutte,HOU,WR,IND,8.83,,,,,,,,,,,,,2.88,4.93,45.68,0.23,4.57,0.01,,,,,,,
Tre Tucker,LV,WR,NO,8.66,,,,,,,,,0.48,2.03,0.01,0.2,2.95,5.26,39.67,0.24,3.97,0.01,,,,,,,
Mack Hollins,NE,WR,JAX,8.45,,,,,,,,,0.05,0.21,0.0,0.02,3.42,5.25,40.21,0.16,4.02,0.01,,,,,,,
Rashid Shaheed,SEA,WR,WAS,8.41,,,,,,,,,0.7,4.64,0.02,0.46,2.55,4.27,39.01,0.23,3.9,0.01,,,,,,,
Jakobi Meyers,JAX,WR,NE,8.37,,,,,,,,,0.27,1.24,0.01,0.12,3.34,4.94,38.05,0.17,3.8,0.01,,,,,,,
Carnell Tate,TEN,WR,NYG,8.05,,,,,,,,,0.12,0.57,0.0,0.06,3.18,5.54,38.1,0.16,3.81,0.01,,,,,,,
Rome Odunze,CHI,WR,PHI,7.94,,,,,,,,,0.05,0.22,0.0,0.02,2.66,5.32,39.77,0.21,3.98,0.01,,,,,,,
Wan'Dale Robinson,TEN,WR,NYG,7.86,,,,,,,,,0.27,1.47,0.01,0.15,3.32,5.13,35.59,0.13,3.56,0.01,,,,,,,
Xavier Hutchinson,HOU,WR,IND,7.83,,,,,,,,,0.07,0.37,0.0,0.04,2.8,5.24,41.34,0.14,4.13,0.01,,,,,,,
Ryan Flournoy,DAL,WR,BAL,7.78,,,,,,,,,0.18,0.81,0.01,0.08,3.01,4.27,35.26,0.19,3.53,0.01,,,,,,,
Marvin Harrison,ARI,WR,SF,7.52,,,,,,,,,,,,,2.47,5.22,37.85,0.21,3.78,0.01,,,,,,,
Pat Bryant,DEN,WR,LAR,7.34,,,,,,,,,0.09,0.54,0.0,0.05,2.88,4.59,33.24,0.18,3.32,0.01,,,,,,,
Tre' Harris,LAC,WR,BUF,7.33,,,,,,,,,0.12,0.61,0.0,0.06,2.85,4.91,36.02,0.13,3.6,0.01,,,,,,,
DeMario Douglas,NE,WR,JAX,7.29,,,,,,,,,0.35,1.36,0.01,0.14,2.99,4.38,33.89,0.12,3.39,0.02,,,,,,,
Keenan Allen,IND,WR,HOU,7.27,,,,,,,,,,,,,3.18,4.89,32.7,0.14,3.27,0.01,,,,,,,
Keon Coleman,BUF,WR,LAC,7.26,,,,,,,,,0.04,0.17,0.0,0.02,2.56,4.25,35.46,0.19,3.55,0.01,,,,,,,
Cooper Kupp,SEA,WR,WAS,7.25,,,,,,,,,0.07,0.38,0.0,0.04,2.41,3.72,35.11,0.21,3.51,0.01,,,,,,,
Jauan Jennings,MIN,WR,TB,6.95,,,,,,,,,,,,,2.17,3.46,28.06,0.33,2.81,0.01,,,,,,,
Tyquan Thornton,KC,WR,MIA,6.85,,,,,,,,,,,,,2.15,3.46,33.39,0.23,3.34,0.01,,,,,,,
Jalen Nailor,LV,WR,NO,6.5,,,,,,,,,0.24,0.82,0.01,0.08,2.12,3.78,28.97,0.23,2.9,0.01,,,,,,,
Makai Lemon,PHI,WR,CHI,6.35,,,,,,,,,0.26,1.27,0.01,0.13,2.63,3.56,25.8,0.16,2.58,0.01,,,,,,,
Jerry Jeudy,CLE,WR,CAR,6.13,,,,,,,,,0.07,0.34,0.0,0.03,2.45,4.26,29.32,0.12,2.93,0.01,,,,,,,
Chris Bell,MIA,WR,KC,6.09,,,,,,,,,0.04,0.17,0.0,0.02,2.08,4.0,30.33,0.16,3.03,0.01,,,,,,,
Isaiah Williams,NYJ,WR,DET,6.08,,,,,,,,,0.19,1.21,0.01,0.12,2.78,3.62,24.17,0.12,2.42,0.01,,,,,,,
Jaylin Noel,HOU,WR,IND,6.06,,,,,,,,,0.09,0.32,0.0,0.03,2.01,3.08,29.69,0.17,2.97,0.01,,,,,,,
Kalif Raymond,CHI,WR,PHI,6.04,,,,,,,,,0.18,0.9,0.0,0.09,2.45,3.41,27.24,0.13,2.72,0.01,,,,,,,
Roman Wilson,PIT,WR,CIN,5.68,,,,,,,,,0.1,0.49,0.0,0.05,2.14,3.65,25.13,0.16,2.51,0.01,,,,,,,
Kendrick Bourne,ARI,WR,SF,5.53,,,,,,,,,,,,,2.24,3.22,26.23,0.11,2.62,0.01,,,,,,,
Ted Hurst,TB,WR,MIN,5.5,,,,,,,,,0.08,0.35,0.0,0.03,1.88,3.94,27.13,0.14,2.71,0.01,,,,,,,
Malachi Fields,NYG,WR,TEN,5.4,,,,,,,,,0.07,0.29,0.0,0.03,1.85,3.2,26.88,0.14,2.69,0.01,,,,,,,
Kevin Coleman,MIA,WR,KC,4.99,,,,,,,,,,,,,1.82,3.43,23.95,0.13,2.4,0.01,,,,,,,
Jack Bech,LV,WR,NO,4.95,,,,,,,,,0.06,0.21,0.0,0.02,1.8,2.85,21.62,0.16,2.16,0.01,,,,,,,
Skyy Moore,GB,WR,ATL,4.66,,,,,,,,,0.35,1.92,0.01,0.19,1.65,3.02,20.08,0.13,2.01,0.01,,,,,,,
Antonio Williams,WAS,WR,SEA,4.63,,,,,,,,,0.11,0.45,0.0,0.04,1.76,2.97,20.83,0.12,2.08,0.01,,,,,,,
Calvin Ridley,TEN,WR,NYG,4.59,,,,,,,,,0.05,0.27,0.0,0.03,1.56,2.86,23.26,0.11,2.33,0.01,,,,,,,
Isaac TeSlaa,DET,WR,NYJ,4.39,,,,,,,,,0.06,0.26,0.0,0.03,1.35,2.41,19.83,0.17,1.98,0.01,,,,,,,
Bryce Lance,NO,WR,LV,4.32,,,,,,,,,,,,,1.65,2.66,18.63,0.14,1.86,0.01,,,,,,,
Xavier Legette,CAR,WR,CLE,4.29,,,,,,,,,0.05,0.21,0.0,0.02,1.57,3.03,18.92,0.13,1.89,0.01,,,,,,,
Darnell Mooney,NYG,WR,TEN,4.28,,,,,,,,,0.07,0.29,0.0,0.03,1.41,2.69,23.35,0.08,2.34,0.01,,,,,,,
Germie Bernard,PIT,WR,CIN,4.27,,,,,,,,,0.17,0.95,0.01,0.09,1.46,2.64,19.5,0.12,1.95,0.01,,,,,,,
Jahan Dotson,ATL,WR,GB,4.04,,,,,,,,,0.03,0.11,0.0,0.01,1.44,2.8,17.49,0.14,1.75,0.01,,,,,,,
Elic Ayomanor,TEN,WR,NYG,3.91,,,,,,,,,,,,,1.27,2.68,19.4,0.12,1.94,0.0,,,,,,,
Jordan Whittington,LAR,WR,DEN,3.89,,,,,,,,,0.07,0.31,0.0,0.03,1.69,2.63,16.53,0.08,1.65,0.01,,,,,,,
Laquon Treadwell,IND,WR,HOU,3.79,,,,,,,,,,,,,1.08,2.97,20.88,0.1,2.09,,,,,,,,
Jared Wayne,HOU,WR,IND,3.66,,,,,,,,,0.06,0.23,0.0,0.02,1.41,2.16,16.59,0.09,1.66,,,,,,,,
Tory Horton,SEA,WR,WAS,3.56,,,,,,,,,0.06,0.31,0.0,0.03,1.11,1.83,15.77,0.14,1.58,0.0,,,,,,,
Jalen Tolbert,MIA,WR,KC,3.45,,,,,,,,,,,,,1.26,2.29,16.39,0.09,1.64,0.0,,,,,,,
Zachariah Branch,ATL,WR,GB,3.45,,,,,,,,,0.14,0.55,0.0,0.06,1.41,1.97,13.94,0.09,1.39,0.01,,,,,,,
Olamide Zaccheaus,ATL,WR,GB,3.29,,,,,,,,,0.21,0.93,0.01,0.09,1.18,2.15,13.62,0.1,1.36,0.01,,,,,,,
Kyle Williams,NE,WR,JAX,3.13,,,,,,,,,0.05,0.2,0.0,0.02,1.07,2.06,13.7,0.11,1.37,0.0,,,,,,,
Colbie Young,CIN,WR,PIT,2.99,,,,,,,,,0.05,0.2,0.0,0.02,1.26,1.7,12.38,0.08,1.24,0.01,,,,,,,
KaVontae Turpin,DAL,WR,BAL,2.94,,,,,,,,,0.9,4.54,0.03,0.45,0.79,1.23,11.45,0.06,1.15,0.01,,,,,,,
Dohnte Meyers,CIN,WR,PIT,2.85,,,,,,,,,0.15,0.6,0.0,0.06,1.03,1.63,12.47,0.08,1.25,,,,,,,,
Jacob Cowing,SF,WR,ARI,2.78,,,,,,,,,0.09,0.45,0.0,0.04,0.96,1.5,12.35,0.09,1.23,0.0,,,,,,,
Devontez Walker,BAL,WR,DAL,2.61,,,,,,,,,0.07,0.36,0.0,0.04,0.72,1.18,12.79,0.09,1.28,0.0,,,,,,,
Darius Cooper,PHI,WR,CHI,2.5,,,,,,,,,,,,,1.01,1.38,10.68,0.07,1.07,0.0,,,,,,,
LaJohntay Wester,BAL,WR,DAL,2.39,,,,,,,,,0.05,0.25,0.0,0.02,0.79,1.21,11.43,0.07,1.14,0.01,,,,,,,
Josh Cameron,JAX,WR,NE,2.31,,,,,,,,,0.18,0.77,0.0,0.08,0.76,1.32,9.22,0.09,0.92,0.01,,,,,,,
Chris Moore,BAL,WR,DAL,2.25,,,,,,,,,,,,,0.69,1.21,12.31,0.06,1.23,0.0,,,,,,,
Jalen McMillan,TB,WR,MIN,2.2,,,,,,,,,0.06,0.26,0.0,0.03,0.75,1.22,10.23,0.07,1.02,0.0,,,,,,,
Dyami Brown,WAS,WR,SEA,2.11,,,,,,,,,0.07,0.28,0.0,0.03,0.88,1.69,9.88,0.03,0.99,0.01,,,,,,,
Darius Slayton,IND,WR,HOU,2.06,,,,,,,,,,,,,0.74,1.72,11.11,0.04,1.11,0.0,,,,,,,
Marvin Mims,DEN,WR,LAR,2.05,,,,,,,,,0.45,2.13,0.01,0.21,0.72,1.0,7.57,0.05,0.76,0.0,,,,,,,
Konata Mumpfield,LAR,WR,DEN,2.03,,,,,,,,,0.06,0.24,0.0,0.02,0.82,1.97,8.06,0.06,0.81,0.0,,,,,,,
Isaiah Bond,CLE,WR,CAR,2.01,,,,,,,,,0.17,0.84,0.01,0.08,0.58,1.15,9.61,0.06,0.96,0.0,,,,,,,
Tez Johnson,TB,WR,MIN,1.96,,,,,,,,,0.12,0.37,0.0,0.04,0.63,1.22,8.85,0.07,0.89,0.0,,,,,,,
Joshua Palmer,BUF,WR,LAC,1.94,,,,,,,,,,,,,0.7,1.22,10.41,0.03,1.04,0.0,,,,,,,
Tai Felton,MIN,WR,TB,1.86,,,,,,,,,0.04,0.17,0.0,0.02,0.82,0.95,7.22,0.05,0.72,0.0,,,,,,,
Jalen Royals,KC,WR,MIA,1.84,,,,,,,,,0.05,0.22,0.0,0.02,0.6,0.98,7.35,0.08,0.74,0.0,,,,,,,
Odell Beckham,NYG,WR,TEN,1.73,,,,,,,,,,,,,0.63,1.0,8.43,0.04,0.84,0.0,,,,,,,
Chimere Dike,TEN,WR,NYG,1.7,,,,,,,,,0.25,0.95,0.01,0.09,0.65,0.99,6.72,0.04,0.67,0.0,,,,,,,
Xavier Smith,LAR,WR,DEN,1.65,,,,,,,,,0.09,0.43,0.0,0.04,0.57,0.98,8.33,0.03,0.83,0.0,,,,,,,
Derius Davis,LAC,WR,BUF,1.63,,,,,,,,,0.12,0.65,0.0,0.06,0.67,1.06,6.47,0.04,0.65,0.01,,,,,,,
Jahdae Walker,CHI,WR,PHI,1.62,,,,,,,,,,,,,0.51,0.98,6.87,0.07,0.69,0.0,,,,,,,
Lil'Jordan Humphrey,DEN,WR,LAR,1.61,,,,,,,,,,,,,0.58,0.97,6.85,0.06,0.69,0.0,,,,,,,
Brandin Cooks,SF,WR,ARI,1.57,,,,,,,,,,,,,0.51,0.9,7.55,0.05,0.76,0.0,,,,,,,
Travis Hunter,JAX,DB,NE,1.56,,,,,,,,,0.14,0.55,0.0,0.05,0.58,0.99,6.51,0.04,0.65,0.0,,,,,,,
Troy Franklin,DEN,WR,LAR,1.53,,,,,,,,,0.11,0.45,0.0,0.05,0.55,0.89,6.48,0.05,0.65,0.0,,,,,,,
Jordan Watkins,SF,WR,ARI,1.5,,,,,,,,,,,,,0.58,0.84,6.47,0.05,0.65,,,,,,,,
Marquez Valdes-Scantling,LAC,WR,BUF,1.33,,,,,,,,,,,,,0.46,1.09,6.46,0.04,0.65,0.0,,,,,,,
Efton Chism,NE,WR,JAX,1.25,,,,,,,,,,,,,0.45,0.63,5.93,0.03,0.59,0.0,,,,,,,
Cody White,LV,WR,NO,1.2,,,,,,,,,,,,,0.38,0.63,5.02,0.05,0.5,0.0,,,,,,,
Brycen Tremayne,CAR,WR,CLE,1.08,,,,,,,,,0.04,0.17,0.0,0.02,0.46,0.64,4.1,0.03,0.41,,,,,,,,
Malik Benson,LV,WR,NO,0.97,,,,,,,,,,,,,0.39,0.63,3.99,0.03,0.4,0.0,,,,,,,
KhaDarel Hodge,SF,WR,ARI,0.94,,,,,,,,,,,,,0.29,0.63,5.02,0.03,0.5,,,,,,,,
Tutu Atwell,LAR,WR,DEN,0.82,,,,,,,,,0.01,0.02,0.0,0.0,0.27,0.66,4.34,0.02,0.43,0.0,,,,,,,
Tay Martin,DET,WR,NYJ,0.79,,,,,,,,,,,,,0.28,0.43,3.5,0.03,0.35,0.0,,,,,,,
Tylan Wallace,CLE,WR,CAR,0.76,,,,,,,,,,,,,0.28,0.44,3.32,0.02,0.33,0.0,,,,,,,
Marquise Brown,PHI,WR,CHI,0.73,,,,,,,,,0.18,0.98,0.01,0.1,0.22,0.34,2.78,0.02,0.28,0.0,,,,,,,
Bo Melton,GB,WR,ATL,0.68,,,,,,,,,0.19,1.06,0.01,0.11,0.17,0.39,2.5,0.02,0.25,0.0,,,,,,,
Cyrus Allen,KC,WR,MIA,0.67,,,,,,,,,,,,,0.23,0.37,2.99,0.02,0.3,0.0,,,,,,,
Deion Burks,IND,WR,HOU,0.63,,,,,,,,,,,,,0.26,0.42,2.75,0.02,0.27,0.0,,,,,,,
Jaylin Lane,WAS,WR,SEA,0.57,,,,,,,,,0.22,0.82,0.0,0.08,0.18,0.34,2.08,0.01,0.21,0.0,,,,,,,
Tom Kennedy,DET,WR,NYJ,0.53,,,,,,,,,,,,,0.19,0.3,2.41,0.02,0.24,0.0,,,,,,,
Dareke Young,LV,WR,NO,0.46,,,,,,,,,,,,,0.17,0.29,2.09,0.01,0.21,0.0,,,,,,,
Kameron Johnson,TB,WR,MIN,0.45,,,,,,,,,0.05,0.23,0.0,0.02,0.15,0.28,1.84,0.01,0.18,0.0,,,,,,,
Jonathan Mingo,DAL,WR,BAL,0.44,,,,,,,,,,,,,0.15,0.36,2.4,0.01,0.24,,,,,,,,
Treylon Burks,WAS,WR,SEA,0.42,,,,,,,,,0.23,0.88,0.01,0.09,0.13,0.28,1.48,0.0,0.15,0.0,,,,,,,
Reggie Virgil,ARI,WR,SF,0.36,,,,,,,,,,,,,0.14,0.23,1.63,0.01,0.16,0.0,,,,,,,
Jalen Brooks,ARI,WR,SF,0.34,,,,,,,,,,,,,0.13,0.24,1.61,0.01,0.16,0.0,,,,,,,
Skyler Bell,BUF,WR,LAC,0.29,,,,,,,,,0.03,0.14,0.0,0.01,0.09,0.16,1.18,0.01,0.12,0.0,,,,,,,
Elijah Moore,PHI,WR,CHI,0.27,,,,,,,,,0.08,0.32,0.0,0.03,0.08,0.14,0.99,0.01,0.1,,,,,,,,
Zavion Thomas,CHI,WR,PHI,0.23,,,,,,,,,0.11,0.48,0.0,0.05,0.06,0.11,0.73,0.0,0.07,0.0,,,,,,,
Malachi Corley,CLE,WR,CAR,0.23,,,,,,,,,0.13,0.95,0.0,0.09,0.04,0.06,0.45,0.0,0.05,0.0,,,,,,,
Ben Skowronek,PIT,WR,CIN,0.22,,,,,,,,,,,,,0.09,0.13,0.99,0.01,0.1,,,,,,,,
Devin Duvernay,ARI,WR,SF,0.2,,,,,,,,,0.04,0.18,0.0,0.02,0.08,0.12,0.73,0.0,0.07,0.0,,,,,,,
Elijah Sarratt,BAL,WR,DAL,0.18,,,,,,,,,0.01,0.03,0.0,0.0,0.06,0.09,0.85,0.01,0.08,0.0,,,,,,,
Nikko Remigio,KC,WR,MIA,0.17,,,,,,,,,0.03,0.16,0.0,0.02,0.05,0.08,0.71,0.01,0.07,0.0,,,,,,,
Kaden Wetjen,PIT,WR,CIN,0.15,,,,,,,,,0.05,0.25,0.0,0.02,0.04,0.07,0.51,0.0,0.05,,,,,,,,
John Metchie,CAR,WR,CLE,0.15,,,,,,,,,0.01,0.03,0.0,0.0,0.06,0.1,0.6,0.0,0.06,0.0,,,,,,,
Myles Price,MIN,WR,TB,0.11,,,,,,,,,,,,,0.04,0.06,0.47,0.0,0.05,,,,,,,,
Britain Covey,PHI,WR,CHI,0.1,,,,,,,,,,,,,0.04,0.06,0.41,0.0,0.04,0.0,,,,,,,
Greg Ward,,WR,,,,,,,,,,,,,,,,,,,,,,,,,,,
Quincy McDuffie,,WR,,,,,,,,,,,,,,,,,,,,,,,,,,,
John Hall,,WR,,,,,,,,,,,,,,,,,,,,,,,,,,,
Noah Brown,,WR,,,,,,,,,,,,,,,,,,,,,,,,,,,
Travis Benjamin,,WR,,,,,,,,,,,,,,,,,,,,,,,,,,,
Damore'ea Stringfellow,,WR,,,,,,,,,,,,,,,,,,,,,,,,,,,
Kalija Lipscomb,,WR,,,,,,,,,,,,,,,,,,,,,,,,,,,
Jordan Westerkamp,,WR,,,,,,,,,,,,,,,,,,,,,,,,,,,
Kendrick Law,DET,WR,,,,,,,,,,,,,,,,,,,,,,,,,,,
Tyler Rutenbeck,,WR,,,,,,,,,,,,,,,,,,,,,,,,,,,
Nick Williams,,WR,,,,,,,,,,,,,,,,,,,,,,,,,,,
Kevin Kassis,,WR,,,,,,,,,,,,,,,,,,,,,,,,,,,
Malik Flowers,,WR,,,,,,,,,,,,,,,,,,,,,,,,,,,
Xavier White,,WR,,,,,,,,,,,,,,,,,,,,,,,,,,,
Marqise Lee,,WR,,,,,,,,,,,,,,,,,,,,,,,,,,,
Phillip Dorsett,,WR,,,,,,,,,,,,,,,,,,,,,,,,,,,
C.J. Johnson,,WR,,,,,,,,,,,,,,,,,,,,,,,,,,,
Aaron Parker,,WR,,,,,,,,,,,,,,,,,,,,,,,,,,,
Darius Jennings,,WR,,,,,,,,,,,,,,,,,,,,,,,,,,,
Christian Blake,,WR,,,,,,,,,,,,,,,,,,,,,,,,,,,
DaeSean Hamilton,,WR,,,,,,,,,,,,,,,,,,,,,,,,,,,
Terrell Bynum,,WR,,,,,,,,,,,,,,,,,,,,,,,,,,,
Mitchell Paige,,WR,,,,,,,,,,,,,,,,,,,,,,,,,,,
Joseph Manjack,,WR,,,,,,,,,,,,,,,,,,,,,,,,,,,
Jalon Calhoun,,WR,,,,,,,,,,,,,,,,,,,,,,,,,,,
Joe Reed,,WR,,,,,,,,,,,,,,,,,,,,,,,,,,,
Dymere Miller,,WR,,,,,,,,,,,,,,,,,,,,,,,,,,,
Talik Keaton,,WR,,,,,,,,,,,,,,,,,,,,,,,,,,,
Jamarius Way,,WR,,,,,,,,,,,,,,,,,,,,,,,,,,,
Omar Bayless,,WR,,,,,,,,,,,,,,,,,,,,,,,,,,,
Alonzo Moore,,WR,,,,,,,,,,,,,,,,,,,,,,,,,,,
Riley Ridley,,WR,,,,,,,,,,,,,,,,,,,,,,,,,,,
Marlon Williams,,WR,,,,,,,,,,,,,,,,,,,,,,,,,,,
Bra'Lon Cherry,,WR,,,,,,,,,,,,,,,,,,,,,,,,,,,
Trevon Bradford,,WR,,,,,,,,,,,,,,,,,,,,,,,,,,,
Key'Shawn Smith,,WR,,,,,,,,,,,,,,,,,,,,,,,,,,,
Tayvion Robinson,,WR,,,,,,,,,,,,,,,,,,,,,,,,,,,
Ashton Dulin,IND,WR,,,,,,,,,,,,,,,,,,,,,,,,,,,
Dontario Drummond,,WR,,,,,,,,,,,,,,,,,,,,,,,,,,,
Shaq Roland,CHI,WR,,,,,,,,,,,,,,,,,,,,,,,,,,,
Zach D'Orazio,,WR,,,,,,,,,,,,,,,,,,,,,,,,,,,
Durron Neal,,WR,,,,,,,,,,,,,,,,,,,,,,,,,,,
Khalil Tate,,WR,,,,,,,,,,,,,,,,,,,,,,,,,,,
Freddie Swain,,WR,,,,,,,,,,,,,,,,,,,,,,,,,,,
Tavon Austin,,WR,,,,,,,,,,,,,,,,,,,,,,,,,,,
Nelson Agholor,,WR,,,,,,,,,,,,,,,,,,,,,,,,,,,
Roc Taylor,,WR,,,,,,,,,,,,,,,,,,,,,,,,,,,
Devron Harper,,WR,,,,,,,,,,,,,,,,,,,,,,,,,,,
Jakobie Keeney-James,,WR,,,,,,,,,,,,,,,,,,,,,,,,,,,
R.J. Shelton,,WR,,,,,,,,,,,,,,,,,,,,,,,,,,,
Reece Horn,,WR,,,,,,,,,,,,,,,,,,,,,,,,,,,
James Quick,,WR,,,,,,,,,,,,,,,,,,,,,,,,,,,
Rashod Owens,,WR,,,,,,,,,,,,,,,,,,,,,,,,,,,
Binjimen Victor,,WR,,,,,,,,,,,,,,,,,,,,,,,,,,,
Laviska Shenault,,WR,,,,,,,,,,,,,,,,,,,,,,,,,,,
Jonathon Rumph,,WR,,,,,,,,,,,,,,,,,,,,,,,,,,,
Reggie Roberson,,WR,,,,,,,,,,,,,,,,,,,,,,,,,,,
Matthew Eaton,,WR,,,,,,,,,,,,,,,,,,,,,,,,,,,
Kazmeir Allen,,WR,,,,,,,,,,,,,,,,,,,,,,,,,,,
Trevontae Hights,,WR,,,,,,,,,,,,,,,,,,,,,,,,,,,
Amara Darboh,,WR,,,,,,,,,,,,,,,,,,,,,,,,,,,
Sam James,,WR,,,,,,,,,,,,,,,,,,,,,,,,,,,
Nsimba Webster,,WR,,,,,,,,,,,,,,,,,,,,,,,,,,,
Cody Chrest,,WR,,,,,,,,,,,,,,,,,,,,,,,,,,,
Lewis Bond,HOU,WR,,,,,,,,,,,,,,,,,,,,,,,,,,,
Jermaine Burton,,WR,,,,,,,,,,,,,,,,,,,,,,,,,,,
Marvin Hall,,WR,,,,,,,,,,,,,,,,,,,,,,,,,,,
Damion Willis,,WR,,,,,,,,,,,,,,,,,,,,,,,,,,,
Kolbe Katsis,DEN,WR,,,,,,,,,,,,,,,,,,,,,,,,,,,
Kendal Thompson,,WR,,,,,,,,,,,,,,,,,,,,,,,,,,,
Earnest Edwards,,WR,,,,,,,,,,,,,,,,,,,,,,,,,,,
Isaiah Ford,,WR,,,,,,,,,,,,,,,,,,,,,,,,,,,
Jarius Wright,,WR,,,,,,,,,,,,,,,,,,,,,,,,,,,
Mitchell Tinsley,HOU,WR,,,,,,,,,,,,,,,,,,,,,,,,,,,
Tyler Johnson,NYJ,WR,,,,,,,,,,,,,,,,,,,,,,,,,,,
Andre Baccellia,,WR,,,,,,,,,,,,,,,,,,,,,,,,,,,
Beaux Collins,ATL,WR,,,,,,,,,,,,,,,,,,,,,,,,,,,
Wesley Grimes,SF,WR,,,,,,,,,,,,,,,,,,,,,,,,,,,
Raylen Sharpe,,WR,,,,,,,,,,,,,,,,,,,,,,,,,,,
Ty Scott,,WR,,,,,,,,,,,,,,,,,,,,,,,,,,,
Daniel Sobkowicz,HOU,WR,,,,,,,,,,,,,,,,,,,,,,,,,,,
Artavis Scott,,WR,,,,,,,,,,,,,,,,,,,,,,,,,,,
Fred Ross,,WR,,,,,,,,,,,,,,,,,,,,,,,,,,,
Dontez Ford,,WR,,,,,,,,,,,,,,,,,,,,,,,,,,,
Bryson Green,,WR,,,,,,,,,,,,,,,,,,,,,,,,,,,
Dillon Bell,MIN,WR,,,,,,,,,,,,,,,,,,,,,,,,,,,
Isaiah Washington,,WR,,,,,,,,,,,,,,,,,,,,,,,,,,,
Ja'Lynn Polk,,WR,,,,,,,,,,,,,,,,,,,,,,,,,,,
Justin Watson,,WR,,,,,,,,,,,,,,,,,,,,,,,,,,,
Javon McKinley,,WR,,,,,,,,,,,,,,,,,,,,,,,,,,,
Jalen Moreno-Cropper,NO,WR,,,,,,,,,,,,,,,,,,,,,,,,,,,
Luke Wysong,,WR,,,,,,,,,,,,,,,,,,,,,,,,,,,
Brandon Polk,,WR,,,,,,,,,,,,,,,,,,,,,,,,,,,
Kobe Prentice,,WR,,,,,,,,,,,,,,,,,,,,,,,,,,,
Will Sheppard,MIA,WR,,,,,,,,,,,,,,,,,,,,,,,,,,,
Demetris Robertson,,WR,,,,,,,,,,,,,,,,,,,,,,,,,,,
Corey Davis,,WR,,,,,,,,,,,,,,,,,,,,,,,,,,,
Tanner Knue,,WR,,,,,,,,,,,,,,,,,,,,,,,,,,,
Teo Redding,,WR,,,,,,,,,,,,,,,,,,,,,,,,,,,
Bisi Johnson,,WR,,,,,,,,,,,,,,,,,,,,,,,,,,,
Donte Moncrief,,WR,,,,,,,,,,,,,,,,,,,,,,,,,,,
Travin Dural,,WR,,,,,,,,,,,,,,,,,,,,,,,,,,,
Danny Gray,,WR,,,,,,,,,,,,,,,,,,,,,,,,,,,
Sean Riley,,WR,,,,,,,,,,,,,,,,,,,,,,,,,,,
Josh Bellamy,,WR,,,,,,,,,,,,,,,,,,,,,,,,,,,
Malik Cunningham,,WR,,,,,,,,,,,,,,,,,,,,,,,,,,,
Rakim Jarrett,,WR,,,,,,,,,,,,,,,,,,,,,,,,,,,
Jermiah Braswell,,WR,,,,,,,,,,,,,,,,,,,,,,,,,,,
Anthony Ratliff-Williams,,WR,,,,,,,,,,,,,,,,,,,,,,,,,,,
Martavis Bryant,,WR,,,,,,,,,,,,,,,,,,,,,,,,,,,
Jeret Smith,,WR,,,,,,,,,,,,,,,,,,,,,,,,,,,
Zach Pascal,,WR,,,,,,,,,,,,,,,,,,,,,,,,,,,
Romello Brinson,,WR,,,,,,,,,,,,,,,,,,,,,,,,,,,
Jesse Matthews,,WR,,,,,,,,,,,,,,,,,,,,,,,,,,,
David Wallis,,WR,,,,,,,,,,,,,,,,,,,,,,,,,,,
Parris Campbell,,WR,,,,,,,,,,,,,,,,,,,,,,,,,,,
Bud Sasser,,WR,,,,,,,,,,,,,,,,,,,,,,,,,,,
Qadir Ismail,CHI,WR,,,,,,,,,,,,,,,,,,,,,,,,,,,
Trevor Harman,,WR,,,,,,,,,,,,,,,,,,,,,,,,,,,
Julian Williams,,WR,,,,,,,,,,,,,,,,,,,,,,,,,,,
Neil Pau'u,,WR,,,,,,,,,,,,,,,,,,,,,,,,,,,
Jadon Haselwood,,WR,,,,,,,,,,,,,,,,,,,,,,,,,,,
Marquez Callaway,,WR,,,,,,,,,,,,,,,,,,,,,,,,,,,
Brandon Smith,PIT,WR,,,,,,,,,,,,,,,,,,,,,,,,,,,
Ryan McDaniel,,WR,,,,,,,,,,,,,,,,,,,,,,,,,,,
Bryce Ford-Wheaton,,WR,,,,,,,,,,,,,,,,,,,,,,,,,,,
Damond Powell,,WR,,,,,,,,,,,,,,,,,,,,,,,,,,,
Zakhari Franklin,,WR,,,,,,,,,,,,,,,,,,,,,,,,,,,
Jeshaun Jones,MIN,WR,,,,,,,,,,,,,,,,,,,,,,,,,,,
Malik Rutherford,,WR,,,,,,,,,,,,,,,,,,,,,,,,,,,
Marcus Leak,,WR,,,,,,,,,,,,,,,,,,,,,,,,,,,
Preston Williams,,WR,,,,,,,,,,,,,,,,,,,,,,,,,,,
J. Michael Sturdivant,GB,WR,,,,,,,,,,,,,,,,,,,,,,,,,,,
Tyrone Broden,,WR,,,,,,,,,,,,,,,,,,,,,,,,,,,
Kyle Lewis,,WR,,,,,,,,,,,,,,,,,,,,,,,,,,,
Lance Lenoir,,WR,,,,,,,,,,,,,,,,,,,,,,,,,,,
KeAndre Lambert-Smith,LAC,WR,,,,,,,,,,,,,,,,,,,,,,,,,,,
TJ Sheffield,,WR,,,,,,,,,,,,,,,,,,,,,,,,,,,
Tommylee Lewis,,WR,,,,,,,,,,,,,,,,,,,,,,,,,,,
DeAndre Hopkins,,WR,,,,,,,,,,,,,,,,,,,,,,,,,,,
Matthew Henry,,WR,,,,,,,,,,,,,,,,,,,,,,,,,,,
JaVonta Payton,,WR,,,,,,,,,,,,,,,,,,,,,,,,,,,
Dwayne Harris,,WR,,,,,,,,,,,,,,,,,,,,,,,,,,,
Brelan Chancellor,,WR,,,,,,,,,,,,,,,,,,,,,,,,,,,
Antonio Callaway,,WR,,,,,,,,,,,,,,,,,,,,,,,,,,,
Brennan Presley,LAR,WR,,,,,,,,,,,,,,,,,,,,,,,,,,,
Brian Riley,,WR,,,,,,,,,,,,,,,,,,,,,,,,,,,
K.J. Maye,,WR,,,,,,,,,,,,,,,,,,,,,,,,,,,
Dillon Mitchell,,WR,,,,,,,,,,,,,,,,,,,,,,,,,,,
Anthony Mahoungou,,WR,,,,,,,,,,,,,,,,,,,,,,,,,,,
Braylon Sanders,,WR,,,,,,,,,,,,,,,,,,,,,,,,,,,
Tulu Griffin,,WR,,,,,,,,,,,,,,,,,,,,,,,,,,,
Tre'Shaun Harrison,,WR,,,,,,,,,,,,,,,,,,,,,,,,,,,
Tank Dell,HOU,WR,,,,,,,,,,,,,,,,,,,,,,,,,,,
KJ Hamler,,WR,,,,,,,,,,,,,,,,,,,,,,,,,,,
Kevin White,,WR,,,,,,,,,,,,,,,,,,,,,,,,,,,
Justin Hardy,,WR,,,,,,,,,,,,,,,,,,,,,,,,,,,
Rasheed Bailey,,WR,,,,,,,,,,,,,,,,,,,,,,,,,,,
Da'Quan Felton,,WR,,,,,,,,,,,,,,,,,,,,,,,,,,,
Deshon Foxx,,WR,,,,,,,,,,,,,,,,,,,,,,,,,,,
Emanuel Hall,,WR,,,,,,,,,,,,,,,,,,,,,,,,,,,
Terrell Sinkfield,,WR,,,,,,,,,,,,,,,,,,,,,,,,,,,
Greg Dortch,BUF,WR,,,,,,,,,,,,,,,,,,,,,,,,,,,
Drake Stoops,,WR,,,,,,,,,,,,,,,,,,,,,,,,,,,
Justin Sumpter,,WR,,,,,,,,,,,,,,,,,,,,,,,,,,,
Johnny Johnson,,WR,,,,,,,,,,,,,,,,,,,,,,,,,,,
Devin Lucien,,WR,,,,,,,,,,,,,,,,,,,,,,,,,,,
Matthew Slater,,WR,,,,,,,,,,,,,,,,,,,,,,,,,,,
Jamel Johnson,,WR,,,,,,,,,,,,,,,,,,,,,,,,,,,
Branden Mack,,WR,,,,,,,,,,,,,,,,,,,,,,,,,,,
Shaquan Davis,,WR,,,,,,,,,,,,,,,,,,,,,,,,,,,
Giles Jackson,,WR,,,,,,,,,,,,,,,,,,,,,,,,,,,
Isaiah Coulter,,WR,,,,,,,,,,,,,,,,,,,,,,,,,,,
Junior Vandeross,,WR,,,,,,,,,,,,,,,,,,,,,,,,,,,
Michael Thomas,,WR,,,,,,,,,,,,,,,,,,,,,,,,,,,
JP Richardson,CHI,WR,,,,,,,,,,,,,,,,,,,,,,,,,,,
Montana Lemonious-Craig,,WR,,,,,,,,,,,,,,,,,,,,,,,,,,,
Jaylen Smith,,WR,,,,,,,,,,,,,,,,,,,,,,,,,,,
Siaosi Mariner,,WR,,,,,,,,,,,,,,,,,,,,,,,,,,,
Grant DuBose,,WR,,,,,,,,,,,,,,,,,,,,,,,,,,,
Justyn Ross,,WR,,,,,,,,,,,,,,,,,,,,,,,,,,,
Keric Wheatfall,,WR,,,,,,,,,,,,,,,,,,,,,,,,,,,
Kade Warner,,WR,,,,,,,,,,,,,,,,,,,,,,,,,,,
Jeff Foreman,,WR,,,,,,,,,,,,,,,,,,,,,,,,,,,
Donatella Luckett,,WR,,,,,,,,,,,,,,,,,,,,,,,,,,,
Mike Harley,,WR,,,,,,,,,,,,,,,,,,,,,,,,,,,
Anthony Turner,,WR,,,,,,,,,,,,,,,,,,,,,,,,,,,
Treyvhon Saunders,,WR,,,,,,,,,,,,,,,,,,,,,,,,,,,
Cedrick Wilson,,WR,,,,,,,,,,,,,,,,,,,,,,,,,,,
Reggie Begelton,,WR,,,,,,,,,,,,,,,,,,,,,,,,,,,
Ayir Asante,,WR,,,,,,,,,,,,,,,,,,,,,,,,,,,
Pig Howard,,WR,,,,,,,,,,,,,,,,,,,,,,,,,,,
Joshua Cephus,,WR,,,,,,,,,,,,,,,,,,,,,,,,,,,
Armanti Foreman,,WR,,,,,,,,,,,,,,,,,,,,,,,,,,,
Kenny Cook,,WR,,,,,,,,,,,,,,,,,,,,,,,,,,,
Tre Nixon,,WR,,,,,,,,,,,,,,,,,,,,,,,,,,,
Marquez North,,WR,,,,,,,,,,,,,,,,,,,,,,,,,,,
Ryan Davis,,WR,,,,,,,,,,,,,,,,,,,,,,,,,,,
Brandon Johnson,PIT,WR,,,,,,,,,,,,,,,,,,,,,,,,,,,
John Hurst,,WR,,,,,,,,,,,,,,,,,,,,,,,,,,,
Josh Reese,,WR,,,,,,,,,,,,,,,,,,,,,,,,,,,
Max Tomczak,,WR,,,,,,,,,,,,,,,,,,,,,,,,,,,
Kirk Merritt,,WR,,,,,,,,,,,,,,,,,,,,,,,,,,,
C.J. Worton,,WR,,,,,,,,,,,,,,,,,,,,,,,,,,,
Spencer Schnell,,WR,,,,,,,,,,,,,,,,,,,,,,,,,,,
Justin Hall,,WR,,,,,,,,,,,,,,,,,,,,,,,,,,,
Jalen Reagor,MIA,WR,,,,,,,,,,,,,,,,,,,,,,,,,,,
Jake Kumerow,,WR,,,,,,,,,,,,,,,,,,,,,,,,,,,
Auden Tate,,WR,,,,,,,,,,,,,,,,,,,,,,,,,,,
Tyler Scott,,WR,,,,,,,,,,,,,,,,,,,,,,,,,,,
Ty Fryfogle,,WR,,,,,,,,,,,,,,,,,,,,,,,,,,,
Junior Bergen,,WR,,,,,,,,,,,,,,,,,,,,,,,,,,,
Jermaine Kearse,,WR,,,,,,,,,,,,,,,,,,,,,,,,,,,
Xavier Johnson,,WR,,,,,,,,,,,,,,,,,,,,,,,,,,,
A.T. Perry,,WR,,,,,,,,,,,,,,,,,,,,,,,,,,,
Talolo Limi-Jones,,WR,,,,,,,,,,,,,,,,,,,,,,,,,,,
Luke Grimm,,WR,,,,,,,,,,,,,,,,,,,,,,,,,,,
Trayvon Rudolph,,WR,,,,,,,,,,,,,,,,,,,,,,,,,,,
Easop Winston,,WR,,,,,,,,,,,,,,,,,,,,,,,,,,,
Derrick Johnson,,WR,,,,,,,,,,,,,,,,,,,,,,,,,,,
Joe Walker,,WR,,,,,,,,,,,,,,,,,,,,,,,,,,,
Andre Lindsey,,WR,,,,,,,,,,,,,,,,,,,,,,,,,,,
Krishawn Hogan,,WR,,,,,,,,,,,,,,,,,,,,,,,,,,,
Slade Bolden,,WR,,,,,,,,,,,,,,,,,,,,,,,,,,,
Tony Jones,,WR,,,,,,,,,,,,,,,,,,,,,,,,,,,
Jeff Cotton,,WR,,,,,,,,,,,,,,,,,,,,,,,,,,,
Lance McCutcheon,,WR,,,,,,,,,,,,,,,,,,,,,,,,,,,
Kevin Austin,NO,WR,,,,,,,,,,,,,,,,,,,,,,,,,,,
Eldridge Massington,NO,WR,,,,,,,,,,,,,,,,,,,,,,,,,,,
Bub Means,CLE,WR,,,,,,,,,,,,,,,,,,,,,,,,,,,
Jay Lee,,WR,,,,,,,,,,,,,,,,,,,,,,,,,,,
Milton Wright,,WR,,,,,,,,,,,,,,,,,,,,,,,,,,,
Ihmir Smith-Marsette,CAR,WR,,,,,,,,,,,,,,,,,,,,,,,,,,,
Kameron Brown,,WR,,,,,,,,,,,,,,,,,,,,,,,,,,,
Devin Fuller,,WR,,,,,,,,,,,,,,,,,,,,,,,,,,,
Jared Smart,,WR,,,,,,,,,,,,,,,,,,,,,,,,,,,
Sterling Shepard,NYJ,WR,,,,,,,,,,,,,,,,,,,,,,,,,,,
Lawrence Keys,,WR,,,,,,,,,,,,,,,,,,,,,,,,,,,
Derrick Dillon,,WR,,,,,,,,,,,,,,,,,,,,,,,,,,,
Ray-Ray McCloud,,WR,,,,,,,,,,,,,,,,,,,,,,,,,,,
Kolby Listenbee,,WR,,,,,,,,,,,,,,,,,,,,,,,,,,,
Jimmy Williams,,WR,,,,,,,,,,,,,,,,,,,,,,,,,,,
DT Sheffield,,WR,,,,,,,,,,,,,,,,,,,,,,,,,,,
Josh Pearson,,WR,,,,,,,,,,,,,,,,,,,,,,,,,,,
Kyrese Rowan,NO,WR,,,,,,,,,,,,,,,,,,,,,,,,,,,
Jaydon Mickens,,WR,,,,,,,,,,,,,,,,,,,,,,,,,,,
LaQuvionte Gonzalez,,WR,,,,,,,,,,,,,,,,,,,,,,,,,,,
Quartney Davis,,WR,,,,,,,,,,,,,,,,,,,,,,,,,,,
Derek Wright,,WR,,,,,,,,,,,,,,,,,,,,,,,,,,,
Courtney Jackson,,WR,,,,,,,,,,,,,,,,,,,,,,,,,,,
Trey Palmer,NO,WR,,,,,,,,,,,,,,,,,,,,,,,,,,,
Chris Rowland,,WR,,,,,,,,,,,,,,,,,,,,,,,,,,,
Jalin Hyatt,NYG,WR,,,,,,,,,,,,,,,,,,,,,,,,,,,
Keevan Lucas,,WR,,,,,,,,,,,,,,,,,,,,,,,,,,,
Marcus Rosemy-Jacksaint,,WR,,,,,,,,,,,,,,,,,,,,,,,,,,,
Garett Maag,,WR,,,,,,,,,,,,,,,,,,,,,,,,,,,
Samori Toure,,WR,,,,,,,,,,,,,,,,,,,,,,,,,,,
Henry Ruggs,,WR,,,,,,,,,,,,,,,,,,,,,,,,,,,
Dallas Daniels,,WR,,,,,,,,,,,,,,,,,,,,,,,,,,,
Malik Taylor,,WR,,,,,,,,,,,,,,,,,,,,,,,,,,,
Ra'Shaun Henry,,WR,,,,,,,,,,,,,,,,,,,,,,,,,,,
Dennis Houston,,WR,,,,,,,,,,,,,,,,,,,,,,,,,,,
Jimmie Hunt,,WR,,,,,,,,,,,,,,,,,,,,,,,,,,,
Ja'Kobi Lane,BAL,WR,,,,,,,,,,,,,,,,,,,,,,,,,,,
Jeff Smith,,WR,,,,,,,,,,,,,,,,,,,,,,,,,,,
Van Jefferson,WAS,WR,,,,,,,,,,,,,,,,,,,,,,,,,,,
Ryan Miller,MIA,WR,,,,,,,,,,,,,,,,,,,,,,,,,,,
Geordon Porter,,WR,,,,,,,,,,,,,,,,,,,,,,,,,,,
Breshad Perriman,,WR,,,,,,,,,,,,,,,,,,,,,,,,,,,
Josh Johnson,,WR,,,,,,,,,,,,,,,,,,,,,,,,,,,
Jonathan Adams,,WR,,,,,,,,,,,,,,,,,,,,,,,,,,,
Brock Rechsteiner,,WR,,,,,,,,,,,,,,,,,,,,,,,,,,,
Jadon Janke,,WR,,,,,,,,,,,,,,,,,,,,,,,,,,,
Ify Umodu,,WR,,,,,,,,,,,,,,,,,,,,,,,,,,,
Chris Finke,,WR,,,,,,,,,,,,,,,,,,,,,,,,,,,
Kody Case,,WR,,,,,,,,,,,,,,,,,,,,,,,,,,,
Squirrel White,,WR,,,,,,,,,,,,,,,,,,,,,,,,,,,
Keelan Doss,,WR,,,,,,,,,,,,,,,,,,,,,,,,,,,
Brandon Aiyuk,SF,WR,,,,,,,,,,,,,,,,,,,,,,,,,,,
Pokey Wilson,,WR,,,,,,,,,,,,,,,,,,,,,,,,,,,
Anthony Gould,IND,WR,,,,,,,,,,,,,,,,,,,,,,,,,,,
Jhamon Ausbon,,WR,,,,,,,,,,,,,,,,,,,,,,,,,,,
Reggie White,,WR,,,,,,,,,,,,,,,,,,,,,,,,,,,
Julio Jones,,WR,,,,,,,,,,,,,,,,,,,,,,,,,,,
Jerome Lane,,WR,,,,,,,,,,,,,,,,,,,,,,,,,,,
Quentin Skinner,,WR,,,,,,,,,,,,,,,,,,,,,,,,,,,
Al Riles,IND,WR,,,,,,,,,,,,,,,,,,,,,,,,,,,
Khalil McClain,,WR,,,,,,,,,,,,,,,,,,,,,,,,,,,
Tyler Harrell,,WR,,,,,,,,,,,,,,,,,,,,,,,,,,,
Tommy Thomas,,WR,,,,,,,,,,,,,,,,,,,,,,,,,,,
Austin Watkins,,WR,,,,,,,,,,,,,,,,,,,,,,,,,,,
Maurice Ffrench,,WR,,,,,,,,,,,,,,,,,,,,,,,,,,,
Antoine Green,,WR,,,,,,,,,,,,,,,,,,,,,,,,,,,
Brenden Rice,,WR,,,,,,,,,,,,,,,,,,,,,,,,,,,
Geronimo Allison,,WR,,,,,,,,,,,,,,,,,,,,,,,,,,,
Erik Ezukanma,,WR,,,,,,,,,,,,,,,,,,,,,,,,,,,
Chris Lacy,,WR,,,,,,,,,,,,,,,,,,,,,,,,,,,
Devante Davis,,WR,,,,,,,,,,,,,,,,,,,,,,,,,,,
Mario Hull,,WR,,,,,,,,,,,,,,,,,,,,,,,,,,,
Reggie Diggs,,WR,,,,,,,,,,,,,,,,,,,,,,,,,,,
Tahj Washington,,WR,,,,,,,,,,,,,,,,,,,,,,,,,,,
Malik Henry,,WR,,,,,,,,,,,,,,,,,,,,,,,,,,,
Speedy Noil,,WR,,,,,,,,,,,,,,,,,,,,,,,,,,,
Jamal Agnew,,WR,,,,,,,,,,,,,,,,,,,,,,,,,,,
Malik Knowles,,WR,,,,,,,,,,,,,,,,,,,,,,,,,,,
Will Hastings,,WR,,,,,,,,,,,,,,,,,,,,,,,,,,,
Kayaune Ross,,WR,,,,,,,,,,,,,,,,,,,,,,,,,,,
Deante' Gray,,WR,,,,,,,,,,,,,,,,,,,,,,,,,,,
Micah Simon,CAR,WR,,,,,,,,,,,,,,,,,,,,,,,,,,,
Winston Wright,,WR,,,,,,,,,,,,,,,,,,,,,,,,,,,
Chad Beebe,,WR,,,,,,,,,,,,,,,,,,,,,,,,,,,
Corey Coleman,,WR,,,,,,,,,,,,,,,,,,,,,,,,,,,
Hayden Hatten,,WR,,,,,,,,,,,,,,,,,,,,,,,,,,,
John Franklin,,WR,,,,,,,,,,,,,,,,,,,,,,,,,,,
D.J. Montgomery,IND,WR,,,,,,,,,,,,,,,,,,,,,,,,,,,
Sean Brown,,WR,,,,,,,,,,,,,,,,,,,,,,,,,,,
Xavier Wade,,WR,,,,,,,,,,,,,,,,,,,,,,,,,,,
Trent Steelman,,WR,,,,,,,,,,,,,,,,,,,,,,,,,,,
Josh Crockett,,WR,,,,,,,,,,,,,,,,,,,,,,,,,,,
Javess Blue,,WR,,,,,,,,,,,,,,,,,,,,,,,,,,,
Josh Malone,,WR,,,,,,,,,,,,,,,,,,,,,,,,,,,
Ventell Bryant,,WR,,,,,,,,,,,,,,,,,,,,,,,,,,,
Taylor Gabriel,,WR,,,,,,,,,,,,,,,,,,,,,,,,,,,
Chris Conley,,WR,,,,,,,,,,,,,,,,,,,,,,,,,,,
Marvin Jones,,WR,,,,,,,,,,,,,,,,,,,,,,,,,,,
Michael Woods,,WR,,,,,,,,,,,,,,,,,,,,,,,,,,,
Devon Allen,,WR,,,,,,,,,,,,,,,,,,,,,,,,,,,
Xavier Ubosi,,WR,,,,,,,,,,,,,,,,,,,,,,,,,,,
Riley Lees,,WR,,,,,,,,,,,,,,,,,,,,,,,,,,,
Manasseh Bailey,,WR,,,,,,,,,,,,,,,,,,,,,,,,,,,
Daniel Arias,,WR,,,,,,,,,,,,,,,,,,,,,,,,,,,
Tyrell Shavers,BUF,WR,,,,,,,,,,,,,,,,,,,,,,,,,,,
Jordan Byrd,,WR,,,,,,,,,,,,,,,,,,,,,,,,,,,
Chase Cota,,WR,,,,,,,,,,,,,,,,,,,,,,,,,,,
Ryan Grant,,WR,,,,,,,,,,,,,,,,,,,,,,,,,,,
Lincoln Victor,,WR,,,,,,,,,,,,,,,,,,,,,,,,,,,
Jalen Williams,,WR,,,,,,,,,,,,,,,,,,,,,,,,,,,
Cornelius Johnson,,WR,,,,,,,,,,,,,,,,,,,,,,,,,,,
Antwan Goodley,,WR,,,,,,,,,,,,,,,,,,,,,,,,,,,
Michael Wortham,JAX,WR,,,,,,,,,,,,,,,,,,,,,,,,,,,
Jaivon Heiligh,,WR,,,,,,,,,,,,,,,,,,,,,,,,,,,
Jayden Higgins,HOU,WR,,,,,,,,,,,,,,,,,,,,,,,,,,,
Shawn Bane,,WR,,,,,,,,,,,,,,,,,,,,,,,,,,,
Thayer Thomas,,WR,,,,,,,,,,,,,,,,,,,,,,,,,,,
Shaleak Knotts,,WR,,,,,,,,,,,,,,,,,,,,,,,,,,,
Xavier Restrepo,TEN,WR,,,,,,,,,,,,,,,,,,,,,,,,,,,
Levi Wentz,,WR,,,,,,,,,,,,,,,,,,,,,,,,,,,
Trent Sherfield,BUF,WR,,,,,,,,,,,,,,,,,,,,,,,,,,,
Danny Amendola,,WR,,,,,,,,,,,,,,,,,,,,,,,,,,,
Rashad Medaris,,WR,,,,,,,,,,,,,,,,,,,,,,,,,,,
Justin Shorter,LV,WR,,,,,,,,,,,,,,,,,,,,,,,,,,,
Antonio Nunn,,WR,,,,,,,,,,,,,,,,,,,,,,,,,,,
Dede Westbrook,,WR,,,,,,,,,,,,,,,,,,,,,,,,,,,
Marcell Ateman,,WR,,,,,,,,,,,,,,,,,,,,,,,,,,,
Sahmir Hagans,,WR,,,,,,,,,,,,,,,,,,,,,,,,,,,
Jalen McCleskey,,WR,,,,,,,,,,,,,,,,,,,,,,,,,,,
Cameron Posey,,WR,,,,,,,,,,,,,,,,,,,,,,,,,,,
Raleigh Webb,,WR,,,,,,,,,,,,,,,,,,,,,,,,,,,
Larry Clark,,WR,,,,,,,,,,,,,,,,,,,,,,,,,,,
Victor Bolden,,WR,,,,,,,,,,,,,,,,,,,,,,,,,,,
Isaiah Weston,,WR,,,,,,,,,,,,,,,,,,,,,,,,,,,
Jhajuan Seales,,WR,,,,,,,,,,,,,,,,,,,,,,,,,,,
DJ Chark,,WR,,,,,,,,,,,,,,,,,,,,,,,,,,,
Whop Philyor,,WR,,,,,,,,,,,,,,,,,,,,,,,,,,,
Bryant Mitchell,,WR,,,,,,,,,,,,,,,,,,,,,,,,,,,
Garrett Scantling,ATL,WR,,,,,,,,,,,,,,,,,,,,,,,,,,,
Larry Fitzgerald,,WR,,,,,,,,,,,,,,,,,,,,,,,,,,,
Theo Wease,LAC,WR,,,,,,,,,,,,,,,,,,,,,,,,,,,
Damarr Aultman,,WR,,,,,,,,,,,,,,,,,,,,,,,,,,,
Javon Baker,,WR,,,,,,,,,,,,,,,,,,,,,,,,,,,
Danny Davis,,WR,,,,,,,,,,,,,,,,,,,,,,,,,,,
Moochie Dixon,,WR,,,,,,,,,,,,,,,,,,,,,,,,,,,
Javon Wims,,WR,,,,,,,,,,,,,,,,,,,,,,,,,,,
Tarik Black,,WR,,,,,,,,,,,,,,,,,,,,,,,,,,,
Isaiah McKenzie,,WR,,,,,,,,,,,,,,,,,,,,,,,,,,,
Emmanuel Sanders,,WR,,,,,,,,,,,,,,,,,,,,,,,,,,,
Tajae Sharpe,,WR,,,,,,,,,,,,,,,,,,,,,,,,,,,
Damoun Patterson,,WR,,,,,,,,,,,,,,,,,,,,,,,,,,,
Jeff Badet,,WR,,,,,,,,,,,,,,,,,,,,,,,,,,,
Austin Wolf,,WR,,,,,,,,,,,,,,,,,,,,,,,,,,,
Amba Etta-Tawo,,WR,,,,,,,,,,,,,,,,,,,,,,,,,,,
Kendrick Rogers,,WR,,,,,,,,,,,,,,,,,,,,,,,,,,,
Jamal Robinson,,WR,,,,,,,,,,,,,,,,,,,,,,,,,,,
Andre Levrone,,WR,,,,,,,,,,,,,,,,,,,,,,,,,,,
Seth Roberts,,WR,,,,,,,,,,,,,,,,,,,,,,,,,,,
Kelvin McKnight,,WR,,,,,,,,,,,,,,,,,,,,,,,,,,,
Leon Johnson,,WR,,,,,,,,,,,,,,,,,,,,,,,,,,,
Shakeir Ryan,,WR,,,,,,,,,,,,,,,,,,,,,,,,,,,
DeVante Parker,,WR,,,,,,,,,,,,,,,,,,,,,,,,,,,
Mitch Van Vooren,,WR,,,,,,,,,,,,,,,,,,,,,,,,,,,
Tyron Billy-Johnson,,WR,,,,,,,,,,,,,,,,,,,,,,,,,,,
Kaylon Geiger,,WR,,,,,,,,,,,,,,,,,,,,,,,,,,,
Cody Latimer,,WR,,,,,,,,,,,,,,,,,,,,,,,,,,,
Jamal Custis,,WR,,,,,,,,,,,,,,,,,,,,,,,,,,,
Andy Isabella,,WR,,,,,,,,,,,,,,,,,,,,,,,,,,,
David Sills,TB,WR,,,,,,,,,,,,,,,,,,,,,,,,,,,
Reggie Brown,,WR,,,,,,,,,,,,,,,,,,,,,,,,,,,
Devontres Dukes,,WR,,,,,,,,,,,,,,,,,,,,,,,,,,,
Jordan Williams-Lambert,,WR,,,,,,,,,,,,,,,,,,,,,,,,,,,
Eric Rivers,TB,WR,,,,,,,,,,,,,,,,,,,,,,,,,,,
AJ Henning,MIA,WR,,,,,,,,,,,,,,,,,,,,,,,,,,,
Xavier Rush,,WR,,,,,,,,,,,,,,,,,,,,,,,,,,,
Christian Kirk,SF,WR,,,,,,,,,,,,,,,,,,,,,,,,,,,
Dorian Baker,,WR,,,,,,,,,,,,,,,,,,,,,,,,,,,
B.J. Johnson,,WR,,,,,,,,,,,,,,,,,,,,,,,,,,,
Ishmael Hyman,,WR,,,,,,,,,,,,,,,,,,,,,,,,,,,
Xavier Gipson,PHI,WR,,,,,,,,,,,,,,,,,,,,,,,,,,,
Taye Barber,,WR,,,,,,,,,,,,,,,,,,,,,,,,,,,
Ainias Smith,,WR,,,,,,,,,,,,,,,,,,,,,,,,,,,
Andre Roberts,,WR,,,,,,,,,,,,,,,,,,,,,,,,,,,
Brandon Zylstra,,WR,,,,,,,,,,,,,,,,,,,,,,,,,,,
Cole Burgess,,WR,,,,,,,,,,,,,,,,,,,,,,,,,,,
Jacoby Jones,,WR,,,,,,,,,,,,,,,,,,,,,,,,,,,
Rico Gafford,,WR,,,,,,,,,,,,,,,,,,,,,,,,,,,
Kenzel Doe,,WR,,,,,,,,,,,,,,,,,,,,,,,,,,,
River Cracraft,,WR,,,,,,,,,,,,,,,,,,,,,,,,,,,
Kendric Pryor,,WR,,,,,,,,,,,,,,,,,,,,,,,,,,,
Chris Hogan,,WR,,,,,,,,,,,,,,,,,,,,,,,,,,,
Eli Stove,,WR,,,,,,,,,,,,,,,,,,,,,,,,,,,
Shemar Bridges,,WR,,,,,,,,,,,,,,,,,,,,,,,,,,,
Donte Sylencieux,,WR,,,,,,,,,,,,,,,,,,,,,,,,,,,
Dax Milne,,WR,,,,,,,,,,,,,,,,,,,,,,,,,,,
Shi Smith,,WR,,,,,,,,,,,,,,,,,,,,,,,,,,,
Gehrig Dieter,,WR,,,,,,,,,,,,,,,,,,,,,,,,,,,
Chris Coleman,,WR,,,,,,,,,,,,,,,,,,,,,,,,,,,
Ja'seem Reed,CAR,WR,,,,,,,,,,,,,,,,,,,,,,,,,,,
David Moore,CAR,WR,,,,,,,,,,,,,,,,,,,,,,,,,,,
Dane Key,DEN,WR,,,,,,,,,,,,,,,,,,,,,,,,,,,
Kevin Shaa,,WR,,,,,,,,,,,,,,,,,,,,,,,,,,,
Isiah Ferguson,,WR,,,,,,,,,,,,,,,,,,,,,,,,,,,
Sergio Bailey,,WR,,,,,,,,,,,,,,,,,,,,,,,,,,,
Devin Phelps,,WR,,,,,,,,,,,,,,,,,,,,,,,,,,,
Scotty Miller,,WR,,,,,,,,,,,,,,,,,,,,,,,,,,,
Tavonn Salter,,WR,,,,,,,,,,,,,,,,,,,,,,,,,,,
Cody Core,,WR,,,,,,,,,,,,,,,,,,,,,,,,,,,
Korey Robertson,,WR,,,,,,,,,,,,,,,,,,,,,,,,,,,
Omari Kelly,,WR,,,,,,,,,,,,,,,,,,,,,,,,,,,
Andrew Parchment,,WR,,,,,,,,,,,,,,,,,,,,,,,,,,,
Cody Chrest,,WR,,,,,,,,,,,,,,,,,,,,,,,,,,,
Chester Rogers,,WR,,,,,,,,,,,,,,,,,,,,,,,,,,,
Gage Larvadain,BAL,WR,,,,,,,,,,,,,,,,,,,,,,,,,,,
Barion Brown,NO,WR,,,,,,,,,,,,,,,,,,,,,,,,,,,
E.J. Horton,,WR,,,,,,,,,,,,,,,,,,,,,,,,,,,
Lamar Atkins,,WR,,,,,,,,,,,,,,,,,,,,,,,,,,,
Cam Worthy,,WR,,,,,,,,,,,,,,,,,,,,,,,,,,,
Trent Taylor,,WR,,,,,,,,,,,,,,,,,,,,,,,,,,,
Michael Briscoe,MIN,WR,,,,,,,,,,,,,,,,,,,,,,,,,,,
C.J. Board,,WR,,,,,,,,,,,,,,,,,,,,,,,,,,,
Jaylen Johnson,,WR,,,,,,,,,,,,,,,,,,,,,,,,,,,
Austin Mack,,WR,,,,,,,,,,,,,,,,,,,,,,,,,,,
Zion Bowens,,WR,,,,,,,,,,,,,,,,,,,,,,,,,,,
Jeff Thomas,,WR,,,,,,,,,,,,,,,,,,,,,,,,,,,
Da'Ron Brown,,WR,,,,,,,,,,,,,,,,,,,,,,,,,,,
Daniel Rodriguez,,WR,,,,,,,,,,,,,,,,,,,,,,,,,,,
Donovan Peoples-Jones,,WR,,,,,,,,,,,,,,,,,,,,,,,,,,,
Vinny Anthony,ATL,WR,,,,,,,,,,,,,,,,,,,,,,,,,,,
Sammy Watkins,,WR,,,,,,,,,,,,,,,,,,,,,,,,,,,
Jordan Smallwood,,WR,,,,,,,,,,,,,,,,,,,,,,,,,,,
Trey Quinn,,WR,,,,,,,,,,,,,,,,,,,,,,,,,,,
Brian Cobbs,,WR,,,,,,,,,,,,,,,,,,,,,,,,,,,
Racey McMath,,WR,,,,,,,,,,,,,,,,,,,,,,,,,,,
DeAndre Thompkins,GB,WR,,,,,,,,,,,,,,,,,,,,,,,,,,,
Tejhaun Palmer,,WR,,,,,,,,,,,,,,,,,,,,,,,,,,,
Tyrie Cleveland,,WR,,,,,,,,,,,,,,,,,,,,,,,,,,,
Connor Wedington,,WR,,,,,,,,,,,,,,,,,,,,,,,,,,,
Justice Shelton-Mosley,,WR,,,,,,,,,,,,,,,,,,,,,,,,,,,
Cortrelle Simpson,,WR,,,,,,,,,,,,,,,,,,,,,,,,,,,
Jaaron Hayek,,WR,,,,,,,,,,,,,,,,,,,,,,,,,,,
Jaden Bradley,WAS,WR,,,,,,,,,,,,,,,,,,,,,,,,,,,
Allen Hurns,MIA,WR,,,,,,,,,,,,,,,,,,,,,,,,,,,
Gabe Davis,,WR,,,,,,,,,,,,,,,,,,,,,,,,,,,
Tru Edwards,,WR,,,,,,,,,,,,,,,,,,,,,,,,,,,
Justin Lockhart,,WR,,,,,,,,,,,,,,,,,,,,,,,,,,,
Warren Jackson,,WR,,,,,,,,,,,,,,,,,,,,,,,,,,,
Mike Thomas,,WR,,,,,,,,,,,,,,,,,,,,,,,,,,,
Nick DeGennaro,,WR,,,,,,,,,,,,,,,,,,,,,,,,,,,
Malik Heath,ATL,WR,,,,,,,,,,,,,,,,,,,,,,,,,,,
Omar Cooper,NYJ,WR,,,,,,,,,,,,,,,,,,,,,,,,,,,
Makai Polk,,WR,,,,,,,,,,,,,,,,,,,,,,,,,,,
T.J. Rahming,,WR,,,,,,,,,,,,,,,,,,,,,,,,,,,
Byron Pringle,,WR,,,,,,,,,,,,,,,,,,,,,,,,,,,
Sam Brown,,WR,,,,,,,,,,,,,,,,,,,,,,,,,,,
Robert Foster,,WR,,,,,,,,,,,,,,,,,,,,,,,,,,,
Sam Wiglusz,,WR,,,,,,,,,,,,,,,,,,,,,,,,,,,
Josh Hammond,,WR,,,,,,,,,,,,,,,,,,,,,,,,,,,
Beau Corrales,,WR,,,,,,,,,,,,,,,,,,,,,,,,,,,
Elijah Marks,,WR,,,,,,,,,,,,,,,,,,,,,,,,,,,
Camden Brown,DAL,WR,,,,,,,,,,,,,,,,,,,,,,,,,,,
Ketron Jackson,,WR,,,,,,,,,,,,,,,,,,,,,,,,,,,
Austin Proehl,,WR,,,,,,,,,,,,,,,,,,,,,,,,,,,
Jalen Virgil,,WR,,,,,,,,,,,,,,,,,,,,,,,,,,,
Jaelen Gill,,WR,,,,,,,,,,,,,,,,,,,,,,,,,,,
Cyril Grayson,,WR,,,,,,,,,,,,,,,,,,,,,,,,,,,
T.J. Luther,,WR,,,,,,,,,,,,,,,,,,,,,,,,,,,
Mekale McKay,,WR,,,,,,,,,,,,,,,,,,,,,,,,,,,
Malick Meiga,SEA,WR,,,,,,,,,,,,,,,,,,,,,,,,,,,
Zay Jones,,WR,,,,,,,,,,,,,,,,,,,,,,,,,,,
Cameron Dorner,NE,WR,,,,,,,,,,,,,,,,,,,,,,,,,,,
Thomas Hennigan,,WR,,,,,,,,,,,,,,,,,,,,,,,,,,,
Jordyn Tyson,NO,WR,,,,,,,,,,,,,,,,,,,,,,,,,,,
Malcolm Perry,,WR,,,,,,,,,,,,,,,,,,,,,,,,,,,
Noel Thomas,,WR,,,,,,,,,,,,,,,,,,,,,,,,,,,
Taj Williams,,WR,,,,,,,,,,,,,,,,,,,,,,,,,,,
Michael Young,,WR,,,,,,,,,,,,,,,,,,,,,,,,,,,
Noah Short,,WR,,,,,,,,,,,,,,,,,,,,,,,,,,,
Coleman Owen,,WR,,,,,,,,,,,,,,,,,,,,,,,,,,,
Travis Fulgham,,WR,,,,,,,,,,,,,,,,,,,,,,,,,,,
Papi White,,WR,,,,,,,,,,,,,,,,,,,,,,,,,,,
Trishton Jackson,,WR,,,,,,,,,,,,,,,,,,,,,,,,,,,
Daylen Baldwin,,WR,,,,,,,,,,,,,,,,,,,,,,,,,,,
Darius Lassiter,,WR,,,,,,,,,,,,,,,,,,,,,,,,,,,
Dylan Drummond,ATL,WR,,,,,,,,,,,,,,,,,,,,,,,,,,,
Richard Mullaney,,WR,,,,,,,,,,,,,,,,,,,,,,,,,,,
De'Mornay Pierson-El,,WR,,,,,,,,,,,,,,,,,,,,,,,,,,,
Nate McCollum,,WR,,,,,,,,,,,,,,,,,,,,,,,,,,,
Levern Jacobs,,WR,,,,,,,,,,,,,,,,,,,,,,,,,,,
Mac Hippenhammer,,WR,,,,,,,,,,,,,,,,,,,,,,,,,,,
Fred Brown,,WR,,,,,,,,,,,,,,,,,,,,,,,,,,,
John Jiles,,WR,,,,,,,,,,,,,,,,,,,,,,,,,,,
Malcolm Lewis,,WR,,,,,,,,,,,,,,,,,,,,,,,,,,,
Jalen Wayne,,WR,,,,,,,,,,,,,,,,,,,,,,,,,,,
Kisean Johnson,,WR,,,,,,,,,,,,,,,,,,,,,,,,,,,
DeAndre Reaves,,WR,,,,,,,,,,,,,,,,,,,,,,,,,,,
Stanley Berryhill,,WR,,,,,,,,,,,,,,,,,,,,,,,,,,,
Robert Woods,,WR,,,,,,,,,,,,,,,,,,,,,,,,,,,
Shedrick Jackson,BAL,WR,,,,,,,,,,,,,,,,,,,,,,,,,,,
Terrace Marshall,,WR,,,,,,,,,,,,,,,,,,,,,,,,,,,
Nick Holley,,WR,,,,,,,,,,,,,,,,,,,,,,,,,,,
T.Y. Hilton,,WR,,,,,,,,,,,,,,,,,,,,,,,,,,,
Jeremiah Webb,NE,WR,,,,,,,,,,,,,,,,,,,,,,,,,,,
Damion Ratley,,WR,,,,,,,,,,,,,,,,,,,,,,,,,,,
Paul Richardson,,WR,,,,,,,,,,,,,,,,,,,,,,,,,,,
Dillon Stoner,,WR,,,,,,,,,,,,,,,,,,,,,,,,,,,
Kaylon Horton,,WR,,,,,,,,,,,,,,,,,,,,,,,,,,,
Dominic Lovett,DET,WR,,,,,,,,,,,,,,,,,,,,,,,,,,,
Gavin Lutman,,WR,,,,,,,,,,,,,,,,,,,,,,,,,,,
Dont'e Thornton,LV,WR,,,,,,,,,,,,,,,,,,,,,,,,,,,
Jaray Jenkins,,WR,,,,,,,,,,,,,,,,,,,,,,,,,,,
Rashad Rochelle,,WR,,,,,,,,,,,,,,,,,,,,,,,,,,,
Jeff Weimer,,WR,,,,,,,,,,,,,,,,,,,,,,,,,,,
Jonathan Brady,,WR,,,,,,,,,,,,,,,,,,,,,,,,,,,
Jalen Camp,,WR,,,,,,,,,,,,,,,,,,,,,,,,,,,
Amir Carlisle,,WR,,,,,,,,,,,,,,,,,,,,,,,,,,,
Valdez Showers,,WR,,,,,,,,,,,,,,,,,,,,,,,,,,,
Mante Morrow,,WR,,,,,,,,,,,,,,,,,,,,,,,,,,,
Joaquin Davis,,WR,,,,,,,,,,,,,,,,,,,,,,,,,,,
Oliver Martin,,WR,,,,,,,,,,,,,,,,,,,,,,,,,,,
Dimitri Stanley,,WR,,,,,,,,,,,,,,,,,,,,,,,,,,,
Dan Chisena,,WR,,,,,,,,,,,,,,,,,,,,,,,,,,,
Arian Smith,NYJ,WR,,,,,,,,,,,,,,,,,,,,,,,,,,,
Justice Liggins,,WR,,,,,,,,,,,,,,,,,,,,,,,,,,,
Jha'Quan Jackson,,WR,,,,,,,,,,,,,,,,,,,,,,,,,,,
Rory Starkey,,WR,,,,,,,,,,,,,,,,,,,,,,,,,,,
Deon Cain,,WR,,,,,,,,,,,,,,,,,,,,,,,,,,,
Darreus Rogers,,WR,,,,,,,,,,,,,,,,,,,,,,,,,,,
Shawn Poindexter,,WR,,,,,,,,,,,,,,,,,,,,,,,,,,,
Jack Sorenson,,WR,,,,,,,,,,,,,,,,,,,,,,,,,,,
Emeka Emezie,,WR,,,,,,,,,,,,,,,,,,,,,,,,,,,
Dalton Schoen,,WR,,,,,,,,,,,,,,,,,,,,,,,,,,,
Robert Wheelwright,,WR,,,,,,,,,,,,,,,,,,,,,,,,,,,
Travis Jonsen,,WR,,,,,,,,,,,,,,,,,,,,,,,,,,,
Isaiah McKoy,,WR,,,,,,,,,,,,,,,,,,,,,,,,,,,
Jehu Chesson,,WR,,,,,,,,,,,,,,,,,,,,,,,,,,,
Zimari Manning,,WR,,,,,,,,,,,,,,,,,,,,,,,,,,,
Dres Anderson,,WR,,,,,,,,,,,,,,,,,,,,,,,,,,,
Matt Fleming,,WR,,,,,,,,,,,,,,,,,,,,,,,,,,,
Trevor Davis,,WR,,,,,,,,,,,,,,,,,,,,,,,,,,,
Chris Autman-Bell,,WR,,,,,,,,,,,,,,,,,,,,,,,,,,,
Dee Eskridge,,WR,,,,,,,,,,,,,,,,,,,,,,,,,,,
Jarvis Landry,,WR,,,,,,,,,,,,,,,,,,,,,,,,,,,
Cole Beasley,,WR,,,,,,,,,,,,,,,,,,,,,,,,,,,
Cedric Tillman,NO,WR,,,,,,,,,,,,,,,,,,,,,,,,,,,
Cornell Powell,,WR,,,,,,,,,,,,,,,,,,,,,,,,,,,
Dez Bryant,,WR,,,,,,,,,,,,,,,,,,,,,,,,,,,
JoJo Ward,,WR,,,,,,,,,,,,,,,,,,,,,,,,,,,
Tre Walker,,WR,,,,,,,,,,,,,,,,,,,,,,,,,,,
Trevon Grimes,,WR,,,,,,,,,,,,,,,,,,,,,,,,,,,
Scotty Washington,,WR,,,,,,,,,,,,,,,,,,,,,,,,,,,
DeSean Jackson,,WR,,,,,,,,,,,,,,,,,,,,,,,,,,,
Duece Watts,,WR,,,,,,,,,,,,,,,,,,,,,,,,,,,
Johnathon Johnson,,WR,,,,,,,,,,,,,,,,,,,,,,,,,,,
Keelan Cole,,WR,,,,,,,,,,,,,,,,,,,,,,,,,,,
DJ Turner,,WR,,,,,,,,,,,,,,,,,,,,,,,,,,,
Antonio Brown,,WR,,,,,,,,,,,,,,,,,,,,,,,,,,,
Jacob De Jesus,,WR,,,,,,,,,,,,,,,,,,,,,,,,,,,
Terrill Davis,,WR,,,,,,,,,,,,,,,,,,,,,,,,,,,
Chase Roberts,,WR,,,,,,,,,,,,,,,,,,,,,,,,,,,
John Diarse,,WR,,,,,,,,,,,,,,,,,,,,,,,,,,,
Jalen Sample,,WR,,,,,,,,,,,,,,,,,,,,,,,,,,,
John Harris,,WR,,,,,,,,,,,,,,,,,,,,,,,,,,,
Hank Beatty,,WR,,,,,,,,,,,,,,,,,,,,,,,,,,,
Emmanuel Henderson,SEA,WR,,,,,,,,,,,,,,,,,,,,,,,,,,,
Cortez Braham,,WR,,,,,,,,,,,,,,,,,,,,,,,,,,,
Juwann Winfree,,WR,,,,,,,,,,,,,,,,,,,,,,,,,,,
Braxton Burmeister,,WR,,,,,,,,,,,,,,,,,,,,,,,,,,,
Stephen Guidry,,WR,,,,,,,,,,,,,,,,,,,,,,,,,,,
Quenton Bundrage,,WR,,,,,,,,,,,,,,,,,,,,,,,,,,,
Julian Hicks,SEA,WR,,,,,,,,,,,,,,,,,,,,,,,,,,,
Keshunn Abram,,WR,,,,,,,,,,,,,,,,,,,,,,,,,,,
Jordan Bly,,WR,,,,,,,,,,,,,,,,,,,,,,,,,,,
Quintez Cephus,,WR,,,,,,,,,,,,,,,,,,,,,,,,,,,
Jake Herslow,,WR,,,,,,,,,,,,,,,,,,,,,,,,,,,
Michael Crabtree,,WR,,,,,,,,,,,,,,,,,,,,,,,,,,,
Chris Brown,,WR,,,,,,,,,,,,,,,,,,,,,,,,,,,
Kyle Sheets,,WR,,,,,,,,,,,,,,,,,,,,,,,,,,,
Joseph Scates,,WR,,,,,,,,,,,,,,,,,,,,,,,,,,,
Ajou Ajou,,WR,,,,,,,,,,,,,,,,,,,,,,,,,,,
Jimmy Kibble,,WR,,,,,,,,,,,,,,,,,,,,,,,,,,,
Jacob Copeland,,WR,,,,,,,,,,,,,,,,,,,,,,,,,,,
Josh Magee,,WR,,,,,,,,,,,,,,,,,,,,,,,,,,,
Taylor Morin,,WR,,,,,,,,,,,,,,,,,,,,,,,,,,,
Landen Akers,,WR,,,,,,,,,,,,,,,,,,,,,,,,,,,
Changa Hodge,,WR,,,,,,,,,,,,,,,,,,,,,,,,,,,
Kasey Closs,,WR,,,,,,,,,,,,,,,,,,,,,,,,,,,
Will Pauling,SF,WR,,,,,,,,,,,,,,,,,,,,,,,,,,,
Corey Crooms,,WR,,,,,,,,,,,,,,,,,,,,,,,,,,,
Trenton Irwin,,WR,,,,,,,,,,,,,,,,,,,,,,,,,,,
Quincy Enunwa,,WR,,,,,,,,,,,,,,,,,,,,,,,,,,,
Malik McClain,NYJ,WR,,,,,,,,,,,,,,,,,,,,,,,,,,,
Octavian Smith,,WR,,,,,,,,,,,,,,,,,,,,,,,,,,,
Hal Presley,,WR,,,,,,,,,,,,,,,,,,,,,,,,,,,
Austin Duke,,WR,,,,,,,,,,,,,,,,,,,,,,,,,,,
Kwamie Lassiter,,WR,,,,,,,,,,,,,,,,,,,,,,,,,,,
Mario Williams,,WR,,,,,,,,,,,,,,,,,,,,,,,,,,,
Corey Sutton,,WR,,,,,,,,,,,,,,,,,,,,,,,,,,,
Dante Wright,,WR,,,,,,,,,,,,,,,,,,,,,,,,,,,
Zach Mathis,,WR,,,,,,,,,,,,,,,,,,,,,,,,,,,
Allen Robinson,,WR,,,,,,,,,,,,,,,,,,,,,,,,,,,
John Brown,,WR,,,,,,,,,,,,,,,,,,,,,,,,,,,
Moose Muhammad,,WR,,,,,,,,,,,,,,,,,,,,,,,,,,,
Kevin Snead,,WR,,,,,,,,,,,,,,,,,,,,,,,,,,,
Tyre Brady,,WR,,,,,,,,,,,,,,,,,,,,,,,,,,,
Keyarris Garrett,,WR,,,,,,,,,,,,,,,,,,,,,,,,,,,
Jalen Walthall,,WR,,,,,,,,,,,,,,,,,,,,,,,,,,,
Tyler Vaughns,,WR,,,,,,,,,,,,,,,,,,,,,,,,,,,
Myron Mitchell,,WR,,,,,,,,,,,,,,,,,,,,,,,,,,,
Nick Nash,,WR,,,,,,,,,,,,,,,,,,,,,,,,,,,
Antoine Wesley,,WR,,,,,,,,,,,,,,,,,,,,,,,,,,,
David Bell,,WR,,,,,,,,,,,,,,,,,,,,,,,,,,,
Amari Rodgers,,WR,,,,,,,,,,,,,,,,,,,,,,,,,,,
Chase Cota,,WR,,,,,,,,,,,,,,,,,,,,,,,,,,,
Kyric McGowan,,WR,,,,,,,,,,,,,,,,,,,,,,,,,,,
DaVaris Daniels,,WR,,,,,,,,,,,,,,,,,,,,,,,,,,,
Demetrius Wilson,,WR,,,,,,,,,,,,,,,,,,,,,,,,,,,
Deonte Harty,,WR,,,,,,,,,,,,,,,,,,,,,,,,,,,
Bobo Wilson,,WR,,,,,,,,,,,,,,,,,,,,,,,,,,,
Kyle Dixon,NE,WR,,,,,,,,,,,,,,,,,,,,,,,,,,,
Roderick Daniels,,WR,,,,,,,,,,,,,,,,,,,,,,,,,,,
Chad Hansen,,WR,,,,,,,,,,,,,,,,,,,,,,,,,,,
Julian Edelman,,WR,,,,,,,,,,,,,,,,,,,,,,,,,,,
Keeon Johnson,,WR,,,,,,,,,,,,,,,,,,,,,,,,,,,
Cade McDonald,,WR,,,,,,,,,,,,,,,,,,,,,,,,,,,
Da'Mari Scott,,WR,,,,,,,,,,,,,,,,,,,,,,,,,,,
Equanimeous St. Brown,,WR,,,,,,,,,,,,,,,,,,,,,,,,,,,
Marcus Lucas,,WR,,,,,,,,,,,,,,,,,,,,,,,,,,,
Hunter Renfrow,,WR,,,,,,,,,,,,,,,,,,,,,,,,,,,
Francis Owusu,,WR,,,,,,,,,,,,,,,,,,,,,,,,,,,
Romell Guerrier,,WR,,,,,,,,,,,,,,,,,,,,,,,,,,,
Monty Madaris,,WR,,,,,,,,,,,,,,,,,,,,,,,,,,,
Shaq Hill,,WR,,,,,,,,,,,,,,,,,,,,,,,,,,,
Detrich Clark,,WR,,,,,,,,,,,,,,,,,,,,,,,,,,,
Jalen Greene,,WR,,,,,,,,,,,,,,,,,,,,,,,,,,,
Rodney Adams,,WR,,,,,,,,,,,,,,,,,,,,,,,,,,,
Shane Leatherbury,,WR,,,,,,,,,,,,,,,,,,,,,,,,,,,
Willie Johnson,,WR,,,,,,,,,,,,,,,,,,,,,,,,,,,
Damon Hazelton,,WR,,,,,,,,,,,,,,,,,,,,,,,,,,,
James Proche,,WR,,,,,,,,,,,,,,,,,,,,,,,,,,,
Tyler Lockett,,WR,,,,,,,,,,,,,,,,,,,,,,,,,,,
Rico Bussey,,WR,,,,,,,,,,,,,,,,,,,,,,,,,,,
Dakota Caton,,WR,,,,,,,,,,,,,,,,,,,,,,,,,,,
Bailey Gaither,,WR,,,,,,,,,,,,,,,,,,,,,,,,,,,
Damion Jeanpiere,,WR,,,,,,,,,,,,,,,,,,,,,,,,,,,
C.J. Duncan,,WR,,,,,,,,,,,,,,,,,,,,,,,,,,,
Monaray Baldwin,,WR,,,,,,,,,,,,,,,,,,,,,,,,,,,
Andrew Armstrong,KC,WR,,,,,,,,,,,,,,,,,,,,,,,,,,,
Brandon Powell,,WR,,,,,,,,,,,,,,,,,,,,,,,,,,,
Kekoa Crawford,,WR,,,,,,,,,,,,,,,,,,,,,,,,,,,
Eric McAlister,,WR,,,,,,,,,,,,,,,,,,,,,,,,,,,
Jaleel Scott,,WR,,,,,,,,,,,,,,,,,,,,,,,,,,,
Tony Stevens,,WR,,,,,,,,,,,,,,,,,,,,,,,,,,,
Avery Davis,,WR,,,,,,,,,,,,,,,,,,,,,,,,,,,
Dennis Parks,,WR,,,,,,,,,,,,,,,,,,,,,,,,,,,
Karel Hamilton,,WR,,,,,,,,,,,,,,,,,,,,,,,,,,,
Taywan Taylor,,WR,,,,,,,,,,,,,,,,,,,,,,,,,,,
Dazz Newsome,,WR,,,,,,,,,,,,,,,,,,,,,,,,,,,
Jester Weah,,WR,,,,,,,,,,,,,,,,,,,,,,,,,,,
Daurice Fountain,,WR,,,,,,,,,,,,,,,,,,,,,,,,,,,
Isaiah Wooden,,WR,,,,,,,,,,,,,,,,,,,,,,,,,,,
George Campbell,,WR,,,,,,,,,,,,,,,,,,,,,,,,,,,
T.J. Jones,,WR,,,,,,,,,,,,,,,,,,,,,,,,,,,
Devin Ross,,WR,,,,,,,,,,,,,,,,,,,,,,,,,,,
Tre Mosley,,WR,,,,,,,,,,,,,,,,,,,,,,,,,,,
Kaden Davis,CHI,WR,,,,,,,,,,,,,,,,,,,,,,,,,,,
OJ Hiliare,,WR,,,,,,,,,,,,,,,,,,,,,,,,,,,
JJ Laap,,WR,,,,,,,,,,,,,,,,,,,,,,,,,,,
Adam Thielen,,WR,,,,,,,,,,,,,,,,,,,,,,,,,,,
Landon Lenoir,,WR,,,,,,,,,,,,,,,,,,,,,,,,,,,
Darius Prince,,WR,,,,,,,,,,,,,,,,,,,,,,,,,,,
Chris Tyree,,WR,,,,,,,,,,,,,,,,,,,,,,,,,,,
Joe Horn,,WR,,,,,,,,,,,,,,,,,,,,,,,,,,,
KeVonn Mabon,,WR,,,,,,,,,,,,,,,,,,,,,,,,,,,
Jared Dangerfield,,WR,,,,,,,,,,,,,,,,,,,,,,,,,,,
Marquez Stevenson,,WR,,,,,,,,,,,,,,,,,,,,,,,,,,,
Xavier Guillory,BAL,WR,,,,,,,,,,,,,,,,,,,,,,,,,,,
Fred Trevillion,,WR,,,,,,,,,,,,,,,,,,,,,,,,,,,
Lacoltan Bester,,WR,,,,,,,,,,,,,,,,,,,,,,,,,,,
Kyron Hudson,,WR,,,,,,,,,,,,,,,,,,,,,,,,,,,
Davon Grayson,,WR,,,,,,,,,,,,,,,,,,,,,,,,,,,
Brisly Estime,,WR,,,,,,,,,,,,,,,,,,,,,,,,,,,
Mason Kinsey,,WR,,,,,,,,,,,,,,,,,,,,,,,,,,,
C.J. Charleston,,WR,,,,,,,,,,,,,,,,,,,,,,,,,,,
Traeshon Holden,,WR,,,,,,,,,,,,,,,,,,,,,,,,,,,
Antwane Wells,ATL,WR,,,,,,,,,,,,,,,,,,,,,,,,,,,
Mecole Hardman,,WR,,,,,,,,,,,,,,,,,,,,,,,,,,,
Silas Bolden,,WR,,,,,,,,,,,,,,,,,,,,,,,,,,,
Germone Hopper,,WR,,,,,,,,,,,,,,,,,,,,,,,,,,,
Mitch Mathews,,WR,,,,,,,,,,,,,,,,,,,,,,,,,,,
Isaiah Hodgins,PIT,WR,,,,,,,,,,,,,,,,,,,,,,,,,,,
Cam Johnson,,WR,,,,,,,,,,,,,,,,,,,,,,,,,,,
Austin Carr,,WR,,,,,,,,,,,,,,,,,,,,,,,,,,,
KJ Hill,LAC,WR,,,,,,,,,,,,,,,,,,,,,,,,,,,
Ramel Keyton,,WR,,,,,,,,,,,,,,,,,,,,,,,,,,,
Jeff Caldwell,KC,WR,,,,,,,,,,,,,,,,,,,,,,,,,,,
Kyle Philips,,WR,,,,,,,,,,,,,,,,,,,,,,,,,,,
Dredrick Snelson,,WR,,,,,,,,,,,,,,,,,,,,,,,,,,,
Anthony Dable,,WR,,,,,,,,,,,,,,,,,,,,,,,,,,,
Sy Barnett,,WR,,,,,,,,,,,,,,,,,,,,,,,,,,,
Jaquarii Roberson,,WR,,,,,,,,,,,,,,,,,,,,,,,,,,,
Chase Claypool,,WR,,,,,,,,,,,,,,,,,,,,,,,,,,,
Kendrick Ings,,WR,,,,,,,,,,,,,,,,,,,,,,,,,,,
Nick Easley,,WR,,,,,,,,,,,,,,,,,,,,,,,,,,,
Jamire Jordan,,WR,,,,,,,,,,,,,,,,,,,,,,,,,,,
Harrison Wallace,ARI,WR,,,,,,,,,,,,,,,,,,,,,,,,,,,
Josh Vann,,WR,,,,,,,,,,,,,,,,,,,,,,,,,,,
Savon Scarver,,WR,,,,,,,,,,,,,,,,,,,,,,,,,,,
Marchie Murdock,,WR,,,,,,,,,,,,,,,,,,,,,,,,,,,
Chris Hilton,,WR,,,,,,,,,,,,,,,,,,,,,,,,,,,
Trebor Pena,JAX,WR,,,,,,,,,,,,,,,,,,,,,,,,,,,
Brennan Eagles,,WR,,,,,,,,,,,,,,,,,,,,,,,,,,,
Darius Davis,,WR,,,,,,,,,,,,,,,,,,,,,,,,,,,
Phillip Brooks,,WR,,,,,,,,,,,,,,,,,,,,,,,,,,,
Kendall Hinton,,WR,,,,,,,,,,,,,,,,,,,,,,,,,,,
Aaron Anderson,,WR,,,,,,,,,,,,,,,,,,,,,,,,,,,
Kai Locksley,,WR,,,,,,,,,,,,,,,,,,,,,,,,,,,
John Hightower,,WR,,,,,,,,,,,,,,,,,,,,,,,,,,,
Kenny Bell,,WR,,,,,,,,,,,,,,,,,,,,,,,,,,,
Alec Pierce,IND,WR,,,,,,,,,,,,,,,,,,,,,,,,,,,
Alex Wesley,,WR,,,,,,,,,,,,,,,,,,,,,,,,,,,
Stanley Morgan,,WR,,,,,,,,,,,,,,,,,,,,,,,,,,,
Ja'Mori Maclin,BUF,WR,,,,,,,,,,,,,,,,,,,,,,,,,,,
Braydon Johnson,,WR,,,,,,,,,,,,,,,,,,,,,,,,,,,
Danny Anthrop,,WR,,,,,,,,,,,,,,,,,,,,,,,,,,,
Chris Brazzell,CAR,WR,,,,,,,,,,,,,,,,,,,,,,,,,,,
Dalen Cambre,NYG,WR,,,,,,,,,,,,,,,,,,,,,,,,,,,
Stephen Gosnell,BUF,WR,,,,,,,,,,,,,,,,,,,,,,,,,,,
Ted Ginn,,WR,,,,,,,,,,,,,,,,,,,,,,,,,,,
Michael Bandy,DEN,WR,,,,,,,,,,,,,,,,,,,,,,,,,,,
Jonah Trinnaman,,WR,,,,,,,,,,,,,,,,,,,,,,,,,,,
Josh Gordon,,WR,,,,,,,,,,,,,,,,,,,,,,,,,,,
Ahmad Fulwood,,WR,,,,,,,,,,,,,,,,,,,,,,,,,,,
Jaelon Acklin,,WR,,,,,,,,,,,,,,,,,,,,,,,,,,,
Je'Quan Burton,,WR,,,,,,,,,,,,,,,,,,,,,,,,,,,
Bryce Bobo,,WR,,,,,,,,,,,,,,,,,,,,,,,,,,,
Kobe Hudson,,WR,,,,,,,,,,,,,,,,,,,,,,,,,,,
Praise Olatoke,,WR,,,,,,,,,,,,,,,,,,,,,,,,,,,
Mike Williams,,WR,,,,,,,,,,,,,,,,,,,,,,,,,,,
Michael Rector,,WR,,,,,,,,,,,,,,,,,,,,,,,,,,,
Amari Cooper,,WR,,,,,,,,,,,,,,,,,,,,,,,,,,,
Cayleb Jones,,WR,,,,,,,,,,,,,,,,,,,,,,,,,,,
Keith Kirkwood,,WR,,,,,,,,,,,,,,,,,,,,,,,,,,,
Jaxon Janke,,WR,,,,,,,,,,,,,,,,,,,,,,,,,,,
Tim Wilson,,WR,,,,,,,,,,,,,,,,,,,,,,,,,,,
Samson Nacua,,WR,,,,,,,,,,,,,,,,,,,,,,,,,,,
Dontrelle Inman,,WR,,,,,,,,,,,,,,,,,,,,,,,,,,,
Kyre Duplessis,,WR,,,,,,,,,,,,,,,,,,,,,,,,,,,
Aaron Fuller,,WR,,,,,,,,,,,,,,,,,,,,,,,,,,,
Tyler Hudson,,WR,,,,,,,,,,,,,,,,,,,,,,,,,,,
Ryan Switzer,,WR,,,,,,,,,,,,,,,,,,,,,,,,,,,
JaQuae Jackson,,WR,,,,,,,,,,,,,,,,,,,,,,,,,,,
Kaden Prather,,WR,,,,,,,,,,,,,,,,,,,,,,,,,,,
Darrell Stewart,,WR,,,,,,,,,,,,,,,,,,,,,,,,,,,
Diontae Johnson,,WR,,,,,,,,,,,,,,,,,,,,,,,,,,,
Geremy Davis,,WR,,,,,,,,,,,,,,,,,,,,,,,,,,,
Colby Pearson,,WR,,,,,,,,,,,,,,,,,,,,,,,,,,,
Gunner Olszewski,NYG,WR,,,,,,,,,,,,,,,,,,,,,,,,,,,
A.J. Brown,NE,WR,,,,,,,,,,,,,,,,,,,,,,,,,,,
Kawaan Baker,,WR,,,,,,,,,,,,,,,,,,,,,,,,,,,
Cam Camper,,WR,,,,,,,,,,,,,,,,,,,,,,,,,,,
Rashard Higgins,,WR,,,,,,,,,,,,,,,,,,,,,,,,,,,
Darvin Kidsy,,WR,,,,,,,,,,,,,,,,,,,,,,,,,,,
Ricky Collins,,WR,,,,,,,,,,,,,,,,,,,,,,,,,,,
De'Zhaun Stribling,SF,WR,,,,,,,,,,,,,,,,,,,,,,,,,,,
Dez Fitzpatrick,,WR,,,,,,,,,,,,,,,,,,,,,,,,,,,
Josh Reynolds,,WR,,,,,,,,,,,,,,,,,,,,,,,,,,,
Damiere Byrd,,WR,,,,,,,,,,,,,,,,,,,,,,,,,,,
Jelani Baker,,WR,,,,,,,,,,,,,,,,,,,,,,,,,,,
Jaylon Moore,,WR,,,,,,,,,,,,,,,,,,,,,,,,,,,
Shay Fields,,WR,,,,,,,,,,,,,,,,,,,,,,,,,,,
Kalil Pimpleton,,WR,,,,,,,,,,,,,,,,,,,,,,,,,,,
Robert Davis,,WR,,,,,,,,,,,,,,,,,,,,,,,,,,,
Andrei Iosivas,CIN,WR,,,,,,,,,,,,,,,,,,,,,,,,,,,
Devin Carter,,WR,,,,,,,,,,,,,,,,,,,,,,,,,,,
Puka Nacua,LAR,WR,,,,,,,,,,,,,,,,,,,,,,,,,,,
DeAndre Carter,,WR,,,,,,,,,,,,,,,,,,,,,,,,,,,
Jake Wieneke,,WR,,,,,,,,,,,,,,,,,,,,,,,,,,,
Dez Stewart,,WR,,,,,,,,,,,,,,,,,,,,,,,,,,,
Seth Dawkins,,WR,,,,,,,,,,,,,,,,,,,,,,,,,,,
Sean Ryan,,WR,,,,,,,,,,,,,,,,,,,,,,,,,,,
Daniel Williams,,WR,,,,,,,,,,,,,,,,,,,,,,,,,,,
Jamison Crowder,,WR,,,,,,,,,,,,,,,,,,,,,,,,,,,
Carlos Henderson,,WR,,,,,,,,,,,,,,,,,,,,,,,,,,,
Eli Pancol,IND,WR,,,,,,,,,,,,,,,,,,,,,,,,,,,
Keilahn Harris,,WR,,,,,,,,,,,,,,,,,,,,,,,,,,,
Mekhi Mews,,WR,,,,,,,,,,,,,,,,,,,,,,,,,,,
Marquez Clark,,WR,,,,,,,,,,,,,,,,,,,,,,,,,,,
Treveyon Pratt,,WR,,,,,,,,,,,,,,,,,,,,,,,,,,,
Joseph Ngata,,WR,,,,,,,,,,,,,,,,,,,,,,,,,,,
Tim Patrick,NYJ,WR,,,,,,,,,,,,,,,,,,,,,,,,,,,
Jacob Harris,,WR,,,,,,,,,,,,,,,,,,,,,,,,,,,
Floyd Allen,,WR,,,,,,,,,,,,,,,,,,,,,,,,,,,
Phil Lutz,,WR,,,,,,,,,,,,,,,,,,,,,,,,,,,
Irv Charles,SEA,WR,,,,,,,,,,,,,,,,,,,,,,,,,,,
Darece Roberson,,WR,,,,,,,,,,,,,,,,,,,,,,,,,,,
Dayton Wade,,WR,,,,,,,,,,,,,,,,,,,,,,,,,,,
Jalen Guyton,,WR,,,,,,,,,,,,,,,,,,,,,,,,,,,
Malachi Carter,,WR,,,,,,,,,,,,,,,,,,,,,,,,,,,
Deven Thompkins,LV,WR,,,,,,,,,,,,,,,,,,,,,,,,,,,
Josh Doctson,,WR,,,,,,,,,,,,,,,,,,,,,,,,,,,
Marcus Johnson,,WR,,,,,,,,,,,,,,,,,,,,,,,,,,,
Lynn Bowden,,WR,,,,,,,,,,,,,,,,,,,,,,,,,,,
Frank Darby,,WR,,,,,,,,,,,,,,,,,,,,,,,,,,,
Bryce Oliver,HOU,WR,,,,,,,,,,,,,,,,,,,,,,,,,,,
Anthony Johnson,,WR,,,,,,,,,,,,,,,,,,,,,,,,,,,
Aaron Lacombe,,WR,,,,,,,,,,,,,,,,,,,,,,,,,,,
Savion Williams,GB,WR,,,,,,,,,,,,,,,,,,,,,,,,,,,
Jared Bernhardt,,WR,,,,,,,,,,,,,,,,,,,,,,,,,,,
T.J. Simmons,,WR,,,,,,,,,,,,,,,,,,,,,,,,,,,
Marcus Peterson,,WR,,,,,,,,,,,,,,,,,,,,,,,,,,,
Russell Shepard,,WR,,,,,,,,,,,,,,,,,,,,,,,,,,,
Mikah Holder,,WR,,,,,,,,,,,,,,,,,,,,,,,,,,,
Kenny Lawler,,WR,,,,,,,,,,,,,,,,,,,,,,,,,,,
Ja'Marcus Bradley,,WR,,,,,,,,,,,,,,,,,,,,,,,,,,,
Trey Griffey,,WR,,,,,,,,,,,,,,,,,,,,,,,,,,,
Shae Wyatt,,WR,,,,,,,,,,,,,,,,,,,,,,,,,,,
William Fuller,,WR,,,,,,,,,,,,,,,,,,,,,,,,,,,
Jimmy Horn,CLE,WR,,,,,,,,,,,,,,,,,,,,,,,,,,,
Josh Smith,,WR,,,,,,,,,,,,,,,,,,,,,,,,,,,
Tyler Adams,,WR,,,,,,,,,,,,,,,,,,,,,,,,,,,
Paul Browning,,WR,,,,,,,,,,,,,,,,,,,,,,,,,,,
Cephus Johnson,,WR,,,,,,,,,,,,,,,,,,,,,,,,,,,
Raphael Leonard,,WR,,,,,,,,,,,,,,,,,,,,,,,,,,,
David White,,WR,,,,,,,,,,,,,,,,,,,,,,,,,,,
Wayne Ruby,,WR,,,,,,,,,,,,,,,,,,,,,,,,,,,
Isaiah Neyor,GB,WR,,,,,,,,,,,,,,,,,,,,,,,,,,,
Tim Jones,JAX,WR,,,,,,,,,,,,,,,,,,,,,,,,,,,
Tyreek Hill,,WR,,,,,,,,,,,,,,,,,,,,,,,,,,,
Michael Walker,,WR,,,,,,,,,,,,,,,,,,,,,,,,,,,
Russell Gage,,WR,,,,,,,,,,,,,,,,,,,,,,,,,,,
JuJu Smith-Schuster,,WR,,,,,,,,,,,,,,,,,,,,,,,,,,,
Thomas Ives,CHI,WR,,,,,,,,,,,,,,,,,,,,,,,,,,,
Garrett Johnson,,WR,,,,,,,,,,,,,,,,,,,,,,,,,,,
Johnny Holton,,WR,,,,,,,,,,,,,,,,,,,,,,,,,,,
Nyqwan Murray,,WR,,,,,,,,,,,,,,,,,,,,,,,,,,,
Terique Owens,,WR,,,,,,,,,,,,,,,,,,,,,,,,,,,
Marcus Sanders,,WR,,,,,,,,,,,,,,,,,,,,,,,,,,,
Travell Harris,,WR,,,,,,,,,,,,,,,,,,,,,,,,,,,
J.J. Koski,,WR,,,,,,,,,,,,,,,,,,,,,,,,,,,
Elijah Cooks,,WR,,,,,,,,,,,,,,,,,,,,,,,,,,,
Brandon Lewis,,WR,,,,,,,,,,,,,,,,,,,,,,,,,,,
Marcus Tucker,,WR,,,,,,,,,,,,,,,,,,,,,,,,,,,
Nick Williams,DEN,WR,,,,,,,,,,,,,,,,,,,,,,,,,,,
Shaquelle Evans,,WR,,,,,,,,,,,,,,,,,,,,,,,,,,,
Devon Williams,,WR,,,,,,,,,,,,,,,,,,,,,,,,,,,
Kristian Wilkerson,,WR,,,,,,,,,,,,,,,,,,,,,,,,,,,
Matt Cole,,WR,,,,,,,,,,,,,,,,,,,,,,,,,,,
Penny Hart,,WR,,,,,,,,,,,,,,,,,,,,,,,,,,,
Chris Blair,ATL,WR,,,,,,,,,,,,,,,,,,,,,,,,,,,
Marvelle Ross,,WR,,,,,,,,,,,,,,,,,,,,,,,,,,,
Drew Estrada,,WR,,,,,,,,,,,,,,,,,,,,,,,,,,,
Jordan Hudson,DAL,WR,,,,,,,,,,,,,,,,,,,,,,,,,,,
Tre Turner,,WR,,,,,,,,,,,,,,,,,,,,,,,,,,,
Daniel Jackson,,WR,,,,,,,,,,,,,,,,,,,,,,,,,,,
Tyshaun James,,WR,,,,,,,,,,,,,,,,,,,,,,,,,,,
KeeSean Johnson,,WR,,,,,,,,,,,,,,,,,,,,,,,,,,,
Jose Barbon,,WR,,,,,,,,,,,,,,,,,,,,,,,,,,,
Jarred Haggins,,WR,,,,,,,,,,,,,,,,,,,,,,,,,,,
Eric Rogers,,WR,,,,,,,,,,,,,,,,,,,,,,,,,,,
Vyncint Smith,,WR,,,,,,,,,,,,,,,,,,,,,,,,,,,
Ahmad Wagner,,WR,,,,,,,,,,,,,,,,,,,,,,,,,,,
Mason Tipton,NO,WR,,,,,,,,,,,,,,,,,,,,,,,,,,,
Braxton Westfield,,WR,,,,,,,,,,,,,,,,,,,,,,,,,,,
Caleb Douglas,MIA,WR,,,,,,,,,,,,,,,,,,,,,,,,,,,
Vernon Johnson,,WR,,,,,,,,,,,,,,,,,,,,,,,,,,,
John Ursua,,WR,,,,,,,,,,,,,,,,,,,,,,,,,,,
Aleva Hifo,,WR,,,,,,,,,,,,,,,,,,,,,,,,,,,
Matt Landers,,WR,,,,,,,,,,,,,,,,,,,,,,,,,,,
Quincy Skinner,GB,WR,,,,,,,,,,,,,,,,,,,,,,,,,,,
Bryan Edwards,,WR,,,,,,,,,,,,,,,,,,,,,,,,,,,
Daewood Davis,,WR,,,,,,,,,,,,,,,,,,,,,,,,,,,
Kenny Golladay,,WR,,,,,,,,,,,,,,,,,,,,,,,,,,,
Damon Sheehy-Guiseppi,,WR,,,,,,,,,,,,,,,,,,,,,,,,,,,
Ronnie Bell,LV,WR,,,,,,,,,,,,,,,,,,,,,,,,,,,
Henry Litwin,,WR,,,,,,,,,,,,,,,,,,,,,,,,,,,
Anthony Smith,DAL,WR,,,,,,,,,,,,,,,,,,,,,,,,,,,
Nico Collins,HOU,WR,,,,,,,,,,,,,,,,,,,,,,,,,,,
Ricky Pearsall,SF,WR,,,,,,,,,,,,,,,,,,,,,,,,,,,
Devin Smith,,WR,,,,,,,,,,,,,,,,,,,,,,,,,,,
Juwan Green,,WR,,,,,,,,,,,,,,,,,,,,,,,,,,,
Michael Dereus,,WR,,,,,,,,,,,,,,,,,,,,,,,,,,,
Jordan Moore,CIN,WR,,,,,,,,,,,,,,,,,,,,,,,,,,,
Bell Braylon,,WR,,,,,,,,,,,,,,,,,,,,,,,,,,,
Aron Cruickshank,,WR,,,,,,,,,,,,,,,,,,,,,,,,,,,
Terry Godwin,,WR,,,,,,,,,,,,,,,,,,,,,,,,,,,
C.J. Saunders,,WR,,,,,,,,,,,,,,,,,,,,,,,,,,,
Ontaria Wilson,,WR,,,,,,,,,,,,,,,,,,,,,,,,,,,
A.J. Green,,WR,,,,,,,,,,,,,,,,,,,,,,,,,,,
Anthony Kelly,,WR,,,,,,,,,,,,,,,,,,,,,,,,,,,
Zay Malone,,WR,,,,,,,,,,,,,,,,,,,,,,,,,,,
Ethan Fernea,,WR,,,,,,,,,,,,,,,,,,,,,,,,,,,
Johnathan Lloyd,,WR,,,,,,,,,,,,,,,,,,,,,,,,,,,
Duke Williams,,WR,,,,,,,,,,,,,,,,,,,,,,,,,,,
Dean Patterson,TB,WR,,,,,,,,,,,,,,,,,,,,,,,,,,,
J.J. Nelson,,WR,,,,,,,,,,,,,,,,,,,,,,,,,,,
Taysir Mack,,WR,,,,,,,,,,,,,,,,,,,,,,,,,,,
Nigel King,,WR,,,,,,,,,,,,,,,,,,,,,,,,,,,
Dontae Fleming,MIN,WR,,,,,,,,,,,,,,,,,,,,,,,,,,,
Jadakis Bonds,,WR,,,,,,,,,,,,,,,,,,,,,,,,,,,
Jerjuan Newton,,WR,,,,,,,,,,,,,,,,,,,,,,,,,,,
Titus Davis,,WR,,,,,,,,,,,,,,,,,,,,,,,,,,,
Tommy Mellott,,WR,,,,,,,,,,,,,,,,,,,,,,,,,,,
Ed Lee,,WR,,,,,,,,,,,,,,,,,,,,,,,,,,,
DeMichael Harris,,WR,,,,,,,,,,,,,,,,,,,,,,,,,,,
A.J. Richardson,,WR,,,,,,,,,,,,,,,,,,,,,,,,,,,
Jon'Vea Johnson,,WR,,,,,,,,,,,,,,,,,,,,,,,,,,,
Preston Fox,,WR,,,,,,,,,,,,,,,,,,,,,,,,,,,
Golden Tate,,WR,,,,,,,,,,,,,,,,,,,,,,,,,,,
Caleb Scott,TEN,WR,,,,,,,,,,,,,,,,,,,,,,,,,,,
Dom Williams,,WR,,,,,,,,,,,,,,,,,,,,,,,,,,,
Ezell Ruffin,,WR,,,,,,,,,,,,,,,,,,,,,,,,,,,
Cam Sims,,WR,,,,,,,,,,,,,,,,,,,,,,,,,,,
Darren Carrington,,WR,,,,,,,,,,,,,,,,,,,,,,,,,,,
Malachi Jones,,WR,,,,,,,,,,,,,,,,,,,,,,,,,,,
Kelly Akharaiyi,,WR,,,,,,,,,,,,,,,,,,,,,,,,,,,
K.D. Cannon,,WR,,,,,,,,,,,,,,,,,,,,,,,,,,,
Randall Cobb,,WR,,,,,,,,,,,,,,,,,,,,,,,,,,,
Uzoma Nwachukwu,,WR,,,,,,,,,,,,,,,,,,,,,,,,,,,
Jazz Ferguson,,WR,,,,,,,,,,,,,,,,,,,,,,,,,,,
Devonte Boyd,,WR,,,,,,,,,,,,,,,,,,,,,,,,,,,
David Porter,,WR,,,,,,,,,,,,,,,,,,,,,,,,,,,
Emmanuel Butler,,WR,,,,,,,,,,,,,,,,,,,,,,,,,,,
Dezmon Patmon,,WR,,,,,,,,,,,,,,,,,,,,,,,,,,,
Ben Patterson,,WR,,,,,,,,,,,,,,,,,,,,,,,,,,,
Adam Humphries,,WR,,,,,,,,,,,,,,,,,,,,,,,,,,,
Marcus Burke,,WR,,,,,,,,,,,,,,,,,,,,,,,,,,,
Charleston Rambo,,WR,,,,,,,,,,,,,,,,,,,,,,,,,,,
Cody Hollister,,WR,,,,,,,,,,,,,,,,,,,,,,,,,,,
Terry Wright,,WR,,,,,,,,,,,,,,,,,,,,,,,,,,,
Canaan Severin,,WR,,,,,,,,,,,,,,,,,,,,,,,,,,,
Dalevon Campbell,,WR,,,,,,,,,,,,,,,,,,,,,,,,,,,
Osirus Mitchell,,WR,,,,,,,,,,,,,,,,,,,,,,,,,,,
Devonte Ross,,WR,,,,,,,,,,,,,,,,,,,,,,,,,,,
Montorie Foster,SEA,WR,,,,,,,,,,,,,,,,,,,,,,,,,,,
Lujuan Winningham,,WR,,,,,,,,,,,,,,,,,,,,,,,,,,,
Marquise Goodwin,,WR,,,,,,,,,,,,,,,,,,,,,,,,,,,
Bryan Thompson,,WR,,,,,,,,,,,,,,,,,,,,,,,,,,,
Liam Clifford,,WR,,,,,,,,,,,,,,,,,,,,,,,,,,,
Jason Moore,,WR,,,,,,,,,,,,,,,,,,,,,,,,,,,
Derrick Willies,,WR,,,,,,,,,,,,,,,,,,,,,,,,,,,
Jared Murphy,,WR,,,,,,,,,,,,,,,,,,,,,,,,,,,
Sam Schnee,,WR,,,,,,,,,,,,,,,,,,,,,,,,,,,
Tony Brown,,WR,,,,,,,,,,,,,,,,,,,,,,,,,,,
Alex Bachman,LAR,WR,,,,,,,,,,,,,,,,,,,,,,,,,,,
Cameron Ross,,WR,,,,,,,,,,,,,,,,,,,,,,,,,,,
Luke Floriea,,WR,,,,,,,,,,,,,,,,,,,,,,,,,,,
Alex Erickson,,WR,,,,,,,,,,,,,,,,,,,,,,,,,,,
Brian Burt,,WR,,,,,,,,,,,,,,,,,,,,,,,,,,,
Marcus Simms,,WR,,,,,,,,,,,,,,,,,,,,,,,,,,,
Jontre Kirklin,,WR,,,,,,,,,,,,,,,,,,,,,,,,,,,
Jamari Thrash,,WR,,,,,,,,,,,,,,,,,,,,,,,,,,,
Joseph Parker,,WR,,,,,,,,,,,,,,,,,,,,,,,,,,,
Maurice Alexander,,WR,,,,,,,,,,,,,,,,,,,,,,,,,,,
Cyrus Holder,,WR,,,,,,,,,,,,,,,,,,,,,,,,,,,
Kenny Stills,,WR,,,,,,,,,,,,,,,,,,,,,,,,,,,
Andre Patton,,WR,,,,,,,,,,,,,,,,,,,,,,,,,,,
Malik Turner,,WR,,,,,,,,,,,,,,,,,,,,,,,,,,,
Kelvin Harmon,,WR,,,,,,,,,,,,,,,,,,,,,,,,,,,
Jahmal Banks,,WR,,,,,,,,,,,,,,,,,,,,,,,,,,,
Denzel Mims,,WR,,,,,,,,,,,,,,,,,,,,,,,,,,,
Dontay Demus,,WR,,,,,,,,,,,,,,,,,,,,,,,,,,,
Jermaine Jackson,,WR,,,,,,,,,,,,,,,,,,,,,,,,,,,
John Jackson,,WR,,,,,,,,,,,,,,,,,,,,,,,,,,,
Austin Trammell,JAX,WR,,,,,,,,,,,,,,,,,,,,,,,,,,,
Calvin Austin,NYG,WR,,,,,,,,,,,,,,,,,,,,,,,,,,,
Jordan Veasy,,WR,,,,,,,,,,,,,,,,,,,,,,,,,,,
Alex Bullock,,WR,,,,,,,,,,,,,,,,,,,,,,,,,,,
Brady Boyd,,WR,,,,,,,,,,,,,,,,,,,,,,,,,,,
Marcus Riley,,WR,,,,,,,,,,,,,,,,,,,,,,,,,,,
Keytaon Thompson,,WR,,,,,,,,,,,,,,,,,,,,,,,,,,,
Cody Thompson,,WR,,,,,,,,,,,,,,,,,,,,,,,,,,,
Tanner Gentry,,WR,,,,,,,,,,,,,,,,,,,,,,,,,,,
Demarcus Robinson,SF,WR,,,,,,,,,,,,,,,,,,,,,,,,,,,
Jake Bobo,SEA,WR,,,,,,,,,,,,,,,,,,,,,,,,,,,
Kole Wilson,,WR,,,,,,,,,,,,,,,,,,,,,,,,,,,
Jimmy Holiday,KC,WR,,,,,,,,,,,,,,,,,,,,,,,,,,,
Malik Williams,,WR,,,,,,,,,,,,,,,,,,,,,,,,,,,
Corey Willis,,WR,,,,,,,,,,,,,,,,,,,,,,,,,,,
Daniel George,,WR,,,,,,,,,,,,,,,,,,,,,,,,,,,
DeMeer Blankumsee,,WR,,,,,,,,,,,,,,,,,,,,,,,,,,,
Deontez Alexander,,WR,,,,,,,,,,,,,,,,,,,,,,,,,,,
Joe Horn,,WR,,,,,,,,,,,,,,,,,,,,,,,,,,,
Curtis Samuel,,WR,,,,,,,,,,,,,,,,,,,,,,,,,,,
Jonathan Duhart,,WR,,,,,,,,,,,,,,,,,,,,,,,,,,,
Marcus Green,,WR,,,,,,,,,,,,,,,,,,,,,,,,,,,
Colton Dowell,,WR,,,,,,,,,,,,,,,,,,,,,,,,,,,
Kermit Whitfield,,WR,,,,,,,,,,,,,,,,,,,,,,,,,,,
Le'Meke Brockington,,WR,,,,,,,,,,,,,,,,,,,,,,,,,,,
Isaiah Winstead,,WR,,,,,,,,,,,,,,,,,,,,,,,,,,,
Devon Cajuste,,WR,,,,,,,,,,,,,,,,,,,,,,,,,,,
Marcus Kemp,,WR,,,,,,,,,,,,,,,,,,,,,,,,,,,
Calvin Jackson,,WR,,,,,,,,,,,,,,,,,,,,,,,,,,,
Allen Lazard,,WR,,,,,,,,,,,,,,,,,,,,,,,,,,,
DeVonte Dedmon,,WR,,,,,,,,,,,,,,,,,,,,,,,,,,,
Stephen Louis,,WR,,,,,,,,,,,,,,,,,,,,,,,,,,,
Josh Harper,,WR,,,,,,,,,,,,,,,,,,,,,,,,,,,
Derel Walker,,WR,,,,,,,,,,,,,,,,,,,,,,,,,,,
Anthony Schwartz,,WR,,,,,,,,,,,,,,,,,,,,,,,,,,,
Bennie Fowler,,WR,,,,,,,,,,,,,,,,,,,,,,,,,,,
Collin Johnson,,WR,,,,,,,,,,,,,,,,,,,,,,,,,,,
Xavier Weaver,,WR,,,,,,,,,,,,,,,,,,,,,,,,,,,
Montrell Washington,,WR,,,,,,,,,,,,,,,,,,,,,,,,,,,
Josh Imatorbhebhe,,WR,,,,,,,,,,,,,,,,,,,,,,,,,,,
K.J. Osborn,TEN,WR,,,,,,,,,,,,,,,,,,,,,,,,,,,
Chandler Brayboy,NE,WR,,,,,,,,,,,,,,,,,,,,,,,,,,,
Simi Fehoko,ARI,WR,,,,,,,,,,,,,,,,,,,,,,,,,,,
DaMarkus Lodge,,WR,,,,,,,,,,,,,,,,,,,,,,,,,,,
Anthony Miller,,WR,,,,,,,,,,,,,,,,,,,,,,,,,,,
Jamoi Mayes,,WR,,,,,,,,,,,,,,,,,,,,,,,,,,,
Richie James,,WR,,,,,,,,,,,,,,,,,,,,,,,,,,,
Devin Gray,,WR,,,,,,,,,,,,,,,,,,,,,,,,,,,
Des Lawrence,,WR,,,,,,,,,,,,,,,,,,,,,,,,,,,
Lucky Jackson,DET,WR,,,,,,,,,,,,,,,,,,,,,,,,,,,
Sam Pinckney,,WR,,,,,,,,,,,,,,,,,,,,,,,,,,,
Sincere Brown,,WR,,,,,,,,,,,,,,,,,,,,,,,,,,,
Nick Westbrook-Ikhine,IND,WR,,,,,,,,,,,,,,,,,,,,,,,,,,,
Redd Douglas,,WR,,,,,,,,,,,,,,,,,,,,,,,,,,,
Cade Johnson,,WR,,,,,,,,,,,,,,,,,,,,,,,,,,,
Ka'Raun White,,WR,,,,,,,,,,,,,,,,,,,,,,,,,,,
Kearis Jackson,,WR,,,,,,,,,,,,,,,,,,,,,,,,,,,
Jerreth Sterns,,WR,,,,,,,,,,,,,,,,,,,,,,,,,,,
Latreal Jones,,WR,,,,,,,,,,,,,,,,,,,,,,,,,,,
Braxton Berrios,NYG,WR,,,,,,,,,,,,,,,,,,,,,,,,,,,
Justin Marshall,,WR,,,,,,,,,,,,,,,,,,,,,,,,,,,
Jeremiah Haydel,,WR,,,,,,,,,,,,,,,,,,,,,,,,,,,
Keelan Marion,,WR,,,,,,,,,,,,,,,,,,,,,,,,,,,
Tyler Boyd,,WR,,,,,,,,,,,,,,,,,,,,,,,,,,,
DeAngelo Yancey,,WR,,,,,,,,,,,,,,,,,,,,,,,,,,,
Xavier Loyd,,WR,,,,,,,,,,,,,,,,,,,,,,,,,,,
Mohamed Sanu,,WR,,,,,,,,,,,,,,,,,,,,,,,,,,,
Elijhah Badger,,WR,,,,,,,,,,,,,,,,,,,,,,,,,,,
Tyrell Williams,,WR,,,,,,,,,,,,,,,,,,,,,,,,,,,
Johnnie Dixon,,WR,,,,,,,,,,,,,,,,,,,,,,,,,,,
Cameron Batson,,WR,,,,,,,,,,,,,,,,,,,,,,,,,,,
Brandon Shippen,,WR,,,,,,,,,,,,,,,,,,,,,,,,,,,
Davion Davis,,WR,,,,,,,,,,,,,,,,,,,,,,,,,,,
Keon Hatcher,,WR,,,,,,,,,,,,,,,,,,,,,,,,,,,
Micah Wright,,WR,,,,,,,,,,,,,,,,,,,,,,,,,,,
Alshon Jeffery,,WR,,,,,,,,,,,,,,,,,,,,,,,,,,,
Brandon Hayes,,WR,,,,,,,,,,,,,,,,,,,,,,,,,,,
Ishmael Zamora,,WR,,,,,,,,,,,,,,,,,,,,,,,,,,,
Felton Davis,,WR,,,,,,,,,,,,,,,,,,,,,,,,,,,
Casey Washington,CAR,WR,,,,,,,,,,,,,,,,,,,,,,,,,,,
Ricky White,SEA,WR,,,,,,,,,,,,,,,,,,,,,,,,,,,
Isaiah Zuber,,WR,,,,,,,,,,,,,,,,,,,,,,,,,,,
Robert Lewis,,WR,,,,,,,,,,,,,,,,,,,,,,,,,,,
Tyler Snead,,WR,,,,,,,,,,,,,,,,,,,,,,,,,,,
Damien Alford,,WR,,,,,,,,,,,,,,,,,,,,,,,,,,,
Diontae Spencer,,WR,,,,,,,,,,,,,,,,,,,,,,,,,,,
Adonis Jennings,,WR,,,,,,,,,,,,,,,,,,,,,,,,,,,
Omari Evans,KC,WR,,,,,,,,,,,,,,,,,,,,,,,,,,,
Caullin Lacy,,WR,,,,,,,,,,,,,,,,,,,,,,,,,,,
RJ Mobley,,WR,,,,,,,,,,,,,,,,,,,,,,,,,,,
Kahlil Lewis,,WR,,,,,,,,,,,,,,,,,,,,,,,,,,,
Jalen Moss,,WR,,,,,,,,,,,,,,,,,,,,,,,,,,,
Rondale Moore,,WR,,,,,,,,,,,,,,,,,,,,,,,,,,,
J.J. Jones,,WR,,,,,,,,,,,,,,,,,,,,,,,,,,,
Gio Pascascio,,WR,,,,,,,,,,,,,,,,,,,,,,,,,,,
Harvey Binford,,WR,,,,,,,,,,,,,,,,,,,,,,,,,,,
Shelton Gibson,,WR,,,,,,,,,,,,,,,,,,,,,,,,,,,
Marken Michel,,WR,,,,,,,,,,,,,,,,,,,,,,,,,,,
Deontay Burnett,,WR,,,,,,,,,,,,,,,,,,,,,,,,,,,
Peter LeBlanc,,WR,,,,,,,,,,,,,,,,,,,,,,,,,,,
Dakereon Joyner,,WR,,,,,,,,,,,,,,,,,,,,,,,,,,,
Jaelon Darden,,WR,,,,,,,,,,,,,,,,,,,,,,,,,,,
Malik Earl,,WR,,,,,,,,,,,,,,,,,,,,,,,,,,,
Steven Mitchell,,WR,,,,,,,,,,,,,,,,,,,,,,,,,,,
Gabriel Benyard,,WR,,,,,,,,,,,,,,,,,,,,,,,,,,,
Brenen Thompson,LAC,WR,,,,,,,,,,,,,,,,,,,,,,,,,,,
Jalen Hurd,,WR,,,,,,,,,,,,,,,,,,,,,,,,,,,
Noah Thomas,CIN,WR,,,,,,,,,,,,,,,,,,,,,,,,,,,
David Durden,,WR,,,,,,,,,,,,,,,,,,,,,,,,,,,
Landon Parker,,WR,,,,,,,,,,,,,,,,,,,,,,,,,,,
Gabe Marks,,WR,,,,,,,,,,,,,,,,,,,,,,,,,,,
Trevion Thompson,,WR,,,,,,,,,,,,,,,,,,,,,,,,,,,
Tyjon Lindsey,,WR,,,,,,,,,,,,,,,,,,,,,,,,,,,
Dai'Jean Dixon,,WR,,,,,,,,,,,,,,,,,,,,,,,,,,,
Steven Sims,,WR,,,,,,,,,,,,,,,,,,,,,,,,,,,
Thyrick Pitts,,WR,,,,,,,,,,,,,,,,,,,,,,,,,,,
Trevon Clark,,WR,,,,,,,,,,,,,,,,,,,,,,,,,,,
Gavin Holmes,,WR,,,,,,,,,,,,,,,,,,,,,,,,,,,
Trinity Benson,,WR,,,,,,,,,,,,,,,,,,,,,,,,,,,
Jerand Bradley,,WR,,,,,,,,,,,,,,,,,,,,,,,,,,,
Jamari Staples,,WR,,,,,,,,,,,,,,,,,,,,,,,,,,,
Gary Jennings,LAC,WR,,,,,,,,,,,,,,,,,,,,,,,,,,,
Tre'Quan Smith,,WR,,,,,,,,,,,,,,,,,,,,,,,,,,,
Dontez Byrd,,WR,,,,,,,,,,,,,,,,,,,,,,,,,,,
E.J. Williams,,WR,,,,,,,,,,,,,,,,,,,,,,,,,,,
CJ Daniels,LAR,WR,,,,,,,,,,,,,,,,,,,,,,,,,,,
C.J. Germany,,WR,,,,,,,,,,,,,,,,,,,,,,,,,,,
Willie Snead,,WR,,,,,,,,,,,,,,,,,,,,,,,,,,,
CJ Williams,JAX,WR,,,,,,,,,,,,,,,,,,,,,,,,,,,
Adrian Coxson,,WR,,,,,,,,,,,,,,,,,,,,,,,,,,,
Jaden Smith,,WR,,,,,,,,,,,,,,,,,,,,,,,,,,,
Quez Watkins,,WR,,,,,,,,,,,,,,,,,,,,,,,,,,,
Kadarius Toney,,WR,,,,,,,,,,,,,,,,,,,,,,,,,,,
Daikiel Shorts,,WR,,,,,,,,,,,,,,,,,,,,,,,,,,,
Pharoh Cooper,,WR,,,,,,,,,,,,,,,,,,,,,,,,,,,
Ja'Corey Brooks,,WR,,,,,,,,,,,,,,,,,,,,,,,,,,,
JoJo Natson,,WR,,,,,,,,,,,,,,,,,,,,,,,,,,,
Jason Brownlee,,WR,,,,,,,,,,,,,,,,,,,,,,,,,,,
Corbin Louks,,WR,,,,,,,,,,,,,,,,,,,,,,,,,,,
Michael Johnson,,WR,,,,,,,,,,,,,,,,,,,,,,,,,,,
Seth Williams,,WR,,,,,,,,,,,,,,,,,,,,,,,,,,,
Jayden Reed,GB,WR,,,,,,,,,,,,,,,,,,,,,,,,,,,
Charlie Jones,NYG,WR,,,,,,,,,,,,,,,,,,,,,,,,,,,
Ahmarean Brown,,WR,,,,,,,,,,,,,,,,,,,,,,,,,,,
Darrius Shepherd,,WR,,,,,,,,,,,,,,,,,,,,,,,,,,,
Travis Toivonen,,WR,,,,,,,,,,,,,,,,,,,,,,,,,,,
Hamze El-Zayat,,WR,,,,,,,,,,,,,,,,,,,,,,,,,,,
James Washington,,WR,,,,,,,,,,,,,,,,,,,,,,,,,,,
Jamaal Jones,,WR,,,,,,,,,,,,,,,,,,,,,,,,,,,
Blake Proehl,,WR,,,,,,,,,,,,,,,,,,,,,,,,,,,
Brevin Easton,,WR,,,,,,,,,,,,,,,,,,,,,,,,,,,
Tyler Kahmann,,WR,,,,,,,,,,,,,,,,,,,,,,,,,,,
Isaiah Wright,,WR,,,,,,,,,,,,,,,,,,,,,,,,,,,
Anthony Nash,,WR,,,,,,,,,,,,,,,,,,,,,,,,,,,
Thomas Sperbeck,,WR,,,,,,,,,,,,,,,,,,,,,,,,,,,
Jamaal Pritchett,NYJ,WR,,,,,,,,,,,,,,,,,,,,,,,,,,,
O'Mega Blake,,WR,,,,,,,,,,,,,,,,,,,,,,,,,,,
Corey Rucker,LV,WR,,,,,,,,,,,,,,,,,,,,,,,,,,,
Isaac Zico,,WR,,,,,,,,,,,,,,,,,,,,,,,,,,,
Chad Williams,,WR,,,,,,,,,,,,,,,,,,,,,,,,,,,
De'Quan Hampton,,WR,,,,,,,,,,,,,,,,,,,,,,,,,,,
Johnny Wilson,PHI,WR,,,,,,,,,,,,,,,,,,,,,,,,,,,
Chris King,,WR,,,,,,,,,,,,,,,,,,,,,,,,,,,
Dorren Miller,,WR,,,,,,,,,,,,,,,,,,,,,,,,,,,
Tyler Simmons,,WR,,,,,,,,,,,,,,,,,,,,,,,,,,,
Devin Gardner,,WR,,,,,,,,,,,,,,,,,,,,,,,,,,,
Mac Dalena,,WR,,,,,,,,,,,,,,,,,,,,,,,,,,,
Blayne Taylor,,WR,,,,,,,,,,,,,,,,,,,,,,,,,,,
Stephon Robinson,,WR,,,,,,,,,,,,,,,,,,,,,,,,,,,
Josh Ali,,WR,,,,,,,,,,,,,,,,,,,,,,,,,,,
Caleb Chapman,,WR,,,,,,,,,,,,,,,,,,,,,,,,,,,
Donaven McCulley,,WR,,,,,,,,,,,,,,,,,,,,,,,,,,,
Mathew Sexton,,WR,,,,,,,,,,,,,,,,,,,,,,,,,,,
Keke Coutee,,WR,,,,,,,,,,,,,,,,,,,,,,,,,,,
Brian Brown,,WR,,,,,,,,,,,,,,,,,,,,,,,,,,,
Alexander Hollins,,WR,,,,,,,,,,,,,,,,,,,,,,,,,,,
Ke'Shawn Williams,CIN,WR,,,,,,,,,,,,,,,,,,,,,,,,,,,
Mark Chapman,,WR,,,,,,,,,,,,,,,,,,,,,,,,,,,
T.J. Vasher,,WR,,,,,,,,,,,,,,,,,,,,,,,,,,,
Josh Kelly,HOU,WR,,,,,,,,,,,,,,,,,,,,,,,,,,,
Marvin Bracy,,WR,,,,,,,,,,,,,,,,,,,,,,,,,,,
Robbie Chosen,,WR,,,,,,,,,,,,,,,,,,,,,,,,,,,
Julian Fleming,,WR,,,,,,,,,,,,,,,,,,,,,,,,,,,
Michael Strachan,,WR,,,,,,,,,,,,,,,,,,,,,,,,,,,
Cole Beck,,WR,,,,,,,,,,,,,,,,,,,,,,,,,,,
Sean Modster,,WR,,,,,,,,,,,,,,,,,,,,,,,,,,,
Ife Adeyi,,WR,,,,,,,,,,,,,,,,,,,,,,,,,,,
Jacolby George,,WR,,,,,,,,,,,,,,,,,,,,,,,,,,,
Albert Wilson,,WR,,,,,,,,,,,,,,,,,,,,,,,,,,,
Jequez Ezzard,,WR,,,,,,,,,,,,,,,,,,,,,,,,,,,
DeAngelo Hardy,,WR,,,,,,,,,,,,,,,,,,,,,,,,,,,
Ty James,,WR,,,,,,,,,,,,,,,,,,,,,,,,,,,
Taylor Grimes,,WR,,,,,,,,,,,,,,,,,,,,,,,,,,,
Evan Berry,,WR,,,,,,,,,,,,,,,,,,,,,,,,,,,
David Watford,,WR,,,,,,,,,,,,,,,,,,,,,,,,,,,
Tevin Jones,,WR,,,,,,,,,,,,,,,,,,,,,,,,,,,
Johnny King,,WR,,,,,,,,,,,,,,,,,,,,,,,,,,,
John Ross,,WR,,,,,,,,,,,,,,,,,,,,,,,,,,,
Drew Morgan,,WR,,,,,,,,,,,,,,,,,,,,,,,,,,,
Rashard Davis,,WR,,,,,,,,,,,,,,,,,,,,,,,,,,,
Dante Pettis,,WR,,,,,,,,,,,,,,,,,,,,,,,,,,,
Dorian Singer,,WR,,,,,,,,,,,,,,,,,,,,,,,,,,,
Miles Boykin,,WR,,,,,,,,,,,,,,,,,,,,,,,,,,,
Tyren Montgomery,TEN,WR,,,,,,,,,,,,,,,,,,,,,,,,,,,
De'Anthony Thomas,,WR,,,,,,,,,,,,,,,,,,,,,,,,,,,
Michael Gallup,,WR,,,,,,,,,,,,,,,,,,,,,,,,,,,
Jaron Brown,,WR,,,,,,,,,,,,,,,,,,,,,,,,,,,
Jakeem Grant,,WR,,,,,,,,,,,,,,,,,,,,,,,,,,,
Jerome Kapp,,WR,,,,,,,,,,,,,,,,,,,,,,,,,,,
Ricky Jeune,,WR,,,,,,,,,,,,,,,,,,,,,,,,,,,
DeAndrew White,,WR,,,,,,,,,,,,,,,,,,,,,,,,,,,
Luke McCaffrey,WAS,WR,SEA,,,,,,,,,,,,,,,,,,,,,,,,,,
Trey McBride,ARI,TE,SF,16.73,,,,,,,,,0.12,0.5,0.01,0.05,7.11,8.98,66.38,0.48,6.64,0.03,,,,,,,
Brock Bowers,LV,TE,NO,13.31,,,,,,,,,0.24,0.77,0.01,0.08,5.53,6.9,50.51,0.44,5.05,0.02,,,,,,,
Dalton Kincaid,BUF,TE,LAC,13.18,,,,,,,,,,,,,4.83,6.66,63.85,0.33,6.39,0.02,,,,,,,
George Kittle,SF,TE,ARI,12.21,,,,,,,,,,,,,4.28,5.25,51.01,0.47,5.1,0.02,,,,,,,
Sam LaPorta,DET,TE,NYJ,11.86,,,,,,,,,0.06,0.29,0.0,0.03,4.46,5.83,49.28,0.4,4.93,0.02,,,,,,,
Mark Andrews,BAL,TE,DAL,11.77,,,,,,,,,0.22,1.08,0.01,0.11,4.47,5.53,50.48,0.35,5.05,0.02,,,,,,,
Dalton Schultz,HOU,TE,IND,11.76,,,,,,,,,,,,,5.03,6.62,53.01,0.24,5.3,0.02,,,,,,,
Travis Kelce,KC,TE,MIA,11.74,,,,,,,,,,,,,4.59,5.81,50.93,0.34,5.09,0.02,,,,,,,
Tucker Kraft,GB,TE,ATL,11.46,,,,,,,,,,,,,3.81,5.45,48.84,0.46,4.88,0.02,,,,,,,
Tyler Warren,IND,TE,HOU,10.33,,,,,,,,,0.34,1.14,0.01,0.11,4.39,6.53,39.26,0.3,3.93,0.02,,,,,,,
Juwan Johnson,NO,TE,LV,10.3,,,,,,,,,,,,,4.06,5.34,46.33,0.27,4.63,0.02,,,,,,,
Hunter Henry,NE,TE,JAX,10.27,,,,,,,,,,,,,4.21,5.52,43.57,0.28,4.36,0.02,,,,,,,
Harold Fannin,CLE,TE,CAR,9.48,,,,,,,,,0.21,0.8,0.02,0.08,3.78,5.26,37.0,0.3,3.7,0.01,,,,,,,
Kyle Pitts,ATL,TE,GB,9.48,,,,,,,,,,,,,3.54,4.97,40.3,0.32,4.03,0.01,,,,,,,
Jake Ferguson,DAL,TE,BAL,9.26,,,,,,,,,,,,,3.85,5.14,35.82,0.3,3.58,0.02,,,,,,,
Brenton Strange,JAX,TE,NE,9.12,,,,,,,,,,,,,3.73,4.78,37.1,0.28,3.71,0.01,,,,,,,
Oronde Gadsden,LAC,TE,BUF,9.01,,,,,,,,,,,,,3.34,4.9,42.15,0.24,4.21,0.01,,,,,,,
Pat Freiermuth,PIT,TE,CIN,8.85,,,,,,,,,,,,,3.58,4.63,38.09,0.24,3.81,0.01,,,,,,,
Colston Loveland,CHI,TE,PHI,8.76,,,,,,,,,0.05,0.19,0.0,0.02,3.18,4.7,37.3,0.3,3.73,0.01,,,,,,,
T.J. Hockenson,MIN,TE,TB,8.76,,,,,,,,,,,,,3.62,4.68,36.27,0.25,3.63,0.01,,,,,,,
Isaiah Likely,NYG,TE,TEN,8.54,,,,,,,,,,,,,3.34,4.11,38.54,0.22,3.85,0.01,,,,,,,
AJ Barner,SEA,TE,WAS,8.4,,,,,,,,,0.64,2.58,0.04,0.26,2.92,3.7,31.63,0.31,3.16,0.01,,,,,,,
Darren Waller,CAR,TE,CLE,7.99,,,,,,,,,,,,,2.93,4.19,29.57,0.35,2.96,0.01,,,,,,,
Terrance Ferguson,LAR,TE,DEN,7.73,,,,,,,,,,,,,2.73,5.58,30.89,0.31,3.09,0.01,,,,,,,
Cade Otton,TB,TE,MIN,7.22,,,,,,,,,,,,,3.15,4.48,30.7,0.17,3.07,0.01,,,,,,,
Greg Dulcich,MIA,TE,KC,6.93,,,,,,,,,,,,,2.83,3.72,31.94,0.15,3.19,0.01,,,,,,,
Kenyon Sadiq,NYJ,TE,DET,6.92,,,,,,,,,0.11,0.5,0.01,0.05,2.96,4.01,27.37,0.19,2.74,0.01,,,,,,,
Mike Gesicki,CIN,TE,PIT,6.4,,,,,,,,,,,,,2.56,3.49,27.74,0.18,2.77,0.01,,,,,,,
Gunnar Helm,TEN,TE,NYG,6.39,,,,,,,,,,,,,3.0,3.67,25.38,0.14,2.54,0.01,,,,,,,
Colby Parkinson,LAR,TE,DEN,5.96,,,,,,,,,,,,,2.28,3.45,22.01,0.25,2.2,0.01,,,,,,,
Evan Engram,DEN,TE,LAR,5.19,,,,,,,,,,,,,2.29,3.07,21.42,0.13,2.14,0.01,,,,,,,
Michael Mayer,LV,TE,NO,4.41,,,,,,,,,,,,,2.08,2.93,18.02,0.09,1.8,0.01,,,,,,,
Dawson Knox,BUF,TE,LAC,4.23,,,,,,,,,,,,,1.49,2.12,16.54,0.18,1.65,0.01,,,,,,,
Noah Fant,NO,TE,LV,3.79,,,,,,,,,,,,,1.51,2.0,13.87,0.15,1.39,0.01,,,,,,,
Darnell Washington,PIT,TE,CIN,3.71,,,,,,,,,,,,,1.57,2.13,16.77,0.08,1.68,0.01,,,,,,,
Noah Gray,KC,TE,MIA,3.41,,,,,,,,,,,,,1.36,1.78,13.78,0.11,1.38,0.01,,,,,,,
Drew Sample,CIN,TE,PIT,3.32,,,,,,,,,,,,,1.5,1.86,13.23,0.08,1.32,0.01,,,,,,,
Jonnu Smith,GB,TE,ATL,3.26,,,,,,,,,,,,,1.39,1.94,12.53,0.1,1.25,0.01,,,,,,,
Johnny Mundt,PHI,TE,CHI,3.19,,,,,,,,,,,,,1.32,1.87,13.46,0.09,1.35,,,,,,,,
Cole Kmet,CHI,TE,PHI,3.17,,,,,,,,,,,,,1.36,1.96,12.8,0.09,1.28,0.01,,,,,,,
Elijah Arroyo,SEA,TE,WAS,3.09,,,,,,,,,,,,,1.13,1.6,13.96,0.1,1.4,0.0,,,,,,,
Foster Moreau,HOU,TE,IND,3.04,,,,,,,,,,,,,1.24,1.54,13.14,0.08,1.31,0.0,,,,,,,
Zach Ertz,PHI,TE,CHI,3.0,,,,,,,,,,,,,1.24,1.67,12.66,0.08,1.27,0.0,,,,,,,
Tommy Tremble,CAR,TE,CLE,2.96,,,,,,,,,,,,,1.29,1.77,10.54,0.1,1.05,0.0,,,,,,,
Theo Johnson,NYG,TE,TEN,2.96,,,,,,,,,,,,,1.09,1.64,14.73,0.07,1.47,0.0,,,,,,,
Erick All,CIN,TE,PIT,2.72,,,,,,,,,,,,,1.16,1.53,11.04,0.08,1.1,0.0,,,,,,,
Ben Sinnott,WAS,TE,SEA,2.71,,,,,,,,,,,,,1.31,1.69,10.76,0.05,1.08,0.0,,,,,,,
Durham Smythe,BAL,TE,DAL,2.68,,,,,,,,,,,,,1.09,1.37,12.06,0.06,1.21,0.0,,,,,,,
John Bates,WAS,TE,SEA,2.54,,,,,,,,,,,,,1.15,1.61,10.28,0.06,1.03,0.0,,,,,,,
Josh Oliver,MIN,TE,TB,2.47,,,,,,,,,,,,,0.97,1.28,10.46,0.07,1.05,0.0,,,,,,,
Will Kacmarek,MIA,TE,KC,2.46,,,,,,,,,,,,,1.13,1.43,9.97,0.06,1.0,0.0,,,,,,,
Austin Hooper,ATL,TE,GB,2.36,,,,,,,,,,,,,0.94,1.33,9.54,0.08,0.95,0.0,,,,,,,
Blake Whiteheart,CLE,TE,CAR,2.29,,,,,,,,,,,,,0.9,1.34,8.46,0.09,0.85,0.0,,,,,,,
Matt Hibner,BAL,TE,DAL,2.16,,,,,,,,,,,,,0.82,1.09,9.81,0.06,0.98,0.0,,,,,,,
Colson Yankoff,WAS,TE,SEA,2.03,,,,,,,,,,,,,0.94,1.41,8.31,0.04,0.83,,,,,,,,
Jeremy Ruckert,NYJ,TE,DET,2.0,,,,,,,,,,,,,0.94,1.22,7.25,0.06,0.73,0.0,,,,,,,
Luke Farrell,SF,TE,ARI,1.97,,,,,,,,,,,,,0.87,0.99,7.71,0.05,0.77,0.0,,,,,,,
Oscar Delp,NO,TE,LV,1.92,,,,,,,,,,,,,0.87,1.06,7.13,0.06,0.71,0.0,,,,,,,
Adam Trautman,DEN,TE,LAR,1.91,,,,,,,,,,,,,0.77,1.05,7.91,0.06,0.79,0.0,,,,,,,
Daniel Bellinger,TEN,TE,NYG,1.8,,,,,,,,,,,,,0.76,0.97,7.95,0.04,0.8,0.0,,,,,,,
Eli Raridon,NE,TE,JAX,1.8,,,,,,,,,,,,,0.73,0.95,7.24,0.06,0.72,0.0,,,,,,,
Sam Roush,CHI,TE,PHI,1.79,,,,,,,,,,,,,0.81,1.23,7.17,0.04,0.72,0.0,,,,,,,
Brock Wright,DET,TE,NYJ,1.79,,,,,,,,,,,,,0.76,0.94,6.79,0.06,0.68,0.0,,,,,,,
Elijah Higgins,ARI,TE,SF,1.79,,,,,,,,,,,,,0.83,1.01,7.59,0.03,0.76,0.0,,,,,,,
Marlin Klein,HOU,TE,IND,1.74,,,,,,,,,,,,,0.76,0.92,7.48,0.04,0.75,0.0,,,,,,,
Tyler Higbee,LAR,TE,DEN,1.62,,,,,,,,,,,,,0.66,0.99,6.67,0.05,0.67,0.0,,,,,,,
Mitchell Evans,CAR,TE,CLE,1.61,,,,,,,,,,,,,0.69,0.97,6.61,0.04,0.66,0.0,,,,,,,
Nate Adkins,DEN,TE,LAR,1.6,,,,,,,,,,,,,0.64,0.87,6.03,0.06,0.6,0.0,,,,,,,
Luke Schoonmaker,DAL,TE,BAL,1.59,,,,,,,,,,,,,0.7,0.92,7.06,0.03,0.71,0.0,,,,,,,
Nate Boerkircher,JAX,TE,NE,1.47,,,,,,,,,,,,,0.63,0.88,5.87,0.04,0.59,0.0,,,,,,,
Tanner Koziol,JAX,TE,NE,1.25,,,,,,,,,,,,,0.53,0.74,4.93,0.04,0.49,0.0,,,,,,,
Brevyn Spann-Ford,DAL,TE,BAL,1.23,,,,,,,,,,,,,0.52,0.75,5.49,0.03,0.55,0.0,,,,,,,
Jackson Hawes,BUF,TE,LAC,1.2,,,,,,,,,,,,,0.5,0.65,5.12,0.03,0.51,0.0,,,,,,,
Mo Alie-Cox,IND,TE,HOU,1.08,,,,,,,,,,,,,0.44,0.66,4.37,0.03,0.44,0.0,,,,,,,
Josh Cuevas,BAL,TE,DAL,1.04,,,,,,,,,,,,,0.39,0.52,4.63,0.03,0.46,0.0,,,,,,,
E.J. Jenkins,PHI,TE,CHI,1.02,,,,,,,,,,,,,0.42,0.57,4.26,0.03,0.43,,,,,,,,
Cade Stover,HOU,TE,IND,0.85,,,,,,,,,0.12,0.43,0.0,0.04,0.35,0.46,3.24,0.02,0.32,0.0,,,,,,,
Jelani Woods,NYJ,TE,DET,0.83,,,,,,,,,,,,,0.31,0.51,3.54,0.03,0.35,,,,,,,,
Jake Briningstool,KC,TE,MIA,0.8,,,,,,,,,,,,,0.31,0.41,3.29,0.03,0.33,,,,,,,,
Eric Saubert,SEA,TE,WAS,0.79,,,,,,,,,,,,,0.32,0.46,3.2,0.03,0.32,0.0,,,,,,,
Charlie Woerner,ATL,TE,GB,0.71,,,,,,,,,,,,,0.33,0.43,2.56,0.02,0.26,0.0,,,,,,,
Davis Allen,LAR,TE,DEN,0.66,,,,,,,,,,,,,0.31,0.47,2.57,0.02,0.26,0.0,,,,,,,
Josh Whyle,GB,TE,ATL,0.57,,,,,,,,,,,,,0.26,0.32,2.09,0.02,0.21,0.0,,,,,,,
Ian Thomas,LV,TE,NO,0.51,,,,,,,,,,,,,0.23,0.31,1.95,0.01,0.19,0.0,,,,,,,
Justin Joly,MIA,TE,KC,0.5,,,,,,,,,,,,,0.21,0.29,2.17,0.01,0.22,0.0,,,,,,,
Quintin Morris,JAX,TE,NE,0.49,,,,,,,,,,,,,0.21,0.29,1.83,0.02,0.18,0.0,,,,,,,
Seydou Traore,MIA,TE,KC,0.48,,,,,,,,,,,,,0.21,0.29,2.06,0.01,0.21,0.0,,,,,,,
Brevin Jordan,HOU,TE,IND,0.42,,,,,,,,,,,,,0.17,0.25,1.8,0.01,0.18,0.0,,,,,,,
Drew Ogletree,IND,TE,HOU,0.39,,,,,,,,,,,,,0.16,0.25,1.59,0.01,0.16,0.0,,,,,,,
Tyler Conklin,DET,TE,NYJ,0.35,,,,,,,,,,,,,0.14,0.2,1.55,0.01,0.16,0.0,,,,,,,
Jack Endries,CIN,TE,PIT,0.3,,,,,,,,,,,,,0.13,0.17,1.22,0.01,0.12,0.0,,,,,,,
Chris Manhertz,NYG,TE,TEN,0.27,,,,,,,,,,,,,0.1,0.16,1.22,0.01,0.12,0.0,,,,,,,
Dallen Bentley,DEN,TE,LAR,0.23,,,,,,,,,,,,,0.1,0.13,0.92,0.01,0.09,,,,,,,,
Ja'Tavion Sanders,CAR,TE,CLE,0.23,,,,,,,,,,,,,0.1,0.13,0.79,0.01,0.08,0.0,,,,,,,
Riley Nowakowski,PIT,TE,CIN,0.22,,,,,,,,,,,,,0.09,0.13,0.89,0.01,0.09,0.0,,,,,,,
Cameron Latu,NE,TE,JAX,0.21,,,,,,,,,,,,,0.09,0.13,0.91,0.01,0.09,0.0,,,,,,,
Carsen Ryan,CLE,TE,CAR,0.21,,,,,,,,,,,,,0.09,0.12,0.81,0.01,0.08,,,,,,,,
Payne Durham,TB,TE,MIN,0.19,,,,,,,,,,,,,0.07,0.12,0.77,0.01,0.08,0.0,,,,,,,
Kylen Granson,TEN,TE,NYG,0.14,,,,,,,,,,,,,0.06,0.09,0.61,0.0,0.06,0.0,,,,,,,
Bauer Sharp,TB,TE,MIN,0.1,,,,,,,,,,,,,0.04,0.06,0.39,0.0,0.04,,,,,,,,
Robert Tonyan,PIT,TE,CIN,0.08,,,,,,,,,,,,,0.03,0.04,0.31,0.0,0.03,0.0,,,,,,,
Feleipe Franks,CAR,TE,CLE,0.07,,,,,,,,,0.05,0.19,0.0,0.02,0.02,0.03,0.18,0.0,0.02,0.0,,,,,,,
Ko Kieft,TB,TE,MIN,0.04,,,,,,,,,,,,,0.02,0.03,0.17,0.0,0.02,0.0,,,,,,,
Benjamin Watson,,TE,,,,,,,,,,,,,,,,,,,,,,,,,,,
Alec Bloom,,TE,,,,,,,,,,,,,,,,,,,,,,,,,,,
Logan Thomas,,TE,,,,,,,,,,,,,,,,,,,,,,,,,,,
Matt Sokol,,TE,,,,,,,,,,,,,,,,,,,,,,,,,,,
Ben Mason,,FB,,,,,,,,,,,,,,,,,,,,,,,,,,,
Rodney Williams,,TE,,,,,,,,,,,,,,,,,,,,,,,,,,,
Devin Culp,TB,TE,,,,,,,,,,,,,,,,,,,,,,,,,,,
Tanner Taula,,TE,,,,,,,,,,,,,,,,,,,,,,,,,,,
Dan Arnold,,TE,,,,,,,,,,,,,,,,,,,,,,,,,,,
Cole Fotheringham,,TE,,,,,,,,,,,,,,,,,,,,,,,,,,,
Josh Kattus,,TE,,,,,,,,,,,,,,,,,,,,,,,,,,,
Anthony Torres,,TE,,,,,,,,,,,,,,,,,,,,,,,,,,,
Colin Thompson,,TE,,,,,,,,,,,,,,,,,,,,,,,,,,,
Nick Guggemos,,TE,,,,,,,,,,,,,,,,,,,,,,,,,,,
Jace Sternberger,,TE,,,,,,,,,,,,,,,,,,,,,,,,,,,
Ray Hamilton,,TE,,,,,,,,,,,,,,,,,,,,,,,,,,,
Jameson Geers,ARI,TE,,,,,,,,,,,,,,,,,,,,,,,,,,,
Kivon Cartwright,,TE,,,,,,,,,,,,,,,,,,,,,,,,,,,
Patrick Gurd,LV,TE,,,,,,,,,,,,,,,,,,,,,,,,,,,
Tucker Fisk,,TE,,,,,,,,,,,,,,,,,,,,,,,,,,,
Patrick Murtagh,,TE,,,,,,,,,,,,,,,,,,,,,,,,,,,
Pro Wells,,TE,,,,,,,,,,,,,,,,,,,,,,,,,,,
Logan Paulsen,,TE,,,,,,,,,,,,,,,,,,,,,,,,,,,
Baylor Cupp,,TE,,,,,,,,,,,,,,,,,,,,,,,,,,,
Tanner Hudson,CIN,TE,,,,,,,,,,,,,,,,,,,,,,,,,,,
Dominique Dafney,,TE,,,,,,,,,,,,,,,,,,,,,,,,,,,
Ademola Faleye,,TE,,,,,,,,,,,,,,,,,,,,,,,,,,,
Darion Griswold,,TE,,,,,,,,,,,,,,,,,,,,,,,,,,,
David Njoku,LAC,TE,,,,,,,,,,,,,,,,,,,,,,,,,,,
Troy Mangen,,TE,,,,,,,,,,,,,,,,,,,,,,,,,,,
Tyler Davis,,TE,,,,,,,,,,,,,,,,,,,,,,,,,,,
John Samuel Shenker,,TE,,,,,,,,,,,,,,,,,,,,,,,,,,,
Tanner Arkin,NE,TE,,,,,,,,,,,,,,,,,,,,,,,,,,,
Trevon Wesco,,TE,,,,,,,,,,,,,,,,,,,,,,,,,,,
C.J. Uzomah,,TE,,,,,,,,,,,,,,,,,,,,,,,,,,,
Christian Scotland-Williamson,,TE,,,,,,,,,,,,,,,,,,,,,,,,,,,
Gunnar Oakes,,TE,,,,,,,,,,,,,,,,,,,,,,,,,,,
Dalton Keene,,TE,,,,,,,,,,,,,,,,,,,,,,,,,,,
Irv Smith,,TE,,,,,,,,,,,,,,,,,,,,,,,,,,,
Geoff Swaim,,TE,,,,,,,,,,,,,,,,,,,,,,,,,,,
Matt Lauter,,TE,,,,,,,,,,,,,,,,,,,,,,,,,,,
Artayvious Lynn,,TE,,,,,,,,,,,,,,,,,,,,,,,,,,,
Ethan Conner,,TE,,,,,,,,,,,,,,,,,,,,,,,,,,,
Aaron Peck,,TE,,,,,,,,,,,,,,,,,,,,,,,,,,,
Sam Pitz,,TE,,,,,,,,,,,,,,,,,,,,,,,,,,,
Logan Stokes,,TE,,,,,,,,,,,,,,,,,,,,,,,,,,,
Joe Royer,CLE,TE,,,,,,,,,,,,,,,,,,,,,,,,,,,
Neal Johnson,,TE,,,,,,,,,,,,,,,,,,,,,,,,,,,
Noah Togiai,,TE,,,,,,,,,,,,,,,,,,,,,,,,,,,
Clay Burton,,TE,,,,,,,,,,,,,,,,,,,,,,,,,,,
Wyatt Houston,CAR,TE,,,,,,,,,,,,,,,,,,,,,,,,,,,
Rivaldo Fairweather,,TE,,,,,,,,,,,,,,,,,,,,,,,,,,,
Zach Davidson,,TE,,,,,,,,,,,,,,,,,,,,,,,,,,,
Chig Okonkwo,WAS,TE,,,,,,,,,,,,,,,,,,,,,,,,,,,
Stephen Carlson,CHI,TE,,,,,,,,,,,,,,,,,,,,,,,,,,,
Mike Estes,,TE,,,,,,,,,,,,,,,,,,,,,,,,,,,
Jack Westover,WAS,TE,,,,,,,,,,,,,,,,,,,,,,,,,,,
Blake Bell,,TE,,,,,,,,,,,,,,,,,,,,,,,,,,,
Eni Falayi,,TE,,,,,,,,,,,,,,,,,,,,,,,,,,,
Evan Svoboda,LAC,TE,,,,,,,,,,,,,,,,,,,,,,,,,,,
Adam Zaruba,,TE,,,,,,,,,,,,,,,,,,,,,,,,,,,
Cameron Brate,,TE,,,,,,,,,,,,,,,,,,,,,,,,,,,
Jibri Blount,,TE,,,,,,,,,,,,,,,,,,,,,,,,,,,
Cole Turner,MIA,TE,,,,,,,,,,,,,,,,,,,,,,,,,,,
Alex Larson,,TE,,,,,,,,,,,,,,,,,,,,,,,,,,,
JJ Galbreath,,TE,,,,,,,,,,,,,,,,,,,,,,,,,,,
Pat Conroy,,TE,,,,,,,,,,,,,,,,,,,,,,,,,,,
Josh Pederson,,TE,,,,,,,,,,,,,,,,,,,,,,,,,,,
Eric Frohnapfel,,TE,,,,,,,,,,,,,,,,,,,,,,,,,,,
Ben Braunecker,,TE,,,,,,,,,,,,,,,,,,,,,,,,,,,
Chase Harrell,,TE,,,,,,,,,,,,,,,,,,,,,,,,,,,
Joel Wilson,TEN,TE,,,,,,,,,,,,,,,,,,,,,,,,,,,
Jared Pinkney,,TE,,,,,,,,,,,,,,,,,,,,,,,,,,,
Lincoln Sefcik,,TE,,,,,,,,,,,,,,,,,,,,,,,,,,,
Ryan Griffin,,TE,,,,,,,,,,,,,,,,,,,,,,,,,,,
Devon Garrison,,TE,,,,,,,,,,,,,,,,,,,,,,,,,,,
Garrett Celek,,TE,,,,,,,,,,,,,,,,,,,,,,,,,,,
Colin Granger,,TE,,,,,,,,,,,,,,,,,,,,,,,,,,,
Joel Honigford,,TE,,,,,,,,,,,,,,,,,,,,,,,,,,,
DeShon Williams,,TE,,,,,,,,,,,,,,,,,,,,,,,,,,,
Tip Reiman,ARI,TE,,,,,,,,,,,,,,,,,,,,,,,,,,,
Jacob Breeland,,TE,,,,,,,,,,,,,,,,,,,,,,,,,,,
Shane Zylstra,,TE,,,,,,,,,,,,,,,,,,,,,,,,,,,
Kent Taylor,,TE,,,,,,,,,,,,,,,,,,,,,,,,,,,
James O'Shaughnessy,,TE,,,,,,,,,,,,,,,,,,,,,,,,,,,
Max Klare,LAR,TE,,,,,,,,,,,,,,,,,,,,,,,,,,,
Anthony Firkser,,TE,,,,,,,,,,,,,,,,,,,,,,,,,,,
Luke Benson,,TE,,,,,,,,,,,,,,,,,,,,,,,,,,,
Tyler Kroft,,TE,,,,,,,,,,,,,,,,,,,,,,,,,,,
Dre Miller,,TE,,,,,,,,,,,,,,,,,,,,,,,,,,,
Gerald Everett,,TE,,,,,,,,,,,,,,,,,,,,,,,,,,,
Dylan Cantrell,,TE,,,,,,,,,,,,,,,,,,,,,,,,,,,
Joshua Simon,,TE,,,,,,,,,,,,,,,,,,,,,,,,,,,
Charlie Kolar,LAC,TE,,,,,,,,,,,,,,,,,,,,,,,,,,,
Harrison Bryant,,TE,,,,,,,,,,,,,,,,,,,,,,,,,,,
Jake Roh,,TE,,,,,,,,,,,,,,,,,,,,,,,,,,,
Jordan Murray,,TE,,,,,,,,,,,,,,,,,,,,,,,,,,,
Princeton Fant,DAL,TE,,,,,,,,,,,,,,,,,,,,,,,,,,,
DeSean Smith,,TE,,,,,,,,,,,,,,,,,,,,,,,,,,,
Jason Croom,,TE,,,,,,,,,,,,,,,,,,,,,,,,,,,
Jody Fortson,,TE,,,,,,,,,,,,,,,,,,,,,,,,,,,
Charles Jones,,TE,,,,,,,,,,,,,,,,,,,,,,,,,,,
MyCole Pruitt,,TE,,,,,,,,,,,,,,,,,,,,,,,,,,,
Carter Runyon,LV,TE,,,,,,,,,,,,,,,,,,,,,,,,,,,
Hayden Large,CHI,TE,,,,,,,,,,,,,,,,,,,,,,,,,,,
Lucas Krull,DEN,TE,,,,,,,,,,,,,,,,,,,,,,,,,,,
Kehinde Oginni,,TE,,,,,,,,,,,,,,,,,,,,,,,,,,,
Briley Moore,,TE,,,,,,,,,,,,,,,,,,,,,,,,,,,
Josiah Deguara,PHI,TE,,,,,,,,,,,,,,,,,,,,,,,,,,,
Quentin Moore,,TE,,,,,,,,,,,,,,,,,,,,,,,,,,,
Sage Surratt,,TE,,,,,,,,,,,,,,,,,,,,,,,,,,,
Sam Cotton,,TE,,,,,,,,,,,,,,,,,,,,,,,,,,,
Connor Hulstein,,TE,,,,,,,,,,,,,,,,,,,,,,,,,,,
Will Dissly,,TE,,,,,,,,,,,,,,,,,,,,,,,,,,,
Christian Trahan,,TE,,,,,,,,,,,,,,,,,,,,,,,,,,,
Joshua Perkins,NYJ,TE,,,,,,,,,,,,,,,,,,,,,,,,,,,
David Martin-Robinson,TEN,TE,,,,,,,,,,,,,,,,,,,,,,,,,,,
Jackson Meeks,DET,TE,,,,,,,,,,,,,,,,,,,,,,,,,,,
Chris Myarick,LV,TE,,,,,,,,,,,,,,,,,,,,,,,,,,,
Hale Hentges,,TE,,,,,,,,,,,,,,,,,,,,,,,,,,,
Beau Gardner,,TE,,,,,,,,,,,,,,,,,,,,,,,,,,,
Tony Poljan,,TE,,,,,,,,,,,,,,,,,,,,,,,,,,,
Devin Mahina,,TE,,,,,,,,,,,,,,,,,,,,,,,,,,,
La'Michael Pettway,,TE,,,,,,,,,,,,,,,,,,,,,,,,,,,
Hayden Rucci,LAC,TE,,,,,,,,,,,,,,,,,,,,,,,,,,,
Anthony Landphere,,TE,,,,,,,,,,,,,,,,,,,,,,,,,,,
Mitchell Wilcox,,TE,,,,,,,,,,,,,,,,,,,,,,,,,,,
Drake Dabney,GB,TE,,,,,,,,,,,,,,,,,,,,,,,,,,,
David Wells,,TE,,,,,,,,,,,,,,,,,,,,,,,,,,,
Michael Ezeike,,TE,,,,,,,,,,,,,,,,,,,,,,,,,,,
Armani Rogers,,TE,,,,,,,,,,,,,,,,,,,,,,,,,,,
Isaac Rex,,TE,,,,,,,,,,,,,,,,,,,,,,,,,,,
Brian Vogler,,TE,,,,,,,,,,,,,,,,,,,,,,,,,,,
Matt Bushman,,TE,,,,,,,,,,,,,,,,,,,,,,,,,,,
Moritz Bohringer,,TE,,,,,,,,,,,,,,,,,,,,,,,,,,,
Ian Bunting,,TE,,,,,,,,,,,,,,,,,,,,,,,,,,,
Donald Parham,,TE,,,,,,,,,,,,,,,,,,,,,,,,,,,
Ryan Izzo,,TE,,,,,,,,,,,,,,,,,,,,,,,,,,,
Luke Lachey,,TE,,,,,,,,,,,,,,,,,,,,,,,,,,,
Ben Ellefson,,TE,,,,,,,,,,,,,,,,,,,,,,,,,,,
Zach Heins,,TE,,,,,,,,,,,,,,,,,,,,,,,,,,,
Josh Babicz,,TE,,,,,,,,,,,,,,,,,,,,,,,,,,,
Kevin Rader,,TE,,,,,,,,,,,,,,,,,,,,,,,,,,,
Chamon Metayer,,TE,,,,,,,,,,,,,,,,,,,,,,,,,,,
Michael Colubiale,,TE,,,,,,,,,,,,,,,,,,,,,,,,,,,
Nick Truesdell,,TE,,,,,,,,,,,,,,,,,,,,,,,,,,,
Seth DeValve,,TE,,,,,,,,,,,,,,,,,,,,,,,,,,,
Cam Serigne,,TE,,,,,,,,,,,,,,,,,,,,,,,,,,,
Travis Vokolek,ARI,TE,,,,,,,,,,,,,,,,,,,,,,,,,,,
Bernhard Seikovits,,TE,,,,,,,,,,,,,,,,,,,,,,,,,,,
Malcolm Epps,,TE,,,,,,,,,,,,,,,,,,,,,,,,,,,
Tyler Hoppes,,TE,,,,,,,,,,,,,,,,,,,,,,,,,,,
Stevie Donatell,,TE,,,,,,,,,,,,,,,,,,,,,,,,,,,
Temarrick Hemingway,WAS,TE,,,,,,,,,,,,,,,,,,,,,,,,,,,
Mark Vital,,TE,,,,,,,,,,,,,,,,,,,,,,,,,,,
Luke Deal,,TE,,,,,,,,,,,,,,,,,,,,,,,,,,,
Mason Schreck,,TE,,,,,,,,,,,,,,,,,,,,,,,,,,,
Michael Jacobson,,TE,,,,,,,,,,,,,,,,,,,,,,,,,,,
Carson Towt,IND,TE,,,,,,,,,,,,,,,,,,,,,,,,,,,
Cam Sutton,,TE,,,,,,,,,,,,,,,,,,,,,,,,,,,
Xavier Grimble,,TE,,,,,,,,,,,,,,,,,,,,,,,,,,,
Carson Meier,,TE,,,,,,,,,,,,,,,,,,,,,,,,,,,
Hakeem Butler,,TE,,,,,,,,,,,,,,,,,,,,,,,,,,,
Tyler Neville,,TE,,,,,,,,,,,,,,,,,,,,,,,,,,,
M.J. McFarland,,TE,,,,,,,,,,,,,,,,,,,,,,,,,,,
Adam Shaheen,,TE,,,,,,,,,,,,,,,,,,,,,,,,,,,
Mason Taylor,NYJ,TE,,,,,,,,,,,,,,,,,,,,,,,,,,,
Delanie Walker,,TE,,,,,,,,,,,,,,,,,,,,,,,,,,,
Chris Briggs,,TE,,,,,,,,,,,,,,,,,,,,,,,,,,,
Josh Hill,,TE,,,,,,,,,,,,,,,,,,,,,,,,,,,
Kano Dillon,,TE,,,,,,,,,,,,,,,,,,,,,,,,,,,
Tim Semisch,,TE,,,,,,,,,,,,,,,,,,,,,,,,,,,
Johnny Pascuzzi,,TE,,,,,,,,,,,,,,,,,,,,,,,,,,,
Tre' McKitty,,TE,,,,,,,,,,,,,,,,,,,,,,,,,,,
Thomas Odukoya,KC,TE,,,,,,,,,,,,,,,,,,,,,,,,,,,
Alize Mack,,TE,,,,,,,,,,,,,,,,,,,,,,,,,,,
Scott Simonson,,TE,,,,,,,,,,,,,,,,,,,,,,,,,,,
Lance Mason,,TE,,,,,,,,,,,,,,,,,,,,,,,,,,,
Nick Keizer,,TE,,,,,,,,,,,,,,,,,,,,,,,,,,,
Jackson Harris,,TE,,,,,,,,,,,,,,,,,,,,,,,,,,,
Caleb Bluiett,,TE,,,,,,,,,,,,,,,,,,,,,,,,,,,
Isaiah Searight,,TE,,,,,,,,,,,,,,,,,,,,,,,,,,,
Nate Becker,,TE,,,,,,,,,,,,,,,,,,,,,,,,,,,
Cody Hardy,NYJ,TE,,,,,,,,,,,,,,,,,,,,,,,,,,,
Caden Prieskorn,,TE,,,,,,,,,,,,,,,,,,,,,,,,,,,
Justin Tukes,,TE,,,,,,,,,,,,,,,,,,,,,,,,,,,
Luke Willson,,TE,,,,,,,,,,,,,,,,,,,,,,,,,,,
Ross Dwelley,,TE,,,,,,,,,,,,,,,,,,,,,,,,,,,
Dan Light,,TE,,,,,,,,,,,,,,,,,,,,,,,,,,,
Kris Leach,,TE,,,,,,,,,,,,,,,,,,,,,,,,,,,
Eric Ebron,PIT,TE,,,,,,,,,,,,,,,,,,,,,,,,,,,
Maximilian Mang,,TE,,,,,,,,,,,,,,,,,,,,,,,,,,,
Colin Jeter,,TE,,,,,,,,,,,,,,,,,,,,,,,,,,,
Austin Stogner,,TE,,,,,,,,,,,,,,,,,,,,,,,,,,,
Anthony Manzo-Lewis,,TE,,,,,,,,,,,,,,,,,,,,,,,,,,,
Virgil Green,,TE,,,,,,,,,,,,,,,,,,,,,,,,,,,
Shaun Beyer,,TE,,,,,,,,,,,,,,,,,,,,,,,,,,,
David Reeves,,TE,,,,,,,,,,,,,,,,,,,,,,,,,,,
Daniel Brown,,TE,,,,,,,,,,,,,,,,,,,,,,,,,,,
Tanner Conner,NE,TE,,,,,,,,,,,,,,,,,,,,,,,,,,,
Levine Toilolo,NYG,TE,,,,,,,,,,,,,,,,,,,,,,,,,,,
Messiah Swinson,CLE,TE,,,,,,,,,,,,,,,,,,,,,,,,,,,
CJ Dippre,TB,TE,,,,,,,,,,,,,,,,,,,,,,,,,,,
J.J. Arcega-Whiteside,,WR,,,,,,,,,,,,,,,,,,,,,,,,,,,
Nate Iese,,TE,,,,,,,,,,,,,,,,,,,,,,,,,,,
Darrell Daniels,,TE,,,,,,,,,,,,,,,,,,,,,,,,,,,
Tyler Moore,,TE,,,,,,,,,,,,,,,,,,,,,,,,,,,
Stone Smartt,NO,TE,,,,,,,,,,,,,,,,,,,,,,,,,,,
Alex Ellis,,TE,,,,,,,,,,,,,,,,,,,,,,,,,,,
Curtis Hodges,,TE,,,,,,,,,,,,,,,,,,,,,,,,,,,
Shawn Bowman,ARI,TE,,,,,,,,,,,,,,,,,,,,,,,,,,,
Hunter Thedford,,TE,,,,,,,,,,,,,,,,,,,,,,,,,,,
Seth Green,,TE,,,,,,,,,,,,,,,,,,,,,,,,,,,
Ben Yurosek,MIN,TE,,,,,,,,,,,,,,,,,,,,,,,,,,,
Marcedes Lewis,,TE,,,,,,,,,,,,,,,,,,,,,,,,,,,
Naz Bohannon,,TE,,,,,,,,,,,,,,,,,,,,,,,,,,,
Nick Eubanks,,TE,,,,,,,,,,,,,,,,,,,,,,,,,,,
Sal Cannella,,TE,,,,,,,,,,,,,,,,,,,,,,,,,,,
Nate Wieting,,TE,,,,,,,,,,,,,,,,,,,,,,,,,,,
Andrew Vollert,,TE,,,,,,,,,,,,,,,,,,,,,,,,,,,
Sammis Reyes,,TE,,,,,,,,,,,,,,,,,,,,,,,,,,,
Ben Koyack,,TE,,,,,,,,,,,,,,,,,,,,,,,,,,,
Kenny Yeboah,,TE,,,,,,,,,,,,,,,,,,,,,,,,,,,
Garrett Walston,,TE,,,,,,,,,,,,,,,,,,,,,,,,,,,
Jordan Akins,,TE,,,,,,,,,,,,,,,,,,,,,,,,,,,
Jaeden Graham,,TE,,,,,,,,,,,,,,,,,,,,,,,,,,,
Tim Tebow,,TE,,,,,,,,,,,,,,,,,,,,,,,,,,,
John Mitchell,,TE,,,,,,,,,,,,,,,,,,,,,,,,,,,
Bug Howard,,TE,,,,,,,,,,,,,,,,,,,,,,,,,,,
Camren McDonald,,TE,,,,,,,,,,,,,,,,,,,,,,,,,,,
Luke Musgrave,GB,TE,,,,,,,,,,,,,,,,,,,,,,,,,,,
Caleb Repp,,TE,,,,,,,,,,,,,,,,,,,,,,,,,,,
Josiah Price,,TE,,,,,,,,,,,,,,,,,,,,,,,,,,,
Austin Roberts,,TE,,,,,,,,,,,,,,,,,,,,,,,,,,,
Brayden Lenius,,TE,,,,,,,,,,,,,,,,,,,,,,,,,,,
Jimmy Bell,,TE,,,,,,,,,,,,,,,,,,,,,,,,,,,
Steven Scheu,,TE,,,,,,,,,,,,,,,,,,,,,,,,,,,
Daniel Helm,,TE,,,,,,,,,,,,,,,,,,,,,,,,,,,
Landon Rice,,TE,,,,,,,,,,,,,,,,,,,,,,,,,,,
Charles Scarff,,TE,,,,,,,,,,,,,,,,,,,,,,,,,,,
Cam Grandy,MIN,TE,,,,,,,,,,,,,,,,,,,,,,,,,,,
Thaddeus Moss,,TE,,,,,,,,,,,,,,,,,,,,,,,,,,,
Rohan Jones,,TE,,,,,,,,,,,,,,,,,,,,,,,,,,,
Brian Walker,,TE,,,,,,,,,,,,,,,,,,,,,,,,,,,
Franko House,CHI,TE,,,,,,,,,,,,,,,,,,,,,,,,,,,
Marcus Santos-Silva,,TE,,,,,,,,,,,,,,,,,,,,,,,,,,,
Jake Butt,,TE,,,,,,,,,,,,,,,,,,,,,,,,,,,
Dylan Leonard,,TE,,,,,,,,,,,,,,,,,,,,,,,,,,,
JJ Howland,,TE,,,,,,,,,,,,,,,,,,,,,,,,,,,
Chris Pierce,,TE,,,,,,,,,,,,,,,,,,,,,,,,,,,
Scott Orndoff,,TE,,,,,,,,,,,,,,,,,,,,,,,,,,,
Stevo Klotz,,TE,,,,,,,,,,,,,,,,,,,,,,,,,,,
Chris Herndon,,TE,,,,,,,,,,,,,,,,,,,,,,,,,,,
Ben Beise,,TE,,,,,,,,,,,,,,,,,,,,,,,,,,,
Albert Okwuegbunam,,TE,,,,,,,,,,,,,,,,,,,,,,,,,,,
Demetrius Harris,,TE,,,,,,,,,,,,,,,,,,,,,,,,,,,
DJ Thomas-Jones,,TE,,,,,,,,,,,,,,,,,,,,,,,,,,,
Ty Pezza,BAL,TE,,,,,,,,,,,,,,,,,,,,,,,,,,,
Ricky Seals-Jones,,TE,,,,,,,,,,,,,,,,,,,,,,,,,,,
Jeremy Sprinkle,,TE,,,,,,,,,,,,,,,,,,,,,,,,,,,
Blake Mack,,TE,,,,,,,,,,,,,,,,,,,,,,,,,,,
Jared Wiley,KC,TE,,,,,,,,,,,,,,,,,,,,,,,,,,,
Jamal Pettigrew,,TE,,,,,,,,,,,,,,,,,,,,,,,,,,,
Trey Burton,,TE,,,,,,,,,,,,,,,,,,,,,,,,,,,
Jordan Thomas,,TE,,,,,,,,,,,,,,,,,,,,,,,,,,,
Taysom Hill,,TE,,,,,,,,,,,,,,,,,,,,,,,,,,,
Ryan Smith,,TE,,,,,,,,,,,,,,,,,,,,,,,,,,,
Kahale Warring,,TE,,,,,,,,,,,,,,,,,,,,,,,,,,,
Nick Vannett,BAL,TE,,,,,,,,,,,,,,,,,,,,,,,,,,,
Marshall Lang,MIN,TE,,,,,,,,,,,,,,,,,,,,,,,,,,,
Jake Hausmann,,TE,,,,,,,,,,,,,,,,,,,,,,,,,,,
Austin Allen,,TE,,,,,,,,,,,,,,,,,,,,,,,,,,,
Moliki Matavao,NO,TE,,,,,,,,,,,,,,,,,,,,,,,,,,,
Tyree Mayfield,,TE,,,,,,,,,,,,,,,,,,,,,,,,,,,
Kole Taylor,,TE,,,,,,,,,,,,,,,,,,,,,,,,,,,
Marcus Baugh,,TE,,,,,,,,,,,,,,,,,,,,,,,,,,,
Gerrit Prince,,TE,,,,,,,,,,,,,,,,,,,,,,,,,,,
Evan Baylis,,TE,,,,,,,,,,,,,,,,,,,,,,,,,,,
Ross Travis,,TE,,,,,,,,,,,,,,,,,,,,,,,,,,,
Jason Witten,,TE,,,,,,,,,,,,,,,,,,,,,,,,,,,
Connor Davis,,TE,,,,,,,,,,,,,,,,,,,,,,,,,,,
Trey Knox,,TE,,,,,,,,,,,,,,,,,,,,,,,,,,,
Jerell Adams,,TE,,,,,,,,,,,,,,,,,,,,,,,,,,,
Oscar Cardenas,,TE,,,,,,,,,,,,,,,,,,,,,,,,,,,
Hunter Bryant,,TE,,,,,,,,,,,,,,,,,,,,,,,,,,,
Andrew Price,,TE,,,,,,,,,,,,,,,,,,,,,,,,,,,
Johnny Lumpkin,,TE,,,,,,,,,,,,,,,,,,,,,,,,,,,
Roger Carter,,TE,,,,,,,,,,,,,,,,,,,,,,,,,,,
Lance Kendricks,,TE,,,,,,,,,,,,,,,,,,,,,,,,,,,
Drew Biber,,TE,,,,,,,,,,,,,,,,,,,,,,,,,,,
Mark Redman,GB,TE,,,,,,,,,,,,,,,,,,,,,,,,,,,
Caleb Wilson,,TE,,,,,,,,,,,,,,,,,,,,,,,,,,,
O.J. Howard,,TE,,,,,,,,,,,,,,,,,,,,,,,,,,,
DeShawn Hanika,,TE,,,,,,,,,,,,,,,,,,,,,,,,,,,
Nick Bowers,,TE,,,,,,,,,,,,,,,,,,,,,,,,,,,
Lachlan Pitts,,TE,,,,,,,,,,,,,,,,,,,,,,,,,,,
Billy Brown,,TE,,,,,,,,,,,,,,,,,,,,,,,,,,,
Thomas Fidone,NYG,TE,,,,,,,,,,,,,,,,,,,,,,,,,,,
Julian Hill,NE,TE,,,,,,,,,,,,,,,,,,,,,,,,,,,
John Raine,,FB,,,,,,,,,,,,,,,,,,,,,,,,,,,
Josh Bist,,TE,,,,,,,,,,,,,,,,,,,,,,,,,,,
Jevoni Robinson,,TE,,,,,,,,,,,,,,,,,,,,,,,,,,,
DJ Rogers,DAL,TE,,,,,,,,,,,,,,,,,,,,,,,,,,,
Garrett Griffin,,TE,,,,,,,,,,,,,,,,,,,,,,,,,,,
Cade Brewer,,TE,,,,,,,,,,,,,,,,,,,,,,,,,,,
Tyler Eifert,,TE,,,,,,,,,,,,,,,,,,,,,,,,,,,
Cheyenne O'Grady,,TE,,,,,,,,,,,,,,,,,,,,,,,,,,,
Nick Kallerup,SEA,TE,,,,,,,,,,,,,,,,,,,,,,,,,,,
Darren Fells,TB,TE,,,,,,,,,,,,,,,,,,,,,,,,,,,
Justin Johnson,,TE,,,,,,,,,,,,,,,,,,,,,,,,,,,
Cary Angeline,,TE,,,,,,,,,,,,,,,,,,,,,,,,,,,
Eric Tomlinson,,TE,,,,,,,,,,,,,,,,,,,,,,,,,,,
Thomas Yassmin,GB,TE,,,,,,,,,,,,,,,,,,,,,,,,,,,
Scooter Harrington,,TE,,,,,,,,,,,,,,,,,,,,,,,,,,,
McCallan Castles,,TE,,,,,,,,,,,,,,,,,,,,,,,,,,,
Steven Wroblewski,,TE,,,,,,,,,,,,,,,,,,,,,,,,,,,
John Copenhaver,,TE,,,,,,,,,,,,,,,,,,,,,,,,,,,
Hayden Hurst,,TE,,,,,,,,,,,,,,,,,,,,,,,,,,,
Cethan Carter,,TE,,,,,,,,,,,,,,,,,,,,,,,,,,,
Devin Asiasi,,TE,,,,,,,,,,,,,,,,,,,,,,,,,,,
Patrick Herbert,LAC,TE,,,,,,,,,,,,,,,,,,,,,,,,,,,
Treyton Pickering,,TE,,,,,,,,,,,,,,,,,,,,,,,,,,,
Leonard Taylor,,TE,,,,,,,,,,,,,,,,,,,,,,,,,,,
Eli Wilson,,TE,,,,,,,,,,,,,,,,,,,,,,,,,,,
Mason Fairchild,,TE,,,,,,,,,,,,,,,,,,,,,,,,,,,
Louis Hansen,,TE,,,,,,,,,,,,,,,,,,,,,,,,,,,
Alec Holler,,TE,,,,,,,,,,,,,,,,,,,,,,,,,,,
Ben Sims,,TE,,,,,,,,,,,,,,,,,,,,,,,,,,,
Justin Sinz,,TE,,,,,,,,,,,,,,,,,,,,,,,,,,,
Reggie Brown,,TE,,,,,,,,,,,,,,,,,,,,,,,,,,,
Brandon Williams,,CB,,,,,,,,,,,,,,,,,,,,,,,,,,,
Gannon Sinclair,,TE,,,,,,,,,,,,,,,,,,,,,,,,,,,
Jimmy Graham,,TE,,,,,,,,,,,,,,,,,,,,,,,,,,,
Dallas Goedert,PHI,TE,,,,,,,,,,,,,,,,,,,,,,,,,,,
Phazahn Odom,,TE,,,,,,,,,,,,,,,,,,,,,,,,,,,
Taylor McNamara,,TE,,,,,,,,,,,,,,,,,,,,,,,,,,,
Jacob Warren,,TE,,,,,,,,,,,,,,,,,,,,,,,,,,,
Sean Culkin,,TE,,,,,,,,,,,,,,,,,,,,,,,,,,,
Andrew Gleichert,,TE,,,,,,,,,,,,,,,,,,,,,,,,,,,
Garrett Dickerson,,TE,,,,,,,,,,,,,,,,,,,,,,,,,,,
Cameron Clear,,TE,,,,,,,,,,,,,,,,,,,,,,,,,,,
Teagan Quitoriano,ARI,TE,,,,,,,,,,,,,,,,,,,,,,,,,,,
Charlie Taumoepeau,,TE,,,,,,,,,,,,,,,,,,,,,,,,,,,
Chase Curtis,,TE,,,,,,,,,,,,,,,,,,,,,,,,,,,
Jaheim Bell,,TE,,,,,,,,,,,,,,,,,,,,,,,,,,,
Kevin Foelsch,,TE,,,,,,,,,,,,,,,,,,,,,,,,,,,
Deon Yelder,,TE,,,,,,,,,,,,,,,,,,,,,,,,,,,
Sean McKeon,,TE,,,,,,,,,,,,,,,,,,,,,,,,,,,
Ryan Jones,,TE,,,,,,,,,,,,,,,,,,,,,,,,,,,
Eric Wallace,,TE,,,,,,,,,,,,,,,,,,,,,,,,,,,
Rysen John,,TE,,,,,,,,,,,,,,,,,,,,,,,,,,,
Parker Hesse,,TE,,,,,,,,,,,,,,,,,,,,,,,,,,,
Zach Horton,,TE,,,,,,,,,,,,,,,,,,,,,,,,,,,
James Mitchell,DAL,TE,,,,,,,,,,,,,,,,,,,,,,,,,,,
Taylor Sloat,,TE,,,,,,,,,,,,,,,,,,,,,,,,,,,
Jordan Reed,,TE,,,,,,,,,,,,,,,,,,,,,,,,,,,
Justin Rigg,,TE,,,,,,,,,,,,,,,,,,,,,,,,,,,
Cole Herdman,,TE,,,,,,,,,,,,,,,,,,,,,,,,,,,
Thomas Greaney,,TE,,,,,,,,,,,,,,,,,,,,,,,,,,,
Tyrone Swoopes,,TE,,,,,,,,,,,,,,,,,,,,,,,,,,,
Clive Walford,,TE,,,,,,,,,,,,,,,,,,,,,,,,,,,
Brayden Willis,SF,TE,,,,,,,,,,,,,,,,,,,,,,,,,,,
Tommy Hudson,,TE,,,,,,,,,,,,,,,,,,,,,,,,,,,
Jack Stoll,SF,TE,,,,,,,,,,,,,,,,,,,,,,,,,,,
Brycen Hopkins,,TE,,,,,,,,,,,,,,,,,,,,,,,,,,,
Jjay Mcafee,,TE,,,,,,,,,,,,,,,,,,,,,,,,,,,
Keleki Latu,BUF,TE,,,,,,,,,,,,,,,,,,,,,,,,,,,
Antonio Gandy-Golden,,TE,,,,,,,,,,,,,,,,,,,,,,,,,,,
Tre Watson,MIA,TE,,,,,,,,,,,,,,,,,,,,,,,,,,,
Jeff Heuerman,,TE,,,,,,,,,,,,,,,,,,,,,,,,,,,
Dan Villari,LAR,TE,,,,,,,,,,,,,,,,,,,,,,,,,,,
Bruno Labelle,,TE,,,,,,,,,,,,,,,,,,,,,,,,,,,
Nick O'Leary,,TE,,,,,,,,,,,,,,,,,,,,,,,,,,,
Michael Miller,,TE,,,,,,,,,,,,,,,,,,,,,,,,,,,
Jack Doyle,IND,TE,,,,,,,,,,,,,,,,,,,,,,,,,,,
Mik'Quan Deane,,TE,,,,,,,,,,,,,,,,,,,,,,,,,,,
Beau Sandland,,TE,,,,,,,,,,,,,,,,,,,,,,,,,,,
J.P. Holtz,,TE,,,,,,,,,,,,,,,,,,,,,,,,,,,
Antony Auclair,,TE,,,,,,,,,,,,,,,,,,,,,,,,,,,
Kyle Markway,,TE,,,,,,,,,,,,,,,,,,,,,,,,,,,
John Stephens,,TE,,,,,,,,,,,,,,,,,,,,,,,,,,,
Brandon Frazier,,TE,,,,,,,,,,,,,,,,,,,,,,,,,,,
Kalif Jackson,MIA,TE,,,,,,,,,,,,,,,,,,,,,,,,,,,
Hunter Long,ARI,TE,,,,,,,,,,,,,,,,,,,,,,,,,,,
Luke Stocker,,TE,,,,,,,,,,,,,,,,,,,,,,,,,,,
Nikola Kalinic,CHI,TE,,,,,,,,,,,,,,,,,,,,,,,,,,,
Layne Pryor,,TE,,,,,,,,,,,,,,,,,,,,,,,,,,,
Michael Trigg,DAL,TE,,,,,,,,,,,,,,,,,,,,,,,,,,,
Nolan Givan,,TE,,,,,,,,,,,,,,,,,,,,,,,,,,,
Peyton Hendershot,,TE,,,,,,,,,,,,,,,,,,,,,,,,,,,
Jordan Leggett,,TE,,,,,,,,,,,,,,,,,,,,,,,,,,,
Blake Jarwin,,TE,,,,,,,,,,,,,,,,,,,,,,,,,,,
Jeremiah Franklin,,TE,,,,,,,,,,,,,,,,,,,,,,,,,,,
Garrett Hudson,,TE,,,,,,,,,,,,,,,,,,,,,,,,,,,
Keith Towbridge,,TE,,,,,,,,,,,,,,,,,,,,,,,,,,,
Eli Wolf,,TE,,,,,,,,,,,,,,,,,,,,,,,,,,,
Treyton Welch,NO,TE,,,,,,,,,,,,,,,,,,,,,,,,,,,
Bryce Pierre,,TE,,,,,,,,,,,,,,,,,,,,,,,,,,,
Keenen Brown,,TE,,,,,,,,,,,,,,,,,,,,,,,,,,,
Kyle Rudolph,,TE,,,,,,,,,,,,,,,,,,,,,,,,,,,
Tyree Jackson,,TE,,,,,,,,,,,,,,,,,,,,,,,,,,,
Zaire Mitchell-Paden,HOU,TE,,,,,,,,,,,,,,,,,,,,,,,,,,,
Austin Fort,,TE,,,,,,,,,,,,,,,,,,,,,,,,,,,
Caleb Lohner,DEN,TE,,,,,,,,,,,,,,,,,,,,,,,,,,,
Trevor Wood,,TE,,,,,,,,,,,,,,,,,,,,,,,,,,,
Daniel Crawford,,TE,,,,,,,,,,,,,,,,,,,,,,,,,,,
Lake McRee,PIT,TE,,,,,,,,,,,,,,,,,,,,,,,,,,,
Gavin Bartholomew,MIN,TE,,,,,,,,,,,,,,,,,,,,,,,,,,,
Steven Stilianos,,TE,,,,,,,,,,,,,,,,,,,,,,,,,,,
Maxx Williams,,TE,,,,,,,,,,,,,,,,,,,,,,,,,,,
Dylan Parham,,TE,,,,,,,,,,,,,,,,,,,,,,,,,,,
Devin Funchess,,TE,,,,,,,,,,,,,,,,,,,,,,,,,,,
Jared Rice,,TE,,,,,,,,,,,,,,,,,,,,,,,,,,,
Trent Pennix,,TE,,,,,,,,,,,,,,,,,,,,,,,,,,,
Lawrence Cager,,TE,,,,,,,,,,,,,,,,,,,,,,,,,,,
Jeremiah Hall,,TE,,,,,,,,,,,,,,,,,,,,,,,,,,,
Mason Pline,,TE,,,,,,,,,,,,,,,,,,,,,,,,,,,
Khalil Dinkins,SF,TE,,,,,,,,,,,,,,,,,,,,,,,,,,,
Bryson Nesbit,,TE,,,,,,,,,,,,,,,,,,,,,,,,,,,
Dylan Stapleton,,TE,,,,,,,,,,,,,,,,,,,,,,,,,,,
RJ Maryland,,TE,,,,,,,,,,,,,,,,,,,,,,,,,,,
Eli Stowers,PHI,TE,,,,,,,,,,,,,,,,,,,,,,,,,,,
Vernon Davis,,TE,,,,,,,,,,,,,,,,,,,,,,,,,,,
Jordan Franks,,TE,,,,,,,,,,,,,,,,,,,,,,,,,,,
Miller Forristall,,TE,,,,,,,,,,,,,,,,,,,,,,,,,,,
Carson Williams,,TE,,,,,,,,,,,,,,,,,,,,,,,,,,,
Davis Koppenhaver,,TE,,,,,,,,,,,,,,,,,,,,,,,,,,,
Nick Muse,ATL,TE,,,,,,,,,,,,,,,,,,,,,,,,,,,
Pharaoh Brown,IND,TE,,,,,,,,,,,,,,,,,,,,,,,,,,,
Izaiah Gathings,,TE,,,,,,,,,,,,,,,,,,,,,,,,,,,
Grayson Gunter,,TE,,,,,,,,,,,,,,,,,,,,,,,,,,,
Mike Rigerman,,TE,,,,,,,,,,,,,,,,,,,,,,,,,,,
Nakia Griffin-Stewart,,TE,,,,,,,,,,,,,,,,,,,,,,,,,,,
Stephen Baggett,,TE,,,,,,,,,,,,,,,,,,,,,,,,,,,
Lee Smith,ATL,TE,,,,,,,,,,,,,,,,,,,,,,,,,,,
Leroy Watson,,TE,,,,,,,,,,,,,,,,,,,,,,,,,,,
Damien Caffrey,,TE,,,,,,,,,,,,,,,,,,,,,,,,,,,
Jason Vander Laan,,TE,,,,,,,,,,,,,,,,,,,,,,,,,,,
Farrod Green,,TE,,,,,,,,,,,,,,,,,,,,,,,,,,,
Rhett Ellison,,TE,,,,,,,,,,,,,,,,,,,,,,,,,,,
Graham Adomitis,,TE,,,,,,,,,,,,,,,,,,,,,,,,,,,
Jaren Kanak,TEN,TE,,,,,,,,,,,,,,,,,,,,,,,,,,,
Grant Calcaterra,PHI,TE,,,,,,,,,,,,,,,,,,,,,,,,,,,
Brandon Barnes,,TE,,,,,,,,,,,,,,,,,,,,,,,,,,,
Jake McGee,,TE,,,,,,,,,,,,,,,,,,,,,,,,,,,
N'Keal Harry,,TE,,,,,,,,,,,,,,,,,,,,,,,,,,,
Bucky Hodges,,TE,,,,,,,,,,,,,,,,,,,,,,,,,,,
Bronson Kaufusi,GB,TE,,,,,,,,,,,,,,,,,,,,,,,,,,,
Micky Crum,,TE,,,,,,,,,,,,,,,,,,,,,,,,,,,
Noah Gindorff,,TE,,,,,,,,,,,,,,,,,,,,,,,,,,,
Thomas Gordon,DET,TE,,,,,,,,,,,,,,,,,,,,,,,,,,,
Will Mallory,IND,TE,,,,,,,,,,,,,,,,,,,,,,,,,,,
Jake Burt,,TE,,,,,,,,,,,,,,,,,,,,,,,,,,,
Chase Allen,,TE,,,,,,,,,,,,,,,,,,,,,,,,,,,
Jack Velling,ATL,TE,,,,,,,,,,,,,,,,,,,,,,,,,,,
Darion Clark,,TE,,,,,,,,,,,,,,,,,,,,,,,,,,,
Jason Reese,,TE,,,,,,,,,,,,,,,,,,,,,,,,,,,
Richard Rodgers,,TE,,,,,,,,,,,,,,,,,,,,,,,,,,,
Chris Bazile,,TE,,,,,,,,,,,,,,,,,,,,,,,,,,,
Jerome Washington,,TE,,,,,,,,,,,,,,,,,,,,,,,,,,,
Dallin Holker,,TE,,,,,,,,,,,,,,,,,,,,,,,,,,,
John FitzPatrick,,TE,,,,,,,,,,,,,,,,,,,,,,,,,,,
Heinrich Haarberg,,TE,,,,,,,,,,,,,,,,,,,,,,,,,,,
Griffin Hebert,,TE,,,,,,,,,,,,,,,,,,,,,,,,,,,
John Michael Gyllenborg,KC,TE,,,,,,,,,,,,,,,,,,,,,,,,,,,
Zack Kuntz,,TE,,,,,,,,,,,,,,,,,,,,,,,,,,,
Jake Powell,,TE,,,,,,,,,,,,,,,,,,,,,,,,,,,
Jordan Petaia,,TE,,,,,,,,,,,,,,,,,,,,,,,,,,,
Geor'Quarius Spivey,,TE,,,,,,,,,,,,,,,,,,,,,,,,,,,
Erik Krommenhoek,,TE,,,,,,,,,,,,,,,,,,,,,,,,,,,
Barrett Burns,BAL,TE,,,,,,,,,,,,,,,,,,,,,,,,,,,
Jermaine Terry,,TE,,,,,,,,,,,,,,,,,,,,,,,,,,,
Moral Stephens,,TE,,,,,,,,,,,,,,,,,,,,,,,,,,,
Zach Gentry,,TE,,,,,,,,,,,,,,,,,,,,,,,,,,,
Clayton Wilson,,TE,,,,,,,,,,,,,,,,,,,,,,,,,,,
Dae'Quan Wright,,TE,,,,,,,,,,,,,,,,,,,,,,,,,,,
Rob Gronkowski,,TE,,,,,,,,,,,,,,,,,,,,,,,,,,,
Tyler Mabry,,TE,,,,,,,,,,,,,,,,,,,,,,,,,,,
Ryan Becker,,TE,,,,,,,,,,,,,,,,,,,,,,,,,,,
Kaden Smith,,TE,,,,,,,,,,,,,,,,,,,,,,,,,,,
Ethan Wolf,,TE,,,,,,,,,,,,,,,,,,,,,,,,,,,
Jared Cook,,TE,,,,,,,,,,,,,,,,,,,,,,,,,,,
Isaac Nauta,GB,TE,,,,,,,,,,,,,,,,,,,,,,,,,,,
Miles Kitselman,,TE,,,,,,,,,,,,,,,,,,,,,,,,,,,
Jared Scott,,TE,,,,,,,,,,,,,,,,,,,,,,,,,,,
James Looney,,TE,,,,,,,,,,,,,,,,,,,,,,,,,,,
Riley Sharp,,TE,,,,,,,,,,,,,,,,,,,,,,,,,,,
Jesse James,,TE,,,,,,,,,,,,,,,,,,,,,,,,,,,
Travis Koontz,,TE,,,,,,,,,,,,,,,,,,,,,,,,,,,
Derek Carrier,,TE,,,,,,,,,,,,,,,,,,,,,,,,,,,
Troy Fumagalli,,TE,,,,,,,,,,,,,,,,,,,,,,,,,,,
Dominick Wood-Anderson,,TE,,,,,,,,,,,,,,,,,,,,,,,,,,,
Matt Lengel,,TE,,,,,,,,,,,,,,,,,,,,,,,,,,,
Matt LaCosse,NE,TE,,,,,,,,,,,,,,,,,,,,,,,,,,,
Jalen Wydermyer,,TE,,,,,,,,,,,,,,,,,,,,,,,,,,,
Paul Quessenberry,,TE,,,,,,,,,,,,,,,,,,,,,,,,,,,
Vance McDonald,,TE,,,,,,,,,,,,,,,,,,,,,,,,,,,
Giovanni Ricci,,FB,,,,,,,,,,,,,,,,,,,,,,,,,,,
Jalin Conyers,,TE,,,,,,,,,,,,,,,,,,,,,,,,,,,
Ernst Brun,,TE,,,,,,,,,,,,,,,,,,,,,,,,,,,
Brenden Bates,JAX,TE,,,,,,,,,,,,,,,,,,,,,,,,,,,
Stephen Sullivan,,TE,,,,,,,,,,,,,,,,,,,,,,,,,,,
Kenny Fletcher,IND,TE,,,,,,,,,,,,,,,,,,,,,,,,,,,
Derrick Deese,,TE,,,,,,,,,,,,,,,,,,,,,,,,,,,
Gee Scott,,TE,,,,,,,,,,,,,,,,,,,,,,,,,,,
Dylan Soehner,,TE,,,,,,,,,,,,,,,,,,,,,,,,,,,
Romello Brooker,,TE,,,,,,,,,,,,,,,,,,,,,,,,,,,
Tanner McLachlan,,TE,,,,,,,,,,,,,,,,,,,,,,,,,,,
Jean Sifrin,,TE,,,,,,,,,,,,,,,,,,,,,,,,,,,
Jerome Cunningham,,TE,,,,,,,,,,,,,,,,,,,,,,,,,,,
Alex Gray,,TE,,,,,,,,,,,,,,,,,,,,,,,,,,,
Jesper Horsted,,TE,,,,,,,,,,,,,,,,,,,,,,,,,,,
Ben Johnson,,TE,,,,,,,,,,,,,,,,,,,,,,,,,,,
Cole Hunt,,TE,,,,,,,,,,,,,,,,,,,,,,,,,,,
Stone Eby,,TE,,,,,,,,,,,,,,,,,,,,,,,,,,,
Harold Spears,,TE,,,,,,,,,,,,,,,,,,,,,,,,,,,
Rory Anderson,,TE,,,,,,,,,,,,,,,,,,,,,,,,,,,
Codey McElroy,,TE,,,,,,,,,,,,,,,,,,,,,,,,,,,
Kendall Blanton,,TE,,,,,,,,,,,,,,,,,,,,,,,,,,,
Jacob Hollister,,TE,,,,,,,,,,,,,,,,,,,,,,,,,,,
Parker Houston,,TE,,,,,,,,,,,,,,,,,,,,,,,,,,,
Travis Wilson,,TE,,,,,,,,,,,,,,,,,,,,,,,,,,,
Easton Dean,,TE,,,,,,,,,,,,,,,,,,,,,,,,,,,
Matt Weiser,,TE,,,,,,,,,,,,,,,,,,,,,,,,,,,
Dax Raymond,PIT,TE,,,,,,,,,,,,,,,,,,,,,,,,,,,
C.J. Conrad,,TE,,,,,,,,,,,,,,,,,,,,,,,,,,,
Brandon Dillon,,TE,,,,,,,,,,,,,,,,,,,,,,,,,,,
Jake Tonges,SF,TE,,,,,,,,,,,,,,,,,,,,,,,,,,,
Hunter Kampmoyer,,TE,,,,,,,,,,,,,,,,,,,,,,,,,,,
Jordan Matthews,,TE,,,,,,,,,,,,,,,,,,,,,,,,,,,
Stephen Anderson,,TE,,,,,,,,,,,,,,,,,,,,,,,,,,,
Drew Belcher,,TE,,,,,,,,,,,,,,,,,,,,,,,,,,,
Charles Clay,,TE,,,,,,,,,,,,,,,,,,,,,,,,,,,
Brett Weaver,,TE,,,,,,,,,,,,,,,,,,,,,,,,,,,
Elijah Wellman,,FB,,,,,,,,,,,,,,,,,,,,,,,,,,,
Joshua Lingenfelter,,TE,,,,,,,,,,,,,,,,,,,,,,,,,,,
Ryan Yurachek,,TE,,,,,,,,,,,,,,,,,,,,,,,,,,,
Christian Sims,,TE,,,,,,,,,,,,,,,,,,,,,,,,,,,
Bryce Williams,,TE,,,,,,,,,,,,,,,,,,,,,,,,,,,
Tommy Sweeney,,TE,,,,,,,,,,,,,,,,,,,,,,,,,,,
Nick Boyle,,TE,,,,,,,,,,,,,,,,,,,,,,,,,,,
Matt Seybert,,TE,,,,,,,,,,,,,,,,,,,,,,,,,,,
Carl Tucker,,TE,,,,,,,,,,,,,,,,,,,,,,,,,,,
Ellis Richardson,,TE,,,,,,,,,,,,,,,,,,,,,,,,,,,
Spencer Shrader,IND,K,HOU,9.09,,,,,,,,,,,,,,,,,,,,1.79,2.47,,,,
Ka'imi Fairbairn,HOU,K,IND,8.77,,,,,,,,,,,,,,,,,,,,2.08,2.45,,,,
Brandon Aubrey,DAL,K,BAL,8.72,,,,,,,,,,,,,,,,,,,,2.06,2.62,,,,
Jake Bates,DET,K,NYJ,8.7,,,,,,,,,,,,,,,,,,,,1.92,2.97,,,,
Trey Smack,GB,K,ATL,8.65,,,,,,,,,,,,,,,,,,,,1.7,2.62,,,,
Eddy Pineiro,SF,K,ARI,8.49,,,,,,,,,,,,,,,,,,,,1.93,2.73,,,,
Harrison Butker,KC,K,MIA,8.47,,,,,,,,,,,,,,,,,,,,1.94,2.68,,,,
Daniel Carlson,NO,K,LV,8.44,,,,,,,,,,,,,,,,,,,,1.92,2.58,,,,
Tyler Loop,BAL,K,DAL,8.36,,,,,,,,,,,,,,,,,,,,1.9,2.75,,,,
Cam Little,JAX,K,NE,8.31,,,,,,,,,,,,,,,,,,,,1.94,2.62,,,,
Jason Myers,SEA,K,WAS,8.29,,,,,,,,,,,,,,,,,,,,1.93,2.62,,,,
Tyler Bass,BUF,K,LAC,8.19,,,,,,,,,,,,,,,,,,,,1.81,2.78,,,,
Harrison Mevis,LAR,K,DEN,8.04,,,,,,,,,,,,,,,,,,,,1.78,2.73,,,,
Will Reichard,MIN,K,TB,8.02,,,,,,,,,,,,,,,,,,,,1.87,2.36,,,,
Matt Gay,LV,K,NO,7.98,,,,,,,,,,,,,,,,,,,,1.74,2.32,,,,
Wil Lutz,DEN,K,LAR,7.87,,,,,,,,,,,,,,,,,,,,1.8,2.48,,,,
Chris Boswell,PIT,K,CIN,7.84,,,,,,,,,,,,,,,,,,,,1.9,2.21,,,,
Chase McLaughlin,TB,K,MIN,7.73,,,,,,,,,,,,,,,,,,,,1.8,2.4,,,,
Cameron Dicker,LAC,K,BUF,7.71,,,,,,,,,,,,,,,,,,,,1.78,2.34,,,,
Evan McPherson,CIN,K,PIT,7.54,,,,,,,,,,,,,,,,,,,,1.71,2.48,,,,
Jason Sanders,NYJ,K,DET,7.42,,,,,,,,,,,,,,,,,,,,1.72,2.26,,,,
Drew Stevens,WAS,K,SEA,7.41,,,,,,,,,,,,,,,,,,,,1.51,2.27,,,,
Andy Borregales,NE,K,JAX,7.41,,,,,,,,,,,,,,,,,,,,1.71,2.51,,,,
Ryan Fitzgerald,CAR,K,CLE,7.38,,,,,,,,,,,,,,,,,,,,1.68,2.24,,,,
Nick Folk,ATL,K,GB,7.31,,,,,,,,,,,,,,,,,,,,1.64,2.29,,,,
Cairo Santos,CHI,K,PHI,7.29,,,,,,,,,,,,,,,,,,,,1.67,2.3,,,,
Jake Elliott,PHI,K,CHI,7.22,,,,,,,,,,,,,,,,,,,,1.61,2.41,,,,
Dominic Zvada,NYG,K,TEN,7.14,,,,,,,,,,,,,,,,,,,,1.49,2.03,,,,
Chad Ryland,ARI,K,SF,6.84,,,,,,,,,,,,,,,,,,,,1.6,2.01,,,,
Riley Patterson,MIA,K,KC,6.61,,,,,,,,,,,,,,,,,,,,1.42,1.65,,,,
Andre Szmyt,CLE,K,CAR,6.41,,,,,,,,,,,,,,,,,,,,1.49,1.9,,,,
Joey Slye,TEN,K,NYG,6.31,,,,,,,,,,,,,,,,,,,,1.48,1.82,,,,
Sam Sloman,,K,,,,,,,,,,,,,,,,,,,,,,,,,,,
Rodrigo Blankenship,,K,,,,,,,,,,,,,,,,,,,,,,,,,,,
Kaare Vedvik,,K,,,,,,,,,,,,,,,,,,,,,,,,,,,
Laith Marjan,,K,,,,,,,,,,,,,,,,,,,,,,,,,,,
Matt Ammendola,,K,,,,,,,,,,,,,,,,,,,,,,,,,,,
Elliott Fry,,K,,,,,,,,,,,,,,,,,,,,,,,,,,,
Dan Bailey,,K,,,,,,,,,,,,,,,,,,,,,,,,,,,
B.T. Potter,,K,,,,,,,,,,,,,,,,,,,,,,,,,,,
Corey Acosta,,K,,,,,,,,,,,,,,,,,,,,,,,,,,,
Brandon McManus,,K,,,,,,,,,,,,,,,,,,,,,,,,,,,
Brett Maher,,K,,,,,,,,,,,,,,,,,,,,,,,,,,,
Devon Bell,,K,,,,,,,,,,,,,,,,,,,,,,,,,,,
Trevor Moore,,K,,,,,,,,,,,,,,,,,,,,,,,,,,,
Stephen Gostkowski,,K,,,,,,,,,,,,,,,,,,,,,,,,,,,
James McCourt,,K,,,,,,,,,,,,,,,,,,,,,,,,,,,
Michael Palardy,,P,,,,,,,,,,,,,,,,,,,,,,,,,,,
Michael Badgley,,K,,,,,,,,,,,,,,,,,,,,,,,,,,,
Ross Martin,,K,,,,,,,,,,,,,,,,,,,,,,,,,,,
Ethan Sanchez,,K,,,,,,,,,,,,,,,,,,,,,,,,,,,
Aldrick Rosas,,K,,,,,,,,,,,,,,,,,,,,,,,,,,,
Graham Gano,,K,,,,,,,,,,,,,,,,,,,,,,,,,,,
Blake Haubeil,,K,,,,,,,,,,,,,,,,,,,,,,,,,,,
Josh Lambo,,K,,,,,,,,,,,,,,,,,,,,,,,,,,,
John Lunsford,,K,,,,,,,,,,,,,,,,,,,,,,,,,,,
James Turner,,K,,,,,,,,,,,,,,,,,,,,,,,,,,,
Tristan Vizcaino,,K,,,,,,,,,,,,,,,,,,,,,,,,,,,
Joshua Karty,,K,,,,,,,,,,,,,,,,,,,,,,,,,,,
Parker Romo,,K,,,,,,,,,,,,,,,,,,,,,,,,,,,
Andrew Mevis,,K,,,,,,,,,,,,,,,,,,,,,,,,,,,
Paul Geelen,,K,,,,,,,,,,,,,,,,,,,,,,,,,,,
Jon Brown,,K,,,,,,,,,,,,,,,,,,,,,,,,,,,
Luke Drzewiecki,,K,,,,,,,,,,,,,,,,,,,,,,,,,,,
Dominik Eberle,,K,,,,,,,,,,,,,,,,,,,,,,,,,,,
Jonathan Kim,,K,,,,,,,,,,,,,,,,,,,,,,,,,,,
Ryan Succop,,K,,,,,,,,,,,,,,,,,,,,,,,,,,,
Taylor Russolino,,K,,,,,,,,,,,,,,,,,,,,,,,,,,,
Ben Sauls,,K,,,,,,,,,,,,,,,,,,,,,,,,,,,
Chris Naggar,,K,,,,,,,,,,,,,,,,,,,,,,,,,,,
Mason Shipley,,K,,,,,,,,,,,,,,,,,,,,,,,,,,,
Adam Vinatieri,,K,,,,,,,,,,,,,,,,,,,,,,,,,,,
Parker White,,K,,,,,,,,,,,,,,,,,,,,,,,,,,,
Jose Borregales,,K,,,,,,,,,,,,,,,,,,,,,,,,,,,
Matt Wile,,P,,,,,,,,,,,,,,,,,,,,,,,,,,,
JJ Molson,,K,,,,,,,,,,,,,,,,,,,,,,,,,,,
Gabriel Plascencia,,K,,,,,,,,,,,,,,,,,,,,,,,,,,,
Ryan Santoso,,K,,,,,,,,,,,,,,,,,,,,,,,,,,,
Austin MacGinnis,,K,,,,,,,,,,,,,,,,,,,,,,,,,,,
Kai Forbath,,K,,,,,,,,,,,,,,,,,,,,,,,,,,,
Brandon Wright,,P,,,,,,,,,,,,,,,,,,,,,,,,,,,
Chris Blewitt,,K,,,,,,,,,,,,,,,,,,,,,,,,,,,
Colton Theaker,,K,,,,,,,,,,,,,,,,,,,,,,,,,,,
Kansei Matsuzawa,LV,K,,,,,,,,,,,,,,,,,,,,,,,,,,,
Blake Grupe,NYJ,K,,,,,,,,,,,,,,,,,,,,,,,,,,,
Redford Jones,,K,,,,,,,,,,,,,,,,,,,,,,,,,,,
Greg Joseph,,K,,,,,,,,,,,,,,,,,,,,,,,,,,,
Taylor Bertolet,,K,,,,,,,,,,,,,,,,,,,,,,,,,,,
Clayton Hatfield,,K,,,,,,,,,,,,,,,,,,,,,,,,,,,
Brian Johnson,,K,,,,,,,,,,,,,,,,,,,,,,,,,,,
Nick Vogel,,K,,,,,,,,,,,,,,,,,,,,,,,,,,,
Charlie Smyth,NO,K,,,,,,,,,,,,,,,,,,,,,,,,,,,
Justin Tucker,,K,,,,,,,,,,,,,,,,,,,,,,,,,,,
Quinn Nordin,,K,,,,,,,,,,,,,,,,,,,,,,,,,,,
Mike Meyer,,K,,,,,,,,,,,,,,,,,,,,,,,,,,,
Noah Rauschenberg,,K,,,,,,,,,,,,,,,,,,,,,,,,,,,
Maddux Trujillo,,K,,,,,,,,,,,,,,,,,,,,,,,,,,,
Lenny Krieg,GB,K,,,,,,,,,,,,,,,,,,,,,,,,,,,
John Hoyland,,K,,,,,,,,,,,,,,,,,,,,,,,,,,,
Matthew Wright,,K,,,,,,,,,,,,,,,,,,,,,,,,,,,
Vincent Blanchard,,K,,,,,,,,,,,,,,,,,,,,,,,,,,,
Matt Bryant,,K,,,,,,,,,,,,,,,,,,,,,,,,,,,
Jake Verity,,K,,,,,,,,,,,,,,,,,,,,,,,,,,,
Brayden Narveson,,K,,,,,,,,,,,,,,,,,,,,,,,,,,,
Austin Seibert,,K,,,,,,,,,,,,,,,,,,,,,,,,,,,
Matt Prater,,K,,,,,,,,,,,,,,,,,,,,,,,,,,,
Matthew Trickett,,K,,,,,,,,,,,,,,,,,,,,,,,,,,,
Marshall Morgan,,K,,,,,,,,,,,,,,,,,,,,,,,,,,,
Cade York,,K,,,,,,,,,,,,,,,,,,,,,,,,,,,
Caden Davis,,K,,,,,,,,,,,,,,,,,,,,,,,,,,,
David Marvin,,K,,,,,,,,,,,,,,,,,,,,,,,,,,,
Matt McCrane,,K,,,,,,,,,,,,,,,,,,,,,,,,,,,
Cody Parkey,,K,,,,,,,,,,,,,,,,,,,,,,,,,,,
Jonathan Garibay,,K,,,,,,,,,,,,,,,,,,,,,,,,,,,
Lirim Hajrullahu,,K,,,,,,,,,,,,,,,,,,,,,,,,,,,
Justin Rohrwasser,,K,,,,,,,,,,,,,,,,,,,,,,,,,,,
Ty Long,,P,,,,,,,,,,,,,,,,,,,,,,,,,,,
Alex Quevedo,,K,,,,,,,,,,,,,,,,,,,,,,,,,,,
Christopher Dunn,,K,,,,,,,,,,,,,,,,,,,,,,,,,,,
Zane Gonzalez,,K,,,,,,,,,,,,,,,,,,,,,,,,,,,
Sam Ficken,,K,,,,,,,,,,,,,,,,,,,,,,,,,,,
Trey Wolff,,K,,,,,,,,,,,,,,,,,,,,,,,,,,,
Mike Nugent,,K,,,,,,,,,,,,,,,,,,,,,,,,,,,
Jack Podlesny,,K,,,,,,,,,,,,,,,,,,,,,,,,,,,
Ryan Coe,,K,,,,,,,,,,,,,,,,,,,,,,,,,,,
Randy Bullock,,K,,,,,,,,,,,,,,,,,,,,,,,,,,,
Gabe Brkic,,K,,,,,,,,,,,,,,,,,,,,,,,,,,,
Lucas Havrisik,,K,,,,,,,,,,,,,,,,,,,,,,,,,,,
Jude McAtamney,,K,,,,,,,,,,,,,,,,,,,,,,,,,,,
Stephen Hauschka,,K,,,,,,,,,,,,,,,,,,,,,,,,,,,
Mason Crosby,,K,,,,,,,,,,,,,,,,,,,,,,,,,,,
Nick Sciba,,K,,,,,,,,,,,,,,,,,,,,,,,,,,,
Caleb Shudak,,K,,,,,,,,,,,,,,,,,,,,,,,,,,,
Robbie Gould,,K,,,,,,,,,,,,,,,,,,,,,,,,,,,
Tucker McCann,,K,,,,,,,,,,,,,,,,,,,,,,,,,,,
Camden Lewis,,K,,,,,,,,,,,,,,,,,,,,,,,,,,,
Jake Moody,,K,,,,,,,,,,,,,,,,,,,,,,,,,,,
John Baron,,K,,,,,,,,,,,,,,,,,,,,,,,,,,,
Chris Freeman,,K,,,,,,,,,,,,,,,,,,,,,,,,,,,
Alex Hale,,K,,,,,,,,,,,,,,,,,,,,,,,,,,,
Mark McNamee,,K,,,,,,,,,,,,,,,,,,,,,,,,,,,
Valentino Ambrosio,,K,,,,,,,,,,,,,,,,,,,,,,,,,,,
Dustin Hopkins,,K,,,,,,,,,,,,,,,,,,,,,,,,,,,
Ramiz Ahmed,,K,,,,,,,,,,,,,,,,,,,,,,,,,,,
Sergio Castillo,,K,,,,,,,,,,,,,,,,,,,,,,,,,,,
Alex Kessman,CAR,K,,,,,,,,,,,,,,,,,,,,,,,,,,,
Cole Murphy,,K,,,,,,,,,,,,,,,,,,,,,,,,,,,
Andy Phillips,,K,,,,,,,,,,,,,,,,,,,,,,,,,,,
Younghoe Koo,,K,,,,,,,,,,,,,,,,,,,,,,,,,,,
Justin Manton,,K,,,,,,,,,,,,,,,,,,,,,,,,,,,
Anders Carlson,,K,,,,,,,,,,,,,,,,,,,,,,,,,,,
Greg Zuerlein,,K,,,,,,,,,,,,,,,,,,,,,,,,,,,
Cole Hedlund,,K,,,,,,,,,,,,,,,,,,,,,,,,,,,
Tanner Brown,,K,,,,,,,,,,,,,,,,,,,,,,,,,,,
Will Ferrin,,K,,,,,,,,,,,,,,,,,,,,,,,,,,,
Alex McNulty,,K,,,,,,,,,,,,,,,,,,,,,,,,,,,
Phillip Andersen,,K,,,,,,,,,,,,,,,,,,,,,,,,,,,
Kansas City Chiefs,KC,DEF,MIA,9.26,,,,,,,,,,,,,,,,,,,17.5,,,3.01,0.84,0.63,0.21
Seattle Seahawks,SEA,DEF,WAS,9.26,,,,,,,,,,,,,,,,,,,16.25,,,2.59,0.88,0.61,0.22
Philadelphia Eagles,PHI,DEF,CHI,9.12,,,,,,,,,,,,,,,,,,,18.25,,,2.71,0.88,0.59,0.24
Green Bay Packers,GB,DEF,ATL,8.84,,,,,,,,,,,,,,,,,,,19.25,,,2.82,0.8,0.6,0.2
New York Giants,NYG,DEF,TEN,8.59,,,,,,,,,,,,,,,,,,,17.75,,,2.95,0.84,0.63,0.14
Minnesota Vikings,MIN,DEF,TB,8.56,,,,,,,,,,,,,,,,,,,20.5,,,2.68,0.79,0.61,0.12
Carolina Panthers,CAR,DEF,CLE,8.42,,,,,,,,,,,,,,,,,,,20.0,,,2.81,0.79,0.65,0.07
San Francisco 49ers,SF,DEF,ARI,8.39,,,,,,,,,,,,,,,,,,,19.75,,,2.79,0.84,0.63,0.14
Detroit Lions,DET,DEF,NYJ,8.37,,,,,,,,,,,,,,,,,,,20.75,,,2.56,0.79,0.67,0.12
New Orleans Saints,NO,DEF,LV,8.34,,,,,,,,,,,,,,,,,,,20.25,,,3.08,0.79,0.63,
Houston Texans,HOU,DEF,IND,7.92,,,,,,,,,,,,,,,,,,,20.5,,,2.2,0.73,0.5,0.18
Cincinnati Bengals,CIN,DEF,PIT,7.85,,,,,,,,,,,,,,,,,,,19.5,,,2.81,0.79,0.58,0.07
Los Angeles Rams,LAR,DEF,DEN,7.58,,,,,,,,,,,,,,,,,,,20.75,,,2.25,0.65,0.48,0.17
Tennessee Titans,TEN,DEF,NYG,7.23,,,,,,,,,,,,,,,,,,,20.25,,,2.48,0.68,0.53,0.08
Buffalo Bills,BUF,DEF,LAC,7.0,,,,,,,,,,,,,,,,,,,21.5,,,2.59,0.78,0.58,0.13
Tampa Bay Buccaneers,TB,DEF,MIN,6.76,,,,,,,,,,,,,,,,,,,22.0,,,2.66,0.71,0.52,0.13
Indianapolis Colts,IND,DEF,HOU,6.71,,,,,,,,,,,,,,,,,,,22.0,,,2.51,0.75,0.56,0.13
Jacksonville Jaguars,JAX,DEF,NE,6.66,,,,,,,,,,,,,,,,,,,21.5,,,2.35,0.71,0.55,0.16
Baltimore Ravens,BAL,DEF,DAL,6.58,,,,,,,,,,,,,,,,,,,25.0,,,2.33,0.73,0.52,0.16
New England Patriots,NE,DEF,JAX,6.56,,,,,,,,,,,,,,,,,,,24.5,,,2.33,0.69,0.53,0.11
Cleveland Browns,CLE,DEF,CAR,6.43,,,,,,,,,,,,,,,,,,,22.5,,,2.34,0.65,0.52,0.13
Denver Broncos,DEN,DEF,LAR,6.36,,,,,,,,,,,,,,,,,,,23.25,,,2.26,0.66,0.42,0.19
Pittsburgh Steelers,PIT,DEF,CIN,6.34,,,,,,,,,,,,,,,,,,,23.0,,,2.38,0.74,0.51,0.11
Chicago Bears,CHI,DEF,PHI,5.9,,,,,,,,,,,,,,,,,,,22.75,,,2.22,0.65,0.49,0.11
Washington Commanders,WAS,DEF,SEA,5.63,,,,,,,,,,,,,,,,,,,23.75,,,2.44,0.63,0.44,0.06
Las Vegas Raiders,LV,DEF,NO,5.62,,,,,,,,,,,,,,,,,,,23.25,,,2.32,0.56,0.49,0.07
Atlanta Falcons,ATL,DEF,GB,5.61,,,,,,,,,,,,,,,,,,,23.75,,,2.15,0.58,0.47,0.1
Dallas Cowboys,DAL,DEF,BAL,5.08,,,,,,,,,,,,,,,,,,,28.5,,,2.36,0.68,0.51,0.06
New York Jets,NYJ,DEF,DET,4.48,,,,,,,,,,,,,,,,,,,27.25,,,1.93,0.4,0.4,0.06
Los Angeles Chargers,LAC,DEF,BUF,3.6,,,,,,,,,,,,,,,,,,,28.5,,,1.93,0.55,0.41,0.09
Arizona Cardinals,ARI,DEF,SF,3.51,,,,,,,,,,,,,,,,,,,28.25,,,1.89,0.45,0.39,0.06
Miami Dolphins,MIA,DEF,KC,3.32,,,,,,,,,,,,,,,,,,,28.0,,,1.91,0.39,0.34,0.06
