player,team,pos,opp,pts_ppr,pass_att,pass_cmp,pass_inc,pass_yd,pass_td,pass_int,pass_sack,pass_fd,rush_att,rush_yd,rush_td,rush_fd,rec,rec_tgt,rec_yd,rec_td,rec_fd,fum_lost,pts_allow,fgm,xpm,sack,int,fum_rec,def_td
Josh Allen,BUF,QB,NE,23.12,30.42,19.19,11.23,227.31,1.2,0.46,2.64,22.73,8.28,40.22,0.96,4.02,,,,,,0.2,,,,,,,
Lamar Jackson,BAL,QB,TEN,22.15,25.18,16.62,8.57,239.41,1.18,0.33,2.18,23.94,10.18,59.5,0.39,5.95,,,,,,0.17,,,,,,,
Patrick Mahomes,KC,QB,LV,21.22,33.34,22.75,10.59,246.22,1.96,0.4,2.82,24.62,3.95,22.54,0.31,2.25,,,,,,0.21,,,,,,,
Trevor Lawrence,JAX,QB,CIN,20.32,34.89,21.54,13.35,283.11,1.59,1.01,2.88,28.31,4.32,21.51,0.26,2.15,,,,,,0.2,,,,,,,
Brock Purdy,SF,QB,DEN,20.07,32.68,21.43,11.25,244.54,1.86,0.73,2.74,24.45,4.13,21.82,0.24,2.18,,,,,,0.2,,,,,,,
Joe Burrow,CIN,QB,JAX,19.32,36.52,25.28,11.24,267.89,1.92,0.92,3.14,26.79,3.48,13.44,0.11,1.34,,,,,,0.23,,,,,,,
Tyler Shough,NO,QB,ATL,18.86,36.09,24.23,11.86,260.88,1.7,1.15,3.03,26.09,4.65,19.94,0.17,1.99,,,,,,0.21,,,,,,,
Bryce Young,CAR,QB,DET,18.67,34.02,20.48,13.54,228.76,1.57,0.55,2.76,22.88,4.21,24.22,0.25,2.42,,,,,,0.19,,,,,,,
Bo Nix,DEN,QB,SF,18.35,34.82,22.09,12.73,226.72,1.64,0.36,2.8,22.67,4.35,17.62,0.25,1.76,,,,,,0.2,,,,,,,
C.J. Stroud,HOU,QB,DAL,18.34,32.25,20.37,11.88,257.98,1.56,0.37,2.69,25.8,2.99,14.28,0.15,1.43,,,,,,0.19,,,,,,,
Drake Maye,NE,QB,BUF,18.33,31.76,20.91,10.85,237.62,1.18,0.71,2.46,23.76,5.73,35.74,0.23,3.57,,,,,,0.18,,,,,,,
Dak Prescott,DAL,QB,HOU,18.32,35.97,23.08,12.89,280.63,1.61,0.89,2.88,28.06,3.02,11.95,0.08,1.2,,,,,,0.21,,,,,,,
Kyler Murray,MIN,QB,MIA,17.87,28.28,19.3,8.99,204.63,1.4,0.54,2.33,20.46,5.72,31.2,0.29,3.12,,,,,,0.17,,,,,,,
Jordan Love,GB,QB,TB,17.37,32.91,21.11,11.81,249.71,1.63,0.72,2.58,24.97,3.18,13.29,0.07,1.33,,,,,,0.18,,,,,,,
Jared Goff,DET,QB,CAR,17.18,33.94,22.76,11.18,241.4,1.91,0.82,2.92,24.14,1.75,5.32,0.06,0.53,,,,,,0.21,,,,,,,
Jalen Hurts,PHI,QB,LAR,16.73,28.71,17.97,10.74,197.32,1.12,0.71,2.19,19.73,6.32,31.11,0.34,3.11,,,,,,0.15,,,,,,,
Sam Darnold,SEA,QB,LAC,16.73,31.66,20.48,11.18,244.33,1.62,1.24,2.62,24.43,3.2,10.38,0.15,1.04,,,,,,0.19,,,,,,,
Daniel Jones,IND,QB,WAS,16.71,29.77,19.51,10.26,211.88,1.6,0.45,2.5,21.19,3.58,17.36,0.13,1.74,,,,,,0.18,,,,,,,
Marcus Mariota,WAS,QB,IND,16.68,29.56,18.58,10.98,227.49,0.96,0.61,2.33,22.75,6.49,32.34,0.22,3.23,,,,,,0.2,,,,,,,
Matthew Stafford,LAR,QB,PHI,16.4,31.85,19.97,11.89,246.76,1.72,0.6,2.56,24.68,1.34,3.2,0.01,0.32,,,,,,0.18,,,,,,,
Deshaun Watson,CLE,QB,PIT,15.81,29.2,20.15,9.05,219.19,1.5,0.99,2.13,21.92,4.33,17.19,0.08,1.72,,,,,,0.16,,,,,,,
Jacoby Brissett,ARI,QB,NYG,15.67,32.93,21.38,11.55,203.02,1.49,0.4,2.65,20.3,3.31,13.99,0.13,1.4,,,,,,0.19,,,,,,,
Jameis Winston,NYG,QB,ARI,15.51,29.21,17.17,12.04,201.68,1.55,0.73,2.29,20.17,3.35,15.21,0.11,1.52,,,,,,0.18,,,,,,,
Kirk Cousins,LV,QB,KC,15.05,31.02,20.3,10.73,198.43,1.68,0.5,2.43,19.84,1.94,4.76,0.09,0.48,,,,,,0.18,,,,,,,
Geno Smith,NYJ,QB,CHI,14.88,31.73,21.82,9.9,243.08,1.08,1.24,2.4,24.31,3.5,16.01,0.11,1.6,,,,,,0.17,,,,,,,
Michael Penix,ATL,QB,NO,14.77,29.41,17.19,12.22,205.52,1.32,0.46,2.36,20.55,2.8,9.5,0.16,0.95,,,,,,0.17,,,,,,,
Case Keenum,CHI,QB,NYJ,14.5,29.33,17.45,11.89,201.5,1.35,0.31,,20.15,2.35,9.91,0.06,0.99,,,,,,,,,,,,,
Justin Herbert,LAC,QB,SEA,14.22,31.51,20.7,10.81,206.06,1.22,0.9,2.3,20.61,4.03,15.27,0.11,1.53,,,,,,0.16,,,,,,,
Aaron Rodgers,PIT,QB,CLE,13.95,30.55,19.22,11.33,185.21,1.35,0.36,2.36,18.52,2.07,11.02,0.1,1.1,,,,,,0.17,,,,,,,
Cam Ward,TEN,QB,BAL,13.34,32.57,19.53,13.04,207.77,0.87,0.34,2.3,20.78,2.79,9.5,0.19,0.95,,,,,,0.16,,,,,,,
Jalon Daniels,TB,QB,GB,13.12,27.99,14.78,13.21,186.75,1.06,1.29,2.05,18.68,4.6,19.27,0.15,1.93,,,,,,0.12,,,,,,,
Malik Willis,MIA,QB,MIN,13.01,28.25,18.3,9.95,186.78,0.56,0.55,1.91,18.68,5.23,21.14,0.31,2.11,,,,,,0.13,,,,,,,
Blake Sims,,QB,,,,,,,,,,,,,,,,,,,,,,,,,,,
Skyler Howard,SEA,QB,,,,,,,,,,,,,,,,,,,,,,,,,,,
Alex McGough,,QB,,,,,,,,,,,,,,,,,,,,,,,,,,,
Ben Bryant,,QB,,,,,,,,,,,,,,,,,,,,,,,,,,,
Payton Thorne,,QB,,,,,,,,,,,,,,,,,,,,,,,,,,,
Brogan Roback,,QB,,,,,,,,,,,,,,,,,,,,,,,,,,,
Cody Fajardo,,QB,,,,,,,,,,,,,,,,,,,,,,,,,,,
Aeneas Dennis,,QB,,,,,,,,,,,,,,,,,,,,,,,,,,,
Cole Stoudt,,QB,,,,,,,,,,,,,,,,,,,,,,,,,,,
William Thompson,,QB,,,,,,,,,,,,,,,,,,,,,,,,,,,
Jack Strand,ATL,QB,,,,,,,,,,,,,,,,,,,,,,,,,,,
John Wolford,,QB,,,,,,,,,,,,,,,,,,,,,,,,,,,
Levi Lewis,,QB,,,,,,,,,,,,,,,,,,,,,,,,,,,
Luke Altmyer,DET,QB,,,,,,,,,,,,,,,,,,,,,,,,,,,
Jake Waters,,QB,,,,,,,,,,,,,,,,,,,,,,,,,,,
Jayden Daniels,WAS,QB,,,,,,,,,,,,,,,,,,,,,,,,,,,
Drew Allar,PIT,QB,,,,,,,,,,,,,,,,,,,,,,,,,,,
Josh Love,,QB,,,,,,,,,,,,,,,,,,,,,,,,,,,
Blaine Gabbert,,QB,,,,,,,,,,,,,,,,,,,,,,,,,,,
Joe Fagnano,BAL,QB,,,,,,,,,,,,,,,,,,,,,,,,,,,
Mac Jones,SF,QB,,,,,,,,,,,,,,,,,,,,,,,,,,,
Jake Retzlaff,,QB,,,,,,,,,,,,,,,,,,,,,,,,,,,
Adrian Martinez,,QB,,,,,,,,,,,,,,,,,,,,,,,,,,,
Alex Tanney,,QB,,,,,,,,,,,,,,,,,,,,,,,,,,,
Drew Brees,,QB,,,,,,,,,,,,,,,,,,,,,,,,,,,
Tyson Bagent,CHI,QB,,,,,,,,,,,,,,,,,,,,,,,,,,,
Kyle Lauletta,,QB,,,,,,,,,,,,,,,,,,,,,,,,,,,
Taylen Green,CLE,QB,,,,,,,,,,,,,,,,,,,,,,,,,,,
Brandon Peters,,QB,,,,,,,,,,,,,,,,,,,,,,,,,,,
Jalen Milroe,SEA,QB,,,,,,,,,,,,,,,,,,,,,,,,,,,
Nick Mullens,JAX,QB,,,,,,,,,,,,,,,,,,,,,,,,,,,
Mike DiLiello,,QB,,,,,,,,,,,,,,,,,,,,,,,,,,,
D'Eriq King,,QB,,,,,,,,,,,,,,,,,,,,,,,,,,,
J.T. Barrett,,QB,,,,,,,,,,,,,,,,,,,,,,,,,,,
Mason Rudolph,PIT,QB,,,,,,,,,,,,,,,,,,,,,,,,,,,
Ryan Fitzpatrick,,QB,,,,,,,,,,,,,,,,,,,,,,,,,,,
Aaron Bailey,BAL,QB,,,,,,,,,,,,,,,,,,,,,,,,,,,
Kyle Sloter,,QB,,,,,,,,,,,,,,,,,,,,,,,,,,,
Jeff Driskel,,QB,,,,,,,,,,,,,,,,,,,,,,,,,,,
Jake Fromm,,QB,,,,,,,,,,,,,,,,,,,,,,,,,,,
Eric Dungey,,QB,,,,,,,,,,,,,,,,,,,,,,,,,,,
Luis Perez,,QB,,,,,,,,,,,,,,,,,,,,,,,,,,,
Jalan McClendon,,QB,,,,,,,,,,,,,,,,,,,,,,,,,,,
Jerry Lovelocke,,QB,,,,,,,,,,,,,,,,,,,,,,,,,,,
Drew Stanton,,QB,,,,,,,,,,,,,,,,,,,,,,,,,,,
Caleb Williams,CHI,QB,,,,,,,,,,,,,,,,,,,,,,,,,,,
Sam Howell,DAL,QB,,,,,,,,,,,,,,,,,,,,,,,,,,,
Jacob Sirmon,,QB,,,,,,,,,,,,,,,,,,,,,,,,,,,
Sam Hartman,WAS,QB,,,,,,,,,,,,,,,,,,,,,,,,,,,
Tanner Mordecai,,QB,,,,,,,,,,,,,,,,,,,,,,,,,,,
Ben Roethlisberger,PIT,QB,,,,,,,,,,,,,,,,,,,,,,,,,,,
Drew Plitt,,QB,,,,,,,,,,,,,,,,,,,,,,,,,,,
Chase Garbers,,QB,,,,,,,,,,,,,,,,,,,,,,,,,,,
E.J. Warner,,QB,,,,,,,,,,,,,,,,,,,,,,,,,,,
Jerod Evans,,QB,,,,,,,,,,,,,,,,,,,,,,,,,,,
Danny Etling,,QB,,,,,,,,,,,,,,,,,,,,,,,,,,,
Nolan Henderson,,QB,,,,,,,,,,,,,,,,,,,,,,,,,,,
Bryan Bennett,,QB,,,,,,,,,,,,,,,,,,,,,,,,,,,
Carter Bradley,,QB,,,,,,,,,,,,,,,,,,,,,,,,,,,
Austin Allen,,QB,,,,,,,,,,,,,,,,,,,,,,,,,,,
Lamar Jordan,,QB,,,,,,,,,,,,,,,,,,,,,,,,,,,
Max Wittek,,QB,,,,,,,,,,,,,,,,,,,,,,,,,,,
Jack Plummer,,QB,,,,,,,,,,,,,,,,,,,,,,,,,,,
Chris Streveler,,QB,,,,,,,,,,,,,,,,,,,,,,,,,,,
E.J. Perry,,QB,,,,,,,,,,,,,,,,,,,,,,,,,,,
Josh Woodrum,,QB,,,,,,,,,,,,,,,,,,,,,,,,,,,
Matt Moore,,QB,,,,,,,,,,,,,,,,,,,,,,,,,,,
Zach Conque,,QB,,,,,,,,,,,,,,,,,,,,,,,,,,,
Kyle Shurmur,,QB,,,,,,,,,,,,,,,,,,,,,,,,,,,
Tanner McKee,PHI,QB,,,,,,,,,,,,,,,,,,,,,,,,,,,
Sefo Liufau,,QB,,,,,,,,,,,,,,,,,,,,,,,,,,,
Garrett Nussmeier,KC,QB,,,,,,,,,,,,,,,,,,,,,,,,,,,
Nic Shimonek,,QB,,,,,,,,,,,,,,,,,,,,,,,,,,,
Jake Rudock,,QB,,,,,,,,,,,,,,,,,,,,,,,,,,,
Ben Wooldridge,,QB,,,,,,,,,,,,,,,,,,,,,,,,,,,
Ryan Willis,,QB,,,,,,,,,,,,,,,,,,,,,,,,,,,
Jordan Ta'amu,,QB,,,,,,,,,,,,,,,,,,,,,,,,,,,
Quinn Ewers,JAX,QB,,,,,,,,,,,,,,,,,,,,,,,,,,,
Kyle McCord,MIA,QB,,,,,,,,,,,,,,,,,,,,,,,,,,,
Jarrett Stidham,DEN,QB,,,,,,,,,,,,,,,,,,,,,,,,,,,
Kellen Mond,,QB,,,,,,,,,,,,,,,,,,,,,,,,,,,
Colby Suits,,QB,,,,,,,,,,,,,,,,,,,,,,,,,,,
Mike White,,QB,,,,,,,,,,,,,,,,,,,,,,,,,,,
Gardner Minshew,ARI,QB,,,,,,,,,,,,,,,,,,,,,,,,,,,
Spencer Rattler,NO,QB,,,,,,,,,,,,,,,,,,,,,,,,,,,
Mike Glennon,,QB,,,,,,,,,,,,,,,,,,,,,,,,,,,
Dillon Gabriel,CLE,QB,,,,,,,,,,,,,,,,,,,,,,,,,,,
Cam Miller,,QB,,,,,,,,,,,,,,,,,,,,,,,,,,,
Philip Rivers,,QB,,,,,,,,,,,,,,,,,,,,,,,,,,,
Graham Mertz,HOU,QB,,,,,,,,,,,,,,,,,,,,,,,,,,,
Carson Wentz,MIN,QB,,,,,,,,,,,,,,,,,,,,,,,,,,,
Garrett Gilbert,,QB,,,,,,,,,,,,,,,,,,,,,,,,,,,
Jason Bean,,QB,,,,,,,,,,,,,,,,,,,,,,,,,,,
Ian Book,,QB,,,,,,,,,,,,,,,,,,,,,,,,,,,
Trevor Siemian,,QB,,,,,,,,,,,,,,,,,,,,,,,,,,,
David Blough,,QB,,,,,,,,,,,,,,,,,,,,,,,,,,,
Riley Neal,,QB,,,,,,,,,,,,,,,,,,,,,,,,,,,
Trace McSorley,,QB,,,,,,,,,,,,,,,,,,,,,,,,,,,
Matt Schaub,,QB,,,,,,,,,,,,,,,,,,,,,,,,,,,
Austin Appleby,,QB,,,,,,,,,,,,,,,,,,,,,,,,,,,
Kyle Allen,BUF,QB,,,,,,,,,,,,,,,,,,,,,,,,,,,
James Morgan,,QB,,,,,,,,,,,,,,,,,,,,,,,,,,,
Kaidon Salter,,QB,,,,,,,,,,,,,,,,,,,,,,,,,,,
Jack Heneghan,,QB,,,,,,,,,,,,,,,,,,,,,,,,,,,
Teddy Bridgewater,,QB,,,,,,,,,,,,,,,,,,,,,,,,,,,
Desmond Ridder,,QB,,,,,,,,,,,,,,,,,,,,,,,,,,,
Matthew Caldwell,LAR,QB,,,,,,,,,,,,,,,,,,,,,,,,,,,
Nate Stanley,,QB,,,,,,,,,,,,,,,,,,,,,,,,,,,
Nick Foles,,QB,,,,,,,,,,,,,,,,,,,,,,,,,,,
Davis Cheek,,QB,,,,,,,,,,,,,,,,,,,,,,,,,,,
Josh McCown,,QB,,,,,,,,,,,,,,,,,,,,,,,,,,,
Alex Smith,,QB,,,,,,,,,,,,,,,,,,,,,,,,,,,
Nick Stevens,,QB,,,,,,,,,,,,,,,,,,,,,,,,,,,
Sean Mannion,,QB,,,,,,,,,,,,,,,,,,,,,,,,,,,
Cole Kelley,,QB,,,,,,,,,,,,,,,,,,,,,,,,,,,
Brady Cook,MIA,QB,,,,,,,,,,,,,,,,,,,,,,,,,,,
Bart Houston,,QB,,,,,,,,,,,,,,,,,,,,,,,,,,,
Jack Coan,,QB,,,,,,,,,,,,,,,,,,,,,,,,,,,
Cade Klubnik,NYJ,QB,,,,,,,,,,,,,,,,,,,,,,,,,,,
Devlin Hodges,,QB,,,,,,,,,,,,,,,,,,,,,,,,,,,
Logan Kilgore,,QB,,,,,,,,,,,,,,,,,,,,,,,,,,,
DJ Uiagalelei,LAC,QB,,,,,,,,,,,,,,,,,,,,,,,,,,,
Chris Oladokun,,QB,,,,,,,,,,,,,,,,,,,,,,,,,,,
Jeremy Moussa,,QB,,,,,,,,,,,,,,,,,,,,,,,,,,,
Gunnar Watson,,QB,,,,,,,,,,,,,,,,,,,,,,,,,,,
P.J. Walker,,QB,,,,,,,,,,,,,,,,,,,,,,,,,,,
Mike Bercovici,,QB,,,,,,,,,,,,,,,,,,,,,,,,,,,
James Blackman,,QB,,,,,,,,,,,,,,,,,,,,,,,,,,,
Matt Barkley,,QB,,,,,,,,,,,,,,,,,,,,,,,,,,,
Fernando Mendoza,LV,QB,,,,,,,,,,,,,,,,,,,,,,,,,,,
Ken Seals,,QB,,,,,,,,,,,,,,,,,,,,,,,,,,,
Austin Aune,,QB,,,,,,,,,,,,,,,,,,,,,,,,,,,
Russell Wilson,,QB,,,,,,,,,,,,,,,,,,,,,,,,,,,
Jake Luton,,QB,,,,,,,,,,,,,,,,,,,,,,,,,,,
Ty Simpson,LAR,QB,,,,,,,,,,,,,,,,,,,,,,,,,,,
Clayton Thorson,NYG,QB,,,,,,,,,,,,,,,,,,,,,,,,,,,
Anthony Gordon,,QB,,,,,,,,,,,,,,,,,,,,,,,,,,,
Mitch Leidner,,QB,,,,,,,,,,,,,,,,,,,,,,,,,,,
Kenji Bahar,,QB,,,,,,,,,,,,,,,,,,,,,,,,,,,
Bryce Perkins,,QB,,,,,,,,,,,,,,,,,,,,,,,,,,,
Nathan Peterman,,QB,,,,,,,,,,,,,,,,,,,,,,,,,,,
Kurtis Rourke,SF,QB,,,,,,,,,,,,,,,,,,,,,,,,,,,
Devin Leary,,QB,,,,,,,,,,,,,,,,,,,,,,,,,,,
Jake Coker,,QB,,,,,,,,,,,,,,,,,,,,,,,,,,,
Zach Terrell,BAL,QB,,,,,,,,,,,,,,,,,,,,,,,,,,,
Sawyer Robertson,,QB,,,,,,,,,,,,,,,,,,,,,,,,,,,
Ryan Finley,,QB,,,,,,,,,,,,,,,,,,,,,,,,,,,
Trey Lance,LAC,QB,,,,,,,,,,,,,,,,,,,,,,,,,,,
Collin Hill,,QB,,,,,,,,,,,,,,,,,,,,,,,,,,,
Joe Webb,,QB,,,,,,,,,,,,,,,,,,,,,,,,,,,
David Olson,,QB,,,,,,,,,,,,,,,,,,,,,,,,,,,
Brett Rypien,TB,QB,,,,,,,,,,,,,,,,,,,,,,,,,,,
Aidan O'Connell,LV,QB,,,,,,,,,,,,,,,,,,,,,,,,,,,
Holton Ahlers,,QB,,,,,,,,,,,,,,,,,,,,,,,,,,,
Joshua Dobbs,DET,QB,,,,,,,,,,,,,,,,,,,,,,,,,,,
Anthony Richardson,IND,QB,,,,,,,,,,,,,,,,,,,,,,,,,,,
Stetson Bennett,LAR,QB,,,,,,,,,,,,,,,,,,,,,,,,,,,
Dresser Winn,,QB,,,,,,,,,,,,,,,,,,,,,,,,,,,
Vincent Testaverde,,QB,,,,,,,,,,,,,,,,,,,,,,,,,,,
Derek Carr,,QB,,,,,,,,,,,,,,,,,,,,,,,,,,,
Cole McDonald,,QB,,,,,,,,,,,,,,,,,,,,,,,,,,,
Dustin Crum,,QB,,,,,,,,,,,,,,,,,,,,,,,,,,,
Nate Sudfeld,,QB,,,,,,,,,,,,,,,,,,,,,,,,,,,
Shane Buechele,BUF,QB,,,,,,,,,,,,,,,,,,,,,,,,,,,
Will Howard,PIT,QB,,,,,,,,,,,,,,,,,,,,,,,,,,,
Tommy DeVito,NE,QB,,,,,,,,,,,,,,,,,,,,,,,,,,,
Hajj-Malik Williams,,QB,,,,,,,,,,,,,,,,,,,,,,,,,,,
Diego Pavia,,QB,,,,,,,,,,,,,,,,,,,,,,,,,,,
Colt McCoy,,QB,,,,,,,,,,,,,,,,,,,,,,,,,,,
Eli Jenkins,,QB,,,,,,,,,,,,,,,,,,,,,,,,,,,
Connor Bazelak,,QB,,,,,,,,,,,,,,,,,,,,,,,,,,,
Brandon Allen,,QB,,,,,,,,,,,,,,,,,,,,,,,,,,,
Max Brosmer,MIN,QB,,,,,,,,,,,,,,,,,,,,,,,,,,,
Nick Fitzgerald,,QB,,,,,,,,,,,,,,,,,,,,,,,,,,,
Cody Kessler,,QB,,,,,,,,,,,,,,,,,,,,,,,,,,,
Chad Kelly,,QB,,,,,,,,,,,,,,,,,,,,,,,,,,,
Riley Leonard,IND,QB,,,,,,,,,,,,,,,,,,,,,,,,,,,
Phillip Sims,,QB,,,,,,,,,,,,,,,,,,,,,,,,,,,
Casey Bauman,,QB,,,,,,,,,,,,,,,,,,,,,,,,,,,
Chase Daniel,,QB,,,,,,,,,,,,,,,,,,,,,,,,,,,
John Rhys Plumlee,,QB,,,,,,,,,,,,,,,,,,,,,,,,,,,
J.J. McCarthy,NYG,QB,,,,,,,,,,,,,,,,,,,,,,,,,,,
Tyler Ferguson,,QB,,,,,,,,,,,,,,,,,,,,,,,,,,,
Cam Newton,,QB,,,,,,,,,,,,,,,,,,,,,,,,,,,
Will Grier,,QB,,,,,,,,,,,,,,,,,,,,,,,,,,,
K.J. Costello,,QB,,,,,,,,,,,,,,,,,,,,,,,,,,,
Roland Rivers,,QB,,,,,,,,,,,,,,,,,,,,,,,,,,,
Jaxson Dart,NYG,QB,,,,,,,,,,,,,,,,,,,,,,,,,,,
Matt Corral,,QB,,,,,,,,,,,,,,,,,,,,,,,,,,,
Mitchell Trubisky,TEN,QB,,,,,,,,,,,,,,,,,,,,,,,,,,,
Kedon Slovis,GB,QB,,,,,,,,,,,,,,,,,,,,,,,,,,,
Spencer Sanders,,QB,,,,,,,,,,,,,,,,,,,,,,,,,,,
Clayton Tune,,QB,,,,,,,,,,,,,,,,,,,,,,,,,,,
Hunter Dekkers,,QB,,,,,,,,,,,,,,,,,,,,,,,,,,,
Wes Lunt,,QB,,,,,,,,,,,,,,,,,,,,,,,,,,,
Justin Fields,KC,QB,,,,,,,,,,,,,,,,,,,,,,,,,,,
Tim DeMorat,,QB,,,,,,,,,,,,,,,,,,,,,,,,,,,
Jacob Huesman,,QB,,,,,,,,,,,,,,,,,,,,,,,,,,,
Kenny Pickett,CAR,QB,,,,,,,,,,,,,,,,,,,,,,,,,,,
Dalton Sturm,,QB,,,,,,,,,,,,,,,,,,,,,,,,,,,
Tim Boyle,,QB,,,,,,,,,,,,,,,,,,,,,,,,,,,
Nick Schuessler,PIT,QB,,,,,,,,,,,,,,,,,,,,,,,,,,,
Cole Payton,PHI,QB,,,,,,,,,,,,,,,,,,,,,,,,,,,
Luke Falk,,QB,,,,,,,,,,,,,,,,,,,,,,,,,,,
Josh Rosen,,QB,,,,,,,,,,,,,,,,,,,,,,,,,,,
Paxton Lynch,,QB,,,,,,,,,,,,,,,,,,,,,,,,,,,
Nick Tiano,,QB,,,,,,,,,,,,,,,,,,,,,,,,,,,
Collin Schlee,,QB,,,,,,,,,,,,,,,,,,,,,,,,,,,
Kurt Benkert,,QB,,,,,,,,,,,,,,,,,,,,,,,,,,,
Taylor Elgersma,,QB,,,,,,,,,,,,,,,,,,,,,,,,,,,
Bailey Zappe,,QB,,,,,,,,,,,,,,,,,,,,,,,,,,,
David Fales,,QB,,,,,,,,,,,,,,,,,,,,,,,,,,,
Tommy Stevens,NYG,TE,,,,,,,,,,,,,,,,,,,,,,,,,,,
Easton Stick,TB,QB,,,,,,,,,,,,,,,,,,,,,,,,,,,
Haynes King,CAR,QB,,,,,,,,,,,,,,,,,,,,,,,,,,,
Tanner Morgan,,QB,,,,,,,,,,,,,,,,,,,,,,,,,,,
Skylar Thompson,BAL,QB,,,,,,,,,,,,,,,,,,,,,,,,,,,
Drew Anderson,,QB,,,,,,,,,,,,,,,,,,,,,,,,,,,
Jake Haener,,QB,,,,,,,,,,,,,,,,,,,,,,,,,,,
Broc Rutter,,QB,,,,,,,,,,,,,,,,,,,,,,,,,,,
Chevan Cordeiro,,QB,,,,,,,,,,,,,,,,,,,,,,,,,,,
Tyler Huntley,BAL,QB,,,,,,,,,,,,,,,,,,,,,,,,,,,
Felix Harper,,QB,,,,,,,,,,,,,,,,,,,,,,,,,,,
Logan Woodside,,QB,,,,,,,,,,,,,,,,,,,,,,,,,,,
Jacob Dolegala,,QB,,,,,,,,,,,,,,,,,,,,,,,,,,,
Kyle Trask,,QB,,,,,,,,,,,,,,,,,,,,,,,,,,,
Carson Beck,ARI,QB,,,,,,,,,,,,,,,,,,,,,,,,,,,
Wilton Speight,,QB,,,,,,,,,,,,,,,,,,,,,,,,,,,
Carson Strong,,QB,,,,,,,,,,,,,,,,,,,,,,,,,,,
Tyler Bray,,QB,,,,,,,,,,,,,,,,,,,,,,,,,,,
Will Levis,NYJ,QB,,,,,,,,,,,,,,,,,,,,,,,,,,,
Joel Stave,,QB,,,,,,,,,,,,,,,,,,,,,,,,,,,
Shea Patterson,,QB,,,,,,,,,,,,,,,,,,,,,,,,,,,
Mark Gronowski,,QB,,,,,,,,,,,,,,,,,,,,,,,,,,,
Emory Jones,,QB,,,,,,,,,,,,,,,,,,,,,,,,,,,
Dorian Thompson-Robinson,,QB,,,,,,,,,,,,,,,,,,,,,,,,,,,
John Matocha,,QB,,,,,,,,,,,,,,,,,,,,,,,,,,,
Baker Mayfield,TB,QB,,,,,,,,,,,,,,,,,,,,,,,,,,,
Tyrod Taylor,GB,QB,,,,,,,,,,,,,,,,,,,,,,,,,,,
Michael Hiers,,QB,,,,,,,,,,,,,,,,,,,,,,,,,,,
Sean Clifford,CIN,QB,,,,,,,,,,,,,,,,,,,,,,,,,,,
Tom Brady,,QB,,,,,,,,,,,,,,,,,,,,,,,,,,,
Joey Aguilar,JAX,QB,,,,,,,,,,,,,,,,,,,,,,,,,,,
Taulia Tagovailoa,,QB,,,,,,,,,,,,,,,,,,,,,,,,,,,
Garrett Greene,TB,QB,,,,,,,,,,,,,,,,,,,,,,,,,,,
Jordan Travis,,QB,,,,,,,,,,,,,,,,,,,,,,,,,,,
Gavin Hardison,,QB,,,,,,,,,,,,,,,,,,,,,,,,,,,
Tommy Armstrong Jr.,,QB,,,,,,,,,,,,,,,,,,,,,,,,,,,
Jacob Clark,,QB,,,,,,,,,,,,,,,,,,,,,,,,,,,
Peter Pujals,,QB,,,,,,,,,,,,,,,,,,,,,,,,,,,
Shedeur Sanders,CLE,QB,,,,,,,,,,,,,,,,,,,,,,,,,,,
Nathan Rourke,,QB,,,,,,,,,,,,,,,,,,,,,,,,,,,
Ben DiNucci,,QB,,,,,,,,,,,,,,,,,,,,,,,,,,,
Ryan Tannehill,,QB,,,,,,,,,,,,,,,,,,,,,,,,,,,
Peewee Jarrett,,QB,,,,,,,,,,,,,,,,,,,,,,,,,,,
Jake Heaps,,QB,,,,,,,,,,,,,,,,,,,,,,,,,,,
John Paddock,,QB,,,,,,,,,,,,,,,,,,,,,,,,,,,
Rocky Lombardi,,QB,,,,,,,,,,,,,,,,,,,,,,,,,,,
Trevor Knight,,QB,,,,,,,,,,,,,,,,,,,,,,,,,,,
Jimmy Garoppolo,,QB,,,,,,,,,,,,,,,,,,,,,,,,,,,
Cade Peterson,,QB,,,,,,,,,,,,,,,,,,,,,,,,,,,
Athan Kaliakmanis,WAS,QB,,,,,,,,,,,,,,,,,,,,,,,,,,,
Taylor Heinicke,,QB,,,,,,,,,,,,,,,,,,,,,,,,,,,
Josh Johnson,CIN,QB,,,,,,,,,,,,,,,,,,,,,,,,,,,
Blake Bortles,NO,QB,,,,,,,,,,,,,,,,,,,,,,,,,,,
Michael Pratt,,QB,,,,,,,,,,,,,,,,,,,,,,,,,,,
Andrew Peasley,,QB,,,,,,,,,,,,,,,,,,,,,,,,,,,
Tre Ford,,QB,,,,,,,,,,,,,,,,,,,,,,,,,,,
Kevin Davidson,,QB,,,,,,,,,,,,,,,,,,,,,,,,,,,
Hendon Hooker,TEN,QB,,,,,,,,,,,,,,,,,,,,,,,,,,,
Brandon Silvers,,QB,,,,,,,,,,,,,,,,,,,,,,,,,,,
Cooper Rush,ATL,QB,,,,,,,,,,,,,,,,,,,,,,,,,,,
Chase Litton,,QB,,,,,,,,,,,,,,,,,,,,,,,,,,,
Matt Ryan,,QB,,,,,,,,,,,,,,,,,,,,,,,,,,,
James Franklin,,QB,,,,,,,,,,,,,,,,,,,,,,,,,,,
Chandler Morris,,QB,,,,,,,,,,,,,,,,,,,,,,,,,,,
J'Mar Smith,,QB,,,,,,,,,,,,,,,,,,,,,,,,,,,
Shane Carden,,QB,,,,,,,,,,,,,,,,,,,,,,,,,,,
Sam Ehlinger,DEN,QB,,,,,,,,,,,,,,,,,,,,,,,,,,,
Ethan Garbers,,QB,,,,,,,,,,,,,,,,,,,,,,,,,,,
Jake Browning,,QB,,,,,,,,,,,,,,,,,,,,,,,,,,,
Seth Henigan,,QB,,,,,,,,,,,,,,,,,,,,,,,,,,,
Case Cookus,,QB,,,,,,,,,,,,,,,,,,,,,,,,,,,
Zach Wilson,NO,QB,,,,,,,,,,,,,,,,,,,,,,,,,,,
Brett Hundley,,QB,,,,,,,,,,,,,,,,,,,,,,,,,,,
Tua Tagovailoa,ATL,QB,,,,,,,,,,,,,,,,,,,,,,,,,,,
Miller Moss,CHI,QB,,,,,,,,,,,,,,,,,,,,,,,,,,,
C.J. Beathard,,QB,,,,,,,,,,,,,,,,,,,,,,,,,,,
Austin Reed,,QB,,,,,,,,,,,,,,,,,,,,,,,,,,,
Brian Lewerke,,QB,,,,,,,,,,,,,,,,,,,,,,,,,,,
Brian Hoyer,,QB,,,,,,,,,,,,,,,,,,,,,,,,,,,
Manny Wilkins,,QB,,,,,,,,,,,,,,,,,,,,,,,,,,,
Connor Jessop,,QB,,,,,,,,,,,,,,,,,,,,,,,,,,,
T.J. Linta,,QB,,,,,,,,,,,,,,,,,,,,,,,,,,,
Davis Webb,,QB,,,,,,,,,,,,,,,,,,,,,,,,,,,
Anthony Boone,,QB,,,,,,,,,,,,,,,,,,,,,,,,,,,
Andy Dalton,PHI,QB,,,,,,,,,,,,,,,,,,,,,,,,,,,
Zack Annexstad,,QB,,,,,,,,,,,,,,,,,,,,,,,,,,,
Robert Griffin,,QB,,,,,,,,,,,,,,,,,,,,,,,,,,,
DeShone Kizer,,QB,,,,,,,,,,,,,,,,,,,,,,,,,,,
Kyron Drones,,QB,,,,,,,,,,,,,,,,,,,,,,,,,,,
Jarrett Guarantano,,QB,,,,,,,,,,,,,,,,,,,,,,,,,,,
Jalen Morton,IND,QB,,,,,,,,,,,,,,,,,,,,,,,,,,,
Jaren Hall,,QB,,,,,,,,,,,,,,,,,,,,,,,,,,,
Reid Sinnett,,QB,,,,,,,,,,,,,,,,,,,,,,,,,,,
Chad Henne,,QB,,,,,,,,,,,,,,,,,,,,,,,,,,,
Kevin Hogan,,QB,,,,,,,,,,,,,,,,,,,,,,,,,,,
Marquise Williams,,QB,,,,,,,,,,,,,,,,,,,,,,,,,,,
Joe Milton,DAL,QB,,,,,,,,,,,,,,,,,,,,,,,,,,,
Taryn Christion,,QB,,,,,,,,,,,,,,,,,,,,,,,,,,,
Drew Lock,SEA,QB,,,,,,,,,,,,,,,,,,,,,,,,,,,
Anthony Brown,,QB,,,,,,,,,,,,,,,,,,,,,,,,,,,
Davis Mills,HOU,QB,,,,,,,,,,,,,,,,,,,,,,,,,,,
Jamie Newman,,QB,,,,,,,,,,,,,,,,,,,,,,,,,,,
Jacob Eason,,QB,,,,,,,,,,,,,,,,,,,,,,,,,,,
Max Duggan,,QB,,,,,,,,,,,,,,,,,,,,,,,,,,,
Steven Montez,,QB,,,,,,,,,,,,,,,,,,,,,,,,,,,
Ryan Griffin,,QB,,,,,,,,,,,,,,,,,,,,,,,,,,,
Joe Flacco,CIN,QB,,,,,,,,,,,,,,,,,,,,,,,,,,,
AJ McCarron,,QB,,,,,,,,,,,,,,,,,,,,,,,,,,,
Behren Morton,NE,QB,,,,,,,,,,,,,,,,,,,,,,,,,,,
Brett Gabbert,,QB,,,,,,,,,,,,,,,,,,,,,,,,,,,
Kinkead Dent,,QB,,,,,,,,,,,,,,,,,,,,,,,,,,,
Jahmyr Gibbs,DET,RB,CAR,24.62,,,,,,,,,19.97,94.58,0.91,9.46,4.86,5.94,30.68,0.31,3.07,0.11,,,,,,,
Bijan Robinson,ATL,RB,NO,22.15,,,,,,,,,18.61,86.15,0.65,8.62,4.27,5.43,35.22,0.32,3.52,0.09,,,,,,,
Jonathan Taylor,IND,RB,WAS,21.55,,,,,,,,,21.4,99.38,0.94,9.94,2.72,3.29,22.03,0.19,2.2,0.1,,,,,,,
Derrick Henry,BAL,RB,TEN,20.37,,,,,,,,,19.41,101.63,1.23,10.16,1.26,1.47,12.28,0.06,1.23,0.09,,,,,,,
Kenneth Walker,KC,RB,LV,19.84,,,,,,,,,16.84,80.16,0.44,8.02,4.06,5.0,32.31,0.33,3.23,0.09,,,,,,,
Christian McCaffrey,SF,RB,DEN,18.81,,,,,,,,,15.08,70.02,0.6,7.0,4.35,5.56,26.92,0.21,2.69,0.08,,,,,,,
Jaylen Warren,PIT,RB,CLE,18.71,,,,,,,,,17.66,96.1,0.5,9.61,3.35,3.82,22.8,0.09,2.28,0.08,,,,,,,
Chase Brown,CIN,RB,JAX,17.28,,,,,,,,,14.46,62.53,0.52,6.25,3.93,4.53,20.87,0.32,2.09,0.08,,,,,,,
James Cook,BUF,RB,NE,17.12,,,,,,,,,17.21,93.48,0.69,9.35,1.75,2.45,11.57,0.13,1.16,0.08,,,,,,,
D'Andre Swift,CHI,RB,NYJ,16.62,,,,,,,,,15.26,75.61,0.78,7.56,2.12,2.46,16.33,0.11,1.63,0.07,,,,,,,
Chuba Hubbard,CAR,RB,DET,16.15,,,,,,,,,12.77,65.44,0.43,6.54,3.36,3.74,22.09,0.25,2.21,0.06,,,,,,,
Jeremiyah Love,ARI,RB,NYG,15.81,,,,,,,,,15.81,70.18,0.58,7.02,2.73,3.32,16.25,0.17,1.63,0.07,,,,,,,
Ashton Jeanty,LV,RB,KC,15.53,,,,,,,,,18.11,64.72,0.29,6.47,3.55,4.5,20.05,0.31,2.01,0.08,,,,,,,
Cam Skattebo,NYG,RB,ARI,15.44,,,,,,,,,18.08,79.66,0.44,7.97,2.04,2.69,18.72,0.17,1.87,0.08,,,,,,,
Javonte Williams,DAL,RB,HOU,14.99,,,,,,,,,16.64,60.67,0.67,6.07,2.59,3.24,15.17,0.14,1.52,0.08,,,,,,,
David Montgomery,HOU,RB,DAL,14.91,,,,,,,,,14.24,57.12,0.75,5.71,2.13,2.24,16.96,0.15,1.7,0.07,,,,,,,
Saquon Barkley,PHI,RB,LAR,14.61,,,,,,,,,17.55,83.01,0.43,8.3,1.91,2.84,12.67,0.1,1.27,0.07,,,,,,,
Aaron Jones,MIN,RB,MIA,14.58,,,,,,,,,18.39,70.16,0.54,7.02,2.16,2.46,14.91,0.12,1.49,0.08,,,,,,,
Bucky Irving,TB,RB,GB,14.24,,,,,,,,,17.9,68.14,0.34,6.81,2.91,3.39,19.12,0.11,1.91,0.07,,,,,,,
Kyren Williams,LAR,RB,PHI,13.54,,,,,,,,,15.58,67.06,0.48,6.71,1.96,2.49,13.83,0.11,1.38,0.07,,,,,,,
Braelon Allen,NYJ,RB,CHI,13.16,,,,,,,,,14.66,62.31,0.57,6.23,1.76,2.13,13.51,0.08,1.35,0.06,,,,,,,
Bhayshul Tuten,JAX,RB,CIN,12.68,,,,,,,,,11.6,57.52,0.46,5.75,1.76,2.3,16.15,0.13,1.61,0.05,,,,,,,
Rhamondre Stevenson,NE,RB,BUF,12.55,,,,,,,,,9.21,48.99,0.41,4.9,2.49,2.92,19.35,0.13,1.94,0.05,,,,,,,
Jacory Croskey-Merritt,WAS,RB,IND,12.12,,,,,,,,,13.16,54.48,0.76,5.45,1.12,1.36,7.72,0.04,0.77,0.05,,,,,,,
RJ Harvey,DEN,RB,SF,11.17,,,,,,,,,8.45,29.18,0.33,2.92,2.95,3.6,21.8,0.2,2.18,0.04,,,,,,,
Alvin Kamara,NO,RB,ATL,10.01,,,,,,,,,10.08,39.16,0.27,3.92,2.47,2.89,13.58,0.11,1.36,0.05,,,,,,,
Tony Pollard,TEN,RB,BAL,9.63,,,,,,,,,11.93,51.79,0.25,5.18,1.73,2.04,10.72,0.03,1.07,0.05,,,,,,,
TreVeyon Henderson,NE,RB,BUF,9.51,,,,,,,,,8.62,45.51,0.4,4.55,1.33,1.72,9.22,0.05,0.92,0.04,,,,,,,
Omarion Hampton,LAC,RB,SEA,9.43,,,,,,,,,13.4,42.24,0.41,4.22,1.64,1.89,7.98,0.06,0.8,0.05,,,,,,,
Kyle Monangai,CHI,RB,NYJ,9.13,,,,,,,,,11.11,57.34,0.17,5.73,1.09,1.45,9.74,0.06,0.97,0.05,,,,,,,
Woody Marks,HOU,RB,DAL,8.66,,,,,,,,,9.97,42.09,0.18,4.21,1.6,1.95,12.13,0.1,1.21,0.05,,,,,,,
Quinshon Judkins,CLE,RB,PIT,8.62,,,,,,,,,16.46,42.33,0.08,4.23,2.11,2.36,13.01,0.1,1.3,0.07,,,,,,,
Rachaad White,WAS,RB,IND,8.58,,,,,,,,,6.78,32.19,0.18,3.22,2.27,2.42,14.89,0.09,1.49,0.04,,,,,,,
Jadarian Price,SEA,RB,LAC,8.16,,,,,,,,,9.97,38.99,0.34,3.9,1.03,1.58,8.99,0.05,0.9,0.05,,,,,,,
Tyjae Spears,TEN,RB,BAL,8.16,,,,,,,,,6.45,24.07,0.26,2.41,2.4,2.63,15.72,0.04,1.57,0.03,,,,,,,
Ollie Gordon,MIA,RB,MIN,8.01,,,,,,,,,12.27,38.49,0.28,3.85,1.33,1.7,8.46,0.06,0.85,0.04,,,,,,,
MarShawn Lloyd,GB,RB,TB,8.0,,,,,,,,,9.18,32.69,0.24,3.27,1.54,2.01,12.05,0.09,1.21,0.04,,,,,,,
J.K. Dobbins,DEN,RB,SF,7.86,,,,,,,,,10.81,44.77,0.22,4.48,1.15,1.39,6.08,0.06,0.61,0.05,,,,,,,
Tyler Allgeier,ARI,RB,NYG,7.77,,,,,,,,,6.86,27.87,0.15,2.79,2.38,2.5,12.72,0.08,1.27,0.04,,,,,,,
Kenny Gainwell,TB,RB,GB,7.49,,,,,,,,,6.24,26.95,0.22,2.7,1.74,2.16,13.16,0.08,1.32,0.03,,,,,,,
Kendre Miller,NO,RB,ATL,7.23,,,,,,,,,7.57,28.11,0.35,2.81,1.15,1.44,8.11,0.06,0.81,0.04,,,,,,,
Blake Corum,LAR,RB,PHI,7.05,,,,,,,,,10.72,44.98,0.21,4.5,0.66,0.97,4.66,0.03,0.47,0.05,,,,,,,
Isaiah Davis,NYJ,RB,CHI,6.84,,,,,,,,,4.24,23.41,0.22,2.34,1.46,1.62,13.31,0.06,1.33,0.02,,,,,,,
Samaje Perine,CIN,RB,JAX,6.28,,,,,,,,,4.46,17.23,0.22,1.72,1.71,2.01,11.83,0.06,1.18,0.03,,,,,,,
Justice Hill,BAL,RB,TEN,6.17,,,,,,,,,3.77,15.86,0.13,1.59,1.75,1.99,15.35,0.09,1.54,0.02,,,,,,,
Emanuel Wilson,SEA,RB,LAC,6.09,,,,,,,,,8.65,31.25,0.24,3.12,0.79,0.95,5.57,0.04,0.56,0.04,,,,,,,
Chris Brooks,GB,RB,TB,5.86,,,,,,,,,5.46,22.14,0.12,2.21,1.45,1.88,10.22,0.08,1.02,0.03,,,,,,,
Kaleb Johnson,GB,RB,TB,5.7,,,,,,,,,7.35,21.11,0.17,2.11,1.14,1.74,9.94,0.08,0.99,0.03,,,,,,,
Kaelon Black,SF,RB,DEN,5.4,,,,,,,,,6.98,29.9,0.16,2.99,0.76,1.01,5.47,0.03,0.55,0.03,,,,,,,
Chris Rodriguez,JAX,RB,CIN,5.39,,,,,,,,,5.27,26.15,0.26,2.61,0.5,0.72,5.32,0.03,0.53,0.02,,,,,,,
Raheim Sanders,CLE,RB,PIT,5.3,,,,,,,,,4.7,15.34,0.02,1.53,1.72,2.04,13.65,0.1,1.36,0.02,,,,,,,
George Holani,SEA,RB,LAC,5.2,,,,,,,,,4.19,14.07,0.1,1.41,1.54,1.94,12.34,0.07,1.23,0.02,,,,,,,
Ty Johnson,BUF,RB,NE,5.04,,,,,,,,,3.45,14.59,0.08,1.46,1.46,1.76,10.96,0.09,1.1,0.02,,,,,,,
Najee Harris,NYG,RB,ARI,4.96,,,,,,,,,6.3,28.97,0.11,2.9,0.7,0.88,4.9,0.04,0.49,0.03,,,,,,,
Keaton Mitchell,LAC,RB,SEA,4.69,,,,,,,,,5.35,21.62,0.04,2.16,1.17,1.42,6.86,0.07,0.69,0.02,,,,,,,
Emmett Johnson,KC,RB,LV,4.51,,,,,,,,,3.3,11.91,0.1,1.19,1.17,1.4,11.29,0.08,1.13,0.02,,,,,,,
Mike Washington,LV,RB,KC,4.46,,,,,,,,,4.24,21.75,0.17,2.18,0.54,0.95,4.76,0.04,0.48,0.02,,,,,,,
Sione Vaki,DET,RB,CAR,4.33,,,,,,,,,3.64,16.67,0.12,1.67,0.86,1.15,8.01,0.04,0.8,0.02,,,,,,,
AJ Dillon,CAR,RB,DET,4.32,,,,,,,,,4.09,18.07,0.12,1.81,0.93,1.02,5.94,0.05,0.59,,,,,,,,
Brian Robinson,ATL,RB,NO,4.24,,,,,,,,,5.64,20.34,0.12,2.03,0.67,0.87,5.13,0.05,0.51,0.02,,,,,,,
CJ Donaldson,NO,RB,ATL,4.15,,,,,,,,,3.71,14.99,0.1,1.5,0.94,1.44,7.24,0.06,0.72,,,,,,,,
Jaylen Wright,MIA,RB,MIN,3.94,,,,,,,,,5.14,14.84,0.09,1.48,0.93,1.41,7.71,0.04,0.77,0.02,,,,,,,
Travis Homer,PIT,RB,CLE,3.78,,,,,,,,,2.79,13.63,0.1,1.36,0.88,1.07,6.01,0.05,0.6,,,,,,,,
DeeJay Dallas,MIN,RB,MIA,3.53,,,,,,,,,2.12,9.71,0.07,0.97,1.07,1.13,6.82,0.06,0.68,0.01,,,,,,,
Tyler Goodson,DAL,RB,HOU,3.52,,,,,,,,,3.12,11.63,0.07,1.16,1.02,1.22,6.51,0.04,0.65,0.02,,,,,,,
Tank Bigsby,PHI,RB,LAR,3.34,,,,,,,,,3.61,16.61,0.16,1.66,0.35,0.51,2.83,0.02,0.28,0.01,,,,,,,
Tyler Badie,DEN,RB,SF,3.16,,,,,,,,,1.15,4.72,0.04,0.47,1.17,1.57,8.87,0.07,0.89,0.01,,,,,,,
Ameer Abdullah,JAX,RB,CIN,2.91,,,,,,,,,2.13,10.4,0.06,1.04,0.78,0.87,5.65,0.03,0.57,0.01,,,,,,,
Lew Nichols,PIT,RB,CLE,2.82,,,,,,,,,3.19,14.95,0.14,1.5,0.23,0.31,1.65,0.01,0.16,,,,,,,,
Seth McGowan,IND,RB,WAS,2.7,,,,,,,,,3.07,12.83,0.08,1.28,0.38,0.54,3.49,0.03,0.35,0.01,,,,,,,
Demond Claiborne,MIN,RB,MIA,2.54,,,,,,,,,3.03,10.97,0.12,1.1,0.35,0.4,2.55,0.02,0.26,0.01,,,,,,,
Will Shipley,PHI,RB,LAR,2.04,,,,,,,,,1.43,4.7,0.03,0.47,0.75,0.92,4.81,0.03,0.48,0.01,,,,,,,
LeQuint Allen,JAX,RB,CIN,1.92,,,,,,,,,0.75,3.33,0.02,0.33,0.73,0.91,5.63,0.03,0.56,0.01,,,,,,,
Austin Ekeler,WAS,RB,IND,1.8,,,,,,,,,0.71,2.83,0.03,0.28,0.67,0.83,5.17,0.02,0.52,0.01,,,,,,,
Kyle Juszczyk,SF,FB,DEN,1.72,,,,,,,,,0.11,0.43,0.0,0.04,0.65,0.95,6.11,0.07,0.61,0.0,,,,,,,
Kimani Vidal,LAC,RB,SEA,1.7,,,,,,,,,1.21,3.34,0.02,0.33,0.62,0.88,4.56,0.03,0.46,0.01,,,,,,,
Alec Ingold,LAC,FB,SEA,1.23,,,,,,,,,0.22,0.52,0.01,0.05,0.55,0.79,4.46,0.03,0.45,0.0,,,,,,,
Devin Singletary,NYG,RB,ARI,1.17,,,,,,,,,0.9,3.97,0.04,0.4,0.25,0.29,1.6,0.02,0.16,0.0,,,,,,,
Kaytron Allen,WAS,RB,IND,1.08,,,,,,,,,1.24,5.13,0.04,0.51,0.17,0.24,1.36,0.01,0.14,0.01,,,,,,,
Ray Davis,BUF,RB,NE,1.04,,,,,,,,,1.23,6.47,0.03,0.65,0.11,0.12,0.89,0.01,0.09,0.01,,,,,,,
DJ Herman,MIA,RB,MIN,1.01,,,,,,,,,0.05,0.16,0.0,0.02,0.44,0.68,4.1,0.02,0.41,,,,,,,,
Hunter Luepke,DAL,FB,HOU,0.95,,,,,,,,,0.6,2.18,0.02,0.22,0.29,0.37,2.73,0.01,0.27,0.0,,,,,,,
Connor Heyward,LV,RB,KC,0.91,,,,,,,,,0.46,1.63,0.02,0.16,0.29,0.39,2.15,0.02,0.21,0.0,,,,,,,
Jaleel McLaughlin,CLE,RB,PIT,0.88,,,,,,,,,0.69,3.22,0.01,0.32,0.22,0.29,1.66,0.02,0.17,0.0,,,,,,,
Nicholas Singleton,TEN,RB,BAL,0.85,,,,,,,,,1.2,4.15,0.04,0.41,0.1,0.13,0.78,0.0,0.08,0.0,,,,,,,
Tyrone Tracy,NYG,RB,ARI,0.79,,,,,,,,,0.92,4.62,0.01,0.46,0.11,0.15,0.84,0.01,0.08,0.0,,,,,,,
Jordan James,SF,RB,DEN,0.67,,,,,,,,,0.9,4.08,0.03,0.41,0.05,0.07,0.37,0.0,0.04,0.0,,,,,,,
Corey Kiner,NE,RB,BUF,0.58,,,,,,,,,0.77,3.47,0.02,0.35,0.05,0.06,0.4,0.0,0.04,,,,,,,,
Tahj Brooks,CIN,RB,JAX,0.58,,,,,,,,,0.78,2.48,0.03,0.25,0.09,0.11,0.66,0.0,0.07,0.0,,,,,,,
Eli Heidenreich,PIT,RB,CLE,0.51,,,,,,,,,0.53,2.73,0.02,0.27,0.04,0.06,0.34,0.0,0.03,0.0,,,,,,,
Emari Demercado,DAL,RB,HOU,0.43,,,,,,,,,0.5,2.5,0.01,0.25,0.05,0.07,0.41,0.0,0.04,0.0,,,,,,,
Rasheen Ali,BAL,RB,TEN,0.42,,,,,,,,,0.41,1.42,0.01,0.14,0.08,0.1,0.79,0.01,0.08,0.0,,,,,,,
Sean Tucker,TB,RB,GB,0.41,,,,,,,,,0.45,1.55,0.02,0.15,0.05,0.08,0.48,0.01,0.05,0.0,,,,,,,
Jacob Saylors,DET,RB,CAR,0.3,,,,,,,,,0.27,1.31,0.01,0.13,0.05,0.07,0.4,0.0,0.04,0.0,,,,,,,
Julius Chestnut,TEN,RB,BAL,0.27,,,,,,,,,0.22,0.76,0.01,0.08,0.08,0.11,0.62,0.0,0.06,0.0,,,,,,,
Reggie Gilliam,NE,RB,BUF,0.27,,,,,,,,,0.1,0.47,0.0,0.05,0.09,0.13,0.85,0.01,0.08,,,,,,,,
Brashard Smith,KC,RB,LV,0.25,,,,,,,,,0.26,0.95,0.01,0.1,0.05,0.07,0.36,0.01,0.04,0.0,,,,,,,
Roschon Johnson,CHI,RB,NYJ,0.23,,,,,,,,,0.36,1.5,0.01,0.15,,,,,,0.0,,,,,,,
British Brooks,HOU,RB,DAL,0.19,,,,,,,,,0.11,0.57,0.0,0.06,0.05,0.06,0.46,0.0,0.05,,,,,,,,
Dean Connors,LAR,RB,PHI,0.16,,,,,,,,,0.11,0.41,0.0,0.04,0.05,0.06,0.37,0.0,0.04,0.0,,,,,,,
Patrick Ricard,NYG,FB,ARI,0.13,,,,,,,,,,,,,0.05,0.08,0.47,0.01,0.05,0.0,,,,,,,
Max Bredeson,MIN,RB,MIA,0.11,,,,,,,,,0.01,0.05,0.0,0.01,0.04,0.06,0.39,0.0,0.04,0.0,,,,,,,
Kene Nwangwu,NYJ,RB,CHI,0.11,,,,,,,,,0.17,0.68,0.0,0.07,0.01,0.01,0.1,0.0,0.01,0.0,,,,,,,
Dylan Laube,LV,RB,KC,0.03,,,,,,,,,0.05,0.14,0.0,0.01,0.0,0.01,0.03,0.0,0.0,0.0,,,,,,,
John Robinson-Woodgett,,RB,,,,,,,,,,,,,,,,,,,,,,,,,,,
Darius Jackson,,RB,,,,,,,,,,,,,,,,,,,,,,,,,,,
Nate McCrary,,RB,,,,,,,,,,,,,,,,,,,,,,,,,,,
Xavier Turner,,RB,,,,,,,,,,,,,,,,,,,,,,,,,,,
Darius Hagans,,RB,,,,,,,,,,,,,,,,,,,,,,,,,,,
Darius Anderson,,RB,,,,,,,,,,,,,,,,,,,,,,,,,,,
Marcelias Sutton,,RB,,,,,,,,,,,,,,,,,,,,,,,,,,,
Zach Olstad,,RB,,,,,,,,,,,,,,,,,,,,,,,,,,,
De'Montre Tuggle,,RB,,,,,,,,,,,,,,,,,,,,,,,,,,,
Kenyan Drake,,RB,,,,,,,,,,,,,,,,,,,,,,,,,,,
Wendell Smallwood,WAS,RB,,,,,,,,,,,,,,,,,,,,,,,,,,,
Daryl Virgies,,RB,,,,,,,,,,,,,,,,,,,,,,,,,,,
John Lovett,,QB,,,,,,,,,,,,,,,,,,,,,,,,,,,
Nate Noel,,RB,,,,,,,,,,,,,,,,,,,,,,,,,,,
Kenny McIntosh,,RB,,,,,,,,,,,,,,,,,,,,,,,,,,,
Donovan Edwards,,RB,,,,,,,,,,,,,,,,,,,,,,,,,,,
Caleb Huntley,,RB,,,,,,,,,,,,,,,,,,,,,,,,,,,
Chase Edmonds,,RB,,,,,,,,,,,,,,,,,,,,,,,,,,,
Chris Swain,,FB,,,,,,,,,,,,,,,,,,,,,,,,,,,
Anthony Jones,,RB,,,,,,,,,,,,,,,,,,,,,,,,,,,
Jordan Howard,,RB,,,,,,,,,,,,,,,,,,,,,,,,,,,
Pooka Williams,,RB,,,,,,,,,,,,,,,,,,,,,,,,,,,
Jarvion Franklin,,RB,,,,,,,,,,,,,,,,,,,,,,,,,,,
Micah Bernard,,RB,,,,,,,,,,,,,,,,,,,,,,,,,,,
Jack Colletto,,FB,,,,,,,,,,,,,,,,,,,,,,,,,,,
Mason Stokke,CAR,FB,,,,,,,,,,,,,,,,,,,,,,,,,,,
Kenneth Harper,,RB,,,,,,,,,,,,,,,,,,,,,,,,,,,
Roydell Williams,,RB,,,,,,,,,,,,,,,,,,,,,,,,,,,
Damon Bankston,GB,RB,,,,,,,,,,,,,,,,,,,,,,,,,,,
Joe Bacci,,FB,,,,,,,,,,,,,,,,,,,,,,,,,,,
Michael Warren,DET,RB,,,,,,,,,,,,,,,,,,,,,,,,,,,
Noah Whittington,HOU,RB,,,,,,,,,,,,,,,,,,,,,,,,,,,
Mikey Daniel,,RB,,,,,,,,,,,,,,,,,,,,,,,,,,,
Breece Hall,NYJ,RB,,,,,,,,,,,,,,,,,,,,,,,,,,,
Napoleon Maxwell,,RB,,,,,,,,,,,,,,,,,,,,,,,,,,,
Zac Brooks,,RB,,,,,,,,,,,,,,,,,,,,,,,,,,,
Phil Mafah,NYG,RB,,,,,,,,,,,,,,,,,,,,,,,,,,,
Derek Watt,,FB,,,,,,,,,,,,,,,,,,,,,,,,,,,
DeAndre Washington,,RB,,,,,,,,,,,,,,,,,,,,,,,,,,,
CJ Marable,,RB,,,,,,,,,,,,,,,,,,,,,,,,,,,
Connor Slomka,,RB,,,,,,,,,,,,,,,,,,,,,,,,,,,
Alex Tecza,,RB,,,,,,,,,,,,,,,,,,,,,,,,,,,
Sam Scott,,RB,,,,,,,,,,,,,,,,,,,,,,,,,,,
Marlon Mack,,RB,,,,,,,,,,,,,,,,,,,,,,,,,,,
Larry Rountree,,RB,,,,,,,,,,,,,,,,,,,,,,,,,,,
TJ Harden,,RB,,,,,,,,,,,,,,,,,,,,,,,,,,,
Ahmani Marshall,CAR,RB,,,,,,,,,,,,,,,,,,,,,,,,,,,
Dalvin Cook,,RB,,,,,,,,,,,,,,,,,,,,,,,,,,,
Josh Pitsenburger,,RB,,,,,,,,,,,,,,,,,,,,,,,,,,,
Zach Zenner,,RB,,,,,,,,,,,,,,,,,,,,,,,,,,,
Chandler Cox,,FB,,,,,,,,,,,,,,,,,,,,,,,,,,,
Ulysses Bentley,,RB,,,,,,,,,,,,,,,,,,,,,,,,,,,
Tim Cook,,RB,,,,,,,,,,,,,,,,,,,,,,,,,,,
Devonta Freeman,,RB,,,,,,,,,,,,,,,,,,,,,,,,,,,
Rodney Smith,,RB,,,,,,,,,,,,,,,,,,,,,,,,,,,
Deuce Vaughn,,RB,,,,,,,,,,,,,,,,,,,,,,,,,,,
Braylon Heard,,RB,,,,,,,,,,,,,,,,,,,,,,,,,,,
Khalid Hill,,FB,,,,,,,,,,,,,,,,,,,,,,,,,,,
Cullen Gillaspia,,RB,,,,,,,,,,,,,,,,,,,,,,,,,,,
Corey Knox,,RB,,,,,,,,,,,,,,,,,,,,,,,,,,,
Zach Charbonnet,SEA,RB,,,,,,,,,,,,,,,,,,,,,,,,,,,
Josh Jacobs,GB,RB,,,,,,,,,,,,,,,,,,,,,,,,,,,
Tyler Ervin,,RB,,,,,,,,,,,,,,,,,,,,,,,,,,,
Cedric O'Neal,,RB,,,,,,,,,,,,,,,,,,,,,,,,,,,
Mekhi Sargent,,RB,,,,,,,,,,,,,,,,,,,,,,,,,,,
Wayne Gallman,,RB,,,,,,,,,,,,,,,,,,,,,,,,,,,
Dwayne Washington,,RB,,,,,,,,,,,,,,,,,,,,,,,,,,,
Patrick Laird,,RB,,,,,,,,,,,,,,,,,,,,,,,,,,,
Blake Watson,,RB,,,,,,,,,,,,,,,,,,,,,,,,,,,
Jalin Moore,,RB,,,,,,,,,,,,,,,,,,,,,,,,,,,
Isaiah Bowser,,RB,,,,,,,,,,,,,,,,,,,,,,,,,,,
Miles Sanders,,RB,,,,,,,,,,,,,,,,,,,,,,,,,,,
Corey Clement,,RB,,,,,,,,,,,,,,,,,,,,,,,,,,,
Godwin Igwebuike,,RB,,,,,,,,,,,,,,,,,,,,,,,,,,,
Elijah Dotson,,RB,,,,,,,,,,,,,,,,,,,,,,,,,,,
Jalen Jackson,,RB,,,,,,,,,,,,,,,,,,,,,,,,,,,
Desmond Reid,,RB,,,,,,,,,,,,,,,,,,,,,,,,,,,
Chris Collier,LV,RB,,,,,,,,,,,,,,,,,,,,,,,,,,,
EJ Smith,,RB,,,,,,,,,,,,,,,,,,,,,,,,,,,
Avery Williams,,RB,,,,,,,,,,,,,,,,,,,,,,,,,,,
Ty'Son Williams,,RB,,,,,,,,,,,,,,,,,,,,,,,,,,,
Jawhar Jordan,HOU,RB,,,,,,,,,,,,,,,,,,,,,,,,,,,
Zamir White,NO,RB,,,,,,,,,,,,,,,,,,,,,,,,,,,
Jamaal Williams,,RB,,,,,,,,,,,,,,,,,,,,,,,,,,,
ShunDerrick Powell,,RB,,,,,,,,,,,,,,,,,,,,,,,,,,,
Jordan Mims,,RB,,,,,,,,,,,,,,,,,,,,,,,,,,,
Leonard Fournette,,RB,,,,,,,,,,,,,,,,,,,,,,,,,,,
Jordon Vaughn,,RB,,,,,,,,,,,,,,,,,,,,,,,,,,,
Jakob Johnson,,FB,,,,,,,,,,,,,,,,,,,,,,,,,,,
Trent Howland,,RB,,,,,,,,,,,,,,,,,,,,,,,,,,,
Kamryn Pettway,,RB,,,,,,,,,,,,,,,,,,,,,,,,,,,
Dontae Strickland,,RB,,,,,,,,,,,,,,,,,,,,,,,,,,,
Kevorian Barnes,,RB,,,,,,,,,,,,,,,,,,,,,,,,,,,
Marcus Cooper,,RB,,,,,,,,,,,,,,,,,,,,,,,,,,,
Israel Abanikanda,DAL,RB,,,,,,,,,,,,,,,,,,,,,,,,,,,
Artavis Pierce,,RB,,,,,,,,,,,,,,,,,,,,,,,,,,,
Kobe Lewis,,RB,,,,,,,,,,,,,,,,,,,,,,,,,,,
Kadarius Calloway,,RB,,,,,,,,,,,,,,,,,,,,,,,,,,,
T.J. Logan,,RB,,,,,,,,,,,,,,,,,,,,,,,,,,,
Tayon Fleet-Davis,,RB,,,,,,,,,,,,,,,,,,,,,,,,,,,
Luke McNitt,,FB,,,,,,,,,,,,,,,,,,,,,,,,,,,
Robert Turbin,,RB,,,,,,,,,,,,,,,,,,,,,,,,,,,
Shermari Jones,,RB,,,,,,,,,,,,,,,,,,,,,,,,,,,
Rodney Anderson,,RB,,,,,,,,,,,,,,,,,,,,,,,,,,,
Ronnie Brown,,RB,,,,,,,,,,,,,,,,,,,,,,,,,,,
Sone Ntoh,,RB,,,,,,,,,,,,,,,,,,,,,,,,,,,
Brandon Ross,,RB,,,,,,,,,,,,,,,,,,,,,,,,,,,
Trey Potts,,RB,,,,,,,,,,,,,,,,,,,,,,,,,,,
Derrick Gore,,RB,,,,,,,,,,,,,,,,,,,,,,,,,,,
Pete Guerriero,,RB,,,,,,,,,,,,,,,,,,,,,,,,,,,
Elijhaa Penny,,RB,,,,,,,,,,,,,,,,,,,,,,,,,,,
Toriano Clinton,,RB,,,,,,,,,,,,,,,,,,,,,,,,,,,
Henry Poggi,,FB,,,,,,,,,,,,,,,,,,,,,,,,,,,
Jarquez Hunter,MIA,RB,,,,,,,,,,,,,,,,,,,,,,,,,,,
D.J. Williams,,RB,,,,,,,,,,,,,,,,,,,,,,,,,,,
Gabe Nabers,,FB,,,,,,,,,,,,,,,,,,,,,,,,,,,
Ramon Jefferson,,RB,,,,,,,,,,,,,,,,,,,,,,,,,,,
Dan Vitale,,FB,,,,,,,,,,,,,,,,,,,,,,,,,,,
Taquan Mizzell,NYG,RB,,,,,,,,,,,,,,,,,,,,,,,,,,,
Master Teague,,RB,,,,,,,,,,,,,,,,,,,,,,,,,,,
Keshawn Hill,,RB,,,,,,,,,,,,,,,,,,,,,,,,,,,
Ricky Person,,RB,,,,,,,,,,,,,,,,,,,,,,,,,,,
Rakeem Boyd,,RB,,,,,,,,,,,,,,,,,,,,,,,,,,,
Andy Janovich,,FB,,,,,,,,,,,,,,,,,,,,,,,,,,,
Nick Ralston,,RB,,,,,,,,,,,,,,,,,,,,,,,,,,,
Malik Davis,DAL,RB,,,,,,,,,,,,,,,,,,,,,,,,,,,
C.J. Prosise,,RB,,,,,,,,,,,,,,,,,,,,,,,,,,,
Devon Johnson,,RB,,,,,,,,,,,,,,,,,,,,,,,,,,,
Raheem Blackshear,,RB,,,,,,,,,,,,,,,,,,,,,,,,,,,
Dominic Richardson,,RB,,,,,,,,,,,,,,,,,,,,,,,,,,,
Taiwan Jones,,RB,,,,,,,,,,,,,,,,,,,,,,,,,,,
Terrell Jennings,,RB,,,,,,,,,,,,,,,,,,,,,,,,,,,
George Aston,,FB,,,,,,,,,,,,,,,,,,,,,,,,,,,
Malcolm Brown,,RB,,,,,,,,,,,,,,,,,,,,,,,,,,,
Dare Ogunbowale,HOU,RB,,,,,,,,,,,,,,,,,,,,,,,,,,,
T.J. Yeldon,,RB,,,,,,,,,,,,,,,,,,,,,,,,,,,
Kerrith Whyte,GB,RB,,,,,,,,,,,,,,,,,,,,,,,,,,,
Kareem Hunt,,RB,,,,,,,,,,,,,,,,,,,,,,,,,,,
Alstevis Squirewell,,RB,,,,,,,,,,,,,,,,,,,,,,,,,,,
Markese Stepp,,RB,,,,,,,,,,,,,,,,,,,,,,,,,,,
Ray Lawry,,RB,,,,,,,,,,,,,,,,,,,,,,,,,,,
Ross Scheuerman,,RB,,,,,,,,,,,,,,,,,,,,,,,,,,,
Daniel Marx,,FB,,,,,,,,,,,,,,,,,,,,,,,,,,,
Zonovan Knight,ARI,RB,,,,,,,,,,,,,,,,,,,,,,,,,,,
Troymaine Pope,,RB,,,,,,,,,,,,,,,,,,,,,,,,,,,
De'Mard Llorens,,RB,,,,,,,,,,,,,,,,,,,,,,,,,,,
Sherman Badie,,RB,,,,,,,,,,,,,,,,,,,,,,,,,,,
Jerrion Ealy,,RB,,,,,,,,,,,,,,,,,,,,,,,,,,,
Jamize Olawale,,FB,,,,,,,,,,,,,,,,,,,,,,,,,,,
Michael Wiley,,RB,,,,,,,,,,,,,,,,,,,,,,,,,,,
Javorius Allen,,RB,,,,,,,,,,,,,,,,,,,,,,,,,,,
Kye Robichaux,,RB,,,,,,,,,,,,,,,,,,,,,,,,,,,
Kyle Coleman,,FB,,,,,,,,,,,,,,,,,,,,,,,,,,,
Wayne Taulapapa,,RB,,,,,,,,,,,,,,,,,,,,,,,,,,,
Jonah Coleman,DEN,RB,,,,,,,,,,,,,,,,,,,,,,,,,,,
Luke Lundy,,RB,,,,,,,,,,,,,,,,,,,,,,,,,,,
Keilan Robinson,,RB,,,,,,,,,,,,,,,,,,,,,,,,,,,
De'Lance Turner,,RB,,,,,,,,,,,,,,,,,,,,,,,,,,,
Shaun Wilson,,RB,,,,,,,,,,,,,,,,,,,,,,,,,,,
Zach Evans,,RB,,,,,,,,,,,,,,,,,,,,,,,,,,,
Ervin Philips,,RB,,,,,,,,,,,,,,,,,,,,,,,,,,,
Chris Smith,,RB,,,,,,,,,,,,,,,,,,,,,,,,,,,
Lamar Miller,,RB,,,,,,,,,,,,,,,,,,,,,,,,,,,
Jordan Ellis,,RB,,,,,,,,,,,,,,,,,,,,,,,,,,,
Kalel Mullings,TEN,RB,,,,,,,,,,,,,,,,,,,,,,,,,,,
James White,,RB,,,,,,,,,,,,,,,,,,,,,,,,,,,
Bryce Love,,RB,,,,,,,,,,,,,,,,,,,,,,,,,,,
DJ Giddens,IND,RB,,,,,,,,,,,,,,,,,,,,,,,,,,,
Jaret Patterson,MIN,RB,,,,,,,,,,,,,,,,,,,,,,,,,,,
T.J. Pledger,,RB,,,,,,,,,,,,,,,,,,,,,,,,,,,
Clint Ratkovich,,FB,,,,,,,,,,,,,,,,,,,,,,,,,,,
Cam Akers,,RB,,,,,,,,,,,,,,,,,,,,,,,,,,,
Brandon Radcliff,,RB,,,,,,,,,,,,,,,,,,,,,,,,,,,
Jon Hilliman,,RB,,,,,,,,,,,,,,,,,,,,,,,,,,,
Jordan Johnson,,RB,,,,,,,,,,,,,,,,,,,,,,,,,,,
Dillon Johnson,,RB,,,,,,,,,,,,,,,,,,,,,,,,,,,
Chris Warren,,RB,,,,,,,,,,,,,,,,,,,,,,,,,,,
Justin Stockton,,RB,,,,,,,,,,,,,,,,,,,,,,,,,,,
Mike Davis,,RB,,,,,,,,,,,,,,,,,,,,,,,,,,,
Bo Scarbrough,,RB,,,,,,,,,,,,,,,,,,,,,,,,,,,
Jordan Nubin,,RB,,,,,,,,,,,,,,,,,,,,,,,,,,,
Mohamed Ibrahim,,RB,,,,,,,,,,,,,,,,,,,,,,,,,,,
James Butler,,RB,,,,,,,,,,,,,,,,,,,,,,,,,,,
Myles Gaskin,,RB,,,,,,,,,,,,,,,,,,,,,,,,,,,
Austin Walter,,RB,,,,,,,,,,,,,,,,,,,,,,,,,,,
LeSean McCoy,,RB,,,,,,,,,,,,,,,,,,,,,,,,,,,
Freddie Stevenson,,FB,,,,,,,,,,,,,,,,,,,,,,,,,,,
Mark Weisman,,RB,,,,,,,,,,,,,,,,,,,,,,,,,,,
Kentrel Bullock,CIN,RB,,,,,,,,,,,,,,,,,,,,,,,,,,,
Tre Harbison,,RB,,,,,,,,,,,,,,,,,,,,,,,,,,,
Ja'Quinden Jackson,,RB,,,,,,,,,,,,,,,,,,,,,,,,,,,
Robert Martin,,RB,,,,,,,,,,,,,,,,,,,,,,,,,,,
Frank Gore,BUF,RB,,,,,,,,,,,,,,,,,,,,,,,,,,,
Nick Bawden,,FB,,,,,,,,,,,,,,,,,,,,,,,,,,,
Carson Steele,PHI,RB,,,,,,,,,,,,,,,,,,,,,,,,,,,
Ty Chandler,NO,RB,,,,,,,,,,,,,,,,,,,,,,,,,,,
Ellis Merriweather,,RB,,,,,,,,,,,,,,,,,,,,,,,,,,,
Terry Swanson,,RB,,,,,,,,,,,,,,,,,,,,,,,,,,,
Jordan Chunn,,RB,,,,,,,,,,,,,,,,,,,,,,,,,,,
SaRodorick Thompson,,RB,,,,,,,,,,,,,,,,,,,,,,,,,,,
Qadree Ollison,,RB,,,,,,,,,,,,,,,,,,,,,,,,,,,
Gerald Holmes,,RB,,,,,,,,,,,,,,,,,,,,,,,,,,,
Hassan Haskins,,RB,,,,,,,,,,,,,,,,,,,,,,,,,,,
Damien Harris,,RB,,,,,,,,,,,,,,,,,,,,,,,,,,,
Daijun Edwards,,RB,,,,,,,,,,,,,,,,,,,,,,,,,,,
Jason Cabinda,,FB,,,,,,,,,,,,,,,,,,,,,,,,,,,
J'Mari Taylor,JAX,RB,,,,,,,,,,,,,,,,,,,,,,,,,,,
James Summers,,RB,,,,,,,,,,,,,,,,,,,,,,,,,,,
Joe Mixon,,RB,,,,,,,,,,,,,,,,,,,,,,,,,,,
Sewo Olonilua,,FB,,,,,,,,,,,,,,,,,,,,,,,,,,,
Michael Dyer,,RB,,,,,,,,,,,,,,,,,,,,,,,,,,,
Lawrance Toafili,,RB,,,,,,,,,,,,,,,,,,,,,,,,,,,
Josh Hokit,,FB,,,,,,,,,,,,,,,,,,,,,,,,,,,
Benny Snell,,RB,,,,,,,,,,,,,,,,,,,,,,,,,,,
Larry Rose,,RB,,,,,,,,,,,,,,,,,,,,,,,,,,,
Samson Evans,,RB,,,,,,,,,,,,,,,,,,,,,,,,,,,
Taj McGowan,,RB,,,,,,,,,,,,,,,,,,,,,,,,,,,
Jase McClellan,,RB,,,,,,,,,,,,,,,,,,,,,,,,,,,
Spencer Ware,,RB,,,,,,,,,,,,,,,,,,,,,,,,,,,
Royce Freeman,,RB,,,,,,,,,,,,,,,,,,,,,,,,,,,
Mark Thompson,,RB,,,,,,,,,,,,,,,,,,,,,,,,,,,
CJ Verdell,,RB,,,,,,,,,,,,,,,,,,,,,,,,,,,
Darren Sproles,,RB,,,,,,,,,,,,,,,,,,,,,,,,,,,
Tyler Renew,,RB,,,,,,,,,,,,,,,,,,,,,,,,,,,
Zack Moss,,RB,,,,,,,,,,,,,,,,,,,,,,,,,,,
Leddie Brown,,RB,,,,,,,,,,,,,,,,,,,,,,,,,,,
Kejon Owens,,RB,,,,,,,,,,,,,,,,,,,,,,,,,,,
Dylan Sampson,CLE,RB,,,,,,,,,,,,,,,,,,,,,,,,,,,
Jonathon Brooks,CAR,RB,,,,,,,,,,,,,,,,,,,,,,,,,,,
Carlos Washington,MIA,RB,,,,,,,,,,,,,,,,,,,,,,,,,,,
Darrin Laufasa,,FB,,,,,,,,,,,,,,,,,,,,,,,,,,,
Ryquell Armstead,,RB,,,,,,,,,,,,,,,,,,,,,,,,,,,
Noah Cain,,RB,,,,,,,,,,,,,,,,,,,,,,,,,,,
Bronson Rechsteiner,,RB,,,,,,,,,,,,,,,,,,,,,,,,,,,
Ricky Seale,,RB,,,,,,,,,,,,,,,,,,,,,,,,,,,
Zach Ojile,,FB,,,,,,,,,,,,,,,,,,,,,,,,,,,
Darwin Thompson,,RB,,,,,,,,,,,,,,,,,,,,,,,,,,,
Ronnie Rivers,LAR,RB,,,,,,,,,,,,,,,,,,,,,,,,,,,
Jarveon Howard,,RB,,,,,,,,,,,,,,,,,,,,,,,,,,,
Coleman Bennett,,RB,,,,,,,,,,,,,,,,,,,,,,,,,,,
Robert Burns,CHI,FB,,,,,,,,,,,,,,,,,,,,,,,,,,,
Giovani Bernard,,RB,,,,,,,,,,,,,,,,,,,,,,,,,,,
Stevie Scott,,RB,,,,,,,,,,,,,,,,,,,,,,,,,,,
Kobe McCrary,,RB,,,,,,,,,,,,,,,,,,,,,,,,,,,
Kylin Hill,,RB,,,,,,,,,,,,,,,,,,,,,,,,,,,
Stephen Houston,,RB,,,,,,,,,,,,,,,,,,,,,,,,,,,
Travis Etienne,NO,RB,,,,,,,,,,,,,,,,,,,,,,,,,,,
Zach Laskey,,RB,,,,,,,,,,,,,,,,,,,,,,,,,,,
Ricky Ortiz,,FB,,,,,,,,,,,,,,,,,,,,,,,,,,,
Deon Jackson,,RB,,,,,,,,,,,,,,,,,,,,,,,,,,,
Peyton Barber,,RB,,,,,,,,,,,,,,,,,,,,,,,,,,,
Lenard Tillery,,RB,,,,,,,,,,,,,,,,,,,,,,,,,,,
Josh Johnson,,RB,,,,,,,,,,,,,,,,,,,,,,,,,,,
Elijah Young,,RB,,,,,,,,,,,,,,,,,,,,,,,,,,,
Devwah Whaley,,RB,,,,,,,,,,,,,,,,,,,,,,,,,,,
L.J. Scott,,RB,,,,,,,,,,,,,,,,,,,,,,,,,,,
Eric Gray,CLE,RB,,,,,,,,,,,,,,,,,,,,,,,,,,,
Tony Brooks-James,,RB,,,,,,,,,,,,,,,,,,,,,,,,,,,
J.J. Taylor,,RB,,,,,,,,,,,,,,,,,,,,,,,,,,,
Julian Allen,,FB,,,,,,,,,,,,,,,,,,,,,,,,,,,
Keith Smith,,FB,,,,,,,,,,,,,,,,,,,,,,,,,,,
Henry Pearson,,FB,,,,,,,,,,,,,,,,,,,,,,,,,,,
Jordan Waters,LAR,RB,,,,,,,,,,,,,,,,,,,,,,,,,,,
Mark Walton,,RB,,,,,,,,,,,,,,,,,,,,,,,,,,,
DeAndre Torrey,,RB,,,,,,,,,,,,,,,,,,,,,,,,,,,
ZaQuandre White,,RB,,,,,,,,,,,,,,,,,,,,,,,,,,,
Dameon Pierce,PHI,RB,,,,,,,,,,,,,,,,,,,,,,,,,,,
Lorenzo Lingard,,RB,,,,,,,,,,,,,,,,,,,,,,,,,,,
Aaron Dykes,,RB,,,,,,,,,,,,,,,,,,,,,,,,,,,
Anthony Tyus,CAR,RB,,,,,,,,,,,,,,,,,,,,,,,,,,,
Justin Jackson,,RB,,,,,,,,,,,,,,,,,,,,,,,,,,,
Jaydn Ott,KC,RB,,,,,,,,,,,,,,,,,,,,,,,,,,,
Jacob Kibodi,,RB,,,,,,,,,,,,,,,,,,,,,,,,,,,
William Stanback,,RB,,,,,,,,,,,,,,,,,,,,,,,,,,,
Damien Martinez,,RB,,,,,,,,,,,,,,,,,,,,,,,,,,,
Sutton Smith,,FB,,,,,,,,,,,,,,,,,,,,,,,,,,,
Isaiah Jacobs,,RB,,,,,,,,,,,,,,,,,,,,,,,,,,,
Alfonzo Graham,,RB,,,,,,,,,,,,,,,,,,,,,,,,,,,
Eno Benjamin,,RB,,,,,,,,,,,,,,,,,,,,,,,,,,,
Damarea Crockett,,RB,,,,,,,,,,,,,,,,,,,,,,,,,,,
Trayveon Williams,,RB,,,,,,,,,,,,,,,,,,,,,,,,,,,
Scottie Phillips,,RB,,,,,,,,,,,,,,,,,,,,,,,,,,,
Tavien Feaster,ARI,RB,,,,,,,,,,,,,,,,,,,,,,,,,,,
Akrum Wadley,,RB,,,,,,,,,,,,,,,,,,,,,,,,,,,
Latavius Murray,,RB,,,,,,,,,,,,,,,,,,,,,,,,,,,
Brian Hill,,RB,,,,,,,,,,,,,,,,,,,,,,,,,,,
La'Damian Webb,,RB,,,,,,,,,,,,,,,,,,,,,,,,,,,
Terrence Franks,,RB,,,,,,,,,,,,,,,,,,,,,,,,,,,
Nathaniel Peat,,RB,,,,,,,,,,,,,,,,,,,,,,,,,,,
Aidan Robbins,,RB,,,,,,,,,,,,,,,,,,,,,,,,,,,
Travis Dye,,RB,,,,,,,,,,,,,,,,,,,,,,,,,,,
Brittain Brown,CHI,RB,,,,,,,,,,,,,,,,,,,,,,,,,,,
Lan Larison,NE,RB,,,,,,,,,,,,,,,,,,,,,,,,,,,
Jonathan Ward,BAL,RB,,,,,,,,,,,,,,,,,,,,,,,,,,,
Rodney Hammond,,RB,,,,,,,,,,,,,,,,,,,,,,,,,,,
Tyreik McAllister,,RB,,,,,,,,,,,,,,,,,,,,,,,,,,,
John Lovett,,RB,,,,,,,,,,,,,,,,,,,,,,,,,,,
Qualan Jones,,RB,,,,,,,,,,,,,,,,,,,,,,,,,,,
Patrick Taylor,,RB,,,,,,,,,,,,,,,,,,,,,,,,,,,
Trenton Cannon,,RB,,,,,,,,,,,,,,,,,,,,,,,,,,,
Trevor Etienne,CAR,RB,,,,,,,,,,,,,,,,,,,,,,,,,,,
Jordan Scarlett,MIA,RB,,,,,,,,,,,,,,,,,,,,,,,,,,,
Sony Michel,,RB,,,,,,,,,,,,,,,,,,,,,,,,,,,
Anthony Sherman,,RB,,,,,,,,,,,,,,,,,,,,,,,,,,,
Justin Strong,,RB,,,,,,,,,,,,,,,,,,,,,,,,,,,
Darrel Williams,,RB,,,,,,,,,,,,,,,,,,,,,,,,,,,
Adrian Peterson,,RB,,,,,,,,,,,,,,,,,,,,,,,,,,,
Monte Pottebaum,,FB,,,,,,,,,,,,,,,,,,,,,,,,,,,
Gary Brightwell,,RB,,,,,,,,,,,,,,,,,,,,,,,,,,,
Ronald Jones,,RB,,,,,,,,,,,,,,,,,,,,,,,,,,,
Khalfani Muhammad,,RB,,,,,,,,,,,,,,,,,,,,,,,,,,,
Bobby Holly,,FB,,,,,,,,,,,,,,,,,,,,,,,,,,,
Valentine Holmes,,RB,,,,,,,,,,,,,,,,,,,,,,,,,,,
Devontae Jackson,,RB,,,,,,,,,,,,,,,,,,,,,,,,,,,
Timothy Flanders,,RB,,,,,,,,,,,,,,,,,,,,,,,,,,,
Terrell Newby,,RB,,,,,,,,,,,,,,,,,,,,,,,,,,,
Jordan Terrell,,RB,,,,,,,,,,,,,,,,,,,,,,,,,,,
Bilal Powell,,RB,,,,,,,,,,,,,,,,,,,,,,,,,,,
Reggie Bonnafon,,RB,,,,,,,,,,,,,,,,,,,,,,,,,,,
Abram Smith,,RB,,,,,,,,,,,,,,,,,,,,,,,,,,,
Javian Hawkins,,RB,,,,,,,,,,,,,,,,,,,,,,,,,,,
Jalen White,,RB,,,,,,,,,,,,,,,,,,,,,,,,,,,
Tyler McCloskey,,RB,,,,,,,,,,,,,,,,,,,,,,,,,,,
James Develin,,FB,,,,,,,,,,,,,,,,,,,,,,,,,,,
Anderson Castle,,RB,,,,,,,,,,,,,,,,,,,,,,,,,,,
Jaden Shirden,,RB,,,,,,,,,,,,,,,,,,,,,,,,,,,
De'Chavon Hayes,,RB,,,,,,,,,,,,,,,,,,,,,,,,,,,
Tra Carson,,RB,,,,,,,,,,,,,,,,,,,,,,,,,,,
Toa Taua,,RB,,,,,,,,,,,,,,,,,,,,,,,,,,,
B.J. Emmons,,RB,,,,,,,,,,,,,,,,,,,,,,,,,,,
Al-Jay Henderson,NYJ,RB,,,,,,,,,,,,,,,,,,,,,,,,,,,
Zavier Scott,CHI,RB,,,,,,,,,,,,,,,,,,,,,,,,,,,
Cash Jones,ATL,RB,,,,,,,,,,,,,,,,,,,,,,,,,,,
Bruce Miller,,FB,,,,,,,,,,,,,,,,,,,,,,,,,,,
Jalen Simmons,,RB,,,,,,,,,,,,,,,,,,,,,,,,,,,
Jaylen Samuels,,RB,,,,,,,,,,,,,,,,,,,,,,,,,,,
Isaiah Spiller,,RB,,,,,,,,,,,,,,,,,,,,,,,,,,,
Anthony Hankerson,,RB,,,,,,,,,,,,,,,,,,,,,,,,,,,
Rodney Smith,,RB,,,,,,,,,,,,,,,,,,,,,,,,,,,
Bryant Koback,,RB,,,,,,,,,,,,,,,,,,,,,,,,,,,
C.J. Ham,,FB,,,,,,,,,,,,,,,,,,,,,,,,,,,
Brock Lampe,BUF,FB,,,,,,,,,,,,,,,,,,,,,,,,,,,
Raheem Mostert,,RB,,,,,,,,,,,,,,,,,,,,,,,,,,,
DeWayne McBride,,RB,,,,,,,,,,,,,,,,,,,,,,,,,,,
Nick Brossette,,RB,,,,,,,,,,,,,,,,,,,,,,,,,,,
Stanley Williams,,RB,,,,,,,,,,,,,,,,,,,,,,,,,,,
Jaydon Blue,PHI,RB,,,,,,,,,,,,,,,,,,,,,,,,,,,
Tyler Hoosman,,RB,,,,,,,,,,,,,,,,,,,,,,,,,,,
Desmond Martin,,RB,,,,,,,,,,,,,,,,,,,,,,,,,,,
Jackson Acker,,FB,,,,,,,,,,,,,,,,,,,,,,,,,,,
Devin Neal,MIN,RB,,,,,,,,,,,,,,,,,,,,,,,,,,,
Wes Hills,,RB,,,,,,,,,,,,,,,,,,,,,,,,,,,
Joshua Pitsenberger,,RB,,,,,,,,,,,,,,,,,,,,,,,,,,,
Jacques Patrick,,RB,,,,,,,,,,,,,,,,,,,,,,,,,,,
Dante Miller,,RB,,,,,,,,,,,,,,,,,,,,,,,,,,,
Jamal Haynes,,RB,,,,,,,,,,,,,,,,,,,,,,,,,,,
Jalen Richard,LV,RB,,,,,,,,,,,,,,,,,,,,,,,,,,,
Jam Miller,,RB,,,,,,,,,,,,,,,,,,,,,,,,,,,
Gus Edwards,,RB,,,,,,,,,,,,,,,,,,,,,,,,,,,
Amar Johnson,LAC,RB,,,,,,,,,,,,,,,,,,,,,,,,,,,
Andrew Bonnet,,FB,,,,,,,,,,,,,,,,,,,,,,,,,,,
D'Vonte Price,,RB,,,,,,,,,,,,,,,,,,,,,,,,,,,
Trey Ragas,,RB,,,,,,,,,,,,,,,,,,,,,,,,,,,
Anthony McFarland,,RB,,,,,,,,,,,,,,,,,,,,,,,,,,,
Duke Johnson,,RB,,,,,,,,,,,,,,,,,,,,,,,,,,,
Dontrell Hilliard,,RB,,,,,,,,,,,,,,,,,,,,,,,,,,,
De'Von Achane,MIA,RB,,,,,,,,,,,,,,,,,,,,,,,,,,,
C.J. Anderson,,RB,,,,,,,,,,,,,,,,,,,,,,,,,,,
Nathan Cottrell,,RB,,,,,,,,,,,,,,,,,,,,,,,,,,,
Quayvon Hicks,,RB,,,,,,,,,,,,,,,,,,,,,,,,,,,
Keaontay Ingram,,RB,,,,,,,,,,,,,,,,,,,,,,,,,,,
Khalan Laborn,,RB,,,,,,,,,,,,,,,,,,,,,,,,,,,
David Fluellen,,RB,,,,,,,,,,,,,,,,,,,,,,,,,,,
Elijah Holyfield,,RB,,,,,,,,,,,,,,,,,,,,,,,,,,,
Aca'Cedric Ware,,RB,,,,,,,,,,,,,,,,,,,,,,,,,,,
Roosevelt Nix,,FB,,,,,,,,,,,,,,,,,,,,,,,,,,,
Alfred Morris,,RB,,,,,,,,,,,,,,,,,,,,,,,,,,,
Kerryon Johnson,,RB,,,,,,,,,,,,,,,,,,,,,,,,,,,
James Robinson,,RB,,,,,,,,,,,,,,,,,,,,,,,,,,,
Mataeo Durant,,RB,,,,,,,,,,,,,,,,,,,,,,,,,,,
Chris Carson,,RB,,,,,,,,,,,,,,,,,,,,,,,,,,,
Ronald Awatt,,RB,,,,,,,,,,,,,,,,,,,,,,,,,,,
Alex Barnes,,RB,,,,,,,,,,,,,,,,,,,,,,,,,,,
Zach Line,,FB,,,,,,,,,,,,,,,,,,,,,,,,,,,
Connor Neighbors,,RB,,,,,,,,,,,,,,,,,,,,,,,,,,,
Lee Ward,,RB,,,,,,,,,,,,,,,,,,,,,,,,,,,
Rashaad Penny,,RB,,,,,,,,,,,,,,,,,,,,,,,,,,,
Buddy Howell,,RB,,,,,,,,,,,,,,,,,,,,,,,,,,,
Terion Stewart,,RB,,,,,,,,,,,,,,,,,,,,,,,,,,,
Zander Horvath,,RB,,,,,,,,,,,,,,,,,,,,,,,,,,,
TD Ayo-Durojaiye,,RB,,,,,,,,,,,,,,,,,,,,,,,,,,,
Sincere McCormick,SF,RB,,,,,,,,,,,,,,,,,,,,,,,,,,,
Matt Colburn,,RB,,,,,,,,,,,,,,,,,,,,,,,,,,,
Tiyon Evans,,RB,,,,,,,,,,,,,,,,,,,,,,,,,,,
Malik Williams,,RB,,,,,,,,,,,,,,,,,,,,,,,,,,,
Josh Williams,TB,RB,,,,,,,,,,,,,,,,,,,,,,,,,,,
Barika Kpeenu,,RB,,,,,,,,,,,,,,,,,,,,,,,,,,,
Antonio Gibson,,RB,,,,,,,,,,,,,,,,,,,,,,,,,,,
Ezekiel Elliott,,RB,,,,,,,,,,,,,,,,,,,,,,,,,,,
Roman Hemby,LV,RB,,,,,,,,,,,,,,,,,,,,,,,,,,,
James Gilbert,,RB,,,,,,,,,,,,,,,,,,,,,,,,,,,
Tony Creecy,,RB,,,,,,,,,,,,,,,,,,,,,,,,,,,
Marcus Marshall,,RB,,,,,,,,,,,,,,,,,,,,,,,,,,,
Joshua Kelley,,RB,,,,,,,,,,,,,,,,,,,,,,,,,,,
Davon Booth,IND,RB,,,,,,,,,,,,,,,,,,,,,,,,,,,
Adam Choice,,RB,,,,,,,,,,,,,,,,,,,,,,,,,,,
Camerun Peoples,,RB,,,,,,,,,,,,,,,,,,,,,,,,,,,
Darrell Henderson,,RB,,,,,,,,,,,,,,,,,,,,,,,,,,,
Ian Wheeler,,RB,,,,,,,,,,,,,,,,,,,,,,,,,,,
Darius Victor,,RB,,,,,,,,,,,,,,,,,,,,,,,,,,,
Damien Williams,,RB,,,,,,,,,,,,,,,,,,,,,,,,,,,
Kennedy Brooks,,RB,,,,,,,,,,,,,,,,,,,,,,,,,,,
Kevin Marks,,RB,,,,,,,,,,,,,,,,,,,,,,,,,,,
Tevin Coleman,,RB,,,,,,,,,,,,,,,,,,,,,,,,,,,
Keith Marshall,,RB,,,,,,,,,,,,,,,,,,,,,,,,,,,
Jake Funk,,RB,,,,,,,,,,,,,,,,,,,,,,,,,,,
BJ Baylor,,RB,,,,,,,,,,,,,,,,,,,,,,,,,,,
Matt Breida,,RB,,,,,,,,,,,,,,,,,,,,,,,,,,,
Romar Morris,,RB,,,,,,,,,,,,,,,,,,,,,,,,,,,
Elijah McGuire,KC,RB,,,,,,,,,,,,,,,,,,,,,,,,,,,
Charles McClelland,,RB,,,,,,,,,,,,,,,,,,,,,,,,,,,
Austin Ramesh,,FB,,,,,,,,,,,,,,,,,,,,,,,,,,,
Otis Anderson,,RB,,,,,,,,,,,,,,,,,,,,,,,,,,,
Will Ratelle,,FB,,,,,,,,,,,,,,,,,,,,,,,,,,,
Dedrick Mills,,RB,,,,,,,,,,,,,,,,,,,,,,,,,,,
Josh Caldwell,,RB,,,,,,,,,,,,,,,,,,,,,,,,,,,
Karan Higdon,,RB,,,,,,,,,,,,,,,,,,,,,,,,,,,
JaMycal Hasty,,RB,,,,,,,,,,,,,,,,,,,,,,,,,,,
Jonathan Williams,,RB,,,,,,,,,,,,,,,,,,,,,,,,,,,
Trestan Ebner,,RB,,,,,,,,,,,,,,,,,,,,,,,,,,,
Grant Finley,NYG,FB,,,,,,,,,,,,,,,,,,,,,,,,,,,
Robbie Ouzts,SEA,RB,,,,,,,,,,,,,,,,,,,,,,,,,,,
Louis Rees-Zammit,,RB,,,,,,,,,,,,,,,,,,,,,,,,,,,
D'Ernest Johnson,,RB,,,,,,,,,,,,,,,,,,,,,,,,,,,
Jerome Ford,MIN,RB,,,,,,,,,,,,,,,,,,,,,,,,,,,
Trey Millard,,RB,,,,,,,,,,,,,,,,,,,,,,,,,,,
Ke'Shawn Vaughn,,RB,,,,,,,,,,,,,,,,,,,,,,,,,,,
Tony Jones,,RB,,,,,,,,,,,,,,,,,,,,,,,,,,,
Evan Hull,ARI,RB,,,,,,,,,,,,,,,,,,,,,,,,,,,
Jordan Jones,,FB,,,,,,,,,,,,,,,,,,,,,,,,,,,
Nay'Quan Wright,,RB,,,,,,,,,,,,,,,,,,,,,,,,,,,
Marcus Martin,,RB,,,,,,,,,,,,,,,,,,,,,,,,,,,
Marshawn Lynch,,RB,,,,,,,,,,,,,,,,,,,,,,,,,,,
Darrius Sims,,RB,,,,,,,,,,,,,,,,,,,,,,,,,,,
Ryan Nall,,RB,,,,,,,,,,,,,,,,,,,,,,,,,,,
Owen Wright,,RB,,,,,,,,,,,,,,,,,,,,,,,,,,,
Kenjon Barner,,RB,,,,,,,,,,,,,,,,,,,,,,,,,,,
Spencer Brown,,RB,,,,,,,,,,,,,,,,,,,,,,,,,,,
Dominique Brown,,RB,,,,,,,,,,,,,,,,,,,,,,,,,,,
Mike Weber,,RB,,,,,,,,,,,,,,,,,,,,,,,,,,,
Khari Blasingame,,FB,,,,,,,,,,,,,,,,,,,,,,,,,,,
Frank Gore,,RB,,,,,,,,,,,,,,,,,,,,,,,,,,,
Brian Herrien,,RB,,,,,,,,,,,,,,,,,,,,,,,,,,,
Velus Jones,SEA,WR,,,,,,,,,,,,,,,,,,,,,,,,,,,
Jerick McKinnon,,RB,,,,,,,,,,,,,,,,,,,,,,,,,,,
Dylan McDuffie,,RB,,,,,,,,,,,,,,,,,,,,,,,,,,,
Jason Huntley,,RB,,,,,,,,,,,,,,,,,,,,,,,,,,,
Devine Redding,,RB,,,,,,,,,,,,,,,,,,,,,,,,,,,
LeVante Bellamy,,RB,,,,,,,,,,,,,,,,,,,,,,,,,,,
A.J. Ouellette,,RB,,,,,,,,,,,,,,,,,,,,,,,,,,,
Alex Armah,,FB,,,,,,,,,,,,,,,,,,,,,,,,,,,
Darius Bradwell,,RB,,,,,,,,,,,,,,,,,,,,,,,,,,,
Cody Schrader,DEN,RB,,,,,,,,,,,,,,,,,,,,,,,,,,,
Rajion Neal,,RB,,,,,,,,,,,,,,,,,,,,,,,,,,,
Jake Bargas,,FB,,,,,,,,,,,,,,,,,,,,,,,,,,,
Dalton Crossan,,RB,,,,,,,,,,,,,,,,,,,,,,,,,,,
Elijah Tau-Tolliver,,RB,,,,,,,,,,,,,,,,,,,,,,,,,,,
Lucas Scott,,FB,,,,,,,,,,,,,,,,,,,,,,,,,,,
Mike Boone,,RB,,,,,,,,,,,,,,,,,,,,,,,,,,,
Christian Powell,,RB,,,,,,,,,,,,,,,,,,,,,,,,,,,
John Kelly,,RB,,,,,,,,,,,,,,,,,,,,,,,,,,,
Hassan Hall,,RB,,,,,,,,,,,,,,,,,,,,,,,,,,,
Dexter Williams,,RB,,,,,,,,,,,,,,,,,,,,,,,,,,,
Elijah Collins,,RB,,,,,,,,,,,,,,,,,,,,,,,,,,,
Snoop Conner,,RB,,,,,,,,,,,,,,,,,,,,,,,,,,,
Alexander Mattison,,RB,,,,,,,,,,,,,,,,,,,,,,,,,,,
Mathieu Severance,,RB,,,,,,,,,,,,,,,,,,,,,,,,,,,
Dontae McMillan,,RB,,,,,,,,,,,,,,,,,,,,,,,,,,,
Raymond Calais,,RB,,,,,,,,,,,,,,,,,,,,,,,,,,,
Gregory Desrosiers,LAC,RB,,,,,,,,,,,,,,,,,,,,,,,,,,,
Greg Bell,,RB,,,,,,,,,,,,,,,,,,,,,,,,,,,
Jordan Mason,MIN,RB,,,,,,,,,,,,,,,,,,,,,,,,,,,
Craig Reynolds,WAS,RB,,,,,,,,,,,,,,,,,,,,,,,,,,,
Shane Watts,,RB,,,,,,,,,,,,,,,,,,,,,,,,,,,
Cameron Scarlett,,RB,,,,,,,,,,,,,,,,,,,,,,,,,,,
Max Borghi,,RB,,,,,,,,,,,,,,,,,,,,,,,,,,,
Cordarrelle Patterson,,RB,,,,,,,,,,,,,,,,,,,,,,,,,,,
Nick Chubb,,RB,,,,,,,,,,,,,,,,,,,,,,,,,,,
Kenneth Dixon,,RB,,,,,,,,,,,,,,,,,,,,,,,,,,,
Tre Stewart,,RB,,,,,,,,,,,,,,,,,,,,,,,,,,,
Chris Thompson,,RB,,,,,,,,,,,,,,,,,,,,,,,,,,,
Trent Battle,,RB,,,,,,,,,,,,,,,,,,,,,,,,,,,
Jeremy Cox,,RB,,,,,,,,,,,,,,,,,,,,,,,,,,,
Garrett Groshek,,RB,,,,,,,,,,,,,,,,,,,,,,,,,,,
Nate Carter,KC,RB,,,,,,,,,,,,,,,,,,,,,,,,,,,
Jermar Jefferson,,RB,,,,,,,,,,,,,,,,,,,,,,,,,,,
Tyrion Davis-Price,,RB,,,,,,,,,,,,,,,,,,,,,,,,,,,
Michael Carter,TEN,RB,,,,,,,,,,,,,,,,,,,,,,,,,,,
Nyheim Miller-Hines,,RB,,,,,,,,,,,,,,,,,,,,,,,,,,,
Trey Edmunds,,RB,,,,,,,,,,,,,,,,,,,,,,,,,,,
Soma Vainuku,,RB,,,,,,,,,,,,,,,,,,,,,,,,,,,
James Conner,ARI,RB,,,,,,,,,,,,,,,,,,,,,,,,,,,
Matt Colburn,,RB,,,,,,,,,,,,,,,,,,,,,,,,,,,
Nick Sharga,,FB,,,,,,,,,,,,,,,,,,,,,,,,,,,
Joe Williams,,RB,,,,,,,,,,,,,,,,,,,,,,,,,,,
Troy Hairston,,RB,,,,,,,,,,,,,,,,,,,,,,,,,,,
Kayron Lynch-Adams,,RB,,,,,,,,,,,,,,,,,,,,,,,,,,,
Jeremy McNichols,WAS,RB,,,,,,,,,,,,,,,,,,,,,,,,,,,
Deneric Prince,,RB,,,,,,,,,,,,,,,,,,,,,,,,,,,
Synjyn Days,,RB,,,,,,,,,,,,,,,,,,,,,,,,,,,
Connor Harris,,FB,,,,,,,,,,,,,,,,,,,,,,,,,,,
Patrick Carr,,RB,,,,,,,,,,,,,,,,,,,,,,,,,,,
Kalen Ballage,,RB,,,,,,,,,,,,,,,,,,,,,,,,,,,
Gerrid Doaks,,RB,,,,,,,,,,,,,,,,,,,,,,,,,,,
Ty Montgomery,,RB,,,,,,,,,,,,,,,,,,,,,,,,,,,
Darrin Hall,,RB,,,,,,,,,,,,,,,,,,,,,,,,,,,
Quali Conley,,RB,,,,,,,,,,,,,,,,,,,,,,,,,,,
Gus Johnson,,RB,,,,,,,,,,,,,,,,,,,,,,,,,,,
D'Onta Foreman,,RB,,,,,,,,,,,,,,,,,,,,,,,,,,,
Spencer Nigh,,FB,,,,,,,,,,,,,,,,,,,,,,,,,,,
Montrell Johnson,,RB,,,,,,,,,,,,,,,,,,,,,,,,,,,
Sam Rogers,,FB,,,,,,,,,,,,,,,,,,,,,,,,,,,
Myles Montgomery,NE,RB,,,,,,,,,,,,,,,,,,,,,,,,,,,
Marcus Yarns,,RB,,,,,,,,,,,,,,,,,,,,,,,,,,,
Trayone Gray,,RB,,,,,,,,,,,,,,,,,,,,,,,,,,,
Jay Ajayi,,RB,,,,,,,,,,,,,,,,,,,,,,,,,,,
Christopher Ezeala,,RB,,,,,,,,,,,,,,,,,,,,,,,,,,,
Kevin Harris,,RB,,,,,,,,,,,,,,,,,,,,,,,,,,,
Mark Ingram,,RB,,,,,,,,,,,,,,,,,,,,,,,,,,,
Todd Gurley,,RB,,,,,,,,,,,,,,,,,,,,,,,,,,,
Demetric Felton,,RB,,,,,,,,,,,,,,,,,,,,,,,,,,,
Brandon Brown-Dukes,,RB,,,,,,,,,,,,,,,,,,,,,,,,,,,
Trey Benson,ARI,RB,,,,,,,,,,,,,,,,,,,,,,,,,,,
Brady Russell,SEA,RB,,,,,,,,,,,,,,,,,,,,,,,,,,,
Anthony Grant,,RB,,,,,,,,,,,,,,,,,,,,,,,,,,,
Benny LeMay,CLE,RB,,,,,,,,,,,,,,,,,,,,,,,,,,,
Josh Adams,,RB,,,,,,,,,,,,,,,,,,,,,,,,,,,
Patrick DiMarco,,FB,,,,,,,,,,,,,,,,,,,,,,,,,,,
Jawon Chisholm,,RB,,,,,,,,,,,,,,,,,,,,,,,,,,,
Isiah Pacheco,DET,RB,,,,,,,,,,,,,,,,,,,,,,,,,,,
Kairee Robinson,,RB,,,,,,,,,,,,,,,,,,,,,,,,,,,
Titus Swen,,RB,,,,,,,,,,,,,,,,,,,,,,,,,,,
Rushawn Baker,,RB,,,,,,,,,,,,,,,,,,,,,,,,,,,
Tarik Cohen,,RB,,,,,,,,,,,,,,,,,,,,,,,,,,,
Senorise Perry,,RB,,,,,,,,,,,,,,,,,,,,,,,,,,,
Brenden Knox,,RB,,,,,,,,,,,,,,,,,,,,,,,,,,,
Shane Wimann,,RB,,,,,,,,,,,,,,,,,,,,,,,,,,,
Carlos Hyde,,RB,,,,,,,,,,,,,,,,,,,,,,,,,,,
Adrian Killins,DEN,RB,,,,,,,,,,,,,,,,,,,,,,,,,,,
DeaMonte Trayanum,NYJ,RB,,,,,,,,,,,,,,,,,,,,,,,,,,,
Jeff Wilson,,RB,,,,,,,,,,,,,,,,,,,,,,,,,,,
Nico Evans,,RB,,,,,,,,,,,,,,,,,,,,,,,,,,,
Deion Hankins,,RB,,,,,,,,,,,,,,,,,,,,,,,,,,,
Martez Carter,,RB,,,,,,,,,,,,,,,,,,,,,,,,,,,
Johnny Stanton,,FB,,,,,,,,,,,,,,,,,,,,,,,,,,,
Ben VanSumeren,KC,RB,,,,,,,,,,,,,,,,,,,,,,,,,,,
Devine Ozigbo,,RB,,,,,,,,,,,,,,,,,,,,,,,,,,,
Robert Burns,,RB,,,,,,,,,,,,,,,,,,,,,,,,,,,
Devontae Booker,,RB,,,,,,,,,,,,,,,,,,,,,,,,,,,
Elijah Mitchell,,RB,,,,,,,,,,,,,,,,,,,,,,,,,,,
Dylan Devezin,,RB,,,,,,,,,,,,,,,,,,,,,,,,,,,
Josh Rounds,,RB,,,,,,,,,,,,,,,,,,,,,,,,,,,
Jabari Small,DET,RB,,,,,,,,,,,,,,,,,,,,,,,,,,,
Rushel Shell,,RB,,,,,,,,,,,,,,,,,,,,,,,,,,,
Ito Smith,DAL,RB,,,,,,,,,,,,,,,,,,,,,,,,,,,
Marshaun Coprich,,RB,,,,,,,,,,,,,,,,,,,,,,,,,,,
Phillip Lindsay,,RB,,,,,,,,,,,,,,,,,,,,,,,,,,,
I'Tavius Mathers,,RB,,,,,,,,,,,,,,,,,,,,,,,,,,,
Marcus Major,,RB,,,,,,,,,,,,,,,,,,,,,,,,,,,
J.D. McKissic,,RB,,,,,,,,,,,,,,,,,,,,,,,,,,,
Austin Jones,,RB,,,,,,,,,,,,,,,,,,,,,,,,,,,
Xavier Jones,,RB,,,,,,,,,,,,,,,,,,,,,,,,,,,
Miles Davis,,RB,,,,,,,,,,,,,,,,,,,,,,,,,,,
Darrynton Evans,,RB,,,,,,,,,,,,,,,,,,,,,,,,,,,
David Johnson,,RB,,,,,,,,,,,,,,,,,,,,,,,,,,,
Travon McMillian,,RB,,,,,,,,,,,,,,,,,,,,,,,,,,,
Julius Davis,,RB,,,,,,,,,,,,,,,,,,,,,,,,,,,
Clyde Edwards-Helaire,,RB,,,,,,,,,,,,,,,,,,,,,,,,,,,
Jacardia Wright,SEA,RB,,,,,,,,,,,,,,,,,,,,,,,,,,,
Derrius Guice,,RB,,,,,,,,,,,,,,,,,,,,,,,,,,,
Sandro Platzgummer,,RB,,,,,,,,,,,,,,,,,,,,,,,,,,,
Michael Burton,CLE,FB,,,,,,,,,,,,,,,,,,,,,,,,,,,
Ryan Mueller,,FB,,,,,,,,,,,,,,,,,,,,,,,,,,,
Khalil Herbert,ATL,RB,,,,,,,,,,,,,,,,,,,,,,,,,,,
Tory Carter,,FB,,,,,,,,,,,,,,,,,,,,,,,,,,,
Brandon Bolden,,RB,,,,,,,,,,,,,,,,,,,,,,,,,,,
Darnell Holland,,RB,,,,,,,,,,,,,,,,,,,,,,,,,,,
Corey Taylor,,RB,,,,,,,,,,,,,,,,,,,,,,,,,,,
Marquis Young,,RB,,,,,,,,,,,,,,,,,,,,,,,,,,,
Sione Houma,,RB,,,,,,,,,,,,,,,,,,,,,,,,,,,
Andrew Beck,NYJ,RB,,,,,,,,,,,,,,,,,,,,,,,,,,,
Chris Evans,,RB,,,,,,,,,,,,,,,,,,,,,,,,,,,
Christian Wade,,RB,,,,,,,,,,,,,,,,,,,,,,,,,,,
Jahwan Edwards,,RB,,,,,,,,,,,,,,,,,,,,,,,,,,,
Bruce Anderson,,RB,,,,,,,,,,,,,,,,,,,,,,,,,,,
Michael Herzog,,RB,,,,,,,,,,,,,,,,,,,,,,,,,,,
Emani Bailey,,RB,,,,,,,,,,,,,,,,,,,,,,,,,,,
Ja'Quan Gardner,,RB,,,,,,,,,,,,,,,,,,,,,,,,,,,
John David Moore,,RB,,,,,,,,,,,,,,,,,,,,,,,,,,,
Robert Henry,WAS,RB,,,,,,,,,,,,,,,,,,,,,,,,,,,
Khalid Abdullah,,RB,,,,,,,,,,,,,,,,,,,,,,,,,,,
JaQuan Hardy,,RB,,,,,,,,,,,,,,,,,,,,,,,,,,,
Jashaun Corbin,,RB,,,,,,,,,,,,,,,,,,,,,,,,,,,
Jaden Nixon,,RB,,,,,,,,,,,,,,,,,,,,,,,,,,,
Calvin Tyler,,RB,,,,,,,,,,,,,,,,,,,,,,,,,,,
Ronald Jones,,RB,,,,,,,,,,,,,,,,,,,,,,,,,,,
Xazavian Valladay,,RB,,,,,,,,,,,,,,,,,,,,,,,,,,,
Justin Crawford,,RB,,,,,,,,,,,,,,,,,,,,,,,,,,,
Audric Estime,MIN,RB,,,,,,,,,,,,,,,,,,,,,,,,,,,
Joel Bouagnon,,RB,,,,,,,,,,,,,,,,,,,,,,,,,,,
Javon Leake,,RB,,,,,,,,,,,,,,,,,,,,,,,,,,,
Darius Clark,,RB,,,,,,,,,,,,,,,,,,,,,,,,,,,
Trey Sermon,ATL,RB,,,,,,,,,,,,,,,,,,,,,,,,,,,
Paul Perkins,,RB,,,,,,,,,,,,,,,,,,,,,,,,,,,
Rasheed Williams,,RB,,,,,,,,,,,,,,,,,,,,,,,,,,,
Dion Lewis,,RB,,,,,,,,,,,,,,,,,,,,,,,,,,,
Adam Prentice,DEN,FB,,,,,,,,,,,,,,,,,,,,,,,,,,,
Justin Jones,,RB,,,,,,,,,,,,,,,,,,,,,,,,,,,
Pierre Strong,GB,RB,,,,,,,,,,,,,,,,,,,,,,,,,,,
Algernon Brown,,FB,,,,,,,,,,,,,,,,,,,,,,,,,,,
La'Mical Perine,,RB,,,,,,,,,,,,,,,,,,,,,,,,,,,
Brandon Cottom,,RB,,,,,,,,,,,,,,,,,,,,,,,,,,,
Theo Riddick,,RB,,,,,,,,,,,,,,,,,,,,,,,,,,,
Kalif Phillips,,RB,,,,,,,,,,,,,,,,,,,,,,,,,,,
Josh Ferguson,,RB,,,,,,,,,,,,,,,,,,,,,,,,,,,
Jordan Wilkins,,RB,,,,,,,,,,,,,,,,,,,,,,,,,,,
Deshaun Fenwick,,RB,,,,,,,,,,,,,,,,,,,,,,,,,,,
Lincoln Pare,,RB,,,,,,,,,,,,,,,,,,,,,,,,,,,
Demario Richard,,RB,,,,,,,,,,,,,,,,,,,,,,,,,,,
Rex Burkhead,,RB,,,,,,,,,,,,,,,,,,,,,,,,,,,
Rahsul Faison,,RB,,,,,,,,,,,,,,,,,,,,,,,,,,,
D.J. Foster,,RB,,,,,,,,,,,,,,,,,,,,,,,,,,,
TaMerik Williams,,RB,,,,,,,,,,,,,,,,,,,,,,,,,,,
Luke Sellers,,FB,,,,,,,,,,,,,,,,,,,,,,,,,,,
Malcolm Johnson,,FB,,,,,,,,,,,,,,,,,,,,,,,,,,,
Melvin Gordon,,RB,,,,,,,,,,,,,,,,,,,,,,,,,,,
Boston Scott,,RB,,,,,,,,,,,,,,,,,,,,,,,,,,,
Dalyn Dawkins,,RB,,,,,,,,,,,,,,,,,,,,,,,,,,,
Adam Randall,BAL,RB,,,,,,,,,,,,,,,,,,,,,,,,,,,
Kendall Milton,CIN,RB,,,,,,,,,,,,,,,,,,,,,,,,,,,
Salvon Ahmed,CHI,RB,,,,,,,,,,,,,,,,,,,,,,,,,,,
Aaron Shampklin,,RB,,,,,,,,,,,,,,,,,,,,,,,,,,,
A.J. Rose,,RB,,,,,,,,,,,,,,,,,,,,,,,,,,,
Le'Veon Bell,,RB,,,,,,,,,,,,,,,,,,,,,,,,,,,
Le'Veon Moss,MIA,RB,MIN,0.0,,,,,,,,,,,,,,,,0.0,,,,,,,,,
Isaac Guerendo,SF,RB,DEN,,,,,,,,,,,,,,,,,,,,,,,,,,
Rico Dowdle,PIT,RB,CLE,,,,,,,,,,,,,,,,,,,,,,,,,,
Jaxon Smith-Njigba,SEA,WR,LAC,22.16,,,,,,,,,0.46,1.93,0.02,0.19,6.5,9.66,98.27,0.92,9.83,0.03,,,,,,,
Chris Olave,NO,WR,ATL,19.28,,,,,,,,,0.05,0.2,0.0,0.02,5.91,9.56,89.7,0.72,8.97,0.03,,,,,,,
Ja'Marr Chase,CIN,WR,JAX,18.58,,,,,,,,,0.26,1.03,0.01,0.1,6.25,9.33,79.05,0.71,7.91,0.03,,,,,,,
Nico Collins,HOU,WR,DAL,18.53,,,,,,,,,0.22,1.23,0.01,0.12,5.54,8.36,88.7,0.65,8.87,0.02,,,,,,,
Amon-Ra St. Brown,DET,WR,CAR,18.3,,,,,,,,,0.28,1.63,0.01,0.16,6.38,9.67,73.76,0.71,7.38,0.03,,,,,,,
Zay Flowers,BAL,WR,TEN,17.96,,,,,,,,,0.24,1.49,0.01,0.15,5.01,6.61,92.31,0.58,9.23,0.02,,,,,,,
CeeDee Lamb,DAL,WR,HOU,17.42,,,,,,,,,0.4,1.94,0.01,0.19,5.99,8.99,87.51,0.4,8.75,0.03,,,,,,,
Puka Nacua,LAR,WR,PHI,17.27,,,,,,,,,0.45,2.73,0.02,0.27,5.61,8.17,81.87,0.52,8.19,0.03,,,,,,,
Parker Washington,JAX,WR,CIN,17.07,,,,,,,,,0.44,1.56,0.01,0.16,5.05,8.31,91.24,0.44,9.12,0.03,,,,,,,
Garrett Wilson,NYJ,WR,CHI,16.75,,,,,,,,,0.27,1.09,0.01,0.11,5.85,8.88,76.96,0.5,7.7,0.02,,,,,,,
Justin Jefferson,MIN,WR,MIA,16.45,,,,,,,,,,,,,5.69,8.07,75.56,0.53,7.56,0.02,,,,,,,
Tee Higgins,CIN,WR,JAX,16.4,,,,,,,,,0.06,0.26,0.0,0.03,4.9,7.96,79.73,0.58,7.97,0.02,,,,,,,
Drake London,ATL,WR,NO,16.22,,,,,,,,,0.06,0.2,0.0,0.02,5.25,9.06,81.3,0.47,8.13,0.02,,,,,,,
Davante Adams,LAR,WR,PHI,15.88,,,,,,,,,,,,,4.71,8.87,82.08,0.49,8.21,0.02,,,,,,,
Christian Watson,GB,WR,TB,15.34,,,,,,,,,0.1,0.51,0.0,0.05,4.2,7.08,71.02,0.65,7.1,0.02,,,,,,,
Jalen Coker,CAR,WR,DET,14.87,,,,,,,,,0.07,0.36,0.0,0.04,5.11,6.83,65.0,0.53,6.5,0.02,,,,,,,
George Pickens,DAL,WR,HOU,14.64,,,,,,,,,0.05,0.2,0.0,0.02,5.09,8.06,76.87,0.31,7.69,0.02,,,,,,,
Michael Wilson,ARI,WR,NYG,14.57,,,,,,,,,0.05,0.25,0.0,0.02,4.62,8.02,62.88,0.6,6.29,0.02,,,,,,,
Rashee Rice,KC,WR,LV,14.06,,,,,,,,,0.46,1.78,0.02,0.18,4.85,7.06,58.79,0.5,5.88,0.02,,,,,,,
Malik Nabers,NYG,WR,ARI,13.97,,,,,,,,,0.3,1.22,0.01,0.12,5.13,9.34,63.08,0.39,6.31,0.02,,,,,,,
Tetairoa McMillan,CAR,WR,DET,13.94,,,,,,,,,0.07,0.36,0.0,0.04,4.6,8.74,73.35,0.33,7.33,0.02,,,,,,,
Mike Evans,SF,WR,DEN,13.9,,,,,,,,,,,,,4.16,7.67,64.7,0.54,6.47,0.02,,,,,,,
DJ Moore,BUF,WR,NE,13.89,,,,,,,,,0.3,1.64,0.01,0.16,4.27,7.24,64.01,0.49,6.4,0.02,,,,,,,
DeVonta Smith,PHI,WR,LAR,13.24,,,,,,,,,0.05,0.24,0.0,0.02,4.73,7.38,64.43,0.34,6.44,0.02,,,,,,,
Luther Burden,CHI,WR,NYJ,12.64,,,,,,,,,0.67,3.44,0.01,0.34,4.35,5.72,62.81,0.27,6.28,0.02,,,,,,,
Josh Downs,IND,WR,WAS,12.58,,,,,,,,,0.11,0.42,0.0,0.04,4.19,6.91,59.4,0.4,5.94,0.02,,,,,,,
Jaylen Waddle,DEN,WR,SF,12.5,,,,,,,,,0.21,1.12,0.01,0.11,4.61,7.83,65.46,0.2,6.55,0.02,,,,,,,
Matthew Golden,GB,WR,TB,12.17,,,,,,,,,0.21,0.8,0.01,0.08,4.15,7.31,61.31,0.3,6.13,0.02,,,,,,,
Ladd McConkey,LAC,WR,SEA,12.13,,,,,,,,,0.09,0.33,0.0,0.03,4.24,6.93,56.42,0.37,5.64,0.02,,,,,,,
Terry McLaurin,WAS,WR,IND,11.67,,,,,,,,,0.06,0.24,0.0,0.02,3.83,6.65,61.69,0.27,6.17,0.02,,,,,,,
Jameson Williams,DET,WR,CAR,11.09,,,,,,,,,0.6,3.34,0.03,0.33,3.63,6.12,55.8,0.23,5.58,0.02,,,,,,,
Stefon Diggs,WAS,WR,IND,11.09,,,,,,,,,,,,,3.91,5.76,51.94,0.33,5.19,0.02,,,,,,,
Denzel Boston,CLE,WR,PIT,10.94,,,,,,,,,0.14,0.57,0.0,0.06,3.14,5.26,52.1,0.42,5.21,0.01,,,,,,,
Jordan Addison,MIN,WR,MIA,10.86,,,,,,,,,0.45,4.46,0.03,0.45,3.36,5.8,48.64,0.33,4.86,0.01,,,,,,,
Devaughn Vele,NO,WR,ATL,10.4,,,,,,,,,0.05,0.24,0.0,0.02,3.9,5.95,46.98,0.3,4.7,0.02,,,,,,,
Emeka Egbuka,TB,WR,GB,10.37,,,,,,,,,0.26,1.0,0.01,0.1,3.54,6.3,49.36,0.29,4.94,0.01,,,,,,,
Carnell Tate,TEN,WR,BAL,10.17,,,,,,,,,0.02,0.08,0.0,0.01,4.37,7.18,49.29,0.14,4.93,0.02,,,,,,,
Kalif Raymond,CHI,WR,NYJ,10.1,,,,,,,,,0.19,1.11,0.0,0.11,3.69,4.65,46.23,0.27,4.62,0.02,,,,,,,
Wan'Dale Robinson,TEN,WR,BAL,10.09,,,,,,,,,0.11,0.51,0.0,0.05,4.34,6.61,46.22,0.18,4.62,0.02,,,,,,,
Courtland Sutton,DEN,WR,SF,9.98,,,,,,,,,,,,,3.24,6.18,45.72,0.36,4.57,0.01,,,,,,,
Jakobi Meyers,JAX,WR,CIN,9.86,,,,,,,,,0.15,0.79,0.01,0.08,3.65,5.58,48.93,0.2,4.89,0.02,,,,,,,
Xavier Worthy,KC,WR,LV,9.69,,,,,,,,,1.09,5.55,0.06,0.55,3.18,5.83,38.15,0.3,3.81,0.02,,,,,,,
DK Metcalf,PIT,WR,CLE,9.67,,,,,,,,,0.15,0.74,0.01,0.07,3.18,6.27,42.25,0.35,4.22,0.01,,,,,,,
KC Concepcion,CLE,WR,PIT,9.41,,,,,,,,,0.78,2.59,0.02,0.26,3.67,5.69,37.54,0.27,3.75,0.02,,,,,,,
Michael Pittman,PIT,WR,CLE,9.37,,,,,,,,,0.05,0.27,0.0,0.03,3.95,5.98,40.82,0.22,4.08,0.02,,,,,,,
Deebo Samuel,SF,WR,DEN,9.23,,,,,,,,,0.93,5.13,0.04,0.51,3.29,5.2,40.23,0.19,4.02,0.02,,,,,,,
Jauan Jennings,MIN,WR,MIA,9.09,,,,,,,,,0.03,0.13,0.0,0.01,2.84,4.35,34.3,0.46,3.43,0.01,,,,,,,
Romeo Doubs,NE,WR,BUF,8.97,,,,,,,,,,,,,3.05,4.95,48.6,0.18,4.86,0.01,,,,,,,
Chris Godwin,TB,WR,GB,8.93,,,,,,,,,0.09,0.47,0.0,0.05,3.5,4.48,38.85,0.25,3.89,0.01,,,,,,,
Malik Washington,MIA,WR,MIN,8.91,,,,,,,,,1.01,4.07,0.05,0.41,3.51,6.5,37.57,0.15,3.76,0.02,,,,,,,
Mack Hollins,NE,WR,BUF,8.8,,,,,,,,,0.04,0.23,0.0,0.02,3.47,5.49,44.41,0.14,4.44,0.02,,,,,,,
Dontayvion Wicks,PHI,WR,LAR,8.71,,,,,,,,,0.05,0.23,0.0,0.02,3.13,5.0,40.53,0.25,4.05,0.01,,,,,,,
Keenan Allen,IND,WR,WAS,8.62,,,,,,,,,,,,,3.27,4.97,36.85,0.28,3.69,0.01,,,,,,,
Quentin Johnston,LAC,WR,SEA,8.58,,,,,,,,,0.17,0.54,0.0,0.05,2.76,5.8,41.66,0.26,4.17,0.01,,,,,,,
Tre Tucker,LV,WR,KC,8.52,,,,,,,,,0.51,2.24,0.02,0.22,2.98,5.22,39.79,0.21,3.98,0.01,,,,,,,
Rome Odunze,CHI,WR,NYJ,8.51,,,,,,,,,0.01,0.06,0.0,0.01,2.7,4.74,43.62,0.24,4.36,0.01,,,,,,,
Adonai Mitchell,NYJ,WR,CHI,8.4,,,,,,,,,0.05,0.19,0.0,0.02,2.96,5.71,45.89,0.14,4.59,0.01,,,,,,,
Khalil Shakir,BUF,WR,NE,8.26,,,,,,,,,0.11,0.49,0.0,0.05,3.68,5.02,37.87,0.12,3.79,0.02,,,,,,,
Ryan Flournoy,DAL,WR,HOU,8.15,,,,,,,,,0.05,0.21,0.0,0.02,3.22,4.96,37.25,0.2,3.72,0.01,,,,,,,
Rashod Bateman,BAL,WR,TEN,7.82,,,,,,,,,0.07,0.31,0.0,0.03,2.68,4.35,39.14,0.2,3.91,0.01,,,,,,,
Brian Thomas,JAX,WR,CIN,7.71,,,,,,,,,0.1,0.61,0.0,0.06,2.52,4.74,41.68,0.16,4.17,0.01,,,,,,,
Pat Bryant,DEN,WR,SF,7.54,,,,,,,,,0.09,0.48,0.0,0.05,2.8,4.44,31.75,0.25,3.18,0.01,,,,,,,
Tre' Harris,LAC,WR,SEA,6.99,,,,,,,,,0.12,0.43,0.0,0.04,2.77,4.85,36.11,0.09,3.61,0.01,,,,,,,
Rashid Shaheed,SEA,WR,LAC,6.8,,,,,,,,,0.68,4.03,0.03,0.4,2.25,4.12,32.09,0.13,3.21,0.01,,,,,,,
Kayshon Boutte,HOU,WR,DAL,6.59,,,,,,,,,,,,,2.24,3.55,33.12,0.17,3.31,0.01,,,,,,,
Makai Lemon,PHI,WR,LAR,6.5,,,,,,,,,0.1,0.43,0.0,0.04,3.09,4.22,24.04,0.16,2.4,0.01,,,,,,,
Cooper Kupp,SEA,WR,LAC,6.26,,,,,,,,,0.07,0.31,0.0,0.03,2.18,3.51,30.2,0.17,3.02,0.01,,,,,,,
Caleb Douglas,MIA,WR,MIN,6.2,,,,,,,,,0.05,0.16,0.0,0.02,2.49,4.24,30.99,0.1,3.1,0.01,,,,,,,
Jalen Nailor,LV,WR,KC,6.11,,,,,,,,,0.25,0.9,0.01,0.09,1.98,3.75,25.69,0.24,2.57,0.01,,,,,,,
Ted Hurst,TB,WR,GB,6.1,,,,,,,,,0.09,0.4,0.0,0.04,2.0,3.92,28.77,0.19,2.88,0.01,,,,,,,
DeMario Douglas,NE,WR,BUF,6.09,,,,,,,,,0.33,1.57,0.01,0.16,2.41,4.16,29.22,0.09,2.92,0.01,,,,,,,
Elic Ayomanor,TEN,WR,BAL,6.04,,,,,,,,,0.02,0.09,0.0,0.01,1.88,3.84,30.54,0.18,3.05,0.01,,,,,,,
Kendrick Bourne,ARI,WR,NYG,5.98,,,,,,,,,,,,,2.52,3.52,26.76,0.13,2.68,0.01,,,,,,,
Xavier Hutchinson,HOU,WR,DAL,5.65,,,,,,,,,0.07,0.4,0.0,0.04,1.99,3.55,29.76,0.11,2.98,0.01,,,,,,,
Marvin Harrison,ARI,WR,NYG,5.46,,,,,,,,,,,,,1.86,3.98,26.69,0.15,2.67,0.01,,,,,,,
Tyquan Thornton,KC,WR,LV,5.42,,,,,,,,,,,,,1.87,3.1,28.49,0.12,2.85,0.01,,,,,,,
Malachi Fields,NYG,WR,ARI,5.33,,,,,,,,,0.05,0.17,0.0,0.02,1.74,3.42,23.84,0.2,2.38,0.01,,,,,,,
Isaiah Williams,NYJ,WR,CHI,5.22,,,,,,,,,0.2,1.32,0.01,0.13,2.41,2.98,23.72,0.05,2.37,0.01,,,,,,,
Roman Wilson,PIT,WR,CLE,5.19,,,,,,,,,0.03,0.13,0.0,0.01,1.97,3.37,20.38,0.19,2.04,0.01,,,,,,,
Chris Bell,MIA,WR,MIN,5.18,,,,,,,,,0.04,0.14,0.0,0.01,1.85,3.96,27.04,0.1,2.7,0.01,,,,,,,
Skyy Moore,GB,WR,TB,5.04,,,,,,,,,0.52,2.55,0.01,0.26,1.87,3.29,22.39,0.1,2.24,0.02,,,,,,,
Laquon Treadwell,IND,WR,WAS,4.96,,,,,,,,,,,,,1.51,2.68,24.71,0.16,2.47,,,,,,,,
Keon Coleman,BUF,WR,NE,4.82,,,,,,,,,0.04,0.19,0.0,0.02,1.87,2.83,24.14,0.09,2.41,0.01,,,,,,,
Darnell Mooney,NYG,WR,ARI,4.78,,,,,,,,,0.02,0.08,0.0,0.01,1.56,3.07,24.44,0.13,2.44,0.01,,,,,,,
Antonio Williams,WAS,WR,IND,4.68,,,,,,,,,0.11,0.5,0.0,0.05,1.7,2.73,21.32,0.13,2.13,0.01,,,,,,,
Jahan Dotson,ATL,WR,NO,4.51,,,,,,,,,0.03,0.1,0.0,0.01,1.6,3.32,19.18,0.16,1.92,0.01,,,,,,,
Isaac TeSlaa,DET,WR,CAR,4.23,,,,,,,,,0.05,0.26,0.0,0.03,1.39,2.47,20.0,0.13,2.0,0.01,,,,,,,
Dohnte Meyers,CIN,WR,JAX,3.72,,,,,,,,,0.07,0.3,0.0,0.03,1.41,2.19,16.11,0.11,1.61,,,,,,,,
Jerry Jeudy,CLE,WR,PIT,3.72,,,,,,,,,0.07,0.31,0.0,0.03,1.43,2.51,17.31,0.09,1.73,0.01,,,,,,,
Josh Cameron,JAX,WR,CIN,3.67,,,,,,,,,0.16,0.82,0.01,0.08,1.15,1.88,15.31,0.15,1.53,0.01,,,,,,,
Tory Horton,SEA,WR,LAC,3.46,,,,,,,,,0.06,0.24,0.0,0.02,1.14,1.9,15.77,0.12,1.58,0.01,,,,,,,
Kyle Williams,NE,WR,BUF,3.35,,,,,,,,,0.05,0.24,0.0,0.02,1.09,2.22,15.95,0.11,1.6,0.01,,,,,,,
Devontez Walker,BAL,WR,TEN,3.35,,,,,,,,,0.07,0.28,0.0,0.03,0.89,1.51,17.23,0.12,1.72,0.0,,,,,,,
Cody White,LV,WR,KC,3.26,,,,,,,,,,,,,0.93,1.55,11.28,0.2,1.13,0.0,,,,,,,
Xavier Legette,CAR,WR,DET,3.14,,,,,,,,,0.05,0.22,0.0,0.02,1.14,2.16,14.8,0.08,1.48,0.0,,,,,,,
Zachariah Branch,ATL,WR,NO,3.11,,,,,,,,,0.14,0.52,0.01,0.05,1.17,1.78,12.25,0.1,1.23,0.0,,,,,,,
Olamide Zaccheaus,ATL,WR,NO,3.0,,,,,,,,,0.21,0.89,0.01,0.09,1.01,1.97,12.32,0.1,1.23,0.01,,,,,,,
Calvin Ridley,TEN,WR,BAL,2.88,,,,,,,,,0.0,0.02,0.0,0.0,1.04,1.75,14.7,0.06,1.47,0.0,,,,,,,
Kevin Coleman,MIA,WR,MIN,2.76,,,,,,,,,,,,,0.98,2.54,13.33,0.07,1.33,0.0,,,,,,,
Tez Johnson,TB,WR,GB,2.66,,,,,,,,,0.1,0.34,0.0,0.03,0.9,1.68,12.51,0.08,1.25,0.0,,,,,,,
Jacob Cowing,SF,WR,DEN,2.53,,,,,,,,,,,,,0.96,1.63,11.74,0.07,1.17,0.0,,,,,,,
Troy Franklin,DEN,WR,SF,2.48,,,,,,,,,0.1,0.38,0.0,0.04,0.9,1.39,10.95,0.07,1.1,0.0,,,,,,,
KaVontae Turpin,DAL,WR,HOU,2.42,,,,,,,,,0.54,2.66,0.02,0.27,0.67,1.11,10.48,0.05,1.05,0.01,,,,,,,
Jared Wayne,HOU,WR,DAL,2.4,,,,,,,,,,,,,0.91,1.29,10.5,0.07,1.05,,,,,,,,
Darius Cooper,PHI,WR,LAR,2.37,,,,,,,,,,,,,1.0,1.42,10.02,0.06,1.0,0.0,,,,,,,
Joshua Palmer,BUF,WR,NE,2.35,,,,,,,,,,,,,0.94,1.49,11.7,0.04,1.17,0.0,,,,,,,
Brycen Tremayne,CAR,WR,DET,2.29,,,,,,,,,0.04,0.18,0.0,0.02,0.96,1.36,9.4,0.06,0.94,,,,,,,,
Germie Bernard,PIT,WR,CLE,2.29,,,,,,,,,0.05,0.28,0.0,0.03,0.84,1.52,9.69,0.07,0.97,0.0,,,,,,,
Barion Brown,NO,WR,ATL,2.19,,,,,,,,,,,,,0.84,1.37,9.18,0.07,0.92,0.0,,,,,,,
Konata Mumpfield,LAR,WR,PHI,2.19,,,,,,,,,,,,,0.75,1.75,9.64,0.08,0.96,0.0,,,,,,,
Brenen Thompson,LAC,WR,SEA,2.15,,,,,,,,,,,,,0.86,1.58,9.18,0.06,0.92,0.0,,,,,,,
Jaylin Noel,HOU,WR,DAL,2.15,,,,,,,,,0.08,0.41,0.0,0.04,0.67,0.97,10.04,0.07,1.0,0.0,,,,,,,
Chimere Dike,TEN,WR,BAL,2.14,,,,,,,,,0.2,0.53,0.01,0.05,0.85,1.21,8.94,0.05,0.89,0.0,,,,,,,
Isaiah Bond,CLE,WR,PIT,2.1,,,,,,,,,0.19,0.73,0.0,0.07,0.59,1.15,10.86,0.05,1.09,0.0,,,,,,,
Marvin Mims,DEN,WR,SF,2.04,,,,,,,,,0.43,1.83,0.02,0.18,0.73,1.04,7.25,0.05,0.72,0.0,,,,,,,
Chris Moore,BAL,WR,TEN,1.95,,,,,,,,,,,,,0.57,1.01,10.46,0.05,1.05,0.0,,,,,,,
Jalen Royals,KC,WR,LV,1.93,,,,,,,,,0.05,0.19,0.0,0.02,0.67,1.04,7.03,0.09,0.7,0.0,,,,,,,
Efton Chism,NE,WR,BUF,1.92,,,,,,,,,,,,,0.7,1.02,9.03,0.05,0.9,0.0,,,,,,,
Bryce Lance,NO,WR,ATL,1.86,,,,,,,,,,,,,0.69,1.25,8.35,0.06,0.84,0.0,,,,,,,
Darius Slayton,IND,WR,WAS,1.83,,,,,,,,,,,,,0.58,1.19,9.5,0.05,0.95,0.0,,,,,,,
Jordan Watkins,SF,WR,DEN,1.8,,,,,,,,,,,,,0.62,1.12,9.39,0.04,0.94,,,,,,,,
Travis Hunter,JAX,DB,CIN,1.7,,,,,,,,,0.13,0.59,0.0,0.06,0.58,1.05,8.03,0.04,0.8,0.0,,,,,,,
Tai Felton,MIN,WR,MIA,1.67,,,,,,,,,0.05,0.2,0.0,0.02,0.68,0.88,6.59,0.05,0.66,0.0,,,,,,,
Treylon Burks,WAS,WR,IND,1.56,,,,,,,,,0.24,1.05,0.01,0.1,0.54,1.18,6.91,0.03,0.69,0.0,,,,,,,
David Moore,CAR,WR,DET,1.43,,,,,,,,,,,,,0.45,0.95,6.66,0.05,0.67,0.0,,,,,,,
Mitchell Tinsley,CIN,WR,JAX,1.35,,,,,,,,,,,,,0.51,0.91,5.65,0.05,0.56,0.0,,,,,,,
Ashton Dulin,IND,WR,WAS,1.11,,,,,,,,,0.08,0.55,0.0,0.05,0.31,0.63,4.82,0.04,0.48,0.0,,,,,,,
Jordan Whittington,LAR,WR,PHI,1.09,,,,,,,,,0.07,0.29,0.0,0.03,0.43,0.64,4.78,0.02,0.48,0.0,,,,,,,
Sterling Shepard,NYJ,WR,CHI,1.08,,,,,,,,,,,,,0.45,0.63,5.06,0.02,0.51,,,,,,,,
Jahdae Walker,CHI,WR,NYJ,1.07,,,,,,,,,,,,,0.31,0.53,4.38,0.05,0.44,0.0,,,,,,,
John Metchie,CAR,WR,DET,1.07,,,,,,,,,0.01,0.03,0.0,0.0,0.43,0.68,4.43,0.03,0.44,0.0,,,,,,,
Brandin Cooks,SF,WR,DEN,0.96,,,,,,,,,,,,,0.32,0.65,5.02,0.02,0.5,0.0,,,,,,,
Malik Benson,LV,WR,KC,0.84,,,,,,,,,,,,,0.35,0.62,3.32,0.03,0.33,0.0,,,,,,,
Zavion Thomas,CHI,WR,NYJ,0.82,,,,,,,,,0.17,0.81,0.0,0.08,0.26,0.41,3.19,0.02,0.32,0.0,,,,,,,
Tylan Wallace,CLE,WR,PIT,0.8,,,,,,,,,,,,,0.28,0.44,3.61,0.03,0.36,0.0,,,,,,,
LaJohntay Wester,BAL,WR,TEN,0.76,,,,,,,,,0.06,0.24,0.0,0.02,0.25,0.38,3.53,0.02,0.35,0.0,,,,,,,
Tay Martin,DET,WR,CAR,0.74,,,,,,,,,,,,,0.28,0.44,3.28,0.02,0.33,0.0,,,,,,,
Dyami Brown,WAS,WR,IND,0.74,,,,,,,,,0.02,0.08,0.0,0.01,0.3,0.59,3.67,0.01,0.37,0.0,,,,,,,
Marquez Valdes-Scantling,LAC,WR,SEA,0.71,,,,,,,,,,,,,0.26,0.63,3.21,0.02,0.32,0.0,,,,,,,
Derius Davis,LAC,WR,SEA,0.67,,,,,,,,,0.05,0.19,0.0,0.02,0.28,0.47,2.58,0.02,0.26,0.0,,,,,,,
Xavier Smith,LAR,WR,PHI,0.61,,,,,,,,,0.09,0.41,0.0,0.04,0.2,0.32,2.98,0.01,0.3,0.0,,,,,,,
Jaylin Lane,WAS,WR,IND,0.58,,,,,,,,,0.23,0.97,0.01,0.1,0.17,0.3,2.08,0.01,0.21,0.0,,,,,,,
Malik McClain,NYJ,WR,CHI,0.57,,,,,,,,,,,,,0.21,0.32,2.71,0.02,0.27,,,,,,,,
Tom Kennedy,DET,WR,CAR,0.49,,,,,,,,,,,,,0.19,0.31,2.25,0.01,0.22,0.0,,,,,,,
Dareke Young,LV,WR,KC,0.45,,,,,,,,,,,,,0.16,0.28,2.12,0.01,0.21,0.0,,,,,,,
Marquise Brown,PHI,WR,LAR,0.45,,,,,,,,,,,,,0.18,0.29,2.04,0.01,0.2,0.0,,,,,,,
KhaDarel Hodge,SF,WR,DEN,0.45,,,,,,,,,,,,,0.15,0.33,2.46,0.01,0.25,,,,,,,,
Bo Melton,GB,WR,TB,0.44,,,,,,,,,0.18,0.89,0.0,0.09,0.1,0.23,1.61,0.01,0.16,0.0,,,,,,,
Kameron Johnson,TB,WR,GB,0.44,,,,,,,,,0.05,0.26,0.0,0.03,0.14,0.25,1.78,0.01,0.18,0.0,,,,,,,
Cyrus Allen,KC,WR,LV,0.44,,,,,,,,,,,,,0.15,0.27,1.92,0.02,0.19,0.0,,,,,,,
Braxton Berrios,NYG,WR,ARI,0.43,,,,,,,,,0.12,0.75,0.01,0.08,0.13,0.18,1.24,0.01,0.12,,,,,,,,
Luke McCaffrey,WAS,WR,IND,0.43,,,,,,,,,,,,,0.16,0.24,2.03,0.01,0.2,0.0,,,,,,,
Jalen Tolbert,MIA,WR,MIN,0.34,,,,,,,,,,,,,0.13,0.28,1.66,0.01,0.17,0.0,,,,,,,
Jalen Brooks,ARI,WR,NYG,0.33,,,,,,,,,,,,,0.12,0.23,1.47,0.01,0.15,0.0,,,,,,,
Jonathan Mingo,DAL,WR,HOU,0.31,,,,,,,,,,,,,0.1,0.25,1.65,0.01,0.16,,,,,,,,
Elijah Moore,PHI,WR,LAR,0.28,,,,,,,,,0.07,0.3,0.0,0.03,0.1,0.17,1.03,0.01,0.1,,,,,,,,
Anthony Gould,IND,WR,WAS,0.23,,,,,,,,,,,,,0.09,0.12,0.96,0.01,0.1,0.0,,,,,,,
Ben Skowronek,PIT,WR,CLE,0.23,,,,,,,,,,,,,0.08,0.12,0.86,0.01,0.09,,,,,,,,
Deion Burks,IND,WR,WAS,0.22,,,,,,,,,,,,,0.08,0.12,0.92,0.01,0.09,0.0,,,,,,,
Malachi Corley,CLE,WR,PIT,0.21,,,,,,,,,0.14,0.91,0.0,0.09,0.04,0.06,0.49,0.0,0.05,0.0,,,,,,,
Greg Dortch,BUF,WR,NE,0.2,,,,,,,,,0.12,0.59,0.01,0.06,0.05,0.06,0.43,0.0,0.04,0.0,,,,,,,
Devin Duvernay,ARI,WR,NYG,0.2,,,,,,,,,0.04,0.21,0.0,0.02,0.08,0.11,0.66,0.0,0.07,0.0,,,,,,,
Nikko Remigio,KC,WR,LV,0.17,,,,,,,,,0.03,0.14,0.0,0.01,0.05,0.08,0.7,0.01,0.07,0.0,,,,,,,
Kaden Wetjen,PIT,WR,CLE,0.14,,,,,,,,,0.05,0.25,0.0,0.03,0.04,0.06,0.41,0.0,0.04,,,,,,,,
Britain Covey,PHI,WR,LAR,0.13,,,,,,,,,,,,,0.05,0.09,0.53,0.0,0.05,0.0,,,,,,,
Myles Price,MIN,WR,MIA,0.1,,,,,,,,,,,,,0.04,0.06,0.45,0.0,0.04,,,,,,,,
Greg Ward,,WR,,,,,,,,,,,,,,,,,,,,,,,,,,,
Quincy McDuffie,,WR,,,,,,,,,,,,,,,,,,,,,,,,,,,
John Hall,,WR,,,,,,,,,,,,,,,,,,,,,,,,,,,
Noah Brown,,WR,,,,,,,,,,,,,,,,,,,,,,,,,,,
Travis Benjamin,,WR,,,,,,,,,,,,,,,,,,,,,,,,,,,
Damore'ea Stringfellow,,WR,,,,,,,,,,,,,,,,,,,,,,,,,,,
Kalija Lipscomb,,WR,,,,,,,,,,,,,,,,,,,,,,,,,,,
Jordan Westerkamp,,WR,,,,,,,,,,,,,,,,,,,,,,,,,,,
Kendrick Law,DET,WR,,,,,,,,,,,,,,,,,,,,,,,,,,,
Tyler Rutenbeck,,WR,,,,,,,,,,,,,,,,,,,,,,,,,,,
Nick Williams,,WR,,,,,,,,,,,,,,,,,,,,,,,,,,,
Kevin Kassis,,WR,,,,,,,,,,,,,,,,,,,,,,,,,,,
Malik Flowers,,WR,,,,,,,,,,,,,,,,,,,,,,,,,,,
Xavier White,,WR,,,,,,,,,,,,,,,,,,,,,,,,,,,
Marqise Lee,,WR,,,,,,,,,,,,,,,,,,,,,,,,,,,
Phillip Dorsett,LV,WR,,,,,,,,,,,,,,,,,,,,,,,,,,,
C.J. Johnson,,WR,,,,,,,,,,,,,,,,,,,,,,,,,,,
Aaron Parker,,WR,,,,,,,,,,,,,,,,,,,,,,,,,,,
Darius Jennings,,WR,,,,,,,,,,,,,,,,,,,,,,,,,,,
Christian Blake,,WR,,,,,,,,,,,,,,,,,,,,,,,,,,,
DaeSean Hamilton,,WR,,,,,,,,,,,,,,,,,,,,,,,,,,,
Terrell Bynum,,WR,,,,,,,,,,,,,,,,,,,,,,,,,,,
Mitchell Paige,,WR,,,,,,,,,,,,,,,,,,,,,,,,,,,
Joseph Manjack,,WR,,,,,,,,,,,,,,,,,,,,,,,,,,,
Jalon Calhoun,,WR,,,,,,,,,,,,,,,,,,,,,,,,,,,
Joe Reed,,WR,,,,,,,,,,,,,,,,,,,,,,,,,,,
Dymere Miller,,WR,,,,,,,,,,,,,,,,,,,,,,,,,,,
Talik Keaton,,WR,,,,,,,,,,,,,,,,,,,,,,,,,,,
Jamarius Way,,WR,,,,,,,,,,,,,,,,,,,,,,,,,,,
Omar Bayless,,WR,,,,,,,,,,,,,,,,,,,,,,,,,,,
Alonzo Moore,,WR,,,,,,,,,,,,,,,,,,,,,,,,,,,
Riley Ridley,,WR,,,,,,,,,,,,,,,,,,,,,,,,,,,
Marlon Williams,,WR,,,,,,,,,,,,,,,,,,,,,,,,,,,
Bra'Lon Cherry,,WR,,,,,,,,,,,,,,,,,,,,,,,,,,,
Trevon Bradford,,WR,,,,,,,,,,,,,,,,,,,,,,,,,,,
Key'Shawn Smith,,WR,,,,,,,,,,,,,,,,,,,,,,,,,,,
Tayvion Robinson,,WR,,,,,,,,,,,,,,,,,,,,,,,,,,,
Dontario Drummond,,WR,,,,,,,,,,,,,,,,,,,,,,,,,,,
Shaq Roland,CHI,WR,,,,,,,,,,,,,,,,,,,,,,,,,,,
Zach D'Orazio,,WR,,,,,,,,,,,,,,,,,,,,,,,,,,,
Durron Neal,,WR,,,,,,,,,,,,,,,,,,,,,,,,,,,
Khalil Tate,,WR,,,,,,,,,,,,,,,,,,,,,,,,,,,
Freddie Swain,,WR,,,,,,,,,,,,,,,,,,,,,,,,,,,
Tavon Austin,,WR,,,,,,,,,,,,,,,,,,,,,,,,,,,
Nelson Agholor,,WR,,,,,,,,,,,,,,,,,,,,,,,,,,,
Roc Taylor,,WR,,,,,,,,,,,,,,,,,,,,,,,,,,,
Devron Harper,,WR,,,,,,,,,,,,,,,,,,,,,,,,,,,
Jakobie Keeney-James,,WR,,,,,,,,,,,,,,,,,,,,,,,,,,,
R.J. Shelton,,WR,,,,,,,,,,,,,,,,,,,,,,,,,,,
Reece Horn,,WR,,,,,,,,,,,,,,,,,,,,,,,,,,,
James Quick,,WR,,,,,,,,,,,,,,,,,,,,,,,,,,,
Rashod Owens,,WR,,,,,,,,,,,,,,,,,,,,,,,,,,,
Binjimen Victor,,WR,,,,,,,,,,,,,,,,,,,,,,,,,,,
Laviska Shenault,,WR,,,,,,,,,,,,,,,,,,,,,,,,,,,
Jonathon Rumph,,WR,,,,,,,,,,,,,,,,,,,,,,,,,,,
Reggie Roberson,,WR,,,,,,,,,,,,,,,,,,,,,,,,,,,
Matthew Eaton,,WR,,,,,,,,,,,,,,,,,,,,,,,,,,,
Kazmeir Allen,,WR,,,,,,,,,,,,,,,,,,,,,,,,,,,
Trevontae Hights,,WR,,,,,,,,,,,,,,,,,,,,,,,,,,,
Amara Darboh,,WR,,,,,,,,,,,,,,,,,,,,,,,,,,,
Sam James,,WR,,,,,,,,,,,,,,,,,,,,,,,,,,,
Nsimba Webster,,WR,,,,,,,,,,,,,,,,,,,,,,,,,,,
Cody Chrest,,WR,,,,,,,,,,,,,,,,,,,,,,,,,,,
Lewis Bond,HOU,WR,,,,,,,,,,,,,,,,,,,,,,,,,,,
Jermaine Burton,,WR,,,,,,,,,,,,,,,,,,,,,,,,,,,
Marvin Hall,,WR,,,,,,,,,,,,,,,,,,,,,,,,,,,
Damion Willis,,WR,,,,,,,,,,,,,,,,,,,,,,,,,,,
Kolbe Katsis,DEN,WR,,,,,,,,,,,,,,,,,,,,,,,,,,,
Kendal Thompson,,WR,,,,,,,,,,,,,,,,,,,,,,,,,,,
Earnest Edwards,,WR,,,,,,,,,,,,,,,,,,,,,,,,,,,
Isaiah Ford,,WR,,,,,,,,,,,,,,,,,,,,,,,,,,,
Jarius Wright,,WR,,,,,,,,,,,,,,,,,,,,,,,,,,,
Tyler Johnson,NYJ,WR,,,,,,,,,,,,,,,,,,,,,,,,,,,
Andre Baccellia,,WR,,,,,,,,,,,,,,,,,,,,,,,,,,,
Beaux Collins,ATL,WR,,,,,,,,,,,,,,,,,,,,,,,,,,,
Wesley Grimes,SF,WR,,,,,,,,,,,,,,,,,,,,,,,,,,,
Raylen Sharpe,,WR,,,,,,,,,,,,,,,,,,,,,,,,,,,
Ty Scott,,WR,,,,,,,,,,,,,,,,,,,,,,,,,,,
Daniel Sobkowicz,HOU,WR,,,,,,,,,,,,,,,,,,,,,,,,,,,
Artavis Scott,,WR,,,,,,,,,,,,,,,,,,,,,,,,,,,
Fred Ross,,WR,,,,,,,,,,,,,,,,,,,,,,,,,,,
Dontez Ford,,WR,,,,,,,,,,,,,,,,,,,,,,,,,,,
Bryson Green,,WR,,,,,,,,,,,,,,,,,,,,,,,,,,,
Dillon Bell,MIN,WR,,,,,,,,,,,,,,,,,,,,,,,,,,,
Isaiah Washington,,WR,,,,,,,,,,,,,,,,,,,,,,,,,,,
Ja'Lynn Polk,,WR,,,,,,,,,,,,,,,,,,,,,,,,,,,
Justin Watson,,WR,,,,,,,,,,,,,,,,,,,,,,,,,,,
Javon McKinley,,WR,,,,,,,,,,,,,,,,,,,,,,,,,,,
Jalen Moreno-Cropper,NO,WR,,,,,,,,,,,,,,,,,,,,,,,,,,,
Luke Wysong,,WR,,,,,,,,,,,,,,,,,,,,,,,,,,,
Brandon Polk,,WR,,,,,,,,,,,,,,,,,,,,,,,,,,,
Kobe Prentice,,WR,,,,,,,,,,,,,,,,,,,,,,,,,,,
Will Sheppard,MIA,WR,,,,,,,,,,,,,,,,,,,,,,,,,,,
Demetris Robertson,,WR,,,,,,,,,,,,,,,,,,,,,,,,,,,
Corey Davis,,WR,,,,,,,,,,,,,,,,,,,,,,,,,,,
Tanner Knue,,WR,,,,,,,,,,,,,,,,,,,,,,,,,,,
Teo Redding,,WR,,,,,,,,,,,,,,,,,,,,,,,,,,,
Bisi Johnson,,WR,,,,,,,,,,,,,,,,,,,,,,,,,,,
Donte Moncrief,,WR,,,,,,,,,,,,,,,,,,,,,,,,,,,
Travin Dural,,WR,,,,,,,,,,,,,,,,,,,,,,,,,,,
Danny Gray,,WR,,,,,,,,,,,,,,,,,,,,,,,,,,,
Sean Riley,,WR,,,,,,,,,,,,,,,,,,,,,,,,,,,
Josh Bellamy,,WR,,,,,,,,,,,,,,,,,,,,,,,,,,,
Malik Cunningham,,WR,,,,,,,,,,,,,,,,,,,,,,,,,,,
Rakim Jarrett,,WR,,,,,,,,,,,,,,,,,,,,,,,,,,,
Jermiah Braswell,,WR,,,,,,,,,,,,,,,,,,,,,,,,,,,
Anthony Ratliff-Williams,,WR,,,,,,,,,,,,,,,,,,,,,,,,,,,
Martavis Bryant,,WR,,,,,,,,,,,,,,,,,,,,,,,,,,,
Jeret Smith,,WR,,,,,,,,,,,,,,,,,,,,,,,,,,,
Zach Pascal,,WR,,,,,,,,,,,,,,,,,,,,,,,,,,,
Romello Brinson,,WR,,,,,,,,,,,,,,,,,,,,,,,,,,,
Jesse Matthews,,WR,,,,,,,,,,,,,,,,,,,,,,,,,,,
David Wallis,,WR,,,,,,,,,,,,,,,,,,,,,,,,,,,
Parris Campbell,,WR,,,,,,,,,,,,,,,,,,,,,,,,,,,
Bud Sasser,,WR,,,,,,,,,,,,,,,,,,,,,,,,,,,
Qadir Ismail,CHI,WR,,,,,,,,,,,,,,,,,,,,,,,,,,,
Trevor Harman,,WR,,,,,,,,,,,,,,,,,,,,,,,,,,,
Julian Williams,,WR,,,,,,,,,,,,,,,,,,,,,,,,,,,
Neil Pau'u,,WR,,,,,,,,,,,,,,,,,,,,,,,,,,,
Jadon Haselwood,,WR,,,,,,,,,,,,,,,,,,,,,,,,,,,
Marquez Callaway,,WR,,,,,,,,,,,,,,,,,,,,,,,,,,,
Brandon Smith,PIT,WR,,,,,,,,,,,,,,,,,,,,,,,,,,,
Ryan McDaniel,,WR,,,,,,,,,,,,,,,,,,,,,,,,,,,
Bryce Ford-Wheaton,,WR,,,,,,,,,,,,,,,,,,,,,,,,,,,
Damond Powell,,WR,,,,,,,,,,,,,,,,,,,,,,,,,,,
Zakhari Franklin,,WR,,,,,,,,,,,,,,,,,,,,,,,,,,,
Jeshaun Jones,MIN,WR,,,,,,,,,,,,,,,,,,,,,,,,,,,
Malik Rutherford,,WR,,,,,,,,,,,,,,,,,,,,,,,,,,,
Marcus Leak,,WR,,,,,,,,,,,,,,,,,,,,,,,,,,,
Preston Williams,,WR,,,,,,,,,,,,,,,,,,,,,,,,,,,
J. Michael Sturdivant,GB,WR,,,,,,,,,,,,,,,,,,,,,,,,,,,
Tyrone Broden,,WR,,,,,,,,,,,,,,,,,,,,,,,,,,,
Kyle Lewis,,WR,,,,,,,,,,,,,,,,,,,,,,,,,,,
Lance Lenoir,,WR,,,,,,,,,,,,,,,,,,,,,,,,,,,
KeAndre Lambert-Smith,LAC,WR,,,,,,,,,,,,,,,,,,,,,,,,,,,
TJ Sheffield,,WR,,,,,,,,,,,,,,,,,,,,,,,,,,,
Tommylee Lewis,,WR,,,,,,,,,,,,,,,,,,,,,,,,,,,
DeAndre Hopkins,,WR,,,,,,,,,,,,,,,,,,,,,,,,,,,
Matthew Henry,,WR,,,,,,,,,,,,,,,,,,,,,,,,,,,
JaVonta Payton,,WR,,,,,,,,,,,,,,,,,,,,,,,,,,,
Dwayne Harris,,WR,,,,,,,,,,,,,,,,,,,,,,,,,,,
Brelan Chancellor,,WR,,,,,,,,,,,,,,,,,,,,,,,,,,,
Antonio Callaway,,WR,,,,,,,,,,,,,,,,,,,,,,,,,,,
Brennan Presley,LAR,WR,,,,,,,,,,,,,,,,,,,,,,,,,,,
Brian Riley,,WR,,,,,,,,,,,,,,,,,,,,,,,,,,,
K.J. Maye,,WR,,,,,,,,,,,,,,,,,,,,,,,,,,,
Dillon Mitchell,,WR,,,,,,,,,,,,,,,,,,,,,,,,,,,
Anthony Mahoungou,,WR,,,,,,,,,,,,,,,,,,,,,,,,,,,
Braylon Sanders,,WR,,,,,,,,,,,,,,,,,,,,,,,,,,,
Tulu Griffin,,WR,,,,,,,,,,,,,,,,,,,,,,,,,,,
Tre'Shaun Harrison,,WR,,,,,,,,,,,,,,,,,,,,,,,,,,,
Tank Dell,HOU,WR,,,,,,,,,,,,,,,,,,,,,,,,,,,
KJ Hamler,,WR,,,,,,,,,,,,,,,,,,,,,,,,,,,
Kevin White,,WR,,,,,,,,,,,,,,,,,,,,,,,,,,,
Justin Hardy,,WR,,,,,,,,,,,,,,,,,,,,,,,,,,,
Rasheed Bailey,,WR,,,,,,,,,,,,,,,,,,,,,,,,,,,
Da'Quan Felton,,WR,,,,,,,,,,,,,,,,,,,,,,,,,,,
Deshon Foxx,,WR,,,,,,,,,,,,,,,,,,,,,,,,,,,
Emanuel Hall,,WR,,,,,,,,,,,,,,,,,,,,,,,,,,,
Terrell Sinkfield,,WR,,,,,,,,,,,,,,,,,,,,,,,,,,,
Drake Stoops,,WR,,,,,,,,,,,,,,,,,,,,,,,,,,,
Justin Sumpter,,WR,,,,,,,,,,,,,,,,,,,,,,,,,,,
Johnny Johnson,,WR,,,,,,,,,,,,,,,,,,,,,,,,,,,
Devin Lucien,,WR,,,,,,,,,,,,,,,,,,,,,,,,,,,
Matthew Slater,,WR,,,,,,,,,,,,,,,,,,,,,,,,,,,
Jamel Johnson,,WR,,,,,,,,,,,,,,,,,,,,,,,,,,,
Branden Mack,,WR,,,,,,,,,,,,,,,,,,,,,,,,,,,
Shaquan Davis,,WR,,,,,,,,,,,,,,,,,,,,,,,,,,,
Giles Jackson,,WR,,,,,,,,,,,,,,,,,,,,,,,,,,,
Isaiah Coulter,,WR,,,,,,,,,,,,,,,,,,,,,,,,,,,
Junior Vandeross,,WR,,,,,,,,,,,,,,,,,,,,,,,,,,,
Michael Thomas,,WR,,,,,,,,,,,,,,,,,,,,,,,,,,,
JP Richardson,CHI,WR,,,,,,,,,,,,,,,,,,,,,,,,,,,
Montana Lemonious-Craig,,WR,,,,,,,,,,,,,,,,,,,,,,,,,,,
Jaylen Smith,,WR,,,,,,,,,,,,,,,,,,,,,,,,,,,
Siaosi Mariner,,WR,,,,,,,,,,,,,,,,,,,,,,,,,,,
Grant DuBose,,WR,,,,,,,,,,,,,,,,,,,,,,,,,,,
Justyn Ross,,WR,,,,,,,,,,,,,,,,,,,,,,,,,,,
Keric Wheatfall,,WR,,,,,,,,,,,,,,,,,,,,,,,,,,,
Kade Warner,,WR,,,,,,,,,,,,,,,,,,,,,,,,,,,
Jeff Foreman,,WR,,,,,,,,,,,,,,,,,,,,,,,,,,,
Donatella Luckett,,WR,,,,,,,,,,,,,,,,,,,,,,,,,,,
Mike Harley,,WR,,,,,,,,,,,,,,,,,,,,,,,,,,,
Anthony Turner,,WR,,,,,,,,,,,,,,,,,,,,,,,,,,,
Treyvhon Saunders,HOU,WR,,,,,,,,,,,,,,,,,,,,,,,,,,,
Cedrick Wilson,,WR,,,,,,,,,,,,,,,,,,,,,,,,,,,
Reggie Begelton,,WR,,,,,,,,,,,,,,,,,,,,,,,,,,,
Ayir Asante,,WR,,,,,,,,,,,,,,,,,,,,,,,,,,,
Pig Howard,,WR,,,,,,,,,,,,,,,,,,,,,,,,,,,
Joshua Cephus,,WR,,,,,,,,,,,,,,,,,,,,,,,,,,,
Armanti Foreman,,WR,,,,,,,,,,,,,,,,,,,,,,,,,,,
Kenny Cook,,WR,,,,,,,,,,,,,,,,,,,,,,,,,,,
Tre Nixon,,WR,,,,,,,,,,,,,,,,,,,,,,,,,,,
Marquez North,,WR,,,,,,,,,,,,,,,,,,,,,,,,,,,
Ryan Davis,,WR,,,,,,,,,,,,,,,,,,,,,,,,,,,
Brandon Johnson,PIT,WR,,,,,,,,,,,,,,,,,,,,,,,,,,,
John Hurst,,WR,,,,,,,,,,,,,,,,,,,,,,,,,,,
Josh Reese,,WR,,,,,,,,,,,,,,,,,,,,,,,,,,,
Max Tomczak,,WR,,,,,,,,,,,,,,,,,,,,,,,,,,,
Kirk Merritt,,WR,,,,,,,,,,,,,,,,,,,,,,,,,,,
C.J. Worton,,WR,,,,,,,,,,,,,,,,,,,,,,,,,,,
Spencer Schnell,,WR,,,,,,,,,,,,,,,,,,,,,,,,,,,
Justin Hall,,WR,,,,,,,,,,,,,,,,,,,,,,,,,,,
Jalen Reagor,MIA,WR,,,,,,,,,,,,,,,,,,,,,,,,,,,
Jake Kumerow,,WR,,,,,,,,,,,,,,,,,,,,,,,,,,,
Auden Tate,,WR,,,,,,,,,,,,,,,,,,,,,,,,,,,
Tyler Scott,LV,WR,,,,,,,,,,,,,,,,,,,,,,,,,,,
Ty Fryfogle,,WR,,,,,,,,,,,,,,,,,,,,,,,,,,,
Junior Bergen,,WR,,,,,,,,,,,,,,,,,,,,,,,,,,,
Jermaine Kearse,,WR,,,,,,,,,,,,,,,,,,,,,,,,,,,
Xavier Johnson,,WR,,,,,,,,,,,,,,,,,,,,,,,,,,,
A.T. Perry,,WR,,,,,,,,,,,,,,,,,,,,,,,,,,,
Talolo Limi-Jones,,WR,,,,,,,,,,,,,,,,,,,,,,,,,,,
Luke Grimm,,WR,,,,,,,,,,,,,,,,,,,,,,,,,,,
Trayvon Rudolph,,WR,,,,,,,,,,,,,,,,,,,,,,,,,,,
Easop Winston,,WR,,,,,,,,,,,,,,,,,,,,,,,,,,,
Derrick Johnson,,WR,,,,,,,,,,,,,,,,,,,,,,,,,,,
Joe Walker,,WR,,,,,,,,,,,,,,,,,,,,,,,,,,,
Andre Lindsey,,WR,,,,,,,,,,,,,,,,,,,,,,,,,,,
Krishawn Hogan,,WR,,,,,,,,,,,,,,,,,,,,,,,,,,,
Slade Bolden,,WR,,,,,,,,,,,,,,,,,,,,,,,,,,,
Tony Jones,,WR,,,,,,,,,,,,,,,,,,,,,,,,,,,
Jeff Cotton,,WR,,,,,,,,,,,,,,,,,,,,,,,,,,,
Lance McCutcheon,,WR,,,,,,,,,,,,,,,,,,,,,,,,,,,
Kevin Austin,NO,WR,,,,,,,,,,,,,,,,,,,,,,,,,,,
Eldridge Massington,NO,WR,,,,,,,,,,,,,,,,,,,,,,,,,,,
Bub Means,CLE,WR,,,,,,,,,,,,,,,,,,,,,,,,,,,
Jay Lee,,WR,,,,,,,,,,,,,,,,,,,,,,,,,,,
Milton Wright,,WR,,,,,,,,,,,,,,,,,,,,,,,,,,,
Ihmir Smith-Marsette,CAR,WR,,,,,,,,,,,,,,,,,,,,,,,,,,,
Kameron Brown,,WR,,,,,,,,,,,,,,,,,,,,,,,,,,,
Devin Fuller,,WR,,,,,,,,,,,,,,,,,,,,,,,,,,,
Jared Smart,,WR,,,,,,,,,,,,,,,,,,,,,,,,,,,
Lawrence Keys,DET,WR,,,,,,,,,,,,,,,,,,,,,,,,,,,
Skyler Bell,BUF,WR,,,,,,,,,,,,,,,,,,,,,,,,,,,
Derrick Dillon,,WR,,,,,,,,,,,,,,,,,,,,,,,,,,,
Ray-Ray McCloud,,WR,,,,,,,,,,,,,,,,,,,,,,,,,,,
Kolby Listenbee,,WR,,,,,,,,,,,,,,,,,,,,,,,,,,,
Jimmy Williams,,WR,,,,,,,,,,,,,,,,,,,,,,,,,,,
DT Sheffield,,WR,,,,,,,,,,,,,,,,,,,,,,,,,,,
Josh Pearson,,WR,,,,,,,,,,,,,,,,,,,,,,,,,,,
Kyrese Rowan,NO,WR,,,,,,,,,,,,,,,,,,,,,,,,,,,
Jaydon Mickens,,WR,,,,,,,,,,,,,,,,,,,,,,,,,,,
LaQuvionte Gonzalez,,WR,,,,,,,,,,,,,,,,,,,,,,,,,,,
Quartney Davis,,WR,,,,,,,,,,,,,,,,,,,,,,,,,,,
Derek Wright,,WR,,,,,,,,,,,,,,,,,,,,,,,,,,,
Courtney Jackson,,WR,,,,,,,,,,,,,,,,,,,,,,,,,,,
Trey Palmer,NO,WR,,,,,,,,,,,,,,,,,,,,,,,,,,,
Chris Rowland,,WR,,,,,,,,,,,,,,,,,,,,,,,,,,,
Jalin Hyatt,NYG,WR,,,,,,,,,,,,,,,,,,,,,,,,,,,
Keevan Lucas,,WR,,,,,,,,,,,,,,,,,,,,,,,,,,,
Marcus Rosemy-Jacksaint,,WR,,,,,,,,,,,,,,,,,,,,,,,,,,,
Garett Maag,,WR,,,,,,,,,,,,,,,,,,,,,,,,,,,
Samori Toure,,WR,,,,,,,,,,,,,,,,,,,,,,,,,,,
Henry Ruggs,,WR,,,,,,,,,,,,,,,,,,,,,,,,,,,
Dallas Daniels,,WR,,,,,,,,,,,,,,,,,,,,,,,,,,,
Malik Taylor,,WR,,,,,,,,,,,,,,,,,,,,,,,,,,,
Ra'Shaun Henry,,WR,,,,,,,,,,,,,,,,,,,,,,,,,,,
Dennis Houston,,WR,,,,,,,,,,,,,,,,,,,,,,,,,,,
Jimmie Hunt,,WR,,,,,,,,,,,,,,,,,,,,,,,,,,,
Ja'Kobi Lane,BAL,WR,,,,,,,,,,,,,,,,,,,,,,,,,,,
Jeff Smith,,WR,,,,,,,,,,,,,,,,,,,,,,,,,,,
Van Jefferson,WAS,WR,,,,,,,,,,,,,,,,,,,,,,,,,,,
Ryan Miller,MIA,WR,,,,,,,,,,,,,,,,,,,,,,,,,,,
Geordon Porter,,WR,,,,,,,,,,,,,,,,,,,,,,,,,,,
Breshad Perriman,,WR,,,,,,,,,,,,,,,,,,,,,,,,,,,
Josh Johnson,,WR,,,,,,,,,,,,,,,,,,,,,,,,,,,
Jonathan Adams,,WR,,,,,,,,,,,,,,,,,,,,,,,,,,,
Brock Rechsteiner,,WR,,,,,,,,,,,,,,,,,,,,,,,,,,,
Jadon Janke,,WR,,,,,,,,,,,,,,,,,,,,,,,,,,,
Ify Umodu,,WR,,,,,,,,,,,,,,,,,,,,,,,,,,,
Chris Finke,,WR,,,,,,,,,,,,,,,,,,,,,,,,,,,
Kody Case,,WR,,,,,,,,,,,,,,,,,,,,,,,,,,,
Squirrel White,,WR,,,,,,,,,,,,,,,,,,,,,,,,,,,
Keelan Doss,,WR,,,,,,,,,,,,,,,,,,,,,,,,,,,
Brandon Aiyuk,SF,WR,,,,,,,,,,,,,,,,,,,,,,,,,,,
Pokey Wilson,,WR,,,,,,,,,,,,,,,,,,,,,,,,,,,
Jhamon Ausbon,,WR,,,,,,,,,,,,,,,,,,,,,,,,,,,
Reggie White,,WR,,,,,,,,,,,,,,,,,,,,,,,,,,,
Julio Jones,,WR,,,,,,,,,,,,,,,,,,,,,,,,,,,
Jerome Lane,,WR,,,,,,,,,,,,,,,,,,,,,,,,,,,
Quentin Skinner,,WR,,,,,,,,,,,,,,,,,,,,,,,,,,,
Al Riles,IND,WR,,,,,,,,,,,,,,,,,,,,,,,,,,,
Khalil McClain,,WR,,,,,,,,,,,,,,,,,,,,,,,,,,,
Tyler Harrell,,WR,,,,,,,,,,,,,,,,,,,,,,,,,,,
Tommy Thomas,,WR,,,,,,,,,,,,,,,,,,,,,,,,,,,
Austin Watkins,,WR,,,,,,,,,,,,,,,,,,,,,,,,,,,
Maurice Ffrench,,WR,,,,,,,,,,,,,,,,,,,,,,,,,,,
Antoine Green,,WR,,,,,,,,,,,,,,,,,,,,,,,,,,,
Brenden Rice,,WR,,,,,,,,,,,,,,,,,,,,,,,,,,,
Geronimo Allison,,WR,,,,,,,,,,,,,,,,,,,,,,,,,,,
Erik Ezukanma,,WR,,,,,,,,,,,,,,,,,,,,,,,,,,,
Chris Lacy,,WR,,,,,,,,,,,,,,,,,,,,,,,,,,,
Devante Davis,,WR,,,,,,,,,,,,,,,,,,,,,,,,,,,
Mario Hull,,WR,,,,,,,,,,,,,,,,,,,,,,,,,,,
Reggie Diggs,,WR,,,,,,,,,,,,,,,,,,,,,,,,,,,
Tahj Washington,,WR,,,,,,,,,,,,,,,,,,,,,,,,,,,
Malik Henry,,WR,,,,,,,,,,,,,,,,,,,,,,,,,,,
Speedy Noil,,WR,,,,,,,,,,,,,,,,,,,,,,,,,,,
Jamal Agnew,,WR,,,,,,,,,,,,,,,,,,,,,,,,,,,
Malik Knowles,,WR,,,,,,,,,,,,,,,,,,,,,,,,,,,
Will Hastings,,WR,,,,,,,,,,,,,,,,,,,,,,,,,,,
Kayaune Ross,,WR,,,,,,,,,,,,,,,,,,,,,,,,,,,
Deante' Gray,,WR,,,,,,,,,,,,,,,,,,,,,,,,,,,
Micah Simon,CAR,WR,,,,,,,,,,,,,,,,,,,,,,,,,,,
Winston Wright,,WR,,,,,,,,,,,,,,,,,,,,,,,,,,,
Chad Beebe,,WR,,,,,,,,,,,,,,,,,,,,,,,,,,,
Corey Coleman,,WR,,,,,,,,,,,,,,,,,,,,,,,,,,,
Hayden Hatten,,WR,,,,,,,,,,,,,,,,,,,,,,,,,,,
John Franklin,,WR,,,,,,,,,,,,,,,,,,,,,,,,,,,
D.J. Montgomery,IND,WR,,,,,,,,,,,,,,,,,,,,,,,,,,,
Sean Brown,,WR,,,,,,,,,,,,,,,,,,,,,,,,,,,
Xavier Wade,,WR,,,,,,,,,,,,,,,,,,,,,,,,,,,
Trent Steelman,,WR,,,,,,,,,,,,,,,,,,,,,,,,,,,
Josh Crockett,,WR,,,,,,,,,,,,,,,,,,,,,,,,,,,
Javess Blue,,WR,,,,,,,,,,,,,,,,,,,,,,,,,,,
Josh Malone,,WR,,,,,,,,,,,,,,,,,,,,,,,,,,,
Ventell Bryant,,WR,,,,,,,,,,,,,,,,,,,,,,,,,,,
Taylor Gabriel,,WR,,,,,,,,,,,,,,,,,,,,,,,,,,,
Chris Conley,,WR,,,,,,,,,,,,,,,,,,,,,,,,,,,
Marvin Jones,,WR,,,,,,,,,,,,,,,,,,,,,,,,,,,
Michael Woods,,WR,,,,,,,,,,,,,,,,,,,,,,,,,,,
Devon Allen,,WR,,,,,,,,,,,,,,,,,,,,,,,,,,,
Xavier Ubosi,,WR,,,,,,,,,,,,,,,,,,,,,,,,,,,
Riley Lees,,WR,,,,,,,,,,,,,,,,,,,,,,,,,,,
Manasseh Bailey,,WR,,,,,,,,,,,,,,,,,,,,,,,,,,,
Daniel Arias,,WR,,,,,,,,,,,,,,,,,,,,,,,,,,,
Tyrell Shavers,BUF,WR,,,,,,,,,,,,,,,,,,,,,,,,,,,
Jordan Byrd,,WR,,,,,,,,,,,,,,,,,,,,,,,,,,,
Chase Cota,,WR,,,,,,,,,,,,,,,,,,,,,,,,,,,
Ryan Grant,,WR,,,,,,,,,,,,,,,,,,,,,,,,,,,
Lincoln Victor,,WR,,,,,,,,,,,,,,,,,,,,,,,,,,,
Jalen Williams,,WR,,,,,,,,,,,,,,,,,,,,,,,,,,,
Cornelius Johnson,,WR,,,,,,,,,,,,,,,,,,,,,,,,,,,
Antwan Goodley,,WR,,,,,,,,,,,,,,,,,,,,,,,,,,,
Michael Wortham,JAX,WR,,,,,,,,,,,,,,,,,,,,,,,,,,,
Jaivon Heiligh,,WR,,,,,,,,,,,,,,,,,,,,,,,,,,,
Jayden Higgins,HOU,WR,,,,,,,,,,,,,,,,,,,,,,,,,,,
Shawn Bane,,WR,,,,,,,,,,,,,,,,,,,,,,,,,,,
Colbie Young,CIN,WR,,,,,,,,,,,,,,,,,,,,,,,,,,,
Thayer Thomas,,WR,,,,,,,,,,,,,,,,,,,,,,,,,,,
Shaleak Knotts,,WR,,,,,,,,,,,,,,,,,,,,,,,,,,,
Xavier Restrepo,TEN,WR,,,,,,,,,,,,,,,,,,,,,,,,,,,
Levi Wentz,,WR,,,,,,,,,,,,,,,,,,,,,,,,,,,
Trent Sherfield,BUF,WR,,,,,,,,,,,,,,,,,,,,,,,,,,,
Danny Amendola,,WR,,,,,,,,,,,,,,,,,,,,,,,,,,,
Rashad Medaris,,WR,,,,,,,,,,,,,,,,,,,,,,,,,,,
Justin Shorter,LV,WR,,,,,,,,,,,,,,,,,,,,,,,,,,,
Antonio Nunn,,WR,,,,,,,,,,,,,,,,,,,,,,,,,,,
Dede Westbrook,,WR,,,,,,,,,,,,,,,,,,,,,,,,,,,
Marcell Ateman,,WR,,,,,,,,,,,,,,,,,,,,,,,,,,,
Sahmir Hagans,,WR,,,,,,,,,,,,,,,,,,,,,,,,,,,
Jalen McCleskey,,WR,,,,,,,,,,,,,,,,,,,,,,,,,,,
Cameron Posey,,WR,,,,,,,,,,,,,,,,,,,,,,,,,,,
Raleigh Webb,,WR,,,,,,,,,,,,,,,,,,,,,,,,,,,
Larry Clark,,WR,,,,,,,,,,,,,,,,,,,,,,,,,,,
Victor Bolden,,WR,,,,,,,,,,,,,,,,,,,,,,,,,,,
Isaiah Weston,,WR,,,,,,,,,,,,,,,,,,,,,,,,,,,
Jhajuan Seales,,WR,,,,,,,,,,,,,,,,,,,,,,,,,,,
DJ Chark,,WR,,,,,,,,,,,,,,,,,,,,,,,,,,,
Whop Philyor,,WR,,,,,,,,,,,,,,,,,,,,,,,,,,,
Bryant Mitchell,,WR,,,,,,,,,,,,,,,,,,,,,,,,,,,
Garrett Scantling,ATL,WR,,,,,,,,,,,,,,,,,,,,,,,,,,,
Larry Fitzgerald,,WR,,,,,,,,,,,,,,,,,,,,,,,,,,,
Theo Wease,LAC,WR,,,,,,,,,,,,,,,,,,,,,,,,,,,
Damarr Aultman,,WR,,,,,,,,,,,,,,,,,,,,,,,,,,,
Javon Baker,,WR,,,,,,,,,,,,,,,,,,,,,,,,,,,
Danny Davis,,WR,,,,,,,,,,,,,,,,,,,,,,,,,,,
Moochie Dixon,,WR,,,,,,,,,,,,,,,,,,,,,,,,,,,
Javon Wims,,WR,,,,,,,,,,,,,,,,,,,,,,,,,,,
Tarik Black,,WR,,,,,,,,,,,,,,,,,,,,,,,,,,,
Isaiah McKenzie,,WR,,,,,,,,,,,,,,,,,,,,,,,,,,,
Emmanuel Sanders,,WR,,,,,,,,,,,,,,,,,,,,,,,,,,,
Tajae Sharpe,,WR,,,,,,,,,,,,,,,,,,,,,,,,,,,
Damoun Patterson,,WR,,,,,,,,,,,,,,,,,,,,,,,,,,,
Jeff Badet,,WR,,,,,,,,,,,,,,,,,,,,,,,,,,,
Austin Wolf,,WR,,,,,,,,,,,,,,,,,,,,,,,,,,,
Amba Etta-Tawo,,WR,,,,,,,,,,,,,,,,,,,,,,,,,,,
Kendrick Rogers,,WR,,,,,,,,,,,,,,,,,,,,,,,,,,,
Jamal Robinson,,WR,,,,,,,,,,,,,,,,,,,,,,,,,,,
Andre Levrone,,WR,,,,,,,,,,,,,,,,,,,,,,,,,,,
Seth Roberts,,WR,,,,,,,,,,,,,,,,,,,,,,,,,,,
Kelvin McKnight,,WR,,,,,,,,,,,,,,,,,,,,,,,,,,,
Leon Johnson,,WR,,,,,,,,,,,,,,,,,,,,,,,,,,,
Shakeir Ryan,,WR,,,,,,,,,,,,,,,,,,,,,,,,,,,
DeVante Parker,,WR,,,,,,,,,,,,,,,,,,,,,,,,,,,
Mitch Van Vooren,,WR,,,,,,,,,,,,,,,,,,,,,,,,,,,
Tyron Billy-Johnson,,WR,,,,,,,,,,,,,,,,,,,,,,,,,,,
Kaylon Geiger,,WR,,,,,,,,,,,,,,,,,,,,,,,,,,,
Cody Latimer,,WR,,,,,,,,,,,,,,,,,,,,,,,,,,,
Jamal Custis,,WR,,,,,,,,,,,,,,,,,,,,,,,,,,,
Andy Isabella,,WR,,,,,,,,,,,,,,,,,,,,,,,,,,,
David Sills,TB,WR,,,,,,,,,,,,,,,,,,,,,,,,,,,
Reggie Brown,,WR,,,,,,,,,,,,,,,,,,,,,,,,,,,
Devontres Dukes,,WR,,,,,,,,,,,,,,,,,,,,,,,,,,,
Jordan Williams-Lambert,,WR,,,,,,,,,,,,,,,,,,,,,,,,,,,
Eric Rivers,TB,WR,,,,,,,,,,,,,,,,,,,,,,,,,,,
AJ Henning,MIA,WR,,,,,,,,,,,,,,,,,,,,,,,,,,,
Xavier Rush,,WR,,,,,,,,,,,,,,,,,,,,,,,,,,,
Christian Kirk,SF,WR,,,,,,,,,,,,,,,,,,,,,,,,,,,
Dorian Baker,,WR,,,,,,,,,,,,,,,,,,,,,,,,,,,
B.J. Johnson,,WR,,,,,,,,,,,,,,,,,,,,,,,,,,,
Ishmael Hyman,,WR,,,,,,,,,,,,,,,,,,,,,,,,,,,
Xavier Gipson,PHI,WR,,,,,,,,,,,,,,,,,,,,,,,,,,,
Taye Barber,,WR,,,,,,,,,,,,,,,,,,,,,,,,,,,
Ainias Smith,,WR,,,,,,,,,,,,,,,,,,,,,,,,,,,
Andre Roberts,,WR,,,,,,,,,,,,,,,,,,,,,,,,,,,
Brandon Zylstra,,WR,,,,,,,,,,,,,,,,,,,,,,,,,,,
Cole Burgess,,WR,,,,,,,,,,,,,,,,,,,,,,,,,,,
Jacoby Jones,,WR,,,,,,,,,,,,,,,,,,,,,,,,,,,
Rico Gafford,,WR,,,,,,,,,,,,,,,,,,,,,,,,,,,
Kenzel Doe,,WR,,,,,,,,,,,,,,,,,,,,,,,,,,,
River Cracraft,,WR,,,,,,,,,,,,,,,,,,,,,,,,,,,
Kendric Pryor,,WR,,,,,,,,,,,,,,,,,,,,,,,,,,,
Chris Hogan,,WR,,,,,,,,,,,,,,,,,,,,,,,,,,,
Reggie Virgil,ARI,WR,,,,,,,,,,,,,,,,,,,,,,,,,,,
Eli Stove,,WR,,,,,,,,,,,,,,,,,,,,,,,,,,,
Shemar Bridges,,WR,,,,,,,,,,,,,,,,,,,,,,,,,,,
Donte Sylencieux,,WR,,,,,,,,,,,,,,,,,,,,,,,,,,,
Dax Milne,,WR,,,,,,,,,,,,,,,,,,,,,,,,,,,
Shi Smith,,WR,,,,,,,,,,,,,,,,,,,,,,,,,,,
Gehrig Dieter,,WR,,,,,,,,,,,,,,,,,,,,,,,,,,,
Chris Coleman,,WR,,,,,,,,,,,,,,,,,,,,,,,,,,,
Ja'seem Reed,CAR,WR,,,,,,,,,,,,,,,,,,,,,,,,,,,
Dane Key,DEN,WR,,,,,,,,,,,,,,,,,,,,,,,,,,,
Kevin Shaa,,WR,,,,,,,,,,,,,,,,,,,,,,,,,,,
Isiah Ferguson,,WR,,,,,,,,,,,,,,,,,,,,,,,,,,,
Sergio Bailey,,WR,,,,,,,,,,,,,,,,,,,,,,,,,,,
Devin Phelps,,WR,,,,,,,,,,,,,,,,,,,,,,,,,,,
Scotty Miller,,WR,,,,,,,,,,,,,,,,,,,,,,,,,,,
Tavonn Salter,,WR,,,,,,,,,,,,,,,,,,,,,,,,,,,
Cody Core,,WR,,,,,,,,,,,,,,,,,,,,,,,,,,,
Korey Robertson,,WR,,,,,,,,,,,,,,,,,,,,,,,,,,,
Omari Kelly,,WR,,,,,,,,,,,,,,,,,,,,,,,,,,,
Andrew Parchment,,WR,,,,,,,,,,,,,,,,,,,,,,,,,,,
Cody Chrest,,WR,,,,,,,,,,,,,,,,,,,,,,,,,,,
Chester Rogers,,WR,,,,,,,,,,,,,,,,,,,,,,,,,,,
Gage Larvadain,BAL,WR,,,,,,,,,,,,,,,,,,,,,,,,,,,
E.J. Horton,,WR,,,,,,,,,,,,,,,,,,,,,,,,,,,
Lamar Atkins,,WR,,,,,,,,,,,,,,,,,,,,,,,,,,,
Cam Worthy,,WR,,,,,,,,,,,,,,,,,,,,,,,,,,,
Trent Taylor,,WR,,,,,,,,,,,,,,,,,,,,,,,,,,,
Michael Briscoe,MIN,WR,,,,,,,,,,,,,,,,,,,,,,,,,,,
C.J. Board,,WR,,,,,,,,,,,,,,,,,,,,,,,,,,,
Jaylen Johnson,,WR,,,,,,,,,,,,,,,,,,,,,,,,,,,
Austin Mack,,WR,,,,,,,,,,,,,,,,,,,,,,,,,,,
Zion Bowens,,WR,,,,,,,,,,,,,,,,,,,,,,,,,,,
Jeff Thomas,,WR,,,,,,,,,,,,,,,,,,,,,,,,,,,
Da'Ron Brown,,WR,,,,,,,,,,,,,,,,,,,,,,,,,,,
Daniel Rodriguez,,WR,,,,,,,,,,,,,,,,,,,,,,,,,,,
Donovan Peoples-Jones,,WR,,,,,,,,,,,,,,,,,,,,,,,,,,,
Vinny Anthony,ATL,WR,,,,,,,,,,,,,,,,,,,,,,,,,,,
Sammy Watkins,,WR,,,,,,,,,,,,,,,,,,,,,,,,,,,
Jordan Smallwood,,WR,,,,,,,,,,,,,,,,,,,,,,,,,,,
Trey Quinn,,WR,,,,,,,,,,,,,,,,,,,,,,,,,,,
Brian Cobbs,,WR,,,,,,,,,,,,,,,,,,,,,,,,,,,
Racey McMath,,WR,,,,,,,,,,,,,,,,,,,,,,,,,,,
DeAndre Thompkins,GB,WR,,,,,,,,,,,,,,,,,,,,,,,,,,,
Tejhaun Palmer,,WR,,,,,,,,,,,,,,,,,,,,,,,,,,,
Tyrie Cleveland,,WR,,,,,,,,,,,,,,,,,,,,,,,,,,,
Connor Wedington,,WR,,,,,,,,,,,,,,,,,,,,,,,,,,,
Justice Shelton-Mosley,,WR,,,,,,,,,,,,,,,,,,,,,,,,,,,
Cortrelle Simpson,,WR,,,,,,,,,,,,,,,,,,,,,,,,,,,
Jaaron Hayek,,WR,,,,,,,,,,,,,,,,,,,,,,,,,,,
Jaden Bradley,WAS,WR,,,,,,,,,,,,,,,,,,,,,,,,,,,
Allen Hurns,MIA,WR,,,,,,,,,,,,,,,,,,,,,,,,,,,
Gabe Davis,,WR,,,,,,,,,,,,,,,,,,,,,,,,,,,
Tru Edwards,,WR,,,,,,,,,,,,,,,,,,,,,,,,,,,
Justin Lockhart,,WR,,,,,,,,,,,,,,,,,,,,,,,,,,,
Warren Jackson,,WR,,,,,,,,,,,,,,,,,,,,,,,,,,,
Mike Thomas,,WR,,,,,,,,,,,,,,,,,,,,,,,,,,,
Nick DeGennaro,,WR,,,,,,,,,,,,,,,,,,,,,,,,,,,
Malik Heath,ATL,WR,,,,,,,,,,,,,,,,,,,,,,,,,,,
Omar Cooper,NYJ,WR,,,,,,,,,,,,,,,,,,,,,,,,,,,
Makai Polk,,WR,,,,,,,,,,,,,,,,,,,,,,,,,,,
T.J. Rahming,,WR,,,,,,,,,,,,,,,,,,,,,,,,,,,
Byron Pringle,,WR,,,,,,,,,,,,,,,,,,,,,,,,,,,
Sam Brown,,WR,,,,,,,,,,,,,,,,,,,,,,,,,,,
Robert Foster,,WR,,,,,,,,,,,,,,,,,,,,,,,,,,,
Sam Wiglusz,,WR,,,,,,,,,,,,,,,,,,,,,,,,,,,
Josh Hammond,,WR,,,,,,,,,,,,,,,,,,,,,,,,,,,
Beau Corrales,,WR,,,,,,,,,,,,,,,,,,,,,,,,,,,
Elijah Marks,,WR,,,,,,,,,,,,,,,,,,,,,,,,,,,
Camden Brown,DAL,WR,,,,,,,,,,,,,,,,,,,,,,,,,,,
Ketron Jackson,,WR,,,,,,,,,,,,,,,,,,,,,,,,,,,
Austin Proehl,,WR,,,,,,,,,,,,,,,,,,,,,,,,,,,
Jalen Virgil,,WR,,,,,,,,,,,,,,,,,,,,,,,,,,,
Jaelen Gill,,WR,,,,,,,,,,,,,,,,,,,,,,,,,,,
Cyril Grayson,,WR,,,,,,,,,,,,,,,,,,,,,,,,,,,
T.J. Luther,,WR,,,,,,,,,,,,,,,,,,,,,,,,,,,
Mekale McKay,,WR,,,,,,,,,,,,,,,,,,,,,,,,,,,
Malick Meiga,SEA,WR,,,,,,,,,,,,,,,,,,,,,,,,,,,
Zay Jones,,WR,,,,,,,,,,,,,,,,,,,,,,,,,,,
Cameron Dorner,NE,WR,,,,,,,,,,,,,,,,,,,,,,,,,,,
Thomas Hennigan,,WR,,,,,,,,,,,,,,,,,,,,,,,,,,,
Jordyn Tyson,NO,WR,,,,,,,,,,,,,,,,,,,,,,,,,,,
Malcolm Perry,,WR,,,,,,,,,,,,,,,,,,,,,,,,,,,
Noel Thomas,,WR,,,,,,,,,,,,,,,,,,,,,,,,,,,
Taj Williams,,WR,,,,,,,,,,,,,,,,,,,,,,,,,,,
Michael Young,,WR,,,,,,,,,,,,,,,,,,,,,,,,,,,
Noah Short,,WR,,,,,,,,,,,,,,,,,,,,,,,,,,,
Coleman Owen,,WR,,,,,,,,,,,,,,,,,,,,,,,,,,,
Travis Fulgham,,WR,,,,,,,,,,,,,,,,,,,,,,,,,,,
Papi White,,WR,,,,,,,,,,,,,,,,,,,,,,,,,,,
Trishton Jackson,,WR,,,,,,,,,,,,,,,,,,,,,,,,,,,
Daylen Baldwin,,WR,,,,,,,,,,,,,,,,,,,,,,,,,,,
Darius Lassiter,,WR,,,,,,,,,,,,,,,,,,,,,,,,,,,
Dylan Drummond,ATL,WR,,,,,,,,,,,,,,,,,,,,,,,,,,,
Richard Mullaney,,WR,,,,,,,,,,,,,,,,,,,,,,,,,,,
De'Mornay Pierson-El,,WR,,,,,,,,,,,,,,,,,,,,,,,,,,,
Nate McCollum,,WR,,,,,,,,,,,,,,,,,,,,,,,,,,,
Levern Jacobs,,WR,,,,,,,,,,,,,,,,,,,,,,,,,,,
Mac Hippenhammer,,WR,,,,,,,,,,,,,,,,,,,,,,,,,,,
Fred Brown,,WR,,,,,,,,,,,,,,,,,,,,,,,,,,,
John Jiles,,WR,,,,,,,,,,,,,,,,,,,,,,,,,,,
Odell Beckham,NYG,WR,,,,,,,,,,,,,,,,,,,,,,,,,,,
Malcolm Lewis,,WR,,,,,,,,,,,,,,,,,,,,,,,,,,,
Jalen Wayne,,WR,,,,,,,,,,,,,,,,,,,,,,,,,,,
Kisean Johnson,,WR,,,,,,,,,,,,,,,,,,,,,,,,,,,
DeAndre Reaves,,WR,,,,,,,,,,,,,,,,,,,,,,,,,,,
Stanley Berryhill,,WR,,,,,,,,,,,,,,,,,,,,,,,,,,,
Robert Woods,,WR,,,,,,,,,,,,,,,,,,,,,,,,,,,
Shedrick Jackson,BAL,WR,,,,,,,,,,,,,,,,,,,,,,,,,,,
Terrace Marshall,,WR,,,,,,,,,,,,,,,,,,,,,,,,,,,
Nick Holley,,WR,,,,,,,,,,,,,,,,,,,,,,,,,,,
T.Y. Hilton,,WR,,,,,,,,,,,,,,,,,,,,,,,,,,,
Jeremiah Webb,NE,WR,,,,,,,,,,,,,,,,,,,,,,,,,,,
Damion Ratley,,WR,,,,,,,,,,,,,,,,,,,,,,,,,,,
Paul Richardson,,WR,,,,,,,,,,,,,,,,,,,,,,,,,,,
Dillon Stoner,,WR,,,,,,,,,,,,,,,,,,,,,,,,,,,
Kaylon Horton,,WR,,,,,,,,,,,,,,,,,,,,,,,,,,,
Dominic Lovett,DET,WR,,,,,,,,,,,,,,,,,,,,,,,,,,,
Gavin Lutman,,WR,,,,,,,,,,,,,,,,,,,,,,,,,,,
Dont'e Thornton,LV,WR,,,,,,,,,,,,,,,,,,,,,,,,,,,
Jaray Jenkins,,WR,,,,,,,,,,,,,,,,,,,,,,,,,,,
Rashad Rochelle,,WR,,,,,,,,,,,,,,,,,,,,,,,,,,,
Jeff Weimer,,WR,,,,,,,,,,,,,,,,,,,,,,,,,,,
Jonathan Brady,,WR,,,,,,,,,,,,,,,,,,,,,,,,,,,
Jalen Camp,,WR,,,,,,,,,,,,,,,,,,,,,,,,,,,
Amir Carlisle,,WR,,,,,,,,,,,,,,,,,,,,,,,,,,,
Valdez Showers,,WR,,,,,,,,,,,,,,,,,,,,,,,,,,,
Mante Morrow,,WR,,,,,,,,,,,,,,,,,,,,,,,,,,,
Joaquin Davis,,WR,,,,,,,,,,,,,,,,,,,,,,,,,,,
Oliver Martin,,WR,,,,,,,,,,,,,,,,,,,,,,,,,,,
Dimitri Stanley,,WR,,,,,,,,,,,,,,,,,,,,,,,,,,,
Dan Chisena,,WR,,,,,,,,,,,,,,,,,,,,,,,,,,,
Arian Smith,NYJ,WR,,,,,,,,,,,,,,,,,,,,,,,,,,,
Justice Liggins,,WR,,,,,,,,,,,,,,,,,,,,,,,,,,,
Jha'Quan Jackson,,WR,,,,,,,,,,,,,,,,,,,,,,,,,,,
Rory Starkey,,WR,,,,,,,,,,,,,,,,,,,,,,,,,,,
Deon Cain,,WR,,,,,,,,,,,,,,,,,,,,,,,,,,,
Darreus Rogers,,WR,,,,,,,,,,,,,,,,,,,,,,,,,,,
Shawn Poindexter,,WR,,,,,,,,,,,,,,,,,,,,,,,,,,,
Jack Sorenson,,WR,,,,,,,,,,,,,,,,,,,,,,,,,,,
Emeka Emezie,,WR,,,,,,,,,,,,,,,,,,,,,,,,,,,
Dalton Schoen,,WR,,,,,,,,,,,,,,,,,,,,,,,,,,,
Robert Wheelwright,,WR,,,,,,,,,,,,,,,,,,,,,,,,,,,
Travis Jonsen,,WR,,,,,,,,,,,,,,,,,,,,,,,,,,,
Isaiah McKoy,,WR,,,,,,,,,,,,,,,,,,,,,,,,,,,
Jehu Chesson,,WR,,,,,,,,,,,,,,,,,,,,,,,,,,,
Zimari Manning,,WR,,,,,,,,,,,,,,,,,,,,,,,,,,,
Dres Anderson,,WR,,,,,,,,,,,,,,,,,,,,,,,,,,,
Matt Fleming,,WR,,,,,,,,,,,,,,,,,,,,,,,,,,,
Trevor Davis,,WR,,,,,,,,,,,,,,,,,,,,,,,,,,,
Chris Autman-Bell,,WR,,,,,,,,,,,,,,,,,,,,,,,,,,,
Dee Eskridge,,WR,,,,,,,,,,,,,,,,,,,,,,,,,,,
Jarvis Landry,,WR,,,,,,,,,,,,,,,,,,,,,,,,,,,
Cole Beasley,,WR,,,,,,,,,,,,,,,,,,,,,,,,,,,
Cedric Tillman,NO,WR,,,,,,,,,,,,,,,,,,,,,,,,,,,
Cornell Powell,,WR,,,,,,,,,,,,,,,,,,,,,,,,,,,
Dez Bryant,,WR,,,,,,,,,,,,,,,,,,,,,,,,,,,
JoJo Ward,,WR,,,,,,,,,,,,,,,,,,,,,,,,,,,
Tre Walker,,WR,,,,,,,,,,,,,,,,,,,,,,,,,,,
Trevon Grimes,,WR,,,,,,,,,,,,,,,,,,,,,,,,,,,
Scotty Washington,,WR,,,,,,,,,,,,,,,,,,,,,,,,,,,
DeSean Jackson,,WR,,,,,,,,,,,,,,,,,,,,,,,,,,,
Duece Watts,,WR,,,,,,,,,,,,,,,,,,,,,,,,,,,
Johnathon Johnson,,WR,,,,,,,,,,,,,,,,,,,,,,,,,,,
Keelan Cole,,WR,,,,,,,,,,,,,,,,,,,,,,,,,,,
DJ Turner,,WR,,,,,,,,,,,,,,,,,,,,,,,,,,,
Antonio Brown,,WR,,,,,,,,,,,,,,,,,,,,,,,,,,,
Jacob De Jesus,,WR,,,,,,,,,,,,,,,,,,,,,,,,,,,
Terrill Davis,,WR,,,,,,,,,,,,,,,,,,,,,,,,,,,
Chase Roberts,,WR,,,,,,,,,,,,,,,,,,,,,,,,,,,
John Diarse,,WR,,,,,,,,,,,,,,,,,,,,,,,,,,,
Jalen Sample,,WR,,,,,,,,,,,,,,,,,,,,,,,,,,,
John Harris,,WR,,,,,,,,,,,,,,,,,,,,,,,,,,,
Hank Beatty,,WR,,,,,,,,,,,,,,,,,,,,,,,,,,,
Emmanuel Henderson,SEA,WR,,,,,,,,,,,,,,,,,,,,,,,,,,,
Cortez Braham,,WR,,,,,,,,,,,,,,,,,,,,,,,,,,,
Juwann Winfree,,WR,,,,,,,,,,,,,,,,,,,,,,,,,,,
Jack Bech,LV,WR,,,,,,,,,,,,,,,,,,,,,,,,,,,
Braxton Burmeister,,WR,,,,,,,,,,,,,,,,,,,,,,,,,,,
Stephen Guidry,,WR,,,,,,,,,,,,,,,,,,,,,,,,,,,
Quenton Bundrage,,WR,,,,,,,,,,,,,,,,,,,,,,,,,,,
Julian Hicks,SEA,WR,,,,,,,,,,,,,,,,,,,,,,,,,,,
Keshunn Abram,,WR,,,,,,,,,,,,,,,,,,,,,,,,,,,
Jordan Bly,,WR,,,,,,,,,,,,,,,,,,,,,,,,,,,
Quintez Cephus,,WR,,,,,,,,,,,,,,,,,,,,,,,,,,,
Jake Herslow,,WR,,,,,,,,,,,,,,,,,,,,,,,,,,,
Michael Crabtree,,WR,,,,,,,,,,,,,,,,,,,,,,,,,,,
Chris Brown,,WR,,,,,,,,,,,,,,,,,,,,,,,,,,,
Kyle Sheets,,WR,,,,,,,,,,,,,,,,,,,,,,,,,,,
Joseph Scates,,WR,,,,,,,,,,,,,,,,,,,,,,,,,,,
Ajou Ajou,,WR,,,,,,,,,,,,,,,,,,,,,,,,,,,
Jimmy Kibble,,WR,,,,,,,,,,,,,,,,,,,,,,,,,,,
Jacob Copeland,,WR,,,,,,,,,,,,,,,,,,,,,,,,,,,
Josh Magee,,WR,,,,,,,,,,,,,,,,,,,,,,,,,,,
Taylor Morin,,WR,,,,,,,,,,,,,,,,,,,,,,,,,,,
Landen Akers,,WR,,,,,,,,,,,,,,,,,,,,,,,,,,,
Changa Hodge,,WR,,,,,,,,,,,,,,,,,,,,,,,,,,,
Kasey Closs,,WR,,,,,,,,,,,,,,,,,,,,,,,,,,,
Will Pauling,SF,WR,,,,,,,,,,,,,,,,,,,,,,,,,,,
Corey Crooms,,WR,,,,,,,,,,,,,,,,,,,,,,,,,,,
Trenton Irwin,,WR,,,,,,,,,,,,,,,,,,,,,,,,,,,
Quincy Enunwa,,WR,,,,,,,,,,,,,,,,,,,,,,,,,,,
Octavian Smith,,WR,,,,,,,,,,,,,,,,,,,,,,,,,,,
Hal Presley,,WR,,,,,,,,,,,,,,,,,,,,,,,,,,,
Austin Duke,,WR,,,,,,,,,,,,,,,,,,,,,,,,,,,
Kwamie Lassiter,,WR,,,,,,,,,,,,,,,,,,,,,,,,,,,
Mario Williams,,WR,,,,,,,,,,,,,,,,,,,,,,,,,,,
Corey Sutton,,WR,,,,,,,,,,,,,,,,,,,,,,,,,,,
Dante Wright,,WR,,,,,,,,,,,,,,,,,,,,,,,,,,,
Zach Mathis,,WR,,,,,,,,,,,,,,,,,,,,,,,,,,,
Allen Robinson,,WR,,,,,,,,,,,,,,,,,,,,,,,,,,,
John Brown,,WR,,,,,,,,,,,,,,,,,,,,,,,,,,,
Moose Muhammad,,WR,,,,,,,,,,,,,,,,,,,,,,,,,,,
Kevin Snead,,WR,,,,,,,,,,,,,,,,,,,,,,,,,,,
Tyre Brady,,WR,,,,,,,,,,,,,,,,,,,,,,,,,,,
Keyarris Garrett,,WR,,,,,,,,,,,,,,,,,,,,,,,,,,,
Jalen Walthall,,WR,,,,,,,,,,,,,,,,,,,,,,,,,,,
Tyler Vaughns,,WR,,,,,,,,,,,,,,,,,,,,,,,,,,,
Myron Mitchell,,WR,,,,,,,,,,,,,,,,,,,,,,,,,,,
Nick Nash,,WR,,,,,,,,,,,,,,,,,,,,,,,,,,,
Antoine Wesley,,WR,,,,,,,,,,,,,,,,,,,,,,,,,,,
David Bell,,WR,,,,,,,,,,,,,,,,,,,,,,,,,,,
Amari Rodgers,,WR,,,,,,,,,,,,,,,,,,,,,,,,,,,
Chase Cota,,WR,,,,,,,,,,,,,,,,,,,,,,,,,,,
Kyric McGowan,,WR,,,,,,,,,,,,,,,,,,,,,,,,,,,
DaVaris Daniels,,WR,,,,,,,,,,,,,,,,,,,,,,,,,,,
Demetrius Wilson,,WR,,,,,,,,,,,,,,,,,,,,,,,,,,,
Deonte Harty,,WR,,,,,,,,,,,,,,,,,,,,,,,,,,,
Bobo Wilson,,WR,,,,,,,,,,,,,,,,,,,,,,,,,,,
Kyle Dixon,NE,WR,,,,,,,,,,,,,,,,,,,,,,,,,,,
Roderick Daniels,,WR,,,,,,,,,,,,,,,,,,,,,,,,,,,
Chad Hansen,,WR,,,,,,,,,,,,,,,,,,,,,,,,,,,
Julian Edelman,,WR,,,,,,,,,,,,,,,,,,,,,,,,,,,
Keeon Johnson,,WR,,,,,,,,,,,,,,,,,,,,,,,,,,,
Cade McDonald,,WR,,,,,,,,,,,,,,,,,,,,,,,,,,,
Da'Mari Scott,,WR,,,,,,,,,,,,,,,,,,,,,,,,,,,
Equanimeous St. Brown,,WR,,,,,,,,,,,,,,,,,,,,,,,,,,,
Marcus Lucas,,WR,,,,,,,,,,,,,,,,,,,,,,,,,,,
Hunter Renfrow,,WR,,,,,,,,,,,,,,,,,,,,,,,,,,,
Francis Owusu,,WR,,,,,,,,,,,,,,,,,,,,,,,,,,,
Romell Guerrier,,WR,,,,,,,,,,,,,,,,,,,,,,,,,,,
Monty Madaris,,WR,,,,,,,,,,,,,,,,,,,,,,,,,,,
Shaq Hill,,WR,,,,,,,,,,,,,,,,,,,,,,,,,,,
Detrich Clark,,WR,,,,,,,,,,,,,,,,,,,,,,,,,,,
Jalen Greene,,WR,,,,,,,,,,,,,,,,,,,,,,,,,,,
Rodney Adams,,WR,,,,,,,,,,,,,,,,,,,,,,,,,,,
Shane Leatherbury,,WR,,,,,,,,,,,,,,,,,,,,,,,,,,,
Willie Johnson,,WR,,,,,,,,,,,,,,,,,,,,,,,,,,,
Damon Hazelton,,WR,,,,,,,,,,,,,,,,,,,,,,,,,,,
James Proche,,WR,,,,,,,,,,,,,,,,,,,,,,,,,,,
Tyler Lockett,,WR,,,,,,,,,,,,,,,,,,,,,,,,,,,
Rico Bussey,,WR,,,,,,,,,,,,,,,,,,,,,,,,,,,
Dakota Caton,,WR,,,,,,,,,,,,,,,,,,,,,,,,,,,
Bailey Gaither,,WR,,,,,,,,,,,,,,,,,,,,,,,,,,,
Damion Jeanpiere,,WR,,,,,,,,,,,,,,,,,,,,,,,,,,,
C.J. Duncan,,WR,,,,,,,,,,,,,,,,,,,,,,,,,,,
Monaray Baldwin,,WR,,,,,,,,,,,,,,,,,,,,,,,,,,,
Andrew Armstrong,KC,WR,,,,,,,,,,,,,,,,,,,,,,,,,,,
Brandon Powell,,WR,,,,,,,,,,,,,,,,,,,,,,,,,,,
Kekoa Crawford,,WR,,,,,,,,,,,,,,,,,,,,,,,,,,,
Eric McAlister,,WR,,,,,,,,,,,,,,,,,,,,,,,,,,,
Jaleel Scott,,WR,,,,,,,,,,,,,,,,,,,,,,,,,,,
Tony Stevens,,WR,,,,,,,,,,,,,,,,,,,,,,,,,,,
Avery Davis,,WR,,,,,,,,,,,,,,,,,,,,,,,,,,,
Dennis Parks,,WR,,,,,,,,,,,,,,,,,,,,,,,,,,,
Karel Hamilton,,WR,,,,,,,,,,,,,,,,,,,,,,,,,,,
Taywan Taylor,,WR,,,,,,,,,,,,,,,,,,,,,,,,,,,
Dazz Newsome,,WR,,,,,,,,,,,,,,,,,,,,,,,,,,,
Jester Weah,,WR,,,,,,,,,,,,,,,,,,,,,,,,,,,
Daurice Fountain,,WR,,,,,,,,,,,,,,,,,,,,,,,,,,,
Isaiah Wooden,,WR,,,,,,,,,,,,,,,,,,,,,,,,,,,
George Campbell,,WR,,,,,,,,,,,,,,,,,,,,,,,,,,,
T.J. Jones,,WR,,,,,,,,,,,,,,,,,,,,,,,,,,,
Devin Ross,,WR,,,,,,,,,,,,,,,,,,,,,,,,,,,
Tre Mosley,,WR,,,,,,,,,,,,,,,,,,,,,,,,,,,
Kaden Davis,CHI,WR,,,,,,,,,,,,,,,,,,,,,,,,,,,
OJ Hiliare,,WR,,,,,,,,,,,,,,,,,,,,,,,,,,,
JJ Laap,,WR,,,,,,,,,,,,,,,,,,,,,,,,,,,
Adam Thielen,,WR,,,,,,,,,,,,,,,,,,,,,,,,,,,
Landon Lenoir,,WR,,,,,,,,,,,,,,,,,,,,,,,,,,,
Darius Prince,,WR,,,,,,,,,,,,,,,,,,,,,,,,,,,
Chris Tyree,,WR,,,,,,,,,,,,,,,,,,,,,,,,,,,
Joe Horn,,WR,,,,,,,,,,,,,,,,,,,,,,,,,,,
KeVonn Mabon,,WR,,,,,,,,,,,,,,,,,,,,,,,,,,,
Jared Dangerfield,,WR,,,,,,,,,,,,,,,,,,,,,,,,,,,
Marquez Stevenson,,WR,,,,,,,,,,,,,,,,,,,,,,,,,,,
Xavier Guillory,BAL,WR,,,,,,,,,,,,,,,,,,,,,,,,,,,
Fred Trevillion,,WR,,,,,,,,,,,,,,,,,,,,,,,,,,,
Lacoltan Bester,,WR,,,,,,,,,,,,,,,,,,,,,,,,,,,
Kyron Hudson,,WR,,,,,,,,,,,,,,,,,,,,,,,,,,,
Davon Grayson,,WR,,,,,,,,,,,,,,,,,,,,,,,,,,,
Brisly Estime,,WR,,,,,,,,,,,,,,,,,,,,,,,,,,,
Mason Kinsey,,WR,,,,,,,,,,,,,,,,,,,,,,,,,,,
C.J. Charleston,,WR,,,,,,,,,,,,,,,,,,,,,,,,,,,
Traeshon Holden,,WR,,,,,,,,,,,,,,,,,,,,,,,,,,,
Antwane Wells,ATL,WR,,,,,,,,,,,,,,,,,,,,,,,,,,,
Mecole Hardman,,WR,,,,,,,,,,,,,,,,,,,,,,,,,,,
Silas Bolden,,WR,,,,,,,,,,,,,,,,,,,,,,,,,,,
Germone Hopper,,WR,,,,,,,,,,,,,,,,,,,,,,,,,,,
Mitch Mathews,,WR,,,,,,,,,,,,,,,,,,,,,,,,,,,
Isaiah Hodgins,PIT,WR,,,,,,,,,,,,,,,,,,,,,,,,,,,
Cam Johnson,,WR,,,,,,,,,,,,,,,,,,,,,,,,,,,
Austin Carr,,WR,,,,,,,,,,,,,,,,,,,,,,,,,,,
KJ Hill,LAC,WR,,,,,,,,,,,,,,,,,,,,,,,,,,,
Ramel Keyton,,WR,,,,,,,,,,,,,,,,,,,,,,,,,,,
Jeff Caldwell,KC,WR,,,,,,,,,,,,,,,,,,,,,,,,,,,
Kyle Philips,,WR,,,,,,,,,,,,,,,,,,,,,,,,,,,
Dredrick Snelson,,WR,,,,,,,,,,,,,,,,,,,,,,,,,,,
Anthony Dable,,WR,,,,,,,,,,,,,,,,,,,,,,,,,,,
Sy Barnett,,WR,,,,,,,,,,,,,,,,,,,,,,,,,,,
Jaquarii Roberson,,WR,,,,,,,,,,,,,,,,,,,,,,,,,,,
Chase Claypool,,WR,,,,,,,,,,,,,,,,,,,,,,,,,,,
Kendrick Ings,,WR,,,,,,,,,,,,,,,,,,,,,,,,,,,
Nick Easley,,WR,,,,,,,,,,,,,,,,,,,,,,,,,,,
Jamire Jordan,,WR,,,,,,,,,,,,,,,,,,,,,,,,,,,
Harrison Wallace,ARI,WR,,,,,,,,,,,,,,,,,,,,,,,,,,,
Josh Vann,,WR,,,,,,,,,,,,,,,,,,,,,,,,,,,
Savon Scarver,,WR,,,,,,,,,,,,,,,,,,,,,,,,,,,
Marchie Murdock,,WR,,,,,,,,,,,,,,,,,,,,,,,,,,,
Chris Hilton,,WR,,,,,,,,,,,,,,,,,,,,,,,,,,,
Trebor Pena,JAX,WR,,,,,,,,,,,,,,,,,,,,,,,,,,,
Brennan Eagles,,WR,,,,,,,,,,,,,,,,,,,,,,,,,,,
Darius Davis,,WR,,,,,,,,,,,,,,,,,,,,,,,,,,,
Phillip Brooks,,WR,,,,,,,,,,,,,,,,,,,,,,,,,,,
Kendall Hinton,,WR,,,,,,,,,,,,,,,,,,,,,,,,,,,
Aaron Anderson,,WR,,,,,,,,,,,,,,,,,,,,,,,,,,,
Kai Locksley,,WR,,,,,,,,,,,,,,,,,,,,,,,,,,,
John Hightower,,WR,,,,,,,,,,,,,,,,,,,,,,,,,,,
Kenny Bell,,WR,,,,,,,,,,,,,,,,,,,,,,,,,,,
Alec Pierce,IND,WR,,,,,,,,,,,,,,,,,,,,,,,,,,,
Alex Wesley,,WR,,,,,,,,,,,,,,,,,,,,,,,,,,,
Stanley Morgan,,WR,,,,,,,,,,,,,,,,,,,,,,,,,,,
Ja'Mori Maclin,BUF,WR,,,,,,,,,,,,,,,,,,,,,,,,,,,
Braydon Johnson,,WR,,,,,,,,,,,,,,,,,,,,,,,,,,,
Danny Anthrop,,WR,,,,,,,,,,,,,,,,,,,,,,,,,,,
Chris Brazzell,CAR,WR,,,,,,,,,,,,,,,,,,,,,,,,,,,
Dalen Cambre,NYG,WR,,,,,,,,,,,,,,,,,,,,,,,,,,,
Stephen Gosnell,BUF,WR,,,,,,,,,,,,,,,,,,,,,,,,,,,
Ted Ginn,,WR,,,,,,,,,,,,,,,,,,,,,,,,,,,
Michael Bandy,DEN,WR,,,,,,,,,,,,,,,,,,,,,,,,,,,
Jonah Trinnaman,,WR,,,,,,,,,,,,,,,,,,,,,,,,,,,
Josh Gordon,,WR,,,,,,,,,,,,,,,,,,,,,,,,,,,
Ahmad Fulwood,,WR,,,,,,,,,,,,,,,,,,,,,,,,,,,
Jaelon Acklin,,WR,,,,,,,,,,,,,,,,,,,,,,,,,,,
Je'Quan Burton,,WR,,,,,,,,,,,,,,,,,,,,,,,,,,,
Bryce Bobo,,WR,,,,,,,,,,,,,,,,,,,,,,,,,,,
Kobe Hudson,,WR,,,,,,,,,,,,,,,,,,,,,,,,,,,
Praise Olatoke,,WR,,,,,,,,,,,,,,,,,,,,,,,,,,,
Mike Williams,,WR,,,,,,,,,,,,,,,,,,,,,,,,,,,
Michael Rector,,WR,,,,,,,,,,,,,,,,,,,,,,,,,,,
Amari Cooper,,WR,,,,,,,,,,,,,,,,,,,,,,,,,,,
Cayleb Jones,,WR,,,,,,,,,,,,,,,,,,,,,,,,,,,
Keith Kirkwood,,WR,,,,,,,,,,,,,,,,,,,,,,,,,,,
Jaxon Janke,,WR,,,,,,,,,,,,,,,,,,,,,,,,,,,
Tim Wilson,,WR,,,,,,,,,,,,,,,,,,,,,,,,,,,
Samson Nacua,,WR,,,,,,,,,,,,,,,,,,,,,,,,,,,
Dontrelle Inman,,WR,,,,,,,,,,,,,,,,,,,,,,,,,,,
Kyre Duplessis,,WR,,,,,,,,,,,,,,,,,,,,,,,,,,,
Aaron Fuller,,WR,,,,,,,,,,,,,,,,,,,,,,,,,,,
Tyler Hudson,,WR,,,,,,,,,,,,,,,,,,,,,,,,,,,
Ryan Switzer,,WR,,,,,,,,,,,,,,,,,,,,,,,,,,,
JaQuae Jackson,,WR,,,,,,,,,,,,,,,,,,,,,,,,,,,
Kaden Prather,,WR,,,,,,,,,,,,,,,,,,,,,,,,,,,
Darrell Stewart,,WR,,,,,,,,,,,,,,,,,,,,,,,,,,,
Diontae Johnson,,WR,,,,,,,,,,,,,,,,,,,,,,,,,,,
Geremy Davis,,WR,,,,,,,,,,,,,,,,,,,,,,,,,,,
Colby Pearson,,WR,,,,,,,,,,,,,,,,,,,,,,,,,,,
Gunner Olszewski,NYG,WR,,,,,,,,,,,,,,,,,,,,,,,,,,,
A.J. Brown,NE,WR,,,,,,,,,,,,,,,,,,,,,,,,,,,
Kawaan Baker,,WR,,,,,,,,,,,,,,,,,,,,,,,,,,,
Cam Camper,,WR,,,,,,,,,,,,,,,,,,,,,,,,,,,
Rashard Higgins,,WR,,,,,,,,,,,,,,,,,,,,,,,,,,,
Darvin Kidsy,,WR,,,,,,,,,,,,,,,,,,,,,,,,,,,
Ricky Collins,,WR,,,,,,,,,,,,,,,,,,,,,,,,,,,
De'Zhaun Stribling,SF,WR,,,,,,,,,,,,,,,,,,,,,,,,,,,
Dez Fitzpatrick,,WR,,,,,,,,,,,,,,,,,,,,,,,,,,,
Josh Reynolds,,WR,,,,,,,,,,,,,,,,,,,,,,,,,,,
Damiere Byrd,,WR,,,,,,,,,,,,,,,,,,,,,,,,,,,
Jelani Baker,,WR,,,,,,,,,,,,,,,,,,,,,,,,,,,
Jaylon Moore,,WR,,,,,,,,,,,,,,,,,,,,,,,,,,,
Shay Fields,,WR,,,,,,,,,,,,,,,,,,,,,,,,,,,
Kalil Pimpleton,,WR,,,,,,,,,,,,,,,,,,,,,,,,,,,
Robert Davis,,WR,,,,,,,,,,,,,,,,,,,,,,,,,,,
Andrei Iosivas,CIN,WR,,,,,,,,,,,,,,,,,,,,,,,,,,,
Devin Carter,,WR,,,,,,,,,,,,,,,,,,,,,,,,,,,
DeAndre Carter,,WR,,,,,,,,,,,,,,,,,,,,,,,,,,,
Jake Wieneke,,WR,,,,,,,,,,,,,,,,,,,,,,,,,,,
Dez Stewart,,WR,,,,,,,,,,,,,,,,,,,,,,,,,,,
Seth Dawkins,,WR,,,,,,,,,,,,,,,,,,,,,,,,,,,
Sean Ryan,,WR,,,,,,,,,,,,,,,,,,,,,,,,,,,
Daniel Williams,,WR,,,,,,,,,,,,,,,,,,,,,,,,,,,
Jamison Crowder,,WR,,,,,,,,,,,,,,,,,,,,,,,,,,,
Carlos Henderson,,WR,,,,,,,,,,,,,,,,,,,,,,,,,,,
Eli Pancol,IND,WR,,,,,,,,,,,,,,,,,,,,,,,,,,,
Keilahn Harris,,WR,,,,,,,,,,,,,,,,,,,,,,,,,,,
Mekhi Mews,,WR,,,,,,,,,,,,,,,,,,,,,,,,,,,
Marquez Clark,,WR,,,,,,,,,,,,,,,,,,,,,,,,,,,
Treveyon Pratt,,WR,,,,,,,,,,,,,,,,,,,,,,,,,,,
Joseph Ngata,,WR,,,,,,,,,,,,,,,,,,,,,,,,,,,
Tim Patrick,NYJ,WR,,,,,,,,,,,,,,,,,,,,,,,,,,,
Jacob Harris,,WR,,,,,,,,,,,,,,,,,,,,,,,,,,,
Floyd Allen,,WR,,,,,,,,,,,,,,,,,,,,,,,,,,,
Phil Lutz,,WR,,,,,,,,,,,,,,,,,,,,,,,,,,,
Irv Charles,SEA,WR,,,,,,,,,,,,,,,,,,,,,,,,,,,
Darece Roberson,,WR,,,,,,,,,,,,,,,,,,,,,,,,,,,
Dayton Wade,,WR,,,,,,,,,,,,,,,,,,,,,,,,,,,
Jalen Guyton,,WR,,,,,,,,,,,,,,,,,,,,,,,,,,,
Malachi Carter,,WR,,,,,,,,,,,,,,,,,,,,,,,,,,,
Deven Thompkins,LV,WR,,,,,,,,,,,,,,,,,,,,,,,,,,,
Josh Doctson,,WR,,,,,,,,,,,,,,,,,,,,,,,,,,,
Marcus Johnson,,WR,,,,,,,,,,,,,,,,,,,,,,,,,,,
Lynn Bowden,,WR,,,,,,,,,,,,,,,,,,,,,,,,,,,
Frank Darby,,WR,,,,,,,,,,,,,,,,,,,,,,,,,,,
Bryce Oliver,HOU,WR,,,,,,,,,,,,,,,,,,,,,,,,,,,
Anthony Johnson,,WR,,,,,,,,,,,,,,,,,,,,,,,,,,,
Aaron Lacombe,,WR,,,,,,,,,,,,,,,,,,,,,,,,,,,
Savion Williams,GB,WR,,,,,,,,,,,,,,,,,,,,,,,,,,,
Jared Bernhardt,,WR,,,,,,,,,,,,,,,,,,,,,,,,,,,
T.J. Simmons,,WR,,,,,,,,,,,,,,,,,,,,,,,,,,,
Marcus Peterson,,WR,,,,,,,,,,,,,,,,,,,,,,,,,,,
Russell Shepard,,WR,,,,,,,,,,,,,,,,,,,,,,,,,,,
Mikah Holder,,WR,,,,,,,,,,,,,,,,,,,,,,,,,,,
Kenny Lawler,,WR,,,,,,,,,,,,,,,,,,,,,,,,,,,
Ja'Marcus Bradley,,WR,,,,,,,,,,,,,,,,,,,,,,,,,,,
Trey Griffey,,WR,,,,,,,,,,,,,,,,,,,,,,,,,,,
Shae Wyatt,,WR,,,,,,,,,,,,,,,,,,,,,,,,,,,
William Fuller,,WR,,,,,,,,,,,,,,,,,,,,,,,,,,,
Jimmy Horn,CLE,WR,,,,,,,,,,,,,,,,,,,,,,,,,,,
Josh Smith,,WR,,,,,,,,,,,,,,,,,,,,,,,,,,,
Tyler Adams,,WR,,,,,,,,,,,,,,,,,,,,,,,,,,,
Paul Browning,,WR,,,,,,,,,,,,,,,,,,,,,,,,,,,
Tutu Atwell,LAR,WR,,,,,,,,,,,,,,,,,,,,,,,,,,,
Cephus Johnson,,WR,,,,,,,,,,,,,,,,,,,,,,,,,,,
Raphael Leonard,,WR,,,,,,,,,,,,,,,,,,,,,,,,,,,
David White,,WR,,,,,,,,,,,,,,,,,,,,,,,,,,,
Wayne Ruby,,WR,,,,,,,,,,,,,,,,,,,,,,,,,,,
Isaiah Neyor,GB,WR,,,,,,,,,,,,,,,,,,,,,,,,,,,
Tim Jones,JAX,WR,,,,,,,,,,,,,,,,,,,,,,,,,,,
Tyreek Hill,,WR,,,,,,,,,,,,,,,,,,,,,,,,,,,
Michael Walker,,WR,,,,,,,,,,,,,,,,,,,,,,,,,,,
Russell Gage,,WR,,,,,,,,,,,,,,,,,,,,,,,,,,,
JuJu Smith-Schuster,,WR,,,,,,,,,,,,,,,,,,,,,,,,,,,
Thomas Ives,CHI,WR,,,,,,,,,,,,,,,,,,,,,,,,,,,
Garrett Johnson,,WR,,,,,,,,,,,,,,,,,,,,,,,,,,,
Johnny Holton,,WR,,,,,,,,,,,,,,,,,,,,,,,,,,,
Nyqwan Murray,,WR,,,,,,,,,,,,,,,,,,,,,,,,,,,
Terique Owens,,WR,,,,,,,,,,,,,,,,,,,,,,,,,,,
Marcus Sanders,,WR,,,,,,,,,,,,,,,,,,,,,,,,,,,
Travell Harris,,WR,,,,,,,,,,,,,,,,,,,,,,,,,,,
Lil'Jordan Humphrey,DEN,WR,,,,,,,,,,,,,,,,,,,,,,,,,,,
J.J. Koski,,WR,,,,,,,,,,,,,,,,,,,,,,,,,,,
Elijah Cooks,,WR,,,,,,,,,,,,,,,,,,,,,,,,,,,
Brandon Lewis,,WR,,,,,,,,,,,,,,,,,,,,,,,,,,,
Marcus Tucker,,WR,,,,,,,,,,,,,,,,,,,,,,,,,,,
Nick Williams,DEN,WR,,,,,,,,,,,,,,,,,,,,,,,,,,,
Shaquelle Evans,,WR,,,,,,,,,,,,,,,,,,,,,,,,,,,
Devon Williams,,WR,,,,,,,,,,,,,,,,,,,,,,,,,,,
Kristian Wilkerson,,WR,,,,,,,,,,,,,,,,,,,,,,,,,,,
Matt Cole,,WR,,,,,,,,,,,,,,,,,,,,,,,,,,,
Penny Hart,,WR,,,,,,,,,,,,,,,,,,,,,,,,,,,
Chris Blair,ATL,WR,,,,,,,,,,,,,,,,,,,,,,,,,,,
Marvelle Ross,,WR,,,,,,,,,,,,,,,,,,,,,,,,,,,
Drew Estrada,,WR,,,,,,,,,,,,,,,,,,,,,,,,,,,
Jordan Hudson,DAL,WR,,,,,,,,,,,,,,,,,,,,,,,,,,,
Tre Turner,,WR,,,,,,,,,,,,,,,,,,,,,,,,,,,
Daniel Jackson,,WR,,,,,,,,,,,,,,,,,,,,,,,,,,,
Tyshaun James,,WR,,,,,,,,,,,,,,,,,,,,,,,,,,,
KeeSean Johnson,,WR,,,,,,,,,,,,,,,,,,,,,,,,,,,
Jose Barbon,,WR,,,,,,,,,,,,,,,,,,,,,,,,,,,
Jarred Haggins,,WR,,,,,,,,,,,,,,,,,,,,,,,,,,,
Eric Rogers,,WR,,,,,,,,,,,,,,,,,,,,,,,,,,,
Vyncint Smith,,WR,,,,,,,,,,,,,,,,,,,,,,,,,,,
Ahmad Wagner,,WR,,,,,,,,,,,,,,,,,,,,,,,,,,,
Mason Tipton,NO,WR,,,,,,,,,,,,,,,,,,,,,,,,,,,
Braxton Westfield,,WR,,,,,,,,,,,,,,,,,,,,,,,,,,,
Vernon Johnson,,WR,,,,,,,,,,,,,,,,,,,,,,,,,,,
John Ursua,,WR,,,,,,,,,,,,,,,,,,,,,,,,,,,
Aleva Hifo,,WR,,,,,,,,,,,,,,,,,,,,,,,,,,,
Matt Landers,,WR,,,,,,,,,,,,,,,,,,,,,,,,,,,
Quincy Skinner,GB,WR,,,,,,,,,,,,,,,,,,,,,,,,,,,
Bryan Edwards,,WR,,,,,,,,,,,,,,,,,,,,,,,,,,,
Daewood Davis,,WR,,,,,,,,,,,,,,,,,,,,,,,,,,,
Kenny Golladay,,WR,,,,,,,,,,,,,,,,,,,,,,,,,,,
Damon Sheehy-Guiseppi,,WR,,,,,,,,,,,,,,,,,,,,,,,,,,,
Ronnie Bell,,WR,,,,,,,,,,,,,,,,,,,,,,,,,,,
Henry Litwin,,WR,,,,,,,,,,,,,,,,,,,,,,,,,,,
Anthony Smith,DAL,WR,,,,,,,,,,,,,,,,,,,,,,,,,,,
Ricky Pearsall,SF,WR,,,,,,,,,,,,,,,,,,,,,,,,,,,
Devin Smith,,WR,,,,,,,,,,,,,,,,,,,,,,,,,,,
Juwan Green,,WR,,,,,,,,,,,,,,,,,,,,,,,,,,,
Michael Dereus,,WR,,,,,,,,,,,,,,,,,,,,,,,,,,,
Jordan Moore,CIN,WR,,,,,,,,,,,,,,,,,,,,,,,,,,,
Bell Braylon,,WR,,,,,,,,,,,,,,,,,,,,,,,,,,,
Aron Cruickshank,,WR,,,,,,,,,,,,,,,,,,,,,,,,,,,
Terry Godwin,,WR,,,,,,,,,,,,,,,,,,,,,,,,,,,
C.J. Saunders,,WR,,,,,,,,,,,,,,,,,,,,,,,,,,,
Ontaria Wilson,,WR,,,,,,,,,,,,,,,,,,,,,,,,,,,
A.J. Green,,WR,,,,,,,,,,,,,,,,,,,,,,,,,,,
Anthony Kelly,,WR,,,,,,,,,,,,,,,,,,,,,,,,,,,
Zay Malone,,WR,,,,,,,,,,,,,,,,,,,,,,,,,,,
Ethan Fernea,,WR,,,,,,,,,,,,,,,,,,,,,,,,,,,
Johnathan Lloyd,,WR,,,,,,,,,,,,,,,,,,,,,,,,,,,
Duke Williams,,WR,,,,,,,,,,,,,,,,,,,,,,,,,,,
Dean Patterson,TB,WR,,,,,,,,,,,,,,,,,,,,,,,,,,,
J.J. Nelson,,WR,,,,,,,,,,,,,,,,,,,,,,,,,,,
Taysir Mack,,WR,,,,,,,,,,,,,,,,,,,,,,,,,,,
Nigel King,,WR,,,,,,,,,,,,,,,,,,,,,,,,,,,
Dontae Fleming,,WR,,,,,,,,,,,,,,,,,,,,,,,,,,,
Jadakis Bonds,,WR,,,,,,,,,,,,,,,,,,,,,,,,,,,
Jerjuan Newton,,WR,,,,,,,,,,,,,,,,,,,,,,,,,,,
Titus Davis,,WR,,,,,,,,,,,,,,,,,,,,,,,,,,,
Tommy Mellott,,WR,,,,,,,,,,,,,,,,,,,,,,,,,,,
Ed Lee,,WR,,,,,,,,,,,,,,,,,,,,,,,,,,,
DeMichael Harris,,WR,,,,,,,,,,,,,,,,,,,,,,,,,,,
A.J. Richardson,,WR,,,,,,,,,,,,,,,,,,,,,,,,,,,
Jon'Vea Johnson,,WR,,,,,,,,,,,,,,,,,,,,,,,,,,,
Preston Fox,,WR,,,,,,,,,,,,,,,,,,,,,,,,,,,
Golden Tate,,WR,,,,,,,,,,,,,,,,,,,,,,,,,,,
Caleb Scott,TEN,WR,,,,,,,,,,,,,,,,,,,,,,,,,,,
Dom Williams,,WR,,,,,,,,,,,,,,,,,,,,,,,,,,,
Ezell Ruffin,,WR,,,,,,,,,,,,,,,,,,,,,,,,,,,
Cam Sims,,WR,,,,,,,,,,,,,,,,,,,,,,,,,,,
Darren Carrington,,WR,,,,,,,,,,,,,,,,,,,,,,,,,,,
Malachi Jones,,WR,,,,,,,,,,,,,,,,,,,,,,,,,,,
Kelly Akharaiyi,,WR,,,,,,,,,,,,,,,,,,,,,,,,,,,
K.D. Cannon,,WR,,,,,,,,,,,,,,,,,,,,,,,,,,,
Randall Cobb,,WR,,,,,,,,,,,,,,,,,,,,,,,,,,,
Uzoma Nwachukwu,,WR,,,,,,,,,,,,,,,,,,,,,,,,,,,
Jazz Ferguson,,WR,,,,,,,,,,,,,,,,,,,,,,,,,,,
Devonte Boyd,,WR,,,,,,,,,,,,,,,,,,,,,,,,,,,
David Porter,,WR,,,,,,,,,,,,,,,,,,,,,,,,,,,
Emmanuel Butler,,WR,,,,,,,,,,,,,,,,,,,,,,,,,,,
Dezmon Patmon,,WR,,,,,,,,,,,,,,,,,,,,,,,,,,,
Ben Patterson,,WR,,,,,,,,,,,,,,,,,,,,,,,,,,,
Adam Humphries,,WR,,,,,,,,,,,,,,,,,,,,,,,,,,,
Marcus Burke,,WR,,,,,,,,,,,,,,,,,,,,,,,,,,,
Charleston Rambo,,WR,,,,,,,,,,,,,,,,,,,,,,,,,,,
Cody Hollister,,WR,,,,,,,,,,,,,,,,,,,,,,,,,,,
Terry Wright,,WR,,,,,,,,,,,,,,,,,,,,,,,,,,,
Canaan Severin,,WR,,,,,,,,,,,,,,,,,,,,,,,,,,,
Dalevon Campbell,,WR,,,,,,,,,,,,,,,,,,,,,,,,,,,
Jalen McMillan,TB,WR,,,,,,,,,,,,,,,,,,,,,,,,,,,
Osirus Mitchell,,WR,,,,,,,,,,,,,,,,,,,,,,,,,,,
Devonte Ross,,WR,,,,,,,,,,,,,,,,,,,,,,,,,,,
Montorie Foster,SEA,WR,,,,,,,,,,,,,,,,,,,,,,,,,,,
Lujuan Winningham,,WR,,,,,,,,,,,,,,,,,,,,,,,,,,,
Marquise Goodwin,,WR,,,,,,,,,,,,,,,,,,,,,,,,,,,
Bryan Thompson,,WR,,,,,,,,,,,,,,,,,,,,,,,,,,,
Liam Clifford,,WR,,,,,,,,,,,,,,,,,,,,,,,,,,,
Jason Moore,,WR,,,,,,,,,,,,,,,,,,,,,,,,,,,
Derrick Willies,,WR,,,,,,,,,,,,,,,,,,,,,,,,,,,
Jared Murphy,,WR,,,,,,,,,,,,,,,,,,,,,,,,,,,
Sam Schnee,,WR,,,,,,,,,,,,,,,,,,,,,,,,,,,
Tony Brown,,WR,,,,,,,,,,,,,,,,,,,,,,,,,,,
Alex Bachman,LAR,WR,,,,,,,,,,,,,,,,,,,,,,,,,,,
Cameron Ross,,WR,,,,,,,,,,,,,,,,,,,,,,,,,,,
Luke Floriea,,WR,,,,,,,,,,,,,,,,,,,,,,,,,,,
Alex Erickson,,WR,,,,,,,,,,,,,,,,,,,,,,,,,,,
Brian Burt,,WR,,,,,,,,,,,,,,,,,,,,,,,,,,,
Marcus Simms,,WR,,,,,,,,,,,,,,,,,,,,,,,,,,,
Jontre Kirklin,,WR,,,,,,,,,,,,,,,,,,,,,,,,,,,
Jamari Thrash,,WR,,,,,,,,,,,,,,,,,,,,,,,,,,,
Joseph Parker,,WR,,,,,,,,,,,,,,,,,,,,,,,,,,,
Maurice Alexander,,WR,,,,,,,,,,,,,,,,,,,,,,,,,,,
Cyrus Holder,,WR,,,,,,,,,,,,,,,,,,,,,,,,,,,
Kenny Stills,,WR,,,,,,,,,,,,,,,,,,,,,,,,,,,
Andre Patton,,WR,,,,,,,,,,,,,,,,,,,,,,,,,,,
Malik Turner,,WR,,,,,,,,,,,,,,,,,,,,,,,,,,,
Kelvin Harmon,,WR,,,,,,,,,,,,,,,,,,,,,,,,,,,
Jahmal Banks,,WR,,,,,,,,,,,,,,,,,,,,,,,,,,,
Denzel Mims,,WR,,,,,,,,,,,,,,,,,,,,,,,,,,,
Dontay Demus,,WR,,,,,,,,,,,,,,,,,,,,,,,,,,,
Jermaine Jackson,,WR,,,,,,,,,,,,,,,,,,,,,,,,,,,
John Jackson,,WR,,,,,,,,,,,,,,,,,,,,,,,,,,,
Austin Trammell,JAX,WR,,,,,,,,,,,,,,,,,,,,,,,,,,,
Calvin Austin,NYG,WR,,,,,,,,,,,,,,,,,,,,,,,,,,,
Jordan Veasy,,WR,,,,,,,,,,,,,,,,,,,,,,,,,,,
Alex Bullock,,WR,,,,,,,,,,,,,,,,,,,,,,,,,,,
Brady Boyd,,WR,,,,,,,,,,,,,,,,,,,,,,,,,,,
Marcus Riley,,WR,,,,,,,,,,,,,,,,,,,,,,,,,,,
Keytaon Thompson,,WR,,,,,,,,,,,,,,,,,,,,,,,,,,,
Cody Thompson,,WR,,,,,,,,,,,,,,,,,,,,,,,,,,,
Tanner Gentry,,WR,,,,,,,,,,,,,,,,,,,,,,,,,,,
Demarcus Robinson,SF,WR,,,,,,,,,,,,,,,,,,,,,,,,,,,
Jake Bobo,SEA,WR,,,,,,,,,,,,,,,,,,,,,,,,,,,
Kole Wilson,,WR,,,,,,,,,,,,,,,,,,,,,,,,,,,
Jimmy Holiday,KC,WR,,,,,,,,,,,,,,,,,,,,,,,,,,,
Malik Williams,,WR,,,,,,,,,,,,,,,,,,,,,,,,,,,
Corey Willis,,WR,,,,,,,,,,,,,,,,,,,,,,,,,,,
Daniel George,,WR,,,,,,,,,,,,,,,,,,,,,,,,,,,
DeMeer Blankumsee,,WR,,,,,,,,,,,,,,,,,,,,,,,,,,,
Deontez Alexander,,WR,,,,,,,,,,,,,,,,,,,,,,,,,,,
Joe Horn,,WR,,,,,,,,,,,,,,,,,,,,,,,,,,,
Curtis Samuel,,WR,,,,,,,,,,,,,,,,,,,,,,,,,,,
Jonathan Duhart,,WR,,,,,,,,,,,,,,,,,,,,,,,,,,,
Marcus Green,,WR,,,,,,,,,,,,,,,,,,,,,,,,,,,
Colton Dowell,,WR,,,,,,,,,,,,,,,,,,,,,,,,,,,
Kermit Whitfield,,WR,,,,,,,,,,,,,,,,,,,,,,,,,,,
Le'Meke Brockington,,WR,,,,,,,,,,,,,,,,,,,,,,,,,,,
Isaiah Winstead,,WR,,,,,,,,,,,,,,,,,,,,,,,,,,,
Devon Cajuste,,WR,,,,,,,,,,,,,,,,,,,,,,,,,,,
Marcus Kemp,,WR,,,,,,,,,,,,,,,,,,,,,,,,,,,
Calvin Jackson,,WR,,,,,,,,,,,,,,,,,,,,,,,,,,,
Allen Lazard,,WR,,,,,,,,,,,,,,,,,,,,,,,,,,,
DeVonte Dedmon,,WR,,,,,,,,,,,,,,,,,,,,,,,,,,,
Stephen Louis,,WR,,,,,,,,,,,,,,,,,,,,,,,,,,,
Josh Harper,,WR,,,,,,,,,,,,,,,,,,,,,,,,,,,
Derel Walker,,WR,,,,,,,,,,,,,,,,,,,,,,,,,,,
Anthony Schwartz,,WR,,,,,,,,,,,,,,,,,,,,,,,,,,,
Bennie Fowler,,WR,,,,,,,,,,,,,,,,,,,,,,,,,,,
Collin Johnson,,WR,,,,,,,,,,,,,,,,,,,,,,,,,,,
Xavier Weaver,,WR,,,,,,,,,,,,,,,,,,,,,,,,,,,
Montrell Washington,,WR,,,,,,,,,,,,,,,,,,,,,,,,,,,
Josh Imatorbhebhe,,WR,,,,,,,,,,,,,,,,,,,,,,,,,,,
K.J. Osborn,TEN,WR,,,,,,,,,,,,,,,,,,,,,,,,,,,
Chandler Brayboy,NE,WR,,,,,,,,,,,,,,,,,,,,,,,,,,,
Simi Fehoko,ARI,WR,,,,,,,,,,,,,,,,,,,,,,,,,,,
DaMarkus Lodge,,WR,,,,,,,,,,,,,,,,,,,,,,,,,,,
Anthony Miller,,WR,,,,,,,,,,,,,,,,,,,,,,,,,,,
Jamoi Mayes,,WR,,,,,,,,,,,,,,,,,,,,,,,,,,,
Richie James,,WR,,,,,,,,,,,,,,,,,,,,,,,,,,,
Devin Gray,,WR,,,,,,,,,,,,,,,,,,,,,,,,,,,
Des Lawrence,,WR,,,,,,,,,,,,,,,,,,,,,,,,,,,
Lucky Jackson,DET,WR,,,,,,,,,,,,,,,,,,,,,,,,,,,
Sam Pinckney,,WR,,,,,,,,,,,,,,,,,,,,,,,,,,,
Sincere Brown,,WR,,,,,,,,,,,,,,,,,,,,,,,,,,,
Nick Westbrook-Ikhine,IND,WR,,,,,,,,,,,,,,,,,,,,,,,,,,,
Redd Douglas,,WR,,,,,,,,,,,,,,,,,,,,,,,,,,,
Cade Johnson,,WR,,,,,,,,,,,,,,,,,,,,,,,,,,,
Ka'Raun White,,WR,,,,,,,,,,,,,,,,,,,,,,,,,,,
Kearis Jackson,,WR,,,,,,,,,,,,,,,,,,,,,,,,,,,
Jerreth Sterns,,WR,,,,,,,,,,,,,,,,,,,,,,,,,,,
Latreal Jones,,WR,,,,,,,,,,,,,,,,,,,,,,,,,,,
Justin Marshall,,WR,,,,,,,,,,,,,,,,,,,,,,,,,,,
Jeremiah Haydel,,WR,,,,,,,,,,,,,,,,,,,,,,,,,,,
Keelan Marion,,WR,,,,,,,,,,,,,,,,,,,,,,,,,,,
Tyler Boyd,,WR,,,,,,,,,,,,,,,,,,,,,,,,,,,
DeAngelo Yancey,,WR,,,,,,,,,,,,,,,,,,,,,,,,,,,
Xavier Loyd,,WR,,,,,,,,,,,,,,,,,,,,,,,,,,,
Mohamed Sanu,,WR,,,,,,,,,,,,,,,,,,,,,,,,,,,
Elijhah Badger,,WR,,,,,,,,,,,,,,,,,,,,,,,,,,,
Tyrell Williams,,WR,,,,,,,,,,,,,,,,,,,,,,,,,,,
Johnnie Dixon,,WR,,,,,,,,,,,,,,,,,,,,,,,,,,,
Cameron Batson,,WR,,,,,,,,,,,,,,,,,,,,,,,,,,,
Brandon Shippen,,WR,,,,,,,,,,,,,,,,,,,,,,,,,,,
Davion Davis,,WR,,,,,,,,,,,,,,,,,,,,,,,,,,,
Keon Hatcher,,WR,,,,,,,,,,,,,,,,,,,,,,,,,,,
Micah Wright,,WR,,,,,,,,,,,,,,,,,,,,,,,,,,,
Alshon Jeffery,,WR,,,,,,,,,,,,,,,,,,,,,,,,,,,
Brandon Hayes,,WR,,,,,,,,,,,,,,,,,,,,,,,,,,,
Ishmael Zamora,,WR,,,,,,,,,,,,,,,,,,,,,,,,,,,
Felton Davis,,WR,,,,,,,,,,,,,,,,,,,,,,,,,,,
Casey Washington,CAR,WR,,,,,,,,,,,,,,,,,,,,,,,,,,,
Ricky White,SEA,WR,,,,,,,,,,,,,,,,,,,,,,,,,,,
Isaiah Zuber,,WR,,,,,,,,,,,,,,,,,,,,,,,,,,,
Robert Lewis,,WR,,,,,,,,,,,,,,,,,,,,,,,,,,,
Tyler Snead,,WR,,,,,,,,,,,,,,,,,,,,,,,,,,,
Damien Alford,,WR,,,,,,,,,,,,,,,,,,,,,,,,,,,
Diontae Spencer,,WR,,,,,,,,,,,,,,,,,,,,,,,,,,,
Adonis Jennings,,WR,,,,,,,,,,,,,,,,,,,,,,,,,,,
Omari Evans,KC,WR,,,,,,,,,,,,,,,,,,,,,,,,,,,
Caullin Lacy,,WR,,,,,,,,,,,,,,,,,,,,,,,,,,,
RJ Mobley,,WR,,,,,,,,,,,,,,,,,,,,,,,,,,,
Kahlil Lewis,,WR,,,,,,,,,,,,,,,,,,,,,,,,,,,
Elijah Sarratt,BAL,WR,,,,,,,,,,,,,,,,,,,,,,,,,,,
Jalen Moss,,WR,,,,,,,,,,,,,,,,,,,,,,,,,,,
Rondale Moore,,WR,,,,,,,,,,,,,,,,,,,,,,,,,,,
J.J. Jones,,WR,,,,,,,,,,,,,,,,,,,,,,,,,,,
Gio Pascascio,,WR,,,,,,,,,,,,,,,,,,,,,,,,,,,
Harvey Binford,,WR,,,,,,,,,,,,,,,,,,,,,,,,,,,
Shelton Gibson,,WR,,,,,,,,,,,,,,,,,,,,,,,,,,,
Marken Michel,,WR,,,,,,,,,,,,,,,,,,,,,,,,,,,
Deontay Burnett,,WR,,,,,,,,,,,,,,,,,,,,,,,,,,,
Peter LeBlanc,,WR,,,,,,,,,,,,,,,,,,,,,,,,,,,
Dakereon Joyner,,WR,,,,,,,,,,,,,,,,,,,,,,,,,,,
Jaelon Darden,,WR,,,,,,,,,,,,,,,,,,,,,,,,,,,
Malik Earl,,WR,,,,,,,,,,,,,,,,,,,,,,,,,,,
Steven Mitchell,,WR,,,,,,,,,,,,,,,,,,,,,,,,,,,
Gabriel Benyard,,WR,,,,,,,,,,,,,,,,,,,,,,,,,,,
Jalen Hurd,,WR,,,,,,,,,,,,,,,,,,,,,,,,,,,
Noah Thomas,CIN,WR,,,,,,,,,,,,,,,,,,,,,,,,,,,
David Durden,,WR,,,,,,,,,,,,,,,,,,,,,,,,,,,
Landon Parker,,WR,,,,,,,,,,,,,,,,,,,,,,,,,,,
Gabe Marks,,WR,,,,,,,,,,,,,,,,,,,,,,,,,,,
Trevion Thompson,,WR,,,,,,,,,,,,,,,,,,,,,,,,,,,
Tyjon Lindsey,,WR,,,,,,,,,,,,,,,,,,,,,,,,,,,
Dai'Jean Dixon,,WR,,,,,,,,,,,,,,,,,,,,,,,,,,,
Steven Sims,,WR,,,,,,,,,,,,,,,,,,,,,,,,,,,
Thyrick Pitts,,WR,,,,,,,,,,,,,,,,,,,,,,,,,,,
Trevon Clark,,WR,,,,,,,,,,,,,,,,,,,,,,,,,,,
Gavin Holmes,,WR,,,,,,,,,,,,,,,,,,,,,,,,,,,
Trinity Benson,,WR,,,,,,,,,,,,,,,,,,,,,,,,,,,
Jerand Bradley,,WR,,,,,,,,,,,,,,,,,,,,,,,,,,,
Jamari Staples,,WR,,,,,,,,,,,,,,,,,,,,,,,,,,,
Gary Jennings,LAC,WR,,,,,,,,,,,,,,,,,,,,,,,,,,,
Tre'Quan Smith,,WR,,,,,,,,,,,,,,,,,,,,,,,,,,,
Dontez Byrd,,WR,,,,,,,,,,,,,,,,,,,,,,,,,,,
E.J. Williams,,WR,,,,,,,,,,,,,,,,,,,,,,,,,,,
CJ Daniels,LAR,WR,,,,,,,,,,,,,,,,,,,,,,,,,,,
C.J. Germany,,WR,,,,,,,,,,,,,,,,,,,,,,,,,,,
Willie Snead,,WR,,,,,,,,,,,,,,,,,,,,,,,,,,,
CJ Williams,JAX,WR,,,,,,,,,,,,,,,,,,,,,,,,,,,
Adrian Coxson,,WR,,,,,,,,,,,,,,,,,,,,,,,,,,,
Jaden Smith,,WR,,,,,,,,,,,,,,,,,,,,,,,,,,,
Quez Watkins,,WR,,,,,,,,,,,,,,,,,,,,,,,,,,,
Kadarius Toney,,WR,,,,,,,,,,,,,,,,,,,,,,,,,,,
Daikiel Shorts,,WR,,,,,,,,,,,,,,,,,,,,,,,,,,,
Pharoh Cooper,,WR,,,,,,,,,,,,,,,,,,,,,,,,,,,
Ja'Corey Brooks,,WR,,,,,,,,,,,,,,,,,,,,,,,,,,,
JoJo Natson,,WR,,,,,,,,,,,,,,,,,,,,,,,,,,,
Jason Brownlee,,WR,,,,,,,,,,,,,,,,,,,,,,,,,,,
Corbin Louks,,WR,,,,,,,,,,,,,,,,,,,,,,,,,,,
Michael Johnson,,WR,,,,,,,,,,,,,,,,,,,,,,,,,,,
Seth Williams,,WR,,,,,,,,,,,,,,,,,,,,,,,,,,,
Charlie Jones,NYG,WR,,,,,,,,,,,,,,,,,,,,,,,,,,,
Ahmarean Brown,,WR,,,,,,,,,,,,,,,,,,,,,,,,,,,
Darrius Shepherd,,WR,,,,,,,,,,,,,,,,,,,,,,,,,,,
Travis Toivonen,,WR,,,,,,,,,,,,,,,,,,,,,,,,,,,
Hamze El-Zayat,,WR,,,,,,,,,,,,,,,,,,,,,,,,,,,
James Washington,,WR,,,,,,,,,,,,,,,,,,,,,,,,,,,
Jamaal Jones,,WR,,,,,,,,,,,,,,,,,,,,,,,,,,,
Blake Proehl,,WR,,,,,,,,,,,,,,,,,,,,,,,,,,,
Brevin Easton,,WR,,,,,,,,,,,,,,,,,,,,,,,,,,,
Tyler Kahmann,,WR,,,,,,,,,,,,,,,,,,,,,,,,,,,
Isaiah Wright,,WR,,,,,,,,,,,,,,,,,,,,,,,,,,,
Anthony Nash,,WR,,,,,,,,,,,,,,,,,,,,,,,,,,,
Thomas Sperbeck,,WR,,,,,,,,,,,,,,,,,,,,,,,,,,,
Jamaal Pritchett,NYJ,WR,,,,,,,,,,,,,,,,,,,,,,,,,,,
O'Mega Blake,,WR,,,,,,,,,,,,,,,,,,,,,,,,,,,
Corey Rucker,LV,WR,,,,,,,,,,,,,,,,,,,,,,,,,,,
Isaac Zico,,WR,,,,,,,,,,,,,,,,,,,,,,,,,,,
Chad Williams,,WR,,,,,,,,,,,,,,,,,,,,,,,,,,,
De'Quan Hampton,,WR,,,,,,,,,,,,,,,,,,,,,,,,,,,
Johnny Wilson,PHI,WR,,,,,,,,,,,,,,,,,,,,,,,,,,,
Chris King,,WR,,,,,,,,,,,,,,,,,,,,,,,,,,,
Dorren Miller,,WR,,,,,,,,,,,,,,,,,,,,,,,,,,,
Tyler Simmons,,WR,,,,,,,,,,,,,,,,,,,,,,,,,,,
Devin Gardner,,WR,,,,,,,,,,,,,,,,,,,,,,,,,,,
Mac Dalena,,WR,,,,,,,,,,,,,,,,,,,,,,,,,,,
Blayne Taylor,,WR,,,,,,,,,,,,,,,,,,,,,,,,,,,
Stephon Robinson,,WR,,,,,,,,,,,,,,,,,,,,,,,,,,,
Josh Ali,,WR,,,,,,,,,,,,,,,,,,,,,,,,,,,
Caleb Chapman,,WR,,,,,,,,,,,,,,,,,,,,,,,,,,,
Donaven McCulley,,WR,,,,,,,,,,,,,,,,,,,,,,,,,,,
Mathew Sexton,,WR,,,,,,,,,,,,,,,,,,,,,,,,,,,
Keke Coutee,,WR,,,,,,,,,,,,,,,,,,,,,,,,,,,
Brian Brown,,WR,,,,,,,,,,,,,,,,,,,,,,,,,,,
Alexander Hollins,,WR,,,,,,,,,,,,,,,,,,,,,,,,,,,
Ke'Shawn Williams,CIN,WR,,,,,,,,,,,,,,,,,,,,,,,,,,,
Mark Chapman,,WR,,,,,,,,,,,,,,,,,,,,,,,,,,,
T.J. Vasher,,WR,,,,,,,,,,,,,,,,,,,,,,,,,,,
Josh Kelly,HOU,WR,,,,,,,,,,,,,,,,,,,,,,,,,,,
Marvin Bracy,,WR,,,,,,,,,,,,,,,,,,,,,,,,,,,
Robbie Chosen,,WR,,,,,,,,,,,,,,,,,,,,,,,,,,,
Julian Fleming,,WR,,,,,,,,,,,,,,,,,,,,,,,,,,,
Michael Strachan,,WR,,,,,,,,,,,,,,,,,,,,,,,,,,,
Cole Beck,,WR,,,,,,,,,,,,,,,,,,,,,,,,,,,
Sean Modster,,WR,,,,,,,,,,,,,,,,,,,,,,,,,,,
Ife Adeyi,,WR,,,,,,,,,,,,,,,,,,,,,,,,,,,
Jacolby George,,WR,,,,,,,,,,,,,,,,,,,,,,,,,,,
Albert Wilson,,WR,,,,,,,,,,,,,,,,,,,,,,,,,,,
Jequez Ezzard,,WR,,,,,,,,,,,,,,,,,,,,,,,,,,,
DeAngelo Hardy,,WR,,,,,,,,,,,,,,,,,,,,,,,,,,,
Ty James,,WR,,,,,,,,,,,,,,,,,,,,,,,,,,,
Taylor Grimes,,WR,,,,,,,,,,,,,,,,,,,,,,,,,,,
Evan Berry,,WR,,,,,,,,,,,,,,,,,,,,,,,,,,,
David Watford,,WR,,,,,,,,,,,,,,,,,,,,,,,,,,,
Tevin Jones,,WR,,,,,,,,,,,,,,,,,,,,,,,,,,,
Johnny King,,WR,,,,,,,,,,,,,,,,,,,,,,,,,,,
John Ross,,WR,,,,,,,,,,,,,,,,,,,,,,,,,,,
Drew Morgan,,WR,,,,,,,,,,,,,,,,,,,,,,,,,,,
Rashard Davis,,WR,,,,,,,,,,,,,,,,,,,,,,,,,,,
Dante Pettis,SF,WR,,,,,,,,,,,,,,,,,,,,,,,,,,,
Dorian Singer,,WR,,,,,,,,,,,,,,,,,,,,,,,,,,,
Miles Boykin,,WR,,,,,,,,,,,,,,,,,,,,,,,,,,,
Tyren Montgomery,TEN,WR,,,,,,,,,,,,,,,,,,,,,,,,,,,
De'Anthony Thomas,,WR,,,,,,,,,,,,,,,,,,,,,,,,,,,
Michael Gallup,,WR,,,,,,,,,,,,,,,,,,,,,,,,,,,
Jaron Brown,,WR,,,,,,,,,,,,,,,,,,,,,,,,,,,
Jakeem Grant,,WR,,,,,,,,,,,,,,,,,,,,,,,,,,,
Jerome Kapp,,WR,,,,,,,,,,,,,,,,,,,,,,,,,,,
Ricky Jeune,,WR,,,,,,,,,,,,,,,,,,,,,,,,,,,
DeAndrew White,,WR,,,,,,,,,,,,,,,,,,,,,,,,,,,
Jayden Reed,GB,WR,TB,,,,,,,,,,,,,,,,,,,,,,,,,,
Trey McBride,ARI,TE,NYG,17.52,,,,,,,,,0.13,0.59,0.01,0.06,7.3,9.04,63.49,0.63,6.35,0.03,,,,,,,
Brock Bowers,LV,TE,KC,15.34,,,,,,,,,0.25,0.87,0.01,0.09,6.27,7.91,56.63,0.54,5.66,0.02,,,,,,,
Dalton Kincaid,BUF,TE,NE,12.21,,,,,,,,,,,,,4.73,6.11,59.75,0.25,5.98,0.02,,,,,,,
Harold Fannin,CLE,TE,PIT,12.11,,,,,,,,,0.23,0.66,0.01,0.07,4.42,6.16,44.78,0.51,4.48,0.02,,,,,,,
Tyler Warren,IND,TE,WAS,11.98,,,,,,,,,0.31,1.32,0.01,0.13,4.73,6.71,43.39,0.45,4.34,0.02,,,,,,,
Juwan Johnson,NO,TE,ATL,11.93,,,,,,,,,,,,,4.33,5.77,52.52,0.39,5.25,0.02,,,,,,,
George Kittle,SF,TE,DEN,11.86,,,,,,,,,,,,,4.29,5.73,50.41,0.42,5.04,0.02,,,,,,,
Travis Kelce,KC,TE,LV,11.76,,,,,,,,,,,,,4.52,6.17,52.06,0.34,5.21,0.02,,,,,,,
Isaiah Likely,NYG,TE,ARI,11.41,,,,,,,,,,,,,4.11,5.66,44.14,0.48,4.41,0.02,,,,,,,
Sam LaPorta,DET,TE,CAR,10.8,,,,,,,,,0.06,0.29,0.0,0.03,4.47,5.97,45.64,0.29,4.56,0.02,,,,,,,
Tucker Kraft,GB,TE,TB,10.61,,,,,,,,,,,,,3.93,5.55,47.29,0.32,4.73,0.01,,,,,,,
Dalton Schultz,HOU,TE,DAL,10.5,,,,,,,,,,,,,4.38,5.26,45.87,0.26,4.59,0.02,,,,,,,
Colston Loveland,CHI,TE,NYJ,10.28,,,,,,,,,0.06,0.23,0.0,0.02,3.51,4.92,43.82,0.39,4.38,0.01,,,,,,,
Brenton Strange,JAX,TE,CIN,9.81,,,,,,,,,,,,,3.67,5.06,44.17,0.29,4.42,0.02,,,,,,,
Hunter Henry,NE,TE,BUF,9.58,,,,,,,,,,,,,3.98,5.37,41.07,0.25,4.11,0.02,,,,,,,
Kenyon Sadiq,NYJ,TE,CHI,9.51,,,,,,,,,0.09,0.44,0.01,0.04,3.7,4.76,42.19,0.25,4.22,0.01,,,,,,,
Darren Waller,CAR,TE,DET,9.35,,,,,,,,,,,,,3.43,4.76,35.06,0.4,3.51,0.01,,,,,,,
AJ Barner,SEA,TE,LAC,9.21,,,,,,,,,0.62,1.88,0.06,0.19,3.24,4.54,35.2,0.32,3.52,0.02,,,,,,,
Jake Ferguson,DAL,TE,HOU,9.0,,,,,,,,,,,,,3.59,5.04,34.53,0.32,3.45,0.01,,,,,,,
Kyle Pitts,ATL,TE,NO,8.62,,,,,,,,,,,,,2.86,4.12,33.31,0.4,3.33,0.01,,,,,,,
Mark Andrews,BAL,TE,TEN,8.57,,,,,,,,,0.26,1.04,0.01,0.1,3.6,4.54,40.05,0.14,4.01,0.02,,,,,,,
T.J. Hockenson,MIN,TE,MIA,8.42,,,,,,,,,,,,,3.43,4.36,34.21,0.26,3.42,0.01,,,,,,,
Mike Gesicki,CIN,TE,JAX,8.0,,,,,,,,,,,,,2.98,4.02,33.56,0.27,3.36,0.01,,,,,,,
Chig Okonkwo,WAS,TE,IND,7.97,,,,,,,,,,,,,3.23,4.84,32.31,0.25,3.23,0.01,,,,,,,
Pat Freiermuth,PIT,TE,CLE,7.91,,,,,,,,,,,,,3.24,4.28,33.73,0.22,3.37,0.01,,,,,,,
Cade Otton,TB,TE,GB,7.25,,,,,,,,,,,,,3.09,4.13,31.92,0.16,3.19,0.01,,,,,,,
Gunnar Helm,TEN,TE,BAL,7.24,,,,,,,,,,,,,3.54,4.33,30.07,0.12,3.01,0.01,,,,,,,
Oronde Gadsden,LAC,TE,SEA,6.66,,,,,,,,,,,,,2.47,3.78,28.62,0.22,2.86,0.01,,,,,,,
Greg Dulcich,MIA,TE,MIN,6.66,,,,,,,,,,,,,2.92,4.1,30.89,0.11,3.09,0.01,,,,,,,
Tyler Higbee,LAR,TE,PHI,6.63,,,,,,,,,,,,,2.58,3.51,26.07,0.24,2.61,0.01,,,,,,,
Noah Fant,NO,TE,ATL,6.14,,,,,,,,,,,,,2.17,3.07,20.86,0.31,2.09,0.01,,,,,,,
Colby Parkinson,LAR,TE,PHI,6.01,,,,,,,,,,,,,2.12,3.12,22.26,0.27,2.23,0.01,,,,,,,
Evan Engram,DEN,TE,SF,5.62,,,,,,,,,,,,,2.26,3.2,22.47,0.19,2.25,0.01,,,,,,,
Michael Mayer,LV,TE,KC,5.56,,,,,,,,,,,,,2.65,3.66,22.77,0.11,2.28,0.01,,,,,,,
Eli Raridon,NE,TE,BUF,4.22,,,,,,,,,,,,,1.64,2.18,17.41,0.14,1.74,0.01,,,,,,,
Elijah Arroyo,SEA,TE,LAC,4.04,,,,,,,,,,,,,1.63,2.3,18.11,0.1,1.81,0.01,,,,,,,
Cole Kmet,CHI,TE,NYJ,3.84,,,,,,,,,,,,,1.46,2.05,15.71,0.13,1.57,0.01,,,,,,,
Zach Ertz,PHI,TE,LAR,3.65,,,,,,,,,,,,,1.6,2.25,14.83,0.1,1.48,0.01,,,,,,,
Foster Moreau,HOU,TE,DAL,3.43,,,,,,,,,,,,,1.31,1.61,14.13,0.12,1.41,0.0,,,,,,,
Noah Gray,KC,TE,LV,3.37,,,,,,,,,,,,,1.4,1.89,13.75,0.1,1.37,0.01,,,,,,,
Jonnu Smith,GB,TE,TB,3.36,,,,,,,,,,,,,1.48,1.97,13.92,0.08,1.39,0.01,,,,,,,
Darnell Washington,PIT,TE,CLE,3.34,,,,,,,,,,,,,1.47,1.97,14.99,0.06,1.5,0.01,,,,,,,
Tommy Tremble,CAR,TE,DET,3.18,,,,,,,,,,,,,1.37,1.87,11.85,0.1,1.19,0.01,,,,,,,
Theo Johnson,NYG,TE,ARI,3.12,,,,,,,,,,,,,1.07,1.92,14.62,0.1,1.46,0.0,,,,,,,
Dawson Knox,BUF,TE,NE,3.08,,,,,,,,,,,,,1.18,1.52,11.01,0.13,1.1,0.0,,,,,,,
Johnny Mundt,PHI,TE,LAR,3.05,,,,,,,,,,,,,1.36,2.01,12.17,0.08,1.22,,,,,,,,
Erick All,CIN,TE,JAX,2.89,,,,,,,,,,,,,1.24,1.65,11.58,0.08,1.16,0.01,,,,,,,
Drew Sample,CIN,TE,JAX,2.7,,,,,,,,,,,,,1.29,1.54,10.47,0.06,1.05,0.01,,,,,,,
Austin Hooper,ATL,TE,NO,2.64,,,,,,,,,,,,,0.91,1.34,9.37,0.13,0.94,0.0,,,,,,,
Mason Taylor,NYJ,TE,CHI,2.61,,,,,,,,,,,,,1.22,1.59,10.53,0.06,1.05,0.0,,,,,,,
Blake Whiteheart,CLE,TE,PIT,2.48,,,,,,,,,,,,,0.87,1.34,9.37,0.11,0.94,0.0,,,,,,,
Sam Roush,CHI,TE,NYJ,2.18,,,,,,,,,,,,,0.88,1.29,8.99,0.07,0.9,0.0,,,,,,,
Daniel Bellinger,TEN,TE,BAL,2.18,,,,,,,,,,,,,0.93,1.14,9.65,0.05,0.96,0.0,,,,,,,
Marlin Klein,HOU,TE,DAL,2.0,,,,,,,,,,,,,0.84,0.97,8.45,0.05,0.85,0.0,,,,,,,
Matt Hibner,BAL,TE,TEN,1.95,,,,,,,,,,,,,0.72,0.91,8.52,0.06,0.85,0.0,,,,,,,
Adam Trautman,DEN,TE,SF,1.94,,,,,,,,,,,,,0.79,1.1,7.88,0.06,0.79,0.0,,,,,,,
Nate Adkins,DEN,TE,SF,1.9,,,,,,,,,,,,,0.64,0.91,6.15,0.11,0.62,0.0,,,,,,,
John Bates,WAS,TE,IND,1.89,,,,,,,,,,,,,0.81,1.1,7.83,0.05,0.78,0.0,,,,,,,
Luke Farrell,SF,TE,DEN,1.81,,,,,,,,,,,,,0.86,1.08,7.23,0.04,0.72,0.0,,,,,,,
Mitchell Evans,CAR,TE,DET,1.76,,,,,,,,,,,,,0.77,1.02,7.49,0.04,0.75,0.0,,,,,,,
Elijah Higgins,ARI,TE,NYG,1.75,,,,,,,,,,,,,0.83,0.98,7.4,0.03,0.74,0.0,,,,,,,
Jeremy Ruckert,NYJ,TE,CHI,1.71,,,,,,,,,,,,,0.76,0.95,6.77,0.05,0.68,0.0,,,,,,,
Brock Wright,DET,TE,CAR,1.7,,,,,,,,,,,,,0.79,0.96,6.11,0.05,0.61,0.0,,,,,,,
Tanner Hudson,CIN,TE,JAX,1.69,,,,,,,,,,,,,0.78,0.99,7.08,0.03,0.71,0.0,,,,,,,
Oscar Delp,NO,TE,ATL,1.62,,,,,,,,,,,,,0.74,0.9,6.16,0.04,0.62,0.0,,,,,,,
Nate Boerkircher,JAX,TE,CIN,1.59,,,,,,,,,,,,,0.62,0.93,7.18,0.04,0.72,0.0,,,,,,,
Hayden Rucci,LAC,TE,SEA,1.44,,,,,,,,,,,,,0.63,0.95,5.71,0.04,0.57,,,,,,,,
Davis Allen,LAR,TE,PHI,1.43,,,,,,,,,,,,,0.65,0.96,6.0,0.03,0.6,0.0,,,,,,,
E.J. Jenkins,PHI,TE,LAR,1.39,,,,,,,,,,,,,0.6,0.86,5.62,0.04,0.56,,,,,,,,
Tanner Koziol,JAX,TE,CIN,1.35,,,,,,,,,,,,,0.52,0.78,6.04,0.04,0.6,0.0,,,,,,,
Luke Schoonmaker,DAL,TE,HOU,1.33,,,,,,,,,,,,,0.58,0.74,5.96,0.02,0.6,0.0,,,,,,,
Brevyn Spann-Ford,DAL,TE,HOU,1.25,,,,,,,,,,,,,0.51,0.74,5.78,0.03,0.58,0.0,,,,,,,
Will Kacmarek,MIA,TE,MIN,1.24,,,,,,,,,,,,,0.59,0.85,4.97,0.03,0.5,0.0,,,,,,,
Mo Alie-Cox,IND,TE,WAS,1.03,,,,,,,,,,,,,0.36,0.51,4.05,0.04,0.4,0.0,,,,,,,
Ben Sinnott,WAS,TE,IND,0.99,,,,,,,,,,,,,0.45,0.59,4.17,0.02,0.42,0.0,,,,,,,
Cade Stover,HOU,TE,DAL,0.95,,,,,,,,,0.12,0.51,0.0,0.05,0.39,0.48,3.47,0.02,0.35,0.0,,,,,,,
Josh Cuevas,BAL,TE,TEN,0.88,,,,,,,,,,,,,0.36,0.43,3.98,0.02,0.4,0.0,,,,,,,
Durham Smythe,BAL,TE,TEN,0.8,,,,,,,,,,,,,0.33,0.42,3.66,0.02,0.37,0.0,,,,,,,
Jackson Hawes,BUF,TE,NE,0.8,,,,,,,,,,,,,0.35,0.46,3.34,0.02,0.33,0.0,,,,,,,
Jake Briningstool,KC,TE,LV,0.79,,,,,,,,,,,,,0.3,0.43,3.2,0.03,0.32,,,,,,,,
Charlie Woerner,ATL,TE,NO,0.71,,,,,,,,,,,,,0.32,0.43,2.54,0.02,0.25,0.0,,,,,,,
Drew Ogletree,IND,TE,WAS,0.71,,,,,,,,,,,,,0.26,0.39,2.85,0.03,0.28,0.0,,,,,,,
Quintin Morris,JAX,TE,CIN,0.54,,,,,,,,,,,,,0.21,0.31,2.24,0.02,0.22,0.0,,,,,,,
Max Klare,LAR,TE,PHI,0.51,,,,,,,,,,,,,0.21,0.32,2.2,0.01,0.22,0.0,,,,,,,
Ian Thomas,LV,TE,KC,0.49,,,,,,,,,,,,,0.23,0.31,1.85,0.01,0.18,0.0,,,,,,,
Eric Saubert,SEA,TE,LAC,0.43,,,,,,,,,,,,,0.17,0.27,1.57,0.02,0.16,0.0,,,,,,,
Cameron Latu,NE,TE,BUF,0.42,,,,,,,,,,,,,0.18,0.25,1.82,0.01,0.18,0.0,,,,,,,
Josh Whyle,GB,TE,TB,0.38,,,,,,,,,,,,,0.18,0.21,1.44,0.01,0.14,0.0,,,,,,,
Jelani Woods,NYJ,TE,CHI,0.33,,,,,,,,,,,,,0.13,0.19,1.54,0.01,0.15,,,,,,,,
Chris Manhertz,NYG,TE,ARI,0.32,,,,,,,,,,,,,0.11,0.18,1.26,0.01,0.13,0.0,,,,,,,
Carsen Ryan,CLE,TE,PIT,0.21,,,,,,,,,,,,,0.08,0.12,0.88,0.01,0.09,,,,,,,,
Riley Nowakowski,PIT,TE,CLE,0.2,,,,,,,,,,,,,0.09,0.12,0.74,0.01,0.07,0.0,,,,,,,
Payne Durham,TB,TE,GB,0.18,,,,,,,,,,,,,0.07,0.11,0.72,0.01,0.07,0.0,,,,,,,
Justin Joly,MIA,TE,MIN,0.17,,,,,,,,,,,,,0.08,0.11,0.74,0.0,0.07,0.0,,,,,,,
Bauer Sharp,TB,TE,GB,0.1,,,,,,,,,,,,,0.04,0.06,0.38,0.0,0.04,,,,,,,,
Feleipe Franks,CAR,TE,DET,0.08,,,,,,,,,0.04,0.2,0.0,0.02,0.02,0.03,0.2,0.0,0.02,0.0,,,,,,,
Seydou Traore,MIA,TE,MIN,0.08,,,,,,,,,,,,,0.04,0.06,0.35,0.0,0.04,0.0,,,,,,,
Robert Tonyan,PIT,TE,CLE,0.07,,,,,,,,,,,,,0.03,0.04,0.25,0.0,0.03,0.0,,,,,,,
Ko Kieft,TB,TE,GB,0.04,,,,,,,,,,,,,0.02,0.02,0.16,0.0,0.02,0.0,,,,,,,
Benjamin Watson,,TE,,,,,,,,,,,,,,,,,,,,,,,,,,,
Alec Bloom,,TE,,,,,,,,,,,,,,,,,,,,,,,,,,,
Logan Thomas,,TE,,,,,,,,,,,,,,,,,,,,,,,,,,,
Matt Sokol,,TE,,,,,,,,,,,,,,,,,,,,,,,,,,,
Ben Mason,,FB,,,,,,,,,,,,,,,,,,,,,,,,,,,
Rodney Williams,,TE,,,,,,,,,,,,,,,,,,,,,,,,,,,
Devin Culp,TB,TE,,,,,,,,,,,,,,,,,,,,,,,,,,,
Tanner Taula,,TE,,,,,,,,,,,,,,,,,,,,,,,,,,,
Dan Arnold,,TE,,,,,,,,,,,,,,,,,,,,,,,,,,,
Cole Fotheringham,,TE,,,,,,,,,,,,,,,,,,,,,,,,,,,
Josh Kattus,,TE,,,,,,,,,,,,,,,,,,,,,,,,,,,
Anthony Torres,,TE,,,,,,,,,,,,,,,,,,,,,,,,,,,
Colin Thompson,,TE,,,,,,,,,,,,,,,,,,,,,,,,,,,
Nick Guggemos,,TE,,,,,,,,,,,,,,,,,,,,,,,,,,,
Jace Sternberger,,TE,,,,,,,,,,,,,,,,,,,,,,,,,,,
Ray Hamilton,,TE,,,,,,,,,,,,,,,,,,,,,,,,,,,
Jameson Geers,ARI,TE,,,,,,,,,,,,,,,,,,,,,,,,,,,
Kivon Cartwright,,TE,,,,,,,,,,,,,,,,,,,,,,,,,,,
Patrick Gurd,LV,TE,,,,,,,,,,,,,,,,,,,,,,,,,,,
Tucker Fisk,,TE,,,,,,,,,,,,,,,,,,,,,,,,,,,
Patrick Murtagh,,TE,,,,,,,,,,,,,,,,,,,,,,,,,,,
Pro Wells,,TE,,,,,,,,,,,,,,,,,,,,,,,,,,,
Logan Paulsen,,TE,,,,,,,,,,,,,,,,,,,,,,,,,,,
Baylor Cupp,,TE,,,,,,,,,,,,,,,,,,,,,,,,,,,
Dominique Dafney,,TE,,,,,,,,,,,,,,,,,,,,,,,,,,,
Ademola Faleye,,TE,,,,,,,,,,,,,,,,,,,,,,,,,,,
Darion Griswold,,TE,,,,,,,,,,,,,,,,,,,,,,,,,,,
David Njoku,LAC,TE,,,,,,,,,,,,,,,,,,,,,,,,,,,
Troy Mangen,,TE,,,,,,,,,,,,,,,,,,,,,,,,,,,
Tyler Davis,,TE,,,,,,,,,,,,,,,,,,,,,,,,,,,
John Samuel Shenker,,TE,,,,,,,,,,,,,,,,,,,,,,,,,,,
Tanner Arkin,NE,TE,,,,,,,,,,,,,,,,,,,,,,,,,,,
Trevon Wesco,,TE,,,,,,,,,,,,,,,,,,,,,,,,,,,
C.J. Uzomah,,TE,,,,,,,,,,,,,,,,,,,,,,,,,,,
Christian Scotland-Williamson,,TE,,,,,,,,,,,,,,,,,,,,,,,,,,,
Gunnar Oakes,,TE,,,,,,,,,,,,,,,,,,,,,,,,,,,
Dalton Keene,,TE,,,,,,,,,,,,,,,,,,,,,,,,,,,
Irv Smith,,TE,,,,,,,,,,,,,,,,,,,,,,,,,,,
Geoff Swaim,,TE,,,,,,,,,,,,,,,,,,,,,,,,,,,
Matt Lauter,,TE,,,,,,,,,,,,,,,,,,,,,,,,,,,
Artayvious Lynn,,TE,,,,,,,,,,,,,,,,,,,,,,,,,,,
Ethan Conner,,TE,,,,,,,,,,,,,,,,,,,,,,,,,,,
Aaron Peck,,TE,,,,,,,,,,,,,,,,,,,,,,,,,,,
Sam Pitz,,TE,,,,,,,,,,,,,,,,,,,,,,,,,,,
Logan Stokes,,TE,,,,,,,,,,,,,,,,,,,,,,,,,,,
Joe Royer,CLE,TE,,,,,,,,,,,,,,,,,,,,,,,,,,,
Neal Johnson,,TE,,,,,,,,,,,,,,,,,,,,,,,,,,,
Noah Togiai,,TE,,,,,,,,,,,,,,,,,,,,,,,,,,,
Clay Burton,,TE,,,,,,,,,,,,,,,,,,,,,,,,,,,
Wyatt Houston,CAR,TE,,,,,,,,,,,,,,,,,,,,,,,,,,,
Rivaldo Fairweather,,TE,,,,,,,,,,,,,,,,,,,,,,,,,,,
Zach Davidson,,TE,,,,,,,,,,,,,,,,,,,,,,,,,,,
Stephen Carlson,CHI,TE,,,,,,,,,,,,,,,,,,,,,,,,,,,
Mike Estes,,TE,,,,,,,,,,,,,,,,,,,,,,,,,,,
Jack Westover,WAS,TE,,,,,,,,,,,,,,,,,,,,,,,,,,,
Blake Bell,,TE,,,,,,,,,,,,,,,,,,,,,,,,,,,
Eni Falayi,,TE,,,,,,,,,,,,,,,,,,,,,,,,,,,
Evan Svoboda,LAC,TE,,,,,,,,,,,,,,,,,,,,,,,,,,,
Adam Zaruba,,TE,,,,,,,,,,,,,,,,,,,,,,,,,,,
Cameron Brate,,TE,,,,,,,,,,,,,,,,,,,,,,,,,,,
Jibri Blount,,TE,,,,,,,,,,,,,,,,,,,,,,,,,,,
Cole Turner,MIA,TE,,,,,,,,,,,,,,,,,,,,,,,,,,,
Alex Larson,,TE,,,,,,,,,,,,,,,,,,,,,,,,,,,
JJ Galbreath,,TE,,,,,,,,,,,,,,,,,,,,,,,,,,,
Pat Conroy,,TE,,,,,,,,,,,,,,,,,,,,,,,,,,,
Josh Pederson,,TE,,,,,,,,,,,,,,,,,,,,,,,,,,,
Eric Frohnapfel,,TE,,,,,,,,,,,,,,,,,,,,,,,,,,,
Ben Braunecker,,TE,,,,,,,,,,,,,,,,,,,,,,,,,,,
Chase Harrell,,TE,,,,,,,,,,,,,,,,,,,,,,,,,,,
Joel Wilson,TEN,TE,,,,,,,,,,,,,,,,,,,,,,,,,,,
Jared Pinkney,,TE,,,,,,,,,,,,,,,,,,,,,,,,,,,
Lincoln Sefcik,,TE,,,,,,,,,,,,,,,,,,,,,,,,,,,
Ryan Griffin,,TE,,,,,,,,,,,,,,,,,,,,,,,,,,,
Devon Garrison,,TE,,,,,,,,,,,,,,,,,,,,,,,,,,,
Garrett Celek,,TE,,,,,,,,,,,,,,,,,,,,,,,,,,,
Colin Granger,,TE,,,,,,,,,,,,,,,,,,,,,,,,,,,
Joel Honigford,,TE,,,,,,,,,,,,,,,,,,,,,,,,,,,
DeShon Williams,,TE,,,,,,,,,,,,,,,,,,,,,,,,,,,
Tip Reiman,ARI,TE,,,,,,,,,,,,,,,,,,,,,,,,,,,
Jacob Breeland,,TE,,,,,,,,,,,,,,,,,,,,,,,,,,,
Shane Zylstra,,TE,,,,,,,,,,,,,,,,,,,,,,,,,,,
Kent Taylor,,TE,,,,,,,,,,,,,,,,,,,,,,,,,,,
James O'Shaughnessy,,TE,,,,,,,,,,,,,,,,,,,,,,,,,,,
Anthony Firkser,,TE,,,,,,,,,,,,,,,,,,,,,,,,,,,
Luke Benson,,TE,,,,,,,,,,,,,,,,,,,,,,,,,,,
Tyler Kroft,,TE,,,,,,,,,,,,,,,,,,,,,,,,,,,
Dre Miller,,TE,,,,,,,,,,,,,,,,,,,,,,,,,,,
Gerald Everett,,TE,,,,,,,,,,,,,,,,,,,,,,,,,,,
Dylan Cantrell,,TE,,,,,,,,,,,,,,,,,,,,,,,,,,,
Joshua Simon,,TE,,,,,,,,,,,,,,,,,,,,,,,,,,,
Charlie Kolar,LAC,TE,,,,,,,,,,,,,,,,,,,,,,,,,,,
Harrison Bryant,,TE,,,,,,,,,,,,,,,,,,,,,,,,,,,
Jake Roh,,TE,,,,,,,,,,,,,,,,,,,,,,,,,,,
Jordan Murray,,TE,,,,,,,,,,,,,,,,,,,,,,,,,,,
Princeton Fant,DAL,TE,,,,,,,,,,,,,,,,,,,,,,,,,,,
DeSean Smith,,TE,,,,,,,,,,,,,,,,,,,,,,,,,,,
Jason Croom,,TE,,,,,,,,,,,,,,,,,,,,,,,,,,,
Jody Fortson,,TE,,,,,,,,,,,,,,,,,,,,,,,,,,,
Charles Jones,,TE,,,,,,,,,,,,,,,,,,,,,,,,,,,
MyCole Pruitt,,TE,,,,,,,,,,,,,,,,,,,,,,,,,,,
Carter Runyon,LV,TE,,,,,,,,,,,,,,,,,,,,,,,,,,,
Hayden Large,CHI,TE,,,,,,,,,,,,,,,,,,,,,,,,,,,
Lucas Krull,DEN,TE,,,,,,,,,,,,,,,,,,,,,,,,,,,
Kehinde Oginni,,TE,,,,,,,,,,,,,,,,,,,,,,,,,,,
Briley Moore,,TE,,,,,,,,,,,,,,,,,,,,,,,,,,,
Josiah Deguara,PHI,TE,,,,,,,,,,,,,,,,,,,,,,,,,,,
Quentin Moore,,TE,,,,,,,,,,,,,,,,,,,,,,,,,,,
Sage Surratt,,TE,,,,,,,,,,,,,,,,,,,,,,,,,,,
Sam Cotton,,TE,,,,,,,,,,,,,,,,,,,,,,,,,,,
Connor Hulstein,,TE,,,,,,,,,,,,,,,,,,,,,,,,,,,
Will Dissly,,TE,,,,,,,,,,,,,,,,,,,,,,,,,,,
Christian Trahan,,TE,,,,,,,,,,,,,,,,,,,,,,,,,,,
Joshua Perkins,NYJ,TE,,,,,,,,,,,,,,,,,,,,,,,,,,,
David Martin-Robinson,TEN,TE,,,,,,,,,,,,,,,,,,,,,,,,,,,
Kylen Granson,TEN,TE,,,,,,,,,,,,,,,,,,,,,,,,,,,
Jackson Meeks,DET,TE,,,,,,,,,,,,,,,,,,,,,,,,,,,
Chris Myarick,LV,TE,,,,,,,,,,,,,,,,,,,,,,,,,,,
Hale Hentges,,TE,,,,,,,,,,,,,,,,,,,,,,,,,,,
Beau Gardner,,TE,,,,,,,,,,,,,,,,,,,,,,,,,,,
Tony Poljan,,TE,,,,,,,,,,,,,,,,,,,,,,,,,,,
Devin Mahina,,TE,,,,,,,,,,,,,,,,,,,,,,,,,,,
La'Michael Pettway,,TE,,,,,,,,,,,,,,,,,,,,,,,,,,,
Anthony Landphere,,TE,,,,,,,,,,,,,,,,,,,,,,,,,,,
Mitchell Wilcox,,TE,,,,,,,,,,,,,,,,,,,,,,,,,,,
Drake Dabney,GB,TE,,,,,,,,,,,,,,,,,,,,,,,,,,,
David Wells,,TE,,,,,,,,,,,,,,,,,,,,,,,,,,,
Michael Ezeike,,TE,,,,,,,,,,,,,,,,,,,,,,,,,,,
Armani Rogers,,TE,,,,,,,,,,,,,,,,,,,,,,,,,,,
Isaac Rex,,TE,,,,,,,,,,,,,,,,,,,,,,,,,,,
Brian Vogler,,TE,,,,,,,,,,,,,,,,,,,,,,,,,,,
Ja'Tavion Sanders,CAR,TE,,,,,,,,,,,,,,,,,,,,,,,,,,,
Matt Bushman,,TE,,,,,,,,,,,,,,,,,,,,,,,,,,,
Moritz Bohringer,,TE,,,,,,,,,,,,,,,,,,,,,,,,,,,
Colson Yankoff,WAS,TE,,,,,,,,,,,,,,,,,,,,,,,,,,,
Ian Bunting,,TE,,,,,,,,,,,,,,,,,,,,,,,,,,,
Donald Parham,,TE,,,,,,,,,,,,,,,,,,,,,,,,,,,
Ryan Izzo,,TE,,,,,,,,,,,,,,,,,,,,,,,,,,,
Luke Lachey,,TE,,,,,,,,,,,,,,,,,,,,,,,,,,,
Ben Ellefson,,TE,,,,,,,,,,,,,,,,,,,,,,,,,,,
Zach Heins,,TE,,,,,,,,,,,,,,,,,,,,,,,,,,,
Josh Babicz,,TE,,,,,,,,,,,,,,,,,,,,,,,,,,,
Kevin Rader,,TE,,,,,,,,,,,,,,,,,,,,,,,,,,,
Chamon Metayer,,TE,,,,,,,,,,,,,,,,,,,,,,,,,,,
Michael Colubiale,,TE,,,,,,,,,,,,,,,,,,,,,,,,,,,
Nick Truesdell,,TE,,,,,,,,,,,,,,,,,,,,,,,,,,,
Seth DeValve,,TE,,,,,,,,,,,,,,,,,,,,,,,,,,,
Cam Serigne,,TE,,,,,,,,,,,,,,,,,,,,,,,,,,,
Travis Vokolek,ARI,TE,,,,,,,,,,,,,,,,,,,,,,,,,,,
Bernhard Seikovits,,TE,,,,,,,,,,,,,,,,,,,,,,,,,,,
Malcolm Epps,,TE,,,,,,,,,,,,,,,,,,,,,,,,,,,
Tyler Hoppes,,TE,,,,,,,,,,,,,,,,,,,,,,,,,,,
Stevie Donatell,,TE,,,,,,,,,,,,,,,,,,,,,,,,,,,
Temarrick Hemingway,WAS,TE,,,,,,,,,,,,,,,,,,,,,,,,,,,
Mark Vital,,TE,,,,,,,,,,,,,,,,,,,,,,,,,,,
Luke Deal,,TE,,,,,,,,,,,,,,,,,,,,,,,,,,,
Mason Schreck,,TE,,,,,,,,,,,,,,,,,,,,,,,,,,,
Michael Jacobson,,TE,,,,,,,,,,,,,,,,,,,,,,,,,,,
Carson Towt,IND,TE,,,,,,,,,,,,,,,,,,,,,,,,,,,
Cam Sutton,,TE,,,,,,,,,,,,,,,,,,,,,,,,,,,
Xavier Grimble,,TE,,,,,,,,,,,,,,,,,,,,,,,,,,,
Carson Meier,,TE,,,,,,,,,,,,,,,,,,,,,,,,,,,
Hakeem Butler,,TE,,,,,,,,,,,,,,,,,,,,,,,,,,,
Tyler Neville,,TE,,,,,,,,,,,,,,,,,,,,,,,,,,,
M.J. McFarland,,TE,,,,,,,,,,,,,,,,,,,,,,,,,,,
Adam Shaheen,,TE,,,,,,,,,,,,,,,,,,,,,,,,,,,
Delanie Walker,,TE,,,,,,,,,,,,,,,,,,,,,,,,,,,
Chris Briggs,,TE,,,,,,,,,,,,,,,,,,,,,,,,,,,
Josh Hill,,TE,,,,,,,,,,,,,,,,,,,,,,,,,,,
Kano Dillon,,TE,,,,,,,,,,,,,,,,,,,,,,,,,,,
Tim Semisch,,TE,,,,,,,,,,,,,,,,,,,,,,,,,,,
Johnny Pascuzzi,,TE,,,,,,,,,,,,,,,,,,,,,,,,,,,
Tre' McKitty,,TE,,,,,,,,,,,,,,,,,,,,,,,,,,,
Thomas Odukoya,KC,TE,,,,,,,,,,,,,,,,,,,,,,,,,,,
Alize Mack,,TE,,,,,,,,,,,,,,,,,,,,,,,,,,,
Scott Simonson,,TE,,,,,,,,,,,,,,,,,,,,,,,,,,,
Lance Mason,,TE,,,,,,,,,,,,,,,,,,,,,,,,,,,
Dallen Bentley,DEN,TE,,,,,,,,,,,,,,,,,,,,,,,,,,,
Nick Keizer,,TE,,,,,,,,,,,,,,,,,,,,,,,,,,,
Jackson Harris,,TE,,,,,,,,,,,,,,,,,,,,,,,,,,,
Caleb Bluiett,,TE,,,,,,,,,,,,,,,,,,,,,,,,,,,
Isaiah Searight,,TE,,,,,,,,,,,,,,,,,,,,,,,,,,,
Nate Becker,,TE,,,,,,,,,,,,,,,,,,,,,,,,,,,
Cody Hardy,NYJ,TE,,,,,,,,,,,,,,,,,,,,,,,,,,,
Caden Prieskorn,,TE,,,,,,,,,,,,,,,,,,,,,,,,,,,
Justin Tukes,,TE,,,,,,,,,,,,,,,,,,,,,,,,,,,
Luke Willson,,TE,,,,,,,,,,,,,,,,,,,,,,,,,,,
Ross Dwelley,,TE,,,,,,,,,,,,,,,,,,,,,,,,,,,
Dan Light,,TE,,,,,,,,,,,,,,,,,,,,,,,,,,,
Kris Leach,,TE,,,,,,,,,,,,,,,,,,,,,,,,,,,
Eric Ebron,PIT,TE,,,,,,,,,,,,,,,,,,,,,,,,,,,
Maximilian Mang,,TE,,,,,,,,,,,,,,,,,,,,,,,,,,,
Colin Jeter,,TE,,,,,,,,,,,,,,,,,,,,,,,,,,,
Austin Stogner,,TE,,,,,,,,,,,,,,,,,,,,,,,,,,,
Anthony Manzo-Lewis,,TE,,,,,,,,,,,,,,,,,,,,,,,,,,,
Virgil Green,,TE,,,,,,,,,,,,,,,,,,,,,,,,,,,
Shaun Beyer,,TE,,,,,,,,,,,,,,,,,,,,,,,,,,,
David Reeves,,TE,,,,,,,,,,,,,,,,,,,,,,,,,,,
Daniel Brown,,TE,,,,,,,,,,,,,,,,,,,,,,,,,,,
Tanner Conner,NE,TE,,,,,,,,,,,,,,,,,,,,,,,,,,,
Levine Toilolo,NYG,TE,,,,,,,,,,,,,,,,,,,,,,,,,,,
Messiah Swinson,CLE,TE,,,,,,,,,,,,,,,,,,,,,,,,,,,
CJ Dippre,TB,TE,,,,,,,,,,,,,,,,,,,,,,,,,,,
J.J. Arcega-Whiteside,,WR,,,,,,,,,,,,,,,,,,,,,,,,,,,
Nate Iese,,TE,,,,,,,,,,,,,,,,,,,,,,,,,,,
Darrell Daniels,,TE,,,,,,,,,,,,,,,,,,,,,,,,,,,
Tyler Moore,,TE,,,,,,,,,,,,,,,,,,,,,,,,,,,
Stone Smartt,NO,TE,,,,,,,,,,,,,,,,,,,,,,,,,,,
Alex Ellis,,TE,,,,,,,,,,,,,,,,,,,,,,,,,,,
Curtis Hodges,,TE,,,,,,,,,,,,,,,,,,,,,,,,,,,
Shawn Bowman,ARI,TE,,,,,,,,,,,,,,,,,,,,,,,,,,,
Hunter Thedford,,TE,,,,,,,,,,,,,,,,,,,,,,,,,,,
Seth Green,,TE,,,,,,,,,,,,,,,,,,,,,,,,,,,
Ben Yurosek,MIN,TE,,,,,,,,,,,,,,,,,,,,,,,,,,,
Marcedes Lewis,,TE,,,,,,,,,,,,,,,,,,,,,,,,,,,
Naz Bohannon,,TE,,,,,,,,,,,,,,,,,,,,,,,,,,,
Nick Eubanks,,TE,,,,,,,,,,,,,,,,,,,,,,,,,,,
Sal Cannella,,TE,,,,,,,,,,,,,,,,,,,,,,,,,,,
Nate Wieting,,TE,,,,,,,,,,,,,,,,,,,,,,,,,,,
Andrew Vollert,,TE,,,,,,,,,,,,,,,,,,,,,,,,,,,
Sammis Reyes,,TE,,,,,,,,,,,,,,,,,,,,,,,,,,,
Ben Koyack,,TE,,,,,,,,,,,,,,,,,,,,,,,,,,,
Kenny Yeboah,,TE,,,,,,,,,,,,,,,,,,,,,,,,,,,
Garrett Walston,,TE,,,,,,,,,,,,,,,,,,,,,,,,,,,
Jordan Akins,,TE,,,,,,,,,,,,,,,,,,,,,,,,,,,
Jaeden Graham,,TE,,,,,,,,,,,,,,,,,,,,,,,,,,,
Tim Tebow,,TE,,,,,,,,,,,,,,,,,,,,,,,,,,,
John Mitchell,,TE,,,,,,,,,,,,,,,,,,,,,,,,,,,
Bug Howard,,TE,,,,,,,,,,,,,,,,,,,,,,,,,,,
Camren McDonald,,TE,,,,,,,,,,,,,,,,,,,,,,,,,,,
Luke Musgrave,GB,TE,,,,,,,,,,,,,,,,,,,,,,,,,,,
Caleb Repp,,TE,,,,,,,,,,,,,,,,,,,,,,,,,,,
Josiah Price,,TE,,,,,,,,,,,,,,,,,,,,,,,,,,,
Austin Roberts,,TE,,,,,,,,,,,,,,,,,,,,,,,,,,,
Brayden Lenius,,TE,,,,,,,,,,,,,,,,,,,,,,,,,,,
Jimmy Bell,,TE,,,,,,,,,,,,,,,,,,,,,,,,,,,
Steven Scheu,,TE,,,,,,,,,,,,,,,,,,,,,,,,,,,
Daniel Helm,,TE,,,,,,,,,,,,,,,,,,,,,,,,,,,
Landon Rice,,TE,,,,,,,,,,,,,,,,,,,,,,,,,,,
Charles Scarff,,TE,,,,,,,,,,,,,,,,,,,,,,,,,,,
Cam Grandy,MIN,TE,,,,,,,,,,,,,,,,,,,,,,,,,,,
Thaddeus Moss,,TE,,,,,,,,,,,,,,,,,,,,,,,,,,,
Rohan Jones,,TE,,,,,,,,,,,,,,,,,,,,,,,,,,,
Brian Walker,,TE,,,,,,,,,,,,,,,,,,,,,,,,,,,
Franko House,CHI,TE,,,,,,,,,,,,,,,,,,,,,,,,,,,
Marcus Santos-Silva,,TE,,,,,,,,,,,,,,,,,,,,,,,,,,,
Jake Butt,,TE,,,,,,,,,,,,,,,,,,,,,,,,,,,
Dylan Leonard,,TE,,,,,,,,,,,,,,,,,,,,,,,,,,,
JJ Howland,,TE,,,,,,,,,,,,,,,,,,,,,,,,,,,
Chris Pierce,,TE,,,,,,,,,,,,,,,,,,,,,,,,,,,
Scott Orndoff,,TE,,,,,,,,,,,,,,,,,,,,,,,,,,,
Stevo Klotz,,TE,,,,,,,,,,,,,,,,,,,,,,,,,,,
Chris Herndon,,TE,,,,,,,,,,,,,,,,,,,,,,,,,,,
Ben Beise,,TE,,,,,,,,,,,,,,,,,,,,,,,,,,,
Albert Okwuegbunam,,TE,,,,,,,,,,,,,,,,,,,,,,,,,,,
Demetrius Harris,,TE,,,,,,,,,,,,,,,,,,,,,,,,,,,
DJ Thomas-Jones,,TE,,,,,,,,,,,,,,,,,,,,,,,,,,,
Ty Pezza,BAL,TE,,,,,,,,,,,,,,,,,,,,,,,,,,,
Ricky Seals-Jones,,TE,,,,,,,,,,,,,,,,,,,,,,,,,,,
Jeremy Sprinkle,,TE,,,,,,,,,,,,,,,,,,,,,,,,,,,
Blake Mack,,TE,,,,,,,,,,,,,,,,,,,,,,,,,,,
Jared Wiley,KC,TE,,,,,,,,,,,,,,,,,,,,,,,,,,,
Jamal Pettigrew,,TE,,,,,,,,,,,,,,,,,,,,,,,,,,,
Trey Burton,,TE,,,,,,,,,,,,,,,,,,,,,,,,,,,
Jordan Thomas,,TE,,,,,,,,,,,,,,,,,,,,,,,,,,,
Taysom Hill,,TE,,,,,,,,,,,,,,,,,,,,,,,,,,,
Ryan Smith,,TE,,,,,,,,,,,,,,,,,,,,,,,,,,,
Kahale Warring,,TE,,,,,,,,,,,,,,,,,,,,,,,,,,,
Nick Vannett,BAL,TE,,,,,,,,,,,,,,,,,,,,,,,,,,,
Marshall Lang,MIN,TE,,,,,,,,,,,,,,,,,,,,,,,,,,,
Jake Hausmann,,TE,,,,,,,,,,,,,,,,,,,,,,,,,,,
Austin Allen,,TE,,,,,,,,,,,,,,,,,,,,,,,,,,,
Moliki Matavao,NO,TE,,,,,,,,,,,,,,,,,,,,,,,,,,,
Tyree Mayfield,,TE,,,,,,,,,,,,,,,,,,,,,,,,,,,
Kole Taylor,,TE,,,,,,,,,,,,,,,,,,,,,,,,,,,
Marcus Baugh,,TE,,,,,,,,,,,,,,,,,,,,,,,,,,,
Gerrit Prince,,TE,,,,,,,,,,,,,,,,,,,,,,,,,,,
Evan Baylis,,TE,,,,,,,,,,,,,,,,,,,,,,,,,,,
Ross Travis,,TE,,,,,,,,,,,,,,,,,,,,,,,,,,,
Jason Witten,,TE,,,,,,,,,,,,,,,,,,,,,,,,,,,
Connor Davis,,TE,,,,,,,,,,,,,,,,,,,,,,,,,,,
Trey Knox,,TE,,,,,,,,,,,,,,,,,,,,,,,,,,,
Jerell Adams,,TE,,,,,,,,,,,,,,,,,,,,,,,,,,,
Brevin Jordan,HOU,TE,,,,,,,,,,,,,,,,,,,,,,,,,,,
Oscar Cardenas,,TE,,,,,,,,,,,,,,,,,,,,,,,,,,,
Hunter Bryant,,TE,,,,,,,,,,,,,,,,,,,,,,,,,,,
Andrew Price,,TE,,,,,,,,,,,,,,,,,,,,,,,,,,,
Johnny Lumpkin,,TE,,,,,,,,,,,,,,,,,,,,,,,,,,,
Roger Carter,,TE,,,,,,,,,,,,,,,,,,,,,,,,,,,
Lance Kendricks,,TE,,,,,,,,,,,,,,,,,,,,,,,,,,,
Drew Biber,,TE,,,,,,,,,,,,,,,,,,,,,,,,,,,
Mark Redman,GB,TE,,,,,,,,,,,,,,,,,,,,,,,,,,,
Caleb Wilson,,TE,,,,,,,,,,,,,,,,,,,,,,,,,,,
O.J. Howard,,TE,,,,,,,,,,,,,,,,,,,,,,,,,,,
DeShawn Hanika,,TE,,,,,,,,,,,,,,,,,,,,,,,,,,,
Nick Bowers,,TE,,,,,,,,,,,,,,,,,,,,,,,,,,,
Lachlan Pitts,,TE,,,,,,,,,,,,,,,,,,,,,,,,,,,
Billy Brown,,TE,,,,,,,,,,,,,,,,,,,,,,,,,,,
Thomas Fidone,NYG,TE,,,,,,,,,,,,,,,,,,,,,,,,,,,
Julian Hill,NE,TE,,,,,,,,,,,,,,,,,,,,,,,,,,,
John Raine,,FB,,,,,,,,,,,,,,,,,,,,,,,,,,,
Josh Bist,,TE,,,,,,,,,,,,,,,,,,,,,,,,,,,
Jevoni Robinson,,TE,,,,,,,,,,,,,,,,,,,,,,,,,,,
DJ Rogers,DAL,TE,,,,,,,,,,,,,,,,,,,,,,,,,,,
Garrett Griffin,,TE,,,,,,,,,,,,,,,,,,,,,,,,,,,
Cade Brewer,,TE,,,,,,,,,,,,,,,,,,,,,,,,,,,
Tyler Eifert,,TE,,,,,,,,,,,,,,,,,,,,,,,,,,,
Cheyenne O'Grady,,TE,,,,,,,,,,,,,,,,,,,,,,,,,,,
Nick Kallerup,SEA,TE,,,,,,,,,,,,,,,,,,,,,,,,,,,
Darren Fells,TB,TE,,,,,,,,,,,,,,,,,,,,,,,,,,,
Justin Johnson,,TE,,,,,,,,,,,,,,,,,,,,,,,,,,,
Cary Angeline,,TE,,,,,,,,,,,,,,,,,,,,,,,,,,,
Eric Tomlinson,,TE,,,,,,,,,,,,,,,,,,,,,,,,,,,
Thomas Yassmin,GB,TE,,,,,,,,,,,,,,,,,,,,,,,,,,,
Scooter Harrington,,TE,,,,,,,,,,,,,,,,,,,,,,,,,,,
McCallan Castles,,TE,,,,,,,,,,,,,,,,,,,,,,,,,,,
Steven Wroblewski,,TE,,,,,,,,,,,,,,,,,,,,,,,,,,,
John Copenhaver,,TE,,,,,,,,,,,,,,,,,,,,,,,,,,,
Hayden Hurst,,TE,,,,,,,,,,,,,,,,,,,,,,,,,,,
Cethan Carter,,TE,,,,,,,,,,,,,,,,,,,,,,,,,,,
Devin Asiasi,,TE,,,,,,,,,,,,,,,,,,,,,,,,,,,
Patrick Herbert,LAC,TE,,,,,,,,,,,,,,,,,,,,,,,,,,,
Treyton Pickering,,TE,,,,,,,,,,,,,,,,,,,,,,,,,,,
Leonard Taylor,,TE,,,,,,,,,,,,,,,,,,,,,,,,,,,
Eli Wilson,,TE,,,,,,,,,,,,,,,,,,,,,,,,,,,
Tyler Conklin,DET,TE,,,,,,,,,,,,,,,,,,,,,,,,,,,
Mason Fairchild,,TE,,,,,,,,,,,,,,,,,,,,,,,,,,,
Louis Hansen,,TE,,,,,,,,,,,,,,,,,,,,,,,,,,,
Alec Holler,,TE,,,,,,,,,,,,,,,,,,,,,,,,,,,
Ben Sims,,TE,,,,,,,,,,,,,,,,,,,,,,,,,,,
Justin Sinz,,TE,,,,,,,,,,,,,,,,,,,,,,,,,,,
Reggie Brown,,TE,,,,,,,,,,,,,,,,,,,,,,,,,,,
Brandon Williams,,CB,,,,,,,,,,,,,,,,,,,,,,,,,,,
Gannon Sinclair,,TE,,,,,,,,,,,,,,,,,,,,,,,,,,,
Jimmy Graham,,TE,,,,,,,,,,,,,,,,,,,,,,,,,,,
Dallas Goedert,PHI,TE,,,,,,,,,,,,,,,,,,,,,,,,,,,
Phazahn Odom,,TE,,,,,,,,,,,,,,,,,,,,,,,,,,,
Taylor McNamara,,TE,,,,,,,,,,,,,,,,,,,,,,,,,,,
Jacob Warren,,TE,,,,,,,,,,,,,,,,,,,,,,,,,,,
Sean Culkin,,TE,,,,,,,,,,,,,,,,,,,,,,,,,,,
Andrew Gleichert,,TE,,,,,,,,,,,,,,,,,,,,,,,,,,,
Garrett Dickerson,,TE,,,,,,,,,,,,,,,,,,,,,,,,,,,
Cameron Clear,,TE,,,,,,,,,,,,,,,,,,,,,,,,,,,
Teagan Quitoriano,ARI,TE,,,,,,,,,,,,,,,,,,,,,,,,,,,
Charlie Taumoepeau,,TE,,,,,,,,,,,,,,,,,,,,,,,,,,,
Chase Curtis,,TE,,,,,,,,,,,,,,,,,,,,,,,,,,,
Jaheim Bell,,TE,,,,,,,,,,,,,,,,,,,,,,,,,,,
Kevin Foelsch,,TE,,,,,,,,,,,,,,,,,,,,,,,,,,,
Deon Yelder,,TE,,,,,,,,,,,,,,,,,,,,,,,,,,,
Sean McKeon,,TE,,,,,,,,,,,,,,,,,,,,,,,,,,,
Ryan Jones,,TE,,,,,,,,,,,,,,,,,,,,,,,,,,,
Eric Wallace,,TE,,,,,,,,,,,,,,,,,,,,,,,,,,,
Rysen John,,TE,,,,,,,,,,,,,,,,,,,,,,,,,,,
Parker Hesse,,TE,,,,,,,,,,,,,,,,,,,,,,,,,,,
Zach Horton,,TE,,,,,,,,,,,,,,,,,,,,,,,,,,,
James Mitchell,DAL,TE,,,,,,,,,,,,,,,,,,,,,,,,,,,
Taylor Sloat,,TE,,,,,,,,,,,,,,,,,,,,,,,,,,,
Jordan Reed,,TE,,,,,,,,,,,,,,,,,,,,,,,,,,,
Justin Rigg,,TE,,,,,,,,,,,,,,,,,,,,,,,,,,,
Cole Herdman,,TE,,,,,,,,,,,,,,,,,,,,,,,,,,,
Thomas Greaney,,TE,,,,,,,,,,,,,,,,,,,,,,,,,,,
Tyrone Swoopes,,TE,,,,,,,,,,,,,,,,,,,,,,,,,,,
Clive Walford,,TE,,,,,,,,,,,,,,,,,,,,,,,,,,,
Brayden Willis,SF,TE,,,,,,,,,,,,,,,,,,,,,,,,,,,
Tommy Hudson,,TE,,,,,,,,,,,,,,,,,,,,,,,,,,,
Jack Stoll,SF,TE,,,,,,,,,,,,,,,,,,,,,,,,,,,
Brycen Hopkins,,TE,,,,,,,,,,,,,,,,,,,,,,,,,,,
Jjay Mcafee,,TE,,,,,,,,,,,,,,,,,,,,,,,,,,,
Keleki Latu,BUF,TE,,,,,,,,,,,,,,,,,,,,,,,,,,,
Antonio Gandy-Golden,,TE,,,,,,,,,,,,,,,,,,,,,,,,,,,
Tre Watson,MIA,TE,,,,,,,,,,,,,,,,,,,,,,,,,,,
Jeff Heuerman,,TE,,,,,,,,,,,,,,,,,,,,,,,,,,,
Dan Villari,LAR,TE,,,,,,,,,,,,,,,,,,,,,,,,,,,
Bruno Labelle,,TE,,,,,,,,,,,,,,,,,,,,,,,,,,,
Nick O'Leary,,TE,,,,,,,,,,,,,,,,,,,,,,,,,,,
Michael Miller,,TE,,,,,,,,,,,,,,,,,,,,,,,,,,,
Jack Doyle,IND,TE,,,,,,,,,,,,,,,,,,,,,,,,,,,
Mik'Quan Deane,,TE,,,,,,,,,,,,,,,,,,,,,,,,,,,
Beau Sandland,,TE,,,,,,,,,,,,,,,,,,,,,,,,,,,
J.P. Holtz,,TE,,,,,,,,,,,,,,,,,,,,,,,,,,,
Antony Auclair,,TE,,,,,,,,,,,,,,,,,,,,,,,,,,,
Kyle Markway,,TE,,,,,,,,,,,,,,,,,,,,,,,,,,,
John Stephens,,TE,,,,,,,,,,,,,,,,,,,,,,,,,,,
Brandon Frazier,,TE,,,,,,,,,,,,,,,,,,,,,,,,,,,
Kalif Jackson,MIA,TE,,,,,,,,,,,,,,,,,,,,,,,,,,,
Hunter Long,ARI,TE,,,,,,,,,,,,,,,,,,,,,,,,,,,
Luke Stocker,,TE,,,,,,,,,,,,,,,,,,,,,,,,,,,
Nikola Kalinic,CHI,TE,,,,,,,,,,,,,,,,,,,,,,,,,,,
Layne Pryor,,TE,,,,,,,,,,,,,,,,,,,,,,,,,,,
Michael Trigg,DAL,TE,,,,,,,,,,,,,,,,,,,,,,,,,,,
Nolan Givan,,TE,,,,,,,,,,,,,,,,,,,,,,,,,,,
Peyton Hendershot,,TE,,,,,,,,,,,,,,,,,,,,,,,,,,,
Jordan Leggett,,TE,,,,,,,,,,,,,,,,,,,,,,,,,,,
Blake Jarwin,,TE,,,,,,,,,,,,,,,,,,,,,,,,,,,
Jeremiah Franklin,,TE,,,,,,,,,,,,,,,,,,,,,,,,,,,
Garrett Hudson,,TE,,,,,,,,,,,,,,,,,,,,,,,,,,,
Keith Towbridge,,TE,,,,,,,,,,,,,,,,,,,,,,,,,,,
Eli Wolf,,TE,,,,,,,,,,,,,,,,,,,,,,,,,,,
Treyton Welch,NO,TE,,,,,,,,,,,,,,,,,,,,,,,,,,,
Bryce Pierre,,TE,,,,,,,,,,,,,,,,,,,,,,,,,,,
Keenen Brown,,TE,,,,,,,,,,,,,,,,,,,,,,,,,,,
Kyle Rudolph,,TE,,,,,,,,,,,,,,,,,,,,,,,,,,,
Tyree Jackson,,TE,,,,,,,,,,,,,,,,,,,,,,,,,,,
Zaire Mitchell-Paden,HOU,TE,,,,,,,,,,,,,,,,,,,,,,,,,,,
Austin Fort,,TE,,,,,,,,,,,,,,,,,,,,,,,,,,,
Caleb Lohner,DEN,TE,,,,,,,,,,,,,,,,,,,,,,,,,,,
Trevor Wood,,TE,,,,,,,,,,,,,,,,,,,,,,,,,,,
Josh Oliver,MIN,TE,,,,,,,,,,,,,,,,,,,,,,,,,,,
Terrance Ferguson,LAR,TE,,,,,,,,,,,,,,,,,,,,,,,,,,,
Daniel Crawford,,TE,,,,,,,,,,,,,,,,,,,,,,,,,,,
Lake McRee,PIT,TE,,,,,,,,,,,,,,,,,,,,,,,,,,,
Gavin Bartholomew,MIN,TE,,,,,,,,,,,,,,,,,,,,,,,,,,,
Steven Stilianos,,TE,,,,,,,,,,,,,,,,,,,,,,,,,,,
Maxx Williams,,TE,,,,,,,,,,,,,,,,,,,,,,,,,,,
Dylan Parham,,TE,,,,,,,,,,,,,,,,,,,,,,,,,,,
Devin Funchess,,TE,,,,,,,,,,,,,,,,,,,,,,,,,,,
Jared Rice,,TE,,,,,,,,,,,,,,,,,,,,,,,,,,,
Trent Pennix,,TE,,,,,,,,,,,,,,,,,,,,,,,,,,,
Lawrence Cager,,TE,,,,,,,,,,,,,,,,,,,,,,,,,,,
Jeremiah Hall,,TE,,,,,,,,,,,,,,,,,,,,,,,,,,,
Mason Pline,,TE,,,,,,,,,,,,,,,,,,,,,,,,,,,
Khalil Dinkins,SF,TE,,,,,,,,,,,,,,,,,,,,,,,,,,,
Bryson Nesbit,,TE,,,,,,,,,,,,,,,,,,,,,,,,,,,
Dylan Stapleton,,TE,,,,,,,,,,,,,,,,,,,,,,,,,,,
RJ Maryland,,TE,,,,,,,,,,,,,,,,,,,,,,,,,,,
Eli Stowers,PHI,TE,,,,,,,,,,,,,,,,,,,,,,,,,,,
Vernon Davis,,TE,,,,,,,,,,,,,,,,,,,,,,,,,,,
Jordan Franks,,TE,,,,,,,,,,,,,,,,,,,,,,,,,,,
Miller Forristall,,TE,,,,,,,,,,,,,,,,,,,,,,,,,,,
Carson Williams,,TE,,,,,,,,,,,,,,,,,,,,,,,,,,,
Davis Koppenhaver,,TE,,,,,,,,,,,,,,,,,,,,,,,,,,,
Nick Muse,ATL,TE,,,,,,,,,,,,,,,,,,,,,,,,,,,
Pharaoh Brown,IND,TE,,,,,,,,,,,,,,,,,,,,,,,,,,,
Izaiah Gathings,,TE,,,,,,,,,,,,,,,,,,,,,,,,,,,
Grayson Gunter,,TE,,,,,,,,,,,,,,,,,,,,,,,,,,,
Mike Rigerman,,TE,,,,,,,,,,,,,,,,,,,,,,,,,,,
Nakia Griffin-Stewart,,TE,,,,,,,,,,,,,,,,,,,,,,,,,,,
Stephen Baggett,,TE,,,,,,,,,,,,,,,,,,,,,,,,,,,
Lee Smith,ATL,TE,,,,,,,,,,,,,,,,,,,,,,,,,,,
Leroy Watson,,TE,,,,,,,,,,,,,,,,,,,,,,,,,,,
Damien Caffrey,,TE,,,,,,,,,,,,,,,,,,,,,,,,,,,
Jason Vander Laan,,TE,,,,,,,,,,,,,,,,,,,,,,,,,,,
Farrod Green,,TE,,,,,,,,,,,,,,,,,,,,,,,,,,,
Rhett Ellison,,TE,,,,,,,,,,,,,,,,,,,,,,,,,,,
Graham Adomitis,,TE,,,,,,,,,,,,,,,,,,,,,,,,,,,
Jaren Kanak,TEN,TE,,,,,,,,,,,,,,,,,,,,,,,,,,,
Grant Calcaterra,PHI,TE,,,,,,,,,,,,,,,,,,,,,,,,,,,
Brandon Barnes,,TE,,,,,,,,,,,,,,,,,,,,,,,,,,,
Jake McGee,,TE,,,,,,,,,,,,,,,,,,,,,,,,,,,
N'Keal Harry,,TE,,,,,,,,,,,,,,,,,,,,,,,,,,,
Bucky Hodges,,TE,,,,,,,,,,,,,,,,,,,,,,,,,,,
Bronson Kaufusi,GB,TE,,,,,,,,,,,,,,,,,,,,,,,,,,,
Micky Crum,,TE,,,,,,,,,,,,,,,,,,,,,,,,,,,
Noah Gindorff,,TE,,,,,,,,,,,,,,,,,,,,,,,,,,,
Thomas Gordon,DET,TE,,,,,,,,,,,,,,,,,,,,,,,,,,,
Will Mallory,IND,TE,,,,,,,,,,,,,,,,,,,,,,,,,,,
Jake Burt,,TE,,,,,,,,,,,,,,,,,,,,,,,,,,,
Chase Allen,,TE,,,,,,,,,,,,,,,,,,,,,,,,,,,
Jack Velling,ATL,TE,,,,,,,,,,,,,,,,,,,,,,,,,,,
Darion Clark,,TE,,,,,,,,,,,,,,,,,,,,,,,,,,,
Jason Reese,,TE,,,,,,,,,,,,,,,,,,,,,,,,,,,
Richard Rodgers,,TE,,,,,,,,,,,,,,,,,,,,,,,,,,,
Chris Bazile,,TE,,,,,,,,,,,,,,,,,,,,,,,,,,,
Jerome Washington,,TE,,,,,,,,,,,,,,,,,,,,,,,,,,,
Dallin Holker,,TE,,,,,,,,,,,,,,,,,,,,,,,,,,,
John FitzPatrick,CLE,TE,,,,,,,,,,,,,,,,,,,,,,,,,,,
Heinrich Haarberg,,TE,,,,,,,,,,,,,,,,,,,,,,,,,,,
Griffin Hebert,,TE,,,,,,,,,,,,,,,,,,,,,,,,,,,
John Michael Gyllenborg,KC,TE,,,,,,,,,,,,,,,,,,,,,,,,,,,
Zack Kuntz,,TE,,,,,,,,,,,,,,,,,,,,,,,,,,,
Jake Powell,,TE,,,,,,,,,,,,,,,,,,,,,,,,,,,
Jordan Petaia,,TE,,,,,,,,,,,,,,,,,,,,,,,,,,,
Geor'Quarius Spivey,,TE,,,,,,,,,,,,,,,,,,,,,,,,,,,
Erik Krommenhoek,,TE,,,,,,,,,,,,,,,,,,,,,,,,,,,
Barrett Burns,BAL,TE,,,,,,,,,,,,,,,,,,,,,,,,,,,
Jermaine Terry,,TE,,,,,,,,,,,,,,,,,,,,,,,,,,,
Moral Stephens,,TE,,,,,,,,,,,,,,,,,,,,,,,,,,,
Zach Gentry,,TE,,,,,,,,,,,,,,,,,,,,,,,,,,,
Clayton Wilson,,TE,,,,,,,,,,,,,,,,,,,,,,,,,,,
Dae'Quan Wright,,TE,,,,,,,,,,,,,,,,,,,,,,,,,,,
Rob Gronkowski,,TE,,,,,,,,,,,,,,,,,,,,,,,,,,,
Tyler Mabry,,TE,,,,,,,,,,,,,,,,,,,,,,,,,,,
Ryan Becker,,TE,,,,,,,,,,,,,,,,,,,,,,,,,,,
Kaden Smith,,TE,,,,,,,,,,,,,,,,,,,,,,,,,,,
Ethan Wolf,,TE,,,,,,,,,,,,,,,,,,,,,,,,,,,
Jared Cook,,TE,,,,,,,,,,,,,,,,,,,,,,,,,,,
Isaac Nauta,GB,TE,,,,,,,,,,,,,,,,,,,,,,,,,,,
Miles Kitselman,DET,TE,,,,,,,,,,,,,,,,,,,,,,,,,,,
Jared Scott,,TE,,,,,,,,,,,,,,,,,,,,,,,,,,,
James Looney,,TE,,,,,,,,,,,,,,,,,,,,,,,,,,,
Riley Sharp,,TE,,,,,,,,,,,,,,,,,,,,,,,,,,,
Jesse James,,TE,,,,,,,,,,,,,,,,,,,,,,,,,,,
Travis Koontz,,TE,,,,,,,,,,,,,,,,,,,,,,,,,,,
Derek Carrier,,TE,,,,,,,,,,,,,,,,,,,,,,,,,,,
Troy Fumagalli,,TE,,,,,,,,,,,,,,,,,,,,,,,,,,,
Dominick Wood-Anderson,,TE,,,,,,,,,,,,,,,,,,,,,,,,,,,
Matt Lengel,,TE,,,,,,,,,,,,,,,,,,,,,,,,,,,
Matt LaCosse,NE,TE,,,,,,,,,,,,,,,,,,,,,,,,,,,
Jalen Wydermyer,,TE,,,,,,,,,,,,,,,,,,,,,,,,,,,
Paul Quessenberry,,TE,,,,,,,,,,,,,,,,,,,,,,,,,,,
Vance McDonald,,TE,,,,,,,,,,,,,,,,,,,,,,,,,,,
Jack Endries,CIN,TE,,,,,,,,,,,,,,,,,,,,,,,,,,,
Giovanni Ricci,,FB,,,,,,,,,,,,,,,,,,,,,,,,,,,
Jalin Conyers,,TE,,,,,,,,,,,,,,,,,,,,,,,,,,,
Ernst Brun,,TE,,,,,,,,,,,,,,,,,,,,,,,,,,,
Brenden Bates,JAX,TE,,,,,,,,,,,,,,,,,,,,,,,,,,,
Stephen Sullivan,,TE,,,,,,,,,,,,,,,,,,,,,,,,,,,
Kenny Fletcher,IND,TE,,,,,,,,,,,,,,,,,,,,,,,,,,,
Derrick Deese,,TE,,,,,,,,,,,,,,,,,,,,,,,,,,,
Gee Scott,,TE,,,,,,,,,,,,,,,,,,,,,,,,,,,
Dylan Soehner,,TE,,,,,,,,,,,,,,,,,,,,,,,,,,,
Romello Brooker,,TE,,,,,,,,,,,,,,,,,,,,,,,,,,,
Tanner McLachlan,,TE,,,,,,,,,,,,,,,,,,,,,,,,,,,
Jean Sifrin,,TE,,,,,,,,,,,,,,,,,,,,,,,,,,,
Jerome Cunningham,,TE,,,,,,,,,,,,,,,,,,,,,,,,,,,
Alex Gray,,TE,,,,,,,,,,,,,,,,,,,,,,,,,,,
Jesper Horsted,,TE,,,,,,,,,,,,,,,,,,,,,,,,,,,
Ben Johnson,,TE,,,,,,,,,,,,,,,,,,,,,,,,,,,
Cole Hunt,,TE,,,,,,,,,,,,,,,,,,,,,,,,,,,
Stone Eby,,TE,,,,,,,,,,,,,,,,,,,,,,,,,,,
Harold Spears,,TE,,,,,,,,,,,,,,,,,,,,,,,,,,,
Rory Anderson,,TE,,,,,,,,,,,,,,,,,,,,,,,,,,,
Codey McElroy,,TE,,,,,,,,,,,,,,,,,,,,,,,,,,,
Kendall Blanton,,TE,,,,,,,,,,,,,,,,,,,,,,,,,,,
Jacob Hollister,,TE,,,,,,,,,,,,,,,,,,,,,,,,,,,
Parker Houston,,TE,,,,,,,,,,,,,,,,,,,,,,,,,,,
Travis Wilson,,TE,,,,,,,,,,,,,,,,,,,,,,,,,,,
Easton Dean,,TE,,,,,,,,,,,,,,,,,,,,,,,,,,,
Matt Weiser,,TE,,,,,,,,,,,,,,,,,,,,,,,,,,,
Dax Raymond,PIT,TE,,,,,,,,,,,,,,,,,,,,,,,,,,,
C.J. Conrad,,TE,,,,,,,,,,,,,,,,,,,,,,,,,,,
Brandon Dillon,,TE,,,,,,,,,,,,,,,,,,,,,,,,,,,
Jake Tonges,SF,TE,,,,,,,,,,,,,,,,,,,,,,,,,,,
Hunter Kampmoyer,,TE,,,,,,,,,,,,,,,,,,,,,,,,,,,
Jordan Matthews,,TE,,,,,,,,,,,,,,,,,,,,,,,,,,,
Stephen Anderson,,TE,,,,,,,,,,,,,,,,,,,,,,,,,,,
Drew Belcher,,TE,,,,,,,,,,,,,,,,,,,,,,,,,,,
Charles Clay,,TE,,,,,,,,,,,,,,,,,,,,,,,,,,,
Brett Weaver,,TE,,,,,,,,,,,,,,,,,,,,,,,,,,,
Elijah Wellman,,FB,,,,,,,,,,,,,,,,,,,,,,,,,,,
Joshua Lingenfelter,,TE,,,,,,,,,,,,,,,,,,,,,,,,,,,
Ryan Yurachek,,TE,,,,,,,,,,,,,,,,,,,,,,,,,,,
Christian Sims,,TE,,,,,,,,,,,,,,,,,,,,,,,,,,,
Bryce Williams,,TE,,,,,,,,,,,,,,,,,,,,,,,,,,,
Tommy Sweeney,,TE,,,,,,,,,,,,,,,,,,,,,,,,,,,
Nick Boyle,,TE,,,,,,,,,,,,,,,,,,,,,,,,,,,
Matt Seybert,,TE,,,,,,,,,,,,,,,,,,,,,,,,,,,
Carl Tucker,,TE,,,,,,,,,,,,,,,,,,,,,,,,,,,
Ellis Richardson,,TE,,,,,,,,,,,,,,,,,,,,,,,,,,,
Spencer Shrader,IND,K,WAS,9.44,,,,,,,,,,,,,,,,,,,,1.86,2.57,,,,
Will Reichard,MIN,K,MIA,9.23,,,,,,,,,,,,,,,,,,,,2.16,2.71,,,,
Ka'imi Fairbairn,HOU,K,DAL,8.92,,,,,,,,,,,,,,,,,,,,2.11,2.49,,,,
Brandon Aubrey,DAL,K,HOU,8.83,,,,,,,,,,,,,,,,,,,,2.08,2.65,,,,
Harrison Butker,KC,K,LV,8.45,,,,,,,,,,,,,,,,,,,,1.94,2.67,,,,
Jason Myers,SEA,K,LAC,8.43,,,,,,,,,,,,,,,,,,,,1.97,2.66,,,,
Eddy Pineiro,SF,K,DEN,8.36,,,,,,,,,,,,,,,,,,,,1.9,2.69,,,,
Evan McPherson,CIN,K,JAX,8.33,,,,,,,,,,,,,,,,,,,,1.89,2.74,,,,
Matt Gay,LV,K,KC,8.31,,,,,,,,,,,,,,,,,,,,1.82,2.42,,,,
Trey Smack,GB,K,TB,8.31,,,,,,,,,,,,,,,,,,,,1.64,2.52,,,,
Tyler Loop,BAL,K,TEN,8.22,,,,,,,,,,,,,,,,,,,,1.87,2.7,,,,
Drew Stevens,WAS,K,IND,8.18,,,,,,,,,,,,,,,,,,,,1.67,2.5,,,,
Cam Little,JAX,K,CIN,8.14,,,,,,,,,,,,,,,,,,,,1.9,2.57,,,,
Nick Folk,ATL,K,NO,8.13,,,,,,,,,,,,,,,,,,,,1.83,2.55,,,,
Daniel Carlson,NO,K,ATL,8.1,,,,,,,,,,,,,,,,,,,,1.84,2.48,,,,
Cairo Santos,CHI,K,NYJ,7.99,,,,,,,,,,,,,,,,,,,,1.83,2.52,,,,
Tyler Bass,BUF,K,NE,7.98,,,,,,,,,,,,,,,,,,,,1.76,2.71,,,,
Jake Bates,DET,K,CAR,7.87,,,,,,,,,,,,,,,,,,,,1.73,2.69,,,,
Wil Lutz,DEN,K,SF,7.79,,,,,,,,,,,,,,,,,,,,1.78,2.46,,,,
Chase McLaughlin,TB,K,GB,7.75,,,,,,,,,,,,,,,,,,,,1.8,2.41,,,,
Harrison Mevis,LAR,K,PHI,7.66,,,,,,,,,,,,,,,,,,,,1.69,2.6,,,,
Dominic Zvada,NYG,K,ARI,7.64,,,,,,,,,,,,,,,,,,,,1.6,2.17,,,,
Chris Boswell,PIT,K,CLE,7.64,,,,,,,,,,,,,,,,,,,,1.85,2.15,,,,
Ryan Fitzgerald,CAR,K,DET,7.51,,,,,,,,,,,,,,,,,,,,1.71,2.28,,,,
Chad Ryland,ARI,K,NYG,7.28,,,,,,,,,,,,,,,,,,,,1.7,2.14,,,,
Cameron Dicker,LAC,K,SEA,7.11,,,,,,,,,,,,,,,,,,,,1.64,2.15,,,,
Jake Elliott,PHI,K,LAR,6.94,,,,,,,,,,,,,,,,,,,,1.55,2.32,,,,
Andy Borregales,NE,K,BUF,6.91,,,,,,,,,,,,,,,,,,,,1.59,2.33,,,,
Andre Szmyt,CLE,K,PIT,6.63,,,,,,,,,,,,,,,,,,,,1.54,1.97,,,,
Jason Sanders,NYJ,K,CHI,6.55,,,,,,,,,,,,,,,,,,,,1.52,1.99,,,,
Riley Patterson,MIA,K,MIN,6.47,,,,,,,,,,,,,,,,,,,,1.39,1.61,,,,
Joey Slye,TEN,K,BAL,6.1,,,,,,,,,,,,,,,,,,,,1.43,1.76,,,,
Sam Sloman,,K,,,,,,,,,,,,,,,,,,,,,,,,,,,
Rodrigo Blankenship,,K,,,,,,,,,,,,,,,,,,,,,,,,,,,
Kaare Vedvik,,K,,,,,,,,,,,,,,,,,,,,,,,,,,,
Laith Marjan,,K,,,,,,,,,,,,,,,,,,,,,,,,,,,
Matt Ammendola,,K,,,,,,,,,,,,,,,,,,,,,,,,,,,
Elliott Fry,,K,,,,,,,,,,,,,,,,,,,,,,,,,,,
Dan Bailey,,K,,,,,,,,,,,,,,,,,,,,,,,,,,,
B.T. Potter,,K,,,,,,,,,,,,,,,,,,,,,,,,,,,
Corey Acosta,,K,,,,,,,,,,,,,,,,,,,,,,,,,,,
Brandon McManus,,K,,,,,,,,,,,,,,,,,,,,,,,,,,,
Brett Maher,,K,,,,,,,,,,,,,,,,,,,,,,,,,,,
Devon Bell,,K,,,,,,,,,,,,,,,,,,,,,,,,,,,
Trevor Moore,,K,,,,,,,,,,,,,,,,,,,,,,,,,,,
Stephen Gostkowski,,K,,,,,,,,,,,,,,,,,,,,,,,,,,,
James McCourt,,K,,,,,,,,,,,,,,,,,,,,,,,,,,,
Michael Palardy,,P,,,,,,,,,,,,,,,,,,,,,,,,,,,
Michael Badgley,,K,,,,,,,,,,,,,,,,,,,,,,,,,,,
Ross Martin,,K,,,,,,,,,,,,,,,,,,,,,,,,,,,
Ethan Sanchez,,K,,,,,,,,,,,,,,,,,,,,,,,,,,,
Aldrick Rosas,,K,,,,,,,,,,,,,,,,,,,,,,,,,,,
Graham Gano,,K,,,,,,,,,,,,,,,,,,,,,,,,,,,
Blake Haubeil,,K,,,,,,,,,,,,,,,,,,,,,,,,,,,
Josh Lambo,,K,,,,,,,,,,,,,,,,,,,,,,,,,,,
John Lunsford,,K,,,,,,,,,,,,,,,,,,,,,,,,,,,
James Turner,,K,,,,,,,,,,,,,,,,,,,,,,,,,,,
Tristan Vizcaino,,K,,,,,,,,,,,,,,,,,,,,,,,,,,,
Joshua Karty,,K,,,,,,,,,,,,,,,,,,,,,,,,,,,
Parker Romo,,K,,,,,,,,,,,,,,,,,,,,,,,,,,,
Andrew Mevis,,K,,,,,,,,,,,,,,,,,,,,,,,,,,,
Paul Geelen,,K,,,,,,,,,,,,,,,,,,,,,,,,,,,
Jon Brown,,K,,,,,,,,,,,,,,,,,,,,,,,,,,,
Luke Drzewiecki,,K,,,,,,,,,,,,,,,,,,,,,,,,,,,
Dominik Eberle,,K,,,,,,,,,,,,,,,,,,,,,,,,,,,
Jonathan Kim,,K,,,,,,,,,,,,,,,,,,,,,,,,,,,
Ryan Succop,,K,,,,,,,,,,,,,,,,,,,,,,,,,,,
Taylor Russolino,,K,,,,,,,,,,,,,,,,,,,,,,,,,,,
Ben Sauls,,K,,,,,,,,,,,,,,,,,,,,,,,,,,,
Chris Naggar,,K,,,,,,,,,,,,,,,,,,,,,,,,,,,
Mason Shipley,,K,,,,,,,,,,,,,,,,,,,,,,,,,,,
Adam Vinatieri,,K,,,,,,,,,,,,,,,,,,,,,,,,,,,
Parker White,,K,,,,,,,,,,,,,,,,,,,,,,,,,,,
Jose Borregales,,K,,,,,,,,,,,,,,,,,,,,,,,,,,,
Matt Wile,,P,,,,,,,,,,,,,,,,,,,,,,,,,,,
JJ Molson,,K,,,,,,,,,,,,,,,,,,,,,,,,,,,
Gabriel Plascencia,,K,,,,,,,,,,,,,,,,,,,,,,,,,,,
Ryan Santoso,,K,,,,,,,,,,,,,,,,,,,,,,,,,,,
Austin MacGinnis,,K,,,,,,,,,,,,,,,,,,,,,,,,,,,
Kai Forbath,,K,,,,,,,,,,,,,,,,,,,,,,,,,,,
Brandon Wright,,P,,,,,,,,,,,,,,,,,,,,,,,,,,,
Chris Blewitt,,K,,,,,,,,,,,,,,,,,,,,,,,,,,,
Colton Theaker,,K,,,,,,,,,,,,,,,,,,,,,,,,,,,
Kansei Matsuzawa,LV,K,,,,,,,,,,,,,,,,,,,,,,,,,,,
Blake Grupe,NYJ,K,,,,,,,,,,,,,,,,,,,,,,,,,,,
Redford Jones,,K,,,,,,,,,,,,,,,,,,,,,,,,,,,
Greg Joseph,,K,,,,,,,,,,,,,,,,,,,,,,,,,,,
Taylor Bertolet,,K,,,,,,,,,,,,,,,,,,,,,,,,,,,
Clayton Hatfield,,K,,,,,,,,,,,,,,,,,,,,,,,,,,,
Brian Johnson,,K,,,,,,,,,,,,,,,,,,,,,,,,,,,
Nick Vogel,,K,,,,,,,,,,,,,,,,,,,,,,,,,,,
Charlie Smyth,NO,K,,,,,,,,,,,,,,,,,,,,,,,,,,,
Justin Tucker,,K,,,,,,,,,,,,,,,,,,,,,,,,,,,
Quinn Nordin,,K,,,,,,,,,,,,,,,,,,,,,,,,,,,
Mike Meyer,,K,,,,,,,,,,,,,,,,,,,,,,,,,,,
Noah Rauschenberg,,K,,,,,,,,,,,,,,,,,,,,,,,,,,,
Maddux Trujillo,,K,,,,,,,,,,,,,,,,,,,,,,,,,,,
Lenny Krieg,GB,K,,,,,,,,,,,,,,,,,,,,,,,,,,,
John Hoyland,,K,,,,,,,,,,,,,,,,,,,,,,,,,,,
Matthew Wright,,K,,,,,,,,,,,,,,,,,,,,,,,,,,,
Vincent Blanchard,,K,,,,,,,,,,,,,,,,,,,,,,,,,,,
Matt Bryant,,K,,,,,,,,,,,,,,,,,,,,,,,,,,,
Jake Verity,,K,,,,,,,,,,,,,,,,,,,,,,,,,,,
Brayden Narveson,,K,,,,,,,,,,,,,,,,,,,,,,,,,,,
Austin Seibert,,K,,,,,,,,,,,,,,,,,,,,,,,,,,,
Matt Prater,,K,,,,,,,,,,,,,,,,,,,,,,,,,,,
Matthew Trickett,,K,,,,,,,,,,,,,,,,,,,,,,,,,,,
Marshall Morgan,,K,,,,,,,,,,,,,,,,,,,,,,,,,,,
Cade York,,K,,,,,,,,,,,,,,,,,,,,,,,,,,,
Caden Davis,,K,,,,,,,,,,,,,,,,,,,,,,,,,,,
David Marvin,,K,,,,,,,,,,,,,,,,,,,,,,,,,,,
Matt McCrane,,K,,,,,,,,,,,,,,,,,,,,,,,,,,,
Cody Parkey,,K,,,,,,,,,,,,,,,,,,,,,,,,,,,
Jonathan Garibay,,K,,,,,,,,,,,,,,,,,,,,,,,,,,,
Lirim Hajrullahu,,K,,,,,,,,,,,,,,,,,,,,,,,,,,,
Justin Rohrwasser,,K,,,,,,,,,,,,,,,,,,,,,,,,,,,
Ty Long,,P,,,,,,,,,,,,,,,,,,,,,,,,,,,
Alex Quevedo,,K,,,,,,,,,,,,,,,,,,,,,,,,,,,
Christopher Dunn,,K,,,,,,,,,,,,,,,,,,,,,,,,,,,
Zane Gonzalez,,K,,,,,,,,,,,,,,,,,,,,,,,,,,,
Sam Ficken,,K,,,,,,,,,,,,,,,,,,,,,,,,,,,
Trey Wolff,,K,,,,,,,,,,,,,,,,,,,,,,,,,,,
Mike Nugent,,K,,,,,,,,,,,,,,,,,,,,,,,,,,,
Jack Podlesny,,K,,,,,,,,,,,,,,,,,,,,,,,,,,,
Ryan Coe,,K,,,,,,,,,,,,,,,,,,,,,,,,,,,
Randy Bullock,,K,,,,,,,,,,,,,,,,,,,,,,,,,,,
Gabe Brkic,,K,,,,,,,,,,,,,,,,,,,,,,,,,,,
Lucas Havrisik,,K,,,,,,,,,,,,,,,,,,,,,,,,,,,
Jude McAtamney,,K,,,,,,,,,,,,,,,,,,,,,,,,,,,
Stephen Hauschka,,K,,,,,,,,,,,,,,,,,,,,,,,,,,,
Mason Crosby,,K,,,,,,,,,,,,,,,,,,,,,,,,,,,
Nick Sciba,,K,,,,,,,,,,,,,,,,,,,,,,,,,,,
Caleb Shudak,,K,,,,,,,,,,,,,,,,,,,,,,,,,,,
Robbie Gould,,K,,,,,,,,,,,,,,,,,,,,,,,,,,,
Tucker McCann,,K,,,,,,,,,,,,,,,,,,,,,,,,,,,
Camden Lewis,,K,,,,,,,,,,,,,,,,,,,,,,,,,,,
Jake Moody,,K,,,,,,,,,,,,,,,,,,,,,,,,,,,
John Baron,,K,,,,,,,,,,,,,,,,,,,,,,,,,,,
Chris Freeman,,K,,,,,,,,,,,,,,,,,,,,,,,,,,,
Alex Hale,,K,,,,,,,,,,,,,,,,,,,,,,,,,,,
Mark McNamee,,K,,,,,,,,,,,,,,,,,,,,,,,,,,,
Valentino Ambrosio,,K,,,,,,,,,,,,,,,,,,,,,,,,,,,
Dustin Hopkins,,K,,,,,,,,,,,,,,,,,,,,,,,,,,,
Ramiz Ahmed,,K,,,,,,,,,,,,,,,,,,,,,,,,,,,
Sergio Castillo,,K,,,,,,,,,,,,,,,,,,,,,,,,,,,
Alex Kessman,CAR,K,,,,,,,,,,,,,,,,,,,,,,,,,,,
Cole Murphy,,K,,,,,,,,,,,,,,,,,,,,,,,,,,,
Andy Phillips,,K,,,,,,,,,,,,,,,,,,,,,,,,,,,
Younghoe Koo,,K,,,,,,,,,,,,,,,,,,,,,,,,,,,
Justin Manton,,K,,,,,,,,,,,,,,,,,,,,,,,,,,,
Anders Carlson,,K,,,,,,,,,,,,,,,,,,,,,,,,,,,
Greg Zuerlein,,K,,,,,,,,,,,,,,,,,,,,,,,,,,,
Cole Hedlund,,K,,,,,,,,,,,,,,,,,,,,,,,,,,,
Tanner Brown,,K,,,,,,,,,,,,,,,,,,,,,,,,,,,
Will Ferrin,,K,,,,,,,,,,,,,,,,,,,,,,,,,,,
Alex McNulty,,K,,,,,,,,,,,,,,,,,,,,,,,,,,,
Phillip Andersen,,K,,,,,,,,,,,,,,,,,,,,,,,,,,,
Baltimore Ravens,BAL,DEF,TEN,9.74,,,,,,,,,,,,,,,,,,,16.0,,,3.1,0.96,0.69,0.21
Minnesota Vikings,MIN,DEF,MIA,9.65,,,,,,,,,,,,,,,,,,,14.0,,,3.07,0.91,0.7,0.14
Seattle Seahawks,SEA,DEF,LAC,8.76,,,,,,,,,,,,,,,,,,,17.75,,,2.43,0.83,0.57,0.21
Pittsburgh Steelers,PIT,DEF,CLE,8.69,,,,,,,,,,,,,,,,,,,17.75,,,2.88,0.89,0.62,0.14
Chicago Bears,CHI,DEF,NYJ,8.57,,,,,,,,,,,,,,,,,,,19.75,,,2.85,0.83,0.62,0.14
Green Bay Packers,GB,DEF,TB,8.4,,,,,,,,,,,,,,,,,,,18.0,,,2.66,0.76,0.57,0.19
Cleveland Browns,CLE,DEF,PIT,7.91,,,,,,,,,,,,,,,,,,,20.75,,,2.51,0.7,0.56,0.14
Los Angeles Rams,LAR,DEF,PHI,7.56,,,,,,,,,,,,,,,,,,,20.0,,,2.24,0.65,0.47,0.17
Kansas City Chiefs,KC,DEF,LV,7.48,,,,,,,,,,,,,,,,,,,21.5,,,2.73,0.76,0.57,0.19
Buffalo Bills,BUF,DEF,NE,7.43,,,,,,,,,,,,,,,,,,,21.0,,,2.75,0.83,0.62,0.14
New Orleans Saints,NO,DEF,ATL,6.88,,,,,,,,,,,,,,,,,,,23.0,,,2.89,0.74,0.59,
New York Giants,NYG,DEF,ARI,6.83,,,,,,,,,,,,,,,,,,,23.0,,,2.66,0.76,0.57,0.13
San Francisco 49ers,SF,DEF,DEN,6.8,,,,,,,,,,,,,,,,,,,23.0,,,2.57,0.77,0.58,0.13
Indianapolis Colts,IND,DEF,WAS,6.73,,,,,,,,,,,,,,,,,,,22.0,,,2.52,0.75,0.57,0.13
Houston Texans,HOU,DEF,DAL,6.68,,,,,,,,,,,,,,,,,,,22.75,,,2.12,0.71,0.49,0.18
Detroit Lions,DET,DEF,CAR,6.5,,,,,,,,,,,,,,,,,,,23.5,,,2.26,0.7,0.59,0.11
Tampa Bay Buccaneers,TB,DEF,GB,6.45,,,,,,,,,,,,,,,,,,,21.5,,,2.54,0.68,0.5,0.12
Cincinnati Bengals,CIN,DEF,JAX,6.43,,,,,,,,,,,,,,,,,,,24.5,,,2.64,0.74,0.54,0.07
Arizona Cardinals,ARI,DEF,NYG,6.36,,,,,,,,,,,,,,,,,,,21.5,,,2.67,0.63,0.55,0.08
Atlanta Falcons,ATL,DEF,NO,6.32,,,,,,,,,,,,,,,,,,,25.5,,,2.42,0.65,0.53,0.12
Dallas Cowboys,DAL,DEF,HOU,6.29,,,,,,,,,,,,,,,,,,,25.25,,,2.45,0.7,0.52,0.06
Denver Broncos,DEN,DEF,SF,6.22,,,,,,,,,,,,,,,,,,,25.5,,,2.21,0.65,0.41,0.18
Jacksonville Jaguars,JAX,DEF,CIN,6.21,,,,,,,,,,,,,,,,,,,27.0,,,2.19,0.66,0.51,0.15
Philadelphia Eagles,PHI,DEF,LAR,6.18,,,,,,,,,,,,,,,,,,,23.0,,,2.06,0.67,0.45,0.18
Washington Commanders,WAS,DEF,IND,6.16,,,,,,,,,,,,,,,,,,,25.5,,,2.67,0.68,0.48,0.07
Carolina Panthers,CAR,DEF,DET,5.83,,,,,,,,,,,,,,,,,,,27.0,,,2.21,0.62,0.51,0.06
New England Patriots,NE,DEF,BUF,5.66,,,,,,,,,,,,,,,,,,,27.5,,,2.01,0.59,0.46,0.09
Las Vegas Raiders,LV,DEF,KC,5.52,,,,,,,,,,,,,,,,,,,26.0,,,2.28,0.55,0.48,0.07
New York Jets,NYJ,DEF,CHI,5.5,,,,,,,,,,,,,,,,,,,23.25,,,2.37,0.49,0.49,0.07
Los Angeles Chargers,LAC,DEF,SEA,5.42,,,,,,,,,,,,,,,,,,,24.75,,,2.28,0.65,0.49,0.11
Miami Dolphins,MIA,DEF,MIN,4.98,,,,,,,,,,,,,,,,,,,24.5,,,2.2,0.45,0.39,0.06
Tennessee Titans,TEN,DEF,BAL,4.3,,,,,,,,,,,,,,,,,,,27.5,,,1.71,0.47,0.36,0.05
