event,series,ticker,title,yes_bid,yes_ask,last_price,volume,open_interest,status,close_time,pulled_at
KXNFLREC-26OCT05ATLNO,KXNFLREC,KXNFLREC-26OCT05ATLNO-ATLBROBINSON7-2,Bijan Robinson: 2+ receptions,0.9100,0.9200,0.9200,47.58,47.58,active,2026-10-08T00:15:00Z,2026-10-05T15:51:29+00:00
KXNFLREC-26OCT05ATLNO,KXNFLREC,KXNFLREC-26OCT05ATLNO-NOCOLAVE12-9,Chris Olave: 9+ receptions,0.2800,0.2900,0.2900,598.04,598.04,active,2026-10-08T00:15:00Z,2026-10-05T15:51:29+00:00
KXNFLREC-26OCT05ATLNO,KXNFLREC,KXNFLREC-26OCT05ATLNO-NOAKAMARA41-8,Alvin Kamara: 8+ receptions,0.0200,0.0400,0.0400,117.12,117.12,active,2026-10-08T00:15:00Z,2026-10-05T15:51:29+00:00
KXNFLREC-26OCT05ATLNO,KXNFLREC,KXNFLREC-26OCT05ATLNO-ATLDLONDON5-8,Drake London: 8+ receptions,0.2600,0.2700,0.2700,1069.66,1069.66,active,2026-10-08T00:15:00Z,2026-10-05T15:51:29+00:00
KXNFLREC-26OCT05ATLNO,KXNFLREC,KXNFLREC-26OCT05ATLNO-ATLBROBINSON7-9,Bijan Robinson: 9+ receptions,0.0600,0.0700,0.0000,0.00,0.00,active,2026-10-08T00:15:00Z,2026-10-05T15:51:29+00:00
KXNFLREC-26OCT05ATLNO,KXNFLREC,KXNFLREC-26OCT05ATLNO-ATLOZACCHEAUS14-2,Olamide Zaccheaus: 2+ receptions,0.3600,0.3700,0.3700,766.49,722.05,active,2026-10-08T00:15:00Z,2026-10-05T15:51:29+00:00
KXNFLREC-26OCT05ATLNO,KXNFLREC,KXNFLREC-26OCT05ATLNO-NODVELE14-8,Devaughn Vele: 8+ receptions,0.0700,0.0800,0.1000,223.00,223.00,active,2026-10-08T00:15:00Z,2026-10-05T15:51:29+00:00
KXNFLREC-26OCT05ATLNO,KXNFLREC,KXNFLREC-26OCT05ATLNO-ATLZBRANCH17-1,Zachariah Branch: 1+ receptions,0.5600,0.5700,0.5700,38513.47,38513.47,active,2026-10-08T00:15:00Z,2026-10-05T15:51:29+00:00
KXNFLREC-26OCT05ATLNO,KXNFLREC,KXNFLREC-26OCT05ATLNO-ATLOZACCHEAUS14-3,Olamide Zaccheaus: 3+ receptions,0.1400,0.1500,0.1500,1572.86,1572.86,active,2026-10-08T00:15:00Z,2026-10-05T15:51:29+00:00
KXNFLREC-26OCT05ATLNO,KXNFLREC,KXNFLREC-26OCT05ATLNO-NOAKAMARA41-7,Alvin Kamara: 7+ receptions,0.0600,0.0700,0.0700,218.02,218.02,active,2026-10-08T00:15:00Z,2026-10-05T15:51:29+00:00
KXNFLREC-26OCT05ATLNO,KXNFLREC,KXNFLREC-26OCT05ATLNO-ATLBROBINSON7-3,Bijan Robinson: 3+ receptions,0.8000,0.8100,0.8200,26.65,26.65,active,2026-10-08T00:15:00Z,2026-10-05T15:51:29+00:00
KXNFLREC-26OCT05ATLNO,KXNFLREC,KXNFLREC-26OCT05ATLNO-NOBLANCE18-5,Bryce Lance: 5+ receptions,0.0200,0.0400,0.0400,117.12,117.12,active,2026-10-08T00:15:00Z,2026-10-05T15:51:29+00:00
KXNFLREC-26OCT05ATLNO,KXNFLREC,KXNFLREC-26OCT05ATLNO-ATLZBRANCH17-2,Zachariah Branch: 2+ receptions,0.2000,0.2100,0.2100,2110.85,2110.85,active,2026-10-08T00:15:00Z,2026-10-05T15:51:29+00:00
KXNFLREC-26OCT05ATLNO,KXNFLREC,KXNFLREC-26OCT05ATLNO-NOJJOHNSON83-2,Juwan Johnson: 2+ receptions,0.8700,0.8800,0.8800,64.51,64.51,active,2026-10-08T00:15:00Z,2026-10-05T15:51:29+00:00
KXNFLREC-26OCT05ATLNO,KXNFLREC,KXNFLREC-26OCT05ATLNO-NODVELE14-10,Devaughn Vele: 10+ receptions,0.0000,0.0400,0.1900,377.66,377.66,active,2026-10-08T00:15:00Z,2026-10-05T15:51:29+00:00
KXNFLREC-26OCT05ATLNO,KXNFLREC,KXNFLREC-26OCT05ATLNO-ATLBROBINSON7-5,Bijan Robinson: 5+ receptions,0.4500,0.4600,0.4600,3441.35,3383.79,active,2026-10-08T00:15:00Z,2026-10-05T15:51:29+00:00
KXNFLREC-26OCT05ATLNO,KXNFLREC,KXNFLREC-26OCT05ATLNO-ATLBROBINSON7-8,Bijan Robinson: 8+ receptions,0.1000,0.1100,0.1100,40.00,40.00,active,2026-10-08T00:15:00Z,2026-10-05T15:51:29+00:00
KXNFLREC-26OCT05ATLNO,KXNFLREC,KXNFLREC-26OCT05ATLNO-ATLAHOOPER81-3,Austin Hooper: 3+ receptions,0.1500,0.1600,0.1500,2486.45,2486.45,active,2026-10-08T00:15:00Z,2026-10-05T15:51:29+00:00
KXNFLREC-26OCT05ATLNO,KXNFLREC,KXNFLREC-26OCT05ATLNO-ATLKPITTS8-7,Kyle Pitts Sr.: 7+ receptions,0.0500,0.0600,0.0600,6428.21,6428.21,active,2026-10-08T00:15:00Z,2026-10-05T15:51:29+00:00
KXNFLREC-26OCT05ATLNO,KXNFLREC,KXNFLREC-26OCT05ATLNO-ATLKPITTS8-4,Kyle Pitts Sr.: 4+ receptions,0.3600,0.3700,0.3700,2694.30,2694.30,active,2026-10-08T00:15:00Z,2026-10-05T15:51:29+00:00
KXNFLREC-26OCT05ATLNO,KXNFLREC,KXNFLREC-26OCT05ATLNO-NOBLANCE18-2,Bryce Lance: 2+ receptions,0.4000,0.4100,0.0000,0.00,0.00,active,2026-10-08T00:15:00Z,2026-10-05T15:51:29+00:00
KXNFLREC-26OCT05ATLNO,KXNFLREC,KXNFLREC-26OCT05ATLNO-NOJJOHNSON83-6,Juwan Johnson: 6+ receptions,0.1900,0.2000,0.2000,744.55,744.55,active,2026-10-08T00:15:00Z,2026-10-05T15:51:29+00:00
KXNFLREC-26OCT05ATLNO,KXNFLREC,KXNFLREC-26OCT05ATLNO-ATLDLONDON5-11,Drake London: 11+ receptions,0.0500,0.0700,0.0800,100.04,100.04,active,2026-10-08T00:15:00Z,2026-10-05T15:51:29+00:00
KXNFLREC-26OCT05ATLNO,KXNFLREC,KXNFLREC-26OCT05ATLNO-NOCOLAVE12-11,Chris Olave: 11+ receptions,0.1100,0.1200,0.1300,99.93,99.93,active,2026-10-08T00:15:00Z,2026-10-05T15:51:29+00:00
KXNFLREC-26OCT05ATLNO,KXNFLREC,KXNFLREC-26OCT05ATLNO-NODVELE14-6,Devaughn Vele: 6+ receptions,0.2500,0.2600,0.2600,1239.35,1239.35,active,2026-10-08T00:15:00Z,2026-10-05T15:51:29+00:00
KXNFLREC-26OCT05ATLNO,KXNFLREC,KXNFLREC-26OCT05ATLNO-NOJJOHNSON83-7,Juwan Johnson: 7+ receptions,0.1300,0.1400,0.1400,956.38,956.38,active,2026-10-08T00:15:00Z,2026-10-05T15:51:29+00:00
KXNFLREC-26OCT05ATLNO,KXNFLREC,KXNFLREC-26OCT05ATLNO-NOAKAMARA41-2,Alvin Kamara: 2+ receptions,0.7800,0.8000,0.7900,383.05,383.05,active,2026-10-08T00:15:00Z,2026-10-05T15:51:29+00:00
KXNFLREC-26OCT05ATLNO,KXNFLREC,KXNFLREC-26OCT05ATLNO-ATLZBRANCH17-3,Zachariah Branch: 3+ receptions,0.0700,0.0800,0.0000,0.00,0.00,active,2026-10-08T00:15:00Z,2026-10-05T15:51:29+00:00
KXNFLREC-26OCT05ATLNO,KXNFLREC,KXNFLREC-26OCT05ATLNO-NOCOLAVE12-8,Chris Olave: 8+ receptions,0.3800,0.3900,0.3900,3686.01,3646.74,active,2026-10-08T00:15:00Z,2026-10-05T15:51:29+00:00
KXNFLREC-26OCT05ATLNO,KXNFLREC,KXNFLREC-26OCT05ATLNO-ATLOZACCHEAUS14-4,Olamide Zaccheaus: 4+ receptions,0.0500,0.0600,0.0700,3214.43,3214.43,active,2026-10-08T00:15:00Z,2026-10-05T15:51:29+00:00
KXNFLREC-26OCT05ATLNO,KXNFLREC,KXNFLREC-26OCT05ATLNO-ATLDLONDON5-7,Drake London: 7+ receptions,0.4000,0.4100,0.4100,3246.23,3239.23,active,2026-10-08T00:15:00Z,2026-10-05T15:51:29+00:00
KXNFLREC-26OCT05ATLNO,KXNFLREC,KXNFLREC-26OCT05ATLNO-ATLBROBINSON7-7,Bijan Robinson: 7+ receptions,0.1900,0.2000,0.0000,0.00,0.00,active,2026-10-08T00:15:00Z,2026-10-05T15:51:29+00:00
KXNFLREC-26OCT05ATLNO,KXNFLREC,KXNFLREC-26OCT05ATLNO-ATLDLONDON5-3,Drake London: 3+ receptions,0.9100,0.9200,0.9200,32.77,22.14,active,2026-10-08T00:15:00Z,2026-10-05T15:51:29+00:00
KXNFLREC-26OCT05ATLNO,KXNFLREC,KXNFLREC-26OCT05ATLNO-NOCOLAVE12-6,Chris Olave: 6+ receptions,0.6800,0.6900,0.6900,624.68,624.68,active,2026-10-08T00:15:00Z,2026-10-05T15:51:29+00:00
KXNFLREC-26OCT05ATLNO,KXNFLREC,KXNFLREC-26OCT05ATLNO-NOCOLAVE12-4,Chris Olave: 4+ receptions,0.8800,0.8900,0.9100,1310.03,1310.03,active,2026-10-08T00:15:00Z,2026-10-05T15:51:29+00:00
KXNFLREC-26OCT05ATLNO,KXNFLREC,KXNFLREC-26OCT05ATLNO-ATLZBRANCH17-4,Zachariah Branch: 4+ receptions,0.0100,0.0400,0.0400,1.00,1.00,active,2026-10-08T00:15:00Z,2026-10-05T15:51:29+00:00
KXNFLREC-26OCT05ATLNO,KXNFLREC,KXNFLREC-26OCT05ATLNO-NOJJOHNSON83-4,Juwan Johnson: 4+ receptions,0.5600,0.5700,0.5700,20222.86,20133.27,active,2026-10-08T00:15:00Z,2026-10-05T15:51:29+00:00
KXNFLREC-26OCT05ATLNO,KXNFLREC,KXNFLREC-26OCT05ATLNO-ATLDLONDON5-5,Drake London: 5+ receptions,0.6900,0.7000,0.7000,165.15,164.15,active,2026-10-08T00:15:00Z,2026-10-05T15:51:29+00:00
KXNFLREC-26OCT05ATLNO,KXNFLREC,KXNFLREC-26OCT05ATLNO-NOAKAMARA41-4,Alvin Kamara: 4+ receptions,0.3700,0.3800,0.3800,11423.34,9511.34,active,2026-10-08T00:15:00Z,2026-10-05T15:51:29+00:00
KXNFLREC-26OCT05ATLNO,KXNFLREC,KXNFLREC-26OCT05ATLNO-NOAKAMARA41-3,Alvin Kamara: 3+ receptions,0.5800,0.5900,0.5900,767.45,767.45,active,2026-10-08T00:15:00Z,2026-10-05T15:51:29+00:00
KXNFLREC-26OCT05ATLNO,KXNFLREC,KXNFLREC-26OCT05ATLNO-NOCOLAVE12-10,Chris Olave: 10+ receptions,0.1900,0.2000,0.2000,406.57,406.57,active,2026-10-08T00:15:00Z,2026-10-05T15:51:29+00:00
KXNFLREC-26OCT05ATLNO,KXNFLREC,KXNFLREC-26OCT05ATLNO-NOAKAMARA41-6,Alvin Kamara: 6+ receptions,0.1100,0.1300,0.1200,796.35,796.35,active,2026-10-08T00:15:00Z,2026-10-05T15:51:29+00:00
KXNFLREC-26OCT05ATLNO,KXNFLREC,KXNFLREC-26OCT05ATLNO-NOBLANCE18-4,Bryce Lance: 4+ receptions,0.0700,0.0800,0.0000,0.00,0.00,active,2026-10-08T00:15:00Z,2026-10-05T15:51:29+00:00
KXNFLREC-26OCT05ATLNO,KXNFLREC,KXNFLREC-26OCT05ATLNO-NOJJOHNSON83-3,Juwan Johnson: 3+ receptions,0.7300,0.7400,0.7400,611.33,590.33,active,2026-10-08T00:15:00Z,2026-10-05T15:51:29+00:00
KXNFLREC-26OCT05ATLNO,KXNFLREC,KXNFLREC-26OCT05ATLNO-NOAKAMARA41-5,Alvin Kamara: 5+ receptions,0.2200,0.2300,0.2300,1354.07,1354.07,active,2026-10-08T00:15:00Z,2026-10-05T15:51:29+00:00
KXNFLREC-26OCT05ATLNO,KXNFLREC,KXNFLREC-26OCT05ATLNO-NOCOLAVE12-7,Chris Olave: 7+ receptions,0.5300,0.5400,0.5400,5990.96,5946.11,active,2026-10-08T00:15:00Z,2026-10-05T15:51:29+00:00
KXNFLREC-26OCT05ATLNO,KXNFLREC,KXNFLREC-26OCT05ATLNO-NOCOLAVE12-14,Chris Olave: 14+ receptions,0.0200,0.0400,0.0000,0.00,0.00,active,2026-10-08T00:15:00Z,2026-10-05T15:51:29+00:00
KXNFLREC-26OCT05ATLNO,KXNFLREC,KXNFLREC-26OCT05ATLNO-ATLAHOOPER81-4,Austin Hooper: 4+ receptions,0.0500,0.0600,0.0500,4258.48,4258.48,active,2026-10-08T00:15:00Z,2026-10-05T15:51:29+00:00
KXNFLREC-26OCT05ATLNO,KXNFLREC,KXNFLREC-26OCT05ATLNO-ATLAHOOPER81-5,Austin Hooper: 5+ receptions,0.0200,0.0300,0.0000,0.00,0.00,active,2026-10-08T00:15:00Z,2026-10-05T15:51:29+00:00
KXNFLREC-26OCT05ATLNO,KXNFLREC,KXNFLREC-26OCT05ATLNO-ATLDLONDON5-6,Drake London: 6+ receptions,0.5500,0.5600,0.5600,10100.58,10009.49,active,2026-10-08T00:15:00Z,2026-10-05T15:51:29+00:00
KXNFLREC-26OCT05ATLNO,KXNFLREC,KXNFLREC-26OCT05ATLNO-ATLKPITTS8-3,Kyle Pitts Sr.: 3+ receptions,0.5600,0.5700,0.5600,9297.87,9297.86,active,2026-10-08T00:15:00Z,2026-10-05T15:51:29+00:00
KXNFLREC-26OCT05ATLNO,KXNFLREC,KXNFLREC-26OCT05ATLNO-ATLKPITTS8-5,Kyle Pitts Sr.: 5+ receptions,0.1900,0.2000,0.2000,844.16,844.16,active,2026-10-08T00:15:00Z,2026-10-05T15:51:29+00:00
KXNFLREC-26OCT05ATLNO,KXNFLREC,KXNFLREC-26OCT05ATLNO-NOBLANCE18-3,Bryce Lance: 3+ receptions,0.1700,0.1800,0.0000,0.00,0.00,active,2026-10-08T00:15:00Z,2026-10-05T15:51:29+00:00
KXNFLREC-26OCT05ATLNO,KXNFLREC,KXNFLREC-26OCT05ATLNO-NOCOLAVE12-12,Chris Olave: 12+ receptions,0.0500,0.0800,0.0000,0.00,0.00,active,2026-10-08T00:15:00Z,2026-10-05T15:51:29+00:00
KXNFLREC-26OCT05ATLNO,KXNFLREC,KXNFLREC-26OCT05ATLNO-NOCOLAVE12-13,Chris Olave: 13+ receptions,0.0200,0.0500,0.0000,0.00,0.00,active,2026-10-08T00:15:00Z,2026-10-05T15:51:29+00:00
KXNFLREC-26OCT05ATLNO,KXNFLREC,KXNFLREC-26OCT05ATLNO-NODVELE14-3,Devaughn Vele: 3+ receptions,0.7500,0.7600,0.7600,190.66,190.66,active,2026-10-08T00:15:00Z,2026-10-05T15:51:29+00:00
KXNFLREC-26OCT05ATLNO,KXNFLREC,KXNFLREC-26OCT05ATLNO-ATLAHOOPER81-2,Austin Hooper: 2+ receptions,0.3000,0.3100,0.3100,13794.50,13794.50,active,2026-10-08T00:15:00Z,2026-10-05T15:51:29+00:00
KXNFLREC-26OCT05ATLNO,KXNFLREC,KXNFLREC-26OCT05ATLNO-ATLJDOTSON4-3,Jahan Dotson: 3+ receptions,0.2900,0.3000,0.3000,317.76,317.76,active,2026-10-08T00:15:00Z,2026-10-05T15:51:29+00:00
KXNFLREC-26OCT05ATLNO,KXNFLREC,KXNFLREC-26OCT05ATLNO-NODVELE14-7,Devaughn Vele: 7+ receptions,0.1300,0.1500,0.1600,146.72,146.72,active,2026-10-08T00:15:00Z,2026-10-05T15:51:29+00:00
KXNFLREC-26OCT05ATLNO,KXNFLREC,KXNFLREC-26OCT05ATLNO-ATLDLONDON5-10,Drake London: 10+ receptions,0.0900,0.1100,0.1000,411.74,411.74,active,2026-10-08T00:15:00Z,2026-10-05T15:51:29+00:00
KXNFLREC-26OCT05ATLNO,KXNFLREC,KXNFLREC-26OCT05ATLNO-ATLKPITTS8-6,Kyle Pitts Sr.: 6+ receptions,0.1000,0.1100,0.1100,1590.30,1590.30,active,2026-10-08T00:15:00Z,2026-10-05T15:51:29+00:00
KXNFLREC-26OCT05ATLNO,KXNFLREC,KXNFLREC-26OCT05ATLNO-ATLJDOTSON4-2,Jahan Dotson: 2+ receptions,0.5300,0.5500,0.5300,1360.22,1360.22,active,2026-10-08T00:15:00Z,2026-10-05T15:51:29+00:00
KXNFLREC-26OCT05ATLNO,KXNFLREC,KXNFLREC-26OCT05ATLNO-ATLKPITTS8-2,Kyle Pitts Sr.: 2+ receptions,0.7600,0.7700,0.7600,22.34,16.34,active,2026-10-08T00:15:00Z,2026-10-05T15:51:29+00:00
KXNFLREC-26OCT05ATLNO,KXNFLREC,KXNFLREC-26OCT05ATLNO-NOJJOHNSON83-5,Juwan Johnson: 5+ receptions,0.3600,0.3700,0.3700,1958.60,1930.18,active,2026-10-08T00:15:00Z,2026-10-05T15:51:29+00:00
KXNFLREC-26OCT05ATLNO,KXNFLREC,KXNFLREC-26OCT05ATLNO-ATLDLONDON5-4,Drake London: 4+ receptions,0.8100,0.8300,0.8300,265.64,265.64,active,2026-10-08T00:15:00Z,2026-10-05T15:51:29+00:00
KXNFLREC-26OCT05ATLNO,KXNFLREC,KXNFLREC-26OCT05ATLNO-ATLDLONDON5-9,Drake London: 9+ receptions,0.1600,0.1700,0.1700,102.82,102.82,active,2026-10-08T00:15:00Z,2026-10-05T15:51:29+00:00
KXNFLREC-26OCT05ATLNO,KXNFLREC,KXNFLREC-26OCT05ATLNO-ATLBROBINSON7-4,Bijan Robinson: 4+ receptions,0.6500,0.6600,0.6600,1.09,1.09,active,2026-10-08T00:15:00Z,2026-10-05T15:51:29+00:00
KXNFLREC-26OCT05ATLNO,KXNFLREC,KXNFLREC-26OCT05ATLNO-ATLKPITTS8-8,Kyle Pitts Sr.: 8+ receptions,0.0400,0.0500,0.0400,4939.75,4939.75,active,2026-10-08T00:15:00Z,2026-10-05T15:51:29+00:00
KXNFLREC-26OCT05ATLNO,KXNFLREC,KXNFLREC-26OCT05ATLNO-NODVELE14-4,Devaughn Vele: 4+ receptions,0.5700,0.5800,0.5800,874.19,818.27,active,2026-10-08T00:15:00Z,2026-10-05T15:51:29+00:00
KXNFLREC-26OCT05ATLNO,KXNFLREC,KXNFLREC-26OCT05ATLNO-ATLJDOTSON4-5,Jahan Dotson: 5+ receptions,0.0500,0.0600,0.0000,0.00,0.00,active,2026-10-08T00:15:00Z,2026-10-05T15:51:29+00:00
KXNFLREC-26OCT05ATLNO,KXNFLREC,KXNFLREC-26OCT05ATLNO-NOJJOHNSON83-9,Juwan Johnson: 9+ receptions,0.0200,0.0400,0.0400,117.12,117.12,active,2026-10-08T00:15:00Z,2026-10-05T15:51:29+00:00
KXNFLREC-26OCT05ATLNO,KXNFLREC,KXNFLREC-26OCT05ATLNO-NOCOLAVE12-5,Chris Olave: 5+ receptions,0.7900,0.8000,0.8000,231.96,231.96,active,2026-10-08T00:15:00Z,2026-10-05T15:51:29+00:00
KXNFLREC-26OCT05ATLNO,KXNFLREC,KXNFLREC-26OCT05ATLNO-ATLBROBINSON7-10,Bijan Robinson: 10+ receptions,0.0300,0.0500,0.0000,0.00,0.00,active,2026-10-08T00:15:00Z,2026-10-05T15:51:29+00:00
KXNFLREC-26OCT05ATLNO,KXNFLREC,KXNFLREC-26OCT05ATLNO-ATLBROBINSON7-6,Bijan Robinson: 6+ receptions,0.3100,0.3200,0.3300,159.19,86.83,active,2026-10-08T00:15:00Z,2026-10-05T15:51:29+00:00
KXNFLREC-26OCT05ATLNO,KXNFLREC,KXNFLREC-26OCT05ATLNO-NODVELE14-9,Devaughn Vele: 9+ receptions,0.0400,0.0600,0.0400,306.82,304.18,active,2026-10-08T00:15:00Z,2026-10-05T15:51:29+00:00
KXNFLREC-26OCT05ATLNO,KXNFLREC,KXNFLREC-26OCT05ATLNO-NOJJOHNSON83-8,Juwan Johnson: 8+ receptions,0.0500,0.0700,0.0600,156.37,156.37,active,2026-10-08T00:15:00Z,2026-10-05T15:51:29+00:00
KXNFLREC-26OCT05ATLNO,KXNFLREC,KXNFLREC-26OCT05ATLNO-NODVELE14-2,Devaughn Vele: 2+ receptions,0.8900,0.9000,0.9000,80.96,80.96,active,2026-10-08T00:15:00Z,2026-10-05T15:51:29+00:00
KXNFLREC-26OCT05ATLNO,KXNFLREC,KXNFLREC-26OCT05ATLNO-ATLDLONDON5-12,Drake London: 12+ receptions,0.0300,0.0500,0.0500,50.00,50.00,active,2026-10-08T00:15:00Z,2026-10-05T15:51:29+00:00
KXNFLREC-26OCT05ATLNO,KXNFLREC,KXNFLREC-26OCT05ATLNO-NODVELE14-5,Devaughn Vele: 5+ receptions,0.4000,0.4100,0.4100,929.85,929.85,active,2026-10-08T00:15:00Z,2026-10-05T15:51:29+00:00
KXNFLREC-26OCT05ATLNO,KXNFLREC,KXNFLREC-26OCT05ATLNO-ATLJDOTSON4-4,Jahan Dotson: 4+ receptions,0.1200,0.1300,0.1300,803.53,803.53,active,2026-10-08T00:15:00Z,2026-10-05T15:51:29+00:00
KXNFLRECYDS-26OCT05ATLNO,KXNFLRECYDS,KXNFLRECYDS-26OCT05ATLNO-NOAKAMARA41-40,Alvin Kamara: 40+ receiving yards,0.1000,0.1100,0.1100,2471.57,2228.50,active,2026-10-08T00:15:00Z,2026-10-05T15:51:29+00:00
KXNFLRECYDS-26OCT05ATLNO,KXNFLRECYDS,KXNFLRECYDS-26OCT05ATLNO-ATLBROBINSON7-100,Bijan Robinson: 100+ receiving yards,0.0200,0.0500,0.0500,196.92,196.92,active,2026-10-08T00:15:00Z,2026-10-05T15:51:29+00:00
KXNFLRECYDS-26OCT05ATLNO,KXNFLRECYDS,KXNFLRECYDS-26OCT05ATLNO-ATLDLONDON5-50,Drake London: 50+ receiving yards,0.7600,0.7800,0.7800,2063.41,2061.84,active,2026-10-08T00:15:00Z,2026-10-05T15:51:29+00:00
KXNFLRECYDS-26OCT05ATLNO,KXNFLRECYDS,KXNFLRECYDS-26OCT05ATLNO-ATLBROBINSON7-25,Bijan Robinson: 25+ receiving yards,0.7000,0.7100,0.7100,703.94,703.94,active,2026-10-08T00:15:00Z,2026-10-05T15:51:29+00:00
KXNFLRECYDS-26OCT05ATLNO,KXNFLRECYDS,KXNFLRECYDS-26OCT05ATLNO-NODVELE14-25,Devaughn Vele: 25+ receiving yards,0.7600,0.7700,0.7700,2856.71,2856.71,active,2026-10-08T00:15:00Z,2026-10-05T15:51:29+00:00
KXNFLRECYDS-26OCT05ATLNO,KXNFLRECYDS,KXNFLRECYDS-26OCT05ATLNO-NONFANT87-50,Noah Fant: 50+ receiving yards,0.0700,0.0800,0.1000,79.40,79.40,active,2026-10-08T00:15:00Z,2026-10-05T15:51:29+00:00
KXNFLRECYDS-26OCT05ATLNO,KXNFLRECYDS,KXNFLRECYDS-26OCT05ATLNO-NOCOLAVE12-70,Chris Olave: 70+ receiving yards,0.6500,0.6600,0.6600,2720.80,2332.46,active,2026-10-08T00:15:00Z,2026-10-05T15:51:29+00:00
KXNFLRECYDS-26OCT05ATLNO,KXNFLRECYDS,KXNFLRECYDS-26OCT05ATLNO-ATLDLONDON5-60,Drake London: 60+ receiving yards,0.6700,0.6900,0.6700,578.19,578.19,active,2026-10-08T00:15:00Z,2026-10-05T15:51:29+00:00
KXNFLRECYDS-26OCT05ATLNO,KXNFLRECYDS,KXNFLRECYDS-26OCT05ATLNO-NOBLANCE18-25,Bryce Lance: 25+ receiving yards,0.3000,0.3200,0.3200,56.49,56.49,active,2026-10-08T00:15:00Z,2026-10-05T15:51:29+00:00
KXNFLRECYDS-26OCT05ATLNO,KXNFLRECYDS,KXNFLRECYDS-26OCT05ATLNO-NOAKAMARA41-60,Alvin Kamara: 60+ receiving yards,0.0300,0.0500,0.0500,2898.11,2898.11,active,2026-10-08T00:15:00Z,2026-10-05T15:51:29+00:00
KXNFLRECYDS-26OCT05ATLNO,KXNFLRECYDS,KXNFLRECYDS-26OCT05ATLNO-ATLDLONDON5-90,Drake London: 90+ receiving yards,0.4100,0.4200,0.4200,1928.38,1928.38,active,2026-10-08T00:15:00Z,2026-10-05T15:51:29+00:00
KXNFLRECYDS-26OCT05ATLNO,KXNFLRECYDS,KXNFLRECYDS-26OCT05ATLNO-ATLJDOTSON4-50,Jahan Dotson: 50+ receiving yards,0.1200,0.1300,0.1300,403.62,403.62,active,2026-10-08T00:15:00Z,2026-10-05T15:51:29+00:00
KXNFLRECYDS-26OCT05ATLNO,KXNFLRECYDS,KXNFLRECYDS-26OCT05ATLNO-NOCOLAVE12-150,Chris Olave: 150+ receiving yards,0.0900,0.1000,0.0900,2019.43,2019.43,active,2026-10-08T00:15:00Z,2026-10-05T15:51:29+00:00
KXNFLRECYDS-26OCT05ATLNO,KXNFLRECYDS,KXNFLRECYDS-26OCT05ATLNO-ATLJDOTSON4-60,Jahan Dotson: 60+ receiving yards,0.0700,0.0800,0.0900,92.00,92.00,active,2026-10-08T00:15:00Z,2026-10-05T15:51:29+00:00
KXNFLRECYDS-26OCT05ATLNO,KXNFLRECYDS,KXNFLRECYDS-26OCT05ATLNO-ATLBROBINSON7-60,Bijan Robinson: 60+ receiving yards,0.2200,0.2300,0.2300,505.56,505.56,active,2026-10-08T00:15:00Z,2026-10-05T15:51:29+00:00
KXNFLRECYDS-26OCT05ATLNO,KXNFLRECYDS,KXNFLRECYDS-26OCT05ATLNO-ATLKPITTS8-60,Kyle Pitts Sr.: 60+ receiving yards,0.1500,0.1600,0.1600,1573.26,1573.26,active,2026-10-08T00:15:00Z,2026-10-05T15:51:29+00:00
KXNFLRECYDS-26OCT05ATLNO,KXNFLRECYDS,KXNFLRECYDS-26OCT05ATLNO-ATLJDOTSON4-40,Jahan Dotson: 40+ receiving yards,0.2000,0.2100,0.2100,68.08,68.08,active,2026-10-08T00:15:00Z,2026-10-05T15:51:29+00:00
KXNFLRECYDS-26OCT05ATLNO,KXNFLRECYDS,KXNFLRECYDS-26OCT05ATLNO-ATLAHOOPER81-60,Austin Hooper: 60+ receiving yards,0.0200,0.0300,0.0000,0.00,0.00,active,2026-10-08T00:15:00Z,2026-10-05T15:51:29+00:00
KXNFLRECYDS-26OCT05ATLNO,KXNFLRECYDS,KXNFLRECYDS-26OCT05ATLNO-NODVELE14-120,Devaughn Vele: 120+ receiving yards,0.0300,0.0500,0.0500,2994.52,2994.52,active,2026-10-08T00:15:00Z,2026-10-05T15:51:29+00:00
KXNFLRECYDS-26OCT05ATLNO,KXNFLRECYDS,KXNFLRECYDS-26OCT05ATLNO-ATLAHOOPER81-40,Austin Hooper: 40+ receiving yards,0.0400,0.0600,0.0000,0.00,0.00,active,2026-10-08T00:15:00Z,2026-10-05T15:51:29+00:00
KXNFLRECYDS-26OCT05ATLNO,KXNFLRECYDS,KXNFLRECYDS-26OCT05ATLNO-NOCOLAVE12-140,Chris Olave: 140+ receiving yards,0.1100,0.1200,0.1200,282.66,282.66,active,2026-10-08T00:15:00Z,2026-10-05T15:51:29+00:00
KXNFLRECYDS-26OCT05ATLNO,KXNFLRECYDS,KXNFLRECYDS-26OCT05ATLNO-NOCOLAVE12-160,Chris Olave: 160+ receiving yards,0.0500,0.0800,0.0900,10.44,10.44,active,2026-10-08T00:15:00Z,2026-10-05T15:51:29+00:00
KXNFLRECYDS-26OCT05ATLNO,KXNFLRECYDS,KXNFLRECYDS-26OCT05ATLNO-NOCOLAVE12-130,Chris Olave: 130+ receiving yards,0.1600,0.1700,0.1700,988.82,988.82,active,2026-10-08T00:15:00Z,2026-10-05T15:51:29+00:00
KXNFLRECYDS-26OCT05ATLNO,KXNFLRECYDS,KXNFLRECYDS-26OCT05ATLNO-NODVELE14-80,Devaughn Vele: 80+ receiving yards,0.1600,0.1700,0.1700,1781.51,1781.51,active,2026-10-08T00:15:00Z,2026-10-05T15:51:29+00:00
KXNFLRECYDS-26OCT05ATLNO,KXNFLRECYDS,KXNFLRECYDS-26OCT05ATLNO-NOAKAMARA41-25,Alvin Kamara: 25+ receiving yards,0.2800,0.2900,0.2900,5317.95,5317.95,active,2026-10-08T00:15:00Z,2026-10-05T15:51:29+00:00
KXNFLRECYDS-26OCT05ATLNO,KXNFLRECYDS,KXNFLRECYDS-26OCT05ATLNO-NODVELE14-70,Devaughn Vele: 70+ receiving yards,0.2300,0.2400,0.2400,3164.42,3164.42,active,2026-10-08T00:15:00Z,2026-10-05T15:51:29+00:00
KXNFLRECYDS-26OCT05ATLNO,KXNFLRECYDS,KXNFLRECYDS-26OCT05ATLNO-ATLZBRANCH17-40,Zachariah Branch: 40+ receiving yards,0.0400,0.0600,0.0000,0.00,0.00,active,2026-10-08T00:15:00Z,2026-10-05T15:51:29+00:00
KXNFLRECYDS-26OCT05ATLNO,KXNFLRECYDS,KXNFLRECYDS-26OCT05ATLNO-NOBLANCE18-60,Bryce Lance: 60+ receiving yards,0.0600,0.0800,0.0000,0.00,0.00,active,2026-10-08T00:15:00Z,2026-10-05T15:51:29+00:00
KXNFLRECYDS-26OCT05ATLNO,KXNFLRECYDS,KXNFLRECYDS-26OCT05ATLNO-NODVELE14-90,Devaughn Vele: 90+ receiving yards,0.1000,0.1200,0.1200,735.74,735.74,active,2026-10-08T00:15:00Z,2026-10-05T15:51:29+00:00
KXNFLRECYDS-26OCT05ATLNO,KXNFLRECYDS,KXNFLRECYDS-26OCT05ATLNO-ATLKPITTS8-50,Kyle Pitts Sr.: 50+ receiving yards,0.2400,0.2500,0.2500,3781.15,3779.17,active,2026-10-08T00:15:00Z,2026-10-05T15:51:29+00:00
KXNFLRECYDS-26OCT05ATLNO,KXNFLRECYDS,KXNFLRECYDS-26OCT05ATLNO-ATLAHOOPER81-15,Austin Hooper: 15+ receiving yards,0.2900,0.3000,0.3000,8184.52,8156.65,active,2026-10-08T00:15:00Z,2026-10-05T15:51:29+00:00
KXNFLRECYDS-26OCT05ATLNO,KXNFLRECYDS,KXNFLRECYDS-26OCT05ATLNO-NOJJOHNSON83-70,Juwan Johnson: 70+ receiving yards,0.2100,0.2200,0.2200,1874.80,1835.53,active,2026-10-08T00:15:00Z,2026-10-05T15:51:29+00:00
KXNFLRECYDS-26OCT05ATLNO,KXNFLRECYDS,KXNFLRECYDS-26OCT05ATLNO-NOJJOHNSON83-25,Juwan Johnson: 25+ receiving yards,0.7500,0.7600,0.7500,4641.82,4347.72,active,2026-10-08T00:15:00Z,2026-10-05T15:51:29+00:00
KXNFLRECYDS-26OCT05ATLNO,KXNFLRECYDS,KXNFLRECYDS-26OCT05ATLNO-ATLAHOOPER81-25,Austin Hooper: 25+ receiving yards,0.1600,0.1700,0.2100,154.22,154.22,active,2026-10-08T00:15:00Z,2026-10-05T15:51:29+00:00
KXNFLRECYDS-26OCT05ATLNO,KXNFLRECYDS,KXNFLRECYDS-26OCT05ATLNO-NONFANT87-15,Noah Fant: 15+ receiving yards,0.5400,0.5500,0.5400,3547.17,3546.17,active,2026-10-08T00:15:00Z,2026-10-05T15:51:29+00:00
KXNFLRECYDS-26OCT05ATLNO,KXNFLRECYDS,KXNFLRECYDS-26OCT05ATLNO-ATLZBRANCH17-5,Zachariah Branch: 5+ receiving yards,0.4800,0.4900,0.4900,552.50,552.50,active,2026-10-08T00:15:00Z,2026-10-05T15:51:29+00:00
KXNFLRECYDS-26OCT05ATLNO,KXNFLRECYDS,KXNFLRECYDS-26OCT05ATLNO-ATLZBRANCH17-15,Zachariah Branch: 15+ receiving yards,0.2400,0.2500,0.2500,1576.39,1576.39,active,2026-10-08T00:15:00Z,2026-10-05T15:51:29+00:00
KXNFLRECYDS-26OCT05ATLNO,KXNFLRECYDS,KXNFLRECYDS-26OCT05ATLNO-ATLJDOTSON4-15,Jahan Dotson: 15+ receiving yards,0.5700,0.5800,0.5800,2742.43,2742.43,active,2026-10-08T00:15:00Z,2026-10-05T15:51:29+00:00
KXNFLRECYDS-26OCT05ATLNO,KXNFLRECYDS,KXNFLRECYDS-26OCT05ATLNO-NOAKAMARA41-50,Alvin Kamara: 50+ receiving yards,0.0500,0.0600,0.0500,10272.00,7820.78,active,2026-10-08T00:15:00Z,2026-10-05T15:51:29+00:00
KXNFLRECYDS-26OCT05ATLNO,KXNFLRECYDS,KXNFLRECYDS-26OCT05ATLNO-NOJJOHNSON83-80,Juwan Johnson: 80+ receiving yards,0.1400,0.1500,0.1300,115.62,115.62,active,2026-10-08T00:15:00Z,2026-10-05T15:51:29+00:00
KXNFLRECYDS-26OCT05ATLNO,KXNFLRECYDS,KXNFLRECYDS-26OCT05ATLNO-ATLJDOTSON4-70,Jahan Dotson: 70+ receiving yards,0.0400,0.0600,0.0600,62.41,62.41,active,2026-10-08T00:15:00Z,2026-10-05T15:51:29+00:00
KXNFLRECYDS-26OCT05ATLNO,KXNFLRECYDS,KXNFLRECYDS-26OCT05ATLNO-NOJJOHNSON83-90,Juwan Johnson: 90+ receiving yards,0.0800,0.0900,0.0900,114.89,114.89,active,2026-10-08T00:15:00Z,2026-10-05T15:51:29+00:00
KXNFLRECYDS-26OCT05ATLNO,KXNFLRECYDS,KXNFLRECYDS-26OCT05ATLNO-ATLKPITTS8-25,Kyle Pitts Sr.: 25+ receiving yards,0.5900,0.6000,0.6000,9314.14,8326.11,active,2026-10-08T00:15:00Z,2026-10-05T15:51:29+00:00
KXNFLRECYDS-26OCT05ATLNO,KXNFLRECYDS,KXNFLRECYDS-26OCT05ATLNO-NOCOLAVE12-120,Chris Olave: 120+ receiving yards,0.2300,0.2400,0.2400,983.53,983.53,active,2026-10-08T00:15:00Z,2026-10-05T15:51:29+00:00
KXNFLRECYDS-26OCT05ATLNO,KXNFLRECYDS,KXNFLRECYDS-26OCT05ATLNO-ATLDLONDON5-100,Drake London: 100+ receiving yards,0.3400,0.3500,0.3500,5355.33,5236.60,active,2026-10-08T00:15:00Z,2026-10-05T15:51:29+00:00
KXNFLRECYDS-26OCT05ATLNO,KXNFLRECYDS,KXNFLRECYDS-26OCT05ATLNO-NOCOLAVE12-170,Chris Olave: 170+ receiving yards,0.0400,0.0500,0.0600,1116.32,1116.32,active,2026-10-08T00:15:00Z,2026-10-05T15:51:29+00:00
KXNFLRECYDS-26OCT05ATLNO,KXNFLRECYDS,KXNFLRECYDS-26OCT05ATLNO-NOJJOHNSON83-15,Juwan Johnson: 15+ receiving yards,0.8600,0.8700,0.8600,3201.91,3201.91,active,2026-10-08T00:15:00Z,2026-10-05T15:51:29+00:00
KXNFLRECYDS-26OCT05ATLNO,KXNFLRECYDS,KXNFLRECYDS-26OCT05ATLNO-ATLKPITTS8-40,Kyle Pitts Sr.: 40+ receiving yards,0.3500,0.3600,0.3600,6741.78,6741.78,active,2026-10-08T00:15:00Z,2026-10-05T15:51:29+00:00
KXNFLRECYDS-26OCT05ATLNO,KXNFLRECYDS,KXNFLRECYDS-26OCT05ATLNO-ATLBROBINSON7-80,Bijan Robinson: 80+ receiving yards,0.0800,0.1000,0.1000,236.90,236.90,active,2026-10-08T00:15:00Z,2026-10-05T15:51:29+00:00
KXNFLRECYDS-26OCT05ATLNO,KXNFLRECYDS,KXNFLRECYDS-26OCT05ATLNO-ATLDLONDON5-130,Drake London: 130+ receiving yards,0.1500,0.1600,0.1600,1288.08,1288.08,active,2026-10-08T00:15:00Z,2026-10-05T15:51:29+00:00
KXNFLRECYDS-26OCT05ATLNO,KXNFLRECYDS,KXNFLRECYDS-26OCT05ATLNO-NOJJOHNSON83-60,Juwan Johnson: 60+ receiving yards,0.3000,0.3100,0.2800,85.35,85.35,active,2026-10-08T00:15:00Z,2026-10-05T15:51:29+00:00
KXNFLRECYDS-26OCT05ATLNO,KXNFLRECYDS,KXNFLRECYDS-26OCT05ATLNO-NOJJOHNSON83-100,Juwan Johnson: 100+ receiving yards,0.0500,0.0800,0.0000,0.00,0.00,active,2026-10-08T00:15:00Z,2026-10-05T15:51:29+00:00
KXNFLRECYDS-26OCT05ATLNO,KXNFLRECYDS,KXNFLRECYDS-26OCT05ATLNO-NODVELE14-110,Devaughn Vele: 110+ receiving yards,0.0500,0.0600,0.0600,871.86,871.86,active,2026-10-08T00:15:00Z,2026-10-05T15:51:29+00:00
KXNFLRECYDS-26OCT05ATLNO,KXNFLRECYDS,KXNFLRECYDS-26OCT05ATLNO-ATLKPITTS8-80,Kyle Pitts Sr.: 80+ receiving yards,0.0600,0.0700,0.0700,1804.64,1804.64,active,2026-10-08T00:15:00Z,2026-10-05T15:51:29+00:00
KXNFLRECYDS-26OCT05ATLNO,KXNFLRECYDS,KXNFLRECYDS-26OCT05ATLNO-ATLDLONDON5-110,Drake London: 110+ receiving yards,0.2700,0.2800,0.2800,1382.58,1382.58,active,2026-10-08T00:15:00Z,2026-10-05T15:51:29+00:00
KXNFLRECYDS-26OCT05ATLNO,KXNFLRECYDS,KXNFLRECYDS-26OCT05ATLNO-ATLDLONDON5-120,Drake London: 120+ receiving yards,0.2100,0.2200,0.2200,2662.93,2630.27,active,2026-10-08T00:15:00Z,2026-10-05T15:51:29+00:00
KXNFLRECYDS-26OCT05ATLNO,KXNFLRECYDS,KXNFLRECYDS-26OCT05ATLNO-ATLOZACCHEAUS14-25,Olamide Zaccheaus: 25+ receiving yards,0.1600,0.1700,0.1700,17.00,17.00,active,2026-10-08T00:15:00Z,2026-10-05T15:51:29+00:00
KXNFLRECYDS-26OCT05ATLNO,KXNFLRECYDS,KXNFLRECYDS-26OCT05ATLNO-NOCOLAVE12-90,Chris Olave: 90+ receiving yards,0.4400,0.4500,0.4500,5569.83,5336.33,active,2026-10-08T00:15:00Z,2026-10-05T15:51:29+00:00
KXNFLRECYDS-26OCT05ATLNO,KXNFLRECYDS,KXNFLRECYDS-26OCT05ATLNO-NONFANT87-40,Noah Fant: 40+ receiving yards,0.1400,0.1600,0.1500,571.47,571.47,active,2026-10-08T00:15:00Z,2026-10-05T15:51:29+00:00
KXNFLRECYDS-26OCT05ATLNO,KXNFLRECYDS,KXNFLRECYDS-26OCT05ATLNO-ATLBROBINSON7-90,Bijan Robinson: 90+ receiving yards,0.0400,0.0700,0.0000,0.00,0.00,active,2026-10-08T00:15:00Z,2026-10-05T15:51:29+00:00
KXNFLRECYDS-26OCT05ATLNO,KXNFLRECYDS,KXNFLRECYDS-26OCT05ATLNO-NONFANT87-70,Noah Fant: 70+ receiving yards,0.0200,0.0500,0.0000,0.00,0.00,active,2026-10-08T00:15:00Z,2026-10-05T15:51:29+00:00
KXNFLRECYDS-26OCT05ATLNO,KXNFLRECYDS,KXNFLRECYDS-26OCT05ATLNO-NOBLANCE18-15,Bryce Lance: 15+ receiving yards,0.4900,0.5000,0.4900,284.34,284.34,active,2026-10-08T00:15:00Z,2026-10-05T15:51:29+00:00
KXNFLRECYDS-26OCT05ATLNO,KXNFLRECYDS,KXNFLRECYDS-26OCT05ATLNO-NOBLANCE18-50,Bryce Lance: 50+ receiving yards,0.0900,0.1100,0.1100,191.39,191.39,active,2026-10-08T00:15:00Z,2026-10-05T15:51:29+00:00
KXNFLRECYDS-26OCT05ATLNO,KXNFLRECYDS,KXNFLRECYDS-26OCT05ATLNO-ATLDLONDON5-40,Drake London: 40+ receiving yards,0.8500,0.8600,0.8500,2665.34,2665.34,active,2026-10-08T00:15:00Z,2026-10-05T15:51:29+00:00
KXNFLRECYDS-26OCT05ATLNO,KXNFLRECYDS,KXNFLRECYDS-26OCT05ATLNO-ATLDLONDON5-150,Drake London: 150+ receiving yards,0.0700,0.0800,0.0800,1079.90,1079.90,active,2026-10-08T00:15:00Z,2026-10-05T15:51:29+00:00
KXNFLRECYDS-26OCT05ATLNO,KXNFLRECYDS,KXNFLRECYDS-26OCT05ATLNO-ATLDLONDON5-80,Drake London: 80+ receiving yards,0.4900,0.5000,0.5000,6345.99,5424.33,active,2026-10-08T00:15:00Z,2026-10-05T15:51:29+00:00
KXNFLRECYDS-26OCT05ATLNO,KXNFLRECYDS,KXNFLRECYDS-26OCT05ATLNO-NONFANT87-25,Noah Fant: 25+ receiving yards,0.3200,0.3400,0.3400,744.26,744.26,active,2026-10-08T00:15:00Z,2026-10-05T15:51:29+00:00
KXNFLRECYDS-26OCT05ATLNO,KXNFLRECYDS,KXNFLRECYDS-26OCT05ATLNO-ATLBROBINSON7-40,Bijan Robinson: 40+ receiving yards,0.4500,0.4600,0.4600,11992.67,11866.59,active,2026-10-08T00:15:00Z,2026-10-05T15:51:29+00:00
KXNFLRECYDS-26OCT05ATLNO,KXNFLRECYDS,KXNFLRECYDS-26OCT05ATLNO-NOJJOHNSON83-40,Juwan Johnson: 40+ receiving yards,0.5400,0.5500,0.5500,12474.07,11980.63,active,2026-10-08T00:15:00Z,2026-10-05T15:51:29+00:00
KXNFLRECYDS-26OCT05ATLNO,KXNFLRECYDS,KXNFLRECYDS-26OCT05ATLNO-ATLBROBINSON7-15,Bijan Robinson: 15+ receiving yards,0.8600,0.8700,0.8600,2722.55,2722.55,active,2026-10-08T00:15:00Z,2026-10-05T15:51:29+00:00
KXNFLRECYDS-26OCT05ATLNO,KXNFLRECYDS,KXNFLRECYDS-26OCT05ATLNO-NOCOLAVE12-50,Chris Olave: 50+ receiving yards,0.8000,0.8100,0.8100,3018.51,3018.51,active,2026-10-08T00:15:00Z,2026-10-05T15:51:29+00:00
KXNFLRECYDS-26OCT05ATLNO,KXNFLRECYDS,KXNFLRECYDS-26OCT05ATLNO-NONFANT87-60,Noah Fant: 60+ receiving yards,0.0400,0.0600,0.0000,0.00,0.00,active,2026-10-08T00:15:00Z,2026-10-05T15:51:29+00:00
KXNFLRECYDS-26OCT05ATLNO,KXNFLRECYDS,KXNFLRECYDS-26OCT05ATLNO-NODVELE14-50,Devaughn Vele: 50+ receiving yards,0.4300,0.4400,0.4500,3083.67,2992.94,active,2026-10-08T00:15:00Z,2026-10-05T15:51:29+00:00
KXNFLRECYDS-26OCT05ATLNO,KXNFLRECYDS,KXNFLRECYDS-26OCT05ATLNO-ATLJDOTSON4-25,Jahan Dotson: 25+ receiving yards,0.3900,0.4000,0.3800,164.01,164.01,active,2026-10-08T00:15:00Z,2026-10-05T15:51:29+00:00
KXNFLRECYDS-26OCT05ATLNO,KXNFLRECYDS,KXNFLRECYDS-26OCT05ATLNO-NOCOLAVE12-80,Chris Olave: 80+ receiving yards,0.5300,0.5400,0.5400,4193.25,4178.60,active,2026-10-08T00:15:00Z,2026-10-05T15:51:29+00:00
KXNFLRECYDS-26OCT05ATLNO,KXNFLRECYDS,KXNFLRECYDS-26OCT05ATLNO-ATLOZACCHEAUS14-15,Olamide Zaccheaus: 15+ receiving yards,0.3100,0.3200,0.3200,3098.26,3098.26,active,2026-10-08T00:15:00Z,2026-10-05T15:51:29+00:00
KXNFLRECYDS-26OCT05ATLNO,KXNFLRECYDS,KXNFLRECYDS-26OCT05ATLNO-ATLKPITTS8-15,Kyle Pitts Sr.: 15+ receiving yards,0.7500,0.7600,0.7500,2914.58,2914.58,active,2026-10-08T00:15:00Z,2026-10-05T15:51:29+00:00
KXNFLRECYDS-26OCT05ATLNO,KXNFLRECYDS,KXNFLRECYDS-26OCT05ATLNO-NODVELE14-60,Devaughn Vele: 60+ receiving yards,0.3200,0.3300,0.3300,3486.66,3472.67,active,2026-10-08T00:15:00Z,2026-10-05T15:51:29+00:00
KXNFLRECYDS-26OCT05ATLNO,KXNFLRECYDS,KXNFLRECYDS-26OCT05ATLNO-NOAKAMARA41-15,Alvin Kamara: 15+ receiving yards,0.5000,0.5100,0.5100,7304.35,7109.06,active,2026-10-08T00:15:00Z,2026-10-05T15:51:29+00:00
KXNFLRECYDS-26OCT05ATLNO,KXNFLRECYDS,KXNFLRECYDS-26OCT05ATLNO-ATLDLONDON5-70,Drake London: 70+ receiving yards,0.5900,0.6000,0.6000,1706.21,1679.68,active,2026-10-08T00:15:00Z,2026-10-05T15:51:29+00:00
KXNFLRECYDS-26OCT05ATLNO,KXNFLRECYDS,KXNFLRECYDS-26OCT05ATLNO-NOBLANCE18-40,Bryce Lance: 40+ receiving yards,0.1500,0.1700,0.1700,2021.46,2021.46,active,2026-10-08T00:15:00Z,2026-10-05T15:51:29+00:00
KXNFLRECYDS-26OCT05ATLNO,KXNFLRECYDS,KXNFLRECYDS-26OCT05ATLNO-ATLAHOOPER81-50,Austin Hooper: 50+ receiving yards,0.0200,0.0500,0.0000,0.00,0.00,active,2026-10-08T00:15:00Z,2026-10-05T15:51:29+00:00
KXNFLRECYDS-26OCT05ATLNO,KXNFLRECYDS,KXNFLRECYDS-26OCT05ATLNO-NOJJOHNSON83-50,Juwan Johnson: 50+ receiving yards,0.3700,0.3800,0.3800,3276.38,3276.38,active,2026-10-08T00:15:00Z,2026-10-05T15:51:29+00:00
KXNFLRECYDS-26OCT05ATLNO,KXNFLRECYDS,KXNFLRECYDS-26OCT05ATLNO-ATLZBRANCH17-25,Zachariah Branch: 25+ receiving yards,0.1200,0.1300,0.1000,94.07,94.07,active,2026-10-08T00:15:00Z,2026-10-05T15:51:29+00:00
KXNFLRECYDS-26OCT05ATLNO,KXNFLRECYDS,KXNFLRECYDS-26OCT05ATLNO-NOBLANCE18-70,Bryce Lance: 70+ receiving yards,0.0200,0.0500,0.0500,192.20,192.20,active,2026-10-08T00:15:00Z,2026-10-05T15:51:29+00:00
KXNFLRECYDS-26OCT05ATLNO,KXNFLRECYDS,KXNFLRECYDS-26OCT05ATLNO-ATLDLONDON5-170,Drake London: 170+ receiving yards,0.0300,0.0400,0.0400,874.94,874.94,active,2026-10-08T00:15:00Z,2026-10-05T15:51:29+00:00
KXNFLRECYDS-26OCT05ATLNO,KXNFLRECYDS,KXNFLRECYDS-26OCT05ATLNO-NOCOLAVE12-60,Chris Olave: 60+ receiving yards,0.7300,0.7400,0.7400,2818.53,2818.53,active,2026-10-08T00:15:00Z,2026-10-05T15:51:29+00:00
KXNFLRECYDS-26OCT05ATLNO,KXNFLRECYDS,KXNFLRECYDS-26OCT05ATLNO-ATLDLONDON5-160,Drake London: 160+ receiving yards,0.0500,0.0600,0.0800,271.57,271.57,active,2026-10-08T00:15:00Z,2026-10-05T15:51:29+00:00
KXNFLRECYDS-26OCT05ATLNO,KXNFLRECYDS,KXNFLRECYDS-26OCT05ATLNO-ATLDLONDON5-140,Drake London: 140+ receiving yards,0.1000,0.1100,0.1200,164.06,164.06,active,2026-10-08T00:15:00Z,2026-10-05T15:51:29+00:00
KXNFLRECYDS-26OCT05ATLNO,KXNFLRECYDS,KXNFLRECYDS-26OCT05ATLNO-ATLBROBINSON7-70,Bijan Robinson: 70+ receiving yards,0.1500,0.1600,0.1500,168.38,168.38,active,2026-10-08T00:15:00Z,2026-10-05T15:51:29+00:00
KXNFLRECYDS-26OCT05ATLNO,KXNFLRECYDS,KXNFLRECYDS-26OCT05ATLNO-NOCOLAVE12-110,Chris Olave: 110+ receiving yards,0.2900,0.3000,0.3000,1495.10,1495.10,active,2026-10-08T00:15:00Z,2026-10-05T15:51:29+00:00
KXNFLRECYDS-26OCT05ATLNO,KXNFLRECYDS,KXNFLRECYDS-26OCT05ATLNO-NOCOLAVE12-100,Chris Olave: 100+ receiving yards,0.3600,0.3700,0.3700,4308.96,4266.69,active,2026-10-08T00:15:00Z,2026-10-05T15:51:29+00:00
KXNFLRECYDS-26OCT05ATLNO,KXNFLRECYDS,KXNFLRECYDS-26OCT05ATLNO-NOAKAMARA41-70,Alvin Kamara: 70+ receiving yards,0.0200,0.0400,0.0400,117.12,117.12,active,2026-10-08T00:15:00Z,2026-10-05T15:51:29+00:00
KXNFLRECYDS-26OCT05ATLNO,KXNFLRECYDS,KXNFLRECYDS-26OCT05ATLNO-ATLOZACCHEAUS14-40,Olamide Zaccheaus: 40+ receiving yards,0.0400,0.0500,0.0600,683.80,683.80,active,2026-10-08T00:15:00Z,2026-10-05T15:51:29+00:00
KXNFLRECYDS-26OCT05ATLNO,KXNFLRECYDS,KXNFLRECYDS-26OCT05ATLNO-NODVELE14-100,Devaughn Vele: 100+ receiving yards,0.0700,0.0800,0.0900,1059.12,1059.12,active,2026-10-08T00:15:00Z,2026-10-05T15:51:29+00:00
KXNFLRECYDS-26OCT05ATLNO,KXNFLRECYDS,KXNFLRECYDS-26OCT05ATLNO-ATLKPITTS8-70,Kyle Pitts Sr.: 70+ receiving yards,0.0900,0.1000,0.1000,957.89,957.89,active,2026-10-08T00:15:00Z,2026-10-05T15:51:29+00:00
KXNFLRECYDS-26OCT05ATLNO,KXNFLRECYDS,KXNFLRECYDS-26OCT05ATLNO-NOJJOHNSON83-110,Juwan Johnson: 110+ receiving yards,0.0300,0.0600,0.0000,0.00,0.00,active,2026-10-08T00:15:00Z,2026-10-05T15:51:29+00:00
KXNFLRECYDS-26OCT05ATLNO,KXNFLRECYDS,KXNFLRECYDS-26OCT05ATLNO-ATLBROBINSON7-50,Bijan Robinson: 50+ receiving yards,0.3100,0.3200,0.3200,444.45,444.45,active,2026-10-08T00:15:00Z,2026-10-05T15:51:29+00:00
KXNFLRECYDS-26OCT05ATLNO,KXNFLRECYDS,KXNFLRECYDS-26OCT05ATLNO-NODVELE14-40,Devaughn Vele: 40+ receiving yards,0.5600,0.5700,0.5700,3834.41,3823.06,active,2026-10-08T00:15:00Z,2026-10-05T15:51:29+00:00
KXNFLRECYDS-26OCT08TBDAL,KXNFLRECYDS,KXNFLRECYDS-26OCT08TBDAL-DALJFERGUSON87-50,Jake Ferguson: 50+ receiving yards,0.1200,0.1500,0.0000,0.00,0.00,active,2026-10-11T00:15:00Z,2026-10-05T15:51:29+00:00
KXNFLRECYDS-26OCT08TBDAL,KXNFLRECYDS,KXNFLRECYDS-26OCT08TBDAL-DALGPICKENS3-50,George Pickens: 50+ receiving yards,0.6100,0.6500,0.0000,0.00,0.00,active,2026-10-11T00:15:00Z,2026-10-05T15:51:29+00:00
KXNFLRECYDS-26OCT08TBDAL,KXNFLRECYDS,KXNFLRECYDS-26OCT08TBDAL-TBCOTTON88-70,Cade Otton: 70+ receiving yards,0.0500,0.0900,0.0000,0.00,0.00,active,2026-10-11T00:15:00Z,2026-10-05T15:51:29+00:00
KXNFLRECYDS-26OCT08TBDAL,KXNFLRECYDS,KXNFLRECYDS-26OCT08TBDAL-TBCOTTON88-80,Cade Otton: 80+ receiving yards,0.0300,0.0700,0.0000,0.00,0.00,active,2026-10-11T00:15:00Z,2026-10-05T15:51:29+00:00
KXNFLRECYDS-26OCT08TBDAL,KXNFLRECYDS,KXNFLRECYDS-26OCT08TBDAL-DALRFLOURNOY19-80,Ryan Flournoy: 80+ receiving yards,0.0500,0.1000,0.0000,0.00,0.00,active,2026-10-11T00:15:00Z,2026-10-05T15:51:29+00:00
KXNFLRECYDS-26OCT08TBDAL,KXNFLRECYDS,KXNFLRECYDS-26OCT08TBDAL-DALRFLOURNOY19-15,Ryan Flournoy: 15+ receiving yards,0.7500,0.7900,0.0000,0.00,0.00,active,2026-10-11T00:15:00Z,2026-10-05T15:51:29+00:00
KXNFLRECYDS-26OCT08TBDAL,KXNFLRECYDS,KXNFLRECYDS-26OCT08TBDAL-DALCLAMB88-50,CeeDee Lamb: 50+ receiving yards,0.7400,0.7900,0.0000,0.00,0.00,active,2026-10-11T00:15:00Z,2026-10-05T15:51:29+00:00
KXNFLRECYDS-26OCT08TBDAL,KXNFLRECYDS,KXNFLRECYDS-26OCT08TBDAL-DALGPICKENS3-60,George Pickens: 60+ receiving yards,0.5000,0.5400,0.0000,0.00,0.00,active,2026-10-11T00:15:00Z,2026-10-05T15:51:29+00:00
KXNFLRECYDS-26OCT08TBDAL,KXNFLRECYDS,KXNFLRECYDS-26OCT08TBDAL-DALGPICKENS3-130,George Pickens: 130+ receiving yards,0.0300,0.0800,0.0000,0.00,0.00,active,2026-10-11T00:15:00Z,2026-10-05T15:51:29+00:00
KXNFLRECYDS-26OCT08TBDAL,KXNFLRECYDS,KXNFLRECYDS-26OCT08TBDAL-DALGPICKENS3-120,George Pickens: 120+ receiving yards,0.0300,0.1100,0.0000,0.00,0.00,active,2026-10-11T00:15:00Z,2026-10-05T15:51:29+00:00
KXNFLRECYDS-26OCT08TBDAL,KXNFLRECYDS,KXNFLRECYDS-26OCT08TBDAL-TBEEGBUKA2-90,Emeka Egbuka: 90+ receiving yards,0.0300,0.0700,0.0000,0.00,0.00,active,2026-10-11T00:15:00Z,2026-10-05T15:51:29+00:00
KXNFLRECYDS-26OCT08TBDAL,KXNFLRECYDS,KXNFLRECYDS-26OCT08TBDAL-DALCLAMB88-80,CeeDee Lamb: 80+ receiving yards,0.4800,0.5100,0.5000,7.72,7.72,active,2026-10-11T00:15:00Z,2026-10-05T15:51:29+00:00
KXNFLRECYDS-26OCT08TBDAL,KXNFLRECYDS,KXNFLRECYDS-26OCT08TBDAL-TBEEGBUKA2-60,Emeka Egbuka: 60+ receiving yards,0.1500,0.2000,0.0000,0.00,0.00,active,2026-10-11T00:15:00Z,2026-10-05T15:51:29+00:00
KXNFLRECYDS-26OCT08TBDAL,KXNFLRECYDS,KXNFLRECYDS-26OCT08TBDAL-DALJFERGUSON87-25,Jake Ferguson: 25+ receiving yards,0.5000,0.5200,0.0000,0.00,0.00,active,2026-10-11T00:15:00Z,2026-10-05T15:51:29+00:00
KXNFLRECYDS-26OCT08TBDAL,KXNFLRECYDS,KXNFLRECYDS-26OCT08TBDAL-DALGPICKENS3-100,George Pickens: 100+ receiving yards,0.1600,0.1800,0.0000,0.00,0.00,active,2026-10-11T00:15:00Z,2026-10-05T15:51:29+00:00
KXNFLRECYDS-26OCT08TBDAL,KXNFLRECYDS,KXNFLRECYDS-26OCT08TBDAL-DALJWILLIAMS33-50,Javonte Williams: 50+ receiving yards,0.0300,0.0700,0.0000,0.00,0.00,active,2026-10-11T00:15:00Z,2026-10-05T15:51:29+00:00
KXNFLRECYDS-26OCT08TBDAL,KXNFLRECYDS,KXNFLRECYDS-26OCT08TBDAL-DALJWILLIAMS33-60,Javonte Williams: 60+ receiving yards,0.0200,0.0500,0.0000,0.00,0.00,active,2026-10-11T00:15:00Z,2026-10-05T15:51:29+00:00
KXNFLRECYDS-26OCT08TBDAL,KXNFLRECYDS,KXNFLRECYDS-26OCT08TBDAL-TBEEGBUKA2-70,Emeka Egbuka: 70+ receiving yards,0.0900,0.1300,0.0000,0.00,0.00,active,2026-10-11T00:15:00Z,2026-10-05T15:51:29+00:00
KXNFLRECYDS-26OCT08TBDAL,KXNFLRECYDS,KXNFLRECYDS-26OCT08TBDAL-TBCGODWIN14-80,Chris Godwin Jr.: 80+ receiving yards,0.0300,0.0800,0.0000,0.00,0.00,active,2026-10-11T00:15:00Z,2026-10-05T15:51:29+00:00
KXNFLRECYDS-26OCT08TBDAL,KXNFLRECYDS,KXNFLRECYDS-26OCT08TBDAL-DALRFLOURNOY19-90,Ryan Flournoy: 90+ receiving yards,0.0300,0.0700,0.0000,0.00,0.00,active,2026-10-11T00:15:00Z,2026-10-05T15:51:29+00:00
KXNFLRECYDS-26OCT08TBDAL,KXNFLRECYDS,KXNFLRECYDS-26OCT08TBDAL-DALRFLOURNOY19-70,Ryan Flournoy: 70+ receiving yards,0.1000,0.1300,0.0000,0.00,0.00,active,2026-10-11T00:15:00Z,2026-10-05T15:51:29+00:00
KXNFLRECYDS-26OCT08TBDAL,KXNFLRECYDS,KXNFLRECYDS-26OCT08TBDAL-TBCGODWIN14-25,Chris Godwin Jr.: 25+ receiving yards,0.5500,0.5800,0.0000,0.00,0.00,active,2026-10-11T00:15:00Z,2026-10-05T15:51:29+00:00
KXNFLRECYDS-26OCT08TBDAL,KXNFLRECYDS,KXNFLRECYDS-26OCT08TBDAL-TBKGAINWELL1-40,Kenny Gainwell: 40+ receiving yards,0.0300,0.0600,0.0000,0.00,0.00,active,2026-10-11T00:15:00Z,2026-10-05T15:51:29+00:00
KXNFLRECYDS-26OCT08TBDAL,KXNFLRECYDS,KXNFLRECYDS-26OCT08TBDAL-DALJFERGUSON87-15,Jake Ferguson: 15+ receiving yards,0.7100,0.7300,0.0000,0.00,0.00,active,2026-10-11T00:15:00Z,2026-10-05T15:51:29+00:00
KXNFLRECYDS-26OCT08TBDAL,KXNFLRECYDS,KXNFLRECYDS-26OCT08TBDAL-TBCGODWIN14-15,Chris Godwin Jr.: 15+ receiving yards,0.7300,0.7600,0.0000,0.00,0.00,active,2026-10-11T00:15:00Z,2026-10-05T15:51:29+00:00
KXNFLRECYDS-26OCT08TBDAL,KXNFLRECYDS,KXNFLRECYDS-26OCT08TBDAL-TBBIRVING7-25,Bucky Irving: 25+ receiving yards,0.2500,0.2700,0.0000,0.00,0.00,active,2026-10-11T00:15:00Z,2026-10-05T15:51:29+00:00
KXNFLRECYDS-26OCT08TBDAL,KXNFLRECYDS,KXNFLRECYDS-26OCT08TBDAL-DALJFERGUSON87-70,Jake Ferguson: 70+ receiving yards,0.0300,0.0800,0.0000,0.00,0.00,active,2026-10-11T00:15:00Z,2026-10-05T15:51:29+00:00
KXNFLRECYDS-26OCT08TBDAL,KXNFLRECYDS,KXNFLRECYDS-26OCT08TBDAL-TBCOTTON88-25,Cade Otton: 25+ receiving yards,0.5400,0.5900,0.0000,0.00,0.00,active,2026-10-11T00:15:00Z,2026-10-05T15:51:29+00:00
KXNFLRECYDS-26OCT08TBDAL,KXNFLRECYDS,KXNFLRECYDS-26OCT08TBDAL-DALCLAMB88-100,CeeDee Lamb: 100+ receiving yards,0.3100,0.3300,0.3300,98.00,98.00,active,2026-10-11T00:15:00Z,2026-10-05T15:51:29+00:00
KXNFLRECYDS-26OCT08TBDAL,KXNFLRECYDS,KXNFLRECYDS-26OCT08TBDAL-TBTHURST17-25,Ted Hurst III: 25+ receiving yards,0.4100,0.4900,0.0000,0.00,0.00,active,2026-10-11T00:15:00Z,2026-10-05T15:51:29+00:00
KXNFLRECYDS-26OCT08TBDAL,KXNFLRECYDS,KXNFLRECYDS-26OCT08TBDAL-TBCOTTON88-15,Cade Otton: 15+ receiving yards,0.7300,0.7600,0.7200,34.86,34.86,active,2026-10-11T00:15:00Z,2026-10-05T15:51:29+00:00
KXNFLRECYDS-26OCT08TBDAL,KXNFLRECYDS,KXNFLRECYDS-26OCT08TBDAL-DALGPICKENS3-110,George Pickens: 110+ receiving yards,0.0700,0.1400,0.0000,0.00,0.00,active,2026-10-11T00:15:00Z,2026-10-05T15:51:29+00:00
KXNFLRECYDS-26OCT08TBDAL,KXNFLRECYDS,KXNFLRECYDS-26OCT08TBDAL-DALGPICKENS3-90,George Pickens: 90+ receiving yards,0.2300,0.2600,0.0000,0.00,0.00,active,2026-10-11T00:15:00Z,2026-10-05T15:51:29+00:00
KXNFLRECYDS-26OCT08TBDAL,KXNFLRECYDS,KXNFLRECYDS-26OCT08TBDAL-TBEEGBUKA2-40,Emeka Egbuka: 40+ receiving yards,0.3500,0.3800,0.0000,0.00,0.00,active,2026-10-11T00:15:00Z,2026-10-05T15:51:29+00:00
KXNFLRECYDS-26OCT08TBDAL,KXNFLRECYDS,KXNFLRECYDS-26OCT08TBDAL-DALJFERGUSON87-40,Jake Ferguson: 40+ receiving yards,0.2500,0.2700,0.0000,0.00,0.00,active,2026-10-11T00:15:00Z,2026-10-05T15:51:29+00:00
KXNFLRECYDS-26OCT08TBDAL,KXNFLRECYDS,KXNFLRECYDS-26OCT08TBDAL-TBCGODWIN14-50,Chris Godwin Jr.: 50+ receiving yards,0.2000,0.2300,0.0000,0.00,0.00,active,2026-10-11T00:15:00Z,2026-10-05T15:51:29+00:00
KXNFLRECYDS-26OCT08TBDAL,KXNFLRECYDS,KXNFLRECYDS-26OCT08TBDAL-DALRFLOURNOY19-40,Ryan Flournoy: 40+ receiving yards,0.3700,0.4000,0.3900,1.59,1.59,active,2026-10-11T00:15:00Z,2026-10-05T15:51:29+00:00
KXNFLRECYDS-26OCT08TBDAL,KXNFLRECYDS,KXNFLRECYDS-26OCT08TBDAL-TBTJOHNSON15-25,Tez Johnson: 25+ receiving yards,0.2400,0.2800,0.0000,0.00,0.00,active,2026-10-11T00:15:00Z,2026-10-05T15:51:29+00:00
KXNFLRECYDS-26OCT08TBDAL,KXNFLRECYDS,KXNFLRECYDS-26OCT08TBDAL-TBTHURST17-80,Ted Hurst III: 80+ receiving yards,0.0300,0.0700,0.0000,0.00,0.00,active,2026-10-11T00:15:00Z,2026-10-05T15:51:29+00:00
KXNFLRECYDS-26OCT08TBDAL,KXNFLRECYDS,KXNFLRECYDS-26OCT08TBDAL-TBEEGBUKA2-15,Emeka Egbuka: 15+ receiving yards,0.7300,0.7600,0.0000,0.00,0.00,active,2026-10-11T00:15:00Z,2026-10-05T15:51:29+00:00
KXNFLRECYDS-26OCT08TBDAL,KXNFLRECYDS,KXNFLRECYDS-26OCT08TBDAL-DALJWILLIAMS33-15,Javonte Williams: 15+ receiving yards,0.5000,0.5300,0.5100,56.87,56.87,active,2026-10-11T00:15:00Z,2026-10-05T15:51:29+00:00
KXNFLRECYDS-26OCT08TBDAL,KXNFLRECYDS,KXNFLRECYDS-26OCT08TBDAL-TBTHURST17-50,Ted Hurst III: 50+ receiving yards,0.0800,0.2000,0.0000,0.00,0.00,active,2026-10-11T00:15:00Z,2026-10-05T15:51:29+00:00
KXNFLRECYDS-26OCT08TBDAL,KXNFLRECYDS,KXNFLRECYDS-26OCT08TBDAL-DALCLAMB88-140,CeeDee Lamb: 140+ receiving yards,0.0300,0.1300,0.0000,0.00,0.00,active,2026-10-11T00:15:00Z,2026-10-05T15:51:29+00:00
KXNFLRECYDS-26OCT08TBDAL,KXNFLRECYDS,KXNFLRECYDS-26OCT08TBDAL-TBTHURST17-15,Ted Hurst III: 15+ receiving yards,0.5900,0.6700,0.0000,0.00,0.00,active,2026-10-11T00:15:00Z,2026-10-05T15:51:29+00:00
KXNFLRECYDS-26OCT08TBDAL,KXNFLRECYDS,KXNFLRECYDS-26OCT08TBDAL-DALCLAMB88-60,CeeDee Lamb: 60+ receiving yards,0.6600,0.7000,0.0000,0.00,0.00,active,2026-10-11T00:15:00Z,2026-10-05T15:51:29+00:00
KXNFLRECYDS-26OCT08TBDAL,KXNFLRECYDS,KXNFLRECYDS-26OCT08TBDAL-TBCGODWIN14-70,Chris Godwin Jr.: 70+ receiving yards,0.0800,0.1000,0.0000,0.00,0.00,active,2026-10-11T00:15:00Z,2026-10-05T15:51:29+00:00
KXNFLRECYDS-26OCT08TBDAL,KXNFLRECYDS,KXNFLRECYDS-26OCT08TBDAL-TBTJOHNSON15-50,Tez Johnson: 50+ receiving yards,0.0400,0.0800,0.0000,0.00,0.00,active,2026-10-11T00:15:00Z,2026-10-05T15:51:29+00:00
KXNFLRECYDS-26OCT08TBDAL,KXNFLRECYDS,KXNFLRECYDS-26OCT08TBDAL-TBTJOHNSON15-15,Tez Johnson: 15+ receiving yards,0.4000,0.4500,0.0000,0.00,0.00,active,2026-10-11T00:15:00Z,2026-10-05T15:51:29+00:00
KXNFLRECYDS-26OCT08TBDAL,KXNFLRECYDS,KXNFLRECYDS-26OCT08TBDAL-TBTHURST17-60,Ted Hurst III: 60+ receiving yards,0.0400,0.1300,0.0000,0.00,0.00,active,2026-10-11T00:15:00Z,2026-10-05T15:51:29+00:00
KXNFLRECYDS-26OCT08TBDAL,KXNFLRECYDS,KXNFLRECYDS-26OCT08TBDAL-TBBIRVING7-50,Bucky Irving: 50+ receiving yards,0.0300,0.0700,0.0000,0.00,0.00,active,2026-10-11T00:15:00Z,2026-10-05T15:51:29+00:00
KXNFLRECYDS-26OCT08TBDAL,KXNFLRECYDS,KXNFLRECYDS-26OCT08TBDAL-TBEEGBUKA2-100,Emeka Egbuka: 100+ receiving yards,0.0200,0.0500,0.0000,0.00,0.00,active,2026-10-11T00:15:00Z,2026-10-05T15:51:29+00:00
KXNFLRECYDS-26OCT08TBDAL,KXNFLRECYDS,KXNFLRECYDS-26OCT08TBDAL-DALCLAMB88-110,CeeDee Lamb: 110+ receiving yards,0.2300,0.2600,0.2600,2.00,2.00,active,2026-10-11T00:15:00Z,2026-10-05T15:51:29+00:00
KXNFLRECYDS-26OCT08TBDAL,KXNFLRECYDS,KXNFLRECYDS-26OCT08TBDAL-DALGPICKENS3-70,George Pickens: 70+ receiving yards,0.4100,0.4400,0.4400,32.63,32.63,active,2026-10-11T00:15:00Z,2026-10-05T15:51:29+00:00
KXNFLRECYDS-26OCT08TBDAL,KXNFLRECYDS,KXNFLRECYDS-26OCT08TBDAL-DALJWILLIAMS33-40,Javonte Williams: 40+ receiving yards,0.0800,0.1100,0.1100,342.31,342.31,active,2026-10-11T00:15:00Z,2026-10-05T15:51:29+00:00
KXNFLRECYDS-26OCT08TBDAL,KXNFLRECYDS,KXNFLRECYDS-26OCT08TBDAL-TBEEGBUKA2-50,Emeka Egbuka: 50+ receiving yards,0.2500,0.2700,0.0000,0.00,0.00,active,2026-10-11T00:15:00Z,2026-10-05T15:51:29+00:00
KXNFLRECYDS-26OCT08TBDAL,KXNFLRECYDS,KXNFLRECYDS-26OCT08TBDAL-DALRFLOURNOY19-25,Ryan Flournoy: 25+ receiving yards,0.6000,0.6400,0.0000,0.00,0.00,active,2026-10-11T00:15:00Z,2026-10-05T15:51:29+00:00
KXNFLRECYDS-26OCT08TBDAL,KXNFLRECYDS,KXNFLRECYDS-26OCT08TBDAL-DALJWILLIAMS33-25,Javonte Williams: 25+ receiving yards,0.2800,0.3000,0.3000,36.88,36.88,active,2026-10-11T00:15:00Z,2026-10-05T15:51:29+00:00
KXNFLRECYDS-26OCT08TBDAL,KXNFLRECYDS,KXNFLRECYDS-26OCT08TBDAL-DALGPICKENS3-80,George Pickens: 80+ receiving yards,0.3100,0.3500,0.3500,78.13,78.13,active,2026-10-11T00:15:00Z,2026-10-05T15:51:29+00:00
KXNFLRECYDS-26OCT08TBDAL,KXNFLRECYDS,KXNFLRECYDS-26OCT08TBDAL-TBCOTTON88-50,Cade Otton: 50+ receiving yards,0.1800,0.2100,0.1700,80.00,80.00,active,2026-10-11T00:15:00Z,2026-10-05T15:51:29+00:00
KXNFLRECYDS-26OCT08TBDAL,KXNFLRECYDS,KXNFLRECYDS-26OCT08TBDAL-TBKGAINWELL1-25,Kenny Gainwell: 25+ receiving yards,0.0500,0.1600,0.0000,0.00,0.00,active,2026-10-11T00:15:00Z,2026-10-05T15:51:29+00:00
KXNFLRECYDS-26OCT08TBDAL,KXNFLRECYDS,KXNFLRECYDS-26OCT08TBDAL-TBTHURST17-40,Ted Hurst III: 40+ receiving yards,0.2200,0.2900,0.0000,0.00,0.00,active,2026-10-11T00:15:00Z,2026-10-05T15:51:29+00:00
KXNFLRECYDS-26OCT08TBDAL,KXNFLRECYDS,KXNFLRECYDS-26OCT08TBDAL-TBKGAINWELL1-15,Kenny Gainwell: 15+ receiving yards,0.1900,0.3400,0.0000,0.00,0.00,active,2026-10-11T00:15:00Z,2026-10-05T15:51:29+00:00
KXNFLRECYDS-26OCT08TBDAL,KXNFLRECYDS,KXNFLRECYDS-26OCT08TBDAL-DALRFLOURNOY19-50,Ryan Flournoy: 50+ receiving yards,0.2500,0.2900,0.0000,0.00,0.00,active,2026-10-11T00:15:00Z,2026-10-05T15:51:29+00:00
KXNFLRECYDS-26OCT08TBDAL,KXNFLRECYDS,KXNFLRECYDS-26OCT08TBDAL-DALCLAMB88-90,CeeDee Lamb: 90+ receiving yards,0.3900,0.4200,0.4200,68.64,68.64,active,2026-10-11T00:15:00Z,2026-10-05T15:51:29+00:00
KXNFLRECYDS-26OCT08TBDAL,KXNFLRECYDS,KXNFLRECYDS-26OCT08TBDAL-TBCGODWIN14-60,Chris Godwin Jr.: 60+ receiving yards,0.1300,0.1500,0.0000,0.00,0.00,active,2026-10-11T00:15:00Z,2026-10-05T15:51:29+00:00
KXNFLRECYDS-26OCT08TBDAL,KXNFLRECYDS,KXNFLRECYDS-26OCT08TBDAL-DALGPICKENS3-40,George Pickens: 40+ receiving yards,0.7100,0.7400,0.0000,0.00,0.00,active,2026-10-11T00:15:00Z,2026-10-05T15:51:29+00:00
KXNFLRECYDS-26OCT08TBDAL,KXNFLRECYDS,KXNFLRECYDS-26OCT08TBDAL-DALRFLOURNOY19-60,Ryan Flournoy: 60+ receiving yards,0.1600,0.1900,0.0000,0.00,0.00,active,2026-10-11T00:15:00Z,2026-10-05T15:51:29+00:00
KXNFLRECYDS-26OCT08TBDAL,KXNFLRECYDS,KXNFLRECYDS-26OCT08TBDAL-TBCGODWIN14-40,Chris Godwin Jr.: 40+ receiving yards,0.3100,0.3400,0.0000,0.00,0.00,active,2026-10-11T00:15:00Z,2026-10-05T15:51:29+00:00
KXNFLRECYDS-26OCT08TBDAL,KXNFLRECYDS,KXNFLRECYDS-26OCT08TBDAL-DALCLAMB88-130,CeeDee Lamb: 130+ receiving yards,0.0900,0.1600,0.0000,0.00,0.00,active,2026-10-11T00:15:00Z,2026-10-05T15:51:29+00:00
KXNFLRECYDS-26OCT08TBDAL,KXNFLRECYDS,KXNFLRECYDS-26OCT08TBDAL-TBEEGBUKA2-25,Emeka Egbuka: 25+ receiving yards,0.5700,0.6200,0.0000,0.00,0.00,active,2026-10-11T00:15:00Z,2026-10-05T15:51:29+00:00
KXNFLRECYDS-26OCT08TBDAL,KXNFLRECYDS,KXNFLRECYDS-26OCT08TBDAL-DALCLAMB88-40,CeeDee Lamb: 40+ receiving yards,0.8200,0.8500,0.0000,0.00,0.00,active,2026-10-11T00:15:00Z,2026-10-05T15:51:29+00:00
KXNFLRECYDS-26OCT08TBDAL,KXNFLRECYDS,KXNFLRECYDS-26OCT08TBDAL-TBCOTTON88-40,Cade Otton: 40+ receiving yards,0.2900,0.3200,0.0000,0.00,0.00,active,2026-10-11T00:15:00Z,2026-10-05T15:51:29+00:00
KXNFLRECYDS-26OCT08TBDAL,KXNFLRECYDS,KXNFLRECYDS-26OCT08TBDAL-TBCOTTON88-60,Cade Otton: 60+ receiving yards,0.1000,0.1300,0.0000,0.00,0.00,active,2026-10-11T00:15:00Z,2026-10-05T15:51:29+00:00
KXNFLRECYDS-26OCT08TBDAL,KXNFLRECYDS,KXNFLRECYDS-26OCT08TBDAL-DALCLAMB88-70,CeeDee Lamb: 70+ receiving yards,0.5800,0.6000,0.6000,139.04,139.04,active,2026-10-11T00:15:00Z,2026-10-05T15:51:29+00:00
KXNFLRECYDS-26OCT08TBDAL,KXNFLRECYDS,KXNFLRECYDS-26OCT08TBDAL-DALCLAMB88-120,CeeDee Lamb: 120+ receiving yards,0.1500,0.1900,0.0000,0.00,0.00,active,2026-10-11T00:15:00Z,2026-10-05T15:51:29+00:00
KXNFLRECYDS-26OCT08TBDAL,KXNFLRECYDS,KXNFLRECYDS-26OCT08TBDAL-DALGPICKENS3-140,George Pickens: 140+ receiving yards,0.0300,0.0600,0.0000,0.00,0.00,active,2026-10-11T00:15:00Z,2026-10-05T15:51:29+00:00
KXNFLRECYDS-26OCT08TBDAL,KXNFLRECYDS,KXNFLRECYDS-26OCT08TBDAL-DALCLAMB88-160,CeeDee Lamb: 160+ receiving yards,0.0300,0.0700,0.0000,0.00,0.00,active,2026-10-11T00:15:00Z,2026-10-05T15:51:29+00:00
KXNFLRECYDS-26OCT08TBDAL,KXNFLRECYDS,KXNFLRECYDS-26OCT08TBDAL-TBTHURST17-70,Ted Hurst III: 70+ receiving yards,0.0300,0.1000,0.0000,0.00,0.00,active,2026-10-11T00:15:00Z,2026-10-05T15:51:29+00:00
KXNFLRECYDS-26OCT08TBDAL,KXNFLRECYDS,KXNFLRECYDS-26OCT08TBDAL-DALJFERGUSON87-60,Jake Ferguson: 60+ receiving yards,0.0500,0.1100,0.0000,0.00,0.00,active,2026-10-11T00:15:00Z,2026-10-05T15:51:29+00:00
KXNFLRECYDS-26OCT08TBDAL,KXNFLRECYDS,KXNFLRECYDS-26OCT08TBDAL-TBTJOHNSON15-40,Tez Johnson: 40+ receiving yards,0.0400,0.1300,0.0000,0.00,0.00,active,2026-10-11T00:15:00Z,2026-10-05T15:51:29+00:00
KXNFLRECYDS-26OCT08TBDAL,KXNFLRECYDS,KXNFLRECYDS-26OCT08TBDAL-DALCLAMB88-150,CeeDee Lamb: 150+ receiving yards,0.0600,0.0800,0.0000,0.00,0.00,active,2026-10-11T00:15:00Z,2026-10-05T15:51:29+00:00
KXNFLRECYDS-26OCT08TBDAL,KXNFLRECYDS,KXNFLRECYDS-26OCT08TBDAL-TBEEGBUKA2-80,Emeka Egbuka: 80+ receiving yards,0.0600,0.0900,0.0000,0.00,0.00,active,2026-10-11T00:15:00Z,2026-10-05T15:51:29+00:00
KXNFLRECYDS-26OCT08TBDAL,KXNFLRECYDS,KXNFLRECYDS-26OCT08TBDAL-TBBIRVING7-40,Bucky Irving: 40+ receiving yards,0.0600,0.0900,0.0000,0.00,0.00,active,2026-10-11T00:15:00Z,2026-10-05T15:51:29+00:00
KXNFLRECYDS-26OCT08TBDAL,KXNFLRECYDS,KXNFLRECYDS-26OCT08TBDAL-DALJFERGUSON87-80,Jake Ferguson: 80+ receiving yards,0.0200,0.0600,0.0000,0.00,0.00,active,2026-10-11T00:15:00Z,2026-10-05T15:51:29+00:00
KXNFLRECYDS-26OCT08TBDAL,KXNFLRECYDS,KXNFLRECYDS-26OCT08TBDAL-TBBIRVING7-15,Bucky Irving: 15+ receiving yards,0.4500,0.5000,0.0000,0.00,0.00,active,2026-10-11T00:15:00Z,2026-10-05T15:51:29+00:00
KXNFLRSHYDS-26OCT05ATLNO,KXNFLRSHYDS,KXNFLRSHYDS-26OCT05ATLNO-NOTSHOUGH6-50,Tyler Shough: 50+ rushing yards,0.0400,0.0600,0.0000,0.00,0.00,active,2026-10-08T00:15:00Z,2026-10-05T15:51:29+00:00
KXNFLRSHYDS-26OCT05ATLNO,KXNFLRSHYDS,KXNFLRSHYDS-26OCT05ATLNO-ATLBROBINSON7-80,Bijan Robinson: 80+ rushing yards,0.5800,0.5900,0.5900,9469.63,9421.72,active,2026-10-08T00:15:00Z,2026-10-05T15:51:29+00:00
KXNFLRSHYDS-26OCT05ATLNO,KXNFLRSHYDS,KXNFLRSHYDS-26OCT05ATLNO-ATLBROBINSON7-110,Bijan Robinson: 110+ rushing yards,0.3000,0.3100,0.3000,9417.83,8337.52,active,2026-10-08T00:15:00Z,2026-10-05T15:51:29+00:00
KXNFLRSHYDS-26OCT05ATLNO,KXNFLRSHYDS,KXNFLRSHYDS-26OCT05ATLNO-ATLBROBINSON15-40,Brian Robinson: 40+ rushing yards,0.3200,0.3300,0.3300,3828.72,2210.60,active,2026-10-08T00:15:00Z,2026-10-05T15:51:29+00:00
KXNFLRSHYDS-26OCT05ATLNO,KXNFLRSHYDS,KXNFLRSHYDS-26OCT05ATLNO-NOAKAMARA41-80,Alvin Kamara: 80+ rushing yards,0.0800,0.0900,0.0900,354.08,354.08,active,2026-10-08T00:15:00Z,2026-10-05T15:51:29+00:00
KXNFLRSHYDS-26OCT05ATLNO,KXNFLRSHYDS,KXNFLRSHYDS-26OCT05ATLNO-NOKMILLER5-40,Kendre Miller: 40+ rushing yards,0.2600,0.2700,0.2700,813.39,742.92,active,2026-10-08T00:15:00Z,2026-10-05T15:51:29+00:00
KXNFLRSHYDS-26OCT05ATLNO,KXNFLRSHYDS,KXNFLRSHYDS-26OCT05ATLNO-NOAKAMARA41-70,Alvin Kamara: 70+ rushing yards,0.1300,0.1400,0.1300,1808.08,1806.08,active,2026-10-08T00:15:00Z,2026-10-05T15:51:29+00:00
KXNFLRSHYDS-26OCT05ATLNO,KXNFLRSHYDS,KXNFLRSHYDS-26OCT05ATLNO-NOAKAMARA41-40,Alvin Kamara: 40+ rushing yards,0.4500,0.4600,0.4600,4122.50,3890.51,active,2026-10-08T00:15:00Z,2026-10-05T15:51:29+00:00
KXNFLRSHYDS-26OCT05ATLNO,KXNFLRSHYDS,KXNFLRSHYDS-26OCT05ATLNO-ATLBROBINSON7-120,Bijan Robinson: 120+ rushing yards,0.2400,0.2500,0.2500,3463.31,3463.31,active,2026-10-08T00:15:00Z,2026-10-05T15:51:29+00:00
KXNFLRSHYDS-26OCT05ATLNO,KXNFLRSHYDS,KXNFLRSHYDS-26OCT05ATLNO-NOTSHOUGH6-60,Tyler Shough: 60+ rushing yards,0.0200,0.0400,0.0400,117.18,117.18,active,2026-10-08T00:15:00Z,2026-10-05T15:51:29+00:00
KXNFLRSHYDS-26OCT05ATLNO,KXNFLRSHYDS,KXNFLRSHYDS-26OCT05ATLNO-NOTSHOUGH6-10,Tyler Shough: 10+ rushing yards,0.7100,0.7200,0.7200,3466.45,3451.45,active,2026-10-08T00:15:00Z,2026-10-05T15:51:29+00:00
KXNFLRSHYDS-26OCT05ATLNO,KXNFLRSHYDS,KXNFLRSHYDS-26OCT05ATLNO-NOTSHOUGH6-20,Tyler Shough: 20+ rushing yards,0.4100,0.4200,0.4200,5261.43,5226.43,active,2026-10-08T00:15:00Z,2026-10-05T15:51:29+00:00
KXNFLRSHYDS-26OCT05ATLNO,KXNFLRSHYDS,KXNFLRSHYDS-26OCT05ATLNO-NOKMILLER5-30,Kendre Miller: 30+ rushing yards,0.4000,0.4100,0.4100,624.49,624.15,active,2026-10-08T00:15:00Z,2026-10-05T15:51:29+00:00
KXNFLRSHYDS-26OCT05ATLNO,KXNFLRSHYDS,KXNFLRSHYDS-26OCT05ATLNO-ATLMPENIX9-10,Michael Penix Jr.: 10+ rushing yards,0.3100,0.3200,0.3200,4726.50,4655.43,active,2026-10-08T00:15:00Z,2026-10-05T15:51:29+00:00
KXNFLRSHYDS-26OCT05ATLNO,KXNFLRSHYDS,KXNFLRSHYDS-26OCT05ATLNO-NOKMILLER5-20,Kendre Miller: 20+ rushing yards,0.5700,0.5800,0.5800,784.77,779.36,active,2026-10-08T00:15:00Z,2026-10-05T15:51:29+00:00
KXNFLRSHYDS-26OCT05ATLNO,KXNFLRSHYDS,KXNFLRSHYDS-26OCT05ATLNO-NOKMILLER5-70,Kendre Miller: 70+ rushing yards,0.0600,0.0800,0.0600,544.00,544.00,active,2026-10-08T00:15:00Z,2026-10-05T15:51:29+00:00
KXNFLRSHYDS-26OCT05ATLNO,KXNFLRSHYDS,KXNFLRSHYDS-26OCT05ATLNO-ATLBROBINSON15-60,Brian Robinson: 60+ rushing yards,0.1200,0.1300,0.1300,3032.76,2300.92,active,2026-10-08T00:15:00Z,2026-10-05T15:51:29+00:00
KXNFLRSHYDS-26OCT05ATLNO,KXNFLRSHYDS,KXNFLRSHYDS-26OCT05ATLNO-NOKMILLER5-15,Kendre Miller: 15+ rushing yards,0.6800,0.6900,0.6800,459.30,459.30,active,2026-10-08T00:15:00Z,2026-10-05T15:51:29+00:00
KXNFLRSHYDS-26OCT05ATLNO,KXNFLRSHYDS,KXNFLRSHYDS-26OCT05ATLNO-ATLBROBINSON15-80,Brian Robinson: 80+ rushing yards,0.0400,0.0500,0.0500,9862.31,6933.50,active,2026-10-08T00:15:00Z,2026-10-05T15:51:29+00:00
KXNFLRSHYDS-26OCT05ATLNO,KXNFLRSHYDS,KXNFLRSHYDS-26OCT05ATLNO-NOTSHOUGH6-40,Tyler Shough: 40+ rushing yards,0.1100,0.1200,0.1200,411.68,411.68,active,2026-10-08T00:15:00Z,2026-10-05T15:51:29+00:00
KXNFLRSHYDS-26OCT05ATLNO,KXNFLRSHYDS,KXNFLRSHYDS-26OCT05ATLNO-ATLMPENIX9-25,Michael Penix Jr.: 25+ rushing yards,0.0600,0.0700,0.0600,269.80,217.58,active,2026-10-08T00:15:00Z,2026-10-05T15:51:29+00:00
KXNFLRSHYDS-26OCT05ATLNO,KXNFLRSHYDS,KXNFLRSHYDS-26OCT05ATLNO-ATLBROBINSON15-20,Brian Robinson: 20+ rushing yards,0.6700,0.6800,0.6900,286.27,263.70,active,2026-10-08T00:15:00Z,2026-10-05T15:51:29+00:00
KXNFLRSHYDS-26OCT05ATLNO,KXNFLRSHYDS,KXNFLRSHYDS-26OCT05ATLNO-NOAKAMARA41-50,Alvin Kamara: 50+ rushing yards,0.3200,0.3300,0.3300,346.39,282.85,active,2026-10-08T00:15:00Z,2026-10-05T15:51:29+00:00
KXNFLRSHYDS-26OCT05ATLNO,KXNFLRSHYDS,KXNFLRSHYDS-26OCT05ATLNO-NOTSHOUGH6-15,Tyler Shough: 15+ rushing yards,0.5600,0.5700,0.5700,4869.89,4856.27,active,2026-10-08T00:15:00Z,2026-10-05T15:51:29+00:00
KXNFLRSHYDS-26OCT05ATLNO,KXNFLRSHYDS,KXNFLRSHYDS-26OCT05ATLNO-NOTSHOUGH6-25,Tyler Shough: 25+ rushing yards,0.3100,0.3200,0.3200,1738.98,1738.98,active,2026-10-08T00:15:00Z,2026-10-05T15:51:29+00:00
KXNFLRSHYDS-26OCT05ATLNO,KXNFLRSHYDS,KXNFLRSHYDS-26OCT05ATLNO-NOAKAMARA41-20,Alvin Kamara: 20+ rushing yards,0.7900,0.8000,0.8000,4749.20,4496.15,active,2026-10-08T00:15:00Z,2026-10-05T15:51:29+00:00
KXNFLRSHYDS-26OCT05ATLNO,KXNFLRSHYDS,KXNFLRSHYDS-26OCT05ATLNO-ATLBROBINSON7-100,Bijan Robinson: 100+ rushing yards,0.3900,0.4000,0.4000,7803.39,6970.53,active,2026-10-08T00:15:00Z,2026-10-05T15:51:29+00:00
KXNFLRSHYDS-26OCT05ATLNO,KXNFLRSHYDS,KXNFLRSHYDS-26OCT05ATLNO-ATLBROBINSON15-15,Brian Robinson: 15+ rushing yards,0.7600,0.7700,0.7800,5006.13,3595.28,active,2026-10-08T00:15:00Z,2026-10-05T15:51:29+00:00
KXNFLRSHYDS-26OCT05ATLNO,KXNFLRSHYDS,KXNFLRSHYDS-26OCT05ATLNO-ATLBROBINSON7-160,Bijan Robinson: 160+ rushing yards,0.0600,0.0800,0.0800,261.36,261.36,active,2026-10-08T00:15:00Z,2026-10-05T15:51:29+00:00
KXNFLRSHYDS-26OCT05ATLNO,KXNFLRSHYDS,KXNFLRSHYDS-26OCT05ATLNO-NOKMILLER5-25,Kendre Miller: 25+ rushing yards,0.4900,0.5000,0.5000,33259.98,33258.98,active,2026-10-08T00:15:00Z,2026-10-05T15:51:29+00:00
KXNFLRSHYDS-26OCT05ATLNO,KXNFLRSHYDS,KXNFLRSHYDS-26OCT05ATLNO-NOAKAMARA41-30,Alvin Kamara: 30+ rushing yards,0.6300,0.6400,0.6400,132.92,125.88,active,2026-10-08T00:15:00Z,2026-10-05T15:51:29+00:00
KXNFLRSHYDS-26OCT05ATLNO,KXNFLRSHYDS,KXNFLRSHYDS-26OCT05ATLNO-NOKMILLER5-10,Kendre Miller: 10+ rushing yards,0.7700,0.7800,0.7800,2775.51,2762.51,active,2026-10-08T00:15:00Z,2026-10-05T15:51:29+00:00
KXNFLRSHYDS-26OCT05ATLNO,KXNFLRSHYDS,KXNFLRSHYDS-26OCT05ATLNO-ATLBROBINSON7-170,Bijan Robinson: 170+ rushing yards,0.0400,0.0600,0.0600,1684.54,1684.54,active,2026-10-08T00:15:00Z,2026-10-05T15:51:29+00:00
KXNFLRSHYDS-26OCT05ATLNO,KXNFLRSHYDS,KXNFLRSHYDS-26OCT05ATLNO-NOTSHOUGH6-30,Tyler Shough: 30+ rushing yards,0.2200,0.2300,0.2400,188.34,186.34,active,2026-10-08T00:15:00Z,2026-10-05T15:51:29+00:00
KXNFLRSHYDS-26OCT05ATLNO,KXNFLRSHYDS,KXNFLRSHYDS-26OCT05ATLNO-ATLBROBINSON7-90,Bijan Robinson: 90+ rushing yards,0.4700,0.4800,0.4800,28784.37,26877.96,active,2026-10-08T00:15:00Z,2026-10-05T15:51:29+00:00
KXNFLRSHYDS-26OCT05ATLNO,KXNFLRSHYDS,KXNFLRSHYDS-26OCT05ATLNO-NOAKAMARA41-90,Alvin Kamara: 90+ rushing yards,0.0500,0.0600,0.0600,328.30,328.30,active,2026-10-08T00:15:00Z,2026-10-05T15:51:29+00:00
KXNFLRSHYDS-26OCT05ATLNO,KXNFLRSHYDS,KXNFLRSHYDS-26OCT05ATLNO-NOAKAMARA41-60,Alvin Kamara: 60+ rushing yards,0.1900,0.2000,0.2000,466.10,464.10,active,2026-10-08T00:15:00Z,2026-10-05T15:51:29+00:00
KXNFLRSHYDS-26OCT05ATLNO,KXNFLRSHYDS,KXNFLRSHYDS-26OCT05ATLNO-ATLMPENIX9-15,Michael Penix Jr.: 15+ rushing yards,0.1700,0.1800,0.1800,483.66,479.66,active,2026-10-08T00:15:00Z,2026-10-05T15:51:29+00:00
KXNFLRSHYDS-26OCT05ATLNO,KXNFLRSHYDS,KXNFLRSHYDS-26OCT05ATLNO-ATLBROBINSON7-70,Bijan Robinson: 70+ rushing yards,0.6700,0.6800,0.6700,6869.94,6820.51,active,2026-10-08T00:15:00Z,2026-10-05T15:51:29+00:00
KXNFLRSHYDS-26OCT05ATLNO,KXNFLRSHYDS,KXNFLRSHYDS-26OCT05ATLNO-ATLBROBINSON15-70,Brian Robinson: 70+ rushing yards,0.0600,0.0800,0.0700,1286.89,896.62,active,2026-10-08T00:15:00Z,2026-10-05T15:51:29+00:00
KXNFLRSHYDS-26OCT05ATLNO,KXNFLRSHYDS,KXNFLRSHYDS-26OCT05ATLNO-ATLBROBINSON15-50,Brian Robinson: 50+ rushing yards,0.2000,0.2100,0.2100,16003.21,7997.16,active,2026-10-08T00:15:00Z,2026-10-05T15:51:29+00:00
KXNFLRSHYDS-26OCT05ATLNO,KXNFLRSHYDS,KXNFLRSHYDS-26OCT05ATLNO-ATLBROBINSON15-30,Brian Robinson: 30+ rushing yards,0.4800,0.4900,0.4900,3338.29,3048.13,active,2026-10-08T00:15:00Z,2026-10-05T15:51:29+00:00
KXNFLRSHYDS-26OCT05ATLNO,KXNFLRSHYDS,KXNFLRSHYDS-26OCT05ATLNO-ATLBROBINSON7-50,Bijan Robinson: 50+ rushing yards,0.8600,0.8700,0.8700,5983.43,5929.83,active,2026-10-08T00:15:00Z,2026-10-05T15:51:29+00:00
KXNFLRSHYDS-26OCT05ATLNO,KXNFLRSHYDS,KXNFLRSHYDS-26OCT05ATLNO-NOKMILLER5-60,Kendre Miller: 60+ rushing yards,0.0900,0.1000,0.1000,1057.75,1057.75,active,2026-10-08T00:15:00Z,2026-10-05T15:51:29+00:00
KXNFLRSHYDS-26OCT05ATLNO,KXNFLRSHYDS,KXNFLRSHYDS-26OCT05ATLNO-ATLBROBINSON7-130,Bijan Robinson: 130+ rushing yards,0.1800,0.2000,0.1900,4761.34,4647.18,active,2026-10-08T00:15:00Z,2026-10-05T15:51:29+00:00
KXNFLRSHYDS-26OCT05ATLNO,KXNFLRSHYDS,KXNFLRSHYDS-26OCT05ATLNO-NOKMILLER5-50,Kendre Miller: 50+ rushing yards,0.1700,0.1800,0.1700,3585.91,3466.34,active,2026-10-08T00:15:00Z,2026-10-05T15:51:29+00:00
KXNFLRSHYDS-26OCT05ATLNO,KXNFLRSHYDS,KXNFLRSHYDS-26OCT05ATLNO-ATLBROBINSON7-60,Bijan Robinson: 60+ rushing yards,0.7700,0.7800,0.7800,2318.34,2281.45,active,2026-10-08T00:15:00Z,2026-10-05T15:51:29+00:00
KXNFLRSHYDS-26OCT05ATLNO,KXNFLRSHYDS,KXNFLRSHYDS-26OCT05ATLNO-ATLBROBINSON7-140,Bijan Robinson: 140+ rushing yards,0.1300,0.1400,0.1400,3086.65,3065.33,active,2026-10-08T00:15:00Z,2026-10-05T15:51:29+00:00
KXNFLRSHYDS-26OCT05ATLNO,KXNFLRSHYDS,KXNFLRSHYDS-26OCT05ATLNO-ATLBROBINSON15-25,Brian Robinson: 25+ rushing yards,0.5800,0.5900,0.5900,623.64,528.62,active,2026-10-08T00:15:00Z,2026-10-05T15:51:29+00:00
KXNFLRSHYDS-26OCT05ATLNO,KXNFLRSHYDS,KXNFLRSHYDS-26OCT05ATLNO-NOAKAMARA41-100,Alvin Kamara: 100+ rushing yards,0.0200,0.0400,0.0400,1197.04,1197.04,active,2026-10-08T00:15:00Z,2026-10-05T15:51:29+00:00
KXNFLRSHYDS-26OCT05ATLNO,KXNFLRSHYDS,KXNFLRSHYDS-26OCT05ATLNO-ATLBROBINSON15-90,Brian Robinson: 90+ rushing yards,0.0200,0.0300,0.0100,6006.26,2762.92,active,2026-10-08T00:15:00Z,2026-10-05T15:51:29+00:00
KXNFLRSHYDS-26OCT05ATLNO,KXNFLRSHYDS,KXNFLRSHYDS-26OCT05ATLNO-ATLBROBINSON7-150,Bijan Robinson: 150+ rushing yards,0.0800,0.0900,0.0900,5115.27,4875.89,active,2026-10-08T00:15:00Z,2026-10-05T15:51:29+00:00
KXNFLRSHYDS-26OCT05ATLNO,KXNFLRSHYDS,KXNFLRSHYDS-26OCT05ATLNO-ATLMPENIX9-30,Michael Penix Jr.: 30+ rushing yards,0.0500,0.0600,0.0500,142.71,142.71,active,2026-10-08T00:15:00Z,2026-10-05T15:51:29+00:00
KXNFLRSHYDS-26OCT05ATLNO,KXNFLRSHYDS,KXNFLRSHYDS-26OCT05ATLNO-ATLMPENIX9-20,Michael Penix Jr.: 20+ rushing yards,0.1000,0.1100,0.1100,195.00,195.00,active,2026-10-08T00:15:00Z,2026-10-05T15:51:29+00:00
KXNFLRSHYDS-26OCT05ATLNO,KXNFLRSHYDS,KXNFLRSHYDS-26OCT05ATLNO-NOAKAMARA41-25,Alvin Kamara: 25+ rushing yards,0.7100,0.7200,0.7200,111.75,96.43,active,2026-10-08T00:15:00Z,2026-10-05T15:51:29+00:00
KXNFLRSHYDS-26OCT08TBDAL,KXNFLRSHYDS,KXNFLRSHYDS-26OCT08TBDAL-TBJDANIELS10-60,Jalon Daniels: 60+ rushing yards,0.2400,0.2600,0.2500,38.00,38.00,active,2026-10-11T00:15:00Z,2026-10-05T15:51:29+00:00
KXNFLRSHYDS-26OCT08TBDAL,KXNFLRSHYDS,KXNFLRSHYDS-26OCT08TBDAL-TBJDANIELS10-20,Jalon Daniels: 20+ rushing yards,0.8300,0.8700,0.0000,0.00,0.00,active,2026-10-11T00:15:00Z,2026-10-05T15:51:29+00:00
KXNFLRSHYDS-26OCT08TBDAL,KXNFLRSHYDS,KXNFLRSHYDS-26OCT08TBDAL-TBJDANIELS10-90,Jalon Daniels: 90+ rushing yards,0.0400,0.0700,0.0000,0.00,0.00,active,2026-10-11T00:15:00Z,2026-10-05T15:51:29+00:00
KXNFLRSHYDS-26OCT08TBDAL,KXNFLRSHYDS,KXNFLRSHYDS-26OCT08TBDAL-TBJDANIELS10-80,Jalon Daniels: 80+ rushing yards,0.0800,0.1000,0.0000,0.00,0.00,active,2026-10-11T00:15:00Z,2026-10-05T15:51:29+00:00
KXNFLRSHYDS-26OCT08TBDAL,KXNFLRSHYDS,KXNFLRSHYDS-26OCT08TBDAL-TBJDANIELS10-70,Jalon Daniels: 70+ rushing yards,0.1400,0.1700,0.0000,0.00,0.00,active,2026-10-11T00:15:00Z,2026-10-05T15:51:29+00:00
KXNFLRSHYDS-26OCT08TBDAL,KXNFLRSHYDS,KXNFLRSHYDS-26OCT08TBDAL-DALJWILLIAMS33-80,Javonte Williams: 80+ rushing yards,0.4100,0.4500,0.4200,1.68,1.68,active,2026-10-11T00:15:00Z,2026-10-05T15:51:29+00:00
KXNFLRSHYDS-26OCT08TBDAL,KXNFLRSHYDS,KXNFLRSHYDS-26OCT08TBDAL-DALJWILLIAMS33-150,Javonte Williams: 150+ rushing yards,0.0200,0.0500,0.0000,0.00,0.00,active,2026-10-11T00:15:00Z,2026-10-05T15:51:29+00:00
KXNFLRSHYDS-26OCT08TBDAL,KXNFLRSHYDS,KXNFLRSHYDS-26OCT08TBDAL-DALJWILLIAMS33-140,Javonte Williams: 140+ rushing yards,0.0300,0.0700,0.0000,0.00,0.00,active,2026-10-11T00:15:00Z,2026-10-05T15:51:29+00:00
KXNFLRSHYDS-26OCT08TBDAL,KXNFLRSHYDS,KXNFLRSHYDS-26OCT08TBDAL-DALDPRESCOTT4-25,Dak Prescott: 25+ rushing yards,0.1400,0.1600,0.0000,0.00,0.00,active,2026-10-11T00:15:00Z,2026-10-05T15:51:29+00:00
KXNFLRSHYDS-26OCT08TBDAL,KXNFLRSHYDS,KXNFLRSHYDS-26OCT08TBDAL-DALDPRESCOTT4-20,Dak Prescott: 20+ rushing yards,0.2100,0.2300,0.2300,20.62,20.62,active,2026-10-11T00:15:00Z,2026-10-05T15:51:29+00:00
KXNFLRSHYDS-26OCT08TBDAL,KXNFLRSHYDS,KXNFLRSHYDS-26OCT08TBDAL-TBKGAINWELL1-15,Kenny Gainwell: 15+ rushing yards,0.3200,0.3600,0.0000,0.00,0.00,active,2026-10-11T00:15:00Z,2026-10-05T15:51:29+00:00
KXNFLRSHYDS-26OCT08TBDAL,KXNFLRSHYDS,KXNFLRSHYDS-26OCT08TBDAL-DALDPRESCOTT4-10,Dak Prescott: 10+ rushing yards,0.4700,0.5000,0.0000,0.00,0.00,active,2026-10-11T00:15:00Z,2026-10-05T15:51:29+00:00
KXNFLRSHYDS-26OCT08TBDAL,KXNFLRSHYDS,KXNFLRSHYDS-26OCT08TBDAL-DALDPRESCOTT4-30,Dak Prescott: 30+ rushing yards,0.0900,0.1100,0.0000,0.00,0.00,active,2026-10-11T00:15:00Z,2026-10-05T15:51:29+00:00
KXNFLRSHYDS-26OCT08TBDAL,KXNFLRSHYDS,KXNFLRSHYDS-26OCT08TBDAL-DALJWILLIAMS33-130,Javonte Williams: 130+ rushing yards,0.0600,0.1000,0.0000,0.00,0.00,active,2026-10-11T00:15:00Z,2026-10-05T15:51:29+00:00
KXNFLRSHYDS-26OCT08TBDAL,KXNFLRSHYDS,KXNFLRSHYDS-26OCT08TBDAL-DALJWILLIAMS33-120,Javonte Williams: 120+ rushing yards,0.1100,0.1400,0.0000,0.00,0.00,active,2026-10-11T00:15:00Z,2026-10-05T15:51:29+00:00
KXNFLRSHYDS-26OCT08TBDAL,KXNFLRSHYDS,KXNFLRSHYDS-26OCT08TBDAL-TBJDANIELS10-40,Jalon Daniels: 40+ rushing yards,0.5300,0.5600,0.5200,337.87,337.87,active,2026-10-11T00:15:00Z,2026-10-05T15:51:29+00:00
KXNFLRSHYDS-26OCT08TBDAL,KXNFLRSHYDS,KXNFLRSHYDS-26OCT08TBDAL-TBJDANIELS10-30,Jalon Daniels: 30+ rushing yards,0.6900,0.7200,0.7100,20.01,20.01,active,2026-10-11T00:15:00Z,2026-10-05T15:51:29+00:00
KXNFLRSHYDS-26OCT08TBDAL,KXNFLRSHYDS,KXNFLRSHYDS-26OCT08TBDAL-TBJDANIELS10-25,Jalon Daniels: 25+ rushing yards,0.7700,0.8000,0.0000,0.00,0.00,active,2026-10-11T00:15:00Z,2026-10-05T15:51:29+00:00
KXNFLRSHYDS-26OCT08TBDAL,KXNFLRSHYDS,KXNFLRSHYDS-26OCT08TBDAL-DALJWILLIAMS33-50,Javonte Williams: 50+ rushing yards,0.7500,0.7800,0.0000,0.00,0.00,active,2026-10-11T00:15:00Z,2026-10-05T15:51:29+00:00
KXNFLRSHYDS-26OCT08TBDAL,KXNFLRSHYDS,KXNFLRSHYDS-26OCT08TBDAL-DALDPRESCOTT4-15,Dak Prescott: 15+ rushing yards,0.3200,0.3500,0.0000,0.00,0.00,active,2026-10-11T00:15:00Z,2026-10-05T15:51:29+00:00
KXNFLRSHYDS-26OCT08TBDAL,KXNFLRSHYDS,KXNFLRSHYDS-26OCT08TBDAL-TBJDANIELS10-50,Jalon Daniels: 50+ rushing yards,0.3700,0.4100,0.3800,942.44,942.44,active,2026-10-11T00:15:00Z,2026-10-05T15:51:29+00:00
KXNFLRSHYDS-26OCT08TBDAL,KXNFLRSHYDS,KXNFLRSHYDS-26OCT08TBDAL-TBBIRVING7-50,Bucky Irving: 50+ rushing yards,0.5800,0.6100,0.6200,27.08,27.08,active,2026-10-11T00:15:00Z,2026-10-05T15:51:29+00:00
KXNFLRSHYDS-26OCT08TBDAL,KXNFLRSHYDS,KXNFLRSHYDS-26OCT08TBDAL-TBKGAINWELL1-40,Kenny Gainwell: 40+ rushing yards,0.0200,0.0800,0.0000,0.00,0.00,active,2026-10-11T00:15:00Z,2026-10-05T15:51:29+00:00
KXNFLRSHYDS-26OCT08TBDAL,KXNFLRSHYDS,KXNFLRSHYDS-26OCT08TBDAL-TBBIRVING7-60,Bucky Irving: 60+ rushing yards,0.4400,0.4800,0.0000,0.00,0.00,active,2026-10-11T00:15:00Z,2026-10-05T15:51:29+00:00
KXNFLRSHYDS-26OCT08TBDAL,KXNFLRSHYDS,KXNFLRSHYDS-26OCT08TBDAL-TBBIRVING7-30,Bucky Irving: 30+ rushing yards,0.8300,0.8600,0.8200,6.02,6.02,active,2026-10-11T00:15:00Z,2026-10-05T15:51:29+00:00
KXNFLRSHYDS-26OCT08TBDAL,KXNFLRSHYDS,KXNFLRSHYDS-26OCT08TBDAL-TBBIRVING7-70,Bucky Irving: 70+ rushing yards,0.3100,0.3500,0.0000,0.00,0.00,active,2026-10-11T00:15:00Z,2026-10-05T15:51:29+00:00
KXNFLRSHYDS-26OCT08TBDAL,KXNFLRSHYDS,KXNFLRSHYDS-26OCT08TBDAL-TBBIRVING7-100,Bucky Irving: 100+ rushing yards,0.1000,0.1300,0.0000,0.00,0.00,active,2026-10-11T00:15:00Z,2026-10-05T15:51:29+00:00
KXNFLRSHYDS-26OCT08TBDAL,KXNFLRSHYDS,KXNFLRSHYDS-26OCT08TBDAL-DALJWILLIAMS33-90,Javonte Williams: 90+ rushing yards,0.3100,0.3500,0.0000,0.00,0.00,active,2026-10-11T00:15:00Z,2026-10-05T15:51:29+00:00
KXNFLRSHYDS-26OCT08TBDAL,KXNFLRSHYDS,KXNFLRSHYDS-26OCT08TBDAL-DALJWILLIAMS33-60,Javonte Williams: 60+ rushing yards,0.6500,0.6800,0.7000,20.00,20.00,active,2026-10-11T00:15:00Z,2026-10-05T15:51:29+00:00
KXNFLRSHYDS-26OCT08TBDAL,KXNFLRSHYDS,KXNFLRSHYDS-26OCT08TBDAL-TBBIRVING7-90,Bucky Irving: 90+ rushing yards,0.1500,0.1800,0.1900,49.80,49.80,active,2026-10-11T00:15:00Z,2026-10-05T15:51:29+00:00
KXNFLRSHYDS-26OCT08TBDAL,KXNFLRSHYDS,KXNFLRSHYDS-26OCT08TBDAL-TBKGAINWELL1-25,Kenny Gainwell: 25+ rushing yards,0.1600,0.1800,0.0000,0.00,0.00,active,2026-10-11T00:15:00Z,2026-10-05T15:51:29+00:00
KXNFLRSHYDS-26OCT08TBDAL,KXNFLRSHYDS,KXNFLRSHYDS-26OCT08TBDAL-DALJWILLIAMS33-110,Javonte Williams: 110+ rushing yards,0.1600,0.2000,0.0000,0.00,0.00,active,2026-10-11T00:15:00Z,2026-10-05T15:51:29+00:00
KXNFLRSHYDS-26OCT08TBDAL,KXNFLRSHYDS,KXNFLRSHYDS-26OCT08TBDAL-TBKGAINWELL1-20,Kenny Gainwell: 20+ rushing yards,0.2200,0.2500,0.0000,0.00,0.00,active,2026-10-11T00:15:00Z,2026-10-05T15:51:29+00:00
KXNFLRSHYDS-26OCT08TBDAL,KXNFLRSHYDS,KXNFLRSHYDS-26OCT08TBDAL-DALJWILLIAMS33-70,Javonte Williams: 70+ rushing yards,0.5400,0.5600,0.0000,0.00,0.00,active,2026-10-11T00:15:00Z,2026-10-05T15:51:29+00:00
KXNFLRSHYDS-26OCT08TBDAL,KXNFLRSHYDS,KXNFLRSHYDS-26OCT08TBDAL-TBKGAINWELL1-10,Kenny Gainwell: 10+ rushing yards,0.4700,0.5200,0.0000,0.00,0.00,active,2026-10-11T00:15:00Z,2026-10-05T15:51:29+00:00
KXNFLRSHYDS-26OCT08TBDAL,KXNFLRSHYDS,KXNFLRSHYDS-26OCT08TBDAL-DALJWILLIAMS33-100,Javonte Williams: 100+ rushing yards,0.2200,0.2600,0.0000,0.00,0.00,active,2026-10-11T00:15:00Z,2026-10-05T15:51:29+00:00
KXNFLRSHYDS-26OCT08TBDAL,KXNFLRSHYDS,KXNFLRSHYDS-26OCT08TBDAL-TBKGAINWELL1-30,Kenny Gainwell: 30+ rushing yards,0.1000,0.1200,0.0000,0.00,0.00,active,2026-10-11T00:15:00Z,2026-10-05T15:51:29+00:00
KXNFLRSHYDS-26OCT08TBDAL,KXNFLRSHYDS,KXNFLRSHYDS-26OCT08TBDAL-TBBIRVING7-80,Bucky Irving: 80+ rushing yards,0.2300,0.2600,0.0000,0.00,0.00,active,2026-10-11T00:15:00Z,2026-10-05T15:51:29+00:00
KXNFLRSHYDS-26OCT08TBDAL,KXNFLRSHYDS,KXNFLRSHYDS-26OCT08TBDAL-TBBIRVING7-40,Bucky Irving: 40+ rushing yards,0.7200,0.7400,0.7200,34.00,34.00,active,2026-10-11T00:15:00Z,2026-10-05T15:51:29+00:00
KXNFLRSHYDS-26OCT08TBDAL,KXNFLRSHYDS,KXNFLRSHYDS-26OCT08TBDAL-TBBIRVING7-130,Bucky Irving: 130+ rushing yards,0.0200,0.0500,0.0000,0.00,0.00,active,2026-10-11T00:15:00Z,2026-10-05T15:51:29+00:00
KXNFLRSHYDS-26OCT08TBDAL,KXNFLRSHYDS,KXNFLRSHYDS-26OCT08TBDAL-DALDPRESCOTT4-40,Dak Prescott: 40+ rushing yards,0.0200,0.0500,0.0000,0.00,0.00,active,2026-10-11T00:15:00Z,2026-10-05T15:51:29+00:00
KXNFLRSHYDS-26OCT08TBDAL,KXNFLRSHYDS,KXNFLRSHYDS-26OCT08TBDAL-TBBIRVING7-120,Bucky Irving: 120+ rushing yards,0.0200,0.0700,0.0000,0.00,0.00,active,2026-10-11T00:15:00Z,2026-10-05T15:51:29+00:00
KXNFLRSHYDS-26OCT08TBDAL,KXNFLRSHYDS,KXNFLRSHYDS-26OCT08TBDAL-TBBIRVING7-110,Bucky Irving: 110+ rushing yards,0.0500,0.1000,0.0000,0.00,0.00,active,2026-10-11T00:15:00Z,2026-10-05T15:51:29+00:00
KXNFLPASSYDS-26OCT05ATLNO,KXNFLPASSYDS,KXNFLPASSYDS-26OCT05ATLNO-NOTSHOUGH6-400,Tyler Shough: 400+ passing yards,0.0300,0.0400,0.0400,1279.00,1279.00,active,2026-10-08T00:15:00Z,2026-10-05T15:51:29+00:00
KXNFLPASSYDS-26OCT05ATLNO,KXNFLPASSYDS,KXNFLPASSYDS-26OCT05ATLNO-NOTSHOUGH6-350,Tyler Shough: 350+ passing yards,0.1000,0.1100,0.1100,4021.61,4013.61,active,2026-10-08T00:15:00Z,2026-10-05T15:51:29+00:00
KXNFLPASSYDS-26OCT05ATLNO,KXNFLPASSYDS,KXNFLPASSYDS-26OCT05ATLNO-NOTSHOUGH6-375,Tyler Shough: 375+ passing yards,0.0500,0.0600,0.0700,2754.52,2754.52,active,2026-10-08T00:15:00Z,2026-10-05T15:51:29+00:00
KXNFLPASSYDS-26OCT05ATLNO,KXNFLPASSYDS,KXNFLPASSYDS-26OCT05ATLNO-ATLMPENIX9-275,Michael Penix Jr.: 275+ passing yards,0.2400,0.2500,0.2500,3665.71,3639.17,active,2026-10-08T00:15:00Z,2026-10-05T15:51:29+00:00
KXNFLPASSYDS-26OCT05ATLNO,KXNFLPASSYDS,KXNFLPASSYDS-26OCT05ATLNO-NOTSHOUGH6-175,Tyler Shough: 175+ passing yards,0.8800,0.8900,0.8900,8791.39,8780.41,active,2026-10-08T00:15:00Z,2026-10-05T15:51:29+00:00
KXNFLPASSYDS-26OCT05ATLNO,KXNFLPASSYDS,KXNFLPASSYDS-26OCT05ATLNO-NOTSHOUGH6-225,Tyler Shough: 225+ passing yards,0.6900,0.7000,0.7000,5936.11,5918.20,active,2026-10-08T00:15:00Z,2026-10-05T15:51:29+00:00
KXNFLPASSYDS-26OCT05ATLNO,KXNFLPASSYDS,KXNFLPASSYDS-26OCT05ATLNO-ATLMPENIX9-325,Michael Penix Jr.: 325+ passing yards,0.0700,0.0900,0.0000,0.00,0.00,active,2026-10-08T00:15:00Z,2026-10-05T15:51:29+00:00
KXNFLPASSYDS-26OCT05ATLNO,KXNFLPASSYDS,KXNFLPASSYDS-26OCT05ATLNO-ATLMPENIX9-200,Michael Penix Jr.: 200+ passing yards,0.6600,0.6700,0.6700,2845.19,2845.19,active,2026-10-08T00:15:00Z,2026-10-05T15:51:29+00:00
KXNFLPASSYDS-26OCT05ATLNO,KXNFLPASSYDS,KXNFLPASSYDS-26OCT05ATLNO-NOTSHOUGH6-300,Tyler Shough: 300+ passing yards,0.2800,0.2900,0.2900,10096.23,10067.65,active,2026-10-08T00:15:00Z,2026-10-05T15:51:29+00:00
KXNFLPASSYDS-26OCT05ATLNO,KXNFLPASSYDS,KXNFLPASSYDS-26OCT05ATLNO-NOTSHOUGH6-325,Tyler Shough: 325+ passing yards,0.1700,0.1800,0.1800,3983.81,3983.81,active,2026-10-08T00:15:00Z,2026-10-05T15:51:29+00:00
KXNFLPASSYDS-26OCT05ATLNO,KXNFLPASSYDS,KXNFLPASSYDS-26OCT05ATLNO-ATLMPENIX9-225,Michael Penix Jr.: 225+ passing yards,0.5000,0.5100,0.5000,3993.53,3972.47,active,2026-10-08T00:15:00Z,2026-10-05T15:51:29+00:00
KXNFLPASSYDS-26OCT05ATLNO,KXNFLPASSYDS,KXNFLPASSYDS-26OCT05ATLNO-NOTSHOUGH6-275,Tyler Shough: 275+ passing yards,0.3900,0.4000,0.4000,5419.18,5419.18,active,2026-10-08T00:15:00Z,2026-10-05T15:51:29+00:00
KXNFLPASSYDS-26OCT05ATLNO,KXNFLPASSYDS,KXNFLPASSYDS-26OCT05ATLNO-ATLMPENIX9-175,Michael Penix Jr.: 175+ passing yards,0.7800,0.7900,0.7900,887.42,868.71,active,2026-10-08T00:15:00Z,2026-10-05T15:51:29+00:00
KXNFLPASSYDS-26OCT05ATLNO,KXNFLPASSYDS,KXNFLPASSYDS-26OCT05ATLNO-NOTSHOUGH6-250,Tyler Shough: 250+ passing yards,0.5300,0.5400,0.5400,17859.87,17275.47,active,2026-10-08T00:15:00Z,2026-10-05T15:51:29+00:00
KXNFLPASSYDS-26OCT05ATLNO,KXNFLPASSYDS,KXNFLPASSYDS-26OCT05ATLNO-NOTSHOUGH6-200,Tyler Shough: 200+ passing yards,0.8000,0.8100,0.8100,7516.05,7487.45,active,2026-10-08T00:15:00Z,2026-10-05T15:51:29+00:00
KXNFLPASSYDS-26OCT05ATLNO,KXNFLPASSYDS,KXNFLPASSYDS-26OCT05ATLNO-ATLMPENIX9-300,Michael Penix Jr.: 300+ passing yards,0.1500,0.1600,0.1600,2786.41,2786.41,active,2026-10-08T00:15:00Z,2026-10-05T15:51:29+00:00
KXNFLPASSYDS-26OCT05ATLNO,KXNFLPASSYDS,KXNFLPASSYDS-26OCT05ATLNO-ATLMPENIX9-250,Michael Penix Jr.: 250+ passing yards,0.3600,0.3700,0.3700,3868.94,3672.89,active,2026-10-08T00:15:00Z,2026-10-05T15:51:29+00:00
KXNFLPASSYDS-26OCT05ATLNO,KXNFLPASSYDS,KXNFLPASSYDS-26OCT05ATLNO-ATLMPENIX9-350,Michael Penix Jr.: 350+ passing yards,0.0500,0.0600,0.0000,0.00,0.00,active,2026-10-08T00:15:00Z,2026-10-05T15:51:29+00:00
KXNFLPASSYDS-26OCT05ATLNO,KXNFLPASSYDS,KXNFLPASSYDS-26OCT05ATLNO-ATLMPENIX9-150,Michael Penix Jr.: 150+ passing yards,0.8700,0.8800,0.8800,342.27,274.83,active,2026-10-08T00:15:00Z,2026-10-05T15:51:29+00:00
KXNFLPASSYDS-26OCT08TBDAL,KXNFLPASSYDS,KXNFLPASSYDS-26OCT08TBDAL-TBJDANIELS10-150,Jalon Daniels: 150+ passing yards,0.6600,0.6800,0.0000,0.00,0.00,active,2026-10-11T00:15:00Z,2026-10-05T15:51:29+00:00
KXNFLPASSYDS-26OCT08TBDAL,KXNFLPASSYDS,KXNFLPASSYDS-26OCT08TBDAL-TBJDANIELS10-175,Jalon Daniels: 175+ passing yards,0.5000,0.5200,0.0000,0.00,0.00,active,2026-10-11T00:15:00Z,2026-10-05T15:51:29+00:00
KXNFLPASSYDS-26OCT08TBDAL,KXNFLPASSYDS,KXNFLPASSYDS-26OCT08TBDAL-DALDPRESCOTT4-175,Dak Prescott: 175+ passing yards,0.8900,0.9000,0.9000,53.00,53.00,active,2026-10-11T00:15:00Z,2026-10-05T15:51:29+00:00
KXNFLPASSYDS-26OCT08TBDAL,KXNFLPASSYDS,KXNFLPASSYDS-26OCT08TBDAL-DALDPRESCOTT4-275,Dak Prescott: 275+ passing yards,0.4200,0.4500,0.4500,18.79,18.79,active,2026-10-11T00:15:00Z,2026-10-05T15:51:29+00:00
KXNFLPASSYDS-26OCT08TBDAL,KXNFLPASSYDS,KXNFLPASSYDS-26OCT08TBDAL-DALDPRESCOTT4-300,Dak Prescott: 300+ passing yards,0.2700,0.3000,0.0000,0.00,0.00,active,2026-10-11T00:15:00Z,2026-10-05T15:51:29+00:00
KXNFLPASSYDS-26OCT08TBDAL,KXNFLPASSYDS,KXNFLPASSYDS-26OCT08TBDAL-TBJDANIELS10-200,Jalon Daniels: 200+ passing yards,0.3400,0.3600,0.0000,0.00,0.00,active,2026-10-11T00:15:00Z,2026-10-05T15:51:29+00:00
KXNFLPASSYDS-26OCT08TBDAL,KXNFLPASSYDS,KXNFLPASSYDS-26OCT08TBDAL-TBJDANIELS10-300,Jalon Daniels: 300+ passing yards,0.0300,0.0500,0.0500,50.00,50.00,active,2026-10-11T00:15:00Z,2026-10-05T15:51:29+00:00
KXNFLPASSYDS-26OCT08TBDAL,KXNFLPASSYDS,KXNFLPASSYDS-26OCT08TBDAL-DALDPRESCOTT4-225,Dak Prescott: 225+ passing yards,0.7100,0.7300,0.7000,27.97,27.97,active,2026-10-11T00:15:00Z,2026-10-05T15:51:29+00:00
KXNFLPASSYDS-26OCT08TBDAL,KXNFLPASSYDS,KXNFLPASSYDS-26OCT08TBDAL-TBJDANIELS10-225,Jalon Daniels: 225+ passing yards,0.2000,0.2400,0.2100,2.00,2.00,active,2026-10-11T00:15:00Z,2026-10-05T15:51:29+00:00
KXNFLPASSYDS-26OCT08TBDAL,KXNFLPASSYDS,KXNFLPASSYDS-26OCT08TBDAL-DALDPRESCOTT4-325,Dak Prescott: 325+ passing yards,0.1600,0.1900,0.1300,40.00,40.00,active,2026-10-11T00:15:00Z,2026-10-05T15:51:29+00:00
KXNFLPASSYDS-26OCT08TBDAL,KXNFLPASSYDS,KXNFLPASSYDS-26OCT08TBDAL-DALDPRESCOTT4-250,Dak Prescott: 250+ passing yards,0.5700,0.5900,0.5700,60.13,60.13,active,2026-10-11T00:15:00Z,2026-10-05T15:51:29+00:00
KXNFLPASSYDS-26OCT08TBDAL,KXNFLPASSYDS,KXNFLPASSYDS-26OCT08TBDAL-DALDPRESCOTT4-350,Dak Prescott: 350+ passing yards,0.0900,0.1100,0.0000,0.00,0.00,active,2026-10-11T00:15:00Z,2026-10-05T15:51:29+00:00
KXNFLPASSYDS-26OCT08TBDAL,KXNFLPASSYDS,KXNFLPASSYDS-26OCT08TBDAL-TBJDANIELS10-125,Jalon Daniels: 125+ passing yards,0.7500,0.8100,0.0000,0.00,0.00,active,2026-10-11T00:15:00Z,2026-10-05T15:51:29+00:00
KXNFLPASSYDS-26OCT08TBDAL,KXNFLPASSYDS,KXNFLPASSYDS-26OCT08TBDAL-DALDPRESCOTT4-200,Dak Prescott: 200+ passing yards,0.8100,0.8200,0.8200,1.93,1.93,active,2026-10-11T00:15:00Z,2026-10-05T15:51:29+00:00
KXNFLPASSYDS-26OCT08TBDAL,KXNFLPASSYDS,KXNFLPASSYDS-26OCT08TBDAL-TBJDANIELS10-250,Jalon Daniels: 250+ passing yards,0.1000,0.1500,0.0000,0.00,0.00,active,2026-10-11T00:15:00Z,2026-10-05T15:51:29+00:00
KXNFLPASSYDS-26OCT08TBDAL,KXNFLPASSYDS,KXNFLPASSYDS-26OCT08TBDAL-TBJDANIELS10-275,Jalon Daniels: 275+ passing yards,0.0600,0.1000,0.0000,0.00,0.00,active,2026-10-11T00:15:00Z,2026-10-05T15:51:29+00:00
KXNFLPASSTDS-26OCT05ATLNO,KXNFLPASSTDS,KXNFLPASSTDS-26OCT05ATLNO-NOTSHOUGH6-4,Tyler Shough: 4+ passing touchdowns,0.0800,0.0900,0.0900,321.95,321.95,active,2026-10-08T00:15:00Z,2026-10-05T15:51:29+00:00
KXNFLPASSTDS-26OCT05ATLNO,KXNFLPASSTDS,KXNFLPASSTDS-26OCT05ATLNO-ATLMPENIX9-4,Michael Penix Jr.: 4+ passing touchdowns,0.0300,0.0500,0.0300,281.32,203.16,active,2026-10-08T00:15:00Z,2026-10-05T15:51:29+00:00
KXNFLPASSTDS-26OCT05ATLNO,KXNFLPASSTDS,KXNFLPASSTDS-26OCT05ATLNO-ATLMPENIX9-2,Michael Penix Jr.: 2+ passing touchdowns,0.4400,0.4500,0.4500,2038.60,1988.35,active,2026-10-08T00:15:00Z,2026-10-05T15:51:29+00:00
KXNFLPASSTDS-26OCT05ATLNO,KXNFLPASSTDS,KXNFLPASSTDS-26OCT05ATLNO-NOTSHOUGH6-5,Tyler Shough: 5+ passing touchdowns,0.0000,0.0400,0.0400,723.98,685.98,active,2026-10-08T00:15:00Z,2026-10-05T15:51:29+00:00
KXNFLPASSTDS-26OCT05ATLNO,KXNFLPASSTDS,KXNFLPASSTDS-26OCT05ATLNO-NOTSHOUGH6-2,Tyler Shough: 2+ passing touchdowns,0.5400,0.5500,0.5500,19956.10,19395.33,active,2026-10-08T00:15:00Z,2026-10-05T15:51:29+00:00
KXNFLPASSTDS-26OCT05ATLNO,KXNFLPASSTDS,KXNFLPASSTDS-26OCT05ATLNO-NOTSHOUGH6-3,Tyler Shough: 3+ passing touchdowns,0.2400,0.2500,0.2500,10358.54,10291.71,active,2026-10-08T00:15:00Z,2026-10-05T15:51:29+00:00
KXNFLPASSTDS-26OCT05ATLNO,KXNFLPASSTDS,KXNFLPASSTDS-26OCT05ATLNO-ATLMPENIX9-1,Michael Penix Jr.: 1+ passing touchdowns,0.7900,0.8000,0.8000,122.29,104.11,active,2026-10-08T00:15:00Z,2026-10-05T15:51:29+00:00
KXNFLPASSTDS-26OCT05ATLNO,KXNFLPASSTDS,KXNFLPASSTDS-26OCT05ATLNO-ATLMPENIX9-3,Michael Penix Jr.: 3+ passing touchdowns,0.1600,0.1700,0.1700,2116.94,2116.94,active,2026-10-08T00:15:00Z,2026-10-05T15:51:29+00:00
KXNFLPASSTDS-26OCT05ATLNO,KXNFLPASSTDS,KXNFLPASSTDS-26OCT05ATLNO-NOTSHOUGH6-1,Tyler Shough: 1+ passing touchdowns,0.8400,0.8500,0.8500,472.14,460.66,active,2026-10-08T00:15:00Z,2026-10-05T15:51:29+00:00
KXNFLPASSTDS-26OCT08TBDAL,KXNFLPASSTDS,KXNFLPASSTDS-26OCT08TBDAL-DALDPRESCOTT4-5,Dak Prescott: 5+ passing touchdowns,0.0000,0.0600,0.0000,0.00,0.00,active,2026-10-11T00:15:00Z,2026-10-05T15:51:29+00:00
KXNFLPASSTDS-26OCT08TBDAL,KXNFLPASSTDS,KXNFLPASSTDS-26OCT08TBDAL-TBJDANIELS10-3,Jalon Daniels: 3+ passing touchdowns,0.0500,0.0800,0.0000,0.00,0.00,active,2026-10-11T00:15:00Z,2026-10-05T15:51:29+00:00
KXNFLPASSTDS-26OCT08TBDAL,KXNFLPASSTDS,KXNFLPASSTDS-26OCT08TBDAL-DALDPRESCOTT4-4,Dak Prescott: 4+ passing touchdowns,0.1300,0.1400,0.0000,0.00,0.00,active,2026-10-11T00:15:00Z,2026-10-05T15:51:29+00:00
KXNFLPASSTDS-26OCT08TBDAL,KXNFLPASSTDS,KXNFLPASSTDS-26OCT08TBDAL-TBJDANIELS10-2,Jalon Daniels: 2+ passing touchdowns,0.2400,0.2800,0.2800,48.96,48.96,active,2026-10-11T00:15:00Z,2026-10-05T15:51:29+00:00
KXNFLPASSTDS-26OCT08TBDAL,KXNFLPASSTDS,KXNFLPASSTDS-26OCT08TBDAL-DALDPRESCOTT4-1,Dak Prescott: 1+ passing touchdowns,0.8900,0.9400,0.0000,0.00,0.00,active,2026-10-11T00:15:00Z,2026-10-05T15:51:29+00:00
KXNFLPASSTDS-26OCT08TBDAL,KXNFLPASSTDS,KXNFLPASSTDS-26OCT08TBDAL-TBJDANIELS10-1,Jalon Daniels: 1+ passing touchdowns,0.6300,0.6600,0.0000,0.00,0.00,active,2026-10-11T00:15:00Z,2026-10-05T15:51:29+00:00
KXNFLPASSTDS-26OCT08TBDAL,KXNFLPASSTDS,KXNFLPASSTDS-26OCT08TBDAL-DALDPRESCOTT4-2,Dak Prescott: 2+ passing touchdowns,0.6400,0.6700,0.6400,72.94,1.00,active,2026-10-11T00:15:00Z,2026-10-05T15:51:29+00:00
KXNFLPASSTDS-26OCT08TBDAL,KXNFLPASSTDS,KXNFLPASSTDS-26OCT08TBDAL-DALDPRESCOTT4-3,Dak Prescott: 3+ passing touchdowns,0.3400,0.3600,0.3600,32.55,25.26,active,2026-10-11T00:15:00Z,2026-10-05T15:51:29+00:00
KXNFLTD-26OCT05ATLNO,KXNFLTD,KXNFLTD-26OCT05ATLNO-NOKMILLER5-3,Kendre Miller: 3+ touchdowns,0.0000,0.0100,0.0100,2449.00,2449.00,active,2026-10-08T00:15:00Z,2026-10-05T15:51:29+00:00
KXNFLTD-26OCT05ATLNO,KXNFLTD,KXNFLTD-26OCT05ATLNO-NOBLANCE18-1,Bryce Lance: 1+ touchdowns,0.1400,0.1500,0.1500,355.71,355.71,active,2026-10-08T00:15:00Z,2026-10-05T15:51:29+00:00
KXNFLTD-26OCT05ATLNO,KXNFLTD,KXNFLTD-26OCT05ATLNO-ATLBROBINSON7-3,Bijan Robinson: 3+ touchdowns,0.0500,0.0600,0.0600,16501.94,16501.94,active,2026-10-08T00:15:00Z,2026-10-05T15:51:29+00:00
KXNFLTD-26OCT05ATLNO,KXNFLTD,KXNFLTD-26OCT05ATLNO-NOCDONALDSON43-2,CJ Donaldson: 2+ touchdowns,0.0000,0.0100,0.0100,3259.89,3259.89,active,2026-10-08T00:15:00Z,2026-10-05T15:51:29+00:00
KXNFLTD-26OCT05ATLNO,KXNFLTD,KXNFLTD-26OCT05ATLNO-NOTSHOUGH6-3,Tyler Shough: 3+ touchdowns,0.0000,0.0100,0.0100,5737.18,5737.18,active,2026-10-08T00:15:00Z,2026-10-05T15:51:29+00:00
KXNFLTD-26OCT05ATLNO,KXNFLTD,KXNFLTD-26OCT05ATLNO-NOTSHOUGH6-2,Tyler Shough: 2+ touchdowns,0.0200,0.0300,0.0300,8348.02,7598.40,active,2026-10-08T00:15:00Z,2026-10-05T15:51:29+00:00
KXNFLTD-26OCT05ATLNO,KXNFLTD,KXNFLTD-26OCT05ATLNO-ATLBROBINSON15-2,Brian Robinson: 2+ touchdowns,0.0100,0.0200,0.0200,5537.95,4523.55,active,2026-10-08T00:15:00Z,2026-10-05T15:51:29+00:00
KXNFLTD-26OCT05ATLNO,KXNFLTD,KXNFLTD-26OCT05ATLNO-NOKMILLER5-2,Kendre Miller: 2+ touchdowns,0.0200,0.0400,0.0400,1157.83,1157.83,active,2026-10-08T00:15:00Z,2026-10-05T15:51:29+00:00
KXNFLTD-26OCT05ATLNO,KXNFLTD,KXNFLTD-26OCT05ATLNO-ATLAHOOPER81-2,Austin Hooper: 2+ touchdowns,0.0000,0.0100,0.0100,19931.70,19931.70,active,2026-10-08T00:15:00Z,2026-10-05T15:51:29+00:00
KXNFLTD-26OCT05ATLNO,KXNFLTD,KXNFLTD-26OCT05ATLNO-NONFANT87-2,Noah Fant: 2+ touchdowns,0.0100,0.0200,0.0200,2146.83,2146.83,active,2026-10-08T00:15:00Z,2026-10-05T15:51:29+00:00
KXNFLTD-26OCT05ATLNO,KXNFLTD,KXNFLTD-26OCT05ATLNO-NOJJOHNSON83-3,Juwan Johnson: 3+ touchdowns,0.0000,0.0100,0.0100,487.00,487.00,active,2026-10-08T00:15:00Z,2026-10-05T15:51:29+00:00
KXNFLTD-26OCT05ATLNO,KXNFLTD,KXNFLTD-26OCT05ATLNO-NOKAUSTIN81-1,Kevin Austin Jr.: 1+ touchdowns,0.0600,0.0700,0.0700,28564.95,20715.88,active,2026-10-08T00:15:00Z,2026-10-05T15:51:29+00:00
KXNFLTD-26OCT05ATLNO,KXNFLTD,KXNFLTD-26OCT05ATLNO-NOCDONALDSON43-1,CJ Donaldson: 1+ touchdowns,0.0900,0.1000,0.1000,4281.44,3814.86,active,2026-10-08T00:15:00Z,2026-10-05T15:51:29+00:00
KXNFLTD-26OCT05ATLNO,KXNFLTD,KXNFLTD-26OCT05ATLNO-ATLZBRANCH17-1,Zachariah Branch: 1+ touchdowns,0.0600,0.0700,0.0700,26316.25,26161.91,active,2026-10-08T00:15:00Z,2026-10-05T15:51:29+00:00
KXNFLTD-26OCT05ATLNO,KXNFLTD,KXNFLTD-26OCT05ATLNO-NONFANT87-1,Noah Fant: 1+ touchdowns,0.1300,0.1400,0.1400,12601.36,12441.13,active,2026-10-08T00:15:00Z,2026-10-05T15:51:29+00:00
KXNFLTD-26OCT05ATLNO,KXNFLTD,KXNFLTD-26OCT05ATLNO-NOAKAMARA41-2,Alvin Kamara: 2+ touchdowns,0.0800,0.0900,0.0900,13791.34,12599.85,active,2026-10-08T00:15:00Z,2026-10-05T15:51:29+00:00
KXNFLTD-26OCT05ATLNO,KXNFLTD,KXNFLTD-26OCT05ATLNO-ATLBROBINSON7-2,Bijan Robinson: 2+ touchdowns,0.2600,0.2700,0.2700,20831.18,19512.15,active,2026-10-08T00:15:00Z,2026-10-05T15:51:29+00:00
KXNFLTD-26OCT05ATLNO,KXNFLTD,KXNFLTD-26OCT05ATLNO-NOAKAMARA41-1,Alvin Kamara: 1+ touchdowns,0.4000,0.4100,0.4100,19616.16,19533.67,active,2026-10-08T00:15:00Z,2026-10-05T15:51:29+00:00
KXNFLTD-26OCT05ATLNO,KXNFLTD,KXNFLTD-26OCT05ATLNO-ATLKPITTS8-1,Kyle Pitts Sr.: 1+ touchdowns,0.2100,0.2200,0.2200,18913.88,18695.52,active,2026-10-08T00:15:00Z,2026-10-05T15:51:29+00:00
KXNFLTD-26OCT05ATLNO,KXNFLTD,KXNFLTD-26OCT05ATLNO-ATLATLDST-1,ATL Falcons D/ST: 1+ touchdowns,0.1100,0.1300,0.1300,2524.00,2033.83,active,2026-10-08T00:15:00Z,2026-10-05T15:51:29+00:00
KXNFLTD-26OCT05ATLNO,KXNFLTD,KXNFLTD-26OCT05ATLNO-NOCOLAVE12-1,Chris Olave: 1+ touchdowns,0.4000,0.4100,0.4100,27112.07,26843.92,active,2026-10-08T00:15:00Z,2026-10-05T15:51:29+00:00
KXNFLTD-26OCT05ATLNO,KXNFLTD,KXNFLTD-26OCT05ATLNO-ATLCBLAIR19-1,Chris Blair: 1+ touchdowns,0.0400,0.0500,0.0500,647.58,603.89,active,2026-10-08T00:15:00Z,2026-10-05T15:51:29+00:00
KXNFLTD-26OCT05ATLNO,KXNFLTD,KXNFLTD-26OCT05ATLNO-ATLDLONDON5-1,Drake London: 1+ touchdowns,0.3800,0.3900,0.3900,36138.08,34870.27,active,2026-10-08T00:15:00Z,2026-10-05T15:51:29+00:00
KXNFLTD-26OCT05ATLNO,KXNFLTD,KXNFLTD-26OCT05ATLNO-NOJJOHNSON83-1,Juwan Johnson: 1+ touchdowns,0.2600,0.2700,0.2700,64792.36,63960.57,active,2026-10-08T00:15:00Z,2026-10-05T15:51:29+00:00
KXNFLTD-26OCT05ATLNO,KXNFLTD,KXNFLTD-26OCT05ATLNO-ATLBROBINSON15-1,Brian Robinson: 1+ touchdowns,0.1900,0.2000,0.2000,7717.22,6427.02,active,2026-10-08T00:15:00Z,2026-10-05T15:51:29+00:00
KXNFLTD-26OCT05ATLNO,KXNFLTD,KXNFLTD-26OCT05ATLNO-NOCOLAVE12-3,Chris Olave: 3+ touchdowns,0.0100,0.0200,0.0200,1624.86,1578.07,active,2026-10-08T00:15:00Z,2026-10-05T15:51:29+00:00
KXNFLTD-26OCT05ATLNO,KXNFLTD,KXNFLTD-26OCT05ATLNO-NOODELP4-1,Oscar Delp: 1+ touchdowns,0.0400,0.0500,0.0400,22439.92,22439.92,active,2026-10-08T00:15:00Z,2026-10-05T15:51:29+00:00
KXNFLTD-26OCT05ATLNO,KXNFLTD,KXNFLTD-26OCT05ATLNO-NOTWELCH82-1,Treyton Welch: 1+ touchdowns,0.0500,0.0600,0.0500,952.05,917.05,active,2026-10-08T00:15:00Z,2026-10-05T15:51:29+00:00
KXNFLTD-26OCT05ATLNO,KXNFLTD,KXNFLTD-26OCT05ATLNO-NOCOLAVE12-2,Chris Olave: 2+ touchdowns,0.0800,0.0900,0.0900,15098.08,15098.08,active,2026-10-08T00:15:00Z,2026-10-05T15:51:29+00:00
KXNFLTD-26OCT05ATLNO,KXNFLTD,KXNFLTD-26OCT05ATLNO-NOTSHOUGH6-1,Tyler Shough: 1+ touchdowns,0.2300,0.2400,0.2300,9528.58,9055.66,active,2026-10-08T00:15:00Z,2026-10-05T15:51:29+00:00
KXNFLTD-26OCT05ATLNO,KXNFLTD,KXNFLTD-26OCT05ATLNO-NODVELE14-1,Devaughn Vele: 1+ touchdowns,0.2700,0.2800,0.2800,4380.17,4291.89,active,2026-10-08T00:15:00Z,2026-10-05T15:51:29+00:00
KXNFLTD-26OCT05ATLNO,KXNFLTD,KXNFLTD-26OCT05ATLNO-ATLMPENIX9-1,Michael Penix Jr.: 1+ touchdowns,0.0800,0.0900,0.0900,19720.06,19550.85,active,2026-10-08T00:15:00Z,2026-10-05T15:51:29+00:00
KXNFLTD-26OCT05ATLNO,KXNFLTD,KXNFLTD-26OCT05ATLNO-ATLJDOTSON4-1,Jahan Dotson: 1+ touchdowns,0.1500,0.1600,0.1600,1180.68,1180.68,active,2026-10-08T00:15:00Z,2026-10-05T15:51:29+00:00
KXNFLTD-26OCT05ATLNO,KXNFLTD,KXNFLTD-26OCT05ATLNO-ATLAHOOPER81-1,Austin Hooper: 1+ touchdowns,0.1000,0.1100,0.1100,5597.96,5597.96,active,2026-10-08T00:15:00Z,2026-10-05T15:51:29+00:00
KXNFLTD-26OCT05ATLNO,KXNFLTD,KXNFLTD-26OCT05ATLNO-ATLOZACCHEAUS14-1,Olamide Zaccheaus: 1+ touchdowns,0.0900,0.1000,0.1000,5227.71,5227.71,active,2026-10-08T00:15:00Z,2026-10-05T15:51:29+00:00
KXNFLTD-26OCT05ATLNO,KXNFLTD,KXNFLTD-26OCT05ATLNO-ATLBROBINSON7-1,Bijan Robinson: 1+ touchdowns,0.6200,0.6300,0.6300,167014.05,165286.45,active,2026-10-08T00:15:00Z,2026-10-05T15:51:29+00:00
KXNFLTD-26OCT05ATLNO,KXNFLTD,KXNFLTD-26OCT05ATLNO-NOKMILLER5-1,Kendre Miller: 1+ touchdowns,0.2400,0.2500,0.2500,14585.63,14502.60,active,2026-10-08T00:15:00Z,2026-10-05T15:51:29+00:00
KXNFLTD-26OCT05ATLNO,KXNFLTD,KXNFLTD-26OCT05ATLNO-NODVELE14-3,Devaughn Vele: 3+ touchdowns,0.0000,0.0100,0.0100,1543.19,1543.19,active,2026-10-08T00:15:00Z,2026-10-05T15:51:29+00:00
KXNFLTD-26OCT05ATLNO,KXNFLTD,KXNFLTD-26OCT05ATLNO-NONODST-1,NO Saints D/ST: 1+ touchdowns,0.1100,0.1300,0.1300,2213.90,2080.81,active,2026-10-08T00:15:00Z,2026-10-05T15:51:29+00:00
KXNFLTD-26OCT05ATLNO,KXNFLTD,KXNFLTD-26OCT05ATLNO-ATLDLONDON5-3,Drake London: 3+ touchdowns,0.0100,0.0200,0.0200,1027.12,1027.12,active,2026-10-08T00:15:00Z,2026-10-05T15:51:29+00:00
KXNFLTD-26OCT05ATLNO,KXNFLTD,KXNFLTD-26OCT05ATLNO-NOODELP4-2,Oscar Delp: 2+ touchdowns,0.0000,0.0100,0.0100,300.00,300.00,active,2026-10-08T00:15:00Z,2026-10-05T15:51:29+00:00
KXNFLTD-26OCT05ATLNO,KXNFLTD,KXNFLTD-26OCT05ATLNO-ATLDLONDON5-2,Drake London: 2+ touchdowns,0.0800,0.0900,0.0900,8322.85,8287.85,active,2026-10-08T00:15:00Z,2026-10-05T15:51:29+00:00
KXNFLTD-26OCT05ATLNO,KXNFLTD,KXNFLTD-26OCT05ATLNO-ATLMPENIX9-2,Michael Penix Jr.: 2+ touchdowns,0.0000,0.0100,0.0100,22401.70,22401.60,active,2026-10-08T00:15:00Z,2026-10-05T15:51:29+00:00
KXNFLTD-26OCT05ATLNO,KXNFLTD,KXNFLTD-26OCT05ATLNO-NOJJOHNSON83-2,Juwan Johnson: 2+ touchdowns,0.0300,0.0400,0.0400,6991.57,6972.82,active,2026-10-08T00:15:00Z,2026-10-05T15:51:29+00:00
KXNFLTD-26OCT05ATLNO,KXNFLTD,KXNFLTD-26OCT05ATLNO-NOBBROWN19-1,Barion Brown: 1+ touchdowns,0.0600,0.0700,0.0600,236.77,236.77,active,2026-10-08T00:15:00Z,2026-10-05T15:51:29+00:00
KXNFLTD-26OCT05ATLNO,KXNFLTD,KXNFLTD-26OCT05ATLNO-NOTWELCH82-2,Treyton Welch: 2+ touchdowns,0.0000,0.0100,0.0100,300.00,300.00,active,2026-10-08T00:15:00Z,2026-10-05T15:51:29+00:00
KXNFLTD-26OCT05ATLNO,KXNFLTD,KXNFLTD-26OCT05ATLNO-NOBLANCE18-2,Bryce Lance: 2+ touchdowns,0.0100,0.0200,0.0200,50.00,50.00,active,2026-10-08T00:15:00Z,2026-10-05T15:51:29+00:00
KXNFLTD-26OCT05ATLNO,KXNFLTD,KXNFLTD-26OCT05ATLNO-ATLJDOTSON4-2,Jahan Dotson: 2+ touchdowns,0.0100,0.0200,0.0000,0.00,0.00,active,2026-10-08T00:15:00Z,2026-10-05T15:51:29+00:00
KXNFLTD-26OCT05ATLNO,KXNFLTD,KXNFLTD-26OCT05ATLNO-NODVELE14-2,Devaughn Vele: 2+ touchdowns,0.0300,0.0400,0.0400,1611.99,1377.74,active,2026-10-08T00:15:00Z,2026-10-05T15:51:29+00:00
KXNFLTD-26OCT05ATLNO,KXNFLTD,KXNFLTD-26OCT05ATLNO-NOAKAMARA41-3,Alvin Kamara: 3+ touchdowns,0.0100,0.0200,0.0200,1619.49,1619.49,active,2026-10-08T00:15:00Z,2026-10-05T15:51:29+00:00
KXNFLTD-26OCT05ATLNO,KXNFLTD,KXNFLTD-26OCT05ATLNO-ATLKPITTS8-2,Kyle Pitts Sr.: 2+ touchdowns,0.0200,0.0300,0.0300,21813.58,21813.58,active,2026-10-08T00:15:00Z,2026-10-05T15:51:29+00:00
KXNFLTD-26OCT05ATLNO,KXNFLTD,KXNFLTD-26OCT05ATLNO-ATLOZACCHEAUS14-2,Olamide Zaccheaus: 2+ touchdowns,0.0000,0.0100,0.0100,4421.31,4421.31,active,2026-10-08T00:15:00Z,2026-10-05T15:51:29+00:00
KXNFLTD-26OCT08TBDAL,KXNFLTD,KXNFLTD-26OCT08TBDAL-TBTHURST17-2,Ted Hurst III: 2+ touchdowns,0.0100,0.0200,0.0000,0.00,0.00,active,2026-10-11T00:15:00Z,2026-10-05T15:51:29+00:00
KXNFLTD-26OCT08TBDAL,KXNFLTD,KXNFLTD-26OCT08TBDAL-DALKTURPIN9-2,KaVontae Turpin: 2+ touchdowns,0.0000,0.0100,0.0100,300.00,300.00,active,2026-10-11T00:15:00Z,2026-10-05T15:51:29+00:00
KXNFLTD-26OCT08TBDAL,KXNFLTD,KXNFLTD-26OCT08TBDAL-TBTBDST-1,TB Buccaneers D/ST: 1+ touchdowns,0.0300,0.0800,0.0000,0.00,0.00,active,2026-10-11T00:15:00Z,2026-10-05T15:51:29+00:00
KXNFLTD-26OCT08TBDAL,KXNFLTD,KXNFLTD-26OCT08TBDAL-DALDPRESCOTT4-2,Dak Prescott: 2+ touchdowns,0.0100,0.0200,0.0200,614.81,614.81,active,2026-10-11T00:15:00Z,2026-10-05T15:51:29+00:00
KXNFLTD-26OCT08TBDAL,KXNFLTD,KXNFLTD-26OCT08TBDAL-TBCOTTON88-2,Cade Otton: 2+ touchdowns,0.0100,0.0200,0.0000,0.00,0.00,active,2026-10-11T00:15:00Z,2026-10-05T15:51:29+00:00
KXNFLTD-26OCT08TBDAL,KXNFLTD,KXNFLTD-26OCT08TBDAL-DALTGOODSON32-2,Tyler Goodson: 2+ touchdowns,0.0100,0.0200,0.0000,0.00,0.00,active,2026-10-11T00:15:00Z,2026-10-05T15:51:29+00:00
KXNFLTD-26OCT08TBDAL,KXNFLTD,KXNFLTD-26OCT08TBDAL-TBTJOHNSON15-2,Tez Johnson: 2+ touchdowns,0.0100,0.0200,0.0500,30.00,30.00,active,2026-10-11T00:15:00Z,2026-10-05T15:51:29+00:00
KXNFLTD-26OCT08TBDAL,KXNFLTD,KXNFLTD-26OCT08TBDAL-DALHLUEPKE30-2,Hunter Luepke: 2+ touchdowns,0.0000,0.0100,0.0100,300.00,300.00,active,2026-10-11T00:15:00Z,2026-10-05T15:51:29+00:00
KXNFLTD-26OCT08TBDAL,KXNFLTD,KXNFLTD-26OCT08TBDAL-TBKGAINWELL1-2,Kenny Gainwell: 2+ touchdowns,0.0100,0.0200,0.0000,0.00,0.00,active,2026-10-11T00:15:00Z,2026-10-05T15:51:29+00:00
KXNFLTD-26OCT08TBDAL,KXNFLTD,KXNFLTD-26OCT08TBDAL-DALBSPANNFORD89-1,Brevyn Spann-Ford: 1+ touchdowns,0.0700,0.0800,0.0000,0.00,0.00,active,2026-10-11T00:15:00Z,2026-10-05T15:51:29+00:00
KXNFLTD-26OCT08TBDAL,KXNFLTD,KXNFLTD-26OCT08TBDAL-TBCGODWIN14-2,Chris Godwin Jr.: 2+ touchdowns,0.0100,0.0200,0.0000,0.00,0.00,active,2026-10-11T00:15:00Z,2026-10-05T15:51:29+00:00
KXNFLTD-26OCT08TBDAL,KXNFLTD,KXNFLTD-26OCT08TBDAL-DALRFLOURNOY19-2,Ryan Flournoy: 2+ touchdowns,0.0200,0.0400,0.0000,0.00,0.00,active,2026-10-11T00:15:00Z,2026-10-05T15:51:29+00:00
KXNFLTD-26OCT08TBDAL,KXNFLTD,KXNFLTD-26OCT08TBDAL-DALGPICKENS3-2,George Pickens: 2+ touchdowns,0.0900,0.1000,0.0000,0.00,0.00,active,2026-10-11T00:15:00Z,2026-10-05T15:51:29+00:00
KXNFLTD-26OCT08TBDAL,KXNFLTD,KXNFLTD-26OCT08TBDAL-DALLSCHOONMAKER86-1,Luke Schoonmaker: 1+ touchdowns,0.0800,0.0900,0.0000,0.00,0.00,active,2026-10-11T00:15:00Z,2026-10-05T15:51:29+00:00
KXNFLTD-26OCT08TBDAL,KXNFLTD,KXNFLTD-26OCT08TBDAL-DALDPRESCOTT4-1,Dak Prescott: 1+ touchdowns,0.1500,0.1600,0.1600,130.76,130.76,active,2026-10-11T00:15:00Z,2026-10-05T15:51:29+00:00
KXNFLTD-26OCT08TBDAL,KXNFLTD,KXNFLTD-26OCT08TBDAL-DALDALDST-1,DAL Cowboys D/ST: 1+ touchdowns,0.1700,0.2100,0.2100,51807.69,51550.39,active,2026-10-11T00:15:00Z,2026-10-05T15:51:29+00:00
KXNFLTD-26OCT08TBDAL,KXNFLTD,KXNFLTD-26OCT08TBDAL-DALHLUEPKE30-1,Hunter Luepke: 1+ touchdowns,0.0300,0.0900,0.0000,0.00,0.00,active,2026-10-11T00:15:00Z,2026-10-05T15:51:29+00:00
KXNFLTD-26OCT08TBDAL,KXNFLTD,KXNFLTD-26OCT08TBDAL-TBSTUCKER44-2,Sean Tucker: 2+ touchdowns,0.0100,0.0300,0.0000,0.00,0.00,active,2026-10-11T00:15:00Z,2026-10-05T15:51:29+00:00
KXNFLTD-26OCT08TBDAL,KXNFLTD,KXNFLTD-26OCT08TBDAL-TBJDANIELS10-1,Jalon Daniels: 1+ touchdowns,0.2300,0.2400,0.2300,634.57,634.57,active,2026-10-11T00:15:00Z,2026-10-05T15:51:29+00:00
KXNFLTD-26OCT08TBDAL,KXNFLTD,KXNFLTD-26OCT08TBDAL-DALRFLOURNOY19-1,Ryan Flournoy: 1+ touchdowns,0.2300,0.2400,0.2300,621.95,621.95,active,2026-10-11T00:15:00Z,2026-10-05T15:51:29+00:00
KXNFLTD-26OCT08TBDAL,KXNFLTD,KXNFLTD-26OCT08TBDAL-TBBIRVING7-2,Bucky Irving: 2+ touchdowns,0.0400,0.0500,0.0500,103.32,103.32,active,2026-10-11T00:15:00Z,2026-10-05T15:51:29+00:00
KXNFLTD-26OCT08TBDAL,KXNFLTD,KXNFLTD-26OCT08TBDAL-DALKTURPIN9-1,KaVontae Turpin: 1+ touchdowns,0.0900,0.1100,0.1100,17.70,17.70,active,2026-10-11T00:15:00Z,2026-10-05T15:51:29+00:00
KXNFLTD-26OCT08TBDAL,KXNFLTD,KXNFLTD-26OCT08TBDAL-DALJWILLIAMS33-2,Javonte Williams: 2+ touchdowns,0.2800,0.2900,0.2800,28.60,28.60,active,2026-10-11T00:15:00Z,2026-10-05T15:51:29+00:00
KXNFLTD-26OCT08TBDAL,KXNFLTD,KXNFLTD-26OCT08TBDAL-DALTGOODSON32-1,Tyler Goodson: 1+ touchdowns,0.1000,0.1300,0.0000,0.00,0.00,active,2026-10-11T00:15:00Z,2026-10-05T15:51:29+00:00
KXNFLTD-26OCT08TBDAL,KXNFLTD,KXNFLTD-26OCT08TBDAL-DALGPICKENS3-1,George Pickens: 1+ touchdowns,0.4300,0.4400,0.4400,2750.23,2750.23,active,2026-10-11T00:15:00Z,2026-10-05T15:51:29+00:00
KXNFLTD-26OCT08TBDAL,KXNFLTD,KXNFLTD-26OCT08TBDAL-DALCLAMB88-1,CeeDee Lamb: 1+ touchdowns,0.4900,0.5000,0.5000,1060.55,931.27,active,2026-10-11T00:15:00Z,2026-10-05T15:51:29+00:00
KXNFLTD-26OCT08TBDAL,KXNFLTD,KXNFLTD-26OCT08TBDAL-TBSTUCKER44-1,Sean Tucker: 1+ touchdowns,0.1500,0.1900,0.0000,0.00,0.00,active,2026-10-11T00:15:00Z,2026-10-05T15:51:29+00:00
KXNFLTD-26OCT08TBDAL,KXNFLTD,KXNFLTD-26OCT08TBDAL-DALJWILLIAMS33-1,Javonte Williams: 1+ touchdowns,0.6800,0.6900,0.6800,2999.23,2999.23,active,2026-10-11T00:15:00Z,2026-10-05T15:51:29+00:00
KXNFLTD-26OCT08TBDAL,KXNFLTD,KXNFLTD-26OCT08TBDAL-TBKGAINWELL1-1,Kenny Gainwell: 1+ touchdowns,0.1400,0.1700,0.0000,0.00,0.00,active,2026-10-11T00:15:00Z,2026-10-05T15:51:29+00:00
KXNFLTD-26OCT08TBDAL,KXNFLTD,KXNFLTD-26OCT08TBDAL-TBEEGBUKA2-1,Emeka Egbuka: 1+ touchdowns,0.2400,0.2600,0.2400,1150.00,1150.00,active,2026-10-11T00:15:00Z,2026-10-05T15:51:29+00:00
KXNFLTD-26OCT08TBDAL,KXNFLTD,KXNFLTD-26OCT08TBDAL-DALJFERGUSON87-1,Jake Ferguson: 1+ touchdowns,0.2800,0.2900,0.2900,19.61,19.61,active,2026-10-11T00:15:00Z,2026-10-05T15:51:29+00:00
KXNFLTD-26OCT08TBDAL,KXNFLTD,KXNFLTD-26OCT08TBDAL-TBTHURST17-1,Ted Hurst III: 1+ touchdowns,0.1400,0.1700,0.0000,0.00,0.00,active,2026-10-11T00:15:00Z,2026-10-05T15:51:29+00:00
KXNFLTD-26OCT08TBDAL,KXNFLTD,KXNFLTD-26OCT08TBDAL-TBBIRVING7-1,Bucky Irving: 1+ touchdowns,0.3100,0.3200,0.3200,1221.47,1221.47,active,2026-10-11T00:15:00Z,2026-10-05T15:51:29+00:00
KXNFLTD-26OCT08TBDAL,KXNFLTD,KXNFLTD-26OCT08TBDAL-TBJDANIELS10-2,Jalon Daniels: 2+ touchdowns,0.0200,0.0400,0.0000,0.00,0.00,active,2026-10-11T00:15:00Z,2026-10-05T15:51:29+00:00
KXNFLTD-26OCT08TBDAL,KXNFLTD,KXNFLTD-26OCT08TBDAL-TBCGODWIN14-1,Chris Godwin Jr.: 1+ touchdowns,0.1500,0.1600,0.1600,544.00,544.00,active,2026-10-11T00:15:00Z,2026-10-05T15:51:29+00:00
KXNFLTD-26OCT08TBDAL,KXNFLTD,KXNFLTD-26OCT08TBDAL-TBCOTTON88-1,Cade Otton: 1+ touchdowns,0.1300,0.1400,0.1400,79.00,79.00,active,2026-10-11T00:15:00Z,2026-10-05T15:51:29+00:00
KXNFLTD-26OCT08TBDAL,KXNFLTD,KXNFLTD-26OCT08TBDAL-TBTJOHNSON15-1,Tez Johnson: 1+ touchdowns,0.0900,0.1100,0.0000,0.00,0.00,active,2026-10-11T00:15:00Z,2026-10-05T15:51:29+00:00
KXNFLTD-26OCT08TBDAL,KXNFLTD,KXNFLTD-26OCT08TBDAL-TBEEGBUKA2-2,Emeka Egbuka: 2+ touchdowns,0.0200,0.0400,0.0100,235.56,117.78,active,2026-10-11T00:15:00Z,2026-10-05T15:51:29+00:00
KXNFLTD-26OCT08TBDAL,KXNFLTD,KXNFLTD-26OCT08TBDAL-DALCLAMB88-2,CeeDee Lamb: 2+ touchdowns,0.1200,0.1400,0.1300,212.48,212.48,active,2026-10-11T00:15:00Z,2026-10-05T15:51:29+00:00
KXNFLTD-26OCT08TBDAL,KXNFLTD,KXNFLTD-26OCT08TBDAL-DALJFERGUSON87-2,Jake Ferguson: 2+ touchdowns,0.0300,0.0500,0.0000,0.00,0.00,active,2026-10-11T00:15:00Z,2026-10-05T15:51:29+00:00
KXNFLRRYDS-26OCT05ATLNO,KXNFLRRYDS,KXNFLRRYDS-26OCT05ATLNO-ATLBROBINSON7-130,Bijan Robinson: 130+ rushing and receiving yards combined,0.5200,0.5300,0.5300,19581.58,19503.86,active,2026-10-08T00:15:00Z,2026-10-05T15:51:29+00:00
KXNFLRRYDS-26OCT05ATLNO,KXNFLRRYDS,KXNFLRRYDS-26OCT05ATLNO-NOAKAMARA41-60,Alvin Kamara: 60+ rushing and receiving yards combined,0.4400,0.4600,0.4400,9461.07,8219.21,active,2026-10-08T00:15:00Z,2026-10-05T15:51:29+00:00
KXNFLRRYDS-26OCT05ATLNO,KXNFLRRYDS,KXNFLRRYDS-26OCT05ATLNO-ATLBROBINSON7-155,Bijan Robinson: 155+ rushing and receiving yards combined,0.3200,0.3300,0.3300,4680.77,4545.70,active,2026-10-08T00:15:00Z,2026-10-05T15:51:29+00:00
KXNFLRRYDS-26OCT05ATLNO,KXNFLRRYDS,KXNFLRRYDS-26OCT05ATLNO-NOAKAMARA41-110,Alvin Kamara: 110+ rushing and receiving yards combined,0.0700,0.0900,0.0900,9657.76,9650.75,active,2026-10-08T00:15:00Z,2026-10-05T15:51:29+00:00
KXNFLRRYDS-26OCT05ATLNO,KXNFLRRYDS,KXNFLRRYDS-26OCT05ATLNO-ATLBROBINSON7-180,Bijan Robinson: 180+ rushing and receiving yards combined,0.1700,0.1800,0.1900,4588.61,4588.60,active,2026-10-08T00:15:00Z,2026-10-05T15:51:29+00:00
KXNFLRRYDS-26OCT05ATLNO,KXNFLRRYDS,KXNFLRRYDS-26OCT05ATLNO-NOAKAMARA41-85,Alvin Kamara: 85+ rushing and receiving yards combined,0.1800,0.1900,0.1900,4264.40,4020.40,active,2026-10-08T00:15:00Z,2026-10-05T15:51:29+00:00
KXNFLGAME-26OCT05ATLNO,KXNFLGAME,KXNFLGAME-26OCT05ATLNO-ATL,Atlanta wins,0.4700,0.4800,0.4800,1166100.56,1107897.30,active,2026-10-08T00:15:00Z,2026-10-05T15:51:29+00:00
KXNFLGAME-26OCT05ATLNO,KXNFLGAME,KXNFLGAME-26OCT05ATLNO-NO,New Orleans wins,0.5200,0.5300,0.5300,795966.39,719744.97,active,2026-10-08T00:15:00Z,2026-10-05T15:51:29+00:00
KXNFLGAME-26OCT08TBDAL,KXNFLGAME,KXNFLGAME-26OCT08TBDAL-TB,Tampa Bay wins,0.1700,0.1800,0.1800,191767.13,155184.92,active,2026-10-11T00:15:00Z,2026-10-05T15:51:29+00:00
KXNFLGAME-26OCT08TBDAL,KXNFLGAME,KXNFLGAME-26OCT08TBDAL-DAL,Dallas wins,0.8300,0.8400,0.8400,84399.35,73437.01,active,2026-10-11T00:15:00Z,2026-10-05T15:51:29+00:00
KXNFLGAME-26OCT11BALATL,KXNFLGAME,KXNFLGAME-26OCT11BALATL-BAL,Baltimore wins,0.6300,0.6400,0.6300,19993.26,17558.58,active,2026-10-14T00:20:00Z,2026-10-05T15:51:29+00:00
KXNFLGAME-26OCT11BALATL,KXNFLGAME,KXNFLGAME-26OCT11BALATL-ATL,Atlanta wins,0.3700,0.3800,0.3800,56982.00,39562.95,active,2026-10-14T00:20:00Z,2026-10-05T15:51:29+00:00
KXNFLGAME-26OCT11CHIGB,KXNFLGAME,KXNFLGAME-26OCT11CHIGB-GB,Green Bay wins,0.4200,0.4300,0.4300,19998.80,15836.16,active,2026-10-13T20:25:00Z,2026-10-05T15:51:29+00:00
KXNFLGAME-26OCT11CHIGB,KXNFLGAME,KXNFLGAME-26OCT11CHIGB-CHI,Chicago wins,0.5700,0.5900,0.5900,93280.89,84097.36,active,2026-10-13T20:25:00Z,2026-10-05T15:51:29+00:00
KXNFLGAME-26OCT11CINMIA,KXNFLGAME,KXNFLGAME-26OCT11CINMIA-MIA,Miami wins,0.2100,0.2300,0.2300,19905.94,15273.22,active,2026-10-13T17:00:00Z,2026-10-05T15:51:29+00:00
KXNFLGAME-26OCT11CINMIA,KXNFLGAME,KXNFLGAME-26OCT11CINMIA-CIN,Cincinnati wins,0.7700,0.7800,0.7700,33779.15,25712.57,active,2026-10-13T17:00:00Z,2026-10-05T15:51:29+00:00
KXNFLGAME-26OCT11CLENYJ,KXNFLGAME,KXNFLGAME-26OCT11CLENYJ-CLE,Cleveland wins,0.4500,0.4600,0.4600,37758.16,32290.00,active,2026-10-13T17:00:00Z,2026-10-05T15:51:29+00:00
KXNFLGAME-26OCT11CLENYJ,KXNFLGAME,KXNFLGAME-26OCT11CLENYJ-NYJ,New York J wins,0.5500,0.5600,0.5500,16506.31,14627.11,active,2026-10-13T17:00:00Z,2026-10-05T15:51:29+00:00
KXNFLGAME-26OCT11DENLAC,KXNFLGAME,KXNFLGAME-26OCT11DENLAC-DEN,Denver wins,0.6300,0.6400,0.6400,12790.89,10375.49,active,2026-10-13T20:05:00Z,2026-10-05T15:51:29+00:00
KXNFLGAME-26OCT11DENLAC,KXNFLGAME,KXNFLGAME-26OCT11DENLAC-LAC,Los Angeles C wins,0.3600,0.3800,0.3800,9575.11,7698.37,active,2026-10-13T20:05:00Z,2026-10-05T15:51:29+00:00
KXNFLGAME-26OCT11DETARI,KXNFLGAME,KXNFLGAME-26OCT11DETARI-DET,Detroit wins,0.6600,0.6700,0.6800,13791.17,7835.10,active,2026-10-13T20:25:00Z,2026-10-05T15:51:29+00:00
KXNFLGAME-26OCT11DETARI,KXNFLGAME,KXNFLGAME-26OCT11DETARI-ARI,Arizona wins,0.3300,0.3400,0.3400,7787.92,4718.32,active,2026-10-13T20:25:00Z,2026-10-05T15:51:29+00:00
KXNFLGAME-26OCT11HOUTEN,KXNFLGAME,KXNFLGAME-26OCT11HOUTEN-TEN,Tennessee wins,0.2500,0.2700,0.2700,20402.44,14784.13,active,2026-10-13T17:00:00Z,2026-10-05T15:51:29+00:00
KXNFLGAME-26OCT11HOUTEN,KXNFLGAME,KXNFLGAME-26OCT11HOUTEN-HOU,Houston wins,0.7300,0.7400,0.7400,16778.40,14861.94,active,2026-10-13T17:00:00Z,2026-10-05T15:51:29+00:00
KXNFLGAME-26OCT11INDPIT,KXNFLGAME,KXNFLGAME-26OCT11INDPIT-IND,Indianapolis wins,0.4400,0.4500,0.4500,5550.97,4808.45,active,2026-10-13T17:00:00Z,2026-10-05T15:51:29+00:00
KXNFLGAME-26OCT11INDPIT,KXNFLGAME,KXNFLGAME-26OCT11INDPIT-PIT,Pittsburgh wins,0.5600,0.5700,0.5700,18151.95,16994.45,active,2026-10-13T17:00:00Z,2026-10-05T15:51:29+00:00
KXNFLGAME-26OCT11LVNE,KXNFLGAME,KXNFLGAME-26OCT11LVNE-NE,New England wins,0.6200,0.6300,0.6300,25308.45,20363.01,active,2026-10-13T17:00:00Z,2026-10-05T15:51:29+00:00
KXNFLGAME-26OCT11LVNE,KXNFLGAME,KXNFLGAME-26OCT11LVNE-LV,Las Vegas wins,0.3700,0.3800,0.3800,170059.69,118043.48,active,2026-10-13T17:00:00Z,2026-10-05T15:51:29+00:00
KXNFLGAME-26OCT11MINNO,KXNFLGAME,KXNFLGAME-26OCT11MINNO-MIN,Minnesota wins,0.5100,0.5200,0.5200,43441.47,40123.13,active,2026-10-13T17:00:00Z,2026-10-05T15:51:29+00:00
KXNFLGAME-26OCT11MINNO,KXNFLGAME,KXNFLGAME-26OCT11MINNO-NO,New Orleans wins,0.4700,0.4900,0.4900,7309.42,6702.50,active,2026-10-13T17:00:00Z,2026-10-05T15:51:29+00:00
KXNFLGAME-26OCT11NYGWAS,KXNFLGAME,KXNFLGAME-26OCT11NYGWAS-NYG,New York G wins,0.3700,0.3800,0.3800,68270.03,63290.65,active,2026-10-13T17:00:00Z,2026-10-05T15:51:29+00:00
KXNFLGAME-26OCT11NYGWAS,KXNFLGAME,KXNFLGAME-26OCT11NYGWAS-WAS,Washington wins,0.6200,0.6300,0.6300,22879.96,20908.21,active,2026-10-13T17:00:00Z,2026-10-05T15:51:29+00:00
KXNFLGAME-26OCT11PHIJAC,KXNFLGAME,KXNFLGAME-26OCT11PHIJAC-JAC,Jacksonville wins,0.6600,0.6700,0.6700,58381.49,55233.99,active,2026-10-13T13:30:00Z,2026-10-05T15:51:29+00:00
KXNFLGAME-26OCT11PHIJAC,KXNFLGAME,KXNFLGAME-26OCT11PHIJAC-PHI,Philadelphia wins,0.3300,0.3400,0.3400,47850.00,40553.92,active,2026-10-13T13:30:00Z,2026-10-05T15:51:29+00:00
KXNFLGAME-26OCT11SFSEA,KXNFLGAME,KXNFLGAME-26OCT11SFSEA-SEA,Seattle wins,0.5800,0.5900,0.5900,83056.53,67761.58,active,2026-10-13T20:25:00Z,2026-10-05T15:51:29+00:00
KXNFLGAME-26OCT11SFSEA,KXNFLGAME,KXNFLGAME-26OCT11SFSEA-SF,San Francisco wins,0.4100,0.4200,0.4200,175468.74,124809.19,active,2026-10-13T20:25:00Z,2026-10-05T15:51:29+00:00
KXNFLGAME-26OCT12BUFLAR,KXNFLGAME,KXNFLGAME-26OCT12BUFLAR-LAR,Los Angeles R wins,0.5700,0.5800,0.5800,10500.11,9765.08,active,2026-10-15T00:15:00Z,2026-10-05T15:51:29+00:00
KXNFLGAME-26OCT12BUFLAR,KXNFLGAME,KXNFLGAME-26OCT12BUFLAR-BUF,Buffalo wins,0.4200,0.4300,0.4300,35193.40,29077.53,active,2026-10-15T00:15:00Z,2026-10-05T15:51:29+00:00
KXNFLSPREAD-26OCT05ATLNO,KXNFLSPREAD,KXNFLSPREAD-26OCT05ATLNO-NO11,NO Saints wins by over 10.5 points?,0.2000,0.2100,0.2000,1666.94,1666.94,active,2026-10-08T00:15:00Z,2026-10-05T15:51:29+00:00
KXNFLSPREAD-26OCT05ATLNO,KXNFLSPREAD,KXNFLSPREAD-26OCT05ATLNO-ATL2,ATL Falcons wins by over 1.5 points?,0.4400,0.4500,0.4500,14979.37,14977.19,active,2026-10-08T00:15:00Z,2026-10-05T15:51:29+00:00
KXNFLSPREAD-26OCT05ATLNO,KXNFLSPREAD,KXNFLSPREAD-26OCT05ATLNO-ATL14,ATL Falcons wins by over 13.5 points?,0.1200,0.1300,0.1300,887.14,750.14,active,2026-10-08T00:15:00Z,2026-10-05T15:51:29+00:00
KXNFLSPREAD-26OCT05ATLNO,KXNFLSPREAD,KXNFLSPREAD-26OCT05ATLNO-NO21,NO Saints wins by over 20.5 points?,0.0700,0.0800,0.0700,7733.18,7569.90,active,2026-10-08T00:15:00Z,2026-10-05T15:51:29+00:00
KXNFLSPREAD-26OCT05ATLNO,KXNFLSPREAD,KXNFLSPREAD-26OCT05ATLNO-NO10,NO Saints wins by over 9.5 points?,0.2200,0.2300,0.2300,1702.35,1430.62,active,2026-10-08T00:15:00Z,2026-10-05T15:51:29+00:00
KXNFLSPREAD-26OCT05ATLNO,KXNFLSPREAD,KXNFLSPREAD-26OCT05ATLNO-NO7,NO Saints wins by over 6.5 points?,0.3100,0.3200,0.3200,15881.15,15863.58,active,2026-10-08T00:15:00Z,2026-10-05T15:51:29+00:00
KXNFLSPREAD-26OCT05ATLNO,KXNFLSPREAD,KXNFLSPREAD-26OCT05ATLNO-ATL8,ATL Falcons wins by over 7.5 points?,0.2100,0.2200,0.2100,2626.08,2547.22,active,2026-10-08T00:15:00Z,2026-10-05T15:51:29+00:00
KXNFLSPREAD-26OCT05ATLNO,KXNFLSPREAD,KXNFLSPREAD-26OCT05ATLNO-ATL10,ATL Falcons wins by over 9.5 points?,0.1800,0.1900,0.1900,5011.06,4613.55,active,2026-10-08T00:15:00Z,2026-10-05T15:51:29+00:00
KXNFLSPREAD-26OCT05ATLNO,KXNFLSPREAD,KXNFLSPREAD-26OCT05ATLNO-ATL4,ATL Falcons wins by over 3.5 points?,0.3400,0.3600,0.3600,5627.40,5599.28,active,2026-10-08T00:15:00Z,2026-10-05T15:51:29+00:00
KXNFLSPREAD-26OCT05ATLNO,KXNFLSPREAD,KXNFLSPREAD-26OCT05ATLNO-NO8,NO Saints wins by over 7.5 points?,0.2500,0.2600,0.2600,3882.30,3852.00,active,2026-10-08T00:15:00Z,2026-10-05T15:51:29+00:00
KXNFLSPREAD-26OCT05ATLNO,KXNFLSPREAD,KXNFLSPREAD-26OCT05ATLNO-NO17,NO Saints wins by over 16.5 points?,0.1100,0.1200,0.1200,804.54,804.54,active,2026-10-08T00:15:00Z,2026-10-05T15:51:29+00:00
KXNFLSPREAD-26OCT05ATLNO,KXNFLSPREAD,KXNFLSPREAD-26OCT05ATLNO-NO6,NO Saints wins by over 5.5 points?,0.3400,0.3500,0.3500,4879.28,4635.20,active,2026-10-08T00:15:00Z,2026-10-05T15:51:29+00:00
KXNFLSPREAD-26OCT05ATLNO,KXNFLSPREAD,KXNFLSPREAD-26OCT05ATLNO-NO5,NO Saints wins by over 4.5 points?,0.3500,0.3600,0.3600,5421.61,3729.74,active,2026-10-08T00:15:00Z,2026-10-05T15:51:29+00:00
KXNFLSPREAD-26OCT05ATLNO,KXNFLSPREAD,KXNFLSPREAD-26OCT05ATLNO-ATL7,ATL Falcons wins by over 6.5 points?,0.2600,0.2700,0.2700,50153.37,49984.79,active,2026-10-08T00:15:00Z,2026-10-05T15:51:29+00:00
KXNFLSPREAD-26OCT05ATLNO,KXNFLSPREAD,KXNFLSPREAD-26OCT05ATLNO-ATL6,ATL Falcons wins by over 5.5 points?,0.3000,0.3100,0.3100,7449.03,7449.03,active,2026-10-08T00:15:00Z,2026-10-05T15:51:29+00:00
KXNFLSPREAD-26OCT05ATLNO,KXNFLSPREAD,KXNFLSPREAD-26OCT05ATLNO-NO4,NO Saints wins by over 3.5 points?,0.3800,0.3900,0.3800,46727.77,45057.88,active,2026-10-08T00:15:00Z,2026-10-05T15:51:29+00:00
KXNFLSPREAD-26OCT05ATLNO,KXNFLSPREAD,KXNFLSPREAD-26OCT05ATLNO-ATL5,ATL Falcons wins by over 4.5 points?,0.3100,0.3200,0.3200,810.54,810.54,active,2026-10-08T00:15:00Z,2026-10-05T15:51:29+00:00
KXNFLSPREAD-26OCT05ATLNO,KXNFLSPREAD,KXNFLSPREAD-26OCT05ATLNO-NO18,NO Saints wins by over 17.5 points?,0.0900,0.1000,0.0900,741.74,741.74,active,2026-10-08T00:15:00Z,2026-10-05T15:51:29+00:00
KXNFLSPREAD-26OCT05ATLNO,KXNFLSPREAD,KXNFLSPREAD-26OCT05ATLNO-NO3,NO Saints wins by over 2.5 points?,0.4600,0.4700,0.4700,131925.03,119111.60,active,2026-10-08T00:15:00Z,2026-10-05T15:51:29+00:00
KXNFLSPREAD-26OCT05ATLNO,KXNFLSPREAD,KXNFLSPREAD-26OCT05ATLNO-ATL3,ATL Falcons wins by over 2.5 points?,0.4200,0.4300,0.4300,20746.06,20477.72,active,2026-10-08T00:15:00Z,2026-10-05T15:51:29+00:00
KXNFLSPREAD-26OCT05ATLNO,KXNFLSPREAD,KXNFLSPREAD-26OCT05ATLNO-NO2,NO Saints wins by over 1.5 points?,0.4900,0.5000,0.5000,310179.47,244910.73,active,2026-10-08T00:15:00Z,2026-10-05T15:51:29+00:00
KXNFLSPREAD-26OCT05ATLNO,KXNFLSPREAD,KXNFLSPREAD-26OCT05ATLNO-ATL15,ATL Falcons wins by over 14.5 points?,0.1000,0.1100,0.1100,1908.50,1510.11,active,2026-10-08T00:15:00Z,2026-10-05T15:51:29+00:00
KXNFLSPREAD-26OCT05ATLNO,KXNFLSPREAD,KXNFLSPREAD-26OCT05ATLNO-NO15,NO Saints wins by over 14.5 points?,0.1300,0.1400,0.1300,592.54,592.54,active,2026-10-08T00:15:00Z,2026-10-05T15:51:29+00:00
KXNFLSPREAD-26OCT05ATLNO,KXNFLSPREAD,KXNFLSPREAD-26OCT05ATLNO-ATL11,ATL Falcons wins by over 10.5 points?,0.1500,0.1600,0.1500,1184.37,954.82,active,2026-10-08T00:15:00Z,2026-10-05T15:51:29+00:00
KXNFLSPREAD-26OCT05ATLNO,KXNFLSPREAD,KXNFLSPREAD-26OCT05ATLNO-NO14,NO Saints wins by over 13.5 points?,0.1500,0.1600,0.1500,5669.11,5578.23,active,2026-10-08T00:15:00Z,2026-10-05T15:51:29+00:00
KXNFLSPREAD-26OCT08TBDAL,KXNFLSPREAD,KXNFLSPREAD-26OCT08TBDAL-DAL18,DAL Cowboys wins by over 17.5 points?,0.2800,0.2900,0.2800,5426.65,4947.28,active,2026-10-11T00:15:00Z,2026-10-05T15:51:29+00:00
KXNFLSPREAD-26OCT08TBDAL,KXNFLSPREAD,KXNFLSPREAD-26OCT08TBDAL-DAL15,DAL Cowboys wins by over 14.5 points?,0.3600,0.3700,0.3600,135.73,135.73,active,2026-10-11T00:15:00Z,2026-10-05T15:51:29+00:00
KXNFLSPREAD-26OCT08TBDAL,KXNFLSPREAD,KXNFLSPREAD-26OCT08TBDAL-DAL14,DAL Cowboys wins by over 13.5 points?,0.4000,0.4100,0.4100,2787.00,2646.64,active,2026-10-11T00:15:00Z,2026-10-05T15:51:29+00:00
KXNFLSPREAD-26OCT08TBDAL,KXNFLSPREAD,KXNFLSPREAD-26OCT08TBDAL-TB7,TB Buccaneers wins by over 6.5 points?,0.0700,0.0800,0.0800,508.38,508.38,active,2026-10-11T00:15:00Z,2026-10-05T15:51:29+00:00
KXNFLSPREAD-26OCT08TBDAL,KXNFLSPREAD,KXNFLSPREAD-26OCT08TBDAL-TB10,TB Buccaneers wins by over 9.5 points?,0.0400,0.0500,0.0500,3755.26,3738.63,active,2026-10-11T00:15:00Z,2026-10-05T15:51:29+00:00
KXNFLSPREAD-26OCT08TBDAL,KXNFLSPREAD,KXNFLSPREAD-26OCT08TBDAL-TB11,TB Buccaneers wins by over 10.5 points?,0.0300,0.0400,0.0400,3565.23,3565.23,active,2026-10-11T00:15:00Z,2026-10-05T15:51:29+00:00
KXNFLSPREAD-26OCT08TBDAL,KXNFLSPREAD,KXNFLSPREAD-26OCT08TBDAL-DAL10,DAL Cowboys wins by over 9.5 points?,0.5100,0.5200,0.5200,7941.79,6577.70,active,2026-10-11T00:15:00Z,2026-10-05T15:51:29+00:00
KXNFLSPREAD-26OCT08TBDAL,KXNFLSPREAD,KXNFLSPREAD-26OCT08TBDAL-DAL4,DAL Cowboys wins by over 3.5 points?,0.7000,0.7100,0.7100,645.61,640.52,active,2026-10-11T00:15:00Z,2026-10-05T15:51:29+00:00
KXNFLSPREAD-26OCT08TBDAL,KXNFLSPREAD,KXNFLSPREAD-26OCT08TBDAL-DAL3,DAL Cowboys wins by over 2.5 points?,0.7700,0.7800,0.7900,429.13,230.15,active,2026-10-11T00:15:00Z,2026-10-05T15:51:29+00:00
KXNFLSPREAD-26OCT08TBDAL,KXNFLSPREAD,KXNFLSPREAD-26OCT08TBDAL-TB14,TB Buccaneers wins by over 13.5 points?,0.0300,0.0400,0.0300,112.09,112.09,active,2026-10-11T00:15:00Z,2026-10-05T15:51:29+00:00
KXNFLSPREAD-26OCT08TBDAL,KXNFLSPREAD,KXNFLSPREAD-26OCT08TBDAL-DAL11,DAL Cowboys wins by over 10.5 points?,0.4600,0.4700,0.4700,5442.26,5175.69,active,2026-10-11T00:15:00Z,2026-10-05T15:51:29+00:00
KXNFLSPREAD-26OCT08TBDAL,KXNFLSPREAD,KXNFLSPREAD-26OCT08TBDAL-DAL5,DAL Cowboys wins by over 4.5 points?,0.6800,0.6900,0.6900,75.44,56.44,active,2026-10-11T00:15:00Z,2026-10-05T15:51:29+00:00
KXNFLSPREAD-26OCT08TBDAL,KXNFLSPREAD,KXNFLSPREAD-26OCT08TBDAL-TB6,TB Buccaneers wins by over 5.5 points?,0.0800,0.0900,0.0000,0.00,0.00,active,2026-10-11T00:15:00Z,2026-10-05T15:51:29+00:00
KXNFLSPREAD-26OCT08TBDAL,KXNFLSPREAD,KXNFLSPREAD-26OCT08TBDAL-TB4,TB Buccaneers wins by over 3.5 points?,0.1000,0.1100,0.1000,316.21,262.05,active,2026-10-11T00:15:00Z,2026-10-05T15:51:29+00:00
KXNFLSPREAD-26OCT08TBDAL,KXNFLSPREAD,KXNFLSPREAD-26OCT08TBDAL-DAL7,DAL Cowboys wins by over 6.5 points?,0.6300,0.6400,0.6400,6495.86,6364.99,active,2026-10-11T00:15:00Z,2026-10-05T15:51:29+00:00
KXNFLSPREAD-26OCT08TBDAL,KXNFLSPREAD,KXNFLSPREAD-26OCT08TBDAL-DAL28,DAL Cowboys wins by over 27.5 points?,0.1000,0.1100,0.1100,167.44,167.44,active,2026-10-11T00:15:00Z,2026-10-05T15:51:29+00:00
KXNFLSPREAD-26OCT08TBDAL,KXNFLSPREAD,KXNFLSPREAD-26OCT08TBDAL-TB8,TB Buccaneers wins by over 7.5 points?,0.0400,0.0600,0.0000,0.00,0.00,active,2026-10-11T00:15:00Z,2026-10-05T15:51:29+00:00
KXNFLSPREAD-26OCT08TBDAL,KXNFLSPREAD,KXNFLSPREAD-26OCT08TBDAL-TB2,TB Buccaneers wins by over 1.5 points?,0.1500,0.1600,0.1600,1180.36,1058.36,active,2026-10-11T00:15:00Z,2026-10-05T15:51:29+00:00
KXNFLSPREAD-26OCT08TBDAL,KXNFLSPREAD,KXNFLSPREAD-26OCT08TBDAL-DAL2,DAL Cowboys wins by over 1.5 points?,0.8000,0.8100,0.8100,525.13,249.12,active,2026-10-11T00:15:00Z,2026-10-05T15:51:29+00:00
KXNFLSPREAD-26OCT08TBDAL,KXNFLSPREAD,KXNFLSPREAD-26OCT08TBDAL-DAL21,DAL Cowboys wins by over 20.5 points?,0.2200,0.2300,0.2100,1214.31,1144.31,active,2026-10-11T00:15:00Z,2026-10-05T15:51:29+00:00
KXNFLSPREAD-26OCT08TBDAL,KXNFLSPREAD,KXNFLSPREAD-26OCT08TBDAL-DAL8,DAL Cowboys wins by over 7.5 points?,0.5500,0.5600,0.5600,5025.56,2846.49,active,2026-10-11T00:15:00Z,2026-10-05T15:51:29+00:00
KXNFLSPREAD-26OCT08TBDAL,KXNFLSPREAD,KXNFLSPREAD-26OCT08TBDAL-TB3,TB Buccaneers wins by over 2.5 points?,0.1400,0.1500,0.1500,247.00,247.00,active,2026-10-11T00:15:00Z,2026-10-05T15:51:29+00:00
KXNFLSPREAD-26OCT08TBDAL,KXNFLSPREAD,KXNFLSPREAD-26OCT08TBDAL-DAL17,DAL Cowboys wins by over 16.5 points?,0.3100,0.3200,0.3200,1605.60,1286.23,active,2026-10-11T00:15:00Z,2026-10-05T15:51:29+00:00
KXNFLSPREAD-26OCT08TBDAL,KXNFLSPREAD,KXNFLSPREAD-26OCT08TBDAL-TB15,TB Buccaneers wins by over 14.5 points?,0.0200,0.0300,0.0300,973.66,693.64,active,2026-10-11T00:15:00Z,2026-10-05T15:51:29+00:00
KXNFLSPREAD-26OCT08TBDAL,KXNFLSPREAD,KXNFLSPREAD-26OCT08TBDAL-DAL24,DAL Cowboys wins by over 23.5 points?,0.1500,0.1800,0.0000,0.00,0.00,active,2026-10-11T00:15:00Z,2026-10-05T15:51:29+00:00
KXNFLSPREAD-26OCT08TBDAL,KXNFLSPREAD,KXNFLSPREAD-26OCT08TBDAL-DAL6,DAL Cowboys wins by over 5.5 points?,0.6400,0.6500,0.6600,6188.56,6069.28,active,2026-10-11T00:15:00Z,2026-10-05T15:51:29+00:00
KXNFLSPREAD-26OCT08TBDAL,KXNFLSPREAD,KXNFLSPREAD-26OCT08TBDAL-TB5,TB Buccaneers wins by over 4.5 points?,0.0800,0.1000,0.0000,0.00,0.00,active,2026-10-11T00:15:00Z,2026-10-05T15:51:29+00:00
KXNFLSPREAD-26OCT11BALATL,KXNFLSPREAD,KXNFLSPREAD-26OCT11BALATL-BAL21,BAL Ravens wins by over 20.5 points?,0.1200,0.1300,0.0000,0.00,0.00,active,2026-10-14T00:20:00Z,2026-10-05T15:51:29+00:00
KXNFLSPREAD-26OCT11BALATL,KXNFLSPREAD,KXNFLSPREAD-26OCT11BALATL-BAL18,BAL Ravens wins by over 17.5 points?,0.1500,0.1700,0.0000,0.00,0.00,active,2026-10-14T00:20:00Z,2026-10-05T15:51:29+00:00
KXNFLSPREAD-26OCT11BALATL,KXNFLSPREAD,KXNFLSPREAD-26OCT11BALATL-ATL5,ATL Falcons wins by over 4.5 points?,0.2200,0.2500,0.0000,0.00,0.00,active,2026-10-14T00:20:00Z,2026-10-05T15:51:29+00:00
KXNFLSPREAD-26OCT11BALATL,KXNFLSPREAD,KXNFLSPREAD-26OCT11BALATL-ATL4,ATL Falcons wins by over 3.5 points?,0.2500,0.2800,0.0000,0.00,0.00,active,2026-10-14T00:20:00Z,2026-10-05T15:51:29+00:00
KXNFLSPREAD-26OCT11BALATL,KXNFLSPREAD,KXNFLSPREAD-26OCT11BALATL-ATL2,ATL Falcons wins by over 1.5 points?,0.3300,0.3500,0.0000,0.00,0.00,active,2026-10-14T00:20:00Z,2026-10-05T15:51:29+00:00
KXNFLSPREAD-26OCT11BALATL,KXNFLSPREAD,KXNFLSPREAD-26OCT11BALATL-ATL6,ATL Falcons wins by over 5.5 points?,0.2100,0.2400,0.0000,0.00,0.00,active,2026-10-14T00:20:00Z,2026-10-05T15:51:29+00:00
KXNFLSPREAD-26OCT11BALATL,KXNFLSPREAD,KXNFLSPREAD-26OCT11BALATL-BAL14,BAL Ravens wins by over 13.5 points?,0.2200,0.2300,0.0000,0.00,0.00,active,2026-10-14T00:20:00Z,2026-10-05T15:51:29+00:00
KXNFLSPREAD-26OCT11BALATL,KXNFLSPREAD,KXNFLSPREAD-26OCT11BALATL-ATL7,ATL Falcons wins by over 6.5 points?,0.2000,0.2100,0.2500,19.49,19.49,active,2026-10-14T00:20:00Z,2026-10-05T15:51:29+00:00
KXNFLSPREAD-26OCT11BALATL,KXNFLSPREAD,KXNFLSPREAD-26OCT11BALATL-ATL3,ATL Falcons wins by over 2.5 points?,0.3100,0.3300,0.3300,14.47,14.47,active,2026-10-14T00:20:00Z,2026-10-05T15:51:29+00:00
KXNFLSPREAD-26OCT11BALATL,KXNFLSPREAD,KXNFLSPREAD-26OCT11BALATL-BAL3,BAL Ravens wins by over 2.5 points?,0.5400,0.5600,0.5500,24.06,24.06,active,2026-10-14T00:20:00Z,2026-10-05T15:51:29+00:00
KXNFLSPREAD-26OCT11BALATL,KXNFLSPREAD,KXNFLSPREAD-26OCT11BALATL-BAL10,BAL Ravens wins by over 9.5 points?,0.3000,0.3100,0.0000,0.00,0.00,active,2026-10-14T00:20:00Z,2026-10-05T15:51:29+00:00
KXNFLSPREAD-26OCT11BALATL,KXNFLSPREAD,KXNFLSPREAD-26OCT11BALATL-BAL2,BAL Ravens wins by over 1.5 points?,0.5800,0.6000,0.0000,0.00,0.00,active,2026-10-14T00:20:00Z,2026-10-05T15:51:29+00:00
KXNFLSPREAD-26OCT11BALATL,KXNFLSPREAD,KXNFLSPREAD-26OCT11BALATL-BAL11,BAL Ravens wins by over 10.5 points?,0.2700,0.2800,0.0000,0.00,0.00,active,2026-10-14T00:20:00Z,2026-10-05T15:51:29+00:00
KXNFLSPREAD-26OCT11BALATL,KXNFLSPREAD,KXNFLSPREAD-26OCT11BALATL-ATL15,ATL Falcons wins by over 14.5 points?,0.0600,0.1000,0.0000,0.00,0.00,active,2026-10-14T00:20:00Z,2026-10-05T15:51:29+00:00
KXNFLSPREAD-26OCT11BALATL,KXNFLSPREAD,KXNFLSPREAD-26OCT11BALATL-ATL8,ATL Falcons wins by over 7.5 points?,0.1300,0.1800,0.0000,0.00,0.00,active,2026-10-14T00:20:00Z,2026-10-05T15:51:29+00:00
KXNFLSPREAD-26OCT11BALATL,KXNFLSPREAD,KXNFLSPREAD-26OCT11BALATL-BAL17,BAL Ravens wins by over 16.5 points?,0.1800,0.1900,0.0000,0.00,0.00,active,2026-10-14T00:20:00Z,2026-10-05T15:51:29+00:00
KXNFLSPREAD-26OCT11BALATL,KXNFLSPREAD,KXNFLSPREAD-26OCT11BALATL-BAL4,BAL Ravens wins by over 3.5 points?,0.4700,0.4800,0.4700,2691.56,2333.76,active,2026-10-14T00:20:00Z,2026-10-05T15:51:29+00:00
KXNFLSPREAD-26OCT11BALATL,KXNFLSPREAD,KXNFLSPREAD-26OCT11BALATL-BAL15,BAL Ravens wins by over 14.5 points?,0.1900,0.2200,0.0000,0.00,0.00,active,2026-10-14T00:20:00Z,2026-10-05T15:51:29+00:00
KXNFLSPREAD-26OCT11BALATL,KXNFLSPREAD,KXNFLSPREAD-26OCT11BALATL-BAL5,BAL Ravens wins by over 4.5 points?,0.4500,0.4600,0.4700,103.92,101.96,active,2026-10-14T00:20:00Z,2026-10-05T15:51:29+00:00
KXNFLSPREAD-26OCT11BALATL,KXNFLSPREAD,KXNFLSPREAD-26OCT11BALATL-BAL6,BAL Ravens wins by over 5.5 points?,0.4200,0.4400,0.0000,0.00,0.00,active,2026-10-14T00:20:00Z,2026-10-05T15:51:29+00:00
KXNFLSPREAD-26OCT11BALATL,KXNFLSPREAD,KXNFLSPREAD-26OCT11BALATL-ATL11,ATL Falcons wins by over 10.5 points?,0.1000,0.1500,0.0000,0.00,0.00,active,2026-10-14T00:20:00Z,2026-10-05T15:51:29+00:00
KXNFLSPREAD-26OCT11BALATL,KXNFLSPREAD,KXNFLSPREAD-26OCT11BALATL-ATL10,ATL Falcons wins by over 9.5 points?,0.1200,0.1500,0.1900,25.65,25.65,active,2026-10-14T00:20:00Z,2026-10-05T15:51:29+00:00
KXNFLSPREAD-26OCT11BALATL,KXNFLSPREAD,KXNFLSPREAD-26OCT11BALATL-BAL7,BAL Ravens wins by over 6.5 points?,0.3900,0.4100,0.4200,22.88,22.88,active,2026-10-14T00:20:00Z,2026-10-05T15:51:29+00:00
KXNFLSPREAD-26OCT11BALATL,KXNFLSPREAD,KXNFLSPREAD-26OCT11BALATL-BAL8,BAL Ravens wins by over 7.5 points?,0.3300,0.3500,0.0000,0.00,0.00,active,2026-10-14T00:20:00Z,2026-10-05T15:51:29+00:00
KXNFLSPREAD-26OCT11BALATL,KXNFLSPREAD,KXNFLSPREAD-26OCT11BALATL-ATL14,ATL Falcons wins by over 13.5 points?,0.0800,0.1000,0.1600,30.58,30.58,active,2026-10-14T00:20:00Z,2026-10-05T15:51:29+00:00
KXNFLSPREAD-26OCT11CINMIA,KXNFLSPREAD,KXNFLSPREAD-26OCT11CINMIA-MIA7,MIA Dolphins wins by over 6.5 points?,0.0900,0.1200,0.0000,0.00,0.00,active,2026-10-13T17:00:00Z,2026-10-05T15:51:29+00:00
KXNFLSPREAD-26OCT11CINMIA,KXNFLSPREAD,KXNFLSPREAD-26OCT11CINMIA-CIN17,CIN Bengals wins by over 16.5 points?,0.2800,0.2900,0.2800,1200.00,1200.00,active,2026-10-13T17:00:00Z,2026-10-05T15:51:29+00:00
KXNFLSPREAD-26OCT11CINMIA,KXNFLSPREAD,KXNFLSPREAD-26OCT11CINMIA-CIN4,CIN Bengals wins by over 3.5 points?,0.6400,0.6600,0.0000,0.00,0.00,active,2026-10-13T17:00:00Z,2026-10-05T15:51:29+00:00
KXNFLSPREAD-26OCT11CINMIA,KXNFLSPREAD,KXNFLSPREAD-26OCT11CINMIA-CIN8,CIN Bengals wins by over 7.5 points?,0.4900,0.5000,0.5000,2859.48,2817.39,active,2026-10-13T17:00:00Z,2026-10-05T15:51:29+00:00
KXNFLSPREAD-26OCT11CINMIA,KXNFLSPREAD,KXNFLSPREAD-26OCT11CINMIA-MIA6,MIA Dolphins wins by over 5.5 points?,0.1000,0.1300,0.0000,0.00,0.00,active,2026-10-13T17:00:00Z,2026-10-05T15:51:29+00:00
KXNFLSPREAD-26OCT11CINMIA,KXNFLSPREAD,KXNFLSPREAD-26OCT11CINMIA-CIN11,CIN Bengals wins by over 10.5 points?,0.4100,0.4300,0.0000,0.00,0.00,active,2026-10-13T17:00:00Z,2026-10-05T15:51:29+00:00
KXNFLSPREAD-26OCT11CINMIA,KXNFLSPREAD,KXNFLSPREAD-26OCT11CINMIA-CIN5,CIN Bengals wins by over 4.5 points?,0.6100,0.6200,0.6300,1562.08,378.00,active,2026-10-13T17:00:00Z,2026-10-05T15:51:29+00:00
KXNFLSPREAD-26OCT11CINMIA,KXNFLSPREAD,KXNFLSPREAD-26OCT11CINMIA-MIA5,MIA Dolphins wins by over 4.5 points?,0.1100,0.1400,0.0000,0.00,0.00,active,2026-10-13T17:00:00Z,2026-10-05T15:51:29+00:00
KXNFLSPREAD-26OCT11CINMIA,KXNFLSPREAD,KXNFLSPREAD-26OCT11CINMIA-CIN15,CIN Bengals wins by over 14.5 points?,0.3200,0.3300,0.2400,1.32,1.32,active,2026-10-13T17:00:00Z,2026-10-05T15:51:29+00:00
KXNFLSPREAD-26OCT11CINMIA,KXNFLSPREAD,KXNFLSPREAD-26OCT11CINMIA-MIA10,MIA Dolphins wins by over 9.5 points?,0.0500,0.0800,0.0000,0.00,0.00,active,2026-10-13T17:00:00Z,2026-10-05T15:51:29+00:00
KXNFLSPREAD-26OCT11CINMIA,KXNFLSPREAD,KXNFLSPREAD-26OCT11CINMIA-MIA3,MIA Dolphins wins by over 2.5 points?,0.1800,0.2000,0.0000,0.00,0.00,active,2026-10-13T17:00:00Z,2026-10-05T15:51:29+00:00
KXNFLSPREAD-26OCT11CINMIA,KXNFLSPREAD,KXNFLSPREAD-26OCT11CINMIA-MIA11,MIA Dolphins wins by over 10.5 points?,0.0400,0.0700,0.0000,0.00,0.00,active,2026-10-13T17:00:00Z,2026-10-05T15:51:29+00:00
KXNFLSPREAD-26OCT11CINMIA,KXNFLSPREAD,KXNFLSPREAD-26OCT11CINMIA-MIA8,MIA Dolphins wins by over 7.5 points?,0.0600,0.0900,0.0000,0.00,0.00,active,2026-10-13T17:00:00Z,2026-10-05T15:51:29+00:00
KXNFLSPREAD-26OCT11CINMIA,KXNFLSPREAD,KXNFLSPREAD-26OCT11CINMIA-CIN6,CIN Bengals wins by over 5.5 points?,0.5900,0.6000,0.4600,18.00,18.00,active,2026-10-13T17:00:00Z,2026-10-05T15:51:29+00:00
KXNFLSPREAD-26OCT11CINMIA,KXNFLSPREAD,KXNFLSPREAD-26OCT11CINMIA-CIN24,CIN Bengals wins by over 23.5 points?,0.1400,0.1600,0.0000,0.00,0.00,active,2026-10-13T17:00:00Z,2026-10-05T15:51:29+00:00
KXNFLSPREAD-26OCT11CINMIA,KXNFLSPREAD,KXNFLSPREAD-26OCT11CINMIA-CIN3,CIN Bengals wins by over 2.5 points?,0.7100,0.7300,0.7100,5.00,5.00,active,2026-10-13T17:00:00Z,2026-10-05T15:51:29+00:00
KXNFLSPREAD-26OCT11CINMIA,KXNFLSPREAD,KXNFLSPREAD-26OCT11CINMIA-CIN2,CIN Bengals wins by over 1.5 points?,0.7300,0.7500,0.7300,5.00,5.00,active,2026-10-13T17:00:00Z,2026-10-05T15:51:29+00:00
KXNFLSPREAD-26OCT11CINMIA,KXNFLSPREAD,KXNFLSPREAD-26OCT11CINMIA-CIN7,CIN Bengals wins by over 6.5 points?,0.5600,0.5700,0.5700,1761.42,869.99,active,2026-10-13T17:00:00Z,2026-10-05T15:51:29+00:00
KXNFLSPREAD-26OCT11CINMIA,KXNFLSPREAD,KXNFLSPREAD-26OCT11CINMIA-CIN21,CIN Bengals wins by over 20.5 points?,0.2000,0.2100,0.0000,0.00,0.00,active,2026-10-13T17:00:00Z,2026-10-05T15:51:29+00:00
KXNFLSPREAD-26OCT11CINMIA,KXNFLSPREAD,KXNFLSPREAD-26OCT11CINMIA-CIN14,CIN Bengals wins by over 13.5 points?,0.3500,0.3700,0.0000,0.00,0.00,active,2026-10-13T17:00:00Z,2026-10-05T15:51:29+00:00
KXNFLSPREAD-26OCT11CINMIA,KXNFLSPREAD,KXNFLSPREAD-26OCT11CINMIA-CIN28,CIN Bengals wins by over 27.5 points?,0.0800,0.1000,0.0900,223.30,187.23,active,2026-10-13T17:00:00Z,2026-10-05T15:51:29+00:00
KXNFLSPREAD-26OCT11CINMIA,KXNFLSPREAD,KXNFLSPREAD-26OCT11CINMIA-CIN18,CIN Bengals wins by over 17.5 points?,0.2600,0.2700,0.2600,716.28,716.28,active,2026-10-13T17:00:00Z,2026-10-05T15:51:29+00:00
KXNFLSPREAD-26OCT11CINMIA,KXNFLSPREAD,KXNFLSPREAD-26OCT11CINMIA-MIA2,MIA Dolphins wins by over 1.5 points?,0.2000,0.2100,0.2300,1000.00,200.00,active,2026-10-13T17:00:00Z,2026-10-05T15:51:29+00:00
KXNFLSPREAD-26OCT11CINMIA,KXNFLSPREAD,KXNFLSPREAD-26OCT11CINMIA-MIA14,MIA Dolphins wins by over 13.5 points?,0.0300,0.0600,0.0000,0.00,0.00,active,2026-10-13T17:00:00Z,2026-10-05T15:51:29+00:00
KXNFLSPREAD-26OCT11CINMIA,KXNFLSPREAD,KXNFLSPREAD-26OCT11CINMIA-MIA15,MIA Dolphins wins by over 14.5 points?,0.0300,0.0500,0.0000,0.00,0.00,active,2026-10-13T17:00:00Z,2026-10-05T15:51:29+00:00
KXNFLSPREAD-26OCT11CINMIA,KXNFLSPREAD,KXNFLSPREAD-26OCT11CINMIA-MIA4,MIA Dolphins wins by over 3.5 points?,0.1300,0.1600,0.0000,0.00,0.00,active,2026-10-13T17:00:00Z,2026-10-05T15:51:29+00:00
KXNFLSPREAD-26OCT11CINMIA,KXNFLSPREAD,KXNFLSPREAD-26OCT11CINMIA-CIN10,CIN Bengals wins by over 9.5 points?,0.4600,0.4700,0.4700,186.63,176.36,active,2026-10-13T17:00:00Z,2026-10-05T15:51:29+00:00
KXNFLSPREAD-26OCT11CLENYJ,KXNFLSPREAD,KXNFLSPREAD-26OCT11CLENYJ-NYJ17,NY Jets wins by over 16.5 points?,0.1100,0.1600,0.0000,0.00,0.00,active,2026-10-13T17:00:00Z,2026-10-05T15:51:29+00:00
KXNFLSPREAD-26OCT11CLENYJ,KXNFLSPREAD,KXNFLSPREAD-26OCT11CLENYJ-CLE6,CLE Browns wins by over 5.5 points?,0.2800,0.3000,0.0000,0.00,0.00,active,2026-10-13T17:00:00Z,2026-10-05T15:51:29+00:00
KXNFLSPREAD-26OCT11CLENYJ,KXNFLSPREAD,KXNFLSPREAD-26OCT11CLENYJ-NYJ5,NY Jets wins by over 4.5 points?,0.3700,0.3900,0.0000,0.00,0.00,active,2026-10-13T17:00:00Z,2026-10-05T15:51:29+00:00
KXNFLSPREAD-26OCT11CLENYJ,KXNFLSPREAD,KXNFLSPREAD-26OCT11CLENYJ-NYJ7,NY Jets wins by over 6.5 points?,0.3100,0.3400,0.0000,0.00,0.00,active,2026-10-13T17:00:00Z,2026-10-05T15:51:29+00:00
KXNFLSPREAD-26OCT11CLENYJ,KXNFLSPREAD,KXNFLSPREAD-26OCT11CLENYJ-NYJ4,NY Jets wins by over 3.5 points?,0.4000,0.4200,0.4000,342.67,162.67,active,2026-10-13T17:00:00Z,2026-10-05T15:51:29+00:00
KXNFLSPREAD-26OCT11CLENYJ,KXNFLSPREAD,KXNFLSPREAD-26OCT11CLENYJ-CLE7,CLE Browns wins by over 6.5 points?,0.2500,0.2700,0.3000,9.59,9.59,active,2026-10-13T17:00:00Z,2026-10-05T15:51:29+00:00
KXNFLSPREAD-26OCT11CLENYJ,KXNFLSPREAD,KXNFLSPREAD-26OCT11CLENYJ-CLE5,CLE Browns wins by over 4.5 points?,0.3000,0.3200,0.0000,0.00,0.00,active,2026-10-13T17:00:00Z,2026-10-05T15:51:29+00:00
KXNFLSPREAD-26OCT11CLENYJ,KXNFLSPREAD,KXNFLSPREAD-26OCT11CLENYJ-CLE11,CLE Browns wins by over 10.5 points?,0.1300,0.1800,0.0000,0.00,0.00,active,2026-10-13T17:00:00Z,2026-10-05T15:51:29+00:00
KXNFLSPREAD-26OCT11CLENYJ,KXNFLSPREAD,KXNFLSPREAD-26OCT11CLENYJ-CLE15,CLE Browns wins by over 14.5 points?,0.0800,0.1300,0.0000,0.00,0.00,active,2026-10-13T17:00:00Z,2026-10-05T15:51:29+00:00
KXNFLSPREAD-26OCT11CLENYJ,KXNFLSPREAD,KXNFLSPREAD-26OCT11CLENYJ-CLE17,CLE Browns wins by over 16.5 points?,0.0700,0.1100,0.0000,0.00,0.00,active,2026-10-13T17:00:00Z,2026-10-05T15:51:29+00:00
KXNFLSPREAD-26OCT11CLENYJ,KXNFLSPREAD,KXNFLSPREAD-26OCT11CLENYJ-NYJ8,NY Jets wins by over 7.5 points?,0.2700,0.2900,0.0000,0.00,0.00,active,2026-10-13T17:00:00Z,2026-10-05T15:51:29+00:00
KXNFLSPREAD-26OCT11CLENYJ,KXNFLSPREAD,KXNFLSPREAD-26OCT11CLENYJ-NYJ2,NY Jets wins by over 1.5 points?,0.5000,0.5100,0.5100,2467.38,1419.04,active,2026-10-13T17:00:00Z,2026-10-05T15:51:29+00:00
KXNFLSPREAD-26OCT11CLENYJ,KXNFLSPREAD,KXNFLSPREAD-26OCT11CLENYJ-CLE3,CLE Browns wins by over 2.5 points?,0.4000,0.4200,0.4200,233.04,233.04,active,2026-10-13T17:00:00Z,2026-10-05T15:51:29+00:00
KXNFLSPREAD-26OCT11CLENYJ,KXNFLSPREAD,KXNFLSPREAD-26OCT11CLENYJ-NYJ10,NY Jets wins by over 9.5 points?,0.2400,0.2700,0.2500,80.00,80.00,active,2026-10-13T17:00:00Z,2026-10-05T15:51:29+00:00
KXNFLSPREAD-26OCT11CLENYJ,KXNFLSPREAD,KXNFLSPREAD-26OCT11CLENYJ-NYJ6,NY Jets wins by over 5.5 points?,0.3500,0.3700,0.0000,0.00,0.00,active,2026-10-13T17:00:00Z,2026-10-05T15:51:29+00:00
KXNFLSPREAD-26OCT11CLENYJ,KXNFLSPREAD,KXNFLSPREAD-26OCT11CLENYJ-NYJ14,NY Jets wins by over 13.5 points?,0.1600,0.1900,0.1900,47.57,47.57,active,2026-10-13T17:00:00Z,2026-10-05T15:51:29+00:00
KXNFLSPREAD-26OCT11CLENYJ,KXNFLSPREAD,KXNFLSPREAD-26OCT11CLENYJ-CLE10,CLE Browns wins by over 9.5 points?,0.1600,0.2000,0.0000,0.00,0.00,active,2026-10-13T17:00:00Z,2026-10-05T15:51:29+00:00
KXNFLSPREAD-26OCT11CLENYJ,KXNFLSPREAD,KXNFLSPREAD-26OCT11CLENYJ-CLE8,CLE Browns wins by over 7.5 points?,0.2100,0.2300,0.0000,0.00,0.00,active,2026-10-13T17:00:00Z,2026-10-05T15:51:29+00:00
KXNFLSPREAD-26OCT11CLENYJ,KXNFLSPREAD,KXNFLSPREAD-26OCT11CLENYJ-CLE14,CLE Browns wins by over 13.5 points?,0.1000,0.1500,0.0000,0.00,0.00,active,2026-10-13T17:00:00Z,2026-10-05T15:51:29+00:00
KXNFLSPREAD-26OCT11CLENYJ,KXNFLSPREAD,KXNFLSPREAD-26OCT11CLENYJ-CLE4,CLE Browns wins by over 3.5 points?,0.3300,0.3500,0.0000,0.00,0.00,active,2026-10-13T17:00:00Z,2026-10-05T15:51:29+00:00
KXNFLSPREAD-26OCT11CLENYJ,KXNFLSPREAD,KXNFLSPREAD-26OCT11CLENYJ-NYJ3,NY Jets wins by over 2.5 points?,0.4700,0.4800,0.4700,701.89,641.76,active,2026-10-13T17:00:00Z,2026-10-05T15:51:29+00:00
KXNFLSPREAD-26OCT11CLENYJ,KXNFLSPREAD,KXNFLSPREAD-26OCT11CLENYJ-CLE2,CLE Browns wins by over 1.5 points?,0.4200,0.4300,0.4600,5.23,5.23,active,2026-10-13T17:00:00Z,2026-10-05T15:51:29+00:00
KXNFLSPREAD-26OCT11CLENYJ,KXNFLSPREAD,KXNFLSPREAD-26OCT11CLENYJ-NYJ15,NY Jets wins by over 14.5 points?,0.1400,0.1700,0.1300,1.13,1.13,active,2026-10-13T17:00:00Z,2026-10-05T15:51:29+00:00
KXNFLSPREAD-26OCT11CLENYJ,KXNFLSPREAD,KXNFLSPREAD-26OCT11CLENYJ-NYJ11,NY Jets wins by over 10.5 points?,0.2100,0.2500,0.0000,0.00,0.00,active,2026-10-13T17:00:00Z,2026-10-05T15:51:29+00:00
KXNFLSPREAD-26OCT11DENLAC,KXNFLSPREAD,KXNFLSPREAD-26OCT11DENLAC-DEN10,DEN Broncos wins by over 9.5 points?,0.2900,0.3400,0.0000,0.00,0.00,active,2026-10-13T20:05:00Z,2026-10-05T15:51:29+00:00
KXNFLSPREAD-26OCT11DENLAC,KXNFLSPREAD,KXNFLSPREAD-26OCT11DENLAC-LAC2,LA Chargers wins by over 1.5 points?,0.3200,0.3600,0.0000,0.00,0.00,active,2026-10-13T20:05:00Z,2026-10-05T15:51:29+00:00
KXNFLSPREAD-26OCT11DENLAC,KXNFLSPREAD,KXNFLSPREAD-26OCT11DENLAC-DEN21,DEN Broncos wins by over 20.5 points?,0.1000,0.1500,0.0000,0.00,0.00,active,2026-10-13T20:05:00Z,2026-10-05T15:51:29+00:00
KXNFLSPREAD-26OCT11DENLAC,KXNFLSPREAD,KXNFLSPREAD-26OCT11DENLAC-LAC3,LA Chargers wins by over 2.5 points?,0.3000,0.3500,0.0000,0.00,0.00,active,2026-10-13T20:05:00Z,2026-10-05T15:51:29+00:00
KXNFLSPREAD-26OCT11DENLAC,KXNFLSPREAD,KXNFLSPREAD-26OCT11DENLAC-DEN17,DEN Broncos wins by over 16.5 points?,0.1500,0.2000,0.0000,0.00,0.00,active,2026-10-13T20:05:00Z,2026-10-05T15:51:29+00:00
KXNFLSPREAD-26OCT11DENLAC,KXNFLSPREAD,KXNFLSPREAD-26OCT11DENLAC-DEN3,DEN Broncos wins by over 2.5 points?,0.5700,0.6000,0.6000,138.46,138.46,active,2026-10-13T20:05:00Z,2026-10-05T15:51:29+00:00
KXNFLSPREAD-26OCT11DENLAC,KXNFLSPREAD,KXNFLSPREAD-26OCT11DENLAC-DEN5,DEN Broncos wins by over 4.5 points?,0.4400,0.4900,0.0000,0.00,0.00,active,2026-10-13T20:05:00Z,2026-10-05T15:51:29+00:00
KXNFLSPREAD-26OCT11DENLAC,KXNFLSPREAD,KXNFLSPREAD-26OCT11DENLAC-LAC5,LA Chargers wins by over 4.5 points?,0.2200,0.2600,0.0000,0.00,0.00,active,2026-10-13T20:05:00Z,2026-10-05T15:51:29+00:00
KXNFLSPREAD-26OCT11DENLAC,KXNFLSPREAD,KXNFLSPREAD-26OCT11DENLAC-LAC14,LA Chargers wins by over 13.5 points?,0.0900,0.1200,0.0000,0.00,0.00,active,2026-10-13T20:05:00Z,2026-10-05T15:51:29+00:00
KXNFLSPREAD-26OCT11DENLAC,KXNFLSPREAD,KXNFLSPREAD-26OCT11DENLAC-LAC4,LA Chargers wins by over 3.5 points?,0.2400,0.2900,0.0000,0.00,0.00,active,2026-10-13T20:05:00Z,2026-10-05T15:51:29+00:00
KXNFLSPREAD-26OCT11DENLAC,KXNFLSPREAD,KXNFLSPREAD-26OCT11DENLAC-DEN7,DEN Broncos wins by over 6.5 points?,0.3900,0.4200,0.3900,4.39,4.39,active,2026-10-13T20:05:00Z,2026-10-05T15:51:29+00:00
KXNFLSPREAD-26OCT11DENLAC,KXNFLSPREAD,KXNFLSPREAD-26OCT11DENLAC-DEN8,DEN Broncos wins by over 7.5 points?,0.3300,0.3700,0.0000,0.00,0.00,active,2026-10-13T20:05:00Z,2026-10-05T15:51:29+00:00
KXNFLSPREAD-26OCT11DENLAC,KXNFLSPREAD,KXNFLSPREAD-26OCT11DENLAC-DEN14,DEN Broncos wins by over 13.5 points?,0.2200,0.2500,0.2400,57.69,57.69,active,2026-10-13T20:05:00Z,2026-10-05T15:51:29+00:00
KXNFLSPREAD-26OCT11DENLAC,KXNFLSPREAD,KXNFLSPREAD-26OCT11DENLAC-DEN15,DEN Broncos wins by over 14.5 points?,0.1800,0.2300,0.0000,0.00,0.00,active,2026-10-13T20:05:00Z,2026-10-05T15:51:29+00:00
KXNFLSPREAD-26OCT11DENLAC,KXNFLSPREAD,KXNFLSPREAD-26OCT11DENLAC-LAC8,LA Chargers wins by over 7.5 points?,0.1600,0.1800,0.1500,1.16,1.16,active,2026-10-13T20:05:00Z,2026-10-05T15:51:29+00:00
KXNFLSPREAD-26OCT11DENLAC,KXNFLSPREAD,KXNFLSPREAD-26OCT11DENLAC-DEN18,DEN Broncos wins by over 17.5 points?,0.1300,0.1800,0.0000,0.00,0.00,active,2026-10-13T20:05:00Z,2026-10-05T15:51:29+00:00
KXNFLSPREAD-26OCT11DENLAC,KXNFLSPREAD,KXNFLSPREAD-26OCT11DENLAC-LAC15,LA Chargers wins by over 14.5 points?,0.0600,0.1000,0.0000,0.00,0.00,active,2026-10-13T20:05:00Z,2026-10-05T15:51:29+00:00
KXNFLSPREAD-26OCT11DENLAC,KXNFLSPREAD,KXNFLSPREAD-26OCT11DENLAC-LAC6,LA Chargers wins by over 5.5 points?,0.2000,0.2500,0.0000,0.00,0.00,active,2026-10-13T20:05:00Z,2026-10-05T15:51:29+00:00
KXNFLSPREAD-26OCT11DENLAC,KXNFLSPREAD,KXNFLSPREAD-26OCT11DENLAC-DEN11,DEN Broncos wins by over 10.5 points?,0.2600,0.3100,0.0000,0.00,0.00,active,2026-10-13T20:05:00Z,2026-10-05T15:51:29+00:00
KXNFLSPREAD-26OCT11DENLAC,KXNFLSPREAD,KXNFLSPREAD-26OCT11DENLAC-DEN2,DEN Broncos wins by over 1.5 points?,0.5800,0.6300,0.5700,0.40,0.00,active,2026-10-13T20:05:00Z,2026-10-05T15:51:29+00:00
KXNFLSPREAD-26OCT11DENLAC,KXNFLSPREAD,KXNFLSPREAD-26OCT11DENLAC-DEN6,DEN Broncos wins by over 5.5 points?,0.4300,0.4500,0.4600,4.16,4.16,active,2026-10-13T20:05:00Z,2026-10-05T15:51:29+00:00
KXNFLSPREAD-26OCT11DENLAC,KXNFLSPREAD,KXNFLSPREAD-26OCT11DENLAC-LAC10,LA Chargers wins by over 9.5 points?,0.1300,0.1700,0.0000,0.00,0.00,active,2026-10-13T20:05:00Z,2026-10-05T15:51:29+00:00
KXNFLSPREAD-26OCT11DENLAC,KXNFLSPREAD,KXNFLSPREAD-26OCT11DENLAC-LAC11,LA Chargers wins by over 10.5 points?,0.1000,0.1500,0.0000,0.00,0.00,active,2026-10-13T20:05:00Z,2026-10-05T15:51:29+00:00
KXNFLSPREAD-26OCT11DENLAC,KXNFLSPREAD,KXNFLSPREAD-26OCT11DENLAC-LAC7,LA Chargers wins by over 6.5 points?,0.1900,0.2300,0.0000,0.00,0.00,active,2026-10-13T20:05:00Z,2026-10-05T15:51:29+00:00
KXNFLSPREAD-26OCT11DENLAC,KXNFLSPREAD,KXNFLSPREAD-26OCT11DENLAC-DEN4,DEN Broncos wins by over 3.5 points?,0.4800,0.4900,0.4800,1442.45,1442.45,active,2026-10-13T20:05:00Z,2026-10-05T15:51:29+00:00
KXNFLSPREAD-26OCT11DETARI,KXNFLSPREAD,KXNFLSPREAD-26OCT11DETARI-DET3,DET Lions wins by over 2.5 points?,0.5800,0.6100,0.0000,0.00,0.00,active,2026-10-13T20:25:00Z,2026-10-05T15:51:29+00:00
KXNFLSPREAD-26OCT11DETARI,KXNFLSPREAD,KXNFLSPREAD-26OCT11DETARI-DET6,DET Lions wins by over 5.5 points?,0.4500,0.4600,0.4700,44.00,44.00,active,2026-10-13T20:25:00Z,2026-10-05T15:51:29+00:00
KXNFLSPREAD-26OCT11DETARI,KXNFLSPREAD,KXNFLSPREAD-26OCT11DETARI-DET18,DET Lions wins by over 17.5 points?,0.1600,0.2000,0.0000,0.00,0.00,active,2026-10-13T20:25:00Z,2026-10-05T15:51:29+00:00
KXNFLSPREAD-26OCT11DETARI,KXNFLSPREAD,KXNFLSPREAD-26OCT11DETARI-ARI4,ARI Cardinals wins by over 3.5 points?,0.2200,0.2400,0.0000,0.00,0.00,active,2026-10-13T20:25:00Z,2026-10-05T15:51:29+00:00
KXNFLSPREAD-26OCT11DETARI,KXNFLSPREAD,KXNFLSPREAD-26OCT11DETARI-DET10,DET Lions wins by over 9.5 points?,0.3200,0.3500,0.0000,0.00,0.00,active,2026-10-13T20:25:00Z,2026-10-05T15:51:29+00:00
KXNFLSPREAD-26OCT11DETARI,KXNFLSPREAD,KXNFLSPREAD-26OCT11DETARI-ARI7,ARI Cardinals wins by over 6.5 points?,0.1700,0.1900,0.0000,0.00,0.00,active,2026-10-13T20:25:00Z,2026-10-05T15:51:29+00:00
KXNFLSPREAD-26OCT11DETARI,KXNFLSPREAD,KXNFLSPREAD-26OCT11DETARI-ARI3,ARI Cardinals wins by over 2.5 points?,0.2800,0.3000,0.0000,0.00,0.00,active,2026-10-13T20:25:00Z,2026-10-05T15:51:29+00:00
KXNFLSPREAD-26OCT11DETARI,KXNFLSPREAD,KXNFLSPREAD-26OCT11DETARI-DET15,DET Lions wins by over 14.5 points?,0.2200,0.2300,0.3400,14.22,14.22,active,2026-10-13T20:25:00Z,2026-10-05T15:51:29+00:00
KXNFLSPREAD-26OCT11DETARI,KXNFLSPREAD,KXNFLSPREAD-26OCT11DETARI-DET8,DET Lions wins by over 7.5 points?,0.3700,0.4000,0.0000,0.00,0.00,active,2026-10-13T20:25:00Z,2026-10-05T15:51:29+00:00
KXNFLSPREAD-26OCT11DETARI,KXNFLSPREAD,KXNFLSPREAD-26OCT11DETARI-ARI14,ARI Cardinals wins by over 13.5 points?,0.0600,0.0900,0.0000,0.00,0.00,active,2026-10-13T20:25:00Z,2026-10-05T15:51:29+00:00
KXNFLSPREAD-26OCT11DETARI,KXNFLSPREAD,KXNFLSPREAD-26OCT11DETARI-ARI5,ARI Cardinals wins by over 4.5 points?,0.2000,0.2200,0.0000,0.00,0.00,active,2026-10-13T20:25:00Z,2026-10-05T15:51:29+00:00
KXNFLSPREAD-26OCT11DETARI,KXNFLSPREAD,KXNFLSPREAD-26OCT11DETARI-DET14,DET Lions wins by over 13.5 points?,0.2400,0.2600,0.2900,32.22,32.22,active,2026-10-13T20:25:00Z,2026-10-05T15:51:29+00:00
KXNFLSPREAD-26OCT11DETARI,KXNFLSPREAD,KXNFLSPREAD-26OCT11DETARI-DET17,DET Lions wins by over 16.5 points?,0.1800,0.2100,0.0000,0.00,0.00,active,2026-10-13T20:25:00Z,2026-10-05T15:51:29+00:00
KXNFLSPREAD-26OCT11DETARI,KXNFLSPREAD,KXNFLSPREAD-26OCT11DETARI-ARI6,ARI Cardinals wins by over 5.5 points?,0.1900,0.2100,0.0000,0.00,0.00,active,2026-10-13T20:25:00Z,2026-10-05T15:51:29+00:00
KXNFLSPREAD-26OCT11DETARI,KXNFLSPREAD,KXNFLSPREAD-26OCT11DETARI-DET11,DET Lions wins by over 10.5 points?,0.2900,0.3200,0.0000,0.00,0.00,active,2026-10-13T20:25:00Z,2026-10-05T15:51:29+00:00
KXNFLSPREAD-26OCT11DETARI,KXNFLSPREAD,KXNFLSPREAD-26OCT11DETARI-DET21,DET Lions wins by over 20.5 points?,0.1200,0.1500,0.0000,0.00,0.00,active,2026-10-13T20:25:00Z,2026-10-05T15:51:29+00:00
KXNFLSPREAD-26OCT11DETARI,KXNFLSPREAD,KXNFLSPREAD-26OCT11DETARI-ARI10,ARI Cardinals wins by over 9.5 points?,0.0900,0.1300,0.0000,0.00,0.00,active,2026-10-13T20:25:00Z,2026-10-05T15:51:29+00:00
KXNFLSPREAD-26OCT11DETARI,KXNFLSPREAD,KXNFLSPREAD-26OCT11DETARI-DET7,DET Lions wins by over 6.5 points?,0.4100,0.4300,0.0000,0.00,0.00,active,2026-10-13T20:25:00Z,2026-10-05T15:51:29+00:00
KXNFLSPREAD-26OCT11DETARI,KXNFLSPREAD,KXNFLSPREAD-26OCT11DETARI-DET5,DET Lions wins by over 4.5 points?,0.4700,0.4800,0.4700,743.54,743.54,active,2026-10-13T20:25:00Z,2026-10-05T15:51:29+00:00
KXNFLSPREAD-26OCT11DETARI,KXNFLSPREAD,KXNFLSPREAD-26OCT11DETARI-ARI11,ARI Cardinals wins by over 10.5 points?,0.0800,0.1200,0.0000,0.00,0.00,active,2026-10-13T20:25:00Z,2026-10-05T15:51:29+00:00
KXNFLSPREAD-26OCT11DETARI,KXNFLSPREAD,KXNFLSPREAD-26OCT11DETARI-ARI15,ARI Cardinals wins by over 14.5 points?,0.0400,0.0800,0.0000,0.00,0.00,active,2026-10-13T20:25:00Z,2026-10-05T15:51:29+00:00
KXNFLSPREAD-26OCT11DETARI,KXNFLSPREAD,KXNFLSPREAD-26OCT11DETARI-ARI8,ARI Cardinals wins by over 7.5 points?,0.1200,0.1500,0.0000,0.00,0.00,active,2026-10-13T20:25:00Z,2026-10-05T15:51:29+00:00
KXNFLSPREAD-26OCT11DETARI,KXNFLSPREAD,KXNFLSPREAD-26OCT11DETARI-ARI2,ARI Cardinals wins by over 1.5 points?,0.3000,0.3200,0.2800,13.50,13.50,active,2026-10-13T20:25:00Z,2026-10-05T15:51:29+00:00
KXNFLSPREAD-26OCT11DETARI,KXNFLSPREAD,KXNFLSPREAD-26OCT11DETARI-DET2,DET Lions wins by over 1.5 points?,0.6200,0.6400,0.6600,14.69,14.69,active,2026-10-13T20:25:00Z,2026-10-05T15:51:29+00:00
KXNFLSPREAD-26OCT11DETARI,KXNFLSPREAD,KXNFLSPREAD-26OCT11DETARI-DET4,DET Lions wins by over 3.5 points?,0.5000,0.5300,0.5300,0.45,0.45,active,2026-10-13T20:25:00Z,2026-10-05T15:51:29+00:00
KXNFLSPREAD-26OCT11HOUTEN,KXNFLSPREAD,KXNFLSPREAD-26OCT11HOUTEN-TEN2,TEN Titans wins by over 1.5 points?,0.2300,0.2500,0.2900,6.45,6.45,active,2026-10-13T17:00:00Z,2026-10-05T15:51:29+00:00
KXNFLSPREAD-26OCT11HOUTEN,KXNFLSPREAD,KXNFLSPREAD-26OCT11HOUTEN-HOU28,HOU Texans wins by over 27.5 points?,0.0600,0.0900,0.0000,0.00,0.00,active,2026-10-13T17:00:00Z,2026-10-05T15:51:29+00:00
KXNFLSPREAD-26OCT11HOUTEN,KXNFLSPREAD,KXNFLSPREAD-26OCT11HOUTEN-HOU24,HOU Texans wins by over 23.5 points?,0.1100,0.1300,0.0000,0.00,0.00,active,2026-10-13T17:00:00Z,2026-10-05T15:51:29+00:00
KXNFLSPREAD-26OCT11HOUTEN,KXNFLSPREAD,KXNFLSPREAD-26OCT11HOUTEN-TEN8,TEN Titans wins by over 7.5 points?,0.0900,0.1100,0.0800,1.08,1.08,active,2026-10-13T17:00:00Z,2026-10-05T15:51:29+00:00
KXNFLSPREAD-26OCT11HOUTEN,KXNFLSPREAD,KXNFLSPREAD-26OCT11HOUTEN-HOU4,HOU Texans wins by over 3.5 points?,0.6000,0.6300,0.0000,0.00,0.00,active,2026-10-13T17:00:00Z,2026-10-05T15:51:29+00:00
KXNFLSPREAD-26OCT11HOUTEN,KXNFLSPREAD,KXNFLSPREAD-26OCT11HOUTEN-HOU10,HOU Texans wins by over 9.5 points?,0.4000,0.4300,0.0000,0.00,0.00,active,2026-10-13T17:00:00Z,2026-10-05T15:51:29+00:00
KXNFLSPREAD-26OCT11HOUTEN,KXNFLSPREAD,KXNFLSPREAD-26OCT11HOUTEN-HOU17,HOU Texans wins by over 16.5 points?,0.2300,0.2400,0.0000,0.00,0.00,active,2026-10-13T17:00:00Z,2026-10-05T15:51:29+00:00
KXNFLSPREAD-26OCT11HOUTEN,KXNFLSPREAD,KXNFLSPREAD-26OCT11HOUTEN-HOU6,HOU Texans wins by over 5.5 points?,0.5400,0.5700,0.0000,0.00,0.00,active,2026-10-13T17:00:00Z,2026-10-05T15:51:29+00:00
KXNFLSPREAD-26OCT11HOUTEN,KXNFLSPREAD,KXNFLSPREAD-26OCT11HOUTEN-HOU15,HOU Texans wins by over 14.5 points?,0.2500,0.2600,0.2600,2906.17,1043.34,active,2026-10-13T17:00:00Z,2026-10-05T15:51:29+00:00
KXNFLSPREAD-26OCT11HOUTEN,KXNFLSPREAD,KXNFLSPREAD-26OCT11HOUTEN-TEN14,TEN Titans wins by over 13.5 points?,0.0300,0.0700,0.0000,0.00,0.00,active,2026-10-13T17:00:00Z,2026-10-05T15:51:29+00:00
KXNFLSPREAD-26OCT11HOUTEN,KXNFLSPREAD,KXNFLSPREAD-26OCT11HOUTEN-TEN5,TEN Titans wins by over 4.5 points?,0.1400,0.1900,0.0000,0.00,0.00,active,2026-10-13T17:00:00Z,2026-10-05T15:51:29+00:00
KXNFLSPREAD-26OCT11HOUTEN,KXNFLSPREAD,KXNFLSPREAD-26OCT11HOUTEN-TEN3,TEN Titans wins by over 2.5 points?,0.2100,0.2300,0.0000,0.00,0.00,active,2026-10-13T17:00:00Z,2026-10-05T15:51:29+00:00
KXNFLSPREAD-26OCT11HOUTEN,KXNFLSPREAD,KXNFLSPREAD-26OCT11HOUTEN-HOU7,HOU Texans wins by over 6.5 points?,0.5300,0.5400,0.5400,11224.63,11152.82,active,2026-10-13T17:00:00Z,2026-10-05T15:51:29+00:00
KXNFLSPREAD-26OCT11HOUTEN,KXNFLSPREAD,KXNFLSPREAD-26OCT11HOUTEN-HOU2,HOU Texans wins by over 1.5 points?,0.6900,0.7100,0.6900,5.00,5.00,active,2026-10-13T17:00:00Z,2026-10-05T15:51:29+00:00
KXNFLSPREAD-26OCT11HOUTEN,KXNFLSPREAD,KXNFLSPREAD-26OCT11HOUTEN-HOU8,HOU Texans wins by over 7.5 points?,0.4400,0.4500,0.4500,12.00,12.00,active,2026-10-13T17:00:00Z,2026-10-05T15:51:29+00:00
KXNFLSPREAD-26OCT11HOUTEN,KXNFLSPREAD,KXNFLSPREAD-26OCT11HOUTEN-TEN7,TEN Titans wins by over 6.5 points?,0.1200,0.1500,0.0000,0.00,0.00,active,2026-10-13T17:00:00Z,2026-10-05T15:51:29+00:00
KXNFLSPREAD-26OCT11HOUTEN,KXNFLSPREAD,KXNFLSPREAD-26OCT11HOUTEN-TEN4,TEN Titans wins by over 3.5 points?,0.1800,0.1900,0.0000,0.00,0.00,active,2026-10-13T17:00:00Z,2026-10-05T15:51:29+00:00
KXNFLSPREAD-26OCT11HOUTEN,KXNFLSPREAD,KXNFLSPREAD-26OCT11HOUTEN-TEN6,TEN Titans wins by over 5.5 points?,0.1300,0.1700,0.0000,0.00,0.00,active,2026-10-13T17:00:00Z,2026-10-05T15:51:29+00:00
KXNFLSPREAD-26OCT11HOUTEN,KXNFLSPREAD,KXNFLSPREAD-26OCT11HOUTEN-HOU18,HOU Texans wins by over 17.5 points?,0.2000,0.2100,0.0000,0.00,0.00,active,2026-10-13T17:00:00Z,2026-10-05T15:51:29+00:00
KXNFLSPREAD-26OCT11HOUTEN,KXNFLSPREAD,KXNFLSPREAD-26OCT11HOUTEN-HOU11,HOU Texans wins by over 10.5 points?,0.3600,0.3800,0.0000,0.00,0.00,active,2026-10-13T17:00:00Z,2026-10-05T15:51:29+00:00
KXNFLSPREAD-26OCT11HOUTEN,KXNFLSPREAD,KXNFLSPREAD-26OCT11HOUTEN-HOU14,HOU Texans wins by over 13.5 points?,0.3000,0.3100,0.0000,0.00,0.00,active,2026-10-13T17:00:00Z,2026-10-05T15:51:29+00:00
KXNFLSPREAD-26OCT11HOUTEN,KXNFLSPREAD,KXNFLSPREAD-26OCT11HOUTEN-TEN10,TEN Titans wins by over 9.5 points?,0.0600,0.1000,0.0000,0.00,0.00,active,2026-10-13T17:00:00Z,2026-10-05T15:51:29+00:00
KXNFLSPREAD-26OCT11HOUTEN,KXNFLSPREAD,KXNFLSPREAD-26OCT11HOUTEN-TEN11,TEN Titans wins by over 10.5 points?,0.0500,0.0900,0.0000,0.00,0.00,active,2026-10-13T17:00:00Z,2026-10-05T15:51:29+00:00
KXNFLSPREAD-26OCT11HOUTEN,KXNFLSPREAD,KXNFLSPREAD-26OCT11HOUTEN-HOU21,HOU Texans wins by over 20.5 points?,0.1500,0.1700,0.1500,1.14,1.14,active,2026-10-13T17:00:00Z,2026-10-05T15:51:29+00:00
KXNFLSPREAD-26OCT11HOUTEN,KXNFLSPREAD,KXNFLSPREAD-26OCT11HOUTEN-TEN15,TEN Titans wins by over 14.5 points?,0.0300,0.0600,0.0000,0.00,0.00,active,2026-10-13T17:00:00Z,2026-10-05T15:51:29+00:00
KXNFLSPREAD-26OCT11HOUTEN,KXNFLSPREAD,KXNFLSPREAD-26OCT11HOUTEN-HOU5,HOU Texans wins by over 4.5 points?,0.5700,0.5900,0.5900,0.41,0.41,active,2026-10-13T17:00:00Z,2026-10-05T15:51:29+00:00
KXNFLSPREAD-26OCT11HOUTEN,KXNFLSPREAD,KXNFLSPREAD-26OCT11HOUTEN-HOU3,HOU Texans wins by over 2.5 points?,0.6600,0.6900,0.6600,5.00,5.00,active,2026-10-13T17:00:00Z,2026-10-05T15:51:29+00:00
KXNFLSPREAD-26OCT11INDPIT,KXNFLSPREAD,KXNFLSPREAD-26OCT11INDPIT-IND14,IND Colts wins by over 13.5 points?,0.1000,0.1500,0.0000,0.00,0.00,active,2026-10-13T17:00:00Z,2026-10-05T15:51:29+00:00
KXNFLSPREAD-26OCT11INDPIT,KXNFLSPREAD,KXNFLSPREAD-26OCT11INDPIT-IND8,IND Colts wins by over 7.5 points?,0.1900,0.2200,0.0000,0.00,0.00,active,2026-10-13T17:00:00Z,2026-10-05T15:51:29+00:00
KXNFLSPREAD-26OCT11INDPIT,KXNFLSPREAD,KXNFLSPREAD-26OCT11INDPIT-PIT15,PIT Steelers wins by over 14.5 points?,0.1300,0.1800,0.0000,0.00,0.00,active,2026-10-13T17:00:00Z,2026-10-05T15:51:29+00:00
KXNFLSPREAD-26OCT11INDPIT,KXNFLSPREAD,KXNFLSPREAD-26OCT11INDPIT-PIT18,PIT Steelers wins by over 17.5 points?,0.0900,0.1400,0.0000,0.00,0.00,active,2026-10-13T17:00:00Z,2026-10-05T15:51:29+00:00
KXNFLSPREAD-26OCT11INDPIT,KXNFLSPREAD,KXNFLSPREAD-26OCT11INDPIT-IND15,IND Colts wins by over 14.5 points?,0.0800,0.1300,0.0000,0.00,0.00,active,2026-10-13T17:00:00Z,2026-10-05T15:51:29+00:00
KXNFLSPREAD-26OCT11INDPIT,KXNFLSPREAD,KXNFLSPREAD-26OCT11INDPIT-IND5,IND Colts wins by over 4.5 points?,0.2800,0.3000,0.0000,0.00,0.00,active,2026-10-13T17:00:00Z,2026-10-05T15:51:29+00:00
KXNFLSPREAD-26OCT11INDPIT,KXNFLSPREAD,KXNFLSPREAD-26OCT11INDPIT-IND6,IND Colts wins by over 5.5 points?,0.2600,0.2900,0.0000,0.00,0.00,active,2026-10-13T17:00:00Z,2026-10-05T15:51:29+00:00
KXNFLSPREAD-26OCT11INDPIT,KXNFLSPREAD,KXNFLSPREAD-26OCT11INDPIT-IND7,IND Colts wins by over 6.5 points?,0.2300,0.2600,0.0000,0.00,0.00,active,2026-10-13T17:00:00Z,2026-10-05T15:51:29+00:00
KXNFLSPREAD-26OCT11INDPIT,KXNFLSPREAD,KXNFLSPREAD-26OCT11INDPIT-IND3,IND Colts wins by over 2.5 points?,0.3800,0.4000,0.0000,0.00,0.00,active,2026-10-13T17:00:00Z,2026-10-05T15:51:29+00:00
KXNFLSPREAD-26OCT11INDPIT,KXNFLSPREAD,KXNFLSPREAD-26OCT11INDPIT-PIT14,PIT Steelers wins by over 13.5 points?,0.1600,0.2000,0.0000,0.00,0.00,active,2026-10-13T17:00:00Z,2026-10-05T15:51:29+00:00
KXNFLSPREAD-26OCT11INDPIT,KXNFLSPREAD,KXNFLSPREAD-26OCT11INDPIT-IND2,IND Colts wins by over 1.5 points?,0.4100,0.4300,0.0000,0.00,0.00,active,2026-10-13T17:00:00Z,2026-10-05T15:51:29+00:00
KXNFLSPREAD-26OCT11INDPIT,KXNFLSPREAD,KXNFLSPREAD-26OCT11INDPIT-PIT4,PIT Steelers wins by over 3.5 points?,0.4100,0.4300,0.0000,0.00,0.00,active,2026-10-13T17:00:00Z,2026-10-05T15:51:29+00:00
KXNFLSPREAD-26OCT11INDPIT,KXNFLSPREAD,KXNFLSPREAD-26OCT11INDPIT-PIT17,PIT Steelers wins by over 16.5 points?,0.1100,0.1500,0.0000,0.00,0.00,active,2026-10-13T17:00:00Z,2026-10-05T15:51:29+00:00
KXNFLSPREAD-26OCT11INDPIT,KXNFLSPREAD,KXNFLSPREAD-26OCT11INDPIT-PIT11,PIT Steelers wins by over 10.5 points?,0.2100,0.2400,0.0000,0.00,0.00,active,2026-10-13T17:00:00Z,2026-10-05T15:51:29+00:00
KXNFLSPREAD-26OCT11INDPIT,KXNFLSPREAD,KXNFLSPREAD-26OCT11INDPIT-PIT21,PIT Steelers wins by over 20.5 points?,0.0600,0.1100,0.0000,0.00,0.00,active,2026-10-13T17:00:00Z,2026-10-05T15:51:29+00:00
KXNFLSPREAD-26OCT11INDPIT,KXNFLSPREAD,KXNFLSPREAD-26OCT11INDPIT-IND11,IND Colts wins by over 10.5 points?,0.1300,0.1800,0.0000,0.00,0.00,active,2026-10-13T17:00:00Z,2026-10-05T15:51:29+00:00
KXNFLSPREAD-26OCT11INDPIT,KXNFLSPREAD,KXNFLSPREAD-26OCT11INDPIT-IND10,IND Colts wins by over 9.5 points?,0.1600,0.2000,0.0000,0.00,0.00,active,2026-10-13T17:00:00Z,2026-10-05T15:51:29+00:00
KXNFLSPREAD-26OCT11INDPIT,KXNFLSPREAD,KXNFLSPREAD-26OCT11INDPIT-PIT3,PIT Steelers wins by over 2.5 points?,0.5000,0.5100,0.5000,1599.71,1507.08,active,2026-10-13T17:00:00Z,2026-10-05T15:51:29+00:00
KXNFLSPREAD-26OCT11INDPIT,KXNFLSPREAD,KXNFLSPREAD-26OCT11INDPIT-IND4,IND Colts wins by over 3.5 points?,0.3100,0.3400,0.0000,0.00,0.00,active,2026-10-13T17:00:00Z,2026-10-05T15:51:29+00:00
KXNFLSPREAD-26OCT11INDPIT,KXNFLSPREAD,KXNFLSPREAD-26OCT11INDPIT-PIT2,PIT Steelers wins by over 1.5 points?,0.5200,0.5300,0.5300,523.19,523.19,active,2026-10-13T17:00:00Z,2026-10-05T15:51:29+00:00
KXNFLSPREAD-26OCT11INDPIT,KXNFLSPREAD,KXNFLSPREAD-26OCT11INDPIT-PIT6,PIT Steelers wins by over 5.5 points?,0.3600,0.3800,0.0000,0.00,0.00,active,2026-10-13T17:00:00Z,2026-10-05T15:51:29+00:00
KXNFLSPREAD-26OCT11INDPIT,KXNFLSPREAD,KXNFLSPREAD-26OCT11INDPIT-PIT8,PIT Steelers wins by over 7.5 points?,0.2700,0.3000,0.0000,0.00,0.00,active,2026-10-13T17:00:00Z,2026-10-05T15:51:29+00:00
KXNFLSPREAD-26OCT11INDPIT,KXNFLSPREAD,KXNFLSPREAD-26OCT11INDPIT-PIT5,PIT Steelers wins by over 4.5 points?,0.3800,0.4000,0.0000,0.00,0.00,active,2026-10-13T17:00:00Z,2026-10-05T15:51:29+00:00
KXNFLSPREAD-26OCT11INDPIT,KXNFLSPREAD,KXNFLSPREAD-26OCT11INDPIT-PIT7,PIT Steelers wins by over 6.5 points?,0.3300,0.3500,0.0000,0.00,0.00,active,2026-10-13T17:00:00Z,2026-10-05T15:51:29+00:00
KXNFLSPREAD-26OCT11INDPIT,KXNFLSPREAD,KXNFLSPREAD-26OCT11INDPIT-PIT10,PIT Steelers wins by over 9.5 points?,0.2400,0.2700,0.0000,0.00,0.00,active,2026-10-13T17:00:00Z,2026-10-05T15:51:29+00:00
KXNFLSPREAD-26OCT11LVNE,KXNFLSPREAD,KXNFLSPREAD-26OCT11LVNE-LV6,LV Raiders wins by over 5.5 points?,0.2100,0.2300,0.2700,75.09,75.09,active,2026-10-13T17:00:00Z,2026-10-05T15:51:29+00:00
KXNFLSPREAD-26OCT11LVNE,KXNFLSPREAD,KXNFLSPREAD-26OCT11LVNE-LV7,LV Raiders wins by over 6.5 points?,0.1800,0.1900,0.2100,26.68,26.68,active,2026-10-13T17:00:00Z,2026-10-05T15:51:29+00:00
KXNFLSPREAD-26OCT11LVNE,KXNFLSPREAD,KXNFLSPREAD-26OCT11LVNE-NE14,NE Patriots wins by over 13.5 points?,0.2200,0.2400,0.0000,0.00,0.00,active,2026-10-13T17:00:00Z,2026-10-05T15:51:29+00:00
KXNFLSPREAD-26OCT11LVNE,KXNFLSPREAD,KXNFLSPREAD-26OCT11LVNE-LV10,LV Raiders wins by over 9.5 points?,0.1300,0.1500,0.1600,29.51,29.51,active,2026-10-13T17:00:00Z,2026-10-05T15:51:29+00:00
KXNFLSPREAD-26OCT11LVNE,KXNFLSPREAD,KXNFLSPREAD-26OCT11LVNE-NE10,NE Patriots wins by over 9.5 points?,0.3000,0.3200,0.0000,0.00,0.00,active,2026-10-13T17:00:00Z,2026-10-05T15:51:29+00:00
KXNFLSPREAD-26OCT11LVNE,KXNFLSPREAD,KXNFLSPREAD-26OCT11LVNE-LV3,LV Raiders wins by over 2.5 points?,0.3100,0.3300,0.3700,96.62,96.62,active,2026-10-13T17:00:00Z,2026-10-05T15:51:29+00:00
KXNFLSPREAD-26OCT11LVNE,KXNFLSPREAD,KXNFLSPREAD-26OCT11LVNE-LV14,LV Raiders wins by over 13.5 points?,0.0900,0.1100,0.1200,39.24,39.24,active,2026-10-13T17:00:00Z,2026-10-05T15:51:29+00:00
KXNFLSPREAD-26OCT11LVNE,KXNFLSPREAD,KXNFLSPREAD-26OCT11LVNE-NE7,NE Patriots wins by over 6.5 points?,0.4000,0.4300,0.0000,0.00,0.00,active,2026-10-13T17:00:00Z,2026-10-05T15:51:29+00:00
KXNFLSPREAD-26OCT11LVNE,KXNFLSPREAD,KXNFLSPREAD-26OCT11LVNE-NE8,NE Patriots wins by over 7.5 points?,0.3400,0.3600,0.3300,17.39,17.39,active,2026-10-13T17:00:00Z,2026-10-05T15:51:29+00:00
KXNFLSPREAD-26OCT11LVNE,KXNFLSPREAD,KXNFLSPREAD-26OCT11LVNE-NE18,NE Patriots wins by over 17.5 points?,0.1500,0.1800,0.0000,0.00,0.00,active,2026-10-13T17:00:00Z,2026-10-05T15:51:29+00:00
KXNFLSPREAD-26OCT11LVNE,KXNFLSPREAD,KXNFLSPREAD-26OCT11LVNE-NE2,NE Patriots wins by over 1.5 points?,0.6000,0.6100,0.6000,203.78,23.78,active,2026-10-13T17:00:00Z,2026-10-05T15:51:29+00:00
KXNFLSPREAD-26OCT11LVNE,KXNFLSPREAD,KXNFLSPREAD-26OCT11LVNE-NE4,NE Patriots wins by over 3.5 points?,0.4900,0.5000,0.4900,6174.81,5591.09,active,2026-10-13T17:00:00Z,2026-10-05T15:51:29+00:00
KXNFLSPREAD-26OCT11LVNE,KXNFLSPREAD,KXNFLSPREAD-26OCT11LVNE-NE3,NE Patriots wins by over 2.5 points?,0.5900,0.6000,0.6000,331.89,326.17,active,2026-10-13T17:00:00Z,2026-10-05T15:51:29+00:00
KXNFLSPREAD-26OCT11LVNE,KXNFLSPREAD,KXNFLSPREAD-26OCT11LVNE-LV5,LV Raiders wins by over 4.5 points?,0.2100,0.2300,0.0000,0.00,0.00,active,2026-10-13T17:00:00Z,2026-10-05T15:51:29+00:00
KXNFLSPREAD-26OCT11LVNE,KXNFLSPREAD,KXNFLSPREAD-26OCT11LVNE-LV11,LV Raiders wins by over 10.5 points?,0.1000,0.1400,0.0000,0.00,0.00,active,2026-10-13T17:00:00Z,2026-10-05T15:51:29+00:00
KXNFLSPREAD-26OCT11LVNE,KXNFLSPREAD,KXNFLSPREAD-26OCT11LVNE-NE15,NE Patriots wins by over 14.5 points?,0.1900,0.2100,0.2400,33.00,33.00,active,2026-10-13T17:00:00Z,2026-10-05T15:51:29+00:00
KXNFLSPREAD-26OCT11LVNE,KXNFLSPREAD,KXNFLSPREAD-26OCT11LVNE-NE17,NE Patriots wins by over 16.5 points?,0.1700,0.2000,0.0000,0.00,0.00,active,2026-10-13T17:00:00Z,2026-10-05T15:51:29+00:00
KXNFLSPREAD-26OCT11LVNE,KXNFLSPREAD,KXNFLSPREAD-26OCT11LVNE-NE6,NE Patriots wins by over 5.5 points?,0.4400,0.4600,0.4500,19.35,19.35,active,2026-10-13T17:00:00Z,2026-10-05T15:51:29+00:00
KXNFLSPREAD-26OCT11LVNE,KXNFLSPREAD,KXNFLSPREAD-26OCT11LVNE-NE21,NE Patriots wins by over 20.5 points?,0.1100,0.1200,0.1300,562.00,514.00,active,2026-10-13T17:00:00Z,2026-10-05T15:51:29+00:00
KXNFLSPREAD-26OCT11LVNE,KXNFLSPREAD,KXNFLSPREAD-26OCT11LVNE-LV2,LV Raiders wins by over 1.5 points?,0.3300,0.3500,0.3500,215.55,215.55,active,2026-10-13T17:00:00Z,2026-10-05T15:51:29+00:00
KXNFLSPREAD-26OCT11LVNE,KXNFLSPREAD,KXNFLSPREAD-26OCT11LVNE-LV8,LV Raiders wins by over 7.5 points?,0.1400,0.1800,0.0000,0.00,0.00,active,2026-10-13T17:00:00Z,2026-10-05T15:51:29+00:00
KXNFLSPREAD-26OCT11LVNE,KXNFLSPREAD,KXNFLSPREAD-26OCT11LVNE-NE5,NE Patriots wins by over 4.5 points?,0.4600,0.4700,0.4700,1648.57,1613.57,active,2026-10-13T17:00:00Z,2026-10-05T15:51:29+00:00
KXNFLSPREAD-26OCT11LVNE,KXNFLSPREAD,KXNFLSPREAD-26OCT11LVNE-LV4,LV Raiders wins by over 3.5 points?,0.2400,0.2700,0.0000,0.00,0.00,active,2026-10-13T17:00:00Z,2026-10-05T15:51:29+00:00
KXNFLSPREAD-26OCT11LVNE,KXNFLSPREAD,KXNFLSPREAD-26OCT11LVNE-LV15,LV Raiders wins by over 14.5 points?,0.0600,0.1000,0.0000,0.00,0.00,active,2026-10-13T17:00:00Z,2026-10-05T15:51:29+00:00
KXNFLSPREAD-26OCT11LVNE,KXNFLSPREAD,KXNFLSPREAD-26OCT11LVNE-NE11,NE Patriots wins by over 10.5 points?,0.2700,0.2900,0.0000,0.00,0.00,active,2026-10-13T17:00:00Z,2026-10-05T15:51:29+00:00
KXNFLSPREAD-26OCT11MINNO,KXNFLSPREAD,KXNFLSPREAD-26OCT11MINNO-NO17,NOLA Saints wins by over 16.5 points?,0.0800,0.1000,0.0800,1300.00,1300.00,active,2026-10-13T17:00:00Z,2026-10-05T15:51:29+00:00
KXNFLSPREAD-26OCT11MINNO,KXNFLSPREAD,KXNFLSPREAD-26OCT11MINNO-NO3,NOLA Saints wins by over 2.5 points?,0.4100,0.4300,0.4400,100.00,100.00,active,2026-10-13T17:00:00Z,2026-10-05T15:51:29+00:00
KXNFLSPREAD-26OCT11MINNO,KXNFLSPREAD,KXNFLSPREAD-26OCT11MINNO-MIN3,MIN Vikings wins by over 2.5 points?,0.4600,0.4800,0.4600,819.94,781.00,active,2026-10-13T17:00:00Z,2026-10-05T15:51:29+00:00
KXNFLSPREAD-26OCT11MINNO,KXNFLSPREAD,KXNFLSPREAD-26OCT11MINNO-NO5,NOLA Saints wins by over 4.5 points?,0.3100,0.3300,0.3200,100.00,100.00,active,2026-10-13T17:00:00Z,2026-10-05T15:51:29+00:00
KXNFLSPREAD-26OCT11MINNO,KXNFLSPREAD,KXNFLSPREAD-26OCT11MINNO-MIN7,MIN Vikings wins by over 6.5 points?,0.3100,0.3300,0.0000,0.00,0.00,active,2026-10-13T17:00:00Z,2026-10-05T15:51:29+00:00
KXNFLSPREAD-26OCT11MINNO,KXNFLSPREAD,KXNFLSPREAD-26OCT11MINNO-MIN10,MIN Vikings wins by over 9.5 points?,0.2300,0.2500,0.0000,0.00,0.00,active,2026-10-13T17:00:00Z,2026-10-05T15:51:29+00:00
KXNFLSPREAD-26OCT11MINNO,KXNFLSPREAD,KXNFLSPREAD-26OCT11MINNO-MIN8,MIN Vikings wins by over 7.5 points?,0.2500,0.2600,0.2600,2515.11,2510.11,active,2026-10-13T17:00:00Z,2026-10-05T15:51:29+00:00
KXNFLSPREAD-26OCT11MINNO,KXNFLSPREAD,KXNFLSPREAD-26OCT11MINNO-MIN6,MIN Vikings wins by over 5.5 points?,0.3500,0.3600,0.4100,32.84,32.84,active,2026-10-13T17:00:00Z,2026-10-05T15:51:29+00:00
KXNFLSPREAD-26OCT11MINNO,KXNFLSPREAD,KXNFLSPREAD-26OCT11MINNO-MIN17,MIN Vikings wins by over 16.5 points?,0.1000,0.1200,0.1100,500.00,500.00,active,2026-10-13T17:00:00Z,2026-10-05T15:51:29+00:00
KXNFLSPREAD-26OCT11MINNO,KXNFLSPREAD,KXNFLSPREAD-26OCT11MINNO-MIN4,MIN Vikings wins by over 3.5 points?,0.3900,0.4000,0.3600,379.30,379.30,active,2026-10-13T17:00:00Z,2026-10-05T15:51:29+00:00
KXNFLSPREAD-26OCT11MINNO,KXNFLSPREAD,KXNFLSPREAD-26OCT11MINNO-NO4,NOLA Saints wins by over 3.5 points?,0.3400,0.3600,0.3500,100.00,100.00,active,2026-10-13T17:00:00Z,2026-10-05T15:51:29+00:00
KXNFLSPREAD-26OCT11MINNO,KXNFLSPREAD,KXNFLSPREAD-26OCT11MINNO-NO10,NOLA Saints wins by over 9.5 points?,0.1700,0.2000,0.1900,100.00,100.00,active,2026-10-13T17:00:00Z,2026-10-05T15:51:29+00:00
KXNFLSPREAD-26OCT11MINNO,KXNFLSPREAD,KXNFLSPREAD-26OCT11MINNO-NO6,NOLA Saints wins by over 5.5 points?,0.2900,0.3100,0.3000,100.00,100.00,active,2026-10-13T17:00:00Z,2026-10-05T15:51:29+00:00
KXNFLSPREAD-26OCT11MINNO,KXNFLSPREAD,KXNFLSPREAD-26OCT11MINNO-MIN14,MIN Vikings wins by over 13.5 points?,0.1400,0.1600,0.1500,294.38,294.38,active,2026-10-13T17:00:00Z,2026-10-05T15:51:29+00:00
KXNFLSPREAD-26OCT11MINNO,KXNFLSPREAD,KXNFLSPREAD-26OCT11MINNO-NO11,NOLA Saints wins by over 10.5 points?,0.1400,0.1800,0.1600,100.00,100.00,active,2026-10-13T17:00:00Z,2026-10-05T15:51:29+00:00
KXNFLSPREAD-26OCT11MINNO,KXNFLSPREAD,KXNFLSPREAD-26OCT11MINNO-MIN11,MIN Vikings wins by over 10.5 points?,0.2000,0.2200,0.0000,0.00,0.00,active,2026-10-13T17:00:00Z,2026-10-05T15:51:29+00:00
KXNFLSPREAD-26OCT11MINNO,KXNFLSPREAD,KXNFLSPREAD-26OCT11MINNO-MIN15,MIN Vikings wins by over 14.5 points?,0.1100,0.1400,0.1200,500.00,500.00,active,2026-10-13T17:00:00Z,2026-10-05T15:51:29+00:00
KXNFLSPREAD-26OCT11MINNO,KXNFLSPREAD,KXNFLSPREAD-26OCT11MINNO-MIN5,MIN Vikings wins by over 4.5 points?,0.3700,0.3900,0.3900,47.47,47.47,active,2026-10-13T17:00:00Z,2026-10-05T15:51:29+00:00
KXNFLSPREAD-26OCT11MINNO,KXNFLSPREAD,KXNFLSPREAD-26OCT11MINNO-NO14,NOLA Saints wins by over 13.5 points?,0.1200,0.1400,0.1300,100.00,100.00,active,2026-10-13T17:00:00Z,2026-10-05T15:51:29+00:00
KXNFLSPREAD-26OCT11MINNO,KXNFLSPREAD,KXNFLSPREAD-26OCT11MINNO-NO15,NOLA Saints wins by over 14.5 points?,0.1000,0.1200,0.1100,100.00,100.00,active,2026-10-13T17:00:00Z,2026-10-05T15:51:29+00:00
KXNFLSPREAD-26OCT11MINNO,KXNFLSPREAD,KXNFLSPREAD-26OCT11MINNO-NO8,NOLA Saints wins by over 7.5 points?,0.2200,0.2300,0.2200,100.00,100.00,active,2026-10-13T17:00:00Z,2026-10-05T15:51:29+00:00
KXNFLSPREAD-26OCT11MINNO,KXNFLSPREAD,KXNFLSPREAD-26OCT11MINNO-MIN2,MIN Vikings wins by over 1.5 points?,0.4800,0.4900,0.4900,1274.17,1197.75,active,2026-10-13T17:00:00Z,2026-10-05T15:51:29+00:00
KXNFLSPREAD-26OCT11MINNO,KXNFLSPREAD,KXNFLSPREAD-26OCT11MINNO-NO7,NOLA Saints wins by over 6.5 points?,0.2600,0.2800,0.2700,102.68,102.68,active,2026-10-13T17:00:00Z,2026-10-05T15:51:29+00:00
KXNFLSPREAD-26OCT11MINNO,KXNFLSPREAD,KXNFLSPREAD-26OCT11MINNO-NO2,NOLA Saints wins by over 1.5 points?,0.4400,0.4500,0.4600,62.00,31.00,active,2026-10-13T17:00:00Z,2026-10-05T15:51:29+00:00
KXNFLSPREAD-26OCT11NYGWAS,KXNFLSPREAD,KXNFLSPREAD-26OCT11NYGWAS-NYG7,NY Giants wins by over 6.5 points?,0.1900,0.2100,0.0000,0.00,0.00,active,2026-10-13T17:00:00Z,2026-10-05T15:51:29+00:00
KXNFLSPREAD-26OCT11NYGWAS,KXNFLSPREAD,KXNFLSPREAD-26OCT11NYGWAS-WAS14,WAS Commanders wins by over 13.5 points?,0.2300,0.2500,0.0000,0.00,0.00,active,2026-10-13T17:00:00Z,2026-10-05T15:51:29+00:00
KXNFLSPREAD-26OCT11NYGWAS,KXNFLSPREAD,KXNFLSPREAD-26OCT11NYGWAS-WAS10,WAS Commanders wins by over 9.5 points?,0.3100,0.3300,0.0000,0.00,0.00,active,2026-10-13T17:00:00Z,2026-10-05T15:51:29+00:00
KXNFLSPREAD-26OCT11NYGWAS,KXNFLSPREAD,KXNFLSPREAD-26OCT11NYGWAS-NYG2,NY Giants wins by over 1.5 points?,0.3500,0.3700,0.0000,0.00,0.00,active,2026-10-13T17:00:00Z,2026-10-05T15:51:29+00:00
KXNFLSPREAD-26OCT11NYGWAS,KXNFLSPREAD,KXNFLSPREAD-26OCT11NYGWAS-WAS15,WAS Commanders wins by over 14.5 points?,0.2100,0.2300,0.0000,0.00,0.00,active,2026-10-13T17:00:00Z,2026-10-05T15:51:29+00:00
KXNFLSPREAD-26OCT11NYGWAS,KXNFLSPREAD,KXNFLSPREAD-26OCT11NYGWAS-WAS8,WAS Commanders wins by over 7.5 points?,0.3400,0.3600,0.0000,0.00,0.00,active,2026-10-13T17:00:00Z,2026-10-05T15:51:29+00:00
KXNFLSPREAD-26OCT11NYGWAS,KXNFLSPREAD,KXNFLSPREAD-26OCT11NYGWAS-NYG11,NY Giants wins by over 10.5 points?,0.1000,0.1500,0.0000,0.00,0.00,active,2026-10-13T17:00:00Z,2026-10-05T15:51:29+00:00
KXNFLSPREAD-26OCT11NYGWAS,KXNFLSPREAD,KXNFLSPREAD-26OCT11NYGWAS-NYG15,NY Giants wins by over 14.5 points?,0.0600,0.1100,0.0000,0.00,0.00,active,2026-10-13T17:00:00Z,2026-10-05T15:51:29+00:00
KXNFLSPREAD-26OCT11NYGWAS,KXNFLSPREAD,KXNFLSPREAD-26OCT11NYGWAS-WAS21,WAS Commanders wins by over 20.5 points?,0.1200,0.1500,0.0000,0.00,0.00,active,2026-10-13T17:00:00Z,2026-10-05T15:51:29+00:00
KXNFLSPREAD-26OCT11NYGWAS,KXNFLSPREAD,KXNFLSPREAD-26OCT11NYGWAS-NYG5,NY Giants wins by over 4.5 points?,0.2300,0.2600,0.0000,0.00,0.00,active,2026-10-13T17:00:00Z,2026-10-05T15:51:29+00:00
KXNFLSPREAD-26OCT11NYGWAS,KXNFLSPREAD,KXNFLSPREAD-26OCT11NYGWAS-WAS11,WAS Commanders wins by over 10.5 points?,0.2800,0.2900,0.2800,90.00,90.00,active,2026-10-13T17:00:00Z,2026-10-05T15:51:29+00:00
KXNFLSPREAD-26OCT11NYGWAS,KXNFLSPREAD,KXNFLSPREAD-26OCT11NYGWAS-WAS2,WAS Commanders wins by over 1.5 points?,0.5800,0.6000,0.0000,0.00,0.00,active,2026-10-13T17:00:00Z,2026-10-05T15:51:29+00:00
KXNFLSPREAD-26OCT11NYGWAS,KXNFLSPREAD,KXNFLSPREAD-26OCT11NYGWAS-WAS6,WAS Commanders wins by over 5.5 points?,0.4200,0.4400,0.0000,0.00,0.00,active,2026-10-13T17:00:00Z,2026-10-05T15:51:29+00:00
KXNFLSPREAD-26OCT11NYGWAS,KXNFLSPREAD,KXNFLSPREAD-26OCT11NYGWAS-NYG6,NY Giants wins by over 5.5 points?,0.2100,0.2400,0.0000,0.00,0.00,active,2026-10-13T17:00:00Z,2026-10-05T15:51:29+00:00
KXNFLSPREAD-26OCT11NYGWAS,KXNFLSPREAD,KXNFLSPREAD-26OCT11NYGWAS-WAS3,WAS Commanders wins by over 2.5 points?,0.5700,0.5900,0.5800,98.66,98.66,active,2026-10-13T17:00:00Z,2026-10-05T15:51:29+00:00
KXNFLSPREAD-26OCT11NYGWAS,KXNFLSPREAD,KXNFLSPREAD-26OCT11NYGWAS-WAS18,WAS Commanders wins by over 17.5 points?,0.1600,0.1900,0.0000,0.00,0.00,active,2026-10-13T17:00:00Z,2026-10-05T15:51:29+00:00
KXNFLSPREAD-26OCT11NYGWAS,KXNFLSPREAD,KXNFLSPREAD-26OCT11NYGWAS-WAS5,WAS Commanders wins by over 4.5 points?,0.4500,0.4600,0.0000,0.00,0.00,active,2026-10-13T17:00:00Z,2026-10-05T15:51:29+00:00
KXNFLSPREAD-26OCT11NYGWAS,KXNFLSPREAD,KXNFLSPREAD-26OCT11NYGWAS-NYG3,NY Giants wins by over 2.5 points?,0.3200,0.3400,0.3500,59.91,59.91,active,2026-10-13T17:00:00Z,2026-10-05T15:51:29+00:00
KXNFLSPREAD-26OCT11NYGWAS,KXNFLSPREAD,KXNFLSPREAD-26OCT11NYGWAS-WAS17,WAS Commanders wins by over 16.5 points?,0.1800,0.2100,0.0000,0.00,0.00,active,2026-10-13T17:00:00Z,2026-10-05T15:51:29+00:00
KXNFLSPREAD-26OCT11NYGWAS,KXNFLSPREAD,KXNFLSPREAD-26OCT11NYGWAS-NYG14,NY Giants wins by over 13.5 points?,0.0800,0.1200,0.0000,0.00,0.00,active,2026-10-13T17:00:00Z,2026-10-05T15:51:29+00:00
KXNFLSPREAD-26OCT11NYGWAS,KXNFLSPREAD,KXNFLSPREAD-26OCT11NYGWAS-NYG10,NY Giants wins by over 9.5 points?,0.1200,0.1700,0.0000,0.00,0.00,active,2026-10-13T17:00:00Z,2026-10-05T15:51:29+00:00
KXNFLSPREAD-26OCT11NYGWAS,KXNFLSPREAD,KXNFLSPREAD-26OCT11NYGWAS-NYG8,NY Giants wins by over 7.5 points?,0.1500,0.1700,0.0000,0.00,0.00,active,2026-10-13T17:00:00Z,2026-10-05T15:51:29+00:00
KXNFLSPREAD-26OCT11NYGWAS,KXNFLSPREAD,KXNFLSPREAD-26OCT11NYGWAS-WAS7,WAS Commanders wins by over 6.5 points?,0.4000,0.4100,0.0000,0.00,0.00,active,2026-10-13T17:00:00Z,2026-10-05T15:51:29+00:00
KXNFLSPREAD-26OCT11NYGWAS,KXNFLSPREAD,KXNFLSPREAD-26OCT11NYGWAS-WAS4,WAS Commanders wins by over 3.5 points?,0.4800,0.4900,0.4900,2005.59,1691.70,active,2026-10-13T17:00:00Z,2026-10-05T15:51:29+00:00
KXNFLSPREAD-26OCT11NYGWAS,KXNFLSPREAD,KXNFLSPREAD-26OCT11NYGWAS-NYG4,NY Giants wins by over 3.5 points?,0.2700,0.2800,0.2900,164.25,164.25,active,2026-10-13T17:00:00Z,2026-10-05T15:51:29+00:00
KXNFLSPREAD-26OCT11PHIJAC,KXNFLSPREAD,KXNFLSPREAD-26OCT11PHIJAC-JAC7,JAC Jaguars wins by over 6.5 points?,0.4500,0.4600,0.4600,212.23,212.23,active,2026-10-13T13:30:00Z,2026-10-05T15:51:29+00:00
KXNFLSPREAD-26OCT11PHIJAC,KXNFLSPREAD,KXNFLSPREAD-26OCT11PHIJAC-JAC3,JAC Jaguars wins by over 2.5 points?,0.6400,0.6500,0.6300,4243.79,4193.18,active,2026-10-13T13:30:00Z,2026-10-05T15:51:29+00:00
KXNFLSPREAD-26OCT11PHIJAC,KXNFLSPREAD,KXNFLSPREAD-26OCT11PHIJAC-JAC2,JAC Jaguars wins by over 1.5 points?,0.6400,0.6600,0.6300,3335.79,2715.79,active,2026-10-13T13:30:00Z,2026-10-05T15:51:29+00:00
KXNFLSPREAD-26OCT11PHIJAC,KXNFLSPREAD,KXNFLSPREAD-26OCT11PHIJAC-JAC21,JAC Jaguars wins by over 20.5 points?,0.1200,0.1300,0.1300,1465.00,1465.00,active,2026-10-13T13:30:00Z,2026-10-05T15:51:29+00:00
KXNFLSPREAD-26OCT11PHIJAC,KXNFLSPREAD,KXNFLSPREAD-26OCT11PHIJAC-JAC6,JAC Jaguars wins by over 5.5 points?,0.4900,0.5100,0.4900,241.52,241.52,active,2026-10-13T13:30:00Z,2026-10-05T15:51:29+00:00
KXNFLSPREAD-26OCT11PHIJAC,KXNFLSPREAD,KXNFLSPREAD-26OCT11PHIJAC-PHI8,PHI Eagles wins by over 7.5 points?,0.1100,0.1300,0.1600,1177.28,588.64,active,2026-10-13T13:30:00Z,2026-10-05T15:51:29+00:00
KXNFLSPREAD-26OCT11PHIJAC,KXNFLSPREAD,KXNFLSPREAD-26OCT11PHIJAC-PHI14,PHI Eagles wins by over 13.5 points?,0.0500,0.0800,0.0000,0.00,0.00,active,2026-10-13T13:30:00Z,2026-10-05T15:51:29+00:00
KXNFLSPREAD-26OCT11PHIJAC,KXNFLSPREAD,KXNFLSPREAD-26OCT11PHIJAC-PHI7,PHI Eagles wins by over 6.5 points?,0.1500,0.1600,0.1900,465.74,465.74,active,2026-10-13T13:30:00Z,2026-10-05T15:51:29+00:00
KXNFLSPREAD-26OCT11PHIJAC,KXNFLSPREAD,KXNFLSPREAD-26OCT11PHIJAC-PHI6,PHI Eagles wins by over 5.5 points?,0.1700,0.1900,0.2100,368.00,368.00,active,2026-10-13T13:30:00Z,2026-10-05T15:51:29+00:00
KXNFLSPREAD-26OCT11PHIJAC,KXNFLSPREAD,KXNFLSPREAD-26OCT11PHIJAC-PHI5,PHI Eagles wins by over 4.5 points?,0.1800,0.1900,0.2200,398.61,398.61,active,2026-10-13T13:30:00Z,2026-10-05T15:51:29+00:00
KXNFLSPREAD-26OCT11PHIJAC,KXNFLSPREAD,KXNFLSPREAD-26OCT11PHIJAC-JAC5,JAC Jaguars wins by over 4.5 points?,0.5200,0.5300,0.5200,2528.33,2508.68,active,2026-10-13T13:30:00Z,2026-10-05T15:51:29+00:00
KXNFLSPREAD-26OCT11PHIJAC,KXNFLSPREAD,KXNFLSPREAD-26OCT11PHIJAC-JAC8,JAC Jaguars wins by over 7.5 points?,0.3800,0.4000,0.3600,15.15,15.15,active,2026-10-13T13:30:00Z,2026-10-05T15:51:29+00:00
KXNFLSPREAD-26OCT11PHIJAC,KXNFLSPREAD,KXNFLSPREAD-26OCT11PHIJAC-JAC14,JAC Jaguars wins by over 13.5 points?,0.2500,0.2700,0.2400,321.00,321.00,active,2026-10-13T13:30:00Z,2026-10-05T15:51:29+00:00
KXNFLSPREAD-26OCT11PHIJAC,KXNFLSPREAD,KXNFLSPREAD-26OCT11PHIJAC-PHI15,PHI Eagles wins by over 14.5 points?,0.0500,0.0700,0.0800,26.59,26.59,active,2026-10-13T13:30:00Z,2026-10-05T15:51:29+00:00
KXNFLSPREAD-26OCT11PHIJAC,KXNFLSPREAD,KXNFLSPREAD-26OCT11PHIJAC-PHI2,PHI Eagles wins by over 1.5 points?,0.2700,0.2900,0.3400,131.00,131.00,active,2026-10-13T13:30:00Z,2026-10-05T15:51:29+00:00
KXNFLSPREAD-26OCT11PHIJAC,KXNFLSPREAD,KXNFLSPREAD-26OCT11PHIJAC-JAC15,JAC Jaguars wins by over 14.5 points?,0.2100,0.2300,0.2000,177.00,177.00,active,2026-10-13T13:30:00Z,2026-10-05T15:51:29+00:00
KXNFLSPREAD-26OCT11PHIJAC,KXNFLSPREAD,KXNFLSPREAD-26OCT11PHIJAC-PHI3,PHI Eagles wins by over 2.5 points?,0.2600,0.2700,0.3100,267.00,267.00,active,2026-10-13T13:30:00Z,2026-10-05T15:51:29+00:00
KXNFLSPREAD-26OCT11PHIJAC,KXNFLSPREAD,KXNFLSPREAD-26OCT11PHIJAC-JAC18,JAC Jaguars wins by over 17.5 points?,0.1600,0.1800,0.1500,1813.00,1813.00,active,2026-10-13T13:30:00Z,2026-10-05T15:51:29+00:00
KXNFLSPREAD-26OCT11PHIJAC,KXNFLSPREAD,KXNFLSPREAD-26OCT11PHIJAC-JAC11,JAC Jaguars wins by over 10.5 points?,0.3000,0.3200,0.0000,0.00,0.00,active,2026-10-13T13:30:00Z,2026-10-05T15:51:29+00:00
KXNFLSPREAD-26OCT11PHIJAC,KXNFLSPREAD,KXNFLSPREAD-26OCT11PHIJAC-JAC4,JAC Jaguars wins by over 3.5 points?,0.5400,0.5500,0.5500,7999.23,6435.28,active,2026-10-13T13:30:00Z,2026-10-05T15:51:29+00:00
KXNFLSPREAD-26OCT11PHIJAC,KXNFLSPREAD,KXNFLSPREAD-26OCT11PHIJAC-PHI4,PHI Eagles wins by over 3.5 points?,0.2100,0.2200,0.2100,2608.28,2078.00,active,2026-10-13T13:30:00Z,2026-10-05T15:51:29+00:00
KXNFLSPREAD-26OCT11PHIJAC,KXNFLSPREAD,KXNFLSPREAD-26OCT11PHIJAC-JAC17,JAC Jaguars wins by over 16.5 points?,0.1800,0.2000,0.1800,406.00,406.00,active,2026-10-13T13:30:00Z,2026-10-05T15:51:29+00:00
KXNFLSPREAD-26OCT11PHIJAC,KXNFLSPREAD,KXNFLSPREAD-26OCT11PHIJAC-PHI11,PHI Eagles wins by over 10.5 points?,0.0700,0.1000,0.0000,0.00,0.00,active,2026-10-13T13:30:00Z,2026-10-05T15:51:29+00:00
KXNFLSPREAD-26OCT11PHIJAC,KXNFLSPREAD,KXNFLSPREAD-26OCT11PHIJAC-PHI10,PHI Eagles wins by over 9.5 points?,0.0800,0.1200,0.0000,0.00,0.00,active,2026-10-13T13:30:00Z,2026-10-05T15:51:29+00:00
KXNFLSPREAD-26OCT11PHIJAC,KXNFLSPREAD,KXNFLSPREAD-26OCT11PHIJAC-JAC10,JAC Jaguars wins by over 9.5 points?,0.3400,0.3600,0.0000,0.00,0.00,active,2026-10-13T13:30:00Z,2026-10-05T15:51:29+00:00
KXNFLSPREAD-26OCT11SFSEA,KXNFLSPREAD,KXNFLSPREAD-26OCT11SFSEA-SEA18,SEA Seahawks wins by over 17.5 points?,0.1200,0.1400,0.0000,0.00,0.00,active,2026-10-13T20:25:00Z,2026-10-05T15:51:29+00:00
KXNFLSPREAD-26OCT11SFSEA,KXNFLSPREAD,KXNFLSPREAD-26OCT11SFSEA-SF11,SF 49ers wins by over 10.5 points?,0.1100,0.1400,0.0000,0.00,0.00,active,2026-10-13T20:25:00Z,2026-10-05T15:51:29+00:00
KXNFLSPREAD-26OCT11SFSEA,KXNFLSPREAD,KXNFLSPREAD-26OCT11SFSEA-SEA21,SEA Seahawks wins by over 20.5 points?,0.0900,0.1100,0.0000,0.00,0.00,active,2026-10-13T20:25:00Z,2026-10-05T15:51:29+00:00
KXNFLSPREAD-26OCT11SFSEA,KXNFLSPREAD,KXNFLSPREAD-26OCT11SFSEA-SF14,SF 49ers wins by over 13.5 points?,0.0800,0.1100,0.0000,0.00,0.00,active,2026-10-13T20:25:00Z,2026-10-05T15:51:29+00:00
KXNFLSPREAD-26OCT11SFSEA,KXNFLSPREAD,KXNFLSPREAD-26OCT11SFSEA-SEA11,SEA Seahawks wins by over 10.5 points?,0.2300,0.2500,0.0000,0.00,0.00,active,2026-10-13T20:25:00Z,2026-10-05T15:51:29+00:00
KXNFLSPREAD-26OCT11SFSEA,KXNFLSPREAD,KXNFLSPREAD-26OCT11SFSEA-SEA10,SEA Seahawks wins by over 9.5 points?,0.2800,0.2900,0.2900,59.61,59.61,active,2026-10-13T20:25:00Z,2026-10-05T15:51:29+00:00
KXNFLSPREAD-26OCT11SFSEA,KXNFLSPREAD,KXNFLSPREAD-26OCT11SFSEA-SEA14,SEA Seahawks wins by over 13.5 points?,0.1900,0.2100,0.0000,0.00,0.00,active,2026-10-13T20:25:00Z,2026-10-05T15:51:29+00:00
KXNFLSPREAD-26OCT11SFSEA,KXNFLSPREAD,KXNFLSPREAD-26OCT11SFSEA-SF10,SF 49ers wins by over 9.5 points?,0.1300,0.1600,0.1800,26.26,26.26,active,2026-10-13T20:25:00Z,2026-10-05T15:51:29+00:00
KXNFLSPREAD-26OCT11SFSEA,KXNFLSPREAD,KXNFLSPREAD-26OCT11SFSEA-SF3,SF 49ers wins by over 2.5 points?,0.3500,0.3700,0.3700,319.63,319.63,active,2026-10-13T20:25:00Z,2026-10-05T15:51:29+00:00
KXNFLSPREAD-26OCT11SFSEA,KXNFLSPREAD,KXNFLSPREAD-26OCT11SFSEA-SF2,SF 49ers wins by over 1.5 points?,0.3700,0.3800,0.4000,23.99,23.99,active,2026-10-13T20:25:00Z,2026-10-05T15:51:29+00:00
KXNFLSPREAD-26OCT11SFSEA,KXNFLSPREAD,KXNFLSPREAD-26OCT11SFSEA-SEA7,SEA Seahawks wins by over 6.5 points?,0.3500,0.3700,0.0000,0.00,0.00,active,2026-10-13T20:25:00Z,2026-10-05T15:51:29+00:00
KXNFLSPREAD-26OCT11SFSEA,KXNFLSPREAD,KXNFLSPREAD-26OCT11SFSEA-SEA5,SEA Seahawks wins by over 4.5 points?,0.4000,0.4200,0.0000,0.00,0.00,active,2026-10-13T20:25:00Z,2026-10-05T15:51:29+00:00
KXNFLSPREAD-26OCT11SFSEA,KXNFLSPREAD,KXNFLSPREAD-26OCT11SFSEA-SEA17,SEA Seahawks wins by over 16.5 points?,0.1400,0.1600,0.0000,0.00,0.00,active,2026-10-13T20:25:00Z,2026-10-05T15:51:29+00:00
KXNFLSPREAD-26OCT11SFSEA,KXNFLSPREAD,KXNFLSPREAD-26OCT11SFSEA-SF8,SF 49ers wins by over 7.5 points?,0.1600,0.1700,0.1600,3.48,3.48,active,2026-10-13T20:25:00Z,2026-10-05T15:51:29+00:00
KXNFLSPREAD-26OCT11SFSEA,KXNFLSPREAD,KXNFLSPREAD-26OCT11SFSEA-SEA6,SEA Seahawks wins by over 5.5 points?,0.3800,0.4000,0.0000,0.00,0.00,active,2026-10-13T20:25:00Z,2026-10-05T15:51:29+00:00
KXNFLSPREAD-26OCT11SFSEA,KXNFLSPREAD,KXNFLSPREAD-26OCT11SFSEA-SEA4,SEA Seahawks wins by over 3.5 points?,0.4300,0.4500,0.4300,370.15,355.61,active,2026-10-13T20:25:00Z,2026-10-05T15:51:29+00:00
KXNFLSPREAD-26OCT11SFSEA,KXNFLSPREAD,KXNFLSPREAD-26OCT11SFSEA-SEA15,SEA Seahawks wins by over 14.5 points?,0.1700,0.1900,0.1700,118.00,118.00,active,2026-10-13T20:25:00Z,2026-10-05T15:51:29+00:00
KXNFLSPREAD-26OCT11SFSEA,KXNFLSPREAD,KXNFLSPREAD-26OCT11SFSEA-SF7,SF 49ers wins by over 6.5 points?,0.2100,0.2200,0.2200,1461.22,1461.22,active,2026-10-13T20:25:00Z,2026-10-05T15:51:29+00:00
KXNFLSPREAD-26OCT11SFSEA,KXNFLSPREAD,KXNFLSPREAD-26OCT11SFSEA-SEA3,SEA Seahawks wins by over 2.5 points?,0.5300,0.5500,0.5500,4172.13,4000.90,active,2026-10-13T20:25:00Z,2026-10-05T15:51:29+00:00
KXNFLSPREAD-26OCT11SFSEA,KXNFLSPREAD,KXNFLSPREAD-26OCT11SFSEA-SF15,SF 49ers wins by over 14.5 points?,0.0700,0.1000,0.0000,0.00,0.00,active,2026-10-13T20:25:00Z,2026-10-05T15:51:29+00:00
KXNFLSPREAD-26OCT11SFSEA,KXNFLSPREAD,KXNFLSPREAD-26OCT11SFSEA-SF4,SF 49ers wins by over 3.5 points?,0.2800,0.2900,0.0000,0.00,0.00,active,2026-10-13T20:25:00Z,2026-10-05T15:51:29+00:00
KXNFLSPREAD-26OCT11SFSEA,KXNFLSPREAD,KXNFLSPREAD-26OCT11SFSEA-SEA8,SEA Seahawks wins by over 7.5 points?,0.3000,0.3200,0.3000,13.87,13.87,active,2026-10-13T20:25:00Z,2026-10-05T15:51:29+00:00
KXNFLSPREAD-26OCT11SFSEA,KXNFLSPREAD,KXNFLSPREAD-26OCT11SFSEA-SF5,SF 49ers wins by over 4.5 points?,0.2500,0.2600,0.2700,55.85,55.85,active,2026-10-13T20:25:00Z,2026-10-05T15:51:29+00:00
KXNFLSPREAD-26OCT11SFSEA,KXNFLSPREAD,KXNFLSPREAD-26OCT11SFSEA-SEA2,SEA Seahawks wins by over 1.5 points?,0.5500,0.5700,0.0000,0.00,0.00,active,2026-10-13T20:25:00Z,2026-10-05T15:51:29+00:00
KXNFLSPREAD-26OCT11SFSEA,KXNFLSPREAD,KXNFLSPREAD-26OCT11SFSEA-SF6,SF 49ers wins by over 5.5 points?,0.2300,0.2500,0.0000,0.00,0.00,active,2026-10-13T20:25:00Z,2026-10-05T15:51:29+00:00
KXNFLTOTAL-26OCT05ATLNO,KXNFLTOTAL,KXNFLTOTAL-26OCT05ATLNO-64,Full Game: over 63.5 points scored?,0.1200,0.1300,0.1300,1105.02,1105.02,active,2026-10-08T00:15:00Z,2026-10-05T15:51:29+00:00
KXNFLTOTAL-26OCT05ATLNO,KXNFLTOTAL,KXNFLTOTAL-26OCT05ATLNO-67,Full Game: over 66.5 points scored?,0.0800,0.0900,0.0800,3907.93,3907.93,active,2026-10-08T00:15:00Z,2026-10-05T15:51:29+00:00
KXNFLTOTAL-26OCT05ATLNO,KXNFLTOTAL,KXNFLTOTAL-26OCT05ATLNO-61,Full Game: over 60.5 points scored?,0.1700,0.1800,0.1800,4810.96,4798.96,active,2026-10-08T00:15:00Z,2026-10-05T15:51:29+00:00
KXNFLTOTAL-26OCT05ATLNO,KXNFLTOTAL,KXNFLTOTAL-26OCT05ATLNO-28,Full Game: over 27.5 points scored?,0.9400,0.9500,0.9400,18165.22,16681.81,active,2026-10-08T00:15:00Z,2026-10-05T15:51:29+00:00
KXNFLTOTAL-26OCT05ATLNO,KXNFLTOTAL,KXNFLTOTAL-26OCT05ATLNO-31,Full Game: over 30.5 points scored?,0.9100,0.9200,0.9100,22485.86,22485.86,active,2026-10-08T00:15:00Z,2026-10-05T15:51:29+00:00
KXNFLTOTAL-26OCT05ATLNO,KXNFLTOTAL,KXNFLTOTAL-26OCT05ATLNO-58,Full Game: over 57.5 points scored?,0.2300,0.2400,0.2300,2217.87,2217.87,active,2026-10-08T00:15:00Z,2026-10-05T15:51:29+00:00
KXNFLTOTAL-26OCT05ATLNO,KXNFLTOTAL,KXNFLTOTAL-26OCT05ATLNO-51,Full Game: over 50.5 points scored?,0.4100,0.4200,0.4100,5347.76,5346.76,active,2026-10-08T00:15:00Z,2026-10-05T15:51:29+00:00
KXNFLTOTAL-26OCT05ATLNO,KXNFLTOTAL,KXNFLTOTAL-26OCT05ATLNO-49,Full Game: over 48.5 points scored?,0.4700,0.4800,0.4700,78045.99,67290.99,active,2026-10-08T00:15:00Z,2026-10-05T15:51:29+00:00
KXNFLTOTAL-26OCT05ATLNO,KXNFLTOTAL,KXNFLTOTAL-26OCT05ATLNO-55,Full Game: over 54.5 points scored?,0.3000,0.3200,0.3000,2566.23,2378.06,active,2026-10-08T00:15:00Z,2026-10-05T15:51:29+00:00
KXNFLTOTAL-26OCT05ATLNO,KXNFLTOTAL,KXNFLTOTAL-26OCT05ATLNO-34,Full Game: over 33.5 points scored?,0.8600,0.8700,0.8600,3067.76,3067.76,active,2026-10-08T00:15:00Z,2026-10-05T15:51:29+00:00
KXNFLTOTAL-26OCT05ATLNO,KXNFLTOTAL,KXNFLTOTAL-26OCT05ATLNO-48,Full Game: over 47.5 points scored?,0.5100,0.5200,0.5200,140950.22,104272.26,active,2026-10-08T00:15:00Z,2026-10-05T15:51:29+00:00
KXNFLTOTAL-26OCT05ATLNO,KXNFLTOTAL,KXNFLTOTAL-26OCT05ATLNO-40,Full Game: over 39.5 points scored?,0.7400,0.7500,0.7400,5040.20,4989.85,active,2026-10-08T00:15:00Z,2026-10-05T15:51:29+00:00
KXNFLTOTAL-26OCT05ATLNO,KXNFLTOTAL,KXNFLTOTAL-26OCT05ATLNO-47,Full Game: over 46.5 points scored?,0.5400,0.5500,0.5500,8264.97,8186.92,active,2026-10-08T00:15:00Z,2026-10-05T15:51:29+00:00
KXNFLTOTAL-26OCT05ATLNO,KXNFLTOTAL,KXNFLTOTAL-26OCT05ATLNO-50,Full Game: over 49.5 points scored?,0.4400,0.4500,0.4500,7909.99,7638.58,active,2026-10-08T00:15:00Z,2026-10-05T15:51:29+00:00
KXNFLTOTAL-26OCT05ATLNO,KXNFLTOTAL,KXNFLTOTAL-26OCT05ATLNO-43,Full Game: over 42.5 points scored?,0.6600,0.6700,0.6600,5327.37,5205.81,active,2026-10-08T00:15:00Z,2026-10-05T15:51:29+00:00
KXNFLTOTAL-26OCT05ATLNO,KXNFLTOTAL,KXNFLTOTAL-26OCT05ATLNO-52,Full Game: over 51.5 points scored?,0.3700,0.3800,0.3700,3511.63,3480.75,active,2026-10-08T00:15:00Z,2026-10-05T15:51:29+00:00
KXNFLTOTAL-26OCT05ATLNO,KXNFLTOTAL,KXNFLTOTAL-26OCT05ATLNO-37,Full Game: over 36.5 points scored?,0.8000,0.8100,0.8000,4757.75,4710.05,active,2026-10-08T00:15:00Z,2026-10-05T15:51:29+00:00
KXNFLTOTAL-26OCT05ATLNO,KXNFLTOTAL,KXNFLTOTAL-26OCT05ATLNO-46,Full Game: over 45.5 points scored?,0.5700,0.5800,0.5700,14679.48,14312.42,active,2026-10-08T00:15:00Z,2026-10-05T15:51:29+00:00
KXNFLTOTAL-26OCT05ATLNO,KXNFLTOTAL,KXNFLTOTAL-26OCT05ATLNO-70,Full Game: over 69.5 points scored?,0.0500,0.0600,0.0600,5073.18,4778.31,active,2026-10-08T00:15:00Z,2026-10-05T15:51:29+00:00
KXNFLTOTAL-26OCT08TBDAL,KXNFLTOTAL,KXNFLTOTAL-26OCT08TBDAL-66,Full Game: over 65.5 points scored?,0.0800,0.0900,0.0900,190.34,190.34,active,2026-10-11T00:15:00Z,2026-10-05T15:51:29+00:00
KXNFLTOTAL-26OCT08TBDAL,KXNFLTOTAL,KXNFLTOTAL-26OCT08TBDAL-69,Full Game: over 68.5 points scored?,0.0600,0.0800,0.0600,10.40,10.40,active,2026-10-11T00:15:00Z,2026-10-05T15:51:29+00:00
KXNFLTOTAL-26OCT08TBDAL,KXNFLTOTAL,KXNFLTOTAL-26OCT08TBDAL-42,Full Game: over 41.5 points scored?,0.6700,0.6800,0.6800,115.76,115.76,active,2026-10-11T00:15:00Z,2026-10-05T15:51:29+00:00
KXNFLTOTAL-26OCT08TBDAL,KXNFLTOTAL,KXNFLTOTAL-26OCT08TBDAL-46,Full Game: over 45.5 points scored?,0.5600,0.5700,0.5700,42.57,42.57,active,2026-10-11T00:15:00Z,2026-10-05T15:51:29+00:00
KXNFLTOTAL-26OCT08TBDAL,KXNFLTOTAL,KXNFLTOTAL-26OCT08TBDAL-45,Full Game: over 44.5 points scored?,0.5800,0.5900,0.5800,1190.00,1190.00,active,2026-10-11T00:15:00Z,2026-10-05T15:51:29+00:00
KXNFLTOTAL-26OCT08TBDAL,KXNFLTOTAL,KXNFLTOTAL-26OCT08TBDAL-50,Full Game: over 49.5 points scored?,0.4300,0.4400,0.4400,1879.59,1802.57,active,2026-10-11T00:15:00Z,2026-10-05T15:51:29+00:00
KXNFLTOTAL-26OCT08TBDAL,KXNFLTOTAL,KXNFLTOTAL-26OCT08TBDAL-30,Full Game: over 29.5 points scored?,0.9100,0.9300,0.9200,465.52,465.52,active,2026-10-11T00:15:00Z,2026-10-05T15:51:29+00:00
KXNFLTOTAL-26OCT08TBDAL,KXNFLTOTAL,KXNFLTOTAL-26OCT08TBDAL-33,Full Game: over 32.5 points scored?,0.8800,0.8900,0.8800,742.00,742.00,active,2026-10-11T00:15:00Z,2026-10-05T15:51:29+00:00
KXNFLTOTAL-26OCT08TBDAL,KXNFLTOTAL,KXNFLTOTAL-26OCT08TBDAL-36,Full Game: over 35.5 points scored?,0.8400,0.8500,0.8300,695.00,541.00,active,2026-10-11T00:15:00Z,2026-10-05T15:51:29+00:00
KXNFLTOTAL-26OCT08TBDAL,KXNFLTOTAL,KXNFLTOTAL-26OCT08TBDAL-27,Full Game: over 26.5 points scored?,0.9500,0.9600,0.9500,745.15,654.14,active,2026-10-11T00:15:00Z,2026-10-05T15:51:29+00:00
KXNFLTOTAL-26OCT08TBDAL,KXNFLTOTAL,KXNFLTOTAL-26OCT08TBDAL-47,Full Game: over 46.5 points scored?,0.5300,0.5500,0.5500,847.43,753.91,active,2026-10-11T00:15:00Z,2026-10-05T15:51:29+00:00
KXNFLTOTAL-26OCT08TBDAL,KXNFLTOTAL,KXNFLTOTAL-26OCT08TBDAL-51,Full Game: over 50.5 points scored?,0.4000,0.4100,0.4000,120.58,85.58,active,2026-10-11T00:15:00Z,2026-10-05T15:51:29+00:00
KXNFLTOTAL-26OCT08TBDAL,KXNFLTOTAL,KXNFLTOTAL-26OCT08TBDAL-49,Full Game: over 48.5 points scored?,0.4600,0.4700,0.4700,123.60,123.60,active,2026-10-11T00:15:00Z,2026-10-05T15:51:29+00:00
KXNFLTOTAL-26OCT08TBDAL,KXNFLTOTAL,KXNFLTOTAL-26OCT08TBDAL-48,Full Game: over 47.5 points scored?,0.5000,0.5100,0.5100,35783.14,22435.92,active,2026-10-11T00:15:00Z,2026-10-05T15:51:29+00:00
KXNFLTOTAL-26OCT08TBDAL,KXNFLTOTAL,KXNFLTOTAL-26OCT08TBDAL-57,Full Game: over 56.5 points scored?,0.2400,0.2600,0.2400,2013.86,1908.86,active,2026-10-11T00:15:00Z,2026-10-05T15:51:29+00:00
KXNFLTOTAL-26OCT08TBDAL,KXNFLTOTAL,KXNFLTOTAL-26OCT08TBDAL-54,Full Game: over 53.5 points scored?,0.3100,0.3300,0.3200,2245.80,2210.80,active,2026-10-11T00:15:00Z,2026-10-05T15:51:29+00:00
KXNFLTOTAL-26OCT08TBDAL,KXNFLTOTAL,KXNFLTOTAL-26OCT08TBDAL-63,Full Game: over 62.5 points scored?,0.1200,0.1300,0.1300,2410.30,2318.35,active,2026-10-11T00:15:00Z,2026-10-05T15:51:29+00:00
KXNFLTOTAL-26OCT08TBDAL,KXNFLTOTAL,KXNFLTOTAL-26OCT08TBDAL-60,Full Game: over 59.5 points scored?,0.1700,0.1900,0.1700,162.00,137.00,active,2026-10-11T00:15:00Z,2026-10-05T15:51:29+00:00
KXNFLTOTAL-26OCT08TBDAL,KXNFLTOTAL,KXNFLTOTAL-26OCT08TBDAL-39,Full Game: over 38.5 points scored?,0.7500,0.7600,0.7500,368.46,267.11,active,2026-10-11T00:15:00Z,2026-10-05T15:51:29+00:00
KXNFLTOTAL-26OCT11BALATL,KXNFLTOTAL,KXNFLTOTAL-26OCT11BALATL-68,Full Game: over 67.5 points scored?,0.0600,0.1100,0.0000,0.00,0.00,active,2026-10-14T00:20:00Z,2026-10-05T15:51:29+00:00
KXNFLTOTAL-26OCT11BALATL,KXNFLTOTAL,KXNFLTOTAL-26OCT11BALATL-59,Full Game: over 58.5 points scored?,0.1800,0.2300,0.0000,0.00,0.00,active,2026-10-14T00:20:00Z,2026-10-05T15:51:29+00:00
KXNFLTOTAL-26OCT11BALATL,KXNFLTOTAL,KXNFLTOTAL-26OCT11BALATL-56,Full Game: over 55.5 points scored?,0.2400,0.2900,0.0000,0.00,0.00,active,2026-10-14T00:20:00Z,2026-10-05T15:51:29+00:00
KXNFLTOTAL-26OCT11BALATL,KXNFLTOTAL,KXNFLTOTAL-26OCT11BALATL-32,Full Game: over 31.5 points scored?,0.8500,0.9000,0.0000,0.00,0.00,active,2026-10-14T00:20:00Z,2026-10-05T15:51:29+00:00
KXNFLTOTAL-26OCT11BALATL,KXNFLTOTAL,KXNFLTOTAL-26OCT11BALATL-62,Full Game: over 61.5 points scored?,0.1400,0.1700,0.1900,1.00,1.00,active,2026-10-14T00:20:00Z,2026-10-05T15:51:29+00:00
KXNFLTOTAL-26OCT11BALATL,KXNFLTOTAL,KXNFLTOTAL-26OCT11BALATL-35,Full Game: over 34.5 points scored?,0.7800,0.8300,0.0000,0.00,0.00,active,2026-10-14T00:20:00Z,2026-10-05T15:51:29+00:00
KXNFLTOTAL-26OCT11BALATL,KXNFLTOTAL,KXNFLTOTAL-26OCT11BALATL-46,Full Game: over 45.5 points scored?,0.4900,0.5000,0.0000,0.00,0.00,active,2026-10-14T00:20:00Z,2026-10-05T15:51:29+00:00
KXNFLTOTAL-26OCT11BALATL,KXNFLTOTAL,KXNFLTOTAL-26OCT11BALATL-47,Full Game: over 46.5 points scored?,0.4800,0.5000,0.4700,219.20,219.20,active,2026-10-14T00:20:00Z,2026-10-05T15:51:29+00:00
KXNFLTOTAL-26OCT11BALATL,KXNFLTOTAL,KXNFLTOTAL-26OCT11BALATL-45,Full Game: over 44.5 points scored?,0.5100,0.5400,0.5500,2.36,2.36,active,2026-10-14T00:20:00Z,2026-10-05T15:51:29+00:00
KXNFLTOTAL-26OCT11BALATL,KXNFLTOTAL,KXNFLTOTAL-26OCT11BALATL-50,Full Game: over 49.5 points scored?,0.3900,0.4300,0.0000,0.00,0.00,active,2026-10-14T00:20:00Z,2026-10-05T15:51:29+00:00
KXNFLTOTAL-26OCT11BALATL,KXNFLTOTAL,KXNFLTOTAL-26OCT11BALATL-48,Full Game: over 47.5 points scored?,0.4300,0.4600,0.4700,250.00,250.00,active,2026-10-14T00:20:00Z,2026-10-05T15:51:29+00:00
KXNFLTOTAL-26OCT11BALATL,KXNFLTOTAL,KXNFLTOTAL-26OCT11BALATL-26,Full Game: over 25.5 points scored?,0.9400,0.9800,0.0000,0.00,0.00,active,2026-10-14T00:20:00Z,2026-10-05T15:51:29+00:00
KXNFLTOTAL-26OCT11BALATL,KXNFLTOTAL,KXNFLTOTAL-26OCT11BALATL-29,Full Game: over 28.5 points scored?,0.8900,0.9400,0.0000,0.00,0.00,active,2026-10-14T00:20:00Z,2026-10-05T15:51:29+00:00
KXNFLTOTAL-26OCT11BALATL,KXNFLTOTAL,KXNFLTOTAL-26OCT11BALATL-38,Full Game: over 37.5 points scored?,0.7000,0.7500,0.0000,0.00,0.00,active,2026-10-14T00:20:00Z,2026-10-05T15:51:29+00:00
KXNFLTOTAL-26OCT11BALATL,KXNFLTOTAL,KXNFLTOTAL-26OCT11BALATL-65,Full Game: over 64.5 points scored?,0.0900,0.1400,0.0000,0.00,0.00,active,2026-10-14T00:20:00Z,2026-10-05T15:51:29+00:00
KXNFLTOTAL-26OCT11BALATL,KXNFLTOTAL,KXNFLTOTAL-26OCT11BALATL-41,Full Game: over 40.5 points scored?,0.6400,0.6900,0.0000,0.00,0.00,active,2026-10-14T00:20:00Z,2026-10-05T15:51:29+00:00
KXNFLTOTAL-26OCT11BALATL,KXNFLTOTAL,KXNFLTOTAL-26OCT11BALATL-53,Full Game: over 52.5 points scored?,0.3000,0.3500,0.0000,0.00,0.00,active,2026-10-14T00:20:00Z,2026-10-05T15:51:29+00:00
KXNFLTOTAL-26OCT11BALATL,KXNFLTOTAL,KXNFLTOTAL-26OCT11BALATL-44,Full Game: over 43.5 points scored?,0.5500,0.6000,0.0000,0.00,0.00,active,2026-10-14T00:20:00Z,2026-10-05T15:51:29+00:00
KXNFLTOTAL-26OCT11BALATL,KXNFLTOTAL,KXNFLTOTAL-26OCT11BALATL-49,Full Game: over 48.5 points scored?,0.4000,0.4500,0.0000,0.00,0.00,active,2026-10-14T00:20:00Z,2026-10-05T15:51:29+00:00
KXNFLTOTAL-26OCT11CINMIA,KXNFLTOTAL,KXNFLTOTAL-26OCT11CINMIA-44,Full Game: over 43.5 points scored?,0.4400,0.4900,0.0000,0.00,0.00,active,2026-10-13T17:00:00Z,2026-10-05T15:51:29+00:00
KXNFLTOTAL-26OCT11CINMIA,KXNFLTOTAL,KXNFLTOTAL-26OCT11CINMIA-40,Full Game: over 39.5 points scored?,0.5900,0.6200,0.0000,0.00,0.00,active,2026-10-13T17:00:00Z,2026-10-05T15:51:29+00:00
KXNFLTOTAL-26OCT11CINMIA,KXNFLTOTAL,KXNFLTOTAL-26OCT11CINMIA-67,Full Game: over 66.5 points scored?,0.0400,0.0900,0.0000,0.00,0.00,active,2026-10-13T17:00:00Z,2026-10-05T15:51:29+00:00
KXNFLTOTAL-26OCT11CINMIA,KXNFLTOTAL,KXNFLTOTAL-26OCT11CINMIA-55,Full Game: over 54.5 points scored?,0.2000,0.2100,0.0000,0.00,0.00,active,2026-10-13T17:00:00Z,2026-10-05T15:51:29+00:00
KXNFLTOTAL-26OCT11CINMIA,KXNFLTOTAL,KXNFLTOTAL-26OCT11CINMIA-48,Full Game: over 47.5 points scored?,0.3400,0.3600,0.0000,0.00,0.00,active,2026-10-13T17:00:00Z,2026-10-05T15:51:29+00:00
KXNFLTOTAL-26OCT11CINMIA,KXNFLTOTAL,KXNFLTOTAL-26OCT11CINMIA-52,Full Game: over 51.5 points scored?,0.2500,0.2600,0.0000,0.00,0.00,active,2026-10-13T17:00:00Z,2026-10-05T15:51:29+00:00
KXNFLTOTAL-26OCT11CINMIA,KXNFLTOTAL,KXNFLTOTAL-26OCT11CINMIA-61,Full Game: over 60.5 points scored?,0.1000,0.1100,0.0000,0.00,0.00,active,2026-10-13T17:00:00Z,2026-10-05T15:51:29+00:00
KXNFLTOTAL-26OCT11CINMIA,KXNFLTOTAL,KXNFLTOTAL-26OCT11CINMIA-58,Full Game: over 57.5 points scored?,0.1400,0.1500,0.0000,0.00,0.00,active,2026-10-13T17:00:00Z,2026-10-05T15:51:29+00:00
KXNFLTOTAL-26OCT11CINMIA,KXNFLTOTAL,KXNFLTOTAL-26OCT11CINMIA-43,Full Game: over 42.5 points scored?,0.5000,0.5100,0.5000,1433.39,1433.39,active,2026-10-13T17:00:00Z,2026-10-05T15:51:29+00:00
KXNFLTOTAL-26OCT11CINMIA,KXNFLTOTAL,KXNFLTOTAL-26OCT11CINMIA-49,Full Game: over 48.5 points scored?,0.3200,0.3400,0.0000,0.00,0.00,active,2026-10-13T17:00:00Z,2026-10-05T15:51:29+00:00
KXNFLTOTAL-26OCT11CINMIA,KXNFLTOTAL,KXNFLTOTAL-26OCT11CINMIA-46,Full Game: over 45.5 points scored?,0.4000,0.4100,0.4000,3763.41,3520.73,active,2026-10-13T17:00:00Z,2026-10-05T15:51:29+00:00
KXNFLTOTAL-26OCT11CINMIA,KXNFLTOTAL,KXNFLTOTAL-26OCT11CINMIA-25,Full Game: over 24.5 points scored?,0.9400,0.9600,0.9400,600.00,600.00,active,2026-10-13T17:00:00Z,2026-10-05T15:51:29+00:00
KXNFLTOTAL-26OCT11CINMIA,KXNFLTOTAL,KXNFLTOTAL-26OCT11CINMIA-45,Full Game: over 44.5 points scored?,0.4300,0.4400,0.3900,3369.32,3319.32,active,2026-10-13T17:00:00Z,2026-10-05T15:51:29+00:00
KXNFLTOTAL-26OCT11CINMIA,KXNFLTOTAL,KXNFLTOTAL-26OCT11CINMIA-34,Full Game: over 33.5 points scored?,0.7800,0.8000,0.7800,500.00,500.00,active,2026-10-13T17:00:00Z,2026-10-05T15:51:29+00:00
KXNFLTOTAL-26OCT11CINMIA,KXNFLTOTAL,KXNFLTOTAL-26OCT11CINMIA-31,Full Game: over 30.5 points scored?,0.8500,0.8700,0.8500,500.00,500.00,active,2026-10-13T17:00:00Z,2026-10-05T15:51:29+00:00
KXNFLTOTAL-26OCT11CINMIA,KXNFLTOTAL,KXNFLTOTAL-26OCT11CINMIA-37,Full Game: over 36.5 points scored?,0.7000,0.7200,0.7000,500.00,500.00,active,2026-10-13T17:00:00Z,2026-10-05T15:51:29+00:00
KXNFLTOTAL-26OCT11CINMIA,KXNFLTOTAL,KXNFLTOTAL-26OCT11CINMIA-28,Full Game: over 27.5 points scored?,0.8900,0.9200,0.0000,0.00,0.00,active,2026-10-13T17:00:00Z,2026-10-05T15:51:29+00:00
KXNFLTOTAL-26OCT11CINMIA,KXNFLTOTAL,KXNFLTOTAL-26OCT11CINMIA-47,Full Game: over 46.5 points scored?,0.3800,0.3900,0.3900,899.62,864.62,active,2026-10-13T17:00:00Z,2026-10-05T15:51:29+00:00
KXNFLTOTAL-26OCT11CINMIA,KXNFLTOTAL,KXNFLTOTAL-26OCT11CINMIA-64,Full Game: over 63.5 points scored?,0.0700,0.0900,0.0000,0.00,0.00,active,2026-10-13T17:00:00Z,2026-10-05T15:51:29+00:00
KXNFLTOTAL-26OCT11CLENYJ,KXNFLTOTAL,KXNFLTOTAL-26OCT11CLENYJ-20,Full Game: over 19.5 points scored?,0.9300,0.9500,0.9200,230.00,230.00,active,2026-10-13T17:00:00Z,2026-10-05T15:51:29+00:00
KXNFLTOTAL-26OCT11CLENYJ,KXNFLTOTAL,KXNFLTOTAL-26OCT11CLENYJ-53,Full Game: over 52.5 points scored?,0.1500,0.1900,0.0000,0.00,0.00,active,2026-10-13T17:00:00Z,2026-10-05T15:51:29+00:00
KXNFLTOTAL-26OCT11CLENYJ,KXNFLTOTAL,KXNFLTOTAL-26OCT11CLENYJ-32,Full Game: over 31.5 points scored?,0.7300,0.7500,0.0000,0.00,0.00,active,2026-10-13T17:00:00Z,2026-10-05T15:51:29+00:00
KXNFLTOTAL-26OCT11CLENYJ,KXNFLTOTAL,KXNFLTOTAL-26OCT11CLENYJ-50,Full Game: over 49.5 points scored?,0.2100,0.2500,0.0000,0.00,0.00,active,2026-10-13T17:00:00Z,2026-10-05T15:51:29+00:00
KXNFLTOTAL-26OCT11CLENYJ,KXNFLTOTAL,KXNFLTOTAL-26OCT11CLENYJ-26,Full Game: over 25.5 points scored?,0.8700,0.8800,0.0000,0.00,0.00,active,2026-10-13T17:00:00Z,2026-10-05T15:51:29+00:00
KXNFLTOTAL-26OCT11CLENYJ,KXNFLTOTAL,KXNFLTOTAL-26OCT11CLENYJ-62,Full Game: over 61.5 points scored?,0.0500,0.0800,0.0000,0.00,0.00,active,2026-10-13T17:00:00Z,2026-10-05T15:51:29+00:00
KXNFLTOTAL-26OCT11CLENYJ,KXNFLTOTAL,KXNFLTOTAL-26OCT11CLENYJ-56,Full Game: over 55.5 points scored?,0.1000,0.1400,0.0000,0.00,0.00,active,2026-10-13T17:00:00Z,2026-10-05T15:51:29+00:00
KXNFLTOTAL-26OCT11CLENYJ,KXNFLTOTAL,KXNFLTOTAL-26OCT11CLENYJ-59,Full Game: over 58.5 points scored?,0.0700,0.1100,0.0000,0.00,0.00,active,2026-10-13T17:00:00Z,2026-10-05T15:51:29+00:00
KXNFLTOTAL-26OCT11CLENYJ,KXNFLTOTAL,KXNFLTOTAL-26OCT11CLENYJ-35,Full Game: over 34.5 points scored?,0.6400,0.6700,0.0000,0.00,0.00,active,2026-10-13T17:00:00Z,2026-10-05T15:51:29+00:00
KXNFLTOTAL-26OCT11CLENYJ,KXNFLTOTAL,KXNFLTOTAL-26OCT11CLENYJ-41,Full Game: over 40.5 points scored?,0.4700,0.4900,0.4900,19.60,19.60,active,2026-10-13T17:00:00Z,2026-10-05T15:51:29+00:00
KXNFLTOTAL-26OCT11CLENYJ,KXNFLTOTAL,KXNFLTOTAL-26OCT11CLENYJ-47,Full Game: over 46.5 points scored?,0.2900,0.3300,0.0000,0.00,0.00,active,2026-10-13T17:00:00Z,2026-10-05T15:51:29+00:00
KXNFLTOTAL-26OCT11CLENYJ,KXNFLTOTAL,KXNFLTOTAL-26OCT11CLENYJ-29,Full Game: over 28.5 points scored?,0.8100,0.8300,0.0000,0.00,0.00,active,2026-10-13T17:00:00Z,2026-10-05T15:51:29+00:00
KXNFLTOTAL-26OCT11CLENYJ,KXNFLTOTAL,KXNFLTOTAL-26OCT11CLENYJ-43,Full Game: over 42.5 points scored?,0.4000,0.4300,0.0000,0.00,0.00,active,2026-10-13T17:00:00Z,2026-10-05T15:51:29+00:00
KXNFLTOTAL-26OCT11CLENYJ,KXNFLTOTAL,KXNFLTOTAL-26OCT11CLENYJ-38,Full Game: over 37.5 points scored?,0.5600,0.5800,0.5700,50.00,50.00,active,2026-10-13T17:00:00Z,2026-10-05T15:51:29+00:00
KXNFLTOTAL-26OCT11CLENYJ,KXNFLTOTAL,KXNFLTOTAL-26OCT11CLENYJ-39,Full Game: over 38.5 points scored?,0.5300,0.5500,0.5300,100.00,100.00,active,2026-10-13T17:00:00Z,2026-10-05T15:51:29+00:00
KXNFLTOTAL-26OCT11CLENYJ,KXNFLTOTAL,KXNFLTOTAL-26OCT11CLENYJ-40,Full Game: over 39.5 points scored?,0.5200,0.5300,0.5300,355.82,213.27,active,2026-10-13T17:00:00Z,2026-10-05T15:51:29+00:00
KXNFLTOTAL-26OCT11CLENYJ,KXNFLTOTAL,KXNFLTOTAL-26OCT11CLENYJ-42,Full Game: over 41.5 points scored?,0.4400,0.4600,0.0000,0.00,0.00,active,2026-10-13T17:00:00Z,2026-10-05T15:51:29+00:00
KXNFLTOTAL-26OCT11CLENYJ,KXNFLTOTAL,KXNFLTOTAL-26OCT11CLENYJ-23,Full Game: over 22.5 points scored?,0.9000,0.9200,0.0000,0.00,0.00,active,2026-10-13T17:00:00Z,2026-10-05T15:51:29+00:00
KXNFLTOTAL-26OCT11CLENYJ,KXNFLTOTAL,KXNFLTOTAL-26OCT11CLENYJ-44,Full Game: over 43.5 points scored?,0.3700,0.4200,0.0000,0.00,0.00,active,2026-10-13T17:00:00Z,2026-10-05T15:51:29+00:00
KXNFLTOTAL-26OCT11DENLAC,KXNFLTOTAL,KXNFLTOTAL-26OCT11DENLAC-45,Full Game: over 44.5 points scored?,0.4100,0.4600,0.0000,0.00,0.00,active,2026-10-13T20:05:00Z,2026-10-05T15:51:29+00:00
KXNFLTOTAL-26OCT11DENLAC,KXNFLTOTAL,KXNFLTOTAL-26OCT11DENLAC-41,Full Game: over 40.5 points scored?,0.5300,0.5800,0.0000,0.00,0.00,active,2026-10-13T20:05:00Z,2026-10-05T15:51:29+00:00
KXNFLTOTAL-26OCT11DENLAC,KXNFLTOTAL,KXNFLTOTAL-26OCT11DENLAC-23,Full Game: over 22.5 points scored?,0.9300,0.9700,0.0000,0.00,0.00,active,2026-10-13T20:05:00Z,2026-10-05T15:51:29+00:00
KXNFLTOTAL-26OCT11DENLAC,KXNFLTOTAL,KXNFLTOTAL-26OCT11DENLAC-56,Full Game: over 55.5 points scored?,0.1500,0.1900,0.0000,0.00,0.00,active,2026-10-13T20:05:00Z,2026-10-05T15:51:29+00:00
KXNFLTOTAL-26OCT11DENLAC,KXNFLTOTAL,KXNFLTOTAL-26OCT11DENLAC-26,Full Game: over 25.5 points scored?,0.8900,0.9400,0.0000,0.00,0.00,active,2026-10-13T20:05:00Z,2026-10-05T15:51:29+00:00
KXNFLTOTAL-26OCT11DENLAC,KXNFLTOTAL,KXNFLTOTAL-26OCT11DENLAC-29,Full Game: over 28.5 points scored?,0.8500,0.9000,0.0000,0.00,0.00,active,2026-10-13T20:05:00Z,2026-10-05T15:51:29+00:00
KXNFLTOTAL-26OCT11DENLAC,KXNFLTOTAL,KXNFLTOTAL-26OCT11DENLAC-50,Full Game: over 49.5 points scored?,0.2800,0.3200,0.0000,0.00,0.00,active,2026-10-13T20:05:00Z,2026-10-05T15:51:29+00:00
KXNFLTOTAL-26OCT11DENLAC,KXNFLTOTAL,KXNFLTOTAL-26OCT11DENLAC-62,Full Game: over 61.5 points scored?,0.0700,0.1100,0.0000,0.00,0.00,active,2026-10-13T20:05:00Z,2026-10-05T15:51:29+00:00
KXNFLTOTAL-26OCT11DENLAC,KXNFLTOTAL,KXNFLTOTAL-26OCT11DENLAC-65,Full Game: over 64.5 points scored?,0.0500,0.0800,0.0000,0.00,0.00,active,2026-10-13T20:05:00Z,2026-10-05T15:51:29+00:00
KXNFLTOTAL-26OCT11DENLAC,KXNFLTOTAL,KXNFLTOTAL-26OCT11DENLAC-35,Full Game: over 34.5 points scored?,0.7100,0.7600,0.0000,0.00,0.00,active,2026-10-13T20:05:00Z,2026-10-05T15:51:29+00:00
KXNFLTOTAL-26OCT11DENLAC,KXNFLTOTAL,KXNFLTOTAL-26OCT11DENLAC-59,Full Game: over 58.5 points scored?,0.1000,0.1400,0.0000,0.00,0.00,active,2026-10-13T20:05:00Z,2026-10-05T15:51:29+00:00
KXNFLTOTAL-26OCT11DENLAC,KXNFLTOTAL,KXNFLTOTAL-26OCT11DENLAC-38,Full Game: over 37.5 points scored?,0.6200,0.6700,0.0000,0.00,0.00,active,2026-10-13T20:05:00Z,2026-10-05T15:51:29+00:00
KXNFLTOTAL-26OCT11DENLAC,KXNFLTOTAL,KXNFLTOTAL-26OCT11DENLAC-53,Full Game: over 52.5 points scored?,0.2100,0.2500,0.0000,0.00,0.00,active,2026-10-13T20:05:00Z,2026-10-05T15:51:29+00:00
KXNFLTOTAL-26OCT11DENLAC,KXNFLTOTAL,KXNFLTOTAL-26OCT11DENLAC-32,Full Game: over 31.5 points scored?,0.7900,0.8400,0.0000,0.00,0.00,active,2026-10-13T20:05:00Z,2026-10-05T15:51:29+00:00
KXNFLTOTAL-26OCT11DENLAC,KXNFLTOTAL,KXNFLTOTAL-26OCT11DENLAC-42,Full Game: over 41.5 points scored?,0.5000,0.5500,0.0000,0.00,0.00,active,2026-10-13T20:05:00Z,2026-10-05T15:51:29+00:00
KXNFLTOTAL-26OCT11DENLAC,KXNFLTOTAL,KXNFLTOTAL-26OCT11DENLAC-44,Full Game: over 43.5 points scored?,0.4400,0.4600,0.4400,7021.67,6302.33,active,2026-10-13T20:05:00Z,2026-10-05T15:51:29+00:00
KXNFLTOTAL-26OCT11DENLAC,KXNFLTOTAL,KXNFLTOTAL-26OCT11DENLAC-47,Full Game: over 46.5 points scored?,0.3600,0.4100,0.0000,0.00,0.00,active,2026-10-13T20:05:00Z,2026-10-05T15:51:29+00:00
KXNFLTOTAL-26OCT11DENLAC,KXNFLTOTAL,KXNFLTOTAL-26OCT11DENLAC-46,Full Game: over 45.5 points scored?,0.3800,0.4300,0.0000,0.00,0.00,active,2026-10-13T20:05:00Z,2026-10-05T15:51:29+00:00
KXNFLTOTAL-26OCT11DENLAC,KXNFLTOTAL,KXNFLTOTAL-26OCT11DENLAC-43,Full Game: over 42.5 points scored?,0.4800,0.4900,0.4900,1720.55,1720.55,active,2026-10-13T20:05:00Z,2026-10-05T15:51:29+00:00
KXNFLTOTAL-26OCT11DETARI,KXNFLTOTAL,KXNFLTOTAL-26OCT11DETARI-52,Full Game: over 51.5 points scored?,0.5300,0.5800,0.0000,0.00,0.00,active,2026-10-13T20:25:00Z,2026-10-05T15:51:29+00:00
KXNFLTOTAL-26OCT11DETARI,KXNFLTOTAL,KXNFLTOTAL-26OCT11DETARI-70,Full Game: over 69.5 points scored?,0.1300,0.1600,0.0000,0.00,0.00,active,2026-10-13T20:25:00Z,2026-10-05T15:51:29+00:00
KXNFLTOTAL-26OCT11DETARI,KXNFLTOTAL,KXNFLTOTAL-26OCT11DETARI-64,Full Game: over 63.5 points scored?,0.2400,0.2700,0.0000,0.00,0.00,active,2026-10-13T20:25:00Z,2026-10-05T15:51:29+00:00
KXNFLTOTAL-26OCT11DETARI,KXNFLTOTAL,KXNFLTOTAL-26OCT11DETARI-53,Full Game: over 52.5 points scored?,0.5200,0.5600,0.0000,0.00,0.00,active,2026-10-13T20:25:00Z,2026-10-05T15:51:29+00:00
KXNFLTOTAL-26OCT11DETARI,KXNFLTOTAL,KXNFLTOTAL-26OCT11DETARI-76,Full Game: over 75.5 points scored?,0.0600,0.0900,0.0000,0.00,0.00,active,2026-10-13T20:25:00Z,2026-10-05T15:51:29+00:00
KXNFLTOTAL-26OCT11DETARI,KXNFLTOTAL,KXNFLTOTAL-26OCT11DETARI-34,Full Game: over 33.5 points scored?,0.9100,0.9400,0.0000,0.00,0.00,active,2026-10-13T20:25:00Z,2026-10-05T15:51:29+00:00
KXNFLTOTAL-26OCT11DETARI,KXNFLTOTAL,KXNFLTOTAL-26OCT11DETARI-37,Full Game: over 36.5 points scored?,0.8800,0.9100,0.0000,0.00,0.00,active,2026-10-13T20:25:00Z,2026-10-05T15:51:29+00:00
KXNFLTOTAL-26OCT11DETARI,KXNFLTOTAL,KXNFLTOTAL-26OCT11DETARI-46,Full Game: over 45.5 points scored?,0.7000,0.7300,0.0000,0.00,0.00,active,2026-10-13T20:25:00Z,2026-10-05T15:51:29+00:00
KXNFLTOTAL-26OCT11DETARI,KXNFLTOTAL,KXNFLTOTAL-26OCT11DETARI-57,Full Game: over 56.5 points scored?,0.4000,0.4500,0.0000,0.00,0.00,active,2026-10-13T20:25:00Z,2026-10-05T15:51:29+00:00
KXNFLTOTAL-26OCT11DETARI,KXNFLTOTAL,KXNFLTOTAL-26OCT11DETARI-56,Full Game: over 55.5 points scored?,0.4200,0.4700,0.0000,0.00,0.00,active,2026-10-13T20:25:00Z,2026-10-05T15:51:29+00:00
KXNFLTOTAL-26OCT11DETARI,KXNFLTOTAL,KXNFLTOTAL-26OCT11DETARI-49,Full Game: over 48.5 points scored?,0.6200,0.6600,0.0000,0.00,0.00,active,2026-10-13T20:25:00Z,2026-10-05T15:51:29+00:00
KXNFLTOTAL-26OCT11DETARI,KXNFLTOTAL,KXNFLTOTAL-26OCT11DETARI-73,Full Game: over 72.5 points scored?,0.0900,0.1200,0.0000,0.00,0.00,active,2026-10-13T20:25:00Z,2026-10-05T15:51:29+00:00
KXNFLTOTAL-26OCT11DETARI,KXNFLTOTAL,KXNFLTOTAL-26OCT11DETARI-43,Full Game: over 42.5 points scored?,0.7800,0.8000,0.0000,0.00,0.00,active,2026-10-13T20:25:00Z,2026-10-05T15:51:29+00:00
KXNFLTOTAL-26OCT11DETARI,KXNFLTOTAL,KXNFLTOTAL-26OCT11DETARI-67,Full Game: over 66.5 points scored?,0.1800,0.2100,0.0000,0.00,0.00,active,2026-10-13T20:25:00Z,2026-10-05T15:51:29+00:00
KXNFLTOTAL-26OCT11DETARI,KXNFLTOTAL,KXNFLTOTAL-26OCT11DETARI-61,Full Game: over 60.5 points scored?,0.3100,0.3400,0.0000,0.00,0.00,active,2026-10-13T20:25:00Z,2026-10-05T15:51:29+00:00
KXNFLTOTAL-26OCT11DETARI,KXNFLTOTAL,KXNFLTOTAL-26OCT11DETARI-55,Full Game: over 54.5 points scored?,0.4900,0.5100,0.5100,302.52,302.52,active,2026-10-13T20:25:00Z,2026-10-05T15:51:29+00:00
KXNFLTOTAL-26OCT11DETARI,KXNFLTOTAL,KXNFLTOTAL-26OCT11DETARI-58,Full Game: over 57.5 points scored?,0.3700,0.4200,0.0000,0.00,0.00,active,2026-10-13T20:25:00Z,2026-10-05T15:51:29+00:00
KXNFLTOTAL-26OCT11DETARI,KXNFLTOTAL,KXNFLTOTAL-26OCT11DETARI-40,Full Game: over 39.5 points scored?,0.8300,0.8600,0.0000,0.00,0.00,active,2026-10-13T20:25:00Z,2026-10-05T15:51:29+00:00
KXNFLTOTAL-26OCT11DETARI,KXNFLTOTAL,KXNFLTOTAL-26OCT11DETARI-54,Full Game: over 53.5 points scored?,0.5200,0.5300,0.5300,560.86,560.86,active,2026-10-13T20:25:00Z,2026-10-05T15:51:29+00:00
KXNFLTOTAL-26OCT11HOUTEN,KXNFLTOTAL,KXNFLTOTAL-26OCT11HOUTEN-39,Full Game: over 38.5 points scored?,0.5200,0.5400,0.0000,0.00,0.00,active,2026-10-13T17:00:00Z,2026-10-05T15:51:29+00:00
KXNFLTOTAL-26OCT11HOUTEN,KXNFLTOTAL,KXNFLTOTAL-26OCT11HOUTEN-19,Full Game: over 18.5 points scored?,0.9400,0.9500,0.0000,0.00,0.00,active,2026-10-13T17:00:00Z,2026-10-05T15:51:29+00:00
KXNFLTOTAL-26OCT11HOUTEN,KXNFLTOTAL,KXNFLTOTAL-26OCT11HOUTEN-43,Full Game: over 42.5 points scored?,0.3800,0.4300,0.0000,0.00,0.00,active,2026-10-13T17:00:00Z,2026-10-05T15:51:29+00:00
KXNFLTOTAL-26OCT11HOUTEN,KXNFLTOTAL,KXNFLTOTAL-26OCT11HOUTEN-25,Full Game: over 24.5 points scored?,0.8700,0.9100,0.9100,1.07,1.07,active,2026-10-13T17:00:00Z,2026-10-05T15:51:29+00:00
KXNFLTOTAL-26OCT11HOUTEN,KXNFLTOTAL,KXNFLTOTAL-26OCT11HOUTEN-55,Full Game: over 54.5 points scored?,0.1100,0.1500,0.0000,0.00,0.00,active,2026-10-13T17:00:00Z,2026-10-05T15:51:29+00:00
KXNFLTOTAL-26OCT11HOUTEN,KXNFLTOTAL,KXNFLTOTAL-26OCT11HOUTEN-58,Full Game: over 57.5 points scored?,0.0800,0.1100,0.0000,0.00,0.00,active,2026-10-13T17:00:00Z,2026-10-05T15:51:29+00:00
KXNFLTOTAL-26OCT11HOUTEN,KXNFLTOTAL,KXNFLTOTAL-26OCT11HOUTEN-22,Full Game: over 21.5 points scored?,0.9100,0.9500,0.0000,0.00,0.00,active,2026-10-13T17:00:00Z,2026-10-05T15:51:29+00:00
KXNFLTOTAL-26OCT11HOUTEN,KXNFLTOTAL,KXNFLTOTAL-26OCT11HOUTEN-28,Full Game: over 27.5 points scored?,0.8100,0.8500,0.0000,0.00,0.00,active,2026-10-13T17:00:00Z,2026-10-05T15:51:29+00:00
KXNFLTOTAL-26OCT11HOUTEN,KXNFLTOTAL,KXNFLTOTAL-26OCT11HOUTEN-31,Full Game: over 30.5 points scored?,0.7400,0.7700,0.0000,0.00,0.00,active,2026-10-13T17:00:00Z,2026-10-05T15:51:29+00:00
KXNFLTOTAL-26OCT11HOUTEN,KXNFLTOTAL,KXNFLTOTAL-26OCT11HOUTEN-42,Full Game: over 41.5 points scored?,0.4200,0.4400,0.0000,0.00,0.00,active,2026-10-13T17:00:00Z,2026-10-05T15:51:29+00:00
KXNFLTOTAL-26OCT11HOUTEN,KXNFLTOTAL,KXNFLTOTAL-26OCT11HOUTEN-38,Full Game: over 37.5 points scored?,0.5500,0.5600,0.5600,90.00,90.00,active,2026-10-13T17:00:00Z,2026-10-05T15:51:29+00:00
KXNFLTOTAL-26OCT11HOUTEN,KXNFLTOTAL,KXNFLTOTAL-26OCT11HOUTEN-34,Full Game: over 33.5 points scored?,0.6700,0.6800,0.7200,10.00,10.00,active,2026-10-13T17:00:00Z,2026-10-05T15:51:29+00:00
KXNFLTOTAL-26OCT11HOUTEN,KXNFLTOTAL,KXNFLTOTAL-26OCT11HOUTEN-49,Full Game: over 48.5 points scored?,0.2100,0.2600,0.0000,0.00,0.00,active,2026-10-13T17:00:00Z,2026-10-05T15:51:29+00:00
KXNFLTOTAL-26OCT11HOUTEN,KXNFLTOTAL,KXNFLTOTAL-26OCT11HOUTEN-40,Full Game: over 39.5 points scored?,0.4900,0.5100,0.4900,160.94,151.47,active,2026-10-13T17:00:00Z,2026-10-05T15:51:29+00:00
KXNFLTOTAL-26OCT11HOUTEN,KXNFLTOTAL,KXNFLTOTAL-26OCT11HOUTEN-41,Full Game: over 40.5 points scored?,0.4500,0.4700,0.0000,0.00,0.00,active,2026-10-13T17:00:00Z,2026-10-05T15:51:29+00:00
KXNFLTOTAL-26OCT11HOUTEN,KXNFLTOTAL,KXNFLTOTAL-26OCT11HOUTEN-37,Full Game: over 36.5 points scored?,0.5600,0.6100,0.0000,0.00,0.00,active,2026-10-13T17:00:00Z,2026-10-05T15:51:29+00:00
KXNFLTOTAL-26OCT11HOUTEN,KXNFLTOTAL,KXNFLTOTAL-26OCT11HOUTEN-52,Full Game: over 51.5 points scored?,0.1500,0.1900,0.0000,0.00,0.00,active,2026-10-13T17:00:00Z,2026-10-05T15:51:29+00:00
KXNFLTOTAL-26OCT11HOUTEN,KXNFLTOTAL,KXNFLTOTAL-26OCT11HOUTEN-46,Full Game: over 45.5 points scored?,0.2900,0.3400,0.0000,0.00,0.00,active,2026-10-13T17:00:00Z,2026-10-05T15:51:29+00:00
KXNFLTOTAL-26OCT11HOUTEN,KXNFLTOTAL,KXNFLTOTAL-26OCT11HOUTEN-61,Full Game: over 60.5 points scored?,0.0500,0.0800,0.0000,0.00,0.00,active,2026-10-13T17:00:00Z,2026-10-05T15:51:29+00:00
KXNFLTOTAL-26OCT11INDPIT,KXNFLTOTAL,KXNFLTOTAL-26OCT11INDPIT-23,Full Game: over 22.5 points scored?,0.9400,0.9800,0.0000,0.00,0.00,active,2026-10-13T17:00:00Z,2026-10-05T15:51:29+00:00
KXNFLTOTAL-26OCT11INDPIT,KXNFLTOTAL,KXNFLTOTAL-26OCT11INDPIT-35,Full Game: over 34.5 points scored?,0.7600,0.7900,0.0000,0.00,0.00,active,2026-10-13T17:00:00Z,2026-10-05T15:51:29+00:00
KXNFLTOTAL-26OCT11INDPIT,KXNFLTOTAL,KXNFLTOTAL-26OCT11INDPIT-53,Full Game: over 52.5 points scored?,0.2500,0.2900,0.0000,0.00,0.00,active,2026-10-13T17:00:00Z,2026-10-05T15:51:29+00:00
KXNFLTOTAL-26OCT11INDPIT,KXNFLTOTAL,KXNFLTOTAL-26OCT11INDPIT-44,Full Game: over 43.5 points scored?,0.5200,0.5300,0.5200,223.77,223.77,active,2026-10-13T17:00:00Z,2026-10-05T15:51:29+00:00
KXNFLTOTAL-26OCT11INDPIT,KXNFLTOTAL,KXNFLTOTAL-26OCT11INDPIT-41,Full Game: over 40.5 points scored?,0.5900,0.6300,0.0000,0.00,0.00,active,2026-10-13T17:00:00Z,2026-10-05T15:51:29+00:00
KXNFLTOTAL-26OCT11INDPIT,KXNFLTOTAL,KXNFLTOTAL-26OCT11INDPIT-42,Full Game: over 41.5 points scored?,0.5700,0.6000,0.0000,0.00,0.00,active,2026-10-13T17:00:00Z,2026-10-05T15:51:29+00:00
KXNFLTOTAL-26OCT11INDPIT,KXNFLTOTAL,KXNFLTOTAL-26OCT11INDPIT-43,Full Game: over 42.5 points scored?,0.5500,0.5700,0.0000,0.00,0.00,active,2026-10-13T17:00:00Z,2026-10-05T15:51:29+00:00
KXNFLTOTAL-26OCT11INDPIT,KXNFLTOTAL,KXNFLTOTAL-26OCT11INDPIT-38,Full Game: over 37.5 points scored?,0.6700,0.7100,0.0000,0.00,0.00,active,2026-10-13T17:00:00Z,2026-10-05T15:51:29+00:00
KXNFLTOTAL-26OCT11INDPIT,KXNFLTOTAL,KXNFLTOTAL-26OCT11INDPIT-26,Full Game: over 25.5 points scored?,0.9100,0.9500,0.0000,0.00,0.00,active,2026-10-13T17:00:00Z,2026-10-05T15:51:29+00:00
KXNFLTOTAL-26OCT11INDPIT,KXNFLTOTAL,KXNFLTOTAL-26OCT11INDPIT-29,Full Game: over 28.5 points scored?,0.8800,0.9200,0.0000,0.00,0.00,active,2026-10-13T17:00:00Z,2026-10-05T15:51:29+00:00
KXNFLTOTAL-26OCT11INDPIT,KXNFLTOTAL,KXNFLTOTAL-26OCT11INDPIT-32,Full Game: over 31.5 points scored?,0.8200,0.8600,0.0000,0.00,0.00,active,2026-10-13T17:00:00Z,2026-10-05T15:51:29+00:00
KXNFLTOTAL-26OCT11INDPIT,KXNFLTOTAL,KXNFLTOTAL-26OCT11INDPIT-65,Full Game: over 64.5 points scored?,0.0700,0.1100,0.0000,0.00,0.00,active,2026-10-13T17:00:00Z,2026-10-05T15:51:29+00:00
KXNFLTOTAL-26OCT11INDPIT,KXNFLTOTAL,KXNFLTOTAL-26OCT11INDPIT-62,Full Game: over 61.5 points scored?,0.1000,0.1400,0.0000,0.00,0.00,active,2026-10-13T17:00:00Z,2026-10-05T15:51:29+00:00
KXNFLTOTAL-26OCT11INDPIT,KXNFLTOTAL,KXNFLTOTAL-26OCT11INDPIT-59,Full Game: over 58.5 points scored?,0.1500,0.1700,0.1600,118.05,118.05,active,2026-10-13T17:00:00Z,2026-10-05T15:51:29+00:00
KXNFLTOTAL-26OCT11INDPIT,KXNFLTOTAL,KXNFLTOTAL-26OCT11INDPIT-45,Full Game: over 44.5 points scored?,0.4800,0.4900,0.0000,0.00,0.00,active,2026-10-13T17:00:00Z,2026-10-05T15:51:29+00:00
KXNFLTOTAL-26OCT11INDPIT,KXNFLTOTAL,KXNFLTOTAL-26OCT11INDPIT-46,Full Game: over 45.5 points scored?,0.4500,0.4700,0.0000,0.00,0.00,active,2026-10-13T17:00:00Z,2026-10-05T15:51:29+00:00
KXNFLTOTAL-26OCT11INDPIT,KXNFLTOTAL,KXNFLTOTAL-26OCT11INDPIT-56,Full Game: over 55.5 points scored?,0.1900,0.2300,0.0000,0.00,0.00,active,2026-10-13T17:00:00Z,2026-10-05T15:51:29+00:00
KXNFLTOTAL-26OCT11INDPIT,KXNFLTOTAL,KXNFLTOTAL-26OCT11INDPIT-47,Full Game: over 46.5 points scored?,0.4200,0.4500,0.0000,0.00,0.00,active,2026-10-13T17:00:00Z,2026-10-05T15:51:29+00:00
KXNFLTOTAL-26OCT11INDPIT,KXNFLTOTAL,KXNFLTOTAL-26OCT11INDPIT-50,Full Game: over 49.5 points scored?,0.3200,0.3700,0.0000,0.00,0.00,active,2026-10-13T17:00:00Z,2026-10-05T15:51:29+00:00
KXNFLTOTAL-26OCT11LVNE,KXNFLTOTAL,KXNFLTOTAL-26OCT11LVNE-30,Full Game: over 29.5 points scored?,0.8800,0.9100,0.8900,53.00,53.00,active,2026-10-13T17:00:00Z,2026-10-05T15:51:29+00:00
KXNFLTOTAL-26OCT11LVNE,KXNFLTOTAL,KXNFLTOTAL-26OCT11LVNE-42,Full Game: over 41.5 points scored?,0.5800,0.6300,0.0000,0.00,0.00,active,2026-10-13T17:00:00Z,2026-10-05T15:51:29+00:00
KXNFLTOTAL-26OCT11LVNE,KXNFLTOTAL,KXNFLTOTAL-26OCT11LVNE-54,Full Game: over 53.5 points scored?,0.2500,0.2700,0.2800,71.00,71.00,active,2026-10-13T17:00:00Z,2026-10-05T15:51:29+00:00
KXNFLTOTAL-26OCT11LVNE,KXNFLTOTAL,KXNFLTOTAL-26OCT11LVNE-39,Full Game: over 38.5 points scored?,0.6800,0.7300,0.0000,0.00,0.00,active,2026-10-13T17:00:00Z,2026-10-05T15:51:29+00:00
KXNFLTOTAL-26OCT11LVNE,KXNFLTOTAL,KXNFLTOTAL-26OCT11LVNE-57,Full Game: over 56.5 points scored?,0.1900,0.2300,0.0000,0.00,0.00,active,2026-10-13T17:00:00Z,2026-10-05T15:51:29+00:00
KXNFLTOTAL-26OCT11LVNE,KXNFLTOTAL,KXNFLTOTAL-26OCT11LVNE-36,Full Game: over 35.5 points scored?,0.7600,0.7900,0.7700,18.00,18.00,active,2026-10-13T17:00:00Z,2026-10-05T15:51:29+00:00
KXNFLTOTAL-26OCT11LVNE,KXNFLTOTAL,KXNFLTOTAL-26OCT11LVNE-44,Full Game: over 43.5 points scored?,0.5400,0.5600,0.0000,0.00,0.00,active,2026-10-13T17:00:00Z,2026-10-05T15:51:29+00:00
KXNFLTOTAL-26OCT11LVNE,KXNFLTOTAL,KXNFLTOTAL-26OCT11LVNE-66,Full Game: over 65.5 points scored?,0.0700,0.0900,0.0000,0.00,0.00,active,2026-10-13T17:00:00Z,2026-10-05T15:51:29+00:00
KXNFLTOTAL-26OCT11LVNE,KXNFLTOTAL,KXNFLTOTAL-26OCT11LVNE-27,Full Game: over 26.5 points scored?,0.9000,0.9500,0.0000,0.00,0.00,active,2026-10-13T17:00:00Z,2026-10-05T15:51:29+00:00
KXNFLTOTAL-26OCT11LVNE,KXNFLTOTAL,KXNFLTOTAL-26OCT11LVNE-33,Full Game: over 32.5 points scored?,0.8200,0.8700,0.0000,0.00,0.00,active,2026-10-13T17:00:00Z,2026-10-05T15:51:29+00:00
KXNFLTOTAL-26OCT11LVNE,KXNFLTOTAL,KXNFLTOTAL-26OCT11LVNE-47,Full Game: over 46.5 points scored?,0.4400,0.4700,0.0000,0.00,0.00,active,2026-10-13T17:00:00Z,2026-10-05T15:51:29+00:00
KXNFLTOTAL-26OCT11LVNE,KXNFLTOTAL,KXNFLTOTAL-26OCT11LVNE-60,Full Game: over 59.5 points scored?,0.1400,0.1700,0.0000,0.00,0.00,active,2026-10-13T17:00:00Z,2026-10-05T15:51:29+00:00
KXNFLTOTAL-26OCT11LVNE,KXNFLTOTAL,KXNFLTOTAL-26OCT11LVNE-63,Full Game: over 62.5 points scored?,0.1000,0.1300,0.0000,0.00,0.00,active,2026-10-13T17:00:00Z,2026-10-05T15:51:29+00:00
KXNFLTOTAL-26OCT11LVNE,KXNFLTOTAL,KXNFLTOTAL-26OCT11LVNE-43,Full Game: over 42.5 points scored?,0.5800,0.6000,0.0000,0.00,0.00,active,2026-10-13T17:00:00Z,2026-10-05T15:51:29+00:00
KXNFLTOTAL-26OCT11LVNE,KXNFLTOTAL,KXNFLTOTAL-26OCT11LVNE-48,Full Game: over 47.5 points scored?,0.4000,0.4400,0.0000,0.00,0.00,active,2026-10-13T17:00:00Z,2026-10-05T15:51:29+00:00
KXNFLTOTAL-26OCT11LVNE,KXNFLTOTAL,KXNFLTOTAL-26OCT11LVNE-46,Full Game: over 45.5 points scored?,0.4800,0.4900,0.4900,1016.32,994.19,active,2026-10-13T17:00:00Z,2026-10-05T15:51:29+00:00
KXNFLTOTAL-26OCT11LVNE,KXNFLTOTAL,KXNFLTOTAL-26OCT11LVNE-24,Full Game: over 23.5 points scored?,0.9300,0.9700,0.0000,0.00,0.00,active,2026-10-13T17:00:00Z,2026-10-05T15:51:29+00:00
KXNFLTOTAL-26OCT11LVNE,KXNFLTOTAL,KXNFLTOTAL-26OCT11LVNE-45,Full Game: over 44.5 points scored?,0.5100,0.5300,0.5300,35.00,35.00,active,2026-10-13T17:00:00Z,2026-10-05T15:51:29+00:00
KXNFLTOTAL-26OCT11LVNE,KXNFLTOTAL,KXNFLTOTAL-26OCT11LVNE-51,Full Game: over 50.5 points scored?,0.3200,0.3600,0.0000,0.00,0.00,active,2026-10-13T17:00:00Z,2026-10-05T15:51:29+00:00
KXNFLTOTAL-26OCT11MINNO,KXNFLTOTAL,KXNFLTOTAL-26OCT11MINNO-57,Full Game: over 56.5 points scored?,0.1700,0.1800,0.1700,212.00,100.00,active,2026-10-13T17:00:00Z,2026-10-05T15:51:29+00:00
KXNFLTOTAL-26OCT11MINNO,KXNFLTOTAL,KXNFLTOTAL-26OCT11MINNO-66,Full Game: over 65.5 points scored?,0.0600,0.0800,0.0500,130.00,130.00,active,2026-10-13T17:00:00Z,2026-10-05T15:51:29+00:00
KXNFLTOTAL-26OCT11MINNO,KXNFLTOTAL,KXNFLTOTAL-26OCT11MINNO-63,Full Game: over 62.5 points scored?,0.0800,0.0900,0.0000,0.00,0.00,active,2026-10-13T17:00:00Z,2026-10-05T15:51:29+00:00
KXNFLTOTAL-26OCT11MINNO,KXNFLTOTAL,KXNFLTOTAL-26OCT11MINNO-48,Full Game: over 47.5 points scored?,0.3400,0.3600,0.0000,0.00,0.00,active,2026-10-13T17:00:00Z,2026-10-05T15:51:29+00:00
KXNFLTOTAL-26OCT11MINNO,KXNFLTOTAL,KXNFLTOTAL-26OCT11MINNO-51,Full Game: over 50.5 points scored?,0.2800,0.2900,0.2700,20.00,20.00,active,2026-10-13T17:00:00Z,2026-10-05T15:51:29+00:00
KXNFLTOTAL-26OCT11MINNO,KXNFLTOTAL,KXNFLTOTAL-26OCT11MINNO-60,Full Game: over 59.5 points scored?,0.1100,0.1200,0.0000,0.00,0.00,active,2026-10-13T17:00:00Z,2026-10-05T15:51:29+00:00
KXNFLTOTAL-26OCT11MINNO,KXNFLTOTAL,KXNFLTOTAL-26OCT11MINNO-54,Full Game: over 53.5 points scored?,0.2200,0.2300,0.2000,72.00,72.00,active,2026-10-13T17:00:00Z,2026-10-05T15:51:29+00:00
KXNFLTOTAL-26OCT11MINNO,KXNFLTOTAL,KXNFLTOTAL-26OCT11MINNO-27,Full Game: over 26.5 points scored?,0.9200,0.9400,0.9100,504.50,504.50,active,2026-10-13T17:00:00Z,2026-10-05T15:51:29+00:00
KXNFLTOTAL-26OCT11MINNO,KXNFLTOTAL,KXNFLTOTAL-26OCT11MINNO-45,Full Game: over 44.5 points scored?,0.4300,0.4500,0.4600,904.29,904.29,active,2026-10-13T17:00:00Z,2026-10-05T15:51:29+00:00
KXNFLTOTAL-26OCT11MINNO,KXNFLTOTAL,KXNFLTOTAL-26OCT11MINNO-30,Full Game: over 29.5 points scored?,0.8700,0.8800,0.8600,551.66,551.66,active,2026-10-13T17:00:00Z,2026-10-05T15:51:29+00:00
KXNFLTOTAL-26OCT11MINNO,KXNFLTOTAL,KXNFLTOTAL-26OCT11MINNO-39,Full Game: over 38.5 points scored?,0.6200,0.6400,0.6200,1.00,1.00,active,2026-10-13T17:00:00Z,2026-10-05T15:51:29+00:00
KXNFLTOTAL-26OCT11MINNO,KXNFLTOTAL,KXNFLTOTAL-26OCT11MINNO-44,Full Game: over 43.5 points scored?,0.4600,0.4700,0.4800,4905.86,3405.86,active,2026-10-13T17:00:00Z,2026-10-05T15:51:29+00:00
KXNFLTOTAL-26OCT11MINNO,KXNFLTOTAL,KXNFLTOTAL-26OCT11MINNO-42,Full Game: over 41.5 points scored?,0.5100,0.5400,0.5000,115.93,115.93,active,2026-10-13T17:00:00Z,2026-10-05T15:51:29+00:00
KXNFLTOTAL-26OCT11MINNO,KXNFLTOTAL,KXNFLTOTAL-26OCT11MINNO-43,Full Game: over 42.5 points scored?,0.4800,0.5000,0.5000,1866.68,1837.89,active,2026-10-13T17:00:00Z,2026-10-05T15:51:29+00:00
KXNFLTOTAL-26OCT11MINNO,KXNFLTOTAL,KXNFLTOTAL-26OCT11MINNO-33,Full Game: over 32.5 points scored?,0.8000,0.8200,0.7900,55.77,55.77,active,2026-10-13T17:00:00Z,2026-10-05T15:51:29+00:00
KXNFLTOTAL-26OCT11MINNO,KXNFLTOTAL,KXNFLTOTAL-26OCT11MINNO-36,Full Game: over 35.5 points scored?,0.7100,0.7500,0.0000,0.00,0.00,active,2026-10-13T17:00:00Z,2026-10-05T15:51:29+00:00
KXNFLTOTAL-26OCT11MINNO,KXNFLTOTAL,KXNFLTOTAL-26OCT11MINNO-24,Full Game: over 23.5 points scored?,0.9300,0.9600,0.0000,0.00,0.00,active,2026-10-13T17:00:00Z,2026-10-05T15:51:29+00:00
KXNFLTOTAL-26OCT11MINNO,KXNFLTOTAL,KXNFLTOTAL-26OCT11MINNO-47,Full Game: over 46.5 points scored?,0.3900,0.4000,0.4000,300.00,300.00,active,2026-10-13T17:00:00Z,2026-10-05T15:51:29+00:00
KXNFLTOTAL-26OCT11MINNO,KXNFLTOTAL,KXNFLTOTAL-26OCT11MINNO-46,Full Game: over 45.5 points scored?,0.4000,0.4200,0.0000,0.00,0.00,active,2026-10-13T17:00:00Z,2026-10-05T15:51:29+00:00
KXNFLTOTAL-26OCT11NYGWAS,KXNFLTOTAL,KXNFLTOTAL-26OCT11NYGWAS-51,Full Game: over 50.5 points scored?,0.3000,0.3300,0.0000,0.00,0.00,active,2026-10-13T17:00:00Z,2026-10-05T15:51:29+00:00
KXNFLTOTAL-26OCT11NYGWAS,KXNFLTOTAL,KXNFLTOTAL-26OCT11NYGWAS-48,Full Game: over 47.5 points scored?,0.3800,0.4300,0.0000,0.00,0.00,active,2026-10-13T17:00:00Z,2026-10-05T15:51:29+00:00
KXNFLTOTAL-26OCT11NYGWAS,KXNFLTOTAL,KXNFLTOTAL-26OCT11NYGWAS-36,Full Game: over 35.5 points scored?,0.7200,0.7700,0.0000,0.00,0.00,active,2026-10-13T17:00:00Z,2026-10-05T15:51:29+00:00
KXNFLTOTAL-26OCT11NYGWAS,KXNFLTOTAL,KXNFLTOTAL-26OCT11NYGWAS-30,Full Game: over 29.5 points scored?,0.8500,0.8900,0.0000,0.00,0.00,active,2026-10-13T17:00:00Z,2026-10-05T15:51:29+00:00
KXNFLTOTAL-26OCT11NYGWAS,KXNFLTOTAL,KXNFLTOTAL-26OCT11NYGWAS-24,Full Game: over 23.5 points scored?,0.9200,0.9600,0.0000,0.00,0.00,active,2026-10-13T17:00:00Z,2026-10-05T15:51:29+00:00
KXNFLTOTAL-26OCT11NYGWAS,KXNFLTOTAL,KXNFLTOTAL-26OCT11NYGWAS-39,Full Game: over 38.5 points scored?,0.6400,0.6800,0.0000,0.00,0.00,active,2026-10-13T17:00:00Z,2026-10-05T15:51:29+00:00
KXNFLTOTAL-26OCT11NYGWAS,KXNFLTOTAL,KXNFLTOTAL-26OCT11NYGWAS-33,Full Game: over 32.5 points scored?,0.8000,0.8400,0.0000,0.00,0.00,active,2026-10-13T17:00:00Z,2026-10-05T15:51:29+00:00
KXNFLTOTAL-26OCT11NYGWAS,KXNFLTOTAL,KXNFLTOTAL-26OCT11NYGWAS-42,Full Game: over 41.5 points scored?,0.5600,0.5900,0.0000,0.00,0.00,active,2026-10-13T17:00:00Z,2026-10-05T15:51:29+00:00
KXNFLTOTAL-26OCT11NYGWAS,KXNFLTOTAL,KXNFLTOTAL-26OCT11NYGWAS-54,Full Game: over 53.5 points scored?,0.2400,0.2600,0.2500,80.00,80.00,active,2026-10-13T17:00:00Z,2026-10-05T15:51:29+00:00
KXNFLTOTAL-26OCT11NYGWAS,KXNFLTOTAL,KXNFLTOTAL-26OCT11NYGWAS-45,Full Game: over 44.5 points scored?,0.4700,0.4900,0.4900,9.83,9.83,active,2026-10-13T17:00:00Z,2026-10-05T15:51:29+00:00
KXNFLTOTAL-26OCT11NYGWAS,KXNFLTOTAL,KXNFLTOTAL-26OCT11NYGWAS-66,Full Game: over 65.5 points scored?,0.0500,0.0900,0.0000,0.00,0.00,active,2026-10-13T17:00:00Z,2026-10-05T15:51:29+00:00
KXNFLTOTAL-26OCT11NYGWAS,KXNFLTOTAL,KXNFLTOTAL-26OCT11NYGWAS-63,Full Game: over 62.5 points scored?,0.0800,0.1200,0.0000,0.00,0.00,active,2026-10-13T17:00:00Z,2026-10-05T15:51:29+00:00
KXNFLTOTAL-26OCT11NYGWAS,KXNFLTOTAL,KXNFLTOTAL-26OCT11NYGWAS-27,Full Game: over 26.5 points scored?,0.8900,0.9300,0.0000,0.00,0.00,active,2026-10-13T17:00:00Z,2026-10-05T15:51:29+00:00
KXNFLTOTAL-26OCT11NYGWAS,KXNFLTOTAL,KXNFLTOTAL-26OCT11NYGWAS-46,Full Game: over 45.5 points scored?,0.4300,0.4600,0.0000,0.00,0.00,active,2026-10-13T17:00:00Z,2026-10-05T15:51:29+00:00
KXNFLTOTAL-26OCT11NYGWAS,KXNFLTOTAL,KXNFLTOTAL-26OCT11NYGWAS-44,Full Game: over 43.5 points scored?,0.5000,0.5200,0.5300,18.16,18.16,active,2026-10-13T17:00:00Z,2026-10-05T15:51:29+00:00
KXNFLTOTAL-26OCT11NYGWAS,KXNFLTOTAL,KXNFLTOTAL-26OCT11NYGWAS-43,Full Game: over 42.5 points scored?,0.5400,0.5600,0.0000,0.00,0.00,active,2026-10-13T17:00:00Z,2026-10-05T15:51:29+00:00
KXNFLTOTAL-26OCT11NYGWAS,KXNFLTOTAL,KXNFLTOTAL-26OCT11NYGWAS-57,Full Game: over 56.5 points scored?,0.1700,0.2000,0.0000,0.00,0.00,active,2026-10-13T17:00:00Z,2026-10-05T15:51:29+00:00
KXNFLTOTAL-26OCT11NYGWAS,KXNFLTOTAL,KXNFLTOTAL-26OCT11NYGWAS-60,Full Game: over 59.5 points scored?,0.1300,0.1500,0.1600,135.76,135.76,active,2026-10-13T17:00:00Z,2026-10-05T15:51:29+00:00
KXNFLTOTAL-26OCT11NYGWAS,KXNFLTOTAL,KXNFLTOTAL-26OCT11NYGWAS-47,Full Game: over 46.5 points scored?,0.4100,0.4300,0.0000,0.00,0.00,active,2026-10-13T17:00:00Z,2026-10-05T15:51:29+00:00
KXNFLTOTAL-26OCT11PHIJAC,KXNFLTOTAL,KXNFLTOTAL-26OCT11PHIJAC-63,Full Game: over 62.5 points scored?,0.0600,0.0900,0.0000,0.00,0.00,active,2026-10-13T13:30:00Z,2026-10-05T15:51:29+00:00
KXNFLTOTAL-26OCT11PHIJAC,KXNFLTOTAL,KXNFLTOTAL-26OCT11PHIJAC-24,Full Game: over 23.5 points scored?,0.9400,0.9700,0.0000,0.00,0.00,active,2026-10-13T13:30:00Z,2026-10-05T15:51:29+00:00
KXNFLTOTAL-26OCT11PHIJAC,KXNFLTOTAL,KXNFLTOTAL-26OCT11PHIJAC-43,Full Game: over 42.5 points scored?,0.5100,0.5200,0.5200,175.68,137.04,active,2026-10-13T13:30:00Z,2026-10-05T15:51:29+00:00
KXNFLTOTAL-26OCT11PHIJAC,KXNFLTOTAL,KXNFLTOTAL-26OCT11PHIJAC-66,Full Game: over 65.5 points scored?,0.0400,0.0700,0.0000,0.00,0.00,active,2026-10-13T13:30:00Z,2026-10-05T15:51:29+00:00
KXNFLTOTAL-26OCT11PHIJAC,KXNFLTOTAL,KXNFLTOTAL-26OCT11PHIJAC-54,Full Game: over 53.5 points scored?,0.2000,0.2200,0.0000,0.00,0.00,active,2026-10-13T13:30:00Z,2026-10-05T15:51:29+00:00
KXNFLTOTAL-26OCT11PHIJAC,KXNFLTOTAL,KXNFLTOTAL-26OCT11PHIJAC-33,Full Game: over 32.5 points scored?,0.8100,0.8300,0.8200,17.00,17.00,active,2026-10-13T13:30:00Z,2026-10-05T15:51:29+00:00
KXNFLTOTAL-26OCT11PHIJAC,KXNFLTOTAL,KXNFLTOTAL-26OCT11PHIJAC-27,Full Game: over 26.5 points scored?,0.9000,0.9200,0.8900,684.94,548.00,active,2026-10-13T13:30:00Z,2026-10-05T15:51:29+00:00
KXNFLTOTAL-26OCT11PHIJAC,KXNFLTOTAL,KXNFLTOTAL-26OCT11PHIJAC-57,Full Game: over 56.5 points scored?,0.1500,0.1800,0.0000,0.00,0.00,active,2026-10-13T13:30:00Z,2026-10-05T15:51:29+00:00
KXNFLTOTAL-26OCT11PHIJAC,KXNFLTOTAL,KXNFLTOTAL-26OCT11PHIJAC-36,Full Game: over 35.5 points scored?,0.7100,0.7600,0.0000,0.00,0.00,active,2026-10-13T13:30:00Z,2026-10-05T15:51:29+00:00
KXNFLTOTAL-26OCT11PHIJAC,KXNFLTOTAL,KXNFLTOTAL-26OCT11PHIJAC-30,Full Game: over 29.5 points scored?,0.8500,0.8900,0.0000,0.00,0.00,active,2026-10-13T13:30:00Z,2026-10-05T15:51:29+00:00
KXNFLTOTAL-26OCT11PHIJAC,KXNFLTOTAL,KXNFLTOTAL-26OCT11PHIJAC-60,Full Game: over 59.5 points scored?,0.1000,0.1300,0.0000,0.00,0.00,active,2026-10-13T13:30:00Z,2026-10-05T15:51:29+00:00
KXNFLTOTAL-26OCT11PHIJAC,KXNFLTOTAL,KXNFLTOTAL-26OCT11PHIJAC-46,Full Game: over 45.5 points scored?,0.4000,0.4200,0.4100,33.65,33.65,active,2026-10-13T13:30:00Z,2026-10-05T15:51:29+00:00
KXNFLTOTAL-26OCT11PHIJAC,KXNFLTOTAL,KXNFLTOTAL-26OCT11PHIJAC-42,Full Game: over 41.5 points scored?,0.5300,0.5500,0.5600,4.26,4.26,active,2026-10-13T13:30:00Z,2026-10-05T15:51:29+00:00
KXNFLTOTAL-26OCT11PHIJAC,KXNFLTOTAL,KXNFLTOTAL-26OCT11PHIJAC-44,Full Game: over 43.5 points scored?,0.4700,0.4800,0.4800,148.66,148.66,active,2026-10-13T13:30:00Z,2026-10-05T15:51:29+00:00
KXNFLTOTAL-26OCT11PHIJAC,KXNFLTOTAL,KXNFLTOTAL-26OCT11PHIJAC-51,Full Game: over 50.5 points scored?,0.2700,0.2900,0.3100,161.00,161.00,active,2026-10-13T13:30:00Z,2026-10-05T15:51:29+00:00
KXNFLTOTAL-26OCT11PHIJAC,KXNFLTOTAL,KXNFLTOTAL-26OCT11PHIJAC-39,Full Game: over 38.5 points scored?,0.6200,0.6500,0.0000,0.00,0.00,active,2026-10-13T13:30:00Z,2026-10-05T15:51:29+00:00
KXNFLTOTAL-26OCT11PHIJAC,KXNFLTOTAL,KXNFLTOTAL-26OCT11PHIJAC-48,Full Game: over 47.5 points scored?,0.3400,0.3700,0.0000,0.00,0.00,active,2026-10-13T13:30:00Z,2026-10-05T15:51:29+00:00
KXNFLTOTAL-26OCT11PHIJAC,KXNFLTOTAL,KXNFLTOTAL-26OCT11PHIJAC-47,Full Game: over 46.5 points scored?,0.3700,0.4000,0.0000,0.00,0.00,active,2026-10-13T13:30:00Z,2026-10-05T15:51:29+00:00
KXNFLTOTAL-26OCT11PHIJAC,KXNFLTOTAL,KXNFLTOTAL-26OCT11PHIJAC-45,Full Game: over 44.5 points scored?,0.4400,0.4500,0.4600,40.94,30.94,active,2026-10-13T13:30:00Z,2026-10-05T15:51:29+00:00
KXNFLTOTAL-26OCT11SFSEA,KXNFLTOTAL,KXNFLTOTAL-26OCT11SFSEA-56,Full Game: over 55.5 points scored?,0.2500,0.3000,0.0000,0.00,0.00,active,2026-10-13T20:25:00Z,2026-10-05T15:51:29+00:00
KXNFLTOTAL-26OCT11SFSEA,KXNFLTOTAL,KXNFLTOTAL-26OCT11SFSEA-35,Full Game: over 34.5 points scored?,0.8100,0.8600,0.0000,0.00,0.00,active,2026-10-13T20:25:00Z,2026-10-05T15:51:29+00:00
KXNFLTOTAL-26OCT11SFSEA,KXNFLTOTAL,KXNFLTOTAL-26OCT11SFSEA-32,Full Game: over 31.5 points scored?,0.8600,0.9100,0.0000,0.00,0.00,active,2026-10-13T20:25:00Z,2026-10-05T15:51:29+00:00
KXNFLTOTAL-26OCT11SFSEA,KXNFLTOTAL,KXNFLTOTAL-26OCT11SFSEA-38,Full Game: over 37.5 points scored?,0.7400,0.7900,0.0000,0.00,0.00,active,2026-10-13T20:25:00Z,2026-10-05T15:51:29+00:00
KXNFLTOTAL-26OCT11SFSEA,KXNFLTOTAL,KXNFLTOTAL-26OCT11SFSEA-62,Full Game: over 61.5 points scored?,0.1400,0.1700,0.0000,0.00,0.00,active,2026-10-13T20:25:00Z,2026-10-05T15:51:29+00:00
KXNFLTOTAL-26OCT11SFSEA,KXNFLTOTAL,KXNFLTOTAL-26OCT11SFSEA-65,Full Game: over 64.5 points scored?,0.1000,0.1400,0.0000,0.00,0.00,active,2026-10-13T20:25:00Z,2026-10-05T15:51:29+00:00
KXNFLTOTAL-26OCT11SFSEA,KXNFLTOTAL,KXNFLTOTAL-26OCT11SFSEA-26,Full Game: over 25.5 points scored?,0.9300,0.9800,0.0000,0.00,0.00,active,2026-10-13T20:25:00Z,2026-10-05T15:51:29+00:00
KXNFLTOTAL-26OCT11SFSEA,KXNFLTOTAL,KXNFLTOTAL-26OCT11SFSEA-41,Full Game: over 40.5 points scored?,0.6700,0.7200,0.0000,0.00,0.00,active,2026-10-13T20:25:00Z,2026-10-05T15:51:29+00:00
KXNFLTOTAL-26OCT11SFSEA,KXNFLTOTAL,KXNFLTOTAL-26OCT11SFSEA-44,Full Game: over 43.5 points scored?,0.5800,0.6300,0.0000,0.00,0.00,active,2026-10-13T20:25:00Z,2026-10-05T15:51:29+00:00
KXNFLTOTAL-26OCT11SFSEA,KXNFLTOTAL,KXNFLTOTAL-26OCT11SFSEA-49,Full Game: over 48.5 points scored?,0.4400,0.4700,0.0000,0.00,0.00,active,2026-10-13T20:25:00Z,2026-10-05T15:51:29+00:00
KXNFLTOTAL-26OCT11SFSEA,KXNFLTOTAL,KXNFLTOTAL-26OCT11SFSEA-46,Full Game: over 45.5 points scored?,0.5400,0.5600,0.0000,0.00,0.00,active,2026-10-13T20:25:00Z,2026-10-05T15:51:29+00:00
KXNFLTOTAL-26OCT11SFSEA,KXNFLTOTAL,KXNFLTOTAL-26OCT11SFSEA-50,Full Game: over 49.5 points scored?,0.4200,0.4300,0.4000,32.42,32.42,active,2026-10-13T20:25:00Z,2026-10-05T15:51:29+00:00
KXNFLTOTAL-26OCT11SFSEA,KXNFLTOTAL,KXNFLTOTAL-26OCT11SFSEA-45,Full Game: over 44.5 points scored?,0.5700,0.5900,0.0000,0.00,0.00,active,2026-10-13T20:25:00Z,2026-10-05T15:51:29+00:00
KXNFLTOTAL-26OCT11SFSEA,KXNFLTOTAL,KXNFLTOTAL-26OCT11SFSEA-29,Full Game: over 28.5 points scored?,0.9000,0.9500,0.0000,0.00,0.00,active,2026-10-13T20:25:00Z,2026-10-05T15:51:29+00:00
KXNFLTOTAL-26OCT11SFSEA,KXNFLTOTAL,KXNFLTOTAL-26OCT11SFSEA-59,Full Game: over 58.5 points scored?,0.2100,0.2300,0.2400,301.41,297.86,active,2026-10-13T20:25:00Z,2026-10-05T15:51:29+00:00
KXNFLTOTAL-26OCT11SFSEA,KXNFLTOTAL,KXNFLTOTAL-26OCT11SFSEA-48,Full Game: over 47.5 points scored?,0.4800,0.4900,0.4900,252.93,224.93,active,2026-10-13T20:25:00Z,2026-10-05T15:51:29+00:00
KXNFLTOTAL-26OCT11SFSEA,KXNFLTOTAL,KXNFLTOTAL-26OCT11SFSEA-47,Full Game: over 46.5 points scored?,0.5200,0.5300,0.5300,1236.06,1236.06,active,2026-10-13T20:25:00Z,2026-10-05T15:51:29+00:00
KXNFLTOTAL-26OCT11SFSEA,KXNFLTOTAL,KXNFLTOTAL-26OCT11SFSEA-53,Full Game: over 52.5 points scored?,0.3500,0.3800,0.3800,98.55,98.55,active,2026-10-13T20:25:00Z,2026-10-05T15:51:29+00:00
KXNFLTOTAL-26OCT11SFSEA,KXNFLTOTAL,KXNFLTOTAL-26OCT11SFSEA-68,Full Game: over 67.5 points scored?,0.0700,0.1000,0.0000,0.00,0.00,active,2026-10-13T20:25:00Z,2026-10-05T15:51:29+00:00
KXNFLTEAMPTS-LEAST27,KXNFLTEAMPTS,KXNFLTEAMPTS-LEAST27-CHI,Will Chicago be the lowest scoring team?,0.0000,0.0100,0.0000,0.00,0.00,active,2027-01-18T15:00:00Z,2026-10-05T15:51:29+00:00
KXNFLTEAMPTS-LEAST27,KXNFLTEAMPTS,KXNFLTEAMPTS-LEAST27-MIA,Will Miami be the lowest scoring team?,0.3000,0.7500,0.7800,433.68,252.71,active,2027-01-18T15:00:00Z,2026-10-05T15:51:29+00:00
KXNFLTEAMPTS-LEAST27,KXNFLTEAMPTS,KXNFLTEAMPTS-LEAST27-PIT,Will Pittsburgh be the lowest scoring team?,0.0100,0.0600,0.0200,508.37,498.08,active,2027-01-18T15:00:00Z,2026-10-05T15:51:29+00:00
KXNFLTEAMPTS-LEAST27,KXNFLTEAMPTS,KXNFLTEAMPTS-LEAST27-TEN,Will Tennessee be the lowest scoring team?,0.0200,0.7300,0.0700,33.29,24.29,active,2027-01-18T15:00:00Z,2026-10-05T15:51:29+00:00
KXNFLTEAMPTS-LEAST27,KXNFLTEAMPTS,KXNFLTEAMPTS-LEAST27-WAS,Will Washington be the lowest scoring team?,0.0000,0.0700,0.0100,209.00,100.00,active,2027-01-18T15:00:00Z,2026-10-05T15:51:29+00:00
KXNFLTEAMPTS-LEAST27,KXNFLTEAMPTS,KXNFLTEAMPTS-LEAST27-ARI,Will Arizona be the lowest scoring team?,0.1000,0.1100,0.0200,505.26,474.97,active,2027-01-18T15:00:00Z,2026-10-05T15:51:29+00:00
KXNFLTEAMPTS-LEAST27,KXNFLTEAMPTS,KXNFLTEAMPTS-LEAST27-JAC,Will Jacksonville be the lowest scoring team?,0.0000,0.0800,0.0000,0.00,0.00,active,2027-01-18T15:00:00Z,2026-10-05T15:51:29+00:00
KXNFLTEAMPTS-LEAST27,KXNFLTEAMPTS,KXNFLTEAMPTS-LEAST27-PHI,Will Philadelphia be the lowest scoring team?,0.0000,0.1200,0.0000,0.00,0.00,active,2027-01-18T15:00:00Z,2026-10-05T15:51:29+00:00
KXNFLTEAMPTS-LEAST27,KXNFLTEAMPTS,KXNFLTEAMPTS-LEAST27-CIN,Will Cincinnati be the lowest scoring team?,0.0000,0.1200,0.0000,0.00,0.00,active,2027-01-18T15:00:00Z,2026-10-05T15:51:29+00:00
KXNFLTEAMPTS-LEAST27,KXNFLTEAMPTS,KXNFLTEAMPTS-LEAST27-NYG,Will New York G be the lowest scoring team?,0.0000,0.8300,0.0400,112.51,102.22,active,2027-01-18T15:00:00Z,2026-10-05T15:51:29+00:00
KXNFLTEAMPTS-LEAST27,KXNFLTEAMPTS,KXNFLTEAMPTS-LEAST27-LAR,Will Los Angeles R be the lowest scoring team?,0.0000,0.0900,0.0000,0.00,0.00,active,2027-01-18T15:00:00Z,2026-10-05T15:51:29+00:00
KXNFLTEAMPTS-LEAST27,KXNFLTEAMPTS,KXNFLTEAMPTS-LEAST27-BAL,Will Baltimore be the lowest scoring team?,0.0000,0.1200,0.0000,0.00,0.00,active,2027-01-18T15:00:00Z,2026-10-05T15:51:29+00:00
KXNFLTEAMPTS-LEAST27,KXNFLTEAMPTS,KXNFLTEAMPTS-LEAST27-DET,Will Detroit be the lowest scoring team?,0.0000,0.1100,0.0000,0.00,0.00,active,2027-01-18T15:00:00Z,2026-10-05T15:51:29+00:00
KXNFLTEAMPTS-LEAST27,KXNFLTEAMPTS,KXNFLTEAMPTS-LEAST27-TB,Will Tampa Bay be the lowest scoring team?,0.0000,0.0800,0.0000,0.00,0.00,active,2027-01-18T15:00:00Z,2026-10-05T15:51:29+00:00
KXNFLTEAMPTS-LEAST27,KXNFLTEAMPTS,KXNFLTEAMPTS-LEAST27-NE,Will New England be the lowest scoring team?,0.0000,0.0100,0.0000,0.00,0.00,active,2027-01-18T15:00:00Z,2026-10-05T15:51:29+00:00
KXNFLTEAMPTS-LEAST27,KXNFLTEAMPTS,KXNFLTEAMPTS-LEAST27-GB,Will Green Bay be the lowest scoring team?,0.0000,0.1100,0.0000,0.00,0.00,active,2027-01-18T15:00:00Z,2026-10-05T15:51:29+00:00
KXNFLTEAMPTS-LEAST27,KXNFLTEAMPTS,KXNFLTEAMPTS-LEAST27-DAL,Will Dallas be the lowest scoring team?,0.0000,0.0800,0.0000,0.00,0.00,active,2027-01-18T15:00:00Z,2026-10-05T15:51:29+00:00
KXNFLTEAMPTS-LEAST27,KXNFLTEAMPTS,KXNFLTEAMPTS-LEAST27-MIN,Will Minnesota be the lowest scoring team?,0.0000,0.0100,0.0100,252.18,241.89,active,2027-01-18T15:00:00Z,2026-10-05T15:51:29+00:00
KXNFLTEAMPTS-LEAST27,KXNFLTEAMPTS,KXNFLTEAMPTS-LEAST27-DEN,Will Denver be the lowest scoring team?,0.0000,0.0700,0.0000,0.00,0.00,active,2027-01-18T15:00:00Z,2026-10-05T15:51:29+00:00
KXNFLTEAMPTS-LEAST27,KXNFLTEAMPTS,KXNFLTEAMPTS-LEAST27-SEA,Will Seattle be the lowest scoring team?,0.0000,0.1000,0.0000,0.00,0.00,active,2027-01-18T15:00:00Z,2026-10-05T15:51:29+00:00
KXNFLTEAMPTS-LEAST27,KXNFLTEAMPTS,KXNFLTEAMPTS-LEAST27-BUF,Will Buffalo be the lowest scoring team?,0.0000,0.1200,0.0000,0.00,0.00,active,2027-01-18T15:00:00Z,2026-10-05T15:51:29+00:00
KXNFLTEAMPTS-LEAST27,KXNFLTEAMPTS,KXNFLTEAMPTS-LEAST27-LV,Will Las Vegas be the lowest scoring team?,0.0000,0.0100,0.0100,11.00,11.00,active,2027-01-18T15:00:00Z,2026-10-05T15:51:29+00:00
KXNFLTEAMPTS-LEAST27,KXNFLTEAMPTS,KXNFLTEAMPTS-LEAST27-IND,Will Indianapolis be the lowest scoring team?,0.0000,0.0600,0.0000,0.00,0.00,active,2027-01-18T15:00:00Z,2026-10-05T15:51:29+00:00
KXNFLTEAMPTS-LEAST27,KXNFLTEAMPTS,KXNFLTEAMPTS-LEAST27-CLE,Will Cleveland be the lowest scoring team?,0.0200,0.0300,0.2700,389.13,375.58,active,2027-01-18T15:00:00Z,2026-10-05T15:51:29+00:00
KXNFLTEAMPTS-LEAST27,KXNFLTEAMPTS,KXNFLTEAMPTS-LEAST27-SF,Will San Francisco be the lowest scoring team?,0.0000,0.1100,0.0000,0.00,0.00,active,2027-01-18T15:00:00Z,2026-10-05T15:51:29+00:00
KXNFLTEAMPTS-LEAST27,KXNFLTEAMPTS,KXNFLTEAMPTS-LEAST27-CAR,Will Carolina be the lowest scoring team?,0.0000,0.0100,0.0100,9.00,9.00,active,2027-01-18T15:00:00Z,2026-10-05T15:51:29+00:00
KXNFLTEAMPTS-LEAST27,KXNFLTEAMPTS,KXNFLTEAMPTS-LEAST27-NO,Will New Orleans be the lowest scoring team?,0.0000,0.0100,0.0100,111.62,101.33,active,2027-01-18T15:00:00Z,2026-10-05T15:51:29+00:00
KXNFLTEAMPTS-LEAST27,KXNFLTEAMPTS,KXNFLTEAMPTS-LEAST27-KC,Will Kansas City be the lowest scoring team?,0.0000,0.0100,0.0000,0.00,0.00,active,2027-01-18T15:00:00Z,2026-10-05T15:51:29+00:00
KXNFLTEAMPTS-LEAST27,KXNFLTEAMPTS,KXNFLTEAMPTS-LEAST27-LAC,Will Los Angeles C be the lowest scoring team?,0.0000,0.8500,0.1200,12.00,12.00,active,2027-01-18T15:00:00Z,2026-10-05T15:51:29+00:00
KXNFLTEAMPTS-LEAST27,KXNFLTEAMPTS,KXNFLTEAMPTS-LEAST27-NYJ,Will New York J be the lowest scoring team?,0.0000,0.0100,0.2100,341.60,182.82,active,2027-01-18T15:00:00Z,2026-10-05T15:51:29+00:00
KXNFLTEAMPTS-LEAST27,KXNFLTEAMPTS,KXNFLTEAMPTS-LEAST27-HOU,Will Houston be the lowest scoring team?,0.0000,0.0100,0.0100,151.80,150.51,active,2027-01-18T15:00:00Z,2026-10-05T15:51:29+00:00
KXNFLTEAMPTS-LEAST27,KXNFLTEAMPTS,KXNFLTEAMPTS-LEAST27-ATL,Will Atlanta be the lowest scoring team?,0.0000,0.6500,0.0500,548.07,315.40,active,2027-01-18T15:00:00Z,2026-10-05T15:51:29+00:00
KXNFLTEAMPTS-MOST27,KXNFLTEAMPTS,KXNFLTEAMPTS-MOST27-BAL,Will Baltimore be the highest scoring team?,0.0300,0.0400,0.2300,4634.96,3667.59,active,2027-01-18T15:00:00Z,2026-10-05T15:51:29+00:00
KXNFLTEAMPTS-MOST27,KXNFLTEAMPTS,KXNFLTEAMPTS-MOST27-CHI,Will Chicago be the highest scoring team?,0.0500,0.1200,0.1200,19958.84,16027.86,active,2027-01-18T15:00:00Z,2026-10-05T15:51:29+00:00
KXNFLTEAMPTS-MOST27,KXNFLTEAMPTS,KXNFLTEAMPTS-MOST27-MIN,Will Minnesota be the highest scoring team?,0.0000,0.0100,0.0200,2002.67,1979.67,active,2027-01-18T15:00:00Z,2026-10-05T15:51:29+00:00
KXNFLTEAMPTS-MOST27,KXNFLTEAMPTS,KXNFLTEAMPTS-MOST27-IND,Will Indianapolis be the highest scoring team?,0.0000,0.0100,0.0100,718.39,643.21,active,2027-01-18T15:00:00Z,2026-10-05T15:51:29+00:00
KXNFLTEAMPTS-MOST27,KXNFLTEAMPTS,KXNFLTEAMPTS-MOST27-ATL,Will Atlanta be the highest scoring team?,0.0000,0.0100,0.0100,305.01,305.01,active,2027-01-18T15:00:00Z,2026-10-05T15:51:29+00:00
KXNFLTEAMPTS-MOST27,KXNFLTEAMPTS,KXNFLTEAMPTS-MOST27-KC,Will Kansas City be the highest scoring team?,0.0100,0.0200,0.1400,2277.98,2181.34,active,2027-01-18T15:00:00Z,2026-10-05T15:51:29+00:00
KXNFLTEAMPTS-MOST27,KXNFLTEAMPTS,KXNFLTEAMPTS-MOST27-NO,Will New Orleans be the highest scoring team?,0.0100,0.0200,0.0200,2484.86,2362.80,active,2027-01-18T15:00:00Z,2026-10-05T15:51:29+00:00
KXNFLTEAMPTS-MOST27,KXNFLTEAMPTS,KXNFLTEAMPTS-MOST27-SF,Will San Francisco be the highest scoring team?,0.0200,0.0300,0.2300,2340.33,2211.20,active,2027-01-18T15:00:00Z,2026-10-05T15:51:29+00:00
KXNFLTEAMPTS-MOST27,KXNFLTEAMPTS,KXNFLTEAMPTS-MOST27-DAL,Will Dallas be the highest scoring team?,0.0700,0.1700,0.1900,5224.74,4715.56,active,2027-01-18T15:00:00Z,2026-10-05T15:51:29+00:00
KXNFLTEAMPTS-MOST27,KXNFLTEAMPTS,KXNFLTEAMPTS-MOST27-DEN,Will Denver be the highest scoring team?,0.0000,0.0100,0.0100,2816.95,2368.06,active,2027-01-18T15:00:00Z,2026-10-05T15:51:29+00:00
KXNFLTEAMPTS-MOST27,KXNFLTEAMPTS,KXNFLTEAMPTS-MOST27-SEA,Will Seattle be the highest scoring team?,0.0000,0.0100,0.0200,1125.79,859.99,active,2027-01-18T15:00:00Z,2026-10-05T15:51:29+00:00
KXNFLTEAMPTS-MOST27,KXNFLTEAMPTS,KXNFLTEAMPTS-MOST27-PHI,Will Philadelphia be the highest scoring team?,0.0000,0.0100,0.0200,1029.71,992.21,active,2027-01-18T15:00:00Z,2026-10-05T15:51:29+00:00
KXNFLTEAMPTS-MOST27,KXNFLTEAMPTS,KXNFLTEAMPTS-MOST27-TB,Will Tampa Bay be the highest scoring team?,0.0000,0.0100,0.0200,1151.18,1137.04,active,2027-01-18T15:00:00Z,2026-10-05T15:51:29+00:00
KXNFLTEAMPTS-MOST27,KXNFLTEAMPTS,KXNFLTEAMPTS-MOST27-LV,Will Las Vegas be the highest scoring team?,0.0000,0.0100,0.1500,2144.45,2041.45,active,2027-01-18T15:00:00Z,2026-10-05T15:51:29+00:00
KXNFLTEAMPTS-MOST27,KXNFLTEAMPTS,KXNFLTEAMPTS-MOST27-MIA,Will Miami be the highest scoring team?,0.0000,0.0100,0.0100,93.51,93.51,active,2027-01-18T15:00:00Z,2026-10-05T15:51:29+00:00
KXNFLTEAMPTS-MOST27,KXNFLTEAMPTS,KXNFLTEAMPTS-MOST27-TEN,Will Tennessee be the highest scoring team?,0.0000,0.0100,0.0100,93.51,93.51,active,2027-01-18T15:00:00Z,2026-10-05T15:51:29+00:00
KXNFLTEAMPTS-MOST27,KXNFLTEAMPTS,KXNFLTEAMPTS-MOST27-PIT,Will Pittsburgh be the highest scoring team?,0.0000,0.0100,0.0100,5438.80,3589.86,active,2027-01-18T15:00:00Z,2026-10-05T15:51:29+00:00
KXNFLTEAMPTS-MOST27,KXNFLTEAMPTS,KXNFLTEAMPTS-MOST27-CLE,Will Cleveland be the highest scoring team?,0.0000,0.0100,0.0100,298.51,198.51,active,2027-01-18T15:00:00Z,2026-10-05T15:51:29+00:00
KXNFLTEAMPTS-MOST27,KXNFLTEAMPTS,KXNFLTEAMPTS-MOST27-NYJ,Will New York J be the highest scoring team?,0.0000,0.0100,0.0100,1396.78,1204.39,active,2027-01-18T15:00:00Z,2026-10-05T15:51:29+00:00
KXNFLTEAMPTS-MOST27,KXNFLTEAMPTS,KXNFLTEAMPTS-MOST27-CAR,Will Carolina be the highest scoring team?,0.0000,0.0100,0.0200,2621.27,2240.74,active,2027-01-18T15:00:00Z,2026-10-05T15:51:29+00:00
KXNFLTEAMPTS-MOST27,KXNFLTEAMPTS,KXNFLTEAMPTS-MOST27-NYG,Will New York G be the highest scoring team?,0.0000,0.0100,0.0100,2191.71,2191.71,active,2027-01-18T15:00:00Z,2026-10-05T15:51:29+00:00
KXNFLTEAMPTS-MOST27,KXNFLTEAMPTS,KXNFLTEAMPTS-MOST27-LAC,Will Los Angeles C be the highest scoring team?,0.0200,0.0300,0.0200,7844.04,5988.75,active,2027-01-18T15:00:00Z,2026-10-05T15:51:29+00:00
KXNFLTEAMPTS-MOST27,KXNFLTEAMPTS,KXNFLTEAMPTS-MOST27-NE,Will New England be the highest scoring team?,0.0200,0.0300,0.0200,3603.37,2970.26,active,2027-01-18T15:00:00Z,2026-10-05T15:51:29+00:00
KXNFLTEAMPTS-MOST27,KXNFLTEAMPTS,KXNFLTEAMPTS-MOST27-ARI,Will Arizona be the highest scoring team?,0.0000,0.0100,0.0100,1089.74,1089.74,active,2027-01-18T15:00:00Z,2026-10-05T15:51:29+00:00
KXNFLTEAMPTS-MOST27,KXNFLTEAMPTS,KXNFLTEAMPTS-MOST27-JAC,Will Jacksonville be the highest scoring team?,0.0100,0.0200,0.0200,3867.51,3507.53,active,2027-01-18T15:00:00Z,2026-10-05T15:51:29+00:00
KXNFLTEAMPTS-MOST27,KXNFLTEAMPTS,KXNFLTEAMPTS-MOST27-HOU,Will Houston be the highest scoring team?,0.0000,0.0100,0.0200,1644.34,1373.34,active,2027-01-18T15:00:00Z,2026-10-05T15:51:29+00:00
KXNFLTEAMPTS-MOST27,KXNFLTEAMPTS,KXNFLTEAMPTS-MOST27-GB,Will Green Bay be the highest scoring team?,0.0000,0.0100,0.0100,1371.25,1194.85,active,2027-01-18T15:00:00Z,2026-10-05T15:51:29+00:00
KXNFLTEAMPTS-MOST27,KXNFLTEAMPTS,KXNFLTEAMPTS-MOST27-LAR,Will Los Angeles R be the highest scoring team?,0.0000,0.0100,0.0400,4126.75,3526.82,active,2027-01-18T15:00:00Z,2026-10-05T15:51:29+00:00
KXNFLTEAMPTS-MOST27,KXNFLTEAMPTS,KXNFLTEAMPTS-MOST27-WAS,Will Washington be the highest scoring team?,0.0000,0.0100,0.0100,93.51,93.51,active,2027-01-18T15:00:00Z,2026-10-05T15:51:29+00:00
KXNFLTEAMPTS-MOST27,KXNFLTEAMPTS,KXNFLTEAMPTS-MOST27-DET,Will Detroit be the highest scoring team?,0.0600,0.1300,0.1300,5760.35,4378.30,active,2027-01-18T15:00:00Z,2026-10-05T15:51:29+00:00
KXNFLTEAMPTS-MOST27,KXNFLTEAMPTS,KXNFLTEAMPTS-MOST27-CIN,Will Cincinnati be the highest scoring team?,0.0300,0.0400,0.1500,3074.82,2021.08,active,2027-01-18T15:00:00Z,2026-10-05T15:51:29+00:00
KXNFLTEAMPTS-MOST27,KXNFLTEAMPTS,KXNFLTEAMPTS-MOST27-BUF,Will Buffalo be the highest scoring team?,0.1100,0.1200,0.1300,5654.76,4859.52,active,2027-01-18T15:00:00Z,2026-10-05T15:51:29+00:00
