event,series,ticker,title,yes_bid,yes_ask,last_price,volume,open_interest,status,close_time,pulled_at
KXNFLREC-26OCT08TBDAL,KXNFLREC,KXNFLREC-26OCT08TBDAL-TBTHURST17-6,Ted Hurst III: 6+ receptions,0.0200,0.0400,0.0000,0.00,0.00,active,2026-10-11T00:15:00Z,2026-10-06T16:54:33+00:00
KXNFLREC-26OCT08TBDAL,KXNFLREC,KXNFLREC-26OCT08TBDAL-TBTHURST17-5,Ted Hurst III: 5+ receptions,0.0500,0.1000,0.0000,0.00,0.00,active,2026-10-11T00:15:00Z,2026-10-06T16:54:33+00:00
KXNFLREC-26OCT08TBDAL,KXNFLREC,KXNFLREC-26OCT08TBDAL-TBKGAINWELL1-3,Kenny Gainwell: 3+ receptions,0.2600,0.3000,0.3100,244.30,244.30,active,2026-10-11T00:15:00Z,2026-10-06T16:54:33+00:00
KXNFLREC-26OCT08TBDAL,KXNFLREC,KXNFLREC-26OCT08TBDAL-TBTHURST17-4,Ted Hurst III: 4+ receptions,0.1400,0.1800,0.0000,0.00,0.00,active,2026-10-11T00:15:00Z,2026-10-06T16:54:33+00:00
KXNFLREC-26OCT08TBDAL,KXNFLREC,KXNFLREC-26OCT08TBDAL-DALJFERGUSON87-4,Jake Ferguson: 4+ receptions,0.4800,0.5000,0.5000,1.00,1.00,active,2026-10-11T00:15:00Z,2026-10-06T16:54:33+00:00
KXNFLREC-26OCT08TBDAL,KXNFLREC,KXNFLREC-26OCT08TBDAL-TBTJOHNSON15-2,Tez Johnson: 2+ receptions,0.3500,0.3600,0.3600,22.00,11.00,active,2026-10-11T00:15:00Z,2026-10-06T16:54:33+00:00
KXNFLREC-26OCT08TBDAL,KXNFLREC,KXNFLREC-26OCT08TBDAL-DALRFLOURNOY19-2,Ryan Flournoy: 2+ receptions,0.8000,0.8500,0.0000,0.00,0.00,active,2026-10-11T00:15:00Z,2026-10-06T16:54:33+00:00
KXNFLREC-26OCT08TBDAL,KXNFLREC,KXNFLREC-26OCT08TBDAL-TBTHURST17-2,Ted Hurst III: 2+ receptions,0.6100,0.6200,0.6200,897.66,897.66,active,2026-10-11T00:15:00Z,2026-10-06T16:54:33+00:00
KXNFLREC-26OCT08TBDAL,KXNFLREC,KXNFLREC-26OCT08TBDAL-TBTJOHNSON15-3,Tez Johnson: 3+ receptions,0.1200,0.1500,0.0000,0.00,0.00,active,2026-10-11T00:15:00Z,2026-10-06T16:54:33+00:00
KXNFLREC-26OCT08TBDAL,KXNFLREC,KXNFLREC-26OCT08TBDAL-DALJWILLIAMS33-4,Javonte Williams: 4+ receptions,0.3000,0.3200,0.3200,198.36,198.36,active,2026-10-11T00:15:00Z,2026-10-06T16:54:33+00:00
KXNFLREC-26OCT08TBDAL,KXNFLREC,KXNFLREC-26OCT08TBDAL-DALRFLOURNOY19-5,Ryan Flournoy: 5+ receptions,0.2400,0.2600,0.0000,0.00,0.00,active,2026-10-11T00:15:00Z,2026-10-06T16:54:33+00:00
KXNFLREC-26OCT08TBDAL,KXNFLREC,KXNFLREC-26OCT08TBDAL-DALJFERGUSON87-5,Jake Ferguson: 5+ receptions,0.2900,0.3200,0.0000,0.00,0.00,active,2026-10-11T00:15:00Z,2026-10-06T16:54:33+00:00
KXNFLREC-26OCT08TBDAL,KXNFLREC,KXNFLREC-26OCT08TBDAL-DALJFERGUSON87-6,Jake Ferguson: 6+ receptions,0.1500,0.1900,0.0000,0.00,0.00,active,2026-10-11T00:15:00Z,2026-10-06T16:54:33+00:00
KXNFLREC-26OCT08TBDAL,KXNFLREC,KXNFLREC-26OCT08TBDAL-DALJWILLIAMS33-5,Javonte Williams: 5+ receptions,0.1400,0.1700,0.1800,389.59,389.59,active,2026-10-11T00:15:00Z,2026-10-06T16:54:33+00:00
KXNFLREC-26OCT08TBDAL,KXNFLREC,KXNFLREC-26OCT08TBDAL-TBCGODWIN14-5,Chris Godwin Jr.: 5+ receptions,0.2300,0.2800,0.2700,235.34,235.34,active,2026-10-11T00:15:00Z,2026-10-06T16:54:33+00:00
KXNFLREC-26OCT08TBDAL,KXNFLREC,KXNFLREC-26OCT08TBDAL-TBCGODWIN14-4,Chris Godwin Jr.: 4+ receptions,0.4400,0.4500,0.4500,908.05,908.05,active,2026-10-11T00:15:00Z,2026-10-06T16:54:33+00:00
KXNFLREC-26OCT08TBDAL,KXNFLREC,KXNFLREC-26OCT08TBDAL-DALGPICKENS3-2,George Pickens: 2+ receptions,0.9000,0.9500,0.0000,0.00,0.00,active,2026-10-11T00:15:00Z,2026-10-06T16:54:33+00:00
KXNFLREC-26OCT08TBDAL,KXNFLREC,KXNFLREC-26OCT08TBDAL-DALRFLOURNOY19-6,Ryan Flournoy: 6+ receptions,0.1100,0.1500,0.0000,0.00,0.00,active,2026-10-11T00:15:00Z,2026-10-06T16:54:33+00:00
KXNFLREC-26OCT08TBDAL,KXNFLREC,KXNFLREC-26OCT08TBDAL-TBBIRVING7-6,Bucky Irving: 6+ receptions,0.0200,0.0700,0.0000,0.00,0.00,active,2026-10-11T00:15:00Z,2026-10-06T16:54:33+00:00
KXNFLREC-26OCT08TBDAL,KXNFLREC,KXNFLREC-26OCT08TBDAL-TBKGAINWELL1-6,Kenny Gainwell: 6+ receptions,0.0000,0.0500,0.0000,0.00,0.00,active,2026-10-11T00:15:00Z,2026-10-06T16:54:33+00:00
KXNFLREC-26OCT08TBDAL,KXNFLREC,KXNFLREC-26OCT08TBDAL-TBEEGBUKA2-5,Emeka Egbuka: 5+ receptions,0.1900,0.2200,0.0000,0.00,0.00,active,2026-10-11T00:15:00Z,2026-10-06T16:54:33+00:00
KXNFLREC-26OCT08TBDAL,KXNFLREC,KXNFLREC-26OCT08TBDAL-TBKGAINWELL1-5,Kenny Gainwell: 5+ receptions,0.0200,0.0700,0.1000,5.00,5.00,active,2026-10-11T00:15:00Z,2026-10-06T16:54:33+00:00
KXNFLREC-26OCT08TBDAL,KXNFLREC,KXNFLREC-26OCT08TBDAL-TBCOTTON88-3,Cade Otton: 3+ receptions,0.6300,0.6700,0.6300,28.54,14.27,active,2026-10-11T00:15:00Z,2026-10-06T16:54:33+00:00
KXNFLREC-26OCT08TBDAL,KXNFLREC,KXNFLREC-26OCT08TBDAL-DALJFERGUSON87-3,Jake Ferguson: 3+ receptions,0.6700,0.7000,0.7000,6.98,6.98,active,2026-10-11T00:15:00Z,2026-10-06T16:54:33+00:00
KXNFLREC-26OCT08TBDAL,KXNFLREC,KXNFLREC-26OCT08TBDAL-DALCLAMB88-8,CeeDee Lamb: 8+ receptions,0.3100,0.3200,0.3200,413.53,413.53,active,2026-10-11T00:15:00Z,2026-10-06T16:54:33+00:00
KXNFLREC-26OCT08TBDAL,KXNFLREC,KXNFLREC-26OCT08TBDAL-DALCLAMB88-13,CeeDee Lamb: 13+ receptions,0.0200,0.0300,0.0400,140.54,140.54,active,2026-10-11T00:15:00Z,2026-10-06T16:54:33+00:00
KXNFLREC-26OCT08TBDAL,KXNFLREC,KXNFLREC-26OCT08TBDAL-DALJFERGUSON87-2,Jake Ferguson: 2+ receptions,0.8300,0.8800,0.0000,0.00,0.00,active,2026-10-11T00:15:00Z,2026-10-06T16:54:33+00:00
KXNFLREC-26OCT08TBDAL,KXNFLREC,KXNFLREC-26OCT08TBDAL-TBCOTTON88-8,Cade Otton: 8+ receptions,0.0300,0.0600,0.0000,0.00,0.00,active,2026-10-11T00:15:00Z,2026-10-06T16:54:33+00:00
KXNFLREC-26OCT08TBDAL,KXNFLREC,KXNFLREC-26OCT08TBDAL-TBBIRVING7-7,Bucky Irving: 7+ receptions,0.0000,0.0400,0.0000,0.00,0.00,active,2026-10-11T00:15:00Z,2026-10-06T16:54:33+00:00
KXNFLREC-26OCT08TBDAL,KXNFLREC,KXNFLREC-26OCT08TBDAL-DALJFERGUSON87-8,Jake Ferguson: 8+ receptions,0.0300,0.0600,0.0000,0.00,0.00,active,2026-10-11T00:15:00Z,2026-10-06T16:54:33+00:00
KXNFLREC-26OCT08TBDAL,KXNFLREC,KXNFLREC-26OCT08TBDAL-TBKGAINWELL1-2,Kenny Gainwell: 2+ receptions,0.5400,0.5600,0.5600,1583.81,1583.81,active,2026-10-11T00:15:00Z,2026-10-06T16:54:33+00:00
KXNFLREC-26OCT08TBDAL,KXNFLREC,KXNFLREC-26OCT08TBDAL-DALCLAMB88-10,CeeDee Lamb: 10+ receptions,0.1000,0.1300,0.1300,265.70,265.70,active,2026-10-11T00:15:00Z,2026-10-06T16:54:33+00:00
KXNFLREC-26OCT08TBDAL,KXNFLREC,KXNFLREC-26OCT08TBDAL-DALCLAMB88-11,CeeDee Lamb: 11+ receptions,0.0500,0.0800,0.0000,0.00,0.00,active,2026-10-11T00:15:00Z,2026-10-06T16:54:33+00:00
KXNFLREC-26OCT08TBDAL,KXNFLREC,KXNFLREC-26OCT08TBDAL-DALJFERGUSON87-7,Jake Ferguson: 7+ receptions,0.0700,0.1000,0.0000,0.00,0.00,active,2026-10-11T00:15:00Z,2026-10-06T16:54:33+00:00
KXNFLREC-26OCT08TBDAL,KXNFLREC,KXNFLREC-26OCT08TBDAL-DALGPICKENS3-6,George Pickens: 6+ receptions,0.3300,0.3400,0.3300,216.34,216.34,active,2026-10-11T00:15:00Z,2026-10-06T16:54:33+00:00
KXNFLREC-26OCT08TBDAL,KXNFLREC,KXNFLREC-26OCT08TBDAL-DALJWILLIAMS33-7,Javonte Williams: 7+ receptions,0.0300,0.0400,0.0600,2.34,2.34,active,2026-10-11T00:15:00Z,2026-10-06T16:54:33+00:00
KXNFLREC-26OCT08TBDAL,KXNFLREC,KXNFLREC-26OCT08TBDAL-DALGPICKENS3-3,George Pickens: 3+ receptions,0.8100,0.8500,0.8500,17.17,17.17,active,2026-10-11T00:15:00Z,2026-10-06T16:54:33+00:00
KXNFLREC-26OCT08TBDAL,KXNFLREC,KXNFLREC-26OCT08TBDAL-DALGPICKENS3-5,George Pickens: 5+ receptions,0.4900,0.5000,0.5000,280.84,280.84,active,2026-10-11T00:15:00Z,2026-10-06T16:54:33+00:00
KXNFLREC-26OCT08TBDAL,KXNFLREC,KXNFLREC-26OCT08TBDAL-TBEEGBUKA2-6,Emeka Egbuka: 6+ receptions,0.0900,0.1300,0.0000,0.00,0.00,active,2026-10-11T00:15:00Z,2026-10-06T16:54:33+00:00
KXNFLREC-26OCT08TBDAL,KXNFLREC,KXNFLREC-26OCT08TBDAL-DALCLAMB88-6,CeeDee Lamb: 6+ receptions,0.5800,0.6000,0.6000,508.43,508.43,active,2026-10-11T00:15:00Z,2026-10-06T16:54:33+00:00
KXNFLREC-26OCT08TBDAL,KXNFLREC,KXNFLREC-26OCT08TBDAL-DALJWILLIAMS33-6,Javonte Williams: 6+ receptions,0.0600,0.0900,0.0900,4.17,4.17,active,2026-10-11T00:15:00Z,2026-10-06T16:54:33+00:00
KXNFLREC-26OCT08TBDAL,KXNFLREC,KXNFLREC-26OCT08TBDAL-TBKGAINWELL1-4,Kenny Gainwell: 4+ receptions,0.1100,0.1400,0.1500,347.66,347.66,active,2026-10-11T00:15:00Z,2026-10-06T16:54:33+00:00
KXNFLREC-26OCT08TBDAL,KXNFLREC,KXNFLREC-26OCT08TBDAL-TBEEGBUKA2-7,Emeka Egbuka: 7+ receptions,0.0400,0.0700,0.0700,100.28,100.28,active,2026-10-11T00:15:00Z,2026-10-06T16:54:33+00:00
KXNFLREC-26OCT08TBDAL,KXNFLREC,KXNFLREC-26OCT08TBDAL-TBBIRVING7-5,Bucky Irving: 5+ receptions,0.0900,0.1300,0.0000,0.00,0.00,active,2026-10-11T00:15:00Z,2026-10-06T16:54:33+00:00
KXNFLREC-26OCT08TBDAL,KXNFLREC,KXNFLREC-26OCT08TBDAL-DALGPICKENS3-8,George Pickens: 8+ receptions,0.0900,0.1300,0.0000,0.00,0.00,active,2026-10-11T00:15:00Z,2026-10-06T16:54:33+00:00
KXNFLREC-26OCT08TBDAL,KXNFLREC,KXNFLREC-26OCT08TBDAL-TBCGODWIN14-7,Chris Godwin Jr.: 7+ receptions,0.0600,0.0900,0.0900,1.56,1.56,active,2026-10-11T00:15:00Z,2026-10-06T16:54:33+00:00
KXNFLREC-26OCT08TBDAL,KXNFLREC,KXNFLREC-26OCT08TBDAL-TBEEGBUKA2-2,Emeka Egbuka: 2+ receptions,0.7700,0.8200,0.0000,0.00,0.00,active,2026-10-11T00:15:00Z,2026-10-06T16:54:33+00:00
KXNFLREC-26OCT08TBDAL,KXNFLREC,KXNFLREC-26OCT08TBDAL-DALCLAMB88-9,CeeDee Lamb: 9+ receptions,0.1900,0.2000,0.2000,211.62,211.62,active,2026-10-11T00:15:00Z,2026-10-06T16:54:33+00:00
KXNFLREC-26OCT08TBDAL,KXNFLREC,KXNFLREC-26OCT08TBDAL-TBCGODWIN14-6,Chris Godwin Jr.: 6+ receptions,0.1300,0.1500,0.1500,168.01,168.01,active,2026-10-11T00:15:00Z,2026-10-06T16:54:33+00:00
KXNFLREC-26OCT08TBDAL,KXNFLREC,KXNFLREC-26OCT08TBDAL-DALJWILLIAMS33-3,Javonte Williams: 3+ receptions,0.5100,0.5300,0.5300,505.72,505.72,active,2026-10-11T00:15:00Z,2026-10-06T16:54:33+00:00
KXNFLREC-26OCT08TBDAL,KXNFLREC,KXNFLREC-26OCT08TBDAL-DALRFLOURNOY19-4,Ryan Flournoy: 4+ receptions,0.3900,0.4300,0.3900,1.59,1.59,active,2026-10-11T00:15:00Z,2026-10-06T16:54:33+00:00
KXNFLREC-26OCT08TBDAL,KXNFLREC,KXNFLREC-26OCT08TBDAL-TBBIRVING7-4,Bucky Irving: 4+ receptions,0.2100,0.2400,0.2100,74.42,74.42,active,2026-10-11T00:15:00Z,2026-10-06T16:54:33+00:00
KXNFLREC-26OCT08TBDAL,KXNFLREC,KXNFLREC-26OCT08TBDAL-TBCOTTON88-7,Cade Otton: 7+ receptions,0.0600,0.1000,0.0000,0.00,0.00,active,2026-10-11T00:15:00Z,2026-10-06T16:54:33+00:00
KXNFLREC-26OCT08TBDAL,KXNFLREC,KXNFLREC-26OCT08TBDAL-DALCLAMB88-5,CeeDee Lamb: 5+ receptions,0.7100,0.7500,0.7500,35.29,35.29,active,2026-10-11T00:15:00Z,2026-10-06T16:54:33+00:00
KXNFLREC-26OCT08TBDAL,KXNFLREC,KXNFLREC-26OCT08TBDAL-DALGPICKENS3-7,George Pickens: 7+ receptions,0.1800,0.2100,0.2100,154.94,154.94,active,2026-10-11T00:15:00Z,2026-10-06T16:54:33+00:00
KXNFLREC-26OCT08TBDAL,KXNFLREC,KXNFLREC-26OCT08TBDAL-TBCGODWIN14-2,Chris Godwin Jr.: 2+ receptions,0.8200,0.8500,0.8400,17.75,17.75,active,2026-10-11T00:15:00Z,2026-10-06T16:54:33+00:00
KXNFLREC-26OCT08TBDAL,KXNFLREC,KXNFLREC-26OCT08TBDAL-DALCLAMB88-4,CeeDee Lamb: 4+ receptions,0.8500,0.8800,0.8600,33.13,14.91,active,2026-10-11T00:15:00Z,2026-10-06T16:54:33+00:00
KXNFLREC-26OCT08TBDAL,KXNFLREC,KXNFLREC-26OCT08TBDAL-TBBIRVING7-3,Bucky Irving: 3+ receptions,0.4100,0.4400,0.0000,0.00,0.00,active,2026-10-11T00:15:00Z,2026-10-06T16:54:33+00:00
KXNFLREC-26OCT08TBDAL,KXNFLREC,KXNFLREC-26OCT08TBDAL-DALCLAMB88-12,CeeDee Lamb: 12+ receptions,0.0300,0.0400,0.0000,0.00,0.00,active,2026-10-11T00:15:00Z,2026-10-06T16:54:33+00:00
KXNFLREC-26OCT08TBDAL,KXNFLREC,KXNFLREC-26OCT08TBDAL-TBCGODWIN14-8,Chris Godwin Jr.: 8+ receptions,0.0300,0.0400,0.0500,1.87,1.87,active,2026-10-11T00:15:00Z,2026-10-06T16:54:33+00:00
KXNFLREC-26OCT08TBDAL,KXNFLREC,KXNFLREC-26OCT08TBDAL-DALRFLOURNOY19-7,Ryan Flournoy: 7+ receptions,0.0500,0.0800,0.0000,0.00,0.00,active,2026-10-11T00:15:00Z,2026-10-06T16:54:33+00:00
KXNFLREC-26OCT08TBDAL,KXNFLREC,KXNFLREC-26OCT08TBDAL-DALCLAMB88-7,CeeDee Lamb: 7+ receptions,0.4300,0.4600,0.4600,1576.12,1512.37,active,2026-10-11T00:15:00Z,2026-10-06T16:54:33+00:00
KXNFLREC-26OCT08TBDAL,KXNFLREC,KXNFLREC-26OCT08TBDAL-DALGPICKENS3-4,George Pickens: 4+ receptions,0.6400,0.6800,0.0000,0.00,0.00,active,2026-10-11T00:15:00Z,2026-10-06T16:54:33+00:00
KXNFLREC-26OCT08TBDAL,KXNFLREC,KXNFLREC-26OCT08TBDAL-TBEEGBUKA2-3,Emeka Egbuka: 3+ receptions,0.5800,0.5900,0.5900,820.26,820.26,active,2026-10-11T00:15:00Z,2026-10-06T16:54:33+00:00
KXNFLREC-26OCT08TBDAL,KXNFLREC,KXNFLREC-26OCT08TBDAL-TBBIRVING7-2,Bucky Irving: 2+ receptions,0.6600,0.6900,0.0000,0.00,0.00,active,2026-10-11T00:15:00Z,2026-10-06T16:54:33+00:00
KXNFLREC-26OCT08TBDAL,KXNFLREC,KXNFLREC-26OCT08TBDAL-DALGPICKENS3-9,George Pickens: 9+ receptions,0.0700,0.0800,0.0000,0.00,0.00,active,2026-10-11T00:15:00Z,2026-10-06T16:54:33+00:00
KXNFLREC-26OCT08TBDAL,KXNFLREC,KXNFLREC-26OCT08TBDAL-TBTHURST17-3,Ted Hurst III: 3+ receptions,0.3400,0.3500,0.0000,0.00,0.00,active,2026-10-11T00:15:00Z,2026-10-06T16:54:33+00:00
KXNFLREC-26OCT08TBDAL,KXNFLREC,KXNFLREC-26OCT08TBDAL-TBCOTTON88-4,Cade Otton: 4+ receptions,0.4500,0.4600,0.0000,0.00,0.00,active,2026-10-11T00:15:00Z,2026-10-06T16:54:33+00:00
KXNFLREC-26OCT08TBDAL,KXNFLREC,KXNFLREC-26OCT08TBDAL-DALCLAMB88-3,CeeDee Lamb: 3+ receptions,0.9100,0.9500,0.9600,6.49,6.49,active,2026-10-11T00:15:00Z,2026-10-06T16:54:33+00:00
KXNFLREC-26OCT08TBDAL,KXNFLREC,KXNFLREC-26OCT08TBDAL-TBCOTTON88-6,Cade Otton: 6+ receptions,0.1300,0.1700,0.0000,0.00,0.00,active,2026-10-11T00:15:00Z,2026-10-06T16:54:33+00:00
KXNFLREC-26OCT08TBDAL,KXNFLREC,KXNFLREC-26OCT08TBDAL-TBCGODWIN14-3,Chris Godwin Jr.: 3+ receptions,0.6500,0.6600,0.6600,76.44,59.44,active,2026-10-11T00:15:00Z,2026-10-06T16:54:33+00:00
KXNFLREC-26OCT08TBDAL,KXNFLREC,KXNFLREC-26OCT08TBDAL-DALJFERGUSON87-9,Jake Ferguson: 9+ receptions,0.0100,0.0200,0.0000,0.00,0.00,active,2026-10-11T00:15:00Z,2026-10-06T16:54:33+00:00
KXNFLREC-26OCT08TBDAL,KXNFLREC,KXNFLREC-26OCT08TBDAL-TBEEGBUKA2-8,Emeka Egbuka: 8+ receptions,0.0100,0.0200,0.0000,0.00,0.00,active,2026-10-11T00:15:00Z,2026-10-06T16:54:33+00:00
KXNFLREC-26OCT08TBDAL,KXNFLREC,KXNFLREC-26OCT08TBDAL-DALGPICKENS3-10,George Pickens: 10+ receptions,0.0200,0.0400,0.0000,0.00,0.00,active,2026-10-11T00:15:00Z,2026-10-06T16:54:33+00:00
KXNFLREC-26OCT08TBDAL,KXNFLREC,KXNFLREC-26OCT08TBDAL-TBCOTTON88-2,Cade Otton: 2+ receptions,0.8100,0.8600,0.0000,0.00,0.00,active,2026-10-11T00:15:00Z,2026-10-06T16:54:33+00:00
KXNFLREC-26OCT08TBDAL,KXNFLREC,KXNFLREC-26OCT08TBDAL-DALJWILLIAMS33-2,Javonte Williams: 2+ receptions,0.7200,0.7600,0.7200,25.62,12.81,active,2026-10-11T00:15:00Z,2026-10-06T16:54:33+00:00
KXNFLREC-26OCT08TBDAL,KXNFLREC,KXNFLREC-26OCT08TBDAL-DALRFLOURNOY19-3,Ryan Flournoy: 3+ receptions,0.6100,0.6500,0.0000,0.00,0.00,active,2026-10-11T00:15:00Z,2026-10-06T16:54:33+00:00
KXNFLREC-26OCT08TBDAL,KXNFLREC,KXNFLREC-26OCT08TBDAL-TBEEGBUKA2-4,Emeka Egbuka: 4+ receptions,0.3500,0.3700,0.0000,0.00,0.00,active,2026-10-11T00:15:00Z,2026-10-06T16:54:33+00:00
KXNFLREC-26OCT08TBDAL,KXNFLREC,KXNFLREC-26OCT08TBDAL-DALRFLOURNOY19-8,Ryan Flournoy: 8+ receptions,0.0300,0.0400,0.0000,0.00,0.00,active,2026-10-11T00:15:00Z,2026-10-06T16:54:33+00:00
KXNFLREC-26OCT08TBDAL,KXNFLREC,KXNFLREC-26OCT08TBDAL-TBTJOHNSON15-4,Tez Johnson: 4+ receptions,0.0300,0.0600,0.0000,0.00,0.00,active,2026-10-11T00:15:00Z,2026-10-06T16:54:33+00:00
KXNFLREC-26OCT08TBDAL,KXNFLREC,KXNFLREC-26OCT08TBDAL-TBCOTTON88-5,Cade Otton: 5+ receptions,0.2600,0.2900,0.0000,0.00,0.00,active,2026-10-11T00:15:00Z,2026-10-06T16:54:33+00:00
KXNFLRECYDS-26OCT08TBDAL,KXNFLRECYDS,KXNFLRECYDS-26OCT08TBDAL-TBBIRVING7-40,Bucky Irving: 40+ receiving yards,0.0900,0.1300,0.0900,13.00,13.00,active,2026-10-11T00:15:00Z,2026-10-06T16:54:33+00:00
KXNFLRECYDS-26OCT08TBDAL,KXNFLRECYDS,KXNFLRECYDS-26OCT08TBDAL-DALRFLOURNOY19-40,Ryan Flournoy: 40+ receiving yards,0.3600,0.3900,0.3900,91.39,89.80,active,2026-10-11T00:15:00Z,2026-10-06T16:54:33+00:00
KXNFLRECYDS-26OCT08TBDAL,KXNFLRECYDS,KXNFLRECYDS-26OCT08TBDAL-DALRFLOURNOY19-60,Ryan Flournoy: 60+ receiving yards,0.1500,0.1800,0.0000,0.00,0.00,active,2026-10-11T00:15:00Z,2026-10-06T16:54:33+00:00
KXNFLRECYDS-26OCT08TBDAL,KXNFLRECYDS,KXNFLRECYDS-26OCT08TBDAL-DALRFLOURNOY19-50,Ryan Flournoy: 50+ receiving yards,0.2500,0.2700,0.2800,0.34,0.34,active,2026-10-11T00:15:00Z,2026-10-06T16:54:33+00:00
KXNFLRECYDS-26OCT08TBDAL,KXNFLRECYDS,KXNFLRECYDS-26OCT08TBDAL-TBTHURST17-50,Ted Hurst III: 50+ receiving yards,0.1900,0.2000,0.0000,0.00,0.00,active,2026-10-11T00:15:00Z,2026-10-06T16:54:33+00:00
KXNFLRECYDS-26OCT08TBDAL,KXNFLRECYDS,KXNFLRECYDS-26OCT08TBDAL-DALGPICKENS3-110,George Pickens: 110+ receiving yards,0.1200,0.1500,0.1400,67.37,67.37,active,2026-10-11T00:15:00Z,2026-10-06T16:54:33+00:00
KXNFLRECYDS-26OCT08TBDAL,KXNFLRECYDS,KXNFLRECYDS-26OCT08TBDAL-DALJFERGUSON87-25,Jake Ferguson: 25+ receiving yards,0.5300,0.5600,0.5600,226.05,226.05,active,2026-10-11T00:15:00Z,2026-10-06T16:54:33+00:00
KXNFLRECYDS-26OCT08TBDAL,KXNFLRECYDS,KXNFLRECYDS-26OCT08TBDAL-TBEEGBUKA2-15,Emeka Egbuka: 15+ receiving yards,0.7400,0.7600,0.7800,6.38,6.38,active,2026-10-11T00:15:00Z,2026-10-06T16:54:33+00:00
KXNFLRECYDS-26OCT08TBDAL,KXNFLRECYDS,KXNFLRECYDS-26OCT08TBDAL-DALJWILLIAMS33-25,Javonte Williams: 25+ receiving yards,0.2800,0.3100,0.2900,329.45,308.45,active,2026-10-11T00:15:00Z,2026-10-06T16:54:33+00:00
KXNFLRECYDS-26OCT08TBDAL,KXNFLRECYDS,KXNFLRECYDS-26OCT08TBDAL-DALGPICKENS3-120,George Pickens: 120+ receiving yards,0.0800,0.1100,0.1100,266.82,266.82,active,2026-10-11T00:15:00Z,2026-10-06T16:54:33+00:00
KXNFLRECYDS-26OCT08TBDAL,KXNFLRECYDS,KXNFLRECYDS-26OCT08TBDAL-TBTJOHNSON15-25,Tez Johnson: 25+ receiving yards,0.2300,0.2700,0.2400,60.00,30.00,active,2026-10-11T00:15:00Z,2026-10-06T16:54:33+00:00
KXNFLRECYDS-26OCT08TBDAL,KXNFLRECYDS,KXNFLRECYDS-26OCT08TBDAL-TBKGAINWELL1-15,Kenny Gainwell: 15+ receiving yards,0.3100,0.3500,0.3400,995.32,689.20,active,2026-10-11T00:15:00Z,2026-10-06T16:54:33+00:00
KXNFLRECYDS-26OCT08TBDAL,KXNFLRECYDS,KXNFLRECYDS-26OCT08TBDAL-TBEEGBUKA2-90,Emeka Egbuka: 90+ receiving yards,0.0400,0.0800,0.0700,457.52,457.52,active,2026-10-11T00:15:00Z,2026-10-06T16:54:33+00:00
KXNFLRECYDS-26OCT08TBDAL,KXNFLRECYDS,KXNFLRECYDS-26OCT08TBDAL-DALCLAMB88-40,CeeDee Lamb: 40+ receiving yards,0.8500,0.8800,0.8900,27.53,27.53,active,2026-10-11T00:15:00Z,2026-10-06T16:54:33+00:00
KXNFLRECYDS-26OCT08TBDAL,KXNFLRECYDS,KXNFLRECYDS-26OCT08TBDAL-DALJWILLIAMS33-60,Javonte Williams: 60+ receiving yards,0.0300,0.0600,0.0000,0.00,0.00,active,2026-10-11T00:15:00Z,2026-10-06T16:54:33+00:00
KXNFLRECYDS-26OCT08TBDAL,KXNFLRECYDS,KXNFLRECYDS-26OCT08TBDAL-DALJWILLIAMS33-40,Javonte Williams: 40+ receiving yards,0.1200,0.1300,0.1200,366.48,366.48,active,2026-10-11T00:15:00Z,2026-10-06T16:54:33+00:00
KXNFLRECYDS-26OCT08TBDAL,KXNFLRECYDS,KXNFLRECYDS-26OCT08TBDAL-DALGPICKENS3-130,George Pickens: 130+ receiving yards,0.0500,0.0800,0.0900,92.00,92.00,active,2026-10-11T00:15:00Z,2026-10-06T16:54:33+00:00
KXNFLRECYDS-26OCT08TBDAL,KXNFLRECYDS,KXNFLRECYDS-26OCT08TBDAL-DALCLAMB88-160,CeeDee Lamb: 160+ receiving yards,0.0500,0.0700,0.0700,181.03,181.03,active,2026-10-11T00:15:00Z,2026-10-06T16:54:33+00:00
KXNFLRECYDS-26OCT08TBDAL,KXNFLRECYDS,KXNFLRECYDS-26OCT08TBDAL-DALJFERGUSON87-50,Jake Ferguson: 50+ receiving yards,0.1700,0.1900,0.1900,42.28,42.28,active,2026-10-11T00:15:00Z,2026-10-06T16:54:33+00:00
KXNFLRECYDS-26OCT08TBDAL,KXNFLRECYDS,KXNFLRECYDS-26OCT08TBDAL-DALGPICKENS3-40,George Pickens: 40+ receiving yards,0.7100,0.7400,0.7400,9.61,9.61,active,2026-10-11T00:15:00Z,2026-10-06T16:54:33+00:00
KXNFLRECYDS-26OCT08TBDAL,KXNFLRECYDS,KXNFLRECYDS-26OCT08TBDAL-DALJWILLIAMS33-50,Javonte Williams: 50+ receiving yards,0.0600,0.0800,0.0800,73.39,73.39,active,2026-10-11T00:15:00Z,2026-10-06T16:54:33+00:00
KXNFLRECYDS-26OCT08TBDAL,KXNFLRECYDS,KXNFLRECYDS-26OCT08TBDAL-TBTHURST17-70,Ted Hurst III: 70+ receiving yards,0.0600,0.1000,0.0000,0.00,0.00,active,2026-10-11T00:15:00Z,2026-10-06T16:54:33+00:00
KXNFLRECYDS-26OCT08TBDAL,KXNFLRECYDS,KXNFLRECYDS-26OCT08TBDAL-TBTHURST17-40,Ted Hurst III: 40+ receiving yards,0.2500,0.2800,0.0000,0.00,0.00,active,2026-10-11T00:15:00Z,2026-10-06T16:54:33+00:00
KXNFLRECYDS-26OCT08TBDAL,KXNFLRECYDS,KXNFLRECYDS-26OCT08TBDAL-TBCOTTON88-15,Cade Otton: 15+ receiving yards,0.7300,0.7700,0.7200,34.86,34.86,active,2026-10-11T00:15:00Z,2026-10-06T16:54:33+00:00
KXNFLRECYDS-26OCT08TBDAL,KXNFLRECYDS,KXNFLRECYDS-26OCT08TBDAL-DALJFERGUSON87-15,Jake Ferguson: 15+ receiving yards,0.7200,0.7400,0.0000,0.00,0.00,active,2026-10-11T00:15:00Z,2026-10-06T16:54:33+00:00
KXNFLRECYDS-26OCT08TBDAL,KXNFLRECYDS,KXNFLRECYDS-26OCT08TBDAL-TBEEGBUKA2-40,Emeka Egbuka: 40+ receiving yards,0.3700,0.4000,0.4000,979.19,979.19,active,2026-10-11T00:15:00Z,2026-10-06T16:54:33+00:00
KXNFLRECYDS-26OCT08TBDAL,KXNFLRECYDS,KXNFLRECYDS-26OCT08TBDAL-TBCOTTON88-40,Cade Otton: 40+ receiving yards,0.3200,0.3300,0.3300,347.33,347.33,active,2026-10-11T00:15:00Z,2026-10-06T16:54:33+00:00
KXNFLRECYDS-26OCT08TBDAL,KXNFLRECYDS,KXNFLRECYDS-26OCT08TBDAL-DALCLAMB88-100,CeeDee Lamb: 100+ receiving yards,0.3500,0.3600,0.3600,959.60,944.55,active,2026-10-11T00:15:00Z,2026-10-06T16:54:33+00:00
KXNFLRECYDS-26OCT08TBDAL,KXNFLRECYDS,KXNFLRECYDS-26OCT08TBDAL-TBCOTTON88-50,Cade Otton: 50+ receiving yards,0.1900,0.2100,0.2100,761.85,761.85,active,2026-10-11T00:15:00Z,2026-10-06T16:54:33+00:00
KXNFLRECYDS-26OCT08TBDAL,KXNFLRECYDS,KXNFLRECYDS-26OCT08TBDAL-DALCLAMB88-60,CeeDee Lamb: 60+ receiving yards,0.7200,0.7300,0.7300,10186.52,10186.52,active,2026-10-11T00:15:00Z,2026-10-06T16:54:33+00:00
KXNFLRECYDS-26OCT08TBDAL,KXNFLRECYDS,KXNFLRECYDS-26OCT08TBDAL-DALCLAMB88-70,CeeDee Lamb: 70+ receiving yards,0.6000,0.6200,0.6200,501.42,486.50,active,2026-10-11T00:15:00Z,2026-10-06T16:54:33+00:00
KXNFLRECYDS-26OCT08TBDAL,KXNFLRECYDS,KXNFLRECYDS-26OCT08TBDAL-DALCLAMB88-140,CeeDee Lamb: 140+ receiving yards,0.1000,0.1300,0.1300,153.36,153.36,active,2026-10-11T00:15:00Z,2026-10-06T16:54:33+00:00
KXNFLRECYDS-26OCT08TBDAL,KXNFLRECYDS,KXNFLRECYDS-26OCT08TBDAL-TBKGAINWELL1-40,Kenny Gainwell: 40+ receiving yards,0.0400,0.0800,0.0000,0.00,0.00,active,2026-10-11T00:15:00Z,2026-10-06T16:54:33+00:00
KXNFLRECYDS-26OCT08TBDAL,KXNFLRECYDS,KXNFLRECYDS-26OCT08TBDAL-TBTHURST17-15,Ted Hurst III: 15+ receiving yards,0.6200,0.6500,0.0000,0.00,0.00,active,2026-10-11T00:15:00Z,2026-10-06T16:54:33+00:00
KXNFLRECYDS-26OCT08TBDAL,KXNFLRECYDS,KXNFLRECYDS-26OCT08TBDAL-DALRFLOURNOY19-70,Ryan Flournoy: 70+ receiving yards,0.0900,0.1300,0.0000,0.00,0.00,active,2026-10-11T00:15:00Z,2026-10-06T16:54:33+00:00
KXNFLRECYDS-26OCT08TBDAL,KXNFLRECYDS,KXNFLRECYDS-26OCT08TBDAL-DALGPICKENS3-70,George Pickens: 70+ receiving yards,0.4100,0.4400,0.4300,557.53,557.53,active,2026-10-11T00:15:00Z,2026-10-06T16:54:33+00:00
KXNFLRECYDS-26OCT08TBDAL,KXNFLRECYDS,KXNFLRECYDS-26OCT08TBDAL-TBCGODWIN14-50,Chris Godwin Jr.: 50+ receiving yards,0.1900,0.2200,0.0000,0.00,0.00,active,2026-10-11T00:15:00Z,2026-10-06T16:54:33+00:00
KXNFLRECYDS-26OCT08TBDAL,KXNFLRECYDS,KXNFLRECYDS-26OCT08TBDAL-DALCLAMB88-150,CeeDee Lamb: 150+ receiving yards,0.0700,0.0900,0.0900,616.71,616.71,active,2026-10-11T00:15:00Z,2026-10-06T16:54:33+00:00
KXNFLRECYDS-26OCT08TBDAL,KXNFLRECYDS,KXNFLRECYDS-26OCT08TBDAL-TBCGODWIN14-25,Chris Godwin Jr.: 25+ receiving yards,0.5400,0.5700,0.5700,119.92,119.92,active,2026-10-11T00:15:00Z,2026-10-06T16:54:33+00:00
KXNFLRECYDS-26OCT08TBDAL,KXNFLRECYDS,KXNFLRECYDS-26OCT08TBDAL-TBEEGBUKA2-50,Emeka Egbuka: 50+ receiving yards,0.2700,0.2900,0.2800,99.70,99.70,active,2026-10-11T00:15:00Z,2026-10-06T16:54:33+00:00
KXNFLRECYDS-26OCT08TBDAL,KXNFLRECYDS,KXNFLRECYDS-26OCT08TBDAL-TBBIRVING7-50,Bucky Irving: 50+ receiving yards,0.0400,0.0800,0.0000,0.00,0.00,active,2026-10-11T00:15:00Z,2026-10-06T16:54:33+00:00
KXNFLRECYDS-26OCT08TBDAL,KXNFLRECYDS,KXNFLRECYDS-26OCT08TBDAL-TBTHURST17-60,Ted Hurst III: 60+ receiving yards,0.1000,0.1400,0.0000,0.00,0.00,active,2026-10-11T00:15:00Z,2026-10-06T16:54:33+00:00
KXNFLRECYDS-26OCT08TBDAL,KXNFLRECYDS,KXNFLRECYDS-26OCT08TBDAL-DALCLAMB88-50,CeeDee Lamb: 50+ receiving yards,0.7700,0.8100,0.8100,55.30,55.30,active,2026-10-11T00:15:00Z,2026-10-06T16:54:33+00:00
KXNFLRECYDS-26OCT08TBDAL,KXNFLRECYDS,KXNFLRECYDS-26OCT08TBDAL-TBEEGBUKA2-25,Emeka Egbuka: 25+ receiving yards,0.5800,0.6200,0.6100,175.81,175.81,active,2026-10-11T00:15:00Z,2026-10-06T16:54:33+00:00
KXNFLRECYDS-26OCT08TBDAL,KXNFLRECYDS,KXNFLRECYDS-26OCT08TBDAL-TBCGODWIN14-80,Chris Godwin Jr.: 80+ receiving yards,0.0400,0.0700,0.0000,0.00,0.00,active,2026-10-11T00:15:00Z,2026-10-06T16:54:33+00:00
KXNFLRECYDS-26OCT08TBDAL,KXNFLRECYDS,KXNFLRECYDS-26OCT08TBDAL-DALGPICKENS3-60,George Pickens: 60+ receiving yards,0.5100,0.5400,0.5400,879.59,879.59,active,2026-10-11T00:15:00Z,2026-10-06T16:54:33+00:00
KXNFLRECYDS-26OCT08TBDAL,KXNFLRECYDS,KXNFLRECYDS-26OCT08TBDAL-TBEEGBUKA2-80,Emeka Egbuka: 80+ receiving yards,0.0700,0.1000,0.1000,1279.40,1279.40,active,2026-10-11T00:15:00Z,2026-10-06T16:54:33+00:00
KXNFLRECYDS-26OCT08TBDAL,KXNFLRECYDS,KXNFLRECYDS-26OCT08TBDAL-DALRFLOURNOY19-25,Ryan Flournoy: 25+ receiving yards,0.5900,0.6200,0.5900,117.11,117.11,active,2026-10-11T00:15:00Z,2026-10-06T16:54:33+00:00
KXNFLRECYDS-26OCT08TBDAL,KXNFLRECYDS,KXNFLRECYDS-26OCT08TBDAL-DALRFLOURNOY19-80,Ryan Flournoy: 80+ receiving yards,0.0500,0.0900,0.0000,0.00,0.00,active,2026-10-11T00:15:00Z,2026-10-06T16:54:33+00:00
KXNFLRECYDS-26OCT08TBDAL,KXNFLRECYDS,KXNFLRECYDS-26OCT08TBDAL-TBTJOHNSON15-50,Tez Johnson: 50+ receiving yards,0.0500,0.0900,0.0000,0.00,0.00,active,2026-10-11T00:15:00Z,2026-10-06T16:54:33+00:00
KXNFLRECYDS-26OCT08TBDAL,KXNFLRECYDS,KXNFLRECYDS-26OCT08TBDAL-TBTJOHNSON15-40,Tez Johnson: 40+ receiving yards,0.1000,0.1300,0.0000,0.00,0.00,active,2026-10-11T00:15:00Z,2026-10-06T16:54:33+00:00
KXNFLRECYDS-26OCT08TBDAL,KXNFLRECYDS,KXNFLRECYDS-26OCT08TBDAL-DALCLAMB88-110,CeeDee Lamb: 110+ receiving yards,0.2800,0.2900,0.2900,1393.28,1393.28,active,2026-10-11T00:15:00Z,2026-10-06T16:54:33+00:00
KXNFLRECYDS-26OCT08TBDAL,KXNFLRECYDS,KXNFLRECYDS-26OCT08TBDAL-TBCGODWIN14-60,Chris Godwin Jr.: 60+ receiving yards,0.1200,0.1400,0.1500,69.47,69.47,active,2026-10-11T00:15:00Z,2026-10-06T16:54:33+00:00
KXNFLRECYDS-26OCT08TBDAL,KXNFLRECYDS,KXNFLRECYDS-26OCT08TBDAL-DALRFLOURNOY19-15,Ryan Flournoy: 15+ receiving yards,0.7400,0.7900,0.0000,0.00,0.00,active,2026-10-11T00:15:00Z,2026-10-06T16:54:33+00:00
KXNFLRECYDS-26OCT08TBDAL,KXNFLRECYDS,KXNFLRECYDS-26OCT08TBDAL-DALJWILLIAMS33-15,Javonte Williams: 15+ receiving yards,0.5100,0.5300,0.5300,234.25,225.95,active,2026-10-11T00:15:00Z,2026-10-06T16:54:33+00:00
KXNFLRECYDS-26OCT08TBDAL,KXNFLRECYDS,KXNFLRECYDS-26OCT08TBDAL-TBCGODWIN14-40,Chris Godwin Jr.: 40+ receiving yards,0.3000,0.3300,0.3400,506.34,506.34,active,2026-10-11T00:15:00Z,2026-10-06T16:54:33+00:00
KXNFLRECYDS-26OCT08TBDAL,KXNFLRECYDS,KXNFLRECYDS-26OCT08TBDAL-DALJFERGUSON87-40,Jake Ferguson: 40+ receiving yards,0.2700,0.3000,0.3000,55.71,55.71,active,2026-10-11T00:15:00Z,2026-10-06T16:54:33+00:00
KXNFLRECYDS-26OCT08TBDAL,KXNFLRECYDS,KXNFLRECYDS-26OCT08TBDAL-DALGPICKENS3-50,George Pickens: 50+ receiving yards,0.6100,0.6400,0.6000,168.94,153.81,active,2026-10-11T00:15:00Z,2026-10-06T16:54:33+00:00
KXNFLRECYDS-26OCT08TBDAL,KXNFLRECYDS,KXNFLRECYDS-26OCT08TBDAL-TBEEGBUKA2-60,Emeka Egbuka: 60+ receiving yards,0.2000,0.2100,0.2100,3042.75,3042.75,active,2026-10-11T00:15:00Z,2026-10-06T16:54:33+00:00
KXNFLRECYDS-26OCT08TBDAL,KXNFLRECYDS,KXNFLRECYDS-26OCT08TBDAL-TBCOTTON88-25,Cade Otton: 25+ receiving yards,0.5600,0.5900,0.5900,1643.52,1575.76,active,2026-10-11T00:15:00Z,2026-10-06T16:54:33+00:00
KXNFLRECYDS-26OCT08TBDAL,KXNFLRECYDS,KXNFLRECYDS-26OCT08TBDAL-TBKGAINWELL1-25,Kenny Gainwell: 25+ receiving yards,0.1500,0.1800,0.1300,957.08,951.53,active,2026-10-11T00:15:00Z,2026-10-06T16:54:33+00:00
KXNFLRECYDS-26OCT08TBDAL,KXNFLRECYDS,KXNFLRECYDS-26OCT08TBDAL-DALCLAMB88-90,CeeDee Lamb: 90+ receiving yards,0.4300,0.4400,0.4300,1793.59,1768.94,active,2026-10-11T00:15:00Z,2026-10-06T16:54:33+00:00
KXNFLRECYDS-26OCT08TBDAL,KXNFLRECYDS,KXNFLRECYDS-26OCT08TBDAL-TBTHURST17-25,Ted Hurst III: 25+ receiving yards,0.4500,0.4700,0.4700,32.61,32.61,active,2026-10-11T00:15:00Z,2026-10-06T16:54:33+00:00
KXNFLRECYDS-26OCT08TBDAL,KXNFLRECYDS,KXNFLRECYDS-26OCT08TBDAL-DALCLAMB88-80,CeeDee Lamb: 80+ receiving yards,0.5100,0.5400,0.5400,3085.48,2554.58,active,2026-10-11T00:15:00Z,2026-10-06T16:54:33+00:00
KXNFLRECYDS-26OCT08TBDAL,KXNFLRECYDS,KXNFLRECYDS-26OCT08TBDAL-TBCOTTON88-70,Cade Otton: 70+ receiving yards,0.0700,0.0900,0.0900,156.68,156.68,active,2026-10-11T00:15:00Z,2026-10-06T16:54:33+00:00
KXNFLRECYDS-26OCT08TBDAL,KXNFLRECYDS,KXNFLRECYDS-26OCT08TBDAL-DALCLAMB88-130,CeeDee Lamb: 130+ receiving yards,0.1400,0.1600,0.1600,225.18,225.18,active,2026-10-11T00:15:00Z,2026-10-06T16:54:33+00:00
KXNFLRECYDS-26OCT08TBDAL,KXNFLRECYDS,KXNFLRECYDS-26OCT08TBDAL-DALGPICKENS3-80,George Pickens: 80+ receiving yards,0.3400,0.3500,0.3400,868.48,868.48,active,2026-10-11T00:15:00Z,2026-10-06T16:54:33+00:00
KXNFLRECYDS-26OCT08TBDAL,KXNFLRECYDS,KXNFLRECYDS-26OCT08TBDAL-DALCLAMB88-120,CeeDee Lamb: 120+ receiving yards,0.1900,0.2200,0.2200,1270.87,1270.87,active,2026-10-11T00:15:00Z,2026-10-06T16:54:33+00:00
KXNFLRECYDS-26OCT08TBDAL,KXNFLRECYDS,KXNFLRECYDS-26OCT08TBDAL-DALGPICKENS3-90,George Pickens: 90+ receiving yards,0.2400,0.2800,0.2700,141.28,141.28,active,2026-10-11T00:15:00Z,2026-10-06T16:54:33+00:00
KXNFLRECYDS-26OCT08TBDAL,KXNFLRECYDS,KXNFLRECYDS-26OCT08TBDAL-TBBIRVING7-25,Bucky Irving: 25+ receiving yards,0.2500,0.2700,0.0000,0.00,0.00,active,2026-10-11T00:15:00Z,2026-10-06T16:54:33+00:00
KXNFLRECYDS-26OCT08TBDAL,KXNFLRECYDS,KXNFLRECYDS-26OCT08TBDAL-TBCOTTON88-80,Cade Otton: 80+ receiving yards,0.0300,0.0700,0.0000,0.00,0.00,active,2026-10-11T00:15:00Z,2026-10-06T16:54:33+00:00
KXNFLRECYDS-26OCT08TBDAL,KXNFLRECYDS,KXNFLRECYDS-26OCT08TBDAL-TBCGODWIN14-70,Chris Godwin Jr.: 70+ receiving yards,0.0700,0.1000,0.0000,0.00,0.00,active,2026-10-11T00:15:00Z,2026-10-06T16:54:33+00:00
KXNFLRECYDS-26OCT08TBDAL,KXNFLRECYDS,KXNFLRECYDS-26OCT08TBDAL-TBEEGBUKA2-100,Emeka Egbuka: 100+ receiving yards,0.0200,0.0600,0.0500,1087.65,1087.65,active,2026-10-11T00:15:00Z,2026-10-06T16:54:33+00:00
KXNFLRECYDS-26OCT08TBDAL,KXNFLRECYDS,KXNFLRECYDS-26OCT08TBDAL-DALRFLOURNOY19-90,Ryan Flournoy: 90+ receiving yards,0.0300,0.0700,0.0000,0.00,0.00,active,2026-10-11T00:15:00Z,2026-10-06T16:54:33+00:00
KXNFLRECYDS-26OCT08TBDAL,KXNFLRECYDS,KXNFLRECYDS-26OCT08TBDAL-TBTHURST17-80,Ted Hurst III: 80+ receiving yards,0.0300,0.0700,0.0000,0.00,0.00,active,2026-10-11T00:15:00Z,2026-10-06T16:54:33+00:00
KXNFLRECYDS-26OCT08TBDAL,KXNFLRECYDS,KXNFLRECYDS-26OCT08TBDAL-DALJFERGUSON87-60,Jake Ferguson: 60+ receiving yards,0.0900,0.1100,0.0000,0.00,0.00,active,2026-10-11T00:15:00Z,2026-10-06T16:54:33+00:00
KXNFLRECYDS-26OCT08TBDAL,KXNFLRECYDS,KXNFLRECYDS-26OCT08TBDAL-DALJFERGUSON87-80,Jake Ferguson: 80+ receiving yards,0.0200,0.0600,0.0000,0.00,0.00,active,2026-10-11T00:15:00Z,2026-10-06T16:54:33+00:00
KXNFLRECYDS-26OCT08TBDAL,KXNFLRECYDS,KXNFLRECYDS-26OCT08TBDAL-DALJFERGUSON87-70,Jake Ferguson: 70+ receiving yards,0.0500,0.0800,0.0000,0.00,0.00,active,2026-10-11T00:15:00Z,2026-10-06T16:54:33+00:00
KXNFLRECYDS-26OCT08TBDAL,KXNFLRECYDS,KXNFLRECYDS-26OCT08TBDAL-DALGPICKENS3-100,George Pickens: 100+ receiving yards,0.1900,0.2000,0.2000,979.12,979.12,active,2026-10-11T00:15:00Z,2026-10-06T16:54:33+00:00
KXNFLRECYDS-26OCT08TBDAL,KXNFLRECYDS,KXNFLRECYDS-26OCT08TBDAL-DALGPICKENS3-140,George Pickens: 140+ receiving yards,0.0300,0.0700,0.0600,70.68,70.68,active,2026-10-11T00:15:00Z,2026-10-06T16:54:33+00:00
KXNFLRECYDS-26OCT08TBDAL,KXNFLRECYDS,KXNFLRECYDS-26OCT08TBDAL-TBCGODWIN14-15,Chris Godwin Jr.: 15+ receiving yards,0.7100,0.7500,0.0000,0.00,0.00,active,2026-10-11T00:15:00Z,2026-10-06T16:54:33+00:00
KXNFLRECYDS-26OCT08TBDAL,KXNFLRECYDS,KXNFLRECYDS-26OCT08TBDAL-TBEEGBUKA2-70,Emeka Egbuka: 70+ receiving yards,0.1200,0.1500,0.1400,101.05,101.05,active,2026-10-11T00:15:00Z,2026-10-06T16:54:33+00:00
KXNFLRECYDS-26OCT08TBDAL,KXNFLRECYDS,KXNFLRECYDS-26OCT08TBDAL-TBCOTTON88-60,Cade Otton: 60+ receiving yards,0.1100,0.1300,0.0000,0.00,0.00,active,2026-10-11T00:15:00Z,2026-10-06T16:54:33+00:00
KXNFLRECYDS-26OCT08TBDAL,KXNFLRECYDS,KXNFLRECYDS-26OCT08TBDAL-TBBIRVING7-15,Bucky Irving: 15+ receiving yards,0.4500,0.4700,0.4900,25.61,25.61,active,2026-10-11T00:15:00Z,2026-10-06T16:54:33+00:00
KXNFLRECYDS-26OCT08TBDAL,KXNFLRECYDS,KXNFLRECYDS-26OCT08TBDAL-TBTJOHNSON15-15,Tez Johnson: 15+ receiving yards,0.4100,0.4300,0.0000,0.00,0.00,active,2026-10-11T00:15:00Z,2026-10-06T16:54:33+00:00
KXNFLRECYDS-26OCT11PHIJAC,KXNFLRECYDS,KXNFLRECYDS-26OCT11PHIJAC-JACBTHOMAS7-40,Brian Thomas Jr.: 40+ receiving yards,0.2600,0.3100,0.0000,0.00,0.00,active,2026-10-13T13:30:00Z,2026-10-06T16:54:33+00:00
KXNFLRECYDS-26OCT11PHIJAC,KXNFLRECYDS,KXNFLRECYDS-26OCT11PHIJAC-JACPWASHINGTON11-120,Parker Washington: 120+ receiving yards,0.0300,0.1100,0.0000,0.00,0.00,active,2026-10-13T13:30:00Z,2026-10-06T16:54:33+00:00
KXNFLRECYDS-26OCT11PHIJAC,KXNFLRECYDS,KXNFLRECYDS-26OCT11PHIJAC-JACPWASHINGTON11-130,Parker Washington: 130+ receiving yards,0.0300,0.0900,0.0000,0.00,0.00,active,2026-10-13T13:30:00Z,2026-10-06T16:54:33+00:00
KXNFLRECYDS-26OCT11PHIJAC,KXNFLRECYDS,KXNFLRECYDS-26OCT11PHIJAC-JACJMEYERS3-40,Jakobi Meyers: 40+ receiving yards,0.5300,0.5700,0.0000,0.00,0.00,active,2026-10-13T13:30:00Z,2026-10-06T16:54:33+00:00
KXNFLRECYDS-26OCT11PHIJAC,KXNFLRECYDS,KXNFLRECYDS-26OCT11PHIJAC-JACJMEYERS3-90,Jakobi Meyers: 90+ receiving yards,0.0700,0.1300,0.0000,0.00,0.00,active,2026-10-13T13:30:00Z,2026-10-06T16:54:33+00:00
KXNFLRECYDS-26OCT11PHIJAC,KXNFLRECYDS,KXNFLRECYDS-26OCT11PHIJAC-JACBSTRANGE85-100,Brenton Strange: 100+ receiving yards,0.0300,0.0800,0.0000,0.00,0.00,active,2026-10-13T13:30:00Z,2026-10-06T16:54:33+00:00
KXNFLRECYDS-26OCT11PHIJAC,KXNFLRECYDS,KXNFLRECYDS-26OCT11PHIJAC-JACBSTRANGE85-110,Brenton Strange: 110+ receiving yards,0.0200,0.0700,0.0000,0.00,0.00,active,2026-10-13T13:30:00Z,2026-10-06T16:54:33+00:00
KXNFLRECYDS-26OCT11PHIJAC,KXNFLRECYDS,KXNFLRECYDS-26OCT11PHIJAC-JACBSTRANGE85-40,Brenton Strange: 40+ receiving yards,0.4100,0.4900,0.0000,0.00,0.00,active,2026-10-13T13:30:00Z,2026-10-06T16:54:33+00:00
KXNFLRECYDS-26OCT11PHIJAC,KXNFLRECYDS,KXNFLRECYDS-26OCT11PHIJAC-JACBTHOMAS7-15,Brian Thomas Jr.: 15+ receiving yards,0.6400,0.6800,0.0000,0.00,0.00,active,2026-10-13T13:30:00Z,2026-10-06T16:54:33+00:00
KXNFLRECYDS-26OCT11PHIJAC,KXNFLRECYDS,KXNFLRECYDS-26OCT11PHIJAC-JACJCAMERON19-25,Josh Cameron: 25+ receiving yards,0.2600,0.3100,0.0000,0.00,0.00,active,2026-10-13T13:30:00Z,2026-10-06T16:54:33+00:00
KXNFLRECYDS-26OCT11PHIJAC,KXNFLRECYDS,KXNFLRECYDS-26OCT11PHIJAC-JACJCAMERON19-40,Josh Cameron: 40+ receiving yards,0.0300,0.1400,0.0000,0.00,0.00,active,2026-10-13T13:30:00Z,2026-10-06T16:54:33+00:00
KXNFLRECYDS-26OCT11PHIJAC,KXNFLRECYDS,KXNFLRECYDS-26OCT11PHIJAC-JACJMEYERS3-25,Jakobi Meyers: 25+ receiving yards,0.7300,0.7700,0.0000,0.00,0.00,active,2026-10-13T13:30:00Z,2026-10-06T16:54:33+00:00
KXNFLRECYDS-26OCT11PHIJAC,KXNFLRECYDS,KXNFLRECYDS-26OCT11PHIJAC-JACBTHOMAS7-25,Brian Thomas Jr.: 25+ receiving yards,0.5000,0.5200,0.0000,0.00,0.00,active,2026-10-13T13:30:00Z,2026-10-06T16:54:33+00:00
KXNFLRECYDS-26OCT11PHIJAC,KXNFLRECYDS,KXNFLRECYDS-26OCT11PHIJAC-JACPWASHINGTON11-25,Parker Washington: 25+ receiving yards,0.7300,0.8800,0.0000,0.00,0.00,active,2026-10-13T13:30:00Z,2026-10-06T16:54:33+00:00
KXNFLRECYDS-26OCT11PHIJAC,KXNFLRECYDS,KXNFLRECYDS-26OCT11PHIJAC-JACPWASHINGTON11-50,Parker Washington: 50+ receiving yards,0.5800,0.6400,0.6500,30.42,30.42,active,2026-10-13T13:30:00Z,2026-10-06T16:54:33+00:00
KXNFLRECYDS-26OCT11PHIJAC,KXNFLRECYDS,KXNFLRECYDS-26OCT11PHIJAC-JACPWASHINGTON11-90,Parker Washington: 90+ receiving yards,0.1500,0.2600,0.0000,0.00,0.00,active,2026-10-13T13:30:00Z,2026-10-06T16:54:33+00:00
KXNFLRECYDS-26OCT11PHIJAC,KXNFLRECYDS,KXNFLRECYDS-26OCT11PHIJAC-JACBTUTEN33-15,Bhayshul Tuten: 15+ receiving yards,0.3400,0.3800,0.0000,0.00,0.00,active,2026-10-13T13:30:00Z,2026-10-06T16:54:33+00:00
KXNFLRECYDS-26OCT11PHIJAC,KXNFLRECYDS,KXNFLRECYDS-26OCT11PHIJAC-JACPWASHINGTON11-80,Parker Washington: 80+ receiving yards,0.3200,0.3400,0.0000,0.00,0.00,active,2026-10-13T13:30:00Z,2026-10-06T16:54:33+00:00
KXNFLRECYDS-26OCT11PHIJAC,KXNFLRECYDS,KXNFLRECYDS-26OCT11PHIJAC-JACPWASHINGTON11-110,Parker Washington: 110+ receiving yards,0.0400,0.1500,0.0000,0.00,0.00,active,2026-10-13T13:30:00Z,2026-10-06T16:54:33+00:00
KXNFLRECYDS-26OCT11PHIJAC,KXNFLRECYDS,KXNFLRECYDS-26OCT11PHIJAC-JACPWASHINGTON11-40,Parker Washington: 40+ receiving yards,0.6900,0.7500,0.0000,0.00,0.00,active,2026-10-13T13:30:00Z,2026-10-06T16:54:33+00:00
KXNFLRECYDS-26OCT11PHIJAC,KXNFLRECYDS,KXNFLRECYDS-26OCT11PHIJAC-JACPWASHINGTON11-60,Parker Washington: 60+ receiving yards,0.4900,0.5400,0.0000,0.00,0.00,active,2026-10-13T13:30:00Z,2026-10-06T16:54:33+00:00
KXNFLRECYDS-26OCT11PHIJAC,KXNFLRECYDS,KXNFLRECYDS-26OCT11PHIJAC-JACJCAMERON19-15,Josh Cameron: 15+ receiving yards,0.4300,0.4800,0.0000,0.00,0.00,active,2026-10-13T13:30:00Z,2026-10-06T16:54:33+00:00
KXNFLRECYDS-26OCT11PHIJAC,KXNFLRECYDS,KXNFLRECYDS-26OCT11PHIJAC-JACPWASHINGTON11-100,Parker Washington: 100+ receiving yards,0.1100,0.2000,0.0000,0.00,0.00,active,2026-10-13T13:30:00Z,2026-10-06T16:54:33+00:00
KXNFLRECYDS-26OCT11PHIJAC,KXNFLRECYDS,KXNFLRECYDS-26OCT11PHIJAC-JACBSTRANGE85-60,Brenton Strange: 60+ receiving yards,0.1400,0.2500,0.0000,0.00,0.00,active,2026-10-13T13:30:00Z,2026-10-06T16:54:33+00:00
KXNFLRECYDS-26OCT11PHIJAC,KXNFLRECYDS,KXNFLRECYDS-26OCT11PHIJAC-JACBSTRANGE85-15,Brenton Strange: 15+ receiving yards,0.6400,0.8500,0.0000,0.00,0.00,active,2026-10-13T13:30:00Z,2026-10-06T16:54:33+00:00
KXNFLRECYDS-26OCT11PHIJAC,KXNFLRECYDS,KXNFLRECYDS-26OCT11PHIJAC-JACJMEYERS3-110,Jakobi Meyers: 110+ receiving yards,0.0300,0.0700,0.0000,0.00,0.00,active,2026-10-13T13:30:00Z,2026-10-06T16:54:33+00:00
KXNFLRECYDS-26OCT11PHIJAC,KXNFLRECYDS,KXNFLRECYDS-26OCT11PHIJAC-JACJMEYERS3-100,Jakobi Meyers: 100+ receiving yards,0.0300,0.0900,0.0000,0.00,0.00,active,2026-10-13T13:30:00Z,2026-10-06T16:54:33+00:00
KXNFLRECYDS-26OCT11PHIJAC,KXNFLRECYDS,KXNFLRECYDS-26OCT11PHIJAC-JACBTUTEN33-10,Bhayshul Tuten: 10+ receiving yards,0.4700,0.5200,0.0000,0.00,0.00,active,2026-10-13T13:30:00Z,2026-10-06T16:54:33+00:00
KXNFLRECYDS-26OCT11PHIJAC,KXNFLRECYDS,KXNFLRECYDS-26OCT11PHIJAC-JACBTUTEN33-50,Bhayshul Tuten: 50+ receiving yards,0.0200,0.0700,0.0000,0.00,0.00,active,2026-10-13T13:30:00Z,2026-10-06T16:54:33+00:00
KXNFLRECYDS-26OCT11PHIJAC,KXNFLRECYDS,KXNFLRECYDS-26OCT11PHIJAC-JACJCAMERON19-50,Josh Cameron: 50+ receiving yards,0.0300,0.1000,0.0000,0.00,0.00,active,2026-10-13T13:30:00Z,2026-10-06T16:54:33+00:00
KXNFLRECYDS-26OCT11PHIJAC,KXNFLRECYDS,KXNFLRECYDS-26OCT11PHIJAC-JACJMEYERS3-50,Jakobi Meyers: 50+ receiving yards,0.4100,0.4400,0.0000,0.00,0.00,active,2026-10-13T13:30:00Z,2026-10-06T16:54:33+00:00
KXNFLRECYDS-26OCT11PHIJAC,KXNFLRECYDS,KXNFLRECYDS-26OCT11PHIJAC-JACBSTRANGE85-90,Brenton Strange: 90+ receiving yards,0.0300,0.1000,0.0000,0.00,0.00,active,2026-10-13T13:30:00Z,2026-10-06T16:54:33+00:00
KXNFLRECYDS-26OCT11PHIJAC,KXNFLRECYDS,KXNFLRECYDS-26OCT11PHIJAC-JACJCAMERON19-60,Josh Cameron: 60+ receiving yards,0.0200,0.0700,0.0000,0.00,0.00,active,2026-10-13T13:30:00Z,2026-10-06T16:54:33+00:00
KXNFLRECYDS-26OCT11PHIJAC,KXNFLRECYDS,KXNFLRECYDS-26OCT11PHIJAC-JACPWASHINGTON11-70,Parker Washington: 70+ receiving yards,0.4000,0.4300,0.0000,0.00,0.00,active,2026-10-13T13:30:00Z,2026-10-06T16:54:33+00:00
KXNFLRECYDS-26OCT11PHIJAC,KXNFLRECYDS,KXNFLRECYDS-26OCT11PHIJAC-JACBTUTEN33-25,Bhayshul Tuten: 25+ receiving yards,0.1800,0.2100,0.0000,0.00,0.00,active,2026-10-13T13:30:00Z,2026-10-06T16:54:33+00:00
KXNFLRECYDS-26OCT11PHIJAC,KXNFLRECYDS,KXNFLRECYDS-26OCT11PHIJAC-JACJMEYERS3-70,Jakobi Meyers: 70+ receiving yards,0.1900,0.2400,0.0000,0.00,0.00,active,2026-10-13T13:30:00Z,2026-10-06T16:54:33+00:00
KXNFLRECYDS-26OCT11PHIJAC,KXNFLRECYDS,KXNFLRECYDS-26OCT11PHIJAC-JACJMEYERS3-60,Jakobi Meyers: 60+ receiving yards,0.3000,0.3300,0.0000,0.00,0.00,active,2026-10-13T13:30:00Z,2026-10-06T16:54:33+00:00
KXNFLRECYDS-26OCT11PHIJAC,KXNFLRECYDS,KXNFLRECYDS-26OCT11PHIJAC-JACJMEYERS3-80,Jakobi Meyers: 80+ receiving yards,0.1100,0.1800,0.0000,0.00,0.00,active,2026-10-13T13:30:00Z,2026-10-06T16:54:33+00:00
KXNFLRECYDS-26OCT11PHIJAC,KXNFLRECYDS,KXNFLRECYDS-26OCT11PHIJAC-JACBTHOMAS7-50,Brian Thomas Jr.: 50+ receiving yards,0.1600,0.2100,0.0000,0.00,0.00,active,2026-10-13T13:30:00Z,2026-10-06T16:54:33+00:00
KXNFLRECYDS-26OCT11PHIJAC,KXNFLRECYDS,KXNFLRECYDS-26OCT11PHIJAC-JACBTHOMAS7-70,Brian Thomas Jr.: 70+ receiving yards,0.0500,0.1000,0.0000,0.00,0.00,active,2026-10-13T13:30:00Z,2026-10-06T16:54:33+00:00
KXNFLRECYDS-26OCT11PHIJAC,KXNFLRECYDS,KXNFLRECYDS-26OCT11PHIJAC-JACPWASHINGTON11-140,Parker Washington: 140+ receiving yards,0.0300,0.0700,0.0000,0.00,0.00,active,2026-10-13T13:30:00Z,2026-10-06T16:54:33+00:00
KXNFLRECYDS-26OCT11PHIJAC,KXNFLRECYDS,KXNFLRECYDS-26OCT11PHIJAC-JACBSTRANGE85-80,Brenton Strange: 80+ receiving yards,0.0300,0.1200,0.0000,0.00,0.00,active,2026-10-13T13:30:00Z,2026-10-06T16:54:33+00:00
KXNFLRECYDS-26OCT11PHIJAC,KXNFLRECYDS,KXNFLRECYDS-26OCT11PHIJAC-JACBSTRANGE85-50,Brenton Strange: 50+ receiving yards,0.2600,0.3700,0.0000,0.00,0.00,active,2026-10-13T13:30:00Z,2026-10-06T16:54:33+00:00
KXNFLRECYDS-26OCT11PHIJAC,KXNFLRECYDS,KXNFLRECYDS-26OCT11PHIJAC-JACBTHOMAS7-80,Brian Thomas Jr.: 80+ receiving yards,0.0300,0.0800,0.0000,0.00,0.00,active,2026-10-13T13:30:00Z,2026-10-06T16:54:33+00:00
KXNFLRECYDS-26OCT11PHIJAC,KXNFLRECYDS,KXNFLRECYDS-26OCT11PHIJAC-JACBSTRANGE85-25,Brenton Strange: 25+ receiving yards,0.5000,0.7100,0.0000,0.00,0.00,active,2026-10-13T13:30:00Z,2026-10-06T16:54:33+00:00
KXNFLRECYDS-26OCT11PHIJAC,KXNFLRECYDS,KXNFLRECYDS-26OCT11PHIJAC-JACBSTRANGE85-70,Brenton Strange: 70+ receiving yards,0.0300,0.1700,0.0000,0.00,0.00,active,2026-10-13T13:30:00Z,2026-10-06T16:54:33+00:00
KXNFLRECYDS-26OCT11PHIJAC,KXNFLRECYDS,KXNFLRECYDS-26OCT11PHIJAC-JACBTHOMAS7-60,Brian Thomas Jr.: 60+ receiving yards,0.0900,0.1300,0.0000,0.00,0.00,active,2026-10-13T13:30:00Z,2026-10-06T16:54:33+00:00
KXNFLRECYDS-26OCT11PHIJAC,KXNFLRECYDS,KXNFLRECYDS-26OCT11PHIJAC-JACBTUTEN33-40,Bhayshul Tuten: 40+ receiving yards,0.0300,0.1000,0.0000,0.00,0.00,active,2026-10-13T13:30:00Z,2026-10-06T16:54:33+00:00
KXNFLRECYDS-26OCT11PHIJAC,KXNFLRECYDS,KXNFLRECYDS-26OCT11PHIJAC-JACJMEYERS3-15,Jakobi Meyers: 15+ receiving yards,0.8500,0.8900,0.0000,0.00,0.00,active,2026-10-13T13:30:00Z,2026-10-06T16:54:33+00:00
KXNFLRSHYDS-26OCT08TBDAL,KXNFLRSHYDS,KXNFLRSHYDS-26OCT08TBDAL-DALJWILLIAMS33-80,Javonte Williams: 80+ rushing yards,0.4200,0.4400,0.4400,609.14,579.24,active,2026-10-11T00:15:00Z,2026-10-06T16:54:33+00:00
KXNFLRSHYDS-26OCT08TBDAL,KXNFLRSHYDS,KXNFLRSHYDS-26OCT08TBDAL-DALDPRESCOTT4-15,Dak Prescott: 15+ rushing yards,0.3300,0.3600,0.3600,1.00,1.00,active,2026-10-11T00:15:00Z,2026-10-06T16:54:33+00:00
KXNFLRSHYDS-26OCT08TBDAL,KXNFLRSHYDS,KXNFLRSHYDS-26OCT08TBDAL-DALJWILLIAMS33-50,Javonte Williams: 50+ rushing yards,0.7400,0.7800,0.7800,320.85,320.85,active,2026-10-11T00:15:00Z,2026-10-06T16:54:33+00:00
KXNFLRSHYDS-26OCT08TBDAL,KXNFLRSHYDS,KXNFLRSHYDS-26OCT08TBDAL-DALDPRESCOTT4-20,Dak Prescott: 20+ rushing yards,0.2200,0.2500,0.2500,24.42,24.42,active,2026-10-11T00:15:00Z,2026-10-06T16:54:33+00:00
KXNFLRSHYDS-26OCT08TBDAL,KXNFLRSHYDS,KXNFLRSHYDS-26OCT08TBDAL-TBJDANIELS10-70,Jalon Daniels: 70+ rushing yards,0.1700,0.2000,0.0000,0.00,0.00,active,2026-10-11T00:15:00Z,2026-10-06T16:54:33+00:00
KXNFLRSHYDS-26OCT08TBDAL,KXNFLRSHYDS,KXNFLRSHYDS-26OCT08TBDAL-DALJWILLIAMS33-60,Javonte Williams: 60+ rushing yards,0.6400,0.6700,0.6700,103.76,83.38,active,2026-10-11T00:15:00Z,2026-10-06T16:54:33+00:00
KXNFLRSHYDS-26OCT08TBDAL,KXNFLRSHYDS,KXNFLRSHYDS-26OCT08TBDAL-DALJWILLIAMS33-90,Javonte Williams: 90+ rushing yards,0.3500,0.3600,0.3600,5.58,5.58,active,2026-10-11T00:15:00Z,2026-10-06T16:54:33+00:00
KXNFLRSHYDS-26OCT08TBDAL,KXNFLRSHYDS,KXNFLRSHYDS-26OCT08TBDAL-TBBIRVING7-90,Bucky Irving: 90+ rushing yards,0.1400,0.1500,0.1500,166.76,166.76,active,2026-10-11T00:15:00Z,2026-10-06T16:54:33+00:00
KXNFLRSHYDS-26OCT08TBDAL,KXNFLRSHYDS,KXNFLRSHYDS-26OCT08TBDAL-DALDPRESCOTT4-25,Dak Prescott: 25+ rushing yards,0.1500,0.1700,0.0000,0.00,0.00,active,2026-10-11T00:15:00Z,2026-10-06T16:54:33+00:00
KXNFLRSHYDS-26OCT08TBDAL,KXNFLRSHYDS,KXNFLRSHYDS-26OCT08TBDAL-DALTGOODSON32-25,Tyler Goodson: 25+ rushing yards,0.3300,0.3400,0.0000,0.00,0.00,active,2026-10-11T00:15:00Z,2026-10-06T16:54:33+00:00
KXNFLRSHYDS-26OCT08TBDAL,KXNFLRSHYDS,KXNFLRSHYDS-26OCT08TBDAL-DALTGOODSON32-30,Tyler Goodson: 30+ rushing yards,0.2500,0.2600,0.0000,0.00,0.00,active,2026-10-11T00:15:00Z,2026-10-06T16:54:33+00:00
KXNFLRSHYDS-26OCT08TBDAL,KXNFLRSHYDS,KXNFLRSHYDS-26OCT08TBDAL-TBBIRVING7-100,Bucky Irving: 100+ rushing yards,0.1000,0.1200,0.0000,0.00,0.00,active,2026-10-11T00:15:00Z,2026-10-06T16:54:33+00:00
KXNFLRSHYDS-26OCT08TBDAL,KXNFLRSHYDS,KXNFLRSHYDS-26OCT08TBDAL-TBBIRVING7-30,Bucky Irving: 30+ rushing yards,0.8300,0.8400,0.8500,93.63,52.89,active,2026-10-11T00:15:00Z,2026-10-06T16:54:33+00:00
KXNFLRSHYDS-26OCT08TBDAL,KXNFLRSHYDS,KXNFLRSHYDS-26OCT08TBDAL-DALTGOODSON32-15,Tyler Goodson: 15+ rushing yards,0.5500,0.5600,0.0000,0.00,0.00,active,2026-10-11T00:15:00Z,2026-10-06T16:54:33+00:00
KXNFLRSHYDS-26OCT08TBDAL,KXNFLRSHYDS,KXNFLRSHYDS-26OCT08TBDAL-TBBIRVING7-70,Bucky Irving: 70+ rushing yards,0.2900,0.3000,0.3500,728.81,728.81,active,2026-10-11T00:15:00Z,2026-10-06T16:54:33+00:00
KXNFLRSHYDS-26OCT08TBDAL,KXNFLRSHYDS,KXNFLRSHYDS-26OCT08TBDAL-TBBIRVING7-120,Bucky Irving: 120+ rushing yards,0.0300,0.0600,0.0000,0.00,0.00,active,2026-10-11T00:15:00Z,2026-10-06T16:54:33+00:00
KXNFLRSHYDS-26OCT08TBDAL,KXNFLRSHYDS,KXNFLRSHYDS-26OCT08TBDAL-TBBIRVING7-40,Bucky Irving: 40+ rushing yards,0.7000,0.7100,0.7400,341.45,208.74,active,2026-10-11T00:15:00Z,2026-10-06T16:54:33+00:00
KXNFLRSHYDS-26OCT08TBDAL,KXNFLRSHYDS,KXNFLRSHYDS-26OCT08TBDAL-TBBIRVING7-50,Bucky Irving: 50+ rushing yards,0.5500,0.5600,0.5300,4394.62,4356.65,active,2026-10-11T00:15:00Z,2026-10-06T16:54:33+00:00
KXNFLRSHYDS-26OCT08TBDAL,KXNFLRSHYDS,KXNFLRSHYDS-26OCT08TBDAL-DALJWILLIAMS33-110,Javonte Williams: 110+ rushing yards,0.1800,0.1900,0.1600,232.52,232.52,active,2026-10-11T00:15:00Z,2026-10-06T16:54:33+00:00
KXNFLRSHYDS-26OCT08TBDAL,KXNFLRSHYDS,KXNFLRSHYDS-26OCT08TBDAL-TBJDANIELS10-40,Jalon Daniels: 40+ rushing yards,0.5500,0.5800,0.5800,1061.36,1061.36,active,2026-10-11T00:15:00Z,2026-10-06T16:54:33+00:00
KXNFLRSHYDS-26OCT08TBDAL,KXNFLRSHYDS,KXNFLRSHYDS-26OCT08TBDAL-TBBIRVING7-110,Bucky Irving: 110+ rushing yards,0.0700,0.0900,0.0000,0.00,0.00,active,2026-10-11T00:15:00Z,2026-10-06T16:54:33+00:00
KXNFLRSHYDS-26OCT08TBDAL,KXNFLRSHYDS,KXNFLRSHYDS-26OCT08TBDAL-DALJWILLIAMS33-100,Javonte Williams: 100+ rushing yards,0.2300,0.2600,0.2600,62.52,62.52,active,2026-10-11T00:15:00Z,2026-10-06T16:54:33+00:00
KXNFLRSHYDS-26OCT08TBDAL,KXNFLRSHYDS,KXNFLRSHYDS-26OCT08TBDAL-TBBIRVING7-60,Bucky Irving: 60+ rushing yards,0.3900,0.4100,0.3400,4424.34,4050.27,active,2026-10-11T00:15:00Z,2026-10-06T16:54:33+00:00
KXNFLRSHYDS-26OCT08TBDAL,KXNFLRSHYDS,KXNFLRSHYDS-26OCT08TBDAL-TBJDANIELS10-80,Jalon Daniels: 80+ rushing yards,0.1100,0.1300,0.0000,0.00,0.00,active,2026-10-11T00:15:00Z,2026-10-06T16:54:33+00:00
KXNFLRSHYDS-26OCT08TBDAL,KXNFLRSHYDS,KXNFLRSHYDS-26OCT08TBDAL-DALJWILLIAMS33-130,Javonte Williams: 130+ rushing yards,0.0800,0.0900,0.0000,0.00,0.00,active,2026-10-11T00:15:00Z,2026-10-06T16:54:33+00:00
KXNFLRSHYDS-26OCT08TBDAL,KXNFLRSHYDS,KXNFLRSHYDS-26OCT08TBDAL-TBKGAINWELL1-20,Kenny Gainwell: 20+ rushing yards,0.2300,0.2400,0.2400,1053.00,1053.00,active,2026-10-11T00:15:00Z,2026-10-06T16:54:33+00:00
KXNFLRSHYDS-26OCT08TBDAL,KXNFLRSHYDS,KXNFLRSHYDS-26OCT08TBDAL-DALJWILLIAMS33-140,Javonte Williams: 140+ rushing yards,0.0600,0.0700,0.0700,201.32,201.32,active,2026-10-11T00:15:00Z,2026-10-06T16:54:33+00:00
KXNFLRSHYDS-26OCT08TBDAL,KXNFLRSHYDS,KXNFLRSHYDS-26OCT08TBDAL-TBJDANIELS10-30,Jalon Daniels: 30+ rushing yards,0.7200,0.7400,0.7100,20.01,20.01,active,2026-10-11T00:15:00Z,2026-10-06T16:54:33+00:00
KXNFLRSHYDS-26OCT08TBDAL,KXNFLRSHYDS,KXNFLRSHYDS-26OCT08TBDAL-DALDPRESCOTT4-40,Dak Prescott: 40+ rushing yards,0.0300,0.0600,0.0000,0.00,0.00,active,2026-10-11T00:15:00Z,2026-10-06T16:54:33+00:00
KXNFLRSHYDS-26OCT08TBDAL,KXNFLRSHYDS,KXNFLRSHYDS-26OCT08TBDAL-TBKGAINWELL1-25,Kenny Gainwell: 25+ rushing yards,0.1500,0.1600,0.0000,0.00,0.00,active,2026-10-11T00:15:00Z,2026-10-06T16:54:33+00:00
KXNFLRSHYDS-26OCT08TBDAL,KXNFLRSHYDS,KXNFLRSHYDS-26OCT08TBDAL-DALJWILLIAMS33-70,Javonte Williams: 70+ rushing yards,0.5200,0.5500,0.5500,213.78,213.78,active,2026-10-11T00:15:00Z,2026-10-06T16:54:33+00:00
KXNFLRSHYDS-26OCT08TBDAL,KXNFLRSHYDS,KXNFLRSHYDS-26OCT08TBDAL-TBJDANIELS10-25,Jalon Daniels: 25+ rushing yards,0.7900,0.8100,0.7800,4.27,4.27,active,2026-10-11T00:15:00Z,2026-10-06T16:54:33+00:00
KXNFLRSHYDS-26OCT08TBDAL,KXNFLRSHYDS,KXNFLRSHYDS-26OCT08TBDAL-DALDPRESCOTT4-30,Dak Prescott: 30+ rushing yards,0.1000,0.1200,0.1200,144.48,91.86,active,2026-10-11T00:15:00Z,2026-10-06T16:54:33+00:00
KXNFLRSHYDS-26OCT08TBDAL,KXNFLRSHYDS,KXNFLRSHYDS-26OCT08TBDAL-DALJWILLIAMS33-150,Javonte Williams: 150+ rushing yards,0.0300,0.0500,0.0500,281.29,281.29,active,2026-10-11T00:15:00Z,2026-10-06T16:54:33+00:00
KXNFLRSHYDS-26OCT08TBDAL,KXNFLRSHYDS,KXNFLRSHYDS-26OCT08TBDAL-DALTGOODSON32-40,Tyler Goodson: 40+ rushing yards,0.1300,0.1400,0.0000,0.00,0.00,active,2026-10-11T00:15:00Z,2026-10-06T16:54:33+00:00
KXNFLRSHYDS-26OCT08TBDAL,KXNFLRSHYDS,KXNFLRSHYDS-26OCT08TBDAL-TBKGAINWELL1-15,Kenny Gainwell: 15+ rushing yards,0.3300,0.3600,0.3600,5.26,5.26,active,2026-10-11T00:15:00Z,2026-10-06T16:54:33+00:00
KXNFLRSHYDS-26OCT08TBDAL,KXNFLRSHYDS,KXNFLRSHYDS-26OCT08TBDAL-DALTGOODSON32-20,Tyler Goodson: 20+ rushing yards,0.4300,0.4400,0.4400,60.38,60.38,active,2026-10-11T00:15:00Z,2026-10-06T16:54:33+00:00
KXNFLRSHYDS-26OCT08TBDAL,KXNFLRSHYDS,KXNFLRSHYDS-26OCT08TBDAL-DALTGOODSON32-10,Tyler Goodson: 10+ rushing yards,0.6800,0.7000,0.6800,5.95,5.95,active,2026-10-11T00:15:00Z,2026-10-06T16:54:33+00:00
KXNFLRSHYDS-26OCT08TBDAL,KXNFLRSHYDS,KXNFLRSHYDS-26OCT08TBDAL-TBKGAINWELL1-30,Kenny Gainwell: 30+ rushing yards,0.0900,0.1100,0.0000,0.00,0.00,active,2026-10-11T00:15:00Z,2026-10-06T16:54:33+00:00
KXNFLRSHYDS-26OCT08TBDAL,KXNFLRSHYDS,KXNFLRSHYDS-26OCT08TBDAL-TBKGAINWELL1-10,Kenny Gainwell: 10+ rushing yards,0.4900,0.5000,0.5100,47.15,47.15,active,2026-10-11T00:15:00Z,2026-10-06T16:54:33+00:00
KXNFLRSHYDS-26OCT08TBDAL,KXNFLRSHYDS,KXNFLRSHYDS-26OCT08TBDAL-TBBIRVING7-80,Bucky Irving: 80+ rushing yards,0.2100,0.2200,0.0000,0.00,0.00,active,2026-10-11T00:15:00Z,2026-10-06T16:54:33+00:00
KXNFLRSHYDS-26OCT08TBDAL,KXNFLRSHYDS,KXNFLRSHYDS-26OCT08TBDAL-DALDPRESCOTT4-10,Dak Prescott: 10+ rushing yards,0.4900,0.5000,0.5100,152.77,152.77,active,2026-10-11T00:15:00Z,2026-10-06T16:54:33+00:00
KXNFLRSHYDS-26OCT08TBDAL,KXNFLRSHYDS,KXNFLRSHYDS-26OCT08TBDAL-TBBIRVING7-130,Bucky Irving: 130+ rushing yards,0.0200,0.0500,0.0000,0.00,0.00,active,2026-10-11T00:15:00Z,2026-10-06T16:54:33+00:00
KXNFLRSHYDS-26OCT08TBDAL,KXNFLRSHYDS,KXNFLRSHYDS-26OCT08TBDAL-TBJDANIELS10-90,Jalon Daniels: 90+ rushing yards,0.0600,0.0900,0.0900,1309.99,1309.99,active,2026-10-11T00:15:00Z,2026-10-06T16:54:33+00:00
KXNFLRSHYDS-26OCT08TBDAL,KXNFLRSHYDS,KXNFLRSHYDS-26OCT08TBDAL-DALTGOODSON32-60,Tyler Goodson: 60+ rushing yards,0.0300,0.0600,0.0000,0.00,0.00,active,2026-10-11T00:15:00Z,2026-10-06T16:54:33+00:00
KXNFLRSHYDS-26OCT08TBDAL,KXNFLRSHYDS,KXNFLRSHYDS-26OCT08TBDAL-DALTGOODSON32-50,Tyler Goodson: 50+ rushing yards,0.0600,0.0900,0.0600,52.07,52.07,active,2026-10-11T00:15:00Z,2026-10-06T16:54:33+00:00
KXNFLRSHYDS-26OCT08TBDAL,KXNFLRSHYDS,KXNFLRSHYDS-26OCT08TBDAL-TBKGAINWELL1-40,Kenny Gainwell: 40+ rushing yards,0.0300,0.0700,0.0000,0.00,0.00,active,2026-10-11T00:15:00Z,2026-10-06T16:54:33+00:00
KXNFLRSHYDS-26OCT08TBDAL,KXNFLRSHYDS,KXNFLRSHYDS-26OCT08TBDAL-TBJDANIELS10-20,Jalon Daniels: 20+ rushing yards,0.8500,0.8800,0.0000,0.00,0.00,active,2026-10-11T00:15:00Z,2026-10-06T16:54:33+00:00
KXNFLRSHYDS-26OCT08TBDAL,KXNFLRSHYDS,KXNFLRSHYDS-26OCT08TBDAL-TBJDANIELS10-50,Jalon Daniels: 50+ rushing yards,0.4200,0.4300,0.4300,1687.83,1687.83,active,2026-10-11T00:15:00Z,2026-10-06T16:54:33+00:00
KXNFLRSHYDS-26OCT08TBDAL,KXNFLRSHYDS,KXNFLRSHYDS-26OCT08TBDAL-DALJWILLIAMS33-120,Javonte Williams: 120+ rushing yards,0.1200,0.1300,0.0000,0.00,0.00,active,2026-10-11T00:15:00Z,2026-10-06T16:54:33+00:00
KXNFLRSHYDS-26OCT08TBDAL,KXNFLRSHYDS,KXNFLRSHYDS-26OCT08TBDAL-TBJDANIELS10-60,Jalon Daniels: 60+ rushing yards,0.2700,0.3000,0.2900,336.91,336.91,active,2026-10-11T00:15:00Z,2026-10-06T16:54:33+00:00
KXNFLRSHYDS-26OCT11PHIJAC,KXNFLRSHYDS,KXNFLRSHYDS-26OCT11PHIJAC-JACTLAWRENCE16-30,Trevor Lawrence: 30+ rushing yards,0.1700,0.2200,0.0000,0.00,0.00,active,2026-10-13T13:30:00Z,2026-10-06T16:54:33+00:00
KXNFLRSHYDS-26OCT11PHIJAC,KXNFLRSHYDS,KXNFLRSHYDS-26OCT11PHIJAC-PHIJHURTS1-20,Jalen Hurts: 20+ rushing yards,0.5100,0.6900,0.0000,0.00,0.00,active,2026-10-13T13:30:00Z,2026-10-06T16:54:33+00:00
KXNFLRSHYDS-26OCT11PHIJAC,KXNFLRSHYDS,KXNFLRSHYDS-26OCT11PHIJAC-PHIJHURTS1-25,Jalen Hurts: 25+ rushing yards,0.4000,0.6000,0.0000,0.00,0.00,active,2026-10-13T13:30:00Z,2026-10-06T16:54:33+00:00
KXNFLRSHYDS-26OCT11PHIJAC,KXNFLRSHYDS,KXNFLRSHYDS-26OCT11PHIJAC-PHIJHURTS1-10,Jalen Hurts: 10+ rushing yards,0.6900,0.9000,0.0000,0.00,0.00,active,2026-10-13T13:30:00Z,2026-10-06T16:54:33+00:00
KXNFLRSHYDS-26OCT11PHIJAC,KXNFLRSHYDS,KXNFLRSHYDS-26OCT11PHIJAC-PHIJHURTS1-50,Jalen Hurts: 50+ rushing yards,0.0200,0.1900,0.0000,0.00,0.00,active,2026-10-13T13:30:00Z,2026-10-06T16:54:33+00:00
KXNFLRSHYDS-26OCT11PHIJAC,KXNFLRSHYDS,KXNFLRSHYDS-26OCT11PHIJAC-PHIJHURTS1-15,Jalen Hurts: 15+ rushing yards,0.6100,0.8600,0.0000,0.00,0.00,active,2026-10-13T13:30:00Z,2026-10-06T16:54:33+00:00
KXNFLRSHYDS-26OCT11PHIJAC,KXNFLRSHYDS,KXNFLRSHYDS-26OCT11PHIJAC-JACBTUTEN33-80,Bhayshul Tuten: 80+ rushing yards,0.2600,0.3000,0.2900,24.46,24.46,active,2026-10-13T13:30:00Z,2026-10-06T16:54:33+00:00
KXNFLRSHYDS-26OCT11PHIJAC,KXNFLRSHYDS,KXNFLRSHYDS-26OCT11PHIJAC-JACBTUTEN33-90,Bhayshul Tuten: 90+ rushing yards,0.1700,0.2200,0.2100,22.07,22.07,active,2026-10-13T13:30:00Z,2026-10-06T16:54:33+00:00
KXNFLRSHYDS-26OCT11PHIJAC,KXNFLRSHYDS,KXNFLRSHYDS-26OCT11PHIJAC-JACBTUTEN33-70,Bhayshul Tuten: 70+ rushing yards,0.3500,0.3900,0.3900,24.21,24.21,active,2026-10-13T13:30:00Z,2026-10-06T16:54:33+00:00
KXNFLRSHYDS-26OCT11PHIJAC,KXNFLRSHYDS,KXNFLRSHYDS-26OCT11PHIJAC-PHIJHURTS1-70,Jalen Hurts: 70+ rushing yards,0.0200,0.0900,0.0000,0.00,0.00,active,2026-10-13T13:30:00Z,2026-10-06T16:54:33+00:00
KXNFLRSHYDS-26OCT11PHIJAC,KXNFLRSHYDS,KXNFLRSHYDS-26OCT11PHIJAC-PHIJHURTS1-30,Jalen Hurts: 30+ rushing yards,0.4600,0.5000,0.0000,0.00,0.00,active,2026-10-13T13:30:00Z,2026-10-06T16:54:33+00:00
KXNFLRSHYDS-26OCT11PHIJAC,KXNFLRSHYDS,KXNFLRSHYDS-26OCT11PHIJAC-JACTLAWRENCE16-25,Trevor Lawrence: 25+ rushing yards,0.2400,0.2900,0.0000,0.00,0.00,active,2026-10-13T13:30:00Z,2026-10-06T16:54:33+00:00
KXNFLRSHYDS-26OCT11PHIJAC,KXNFLRSHYDS,KXNFLRSHYDS-26OCT11PHIJAC-JACBTUTEN33-130,Bhayshul Tuten: 130+ rushing yards,0.0200,0.0600,0.0000,0.00,0.00,active,2026-10-13T13:30:00Z,2026-10-06T16:54:33+00:00
KXNFLRSHYDS-26OCT11PHIJAC,KXNFLRSHYDS,KXNFLRSHYDS-26OCT11PHIJAC-JACBTUTEN33-110,Bhayshul Tuten: 110+ rushing yards,0.0700,0.1200,0.0000,0.00,0.00,active,2026-10-13T13:30:00Z,2026-10-06T16:54:33+00:00
KXNFLRSHYDS-26OCT11PHIJAC,KXNFLRSHYDS,KXNFLRSHYDS-26OCT11PHIJAC-JACTLAWRENCE16-10,Trevor Lawrence: 10+ rushing yards,0.5700,0.6300,0.0000,0.00,0.00,active,2026-10-13T13:30:00Z,2026-10-06T16:54:33+00:00
KXNFLRSHYDS-26OCT11PHIJAC,KXNFLRSHYDS,KXNFLRSHYDS-26OCT11PHIJAC-JACTLAWRENCE16-20,Trevor Lawrence: 20+ rushing yards,0.3500,0.3900,0.0000,0.00,0.00,active,2026-10-13T13:30:00Z,2026-10-06T16:54:33+00:00
KXNFLRSHYDS-26OCT11PHIJAC,KXNFLRSHYDS,KXNFLRSHYDS-26OCT11PHIJAC-JACTLAWRENCE16-50,Trevor Lawrence: 50+ rushing yards,0.0200,0.0700,0.0000,0.00,0.00,active,2026-10-13T13:30:00Z,2026-10-06T16:54:33+00:00
KXNFLRSHYDS-26OCT11PHIJAC,KXNFLRSHYDS,KXNFLRSHYDS-26OCT11PHIJAC-JACBTUTEN33-50,Bhayshul Tuten: 50+ rushing yards,0.6000,0.6400,0.0000,0.00,0.00,active,2026-10-13T13:30:00Z,2026-10-06T16:54:33+00:00
KXNFLRSHYDS-26OCT11PHIJAC,KXNFLRSHYDS,KXNFLRSHYDS-26OCT11PHIJAC-JACBTUTEN33-40,Bhayshul Tuten: 40+ rushing yards,0.7300,0.7600,0.0000,0.00,0.00,active,2026-10-13T13:30:00Z,2026-10-06T16:54:33+00:00
KXNFLRSHYDS-26OCT11PHIJAC,KXNFLRSHYDS,KXNFLRSHYDS-26OCT11PHIJAC-JACBTUTEN33-30,Bhayshul Tuten: 30+ rushing yards,0.8300,0.8600,0.8200,4.00,4.00,active,2026-10-13T13:30:00Z,2026-10-06T16:54:33+00:00
KXNFLRSHYDS-26OCT11PHIJAC,KXNFLRSHYDS,KXNFLRSHYDS-26OCT11PHIJAC-JACTLAWRENCE16-15,Trevor Lawrence: 15+ rushing yards,0.4500,0.5100,0.0000,0.00,0.00,active,2026-10-13T13:30:00Z,2026-10-06T16:54:33+00:00
KXNFLRSHYDS-26OCT11PHIJAC,KXNFLRSHYDS,KXNFLRSHYDS-26OCT11PHIJAC-JACTLAWRENCE16-40,Trevor Lawrence: 40+ rushing yards,0.0300,0.1100,0.0000,0.00,0.00,active,2026-10-13T13:30:00Z,2026-10-06T16:54:33+00:00
KXNFLRSHYDS-26OCT11PHIJAC,KXNFLRSHYDS,KXNFLRSHYDS-26OCT11PHIJAC-PHIJHURTS1-40,Jalen Hurts: 40+ rushing yards,0.2200,0.3200,0.0000,0.00,0.00,active,2026-10-13T13:30:00Z,2026-10-06T16:54:33+00:00
KXNFLRSHYDS-26OCT11PHIJAC,KXNFLRSHYDS,KXNFLRSHYDS-26OCT11PHIJAC-PHIJHURTS1-60,Jalen Hurts: 60+ rushing yards,0.0300,0.1200,0.0000,0.00,0.00,active,2026-10-13T13:30:00Z,2026-10-06T16:54:33+00:00
KXNFLRSHYDS-26OCT11PHIJAC,KXNFLRSHYDS,KXNFLRSHYDS-26OCT11PHIJAC-JACBTUTEN33-120,Bhayshul Tuten: 120+ rushing yards,0.0300,0.0900,0.0000,0.00,0.00,active,2026-10-13T13:30:00Z,2026-10-06T16:54:33+00:00
KXNFLRSHYDS-26OCT11PHIJAC,KXNFLRSHYDS,KXNFLRSHYDS-26OCT11PHIJAC-JACBTUTEN33-60,Bhayshul Tuten: 60+ rushing yards,0.4700,0.5100,0.0000,0.00,0.00,active,2026-10-13T13:30:00Z,2026-10-06T16:54:33+00:00
KXNFLRSHYDS-26OCT11PHIJAC,KXNFLRSHYDS,KXNFLRSHYDS-26OCT11PHIJAC-PHIJHURTS1-80,Jalen Hurts: 80+ rushing yards,0.0200,0.0700,0.0000,0.00,0.00,active,2026-10-13T13:30:00Z,2026-10-06T16:54:33+00:00
KXNFLRSHYDS-26OCT11PHIJAC,KXNFLRSHYDS,KXNFLRSHYDS-26OCT11PHIJAC-JACBTUTEN33-100,Bhayshul Tuten: 100+ rushing yards,0.1100,0.1600,0.1500,30.28,30.28,active,2026-10-13T13:30:00Z,2026-10-06T16:54:33+00:00
KXNFLPASSYDS-26OCT08TBDAL,KXNFLPASSYDS,KXNFLPASSYDS-26OCT08TBDAL-TBJDANIELS10-150,Jalon Daniels: 150+ passing yards,0.6700,0.7000,0.7000,25.22,23.83,active,2026-10-11T00:15:00Z,2026-10-06T16:54:33+00:00
KXNFLPASSYDS-26OCT08TBDAL,KXNFLPASSYDS,KXNFLPASSYDS-26OCT08TBDAL-TBJDANIELS10-175,Jalon Daniels: 175+ passing yards,0.5200,0.5400,0.5400,442.34,442.34,active,2026-10-11T00:15:00Z,2026-10-06T16:54:33+00:00
KXNFLPASSYDS-26OCT08TBDAL,KXNFLPASSYDS,KXNFLPASSYDS-26OCT08TBDAL-TBJDANIELS10-125,Jalon Daniels: 125+ passing yards,0.7800,0.8100,0.8100,113.66,90.75,active,2026-10-11T00:15:00Z,2026-10-06T16:54:33+00:00
KXNFLPASSYDS-26OCT08TBDAL,KXNFLPASSYDS,KXNFLPASSYDS-26OCT08TBDAL-DALDPRESCOTT4-325,Dak Prescott: 325+ passing yards,0.1800,0.2000,0.2000,207.22,180.44,active,2026-10-11T00:15:00Z,2026-10-06T16:54:33+00:00
KXNFLPASSYDS-26OCT08TBDAL,KXNFLPASSYDS,KXNFLPASSYDS-26OCT08TBDAL-DALDPRESCOTT4-225,Dak Prescott: 225+ passing yards,0.7100,0.7400,0.7300,619.99,618.67,active,2026-10-11T00:15:00Z,2026-10-06T16:54:33+00:00
KXNFLPASSYDS-26OCT08TBDAL,KXNFLPASSYDS,KXNFLPASSYDS-26OCT08TBDAL-DALDPRESCOTT4-275,Dak Prescott: 275+ passing yards,0.4500,0.4600,0.4600,9527.46,9327.05,active,2026-10-11T00:15:00Z,2026-10-06T16:54:33+00:00
KXNFLPASSYDS-26OCT08TBDAL,KXNFLPASSYDS,KXNFLPASSYDS-26OCT08TBDAL-DALDPRESCOTT4-300,Dak Prescott: 300+ passing yards,0.3100,0.3200,0.3200,470.32,466.18,active,2026-10-11T00:15:00Z,2026-10-06T16:54:33+00:00
KXNFLPASSYDS-26OCT08TBDAL,KXNFLPASSYDS,KXNFLPASSYDS-26OCT08TBDAL-TBJDANIELS10-250,Jalon Daniels: 250+ passing yards,0.1300,0.1400,0.1600,135.76,135.76,active,2026-10-11T00:15:00Z,2026-10-06T16:54:33+00:00
KXNFLPASSYDS-26OCT08TBDAL,KXNFLPASSYDS,KXNFLPASSYDS-26OCT08TBDAL-DALDPRESCOTT4-200,Dak Prescott: 200+ passing yards,0.8200,0.8300,0.8500,490.14,488.98,active,2026-10-11T00:15:00Z,2026-10-06T16:54:33+00:00
KXNFLPASSYDS-26OCT08TBDAL,KXNFLPASSYDS,KXNFLPASSYDS-26OCT08TBDAL-DALDPRESCOTT4-250,Dak Prescott: 250+ passing yards,0.5800,0.6000,0.6100,1291.10,1291.10,active,2026-10-11T00:15:00Z,2026-10-06T16:54:33+00:00
KXNFLPASSYDS-26OCT08TBDAL,KXNFLPASSYDS,KXNFLPASSYDS-26OCT08TBDAL-TBJDANIELS10-300,Jalon Daniels: 300+ passing yards,0.0500,0.0600,0.0600,66.00,66.00,active,2026-10-11T00:15:00Z,2026-10-06T16:54:33+00:00
KXNFLPASSYDS-26OCT08TBDAL,KXNFLPASSYDS,KXNFLPASSYDS-26OCT08TBDAL-DALDPRESCOTT4-175,Dak Prescott: 175+ passing yards,0.9000,0.9200,0.9300,3735.27,3676.27,active,2026-10-11T00:15:00Z,2026-10-06T16:54:33+00:00
KXNFLPASSYDS-26OCT08TBDAL,KXNFLPASSYDS,KXNFLPASSYDS-26OCT08TBDAL-TBJDANIELS10-225,Jalon Daniels: 225+ passing yards,0.2300,0.2500,0.2600,12.53,8.65,active,2026-10-11T00:15:00Z,2026-10-06T16:54:33+00:00
KXNFLPASSYDS-26OCT08TBDAL,KXNFLPASSYDS,KXNFLPASSYDS-26OCT08TBDAL-DALDPRESCOTT4-350,Dak Prescott: 350+ passing yards,0.1200,0.1300,0.1300,32.25,32.25,active,2026-10-11T00:15:00Z,2026-10-06T16:54:33+00:00
KXNFLPASSYDS-26OCT08TBDAL,KXNFLPASSYDS,KXNFLPASSYDS-26OCT08TBDAL-TBJDANIELS10-200,Jalon Daniels: 200+ passing yards,0.3800,0.3900,0.3900,5659.80,5659.80,active,2026-10-11T00:15:00Z,2026-10-06T16:54:33+00:00
KXNFLPASSYDS-26OCT08TBDAL,KXNFLPASSYDS,KXNFLPASSYDS-26OCT08TBDAL-TBJDANIELS10-275,Jalon Daniels: 275+ passing yards,0.0700,0.1000,0.0000,0.00,0.00,active,2026-10-11T00:15:00Z,2026-10-06T16:54:33+00:00
KXNFLPASSYDS-26OCT11PHIJAC,KXNFLPASSYDS,KXNFLPASSYDS-26OCT11PHIJAC-JACTLAWRENCE16-200,Trevor Lawrence: 200+ passing yards,0.6700,0.7000,0.0000,0.00,0.00,active,2026-10-13T13:30:00Z,2026-10-06T16:54:33+00:00
KXNFLPASSYDS-26OCT11PHIJAC,KXNFLPASSYDS,KXNFLPASSYDS-26OCT11PHIJAC-JACTLAWRENCE16-150,Trevor Lawrence: 150+ passing yards,0.8800,0.9100,0.8800,32.66,32.66,active,2026-10-13T13:30:00Z,2026-10-06T16:54:33+00:00
KXNFLPASSYDS-26OCT11PHIJAC,KXNFLPASSYDS,KXNFLPASSYDS-26OCT11PHIJAC-PHIJHURTS1-300,Jalen Hurts: 300+ passing yards,0.0500,0.0700,0.0000,0.00,0.00,active,2026-10-13T13:30:00Z,2026-10-06T16:54:33+00:00
KXNFLPASSYDS-26OCT11PHIJAC,KXNFLPASSYDS,KXNFLPASSYDS-26OCT11PHIJAC-PHIJHURTS1-250,Jalen Hurts: 250+ passing yards,0.1100,0.2000,0.0000,0.00,0.00,active,2026-10-13T13:30:00Z,2026-10-06T16:54:33+00:00
KXNFLPASSYDS-26OCT11PHIJAC,KXNFLPASSYDS,KXNFLPASSYDS-26OCT11PHIJAC-JACTLAWRENCE16-300,Trevor Lawrence: 300+ passing yards,0.1200,0.1700,0.0000,0.00,0.00,active,2026-10-13T13:30:00Z,2026-10-06T16:54:33+00:00
KXNFLPASSYDS-26OCT11PHIJAC,KXNFLPASSYDS,KXNFLPASSYDS-26OCT11PHIJAC-PHIJHURTS1-275,Jalen Hurts: 275+ passing yards,0.0600,0.1400,0.0000,0.00,0.00,active,2026-10-13T13:30:00Z,2026-10-06T16:54:33+00:00
KXNFLPASSYDS-26OCT11PHIJAC,KXNFLPASSYDS,KXNFLPASSYDS-26OCT11PHIJAC-PHIJHURTS1-325,Jalen Hurts: 325+ passing yards,0.0500,0.0600,0.0500,49.30,49.30,active,2026-10-13T13:30:00Z,2026-10-06T16:54:33+00:00
KXNFLPASSYDS-26OCT11PHIJAC,KXNFLPASSYDS,KXNFLPASSYDS-26OCT11PHIJAC-JACTLAWRENCE16-325,Trevor Lawrence: 325+ passing yards,0.0800,0.1100,0.1200,30.00,30.00,active,2026-10-13T13:30:00Z,2026-10-06T16:54:33+00:00
KXNFLPASSYDS-26OCT11PHIJAC,KXNFLPASSYDS,KXNFLPASSYDS-26OCT11PHIJAC-PHIJHURTS1-175,Jalen Hurts: 175+ passing yards,0.6000,0.6600,0.0000,0.00,0.00,active,2026-10-13T13:30:00Z,2026-10-06T16:54:33+00:00
KXNFLPASSYDS-26OCT11PHIJAC,KXNFLPASSYDS,KXNFLPASSYDS-26OCT11PHIJAC-JACTLAWRENCE16-225,Trevor Lawrence: 225+ passing yards,0.5100,0.5600,0.0000,0.00,0.00,active,2026-10-13T13:30:00Z,2026-10-06T16:54:33+00:00
KXNFLPASSYDS-26OCT11PHIJAC,KXNFLPASSYDS,KXNFLPASSYDS-26OCT11PHIJAC-JACTLAWRENCE16-250,Trevor Lawrence: 250+ passing yards,0.3500,0.4000,0.0000,0.00,0.00,active,2026-10-13T13:30:00Z,2026-10-06T16:54:33+00:00
KXNFLPASSYDS-26OCT11PHIJAC,KXNFLPASSYDS,KXNFLPASSYDS-26OCT11PHIJAC-JACTLAWRENCE16-350,Trevor Lawrence: 350+ passing yards,0.0500,0.0700,0.0000,0.00,0.00,active,2026-10-13T13:30:00Z,2026-10-06T16:54:33+00:00
KXNFLPASSYDS-26OCT11PHIJAC,KXNFLPASSYDS,KXNFLPASSYDS-26OCT11PHIJAC-PHIJHURTS1-150,Jalen Hurts: 150+ passing yards,0.6600,0.7800,0.0000,0.00,0.00,active,2026-10-13T13:30:00Z,2026-10-06T16:54:33+00:00
KXNFLPASSYDS-26OCT11PHIJAC,KXNFLPASSYDS,KXNFLPASSYDS-26OCT11PHIJAC-PHIJHURTS1-200,Jalen Hurts: 200+ passing yards,0.4500,0.4800,0.0000,0.00,0.00,active,2026-10-13T13:30:00Z,2026-10-06T16:54:33+00:00
KXNFLPASSYDS-26OCT11PHIJAC,KXNFLPASSYDS,KXNFLPASSYDS-26OCT11PHIJAC-PHIJHURTS1-125,Jalen Hurts: 125+ passing yards,0.7400,0.8900,0.0000,0.00,0.00,active,2026-10-13T13:30:00Z,2026-10-06T16:54:33+00:00
KXNFLPASSYDS-26OCT11PHIJAC,KXNFLPASSYDS,KXNFLPASSYDS-26OCT11PHIJAC-JACTLAWRENCE16-175,Trevor Lawrence: 175+ passing yards,0.7900,0.8100,0.0000,0.00,0.00,active,2026-10-13T13:30:00Z,2026-10-06T16:54:33+00:00
KXNFLPASSYDS-26OCT11PHIJAC,KXNFLPASSYDS,KXNFLPASSYDS-26OCT11PHIJAC-PHIJHURTS1-225,Jalen Hurts: 225+ passing yards,0.2500,0.3500,0.0000,0.00,0.00,active,2026-10-13T13:30:00Z,2026-10-06T16:54:33+00:00
KXNFLPASSYDS-26OCT11PHIJAC,KXNFLPASSYDS,KXNFLPASSYDS-26OCT11PHIJAC-JACTLAWRENCE16-275,Trevor Lawrence: 275+ passing yards,0.2200,0.2700,0.0000,0.00,0.00,active,2026-10-13T13:30:00Z,2026-10-06T16:54:33+00:00
KXNFLPASSTDS-26OCT08TBDAL,KXNFLPASSTDS,KXNFLPASSTDS-26OCT08TBDAL-DALDPRESCOTT4-2,Dak Prescott: 2+ passing touchdowns,0.6600,0.6700,0.6700,546.71,442.87,active,2026-10-11T00:15:00Z,2026-10-06T16:54:33+00:00
KXNFLPASSTDS-26OCT08TBDAL,KXNFLPASSTDS,KXNFLPASSTDS-26OCT08TBDAL-DALDPRESCOTT4-3,Dak Prescott: 3+ passing touchdowns,0.3500,0.3600,0.3600,1260.31,1249.04,active,2026-10-11T00:15:00Z,2026-10-06T16:54:33+00:00
KXNFLPASSTDS-26OCT08TBDAL,KXNFLPASSTDS,KXNFLPASSTDS-26OCT08TBDAL-DALDPRESCOTT4-5,Dak Prescott: 5+ passing touchdowns,0.0300,0.0500,0.0000,0.00,0.00,active,2026-10-11T00:15:00Z,2026-10-06T16:54:33+00:00
KXNFLPASSTDS-26OCT08TBDAL,KXNFLPASSTDS,KXNFLPASSTDS-26OCT08TBDAL-DALDPRESCOTT4-4,Dak Prescott: 4+ passing touchdowns,0.1400,0.1500,0.1300,155.88,153.86,active,2026-10-11T00:15:00Z,2026-10-06T16:54:33+00:00
KXNFLPASSTDS-26OCT08TBDAL,KXNFLPASSTDS,KXNFLPASSTDS-26OCT08TBDAL-TBJDANIELS10-2,Jalon Daniels: 2+ passing touchdowns,0.2700,0.2900,0.2900,100.89,100.89,active,2026-10-11T00:15:00Z,2026-10-06T16:54:33+00:00
KXNFLPASSTDS-26OCT08TBDAL,KXNFLPASSTDS,KXNFLPASSTDS-26OCT08TBDAL-TBJDANIELS10-1,Jalon Daniels: 1+ passing touchdowns,0.6600,0.6800,0.6700,30.40,30.40,active,2026-10-11T00:15:00Z,2026-10-06T16:54:33+00:00
KXNFLPASSTDS-26OCT08TBDAL,KXNFLPASSTDS,KXNFLPASSTDS-26OCT08TBDAL-DALDPRESCOTT4-1,Dak Prescott: 1+ passing touchdowns,0.8900,0.9300,0.9400,1.05,1.05,active,2026-10-11T00:15:00Z,2026-10-06T16:54:33+00:00
KXNFLPASSTDS-26OCT08TBDAL,KXNFLPASSTDS,KXNFLPASSTDS-26OCT08TBDAL-TBJDANIELS10-3,Jalon Daniels: 3+ passing touchdowns,0.0800,0.0900,0.0700,103.22,103.22,active,2026-10-11T00:15:00Z,2026-10-06T16:54:33+00:00
KXNFLPASSTDS-26OCT11PHIJAC,KXNFLPASSTDS,KXNFLPASSTDS-26OCT11PHIJAC-JACTLAWRENCE16-5,Trevor Lawrence: 5+ passing touchdowns,0.0000,0.0400,0.0000,0.00,0.00,active,2026-10-13T13:30:00Z,2026-10-06T16:54:33+00:00
KXNFLPASSTDS-26OCT11PHIJAC,KXNFLPASSTDS,KXNFLPASSTDS-26OCT11PHIJAC-PHIJHURTS1-1,Jalen Hurts: 1+ passing touchdowns,0.6400,0.6800,0.0000,0.00,0.00,active,2026-10-13T13:30:00Z,2026-10-06T16:54:33+00:00
KXNFLPASSTDS-26OCT11PHIJAC,KXNFLPASSTDS,KXNFLPASSTDS-26OCT11PHIJAC-JACTLAWRENCE16-2,Trevor Lawrence: 2+ passing touchdowns,0.4700,0.5000,0.0000,0.00,0.00,active,2026-10-13T13:30:00Z,2026-10-06T16:54:33+00:00
KXNFLPASSTDS-26OCT11PHIJAC,KXNFLPASSTDS,KXNFLPASSTDS-26OCT11PHIJAC-PHIJHURTS1-2,Jalen Hurts: 2+ passing touchdowns,0.2500,0.2900,0.0000,0.00,0.00,active,2026-10-13T13:30:00Z,2026-10-06T16:54:33+00:00
KXNFLPASSTDS-26OCT11PHIJAC,KXNFLPASSTDS,KXNFLPASSTDS-26OCT11PHIJAC-JACTLAWRENCE16-3,Trevor Lawrence: 3+ passing touchdowns,0.1800,0.2100,0.0000,0.00,0.00,active,2026-10-13T13:30:00Z,2026-10-06T16:54:33+00:00
KXNFLPASSTDS-26OCT11PHIJAC,KXNFLPASSTDS,KXNFLPASSTDS-26OCT11PHIJAC-JACTLAWRENCE16-1,Trevor Lawrence: 1+ passing touchdowns,0.8000,0.8400,0.0000,0.00,0.00,active,2026-10-13T13:30:00Z,2026-10-06T16:54:33+00:00
KXNFLPASSTDS-26OCT11PHIJAC,KXNFLPASSTDS,KXNFLPASSTDS-26OCT11PHIJAC-PHIJHURTS1-3,Jalen Hurts: 3+ passing touchdowns,0.0200,0.0800,0.0000,0.00,0.00,active,2026-10-13T13:30:00Z,2026-10-06T16:54:33+00:00
KXNFLPASSTDS-26OCT11PHIJAC,KXNFLPASSTDS,KXNFLPASSTDS-26OCT11PHIJAC-JACTLAWRENCE16-4,Trevor Lawrence: 4+ passing touchdowns,0.0200,0.0700,0.0100,247.52,247.52,active,2026-10-13T13:30:00Z,2026-10-06T16:54:33+00:00
KXNFLTD-26OCT08TBDAL,KXNFLTD,KXNFLTD-26OCT08TBDAL-TBCGODWIN14-2,Chris Godwin Jr.: 2+ touchdowns,0.0100,0.0200,0.0200,233.95,233.95,active,2026-10-11T00:15:00Z,2026-10-06T16:54:33+00:00
KXNFLTD-26OCT08TBDAL,KXNFLTD,KXNFLTD-26OCT08TBDAL-TBBIRVING7-2,Bucky Irving: 2+ touchdowns,0.0500,0.0600,0.0600,2473.54,2473.54,active,2026-10-11T00:15:00Z,2026-10-06T16:54:33+00:00
KXNFLTD-26OCT08TBDAL,KXNFLTD,KXNFLTD-26OCT08TBDAL-TBCOTTON88-2,Cade Otton: 2+ touchdowns,0.0100,0.0200,0.0200,8.42,8.42,active,2026-10-11T00:15:00Z,2026-10-06T16:54:33+00:00
KXNFLTD-26OCT08TBDAL,KXNFLTD,KXNFLTD-26OCT08TBDAL-DALJFERGUSON87-1,Jake Ferguson: 1+ touchdowns,0.2800,0.2900,0.2900,3729.09,3729.09,active,2026-10-11T00:15:00Z,2026-10-06T16:54:33+00:00
KXNFLTD-26OCT08TBDAL,KXNFLTD,KXNFLTD-26OCT08TBDAL-TBCGODWIN14-1,Chris Godwin Jr.: 1+ touchdowns,0.1500,0.1600,0.1600,1677.49,1677.49,active,2026-10-11T00:15:00Z,2026-10-06T16:54:33+00:00
KXNFLTD-26OCT08TBDAL,KXNFLTD,KXNFLTD-26OCT08TBDAL-DALGPICKENS3-1,George Pickens: 1+ touchdowns,0.4300,0.4400,0.4400,8170.62,8100.69,active,2026-10-11T00:15:00Z,2026-10-06T16:54:33+00:00
KXNFLTD-26OCT08TBDAL,KXNFLTD,KXNFLTD-26OCT08TBDAL-DALDPRESCOTT4-1,Dak Prescott: 1+ touchdowns,0.1500,0.1600,0.1600,11141.77,11112.26,active,2026-10-11T00:15:00Z,2026-10-06T16:54:33+00:00
KXNFLTD-26OCT08TBDAL,KXNFLTD,KXNFLTD-26OCT08TBDAL-DALKTURPIN9-1,KaVontae Turpin: 1+ touchdowns,0.0900,0.1100,0.1000,224.11,224.11,active,2026-10-11T00:15:00Z,2026-10-06T16:54:33+00:00
KXNFLTD-26OCT08TBDAL,KXNFLTD,KXNFLTD-26OCT08TBDAL-TBKGAINWELL1-1,Kenny Gainwell: 1+ touchdowns,0.1600,0.1700,0.1700,542.93,542.93,active,2026-10-11T00:15:00Z,2026-10-06T16:54:33+00:00
KXNFLTD-26OCT08TBDAL,KXNFLTD,KXNFLTD-26OCT08TBDAL-TBTHURST17-1,Ted Hurst III: 1+ touchdowns,0.1400,0.1700,0.1700,27.79,27.79,active,2026-10-11T00:15:00Z,2026-10-06T16:54:33+00:00
KXNFLTD-26OCT08TBDAL,KXNFLTD,KXNFLTD-26OCT08TBDAL-DALCLAMB88-1,CeeDee Lamb: 1+ touchdowns,0.4800,0.4900,0.4900,7763.60,7309.34,active,2026-10-11T00:15:00Z,2026-10-06T16:54:33+00:00
KXNFLTD-26OCT08TBDAL,KXNFLTD,KXNFLTD-26OCT08TBDAL-DALJWILLIAMS33-1,Javonte Williams: 1+ touchdowns,0.6800,0.6900,0.6900,9234.54,9016.16,active,2026-10-11T00:15:00Z,2026-10-06T16:54:33+00:00
KXNFLTD-26OCT08TBDAL,KXNFLTD,KXNFLTD-26OCT08TBDAL-DALGPICKENS3-3,George Pickens: 3+ touchdowns,0.0100,0.0300,0.0000,0.00,0.00,active,2026-10-11T00:15:00Z,2026-10-06T16:54:33+00:00
KXNFLTD-26OCT08TBDAL,KXNFLTD,KXNFLTD-26OCT08TBDAL-TBJDANIELS10-1,Jalon Daniels: 1+ touchdowns,0.2400,0.2500,0.2500,1771.79,1736.79,active,2026-10-11T00:15:00Z,2026-10-06T16:54:33+00:00
KXNFLTD-26OCT08TBDAL,KXNFLTD,KXNFLTD-26OCT08TBDAL-DALJFERGUSON87-3,Jake Ferguson: 3+ touchdowns,0.0000,0.0100,0.0100,300.00,300.00,active,2026-10-11T00:15:00Z,2026-10-06T16:54:33+00:00
KXNFLTD-26OCT08TBDAL,KXNFLTD,KXNFLTD-26OCT08TBDAL-DALRFLOURNOY19-1,Ryan Flournoy: 1+ touchdowns,0.2300,0.2400,0.2400,2609.21,2554.43,active,2026-10-11T00:15:00Z,2026-10-06T16:54:33+00:00
KXNFLTD-26OCT08TBDAL,KXNFLTD,KXNFLTD-26OCT08TBDAL-TBSTUCKER44-1,Sean Tucker: 1+ touchdowns,0.1900,0.2000,0.2000,1448.56,1448.56,active,2026-10-11T00:15:00Z,2026-10-06T16:54:33+00:00
KXNFLTD-26OCT08TBDAL,KXNFLTD,KXNFLTD-26OCT08TBDAL-TBBIRVING7-3,Bucky Irving: 3+ touchdowns,0.0000,0.0200,0.0100,885.00,885.00,active,2026-10-11T00:15:00Z,2026-10-06T16:54:33+00:00
KXNFLTD-26OCT08TBDAL,KXNFLTD,KXNFLTD-26OCT08TBDAL-DALLSCHOONMAKER86-1,Luke Schoonmaker: 1+ touchdowns,0.0600,0.0700,0.0800,58.71,58.71,active,2026-10-11T00:15:00Z,2026-10-06T16:54:33+00:00
KXNFLTD-26OCT08TBDAL,KXNFLTD,KXNFLTD-26OCT08TBDAL-TBJDANIELS10-2,Jalon Daniels: 2+ touchdowns,0.0200,0.0300,0.0300,776.13,776.13,active,2026-10-11T00:15:00Z,2026-10-06T16:54:33+00:00
KXNFLTD-26OCT08TBDAL,KXNFLTD,KXNFLTD-26OCT08TBDAL-DALTGOODSON32-2,Tyler Goodson: 2+ touchdowns,0.0000,0.0100,0.0100,300.00,300.00,active,2026-10-11T00:15:00Z,2026-10-06T16:54:33+00:00
KXNFLTD-26OCT08TBDAL,KXNFLTD,KXNFLTD-26OCT08TBDAL-DALHLUEPKE30-2,Hunter Luepke: 2+ touchdowns,0.0000,0.0100,0.0100,393.51,393.51,active,2026-10-11T00:15:00Z,2026-10-06T16:54:33+00:00
KXNFLTD-26OCT08TBDAL,KXNFLTD,KXNFLTD-26OCT08TBDAL-TBTHURST17-2,Ted Hurst III: 2+ touchdowns,0.0100,0.0200,0.0000,0.00,0.00,active,2026-10-11T00:15:00Z,2026-10-06T16:54:33+00:00
KXNFLTD-26OCT08TBDAL,KXNFLTD,KXNFLTD-26OCT08TBDAL-TBTJOHNSON15-2,Tez Johnson: 2+ touchdowns,0.0000,0.0100,0.0100,330.00,330.00,active,2026-10-11T00:15:00Z,2026-10-06T16:54:33+00:00
KXNFLTD-26OCT08TBDAL,KXNFLTD,KXNFLTD-26OCT08TBDAL-TBSTUCKER44-2,Sean Tucker: 2+ touchdowns,0.0100,0.0300,0.0300,156.06,156.06,active,2026-10-11T00:15:00Z,2026-10-06T16:54:33+00:00
KXNFLTD-26OCT08TBDAL,KXNFLTD,KXNFLTD-26OCT08TBDAL-TBEEGBUKA2-2,Emeka Egbuka: 2+ touchdowns,0.0200,0.0400,0.0400,4350.46,4232.68,active,2026-10-11T00:15:00Z,2026-10-06T16:54:33+00:00
KXNFLTD-26OCT08TBDAL,KXNFLTD,KXNFLTD-26OCT08TBDAL-DALHLUEPKE30-1,Hunter Luepke: 1+ touchdowns,0.0700,0.0900,0.0000,0.00,0.00,active,2026-10-11T00:15:00Z,2026-10-06T16:54:33+00:00
KXNFLTD-26OCT08TBDAL,KXNFLTD,KXNFLTD-26OCT08TBDAL-DALKTURPIN9-2,KaVontae Turpin: 2+ touchdowns,0.0000,0.0100,0.0100,762.00,762.00,active,2026-10-11T00:15:00Z,2026-10-06T16:54:33+00:00
KXNFLTD-26OCT08TBDAL,KXNFLTD,KXNFLTD-26OCT08TBDAL-TBTBDST-1,TB Buccaneers D/ST: 1+ touchdowns,0.0400,0.0700,0.0800,384.61,367.89,active,2026-10-11T00:15:00Z,2026-10-06T16:54:33+00:00
KXNFLTD-26OCT08TBDAL,KXNFLTD,KXNFLTD-26OCT08TBDAL-DALCLAMB88-3,CeeDee Lamb: 3+ touchdowns,0.0300,0.0400,0.0400,330.75,330.75,active,2026-10-11T00:15:00Z,2026-10-06T16:54:33+00:00
KXNFLTD-26OCT08TBDAL,KXNFLTD,KXNFLTD-26OCT08TBDAL-TBKGAINWELL1-2,Kenny Gainwell: 2+ touchdowns,0.0100,0.0200,0.0200,193.50,193.50,active,2026-10-11T00:15:00Z,2026-10-06T16:54:33+00:00
KXNFLTD-26OCT08TBDAL,KXNFLTD,KXNFLTD-26OCT08TBDAL-TBCOTTON88-1,Cade Otton: 1+ touchdowns,0.1400,0.1500,0.1500,838.22,838.22,active,2026-10-11T00:15:00Z,2026-10-06T16:54:33+00:00
KXNFLTD-26OCT08TBDAL,KXNFLTD,KXNFLTD-26OCT08TBDAL-TBEEGBUKA2-1,Emeka Egbuka: 1+ touchdowns,0.2400,0.2500,0.2500,2425.25,2390.25,active,2026-10-11T00:15:00Z,2026-10-06T16:54:33+00:00
KXNFLTD-26OCT08TBDAL,KXNFLTD,KXNFLTD-26OCT08TBDAL-DALGPICKENS3-2,George Pickens: 2+ touchdowns,0.0900,0.1000,0.1000,1876.16,1876.16,active,2026-10-11T00:15:00Z,2026-10-06T16:54:33+00:00
KXNFLTD-26OCT08TBDAL,KXNFLTD,KXNFLTD-26OCT08TBDAL-DALBSPANNFORD89-1,Brevyn Spann-Ford: 1+ touchdowns,0.0700,0.0800,0.0800,472.14,472.14,active,2026-10-11T00:15:00Z,2026-10-06T16:54:33+00:00
KXNFLTD-26OCT08TBDAL,KXNFLTD,KXNFLTD-26OCT08TBDAL-DALJWILLIAMS33-3,Javonte Williams: 3+ touchdowns,0.0600,0.0800,0.0800,35.12,35.12,active,2026-10-11T00:15:00Z,2026-10-06T16:54:33+00:00
KXNFLTD-26OCT08TBDAL,KXNFLTD,KXNFLTD-26OCT08TBDAL-DALCLAMB88-2,CeeDee Lamb: 2+ touchdowns,0.1300,0.1400,0.1400,10187.28,10129.24,active,2026-10-11T00:15:00Z,2026-10-06T16:54:33+00:00
KXNFLTD-26OCT08TBDAL,KXNFLTD,KXNFLTD-26OCT08TBDAL-DALRFLOURNOY19-2,Ryan Flournoy: 2+ touchdowns,0.0200,0.0300,0.0300,312.13,312.13,active,2026-10-11T00:15:00Z,2026-10-06T16:54:33+00:00
KXNFLTD-26OCT08TBDAL,KXNFLTD,KXNFLTD-26OCT08TBDAL-DALJFERGUSON87-2,Jake Ferguson: 2+ touchdowns,0.0300,0.0400,0.0400,5895.30,5895.30,active,2026-10-11T00:15:00Z,2026-10-06T16:54:33+00:00
KXNFLTD-26OCT08TBDAL,KXNFLTD,KXNFLTD-26OCT08TBDAL-TBBIRVING7-1,Bucky Irving: 1+ touchdowns,0.3200,0.3300,0.3300,5248.95,5181.50,active,2026-10-11T00:15:00Z,2026-10-06T16:54:33+00:00
KXNFLTD-26OCT08TBDAL,KXNFLTD,KXNFLTD-26OCT08TBDAL-TBTJOHNSON15-1,Tez Johnson: 1+ touchdowns,0.1000,0.1100,0.1100,60.79,60.79,active,2026-10-11T00:15:00Z,2026-10-06T16:54:33+00:00
KXNFLTD-26OCT08TBDAL,KXNFLTD,KXNFLTD-26OCT08TBDAL-DALTGOODSON32-1,Tyler Goodson: 1+ touchdowns,0.1100,0.1200,0.1300,72.50,72.50,active,2026-10-11T00:15:00Z,2026-10-06T16:54:33+00:00
KXNFLTD-26OCT08TBDAL,KXNFLTD,KXNFLTD-26OCT08TBDAL-DALJWILLIAMS33-2,Javonte Williams: 2+ touchdowns,0.2700,0.2800,0.2800,2641.72,2516.98,active,2026-10-11T00:15:00Z,2026-10-06T16:54:33+00:00
KXNFLTD-26OCT08TBDAL,KXNFLTD,KXNFLTD-26OCT08TBDAL-DALDALDST-1,DAL Cowboys D/ST: 1+ touchdowns,0.1600,0.1700,0.1700,54184.73,52026.85,active,2026-10-11T00:15:00Z,2026-10-06T16:54:33+00:00
KXNFLTD-26OCT08TBDAL,KXNFLTD,KXNFLTD-26OCT08TBDAL-DALDPRESCOTT4-2,Dak Prescott: 2+ touchdowns,0.0000,0.0200,0.0200,9573.95,9004.04,active,2026-10-11T00:15:00Z,2026-10-06T16:54:33+00:00
KXNFLTD-26OCT11PHIJAC,KXNFLTD,KXNFLTD-26OCT11PHIJAC-PHIDCOOPER80-1,Darius Cooper: 1+ touchdowns,0.1400,0.1900,0.0000,0.00,0.00,active,2026-10-13T13:30:00Z,2026-10-06T16:54:33+00:00
KXNFLTD-26OCT11PHIJAC,KXNFLTD,KXNFLTD-26OCT11PHIJAC-JACLALLEN5-1,LeQuint Allen Jr.: 1+ touchdowns,0.0400,0.0700,0.0000,0.00,0.00,active,2026-10-13T13:30:00Z,2026-10-06T16:54:33+00:00
KXNFLTD-26OCT11PHIJAC,KXNFLTD,KXNFLTD-26OCT11PHIJAC-PHIDWICKS13-1,Dontayvion Wicks: 1+ touchdowns,0.2000,0.2500,0.0000,0.00,0.00,active,2026-10-13T13:30:00Z,2026-10-06T16:54:33+00:00
KXNFLTD-26OCT11PHIJAC,KXNFLTD,KXNFLTD-26OCT11PHIJAC-PHIWSHIPLEY28-1,Will Shipley: 1+ touchdowns,0.2500,0.3400,0.0000,0.00,0.00,active,2026-10-13T13:30:00Z,2026-10-06T16:54:33+00:00
KXNFLTD-26OCT11PHIJAC,KXNFLTD,KXNFLTD-26OCT11PHIJAC-PHIJHURTS1-1,Jalen Hurts: 1+ touchdowns,0.2600,0.3400,0.3500,82.52,82.52,active,2026-10-13T13:30:00Z,2026-10-06T16:54:33+00:00
KXNFLTD-26OCT11PHIJAC,KXNFLTD,KXNFLTD-26OCT11PHIJAC-PHIMLEMON9-2,Makai Lemon: 2+ touchdowns,0.0100,0.0300,0.0000,0.00,0.00,active,2026-10-13T13:30:00Z,2026-10-06T16:54:33+00:00
KXNFLTD-26OCT11PHIJAC,KXNFLTD,KXNFLTD-26OCT11PHIJAC-PHIDCOOPER80-2,Darius Cooper: 2+ touchdowns,0.0100,0.0200,0.0000,0.00,0.00,active,2026-10-13T13:30:00Z,2026-10-06T16:54:33+00:00
KXNFLTD-26OCT11PHIJAC,KXNFLTD,KXNFLTD-26OCT11PHIJAC-JACNBOERKIRCHER87-2,Nate Boerkircher: 2+ touchdowns,0.0100,0.0200,0.0100,299.79,299.79,active,2026-10-13T13:30:00Z,2026-10-06T16:54:33+00:00
KXNFLTD-26OCT11PHIJAC,KXNFLTD,KXNFLTD-26OCT11PHIJAC-JACBTUTEN33-2,Bhayshul Tuten: 2+ touchdowns,0.1100,0.1400,0.0000,0.00,0.00,active,2026-10-13T13:30:00Z,2026-10-06T16:54:33+00:00
KXNFLTD-26OCT11PHIJAC,KXNFLTD,KXNFLTD-26OCT11PHIJAC-JACJMEYERS3-1,Jakobi Meyers: 1+ touchdowns,0.2100,0.2500,0.0000,0.00,0.00,active,2026-10-13T13:30:00Z,2026-10-06T16:54:33+00:00
KXNFLTD-26OCT11PHIJAC,KXNFLTD,KXNFLTD-26OCT11PHIJAC-JACBTHOMAS7-1,Brian Thomas Jr.: 1+ touchdowns,0.1700,0.2100,0.2100,9.02,9.02,active,2026-10-13T13:30:00Z,2026-10-06T16:54:33+00:00
KXNFLTD-26OCT11PHIJAC,KXNFLTD,KXNFLTD-26OCT11PHIJAC-PHIJMUNDT83-1,Johnny Mundt: 1+ touchdowns,0.0600,0.0900,0.0000,0.00,0.00,active,2026-10-13T13:30:00Z,2026-10-06T16:54:33+00:00
KXNFLTD-26OCT11PHIJAC,KXNFLTD,KXNFLTD-26OCT11PHIJAC-PHIWSHIPLEY28-2,Will Shipley: 2+ touchdowns,0.0200,0.0600,0.0000,0.00,0.00,active,2026-10-13T13:30:00Z,2026-10-06T16:54:33+00:00
KXNFLTD-26OCT11PHIJAC,KXNFLTD,KXNFLTD-26OCT11PHIJAC-JACPWASHINGTON11-2,Parker Washington: 2+ touchdowns,0.0400,0.0700,0.0000,0.00,0.00,active,2026-10-13T13:30:00Z,2026-10-06T16:54:33+00:00
KXNFLTD-26OCT11PHIJAC,KXNFLTD,KXNFLTD-26OCT11PHIJAC-JACJCAMERON19-1,Josh Cameron: 1+ touchdowns,0.1000,0.1100,0.0000,0.00,0.00,active,2026-10-13T13:30:00Z,2026-10-06T16:54:33+00:00
KXNFLTD-26OCT11PHIJAC,KXNFLTD,KXNFLTD-26OCT11PHIJAC-JACJACDST-1,JAC Jaguars D/ST: 1+ touchdowns,0.0500,0.1900,0.0000,0.00,0.00,active,2026-10-13T13:30:00Z,2026-10-06T16:54:33+00:00
KXNFLTD-26OCT11PHIJAC,KXNFLTD,KXNFLTD-26OCT11PHIJAC-PHIPHIDST-1,PHI Eagles D/ST: 1+ touchdowns,0.0100,0.1500,0.0000,0.00,0.00,active,2026-10-13T13:30:00Z,2026-10-06T16:54:33+00:00
KXNFLTD-26OCT11PHIJAC,KXNFLTD,KXNFLTD-26OCT11PHIJAC-JACNBOERKIRCHER87-1,Nate Boerkircher: 1+ touchdowns,0.0700,0.0900,0.0000,0.00,0.00,active,2026-10-13T13:30:00Z,2026-10-06T16:54:33+00:00
KXNFLTD-26OCT11PHIJAC,KXNFLTD,KXNFLTD-26OCT11PHIJAC-JACJMEYERS3-2,Jakobi Meyers: 2+ touchdowns,0.0200,0.0400,0.0000,0.00,0.00,active,2026-10-13T13:30:00Z,2026-10-06T16:54:33+00:00
KXNFLTD-26OCT11PHIJAC,KXNFLTD,KXNFLTD-26OCT11PHIJAC-JACCRODRIGUEZ24-1,Chris Rodriguez Jr.: 1+ touchdowns,0.2000,0.2300,0.0000,0.00,0.00,active,2026-10-13T13:30:00Z,2026-10-06T16:54:33+00:00
KXNFLTD-26OCT11PHIJAC,KXNFLTD,KXNFLTD-26OCT11PHIJAC-JACCRODRIGUEZ24-2,Chris Rodriguez Jr.: 2+ touchdowns,0.0200,0.0400,0.0000,0.00,0.00,active,2026-10-13T13:30:00Z,2026-10-06T16:54:33+00:00
KXNFLTD-26OCT11PHIJAC,KXNFLTD,KXNFLTD-26OCT11PHIJAC-JACBTHOMAS7-2,Brian Thomas Jr.: 2+ touchdowns,0.0100,0.0300,0.0000,0.00,0.00,active,2026-10-13T13:30:00Z,2026-10-06T16:54:33+00:00
KXNFLTD-26OCT11PHIJAC,KXNFLTD,KXNFLTD-26OCT11PHIJAC-PHIDWICKS13-2,Dontayvion Wicks: 2+ touchdowns,0.0200,0.0400,0.0000,0.00,0.00,active,2026-10-13T13:30:00Z,2026-10-06T16:54:33+00:00
KXNFLTD-26OCT11PHIJAC,KXNFLTD,KXNFLTD-26OCT11PHIJAC-JACTLAWRENCE16-2,Trevor Lawrence: 2+ touchdowns,0.0200,0.0400,0.0000,0.00,0.00,active,2026-10-13T13:30:00Z,2026-10-06T16:54:33+00:00
KXNFLTD-26OCT11PHIJAC,KXNFLTD,KXNFLTD-26OCT11PHIJAC-JACBSTRANGE85-2,Brenton Strange: 2+ touchdowns,0.0200,0.0300,0.0000,0.00,0.00,active,2026-10-13T13:30:00Z,2026-10-06T16:54:33+00:00
KXNFLTD-26OCT11PHIJAC,KXNFLTD,KXNFLTD-26OCT11PHIJAC-JACAABDULLAH20-1,Ameer Abdullah: 1+ touchdowns,0.0500,0.0700,0.0000,0.00,0.00,active,2026-10-13T13:30:00Z,2026-10-06T16:54:33+00:00
KXNFLTD-26OCT11PHIJAC,KXNFLTD,KXNFLTD-26OCT11PHIJAC-PHIJHURTS1-2,Jalen Hurts: 2+ touchdowns,0.0200,0.0600,0.0000,0.00,0.00,active,2026-10-13T13:30:00Z,2026-10-06T16:54:33+00:00
KXNFLTD-26OCT11PHIJAC,KXNFLTD,KXNFLTD-26OCT11PHIJAC-JACBTUTEN33-1,Bhayshul Tuten: 1+ touchdowns,0.4800,0.4900,0.5000,9.66,9.66,active,2026-10-13T13:30:00Z,2026-10-06T16:54:33+00:00
KXNFLTD-26OCT11PHIJAC,KXNFLTD,KXNFLTD-26OCT11PHIJAC-PHIMLEMON9-1,Makai Lemon: 1+ touchdowns,0.1500,0.1900,0.0000,0.00,0.00,active,2026-10-13T13:30:00Z,2026-10-06T16:54:33+00:00
KXNFLTD-26OCT11PHIJAC,KXNFLTD,KXNFLTD-26OCT11PHIJAC-JACBSTRANGE85-1,Brenton Strange: 1+ touchdowns,0.1900,0.2300,0.0000,0.00,0.00,active,2026-10-13T13:30:00Z,2026-10-06T16:54:33+00:00
KXNFLTD-26OCT11PHIJAC,KXNFLTD,KXNFLTD-26OCT11PHIJAC-JACTLAWRENCE16-1,Trevor Lawrence: 1+ touchdowns,0.2000,0.2300,0.1900,7.90,3.95,active,2026-10-13T13:30:00Z,2026-10-06T16:54:33+00:00
KXNFLTD-26OCT11PHIJAC,KXNFLTD,KXNFLTD-26OCT11PHIJAC-JACJCAMERON19-2,Josh Cameron: 2+ touchdowns,0.0100,0.0200,0.0000,0.00,0.00,active,2026-10-13T13:30:00Z,2026-10-06T16:54:33+00:00
KXNFLTD-26OCT11PHIJAC,KXNFLTD,KXNFLTD-26OCT11PHIJAC-JACPWASHINGTON11-1,Parker Washington: 1+ touchdowns,0.3200,0.3700,0.0000,0.00,0.00,active,2026-10-13T13:30:00Z,2026-10-06T16:54:33+00:00
KXNFLRRYDS-26OCT08TBDAL,KXNFLRRYDS,KXNFLRRYDS-26OCT08TBDAL-DALJWILLIAMS33-115,Javonte Williams: 115+ rushing and receiving yards combined,0.2700,0.3300,0.3200,49.00,49.00,active,2026-10-11T00:15:00Z,2026-10-06T16:54:33+00:00
KXNFLRRYDS-26OCT08TBDAL,KXNFLRRYDS,KXNFLRRYDS-26OCT08TBDAL-TBBIRVING7-130,Bucky Irving: 130+ rushing and receiving yards combined,0.0500,0.1000,0.1000,25.00,25.00,active,2026-10-11T00:15:00Z,2026-10-06T16:54:33+00:00
KXNFLRRYDS-26OCT08TBDAL,KXNFLRRYDS,KXNFLRRYDS-26OCT08TBDAL-TBBIRVING7-80,Bucky Irving: 80+ rushing and receiving yards combined,0.4200,0.4300,0.4500,143.03,143.03,active,2026-10-11T00:15:00Z,2026-10-06T16:54:33+00:00
KXNFLRRYDS-26OCT08TBDAL,KXNFLRRYDS,KXNFLRRYDS-26OCT08TBDAL-TBKGAINWELL1-45,Kenny Gainwell: 45+ rushing and receiving yards combined,0.1300,0.1500,0.1400,32.00,32.00,active,2026-10-11T00:15:00Z,2026-10-06T16:54:33+00:00
KXNFLRRYDS-26OCT08TBDAL,KXNFLRRYDS,KXNFLRRYDS-26OCT08TBDAL-TBKGAINWELL1-70,Kenny Gainwell: 70+ rushing and receiving yards combined,0.0000,0.0600,0.0600,1187.08,1187.08,active,2026-10-11T00:15:00Z,2026-10-06T16:54:33+00:00
KXNFLRRYDS-26OCT08TBDAL,KXNFLRRYDS,KXNFLRRYDS-26OCT08TBDAL-DALJWILLIAMS33-90,Javonte Williams: 90+ rushing and receiving yards combined,0.5100,0.5500,0.5500,182.56,174.56,active,2026-10-11T00:15:00Z,2026-10-06T16:54:33+00:00
KXNFLRRYDS-26OCT08TBDAL,KXNFLRRYDS,KXNFLRRYDS-26OCT08TBDAL-TBBIRVING7-105,Bucky Irving: 105+ rushing and receiving yards combined,0.1700,0.2200,0.0000,0.00,0.00,active,2026-10-11T00:15:00Z,2026-10-06T16:54:33+00:00
KXNFLRRYDS-26OCT08TBDAL,KXNFLRRYDS,KXNFLRRYDS-26OCT08TBDAL-DALJWILLIAMS33-140,Javonte Williams: 140+ rushing and receiving yards combined,0.1200,0.1500,0.1500,24.00,24.00,active,2026-10-11T00:15:00Z,2026-10-06T16:54:33+00:00
KXNFLRRYDS-26OCT08TBDAL,KXNFLRRYDS,KXNFLRRYDS-26OCT08TBDAL-TBKGAINWELL1-20,Kenny Gainwell: 20+ rushing and receiving yards combined,0.5400,0.5700,0.5700,188.18,188.18,active,2026-10-11T00:15:00Z,2026-10-06T16:54:33+00:00
KXNFLGAME-26OCT08TBDAL,KXNFLGAME,KXNFLGAME-26OCT08TBDAL-TB,Tampa Bay wins,0.2000,0.2100,0.2000,524996.08,443865.24,active,2026-10-11T00:15:00Z,2026-10-06T16:54:33+00:00
KXNFLGAME-26OCT08TBDAL,KXNFLGAME,KXNFLGAME-26OCT08TBDAL-DAL,Dallas wins,0.7900,0.8000,0.8000,374439.38,328110.49,active,2026-10-11T00:15:00Z,2026-10-06T16:54:33+00:00
KXNFLGAME-26OCT11BALATL,KXNFLGAME,KXNFLGAME-26OCT11BALATL-BAL,Baltimore wins,0.4000,0.4100,0.4100,103170.28,62716.41,active,2026-10-14T00:20:00Z,2026-10-06T16:54:33+00:00
KXNFLGAME-26OCT11BALATL,KXNFLGAME,KXNFLGAME-26OCT11BALATL-ATL,Atlanta wins,0.5800,0.5900,0.5900,330603.47,268743.91,active,2026-10-14T00:20:00Z,2026-10-06T16:54:33+00:00
KXNFLGAME-26OCT11CHIGB,KXNFLGAME,KXNFLGAME-26OCT11CHIGB-CHI,Chicago wins,0.5800,0.5900,0.5900,157294.97,141016.48,active,2026-10-13T20:25:00Z,2026-10-06T16:54:33+00:00
KXNFLGAME-26OCT11CHIGB,KXNFLGAME,KXNFLGAME-26OCT11CHIGB-GB,Green Bay wins,0.4200,0.4300,0.4300,36509.91,31126.40,active,2026-10-13T20:25:00Z,2026-10-06T16:54:33+00:00
KXNFLGAME-26OCT11CINMIA,KXNFLGAME,KXNFLGAME-26OCT11CINMIA-MIA,Miami wins,0.2400,0.2500,0.2400,32193.47,25901.88,active,2026-10-13T17:00:00Z,2026-10-06T16:54:33+00:00
KXNFLGAME-26OCT11CINMIA,KXNFLGAME,KXNFLGAME-26OCT11CINMIA-CIN,Cincinnati wins,0.7600,0.7700,0.7700,62586.04,30424.14,active,2026-10-13T17:00:00Z,2026-10-06T16:54:33+00:00
KXNFLGAME-26OCT11CLENYJ,KXNFLGAME,KXNFLGAME-26OCT11CLENYJ-NYJ,New York J wins,0.5500,0.5600,0.5600,19911.50,15350.66,active,2026-10-13T17:00:00Z,2026-10-06T16:54:33+00:00
KXNFLGAME-26OCT11CLENYJ,KXNFLGAME,KXNFLGAME-26OCT11CLENYJ-CLE,Cleveland wins,0.4500,0.4600,0.4600,95944.41,88632.80,active,2026-10-13T17:00:00Z,2026-10-06T16:54:33+00:00
KXNFLGAME-26OCT11DENLAC,KXNFLGAME,KXNFLGAME-26OCT11DENLAC-DEN,Denver wins,0.6200,0.6400,0.6400,19876.35,17097.03,active,2026-10-13T20:05:00Z,2026-10-06T16:54:33+00:00
KXNFLGAME-26OCT11DENLAC,KXNFLGAME,KXNFLGAME-26OCT11DENLAC-LAC,Los Angeles C wins,0.3600,0.3800,0.3600,17149.14,13026.17,active,2026-10-13T20:05:00Z,2026-10-06T16:54:33+00:00
KXNFLGAME-26OCT11DETARI,KXNFLGAME,KXNFLGAME-26OCT11DETARI-DET,Detroit wins,0.6900,0.7000,0.6900,18440.72,11966.21,active,2026-10-13T20:25:00Z,2026-10-06T16:54:33+00:00
KXNFLGAME-26OCT11DETARI,KXNFLGAME,KXNFLGAME-26OCT11DETARI-ARI,Arizona wins,0.3100,0.3200,0.3200,11081.03,7659.47,active,2026-10-13T20:25:00Z,2026-10-06T16:54:33+00:00
KXNFLGAME-26OCT11HOUTEN,KXNFLGAME,KXNFLGAME-26OCT11HOUTEN-TEN,Tennessee wins,0.2600,0.2700,0.2700,29762.55,23659.09,active,2026-10-13T17:00:00Z,2026-10-06T16:54:33+00:00
KXNFLGAME-26OCT11HOUTEN,KXNFLGAME,KXNFLGAME-26OCT11HOUTEN-HOU,Houston wins,0.7400,0.7500,0.7500,24518.30,22029.32,active,2026-10-13T17:00:00Z,2026-10-06T16:54:33+00:00
KXNFLGAME-26OCT11INDPIT,KXNFLGAME,KXNFLGAME-26OCT11INDPIT-PIT,Pittsburgh wins,0.5600,0.5700,0.5700,31045.72,23309.94,active,2026-10-13T17:00:00Z,2026-10-06T16:54:33+00:00
KXNFLGAME-26OCT11INDPIT,KXNFLGAME,KXNFLGAME-26OCT11INDPIT-IND,Indianapolis wins,0.4300,0.4400,0.4400,15648.13,14160.80,active,2026-10-13T17:00:00Z,2026-10-06T16:54:33+00:00
KXNFLGAME-26OCT11LVNE,KXNFLGAME,KXNFLGAME-26OCT11LVNE-NE,New England wins,0.6300,0.6400,0.6400,41633.75,31954.96,active,2026-10-13T17:00:00Z,2026-10-06T16:54:33+00:00
KXNFLGAME-26OCT11LVNE,KXNFLGAME,KXNFLGAME-26OCT11LVNE-LV,Las Vegas wins,0.3600,0.3700,0.3600,352287.27,287620.42,active,2026-10-13T17:00:00Z,2026-10-06T16:54:33+00:00
KXNFLGAME-26OCT11MINNO,KXNFLGAME,KXNFLGAME-26OCT11MINNO-NO,New Orleans wins,0.4400,0.4500,0.4500,30485.40,22985.21,active,2026-10-13T17:00:00Z,2026-10-06T16:54:33+00:00
KXNFLGAME-26OCT11MINNO,KXNFLGAME,KXNFLGAME-26OCT11MINNO-MIN,Minnesota wins,0.5500,0.5600,0.5600,80946.99,71771.37,active,2026-10-13T17:00:00Z,2026-10-06T16:54:33+00:00
KXNFLGAME-26OCT11NYGWAS,KXNFLGAME,KXNFLGAME-26OCT11NYGWAS-WAS,Washington wins,0.6200,0.6300,0.6300,25202.12,23018.21,active,2026-10-13T17:00:00Z,2026-10-06T16:54:33+00:00
KXNFLGAME-26OCT11NYGWAS,KXNFLGAME,KXNFLGAME-26OCT11NYGWAS-NYG,New York G wins,0.3700,0.3800,0.3800,148774.98,138363.48,active,2026-10-13T17:00:00Z,2026-10-06T16:54:33+00:00
KXNFLGAME-26OCT11PHIJAC,KXNFLGAME,KXNFLGAME-26OCT11PHIJAC-PHI,Philadelphia wins,0.2500,0.2600,0.2600,154397.10,139209.14,active,2026-10-13T13:30:00Z,2026-10-06T16:54:33+00:00
KXNFLGAME-26OCT11PHIJAC,KXNFLGAME,KXNFLGAME-26OCT11PHIJAC-JAC,Jacksonville wins,0.7400,0.7500,0.7500,274704.73,268084.48,active,2026-10-13T13:30:00Z,2026-10-06T16:54:33+00:00
KXNFLGAME-26OCT11SFSEA,KXNFLGAME,KXNFLGAME-26OCT11SFSEA-SEA,Seattle wins,0.5800,0.5900,0.5900,96191.04,75641.88,active,2026-10-13T20:25:00Z,2026-10-06T16:54:33+00:00
KXNFLGAME-26OCT11SFSEA,KXNFLGAME,KXNFLGAME-26OCT11SFSEA-SF,San Francisco wins,0.4100,0.4300,0.4300,298048.38,242539.96,active,2026-10-13T20:25:00Z,2026-10-06T16:54:33+00:00
KXNFLGAME-26OCT12BUFLAR,KXNFLGAME,KXNFLGAME-26OCT12BUFLAR-LAR,Los Angeles R wins,0.5900,0.6000,0.6000,20442.00,19317.65,active,2026-10-15T00:15:00Z,2026-10-06T16:54:33+00:00
KXNFLGAME-26OCT12BUFLAR,KXNFLGAME,KXNFLGAME-26OCT12BUFLAR-BUF,Buffalo wins,0.4000,0.4100,0.4100,77450.51,69979.93,active,2026-10-15T00:15:00Z,2026-10-06T16:54:33+00:00
KXNFLGAME-26OCT15SEADEN,KXNFLGAME,KXNFLGAME-26OCT15SEADEN-DEN,Denver wins,0.4600,0.5000,0.5000,218.72,215.72,active,2026-10-18T00:15:00Z,2026-10-06T16:54:33+00:00
KXNFLGAME-26OCT15SEADEN,KXNFLGAME,KXNFLGAME-26OCT15SEADEN-SEA,Seattle wins,0.5000,0.5400,0.5400,175.81,173.88,active,2026-10-18T00:15:00Z,2026-10-06T16:54:33+00:00
KXNFLGAME-26OCT18ARILAR,KXNFLGAME,KXNFLGAME-26OCT18ARILAR-ARI,Arizona wins,0.1800,0.1900,0.1900,975.05,946.23,active,2026-10-20T20:05:00Z,2026-10-06T16:54:33+00:00
KXNFLGAME-26OCT18ARILAR,KXNFLGAME,KXNFLGAME-26OCT18ARILAR-LAR,Los Angeles R wins,0.8200,0.8400,0.8400,507.86,495.86,active,2026-10-20T20:05:00Z,2026-10-06T16:54:33+00:00
KXNFLGAME-26OCT18BALCLE,KXNFLGAME,KXNFLGAME-26OCT18BALCLE-BAL,Baltimore wins,0.6400,0.6800,0.6400,5461.45,3833.36,active,2026-10-20T17:00:00Z,2026-10-06T16:54:33+00:00
KXNFLGAME-26OCT18BALCLE,KXNFLGAME,KXNFLGAME-26OCT18BALCLE-CLE,Cleveland wins,0.3200,0.3600,0.3600,7680.70,6673.51,active,2026-10-20T17:00:00Z,2026-10-06T16:54:33+00:00
KXNFLGAME-26OCT18BUFLV,KXNFLGAME,KXNFLGAME-26OCT18BUFLV-BUF,Buffalo wins,0.6900,0.7200,0.0000,0.00,0.00,active,2026-10-20T20:25:00Z,2026-10-06T16:54:33+00:00
KXNFLGAME-26OCT18BUFLV,KXNFLGAME,KXNFLGAME-26OCT18BUFLV-LV,Las Vegas wins,0.3000,0.3100,0.3000,325.80,276.83,active,2026-10-20T20:25:00Z,2026-10-06T16:54:33+00:00
KXNFLGAME-26OCT18CARPHI,KXNFLGAME,KXNFLGAME-26OCT18CARPHI-CAR,Carolina wins,0.4600,0.4800,0.4800,8528.03,8382.03,active,2026-10-20T17:00:00Z,2026-10-06T16:54:33+00:00
KXNFLGAME-26OCT18CARPHI,KXNFLGAME,KXNFLGAME-26OCT18CARPHI-PHI,Philadelphia wins,0.5200,0.5700,0.5500,41.41,40.41,active,2026-10-20T17:00:00Z,2026-10-06T16:54:33+00:00
KXNFLGAME-26OCT18CHIATL,KXNFLGAME,KXNFLGAME-26OCT18CHIATL-CHI,Chicago wins,0.5800,0.6000,0.6000,271.62,261.12,active,2026-10-20T17:00:00Z,2026-10-06T16:54:33+00:00
KXNFLGAME-26OCT18CHIATL,KXNFLGAME,KXNFLGAME-26OCT18CHIATL-ATL,Atlanta wins,0.3900,0.4300,0.4300,596.20,596.20,active,2026-10-20T17:00:00Z,2026-10-06T16:54:33+00:00
KXNFLGAME-26OCT18DALGB,KXNFLGAME,KXNFLGAME-26OCT18DALGB-GB,Green Bay wins,0.3800,0.4200,0.4200,254.99,237.37,active,2026-10-21T00:20:00Z,2026-10-06T16:54:33+00:00
KXNFLGAME-26OCT18DALGB,KXNFLGAME,KXNFLGAME-26OCT18DALGB-DAL,Dallas wins,0.5800,0.6300,0.5800,204.99,134.85,active,2026-10-21T00:20:00Z,2026-10-06T16:54:33+00:00
KXNFLGAME-26OCT18HOUJAC,KXNFLGAME,KXNFLGAME-26OCT18HOUJAC-HOU,Houston wins,0.4300,0.4700,0.4700,62.04,57.04,active,2026-10-20T13:30:00Z,2026-10-06T16:54:33+00:00
KXNFLGAME-26OCT18HOUJAC,KXNFLGAME,KXNFLGAME-26OCT18HOUJAC-JAC,Jacksonville wins,0.5200,0.5700,0.5600,113.90,112.90,active,2026-10-20T13:30:00Z,2026-10-06T16:54:33+00:00
KXNFLGAME-26OCT18LACKC,KXNFLGAME,KXNFLGAME-26OCT18LACKC-KC,Kansas City wins,0.7700,0.8100,0.8100,2846.63,2819.97,active,2026-10-20T20:25:00Z,2026-10-06T16:54:33+00:00
KXNFLGAME-26OCT18LACKC,KXNFLGAME,KXNFLGAME-26OCT18LACKC-LAC,Los Angeles C wins,0.2000,0.2400,0.2100,511.56,511.56,active,2026-10-20T20:25:00Z,2026-10-06T16:54:33+00:00
KXNFLGAME-26OCT18NONYG,KXNFLGAME,KXNFLGAME-26OCT18NONYG-NO,New Orleans wins,0.5400,0.5900,0.5400,29.35,29.35,active,2026-10-20T17:00:00Z,2026-10-06T16:54:33+00:00
KXNFLGAME-26OCT18NONYG,KXNFLGAME,KXNFLGAME-26OCT18NONYG-NYG,New York G wins,0.4100,0.4600,0.4600,22.64,22.64,active,2026-10-20T17:00:00Z,2026-10-06T16:54:33+00:00
KXNFLGAME-26OCT18NYJNE,KXNFLGAME,KXNFLGAME-26OCT18NYJNE-NE,New England wins,0.6600,0.7100,0.0000,0.00,0.00,active,2026-10-20T17:00:00Z,2026-10-06T16:54:33+00:00
KXNFLGAME-26OCT18NYJNE,KXNFLGAME,KXNFLGAME-26OCT18NYJNE-NYJ,New York J wins,0.2900,0.3400,0.3400,29.81,29.81,active,2026-10-20T17:00:00Z,2026-10-06T16:54:33+00:00
KXNFLGAME-26OCT18PITTB,KXNFLGAME,KXNFLGAME-26OCT18PITTB-PIT,Pittsburgh wins,0.5600,0.6000,0.6100,256.50,147.16,active,2026-10-20T17:00:00Z,2026-10-06T16:54:33+00:00
KXNFLGAME-26OCT18PITTB,KXNFLGAME,KXNFLGAME-26OCT18PITTB-TB,Tampa Bay wins,0.4000,0.4400,0.4400,16.42,16.42,active,2026-10-20T17:00:00Z,2026-10-06T16:54:33+00:00
KXNFLGAME-26OCT18TENIND,KXNFLGAME,KXNFLGAME-26OCT18TENIND-IND,Indianapolis wins,0.7000,0.7500,0.0000,0.00,0.00,active,2026-10-20T17:00:00Z,2026-10-06T16:54:33+00:00
KXNFLGAME-26OCT18TENIND,KXNFLGAME,KXNFLGAME-26OCT18TENIND-TEN,Tennessee wins,0.2600,0.3000,0.3000,3.17,3.17,active,2026-10-20T17:00:00Z,2026-10-06T16:54:33+00:00
KXNFLGAME-26OCT19WASSF,KXNFLGAME,KXNFLGAME-26OCT19WASSF-WAS,Washington wins,0.2300,0.2400,0.2400,142.35,142.35,active,2026-10-22T00:15:00Z,2026-10-06T16:54:33+00:00
KXNFLGAME-26OCT19WASSF,KXNFLGAME,KXNFLGAME-26OCT19WASSF-SF,San Francisco wins,0.7600,0.7700,0.7600,218.92,218.92,active,2026-10-22T00:15:00Z,2026-10-06T16:54:33+00:00
KXNFLSPREAD-26OCT08TBDAL,KXNFLSPREAD,KXNFLSPREAD-26OCT08TBDAL-DAL18,DAL Cowboys wins by over 17.5 points?,0.2400,0.2500,0.2500,8821.72,5465.84,active,2026-10-11T00:15:00Z,2026-10-06T16:54:33+00:00
KXNFLSPREAD-26OCT08TBDAL,KXNFLSPREAD,KXNFLSPREAD-26OCT08TBDAL-DAL21,DAL Cowboys wins by over 20.5 points?,0.2000,0.2100,0.2100,3634.38,2248.92,active,2026-10-11T00:15:00Z,2026-10-06T16:54:33+00:00
KXNFLSPREAD-26OCT08TBDAL,KXNFLSPREAD,KXNFLSPREAD-26OCT08TBDAL-DAL28,DAL Cowboys wins by over 27.5 points?,0.0900,0.1000,0.1000,2104.90,1642.02,active,2026-10-11T00:15:00Z,2026-10-06T16:54:33+00:00
KXNFLSPREAD-26OCT08TBDAL,KXNFLSPREAD,KXNFLSPREAD-26OCT08TBDAL-TB6,TB Buccaneers wins by over 5.5 points?,0.1100,0.1200,0.1000,4128.00,2581.00,active,2026-10-11T00:15:00Z,2026-10-06T16:54:33+00:00
KXNFLSPREAD-26OCT08TBDAL,KXNFLSPREAD,KXNFLSPREAD-26OCT08TBDAL-DAL14,DAL Cowboys wins by over 13.5 points?,0.3500,0.3600,0.3600,6924.92,6716.89,active,2026-10-11T00:15:00Z,2026-10-06T16:54:33+00:00
KXNFLSPREAD-26OCT08TBDAL,KXNFLSPREAD,KXNFLSPREAD-26OCT08TBDAL-TB3,TB Buccaneers wins by over 2.5 points?,0.1700,0.1800,0.1800,2616.98,2591.98,active,2026-10-11T00:15:00Z,2026-10-06T16:54:33+00:00
KXNFLSPREAD-26OCT08TBDAL,KXNFLSPREAD,KXNFLSPREAD-26OCT08TBDAL-TB10,TB Buccaneers wins by over 9.5 points?,0.0500,0.0600,0.0500,8933.14,8182.63,active,2026-10-11T00:15:00Z,2026-10-06T16:54:33+00:00
KXNFLSPREAD-26OCT08TBDAL,KXNFLSPREAD,KXNFLSPREAD-26OCT08TBDAL-TB11,TB Buccaneers wins by over 10.5 points?,0.0400,0.0500,0.0400,4757.82,4757.82,active,2026-10-11T00:15:00Z,2026-10-06T16:54:33+00:00
KXNFLSPREAD-26OCT08TBDAL,KXNFLSPREAD,KXNFLSPREAD-26OCT08TBDAL-DAL6,DAL Cowboys wins by over 5.5 points?,0.6100,0.6200,0.6200,12284.31,8637.35,active,2026-10-11T00:15:00Z,2026-10-06T16:54:33+00:00
KXNFLSPREAD-26OCT08TBDAL,KXNFLSPREAD,KXNFLSPREAD-26OCT08TBDAL-DAL5,DAL Cowboys wins by over 4.5 points?,0.6400,0.6500,0.6400,685.49,633.49,active,2026-10-11T00:15:00Z,2026-10-06T16:54:33+00:00
KXNFLSPREAD-26OCT08TBDAL,KXNFLSPREAD,KXNFLSPREAD-26OCT08TBDAL-DAL11,DAL Cowboys wins by over 10.5 points?,0.4200,0.4300,0.4200,10266.28,9876.74,active,2026-10-11T00:15:00Z,2026-10-06T16:54:33+00:00
KXNFLSPREAD-26OCT08TBDAL,KXNFLSPREAD,KXNFLSPREAD-26OCT08TBDAL-TB2,TB Buccaneers wins by over 1.5 points?,0.1800,0.1900,0.1900,1502.37,1375.37,active,2026-10-11T00:15:00Z,2026-10-06T16:54:33+00:00
KXNFLSPREAD-26OCT08TBDAL,KXNFLSPREAD,KXNFLSPREAD-26OCT08TBDAL-TB7,TB Buccaneers wins by over 6.5 points?,0.0900,0.1000,0.1000,4396.51,3871.13,active,2026-10-11T00:15:00Z,2026-10-06T16:54:33+00:00
KXNFLSPREAD-26OCT08TBDAL,KXNFLSPREAD,KXNFLSPREAD-26OCT08TBDAL-DAL7,DAL Cowboys wins by over 6.5 points?,0.5900,0.6000,0.5900,31371.39,30422.76,active,2026-10-11T00:15:00Z,2026-10-06T16:54:33+00:00
KXNFLSPREAD-26OCT08TBDAL,KXNFLSPREAD,KXNFLSPREAD-26OCT08TBDAL-DAL8,DAL Cowboys wins by over 7.5 points?,0.5000,0.5100,0.5100,45767.59,38441.80,active,2026-10-11T00:15:00Z,2026-10-06T16:54:33+00:00
KXNFLSPREAD-26OCT08TBDAL,KXNFLSPREAD,KXNFLSPREAD-26OCT08TBDAL-TB4,TB Buccaneers wins by over 3.5 points?,0.1200,0.1400,0.1300,3157.60,3074.61,active,2026-10-11T00:15:00Z,2026-10-06T16:54:33+00:00
KXNFLSPREAD-26OCT08TBDAL,KXNFLSPREAD,KXNFLSPREAD-26OCT08TBDAL-DAL2,DAL Cowboys wins by over 1.5 points?,0.7600,0.7700,0.7600,1966.02,1536.01,active,2026-10-11T00:15:00Z,2026-10-06T16:54:33+00:00
KXNFLSPREAD-26OCT08TBDAL,KXNFLSPREAD,KXNFLSPREAD-26OCT08TBDAL-TB14,TB Buccaneers wins by over 13.5 points?,0.0300,0.0400,0.0400,346.34,346.34,active,2026-10-11T00:15:00Z,2026-10-06T16:54:33+00:00
KXNFLSPREAD-26OCT08TBDAL,KXNFLSPREAD,KXNFLSPREAD-26OCT08TBDAL-DAL10,DAL Cowboys wins by over 9.5 points?,0.4500,0.4600,0.4600,52916.57,47555.64,active,2026-10-11T00:15:00Z,2026-10-06T16:54:33+00:00
KXNFLSPREAD-26OCT08TBDAL,KXNFLSPREAD,KXNFLSPREAD-26OCT08TBDAL-TB8,TB Buccaneers wins by over 7.5 points?,0.0600,0.0800,0.0700,776.77,776.77,active,2026-10-11T00:15:00Z,2026-10-06T16:54:33+00:00
KXNFLSPREAD-26OCT08TBDAL,KXNFLSPREAD,KXNFLSPREAD-26OCT08TBDAL-DAL15,DAL Cowboys wins by over 14.5 points?,0.3100,0.3200,0.3200,2766.44,2549.49,active,2026-10-11T00:15:00Z,2026-10-06T16:54:33+00:00
KXNFLSPREAD-26OCT08TBDAL,KXNFLSPREAD,KXNFLSPREAD-26OCT08TBDAL-TB15,TB Buccaneers wins by over 14.5 points?,0.0200,0.0300,0.0300,1073.17,793.15,active,2026-10-11T00:15:00Z,2026-10-06T16:54:33+00:00
KXNFLSPREAD-26OCT08TBDAL,KXNFLSPREAD,KXNFLSPREAD-26OCT08TBDAL-DAL17,DAL Cowboys wins by over 16.5 points?,0.2800,0.2900,0.2900,2033.60,1682.13,active,2026-10-11T00:15:00Z,2026-10-06T16:54:33+00:00
KXNFLSPREAD-26OCT08TBDAL,KXNFLSPREAD,KXNFLSPREAD-26OCT08TBDAL-DAL24,DAL Cowboys wins by over 23.5 points?,0.1400,0.1500,0.1600,662.36,662.36,active,2026-10-11T00:15:00Z,2026-10-06T16:54:33+00:00
KXNFLSPREAD-26OCT08TBDAL,KXNFLSPREAD,KXNFLSPREAD-26OCT08TBDAL-DAL4,DAL Cowboys wins by over 3.5 points?,0.6700,0.6800,0.6900,1802.70,1742.64,active,2026-10-11T00:15:00Z,2026-10-06T16:54:33+00:00
KXNFLSPREAD-26OCT08TBDAL,KXNFLSPREAD,KXNFLSPREAD-26OCT08TBDAL-DAL3,DAL Cowboys wins by over 2.5 points?,0.7400,0.7500,0.7500,6552.14,6318.16,active,2026-10-11T00:15:00Z,2026-10-06T16:54:33+00:00
KXNFLSPREAD-26OCT08TBDAL,KXNFLSPREAD,KXNFLSPREAD-26OCT08TBDAL-TB5,TB Buccaneers wins by over 4.5 points?,0.1100,0.1200,0.1200,308.28,308.28,active,2026-10-11T00:15:00Z,2026-10-06T16:54:33+00:00
KXNFLSPREAD-26OCT11BALATL,KXNFLSPREAD,KXNFLSPREAD-26OCT11BALATL-ATL4,ATL Falcons wins by over 3.5 points?,0.4500,0.4700,0.4700,12831.40,6707.18,active,2026-10-14T00:20:00Z,2026-10-06T16:54:33+00:00
KXNFLSPREAD-26OCT11BALATL,KXNFLSPREAD,KXNFLSPREAD-26OCT11BALATL-ATL10,ATL Falcons wins by over 9.5 points?,0.2700,0.2800,0.2700,8743.61,2109.91,active,2026-10-14T00:20:00Z,2026-10-06T16:54:33+00:00
KXNFLSPREAD-26OCT11BALATL,KXNFLSPREAD,KXNFLSPREAD-26OCT11BALATL-ATL11,ATL Falcons wins by over 10.5 points?,0.2400,0.2500,0.2400,6146.00,3906.00,active,2026-10-14T00:20:00Z,2026-10-06T16:54:33+00:00
KXNFLSPREAD-26OCT11BALATL,KXNFLSPREAD,KXNFLSPREAD-26OCT11BALATL-BAL10,BAL Ravens wins by over 9.5 points?,0.1500,0.1600,0.1800,2741.76,2580.94,active,2026-10-14T00:20:00Z,2026-10-06T16:54:33+00:00
KXNFLSPREAD-26OCT11BALATL,KXNFLSPREAD,KXNFLSPREAD-26OCT11BALATL-BAL17,BAL Ravens wins by over 16.5 points?,0.0700,0.0800,0.1500,154.00,154.00,active,2026-10-14T00:20:00Z,2026-10-06T16:54:33+00:00
KXNFLSPREAD-26OCT11BALATL,KXNFLSPREAD,KXNFLSPREAD-26OCT11BALATL-BAL7,BAL Ravens wins by over 6.5 points?,0.2200,0.2300,0.2300,3077.41,1750.41,active,2026-10-14T00:20:00Z,2026-10-06T16:54:33+00:00
KXNFLSPREAD-26OCT11BALATL,KXNFLSPREAD,KXNFLSPREAD-26OCT11BALATL-BAL6,BAL Ravens wins by over 5.5 points?,0.2500,0.2600,0.2600,2227.74,1352.09,active,2026-10-14T00:20:00Z,2026-10-06T16:54:33+00:00
KXNFLSPREAD-26OCT11BALATL,KXNFLSPREAD,KXNFLSPREAD-26OCT11BALATL-BAL11,BAL Ravens wins by over 10.5 points?,0.1300,0.1400,0.1400,2994.95,866.95,active,2026-10-14T00:20:00Z,2026-10-06T16:54:33+00:00
KXNFLSPREAD-26OCT11BALATL,KXNFLSPREAD,KXNFLSPREAD-26OCT11BALATL-ATL7,ATL Falcons wins by over 6.5 points?,0.3500,0.3600,0.3600,6587.76,3189.62,active,2026-10-14T00:20:00Z,2026-10-06T16:54:33+00:00
KXNFLSPREAD-26OCT11BALATL,KXNFLSPREAD,KXNFLSPREAD-26OCT11BALATL-ATL6,ATL Falcons wins by over 5.5 points?,0.3800,0.3900,0.3800,5471.63,3912.05,active,2026-10-14T00:20:00Z,2026-10-06T16:54:33+00:00
KXNFLSPREAD-26OCT11BALATL,KXNFLSPREAD,KXNFLSPREAD-26OCT11BALATL-ATL3,ATL Falcons wins by over 2.5 points?,0.5300,0.5500,0.5500,309992.49,306397.02,active,2026-10-14T00:20:00Z,2026-10-06T16:54:33+00:00
KXNFLSPREAD-26OCT11BALATL,KXNFLSPREAD,KXNFLSPREAD-26OCT11BALATL-BAL5,BAL Ravens wins by over 4.5 points?,0.2600,0.2700,0.2800,2516.46,2276.28,active,2026-10-14T00:20:00Z,2026-10-06T16:54:33+00:00
KXNFLSPREAD-26OCT11BALATL,KXNFLSPREAD,KXNFLSPREAD-26OCT11BALATL-ATL15,ATL Falcons wins by over 14.5 points?,0.1600,0.1700,0.1600,5009.48,4869.48,active,2026-10-14T00:20:00Z,2026-10-06T16:54:33+00:00
KXNFLSPREAD-26OCT11BALATL,KXNFLSPREAD,KXNFLSPREAD-26OCT11BALATL-BAL21,BAL Ravens wins by over 20.5 points?,0.0500,0.0600,0.0700,190.55,190.55,active,2026-10-14T00:20:00Z,2026-10-06T16:54:33+00:00
KXNFLSPREAD-26OCT11BALATL,KXNFLSPREAD,KXNFLSPREAD-26OCT11BALATL-BAL18,BAL Ravens wins by over 17.5 points?,0.0600,0.0700,0.0800,2381.00,1958.00,active,2026-10-14T00:20:00Z,2026-10-06T16:54:33+00:00
KXNFLSPREAD-26OCT11BALATL,KXNFLSPREAD,KXNFLSPREAD-26OCT11BALATL-BAL3,BAL Ravens wins by over 2.5 points?,0.3600,0.3700,0.3600,106753.87,98738.14,active,2026-10-14T00:20:00Z,2026-10-06T16:54:33+00:00
KXNFLSPREAD-26OCT11BALATL,KXNFLSPREAD,KXNFLSPREAD-26OCT11BALATL-ATL8,ATL Falcons wins by over 7.5 points?,0.3000,0.3100,0.3000,7864.06,2684.16,active,2026-10-14T00:20:00Z,2026-10-06T16:54:33+00:00
KXNFLSPREAD-26OCT11BALATL,KXNFLSPREAD,KXNFLSPREAD-26OCT11BALATL-BAL8,BAL Ravens wins by over 7.5 points?,0.1700,0.1800,0.1900,5409.85,3104.85,active,2026-10-14T00:20:00Z,2026-10-06T16:54:33+00:00
KXNFLSPREAD-26OCT11BALATL,KXNFLSPREAD,KXNFLSPREAD-26OCT11BALATL-BAL2,BAL Ravens wins by over 1.5 points?,0.3700,0.3800,0.4100,3762.29,2644.31,active,2026-10-14T00:20:00Z,2026-10-06T16:54:33+00:00
KXNFLSPREAD-26OCT11BALATL,KXNFLSPREAD,KXNFLSPREAD-26OCT11BALATL-ATL2,ATL Falcons wins by over 1.5 points?,0.5600,0.5700,0.5300,10143.97,5388.65,active,2026-10-14T00:20:00Z,2026-10-06T16:54:33+00:00
KXNFLSPREAD-26OCT11BALATL,KXNFLSPREAD,KXNFLSPREAD-26OCT11BALATL-BAL15,BAL Ravens wins by over 14.5 points?,0.0800,0.0900,0.1300,132.06,132.06,active,2026-10-14T00:20:00Z,2026-10-06T16:54:33+00:00
KXNFLSPREAD-26OCT11BALATL,KXNFLSPREAD,KXNFLSPREAD-26OCT11BALATL-ATL5,ATL Falcons wins by over 4.5 points?,0.4000,0.4300,0.4200,4410.80,3544.37,active,2026-10-14T00:20:00Z,2026-10-06T16:54:33+00:00
KXNFLSPREAD-26OCT11BALATL,KXNFLSPREAD,KXNFLSPREAD-26OCT11BALATL-BAL14,BAL Ravens wins by over 13.5 points?,0.1000,0.1100,0.0900,2194.91,2124.91,active,2026-10-14T00:20:00Z,2026-10-06T16:54:33+00:00
KXNFLSPREAD-26OCT11BALATL,KXNFLSPREAD,KXNFLSPREAD-26OCT11BALATL-BAL4,BAL Ravens wins by over 3.5 points?,0.3000,0.3100,0.3000,27284.55,21825.87,active,2026-10-14T00:20:00Z,2026-10-06T16:54:33+00:00
KXNFLSPREAD-26OCT11BALATL,KXNFLSPREAD,KXNFLSPREAD-26OCT11BALATL-ATL14,ATL Falcons wins by over 13.5 points?,0.2000,0.2100,0.2000,7451.07,6960.07,active,2026-10-14T00:20:00Z,2026-10-06T16:54:33+00:00
KXNFLSPREAD-26OCT11CINMIA,KXNFLSPREAD,KXNFLSPREAD-26OCT11CINMIA-MIA3,MIA Dolphins wins by over 2.5 points?,0.1900,0.2000,0.2000,55.00,55.00,active,2026-10-13T17:00:00Z,2026-10-06T16:54:33+00:00
KXNFLSPREAD-26OCT11CINMIA,KXNFLSPREAD,KXNFLSPREAD-26OCT11CINMIA-CIN3,CIN Bengals wins by over 2.5 points?,0.7100,0.7300,0.7200,72.55,72.55,active,2026-10-13T17:00:00Z,2026-10-06T16:54:33+00:00
KXNFLSPREAD-26OCT11CINMIA,KXNFLSPREAD,KXNFLSPREAD-26OCT11CINMIA-MIA6,MIA Dolphins wins by over 5.5 points?,0.1200,0.1400,0.0000,0.00,0.00,active,2026-10-13T17:00:00Z,2026-10-06T16:54:33+00:00
KXNFLSPREAD-26OCT11CINMIA,KXNFLSPREAD,KXNFLSPREAD-26OCT11CINMIA-MIA10,MIA Dolphins wins by over 9.5 points?,0.0600,0.0800,0.0000,0.00,0.00,active,2026-10-13T17:00:00Z,2026-10-06T16:54:33+00:00
KXNFLSPREAD-26OCT11CINMIA,KXNFLSPREAD,KXNFLSPREAD-26OCT11CINMIA-MIA14,MIA Dolphins wins by over 13.5 points?,0.0400,0.0600,0.0000,0.00,0.00,active,2026-10-13T17:00:00Z,2026-10-06T16:54:33+00:00
KXNFLSPREAD-26OCT11CINMIA,KXNFLSPREAD,KXNFLSPREAD-26OCT11CINMIA-CIN10,CIN Bengals wins by over 9.5 points?,0.4300,0.4500,0.4300,218.18,197.75,active,2026-10-13T17:00:00Z,2026-10-06T16:54:33+00:00
KXNFLSPREAD-26OCT11CINMIA,KXNFLSPREAD,KXNFLSPREAD-26OCT11CINMIA-MIA11,MIA Dolphins wins by over 10.5 points?,0.0500,0.0700,0.0000,0.00,0.00,active,2026-10-13T17:00:00Z,2026-10-06T16:54:33+00:00
KXNFLSPREAD-26OCT11CINMIA,KXNFLSPREAD,KXNFLSPREAD-26OCT11CINMIA-MIA4,MIA Dolphins wins by over 3.5 points?,0.1400,0.1600,0.1600,16.00,16.00,active,2026-10-13T17:00:00Z,2026-10-06T16:54:33+00:00
KXNFLSPREAD-26OCT11CINMIA,KXNFLSPREAD,KXNFLSPREAD-26OCT11CINMIA-CIN24,CIN Bengals wins by over 23.5 points?,0.1200,0.1300,0.0000,0.00,0.00,active,2026-10-13T17:00:00Z,2026-10-06T16:54:33+00:00
KXNFLSPREAD-26OCT11CINMIA,KXNFLSPREAD,KXNFLSPREAD-26OCT11CINMIA-CIN21,CIN Bengals wins by over 20.5 points?,0.1600,0.1800,0.0000,0.00,0.00,active,2026-10-13T17:00:00Z,2026-10-06T16:54:33+00:00
KXNFLSPREAD-26OCT11CINMIA,KXNFLSPREAD,KXNFLSPREAD-26OCT11CINMIA-CIN7,CIN Bengals wins by over 6.5 points?,0.5500,0.5600,0.5600,5036.93,4103.25,active,2026-10-13T17:00:00Z,2026-10-06T16:54:33+00:00
KXNFLSPREAD-26OCT11CINMIA,KXNFLSPREAD,KXNFLSPREAD-26OCT11CINMIA-CIN6,CIN Bengals wins by over 5.5 points?,0.5800,0.5900,0.5900,63.18,63.18,active,2026-10-13T17:00:00Z,2026-10-06T16:54:33+00:00
KXNFLSPREAD-26OCT11CINMIA,KXNFLSPREAD,KXNFLSPREAD-26OCT11CINMIA-MIA5,MIA Dolphins wins by over 4.5 points?,0.1300,0.1500,0.0000,0.00,0.00,active,2026-10-13T17:00:00Z,2026-10-06T16:54:33+00:00
KXNFLSPREAD-26OCT11CINMIA,KXNFLSPREAD,KXNFLSPREAD-26OCT11CINMIA-MIA7,MIA Dolphins wins by over 6.5 points?,0.1100,0.1200,0.0000,0.00,0.00,active,2026-10-13T17:00:00Z,2026-10-06T16:54:33+00:00
KXNFLSPREAD-26OCT11CINMIA,KXNFLSPREAD,KXNFLSPREAD-26OCT11CINMIA-MIA8,MIA Dolphins wins by over 7.5 points?,0.0800,0.0900,0.1000,28.00,28.00,active,2026-10-13T17:00:00Z,2026-10-06T16:54:33+00:00
KXNFLSPREAD-26OCT11CINMIA,KXNFLSPREAD,KXNFLSPREAD-26OCT11CINMIA-CIN17,CIN Bengals wins by over 16.5 points?,0.2500,0.2700,0.2800,1200.00,1200.00,active,2026-10-13T17:00:00Z,2026-10-06T16:54:33+00:00
KXNFLSPREAD-26OCT11CINMIA,KXNFLSPREAD,KXNFLSPREAD-26OCT11CINMIA-CIN8,CIN Bengals wins by over 7.5 points?,0.4700,0.4800,0.4700,6296.69,6041.47,active,2026-10-13T17:00:00Z,2026-10-06T16:54:33+00:00
KXNFLSPREAD-26OCT11CINMIA,KXNFLSPREAD,KXNFLSPREAD-26OCT11CINMIA-CIN5,CIN Bengals wins by over 4.5 points?,0.6100,0.6200,0.6300,1562.08,378.00,active,2026-10-13T17:00:00Z,2026-10-06T16:54:33+00:00
KXNFLSPREAD-26OCT11CINMIA,KXNFLSPREAD,KXNFLSPREAD-26OCT11CINMIA-MIA2,MIA Dolphins wins by over 1.5 points?,0.2100,0.2200,0.2200,1038.00,238.00,active,2026-10-13T17:00:00Z,2026-10-06T16:54:33+00:00
KXNFLSPREAD-26OCT11CINMIA,KXNFLSPREAD,KXNFLSPREAD-26OCT11CINMIA-CIN15,CIN Bengals wins by over 14.5 points?,0.2900,0.3000,0.3000,10.85,10.85,active,2026-10-13T17:00:00Z,2026-10-06T16:54:33+00:00
KXNFLSPREAD-26OCT11CINMIA,KXNFLSPREAD,KXNFLSPREAD-26OCT11CINMIA-CIN14,CIN Bengals wins by over 13.5 points?,0.3300,0.3400,0.0000,0.00,0.00,active,2026-10-13T17:00:00Z,2026-10-06T16:54:33+00:00
KXNFLSPREAD-26OCT11CINMIA,KXNFLSPREAD,KXNFLSPREAD-26OCT11CINMIA-CIN28,CIN Bengals wins by over 27.5 points?,0.0700,0.0800,0.0700,538.42,366.35,active,2026-10-13T17:00:00Z,2026-10-06T16:54:33+00:00
KXNFLSPREAD-26OCT11CINMIA,KXNFLSPREAD,KXNFLSPREAD-26OCT11CINMIA-CIN18,CIN Bengals wins by over 17.5 points?,0.2100,0.2200,0.2400,885.18,815.18,active,2026-10-13T17:00:00Z,2026-10-06T16:54:33+00:00
KXNFLSPREAD-26OCT11CINMIA,KXNFLSPREAD,KXNFLSPREAD-26OCT11CINMIA-CIN2,CIN Bengals wins by over 1.5 points?,0.7300,0.7500,0.7300,5.00,5.00,active,2026-10-13T17:00:00Z,2026-10-06T16:54:33+00:00
KXNFLSPREAD-26OCT11CINMIA,KXNFLSPREAD,KXNFLSPREAD-26OCT11CINMIA-CIN4,CIN Bengals wins by over 3.5 points?,0.6400,0.6500,0.6500,148.59,148.59,active,2026-10-13T17:00:00Z,2026-10-06T16:54:33+00:00
KXNFLSPREAD-26OCT11CINMIA,KXNFLSPREAD,KXNFLSPREAD-26OCT11CINMIA-CIN11,CIN Bengals wins by over 10.5 points?,0.3900,0.4100,0.3900,269.02,268.44,active,2026-10-13T17:00:00Z,2026-10-06T16:54:33+00:00
KXNFLSPREAD-26OCT11CINMIA,KXNFLSPREAD,KXNFLSPREAD-26OCT11CINMIA-MIA15,MIA Dolphins wins by over 14.5 points?,0.0300,0.0500,0.0000,0.00,0.00,active,2026-10-13T17:00:00Z,2026-10-06T16:54:33+00:00
KXNFLSPREAD-26OCT11CLENYJ,KXNFLSPREAD,KXNFLSPREAD-26OCT11CLENYJ-NYJ15,NY Jets wins by over 14.5 points?,0.1500,0.1600,0.1400,1323.13,1253.13,active,2026-10-13T17:00:00Z,2026-10-06T16:54:33+00:00
KXNFLSPREAD-26OCT11CLENYJ,KXNFLSPREAD,KXNFLSPREAD-26OCT11CLENYJ-NYJ14,NY Jets wins by over 13.5 points?,0.1700,0.1800,0.1600,3331.57,2047.57,active,2026-10-13T17:00:00Z,2026-10-06T16:54:33+00:00
KXNFLSPREAD-26OCT11CLENYJ,KXNFLSPREAD,KXNFLSPREAD-26OCT11CLENYJ-CLE8,CLE Browns wins by over 7.5 points?,0.2100,0.2200,0.2200,4056.15,3741.15,active,2026-10-13T17:00:00Z,2026-10-06T16:54:33+00:00
KXNFLSPREAD-26OCT11CLENYJ,KXNFLSPREAD,KXNFLSPREAD-26OCT11CLENYJ-CLE5,CLE Browns wins by over 4.5 points?,0.3000,0.3200,0.3000,874.78,562.43,active,2026-10-13T17:00:00Z,2026-10-06T16:54:33+00:00
KXNFLSPREAD-26OCT11CLENYJ,KXNFLSPREAD,KXNFLSPREAD-26OCT11CLENYJ-NYJ11,NY Jets wins by over 10.5 points?,0.2100,0.2200,0.2000,1848.23,1813.23,active,2026-10-13T17:00:00Z,2026-10-06T16:54:33+00:00
KXNFLSPREAD-26OCT11CLENYJ,KXNFLSPREAD,KXNFLSPREAD-26OCT11CLENYJ-NYJ6,NY Jets wins by over 5.5 points?,0.3500,0.3700,0.3600,110.36,110.36,active,2026-10-13T17:00:00Z,2026-10-06T16:54:33+00:00
KXNFLSPREAD-26OCT11CLENYJ,KXNFLSPREAD,KXNFLSPREAD-26OCT11CLENYJ-CLE14,CLE Browns wins by over 13.5 points?,0.1200,0.1400,0.1100,1704.00,1704.00,active,2026-10-13T17:00:00Z,2026-10-06T16:54:33+00:00
KXNFLSPREAD-26OCT11CLENYJ,KXNFLSPREAD,KXNFLSPREAD-26OCT11CLENYJ-NYJ4,NY Jets wins by over 3.5 points?,0.4000,0.4100,0.3900,527.41,312.41,active,2026-10-13T17:00:00Z,2026-10-06T16:54:33+00:00
KXNFLSPREAD-26OCT11CLENYJ,KXNFLSPREAD,KXNFLSPREAD-26OCT11CLENYJ-CLE6,CLE Browns wins by over 5.5 points?,0.2700,0.2900,0.2900,62.00,62.00,active,2026-10-13T17:00:00Z,2026-10-06T16:54:33+00:00
KXNFLSPREAD-26OCT11CLENYJ,KXNFLSPREAD,KXNFLSPREAD-26OCT11CLENYJ-CLE17,CLE Browns wins by over 16.5 points?,0.0900,0.1000,0.1000,1759.00,1759.00,active,2026-10-13T17:00:00Z,2026-10-06T16:54:33+00:00
KXNFLSPREAD-26OCT11CLENYJ,KXNFLSPREAD,KXNFLSPREAD-26OCT11CLENYJ-NYJ10,NY Jets wins by over 9.5 points?,0.2300,0.2400,0.2300,4783.82,2473.82,active,2026-10-13T17:00:00Z,2026-10-06T16:54:33+00:00
KXNFLSPREAD-26OCT11CLENYJ,KXNFLSPREAD,KXNFLSPREAD-26OCT11CLENYJ-CLE10,CLE Browns wins by over 9.5 points?,0.1800,0.2000,0.2000,296.29,23.67,active,2026-10-13T17:00:00Z,2026-10-06T16:54:33+00:00
KXNFLSPREAD-26OCT11CLENYJ,KXNFLSPREAD,KXNFLSPREAD-26OCT11CLENYJ-CLE3,CLE Browns wins by over 2.5 points?,0.4000,0.4100,0.4100,421.16,421.16,active,2026-10-13T17:00:00Z,2026-10-06T16:54:33+00:00
KXNFLSPREAD-26OCT11CLENYJ,KXNFLSPREAD,KXNFLSPREAD-26OCT11CLENYJ-NYJ5,NY Jets wins by over 4.5 points?,0.3700,0.3800,0.3800,49.79,49.79,active,2026-10-13T17:00:00Z,2026-10-06T16:54:33+00:00
KXNFLSPREAD-26OCT11CLENYJ,KXNFLSPREAD,KXNFLSPREAD-26OCT11CLENYJ-CLE4,CLE Browns wins by over 3.5 points?,0.3300,0.3400,0.3400,149.13,129.46,active,2026-10-13T17:00:00Z,2026-10-06T16:54:33+00:00
KXNFLSPREAD-26OCT11CLENYJ,KXNFLSPREAD,KXNFLSPREAD-26OCT11CLENYJ-NYJ3,NY Jets wins by over 2.5 points?,0.4700,0.4800,0.4700,6054.08,5829.06,active,2026-10-13T17:00:00Z,2026-10-06T16:54:33+00:00
KXNFLSPREAD-26OCT11CLENYJ,KXNFLSPREAD,KXNFLSPREAD-26OCT11CLENYJ-NYJ2,NY Jets wins by over 1.5 points?,0.5100,0.5200,0.5200,4685.13,3018.95,active,2026-10-13T17:00:00Z,2026-10-06T16:54:33+00:00
KXNFLSPREAD-26OCT11CLENYJ,KXNFLSPREAD,KXNFLSPREAD-26OCT11CLENYJ-NYJ17,NY Jets wins by over 16.5 points?,0.1100,0.1300,0.1200,508.00,508.00,active,2026-10-13T17:00:00Z,2026-10-06T16:54:33+00:00
KXNFLSPREAD-26OCT11CLENYJ,KXNFLSPREAD,KXNFLSPREAD-26OCT11CLENYJ-CLE2,CLE Browns wins by over 1.5 points?,0.4200,0.4400,0.4400,70.82,70.82,active,2026-10-13T17:00:00Z,2026-10-06T16:54:33+00:00
KXNFLSPREAD-26OCT11CLENYJ,KXNFLSPREAD,KXNFLSPREAD-26OCT11CLENYJ-CLE7,CLE Browns wins by over 6.5 points?,0.2500,0.2700,0.2700,1260.91,937.52,active,2026-10-13T17:00:00Z,2026-10-06T16:54:33+00:00
KXNFLSPREAD-26OCT11CLENYJ,KXNFLSPREAD,KXNFLSPREAD-26OCT11CLENYJ-NYJ8,NY Jets wins by over 7.5 points?,0.2600,0.2700,0.2500,4953.71,4773.71,active,2026-10-13T17:00:00Z,2026-10-06T16:54:33+00:00
KXNFLSPREAD-26OCT11CLENYJ,KXNFLSPREAD,KXNFLSPREAD-26OCT11CLENYJ-CLE11,CLE Browns wins by over 10.5 points?,0.1500,0.1700,0.1600,14.40,14.40,active,2026-10-13T17:00:00Z,2026-10-06T16:54:33+00:00
KXNFLSPREAD-26OCT11CLENYJ,KXNFLSPREAD,KXNFLSPREAD-26OCT11CLENYJ-CLE15,CLE Browns wins by over 14.5 points?,0.1000,0.1200,0.1000,1235.00,1235.00,active,2026-10-13T17:00:00Z,2026-10-06T16:54:33+00:00
KXNFLSPREAD-26OCT11CLENYJ,KXNFLSPREAD,KXNFLSPREAD-26OCT11CLENYJ-NYJ7,NY Jets wins by over 6.5 points?,0.3100,0.3300,0.0000,0.00,0.00,active,2026-10-13T17:00:00Z,2026-10-06T16:54:33+00:00
KXNFLSPREAD-26OCT11DENLAC,KXNFLSPREAD,KXNFLSPREAD-26OCT11DENLAC-LAC6,LA Chargers wins by over 5.5 points?,0.2200,0.2300,0.0000,0.00,0.00,active,2026-10-13T20:05:00Z,2026-10-06T16:54:33+00:00
KXNFLSPREAD-26OCT11DENLAC,KXNFLSPREAD,KXNFLSPREAD-26OCT11DENLAC-DEN15,DEN Broncos wins by over 14.5 points?,0.1800,0.1900,0.1800,1755.00,1755.00,active,2026-10-13T20:05:00Z,2026-10-06T16:54:33+00:00
KXNFLSPREAD-26OCT11DENLAC,KXNFLSPREAD,KXNFLSPREAD-26OCT11DENLAC-DEN8,DEN Broncos wins by over 7.5 points?,0.3100,0.3300,0.3300,2705.00,2705.00,active,2026-10-13T20:05:00Z,2026-10-06T16:54:33+00:00
KXNFLSPREAD-26OCT11DENLAC,KXNFLSPREAD,KXNFLSPREAD-26OCT11DENLAC-DEN2,DEN Broncos wins by over 1.5 points?,0.5800,0.6000,0.5700,0.40,0.00,active,2026-10-13T20:05:00Z,2026-10-06T16:54:33+00:00
KXNFLSPREAD-26OCT11DENLAC,KXNFLSPREAD,KXNFLSPREAD-26OCT11DENLAC-LAC7,LA Chargers wins by over 6.5 points?,0.1900,0.2000,0.2000,40.95,40.95,active,2026-10-13T20:05:00Z,2026-10-06T16:54:33+00:00
KXNFLSPREAD-26OCT11DENLAC,KXNFLSPREAD,KXNFLSPREAD-26OCT11DENLAC-LAC3,LA Chargers wins by over 2.5 points?,0.3200,0.3400,0.3300,1125.47,1125.47,active,2026-10-13T20:05:00Z,2026-10-06T16:54:33+00:00
KXNFLSPREAD-26OCT11DENLAC,KXNFLSPREAD,KXNFLSPREAD-26OCT11DENLAC-LAC10,LA Chargers wins by over 9.5 points?,0.1300,0.1500,0.0000,0.00,0.00,active,2026-10-13T20:05:00Z,2026-10-06T16:54:33+00:00
KXNFLSPREAD-26OCT11DENLAC,KXNFLSPREAD,KXNFLSPREAD-26OCT11DENLAC-DEN4,DEN Broncos wins by over 3.5 points?,0.4700,0.4800,0.4800,34964.72,31570.34,active,2026-10-13T20:05:00Z,2026-10-06T16:54:33+00:00
KXNFLSPREAD-26OCT11DENLAC,KXNFLSPREAD,KXNFLSPREAD-26OCT11DENLAC-LAC8,LA Chargers wins by over 7.5 points?,0.1500,0.1700,0.1500,1.16,1.16,active,2026-10-13T20:05:00Z,2026-10-06T16:54:33+00:00
KXNFLSPREAD-26OCT11DENLAC,KXNFLSPREAD,KXNFLSPREAD-26OCT11DENLAC-LAC15,LA Chargers wins by over 14.5 points?,0.0700,0.0800,0.0000,0.00,0.00,active,2026-10-13T20:05:00Z,2026-10-06T16:54:33+00:00
KXNFLSPREAD-26OCT11DENLAC,KXNFLSPREAD,KXNFLSPREAD-26OCT11DENLAC-DEN17,DEN Broncos wins by over 16.5 points?,0.1500,0.1700,0.1700,111.18,111.18,active,2026-10-13T20:05:00Z,2026-10-06T16:54:33+00:00
KXNFLSPREAD-26OCT11DENLAC,KXNFLSPREAD,KXNFLSPREAD-26OCT11DENLAC-LAC11,LA Chargers wins by over 10.5 points?,0.1100,0.1300,0.1300,72.50,72.50,active,2026-10-13T20:05:00Z,2026-10-06T16:54:33+00:00
KXNFLSPREAD-26OCT11DENLAC,KXNFLSPREAD,KXNFLSPREAD-26OCT11DENLAC-DEN10,DEN Broncos wins by over 9.5 points?,0.2800,0.3000,0.2900,2735.36,2735.36,active,2026-10-13T20:05:00Z,2026-10-06T16:54:33+00:00
KXNFLSPREAD-26OCT11DENLAC,KXNFLSPREAD,KXNFLSPREAD-26OCT11DENLAC-DEN21,DEN Broncos wins by over 20.5 points?,0.0900,0.1100,0.1000,441.34,441.34,active,2026-10-13T20:05:00Z,2026-10-06T16:54:33+00:00
KXNFLSPREAD-26OCT11DENLAC,KXNFLSPREAD,KXNFLSPREAD-26OCT11DENLAC-LAC14,LA Chargers wins by over 13.5 points?,0.0800,0.1000,0.0000,0.00,0.00,active,2026-10-13T20:05:00Z,2026-10-06T16:54:33+00:00
KXNFLSPREAD-26OCT11DENLAC,KXNFLSPREAD,KXNFLSPREAD-26OCT11DENLAC-DEN6,DEN Broncos wins by over 5.5 points?,0.4200,0.4300,0.4200,188.02,188.02,active,2026-10-13T20:05:00Z,2026-10-06T16:54:33+00:00
KXNFLSPREAD-26OCT11DENLAC,KXNFLSPREAD,KXNFLSPREAD-26OCT11DENLAC-DEN5,DEN Broncos wins by over 4.5 points?,0.4400,0.4500,0.4400,931.34,737.26,active,2026-10-13T20:05:00Z,2026-10-06T16:54:33+00:00
KXNFLSPREAD-26OCT11DENLAC,KXNFLSPREAD,KXNFLSPREAD-26OCT11DENLAC-DEN14,DEN Broncos wins by over 13.5 points?,0.2100,0.2200,0.2200,1812.69,1812.69,active,2026-10-13T20:05:00Z,2026-10-06T16:54:33+00:00
KXNFLSPREAD-26OCT11DENLAC,KXNFLSPREAD,KXNFLSPREAD-26OCT11DENLAC-DEN7,DEN Broncos wins by over 6.5 points?,0.3900,0.4000,0.4000,62.39,62.00,active,2026-10-13T20:05:00Z,2026-10-06T16:54:33+00:00
KXNFLSPREAD-26OCT11DENLAC,KXNFLSPREAD,KXNFLSPREAD-26OCT11DENLAC-LAC4,LA Chargers wins by over 3.5 points?,0.2600,0.2700,0.0000,0.00,0.00,active,2026-10-13T20:05:00Z,2026-10-06T16:54:33+00:00
KXNFLSPREAD-26OCT11DENLAC,KXNFLSPREAD,KXNFLSPREAD-26OCT11DENLAC-LAC2,LA Chargers wins by over 1.5 points?,0.3400,0.3600,0.0000,0.00,0.00,active,2026-10-13T20:05:00Z,2026-10-06T16:54:33+00:00
KXNFLSPREAD-26OCT11DENLAC,KXNFLSPREAD,KXNFLSPREAD-26OCT11DENLAC-LAC5,LA Chargers wins by over 4.5 points?,0.2300,0.2400,0.0000,0.00,0.00,active,2026-10-13T20:05:00Z,2026-10-06T16:54:33+00:00
KXNFLSPREAD-26OCT11DENLAC,KXNFLSPREAD,KXNFLSPREAD-26OCT11DENLAC-DEN3,DEN Broncos wins by over 2.5 points?,0.5700,0.5800,0.5800,397.46,385.36,active,2026-10-13T20:05:00Z,2026-10-06T16:54:33+00:00
KXNFLSPREAD-26OCT11DENLAC,KXNFLSPREAD,KXNFLSPREAD-26OCT11DENLAC-DEN11,DEN Broncos wins by over 10.5 points?,0.2600,0.2700,0.2600,1386.56,1386.56,active,2026-10-13T20:05:00Z,2026-10-06T16:54:33+00:00
KXNFLSPREAD-26OCT11DENLAC,KXNFLSPREAD,KXNFLSPREAD-26OCT11DENLAC-DEN18,DEN Broncos wins by over 17.5 points?,0.1300,0.1500,0.0000,0.00,0.00,active,2026-10-13T20:05:00Z,2026-10-06T16:54:33+00:00
KXNFLSPREAD-26OCT11DETARI,KXNFLSPREAD,KXNFLSPREAD-26OCT11DETARI-DET18,DET Lions wins by over 17.5 points?,0.1600,0.1700,0.0000,0.00,0.00,active,2026-10-13T20:25:00Z,2026-10-06T16:54:33+00:00
KXNFLSPREAD-26OCT11DETARI,KXNFLSPREAD,KXNFLSPREAD-26OCT11DETARI-DET21,DET Lions wins by over 20.5 points?,0.1200,0.1300,0.0000,0.00,0.00,active,2026-10-13T20:25:00Z,2026-10-06T16:54:33+00:00
KXNFLSPREAD-26OCT11DETARI,KXNFLSPREAD,KXNFLSPREAD-26OCT11DETARI-DET14,DET Lions wins by over 13.5 points?,0.2300,0.2500,0.2300,321.22,286.22,active,2026-10-13T20:25:00Z,2026-10-06T16:54:33+00:00
KXNFLSPREAD-26OCT11DETARI,KXNFLSPREAD,KXNFLSPREAD-26OCT11DETARI-DET8,DET Lions wins by over 7.5 points?,0.3700,0.3800,0.3800,29.60,25.60,active,2026-10-13T20:25:00Z,2026-10-06T16:54:33+00:00
KXNFLSPREAD-26OCT11DETARI,KXNFLSPREAD,KXNFLSPREAD-26OCT11DETARI-DET4,DET Lions wins by over 3.5 points?,0.5300,0.5400,0.5100,22.08,22.08,active,2026-10-13T20:25:00Z,2026-10-06T16:54:33+00:00
KXNFLSPREAD-26OCT11DETARI,KXNFLSPREAD,KXNFLSPREAD-26OCT11DETARI-ARI6,ARI Cardinals wins by over 5.5 points?,0.1600,0.1800,0.0000,0.00,0.00,active,2026-10-13T20:25:00Z,2026-10-06T16:54:33+00:00
KXNFLSPREAD-26OCT11DETARI,KXNFLSPREAD,KXNFLSPREAD-26OCT11DETARI-ARI2,ARI Cardinals wins by over 1.5 points?,0.2800,0.3000,0.3000,36.88,28.88,active,2026-10-13T20:25:00Z,2026-10-06T16:54:33+00:00
KXNFLSPREAD-26OCT11DETARI,KXNFLSPREAD,KXNFLSPREAD-26OCT11DETARI-ARI8,ARI Cardinals wins by over 7.5 points?,0.1100,0.1400,0.0000,0.00,0.00,active,2026-10-13T20:25:00Z,2026-10-06T16:54:33+00:00
KXNFLSPREAD-26OCT11DETARI,KXNFLSPREAD,KXNFLSPREAD-26OCT11DETARI-ARI11,ARI Cardinals wins by over 10.5 points?,0.0800,0.1000,0.0000,0.00,0.00,active,2026-10-13T20:25:00Z,2026-10-06T16:54:33+00:00
KXNFLSPREAD-26OCT11DETARI,KXNFLSPREAD,KXNFLSPREAD-26OCT11DETARI-DET5,DET Lions wins by over 4.5 points?,0.5000,0.5100,0.5000,3238.30,2733.36,active,2026-10-13T20:25:00Z,2026-10-06T16:54:33+00:00
KXNFLSPREAD-26OCT11DETARI,KXNFLSPREAD,KXNFLSPREAD-26OCT11DETARI-ARI4,ARI Cardinals wins by over 3.5 points?,0.2000,0.2100,0.2100,1603.50,1578.00,active,2026-10-13T20:25:00Z,2026-10-06T16:54:33+00:00
KXNFLSPREAD-26OCT11DETARI,KXNFLSPREAD,KXNFLSPREAD-26OCT11DETARI-ARI15,ARI Cardinals wins by over 14.5 points?,0.0500,0.0700,0.0000,0.00,0.00,active,2026-10-13T20:25:00Z,2026-10-06T16:54:33+00:00
KXNFLSPREAD-26OCT11DETARI,KXNFLSPREAD,KXNFLSPREAD-26OCT11DETARI-DET7,DET Lions wins by over 6.5 points?,0.4400,0.4500,0.4400,74.30,74.30,active,2026-10-13T20:25:00Z,2026-10-06T16:54:33+00:00
KXNFLSPREAD-26OCT11DETARI,KXNFLSPREAD,KXNFLSPREAD-26OCT11DETARI-DET17,DET Lions wins by over 16.5 points?,0.1700,0.1900,0.1800,772.00,772.00,active,2026-10-13T20:25:00Z,2026-10-06T16:54:33+00:00
KXNFLSPREAD-26OCT11DETARI,KXNFLSPREAD,KXNFLSPREAD-26OCT11DETARI-DET6,DET Lions wins by over 5.5 points?,0.4700,0.4800,0.4700,381.13,381.13,active,2026-10-13T20:25:00Z,2026-10-06T16:54:33+00:00
KXNFLSPREAD-26OCT11DETARI,KXNFLSPREAD,KXNFLSPREAD-26OCT11DETARI-DET2,DET Lions wins by over 1.5 points?,0.6400,0.6600,0.6600,14.69,14.69,active,2026-10-13T20:25:00Z,2026-10-06T16:54:33+00:00
KXNFLSPREAD-26OCT11DETARI,KXNFLSPREAD,KXNFLSPREAD-26OCT11DETARI-DET3,DET Lions wins by over 2.5 points?,0.6300,0.6400,0.6400,2376.82,2376.82,active,2026-10-13T20:25:00Z,2026-10-06T16:54:33+00:00
KXNFLSPREAD-26OCT11DETARI,KXNFLSPREAD,KXNFLSPREAD-26OCT11DETARI-ARI3,ARI Cardinals wins by over 2.5 points?,0.2600,0.2800,0.2800,115.00,115.00,active,2026-10-13T20:25:00Z,2026-10-06T16:54:33+00:00
KXNFLSPREAD-26OCT11DETARI,KXNFLSPREAD,KXNFLSPREAD-26OCT11DETARI-ARI14,ARI Cardinals wins by over 13.5 points?,0.0600,0.0800,0.0000,0.00,0.00,active,2026-10-13T20:25:00Z,2026-10-06T16:54:33+00:00
KXNFLSPREAD-26OCT11DETARI,KXNFLSPREAD,KXNFLSPREAD-26OCT11DETARI-DET11,DET Lions wins by over 10.5 points?,0.2900,0.3000,0.2900,1100.00,1100.00,active,2026-10-13T20:25:00Z,2026-10-06T16:54:33+00:00
KXNFLSPREAD-26OCT11DETARI,KXNFLSPREAD,KXNFLSPREAD-26OCT11DETARI-ARI10,ARI Cardinals wins by over 9.5 points?,0.0900,0.1200,0.0000,0.00,0.00,active,2026-10-13T20:25:00Z,2026-10-06T16:54:33+00:00
KXNFLSPREAD-26OCT11DETARI,KXNFLSPREAD,KXNFLSPREAD-26OCT11DETARI-DET10,DET Lions wins by over 9.5 points?,0.3200,0.3400,0.0000,0.00,0.00,active,2026-10-13T20:25:00Z,2026-10-06T16:54:33+00:00
KXNFLSPREAD-26OCT11DETARI,KXNFLSPREAD,KXNFLSPREAD-26OCT11DETARI-ARI5,ARI Cardinals wins by over 4.5 points?,0.1800,0.1900,0.1900,13.00,13.00,active,2026-10-13T20:25:00Z,2026-10-06T16:54:33+00:00
KXNFLSPREAD-26OCT11DETARI,KXNFLSPREAD,KXNFLSPREAD-26OCT11DETARI-DET15,DET Lions wins by over 14.5 points?,0.2000,0.2100,0.2100,568.22,520.22,active,2026-10-13T20:25:00Z,2026-10-06T16:54:33+00:00
KXNFLSPREAD-26OCT11DETARI,KXNFLSPREAD,KXNFLSPREAD-26OCT11DETARI-ARI7,ARI Cardinals wins by over 6.5 points?,0.1400,0.1600,0.1600,29.51,29.51,active,2026-10-13T20:25:00Z,2026-10-06T16:54:33+00:00
KXNFLSPREAD-26OCT11HOUTEN,KXNFLSPREAD,KXNFLSPREAD-26OCT11HOUTEN-HOU21,HOU Texans wins by over 20.5 points?,0.1500,0.1600,0.1500,1.14,1.14,active,2026-10-13T17:00:00Z,2026-10-06T16:54:33+00:00
KXNFLSPREAD-26OCT11HOUTEN,KXNFLSPREAD,KXNFLSPREAD-26OCT11HOUTEN-TEN11,TEN Titans wins by over 10.5 points?,0.0600,0.0800,0.0000,0.00,0.00,active,2026-10-13T17:00:00Z,2026-10-06T16:54:33+00:00
KXNFLSPREAD-26OCT11HOUTEN,KXNFLSPREAD,KXNFLSPREAD-26OCT11HOUTEN-TEN14,TEN Titans wins by over 13.5 points?,0.0400,0.0600,0.0000,0.00,0.00,active,2026-10-13T17:00:00Z,2026-10-06T16:54:33+00:00
KXNFLSPREAD-26OCT11HOUTEN,KXNFLSPREAD,KXNFLSPREAD-26OCT11HOUTEN-TEN10,TEN Titans wins by over 9.5 points?,0.0700,0.0900,0.0900,10.00,10.00,active,2026-10-13T17:00:00Z,2026-10-06T16:54:33+00:00
KXNFLSPREAD-26OCT11HOUTEN,KXNFLSPREAD,KXNFLSPREAD-26OCT11HOUTEN-TEN6,TEN Titans wins by over 5.5 points?,0.1400,0.1500,0.0000,0.00,0.00,active,2026-10-13T17:00:00Z,2026-10-06T16:54:33+00:00
KXNFLSPREAD-26OCT11HOUTEN,KXNFLSPREAD,KXNFLSPREAD-26OCT11HOUTEN-HOU14,HOU Texans wins by over 13.5 points?,0.2800,0.3000,0.3000,250.00,250.00,active,2026-10-13T17:00:00Z,2026-10-06T16:54:33+00:00
KXNFLSPREAD-26OCT11HOUTEN,KXNFLSPREAD,KXNFLSPREAD-26OCT11HOUTEN-HOU18,HOU Texans wins by over 17.5 points?,0.1800,0.2100,0.0000,0.00,0.00,active,2026-10-13T17:00:00Z,2026-10-06T16:54:33+00:00
KXNFLSPREAD-26OCT11HOUTEN,KXNFLSPREAD,KXNFLSPREAD-26OCT11HOUTEN-HOU11,HOU Texans wins by over 10.5 points?,0.3600,0.3800,0.3800,72.08,72.08,active,2026-10-13T17:00:00Z,2026-10-06T16:54:33+00:00
KXNFLSPREAD-26OCT11HOUTEN,KXNFLSPREAD,KXNFLSPREAD-26OCT11HOUTEN-HOU8,HOU Texans wins by over 7.5 points?,0.4500,0.4600,0.4600,14663.47,14543.93,active,2026-10-13T17:00:00Z,2026-10-06T16:54:33+00:00
KXNFLSPREAD-26OCT11HOUTEN,KXNFLSPREAD,KXNFLSPREAD-26OCT11HOUTEN-HOU10,HOU Texans wins by over 9.5 points?,0.4000,0.4100,0.4000,172.00,172.00,active,2026-10-13T17:00:00Z,2026-10-06T16:54:33+00:00
KXNFLSPREAD-26OCT11HOUTEN,KXNFLSPREAD,KXNFLSPREAD-26OCT11HOUTEN-HOU24,HOU Texans wins by over 23.5 points?,0.1000,0.1100,0.1000,69.32,69.32,active,2026-10-13T17:00:00Z,2026-10-06T16:54:33+00:00
KXNFLSPREAD-26OCT11HOUTEN,KXNFLSPREAD,KXNFLSPREAD-26OCT11HOUTEN-HOU2,HOU Texans wins by over 1.5 points?,0.7000,0.7200,0.6900,5.00,5.00,active,2026-10-13T17:00:00Z,2026-10-06T16:54:33+00:00
KXNFLSPREAD-26OCT11HOUTEN,KXNFLSPREAD,KXNFLSPREAD-26OCT11HOUTEN-HOU3,HOU Texans wins by over 2.5 points?,0.6800,0.7000,0.7000,18.99,18.99,active,2026-10-13T17:00:00Z,2026-10-06T16:54:33+00:00
KXNFLSPREAD-26OCT11HOUTEN,KXNFLSPREAD,KXNFLSPREAD-26OCT11HOUTEN-HOU7,HOU Texans wins by over 6.5 points?,0.5300,0.5400,0.5400,17673.07,17126.63,active,2026-10-13T17:00:00Z,2026-10-06T16:54:33+00:00
KXNFLSPREAD-26OCT11HOUTEN,KXNFLSPREAD,KXNFLSPREAD-26OCT11HOUTEN-TEN5,TEN Titans wins by over 4.5 points?,0.1500,0.1600,0.0000,0.00,0.00,active,2026-10-13T17:00:00Z,2026-10-06T16:54:33+00:00
KXNFLSPREAD-26OCT11HOUTEN,KXNFLSPREAD,KXNFLSPREAD-26OCT11HOUTEN-HOU4,HOU Texans wins by over 3.5 points?,0.6000,0.6200,0.0000,0.00,0.00,active,2026-10-13T17:00:00Z,2026-10-06T16:54:33+00:00
KXNFLSPREAD-26OCT11HOUTEN,KXNFLSPREAD,KXNFLSPREAD-26OCT11HOUTEN-HOU6,HOU Texans wins by over 5.5 points?,0.5600,0.5700,0.5700,44.92,44.92,active,2026-10-13T17:00:00Z,2026-10-06T16:54:33+00:00
KXNFLSPREAD-26OCT11HOUTEN,KXNFLSPREAD,KXNFLSPREAD-26OCT11HOUTEN-TEN3,TEN Titans wins by over 2.5 points?,0.2200,0.2400,0.2300,37.12,37.12,active,2026-10-13T17:00:00Z,2026-10-06T16:54:33+00:00
KXNFLSPREAD-26OCT11HOUTEN,KXNFLSPREAD,KXNFLSPREAD-26OCT11HOUTEN-TEN15,TEN Titans wins by over 14.5 points?,0.0400,0.0600,0.0000,0.00,0.00,active,2026-10-13T17:00:00Z,2026-10-06T16:54:33+00:00
KXNFLSPREAD-26OCT11HOUTEN,KXNFLSPREAD,KXNFLSPREAD-26OCT11HOUTEN-HOU5,HOU Texans wins by over 4.5 points?,0.5700,0.6000,0.5900,0.41,0.41,active,2026-10-13T17:00:00Z,2026-10-06T16:54:33+00:00
KXNFLSPREAD-26OCT11HOUTEN,KXNFLSPREAD,KXNFLSPREAD-26OCT11HOUTEN-HOU15,HOU Texans wins by over 14.5 points?,0.2400,0.2500,0.2500,6442.77,3227.00,active,2026-10-13T17:00:00Z,2026-10-06T16:54:33+00:00
KXNFLSPREAD-26OCT11HOUTEN,KXNFLSPREAD,KXNFLSPREAD-26OCT11HOUTEN-HOU17,HOU Texans wins by over 16.5 points?,0.2100,0.2300,0.2300,503.00,503.00,active,2026-10-13T17:00:00Z,2026-10-06T16:54:33+00:00
KXNFLSPREAD-26OCT11HOUTEN,KXNFLSPREAD,KXNFLSPREAD-26OCT11HOUTEN-HOU28,HOU Texans wins by over 27.5 points?,0.0600,0.0700,0.0000,0.00,0.00,active,2026-10-13T17:00:00Z,2026-10-06T16:54:33+00:00
KXNFLSPREAD-26OCT11HOUTEN,KXNFLSPREAD,KXNFLSPREAD-26OCT11HOUTEN-TEN7,TEN Titans wins by over 6.5 points?,0.1200,0.1400,0.0000,0.00,0.00,active,2026-10-13T17:00:00Z,2026-10-06T16:54:33+00:00
KXNFLSPREAD-26OCT11HOUTEN,KXNFLSPREAD,KXNFLSPREAD-26OCT11HOUTEN-TEN2,TEN Titans wins by over 1.5 points?,0.2300,0.2500,0.2500,23.45,23.45,active,2026-10-13T17:00:00Z,2026-10-06T16:54:33+00:00
KXNFLSPREAD-26OCT11HOUTEN,KXNFLSPREAD,KXNFLSPREAD-26OCT11HOUTEN-TEN4,TEN Titans wins by over 3.5 points?,0.1700,0.1900,0.1900,4.00,4.00,active,2026-10-13T17:00:00Z,2026-10-06T16:54:33+00:00
KXNFLSPREAD-26OCT11HOUTEN,KXNFLSPREAD,KXNFLSPREAD-26OCT11HOUTEN-TEN8,TEN Titans wins by over 7.5 points?,0.1000,0.1100,0.1000,29.08,29.08,active,2026-10-13T17:00:00Z,2026-10-06T16:54:33+00:00
KXNFLSPREAD-26OCT11INDPIT,KXNFLSPREAD,KXNFLSPREAD-26OCT11INDPIT-IND4,IND Colts wins by over 3.5 points?,0.3100,0.3300,0.3100,6.00,6.00,active,2026-10-13T17:00:00Z,2026-10-06T16:54:33+00:00
KXNFLSPREAD-26OCT11INDPIT,KXNFLSPREAD,KXNFLSPREAD-26OCT11INDPIT-PIT6,PIT Steelers wins by over 5.5 points?,0.3800,0.3900,0.3700,1794.00,1724.00,active,2026-10-13T17:00:00Z,2026-10-06T16:54:33+00:00
KXNFLSPREAD-26OCT11INDPIT,KXNFLSPREAD,KXNFLSPREAD-26OCT11INDPIT-PIT5,PIT Steelers wins by over 4.5 points?,0.4000,0.4100,0.3800,1702.00,1702.00,active,2026-10-13T17:00:00Z,2026-10-06T16:54:33+00:00
KXNFLSPREAD-26OCT11INDPIT,KXNFLSPREAD,KXNFLSPREAD-26OCT11INDPIT-PIT2,PIT Steelers wins by over 1.5 points?,0.5300,0.5400,0.5300,715.46,715.46,active,2026-10-13T17:00:00Z,2026-10-06T16:54:33+00:00
KXNFLSPREAD-26OCT11INDPIT,KXNFLSPREAD,KXNFLSPREAD-26OCT11INDPIT-IND2,IND Colts wins by over 1.5 points?,0.4000,0.4200,0.0000,0.00,0.00,active,2026-10-13T17:00:00Z,2026-10-06T16:54:33+00:00
KXNFLSPREAD-26OCT11INDPIT,KXNFLSPREAD,KXNFLSPREAD-26OCT11INDPIT-IND15,IND Colts wins by over 14.5 points?,0.0900,0.1100,0.0000,0.00,0.00,active,2026-10-13T17:00:00Z,2026-10-06T16:54:33+00:00
KXNFLSPREAD-26OCT11INDPIT,KXNFLSPREAD,KXNFLSPREAD-26OCT11INDPIT-PIT11,PIT Steelers wins by over 10.5 points?,0.2200,0.2300,0.2000,3411.00,3411.00,active,2026-10-13T17:00:00Z,2026-10-06T16:54:33+00:00
KXNFLSPREAD-26OCT11INDPIT,KXNFLSPREAD,KXNFLSPREAD-26OCT11INDPIT-IND5,IND Colts wins by over 4.5 points?,0.2700,0.3000,0.0000,0.00,0.00,active,2026-10-13T17:00:00Z,2026-10-06T16:54:33+00:00
KXNFLSPREAD-26OCT11INDPIT,KXNFLSPREAD,KXNFLSPREAD-26OCT11INDPIT-IND8,IND Colts wins by over 7.5 points?,0.1900,0.2100,0.0000,0.00,0.00,active,2026-10-13T17:00:00Z,2026-10-06T16:54:33+00:00
KXNFLSPREAD-26OCT11INDPIT,KXNFLSPREAD,KXNFLSPREAD-26OCT11INDPIT-PIT7,PIT Steelers wins by over 6.5 points?,0.3300,0.3400,0.3200,2705.00,2705.00,active,2026-10-13T17:00:00Z,2026-10-06T16:54:33+00:00
KXNFLSPREAD-26OCT11INDPIT,KXNFLSPREAD,KXNFLSPREAD-26OCT11INDPIT-PIT21,PIT Steelers wins by over 20.5 points?,0.0800,0.0900,0.0800,114.00,114.00,active,2026-10-13T17:00:00Z,2026-10-06T16:54:33+00:00
KXNFLSPREAD-26OCT11INDPIT,KXNFLSPREAD,KXNFLSPREAD-26OCT11INDPIT-IND11,IND Colts wins by over 10.5 points?,0.1400,0.1600,0.0000,0.00,0.00,active,2026-10-13T17:00:00Z,2026-10-06T16:54:33+00:00
KXNFLSPREAD-26OCT11INDPIT,KXNFLSPREAD,KXNFLSPREAD-26OCT11INDPIT-IND10,IND Colts wins by over 9.5 points?,0.1600,0.1900,0.0000,0.00,0.00,active,2026-10-13T17:00:00Z,2026-10-06T16:54:33+00:00
KXNFLSPREAD-26OCT11INDPIT,KXNFLSPREAD,KXNFLSPREAD-26OCT11INDPIT-PIT8,PIT Steelers wins by over 7.5 points?,0.2800,0.2900,0.2900,128844.32,128754.32,active,2026-10-13T17:00:00Z,2026-10-06T16:54:33+00:00
KXNFLSPREAD-26OCT11INDPIT,KXNFLSPREAD,KXNFLSPREAD-26OCT11INDPIT-IND14,IND Colts wins by over 13.5 points?,0.1100,0.1200,0.0000,0.00,0.00,active,2026-10-13T17:00:00Z,2026-10-06T16:54:33+00:00
KXNFLSPREAD-26OCT11INDPIT,KXNFLSPREAD,KXNFLSPREAD-26OCT11INDPIT-PIT14,PIT Steelers wins by over 13.5 points?,0.1800,0.1900,0.1900,2303.00,1814.00,active,2026-10-13T17:00:00Z,2026-10-06T16:54:33+00:00
KXNFLSPREAD-26OCT11INDPIT,KXNFLSPREAD,KXNFLSPREAD-26OCT11INDPIT-PIT15,PIT Steelers wins by over 14.5 points?,0.1600,0.1700,0.1600,827.77,827.77,active,2026-10-13T17:00:00Z,2026-10-06T16:54:33+00:00
KXNFLSPREAD-26OCT11INDPIT,KXNFLSPREAD,KXNFLSPREAD-26OCT11INDPIT-PIT4,PIT Steelers wins by over 3.5 points?,0.4300,0.4400,0.4200,592.38,557.38,active,2026-10-13T17:00:00Z,2026-10-06T16:54:33+00:00
KXNFLSPREAD-26OCT11INDPIT,KXNFLSPREAD,KXNFLSPREAD-26OCT11INDPIT-PIT18,PIT Steelers wins by over 17.5 points?,0.1200,0.1300,0.1200,7105.20,6995.20,active,2026-10-13T17:00:00Z,2026-10-06T16:54:33+00:00
KXNFLSPREAD-26OCT11INDPIT,KXNFLSPREAD,KXNFLSPREAD-26OCT11INDPIT-IND6,IND Colts wins by over 5.5 points?,0.2600,0.2800,0.0000,0.00,0.00,active,2026-10-13T17:00:00Z,2026-10-06T16:54:33+00:00
KXNFLSPREAD-26OCT11INDPIT,KXNFLSPREAD,KXNFLSPREAD-26OCT11INDPIT-PIT10,PIT Steelers wins by over 9.5 points?,0.2500,0.2600,0.2500,4779.67,2486.67,active,2026-10-13T17:00:00Z,2026-10-06T16:54:33+00:00
KXNFLSPREAD-26OCT11INDPIT,KXNFLSPREAD,KXNFLSPREAD-26OCT11INDPIT-PIT17,PIT Steelers wins by over 16.5 points?,0.1400,0.1500,0.1400,550.00,531.00,active,2026-10-13T17:00:00Z,2026-10-06T16:54:33+00:00
KXNFLSPREAD-26OCT11INDPIT,KXNFLSPREAD,KXNFLSPREAD-26OCT11INDPIT-IND3,IND Colts wins by over 2.5 points?,0.3900,0.4000,0.4100,4.68,4.68,active,2026-10-13T17:00:00Z,2026-10-06T16:54:33+00:00
KXNFLSPREAD-26OCT11INDPIT,KXNFLSPREAD,KXNFLSPREAD-26OCT11INDPIT-IND7,IND Colts wins by over 6.5 points?,0.2300,0.2400,0.2400,1808.00,1808.00,active,2026-10-13T17:00:00Z,2026-10-06T16:54:33+00:00
KXNFLSPREAD-26OCT11INDPIT,KXNFLSPREAD,KXNFLSPREAD-26OCT11INDPIT-PIT3,PIT Steelers wins by over 2.5 points?,0.5100,0.5200,0.5200,9428.47,8373.67,active,2026-10-13T17:00:00Z,2026-10-06T16:54:33+00:00
KXNFLSPREAD-26OCT11LVNE,KXNFLSPREAD,KXNFLSPREAD-26OCT11LVNE-NE3,NE Patriots wins by over 2.5 points?,0.5900,0.6000,0.6000,416.50,383.06,active,2026-10-13T17:00:00Z,2026-10-06T16:54:33+00:00
KXNFLSPREAD-26OCT11LVNE,KXNFLSPREAD,KXNFLSPREAD-26OCT11LVNE-LV6,LV Raiders wins by over 5.5 points?,0.2100,0.2200,0.2100,246.09,246.09,active,2026-10-13T17:00:00Z,2026-10-06T16:54:33+00:00
KXNFLSPREAD-26OCT11LVNE,KXNFLSPREAD,KXNFLSPREAD-26OCT11LVNE-LV7,LV Raiders wins by over 6.5 points?,0.1800,0.1900,0.1900,186.62,186.62,active,2026-10-13T17:00:00Z,2026-10-06T16:54:33+00:00
KXNFLSPREAD-26OCT11LVNE,KXNFLSPREAD,KXNFLSPREAD-26OCT11LVNE-LV5,LV Raiders wins by over 4.5 points?,0.2200,0.2300,0.2300,1345.12,1345.12,active,2026-10-13T17:00:00Z,2026-10-06T16:54:33+00:00
KXNFLSPREAD-26OCT11LVNE,KXNFLSPREAD,KXNFLSPREAD-26OCT11LVNE-NE21,NE Patriots wins by over 20.5 points?,0.1100,0.1200,0.1100,616.00,508.00,active,2026-10-13T17:00:00Z,2026-10-06T16:54:33+00:00
KXNFLSPREAD-26OCT11LVNE,KXNFLSPREAD,KXNFLSPREAD-26OCT11LVNE-LV2,LV Raiders wins by over 1.5 points?,0.3400,0.3500,0.3400,599.90,599.90,active,2026-10-13T17:00:00Z,2026-10-06T16:54:33+00:00
KXNFLSPREAD-26OCT11LVNE,KXNFLSPREAD,KXNFLSPREAD-26OCT11LVNE-NE11,NE Patriots wins by over 10.5 points?,0.2700,0.2800,0.0000,0.00,0.00,active,2026-10-13T17:00:00Z,2026-10-06T16:54:33+00:00
KXNFLSPREAD-26OCT11LVNE,KXNFLSPREAD,KXNFLSPREAD-26OCT11LVNE-NE10,NE Patriots wins by over 9.5 points?,0.3000,0.3200,0.3200,104.40,104.40,active,2026-10-13T17:00:00Z,2026-10-06T16:54:33+00:00
KXNFLSPREAD-26OCT11LVNE,KXNFLSPREAD,KXNFLSPREAD-26OCT11LVNE-LV14,LV Raiders wins by over 13.5 points?,0.0900,0.1000,0.0800,1497.39,1497.39,active,2026-10-13T17:00:00Z,2026-10-06T16:54:33+00:00
KXNFLSPREAD-26OCT11LVNE,KXNFLSPREAD,KXNFLSPREAD-26OCT11LVNE-NE2,NE Patriots wins by over 1.5 points?,0.6000,0.6200,0.6000,203.78,23.78,active,2026-10-13T17:00:00Z,2026-10-06T16:54:33+00:00
KXNFLSPREAD-26OCT11LVNE,KXNFLSPREAD,KXNFLSPREAD-26OCT11LVNE-LV15,LV Raiders wins by over 14.5 points?,0.0600,0.0700,0.0700,10.00,10.00,active,2026-10-13T17:00:00Z,2026-10-06T16:54:33+00:00
KXNFLSPREAD-26OCT11LVNE,KXNFLSPREAD,KXNFLSPREAD-26OCT11LVNE-NE15,NE Patriots wins by over 14.5 points?,0.2000,0.2100,0.1900,101.00,35.00,active,2026-10-13T17:00:00Z,2026-10-06T16:54:33+00:00
KXNFLSPREAD-26OCT11LVNE,KXNFLSPREAD,KXNFLSPREAD-26OCT11LVNE-NE18,NE Patriots wins by over 17.5 points?,0.1400,0.1600,0.0000,0.00,0.00,active,2026-10-13T17:00:00Z,2026-10-06T16:54:33+00:00
KXNFLSPREAD-26OCT11LVNE,KXNFLSPREAD,KXNFLSPREAD-26OCT11LVNE-NE5,NE Patriots wins by over 4.5 points?,0.4600,0.4800,0.4600,2466.87,2045.64,active,2026-10-13T17:00:00Z,2026-10-06T16:54:33+00:00
KXNFLSPREAD-26OCT11LVNE,KXNFLSPREAD,KXNFLSPREAD-26OCT11LVNE-LV11,LV Raiders wins by over 10.5 points?,0.1000,0.1100,0.1100,25.00,25.00,active,2026-10-13T17:00:00Z,2026-10-06T16:54:33+00:00
KXNFLSPREAD-26OCT11LVNE,KXNFLSPREAD,KXNFLSPREAD-26OCT11LVNE-LV3,LV Raiders wins by over 2.5 points?,0.3100,0.3200,0.3200,499.19,499.19,active,2026-10-13T17:00:00Z,2026-10-06T16:54:33+00:00
KXNFLSPREAD-26OCT11LVNE,KXNFLSPREAD,KXNFLSPREAD-26OCT11LVNE-NE4,NE Patriots wins by over 3.5 points?,0.5000,0.5100,0.5000,15366.46,13001.99,active,2026-10-13T17:00:00Z,2026-10-06T16:54:33+00:00
KXNFLSPREAD-26OCT11LVNE,KXNFLSPREAD,KXNFLSPREAD-26OCT11LVNE-NE14,NE Patriots wins by over 13.5 points?,0.2200,0.2400,0.2400,100.75,100.75,active,2026-10-13T17:00:00Z,2026-10-06T16:54:33+00:00
KXNFLSPREAD-26OCT11LVNE,KXNFLSPREAD,KXNFLSPREAD-26OCT11LVNE-NE8,NE Patriots wins by over 7.5 points?,0.3400,0.3500,0.3400,32.17,32.17,active,2026-10-13T17:00:00Z,2026-10-06T16:54:33+00:00
KXNFLSPREAD-26OCT11LVNE,KXNFLSPREAD,KXNFLSPREAD-26OCT11LVNE-NE6,NE Patriots wins by over 5.5 points?,0.4300,0.4500,0.4400,127.43,127.43,active,2026-10-13T17:00:00Z,2026-10-06T16:54:33+00:00
KXNFLSPREAD-26OCT11LVNE,KXNFLSPREAD,KXNFLSPREAD-26OCT11LVNE-LV8,LV Raiders wins by over 7.5 points?,0.1400,0.1500,0.1400,1599.97,1599.97,active,2026-10-13T17:00:00Z,2026-10-06T16:54:33+00:00
KXNFLSPREAD-26OCT11LVNE,KXNFLSPREAD,KXNFLSPREAD-26OCT11LVNE-NE17,NE Patriots wins by over 16.5 points?,0.1600,0.1800,0.0000,0.00,0.00,active,2026-10-13T17:00:00Z,2026-10-06T16:54:33+00:00
KXNFLSPREAD-26OCT11LVNE,KXNFLSPREAD,KXNFLSPREAD-26OCT11LVNE-NE7,NE Patriots wins by over 6.5 points?,0.4000,0.4200,0.4200,467.25,432.25,active,2026-10-13T17:00:00Z,2026-10-06T16:54:33+00:00
KXNFLSPREAD-26OCT11LVNE,KXNFLSPREAD,KXNFLSPREAD-26OCT11LVNE-LV10,LV Raiders wins by over 9.5 points?,0.1200,0.1300,0.1300,727.41,692.41,active,2026-10-13T17:00:00Z,2026-10-06T16:54:33+00:00
KXNFLSPREAD-26OCT11LVNE,KXNFLSPREAD,KXNFLSPREAD-26OCT11LVNE-LV4,LV Raiders wins by over 3.5 points?,0.2500,0.2600,0.2600,350.53,350.53,active,2026-10-13T17:00:00Z,2026-10-06T16:54:33+00:00
KXNFLSPREAD-26OCT11MINNO,KXNFLSPREAD,KXNFLSPREAD-26OCT11MINNO-MIN17,MIN Vikings wins by over 16.5 points?,0.1100,0.1300,0.1100,500.00,500.00,active,2026-10-13T17:00:00Z,2026-10-06T16:54:33+00:00
KXNFLSPREAD-26OCT11MINNO,KXNFLSPREAD,KXNFLSPREAD-26OCT11MINNO-NO6,NOLA Saints wins by over 5.5 points?,0.2900,0.3000,0.2800,1732.00,1732.00,active,2026-10-13T17:00:00Z,2026-10-06T16:54:33+00:00
KXNFLSPREAD-26OCT11MINNO,KXNFLSPREAD,KXNFLSPREAD-26OCT11MINNO-MIN14,MIN Vikings wins by over 13.5 points?,0.1700,0.1800,0.1800,1439.64,1439.64,active,2026-10-13T17:00:00Z,2026-10-06T16:54:33+00:00
KXNFLSPREAD-26OCT11MINNO,KXNFLSPREAD,KXNFLSPREAD-26OCT11MINNO-NO15,NOLA Saints wins by over 14.5 points?,0.1100,0.1200,0.1000,1239.00,1239.00,active,2026-10-13T17:00:00Z,2026-10-06T16:54:33+00:00
KXNFLSPREAD-26OCT11MINNO,KXNFLSPREAD,KXNFLSPREAD-26OCT11MINNO-NO14,NOLA Saints wins by over 13.5 points?,0.1200,0.1300,0.1300,100.00,100.00,active,2026-10-13T17:00:00Z,2026-10-06T16:54:33+00:00
KXNFLSPREAD-26OCT11MINNO,KXNFLSPREAD,KXNFLSPREAD-26OCT11MINNO-NO17,NOLA Saints wins by over 16.5 points?,0.0800,0.0900,0.0800,1300.00,1300.00,active,2026-10-13T17:00:00Z,2026-10-06T16:54:33+00:00
KXNFLSPREAD-26OCT11MINNO,KXNFLSPREAD,KXNFLSPREAD-26OCT11MINNO-MIN4,MIN Vikings wins by over 3.5 points?,0.4000,0.4100,0.4000,1023.56,832.72,active,2026-10-13T17:00:00Z,2026-10-06T16:54:33+00:00
KXNFLSPREAD-26OCT11MINNO,KXNFLSPREAD,KXNFLSPREAD-26OCT11MINNO-MIN6,MIN Vikings wins by over 5.5 points?,0.3600,0.3700,0.3600,99.30,99.30,active,2026-10-13T17:00:00Z,2026-10-06T16:54:33+00:00
KXNFLSPREAD-26OCT11MINNO,KXNFLSPREAD,KXNFLSPREAD-26OCT11MINNO-NO4,NOLA Saints wins by over 3.5 points?,0.3300,0.3500,0.3300,139.48,139.48,active,2026-10-13T17:00:00Z,2026-10-06T16:54:33+00:00
KXNFLSPREAD-26OCT11MINNO,KXNFLSPREAD,KXNFLSPREAD-26OCT11MINNO-MIN11,MIN Vikings wins by over 10.5 points?,0.2000,0.2200,0.2000,1108.00,1108.00,active,2026-10-13T17:00:00Z,2026-10-06T16:54:33+00:00
KXNFLSPREAD-26OCT11MINNO,KXNFLSPREAD,KXNFLSPREAD-26OCT11MINNO-MIN10,MIN Vikings wins by over 9.5 points?,0.2400,0.2500,0.2300,1484.34,1297.24,active,2026-10-13T17:00:00Z,2026-10-06T16:54:33+00:00
KXNFLSPREAD-26OCT11MINNO,KXNFLSPREAD,KXNFLSPREAD-26OCT11MINNO-MIN15,MIN Vikings wins by over 14.5 points?,0.1400,0.1500,0.1400,533.00,533.00,active,2026-10-13T17:00:00Z,2026-10-06T16:54:33+00:00
KXNFLSPREAD-26OCT11MINNO,KXNFLSPREAD,KXNFLSPREAD-26OCT11MINNO-MIN3,MIN Vikings wins by over 2.5 points?,0.4800,0.4900,0.4900,9280.37,8467.37,active,2026-10-13T17:00:00Z,2026-10-06T16:54:33+00:00
KXNFLSPREAD-26OCT11MINNO,KXNFLSPREAD,KXNFLSPREAD-26OCT11MINNO-NO10,NOLA Saints wins by over 9.5 points?,0.1700,0.1800,0.1900,100.00,100.00,active,2026-10-13T17:00:00Z,2026-10-06T16:54:33+00:00
KXNFLSPREAD-26OCT11MINNO,KXNFLSPREAD,KXNFLSPREAD-26OCT11MINNO-NO3,NOLA Saints wins by over 2.5 points?,0.4000,0.4100,0.4100,126.46,126.46,active,2026-10-13T17:00:00Z,2026-10-06T16:54:33+00:00
KXNFLSPREAD-26OCT11MINNO,KXNFLSPREAD,KXNFLSPREAD-26OCT11MINNO-NO5,NOLA Saints wins by over 4.5 points?,0.3000,0.3100,0.3200,100.00,100.00,active,2026-10-13T17:00:00Z,2026-10-06T16:54:33+00:00
KXNFLSPREAD-26OCT11MINNO,KXNFLSPREAD,KXNFLSPREAD-26OCT11MINNO-NO7,NOLA Saints wins by over 6.5 points?,0.2500,0.2600,0.2800,126.01,126.01,active,2026-10-13T17:00:00Z,2026-10-06T16:54:33+00:00
KXNFLSPREAD-26OCT11MINNO,KXNFLSPREAD,KXNFLSPREAD-26OCT11MINNO-MIN5,MIN Vikings wins by over 4.5 points?,0.3800,0.3900,0.3800,2291.91,1938.91,active,2026-10-13T17:00:00Z,2026-10-06T16:54:33+00:00
KXNFLSPREAD-26OCT11MINNO,KXNFLSPREAD,KXNFLSPREAD-26OCT11MINNO-NO11,NOLA Saints wins by over 10.5 points?,0.1500,0.1600,0.1600,100.00,100.00,active,2026-10-13T17:00:00Z,2026-10-06T16:54:33+00:00
KXNFLSPREAD-26OCT11MINNO,KXNFLSPREAD,KXNFLSPREAD-26OCT11MINNO-MIN8,MIN Vikings wins by over 7.5 points?,0.2600,0.2700,0.2600,2559.11,2545.11,active,2026-10-13T17:00:00Z,2026-10-06T16:54:33+00:00
KXNFLSPREAD-26OCT11MINNO,KXNFLSPREAD,KXNFLSPREAD-26OCT11MINNO-MIN2,MIN Vikings wins by over 1.5 points?,0.5200,0.5300,0.5300,10252.69,8924.40,active,2026-10-13T17:00:00Z,2026-10-06T16:54:33+00:00
KXNFLSPREAD-26OCT11MINNO,KXNFLSPREAD,KXNFLSPREAD-26OCT11MINNO-NO2,NOLA Saints wins by over 1.5 points?,0.4200,0.4300,0.4100,143.13,89.77,active,2026-10-13T17:00:00Z,2026-10-06T16:54:33+00:00
KXNFLSPREAD-26OCT11MINNO,KXNFLSPREAD,KXNFLSPREAD-26OCT11MINNO-NO8,NOLA Saints wins by over 7.5 points?,0.2100,0.2200,0.2000,396.33,390.33,active,2026-10-13T17:00:00Z,2026-10-06T16:54:33+00:00
KXNFLSPREAD-26OCT11MINNO,KXNFLSPREAD,KXNFLSPREAD-26OCT11MINNO-MIN7,MIN Vikings wins by over 6.5 points?,0.3100,0.3200,0.3200,178.98,178.98,active,2026-10-13T17:00:00Z,2026-10-06T16:54:33+00:00
KXNFLSPREAD-26OCT11NYGWAS,KXNFLSPREAD,KXNFLSPREAD-26OCT11NYGWAS-WAS17,WAS Commanders wins by over 16.5 points?,0.1500,0.1700,0.1800,631.06,631.06,active,2026-10-13T17:00:00Z,2026-10-06T16:54:33+00:00
KXNFLSPREAD-26OCT11NYGWAS,KXNFLSPREAD,KXNFLSPREAD-26OCT11NYGWAS-NYG5,NY Giants wins by over 4.5 points?,0.2300,0.2400,0.2200,5391.81,5316.76,active,2026-10-13T17:00:00Z,2026-10-06T16:54:33+00:00
KXNFLSPREAD-26OCT11NYGWAS,KXNFLSPREAD,KXNFLSPREAD-26OCT11NYGWAS-WAS10,WAS Commanders wins by over 9.5 points?,0.2900,0.3100,0.2800,7.56,7.56,active,2026-10-13T17:00:00Z,2026-10-06T16:54:33+00:00
KXNFLSPREAD-26OCT11NYGWAS,KXNFLSPREAD,KXNFLSPREAD-26OCT11NYGWAS-NYG6,NY Giants wins by over 5.5 points?,0.2200,0.2300,0.2000,3745.00,3745.00,active,2026-10-13T17:00:00Z,2026-10-06T16:54:33+00:00
KXNFLSPREAD-26OCT11NYGWAS,KXNFLSPREAD,KXNFLSPREAD-26OCT11NYGWAS-NYG10,NY Giants wins by over 9.5 points?,0.1300,0.1400,0.1300,766.41,766.41,active,2026-10-13T17:00:00Z,2026-10-06T16:54:33+00:00
KXNFLSPREAD-26OCT11NYGWAS,KXNFLSPREAD,KXNFLSPREAD-26OCT11NYGWAS-NYG11,NY Giants wins by over 10.5 points?,0.1100,0.1200,0.0000,0.00,0.00,active,2026-10-13T17:00:00Z,2026-10-06T16:54:33+00:00
KXNFLSPREAD-26OCT11NYGWAS,KXNFLSPREAD,KXNFLSPREAD-26OCT11NYGWAS-WAS2,WAS Commanders wins by over 1.5 points?,0.5900,0.6000,0.6000,7.00,7.00,active,2026-10-13T17:00:00Z,2026-10-06T16:54:33+00:00
KXNFLSPREAD-26OCT11NYGWAS,KXNFLSPREAD,KXNFLSPREAD-26OCT11NYGWAS-NYG8,NY Giants wins by over 7.5 points?,0.1500,0.1600,0.1500,29.00,29.00,active,2026-10-13T17:00:00Z,2026-10-06T16:54:33+00:00
KXNFLSPREAD-26OCT11NYGWAS,KXNFLSPREAD,KXNFLSPREAD-26OCT11NYGWAS-WAS6,WAS Commanders wins by over 5.5 points?,0.4200,0.4400,0.4400,2672.00,2506.00,active,2026-10-13T17:00:00Z,2026-10-06T16:54:33+00:00
KXNFLSPREAD-26OCT11NYGWAS,KXNFLSPREAD,KXNFLSPREAD-26OCT11NYGWAS-WAS18,WAS Commanders wins by over 17.5 points?,0.1300,0.1500,0.1300,209.00,209.00,active,2026-10-13T17:00:00Z,2026-10-06T16:54:33+00:00
KXNFLSPREAD-26OCT11NYGWAS,KXNFLSPREAD,KXNFLSPREAD-26OCT11NYGWAS-WAS11,WAS Commanders wins by over 10.5 points?,0.2600,0.2700,0.2600,1180.00,1000.00,active,2026-10-13T17:00:00Z,2026-10-06T16:54:33+00:00
KXNFLSPREAD-26OCT11NYGWAS,KXNFLSPREAD,KXNFLSPREAD-26OCT11NYGWAS-WAS15,WAS Commanders wins by over 14.5 points?,0.1800,0.1900,0.2100,310.56,310.56,active,2026-10-13T17:00:00Z,2026-10-06T16:54:33+00:00
KXNFLSPREAD-26OCT11NYGWAS,KXNFLSPREAD,KXNFLSPREAD-26OCT11NYGWAS-NYG2,NY Giants wins by over 1.5 points?,0.3400,0.3600,0.3300,1203.51,1182.88,active,2026-10-13T17:00:00Z,2026-10-06T16:54:33+00:00
KXNFLSPREAD-26OCT11NYGWAS,KXNFLSPREAD,KXNFLSPREAD-26OCT11NYGWAS-WAS3,WAS Commanders wins by over 2.5 points?,0.5700,0.5800,0.5700,1054.88,562.34,active,2026-10-13T17:00:00Z,2026-10-06T16:54:33+00:00
KXNFLSPREAD-26OCT11NYGWAS,KXNFLSPREAD,KXNFLSPREAD-26OCT11NYGWAS-NYG14,NY Giants wins by over 13.5 points?,0.0800,0.0900,0.0000,0.00,0.00,active,2026-10-13T17:00:00Z,2026-10-06T16:54:33+00:00
KXNFLSPREAD-26OCT11NYGWAS,KXNFLSPREAD,KXNFLSPREAD-26OCT11NYGWAS-WAS21,WAS Commanders wins by over 20.5 points?,0.1000,0.1100,0.1200,90.15,90.15,active,2026-10-13T17:00:00Z,2026-10-06T16:54:33+00:00
KXNFLSPREAD-26OCT11NYGWAS,KXNFLSPREAD,KXNFLSPREAD-26OCT11NYGWAS-NYG3,NY Giants wins by over 2.5 points?,0.3200,0.3400,0.3100,377.95,342.95,active,2026-10-13T17:00:00Z,2026-10-06T16:54:33+00:00
KXNFLSPREAD-26OCT11NYGWAS,KXNFLSPREAD,KXNFLSPREAD-26OCT11NYGWAS-NYG7,NY Giants wins by over 6.5 points?,0.1900,0.2000,0.2000,2364.34,1843.34,active,2026-10-13T17:00:00Z,2026-10-06T16:54:33+00:00
KXNFLSPREAD-26OCT11NYGWAS,KXNFLSPREAD,KXNFLSPREAD-26OCT11NYGWAS-NYG4,NY Giants wins by over 3.5 points?,0.2600,0.2700,0.2500,2914.45,1574.78,active,2026-10-13T17:00:00Z,2026-10-06T16:54:33+00:00
KXNFLSPREAD-26OCT11NYGWAS,KXNFLSPREAD,KXNFLSPREAD-26OCT11NYGWAS-WAS8,WAS Commanders wins by over 7.5 points?,0.3300,0.3500,0.0000,0.00,0.00,active,2026-10-13T17:00:00Z,2026-10-06T16:54:33+00:00
KXNFLSPREAD-26OCT11NYGWAS,KXNFLSPREAD,KXNFLSPREAD-26OCT11NYGWAS-WAS7,WAS Commanders wins by over 6.5 points?,0.4000,0.4100,0.4000,426.85,426.85,active,2026-10-13T17:00:00Z,2026-10-06T16:54:33+00:00
KXNFLSPREAD-26OCT11NYGWAS,KXNFLSPREAD,KXNFLSPREAD-26OCT11NYGWAS-WAS5,WAS Commanders wins by over 4.5 points?,0.4500,0.4600,0.4600,232.79,222.32,active,2026-10-13T17:00:00Z,2026-10-06T16:54:33+00:00
KXNFLSPREAD-26OCT11NYGWAS,KXNFLSPREAD,KXNFLSPREAD-26OCT11NYGWAS-WAS4,WAS Commanders wins by over 3.5 points?,0.4800,0.4900,0.4900,7649.13,6622.52,active,2026-10-13T17:00:00Z,2026-10-06T16:54:33+00:00
KXNFLSPREAD-26OCT11NYGWAS,KXNFLSPREAD,KXNFLSPREAD-26OCT11NYGWAS-WAS14,WAS Commanders wins by over 13.5 points?,0.2000,0.2200,0.2200,11.00,11.00,active,2026-10-13T17:00:00Z,2026-10-06T16:54:33+00:00
KXNFLSPREAD-26OCT11NYGWAS,KXNFLSPREAD,KXNFLSPREAD-26OCT11NYGWAS-NYG15,NY Giants wins by over 14.5 points?,0.0600,0.0800,0.0000,0.00,0.00,active,2026-10-13T17:00:00Z,2026-10-06T16:54:33+00:00
KXNFLSPREAD-26OCT11PHIJAC,KXNFLSPREAD,KXNFLSPREAD-26OCT11PHIJAC-JAC15,JAC Jaguars wins by over 14.5 points?,0.2600,0.2700,0.2600,7000.41,6296.51,active,2026-10-13T13:30:00Z,2026-10-06T16:54:33+00:00
KXNFLSPREAD-26OCT11PHIJAC,KXNFLSPREAD,KXNFLSPREAD-26OCT11PHIJAC-PHI3,PHI Eagles wins by over 2.5 points?,0.2100,0.2200,0.2400,755.50,170.59,active,2026-10-13T13:30:00Z,2026-10-06T16:54:33+00:00
KXNFLSPREAD-26OCT11PHIJAC,KXNFLSPREAD,KXNFLSPREAD-26OCT11PHIJAC-PHI4,PHI Eagles wins by over 3.5 points?,0.1700,0.1800,0.1800,2834.08,2098.00,active,2026-10-13T13:30:00Z,2026-10-06T16:54:33+00:00
KXNFLSPREAD-26OCT11PHIJAC,KXNFLSPREAD,KXNFLSPREAD-26OCT11PHIJAC-JAC17,JAC Jaguars wins by over 16.5 points?,0.2300,0.2400,0.2400,3107.62,1436.54,active,2026-10-13T13:30:00Z,2026-10-06T16:54:33+00:00
KXNFLSPREAD-26OCT11PHIJAC,KXNFLSPREAD,KXNFLSPREAD-26OCT11PHIJAC-PHI2,PHI Eagles wins by over 1.5 points?,0.2300,0.2400,0.2400,1304.42,1266.00,active,2026-10-13T13:30:00Z,2026-10-06T16:54:33+00:00
KXNFLSPREAD-26OCT11PHIJAC,KXNFLSPREAD,KXNFLSPREAD-26OCT11PHIJAC-JAC18,JAC Jaguars wins by over 17.5 points?,0.2000,0.2100,0.2100,7459.14,1970.25,active,2026-10-13T13:30:00Z,2026-10-06T16:54:33+00:00
KXNFLSPREAD-26OCT11PHIJAC,KXNFLSPREAD,KXNFLSPREAD-26OCT11PHIJAC-PHI14,PHI Eagles wins by over 13.5 points?,0.0500,0.0600,0.0700,1341.25,1341.25,active,2026-10-13T13:30:00Z,2026-10-06T16:54:33+00:00
KXNFLSPREAD-26OCT11PHIJAC,KXNFLSPREAD,KXNFLSPREAD-26OCT11PHIJAC-JAC5,JAC Jaguars wins by over 4.5 points?,0.5800,0.5900,0.5900,5304.68,4915.93,active,2026-10-13T13:30:00Z,2026-10-06T16:54:33+00:00
KXNFLSPREAD-26OCT11PHIJAC,KXNFLSPREAD,KXNFLSPREAD-26OCT11PHIJAC-PHI6,PHI Eagles wins by over 5.5 points?,0.1400,0.1600,0.1500,1114.56,500.00,active,2026-10-13T13:30:00Z,2026-10-06T16:54:33+00:00
KXNFLSPREAD-26OCT11PHIJAC,KXNFLSPREAD,KXNFLSPREAD-26OCT11PHIJAC-PHI7,PHI Eagles wins by over 6.5 points?,0.1300,0.1400,0.1400,1083.28,762.30,active,2026-10-13T13:30:00Z,2026-10-06T16:54:33+00:00
KXNFLSPREAD-26OCT11PHIJAC,KXNFLSPREAD,KXNFLSPREAD-26OCT11PHIJAC-JAC6,JAC Jaguars wins by over 5.5 points?,0.5500,0.5600,0.5600,7574.53,6450.10,active,2026-10-13T13:30:00Z,2026-10-06T16:54:33+00:00
KXNFLSPREAD-26OCT11PHIJAC,KXNFLSPREAD,KXNFLSPREAD-26OCT11PHIJAC-PHI10,PHI Eagles wins by over 9.5 points?,0.0700,0.1000,0.0000,0.00,0.00,active,2026-10-13T13:30:00Z,2026-10-06T16:54:33+00:00
KXNFLSPREAD-26OCT11PHIJAC,KXNFLSPREAD,KXNFLSPREAD-26OCT11PHIJAC-PHI11,PHI Eagles wins by over 10.5 points?,0.0600,0.0900,0.0000,0.00,0.00,active,2026-10-13T13:30:00Z,2026-10-06T16:54:33+00:00
KXNFLSPREAD-26OCT11PHIJAC,KXNFLSPREAD,KXNFLSPREAD-26OCT11PHIJAC-JAC8,JAC Jaguars wins by over 7.5 points?,0.4400,0.4500,0.4400,1433.06,1287.69,active,2026-10-13T13:30:00Z,2026-10-06T16:54:33+00:00
KXNFLSPREAD-26OCT11PHIJAC,KXNFLSPREAD,KXNFLSPREAD-26OCT11PHIJAC-JAC21,JAC Jaguars wins by over 20.5 points?,0.1500,0.1600,0.1600,6910.19,3904.00,active,2026-10-13T13:30:00Z,2026-10-06T16:54:33+00:00
KXNFLSPREAD-26OCT11PHIJAC,KXNFLSPREAD,KXNFLSPREAD-26OCT11PHIJAC-JAC7,JAC Jaguars wins by over 6.5 points?,0.5200,0.5300,0.5300,16212.16,13442.93,active,2026-10-13T13:30:00Z,2026-10-06T16:54:33+00:00
KXNFLSPREAD-26OCT11PHIJAC,KXNFLSPREAD,KXNFLSPREAD-26OCT11PHIJAC-JAC3,JAC Jaguars wins by over 2.5 points?,0.6900,0.7000,0.6800,9886.66,9169.99,active,2026-10-13T13:30:00Z,2026-10-06T16:54:33+00:00
KXNFLSPREAD-26OCT11PHIJAC,KXNFLSPREAD,KXNFLSPREAD-26OCT11PHIJAC-JAC10,JAC Jaguars wins by over 9.5 points?,0.4100,0.4200,0.4000,399.85,399.85,active,2026-10-13T13:30:00Z,2026-10-06T16:54:33+00:00
KXNFLSPREAD-26OCT11PHIJAC,KXNFLSPREAD,KXNFLSPREAD-26OCT11PHIJAC-JAC11,JAC Jaguars wins by over 10.5 points?,0.3600,0.3800,0.3700,579.87,439.87,active,2026-10-13T13:30:00Z,2026-10-06T16:54:33+00:00
KXNFLSPREAD-26OCT11PHIJAC,KXNFLSPREAD,KXNFLSPREAD-26OCT11PHIJAC-JAC14,JAC Jaguars wins by over 13.5 points?,0.3000,0.3100,0.3100,4329.58,1976.00,active,2026-10-13T13:30:00Z,2026-10-06T16:54:33+00:00
KXNFLSPREAD-26OCT11PHIJAC,KXNFLSPREAD,KXNFLSPREAD-26OCT11PHIJAC-JAC2,JAC Jaguars wins by over 1.5 points?,0.7100,0.7200,0.6900,3355.09,2730.09,active,2026-10-13T13:30:00Z,2026-10-06T16:54:33+00:00
KXNFLSPREAD-26OCT11PHIJAC,KXNFLSPREAD,KXNFLSPREAD-26OCT11PHIJAC-PHI8,PHI Eagles wins by over 7.5 points?,0.1000,0.1200,0.1600,1177.28,588.64,active,2026-10-13T13:30:00Z,2026-10-06T16:54:33+00:00
KXNFLSPREAD-26OCT11PHIJAC,KXNFLSPREAD,KXNFLSPREAD-26OCT11PHIJAC-PHI5,PHI Eagles wins by over 4.5 points?,0.1500,0.1700,0.2000,425.61,425.61,active,2026-10-13T13:30:00Z,2026-10-06T16:54:33+00:00
KXNFLSPREAD-26OCT11PHIJAC,KXNFLSPREAD,KXNFLSPREAD-26OCT11PHIJAC-JAC4,JAC Jaguars wins by over 3.5 points?,0.6100,0.6200,0.6100,10884.18,8809.03,active,2026-10-13T13:30:00Z,2026-10-06T16:54:33+00:00
KXNFLSPREAD-26OCT11PHIJAC,KXNFLSPREAD,KXNFLSPREAD-26OCT11PHIJAC-PHI15,PHI Eagles wins by over 14.5 points?,0.0500,0.0600,0.0800,26.59,26.59,active,2026-10-13T13:30:00Z,2026-10-06T16:54:33+00:00
KXNFLSPREAD-26OCT11SFSEA,KXNFLSPREAD,KXNFLSPREAD-26OCT11SFSEA-SF2,SF 49ers wins by over 1.5 points?,0.3800,0.3900,0.3900,159.58,159.58,active,2026-10-13T20:25:00Z,2026-10-06T16:54:33+00:00
KXNFLSPREAD-26OCT11SFSEA,KXNFLSPREAD,KXNFLSPREAD-26OCT11SFSEA-SF7,SF 49ers wins by over 6.5 points?,0.2200,0.2300,0.2300,4141.88,3743.10,active,2026-10-13T20:25:00Z,2026-10-06T16:54:33+00:00
KXNFLSPREAD-26OCT11SFSEA,KXNFLSPREAD,KXNFLSPREAD-26OCT11SFSEA-SF8,SF 49ers wins by over 7.5 points?,0.1800,0.1900,0.1700,167.98,167.98,active,2026-10-13T20:25:00Z,2026-10-06T16:54:33+00:00
KXNFLSPREAD-26OCT11SFSEA,KXNFLSPREAD,KXNFLSPREAD-26OCT11SFSEA-SEA7,SEA Seahawks wins by over 6.5 points?,0.3500,0.3700,0.3700,569.59,569.59,active,2026-10-13T20:25:00Z,2026-10-06T16:54:33+00:00
KXNFLSPREAD-26OCT11SFSEA,KXNFLSPREAD,KXNFLSPREAD-26OCT11SFSEA-SF6,SF 49ers wins by over 5.5 points?,0.2400,0.2500,0.2400,384.57,384.57,active,2026-10-13T20:25:00Z,2026-10-06T16:54:33+00:00
KXNFLSPREAD-26OCT11SFSEA,KXNFLSPREAD,KXNFLSPREAD-26OCT11SFSEA-SF11,SF 49ers wins by over 10.5 points?,0.1400,0.1500,0.1500,1611.08,1611.08,active,2026-10-13T20:25:00Z,2026-10-06T16:54:33+00:00
KXNFLSPREAD-26OCT11SFSEA,KXNFLSPREAD,KXNFLSPREAD-26OCT11SFSEA-SF10,SF 49ers wins by over 9.5 points?,0.1500,0.1600,0.1500,1605.78,1505.20,active,2026-10-13T20:25:00Z,2026-10-06T16:54:33+00:00
KXNFLSPREAD-26OCT11SFSEA,KXNFLSPREAD,KXNFLSPREAD-26OCT11SFSEA-SF15,SF 49ers wins by over 14.5 points?,0.0800,0.0900,0.0900,20.89,20.89,active,2026-10-13T20:25:00Z,2026-10-06T16:54:33+00:00
KXNFLSPREAD-26OCT11SFSEA,KXNFLSPREAD,KXNFLSPREAD-26OCT11SFSEA-SEA5,SEA Seahawks wins by over 4.5 points?,0.4000,0.4100,0.4100,11.71,11.71,active,2026-10-13T20:25:00Z,2026-10-06T16:54:33+00:00
KXNFLSPREAD-26OCT11SFSEA,KXNFLSPREAD,KXNFLSPREAD-26OCT11SFSEA-SF4,SF 49ers wins by over 3.5 points?,0.2900,0.3000,0.3000,653.54,653.54,active,2026-10-13T20:25:00Z,2026-10-06T16:54:33+00:00
KXNFLSPREAD-26OCT11SFSEA,KXNFLSPREAD,KXNFLSPREAD-26OCT11SFSEA-SF5,SF 49ers wins by over 4.5 points?,0.2600,0.2700,0.2600,107.44,72.44,active,2026-10-13T20:25:00Z,2026-10-06T16:54:33+00:00
KXNFLSPREAD-26OCT11SFSEA,KXNFLSPREAD,KXNFLSPREAD-26OCT11SFSEA-SEA6,SEA Seahawks wins by over 5.5 points?,0.3800,0.3900,0.0000,0.00,0.00,active,2026-10-13T20:25:00Z,2026-10-06T16:54:33+00:00
KXNFLSPREAD-26OCT11SFSEA,KXNFLSPREAD,KXNFLSPREAD-26OCT11SFSEA-SEA8,SEA Seahawks wins by over 7.5 points?,0.2900,0.3000,0.2800,184.16,184.16,active,2026-10-13T20:25:00Z,2026-10-06T16:54:33+00:00
KXNFLSPREAD-26OCT11SFSEA,KXNFLSPREAD,KXNFLSPREAD-26OCT11SFSEA-SEA10,SEA Seahawks wins by over 9.5 points?,0.2600,0.2700,0.2900,59.61,59.61,active,2026-10-13T20:25:00Z,2026-10-06T16:54:33+00:00
KXNFLSPREAD-26OCT11SFSEA,KXNFLSPREAD,KXNFLSPREAD-26OCT11SFSEA-SEA17,SEA Seahawks wins by over 16.5 points?,0.1400,0.1600,0.0000,0.00,0.00,active,2026-10-13T20:25:00Z,2026-10-06T16:54:33+00:00
KXNFLSPREAD-26OCT11SFSEA,KXNFLSPREAD,KXNFLSPREAD-26OCT11SFSEA-SEA14,SEA Seahawks wins by over 13.5 points?,0.1900,0.2000,0.1900,1707.00,1707.00,active,2026-10-13T20:25:00Z,2026-10-06T16:54:33+00:00
KXNFLSPREAD-26OCT11SFSEA,KXNFLSPREAD,KXNFLSPREAD-26OCT11SFSEA-SF3,SF 49ers wins by over 2.5 points?,0.3700,0.3800,0.3800,1911.21,1911.21,active,2026-10-13T20:25:00Z,2026-10-06T16:54:33+00:00
KXNFLSPREAD-26OCT11SFSEA,KXNFLSPREAD,KXNFLSPREAD-26OCT11SFSEA-SEA15,SEA Seahawks wins by over 14.5 points?,0.1600,0.1800,0.1600,265.16,265.16,active,2026-10-13T20:25:00Z,2026-10-06T16:54:33+00:00
KXNFLSPREAD-26OCT11SFSEA,KXNFLSPREAD,KXNFLSPREAD-26OCT11SFSEA-SEA21,SEA Seahawks wins by over 20.5 points?,0.0900,0.1000,0.0900,1387.43,1387.43,active,2026-10-13T20:25:00Z,2026-10-06T16:54:33+00:00
KXNFLSPREAD-26OCT11SFSEA,KXNFLSPREAD,KXNFLSPREAD-26OCT11SFSEA-SEA18,SEA Seahawks wins by over 17.5 points?,0.1200,0.1300,0.1200,1228.00,1228.00,active,2026-10-13T20:25:00Z,2026-10-06T16:54:33+00:00
KXNFLSPREAD-26OCT11SFSEA,KXNFLSPREAD,KXNFLSPREAD-26OCT11SFSEA-SEA11,SEA Seahawks wins by over 10.5 points?,0.2400,0.2500,0.0000,0.00,0.00,active,2026-10-13T20:25:00Z,2026-10-06T16:54:33+00:00
KXNFLSPREAD-26OCT11SFSEA,KXNFLSPREAD,KXNFLSPREAD-26OCT11SFSEA-SF14,SF 49ers wins by over 13.5 points?,0.1000,0.1100,0.1000,1256.81,1256.81,active,2026-10-13T20:25:00Z,2026-10-06T16:54:33+00:00
KXNFLSPREAD-26OCT11SFSEA,KXNFLSPREAD,KXNFLSPREAD-26OCT11SFSEA-SEA3,SEA Seahawks wins by over 2.5 points?,0.5200,0.5400,0.5400,12310.70,11641.91,active,2026-10-13T20:25:00Z,2026-10-06T16:54:33+00:00
KXNFLSPREAD-26OCT11SFSEA,KXNFLSPREAD,KXNFLSPREAD-26OCT11SFSEA-SEA2,SEA Seahawks wins by over 1.5 points?,0.5500,0.5600,0.0000,0.00,0.00,active,2026-10-13T20:25:00Z,2026-10-06T16:54:33+00:00
KXNFLSPREAD-26OCT11SFSEA,KXNFLSPREAD,KXNFLSPREAD-26OCT11SFSEA-SEA4,SEA Seahawks wins by over 3.5 points?,0.4200,0.4300,0.4200,1350.32,1248.54,active,2026-10-13T20:25:00Z,2026-10-06T16:54:33+00:00
KXNFLSPREAD-26OCT12BUFLAR,KXNFLSPREAD,KXNFLSPREAD-26OCT12BUFLAR-BUF3,BUF Bills wins by over 2.5 points?,0.3600,0.3700,0.3700,66.29,66.29,active,2026-10-15T00:15:00Z,2026-10-06T16:54:33+00:00
KXNFLSPREAD-26OCT12BUFLAR,KXNFLSPREAD,KXNFLSPREAD-26OCT12BUFLAR-BUF15,BUF Bills wins by over 14.5 points?,0.0800,0.0900,0.1000,47.03,47.03,active,2026-10-15T00:15:00Z,2026-10-06T16:54:33+00:00
KXNFLSPREAD-26OCT12BUFLAR,KXNFLSPREAD,KXNFLSPREAD-26OCT12BUFLAR-LAR2,LA Rams wins by over 1.5 points?,0.5600,0.5700,0.5700,1199.71,1199.71,active,2026-10-15T00:15:00Z,2026-10-06T16:54:33+00:00
KXNFLSPREAD-26OCT12BUFLAR,KXNFLSPREAD,KXNFLSPREAD-26OCT12BUFLAR-BUF6,BUF Bills wins by over 5.5 points?,0.2500,0.2600,0.0000,0.00,0.00,active,2026-10-15T00:15:00Z,2026-10-06T16:54:33+00:00
KXNFLSPREAD-26OCT12BUFLAR,KXNFLSPREAD,KXNFLSPREAD-26OCT12BUFLAR-BUF7,BUF Bills wins by over 6.5 points?,0.2200,0.2400,0.0000,0.00,0.00,active,2026-10-15T00:15:00Z,2026-10-06T16:54:33+00:00
KXNFLSPREAD-26OCT12BUFLAR,KXNFLSPREAD,KXNFLSPREAD-26OCT12BUFLAR-LAR15,LA Rams wins by over 14.5 points?,0.1700,0.1800,0.1700,556.00,486.00,active,2026-10-15T00:15:00Z,2026-10-06T16:54:33+00:00
KXNFLSPREAD-26OCT12BUFLAR,KXNFLSPREAD,KXNFLSPREAD-26OCT12BUFLAR-BUF14,BUF Bills wins by over 13.5 points?,0.1000,0.1100,0.0000,0.00,0.00,active,2026-10-15T00:15:00Z,2026-10-06T16:54:33+00:00
KXNFLSPREAD-26OCT12BUFLAR,KXNFLSPREAD,KXNFLSPREAD-26OCT12BUFLAR-LAR14,LA Rams wins by over 13.5 points?,0.2000,0.2100,0.2000,1150.00,1150.00,active,2026-10-15T00:15:00Z,2026-10-06T16:54:33+00:00
KXNFLSPREAD-26OCT12BUFLAR,KXNFLSPREAD,KXNFLSPREAD-26OCT12BUFLAR-LAR4,LA Rams wins by over 3.5 points?,0.4400,0.4500,0.4500,1413.05,1169.82,active,2026-10-15T00:15:00Z,2026-10-06T16:54:33+00:00
KXNFLSPREAD-26OCT12BUFLAR,KXNFLSPREAD,KXNFLSPREAD-26OCT12BUFLAR-LAR18,LA Rams wins by over 17.5 points?,0.1300,0.1400,0.0000,0.00,0.00,active,2026-10-15T00:15:00Z,2026-10-06T16:54:33+00:00
KXNFLSPREAD-26OCT12BUFLAR,KXNFLSPREAD,KXNFLSPREAD-26OCT12BUFLAR-LAR6,LA Rams wins by over 5.5 points?,0.3900,0.4000,0.3800,27206.00,27106.00,active,2026-10-15T00:15:00Z,2026-10-06T16:54:33+00:00
KXNFLSPREAD-26OCT12BUFLAR,KXNFLSPREAD,KXNFLSPREAD-26OCT12BUFLAR-LAR8,LA Rams wins by over 7.5 points?,0.3000,0.3200,0.0000,0.00,0.00,active,2026-10-15T00:15:00Z,2026-10-06T16:54:33+00:00
KXNFLSPREAD-26OCT12BUFLAR,KXNFLSPREAD,KXNFLSPREAD-26OCT12BUFLAR-LAR3,LA Rams wins by over 2.5 points?,0.5400,0.5500,0.5400,3595.11,3438.22,active,2026-10-15T00:15:00Z,2026-10-06T16:54:33+00:00
KXNFLSPREAD-26OCT12BUFLAR,KXNFLSPREAD,KXNFLSPREAD-26OCT12BUFLAR-LAR10,LA Rams wins by over 9.5 points?,0.2600,0.2800,0.0000,0.00,0.00,active,2026-10-15T00:15:00Z,2026-10-06T16:54:33+00:00
KXNFLSPREAD-26OCT12BUFLAR,KXNFLSPREAD,KXNFLSPREAD-26OCT12BUFLAR-LAR11,LA Rams wins by over 10.5 points?,0.2400,0.2500,0.0000,0.00,0.00,active,2026-10-15T00:15:00Z,2026-10-06T16:54:33+00:00
KXNFLSPREAD-26OCT12BUFLAR,KXNFLSPREAD,KXNFLSPREAD-26OCT12BUFLAR-BUF10,BUF Bills wins by over 9.5 points?,0.1400,0.1600,0.0000,0.00,0.00,active,2026-10-15T00:15:00Z,2026-10-06T16:54:33+00:00
KXNFLSPREAD-26OCT12BUFLAR,KXNFLSPREAD,KXNFLSPREAD-26OCT12BUFLAR-LAR17,LA Rams wins by over 16.5 points?,0.1500,0.1600,0.1500,446.00,446.00,active,2026-10-15T00:15:00Z,2026-10-06T16:54:33+00:00
KXNFLSPREAD-26OCT12BUFLAR,KXNFLSPREAD,KXNFLSPREAD-26OCT12BUFLAR-LAR5,LA Rams wins by over 4.5 points?,0.4100,0.4300,0.4100,790.00,600.00,active,2026-10-15T00:15:00Z,2026-10-06T16:54:33+00:00
KXNFLSPREAD-26OCT12BUFLAR,KXNFLSPREAD,KXNFLSPREAD-26OCT12BUFLAR-BUF11,BUF Bills wins by over 10.5 points?,0.1300,0.1400,0.1400,33.64,33.64,active,2026-10-15T00:15:00Z,2026-10-06T16:54:33+00:00
KXNFLSPREAD-26OCT12BUFLAR,KXNFLSPREAD,KXNFLSPREAD-26OCT12BUFLAR-BUF5,BUF Bills wins by over 4.5 points?,0.2600,0.2700,0.0000,0.00,0.00,active,2026-10-15T00:15:00Z,2026-10-06T16:54:33+00:00
KXNFLSPREAD-26OCT12BUFLAR,KXNFLSPREAD,KXNFLSPREAD-26OCT12BUFLAR-BUF8,BUF Bills wins by over 7.5 points?,0.1700,0.1900,0.0000,0.00,0.00,active,2026-10-15T00:15:00Z,2026-10-06T16:54:33+00:00
KXNFLSPREAD-26OCT12BUFLAR,KXNFLSPREAD,KXNFLSPREAD-26OCT12BUFLAR-BUF4,BUF Bills wins by over 3.5 points?,0.2900,0.3000,0.0000,0.00,0.00,active,2026-10-15T00:15:00Z,2026-10-06T16:54:33+00:00
KXNFLSPREAD-26OCT12BUFLAR,KXNFLSPREAD,KXNFLSPREAD-26OCT12BUFLAR-BUF2,BUF Bills wins by over 1.5 points?,0.3800,0.3900,0.3800,49.00,49.00,active,2026-10-15T00:15:00Z,2026-10-06T16:54:33+00:00
KXNFLSPREAD-26OCT12BUFLAR,KXNFLSPREAD,KXNFLSPREAD-26OCT12BUFLAR-LAR7,LA Rams wins by over 6.5 points?,0.3600,0.3800,0.0000,0.00,0.00,active,2026-10-15T00:15:00Z,2026-10-06T16:54:33+00:00
KXNFLSPREAD-26OCT12BUFLAR,KXNFLSPREAD,KXNFLSPREAD-26OCT12BUFLAR-LAR21,LA Rams wins by over 20.5 points?,0.0900,0.1000,0.0000,0.00,0.00,active,2026-10-15T00:15:00Z,2026-10-06T16:54:33+00:00
KXNFLTOTAL-26OCT08TBDAL,KXNFLTOTAL,KXNFLTOTAL-26OCT08TBDAL-33,Full Game: over 32.5 points scored?,0.8900,0.9000,0.9000,1323.68,1232.00,active,2026-10-11T00:15:00Z,2026-10-06T16:54:33+00:00
KXNFLTOTAL-26OCT08TBDAL,KXNFLTOTAL,KXNFLTOTAL-26OCT08TBDAL-69,Full Game: over 68.5 points scored?,0.0700,0.0800,0.0700,521.85,521.85,active,2026-10-11T00:15:00Z,2026-10-06T16:54:33+00:00
KXNFLTOTAL-26OCT08TBDAL,KXNFLTOTAL,KXNFLTOTAL-26OCT08TBDAL-60,Full Game: over 59.5 points scored?,0.1800,0.2000,0.1900,471.36,350.08,active,2026-10-11T00:15:00Z,2026-10-06T16:54:33+00:00
KXNFLTOTAL-26OCT08TBDAL,KXNFLTOTAL,KXNFLTOTAL-26OCT08TBDAL-45,Full Game: over 44.5 points scored?,0.5900,0.6000,0.6000,2204.93,1678.39,active,2026-10-11T00:15:00Z,2026-10-06T16:54:33+00:00
KXNFLTOTAL-26OCT08TBDAL,KXNFLTOTAL,KXNFLTOTAL-26OCT08TBDAL-48,Full Game: over 47.5 points scored?,0.5000,0.5100,0.5100,48195.83,31223.27,active,2026-10-11T00:15:00Z,2026-10-06T16:54:33+00:00
KXNFLTOTAL-26OCT08TBDAL,KXNFLTOTAL,KXNFLTOTAL-26OCT08TBDAL-50,Full Game: over 49.5 points scored?,0.4300,0.4400,0.4400,4157.55,2851.57,active,2026-10-11T00:15:00Z,2026-10-06T16:54:33+00:00
KXNFLTOTAL-26OCT08TBDAL,KXNFLTOTAL,KXNFLTOTAL-26OCT08TBDAL-51,Full Game: over 50.5 points scored?,0.4100,0.4200,0.4200,2951.79,2846.53,active,2026-10-11T00:15:00Z,2026-10-06T16:54:33+00:00
KXNFLTOTAL-26OCT08TBDAL,KXNFLTOTAL,KXNFLTOTAL-26OCT08TBDAL-57,Full Game: over 56.5 points scored?,0.2400,0.2600,0.2400,2020.16,1913.86,active,2026-10-11T00:15:00Z,2026-10-06T16:54:33+00:00
KXNFLTOTAL-26OCT08TBDAL,KXNFLTOTAL,KXNFLTOTAL-26OCT08TBDAL-47,Full Game: over 46.5 points scored?,0.5300,0.5400,0.5300,2086.44,1827.11,active,2026-10-11T00:15:00Z,2026-10-06T16:54:33+00:00
KXNFLTOTAL-26OCT08TBDAL,KXNFLTOTAL,KXNFLTOTAL-26OCT08TBDAL-49,Full Game: over 48.5 points scored?,0.4600,0.4700,0.4700,2198.56,2198.56,active,2026-10-11T00:15:00Z,2026-10-06T16:54:33+00:00
KXNFLTOTAL-26OCT08TBDAL,KXNFLTOTAL,KXNFLTOTAL-26OCT08TBDAL-46,Full Game: over 45.5 points scored?,0.5600,0.5700,0.5800,621.15,595.92,active,2026-10-11T00:15:00Z,2026-10-06T16:54:33+00:00
KXNFLTOTAL-26OCT08TBDAL,KXNFLTOTAL,KXNFLTOTAL-26OCT08TBDAL-27,Full Game: over 26.5 points scored?,0.9600,0.9700,0.9600,2189.42,1239.42,active,2026-10-11T00:15:00Z,2026-10-06T16:54:33+00:00
KXNFLTOTAL-26OCT08TBDAL,KXNFLTOTAL,KXNFLTOTAL-26OCT08TBDAL-54,Full Game: over 53.5 points scored?,0.3200,0.3400,0.3300,2927.38,2622.38,active,2026-10-11T00:15:00Z,2026-10-06T16:54:33+00:00
KXNFLTOTAL-26OCT08TBDAL,KXNFLTOTAL,KXNFLTOTAL-26OCT08TBDAL-36,Full Game: over 35.5 points scored?,0.8300,0.8400,0.8400,1217.39,870.35,active,2026-10-11T00:15:00Z,2026-10-06T16:54:33+00:00
KXNFLTOTAL-26OCT08TBDAL,KXNFLTOTAL,KXNFLTOTAL-26OCT08TBDAL-30,Full Game: over 29.5 points scored?,0.9200,0.9300,0.9200,465.52,465.52,active,2026-10-11T00:15:00Z,2026-10-06T16:54:33+00:00
KXNFLTOTAL-26OCT08TBDAL,KXNFLTOTAL,KXNFLTOTAL-26OCT08TBDAL-42,Full Game: over 41.5 points scored?,0.6700,0.6900,0.6900,864.71,806.71,active,2026-10-11T00:15:00Z,2026-10-06T16:54:33+00:00
KXNFLTOTAL-26OCT08TBDAL,KXNFLTOTAL,KXNFLTOTAL-26OCT08TBDAL-39,Full Game: over 38.5 points scored?,0.7500,0.7600,0.7500,474.40,373.05,active,2026-10-11T00:15:00Z,2026-10-06T16:54:33+00:00
KXNFLTOTAL-26OCT08TBDAL,KXNFLTOTAL,KXNFLTOTAL-26OCT08TBDAL-66,Full Game: over 65.5 points scored?,0.0900,0.1000,0.0900,709.87,672.87,active,2026-10-11T00:15:00Z,2026-10-06T16:54:33+00:00
KXNFLTOTAL-26OCT08TBDAL,KXNFLTOTAL,KXNFLTOTAL-26OCT08TBDAL-63,Full Game: over 62.5 points scored?,0.1300,0.1400,0.1300,2992.58,2900.63,active,2026-10-11T00:15:00Z,2026-10-06T16:54:33+00:00
KXNFLTOTAL-26OCT11BALATL,KXNFLTOTAL,KXNFLTOTAL-26OCT11BALATL-44,Full Game: over 43.5 points scored?,0.5000,0.5200,0.5100,2292.28,2049.65,active,2026-10-14T00:20:00Z,2026-10-06T16:54:33+00:00
KXNFLTOTAL-26OCT11BALATL,KXNFLTOTAL,KXNFLTOTAL-26OCT11BALATL-53,Full Game: over 52.5 points scored?,0.2500,0.2600,0.2600,5778.56,2236.56,active,2026-10-14T00:20:00Z,2026-10-06T16:54:33+00:00
KXNFLTOTAL-26OCT11BALATL,KXNFLTOTAL,KXNFLTOTAL-26OCT11BALATL-62,Full Game: over 61.5 points scored?,0.0900,0.1000,0.1000,2286.00,2251.00,active,2026-10-14T00:20:00Z,2026-10-06T16:54:33+00:00
KXNFLTOTAL-26OCT11BALATL,KXNFLTOTAL,KXNFLTOTAL-26OCT11BALATL-45,Full Game: over 44.5 points scored?,0.4600,0.4700,0.4600,2440.83,2013.54,active,2026-10-14T00:20:00Z,2026-10-06T16:54:33+00:00
KXNFLTOTAL-26OCT11BALATL,KXNFLTOTAL,KXNFLTOTAL-26OCT11BALATL-26,Full Game: over 25.5 points scored?,0.9300,0.9500,0.9500,1617.00,1617.00,active,2026-10-14T00:20:00Z,2026-10-06T16:54:33+00:00
KXNFLTOTAL-26OCT11BALATL,KXNFLTOTAL,KXNFLTOTAL-26OCT11BALATL-32,Full Game: over 31.5 points scored?,0.8400,0.8600,0.8700,1163.00,1163.00,active,2026-10-14T00:20:00Z,2026-10-06T16:54:33+00:00
KXNFLTOTAL-26OCT11BALATL,KXNFLTOTAL,KXNFLTOTAL-26OCT11BALATL-47,Full Game: over 46.5 points scored?,0.4200,0.4300,0.4300,1210.34,1043.82,active,2026-10-14T00:20:00Z,2026-10-06T16:54:33+00:00
KXNFLTOTAL-26OCT11BALATL,KXNFLTOTAL,KXNFLTOTAL-26OCT11BALATL-56,Full Game: over 55.5 points scored?,0.1800,0.1900,0.2100,3654.69,3338.69,active,2026-10-14T00:20:00Z,2026-10-06T16:54:33+00:00
KXNFLTOTAL-26OCT11BALATL,KXNFLTOTAL,KXNFLTOTAL-26OCT11BALATL-35,Full Game: over 34.5 points scored?,0.7700,0.7800,0.7900,1578.20,1578.20,active,2026-10-14T00:20:00Z,2026-10-06T16:54:33+00:00
KXNFLTOTAL-26OCT11BALATL,KXNFLTOTAL,KXNFLTOTAL-26OCT11BALATL-29,Full Game: over 28.5 points scored?,0.8900,0.9200,0.0000,0.00,0.00,active,2026-10-14T00:20:00Z,2026-10-06T16:54:33+00:00
KXNFLTOTAL-26OCT11BALATL,KXNFLTOTAL,KXNFLTOTAL-26OCT11BALATL-46,Full Game: over 45.5 points scored?,0.4300,0.4400,0.4400,24316.10,20918.19,active,2026-10-14T00:20:00Z,2026-10-06T16:54:33+00:00
KXNFLTOTAL-26OCT11BALATL,KXNFLTOTAL,KXNFLTOTAL-26OCT11BALATL-38,Full Game: over 37.5 points scored?,0.6800,0.6900,0.6900,2683.53,2683.53,active,2026-10-14T00:20:00Z,2026-10-06T16:54:33+00:00
KXNFLTOTAL-26OCT11BALATL,KXNFLTOTAL,KXNFLTOTAL-26OCT11BALATL-50,Full Game: over 49.5 points scored?,0.3300,0.3400,0.3400,1063.76,1063.76,active,2026-10-14T00:20:00Z,2026-10-06T16:54:33+00:00
KXNFLTOTAL-26OCT11BALATL,KXNFLTOTAL,KXNFLTOTAL-26OCT11BALATL-59,Full Game: over 58.5 points scored?,0.1300,0.1400,0.1400,883.47,883.47,active,2026-10-14T00:20:00Z,2026-10-06T16:54:33+00:00
KXNFLTOTAL-26OCT11BALATL,KXNFLTOTAL,KXNFLTOTAL-26OCT11BALATL-68,Full Game: over 67.5 points scored?,0.0400,0.0600,0.0000,0.00,0.00,active,2026-10-14T00:20:00Z,2026-10-06T16:54:33+00:00
KXNFLTOTAL-26OCT11BALATL,KXNFLTOTAL,KXNFLTOTAL-26OCT11BALATL-41,Full Game: over 40.5 points scored?,0.5900,0.6000,0.6300,1473.00,1473.00,active,2026-10-14T00:20:00Z,2026-10-06T16:54:33+00:00
KXNFLTOTAL-26OCT11BALATL,KXNFLTOTAL,KXNFLTOTAL-26OCT11BALATL-65,Full Game: over 64.5 points scored?,0.0600,0.0700,0.0700,397.77,362.77,active,2026-10-14T00:20:00Z,2026-10-06T16:54:33+00:00
KXNFLTOTAL-26OCT11BALATL,KXNFLTOTAL,KXNFLTOTAL-26OCT11BALATL-49,Full Game: over 48.5 points scored?,0.3400,0.3600,0.3900,182.39,182.39,active,2026-10-14T00:20:00Z,2026-10-06T16:54:33+00:00
KXNFLTOTAL-26OCT11BALATL,KXNFLTOTAL,KXNFLTOTAL-26OCT11BALATL-48,Full Game: over 47.5 points scored?,0.3700,0.3800,0.3900,1055.00,1021.00,active,2026-10-14T00:20:00Z,2026-10-06T16:54:33+00:00
KXNFLTOTAL-26OCT11CINMIA,KXNFLTOTAL,KXNFLTOTAL-26OCT11CINMIA-25,Full Game: over 24.5 points scored?,0.9300,0.9400,0.9400,631.27,631.27,active,2026-10-13T17:00:00Z,2026-10-06T16:54:33+00:00
KXNFLTOTAL-26OCT11CINMIA,KXNFLTOTAL,KXNFLTOTAL-26OCT11CINMIA-64,Full Game: over 63.5 points scored?,0.0500,0.0700,0.0000,0.00,0.00,active,2026-10-13T17:00:00Z,2026-10-06T16:54:33+00:00
KXNFLTOTAL-26OCT11CINMIA,KXNFLTOTAL,KXNFLTOTAL-26OCT11CINMIA-31,Full Game: over 30.5 points scored?,0.8300,0.8500,0.8200,1030.00,5.00,active,2026-10-13T17:00:00Z,2026-10-06T16:54:33+00:00
KXNFLTOTAL-26OCT11CINMIA,KXNFLTOTAL,KXNFLTOTAL-26OCT11CINMIA-45,Full Game: over 44.5 points scored?,0.4100,0.4200,0.3900,3369.32,3319.32,active,2026-10-13T17:00:00Z,2026-10-06T16:54:33+00:00
KXNFLTOTAL-26OCT11CINMIA,KXNFLTOTAL,KXNFLTOTAL-26OCT11CINMIA-52,Full Game: over 51.5 points scored?,0.2200,0.2300,0.2300,73.00,73.00,active,2026-10-13T17:00:00Z,2026-10-06T16:54:33+00:00
KXNFLTOTAL-26OCT11CINMIA,KXNFLTOTAL,KXNFLTOTAL-26OCT11CINMIA-46,Full Game: over 45.5 points scored?,0.3900,0.4100,0.3900,3763.43,3520.72,active,2026-10-13T17:00:00Z,2026-10-06T16:54:33+00:00
KXNFLTOTAL-26OCT11CINMIA,KXNFLTOTAL,KXNFLTOTAL-26OCT11CINMIA-34,Full Game: over 33.5 points scored?,0.7600,0.7800,0.7800,500.00,500.00,active,2026-10-13T17:00:00Z,2026-10-06T16:54:33+00:00
KXNFLTOTAL-26OCT11CINMIA,KXNFLTOTAL,KXNFLTOTAL-26OCT11CINMIA-58,Full Game: over 57.5 points scored?,0.1200,0.1300,0.0000,0.00,0.00,active,2026-10-13T17:00:00Z,2026-10-06T16:54:33+00:00
KXNFLTOTAL-26OCT11CINMIA,KXNFLTOTAL,KXNFLTOTAL-26OCT11CINMIA-47,Full Game: over 46.5 points scored?,0.3700,0.3800,0.3700,912.56,864.62,active,2026-10-13T17:00:00Z,2026-10-06T16:54:33+00:00
KXNFLTOTAL-26OCT11CINMIA,KXNFLTOTAL,KXNFLTOTAL-26OCT11CINMIA-49,Full Game: over 48.5 points scored?,0.3000,0.3200,0.3000,13.87,13.87,active,2026-10-13T17:00:00Z,2026-10-06T16:54:33+00:00
KXNFLTOTAL-26OCT11CINMIA,KXNFLTOTAL,KXNFLTOTAL-26OCT11CINMIA-44,Full Game: over 43.5 points scored?,0.4600,0.4800,0.0000,0.00,0.00,active,2026-10-13T17:00:00Z,2026-10-06T16:54:33+00:00
KXNFLTOTAL-26OCT11CINMIA,KXNFLTOTAL,KXNFLTOTAL-26OCT11CINMIA-67,Full Game: over 66.5 points scored?,0.0400,0.0500,0.0000,0.00,0.00,active,2026-10-13T17:00:00Z,2026-10-06T16:54:33+00:00
KXNFLTOTAL-26OCT11CINMIA,KXNFLTOTAL,KXNFLTOTAL-26OCT11CINMIA-61,Full Game: over 60.5 points scored?,0.0800,0.1000,0.0000,0.00,0.00,active,2026-10-13T17:00:00Z,2026-10-06T16:54:33+00:00
KXNFLTOTAL-26OCT11CINMIA,KXNFLTOTAL,KXNFLTOTAL-26OCT11CINMIA-48,Full Game: over 47.5 points scored?,0.3200,0.3400,0.3400,28.00,28.00,active,2026-10-13T17:00:00Z,2026-10-06T16:54:33+00:00
KXNFLTOTAL-26OCT11CINMIA,KXNFLTOTAL,KXNFLTOTAL-26OCT11CINMIA-43,Full Game: over 42.5 points scored?,0.5000,0.5100,0.5100,1872.93,1872.93,active,2026-10-13T17:00:00Z,2026-10-06T16:54:33+00:00
KXNFLTOTAL-26OCT11CINMIA,KXNFLTOTAL,KXNFLTOTAL-26OCT11CINMIA-28,Full Game: over 27.5 points scored?,0.8800,0.9000,0.0000,0.00,0.00,active,2026-10-13T17:00:00Z,2026-10-06T16:54:33+00:00
KXNFLTOTAL-26OCT11CINMIA,KXNFLTOTAL,KXNFLTOTAL-26OCT11CINMIA-40,Full Game: over 39.5 points scored?,0.5800,0.6100,0.0000,0.00,0.00,active,2026-10-13T17:00:00Z,2026-10-06T16:54:33+00:00
KXNFLTOTAL-26OCT11CINMIA,KXNFLTOTAL,KXNFLTOTAL-26OCT11CINMIA-37,Full Game: over 36.5 points scored?,0.6800,0.7000,0.6900,518.00,500.00,active,2026-10-13T17:00:00Z,2026-10-06T16:54:33+00:00
KXNFLTOTAL-26OCT11CINMIA,KXNFLTOTAL,KXNFLTOTAL-26OCT11CINMIA-55,Full Game: over 54.5 points scored?,0.1600,0.1800,0.1700,18.33,18.33,active,2026-10-13T17:00:00Z,2026-10-06T16:54:33+00:00
KXNFLTOTAL-26OCT11CLENYJ,KXNFLTOTAL,KXNFLTOTAL-26OCT11CLENYJ-59,Full Game: over 58.5 points scored?,0.0700,0.0900,0.0000,0.00,0.00,active,2026-10-13T17:00:00Z,2026-10-06T16:54:33+00:00
KXNFLTOTAL-26OCT11CLENYJ,KXNFLTOTAL,KXNFLTOTAL-26OCT11CLENYJ-50,Full Game: over 49.5 points scored?,0.2200,0.2400,0.2200,826.48,826.48,active,2026-10-13T17:00:00Z,2026-10-06T16:54:33+00:00
KXNFLTOTAL-26OCT11CLENYJ,KXNFLTOTAL,KXNFLTOTAL-26OCT11CLENYJ-35,Full Game: over 34.5 points scored?,0.6500,0.6600,0.6600,4.00,4.00,active,2026-10-13T17:00:00Z,2026-10-06T16:54:33+00:00
KXNFLTOTAL-26OCT11CLENYJ,KXNFLTOTAL,KXNFLTOTAL-26OCT11CLENYJ-26,Full Game: over 25.5 points scored?,0.8800,0.9100,0.0000,0.00,0.00,active,2026-10-13T17:00:00Z,2026-10-06T16:54:33+00:00
KXNFLTOTAL-26OCT11CLENYJ,KXNFLTOTAL,KXNFLTOTAL-26OCT11CLENYJ-42,Full Game: over 41.5 points scored?,0.4300,0.4400,0.4400,80.72,80.72,active,2026-10-13T17:00:00Z,2026-10-06T16:54:33+00:00
KXNFLTOTAL-26OCT11CLENYJ,KXNFLTOTAL,KXNFLTOTAL-26OCT11CLENYJ-32,Full Game: over 31.5 points scored?,0.7500,0.7600,0.0000,0.00,0.00,active,2026-10-13T17:00:00Z,2026-10-06T16:54:33+00:00
KXNFLTOTAL-26OCT11CLENYJ,KXNFLTOTAL,KXNFLTOTAL-26OCT11CLENYJ-38,Full Game: over 37.5 points scored?,0.5600,0.5800,0.5700,50.00,50.00,active,2026-10-13T17:00:00Z,2026-10-06T16:54:33+00:00
KXNFLTOTAL-26OCT11CLENYJ,KXNFLTOTAL,KXNFLTOTAL-26OCT11CLENYJ-56,Full Game: over 55.5 points scored?,0.1100,0.1200,0.0000,0.00,0.00,active,2026-10-13T17:00:00Z,2026-10-06T16:54:33+00:00
KXNFLTOTAL-26OCT11CLENYJ,KXNFLTOTAL,KXNFLTOTAL-26OCT11CLENYJ-44,Full Game: over 43.5 points scored?,0.3800,0.3900,0.0000,0.00,0.00,active,2026-10-13T17:00:00Z,2026-10-06T16:54:33+00:00
KXNFLTOTAL-26OCT11CLENYJ,KXNFLTOTAL,KXNFLTOTAL-26OCT11CLENYJ-47,Full Game: over 46.5 points scored?,0.3000,0.3100,0.0000,0.00,0.00,active,2026-10-13T17:00:00Z,2026-10-06T16:54:33+00:00
KXNFLTOTAL-26OCT11CLENYJ,KXNFLTOTAL,KXNFLTOTAL-26OCT11CLENYJ-39,Full Game: over 38.5 points scored?,0.5300,0.5500,0.5300,100.00,100.00,active,2026-10-13T17:00:00Z,2026-10-06T16:54:33+00:00
KXNFLTOTAL-26OCT11CLENYJ,KXNFLTOTAL,KXNFLTOTAL-26OCT11CLENYJ-53,Full Game: over 52.5 points scored?,0.1500,0.1700,0.0000,0.00,0.00,active,2026-10-13T17:00:00Z,2026-10-06T16:54:33+00:00
KXNFLTOTAL-26OCT11CLENYJ,KXNFLTOTAL,KXNFLTOTAL-26OCT11CLENYJ-62,Full Game: over 61.5 points scored?,0.0400,0.0700,0.0000,0.00,0.00,active,2026-10-13T17:00:00Z,2026-10-06T16:54:33+00:00
KXNFLTOTAL-26OCT11CLENYJ,KXNFLTOTAL,KXNFLTOTAL-26OCT11CLENYJ-23,Full Game: over 22.5 points scored?,0.9200,0.9500,0.0000,0.00,0.00,active,2026-10-13T17:00:00Z,2026-10-06T16:54:33+00:00
KXNFLTOTAL-26OCT11CLENYJ,KXNFLTOTAL,KXNFLTOTAL-26OCT11CLENYJ-20,Full Game: over 19.5 points scored?,0.9500,0.9700,0.9500,430.00,230.00,active,2026-10-13T17:00:00Z,2026-10-06T16:54:33+00:00
KXNFLTOTAL-26OCT11CLENYJ,KXNFLTOTAL,KXNFLTOTAL-26OCT11CLENYJ-41,Full Game: over 40.5 points scored?,0.4700,0.4800,0.4700,89.70,89.70,active,2026-10-13T17:00:00Z,2026-10-06T16:54:33+00:00
KXNFLTOTAL-26OCT11CLENYJ,KXNFLTOTAL,KXNFLTOTAL-26OCT11CLENYJ-43,Full Game: over 42.5 points scored?,0.4100,0.4300,0.0000,0.00,0.00,active,2026-10-13T17:00:00Z,2026-10-06T16:54:33+00:00
KXNFLTOTAL-26OCT11CLENYJ,KXNFLTOTAL,KXNFLTOTAL-26OCT11CLENYJ-40,Full Game: over 39.5 points scored?,0.5200,0.5300,0.5200,956.26,813.71,active,2026-10-13T17:00:00Z,2026-10-06T16:54:33+00:00
KXNFLTOTAL-26OCT11CLENYJ,KXNFLTOTAL,KXNFLTOTAL-26OCT11CLENYJ-29,Full Game: over 28.5 points scored?,0.8300,0.8400,0.0000,0.00,0.00,active,2026-10-13T17:00:00Z,2026-10-06T16:54:33+00:00
KXNFLTOTAL-26OCT11DENLAC,KXNFLTOTAL,KXNFLTOTAL-26OCT11DENLAC-32,Full Game: over 31.5 points scored?,0.8000,0.8200,0.0000,0.00,0.00,active,2026-10-13T20:05:00Z,2026-10-06T16:54:33+00:00
KXNFLTOTAL-26OCT11DENLAC,KXNFLTOTAL,KXNFLTOTAL-26OCT11DENLAC-23,Full Game: over 22.5 points scored?,0.9500,0.9700,0.0000,0.00,0.00,active,2026-10-13T20:05:00Z,2026-10-06T16:54:33+00:00
KXNFLTOTAL-26OCT11DENLAC,KXNFLTOTAL,KXNFLTOTAL-26OCT11DENLAC-41,Full Game: over 40.5 points scored?,0.5500,0.5600,0.5700,34.05,34.05,active,2026-10-13T20:05:00Z,2026-10-06T16:54:33+00:00
KXNFLTOTAL-26OCT11DENLAC,KXNFLTOTAL,KXNFLTOTAL-26OCT11DENLAC-50,Full Game: over 49.5 points scored?,0.2800,0.3000,0.0000,0.00,0.00,active,2026-10-13T20:05:00Z,2026-10-06T16:54:33+00:00
KXNFLTOTAL-26OCT11DENLAC,KXNFLTOTAL,KXNFLTOTAL-26OCT11DENLAC-38,Full Game: over 37.5 points scored?,0.6300,0.6500,0.0000,0.00,0.00,active,2026-10-13T20:05:00Z,2026-10-06T16:54:33+00:00
KXNFLTOTAL-26OCT11DENLAC,KXNFLTOTAL,KXNFLTOTAL-26OCT11DENLAC-56,Full Game: over 55.5 points scored?,0.1600,0.1700,0.0000,0.00,0.00,active,2026-10-13T20:05:00Z,2026-10-06T16:54:33+00:00
KXNFLTOTAL-26OCT11DENLAC,KXNFLTOTAL,KXNFLTOTAL-26OCT11DENLAC-26,Full Game: over 25.5 points scored?,0.9100,0.9400,0.0000,0.00,0.00,active,2026-10-13T20:05:00Z,2026-10-06T16:54:33+00:00
KXNFLTOTAL-26OCT11DENLAC,KXNFLTOTAL,KXNFLTOTAL-26OCT11DENLAC-45,Full Game: over 44.5 points scored?,0.4100,0.4300,0.0000,0.00,0.00,active,2026-10-13T20:05:00Z,2026-10-06T16:54:33+00:00
KXNFLTOTAL-26OCT11DENLAC,KXNFLTOTAL,KXNFLTOTAL-26OCT11DENLAC-42,Full Game: over 41.5 points scored?,0.5100,0.5200,0.5200,20.10,20.10,active,2026-10-13T20:05:00Z,2026-10-06T16:54:33+00:00
KXNFLTOTAL-26OCT11DENLAC,KXNFLTOTAL,KXNFLTOTAL-26OCT11DENLAC-59,Full Game: over 58.5 points scored?,0.1100,0.1200,0.0000,0.00,0.00,active,2026-10-13T20:05:00Z,2026-10-06T16:54:33+00:00
KXNFLTOTAL-26OCT11DENLAC,KXNFLTOTAL,KXNFLTOTAL-26OCT11DENLAC-43,Full Game: over 42.5 points scored?,0.4900,0.5000,0.4900,3661.96,3626.96,active,2026-10-13T20:05:00Z,2026-10-06T16:54:33+00:00
KXNFLTOTAL-26OCT11DENLAC,KXNFLTOTAL,KXNFLTOTAL-26OCT11DENLAC-29,Full Game: over 28.5 points scored?,0.8700,0.8900,0.8700,72.50,72.50,active,2026-10-13T20:05:00Z,2026-10-06T16:54:33+00:00
KXNFLTOTAL-26OCT11DENLAC,KXNFLTOTAL,KXNFLTOTAL-26OCT11DENLAC-46,Full Game: over 45.5 points scored?,0.3900,0.4100,0.3800,12.56,12.56,active,2026-10-13T20:05:00Z,2026-10-06T16:54:33+00:00
KXNFLTOTAL-26OCT11DENLAC,KXNFLTOTAL,KXNFLTOTAL-26OCT11DENLAC-35,Full Game: over 34.5 points scored?,0.7300,0.7400,0.0000,0.00,0.00,active,2026-10-13T20:05:00Z,2026-10-06T16:54:33+00:00
KXNFLTOTAL-26OCT11DENLAC,KXNFLTOTAL,KXNFLTOTAL-26OCT11DENLAC-44,Full Game: over 43.5 points scored?,0.4500,0.4600,0.4500,7427.63,6708.29,active,2026-10-13T20:05:00Z,2026-10-06T16:54:33+00:00
KXNFLTOTAL-26OCT11DENLAC,KXNFLTOTAL,KXNFLTOTAL-26OCT11DENLAC-47,Full Game: over 46.5 points scored?,0.3700,0.3800,0.0000,0.00,0.00,active,2026-10-13T20:05:00Z,2026-10-06T16:54:33+00:00
KXNFLTOTAL-26OCT11DENLAC,KXNFLTOTAL,KXNFLTOTAL-26OCT11DENLAC-65,Full Game: over 64.5 points scored?,0.0500,0.0700,0.0000,0.00,0.00,active,2026-10-13T20:05:00Z,2026-10-06T16:54:33+00:00
KXNFLTOTAL-26OCT11DENLAC,KXNFLTOTAL,KXNFLTOTAL-26OCT11DENLAC-62,Full Game: over 61.5 points scored?,0.0800,0.0900,0.0000,0.00,0.00,active,2026-10-13T20:05:00Z,2026-10-06T16:54:33+00:00
KXNFLTOTAL-26OCT11DENLAC,KXNFLTOTAL,KXNFLTOTAL-26OCT11DENLAC-53,Full Game: over 52.5 points scored?,0.2100,0.2200,0.2200,109.44,109.44,active,2026-10-13T20:05:00Z,2026-10-06T16:54:33+00:00
KXNFLTOTAL-26OCT11DETARI,KXNFLTOTAL,KXNFLTOTAL-26OCT11DETARI-57,Full Game: over 56.5 points scored?,0.4200,0.4400,0.0000,0.00,0.00,active,2026-10-13T20:25:00Z,2026-10-06T16:54:33+00:00
KXNFLTOTAL-26OCT11DETARI,KXNFLTOTAL,KXNFLTOTAL-26OCT11DETARI-73,Full Game: over 72.5 points scored?,0.1000,0.1100,0.0000,0.00,0.00,active,2026-10-13T20:25:00Z,2026-10-06T16:54:33+00:00
KXNFLTOTAL-26OCT11DETARI,KXNFLTOTAL,KXNFLTOTAL-26OCT11DETARI-40,Full Game: over 39.5 points scored?,0.8500,0.8800,0.0000,0.00,0.00,active,2026-10-13T20:25:00Z,2026-10-06T16:54:33+00:00
KXNFLTOTAL-26OCT11DETARI,KXNFLTOTAL,KXNFLTOTAL-26OCT11DETARI-49,Full Game: over 48.5 points scored?,0.6700,0.6800,0.6800,165.68,165.68,active,2026-10-13T20:25:00Z,2026-10-06T16:54:33+00:00
KXNFLTOTAL-26OCT11DETARI,KXNFLTOTAL,KXNFLTOTAL-26OCT11DETARI-56,Full Game: over 55.5 points scored?,0.4400,0.4500,0.4500,80.75,80.75,active,2026-10-13T20:25:00Z,2026-10-06T16:54:33+00:00
KXNFLTOTAL-26OCT11DETARI,KXNFLTOTAL,KXNFLTOTAL-26OCT11DETARI-58,Full Game: over 57.5 points scored?,0.3800,0.4000,0.0000,0.00,0.00,active,2026-10-13T20:25:00Z,2026-10-06T16:54:33+00:00
KXNFLTOTAL-26OCT11DETARI,KXNFLTOTAL,KXNFLTOTAL-26OCT11DETARI-37,Full Game: over 36.5 points scored?,0.9000,0.9200,0.0000,0.00,0.00,active,2026-10-13T20:25:00Z,2026-10-06T16:54:33+00:00
KXNFLTOTAL-26OCT11DETARI,KXNFLTOTAL,KXNFLTOTAL-26OCT11DETARI-67,Full Game: over 66.5 points scored?,0.1800,0.1900,0.0000,0.00,0.00,active,2026-10-13T20:25:00Z,2026-10-06T16:54:33+00:00
KXNFLTOTAL-26OCT11DETARI,KXNFLTOTAL,KXNFLTOTAL-26OCT11DETARI-70,Full Game: over 69.5 points scored?,0.1300,0.1500,0.0000,0.00,0.00,active,2026-10-13T20:25:00Z,2026-10-06T16:54:33+00:00
KXNFLTOTAL-26OCT11DETARI,KXNFLTOTAL,KXNFLTOTAL-26OCT11DETARI-53,Full Game: over 52.5 points scored?,0.5400,0.5500,0.5500,2194.66,2194.66,active,2026-10-13T20:25:00Z,2026-10-06T16:54:33+00:00
KXNFLTOTAL-26OCT11DETARI,KXNFLTOTAL,KXNFLTOTAL-26OCT11DETARI-52,Full Game: over 51.5 points scored?,0.5600,0.5800,0.5800,32.00,16.00,active,2026-10-13T20:25:00Z,2026-10-06T16:54:33+00:00
KXNFLTOTAL-26OCT11DETARI,KXNFLTOTAL,KXNFLTOTAL-26OCT11DETARI-54,Full Game: over 53.5 points scored?,0.5200,0.5300,0.5300,4848.98,4113.98,active,2026-10-13T20:25:00Z,2026-10-06T16:54:33+00:00
KXNFLTOTAL-26OCT11DETARI,KXNFLTOTAL,KXNFLTOTAL-26OCT11DETARI-43,Full Game: over 42.5 points scored?,0.8000,0.8300,0.0000,0.00,0.00,active,2026-10-13T20:25:00Z,2026-10-06T16:54:33+00:00
KXNFLTOTAL-26OCT11DETARI,KXNFLTOTAL,KXNFLTOTAL-26OCT11DETARI-55,Full Game: over 54.5 points scored?,0.4900,0.5000,0.5000,2402.41,2397.68,active,2026-10-13T20:25:00Z,2026-10-06T16:54:33+00:00
KXNFLTOTAL-26OCT11DETARI,KXNFLTOTAL,KXNFLTOTAL-26OCT11DETARI-64,Full Game: over 63.5 points scored?,0.2400,0.2500,0.0000,0.00,0.00,active,2026-10-13T20:25:00Z,2026-10-06T16:54:33+00:00
KXNFLTOTAL-26OCT11DETARI,KXNFLTOTAL,KXNFLTOTAL-26OCT11DETARI-61,Full Game: over 60.5 points scored?,0.3100,0.3200,0.3200,342.00,342.00,active,2026-10-13T20:25:00Z,2026-10-06T16:54:33+00:00
KXNFLTOTAL-26OCT11DETARI,KXNFLTOTAL,KXNFLTOTAL-26OCT11DETARI-46,Full Game: over 45.5 points scored?,0.7500,0.7600,0.7600,1308.08,1308.08,active,2026-10-13T20:25:00Z,2026-10-06T16:54:33+00:00
KXNFLTOTAL-26OCT11DETARI,KXNFLTOTAL,KXNFLTOTAL-26OCT11DETARI-34,Full Game: over 33.5 points scored?,0.9300,0.9500,0.0000,0.00,0.00,active,2026-10-13T20:25:00Z,2026-10-06T16:54:33+00:00
KXNFLTOTAL-26OCT11DETARI,KXNFLTOTAL,KXNFLTOTAL-26OCT11DETARI-76,Full Game: over 75.5 points scored?,0.0600,0.0800,0.0000,0.00,0.00,active,2026-10-13T20:25:00Z,2026-10-06T16:54:33+00:00
KXNFLTOTAL-26OCT11HOUTEN,KXNFLTOTAL,KXNFLTOTAL-26OCT11HOUTEN-41,Full Game: over 40.5 points scored?,0.4200,0.4400,0.0000,0.00,0.00,active,2026-10-13T17:00:00Z,2026-10-06T16:54:33+00:00
KXNFLTOTAL-26OCT11HOUTEN,KXNFLTOTAL,KXNFLTOTAL-26OCT11HOUTEN-38,Full Game: over 37.5 points scored?,0.5200,0.5300,0.5300,298.15,298.15,active,2026-10-13T17:00:00Z,2026-10-06T16:54:33+00:00
KXNFLTOTAL-26OCT11HOUTEN,KXNFLTOTAL,KXNFLTOTAL-26OCT11HOUTEN-55,Full Game: over 54.5 points scored?,0.1200,0.1300,0.0000,0.00,0.00,active,2026-10-13T17:00:00Z,2026-10-06T16:54:33+00:00
KXNFLTOTAL-26OCT11HOUTEN,KXNFLTOTAL,KXNFLTOTAL-26OCT11HOUTEN-39,Full Game: over 38.5 points scored?,0.4900,0.5000,0.4900,1247.00,1247.00,active,2026-10-13T17:00:00Z,2026-10-06T16:54:33+00:00
KXNFLTOTAL-26OCT11HOUTEN,KXNFLTOTAL,KXNFLTOTAL-26OCT11HOUTEN-46,Full Game: over 45.5 points scored?,0.2900,0.3000,0.0000,0.00,0.00,active,2026-10-13T17:00:00Z,2026-10-06T16:54:33+00:00
KXNFLTOTAL-26OCT11HOUTEN,KXNFLTOTAL,KXNFLTOTAL-26OCT11HOUTEN-19,Full Game: over 18.5 points scored?,0.9600,0.9700,0.0000,0.00,0.00,active,2026-10-13T17:00:00Z,2026-10-06T16:54:33+00:00
KXNFLTOTAL-26OCT11HOUTEN,KXNFLTOTAL,KXNFLTOTAL-26OCT11HOUTEN-28,Full Game: over 27.5 points scored?,0.8100,0.8400,0.0000,0.00,0.00,active,2026-10-13T17:00:00Z,2026-10-06T16:54:33+00:00
KXNFLTOTAL-26OCT11HOUTEN,KXNFLTOTAL,KXNFLTOTAL-26OCT11HOUTEN-43,Full Game: over 42.5 points scored?,0.3800,0.4000,0.0000,0.00,0.00,active,2026-10-13T17:00:00Z,2026-10-06T16:54:33+00:00
KXNFLTOTAL-26OCT11HOUTEN,KXNFLTOTAL,KXNFLTOTAL-26OCT11HOUTEN-52,Full Game: over 51.5 points scored?,0.1600,0.1700,0.0000,0.00,0.00,active,2026-10-13T17:00:00Z,2026-10-06T16:54:33+00:00
KXNFLTOTAL-26OCT11HOUTEN,KXNFLTOTAL,KXNFLTOTAL-26OCT11HOUTEN-58,Full Game: over 57.5 points scored?,0.0800,0.0900,0.0900,2122.00,2122.00,active,2026-10-13T17:00:00Z,2026-10-06T16:54:33+00:00
KXNFLTOTAL-26OCT11HOUTEN,KXNFLTOTAL,KXNFLTOTAL-26OCT11HOUTEN-22,Full Game: over 21.5 points scored?,0.9200,0.9500,0.0000,0.00,0.00,active,2026-10-13T17:00:00Z,2026-10-06T16:54:33+00:00
KXNFLTOTAL-26OCT11HOUTEN,KXNFLTOTAL,KXNFLTOTAL-26OCT11HOUTEN-40,Full Game: over 39.5 points scored?,0.4700,0.4800,0.4700,1662.87,1522.60,active,2026-10-13T17:00:00Z,2026-10-06T16:54:33+00:00
KXNFLTOTAL-26OCT11HOUTEN,KXNFLTOTAL,KXNFLTOTAL-26OCT11HOUTEN-25,Full Game: over 24.5 points scored?,0.8900,0.9000,0.9100,1.07,1.07,active,2026-10-13T17:00:00Z,2026-10-06T16:54:33+00:00
KXNFLTOTAL-26OCT11HOUTEN,KXNFLTOTAL,KXNFLTOTAL-26OCT11HOUTEN-61,Full Game: over 60.5 points scored?,0.0500,0.0700,0.0000,0.00,0.00,active,2026-10-13T17:00:00Z,2026-10-06T16:54:33+00:00
KXNFLTOTAL-26OCT11HOUTEN,KXNFLTOTAL,KXNFLTOTAL-26OCT11HOUTEN-37,Full Game: over 36.5 points scored?,0.5600,0.5700,0.0000,0.00,0.00,active,2026-10-13T17:00:00Z,2026-10-06T16:54:33+00:00
KXNFLTOTAL-26OCT11HOUTEN,KXNFLTOTAL,KXNFLTOTAL-26OCT11HOUTEN-31,Full Game: over 30.5 points scored?,0.7200,0.7400,0.7400,1923.00,1923.00,active,2026-10-13T17:00:00Z,2026-10-06T16:54:33+00:00
KXNFLTOTAL-26OCT11HOUTEN,KXNFLTOTAL,KXNFLTOTAL-26OCT11HOUTEN-34,Full Game: over 33.5 points scored?,0.6400,0.6500,0.6600,48.00,48.00,active,2026-10-13T17:00:00Z,2026-10-06T16:54:33+00:00
KXNFLTOTAL-26OCT11HOUTEN,KXNFLTOTAL,KXNFLTOTAL-26OCT11HOUTEN-42,Full Game: over 41.5 points scored?,0.4000,0.4100,0.4300,230.00,230.00,active,2026-10-13T17:00:00Z,2026-10-06T16:54:33+00:00
KXNFLTOTAL-26OCT11HOUTEN,KXNFLTOTAL,KXNFLTOTAL-26OCT11HOUTEN-49,Full Game: over 48.5 points scored?,0.2200,0.2300,0.0000,0.00,0.00,active,2026-10-13T17:00:00Z,2026-10-06T16:54:33+00:00
KXNFLTOTAL-26OCT11INDPIT,KXNFLTOTAL,KXNFLTOTAL-26OCT11INDPIT-26,Full Game: over 25.5 points scored?,0.9300,0.9500,0.0000,0.00,0.00,active,2026-10-13T17:00:00Z,2026-10-06T16:54:33+00:00
KXNFLTOTAL-26OCT11INDPIT,KXNFLTOTAL,KXNFLTOTAL-26OCT11INDPIT-46,Full Game: over 45.5 points scored?,0.4600,0.4800,0.4600,1.00,1.00,active,2026-10-13T17:00:00Z,2026-10-06T16:54:33+00:00
KXNFLTOTAL-26OCT11INDPIT,KXNFLTOTAL,KXNFLTOTAL-26OCT11INDPIT-29,Full Game: over 28.5 points scored?,0.9000,0.9200,0.0000,0.00,0.00,active,2026-10-13T17:00:00Z,2026-10-06T16:54:33+00:00
KXNFLTOTAL-26OCT11INDPIT,KXNFLTOTAL,KXNFLTOTAL-26OCT11INDPIT-56,Full Game: over 55.5 points scored?,0.1900,0.2100,0.0000,0.00,0.00,active,2026-10-13T17:00:00Z,2026-10-06T16:54:33+00:00
KXNFLTOTAL-26OCT11INDPIT,KXNFLTOTAL,KXNFLTOTAL-26OCT11INDPIT-32,Full Game: over 31.5 points scored?,0.8400,0.8700,0.0000,0.00,0.00,active,2026-10-13T17:00:00Z,2026-10-06T16:54:33+00:00
KXNFLTOTAL-26OCT11INDPIT,KXNFLTOTAL,KXNFLTOTAL-26OCT11INDPIT-42,Full Game: over 41.5 points scored?,0.5800,0.6000,0.0000,0.00,0.00,active,2026-10-13T17:00:00Z,2026-10-06T16:54:33+00:00
KXNFLTOTAL-26OCT11INDPIT,KXNFLTOTAL,KXNFLTOTAL-26OCT11INDPIT-43,Full Game: over 42.5 points scored?,0.5600,0.5800,0.0000,0.00,0.00,active,2026-10-13T17:00:00Z,2026-10-06T16:54:33+00:00
KXNFLTOTAL-26OCT11INDPIT,KXNFLTOTAL,KXNFLTOTAL-26OCT11INDPIT-44,Full Game: over 43.5 points scored?,0.5300,0.5500,0.5400,1387.32,1079.57,active,2026-10-13T17:00:00Z,2026-10-06T16:54:33+00:00
KXNFLTOTAL-26OCT11INDPIT,KXNFLTOTAL,KXNFLTOTAL-26OCT11INDPIT-38,Full Game: over 37.5 points scored?,0.7000,0.7200,0.7200,13.61,13.61,active,2026-10-13T17:00:00Z,2026-10-06T16:54:33+00:00
KXNFLTOTAL-26OCT11INDPIT,KXNFLTOTAL,KXNFLTOTAL-26OCT11INDPIT-53,Full Game: over 52.5 points scored?,0.2600,0.2800,0.2600,969.00,969.00,active,2026-10-13T17:00:00Z,2026-10-06T16:54:33+00:00
KXNFLTOTAL-26OCT11INDPIT,KXNFLTOTAL,KXNFLTOTAL-26OCT11INDPIT-62,Full Game: over 61.5 points scored?,0.1000,0.1100,0.0000,0.00,0.00,active,2026-10-13T17:00:00Z,2026-10-06T16:54:33+00:00
KXNFLTOTAL-26OCT11INDPIT,KXNFLTOTAL,KXNFLTOTAL-26OCT11INDPIT-50,Full Game: over 49.5 points scored?,0.3600,0.3700,0.3500,6.00,3.00,active,2026-10-13T17:00:00Z,2026-10-06T16:54:33+00:00
KXNFLTOTAL-26OCT11INDPIT,KXNFLTOTAL,KXNFLTOTAL-26OCT11INDPIT-59,Full Game: over 58.5 points scored?,0.1400,0.1500,0.1600,118.05,118.05,active,2026-10-13T17:00:00Z,2026-10-06T16:54:33+00:00
KXNFLTOTAL-26OCT11INDPIT,KXNFLTOTAL,KXNFLTOTAL-26OCT11INDPIT-65,Full Game: over 64.5 points scored?,0.0700,0.0800,0.0000,0.00,0.00,active,2026-10-13T17:00:00Z,2026-10-06T16:54:33+00:00
KXNFLTOTAL-26OCT11INDPIT,KXNFLTOTAL,KXNFLTOTAL-26OCT11INDPIT-35,Full Game: over 34.5 points scored?,0.7800,0.8000,0.0000,0.00,0.00,active,2026-10-13T17:00:00Z,2026-10-06T16:54:33+00:00
KXNFLTOTAL-26OCT11INDPIT,KXNFLTOTAL,KXNFLTOTAL-26OCT11INDPIT-41,Full Game: over 40.5 points scored?,0.6200,0.6400,0.6400,10.01,10.01,active,2026-10-13T17:00:00Z,2026-10-06T16:54:33+00:00
KXNFLTOTAL-26OCT11INDPIT,KXNFLTOTAL,KXNFLTOTAL-26OCT11INDPIT-47,Full Game: over 46.5 points scored?,0.4400,0.4500,0.4300,180.00,180.00,active,2026-10-13T17:00:00Z,2026-10-06T16:54:33+00:00
KXNFLTOTAL-26OCT11INDPIT,KXNFLTOTAL,KXNFLTOTAL-26OCT11INDPIT-23,Full Game: over 22.5 points scored?,0.9700,0.9800,0.0000,0.00,0.00,active,2026-10-13T17:00:00Z,2026-10-06T16:54:33+00:00
KXNFLTOTAL-26OCT11INDPIT,KXNFLTOTAL,KXNFLTOTAL-26OCT11INDPIT-45,Full Game: over 44.5 points scored?,0.5000,0.5100,0.5100,13458.68,13214.67,active,2026-10-13T17:00:00Z,2026-10-06T16:54:33+00:00
KXNFLTOTAL-26OCT11LVNE,KXNFLTOTAL,KXNFLTOTAL-26OCT11LVNE-24,Full Game: over 23.5 points scored?,0.9500,0.9700,0.0000,0.00,0.00,active,2026-10-13T17:00:00Z,2026-10-06T16:54:33+00:00
KXNFLTOTAL-26OCT11LVNE,KXNFLTOTAL,KXNFLTOTAL-26OCT11LVNE-47,Full Game: over 46.5 points scored?,0.4500,0.4700,0.0000,0.00,0.00,active,2026-10-13T17:00:00Z,2026-10-06T16:54:33+00:00
KXNFLTOTAL-26OCT11LVNE,KXNFLTOTAL,KXNFLTOTAL-26OCT11LVNE-42,Full Game: over 41.5 points scored?,0.6100,0.6200,0.6100,27.37,27.37,active,2026-10-13T17:00:00Z,2026-10-06T16:54:33+00:00
KXNFLTOTAL-26OCT11LVNE,KXNFLTOTAL,KXNFLTOTAL-26OCT11LVNE-48,Full Game: over 47.5 points scored?,0.4100,0.4300,0.0000,0.00,0.00,active,2026-10-13T17:00:00Z,2026-10-06T16:54:33+00:00
KXNFLTOTAL-26OCT11LVNE,KXNFLTOTAL,KXNFLTOTAL-26OCT11LVNE-39,Full Game: over 38.5 points scored?,0.6900,0.7100,0.0000,0.00,0.00,active,2026-10-13T17:00:00Z,2026-10-06T16:54:33+00:00
KXNFLTOTAL-26OCT11LVNE,KXNFLTOTAL,KXNFLTOTAL-26OCT11LVNE-33,Full Game: over 32.5 points scored?,0.8400,0.8600,0.0000,0.00,0.00,active,2026-10-13T17:00:00Z,2026-10-06T16:54:33+00:00
KXNFLTOTAL-26OCT11LVNE,KXNFLTOTAL,KXNFLTOTAL-26OCT11LVNE-43,Full Game: over 42.5 points scored?,0.5800,0.5900,0.5900,25.00,25.00,active,2026-10-13T17:00:00Z,2026-10-06T16:54:33+00:00
KXNFLTOTAL-26OCT11LVNE,KXNFLTOTAL,KXNFLTOTAL-26OCT11LVNE-44,Full Game: over 43.5 points scored?,0.5500,0.5600,0.0000,0.00,0.00,active,2026-10-13T17:00:00Z,2026-10-06T16:54:33+00:00
KXNFLTOTAL-26OCT11LVNE,KXNFLTOTAL,KXNFLTOTAL-26OCT11LVNE-63,Full Game: over 62.5 points scored?,0.1000,0.1100,0.0000,0.00,0.00,active,2026-10-13T17:00:00Z,2026-10-06T16:54:33+00:00
KXNFLTOTAL-26OCT11LVNE,KXNFLTOTAL,KXNFLTOTAL-26OCT11LVNE-66,Full Game: over 65.5 points scored?,0.0600,0.0800,0.0000,0.00,0.00,active,2026-10-13T17:00:00Z,2026-10-06T16:54:33+00:00
KXNFLTOTAL-26OCT11LVNE,KXNFLTOTAL,KXNFLTOTAL-26OCT11LVNE-57,Full Game: over 56.5 points scored?,0.1900,0.2100,0.2000,12.18,12.18,active,2026-10-13T17:00:00Z,2026-10-06T16:54:33+00:00
KXNFLTOTAL-26OCT11LVNE,KXNFLTOTAL,KXNFLTOTAL-26OCT11LVNE-54,Full Game: over 53.5 points scored?,0.2600,0.2700,0.2800,71.00,71.00,active,2026-10-13T17:00:00Z,2026-10-06T16:54:33+00:00
KXNFLTOTAL-26OCT11LVNE,KXNFLTOTAL,KXNFLTOTAL-26OCT11LVNE-36,Full Game: over 35.5 points scored?,0.7700,0.7800,0.7700,18.00,18.00,active,2026-10-13T17:00:00Z,2026-10-06T16:54:33+00:00
KXNFLTOTAL-26OCT11LVNE,KXNFLTOTAL,KXNFLTOTAL-26OCT11LVNE-46,Full Game: over 45.5 points scored?,0.4800,0.4900,0.4800,2124.91,1474.34,active,2026-10-13T17:00:00Z,2026-10-06T16:54:33+00:00
KXNFLTOTAL-26OCT11LVNE,KXNFLTOTAL,KXNFLTOTAL-26OCT11LVNE-45,Full Game: over 44.5 points scored?,0.5100,0.5300,0.5300,56.48,56.48,active,2026-10-13T17:00:00Z,2026-10-06T16:54:33+00:00
KXNFLTOTAL-26OCT11LVNE,KXNFLTOTAL,KXNFLTOTAL-26OCT11LVNE-60,Full Game: over 59.5 points scored?,0.1400,0.1600,0.0000,0.00,0.00,active,2026-10-13T17:00:00Z,2026-10-06T16:54:33+00:00
KXNFLTOTAL-26OCT11LVNE,KXNFLTOTAL,KXNFLTOTAL-26OCT11LVNE-51,Full Game: over 50.5 points scored?,0.3300,0.3500,0.0000,0.00,0.00,active,2026-10-13T17:00:00Z,2026-10-06T16:54:33+00:00
KXNFLTOTAL-26OCT11LVNE,KXNFLTOTAL,KXNFLTOTAL-26OCT11LVNE-27,Full Game: over 26.5 points scored?,0.9200,0.9500,0.0000,0.00,0.00,active,2026-10-13T17:00:00Z,2026-10-06T16:54:33+00:00
KXNFLTOTAL-26OCT11LVNE,KXNFLTOTAL,KXNFLTOTAL-26OCT11LVNE-30,Full Game: over 29.5 points scored?,0.8900,0.9100,0.8900,227.58,81.00,active,2026-10-13T17:00:00Z,2026-10-06T16:54:33+00:00
KXNFLTOTAL-26OCT11MINNO,KXNFLTOTAL,KXNFLTOTAL-26OCT11MINNO-48,Full Game: over 47.5 points scored?,0.3100,0.3400,0.0000,0.00,0.00,active,2026-10-13T17:00:00Z,2026-10-06T16:54:33+00:00
KXNFLTOTAL-26OCT11MINNO,KXNFLTOTAL,KXNFLTOTAL-26OCT11MINNO-46,Full Game: over 45.5 points scored?,0.3700,0.4000,0.0000,0.00,0.00,active,2026-10-13T17:00:00Z,2026-10-06T16:54:33+00:00
KXNFLTOTAL-26OCT11MINNO,KXNFLTOTAL,KXNFLTOTAL-26OCT11MINNO-60,Full Game: over 59.5 points scored?,0.0800,0.1000,0.0000,0.00,0.00,active,2026-10-13T17:00:00Z,2026-10-06T16:54:33+00:00
KXNFLTOTAL-26OCT11MINNO,KXNFLTOTAL,KXNFLTOTAL-26OCT11MINNO-43,Full Game: over 42.5 points scored?,0.4800,0.4900,0.4800,2463.95,2324.13,active,2026-10-13T17:00:00Z,2026-10-06T16:54:33+00:00
KXNFLTOTAL-26OCT11MINNO,KXNFLTOTAL,KXNFLTOTAL-26OCT11MINNO-33,Full Game: over 32.5 points scored?,0.7700,0.7800,0.7900,777.14,721.14,active,2026-10-13T17:00:00Z,2026-10-06T16:54:33+00:00
KXNFLTOTAL-26OCT11MINNO,KXNFLTOTAL,KXNFLTOTAL-26OCT11MINNO-57,Full Game: over 56.5 points scored?,0.1300,0.1500,0.1700,212.00,100.00,active,2026-10-13T17:00:00Z,2026-10-06T16:54:33+00:00
KXNFLTOTAL-26OCT11MINNO,KXNFLTOTAL,KXNFLTOTAL-26OCT11MINNO-45,Full Game: over 44.5 points scored?,0.4000,0.4100,0.4000,1231.37,1231.37,active,2026-10-13T17:00:00Z,2026-10-06T16:54:33+00:00
KXNFLTOTAL-26OCT11MINNO,KXNFLTOTAL,KXNFLTOTAL-26OCT11MINNO-30,Full Game: over 29.5 points scored?,0.8400,0.8500,0.8500,715.22,715.22,active,2026-10-13T17:00:00Z,2026-10-06T16:54:33+00:00
KXNFLTOTAL-26OCT11MINNO,KXNFLTOTAL,KXNFLTOTAL-26OCT11MINNO-47,Full Game: over 46.5 points scored?,0.3500,0.3700,0.4000,300.00,300.00,active,2026-10-13T17:00:00Z,2026-10-06T16:54:33+00:00
KXNFLTOTAL-26OCT11MINNO,KXNFLTOTAL,KXNFLTOTAL-26OCT11MINNO-51,Full Game: over 50.5 points scored?,0.2400,0.2600,0.2400,110.04,110.04,active,2026-10-13T17:00:00Z,2026-10-06T16:54:33+00:00
KXNFLTOTAL-26OCT11MINNO,KXNFLTOTAL,KXNFLTOTAL-26OCT11MINNO-24,Full Game: over 23.5 points scored?,0.9400,0.9500,0.9400,800.00,800.00,active,2026-10-13T17:00:00Z,2026-10-06T16:54:33+00:00
KXNFLTOTAL-26OCT11MINNO,KXNFLTOTAL,KXNFLTOTAL-26OCT11MINNO-39,Full Game: over 38.5 points scored?,0.6000,0.6100,0.6000,3.39,3.39,active,2026-10-13T17:00:00Z,2026-10-06T16:54:33+00:00
KXNFLTOTAL-26OCT11MINNO,KXNFLTOTAL,KXNFLTOTAL-26OCT11MINNO-54,Full Game: over 53.5 points scored?,0.1800,0.1900,0.1900,194.00,159.00,active,2026-10-13T17:00:00Z,2026-10-06T16:54:33+00:00
KXNFLTOTAL-26OCT11MINNO,KXNFLTOTAL,KXNFLTOTAL-26OCT11MINNO-42,Full Game: over 41.5 points scored?,0.5100,0.5200,0.5200,3658.76,3338.51,active,2026-10-13T17:00:00Z,2026-10-06T16:54:33+00:00
KXNFLTOTAL-26OCT11MINNO,KXNFLTOTAL,KXNFLTOTAL-26OCT11MINNO-27,Full Game: over 26.5 points scored?,0.9000,0.9100,0.9100,508.67,508.67,active,2026-10-13T17:00:00Z,2026-10-06T16:54:33+00:00
KXNFLTOTAL-26OCT11MINNO,KXNFLTOTAL,KXNFLTOTAL-26OCT11MINNO-36,Full Game: over 35.5 points scored?,0.6900,0.7100,0.7300,23.17,23.17,active,2026-10-13T17:00:00Z,2026-10-06T16:54:33+00:00
KXNFLTOTAL-26OCT11MINNO,KXNFLTOTAL,KXNFLTOTAL-26OCT11MINNO-63,Full Game: over 62.5 points scored?,0.0600,0.0800,0.0000,0.00,0.00,active,2026-10-13T17:00:00Z,2026-10-06T16:54:33+00:00
KXNFLTOTAL-26OCT11MINNO,KXNFLTOTAL,KXNFLTOTAL-26OCT11MINNO-66,Full Game: over 65.5 points scored?,0.0400,0.0600,0.0500,130.00,130.00,active,2026-10-13T17:00:00Z,2026-10-06T16:54:33+00:00
KXNFLTOTAL-26OCT11MINNO,KXNFLTOTAL,KXNFLTOTAL-26OCT11MINNO-44,Full Game: over 43.5 points scored?,0.4300,0.4400,0.4600,4940.86,3370.86,active,2026-10-13T17:00:00Z,2026-10-06T16:54:33+00:00
KXNFLTOTAL-26OCT11NYGWAS,KXNFLTOTAL,KXNFLTOTAL-26OCT11NYGWAS-43,Full Game: over 42.5 points scored?,0.5300,0.5500,0.5500,1072.00,1072.00,active,2026-10-13T17:00:00Z,2026-10-06T16:54:33+00:00
KXNFLTOTAL-26OCT11NYGWAS,KXNFLTOTAL,KXNFLTOTAL-26OCT11NYGWAS-46,Full Game: over 45.5 points scored?,0.4300,0.4400,0.0000,0.00,0.00,active,2026-10-13T17:00:00Z,2026-10-06T16:54:33+00:00
KXNFLTOTAL-26OCT11NYGWAS,KXNFLTOTAL,KXNFLTOTAL-26OCT11NYGWAS-36,Full Game: over 35.5 points scored?,0.7400,0.7600,0.7500,1722.00,1722.00,active,2026-10-13T17:00:00Z,2026-10-06T16:54:33+00:00
KXNFLTOTAL-26OCT11NYGWAS,KXNFLTOTAL,KXNFLTOTAL-26OCT11NYGWAS-30,Full Game: over 29.5 points scored?,0.8700,0.8800,0.0000,0.00,0.00,active,2026-10-13T17:00:00Z,2026-10-06T16:54:33+00:00
KXNFLTOTAL-26OCT11NYGWAS,KXNFLTOTAL,KXNFLTOTAL-26OCT11NYGWAS-33,Full Game: over 32.5 points scored?,0.8100,0.8300,0.8100,1940.00,1808.00,active,2026-10-13T17:00:00Z,2026-10-06T16:54:33+00:00
KXNFLTOTAL-26OCT11NYGWAS,KXNFLTOTAL,KXNFLTOTAL-26OCT11NYGWAS-57,Full Game: over 56.5 points scored?,0.1700,0.1900,0.1800,1.00,1.00,active,2026-10-13T17:00:00Z,2026-10-06T16:54:33+00:00
KXNFLTOTAL-26OCT11NYGWAS,KXNFLTOTAL,KXNFLTOTAL-26OCT11NYGWAS-44,Full Game: over 43.5 points scored?,0.4900,0.5000,0.5000,231.41,230.41,active,2026-10-13T17:00:00Z,2026-10-06T16:54:33+00:00
KXNFLTOTAL-26OCT11NYGWAS,KXNFLTOTAL,KXNFLTOTAL-26OCT11NYGWAS-60,Full Game: over 59.5 points scored?,0.1200,0.1400,0.1300,1239.76,1239.76,active,2026-10-13T17:00:00Z,2026-10-06T16:54:33+00:00
KXNFLTOTAL-26OCT11NYGWAS,KXNFLTOTAL,KXNFLTOTAL-26OCT11NYGWAS-48,Full Game: over 47.5 points scored?,0.3700,0.3800,0.0000,0.00,0.00,active,2026-10-13T17:00:00Z,2026-10-06T16:54:33+00:00
KXNFLTOTAL-26OCT11NYGWAS,KXNFLTOTAL,KXNFLTOTAL-26OCT11NYGWAS-24,Full Game: over 23.5 points scored?,0.9500,0.9600,0.0000,0.00,0.00,active,2026-10-13T17:00:00Z,2026-10-06T16:54:33+00:00
KXNFLTOTAL-26OCT11NYGWAS,KXNFLTOTAL,KXNFLTOTAL-26OCT11NYGWAS-51,Full Game: over 50.5 points scored?,0.2900,0.3100,0.0000,0.00,0.00,active,2026-10-13T17:00:00Z,2026-10-06T16:54:33+00:00
KXNFLTOTAL-26OCT11NYGWAS,KXNFLTOTAL,KXNFLTOTAL-26OCT11NYGWAS-47,Full Game: over 46.5 points scored?,0.4000,0.4200,0.4200,2614.45,1864.01,active,2026-10-13T17:00:00Z,2026-10-06T16:54:33+00:00
KXNFLTOTAL-26OCT11NYGWAS,KXNFLTOTAL,KXNFLTOTAL-26OCT11NYGWAS-45,Full Game: over 44.5 points scored?,0.4600,0.4700,0.4700,1768.08,1740.40,active,2026-10-13T17:00:00Z,2026-10-06T16:54:33+00:00
KXNFLTOTAL-26OCT11NYGWAS,KXNFLTOTAL,KXNFLTOTAL-26OCT11NYGWAS-54,Full Game: over 53.5 points scored?,0.2200,0.2300,0.2400,221.00,81.00,active,2026-10-13T17:00:00Z,2026-10-06T16:54:33+00:00
KXNFLTOTAL-26OCT11NYGWAS,KXNFLTOTAL,KXNFLTOTAL-26OCT11NYGWAS-42,Full Game: over 41.5 points scored?,0.5500,0.5600,0.5700,1213.70,1210.70,active,2026-10-13T17:00:00Z,2026-10-06T16:54:33+00:00
KXNFLTOTAL-26OCT11NYGWAS,KXNFLTOTAL,KXNFLTOTAL-26OCT11NYGWAS-66,Full Game: over 65.5 points scored?,0.0500,0.0700,0.0000,0.00,0.00,active,2026-10-13T17:00:00Z,2026-10-06T16:54:33+00:00
KXNFLTOTAL-26OCT11NYGWAS,KXNFLTOTAL,KXNFLTOTAL-26OCT11NYGWAS-63,Full Game: over 62.5 points scored?,0.0800,0.1000,0.0000,0.00,0.00,active,2026-10-13T17:00:00Z,2026-10-06T16:54:33+00:00
KXNFLTOTAL-26OCT11NYGWAS,KXNFLTOTAL,KXNFLTOTAL-26OCT11NYGWAS-27,Full Game: over 26.5 points scored?,0.9200,0.9300,0.0000,0.00,0.00,active,2026-10-13T17:00:00Z,2026-10-06T16:54:33+00:00
KXNFLTOTAL-26OCT11NYGWAS,KXNFLTOTAL,KXNFLTOTAL-26OCT11NYGWAS-39,Full Game: over 38.5 points scored?,0.6600,0.6800,0.0000,0.00,0.00,active,2026-10-13T17:00:00Z,2026-10-06T16:54:33+00:00
KXNFLTOTAL-26OCT11PHIJAC,KXNFLTOTAL,KXNFLTOTAL-26OCT11PHIJAC-66,Full Game: over 65.5 points scored?,0.0400,0.0600,0.0000,0.00,0.00,active,2026-10-13T13:30:00Z,2026-10-06T16:54:33+00:00
KXNFLTOTAL-26OCT11PHIJAC,KXNFLTOTAL,KXNFLTOTAL-26OCT11PHIJAC-47,Full Game: over 46.5 points scored?,0.3800,0.4000,0.0000,0.00,0.00,active,2026-10-13T13:30:00Z,2026-10-06T16:54:33+00:00
KXNFLTOTAL-26OCT11PHIJAC,KXNFLTOTAL,KXNFLTOTAL-26OCT11PHIJAC-30,Full Game: over 29.5 points scored?,0.8600,0.8700,0.8600,91.20,79.60,active,2026-10-13T13:30:00Z,2026-10-06T16:54:33+00:00
KXNFLTOTAL-26OCT11PHIJAC,KXNFLTOTAL,KXNFLTOTAL-26OCT11PHIJAC-60,Full Game: over 59.5 points scored?,0.1000,0.1200,0.1000,10.85,10.85,active,2026-10-13T13:30:00Z,2026-10-06T16:54:33+00:00
KXNFLTOTAL-26OCT11PHIJAC,KXNFLTOTAL,KXNFLTOTAL-26OCT11PHIJAC-48,Full Game: over 47.5 points scored?,0.3400,0.3600,0.0000,0.00,0.00,active,2026-10-13T13:30:00Z,2026-10-06T16:54:33+00:00
KXNFLTOTAL-26OCT11PHIJAC,KXNFLTOTAL,KXNFLTOTAL-26OCT11PHIJAC-54,Full Game: over 53.5 points scored?,0.2000,0.2100,0.2100,189.76,188.76,active,2026-10-13T13:30:00Z,2026-10-06T16:54:33+00:00
KXNFLTOTAL-26OCT11PHIJAC,KXNFLTOTAL,KXNFLTOTAL-26OCT11PHIJAC-51,Full Game: over 50.5 points scored?,0.2700,0.2800,0.3100,161.00,161.00,active,2026-10-13T13:30:00Z,2026-10-06T16:54:33+00:00
KXNFLTOTAL-26OCT11PHIJAC,KXNFLTOTAL,KXNFLTOTAL-26OCT11PHIJAC-43,Full Game: over 42.5 points scored?,0.5100,0.5200,0.5100,1963.91,1599.43,active,2026-10-13T13:30:00Z,2026-10-06T16:54:33+00:00
KXNFLTOTAL-26OCT11PHIJAC,KXNFLTOTAL,KXNFLTOTAL-26OCT11PHIJAC-45,Full Game: over 44.5 points scored?,0.4300,0.4500,0.4400,126.11,116.09,active,2026-10-13T13:30:00Z,2026-10-06T16:54:33+00:00
KXNFLTOTAL-26OCT11PHIJAC,KXNFLTOTAL,KXNFLTOTAL-26OCT11PHIJAC-36,Full Game: over 35.5 points scored?,0.7400,0.7500,0.7300,243.87,243.87,active,2026-10-13T13:30:00Z,2026-10-06T16:54:33+00:00
KXNFLTOTAL-26OCT11PHIJAC,KXNFLTOTAL,KXNFLTOTAL-26OCT11PHIJAC-33,Full Game: over 32.5 points scored?,0.8100,0.8200,0.8100,336.29,336.29,active,2026-10-13T13:30:00Z,2026-10-06T16:54:33+00:00
KXNFLTOTAL-26OCT11PHIJAC,KXNFLTOTAL,KXNFLTOTAL-26OCT11PHIJAC-57,Full Game: over 56.5 points scored?,0.1400,0.1600,0.0000,0.00,0.00,active,2026-10-13T13:30:00Z,2026-10-06T16:54:33+00:00
KXNFLTOTAL-26OCT11PHIJAC,KXNFLTOTAL,KXNFLTOTAL-26OCT11PHIJAC-63,Full Game: over 62.5 points scored?,0.0700,0.0800,0.0000,0.00,0.00,active,2026-10-13T13:30:00Z,2026-10-06T16:54:33+00:00
KXNFLTOTAL-26OCT11PHIJAC,KXNFLTOTAL,KXNFLTOTAL-26OCT11PHIJAC-44,Full Game: over 43.5 points scored?,0.4700,0.4800,0.4800,760.78,725.78,active,2026-10-13T13:30:00Z,2026-10-06T16:54:33+00:00
KXNFLTOTAL-26OCT11PHIJAC,KXNFLTOTAL,KXNFLTOTAL-26OCT11PHIJAC-39,Full Game: over 38.5 points scored?,0.6300,0.6500,0.6500,97.02,58.01,active,2026-10-13T13:30:00Z,2026-10-06T16:54:33+00:00
KXNFLTOTAL-26OCT11PHIJAC,KXNFLTOTAL,KXNFLTOTAL-26OCT11PHIJAC-27,Full Game: over 26.5 points scored?,0.9100,0.9200,0.9000,1028.04,548.00,active,2026-10-13T13:30:00Z,2026-10-06T16:54:33+00:00
KXNFLTOTAL-26OCT11PHIJAC,KXNFLTOTAL,KXNFLTOTAL-26OCT11PHIJAC-42,Full Game: over 41.5 points scored?,0.5300,0.5500,0.5600,4.26,4.26,active,2026-10-13T13:30:00Z,2026-10-06T16:54:33+00:00
KXNFLTOTAL-26OCT11PHIJAC,KXNFLTOTAL,KXNFLTOTAL-26OCT11PHIJAC-46,Full Game: over 45.5 points scored?,0.4000,0.4100,0.4000,114.71,114.71,active,2026-10-13T13:30:00Z,2026-10-06T16:54:33+00:00
KXNFLTOTAL-26OCT11PHIJAC,KXNFLTOTAL,KXNFLTOTAL-26OCT11PHIJAC-24,Full Game: over 23.5 points scored?,0.9400,0.9600,0.9400,156.37,156.37,active,2026-10-13T13:30:00Z,2026-10-06T16:54:33+00:00
KXNFLTOTAL-26OCT11SFSEA,KXNFLTOTAL,KXNFLTOTAL-26OCT11SFSEA-45,Full Game: over 44.5 points scored?,0.5600,0.5800,0.0000,0.00,0.00,active,2026-10-13T20:25:00Z,2026-10-06T16:54:33+00:00
KXNFLTOTAL-26OCT11SFSEA,KXNFLTOTAL,KXNFLTOTAL-26OCT11SFSEA-44,Full Game: over 43.5 points scored?,0.6000,0.6100,0.6100,10.37,10.37,active,2026-10-13T20:25:00Z,2026-10-06T16:54:33+00:00
KXNFLTOTAL-26OCT11SFSEA,KXNFLTOTAL,KXNFLTOTAL-26OCT11SFSEA-38,Full Game: over 37.5 points scored?,0.7700,0.7800,0.7500,44.84,44.84,active,2026-10-13T20:25:00Z,2026-10-06T16:54:33+00:00
KXNFLTOTAL-26OCT11SFSEA,KXNFLTOTAL,KXNFLTOTAL-26OCT11SFSEA-68,Full Game: over 67.5 points scored?,0.0600,0.0800,0.0000,0.00,0.00,active,2026-10-13T20:25:00Z,2026-10-06T16:54:33+00:00
KXNFLTOTAL-26OCT11SFSEA,KXNFLTOTAL,KXNFLTOTAL-26OCT11SFSEA-56,Full Game: over 55.5 points scored?,0.2400,0.2700,0.0000,0.00,0.00,active,2026-10-13T20:25:00Z,2026-10-06T16:54:33+00:00
KXNFLTOTAL-26OCT11SFSEA,KXNFLTOTAL,KXNFLTOTAL-26OCT11SFSEA-29,Full Game: over 28.5 points scored?,0.9300,0.9400,0.9200,300.00,300.00,active,2026-10-13T20:25:00Z,2026-10-06T16:54:33+00:00
KXNFLTOTAL-26OCT11SFSEA,KXNFLTOTAL,KXNFLTOTAL-26OCT11SFSEA-62,Full Game: over 61.5 points scored?,0.1400,0.1600,0.0000,0.00,0.00,active,2026-10-13T20:25:00Z,2026-10-06T16:54:33+00:00
KXNFLTOTAL-26OCT11SFSEA,KXNFLTOTAL,KXNFLTOTAL-26OCT11SFSEA-49,Full Game: over 48.5 points scored?,0.4400,0.4600,0.4500,70.49,70.49,active,2026-10-13T20:25:00Z,2026-10-06T16:54:33+00:00
KXNFLTOTAL-26OCT11SFSEA,KXNFLTOTAL,KXNFLTOTAL-26OCT11SFSEA-50,Full Game: over 49.5 points scored?,0.4100,0.4300,0.4000,32.42,32.42,active,2026-10-13T20:25:00Z,2026-10-06T16:54:33+00:00
KXNFLTOTAL-26OCT11SFSEA,KXNFLTOTAL,KXNFLTOTAL-26OCT11SFSEA-65,Full Game: over 64.5 points scored?,0.1000,0.1100,0.0000,0.00,0.00,active,2026-10-13T20:25:00Z,2026-10-06T16:54:33+00:00
KXNFLTOTAL-26OCT11SFSEA,KXNFLTOTAL,KXNFLTOTAL-26OCT11SFSEA-26,Full Game: over 25.5 points scored?,0.9500,0.9700,0.0000,0.00,0.00,active,2026-10-13T20:25:00Z,2026-10-06T16:54:33+00:00
KXNFLTOTAL-26OCT11SFSEA,KXNFLTOTAL,KXNFLTOTAL-26OCT11SFSEA-53,Full Game: over 52.5 points scored?,0.3300,0.3400,0.3400,330.80,241.30,active,2026-10-13T20:25:00Z,2026-10-06T16:54:33+00:00
KXNFLTOTAL-26OCT11SFSEA,KXNFLTOTAL,KXNFLTOTAL-26OCT11SFSEA-59,Full Game: over 58.5 points scored?,0.2000,0.2100,0.2000,339.41,299.86,active,2026-10-13T20:25:00Z,2026-10-06T16:54:33+00:00
KXNFLTOTAL-26OCT11SFSEA,KXNFLTOTAL,KXNFLTOTAL-26OCT11SFSEA-48,Full Game: over 47.5 points scored?,0.4800,0.4900,0.4800,1342.05,1284.50,active,2026-10-13T20:25:00Z,2026-10-06T16:54:33+00:00
KXNFLTOTAL-26OCT11SFSEA,KXNFLTOTAL,KXNFLTOTAL-26OCT11SFSEA-32,Full Game: over 31.5 points scored?,0.8800,0.9000,0.0000,0.00,0.00,active,2026-10-13T20:25:00Z,2026-10-06T16:54:33+00:00
KXNFLTOTAL-26OCT11SFSEA,KXNFLTOTAL,KXNFLTOTAL-26OCT11SFSEA-46,Full Game: over 45.5 points scored?,0.5400,0.5500,0.0000,0.00,0.00,active,2026-10-13T20:25:00Z,2026-10-06T16:54:33+00:00
KXNFLTOTAL-26OCT11SFSEA,KXNFLTOTAL,KXNFLTOTAL-26OCT11SFSEA-41,Full Game: over 40.5 points scored?,0.6900,0.7100,0.0000,0.00,0.00,active,2026-10-13T20:25:00Z,2026-10-06T16:54:33+00:00
KXNFLTOTAL-26OCT11SFSEA,KXNFLTOTAL,KXNFLTOTAL-26OCT11SFSEA-35,Full Game: over 34.5 points scored?,0.8300,0.8500,0.0000,0.00,0.00,active,2026-10-13T20:25:00Z,2026-10-06T16:54:33+00:00
KXNFLTOTAL-26OCT11SFSEA,KXNFLTOTAL,KXNFLTOTAL-26OCT11SFSEA-47,Full Game: over 46.5 points scored?,0.5100,0.5200,0.5300,1245.19,1245.19,active,2026-10-13T20:25:00Z,2026-10-06T16:54:33+00:00
KXNFLTOTAL-26OCT12BUFLAR,KXNFLTOTAL,KXNFLTOTAL-26OCT12BUFLAR-61,Full Game: over 60.5 points scored?,0.3200,0.3400,0.0000,0.00,0.00,active,2026-10-15T00:15:00Z,2026-10-06T16:54:33+00:00
KXNFLTOTAL-26OCT12BUFLAR,KXNFLTOTAL,KXNFLTOTAL-26OCT12BUFLAR-46,Full Game: over 45.5 points scored?,0.7300,0.7500,0.0000,0.00,0.00,active,2026-10-15T00:15:00Z,2026-10-06T16:54:33+00:00
KXNFLTOTAL-26OCT12BUFLAR,KXNFLTOTAL,KXNFLTOTAL-26OCT12BUFLAR-57,Full Game: over 56.5 points scored?,0.4300,0.4400,0.4300,90.00,90.00,active,2026-10-15T00:15:00Z,2026-10-06T16:54:33+00:00
KXNFLTOTAL-26OCT12BUFLAR,KXNFLTOTAL,KXNFLTOTAL-26OCT12BUFLAR-64,Full Game: over 63.5 points scored?,0.2400,0.2600,0.0000,0.00,0.00,active,2026-10-15T00:15:00Z,2026-10-06T16:54:33+00:00
KXNFLTOTAL-26OCT12BUFLAR,KXNFLTOTAL,KXNFLTOTAL-26OCT12BUFLAR-56,Full Game: over 55.5 points scored?,0.4500,0.4700,0.4600,57.39,57.39,active,2026-10-15T00:15:00Z,2026-10-06T16:54:33+00:00
KXNFLTOTAL-26OCT12BUFLAR,KXNFLTOTAL,KXNFLTOTAL-26OCT12BUFLAR-49,Full Game: over 48.5 points scored?,0.6600,0.6800,0.6600,3.00,3.00,active,2026-10-15T00:15:00Z,2026-10-06T16:54:33+00:00
KXNFLTOTAL-26OCT12BUFLAR,KXNFLTOTAL,KXNFLTOTAL-26OCT12BUFLAR-37,Full Game: over 36.5 points scored?,0.9000,0.9200,0.0000,0.00,0.00,active,2026-10-15T00:15:00Z,2026-10-06T16:54:33+00:00
KXNFLTOTAL-26OCT12BUFLAR,KXNFLTOTAL,KXNFLTOTAL-26OCT12BUFLAR-58,Full Game: over 57.5 points scored?,0.4000,0.4200,0.0000,0.00,0.00,active,2026-10-15T00:15:00Z,2026-10-06T16:54:33+00:00
KXNFLTOTAL-26OCT12BUFLAR,KXNFLTOTAL,KXNFLTOTAL-26OCT12BUFLAR-73,Full Game: over 72.5 points scored?,0.0900,0.1100,0.0000,0.00,0.00,active,2026-10-15T00:15:00Z,2026-10-06T16:54:33+00:00
KXNFLTOTAL-26OCT12BUFLAR,KXNFLTOTAL,KXNFLTOTAL-26OCT12BUFLAR-70,Full Game: over 69.5 points scored?,0.1300,0.1500,0.0000,0.00,0.00,active,2026-10-15T00:15:00Z,2026-10-06T16:54:33+00:00
KXNFLTOTAL-26OCT12BUFLAR,KXNFLTOTAL,KXNFLTOTAL-26OCT12BUFLAR-52,Full Game: over 51.5 points scored?,0.5600,0.5900,0.0000,0.00,0.00,active,2026-10-15T00:15:00Z,2026-10-06T16:54:33+00:00
KXNFLTOTAL-26OCT12BUFLAR,KXNFLTOTAL,KXNFLTOTAL-26OCT12BUFLAR-76,Full Game: over 75.5 points scored?,0.0600,0.0800,0.0000,0.00,0.00,active,2026-10-15T00:15:00Z,2026-10-06T16:54:33+00:00
KXNFLTOTAL-26OCT12BUFLAR,KXNFLTOTAL,KXNFLTOTAL-26OCT12BUFLAR-43,Full Game: over 42.5 points scored?,0.8100,0.8200,0.0000,0.00,0.00,active,2026-10-15T00:15:00Z,2026-10-06T16:54:33+00:00
KXNFLTOTAL-26OCT12BUFLAR,KXNFLTOTAL,KXNFLTOTAL-26OCT12BUFLAR-53,Full Game: over 52.5 points scored?,0.5400,0.5600,0.0000,0.00,0.00,active,2026-10-15T00:15:00Z,2026-10-06T16:54:33+00:00
KXNFLTOTAL-26OCT12BUFLAR,KXNFLTOTAL,KXNFLTOTAL-26OCT12BUFLAR-34,Full Game: over 33.5 points scored?,0.9300,0.9500,0.0000,0.00,0.00,active,2026-10-15T00:15:00Z,2026-10-06T16:54:33+00:00
KXNFLTOTAL-26OCT12BUFLAR,KXNFLTOTAL,KXNFLTOTAL-26OCT12BUFLAR-55,Full Game: over 54.5 points scored?,0.4900,0.5000,0.5000,547.67,489.35,active,2026-10-15T00:15:00Z,2026-10-06T16:54:33+00:00
KXNFLTOTAL-26OCT12BUFLAR,KXNFLTOTAL,KXNFLTOTAL-26OCT12BUFLAR-40,Full Game: over 39.5 points scored?,0.8600,0.8700,0.0000,0.00,0.00,active,2026-10-15T00:15:00Z,2026-10-06T16:54:33+00:00
KXNFLTOTAL-26OCT12BUFLAR,KXNFLTOTAL,KXNFLTOTAL-26OCT12BUFLAR-67,Full Game: over 66.5 points scored?,0.1800,0.2000,0.0000,0.00,0.00,active,2026-10-15T00:15:00Z,2026-10-06T16:54:33+00:00
KXNFLTOTAL-26OCT12BUFLAR,KXNFLTOTAL,KXNFLTOTAL-26OCT12BUFLAR-54,Full Game: over 53.5 points scored?,0.5200,0.5300,0.0000,0.00,0.00,active,2026-10-15T00:15:00Z,2026-10-06T16:54:33+00:00
KXNFLTEAMPTS-LEAST27,KXNFLTEAMPTS,KXNFLTEAMPTS-LEAST27-CHI,Will Chicago be the lowest scoring team?,0.0000,0.0100,0.0000,0.00,0.00,active,2027-01-18T15:00:00Z,2026-10-06T16:54:33+00:00
KXNFLTEAMPTS-LEAST27,KXNFLTEAMPTS,KXNFLTEAMPTS-LEAST27-MIA,Will Miami be the lowest scoring team?,0.3000,0.7500,0.7800,433.68,252.71,active,2027-01-18T15:00:00Z,2026-10-06T16:54:33+00:00
KXNFLTEAMPTS-LEAST27,KXNFLTEAMPTS,KXNFLTEAMPTS-LEAST27-ARI,Will Arizona be the lowest scoring team?,0.0200,0.8200,0.7600,518.02,487.73,active,2027-01-18T15:00:00Z,2026-10-06T16:54:33+00:00
KXNFLTEAMPTS-LEAST27,KXNFLTEAMPTS,KXNFLTEAMPTS-LEAST27-TEN,Will Tennessee be the lowest scoring team?,0.0200,0.8400,0.0700,33.29,24.29,active,2027-01-18T15:00:00Z,2026-10-06T16:54:33+00:00
KXNFLTEAMPTS-LEAST27,KXNFLTEAMPTS,KXNFLTEAMPTS-LEAST27-IND,Will Indianapolis be the lowest scoring team?,0.0000,0.0400,0.0000,0.00,0.00,active,2027-01-18T15:00:00Z,2026-10-06T16:54:33+00:00
KXNFLTEAMPTS-LEAST27,KXNFLTEAMPTS,KXNFLTEAMPTS-LEAST27-PIT,Will Pittsburgh be the lowest scoring team?,0.0100,0.0400,0.0200,508.37,498.08,active,2027-01-18T15:00:00Z,2026-10-06T16:54:33+00:00
KXNFLTEAMPTS-LEAST27,KXNFLTEAMPTS,KXNFLTEAMPTS-LEAST27-WAS,Will Washington be the lowest scoring team?,0.0000,0.0700,0.0100,209.00,100.00,active,2027-01-18T15:00:00Z,2026-10-06T16:54:33+00:00
KXNFLTEAMPTS-LEAST27,KXNFLTEAMPTS,KXNFLTEAMPTS-LEAST27-NYG,Will New York G be the lowest scoring team?,0.0000,0.8500,0.0400,112.51,102.22,active,2027-01-18T15:00:00Z,2026-10-06T16:54:33+00:00
KXNFLTEAMPTS-LEAST27,KXNFLTEAMPTS,KXNFLTEAMPTS-LEAST27-JAC,Will Jacksonville be the lowest scoring team?,0.0000,0.0800,0.0000,0.00,0.00,active,2027-01-18T15:00:00Z,2026-10-06T16:54:33+00:00
KXNFLTEAMPTS-LEAST27,KXNFLTEAMPTS,KXNFLTEAMPTS-LEAST27-MIN,Will Minnesota be the lowest scoring team?,0.0000,0.0100,0.0100,252.18,241.89,active,2027-01-18T15:00:00Z,2026-10-06T16:54:33+00:00
KXNFLTEAMPTS-LEAST27,KXNFLTEAMPTS,KXNFLTEAMPTS-LEAST27-HOU,Will Houston be the lowest scoring team?,0.0000,0.0100,0.0100,151.80,150.51,active,2027-01-18T15:00:00Z,2026-10-06T16:54:33+00:00
KXNFLTEAMPTS-LEAST27,KXNFLTEAMPTS,KXNFLTEAMPTS-LEAST27-PHI,Will Philadelphia be the lowest scoring team?,0.0000,0.1200,0.0000,0.00,0.00,active,2027-01-18T15:00:00Z,2026-10-06T16:54:33+00:00
KXNFLTEAMPTS-LEAST27,KXNFLTEAMPTS,KXNFLTEAMPTS-LEAST27-CIN,Will Cincinnati be the lowest scoring team?,0.0000,0.1200,0.0000,0.00,0.00,active,2027-01-18T15:00:00Z,2026-10-06T16:54:33+00:00
KXNFLTEAMPTS-LEAST27,KXNFLTEAMPTS,KXNFLTEAMPTS-LEAST27-LAR,Will Los Angeles R be the lowest scoring team?,0.0000,0.0900,0.0000,0.00,0.00,active,2027-01-18T15:00:00Z,2026-10-06T16:54:33+00:00
KXNFLTEAMPTS-LEAST27,KXNFLTEAMPTS,KXNFLTEAMPTS-LEAST27-BAL,Will Baltimore be the lowest scoring team?,0.0000,0.1200,0.0000,0.00,0.00,active,2027-01-18T15:00:00Z,2026-10-06T16:54:33+00:00
KXNFLTEAMPTS-LEAST27,KXNFLTEAMPTS,KXNFLTEAMPTS-LEAST27-DET,Will Detroit be the lowest scoring team?,0.0000,0.1100,0.0000,0.00,0.00,active,2027-01-18T15:00:00Z,2026-10-06T16:54:33+00:00
KXNFLTEAMPTS-LEAST27,KXNFLTEAMPTS,KXNFLTEAMPTS-LEAST27-TB,Will Tampa Bay be the lowest scoring team?,0.0000,0.0800,0.0000,0.00,0.00,active,2027-01-18T15:00:00Z,2026-10-06T16:54:33+00:00
KXNFLTEAMPTS-LEAST27,KXNFLTEAMPTS,KXNFLTEAMPTS-LEAST27-NE,Will New England be the lowest scoring team?,0.0000,0.0100,0.0000,0.00,0.00,active,2027-01-18T15:00:00Z,2026-10-06T16:54:33+00:00
KXNFLTEAMPTS-LEAST27,KXNFLTEAMPTS,KXNFLTEAMPTS-LEAST27-GB,Will Green Bay be the lowest scoring team?,0.0000,0.1100,0.0000,0.00,0.00,active,2027-01-18T15:00:00Z,2026-10-06T16:54:33+00:00
KXNFLTEAMPTS-LEAST27,KXNFLTEAMPTS,KXNFLTEAMPTS-LEAST27-DAL,Will Dallas be the lowest scoring team?,0.0000,0.0800,0.0000,0.00,0.00,active,2027-01-18T15:00:00Z,2026-10-06T16:54:33+00:00
KXNFLTEAMPTS-LEAST27,KXNFLTEAMPTS,KXNFLTEAMPTS-LEAST27-DEN,Will Denver be the lowest scoring team?,0.0000,0.0700,0.0000,0.00,0.00,active,2027-01-18T15:00:00Z,2026-10-06T16:54:33+00:00
KXNFLTEAMPTS-LEAST27,KXNFLTEAMPTS,KXNFLTEAMPTS-LEAST27-SEA,Will Seattle be the lowest scoring team?,0.0000,0.1000,0.0000,0.00,0.00,active,2027-01-18T15:00:00Z,2026-10-06T16:54:33+00:00
KXNFLTEAMPTS-LEAST27,KXNFLTEAMPTS,KXNFLTEAMPTS-LEAST27-BUF,Will Buffalo be the lowest scoring team?,0.0000,0.1200,0.0000,0.00,0.00,active,2027-01-18T15:00:00Z,2026-10-06T16:54:33+00:00
KXNFLTEAMPTS-LEAST27,KXNFLTEAMPTS,KXNFLTEAMPTS-LEAST27-LV,Will Las Vegas be the lowest scoring team?,0.0000,0.0100,0.0100,11.00,11.00,active,2027-01-18T15:00:00Z,2026-10-06T16:54:33+00:00
KXNFLTEAMPTS-LEAST27,KXNFLTEAMPTS,KXNFLTEAMPTS-LEAST27-CLE,Will Cleveland be the lowest scoring team?,0.0200,0.0300,0.2700,389.13,375.58,active,2027-01-18T15:00:00Z,2026-10-06T16:54:33+00:00
KXNFLTEAMPTS-LEAST27,KXNFLTEAMPTS,KXNFLTEAMPTS-LEAST27-SF,Will San Francisco be the lowest scoring team?,0.0000,0.1100,0.0000,0.00,0.00,active,2027-01-18T15:00:00Z,2026-10-06T16:54:33+00:00
KXNFLTEAMPTS-LEAST27,KXNFLTEAMPTS,KXNFLTEAMPTS-LEAST27-CAR,Will Carolina be the lowest scoring team?,0.0000,0.0100,0.0100,9.00,9.00,active,2027-01-18T15:00:00Z,2026-10-06T16:54:33+00:00
KXNFLTEAMPTS-LEAST27,KXNFLTEAMPTS,KXNFLTEAMPTS-LEAST27-NO,Will New Orleans be the lowest scoring team?,0.0000,0.0100,0.0100,111.62,101.33,active,2027-01-18T15:00:00Z,2026-10-06T16:54:33+00:00
KXNFLTEAMPTS-LEAST27,KXNFLTEAMPTS,KXNFLTEAMPTS-LEAST27-KC,Will Kansas City be the lowest scoring team?,0.0000,0.0100,0.0000,0.00,0.00,active,2027-01-18T15:00:00Z,2026-10-06T16:54:33+00:00
KXNFLTEAMPTS-LEAST27,KXNFLTEAMPTS,KXNFLTEAMPTS-LEAST27-LAC,Will Los Angeles C be the lowest scoring team?,0.0000,0.8500,0.1200,12.00,12.00,active,2027-01-18T15:00:00Z,2026-10-06T16:54:33+00:00
KXNFLTEAMPTS-LEAST27,KXNFLTEAMPTS,KXNFLTEAMPTS-LEAST27-NYJ,Will New York J be the lowest scoring team?,0.0000,0.0100,0.2100,341.60,182.82,active,2027-01-18T15:00:00Z,2026-10-06T16:54:33+00:00
KXNFLTEAMPTS-LEAST27,KXNFLTEAMPTS,KXNFLTEAMPTS-LEAST27-ATL,Will Atlanta be the lowest scoring team?,0.0000,0.8100,0.0500,548.07,315.40,active,2027-01-18T15:00:00Z,2026-10-06T16:54:33+00:00
KXNFLTEAMPTS-MOST27,KXNFLTEAMPTS,KXNFLTEAMPTS-MOST27-IND,Will Indianapolis be the highest scoring team?,0.0000,0.0100,0.0100,718.39,643.21,active,2027-01-18T15:00:00Z,2026-10-06T16:54:33+00:00
KXNFLTEAMPTS-MOST27,KXNFLTEAMPTS,KXNFLTEAMPTS-MOST27-BAL,Will Baltimore be the highest scoring team?,0.0200,0.0400,0.2300,4634.96,3667.59,active,2027-01-18T15:00:00Z,2026-10-06T16:54:33+00:00
KXNFLTEAMPTS-MOST27,KXNFLTEAMPTS,KXNFLTEAMPTS-MOST27-CHI,Will Chicago be the highest scoring team?,0.0700,0.0900,0.1200,19958.84,16027.86,active,2027-01-18T15:00:00Z,2026-10-06T16:54:33+00:00
KXNFLTEAMPTS-MOST27,KXNFLTEAMPTS,KXNFLTEAMPTS-MOST27-ATL,Will Atlanta be the highest scoring team?,0.0000,0.0200,0.0200,1094.36,1094.36,active,2027-01-18T15:00:00Z,2026-10-06T16:54:33+00:00
KXNFLTEAMPTS-MOST27,KXNFLTEAMPTS,KXNFLTEAMPTS-MOST27-TB,Will Tampa Bay be the highest scoring team?,0.0000,0.0100,0.0200,1151.18,1137.04,active,2027-01-18T15:00:00Z,2026-10-06T16:54:33+00:00
KXNFLTEAMPTS-MOST27,KXNFLTEAMPTS,KXNFLTEAMPTS-MOST27-DEN,Will Denver be the highest scoring team?,0.0000,0.0100,0.0100,2816.95,2368.06,active,2027-01-18T15:00:00Z,2026-10-06T16:54:33+00:00
KXNFLTEAMPTS-MOST27,KXNFLTEAMPTS,KXNFLTEAMPTS-MOST27-PIT,Will Pittsburgh be the highest scoring team?,0.0000,0.0100,0.0100,5438.80,3589.86,active,2027-01-18T15:00:00Z,2026-10-06T16:54:33+00:00
KXNFLTEAMPTS-MOST27,KXNFLTEAMPTS,KXNFLTEAMPTS-MOST27-SEA,Will Seattle be the highest scoring team?,0.0000,0.0100,0.0200,1125.79,859.99,active,2027-01-18T15:00:00Z,2026-10-06T16:54:33+00:00
KXNFLTEAMPTS-MOST27,KXNFLTEAMPTS,KXNFLTEAMPTS-MOST27-LV,Will Las Vegas be the highest scoring team?,0.0000,0.0100,0.1500,2144.45,2041.45,active,2027-01-18T15:00:00Z,2026-10-06T16:54:33+00:00
KXNFLTEAMPTS-MOST27,KXNFLTEAMPTS,KXNFLTEAMPTS-MOST27-TEN,Will Tennessee be the highest scoring team?,0.0000,0.0100,0.0100,93.51,93.51,active,2027-01-18T15:00:00Z,2026-10-06T16:54:33+00:00
KXNFLTEAMPTS-MOST27,KXNFLTEAMPTS,KXNFLTEAMPTS-MOST27-CLE,Will Cleveland be the highest scoring team?,0.0000,0.0100,0.0100,298.51,198.51,active,2027-01-18T15:00:00Z,2026-10-06T16:54:33+00:00
KXNFLTEAMPTS-MOST27,KXNFLTEAMPTS,KXNFLTEAMPTS-MOST27-NYJ,Will New York J be the highest scoring team?,0.0000,0.0100,0.0100,1396.78,1204.39,active,2027-01-18T15:00:00Z,2026-10-06T16:54:33+00:00
KXNFLTEAMPTS-MOST27,KXNFLTEAMPTS,KXNFLTEAMPTS-MOST27-NO,Will New Orleans be the highest scoring team?,0.0100,0.0200,0.0200,2484.86,2362.80,active,2027-01-18T15:00:00Z,2026-10-06T16:54:33+00:00
KXNFLTEAMPTS-MOST27,KXNFLTEAMPTS,KXNFLTEAMPTS-MOST27-DAL,Will Dallas be the highest scoring team?,0.1700,0.2300,0.2300,5868.87,5340.03,active,2027-01-18T15:00:00Z,2026-10-06T16:54:33+00:00
KXNFLTEAMPTS-MOST27,KXNFLTEAMPTS,KXNFLTEAMPTS-MOST27-CAR,Will Carolina be the highest scoring team?,0.0000,0.0800,0.0900,2973.57,2593.04,active,2027-01-18T15:00:00Z,2026-10-06T16:54:33+00:00
KXNFLTEAMPTS-MOST27,KXNFLTEAMPTS,KXNFLTEAMPTS-MOST27-MIN,Will Minnesota be the highest scoring team?,0.0000,0.0500,0.0600,2375.96,2352.96,active,2027-01-18T15:00:00Z,2026-10-06T16:54:33+00:00
KXNFLTEAMPTS-MOST27,KXNFLTEAMPTS,KXNFLTEAMPTS-MOST27-PHI,Will Philadelphia be the highest scoring team?,0.0000,0.0100,0.0200,1029.71,992.21,active,2027-01-18T15:00:00Z,2026-10-06T16:54:33+00:00
KXNFLTEAMPTS-MOST27,KXNFLTEAMPTS,KXNFLTEAMPTS-MOST27-LAC,Will Los Angeles C be the highest scoring team?,0.0200,0.0300,0.0200,8418.54,5414.25,active,2027-01-18T15:00:00Z,2026-10-06T16:54:33+00:00
KXNFLTEAMPTS-MOST27,KXNFLTEAMPTS,KXNFLTEAMPTS-MOST27-NYG,Will New York G be the highest scoring team?,0.0000,0.0100,0.0100,2191.71,2191.71,active,2027-01-18T15:00:00Z,2026-10-06T16:54:33+00:00
KXNFLTEAMPTS-MOST27,KXNFLTEAMPTS,KXNFLTEAMPTS-MOST27-DET,Will Detroit be the highest scoring team?,0.0600,0.1100,0.0600,5851.28,4466.06,active,2027-01-18T15:00:00Z,2026-10-06T16:54:33+00:00
KXNFLTEAMPTS-MOST27,KXNFLTEAMPTS,KXNFLTEAMPTS-MOST27-BUF,Will Buffalo be the highest scoring team?,0.1400,0.2400,0.2600,5759.01,4963.77,active,2027-01-18T15:00:00Z,2026-10-06T16:54:33+00:00
KXNFLTEAMPTS-MOST27,KXNFLTEAMPTS,KXNFLTEAMPTS-MOST27-SF,Will San Francisco be the highest scoring team?,0.0200,0.1700,0.2100,2465.89,2336.76,active,2027-01-18T15:00:00Z,2026-10-06T16:54:33+00:00
KXNFLTEAMPTS-MOST27,KXNFLTEAMPTS,KXNFLTEAMPTS-MOST27-MIA,Will Miami be the highest scoring team?,0.0000,0.0100,0.0100,93.51,93.51,active,2027-01-18T15:00:00Z,2026-10-06T16:54:33+00:00
KXNFLTEAMPTS-MOST27,KXNFLTEAMPTS,KXNFLTEAMPTS-MOST27-ARI,Will Arizona be the highest scoring team?,0.0000,0.0100,0.0100,1089.74,1089.74,active,2027-01-18T15:00:00Z,2026-10-06T16:54:33+00:00
KXNFLTEAMPTS-MOST27,KXNFLTEAMPTS,KXNFLTEAMPTS-MOST27-HOU,Will Houston be the highest scoring team?,0.0000,0.0100,0.0200,1644.34,1373.34,active,2027-01-18T15:00:00Z,2026-10-06T16:54:33+00:00
KXNFLTEAMPTS-MOST27,KXNFLTEAMPTS,KXNFLTEAMPTS-MOST27-GB,Will Green Bay be the highest scoring team?,0.0000,0.0100,0.0100,1371.25,1194.85,active,2027-01-18T15:00:00Z,2026-10-06T16:54:33+00:00
KXNFLTEAMPTS-MOST27,KXNFLTEAMPTS,KXNFLTEAMPTS-MOST27-KC,Will Kansas City be the highest scoring team?,0.0100,0.0200,0.0200,2346.48,2249.84,active,2027-01-18T15:00:00Z,2026-10-06T16:54:33+00:00
KXNFLTEAMPTS-MOST27,KXNFLTEAMPTS,KXNFLTEAMPTS-MOST27-CIN,Will Cincinnati be the highest scoring team?,0.0100,0.0200,0.1500,3074.82,2021.08,active,2027-01-18T15:00:00Z,2026-10-06T16:54:33+00:00
KXNFLTEAMPTS-MOST27,KXNFLTEAMPTS,KXNFLTEAMPTS-MOST27-LAR,Will Los Angeles R be the highest scoring team?,0.0000,0.0100,0.0400,4126.75,3526.82,active,2027-01-18T15:00:00Z,2026-10-06T16:54:33+00:00
KXNFLTEAMPTS-MOST27,KXNFLTEAMPTS,KXNFLTEAMPTS-MOST27-WAS,Will Washington be the highest scoring team?,0.0000,0.0100,0.0100,93.51,93.51,active,2027-01-18T15:00:00Z,2026-10-06T16:54:33+00:00
KXNFLTEAMPTS-MOST27,KXNFLTEAMPTS,KXNFLTEAMPTS-MOST27-NE,Will New England be the highest scoring team?,0.0200,0.0300,0.0200,3603.37,2970.26,active,2027-01-18T15:00:00Z,2026-10-06T16:54:33+00:00
KXNFLTEAMPTS-MOST27,KXNFLTEAMPTS,KXNFLTEAMPTS-MOST27-JAC,Will Jacksonville be the highest scoring team?,0.0100,0.0200,0.0200,3867.51,3507.53,active,2027-01-18T15:00:00Z,2026-10-06T16:54:33+00:00
