event,series,ticker,title,yes_bid,yes_ask,last_price,volume,open_interest,status,close_time,pulled_at
KXNFLREC-26OCT04ARINYG,KXNFLREC,KXNFLREC-26OCT04ARINYG-NYGCSKATTEBO44-4,Cam Skattebo: 4+ receptions,0.2800,0.2900,0.0000,0.00,0.00,active,2026-10-06T17:00:00Z,2026-10-02T09:37:33+00:00
KXNFLREC-26OCT04ARINYG,KXNFLREC,KXNFLREC-26OCT04ARINYG-ARIJLOVE4-8,Jeremiyah Love: 8+ receptions,0.0000,0.0400,0.0000,0.00,0.00,active,2026-10-06T17:00:00Z,2026-10-02T09:37:33+00:00
KXNFLREC-26OCT04ARINYG,KXNFLREC,KXNFLREC-26OCT04ARINYG-ARIKBOURNE17-6,Kendrick Bourne: 6+ receptions,0.0000,0.0600,0.0000,0.00,0.00,active,2026-10-06T17:00:00Z,2026-10-02T09:37:33+00:00
KXNFLREC-26OCT04ARINYG,KXNFLREC,KXNFLREC-26OCT04ARINYG-NYGMNABERS1-7,Malik Nabers: 7+ receptions,0.1900,0.2400,0.0000,0.00,0.00,active,2026-10-06T17:00:00Z,2026-10-02T09:37:33+00:00
KXNFLREC-26OCT04ARINYG,KXNFLREC,KXNFLREC-26OCT04ARINYG-NYGCSKATTEBO44-7,Cam Skattebo: 7+ receptions,0.0000,0.0500,0.0000,0.00,0.00,active,2026-10-06T17:00:00Z,2026-10-02T09:37:33+00:00
KXNFLREC-26OCT04ARINYG,KXNFLREC,KXNFLREC-26OCT04ARINYG-NYGMNABERS1-11,Malik Nabers: 11+ receptions,0.0000,0.0400,0.0000,0.00,0.00,active,2026-10-06T17:00:00Z,2026-10-02T09:37:33+00:00
KXNFLREC-26OCT04ARINYG,KXNFLREC,KXNFLREC-26OCT04ARINYG-ARITMCBRIDE85-14,Trey McBride: 14+ receptions,0.0000,0.0400,0.0000,0.00,0.00,active,2026-10-06T17:00:00Z,2026-10-02T09:37:33+00:00
KXNFLREC-26OCT04ARINYG,KXNFLREC,KXNFLREC-26OCT04ARINYG-NYGILIKELY9-10,Isaiah Likely: 10+ receptions,0.0000,0.0400,0.0000,0.00,0.00,active,2026-10-06T17:00:00Z,2026-10-02T09:37:33+00:00
KXNFLREC-26OCT04ARINYG,KXNFLREC,KXNFLREC-26OCT04ARINYG-ARIMWILSON14-11,Michael Wilson: 11+ receptions,0.0000,0.0500,0.0000,0.00,0.00,active,2026-10-06T17:00:00Z,2026-10-02T09:37:33+00:00
KXNFLREC-26OCT04ARINYG,KXNFLREC,KXNFLREC-26OCT04ARINYG-NYGDMOONEY17-6,Darnell Mooney: 6+ receptions,0.0000,0.0400,0.0000,0.00,0.00,active,2026-10-06T17:00:00Z,2026-10-02T09:37:33+00:00
KXNFLREC-26OCT04ARINYG,KXNFLREC,KXNFLREC-26OCT04ARINYG-NYGILIKELY9-5,Isaiah Likely: 5+ receptions,0.3900,0.4100,0.4100,6.57,6.57,active,2026-10-06T17:00:00Z,2026-10-02T09:37:33+00:00
KXNFLREC-26OCT04ARINYG,KXNFLREC,KXNFLREC-26OCT04ARINYG-ARIMHARRISON18-3,Marvin Harrison Jr.: 3+ receptions,0.4700,0.4800,0.4800,70.35,70.35,active,2026-10-06T17:00:00Z,2026-10-02T09:37:33+00:00
KXNFLREC-26OCT04ARINYG,KXNFLREC,KXNFLREC-26OCT04ARINYG-ARIMHARRISON18-4,Marvin Harrison Jr.: 4+ receptions,0.2800,0.3000,0.0000,0.00,0.00,active,2026-10-06T17:00:00Z,2026-10-02T09:37:33+00:00
KXNFLREC-26OCT04ARINYG,KXNFLREC,KXNFLREC-26OCT04ARINYG-NYGMFIELDS88-2,Malachi Fields: 2+ receptions,0.5800,0.6100,0.0000,0.00,0.00,active,2026-10-06T17:00:00Z,2026-10-02T09:37:33+00:00
KXNFLREC-26OCT04ARINYG,KXNFLREC,KXNFLREC-26OCT04ARINYG-NYGMFIELDS88-4,Malachi Fields: 4+ receptions,0.1200,0.1700,0.0000,0.00,0.00,active,2026-10-06T17:00:00Z,2026-10-02T09:37:33+00:00
KXNFLREC-26OCT04ARINYG,KXNFLREC,KXNFLREC-26OCT04ARINYG-NYGCSKATTEBO44-5,Cam Skattebo: 5+ receptions,0.1100,0.1700,0.0000,0.00,0.00,active,2026-10-06T17:00:00Z,2026-10-02T09:37:33+00:00
KXNFLREC-26OCT04ARINYG,KXNFLREC,KXNFLREC-26OCT04ARINYG-NYGDMOONEY17-3,Darnell Mooney: 3+ receptions,0.3000,0.3300,0.3300,14.47,14.47,active,2026-10-06T17:00:00Z,2026-10-02T09:37:33+00:00
KXNFLREC-26OCT04ARINYG,KXNFLREC,KXNFLREC-26OCT04ARINYG-NYGMNABERS1-10,Malik Nabers: 10+ receptions,0.0100,0.0600,0.0000,0.00,0.00,active,2026-10-06T17:00:00Z,2026-10-02T09:37:33+00:00
KXNFLREC-26OCT04ARINYG,KXNFLREC,KXNFLREC-26OCT04ARINYG-ARIKBOURNE17-4,Kendrick Bourne: 4+ receptions,0.1900,0.2100,0.0000,0.00,0.00,active,2026-10-06T17:00:00Z,2026-10-02T09:37:33+00:00
KXNFLREC-26OCT04ARINYG,KXNFLREC,KXNFLREC-26OCT04ARINYG-ARIJLOVE4-5,Jeremiyah Love: 5+ receptions,0.2000,0.2400,0.0000,0.00,0.00,active,2026-10-06T17:00:00Z,2026-10-02T09:37:33+00:00
KXNFLREC-26OCT04ARINYG,KXNFLREC,KXNFLREC-26OCT04ARINYG-ARIMHARRISON18-7,Marvin Harrison Jr.: 7+ receptions,0.0000,0.0500,0.0000,0.00,0.00,active,2026-10-06T17:00:00Z,2026-10-02T09:37:33+00:00
KXNFLREC-26OCT04ARINYG,KXNFLREC,KXNFLREC-26OCT04ARINYG-ARITMCBRIDE85-9,Trey McBride: 9+ receptions,0.2600,0.3200,0.0000,0.00,0.00,active,2026-10-06T17:00:00Z,2026-10-02T09:37:33+00:00
KXNFLREC-26OCT04ARINYG,KXNFLREC,KXNFLREC-26OCT04ARINYG-ARIMWILSON14-10,Michael Wilson: 10+ receptions,0.0100,0.0700,0.0000,0.00,0.00,active,2026-10-06T17:00:00Z,2026-10-02T09:37:33+00:00
KXNFLREC-26OCT04ARINYG,KXNFLREC,KXNFLREC-26OCT04ARINYG-NYGMFIELDS88-6,Malachi Fields: 6+ receptions,0.0000,0.0500,0.0000,0.00,0.00,active,2026-10-06T17:00:00Z,2026-10-02T09:37:33+00:00
KXNFLREC-26OCT04ARINYG,KXNFLREC,KXNFLREC-26OCT04ARINYG-NYGILIKELY9-4,Isaiah Likely: 4+ receptions,0.5900,0.6000,0.6000,1.62,1.62,active,2026-10-06T17:00:00Z,2026-10-02T09:37:33+00:00
KXNFLREC-26OCT04ARINYG,KXNFLREC,KXNFLREC-26OCT04ARINYG-NYGCSKATTEBO44-3,Cam Skattebo: 3+ receptions,0.4800,0.5000,0.4900,11.66,11.66,active,2026-10-06T17:00:00Z,2026-10-02T09:37:33+00:00
KXNFLREC-26OCT04ARINYG,KXNFLREC,KXNFLREC-26OCT04ARINYG-ARIKBOURNE17-3,Kendrick Bourne: 3+ receptions,0.3800,0.4000,0.0000,0.00,0.00,active,2026-10-06T17:00:00Z,2026-10-02T09:37:33+00:00
KXNFLREC-26OCT04ARINYG,KXNFLREC,KXNFLREC-26OCT04ARINYG-NYGMNABERS1-6,Malik Nabers: 6+ receptions,0.3600,0.3800,0.0000,0.00,0.00,active,2026-10-06T17:00:00Z,2026-10-02T09:37:33+00:00
KXNFLREC-26OCT04ARINYG,KXNFLREC,KXNFLREC-26OCT04ARINYG-ARITMCBRIDE85-13,Trey McBride: 13+ receptions,0.0100,0.0600,0.0000,0.00,0.00,active,2026-10-06T17:00:00Z,2026-10-02T09:37:33+00:00
KXNFLREC-26OCT04ARINYG,KXNFLREC,KXNFLREC-26OCT04ARINYG-NYGCSKATTEBO44-2,Cam Skattebo: 2+ receptions,0.6900,0.7400,0.0000,0.00,0.00,active,2026-10-06T17:00:00Z,2026-10-02T09:37:33+00:00
KXNFLREC-26OCT04ARINYG,KXNFLREC,KXNFLREC-26OCT04ARINYG-ARITMCBRIDE85-11,Trey McBride: 11+ receptions,0.0800,0.1400,0.0000,0.00,0.00,active,2026-10-06T17:00:00Z,2026-10-02T09:37:33+00:00
KXNFLREC-26OCT04ARINYG,KXNFLREC,KXNFLREC-26OCT04ARINYG-NYGILIKELY9-9,Isaiah Likely: 9+ receptions,0.0100,0.0600,0.0000,0.00,0.00,active,2026-10-06T17:00:00Z,2026-10-02T09:37:33+00:00
KXNFLREC-26OCT04ARINYG,KXNFLREC,KXNFLREC-26OCT04ARINYG-NYGMFIELDS88-3,Malachi Fields: 3+ receptions,0.3300,0.3500,0.0000,0.00,0.00,active,2026-10-06T17:00:00Z,2026-10-02T09:37:33+00:00
KXNFLREC-26OCT04ARINYG,KXNFLREC,KXNFLREC-26OCT04ARINYG-ARIMWILSON14-6,Michael Wilson: 6+ receptions,0.4000,0.4100,0.4100,200.00,200.00,active,2026-10-06T17:00:00Z,2026-10-02T09:37:33+00:00
KXNFLREC-26OCT04ARINYG,KXNFLREC,KXNFLREC-26OCT04ARINYG-NYGDMOONEY17-5,Darnell Mooney: 5+ receptions,0.0200,0.0800,0.0000,0.00,0.00,active,2026-10-06T17:00:00Z,2026-10-02T09:37:33+00:00
KXNFLREC-26OCT04ARINYG,KXNFLREC,KXNFLREC-26OCT04ARINYG-ARITMCBRIDE85-12,Trey McBride: 12+ receptions,0.0300,0.0900,0.0000,0.00,0.00,active,2026-10-06T17:00:00Z,2026-10-02T09:37:33+00:00
KXNFLREC-26OCT04ARINYG,KXNFLREC,KXNFLREC-26OCT04ARINYG-NYGMFIELDS88-5,Malachi Fields: 5+ receptions,0.0300,0.0900,0.0000,0.00,0.00,active,2026-10-06T17:00:00Z,2026-10-02T09:37:33+00:00
KXNFLREC-26OCT04ARINYG,KXNFLREC,KXNFLREC-26OCT04ARINYG-NYGILIKELY9-7,Isaiah Likely: 7+ receptions,0.1000,0.1500,0.0000,0.00,0.00,active,2026-10-06T17:00:00Z,2026-10-02T09:37:33+00:00
KXNFLREC-26OCT04ARINYG,KXNFLREC,KXNFLREC-26OCT04ARINYG-ARIMWILSON14-8,Michael Wilson: 8+ receptions,0.1300,0.1900,0.0000,0.00,0.00,active,2026-10-06T17:00:00Z,2026-10-02T09:37:33+00:00
KXNFLREC-26OCT04ARINYG,KXNFLREC,KXNFLREC-26OCT04ARINYG-NYGILIKELY9-8,Isaiah Likely: 8+ receptions,0.0400,0.1000,0.0000,0.00,0.00,active,2026-10-06T17:00:00Z,2026-10-02T09:37:33+00:00
KXNFLREC-26OCT04ARINYG,KXNFLREC,KXNFLREC-26OCT04ARINYG-NYGDMOONEY17-4,Darnell Mooney: 4+ receptions,0.1000,0.1700,0.0000,0.00,0.00,active,2026-10-06T17:00:00Z,2026-10-02T09:37:33+00:00
KXNFLREC-26OCT04ARINYG,KXNFLREC,KXNFLREC-26OCT04ARINYG-ARITMCBRIDE85-6,Trey McBride: 6+ receptions,0.6600,0.7300,0.0000,0.00,0.00,active,2026-10-06T17:00:00Z,2026-10-02T09:37:33+00:00
KXNFLREC-26OCT04ARINYG,KXNFLREC,KXNFLREC-26OCT04ARINYG-ARITMCBRIDE85-8,Trey McBride: 8+ receptions,0.4000,0.4100,0.4000,340.98,340.98,active,2026-10-06T17:00:00Z,2026-10-02T09:37:33+00:00
KXNFLREC-26OCT04ARINYG,KXNFLREC,KXNFLREC-26OCT04ARINYG-NYGMNABERS1-5,Malik Nabers: 5+ receptions,0.5000,0.5300,0.5300,169.80,169.80,active,2026-10-06T17:00:00Z,2026-10-02T09:37:33+00:00
KXNFLREC-26OCT04ARINYG,KXNFLREC,KXNFLREC-26OCT04ARINYG-NYGMNABERS1-8,Malik Nabers: 8+ receptions,0.0900,0.1500,0.0000,0.00,0.00,active,2026-10-06T17:00:00Z,2026-10-02T09:37:33+00:00
KXNFLREC-26OCT04ARINYG,KXNFLREC,KXNFLREC-26OCT04ARINYG-ARIKBOURNE17-5,Kendrick Bourne: 5+ receptions,0.0500,0.1000,0.0000,0.00,0.00,active,2026-10-06T17:00:00Z,2026-10-02T09:37:33+00:00
KXNFLREC-26OCT04ARINYG,KXNFLREC,KXNFLREC-26OCT04ARINYG-ARIJLOVE4-3,Jeremiyah Love: 3+ receptions,0.5500,0.5800,0.0000,0.00,0.00,active,2026-10-06T17:00:00Z,2026-10-02T09:37:33+00:00
KXNFLREC-26OCT04ARINYG,KXNFLREC,KXNFLREC-26OCT04ARINYG-ARIKBOURNE17-2,Kendrick Bourne: 2+ receptions,0.6200,0.6700,0.6700,14.58,14.58,active,2026-10-06T17:00:00Z,2026-10-02T09:37:33+00:00
KXNFLREC-26OCT04ARINYG,KXNFLREC,KXNFLREC-26OCT04ARINYG-ARIJLOVE4-2,Jeremiyah Love: 2+ receptions,0.7700,0.8100,0.0000,0.00,0.00,active,2026-10-06T17:00:00Z,2026-10-02T09:37:33+00:00
KXNFLREC-26OCT04ARINYG,KXNFLREC,KXNFLREC-26OCT04ARINYG-ARIJLOVE4-4,Jeremiyah Love: 4+ receptions,0.3700,0.4000,0.0000,0.00,0.00,active,2026-10-06T17:00:00Z,2026-10-02T09:37:33+00:00
KXNFLREC-26OCT04ARINYG,KXNFLREC,KXNFLREC-26OCT04ARINYG-NYGILIKELY9-2,Isaiah Likely: 2+ receptions,0.8700,0.9300,0.0000,0.00,0.00,active,2026-10-06T17:00:00Z,2026-10-02T09:37:33+00:00
KXNFLREC-26OCT04ARINYG,KXNFLREC,KXNFLREC-26OCT04ARINYG-NYGDMOONEY17-2,Darnell Mooney: 2+ receptions,0.5600,0.5700,0.5700,151.91,151.91,active,2026-10-06T17:00:00Z,2026-10-02T09:37:33+00:00
KXNFLREC-26OCT04ARINYG,KXNFLREC,KXNFLREC-26OCT04ARINYG-NYGMNABERS1-3,Malik Nabers: 3+ receptions,0.8200,0.8700,0.0000,0.00,0.00,active,2026-10-06T17:00:00Z,2026-10-02T09:37:33+00:00
KXNFLREC-26OCT04ARINYG,KXNFLREC,KXNFLREC-26OCT04ARINYG-ARIMHARRISON18-2,Marvin Harrison Jr.: 2+ receptions,0.6900,0.7500,0.0000,0.00,0.00,active,2026-10-06T17:00:00Z,2026-10-02T09:37:33+00:00
KXNFLREC-26OCT04ARINYG,KXNFLREC,KXNFLREC-26OCT04ARINYG-ARIMHARRISON18-6,Marvin Harrison Jr.: 6+ receptions,0.0300,0.0800,0.0900,104.45,104.45,active,2026-10-06T17:00:00Z,2026-10-02T09:37:33+00:00
KXNFLREC-26OCT04ARINYG,KXNFLREC,KXNFLREC-26OCT04ARINYG-ARIMWILSON14-5,Michael Wilson: 5+ receptions,0.5600,0.5800,0.5800,162.05,162.05,active,2026-10-06T17:00:00Z,2026-10-02T09:37:33+00:00
KXNFLREC-26OCT04ARINYG,KXNFLREC,KXNFLREC-26OCT04ARINYG-ARITMCBRIDE85-7,Trey McBride: 7+ receptions,0.5400,0.5500,0.5500,341.61,274.94,active,2026-10-06T17:00:00Z,2026-10-02T09:37:33+00:00
KXNFLREC-26OCT04ARINYG,KXNFLREC,KXNFLREC-26OCT04ARINYG-NYGILIKELY9-3,Isaiah Likely: 3+ receptions,0.7100,0.7900,0.0000,0.00,0.00,active,2026-10-06T17:00:00Z,2026-10-02T09:37:33+00:00
KXNFLREC-26OCT04ARINYG,KXNFLREC,KXNFLREC-26OCT04ARINYG-NYGILIKELY9-6,Isaiah Likely: 6+ receptions,0.1600,0.2700,0.0000,0.00,0.00,active,2026-10-06T17:00:00Z,2026-10-02T09:37:33+00:00
KXNFLREC-26OCT04ARINYG,KXNFLREC,KXNFLREC-26OCT04ARINYG-NYGMNABERS1-9,Malik Nabers: 9+ receptions,0.0300,0.0900,0.0000,0.00,0.00,active,2026-10-06T17:00:00Z,2026-10-02T09:37:33+00:00
KXNFLREC-26OCT04ARINYG,KXNFLREC,KXNFLREC-26OCT04ARINYG-ARIMWILSON14-9,Michael Wilson: 9+ receptions,0.0300,0.1100,0.0000,0.00,0.00,active,2026-10-06T17:00:00Z,2026-10-02T09:37:33+00:00
KXNFLREC-26OCT04ARINYG,KXNFLREC,KXNFLREC-26OCT04ARINYG-NYGCSKATTEBO44-6,Cam Skattebo: 6+ receptions,0.0300,0.0900,0.0000,0.00,0.00,active,2026-10-06T17:00:00Z,2026-10-02T09:37:33+00:00
KXNFLREC-26OCT04ARINYG,KXNFLREC,KXNFLREC-26OCT04ARINYG-ARIMWILSON14-7,Michael Wilson: 7+ receptions,0.2400,0.2900,0.0000,0.00,0.00,active,2026-10-06T17:00:00Z,2026-10-02T09:37:33+00:00
KXNFLREC-26OCT04ARINYG,KXNFLREC,KXNFLREC-26OCT04ARINYG-NYGMNABERS1-4,Malik Nabers: 4+ receptions,0.6600,0.7200,0.0000,0.00,0.00,active,2026-10-06T17:00:00Z,2026-10-02T09:37:33+00:00
KXNFLREC-26OCT04ARINYG,KXNFLREC,KXNFLREC-26OCT04ARINYG-ARITMCBRIDE85-10,Trey McBride: 10+ receptions,0.1600,0.2200,0.0000,0.00,0.00,active,2026-10-06T17:00:00Z,2026-10-02T09:37:33+00:00
KXNFLREC-26OCT04ARINYG,KXNFLREC,KXNFLREC-26OCT04ARINYG-ARITMCBRIDE85-4,Trey McBride: 4+ receptions,0.8500,0.9400,0.0000,0.00,0.00,active,2026-10-06T17:00:00Z,2026-10-02T09:37:33+00:00
KXNFLREC-26OCT04ARINYG,KXNFLREC,KXNFLREC-26OCT04ARINYG-ARIMHARRISON18-5,Marvin Harrison Jr.: 5+ receptions,0.1000,0.1600,0.0000,0.00,0.00,active,2026-10-06T17:00:00Z,2026-10-02T09:37:33+00:00
KXNFLREC-26OCT04ARINYG,KXNFLREC,KXNFLREC-26OCT04ARINYG-ARIJLOVE4-7,Jeremiyah Love: 7+ receptions,0.0100,0.0800,0.0000,0.00,0.00,active,2026-10-06T17:00:00Z,2026-10-02T09:37:33+00:00
KXNFLREC-26OCT04ARINYG,KXNFLREC,KXNFLREC-26OCT04ARINYG-ARITMCBRIDE85-5,Trey McBride: 5+ receptions,0.7600,0.8400,0.9000,10.83,10.83,active,2026-10-06T17:00:00Z,2026-10-02T09:37:33+00:00
KXNFLREC-26OCT04ARINYG,KXNFLREC,KXNFLREC-26OCT04ARINYG-ARIMWILSON14-3,Michael Wilson: 3+ receptions,0.8300,0.9100,0.0000,0.00,0.00,active,2026-10-06T17:00:00Z,2026-10-02T09:37:33+00:00
KXNFLREC-26OCT04ARINYG,KXNFLREC,KXNFLREC-26OCT04ARINYG-ARIJLOVE4-6,Jeremiyah Love: 6+ receptions,0.0700,0.1200,0.0000,0.00,0.00,active,2026-10-06T17:00:00Z,2026-10-02T09:37:33+00:00
KXNFLREC-26OCT04ARINYG,KXNFLREC,KXNFLREC-26OCT04ARINYG-ARIMWILSON14-4,Michael Wilson: 4+ receptions,0.7200,0.7700,0.0000,0.00,0.00,active,2026-10-06T17:00:00Z,2026-10-02T09:37:33+00:00
KXNFLREC-26OCT04DALHOU,KXNFLREC,KXNFLREC-26OCT04DALHOU-DALJFERGUSON87-5,Jake Ferguson: 5+ receptions,0.2800,0.2900,0.0000,0.00,0.00,active,2026-10-06T17:00:00Z,2026-10-02T09:37:33+00:00
KXNFLREC-26OCT04DALHOU,KXNFLREC,KXNFLREC-26OCT04DALHOU-HOUXHUTCHINSON19-3,Xavier Hutchinson: 3+ receptions,0.5000,0.5200,0.0000,0.00,0.00,active,2026-10-06T17:00:00Z,2026-10-02T09:37:33+00:00
KXNFLREC-26OCT04DALHOU,KXNFLREC,KXNFLREC-26OCT04DALHOU-HOUXHUTCHINSON19-2,Xavier Hutchinson: 2+ receptions,0.7200,0.7700,0.0000,0.00,0.00,active,2026-10-06T17:00:00Z,2026-10-02T09:37:33+00:00
KXNFLREC-26OCT04DALHOU,KXNFLREC,KXNFLREC-26OCT04DALHOU-HOUDSCHULTZ86-4,Dalton Schultz: 4+ receptions,0.6300,0.6700,0.0000,0.00,0.00,active,2026-10-06T17:00:00Z,2026-10-02T09:37:33+00:00
KXNFLREC-26OCT04DALHOU,KXNFLREC,KXNFLREC-26OCT04DALHOU-HOUWMARKS4-2,Woody Marks: 2+ receptions,0.5500,0.5700,0.0000,0.00,0.00,active,2026-10-06T17:00:00Z,2026-10-02T09:37:33+00:00
KXNFLREC-26OCT04DALHOU,KXNFLREC,KXNFLREC-26OCT04DALHOU-HOUWMARKS4-6,Woody Marks: 6+ receptions,0.0000,0.0400,0.0000,0.00,0.00,active,2026-10-06T17:00:00Z,2026-10-02T09:37:33+00:00
KXNFLREC-26OCT04DALHOU,KXNFLREC,KXNFLREC-26OCT04DALHOU-DALJWILLIAMS33-8,Javonte Williams: 8+ receptions,0.0000,0.0400,0.0000,0.00,0.00,active,2026-10-06T17:00:00Z,2026-10-02T09:37:33+00:00
KXNFLREC-26OCT04DALHOU,KXNFLREC,KXNFLREC-26OCT04DALHOU-DALJFERGUSON87-9,Jake Ferguson: 9+ receptions,0.0000,0.0400,0.0000,0.00,0.00,active,2026-10-06T17:00:00Z,2026-10-02T09:37:33+00:00
KXNFLREC-26OCT04DALHOU,KXNFLREC,KXNFLREC-26OCT04DALHOU-DALGPICKENS3-11,George Pickens: 11+ receptions,0.0000,0.0400,0.0000,0.00,0.00,active,2026-10-06T17:00:00Z,2026-10-02T09:37:33+00:00
KXNFLREC-26OCT04DALHOU,KXNFLREC,KXNFLREC-26OCT04DALHOU-DALJFERGUSON87-4,Jake Ferguson: 4+ receptions,0.4400,0.4700,0.0000,0.00,0.00,active,2026-10-06T17:00:00Z,2026-10-02T09:37:33+00:00
KXNFLREC-26OCT04DALHOU,KXNFLREC,KXNFLREC-26OCT04DALHOU-HOUJNOEL13-5,Jaylin Noel: 5+ receptions,0.0000,0.0400,0.0000,0.00,0.00,active,2026-10-06T17:00:00Z,2026-10-02T09:37:33+00:00
KXNFLREC-26OCT04DALHOU,KXNFLREC,KXNFLREC-26OCT04DALHOU-HOUXHUTCHINSON19-8,Xavier Hutchinson: 8+ receptions,0.0000,0.0400,0.0000,0.00,0.00,active,2026-10-06T17:00:00Z,2026-10-02T09:37:33+00:00
KXNFLREC-26OCT04DALHOU,KXNFLREC,KXNFLREC-26OCT04DALHOU-HOUDSCHULTZ86-11,Dalton Schultz: 11+ receptions,0.0000,0.0400,0.0000,0.00,0.00,active,2026-10-06T17:00:00Z,2026-10-02T09:37:33+00:00
KXNFLREC-26OCT04DALHOU,KXNFLREC,KXNFLREC-26OCT04DALHOU-DALRFLOURNOY19-9,Ryan Flournoy: 9+ receptions,0.0000,0.0400,0.0000,0.00,0.00,active,2026-10-06T17:00:00Z,2026-10-02T09:37:33+00:00
KXNFLREC-26OCT04DALHOU,KXNFLREC,KXNFLREC-26OCT04DALHOU-HOUDMONTGOMERY32-5,David Montgomery: 5+ receptions,0.0000,0.0600,0.0000,0.00,0.00,active,2026-10-06T17:00:00Z,2026-10-02T09:37:33+00:00
KXNFLREC-26OCT04DALHOU,KXNFLREC,KXNFLREC-26OCT04DALHOU-HOUKBOUTTE14-6,Kayshon Boutte: 6+ receptions,0.0000,0.0600,0.0000,0.00,0.00,active,2026-10-06T17:00:00Z,2026-10-02T09:37:33+00:00
KXNFLREC-26OCT04DALHOU,KXNFLREC,KXNFLREC-26OCT04DALHOU-HOUDMONTGOMERY32-3,David Montgomery: 3+ receptions,0.2500,0.2800,0.0000,0.00,0.00,active,2026-10-06T17:00:00Z,2026-10-02T09:37:33+00:00
KXNFLREC-26OCT04DALHOU,KXNFLREC,KXNFLREC-26OCT04DALHOU-HOUDSCHULTZ86-10,Dalton Schultz: 10+ receptions,0.0000,0.0600,0.0000,0.00,0.00,active,2026-10-06T17:00:00Z,2026-10-02T09:37:33+00:00
KXNFLREC-26OCT04DALHOU,KXNFLREC,KXNFLREC-26OCT04DALHOU-DALGPICKENS3-10,George Pickens: 10+ receptions,0.0000,0.0600,0.0000,0.00,0.00,active,2026-10-06T17:00:00Z,2026-10-02T09:37:33+00:00
KXNFLREC-26OCT04DALHOU,KXNFLREC,KXNFLREC-26OCT04DALHOU-HOUKBOUTTE14-3,Kayshon Boutte: 3+ receptions,0.3500,0.3700,0.3800,126.10,126.10,active,2026-10-06T17:00:00Z,2026-10-02T09:37:33+00:00
KXNFLREC-26OCT04DALHOU,KXNFLREC,KXNFLREC-26OCT04DALHOU-HOUKBOUTTE14-2,Kayshon Boutte: 2+ receptions,0.5800,0.6200,0.0000,0.00,0.00,active,2026-10-06T17:00:00Z,2026-10-02T09:37:33+00:00
KXNFLREC-26OCT04DALHOU,KXNFLREC,KXNFLREC-26OCT04DALHOU-HOUJNOEL13-2,Jaylin Noel: 2+ receptions,0.3600,0.3800,0.3800,2.50,2.50,active,2026-10-06T17:00:00Z,2026-10-02T09:37:33+00:00
KXNFLREC-26OCT04DALHOU,KXNFLREC,KXNFLREC-26OCT04DALHOU-HOUXHUTCHINSON19-7,Xavier Hutchinson: 7+ receptions,0.0000,0.0600,0.0000,0.00,0.00,active,2026-10-06T17:00:00Z,2026-10-02T09:37:33+00:00
KXNFLREC-26OCT04DALHOU,KXNFLREC,KXNFLREC-26OCT04DALHOU-HOUKBOUTTE14-5,Kayshon Boutte: 5+ receptions,0.0100,0.1000,0.0000,0.00,0.00,active,2026-10-06T17:00:00Z,2026-10-02T09:37:33+00:00
KXNFLREC-26OCT04DALHOU,KXNFLREC,KXNFLREC-26OCT04DALHOU-DALRFLOURNOY19-5,Ryan Flournoy: 5+ receptions,0.2700,0.3000,0.0000,0.00,0.00,active,2026-10-06T17:00:00Z,2026-10-02T09:37:33+00:00
KXNFLREC-26OCT04DALHOU,KXNFLREC,KXNFLREC-26OCT04DALHOU-HOUDMONTGOMERY32-2,David Montgomery: 2+ receptions,0.5100,0.5300,0.0000,0.00,0.00,active,2026-10-06T17:00:00Z,2026-10-02T09:37:33+00:00
KXNFLREC-26OCT04DALHOU,KXNFLREC,KXNFLREC-26OCT04DALHOU-HOUJNOEL13-3,Jaylin Noel: 3+ receptions,0.1300,0.1800,0.0000,0.00,0.00,active,2026-10-06T17:00:00Z,2026-10-02T09:37:33+00:00
KXNFLREC-26OCT04DALHOU,KXNFLREC,KXNFLREC-26OCT04DALHOU-HOUDSCHULTZ86-3,Dalton Schultz: 3+ receptions,0.6800,0.8300,0.0000,0.00,0.00,active,2026-10-06T17:00:00Z,2026-10-02T09:37:33+00:00
KXNFLREC-26OCT04DALHOU,KXNFLREC,KXNFLREC-26OCT04DALHOU-HOUDSCHULTZ86-8,Dalton Schultz: 8+ receptions,0.0100,0.1400,0.0000,0.00,0.00,active,2026-10-06T17:00:00Z,2026-10-02T09:37:33+00:00
KXNFLREC-26OCT04DALHOU,KXNFLREC,KXNFLREC-26OCT04DALHOU-HOUKBOUTTE14-4,Kayshon Boutte: 4+ receptions,0.0700,0.2000,0.0000,0.00,0.00,active,2026-10-06T17:00:00Z,2026-10-02T09:37:33+00:00
KXNFLREC-26OCT04DALHOU,KXNFLREC,KXNFLREC-26OCT04DALHOU-HOUXHUTCHINSON19-5,Xavier Hutchinson: 5+ receptions,0.0400,0.1900,0.0000,0.00,0.00,active,2026-10-06T17:00:00Z,2026-10-02T09:37:33+00:00
KXNFLREC-26OCT04DALHOU,KXNFLREC,KXNFLREC-26OCT04DALHOU-DALRFLOURNOY19-2,Ryan Flournoy: 2+ receptions,0.8200,0.8800,0.0000,0.00,0.00,active,2026-10-06T17:00:00Z,2026-10-02T09:37:33+00:00
KXNFLREC-26OCT04DALHOU,KXNFLREC,KXNFLREC-26OCT04DALHOU-DALCLAMB88-7,CeeDee Lamb: 7+ receptions,0.3800,0.3900,0.0000,0.00,0.00,active,2026-10-06T17:00:00Z,2026-10-02T09:37:33+00:00
KXNFLREC-26OCT04DALHOU,KXNFLREC,KXNFLREC-26OCT04DALHOU-DALCLAMB88-8,CeeDee Lamb: 8+ receptions,0.2300,0.2600,0.0000,0.00,0.00,active,2026-10-06T17:00:00Z,2026-10-02T09:37:33+00:00
KXNFLREC-26OCT04DALHOU,KXNFLREC,KXNFLREC-26OCT04DALHOU-DALCLAMB88-9,CeeDee Lamb: 9+ receptions,0.1200,0.1700,0.0000,0.00,0.00,active,2026-10-06T17:00:00Z,2026-10-02T09:37:33+00:00
KXNFLREC-26OCT04DALHOU,KXNFLREC,KXNFLREC-26OCT04DALHOU-HOUXHUTCHINSON19-4,Xavier Hutchinson: 4+ receptions,0.3000,0.3300,0.0000,0.00,0.00,active,2026-10-06T17:00:00Z,2026-10-02T09:37:33+00:00
KXNFLREC-26OCT04DALHOU,KXNFLREC,KXNFLREC-26OCT04DALHOU-HOUDSCHULTZ86-6,Dalton Schultz: 6+ receptions,0.3200,0.3400,0.0000,0.00,0.00,active,2026-10-06T17:00:00Z,2026-10-02T09:37:33+00:00
KXNFLREC-26OCT04DALHOU,KXNFLREC,KXNFLREC-26OCT04DALHOU-DALRFLOURNOY19-6,Ryan Flournoy: 6+ receptions,0.1100,0.1800,0.0000,0.00,0.00,active,2026-10-06T17:00:00Z,2026-10-02T09:37:33+00:00
KXNFLREC-26OCT04DALHOU,KXNFLREC,KXNFLREC-26OCT04DALHOU-DALRFLOURNOY19-7,Ryan Flournoy: 7+ receptions,0.0400,0.1000,0.0000,0.00,0.00,active,2026-10-06T17:00:00Z,2026-10-02T09:37:33+00:00
KXNFLREC-26OCT04DALHOU,KXNFLREC,KXNFLREC-26OCT04DALHOU-DALJWILLIAMS33-2,Javonte Williams: 2+ receptions,0.7400,0.7700,0.0000,0.00,0.00,active,2026-10-06T17:00:00Z,2026-10-02T09:37:33+00:00
KXNFLREC-26OCT04DALHOU,KXNFLREC,KXNFLREC-26OCT04DALHOU-DALJWILLIAMS33-4,Javonte Williams: 4+ receptions,0.3100,0.3300,0.0000,0.00,0.00,active,2026-10-06T17:00:00Z,2026-10-02T09:37:33+00:00
KXNFLREC-26OCT04DALHOU,KXNFLREC,KXNFLREC-26OCT04DALHOU-HOUWMARKS4-3,Woody Marks: 3+ receptions,0.2900,0.3200,0.0000,0.00,0.00,active,2026-10-06T17:00:00Z,2026-10-02T09:37:33+00:00
KXNFLREC-26OCT04DALHOU,KXNFLREC,KXNFLREC-26OCT04DALHOU-HOUWMARKS4-5,Woody Marks: 5+ receptions,0.0100,0.0800,0.0000,0.00,0.00,active,2026-10-06T17:00:00Z,2026-10-02T09:37:33+00:00
KXNFLREC-26OCT04DALHOU,KXNFLREC,KXNFLREC-26OCT04DALHOU-HOUDSCHULTZ86-7,Dalton Schultz: 7+ receptions,0.0800,0.2200,0.0000,0.00,0.00,active,2026-10-06T17:00:00Z,2026-10-02T09:37:33+00:00
KXNFLREC-26OCT04DALHOU,KXNFLREC,KXNFLREC-26OCT04DALHOU-DALRFLOURNOY19-8,Ryan Flournoy: 8+ receptions,0.0100,0.0600,0.0000,0.00,0.00,active,2026-10-06T17:00:00Z,2026-10-02T09:37:33+00:00
KXNFLREC-26OCT04DALHOU,KXNFLREC,KXNFLREC-26OCT04DALHOU-DALCLAMB88-12,CeeDee Lamb: 12+ receptions,0.0000,0.0500,0.0000,0.00,0.00,active,2026-10-06T17:00:00Z,2026-10-02T09:37:33+00:00
KXNFLREC-26OCT04DALHOU,KXNFLREC,KXNFLREC-26OCT04DALHOU-HOUDSCHULTZ86-9,Dalton Schultz: 9+ receptions,0.0100,0.0900,0.0000,0.00,0.00,active,2026-10-06T17:00:00Z,2026-10-02T09:37:33+00:00
KXNFLREC-26OCT04DALHOU,KXNFLREC,KXNFLREC-26OCT04DALHOU-DALCLAMB88-10,CeeDee Lamb: 10+ receptions,0.0700,0.1100,0.0000,0.00,0.00,active,2026-10-06T17:00:00Z,2026-10-02T09:37:33+00:00
KXNFLREC-26OCT04DALHOU,KXNFLREC,KXNFLREC-26OCT04DALHOU-DALGPICKENS3-6,George Pickens: 6+ receptions,0.3700,0.3900,0.3800,3.32,3.32,active,2026-10-06T17:00:00Z,2026-10-02T09:37:33+00:00
KXNFLREC-26OCT04DALHOU,KXNFLREC,KXNFLREC-26OCT04DALHOU-DALJWILLIAMS33-7,Javonte Williams: 7+ receptions,0.0100,0.0600,0.0000,0.00,0.00,active,2026-10-06T17:00:00Z,2026-10-02T09:37:33+00:00
KXNFLREC-26OCT04DALHOU,KXNFLREC,KXNFLREC-26OCT04DALHOU-HOUDMONTGOMERY32-4,David Montgomery: 4+ receptions,0.0100,0.1300,0.0000,0.00,0.00,active,2026-10-06T17:00:00Z,2026-10-02T09:37:33+00:00
KXNFLREC-26OCT04DALHOU,KXNFLREC,KXNFLREC-26OCT04DALHOU-HOUJNOEL13-4,Jaylin Noel: 4+ receptions,0.0100,0.0800,0.0000,0.00,0.00,active,2026-10-06T17:00:00Z,2026-10-02T09:37:33+00:00
KXNFLREC-26OCT04DALHOU,KXNFLREC,KXNFLREC-26OCT04DALHOU-HOUWMARKS4-4,Woody Marks: 4+ receptions,0.0200,0.1400,0.0000,0.00,0.00,active,2026-10-06T17:00:00Z,2026-10-02T09:37:33+00:00
KXNFLREC-26OCT04DALHOU,KXNFLREC,KXNFLREC-26OCT04DALHOU-HOUXHUTCHINSON19-6,Xavier Hutchinson: 6+ receptions,0.0100,0.1100,0.0000,0.00,0.00,active,2026-10-06T17:00:00Z,2026-10-02T09:37:33+00:00
KXNFLREC-26OCT04DALHOU,KXNFLREC,KXNFLREC-26OCT04DALHOU-DALJFERGUSON87-8,Jake Ferguson: 8+ receptions,0.0100,0.0600,0.0000,0.00,0.00,active,2026-10-06T17:00:00Z,2026-10-02T09:37:33+00:00
KXNFLREC-26OCT04DALHOU,KXNFLREC,KXNFLREC-26OCT04DALHOU-DALCLAMB88-11,CeeDee Lamb: 11+ receptions,0.0100,0.0700,0.0000,0.00,0.00,active,2026-10-06T17:00:00Z,2026-10-02T09:37:33+00:00
KXNFLREC-26OCT04DALHOU,KXNFLREC,KXNFLREC-26OCT04DALHOU-DALJWILLIAMS33-6,Javonte Williams: 6+ receptions,0.0400,0.1000,0.0000,0.00,0.00,active,2026-10-06T17:00:00Z,2026-10-02T09:37:33+00:00
KXNFLREC-26OCT04DALHOU,KXNFLREC,KXNFLREC-26OCT04DALHOU-DALJWILLIAMS33-5,Javonte Williams: 5+ receptions,0.1400,0.1900,0.0000,0.00,0.00,active,2026-10-06T17:00:00Z,2026-10-02T09:37:33+00:00
KXNFLREC-26OCT04DALHOU,KXNFLREC,KXNFLREC-26OCT04DALHOU-DALGPICKENS3-8,George Pickens: 8+ receptions,0.1100,0.1500,0.0000,0.00,0.00,active,2026-10-06T17:00:00Z,2026-10-02T09:37:33+00:00
KXNFLREC-26OCT04DALHOU,KXNFLREC,KXNFLREC-26OCT04DALHOU-DALGPICKENS3-7,George Pickens: 7+ receptions,0.2200,0.2500,0.0000,0.00,0.00,active,2026-10-06T17:00:00Z,2026-10-02T09:37:33+00:00
KXNFLREC-26OCT04DALHOU,KXNFLREC,KXNFLREC-26OCT04DALHOU-DALJFERGUSON87-2,Jake Ferguson: 2+ receptions,0.8200,0.8500,0.0000,0.00,0.00,active,2026-10-06T17:00:00Z,2026-10-02T09:37:33+00:00
KXNFLREC-26OCT04DALHOU,KXNFLREC,KXNFLREC-26OCT04DALHOU-DALCLAMB88-3,CeeDee Lamb: 3+ receptions,0.8900,0.9500,0.0000,0.00,0.00,active,2026-10-06T17:00:00Z,2026-10-02T09:37:33+00:00
KXNFLREC-26OCT04DALHOU,KXNFLREC,KXNFLREC-26OCT04DALHOU-DALCLAMB88-4,CeeDee Lamb: 4+ receptions,0.8000,0.8600,0.0000,0.00,0.00,active,2026-10-06T17:00:00Z,2026-10-02T09:37:33+00:00
KXNFLREC-26OCT04DALHOU,KXNFLREC,KXNFLREC-26OCT04DALHOU-DALCLAMB88-5,CeeDee Lamb: 5+ receptions,0.6500,0.7100,0.0000,0.00,0.00,active,2026-10-06T17:00:00Z,2026-10-02T09:37:33+00:00
KXNFLREC-26OCT04DALHOU,KXNFLREC,KXNFLREC-26OCT04DALHOU-DALRFLOURNOY19-4,Ryan Flournoy: 4+ receptions,0.4400,0.4700,0.0000,0.00,0.00,active,2026-10-06T17:00:00Z,2026-10-02T09:37:33+00:00
KXNFLREC-26OCT04DALHOU,KXNFLREC,KXNFLREC-26OCT04DALHOU-DALGPICKENS3-4,George Pickens: 4+ receptions,0.6700,0.7300,0.0000,0.00,0.00,active,2026-10-06T17:00:00Z,2026-10-02T09:37:33+00:00
KXNFLREC-26OCT04DALHOU,KXNFLREC,KXNFLREC-26OCT04DALHOU-HOUDSCHULTZ86-5,Dalton Schultz: 5+ receptions,0.4600,0.4800,0.4600,869.10,793.76,active,2026-10-06T17:00:00Z,2026-10-02T09:37:33+00:00
KXNFLREC-26OCT04DALHOU,KXNFLREC,KXNFLREC-26OCT04DALHOU-DALJWILLIAMS33-3,Javonte Williams: 3+ receptions,0.5100,0.5200,0.5200,101.50,101.50,active,2026-10-06T17:00:00Z,2026-10-02T09:37:33+00:00
KXNFLREC-26OCT04DALHOU,KXNFLREC,KXNFLREC-26OCT04DALHOU-DALJFERGUSON87-7,Jake Ferguson: 7+ receptions,0.0300,0.1000,0.0000,0.00,0.00,active,2026-10-06T17:00:00Z,2026-10-02T09:37:33+00:00
KXNFLREC-26OCT04DALHOU,KXNFLREC,KXNFLREC-26OCT04DALHOU-DALJFERGUSON87-6,Jake Ferguson: 6+ receptions,0.0700,0.1800,0.0000,0.00,0.00,active,2026-10-06T17:00:00Z,2026-10-02T09:37:33+00:00
KXNFLREC-26OCT04DALHOU,KXNFLREC,KXNFLREC-26OCT04DALHOU-DALCLAMB88-6,CeeDee Lamb: 6+ receptions,0.5300,0.5400,0.5400,137.00,137.00,active,2026-10-06T17:00:00Z,2026-10-02T09:37:33+00:00
KXNFLREC-26OCT04DALHOU,KXNFLREC,KXNFLREC-26OCT04DALHOU-DALGPICKENS3-9,George Pickens: 9+ receptions,0.0300,0.0900,0.0000,0.00,0.00,active,2026-10-06T17:00:00Z,2026-10-02T09:37:33+00:00
KXNFLREC-26OCT04DALHOU,KXNFLREC,KXNFLREC-26OCT04DALHOU-DALJFERGUSON87-3,Jake Ferguson: 3+ receptions,0.6300,0.6800,0.0000,0.00,0.00,active,2026-10-06T17:00:00Z,2026-10-02T09:37:33+00:00
KXNFLREC-26OCT04DALHOU,KXNFLREC,KXNFLREC-26OCT04DALHOU-DALRFLOURNOY19-3,Ryan Flournoy: 3+ receptions,0.6400,0.6800,0.0000,0.00,0.00,active,2026-10-06T17:00:00Z,2026-10-02T09:37:33+00:00
KXNFLREC-26OCT04DALHOU,KXNFLREC,KXNFLREC-26OCT04DALHOU-DALGPICKENS3-3,George Pickens: 3+ receptions,0.8000,0.8900,0.0000,0.00,0.00,active,2026-10-06T17:00:00Z,2026-10-02T09:37:33+00:00
KXNFLREC-26OCT04DALHOU,KXNFLREC,KXNFLREC-26OCT04DALHOU-HOUDSCHULTZ86-2,Dalton Schultz: 2+ receptions,0.7900,0.9400,0.0000,0.00,0.00,active,2026-10-06T17:00:00Z,2026-10-02T09:37:33+00:00
KXNFLREC-26OCT04DALHOU,KXNFLREC,KXNFLREC-26OCT04DALHOU-DALGPICKENS3-5,George Pickens: 5+ receptions,0.5400,0.5500,0.5500,248.75,248.75,active,2026-10-06T17:00:00Z,2026-10-02T09:37:33+00:00
KXNFLREC-26OCT04DENSF,KXNFLREC,KXNFLREC-26OCT04DENSF-DENJWADDLE17-10,Jaylen Waddle: 10+ receptions,0.0000,0.0500,0.0000,0.00,0.00,active,2026-10-06T20:25:00Z,2026-10-02T09:37:33+00:00
KXNFLREC-26OCT04DENSF,KXNFLREC,KXNFLREC-26OCT04DENSF-DENPBRYANT13-7,Pat Bryant: 7+ receptions,0.0000,0.0400,0.0000,0.00,0.00,active,2026-10-06T20:25:00Z,2026-10-02T09:37:33+00:00
KXNFLREC-26OCT04DENSF,KXNFLREC,KXNFLREC-26OCT04DENSF-DENEENGRAM1-7,Evan Engram: 7+ receptions,0.0000,0.0400,0.0000,0.00,0.00,active,2026-10-06T20:25:00Z,2026-10-02T09:37:33+00:00
KXNFLREC-26OCT04DENSF,KXNFLREC,KXNFLREC-26OCT04DENSF-DENRHARVEY12-9,RJ Harvey: 9+ receptions,0.0000,0.0400,0.0000,0.00,0.00,active,2026-10-06T20:25:00Z,2026-10-02T09:37:33+00:00
KXNFLREC-26OCT04DENSF,KXNFLREC,KXNFLREC-26OCT04DENSF-DENCSUTTON14-8,Courtland Sutton: 8+ receptions,0.0000,0.0500,0.0000,0.00,0.00,active,2026-10-06T20:25:00Z,2026-10-02T09:37:33+00:00
KXNFLREC-26OCT04DENSF,KXNFLREC,KXNFLREC-26OCT04DENSF-SFKJUSZCZYK44-3,Kyle Juszczyk: 3+ receptions,0.1300,0.1600,0.0000,0.00,0.00,active,2026-10-06T20:25:00Z,2026-10-02T09:37:33+00:00
KXNFLREC-26OCT04DENSF,KXNFLREC,KXNFLREC-26OCT04DENSF-SFGKITTLE85-11,George Kittle: 11+ receptions,0.0000,0.0500,0.0000,0.00,0.00,active,2026-10-06T20:25:00Z,2026-10-02T09:37:33+00:00
KXNFLREC-26OCT04DENSF,KXNFLREC,KXNFLREC-26OCT04DENSF-SFCMCCAFFREY23-11,Christian McCaffrey: 11+ receptions,0.0000,0.0400,0.0000,0.00,0.00,active,2026-10-06T20:25:00Z,2026-10-02T09:37:33+00:00
KXNFLREC-26OCT04DENSF,KXNFLREC,KXNFLREC-26OCT04DENSF-DENPBRYANT13-4,Pat Bryant: 4+ receptions,0.2200,0.2500,0.0000,0.00,0.00,active,2026-10-06T20:25:00Z,2026-10-02T09:37:33+00:00
KXNFLREC-26OCT04DENSF,KXNFLREC,KXNFLREC-26OCT04DENSF-SFCMCCAFFREY23-7,Christian McCaffrey: 7+ receptions,0.0000,0.2500,0.0000,0.00,0.00,active,2026-10-06T20:25:00Z,2026-10-02T09:37:33+00:00
KXNFLREC-26OCT04DENSF,KXNFLREC,KXNFLREC-26OCT04DENSF-SFCMCCAFFREY23-8,Christian McCaffrey: 8+ receptions,0.0000,0.1500,0.0000,0.00,0.00,active,2026-10-06T20:25:00Z,2026-10-02T09:37:33+00:00
KXNFLREC-26OCT04DENSF,KXNFLREC,KXNFLREC-26OCT04DENSF-DENPBRYANT13-6,Pat Bryant: 6+ receptions,0.0100,0.0700,0.0000,0.00,0.00,active,2026-10-06T20:25:00Z,2026-10-02T09:37:33+00:00
KXNFLREC-26OCT04DENSF,KXNFLREC,KXNFLREC-26OCT04DENSF-SFCMCCAFFREY23-9,Christian McCaffrey: 9+ receptions,0.0100,0.0900,0.0000,0.00,0.00,active,2026-10-06T20:25:00Z,2026-10-02T09:37:33+00:00
KXNFLREC-26OCT04DENSF,KXNFLREC,KXNFLREC-26OCT04DENSF-DENEENGRAM1-5,Evan Engram: 5+ receptions,0.0800,0.1400,0.0000,0.00,0.00,active,2026-10-06T20:25:00Z,2026-10-02T09:37:33+00:00
KXNFLREC-26OCT04DENSF,KXNFLREC,KXNFLREC-26OCT04DENSF-DENRHARVEY12-5,RJ Harvey: 5+ receptions,0.2700,0.3100,0.0000,0.00,0.00,active,2026-10-06T20:25:00Z,2026-10-02T09:37:33+00:00
KXNFLREC-26OCT04DENSF,KXNFLREC,KXNFLREC-26OCT04DENSF-SFGKITTLE85-10,George Kittle: 10+ receptions,0.0100,0.0700,0.0000,0.00,0.00,active,2026-10-06T20:25:00Z,2026-10-02T09:37:33+00:00
KXNFLREC-26OCT04DENSF,KXNFLREC,KXNFLREC-26OCT04DENSF-SFCMCCAFFREY23-10,Christian McCaffrey: 10+ receptions,0.0100,0.0600,0.0000,0.00,0.00,active,2026-10-06T20:25:00Z,2026-10-02T09:37:33+00:00
KXNFLREC-26OCT04DENSF,KXNFLREC,KXNFLREC-26OCT04DENSF-DENRHARVEY12-6,RJ Harvey: 6+ receptions,0.1200,0.1800,0.0000,0.00,0.00,active,2026-10-06T20:25:00Z,2026-10-02T09:37:33+00:00
KXNFLREC-26OCT04DENSF,KXNFLREC,KXNFLREC-26OCT04DENSF-SFCMCCAFFREY23-6,Christian McCaffrey: 6+ receptions,0.3600,0.3900,0.0000,0.00,0.00,active,2026-10-06T20:25:00Z,2026-10-02T09:37:33+00:00
KXNFLREC-26OCT04DENSF,KXNFLREC,KXNFLREC-26OCT04DENSF-DENRHARVEY12-8,RJ Harvey: 8+ receptions,0.0100,0.0600,0.0000,0.00,0.00,active,2026-10-06T20:25:00Z,2026-10-02T09:37:33+00:00
KXNFLREC-26OCT04DENSF,KXNFLREC,KXNFLREC-26OCT04DENSF-DENEENGRAM1-6,Evan Engram: 6+ receptions,0.0100,0.0700,0.0000,0.00,0.00,active,2026-10-06T20:25:00Z,2026-10-02T09:37:33+00:00
KXNFLREC-26OCT04DENSF,KXNFLREC,KXNFLREC-26OCT04DENSF-DENEENGRAM1-4,Evan Engram: 4+ receptions,0.2300,0.2600,0.0000,0.00,0.00,active,2026-10-06T20:25:00Z,2026-10-02T09:37:33+00:00
KXNFLREC-26OCT04DENSF,KXNFLREC,KXNFLREC-26OCT04DENSF-SFKJUSZCZYK44-4,Kyle Juszczyk: 4+ receptions,0.0100,0.0700,0.0000,0.00,0.00,active,2026-10-06T20:25:00Z,2026-10-02T09:37:33+00:00
KXNFLREC-26OCT04DENSF,KXNFLREC,KXNFLREC-26OCT04DENSF-DENCSUTTON14-5,Courtland Sutton: 5+ receptions,0.2500,0.2800,0.0000,0.00,0.00,active,2026-10-06T20:25:00Z,2026-10-02T09:37:33+00:00
KXNFLREC-26OCT04DENSF,KXNFLREC,KXNFLREC-26OCT04DENSF-SFKJUSZCZYK44-2,Kyle Juszczyk: 2+ receptions,0.3500,0.3700,0.0000,0.00,0.00,active,2026-10-06T20:25:00Z,2026-10-02T09:37:33+00:00
KXNFLREC-26OCT04DENSF,KXNFLREC,KXNFLREC-26OCT04DENSF-SFGKITTLE85-9,George Kittle: 9+ receptions,0.0100,0.1000,0.0000,0.00,0.00,active,2026-10-06T20:25:00Z,2026-10-02T09:37:33+00:00
KXNFLREC-26OCT04DENSF,KXNFLREC,KXNFLREC-26OCT04DENSF-DENJWADDLE17-9,Jaylen Waddle: 9+ receptions,0.0100,0.0700,0.0000,0.00,0.00,active,2026-10-06T20:25:00Z,2026-10-02T09:37:33+00:00
KXNFLREC-26OCT04DENSF,KXNFLREC,KXNFLREC-26OCT04DENSF-SFGKITTLE85-2,George Kittle: 2+ receptions,0.5700,0.9700,0.0000,0.00,0.00,active,2026-10-06T20:25:00Z,2026-10-02T09:37:33+00:00
KXNFLREC-26OCT04DENSF,KXNFLREC,KXNFLREC-26OCT04DENSF-DENCSUTTON14-6,Courtland Sutton: 6+ receptions,0.1000,0.1600,0.0000,0.00,0.00,active,2026-10-06T20:25:00Z,2026-10-02T09:37:33+00:00
KXNFLREC-26OCT04DENSF,KXNFLREC,KXNFLREC-26OCT04DENSF-DENRHARVEY12-4,RJ Harvey: 4+ receptions,0.4600,0.4900,0.4800,0.96,0.96,active,2026-10-06T20:25:00Z,2026-10-02T09:37:33+00:00
KXNFLREC-26OCT04DENSF,KXNFLREC,KXNFLREC-26OCT04DENSF-DENCSUTTON14-7,Courtland Sutton: 7+ receptions,0.0300,0.0900,0.0000,0.00,0.00,active,2026-10-06T20:25:00Z,2026-10-02T09:37:33+00:00
KXNFLREC-26OCT04DENSF,KXNFLREC,KXNFLREC-26OCT04DENSF-DENJWADDLE17-2,Jaylen Waddle: 2+ receptions,0.8900,0.9600,0.0000,0.00,0.00,active,2026-10-06T20:25:00Z,2026-10-02T09:37:33+00:00
KXNFLREC-26OCT04DENSF,KXNFLREC,KXNFLREC-26OCT04DENSF-SFGKITTLE85-6,George Kittle: 6+ receptions,0.3700,0.4000,0.0000,0.00,0.00,active,2026-10-06T20:25:00Z,2026-10-02T09:37:33+00:00
KXNFLREC-26OCT04DENSF,KXNFLREC,KXNFLREC-26OCT04DENSF-SFGKITTLE85-8,George Kittle: 8+ receptions,0.0300,0.1600,0.0000,0.00,0.00,active,2026-10-06T20:25:00Z,2026-10-02T09:37:33+00:00
KXNFLREC-26OCT04DENSF,KXNFLREC,KXNFLREC-26OCT04DENSF-SFGKITTLE85-7,George Kittle: 7+ receptions,0.1300,0.2800,0.0000,0.00,0.00,active,2026-10-06T20:25:00Z,2026-10-02T09:37:33+00:00
KXNFLREC-26OCT04DENSF,KXNFLREC,KXNFLREC-26OCT04DENSF-DENJWADDLE17-6,Jaylen Waddle: 6+ receptions,0.2900,0.3200,0.0000,0.00,0.00,active,2026-10-06T20:25:00Z,2026-10-02T09:37:33+00:00
KXNFLREC-26OCT04DENSF,KXNFLREC,KXNFLREC-26OCT04DENSF-SFGKITTLE85-4,George Kittle: 4+ receptions,0.6300,0.7500,0.0000,0.00,0.00,active,2026-10-06T20:25:00Z,2026-10-02T09:37:33+00:00
KXNFLREC-26OCT04DENSF,KXNFLREC,KXNFLREC-26OCT04DENSF-SFGKITTLE85-5,George Kittle: 5+ receptions,0.5400,0.5700,0.0000,0.00,0.00,active,2026-10-06T20:25:00Z,2026-10-02T09:37:33+00:00
KXNFLREC-26OCT04DENSF,KXNFLREC,KXNFLREC-26OCT04DENSF-DENRHARVEY12-3,RJ Harvey: 3+ receptions,0.6200,0.6800,0.0000,0.00,0.00,active,2026-10-06T20:25:00Z,2026-10-02T09:37:33+00:00
KXNFLREC-26OCT04DENSF,KXNFLREC,KXNFLREC-26OCT04DENSF-DENPBRYANT13-2,Pat Bryant: 2+ receptions,0.6400,0.7000,0.0000,0.00,0.00,active,2026-10-06T20:25:00Z,2026-10-02T09:37:33+00:00
KXNFLREC-26OCT04DENSF,KXNFLREC,KXNFLREC-26OCT04DENSF-DENCSUTTON14-2,Courtland Sutton: 2+ receptions,0.7800,0.8600,0.0000,0.00,0.00,active,2026-10-06T20:25:00Z,2026-10-02T09:37:33+00:00
KXNFLREC-26OCT04DENSF,KXNFLREC,KXNFLREC-26OCT04DENSF-DENJWADDLE17-7,Jaylen Waddle: 7+ receptions,0.0900,0.2000,0.0000,0.00,0.00,active,2026-10-06T20:25:00Z,2026-10-02T09:37:33+00:00
KXNFLREC-26OCT04DENSF,KXNFLREC,KXNFLREC-26OCT04DENSF-DENCSUTTON14-3,Courtland Sutton: 3+ receptions,0.6000,0.6600,0.0000,0.00,0.00,active,2026-10-06T20:25:00Z,2026-10-02T09:37:33+00:00
KXNFLREC-26OCT04DENSF,KXNFLREC,KXNFLREC-26OCT04DENSF-DENPBRYANT13-3,Pat Bryant: 3+ receptions,0.4000,0.4300,0.0000,0.00,0.00,active,2026-10-06T20:25:00Z,2026-10-02T09:37:33+00:00
KXNFLREC-26OCT04DENSF,KXNFLREC,KXNFLREC-26OCT04DENSF-DENPBRYANT13-5,Pat Bryant: 5+ receptions,0.0300,0.1300,0.0000,0.00,0.00,active,2026-10-06T20:25:00Z,2026-10-02T09:37:33+00:00
KXNFLREC-26OCT04DENSF,KXNFLREC,KXNFLREC-26OCT04DENSF-DENJWADDLE17-3,Jaylen Waddle: 3+ receptions,0.7600,0.8400,0.0000,0.00,0.00,active,2026-10-06T20:25:00Z,2026-10-02T09:37:33+00:00
KXNFLREC-26OCT04DENSF,KXNFLREC,KXNFLREC-26OCT04DENSF-DENRHARVEY12-7,RJ Harvey: 7+ receptions,0.0300,0.1100,0.0000,0.00,0.00,active,2026-10-06T20:25:00Z,2026-10-02T09:37:33+00:00
KXNFLREC-26OCT04DENSF,KXNFLREC,KXNFLREC-26OCT04DENSF-DENRHARVEY12-2,RJ Harvey: 2+ receptions,0.7900,0.8600,0.0000,0.00,0.00,active,2026-10-06T20:25:00Z,2026-10-02T09:37:33+00:00
KXNFLREC-26OCT04DENSF,KXNFLREC,KXNFLREC-26OCT04DENSF-DENJWADDLE17-8,Jaylen Waddle: 8+ receptions,0.0300,0.1200,0.0000,0.00,0.00,active,2026-10-06T20:25:00Z,2026-10-02T09:37:33+00:00
KXNFLREC-26OCT04DENSF,KXNFLREC,KXNFLREC-26OCT04DENSF-DENJWADDLE17-5,Jaylen Waddle: 5+ receptions,0.4600,0.4800,0.0000,0.00,0.00,active,2026-10-06T20:25:00Z,2026-10-02T09:37:33+00:00
KXNFLREC-26OCT04DENSF,KXNFLREC,KXNFLREC-26OCT04DENSF-DENEENGRAM1-2,Evan Engram: 2+ receptions,0.6500,0.7100,0.0000,0.00,0.00,active,2026-10-06T20:25:00Z,2026-10-02T09:37:33+00:00
KXNFLREC-26OCT04DENSF,KXNFLREC,KXNFLREC-26OCT04DENSF-SFGKITTLE85-3,George Kittle: 3+ receptions,0.7100,0.8800,0.0000,0.00,0.00,active,2026-10-06T20:25:00Z,2026-10-02T09:37:33+00:00
KXNFLREC-26OCT04DENSF,KXNFLREC,KXNFLREC-26OCT04DENSF-DENCSUTTON14-4,Courtland Sutton: 4+ receptions,0.4300,0.4500,0.4300,34.06,34.06,active,2026-10-06T20:25:00Z,2026-10-02T09:37:33+00:00
KXNFLREC-26OCT04DENSF,KXNFLREC,KXNFLREC-26OCT04DENSF-DENEENGRAM1-3,Evan Engram: 3+ receptions,0.4200,0.4600,0.4600,1.00,1.00,active,2026-10-06T20:25:00Z,2026-10-02T09:37:33+00:00
KXNFLREC-26OCT04DENSF,KXNFLREC,KXNFLREC-26OCT04DENSF-SFCMCCAFFREY23-3,Christian McCaffrey: 3+ receptions,0.6900,0.8600,0.0000,0.00,0.00,active,2026-10-06T20:25:00Z,2026-10-02T09:37:33+00:00
KXNFLREC-26OCT04DENSF,KXNFLREC,KXNFLREC-26OCT04DENSF-SFCMCCAFFREY23-5,Christian McCaffrey: 5+ receptions,0.5300,0.5500,0.5500,158.63,158.63,active,2026-10-06T20:25:00Z,2026-10-02T09:37:33+00:00
KXNFLREC-26OCT04DENSF,KXNFLREC,KXNFLREC-26OCT04DENSF-DENJWADDLE17-4,Jaylen Waddle: 4+ receptions,0.5900,0.6700,0.0000,0.00,0.00,active,2026-10-06T20:25:00Z,2026-10-02T09:37:33+00:00
KXNFLREC-26OCT04DENSF,KXNFLREC,KXNFLREC-26OCT04DENSF-SFCMCCAFFREY23-4,Christian McCaffrey: 4+ receptions,0.6600,0.7200,0.0000,0.00,0.00,active,2026-10-06T20:25:00Z,2026-10-02T09:37:33+00:00
KXNFLREC-26OCT04DETCAR,KXNFLREC,KXNFLREC-26OCT04DETCAR-DETASTBROWN14-8,Amon-Ra St. Brown: 8+ receptions,0.4000,0.4400,0.0000,0.00,0.00,active,2026-10-07T00:20:00Z,2026-10-02T09:37:33+00:00
KXNFLREC-26OCT04DETCAR,KXNFLREC,KXNFLREC-26OCT04DETCAR-CARTTREMBLE82-6,Tommy Tremble: 6+ receptions,0.0000,0.0400,0.0000,0.00,0.00,active,2026-10-07T00:20:00Z,2026-10-02T09:37:33+00:00
KXNFLREC-26OCT04DETCAR,KXNFLREC,KXNFLREC-26OCT04DETCAR-CARDWALLER88-5,Darren Waller: 5+ receptions,0.2000,0.2400,0.2400,396.64,396.64,active,2026-10-07T00:20:00Z,2026-10-02T09:37:33+00:00
KXNFLREC-26OCT04DETCAR,KXNFLREC,KXNFLREC-26OCT04DETCAR-DETSLAPORTA87-5,Sam LaPorta: 5+ receptions,0.4600,0.5000,0.0000,0.00,0.00,active,2026-10-07T00:20:00Z,2026-10-02T09:37:33+00:00
KXNFLREC-26OCT04DETCAR,KXNFLREC,KXNFLREC-26OCT04DETCAR-DETASTBROWN14-7,Amon-Ra St. Brown: 7+ receptions,0.5400,0.5700,0.0000,0.00,0.00,active,2026-10-07T00:20:00Z,2026-10-02T09:37:33+00:00
KXNFLREC-26OCT04DETCAR,KXNFLREC,KXNFLREC-26OCT04DETCAR-CARTMCMILLAN4-11,Tetairoa McMillan: 11+ receptions,0.0000,0.0500,0.0000,0.00,0.00,active,2026-10-07T00:20:00Z,2026-10-02T09:37:33+00:00
KXNFLREC-26OCT04DETCAR,KXNFLREC,KXNFLREC-26OCT04DETCAR-DETSLAPORTA87-10,Sam LaPorta: 10+ receptions,0.0000,0.0500,0.0000,0.00,0.00,active,2026-10-07T00:20:00Z,2026-10-02T09:37:33+00:00
KXNFLREC-26OCT04DETCAR,KXNFLREC,KXNFLREC-26OCT04DETCAR-CARCHUBBARD30-8,Chuba Hubbard: 8+ receptions,0.0000,0.0500,0.0000,0.00,0.00,active,2026-10-07T00:20:00Z,2026-10-02T09:37:33+00:00
KXNFLREC-26OCT04DETCAR,KXNFLREC,KXNFLREC-26OCT04DETCAR-CARCHUBBARD30-3,Chuba Hubbard: 3+ receptions,0.5500,0.5800,0.0000,0.00,0.00,active,2026-10-07T00:20:00Z,2026-10-02T09:37:33+00:00
KXNFLREC-26OCT04DETCAR,KXNFLREC,KXNFLREC-26OCT04DETCAR-DETJWILLIAMS1-9,Jameson Williams: 9+ receptions,0.0000,0.0400,0.0000,0.00,0.00,active,2026-10-07T00:20:00Z,2026-10-02T09:37:33+00:00
KXNFLREC-26OCT04DETCAR,KXNFLREC,KXNFLREC-26OCT04DETCAR-DETASTBROWN14-9,Amon-Ra St. Brown: 9+ receptions,0.2500,0.3200,0.0000,0.00,0.00,active,2026-10-07T00:20:00Z,2026-10-02T09:37:33+00:00
KXNFLREC-26OCT04DETCAR,KXNFLREC,KXNFLREC-26OCT04DETCAR-DETITESLAA18-2,Isaac TeSlaa: 2+ receptions,0.4600,0.4900,0.0000,0.00,0.00,active,2026-10-07T00:20:00Z,2026-10-02T09:37:33+00:00
KXNFLREC-26OCT04DETCAR,KXNFLREC,KXNFLREC-26OCT04DETCAR-DETITESLAA18-5,Isaac TeSlaa: 5+ receptions,0.0000,0.0500,0.0000,0.00,0.00,active,2026-10-07T00:20:00Z,2026-10-02T09:37:33+00:00
KXNFLREC-26OCT04DETCAR,KXNFLREC,KXNFLREC-26OCT04DETCAR-DETASTBROWN14-14,Amon-Ra St. Brown: 14+ receptions,0.0000,0.0500,0.0000,0.00,0.00,active,2026-10-07T00:20:00Z,2026-10-02T09:37:33+00:00
KXNFLREC-26OCT04DETCAR,KXNFLREC,KXNFLREC-26OCT04DETCAR-DETJGIBBS0-11,Jahmyr Gibbs: 11+ receptions,0.0000,0.0400,0.0000,0.00,0.00,active,2026-10-07T00:20:00Z,2026-10-02T09:37:33+00:00
KXNFLREC-26OCT04DETCAR,KXNFLREC,KXNFLREC-26OCT04DETCAR-DETJGIBBS0-5,Jahmyr Gibbs: 5+ receptions,0.5000,0.5200,0.5000,27.90,18.60,active,2026-10-07T00:20:00Z,2026-10-02T09:37:33+00:00
KXNFLREC-26OCT04DETCAR,KXNFLREC,KXNFLREC-26OCT04DETCAR-CARTMCMILLAN4-10,Tetairoa McMillan: 10+ receptions,0.0100,0.0700,0.0000,0.00,0.00,active,2026-10-07T00:20:00Z,2026-10-02T09:37:33+00:00
KXNFLREC-26OCT04DETCAR,KXNFLREC,KXNFLREC-26OCT04DETCAR-DETJGIBBS0-10,Jahmyr Gibbs: 10+ receptions,0.0100,0.0600,0.0000,0.00,0.00,active,2026-10-07T00:20:00Z,2026-10-02T09:37:33+00:00
KXNFLREC-26OCT04DETCAR,KXNFLREC,KXNFLREC-26OCT04DETCAR-DETJWILLIAMS1-7,Jameson Williams: 7+ receptions,0.0400,0.1000,0.0000,0.00,0.00,active,2026-10-07T00:20:00Z,2026-10-02T09:37:33+00:00
KXNFLREC-26OCT04DETCAR,KXNFLREC,KXNFLREC-26OCT04DETCAR-DETJWILLIAMS1-4,Jameson Williams: 4+ receptions,0.4500,0.4900,0.4900,21.56,21.56,active,2026-10-07T00:20:00Z,2026-10-02T09:37:33+00:00
KXNFLREC-26OCT04DETCAR,KXNFLREC,KXNFLREC-26OCT04DETCAR-DETJWILLIAMS1-5,Jameson Williams: 5+ receptions,0.2800,0.3100,0.0000,0.00,0.00,active,2026-10-07T00:20:00Z,2026-10-02T09:37:33+00:00
KXNFLREC-26OCT04DETCAR,KXNFLREC,KXNFLREC-26OCT04DETCAR-DETASTBROWN14-5,Amon-Ra St. Brown: 5+ receptions,0.7700,0.8500,0.0000,0.00,0.00,active,2026-10-07T00:20:00Z,2026-10-02T09:37:33+00:00
KXNFLREC-26OCT04DETCAR,KXNFLREC,KXNFLREC-26OCT04DETCAR-DETASTBROWN14-11,Amon-Ra St. Brown: 11+ receptions,0.0800,0.1500,0.0000,0.00,0.00,active,2026-10-07T00:20:00Z,2026-10-02T09:37:33+00:00
KXNFLREC-26OCT04DETCAR,KXNFLREC,KXNFLREC-26OCT04DETCAR-DETSLAPORTA87-7,Sam LaPorta: 7+ receptions,0.1500,0.2200,0.0000,0.00,0.00,active,2026-10-07T00:20:00Z,2026-10-02T09:37:33+00:00
KXNFLREC-26OCT04DETCAR,KXNFLREC,KXNFLREC-26OCT04DETCAR-CARTTREMBLE82-3,Tommy Tremble: 3+ receptions,0.2800,0.3200,0.3100,21.54,21.54,active,2026-10-07T00:20:00Z,2026-10-02T09:37:33+00:00
KXNFLREC-26OCT04DETCAR,KXNFLREC,KXNFLREC-26OCT04DETCAR-CARDWALLER88-4,Darren Waller: 4+ receptions,0.3500,0.4000,0.4000,240.52,240.52,active,2026-10-07T00:20:00Z,2026-10-02T09:37:33+00:00
KXNFLREC-26OCT04DETCAR,KXNFLREC,KXNFLREC-26OCT04DETCAR-CARDWALLER88-7,Darren Waller: 7+ receptions,0.0100,0.0800,0.0000,0.00,0.00,active,2026-10-07T00:20:00Z,2026-10-02T09:37:33+00:00
KXNFLREC-26OCT04DETCAR,KXNFLREC,KXNFLREC-26OCT04DETCAR-DETJGIBBS0-3,Jahmyr Gibbs: 3+ receptions,0.7800,0.8600,0.0000,0.00,0.00,active,2026-10-07T00:20:00Z,2026-10-02T09:37:33+00:00
KXNFLREC-26OCT04DETCAR,KXNFLREC,KXNFLREC-26OCT04DETCAR-CARCHUBBARD30-6,Chuba Hubbard: 6+ receptions,0.0100,0.1300,0.0000,0.00,0.00,active,2026-10-07T00:20:00Z,2026-10-02T09:37:33+00:00
KXNFLREC-26OCT04DETCAR,KXNFLREC,KXNFLREC-26OCT04DETCAR-CARTMCMILLAN4-4,Tetairoa McMillan: 4+ receptions,0.5900,0.7500,0.0000,0.00,0.00,active,2026-10-07T00:20:00Z,2026-10-02T09:37:33+00:00
KXNFLREC-26OCT04DETCAR,KXNFLREC,KXNFLREC-26OCT04DETCAR-DETSLAPORTA87-3,Sam LaPorta: 3+ receptions,0.7800,0.8600,0.0000,0.00,0.00,active,2026-10-07T00:20:00Z,2026-10-02T09:37:33+00:00
KXNFLREC-26OCT04DETCAR,KXNFLREC,KXNFLREC-26OCT04DETCAR-DETASTBROWN14-12,Amon-Ra St. Brown: 12+ receptions,0.0400,0.1000,0.0000,0.00,0.00,active,2026-10-07T00:20:00Z,2026-10-02T09:37:33+00:00
KXNFLREC-26OCT04DETCAR,KXNFLREC,KXNFLREC-26OCT04DETCAR-DETASTBROWN14-13,Amon-Ra St. Brown: 13+ receptions,0.0100,0.0600,0.0000,0.00,0.00,active,2026-10-07T00:20:00Z,2026-10-02T09:37:33+00:00
KXNFLREC-26OCT04DETCAR,KXNFLREC,KXNFLREC-26OCT04DETCAR-CARDWALLER88-6,Darren Waller: 6+ receptions,0.0100,0.1300,0.0000,0.00,0.00,active,2026-10-07T00:20:00Z,2026-10-02T09:37:33+00:00
KXNFLREC-26OCT04DETCAR,KXNFLREC,KXNFLREC-26OCT04DETCAR-DETJWILLIAMS1-6,Jameson Williams: 6+ receptions,0.1100,0.1800,0.0000,0.00,0.00,active,2026-10-07T00:20:00Z,2026-10-02T09:37:33+00:00
KXNFLREC-26OCT04DETCAR,KXNFLREC,KXNFLREC-26OCT04DETCAR-DETSLAPORTA87-4,Sam LaPorta: 4+ receptions,0.6200,0.6700,0.0000,0.00,0.00,active,2026-10-07T00:20:00Z,2026-10-02T09:37:33+00:00
KXNFLREC-26OCT04DETCAR,KXNFLREC,KXNFLREC-26OCT04DETCAR-DETITESLAA18-4,Isaac TeSlaa: 4+ receptions,0.0600,0.1200,0.0000,0.00,0.00,active,2026-10-07T00:20:00Z,2026-10-02T09:37:33+00:00
KXNFLREC-26OCT04DETCAR,KXNFLREC,KXNFLREC-26OCT04DETCAR-DETJWILLIAMS1-2,Jameson Williams: 2+ receptions,0.8200,0.8900,0.0000,0.00,0.00,active,2026-10-07T00:20:00Z,2026-10-02T09:37:33+00:00
KXNFLREC-26OCT04DETCAR,KXNFLREC,KXNFLREC-26OCT04DETCAR-DETJGIBBS0-4,Jahmyr Gibbs: 4+ receptions,0.6500,0.7100,0.0000,0.00,0.00,active,2026-10-07T00:20:00Z,2026-10-02T09:37:33+00:00
KXNFLREC-26OCT04DETCAR,KXNFLREC,KXNFLREC-26OCT04DETCAR-DETSLAPORTA87-6,Sam LaPorta: 6+ receptions,0.3100,0.3400,0.0000,0.00,0.00,active,2026-10-07T00:20:00Z,2026-10-02T09:37:33+00:00
KXNFLREC-26OCT04DETCAR,KXNFLREC,KXNFLREC-26OCT04DETCAR-DETITESLAA18-3,Isaac TeSlaa: 3+ receptions,0.2100,0.2500,0.0000,0.00,0.00,active,2026-10-07T00:20:00Z,2026-10-02T09:37:33+00:00
KXNFLREC-26OCT04DETCAR,KXNFLREC,KXNFLREC-26OCT04DETCAR-CARTMCMILLAN4-3,Tetairoa McMillan: 3+ receptions,0.7900,0.9000,0.0000,0.00,0.00,active,2026-10-07T00:20:00Z,2026-10-02T09:37:33+00:00
KXNFLREC-26OCT04DETCAR,KXNFLREC,KXNFLREC-26OCT04DETCAR-CARDWALLER88-8,Darren Waller: 8+ receptions,0.0000,0.0500,0.0000,0.00,0.00,active,2026-10-07T00:20:00Z,2026-10-02T09:37:33+00:00
KXNFLREC-26OCT04DETCAR,KXNFLREC,KXNFLREC-26OCT04DETCAR-CARTMCMILLAN4-7,Tetairoa McMillan: 7+ receptions,0.1300,0.2500,0.2500,20.14,20.14,active,2026-10-07T00:20:00Z,2026-10-02T09:37:33+00:00
KXNFLREC-26OCT04DETCAR,KXNFLREC,KXNFLREC-26OCT04DETCAR-CARCHUBBARD30-2,Chuba Hubbard: 2+ receptions,0.6700,0.8000,0.0000,0.00,0.00,active,2026-10-07T00:20:00Z,2026-10-02T09:37:33+00:00
KXNFLREC-26OCT04DETCAR,KXNFLREC,KXNFLREC-26OCT04DETCAR-CARCHUBBARD30-5,Chuba Hubbard: 5+ receptions,0.1000,0.2300,0.0000,0.00,0.00,active,2026-10-07T00:20:00Z,2026-10-02T09:37:33+00:00
KXNFLREC-26OCT04DETCAR,KXNFLREC,KXNFLREC-26OCT04DETCAR-CARTTREMBLE82-5,Tommy Tremble: 5+ receptions,0.0100,0.0800,0.0000,0.00,0.00,active,2026-10-07T00:20:00Z,2026-10-02T09:37:33+00:00
KXNFLREC-26OCT04DETCAR,KXNFLREC,KXNFLREC-26OCT04DETCAR-CARCHUBBARD30-7,Chuba Hubbard: 7+ receptions,0.0100,0.0800,0.0000,0.00,0.00,active,2026-10-07T00:20:00Z,2026-10-02T09:37:33+00:00
KXNFLREC-26OCT04DETCAR,KXNFLREC,KXNFLREC-26OCT04DETCAR-CARDWALLER88-2,Darren Waller: 2+ receptions,0.6500,0.8100,0.0000,0.00,0.00,active,2026-10-07T00:20:00Z,2026-10-02T09:37:33+00:00
KXNFLREC-26OCT04DETCAR,KXNFLREC,KXNFLREC-26OCT04DETCAR-CARTMCMILLAN4-9,Tetairoa McMillan: 9+ receptions,0.0100,0.1000,0.0000,0.00,0.00,active,2026-10-07T00:20:00Z,2026-10-02T09:37:33+00:00
KXNFLREC-26OCT04DETCAR,KXNFLREC,KXNFLREC-26OCT04DETCAR-DETJWILLIAMS1-8,Jameson Williams: 8+ receptions,0.0000,0.0600,0.0000,0.00,0.00,active,2026-10-07T00:20:00Z,2026-10-02T09:37:33+00:00
KXNFLREC-26OCT04DETCAR,KXNFLREC,KXNFLREC-26OCT04DETCAR-DETJWILLIAMS1-3,Jameson Williams: 3+ receptions,0.6400,0.7000,0.0000,0.00,0.00,active,2026-10-07T00:20:00Z,2026-10-02T09:37:33+00:00
KXNFLREC-26OCT04DETCAR,KXNFLREC,KXNFLREC-26OCT04DETCAR-DETSLAPORTA87-9,Sam LaPorta: 9+ receptions,0.0200,0.0800,0.0000,0.00,0.00,active,2026-10-07T00:20:00Z,2026-10-02T09:37:33+00:00
KXNFLREC-26OCT04DETCAR,KXNFLREC,KXNFLREC-26OCT04DETCAR-CARTTREMBLE82-4,Tommy Tremble: 4+ receptions,0.1100,0.1600,0.0000,0.00,0.00,active,2026-10-07T00:20:00Z,2026-10-02T09:37:33+00:00
KXNFLREC-26OCT04DETCAR,KXNFLREC,KXNFLREC-26OCT04DETCAR-CARTMCMILLAN4-8,Tetairoa McMillan: 8+ receptions,0.0200,0.1600,0.1600,14.75,14.75,active,2026-10-07T00:20:00Z,2026-10-02T09:37:33+00:00
KXNFLREC-26OCT04DETCAR,KXNFLREC,KXNFLREC-26OCT04DETCAR-CARCHUBBARD30-4,Chuba Hubbard: 4+ receptions,0.2700,0.3700,0.3800,63.68,63.68,active,2026-10-07T00:20:00Z,2026-10-02T09:37:33+00:00
KXNFLREC-26OCT04DETCAR,KXNFLREC,KXNFLREC-26OCT04DETCAR-DETJGIBBS0-9,Jahmyr Gibbs: 9+ receptions,0.0300,0.0900,0.0000,0.00,0.00,active,2026-10-07T00:20:00Z,2026-10-02T09:37:33+00:00
KXNFLREC-26OCT04DETCAR,KXNFLREC,KXNFLREC-26OCT04DETCAR-DETJGIBBS0-8,Jahmyr Gibbs: 8+ receptions,0.0800,0.1500,0.0000,0.00,0.00,active,2026-10-07T00:20:00Z,2026-10-02T09:37:33+00:00
KXNFLREC-26OCT04DETCAR,KXNFLREC,KXNFLREC-26OCT04DETCAR-DETSLAPORTA87-8,Sam LaPorta: 8+ receptions,0.0300,0.1300,0.0000,0.00,0.00,active,2026-10-07T00:20:00Z,2026-10-02T09:37:33+00:00
KXNFLREC-26OCT04DETCAR,KXNFLREC,KXNFLREC-26OCT04DETCAR-CARTMCMILLAN4-5,Tetairoa McMillan: 5+ receptions,0.5500,0.5600,0.0000,0.00,0.00,active,2026-10-07T00:20:00Z,2026-10-02T09:37:33+00:00
KXNFLREC-26OCT04DETCAR,KXNFLREC,KXNFLREC-26OCT04DETCAR-DETJGIBBS0-6,Jahmyr Gibbs: 6+ receptions,0.3500,0.3800,0.0000,0.00,0.00,active,2026-10-07T00:20:00Z,2026-10-02T09:37:33+00:00
KXNFLREC-26OCT04DETCAR,KXNFLREC,KXNFLREC-26OCT04DETCAR-DETJGIBBS0-7,Jahmyr Gibbs: 7+ receptions,0.1700,0.2500,0.0000,0.00,0.00,active,2026-10-07T00:20:00Z,2026-10-02T09:37:33+00:00
KXNFLREC-26OCT04DETCAR,KXNFLREC,KXNFLREC-26OCT04DETCAR-DETSLAPORTA87-2,Sam LaPorta: 2+ receptions,0.8700,0.9600,0.0000,0.00,0.00,active,2026-10-07T00:20:00Z,2026-10-02T09:37:33+00:00
KXNFLREC-26OCT04DETCAR,KXNFLREC,KXNFLREC-26OCT04DETCAR-CARTMCMILLAN4-6,Tetairoa McMillan: 6+ receptions,0.3200,0.4000,0.4000,120.57,120.57,active,2026-10-07T00:20:00Z,2026-10-02T09:37:33+00:00
KXNFLREC-26OCT04DETCAR,KXNFLREC,KXNFLREC-26OCT04DETCAR-CARDWALLER88-3,Darren Waller: 3+ receptions,0.5700,0.6000,0.6000,703.29,703.29,active,2026-10-07T00:20:00Z,2026-10-02T09:37:33+00:00
KXNFLREC-26OCT04DETCAR,KXNFLREC,KXNFLREC-26OCT04DETCAR-DETASTBROWN14-6,Amon-Ra St. Brown: 6+ receptions,0.6500,0.7200,0.7200,13.50,13.50,active,2026-10-07T00:20:00Z,2026-10-02T09:37:33+00:00
KXNFLREC-26OCT04DETCAR,KXNFLREC,KXNFLREC-26OCT04DETCAR-DETASTBROWN14-10,Amon-Ra St. Brown: 10+ receptions,0.1500,0.2200,0.0000,0.00,0.00,active,2026-10-07T00:20:00Z,2026-10-02T09:37:33+00:00
KXNFLREC-26OCT04DETCAR,KXNFLREC,KXNFLREC-26OCT04DETCAR-DETASTBROWN14-4,Amon-Ra St. Brown: 4+ receptions,0.8700,0.9400,0.0000,0.00,0.00,active,2026-10-07T00:20:00Z,2026-10-02T09:37:33+00:00
KXNFLREC-26OCT04DETCAR,KXNFLREC,KXNFLREC-26OCT04DETCAR-CARTTREMBLE82-2,Tommy Tremble: 2+ receptions,0.5400,0.5700,0.0000,0.00,0.00,active,2026-10-07T00:20:00Z,2026-10-02T09:37:33+00:00
KXNFLREC-26OCT04GBTB,KXNFLREC,KXNFLREC-26OCT04GBTB-TBKGAINWELL1-8,Kenny Gainwell: 8+ receptions,0.0000,0.0400,0.0000,0.00,0.00,active,2026-10-06T17:00:00Z,2026-10-02T09:37:33+00:00
KXNFLREC-26OCT04GBTB,KXNFLREC,KXNFLREC-26OCT04GBTB-TBCGODWIN14-8,Chris Godwin Jr.: 8+ receptions,0.0000,0.0400,0.0000,0.00,0.00,active,2026-10-06T17:00:00Z,2026-10-02T09:37:33+00:00
KXNFLREC-26OCT04GBTB,KXNFLREC,KXNFLREC-26OCT04GBTB-TBTHURST17-6,Ted Hurst III: 6+ receptions,0.0000,0.0500,0.0000,0.00,0.00,active,2026-10-06T17:00:00Z,2026-10-02T09:37:33+00:00
KXNFLREC-26OCT04GBTB,KXNFLREC,KXNFLREC-26OCT04GBTB-GBSMOORE23-4,Skyy Moore: 4+ receptions,0.1700,0.1800,0.1900,90.00,90.00,active,2026-10-06T17:00:00Z,2026-10-02T09:37:33+00:00
KXNFLREC-26OCT04GBTB,KXNFLREC,KXNFLREC-26OCT04GBTB-TBCOTTON88-8,Cade Otton: 8+ receptions,0.0000,0.0500,0.0000,0.00,0.00,active,2026-10-06T17:00:00Z,2026-10-02T09:37:33+00:00
KXNFLREC-26OCT04GBTB,KXNFLREC,KXNFLREC-26OCT04GBTB-GBMLLOYD32-2,MarShawn Lloyd: 2+ receptions,0.3600,0.3800,0.0000,0.00,0.00,active,2026-10-06T17:00:00Z,2026-10-02T09:37:33+00:00
KXNFLREC-26OCT04GBTB,KXNFLREC,KXNFLREC-26OCT04GBTB-TBCGODWIN14-3,Chris Godwin Jr.: 3+ receptions,0.5000,0.5300,0.0000,0.00,0.00,active,2026-10-06T17:00:00Z,2026-10-02T09:37:33+00:00
KXNFLREC-26OCT04GBTB,KXNFLREC,KXNFLREC-26OCT04GBTB-GBMLLOYD32-5,MarShawn Lloyd: 5+ receptions,0.0000,0.0400,0.0000,0.00,0.00,active,2026-10-06T17:00:00Z,2026-10-02T09:37:33+00:00
KXNFLREC-26OCT04GBTB,KXNFLREC,KXNFLREC-26OCT04GBTB-GBTKRAFT85-4,Tucker Kraft: 4+ receptions,0.5600,0.5800,0.5800,101.48,101.48,active,2026-10-06T17:00:00Z,2026-10-02T09:37:33+00:00
KXNFLREC-26OCT04GBTB,KXNFLREC,KXNFLREC-26OCT04GBTB-GBMGOLDEN0-11,Matthew Golden: 11+ receptions,0.0000,0.0400,0.0000,0.00,0.00,active,2026-10-06T17:00:00Z,2026-10-02T09:37:33+00:00
KXNFLREC-26OCT04GBTB,KXNFLREC,KXNFLREC-26OCT04GBTB-GBTKRAFT85-10,Tucker Kraft: 10+ receptions,0.0000,0.0400,0.0000,0.00,0.00,active,2026-10-06T17:00:00Z,2026-10-02T09:37:33+00:00
KXNFLREC-26OCT04GBTB,KXNFLREC,KXNFLREC-26OCT04GBTB-GBJSMITH18-5,Jonnu Smith: 5+ receptions,0.0000,0.0400,0.0000,0.00,0.00,active,2026-10-06T17:00:00Z,2026-10-02T09:37:33+00:00
KXNFLREC-26OCT04GBTB,KXNFLREC,KXNFLREC-26OCT04GBTB-GBMLLOYD32-3,MarShawn Lloyd: 3+ receptions,0.1400,0.1700,0.0000,0.00,0.00,active,2026-10-06T17:00:00Z,2026-10-02T09:37:33+00:00
KXNFLREC-26OCT04GBTB,KXNFLREC,KXNFLREC-26OCT04GBTB-TBEEGBUKA2-9,Emeka Egbuka: 9+ receptions,0.0000,0.0300,0.0000,0.00,0.00,active,2026-10-06T17:00:00Z,2026-10-02T09:37:33+00:00
KXNFLREC-26OCT04GBTB,KXNFLREC,KXNFLREC-26OCT04GBTB-GBMGOLDEN0-5,Matthew Golden: 5+ receptions,0.5200,0.5300,0.5200,825.29,825.29,active,2026-10-06T17:00:00Z,2026-10-02T09:37:33+00:00
KXNFLREC-26OCT04GBTB,KXNFLREC,KXNFLREC-26OCT04GBTB-GBSMOORE23-3,Skyy Moore: 3+ receptions,0.3400,0.3500,0.3400,336.83,336.83,active,2026-10-06T17:00:00Z,2026-10-02T09:37:33+00:00
KXNFLREC-26OCT04GBTB,KXNFLREC,KXNFLREC-26OCT04GBTB-TBEEGBUKA2-5,Emeka Egbuka: 5+ receptions,0.2700,0.3000,0.0000,0.00,0.00,active,2026-10-06T17:00:00Z,2026-10-02T09:37:33+00:00
KXNFLREC-26OCT04GBTB,KXNFLREC,KXNFLREC-26OCT04GBTB-TBEEGBUKA2-7,Emeka Egbuka: 7+ receptions,0.0100,0.1000,0.0000,0.00,0.00,active,2026-10-06T17:00:00Z,2026-10-02T09:37:33+00:00
KXNFLREC-26OCT04GBTB,KXNFLREC,KXNFLREC-26OCT04GBTB-TBCOTTON88-5,Cade Otton: 5+ receptions,0.1900,0.2400,0.0000,0.00,0.00,active,2026-10-06T17:00:00Z,2026-10-02T09:37:33+00:00
KXNFLREC-26OCT04GBTB,KXNFLREC,KXNFLREC-26OCT04GBTB-GBCWATSON9-11,Christian Watson: 11+ receptions,0.0000,0.0500,0.0000,0.00,0.00,active,2026-10-06T17:00:00Z,2026-10-02T09:37:33+00:00
KXNFLREC-26OCT04GBTB,KXNFLREC,KXNFLREC-26OCT04GBTB-TBKGAINWELL1-2,Kenny Gainwell: 2+ receptions,0.4800,0.6300,0.0000,0.00,0.00,active,2026-10-06T17:00:00Z,2026-10-02T09:37:33+00:00
KXNFLREC-26OCT04GBTB,KXNFLREC,KXNFLREC-26OCT04GBTB-TBKGAINWELL1-5,Kenny Gainwell: 5+ receptions,0.0100,0.1200,0.0000,0.00,0.00,active,2026-10-06T17:00:00Z,2026-10-02T09:37:33+00:00
KXNFLREC-26OCT04GBTB,KXNFLREC,KXNFLREC-26OCT04GBTB-TBCGODWIN14-2,Chris Godwin Jr.: 2+ receptions,0.7200,0.7700,0.0000,0.00,0.00,active,2026-10-06T17:00:00Z,2026-10-02T09:37:33+00:00
KXNFLREC-26OCT04GBTB,KXNFLREC,KXNFLREC-26OCT04GBTB-TBCGODWIN14-4,Chris Godwin Jr.: 4+ receptions,0.3000,0.3400,0.0000,0.00,0.00,active,2026-10-06T17:00:00Z,2026-10-02T09:37:33+00:00
KXNFLREC-26OCT04GBTB,KXNFLREC,KXNFLREC-26OCT04GBTB-TBEEGBUKA2-8,Emeka Egbuka: 8+ receptions,0.0100,0.0600,0.0000,0.00,0.00,active,2026-10-06T17:00:00Z,2026-10-02T09:37:33+00:00
KXNFLREC-26OCT04GBTB,KXNFLREC,KXNFLREC-26OCT04GBTB-TBTHURST17-3,Ted Hurst III: 3+ receptions,0.2200,0.3700,0.0000,0.00,0.00,active,2026-10-06T17:00:00Z,2026-10-02T09:37:33+00:00
KXNFLREC-26OCT04GBTB,KXNFLREC,KXNFLREC-26OCT04GBTB-TBKGAINWELL1-4,Kenny Gainwell: 4+ receptions,0.0800,0.2300,0.0000,0.00,0.00,active,2026-10-06T17:00:00Z,2026-10-02T09:37:33+00:00
KXNFLREC-26OCT04GBTB,KXNFLREC,KXNFLREC-26OCT04GBTB-TBCGODWIN14-6,Chris Godwin Jr.: 6+ receptions,0.0100,0.1200,0.1200,25.19,25.19,active,2026-10-06T17:00:00Z,2026-10-02T09:37:33+00:00
KXNFLREC-26OCT04GBTB,KXNFLREC,KXNFLREC-26OCT04GBTB-GBTKRAFT85-9,Tucker Kraft: 9+ receptions,0.0100,0.0600,0.0000,0.00,0.00,active,2026-10-06T17:00:00Z,2026-10-02T09:37:33+00:00
KXNFLREC-26OCT04GBTB,KXNFLREC,KXNFLREC-26OCT04GBTB-GBMLLOYD32-4,MarShawn Lloyd: 4+ receptions,0.0200,0.0800,0.0000,0.00,0.00,active,2026-10-06T17:00:00Z,2026-10-02T09:37:33+00:00
KXNFLREC-26OCT04GBTB,KXNFLREC,KXNFLREC-26OCT04GBTB-TBCOTTON88-7,Cade Otton: 7+ receptions,0.0100,0.0700,0.0000,0.00,0.00,active,2026-10-06T17:00:00Z,2026-10-02T09:37:33+00:00
KXNFLREC-26OCT04GBTB,KXNFLREC,KXNFLREC-26OCT04GBTB-GBCWATSON9-6,Christian Watson: 6+ receptions,0.3800,0.4200,0.0000,0.00,0.00,active,2026-10-06T17:00:00Z,2026-10-02T09:37:33+00:00
KXNFLREC-26OCT04GBTB,KXNFLREC,KXNFLREC-26OCT04GBTB-TBKGAINWELL1-6,Kenny Gainwell: 6+ receptions,0.0100,0.0800,0.0000,0.00,0.00,active,2026-10-06T17:00:00Z,2026-10-02T09:37:33+00:00
KXNFLREC-26OCT04GBTB,KXNFLREC,KXNFLREC-26OCT04GBTB-TBKGAINWELL1-7,Kenny Gainwell: 7+ receptions,0.0000,0.0600,0.0000,0.00,0.00,active,2026-10-06T17:00:00Z,2026-10-02T09:37:33+00:00
KXNFLREC-26OCT04GBTB,KXNFLREC,KXNFLREC-26OCT04GBTB-TBTHURST17-2,Ted Hurst III: 2+ receptions,0.5900,0.6200,0.6200,0.78,0.78,active,2026-10-06T17:00:00Z,2026-10-02T09:37:33+00:00
KXNFLREC-26OCT04GBTB,KXNFLREC,KXNFLREC-26OCT04GBTB-TBTHURST17-4,Ted Hurst III: 4+ receptions,0.0600,0.2000,0.0000,0.00,0.00,active,2026-10-06T17:00:00Z,2026-10-02T09:37:33+00:00
KXNFLREC-26OCT04GBTB,KXNFLREC,KXNFLREC-26OCT04GBTB-GBSMOORE23-6,Skyy Moore: 6+ receptions,0.0000,0.0600,0.0000,0.00,0.00,active,2026-10-06T17:00:00Z,2026-10-02T09:37:33+00:00
KXNFLREC-26OCT04GBTB,KXNFLREC,KXNFLREC-26OCT04GBTB-GBJSMITH18-4,Jonnu Smith: 4+ receptions,0.0100,0.0700,0.0000,0.00,0.00,active,2026-10-06T17:00:00Z,2026-10-02T09:37:33+00:00
KXNFLREC-26OCT04GBTB,KXNFLREC,KXNFLREC-26OCT04GBTB-TBTHURST17-5,Ted Hurst III: 5+ receptions,0.0100,0.1000,0.0000,0.00,0.00,active,2026-10-06T17:00:00Z,2026-10-02T09:37:33+00:00
KXNFLREC-26OCT04GBTB,KXNFLREC,KXNFLREC-26OCT04GBTB-TBKGAINWELL1-3,Kenny Gainwell: 3+ receptions,0.3600,0.3800,0.0000,0.00,0.00,active,2026-10-06T17:00:00Z,2026-10-02T09:37:33+00:00
KXNFLREC-26OCT04GBTB,KXNFLREC,KXNFLREC-26OCT04GBTB-TBCGODWIN14-7,Chris Godwin Jr.: 7+ receptions,0.0100,0.0700,0.0000,0.00,0.00,active,2026-10-06T17:00:00Z,2026-10-02T09:37:33+00:00
KXNFLREC-26OCT04GBTB,KXNFLREC,KXNFLREC-26OCT04GBTB-GBMGOLDEN0-10,Matthew Golden: 10+ receptions,0.0100,0.0500,0.0000,0.00,0.00,active,2026-10-06T17:00:00Z,2026-10-02T09:37:33+00:00
KXNFLREC-26OCT04GBTB,KXNFLREC,KXNFLREC-26OCT04GBTB-GBCWATSON9-10,Christian Watson: 10+ receptions,0.0100,0.0700,0.0000,0.00,0.00,active,2026-10-06T17:00:00Z,2026-10-02T09:37:33+00:00
KXNFLREC-26OCT04GBTB,KXNFLREC,KXNFLREC-26OCT04GBTB-TBCGODWIN14-5,Chris Godwin Jr.: 5+ receptions,0.0600,0.1900,0.2000,23.67,23.67,active,2026-10-06T17:00:00Z,2026-10-02T09:37:33+00:00
KXNFLREC-26OCT04GBTB,KXNFLREC,KXNFLREC-26OCT04GBTB-GBMGOLDEN0-6,Matthew Golden: 6+ receptions,0.3500,0.3800,0.0000,0.00,0.00,active,2026-10-06T17:00:00Z,2026-10-02T09:37:33+00:00
KXNFLREC-26OCT04GBTB,KXNFLREC,KXNFLREC-26OCT04GBTB-GBCWATSON9-8,Christian Watson: 8+ receptions,0.1100,0.1800,0.0000,0.00,0.00,active,2026-10-06T17:00:00Z,2026-10-02T09:37:33+00:00
KXNFLREC-26OCT04GBTB,KXNFLREC,KXNFLREC-26OCT04GBTB-GBSMOORE23-5,Skyy Moore: 5+ receptions,0.0400,0.1000,0.0000,0.00,0.00,active,2026-10-06T17:00:00Z,2026-10-02T09:37:33+00:00
KXNFLREC-26OCT04GBTB,KXNFLREC,KXNFLREC-26OCT04GBTB-GBTKRAFT85-3,Tucker Kraft: 3+ receptions,0.7300,0.7800,0.0000,0.00,0.00,active,2026-10-06T17:00:00Z,2026-10-02T09:37:33+00:00
KXNFLREC-26OCT04GBTB,KXNFLREC,KXNFLREC-26OCT04GBTB-GBTKRAFT85-7,Tucker Kraft: 7+ receptions,0.1000,0.1500,0.0000,0.00,0.00,active,2026-10-06T17:00:00Z,2026-10-02T09:37:33+00:00
KXNFLREC-26OCT04GBTB,KXNFLREC,KXNFLREC-26OCT04GBTB-TBCOTTON88-2,Cade Otton: 2+ receptions,0.7800,0.8200,0.0000,0.00,0.00,active,2026-10-06T17:00:00Z,2026-10-02T09:37:33+00:00
KXNFLREC-26OCT04GBTB,KXNFLREC,KXNFLREC-26OCT04GBTB-TBCOTTON88-4,Cade Otton: 4+ receptions,0.3900,0.4100,0.0000,0.00,0.00,active,2026-10-06T17:00:00Z,2026-10-02T09:37:33+00:00
KXNFLREC-26OCT04GBTB,KXNFLREC,KXNFLREC-26OCT04GBTB-GBCWATSON9-4,Christian Watson: 4+ receptions,0.7000,0.7600,0.0000,0.00,0.00,active,2026-10-06T17:00:00Z,2026-10-02T09:37:33+00:00
KXNFLREC-26OCT04GBTB,KXNFLREC,KXNFLREC-26OCT04GBTB-GBTKRAFT85-5,Tucker Kraft: 5+ receptions,0.3700,0.4100,0.0000,0.00,0.00,active,2026-10-06T17:00:00Z,2026-10-02T09:37:33+00:00
KXNFLREC-26OCT04GBTB,KXNFLREC,KXNFLREC-26OCT04GBTB-GBCWATSON9-5,Christian Watson: 5+ receptions,0.5400,0.5600,0.0000,0.00,0.00,active,2026-10-06T17:00:00Z,2026-10-02T09:37:33+00:00
KXNFLREC-26OCT04GBTB,KXNFLREC,KXNFLREC-26OCT04GBTB-TBEEGBUKA2-3,Emeka Egbuka: 3+ receptions,0.6200,0.6800,0.0000,0.00,0.00,active,2026-10-06T17:00:00Z,2026-10-02T09:37:33+00:00
KXNFLREC-26OCT04GBTB,KXNFLREC,KXNFLREC-26OCT04GBTB-TBEEGBUKA2-2,Emeka Egbuka: 2+ receptions,0.6900,0.8600,0.0000,0.00,0.00,active,2026-10-06T17:00:00Z,2026-10-02T09:37:33+00:00
KXNFLREC-26OCT04GBTB,KXNFLREC,KXNFLREC-26OCT04GBTB-TBEEGBUKA2-6,Emeka Egbuka: 6+ receptions,0.1200,0.1700,0.0000,0.00,0.00,active,2026-10-06T17:00:00Z,2026-10-02T09:37:33+00:00
KXNFLREC-26OCT04GBTB,KXNFLREC,KXNFLREC-26OCT04GBTB-GBMGOLDEN0-7,Matthew Golden: 7+ receptions,0.1500,0.2500,0.0000,0.00,0.00,active,2026-10-06T17:00:00Z,2026-10-02T09:37:33+00:00
KXNFLREC-26OCT04GBTB,KXNFLREC,KXNFLREC-26OCT04GBTB-TBCOTTON88-6,Cade Otton: 6+ receptions,0.0100,0.1300,0.0000,0.00,0.00,active,2026-10-06T17:00:00Z,2026-10-02T09:37:33+00:00
KXNFLREC-26OCT04GBTB,KXNFLREC,KXNFLREC-26OCT04GBTB-GBMGOLDEN0-9,Matthew Golden: 9+ receptions,0.0300,0.0900,0.0000,0.00,0.00,active,2026-10-06T17:00:00Z,2026-10-02T09:37:33+00:00
KXNFLREC-26OCT04GBTB,KXNFLREC,KXNFLREC-26OCT04GBTB-GBMGOLDEN0-4,Matthew Golden: 4+ receptions,0.6600,0.7100,0.0000,0.00,0.00,active,2026-10-06T17:00:00Z,2026-10-02T09:37:33+00:00
KXNFLREC-26OCT04GBTB,KXNFLREC,KXNFLREC-26OCT04GBTB-GBTKRAFT85-6,Tucker Kraft: 6+ receptions,0.1700,0.2500,0.0000,0.00,0.00,active,2026-10-06T17:00:00Z,2026-10-02T09:37:33+00:00
KXNFLREC-26OCT04GBTB,KXNFLREC,KXNFLREC-26OCT04GBTB-GBCWATSON9-9,Christian Watson: 9+ receptions,0.0300,0.1100,0.0000,0.00,0.00,active,2026-10-06T17:00:00Z,2026-10-02T09:37:33+00:00
KXNFLREC-26OCT04GBTB,KXNFLREC,KXNFLREC-26OCT04GBTB-GBMGOLDEN0-8,Matthew Golden: 8+ receptions,0.0500,0.1500,0.0000,0.00,0.00,active,2026-10-06T17:00:00Z,2026-10-02T09:37:33+00:00
KXNFLREC-26OCT04GBTB,KXNFLREC,KXNFLREC-26OCT04GBTB-TBEEGBUKA2-4,Emeka Egbuka: 4+ receptions,0.4400,0.4600,0.4800,0.98,0.98,active,2026-10-06T17:00:00Z,2026-10-02T09:37:33+00:00
KXNFLREC-26OCT04GBTB,KXNFLREC,KXNFLREC-26OCT04GBTB-GBCWATSON9-7,Christian Watson: 7+ receptions,0.2200,0.2800,0.0000,0.00,0.00,active,2026-10-06T17:00:00Z,2026-10-02T09:37:33+00:00
KXNFLREC-26OCT04GBTB,KXNFLREC,KXNFLREC-26OCT04GBTB-GBJSMITH18-2,Jonnu Smith: 2+ receptions,0.3400,0.3500,0.3600,533.83,533.83,active,2026-10-06T17:00:00Z,2026-10-02T09:37:33+00:00
KXNFLREC-26OCT04GBTB,KXNFLREC,KXNFLREC-26OCT04GBTB-GBCWATSON9-3,Christian Watson: 3+ receptions,0.8200,0.9000,0.9600,10.19,10.19,active,2026-10-06T17:00:00Z,2026-10-02T09:37:33+00:00
KXNFLREC-26OCT04GBTB,KXNFLREC,KXNFLREC-26OCT04GBTB-TBCOTTON88-3,Cade Otton: 3+ receptions,0.5700,0.6100,0.6100,268.09,268.09,active,2026-10-06T17:00:00Z,2026-10-02T09:37:33+00:00
KXNFLREC-26OCT04GBTB,KXNFLREC,KXNFLREC-26OCT04GBTB-GBJSMITH18-3,Jonnu Smith: 3+ receptions,0.1000,0.1500,0.1500,168.46,168.46,active,2026-10-06T17:00:00Z,2026-10-02T09:37:33+00:00
KXNFLREC-26OCT04GBTB,KXNFLREC,KXNFLREC-26OCT04GBTB-GBSMOORE23-2,Skyy Moore: 2+ receptions,0.5900,0.6000,0.6000,159.96,159.96,active,2026-10-06T17:00:00Z,2026-10-02T09:37:33+00:00
KXNFLREC-26OCT04GBTB,KXNFLREC,KXNFLREC-26OCT04GBTB-GBMGOLDEN0-3,Matthew Golden: 3+ receptions,0.7900,0.8800,0.9200,10.63,10.63,active,2026-10-06T17:00:00Z,2026-10-02T09:37:33+00:00
KXNFLREC-26OCT04GBTB,KXNFLREC,KXNFLREC-26OCT04GBTB-GBTKRAFT85-2,Tucker Kraft: 2+ receptions,0.8400,0.9200,0.0000,0.00,0.00,active,2026-10-06T17:00:00Z,2026-10-02T09:37:33+00:00
KXNFLREC-26OCT04GBTB,KXNFLREC,KXNFLREC-26OCT04GBTB-GBTKRAFT85-8,Tucker Kraft: 8+ receptions,0.0300,0.0900,0.0000,0.00,0.00,active,2026-10-06T17:00:00Z,2026-10-02T09:37:33+00:00
KXNFLREC-26OCT04INDWAS,KXNFLREC,KXNFLREC-26OCT04INDWAS-INDKALLEN10-3,Keenan Allen: 3+ receptions,0.7000,0.7600,0.0000,0.00,0.00,active,2026-10-06T13:30:00Z,2026-10-02T09:37:33+00:00
KXNFLREC-26OCT04INDWAS,KXNFLREC,KXNFLREC-26OCT04INDWAS-INDJDOWNS2-7,Josh Downs: 7+ receptions,0.2800,0.3100,0.3000,12.45,12.45,active,2026-10-06T13:30:00Z,2026-10-02T09:37:33+00:00
KXNFLREC-26OCT04INDWAS,KXNFLREC,KXNFLREC-26OCT04INDWAS-WASSDIGGS3-5,Stefon Diggs: 5+ receptions,0.4200,0.4300,0.0000,0.00,0.00,active,2026-10-06T13:30:00Z,2026-10-02T09:37:33+00:00
KXNFLREC-26OCT04INDWAS,KXNFLREC,KXNFLREC-26OCT04INDWAS-INDTWARREN84-6,Tyler Warren: 6+ receptions,0.4400,0.4600,0.4600,627.32,627.32,active,2026-10-06T13:30:00Z,2026-10-02T09:37:33+00:00
KXNFLREC-26OCT04INDWAS,KXNFLREC,KXNFLREC-26OCT04INDWAS-INDTWARREN84-7,Tyler Warren: 7+ receptions,0.3100,0.3400,0.2900,2.00,2.00,active,2026-10-06T13:30:00Z,2026-10-02T09:37:33+00:00
KXNFLREC-26OCT04INDWAS,KXNFLREC,KXNFLREC-26OCT04INDWAS-INDJDOWNS2-9,Josh Downs: 9+ receptions,0.0800,0.1200,0.1300,3.62,3.62,active,2026-10-06T13:30:00Z,2026-10-02T09:37:33+00:00
KXNFLREC-26OCT04INDWAS,KXNFLREC,KXNFLREC-26OCT04INDWAS-WASAWILLIAMS14-4,Antonio Williams: 4+ receptions,0.1200,0.1700,0.1700,11.11,11.11,active,2026-10-06T13:30:00Z,2026-10-02T09:37:33+00:00
KXNFLREC-26OCT04INDWAS,KXNFLREC,KXNFLREC-26OCT04INDWAS-WASTMCLAURIN17-5,Terry McLaurin: 5+ receptions,0.4200,0.4300,0.4200,437.10,437.10,active,2026-10-06T13:30:00Z,2026-10-02T09:37:33+00:00
KXNFLREC-26OCT04INDWAS,KXNFLREC,KXNFLREC-26OCT04INDWAS-INDTWARREN84-10,Tyler Warren: 10+ receptions,0.0500,0.0900,0.0000,0.00,0.00,active,2026-10-06T13:30:00Z,2026-10-02T09:37:33+00:00
KXNFLREC-26OCT04INDWAS,KXNFLREC,KXNFLREC-26OCT04INDWAS-INDDSLAYTON11-2,Darius Slayton: 2+ receptions,0.3500,0.3800,0.0000,0.00,0.00,active,2026-10-06T13:30:00Z,2026-10-02T09:37:33+00:00
KXNFLREC-26OCT04INDWAS,KXNFLREC,KXNFLREC-26OCT04INDWAS-INDLTREADWELL13-5,Laquon Treadwell: 5+ receptions,0.0000,0.0500,0.0000,0.00,0.00,active,2026-10-06T13:30:00Z,2026-10-02T09:37:33+00:00
KXNFLREC-26OCT04INDWAS,KXNFLREC,KXNFLREC-26OCT04INDWAS-INDJDOWNS2-6,Josh Downs: 6+ receptions,0.4200,0.4400,0.4400,122.17,122.17,active,2026-10-06T13:30:00Z,2026-10-02T09:37:33+00:00
KXNFLREC-26OCT04INDWAS,KXNFLREC,KXNFLREC-26OCT04INDWAS-INDJTAYLOR28-8,Jonathan Taylor: 8+ receptions,0.0000,0.0400,0.0000,0.00,0.00,active,2026-10-06T13:30:00Z,2026-10-02T09:37:33+00:00
KXNFLREC-26OCT04INDWAS,KXNFLREC,KXNFLREC-26OCT04INDWAS-WASSDIGGS3-2,Stefon Diggs: 2+ receptions,0.8600,0.9200,0.0000,0.00,0.00,active,2026-10-06T13:30:00Z,2026-10-02T09:37:33+00:00
KXNFLREC-26OCT04INDWAS,KXNFLREC,KXNFLREC-26OCT04INDWAS-INDJDOWNS2-12,Josh Downs: 12+ receptions,0.0000,0.0300,0.0000,0.00,0.00,active,2026-10-06T13:30:00Z,2026-10-02T09:37:33+00:00
KXNFLREC-26OCT04INDWAS,KXNFLREC,KXNFLREC-26OCT04INDWAS-WASTMCLAURIN17-10,Terry McLaurin: 10+ receptions,0.0000,0.0400,0.0000,0.00,0.00,active,2026-10-06T13:30:00Z,2026-10-02T09:37:33+00:00
KXNFLREC-26OCT04INDWAS,KXNFLREC,KXNFLREC-26OCT04INDWAS-INDKALLEN10-2,Keenan Allen: 2+ receptions,0.8400,0.9000,0.0000,0.00,0.00,active,2026-10-06T13:30:00Z,2026-10-02T09:37:33+00:00
KXNFLREC-26OCT04INDWAS,KXNFLREC,KXNFLREC-26OCT04INDWAS-INDJDOWNS2-10,Josh Downs: 10+ receptions,0.0400,0.0800,0.0900,5.22,5.22,active,2026-10-06T13:30:00Z,2026-10-02T09:37:33+00:00
KXNFLREC-26OCT04INDWAS,KXNFLREC,KXNFLREC-26OCT04INDWAS-INDJTAYLOR28-6,Jonathan Taylor: 6+ receptions,0.0700,0.1100,0.0000,0.00,0.00,active,2026-10-06T13:30:00Z,2026-10-02T09:37:33+00:00
KXNFLREC-26OCT04INDWAS,KXNFLREC,KXNFLREC-26OCT04INDWAS-WASTMCLAURIN17-7,Terry McLaurin: 7+ receptions,0.1300,0.1800,0.0000,0.00,0.00,active,2026-10-06T13:30:00Z,2026-10-02T09:37:33+00:00
KXNFLREC-26OCT04INDWAS,KXNFLREC,KXNFLREC-26OCT04INDWAS-WASAWILLIAMS14-6,Antonio Williams: 6+ receptions,0.0100,0.0500,0.0000,0.00,0.00,active,2026-10-06T13:30:00Z,2026-10-02T09:37:33+00:00
KXNFLREC-26OCT04INDWAS,KXNFLREC,KXNFLREC-26OCT04INDWAS-INDKALLEN10-5,Keenan Allen: 5+ receptions,0.3500,0.3900,0.3700,766.49,766.49,active,2026-10-06T13:30:00Z,2026-10-02T09:37:33+00:00
KXNFLREC-26OCT04INDWAS,KXNFLREC,KXNFLREC-26OCT04INDWAS-INDJTAYLOR28-7,Jonathan Taylor: 7+ receptions,0.0100,0.0600,0.0000,0.00,0.00,active,2026-10-06T13:30:00Z,2026-10-02T09:37:33+00:00
KXNFLREC-26OCT04INDWAS,KXNFLREC,KXNFLREC-26OCT04INDWAS-WASSDIGGS3-7,Stefon Diggs: 7+ receptions,0.1300,0.1800,0.0000,0.00,0.00,active,2026-10-06T13:30:00Z,2026-10-02T09:37:33+00:00
KXNFLREC-26OCT04INDWAS,KXNFLREC,KXNFLREC-26OCT04INDWAS-WASTMCLAURIN17-8,Terry McLaurin: 8+ receptions,0.0400,0.1100,0.0000,0.00,0.00,active,2026-10-06T13:30:00Z,2026-10-02T09:37:33+00:00
KXNFLREC-26OCT04INDWAS,KXNFLREC,KXNFLREC-26OCT04INDWAS-INDJTAYLOR28-2,Jonathan Taylor: 2+ receptions,0.7300,0.7800,0.0000,0.00,0.00,active,2026-10-06T13:30:00Z,2026-10-02T09:37:33+00:00
KXNFLREC-26OCT04INDWAS,KXNFLREC,KXNFLREC-26OCT04INDWAS-WASSDIGGS3-3,Stefon Diggs: 3+ receptions,0.7400,0.8100,0.0000,0.00,0.00,active,2026-10-06T13:30:00Z,2026-10-02T09:37:33+00:00
KXNFLREC-26OCT04INDWAS,KXNFLREC,KXNFLREC-26OCT04INDWAS-INDDSLAYTON11-3,Darius Slayton: 3+ receptions,0.1300,0.1600,0.0000,0.00,0.00,active,2026-10-06T13:30:00Z,2026-10-02T09:37:33+00:00
KXNFLREC-26OCT04INDWAS,KXNFLREC,KXNFLREC-26OCT04INDWAS-WASSDIGGS3-6,Stefon Diggs: 6+ receptions,0.2600,0.2900,0.0000,0.00,0.00,active,2026-10-06T13:30:00Z,2026-10-02T09:37:33+00:00
KXNFLREC-26OCT04INDWAS,KXNFLREC,KXNFLREC-26OCT04INDWAS-WASSDIGGS3-9,Stefon Diggs: 9+ receptions,0.0100,0.0700,0.0000,0.00,0.00,active,2026-10-06T13:30:00Z,2026-10-02T09:37:33+00:00
KXNFLREC-26OCT04INDWAS,KXNFLREC,KXNFLREC-26OCT04INDWAS-WASSDIGGS3-4,Stefon Diggs: 4+ receptions,0.6200,0.6400,0.6300,2190.45,2190.45,active,2026-10-06T13:30:00Z,2026-10-02T09:37:33+00:00
KXNFLREC-26OCT04INDWAS,KXNFLREC,KXNFLREC-26OCT04INDWAS-WASTMCLAURIN17-9,Terry McLaurin: 9+ receptions,0.0100,0.0700,0.0000,0.00,0.00,active,2026-10-06T13:30:00Z,2026-10-02T09:37:33+00:00
KXNFLREC-26OCT04INDWAS,KXNFLREC,KXNFLREC-26OCT04INDWAS-INDTWARREN84-11,Tyler Warren: 11+ receptions,0.0100,0.0600,0.0000,0.00,0.00,active,2026-10-06T13:30:00Z,2026-10-02T09:37:33+00:00
KXNFLREC-26OCT04INDWAS,KXNFLREC,KXNFLREC-26OCT04INDWAS-WASSDIGGS3-8,Stefon Diggs: 8+ receptions,0.0100,0.1000,0.0000,0.00,0.00,active,2026-10-06T13:30:00Z,2026-10-02T09:37:33+00:00
KXNFLREC-26OCT04INDWAS,KXNFLREC,KXNFLREC-26OCT04INDWAS-WASAWILLIAMS14-3,Antonio Williams: 3+ receptions,0.3100,0.3400,0.3400,1507.00,1507.00,active,2026-10-06T13:30:00Z,2026-10-02T09:37:33+00:00
KXNFLREC-26OCT04INDWAS,KXNFLREC,KXNFLREC-26OCT04INDWAS-WASTMCLAURIN17-6,Terry McLaurin: 6+ receptions,0.2600,0.2900,0.0000,0.00,0.00,active,2026-10-06T13:30:00Z,2026-10-02T09:37:33+00:00
KXNFLREC-26OCT04INDWAS,KXNFLREC,KXNFLREC-26OCT04INDWAS-INDTWARREN84-4,Tyler Warren: 4+ receptions,0.7400,0.8100,0.0000,0.00,0.00,active,2026-10-06T13:30:00Z,2026-10-02T09:37:33+00:00
KXNFLREC-26OCT04INDWAS,KXNFLREC,KXNFLREC-26OCT04INDWAS-WASTMCLAURIN17-3,Terry McLaurin: 3+ receptions,0.7300,0.8100,0.0000,0.00,0.00,active,2026-10-06T13:30:00Z,2026-10-02T09:37:33+00:00
KXNFLREC-26OCT04INDWAS,KXNFLREC,KXNFLREC-26OCT04INDWAS-WASTMCLAURIN17-2,Terry McLaurin: 2+ receptions,0.8500,0.9300,0.0000,0.00,0.00,active,2026-10-06T13:30:00Z,2026-10-02T09:37:33+00:00
KXNFLREC-26OCT04INDWAS,KXNFLREC,KXNFLREC-26OCT04INDWAS-WASSDIGGS3-10,Stefon Diggs: 10+ receptions,0.0000,0.0500,0.0000,0.00,0.00,active,2026-10-06T13:30:00Z,2026-10-02T09:37:33+00:00
KXNFLREC-26OCT04INDWAS,KXNFLREC,KXNFLREC-26OCT04INDWAS-INDTWARREN84-9,Tyler Warren: 9+ receptions,0.0900,0.1400,0.0000,0.00,0.00,active,2026-10-06T13:30:00Z,2026-10-02T09:37:33+00:00
KXNFLREC-26OCT04INDWAS,KXNFLREC,KXNFLREC-26OCT04INDWAS-INDLTREADWELL13-3,Laquon Treadwell: 3+ receptions,0.1400,0.1600,0.0000,0.00,0.00,active,2026-10-06T13:30:00Z,2026-10-02T09:37:33+00:00
KXNFLREC-26OCT04INDWAS,KXNFLREC,KXNFLREC-26OCT04INDWAS-INDLTREADWELL13-4,Laquon Treadwell: 4+ receptions,0.0100,0.0900,0.0000,0.00,0.00,active,2026-10-06T13:30:00Z,2026-10-02T09:37:33+00:00
KXNFLREC-26OCT04INDWAS,KXNFLREC,KXNFLREC-26OCT04INDWAS-INDKALLEN10-9,Keenan Allen: 9+ receptions,0.0100,0.0500,0.0000,0.00,0.00,active,2026-10-06T13:30:00Z,2026-10-02T09:37:33+00:00
KXNFLREC-26OCT04INDWAS,KXNFLREC,KXNFLREC-26OCT04INDWAS-INDKALLEN10-7,Keenan Allen: 7+ receptions,0.0900,0.1400,0.0000,0.00,0.00,active,2026-10-06T13:30:00Z,2026-10-02T09:37:33+00:00
KXNFLREC-26OCT04INDWAS,KXNFLREC,KXNFLREC-26OCT04INDWAS-INDJDOWNS2-11,Josh Downs: 11+ receptions,0.0100,0.0500,0.0000,0.00,0.00,active,2026-10-06T13:30:00Z,2026-10-02T09:37:33+00:00
KXNFLREC-26OCT04INDWAS,KXNFLREC,KXNFLREC-26OCT04INDWAS-INDLTREADWELL13-2,Laquon Treadwell: 2+ receptions,0.3600,0.3800,0.3800,20.00,20.00,active,2026-10-06T13:30:00Z,2026-10-02T09:37:33+00:00
KXNFLREC-26OCT04INDWAS,KXNFLREC,KXNFLREC-26OCT04INDWAS-WASAWILLIAMS14-5,Antonio Williams: 5+ receptions,0.0100,0.0900,0.0000,0.00,0.00,active,2026-10-06T13:30:00Z,2026-10-02T09:37:33+00:00
KXNFLREC-26OCT04INDWAS,KXNFLREC,KXNFLREC-26OCT04INDWAS-INDDSLAYTON11-4,Darius Slayton: 4+ receptions,0.0100,0.0700,0.0000,0.00,0.00,active,2026-10-06T13:30:00Z,2026-10-02T09:37:33+00:00
KXNFLREC-26OCT04INDWAS,KXNFLREC,KXNFLREC-26OCT04INDWAS-INDJTAYLOR28-3,Jonathan Taylor: 3+ receptions,0.5200,0.5500,0.0000,0.00,0.00,active,2026-10-06T13:30:00Z,2026-10-02T09:37:33+00:00
KXNFLREC-26OCT04INDWAS,KXNFLREC,KXNFLREC-26OCT04INDWAS-INDTWARREN84-5,Tyler Warren: 5+ receptions,0.5900,0.6400,0.0000,0.00,0.00,active,2026-10-06T13:30:00Z,2026-10-02T09:37:33+00:00
KXNFLREC-26OCT04INDWAS,KXNFLREC,KXNFLREC-26OCT04INDWAS-INDTWARREN84-3,Tyler Warren: 3+ receptions,0.8600,0.9000,0.8700,1300.76,1300.76,active,2026-10-06T13:30:00Z,2026-10-02T09:37:33+00:00
KXNFLREC-26OCT04INDWAS,KXNFLREC,KXNFLREC-26OCT04INDWAS-INDKALLEN10-4,Keenan Allen: 4+ receptions,0.5500,0.5800,0.5800,2020.42,2020.42,active,2026-10-06T13:30:00Z,2026-10-02T09:37:33+00:00
KXNFLREC-26OCT04INDWAS,KXNFLREC,KXNFLREC-26OCT04INDWAS-WASAWILLIAMS14-2,Antonio Williams: 2+ receptions,0.5700,0.5900,0.5900,2493.81,2493.81,active,2026-10-06T13:30:00Z,2026-10-02T09:37:33+00:00
KXNFLREC-26OCT04INDWAS,KXNFLREC,KXNFLREC-26OCT04INDWAS-INDJDOWNS2-4,Josh Downs: 4+ receptions,0.7300,0.7900,0.0000,0.00,0.00,active,2026-10-06T13:30:00Z,2026-10-02T09:37:33+00:00
KXNFLREC-26OCT04INDWAS,KXNFLREC,KXNFLREC-26OCT04INDWAS-INDJDOWNS2-5,Josh Downs: 5+ receptions,0.5800,0.6300,0.6300,54.63,54.63,active,2026-10-06T13:30:00Z,2026-10-02T09:37:33+00:00
KXNFLREC-26OCT04INDWAS,KXNFLREC,KXNFLREC-26OCT04INDWAS-INDTWARREN84-8,Tyler Warren: 8+ receptions,0.1700,0.2200,0.2300,20.63,20.63,active,2026-10-06T13:30:00Z,2026-10-02T09:37:33+00:00
KXNFLREC-26OCT04INDWAS,KXNFLREC,KXNFLREC-26OCT04INDWAS-INDJTAYLOR28-4,Jonathan Taylor: 4+ receptions,0.3100,0.3500,0.2900,2.00,2.00,active,2026-10-06T13:30:00Z,2026-10-02T09:37:33+00:00
KXNFLREC-26OCT04INDWAS,KXNFLREC,KXNFLREC-26OCT04INDWAS-WASTMCLAURIN17-4,Terry McLaurin: 4+ receptions,0.5900,0.6300,0.0000,0.00,0.00,active,2026-10-06T13:30:00Z,2026-10-02T09:37:33+00:00
KXNFLREC-26OCT04INDWAS,KXNFLREC,KXNFLREC-26OCT04INDWAS-INDKALLEN10-6,Keenan Allen: 6+ receptions,0.1900,0.2400,0.2300,1513.00,1513.00,active,2026-10-06T13:30:00Z,2026-10-02T09:37:33+00:00
KXNFLREC-26OCT04INDWAS,KXNFLREC,KXNFLREC-26OCT04INDWAS-INDJDOWNS2-8,Josh Downs: 8+ receptions,0.1500,0.2000,0.2000,7.10,7.10,active,2026-10-06T13:30:00Z,2026-10-02T09:37:33+00:00
KXNFLREC-26OCT04INDWAS,KXNFLREC,KXNFLREC-26OCT04INDWAS-INDJTAYLOR28-5,Jonathan Taylor: 5+ receptions,0.1500,0.2000,0.0000,0.00,0.00,active,2026-10-06T13:30:00Z,2026-10-02T09:37:33+00:00
KXNFLREC-26OCT04INDWAS,KXNFLREC,KXNFLREC-26OCT04INDWAS-INDKALLEN10-8,Keenan Allen: 8+ receptions,0.0300,0.0900,0.0000,0.00,0.00,active,2026-10-06T13:30:00Z,2026-10-02T09:37:33+00:00
KXNFLREC-26OCT04INDWAS,KXNFLREC,KXNFLREC-26OCT04INDWAS-INDJDOWNS2-3,Josh Downs: 3+ receptions,0.8500,0.8900,0.8800,996.59,987.59,active,2026-10-06T13:30:00Z,2026-10-02T09:37:33+00:00
KXNFLREC-26OCT04JACCIN,KXNFLREC,KXNFLREC-26OCT04JACCIN-JACBSTRANGE85-3,Brenton Strange: 3+ receptions,0.6200,0.6800,0.0000,0.00,0.00,active,2026-10-06T17:00:00Z,2026-10-02T09:37:33+00:00
KXNFLREC-26OCT04JACCIN,KXNFLREC,KXNFLREC-26OCT04JACCIN-JACJCAMERON19-5,Josh Cameron: 5+ receptions,0.0000,0.0400,0.0000,0.00,0.00,active,2026-10-06T17:00:00Z,2026-10-02T09:37:33+00:00
KXNFLREC-26OCT04JACCIN,KXNFLREC,KXNFLREC-26OCT04JACCIN-JACPWASHINGTON11-11,Parker Washington: 11+ receptions,0.0000,0.0400,0.0000,0.00,0.00,active,2026-10-06T17:00:00Z,2026-10-02T09:37:33+00:00
KXNFLREC-26OCT04JACCIN,KXNFLREC,KXNFLREC-26OCT04JACCIN-CINDSAMPLE89-3,Drew Sample: 3+ receptions,0.1700,0.2100,0.0000,0.00,0.00,active,2026-10-06T17:00:00Z,2026-10-02T09:37:33+00:00
KXNFLREC-26OCT04JACCIN,KXNFLREC,KXNFLREC-26OCT04JACCIN-JACBTHOMAS7-2,Brian Thomas Jr.: 2+ receptions,0.6400,0.7000,0.0000,0.00,0.00,active,2026-10-06T17:00:00Z,2026-10-02T09:37:33+00:00
KXNFLREC-26OCT04JACCIN,KXNFLREC,KXNFLREC-26OCT04JACCIN-CINDMEYERS81-2,Dohnte Meyers: 2+ receptions,0.6000,0.6500,0.6100,835.57,835.57,active,2026-10-06T17:00:00Z,2026-10-02T09:37:33+00:00
KXNFLREC-26OCT04JACCIN,KXNFLREC,KXNFLREC-26OCT04JACCIN-CINCBROWN30-8,Chase Brown: 8+ receptions,0.0000,0.0500,0.0000,0.00,0.00,active,2026-10-06T17:00:00Z,2026-10-02T09:37:33+00:00
KXNFLREC-26OCT04JACCIN,KXNFLREC,KXNFLREC-26OCT04JACCIN-CINSPERINE34-5,Samaje Perine: 5+ receptions,0.0000,0.0600,0.0000,0.00,0.00,active,2026-10-06T17:00:00Z,2026-10-02T09:37:33+00:00
KXNFLREC-26OCT04JACCIN,KXNFLREC,KXNFLREC-26OCT04JACCIN-CINCBROWN30-4,Chase Brown: 4+ receptions,0.4300,0.4500,0.4500,56.69,56.69,active,2026-10-06T17:00:00Z,2026-10-02T09:37:33+00:00
KXNFLREC-26OCT04JACCIN,KXNFLREC,KXNFLREC-26OCT04JACCIN-CINDSAMPLE89-4,Drew Sample: 4+ receptions,0.0800,0.0900,0.0000,0.00,0.00,active,2026-10-06T17:00:00Z,2026-10-02T09:37:33+00:00
KXNFLREC-26OCT04JACCIN,KXNFLREC,KXNFLREC-26OCT04JACCIN-JACBTUTEN33-2,Bhayshul Tuten: 2+ receptions,0.5400,0.5600,0.5600,927.00,927.00,active,2026-10-06T17:00:00Z,2026-10-02T09:37:33+00:00
KXNFLREC-26OCT04JACCIN,KXNFLREC,KXNFLREC-26OCT04JACCIN-JACBSTRANGE85-9,Brenton Strange: 9+ receptions,0.0000,0.0400,0.0000,0.00,0.00,active,2026-10-06T17:00:00Z,2026-10-02T09:37:33+00:00
KXNFLREC-26OCT04JACCIN,KXNFLREC,KXNFLREC-26OCT04JACCIN-CINTHIGGINS5-10,Tee Higgins: 10+ receptions,0.0000,0.0400,0.0000,0.00,0.00,active,2026-10-06T17:00:00Z,2026-10-02T09:37:33+00:00
KXNFLREC-26OCT04JACCIN,KXNFLREC,KXNFLREC-26OCT04JACCIN-JACBTHOMAS7-7,Brian Thomas Jr.: 7+ receptions,0.0000,0.0400,0.0000,0.00,0.00,active,2026-10-06T17:00:00Z,2026-10-02T09:37:33+00:00
KXNFLREC-26OCT04JACCIN,KXNFLREC,KXNFLREC-26OCT04JACCIN-JACBTUTEN33-6,Bhayshul Tuten: 6+ receptions,0.0000,0.0400,0.0000,0.00,0.00,active,2026-10-06T17:00:00Z,2026-10-02T09:37:33+00:00
KXNFLREC-26OCT04JACCIN,KXNFLREC,KXNFLREC-26OCT04JACCIN-CINMGESICKI88-5,Mike Gesicki: 5+ receptions,0.1600,0.1800,0.0000,0.00,0.00,active,2026-10-06T17:00:00Z,2026-10-02T09:37:33+00:00
KXNFLREC-26OCT04JACCIN,KXNFLREC,KXNFLREC-26OCT04JACCIN-CINDMEYERS81-6,Dohnte Meyers: 6+ receptions,0.0000,0.0600,0.0600,119.00,119.00,active,2026-10-06T17:00:00Z,2026-10-02T09:37:33+00:00
KXNFLREC-26OCT04JACCIN,KXNFLREC,KXNFLREC-26OCT04JACCIN-CINMGESICKI88-4,Mike Gesicki: 4+ receptions,0.3000,0.3300,0.0000,0.00,0.00,active,2026-10-06T17:00:00Z,2026-10-02T09:37:33+00:00
KXNFLREC-26OCT04JACCIN,KXNFLREC,KXNFLREC-26OCT04JACCIN-CINSPERINE34-3,Samaje Perine: 3+ receptions,0.2400,0.2800,0.0000,0.00,0.00,active,2026-10-06T17:00:00Z,2026-10-02T09:37:33+00:00
KXNFLREC-26OCT04JACCIN,KXNFLREC,KXNFLREC-26OCT04JACCIN-JACBSTRANGE85-6,Brenton Strange: 6+ receptions,0.0200,0.1700,0.0000,0.00,0.00,active,2026-10-06T17:00:00Z,2026-10-02T09:37:33+00:00
KXNFLREC-26OCT04JACCIN,KXNFLREC,KXNFLREC-26OCT04JACCIN-CINTHIGGINS5-6,Tee Higgins: 6+ receptions,0.2900,0.3200,0.0000,0.00,0.00,active,2026-10-06T17:00:00Z,2026-10-02T09:37:33+00:00
KXNFLREC-26OCT04JACCIN,KXNFLREC,KXNFLREC-26OCT04JACCIN-JACBTHOMAS7-6,Brian Thomas Jr.: 6+ receptions,0.0100,0.0700,0.0000,0.00,0.00,active,2026-10-06T17:00:00Z,2026-10-02T09:37:33+00:00
KXNFLREC-26OCT04JACCIN,KXNFLREC,KXNFLREC-26OCT04JACCIN-JACPWASHINGTON11-7,Parker Washington: 7+ receptions,0.2900,0.3200,0.3200,47.72,47.72,active,2026-10-06T17:00:00Z,2026-10-02T09:37:33+00:00
KXNFLREC-26OCT04JACCIN,KXNFLREC,KXNFLREC-26OCT04JACCIN-JACBSTRANGE85-5,Brenton Strange: 5+ receptions,0.2700,0.2900,0.0000,0.00,0.00,active,2026-10-06T17:00:00Z,2026-10-02T09:37:33+00:00
KXNFLREC-26OCT04JACCIN,KXNFLREC,KXNFLREC-26OCT04JACCIN-JACBSTRANGE85-7,Brenton Strange: 7+ receptions,0.0100,0.1000,0.0000,0.00,0.00,active,2026-10-06T17:00:00Z,2026-10-02T09:37:33+00:00
KXNFLREC-26OCT04JACCIN,KXNFLREC,KXNFLREC-26OCT04JACCIN-JACJCAMERON19-2,Josh Cameron: 2+ receptions,0.3400,0.3600,0.3600,13.27,13.27,active,2026-10-06T17:00:00Z,2026-10-02T09:37:33+00:00
KXNFLREC-26OCT04JACCIN,KXNFLREC,KXNFLREC-26OCT04JACCIN-CINTHIGGINS5-9,Tee Higgins: 9+ receptions,0.0100,0.0700,0.0000,0.00,0.00,active,2026-10-06T17:00:00Z,2026-10-02T09:37:33+00:00
KXNFLREC-26OCT04JACCIN,KXNFLREC,KXNFLREC-26OCT04JACCIN-CINDSAMPLE89-5,Drew Sample: 5+ receptions,0.0000,0.0500,0.0000,0.00,0.00,active,2026-10-06T17:00:00Z,2026-10-02T09:37:33+00:00
KXNFLREC-26OCT04JACCIN,KXNFLREC,KXNFLREC-26OCT04JACCIN-JACBSTRANGE85-4,Brenton Strange: 4+ receptions,0.4300,0.4600,0.4600,4.00,4.00,active,2026-10-06T17:00:00Z,2026-10-02T09:37:33+00:00
KXNFLREC-26OCT04JACCIN,KXNFLREC,KXNFLREC-26OCT04JACCIN-CINJCHASE1-11,Ja'Marr Chase: 11+ receptions,0.0400,0.1300,0.0000,0.00,0.00,active,2026-10-06T17:00:00Z,2026-10-02T09:37:33+00:00
KXNFLREC-26OCT04JACCIN,KXNFLREC,KXNFLREC-26OCT04JACCIN-CINMGESICKI88-7,Mike Gesicki: 7+ receptions,0.0000,0.0500,0.0000,0.00,0.00,active,2026-10-06T17:00:00Z,2026-10-02T09:37:33+00:00
KXNFLREC-26OCT04JACCIN,KXNFLREC,KXNFLREC-26OCT04JACCIN-JACJCAMERON19-4,Josh Cameron: 4+ receptions,0.0000,0.0700,0.0000,0.00,0.00,active,2026-10-06T17:00:00Z,2026-10-02T09:37:33+00:00
KXNFLREC-26OCT04JACCIN,KXNFLREC,KXNFLREC-26OCT04JACCIN-JACBSTRANGE85-2,Brenton Strange: 2+ receptions,0.7100,0.8700,0.0000,0.00,0.00,active,2026-10-06T17:00:00Z,2026-10-02T09:37:33+00:00
KXNFLREC-26OCT04JACCIN,KXNFLREC,KXNFLREC-26OCT04JACCIN-CINJCHASE1-13,Ja'Marr Chase: 13+ receptions,0.0100,0.0600,0.0000,0.00,0.00,active,2026-10-06T17:00:00Z,2026-10-02T09:37:33+00:00
KXNFLREC-26OCT04JACCIN,KXNFLREC,KXNFLREC-26OCT04JACCIN-JACBSTRANGE85-8,Brenton Strange: 8+ receptions,0.0000,0.0600,0.0000,0.00,0.00,active,2026-10-06T17:00:00Z,2026-10-02T09:37:33+00:00
KXNFLREC-26OCT04JACCIN,KXNFLREC,KXNFLREC-26OCT04JACCIN-CINDSAMPLE89-2,Drew Sample: 2+ receptions,0.4100,0.4200,0.4100,201.87,201.87,active,2026-10-06T17:00:00Z,2026-10-02T09:37:33+00:00
KXNFLREC-26OCT04JACCIN,KXNFLREC,KXNFLREC-26OCT04JACCIN-CINSPERINE34-4,Samaje Perine: 4+ receptions,0.0700,0.1300,0.0000,0.00,0.00,active,2026-10-06T17:00:00Z,2026-10-02T09:37:33+00:00
KXNFLREC-26OCT04JACCIN,KXNFLREC,KXNFLREC-26OCT04JACCIN-JACPWASHINGTON11-6,Parker Washington: 6+ receptions,0.4200,0.4400,0.4500,81.76,81.76,active,2026-10-06T17:00:00Z,2026-10-02T09:37:33+00:00
KXNFLREC-26OCT04JACCIN,KXNFLREC,KXNFLREC-26OCT04JACCIN-JACPWASHINGTON11-10,Parker Washington: 10+ receptions,0.0200,0.0800,0.0000,0.00,0.00,active,2026-10-06T17:00:00Z,2026-10-02T09:37:33+00:00
KXNFLREC-26OCT04JACCIN,KXNFLREC,KXNFLREC-26OCT04JACCIN-CINJCHASE1-5,Ja'Marr Chase: 5+ receptions,0.7900,0.8400,0.0000,0.00,0.00,active,2026-10-06T17:00:00Z,2026-10-02T09:37:33+00:00
KXNFLREC-26OCT04JACCIN,KXNFLREC,KXNFLREC-26OCT04JACCIN-CINTHIGGINS5-7,Tee Higgins: 7+ receptions,0.1300,0.1900,0.0000,0.00,0.00,active,2026-10-06T17:00:00Z,2026-10-02T09:37:33+00:00
KXNFLREC-26OCT04JACCIN,KXNFLREC,KXNFLREC-26OCT04JACCIN-CINMGESICKI88-3,Mike Gesicki: 3+ receptions,0.5100,0.5300,0.5300,219.19,219.19,active,2026-10-06T17:00:00Z,2026-10-02T09:37:33+00:00
KXNFLREC-26OCT04JACCIN,KXNFLREC,KXNFLREC-26OCT04JACCIN-JACBTUTEN33-5,Bhayshul Tuten: 5+ receptions,0.0100,0.0800,0.0000,0.00,0.00,active,2026-10-06T17:00:00Z,2026-10-02T09:37:33+00:00
KXNFLREC-26OCT04JACCIN,KXNFLREC,KXNFLREC-26OCT04JACCIN-JACPWASHINGTON11-9,Parker Washington: 9+ receptions,0.0600,0.1200,0.0000,0.00,0.00,active,2026-10-06T17:00:00Z,2026-10-02T09:37:33+00:00
KXNFLREC-26OCT04JACCIN,KXNFLREC,KXNFLREC-26OCT04JACCIN-CINCBROWN30-5,Chase Brown: 5+ receptions,0.2500,0.2900,0.0000,0.00,0.00,active,2026-10-06T17:00:00Z,2026-10-02T09:37:33+00:00
KXNFLREC-26OCT04JACCIN,KXNFLREC,KXNFLREC-26OCT04JACCIN-JACPWASHINGTON11-3,Parker Washington: 3+ receptions,0.7500,0.9200,0.0000,0.00,0.00,active,2026-10-06T17:00:00Z,2026-10-02T09:37:33+00:00
KXNFLREC-26OCT04JACCIN,KXNFLREC,KXNFLREC-26OCT04JACCIN-JACPWASHINGTON11-8,Parker Washington: 8+ receptions,0.0700,0.1900,0.2000,23.67,23.67,active,2026-10-06T17:00:00Z,2026-10-02T09:37:33+00:00
KXNFLREC-26OCT04JACCIN,KXNFLREC,KXNFLREC-26OCT04JACCIN-CINCBROWN30-6,Chase Brown: 6+ receptions,0.1100,0.1800,0.0000,0.00,0.00,active,2026-10-06T17:00:00Z,2026-10-02T09:37:33+00:00
KXNFLREC-26OCT04JACCIN,KXNFLREC,KXNFLREC-26OCT04JACCIN-CINCBROWN30-7,Chase Brown: 7+ receptions,0.0400,0.1000,0.0000,0.00,0.00,active,2026-10-06T17:00:00Z,2026-10-02T09:37:33+00:00
KXNFLREC-26OCT04JACCIN,KXNFLREC,KXNFLREC-26OCT04JACCIN-CINTHIGGINS5-8,Tee Higgins: 8+ receptions,0.0500,0.1100,0.0000,0.00,0.00,active,2026-10-06T17:00:00Z,2026-10-02T09:37:33+00:00
KXNFLREC-26OCT04JACCIN,KXNFLREC,KXNFLREC-26OCT04JACCIN-JACBTUTEN33-3,Bhayshul Tuten: 3+ receptions,0.2800,0.3200,0.0000,0.00,0.00,active,2026-10-06T17:00:00Z,2026-10-02T09:37:33+00:00
KXNFLREC-26OCT04JACCIN,KXNFLREC,KXNFLREC-26OCT04JACCIN-CINMGESICKI88-2,Mike Gesicki: 2+ receptions,0.7100,0.7700,0.0000,0.00,0.00,active,2026-10-06T17:00:00Z,2026-10-02T09:37:33+00:00
KXNFLREC-26OCT04JACCIN,KXNFLREC,KXNFLREC-26OCT04JACCIN-JACPWASHINGTON11-5,Parker Washington: 5+ receptions,0.5800,0.6400,0.6400,76.01,76.01,active,2026-10-06T17:00:00Z,2026-10-02T09:37:33+00:00
KXNFLREC-26OCT04JACCIN,KXNFLREC,KXNFLREC-26OCT04JACCIN-CINTHIGGINS5-2,Tee Higgins: 2+ receptions,0.8900,0.9600,0.0000,0.00,0.00,active,2026-10-06T17:00:00Z,2026-10-02T09:37:33+00:00
KXNFLREC-26OCT04JACCIN,KXNFLREC,KXNFLREC-26OCT04JACCIN-CINMGESICKI88-6,Mike Gesicki: 6+ receptions,0.0300,0.0900,0.0000,0.00,0.00,active,2026-10-06T17:00:00Z,2026-10-02T09:37:33+00:00
KXNFLREC-26OCT04JACCIN,KXNFLREC,KXNFLREC-26OCT04JACCIN-JACBTHOMAS7-3,Brian Thomas Jr.: 3+ receptions,0.4000,0.4400,0.4400,178.00,178.00,active,2026-10-06T17:00:00Z,2026-10-02T09:37:33+00:00
KXNFLREC-26OCT04JACCIN,KXNFLREC,KXNFLREC-26OCT04JACCIN-CINJCHASE1-4,Ja'Marr Chase: 4+ receptions,0.8500,0.9400,0.0000,0.00,0.00,active,2026-10-06T17:00:00Z,2026-10-02T09:37:33+00:00
KXNFLREC-26OCT04JACCIN,KXNFLREC,KXNFLREC-26OCT04JACCIN-JACBTUTEN33-4,Bhayshul Tuten: 4+ receptions,0.0100,0.1500,0.0000,0.00,0.00,active,2026-10-06T17:00:00Z,2026-10-02T09:37:33+00:00
KXNFLREC-26OCT04JACCIN,KXNFLREC,KXNFLREC-26OCT04JACCIN-CINTHIGGINS5-5,Tee Higgins: 5+ receptions,0.4500,0.4800,0.0000,0.00,0.00,active,2026-10-06T17:00:00Z,2026-10-02T09:37:33+00:00
KXNFLREC-26OCT04JACCIN,KXNFLREC,KXNFLREC-26OCT04JACCIN-CINCBROWN30-2,Chase Brown: 2+ receptions,0.7800,0.8600,0.0000,0.00,0.00,active,2026-10-06T17:00:00Z,2026-10-02T09:37:33+00:00
KXNFLREC-26OCT04JACCIN,KXNFLREC,KXNFLREC-26OCT04JACCIN-JACPWASHINGTON11-4,Parker Washington: 4+ receptions,0.7000,0.8000,0.0000,0.00,0.00,active,2026-10-06T17:00:00Z,2026-10-02T09:37:33+00:00
KXNFLREC-26OCT04JACCIN,KXNFLREC,KXNFLREC-26OCT04JACCIN-CINJCHASE1-10,Ja'Marr Chase: 10+ receptions,0.1500,0.2000,0.2000,13.00,13.00,active,2026-10-06T17:00:00Z,2026-10-02T09:37:33+00:00
KXNFLREC-26OCT04JACCIN,KXNFLREC,KXNFLREC-26OCT04JACCIN-CINJCHASE1-9,Ja'Marr Chase: 9+ receptions,0.2000,0.3000,0.3000,15.00,15.00,active,2026-10-06T17:00:00Z,2026-10-02T09:37:33+00:00
KXNFLREC-26OCT04JACCIN,KXNFLREC,KXNFLREC-26OCT04JACCIN-CINJCHASE1-7,Ja'Marr Chase: 7+ receptions,0.5500,0.5600,0.5600,874.38,874.38,active,2026-10-06T17:00:00Z,2026-10-02T09:37:33+00:00
KXNFLREC-26OCT04JACCIN,KXNFLREC,KXNFLREC-26OCT04JACCIN-CINSPERINE34-2,Samaje Perine: 2+ receptions,0.4900,0.5100,0.0000,0.00,0.00,active,2026-10-06T17:00:00Z,2026-10-02T09:37:33+00:00
KXNFLREC-26OCT04JACCIN,KXNFLREC,KXNFLREC-26OCT04JACCIN-CINCBROWN30-3,Chase Brown: 3+ receptions,0.6100,0.6700,0.0000,0.00,0.00,active,2026-10-06T17:00:00Z,2026-10-02T09:37:33+00:00
KXNFLREC-26OCT04JACCIN,KXNFLREC,KXNFLREC-26OCT04JACCIN-CINTHIGGINS5-4,Tee Higgins: 4+ receptions,0.6000,0.6600,0.0000,0.00,0.00,active,2026-10-06T17:00:00Z,2026-10-02T09:37:33+00:00
KXNFLREC-26OCT04JACCIN,KXNFLREC,KXNFLREC-26OCT04JACCIN-CINJCHASE1-8,Ja'Marr Chase: 8+ receptions,0.4000,0.4300,0.4200,18.00,18.00,active,2026-10-06T17:00:00Z,2026-10-02T09:37:33+00:00
KXNFLREC-26OCT04JACCIN,KXNFLREC,KXNFLREC-26OCT04JACCIN-CINDMEYERS81-3,Dohnte Meyers: 3+ receptions,0.3500,0.3700,0.3700,469.85,469.85,active,2026-10-06T17:00:00Z,2026-10-02T09:37:33+00:00
KXNFLREC-26OCT04JACCIN,KXNFLREC,KXNFLREC-26OCT04JACCIN-CINDMEYERS81-4,Dohnte Meyers: 4+ receptions,0.1700,0.2000,0.2200,1405.00,1405.00,active,2026-10-06T17:00:00Z,2026-10-02T09:37:33+00:00
KXNFLREC-26OCT04JACCIN,KXNFLREC,KXNFLREC-26OCT04JACCIN-JACBTHOMAS7-4,Brian Thomas Jr.: 4+ receptions,0.2100,0.2500,0.2500,705.00,705.00,active,2026-10-06T17:00:00Z,2026-10-02T09:37:33+00:00
KXNFLREC-26OCT04JACCIN,KXNFLREC,KXNFLREC-26OCT04JACCIN-JACBTHOMAS7-5,Brian Thomas Jr.: 5+ receptions,0.0100,0.1300,0.1300,1069.00,1069.00,active,2026-10-06T17:00:00Z,2026-10-02T09:37:33+00:00
KXNFLREC-26OCT04JACCIN,KXNFLREC,KXNFLREC-26OCT04JACCIN-JACJCAMERON19-3,Josh Cameron: 3+ receptions,0.1200,0.1500,0.0000,0.00,0.00,active,2026-10-06T17:00:00Z,2026-10-02T09:37:33+00:00
KXNFLREC-26OCT04JACCIN,KXNFLREC,KXNFLREC-26OCT04JACCIN-CINDMEYERS81-5,Dohnte Meyers: 5+ receptions,0.0600,0.0900,0.1200,1019.00,1019.00,active,2026-10-06T17:00:00Z,2026-10-02T09:37:33+00:00
KXNFLREC-26OCT04JACCIN,KXNFLREC,KXNFLREC-26OCT04JACCIN-CINTHIGGINS5-3,Tee Higgins: 3+ receptions,0.7800,0.8300,0.0000,0.00,0.00,active,2026-10-06T17:00:00Z,2026-10-02T09:37:33+00:00
KXNFLREC-26OCT04JACCIN,KXNFLREC,KXNFLREC-26OCT04JACCIN-CINJCHASE1-6,Ja'Marr Chase: 6+ receptions,0.6700,0.7200,0.0000,0.00,0.00,active,2026-10-06T17:00:00Z,2026-10-02T09:37:33+00:00
KXNFLREC-26OCT04JACCIN,KXNFLREC,KXNFLREC-26OCT04JACCIN-CINJCHASE1-12,Ja'Marr Chase: 12+ receptions,0.0100,0.0900,0.0000,0.00,0.00,active,2026-10-06T17:00:00Z,2026-10-02T09:37:33+00:00
KXNFLREC-26OCT04KCLV,KXNFLREC,KXNFLREC-26OCT04KCLV-KCTTHORNTON2-2,Tyquan Thornton: 2+ receptions,0.4600,0.4700,0.4700,96.41,96.41,active,2026-10-06T20:25:00Z,2026-10-02T09:37:33+00:00
KXNFLREC-26OCT04KCLV,KXNFLREC,KXNFLREC-26OCT04KCLV-LVMMAYER87-7,Michael Mayer: 7+ receptions,0.0000,0.0500,0.0000,0.00,0.00,active,2026-10-06T20:25:00Z,2026-10-02T09:37:33+00:00
KXNFLREC-26OCT04KCLV,KXNFLREC,KXNFLREC-26OCT04KCLV-LVTTUCKER1-8,Tre Tucker: 8+ receptions,0.0000,0.0500,0.0000,0.00,0.00,active,2026-10-06T20:25:00Z,2026-10-02T09:37:33+00:00
KXNFLREC-26OCT04KCLV,KXNFLREC,KXNFLREC-26OCT04KCLV-LVAJEANTY2-8,Ashton Jeanty: 8+ receptions,0.0000,0.0500,0.0000,0.00,0.00,active,2026-10-06T20:25:00Z,2026-10-02T09:37:33+00:00
KXNFLREC-26OCT04KCLV,KXNFLREC,KXNFLREC-26OCT04KCLV-KCRRICE4-10,Rashee Rice: 10+ receptions,0.0000,0.0600,0.0000,0.00,0.00,active,2026-10-06T20:25:00Z,2026-10-02T09:37:33+00:00
KXNFLREC-26OCT04KCLV,KXNFLREC,KXNFLREC-26OCT04KCLV-LVBBOWERS89-8,Brock Bowers: 8+ receptions,0.4000,0.4300,0.4300,110.27,110.27,active,2026-10-06T20:25:00Z,2026-10-02T09:37:33+00:00
KXNFLREC-26OCT04KCLV,KXNFLREC,KXNFLREC-26OCT04KCLV-KCTTHORNTON2-5,Tyquan Thornton: 5+ receptions,0.0000,0.0500,0.0000,0.00,0.00,active,2026-10-06T20:25:00Z,2026-10-02T09:37:33+00:00
KXNFLREC-26OCT04KCLV,KXNFLREC,KXNFLREC-26OCT04KCLV-LVJNAILOR9-5,Jalen Nailor: 5+ receptions,0.0300,0.0800,0.0000,0.00,0.00,active,2026-10-06T20:25:00Z,2026-10-02T09:37:33+00:00
KXNFLREC-26OCT04KCLV,KXNFLREC,KXNFLREC-26OCT04KCLV-LVJNAILOR9-6,Jalen Nailor: 6+ receptions,0.0000,0.0400,0.0000,0.00,0.00,active,2026-10-06T20:25:00Z,2026-10-02T09:37:33+00:00
KXNFLREC-26OCT04KCLV,KXNFLREC,KXNFLREC-26OCT04KCLV-KCXWORTHY1-8,Xavier Worthy: 8+ receptions,0.0000,0.0500,0.0000,0.00,0.00,active,2026-10-06T20:25:00Z,2026-10-02T09:37:33+00:00
KXNFLREC-26OCT04KCLV,KXNFLREC,KXNFLREC-26OCT04KCLV-KCRRICE4-11,Rashee Rice: 11+ receptions,0.0000,0.0400,0.0000,0.00,0.00,active,2026-10-06T20:25:00Z,2026-10-02T09:37:33+00:00
KXNFLREC-26OCT04KCLV,KXNFLREC,KXNFLREC-26OCT04KCLV-KCTKELCE87-10,Travis Kelce: 10+ receptions,0.0000,0.0400,0.0000,0.00,0.00,active,2026-10-06T20:25:00Z,2026-10-02T09:37:33+00:00
KXNFLREC-26OCT04KCLV,KXNFLREC,KXNFLREC-26OCT04KCLV-KCKWALKER9-8,Kenneth Walker III: 8+ receptions,0.0000,0.0400,0.0000,0.00,0.00,active,2026-10-06T20:25:00Z,2026-10-02T09:37:33+00:00
KXNFLREC-26OCT04KCLV,KXNFLREC,KXNFLREC-26OCT04KCLV-LVBBOWERS89-14,Brock Bowers: 14+ receptions,0.0000,0.0500,0.0000,0.00,0.00,active,2026-10-06T20:25:00Z,2026-10-02T09:37:33+00:00
KXNFLREC-26OCT04KCLV,KXNFLREC,KXNFLREC-26OCT04KCLV-LVBBOWERS89-15,Brock Bowers: 15+ receptions,0.0000,0.0400,0.0000,0.00,0.00,active,2026-10-06T20:25:00Z,2026-10-02T09:37:33+00:00
KXNFLREC-26OCT04KCLV,KXNFLREC,KXNFLREC-26OCT04KCLV-KCTKELCE87-4,Travis Kelce: 4+ receptions,0.6300,0.6400,0.0000,0.00,0.00,active,2026-10-06T20:25:00Z,2026-10-02T09:37:33+00:00
KXNFLREC-26OCT04KCLV,KXNFLREC,KXNFLREC-26OCT04KCLV-KCRRICE4-8,Rashee Rice: 8+ receptions,0.0900,0.1500,0.0000,0.00,0.00,active,2026-10-06T20:25:00Z,2026-10-02T09:37:33+00:00
KXNFLREC-26OCT04KCLV,KXNFLREC,KXNFLREC-26OCT04KCLV-KCKWALKER9-4,Kenneth Walker III: 4+ receptions,0.3500,0.3700,0.3700,38.82,38.82,active,2026-10-06T20:25:00Z,2026-10-02T09:37:33+00:00
KXNFLREC-26OCT04KCLV,KXNFLREC,KXNFLREC-26OCT04KCLV-KCEJOHNSON10-3,Emmett Johnson: 3+ receptions,0.1300,0.1700,0.0000,0.00,0.00,active,2026-10-06T20:25:00Z,2026-10-02T09:37:33+00:00
KXNFLREC-26OCT04KCLV,KXNFLREC,KXNFLREC-26OCT04KCLV-KCRRICE4-9,Rashee Rice: 9+ receptions,0.0300,0.0900,0.0000,0.00,0.00,active,2026-10-06T20:25:00Z,2026-10-02T09:37:33+00:00
KXNFLREC-26OCT04KCLV,KXNFLREC,KXNFLREC-26OCT04KCLV-KCRRICE4-6,Rashee Rice: 6+ receptions,0.3600,0.3700,0.0000,0.00,0.00,active,2026-10-06T20:25:00Z,2026-10-02T09:37:33+00:00
KXNFLREC-26OCT04KCLV,KXNFLREC,KXNFLREC-26OCT04KCLV-LVAJEANTY2-7,Ashton Jeanty: 7+ receptions,0.0300,0.0900,0.0000,0.00,0.00,active,2026-10-06T20:25:00Z,2026-10-02T09:37:33+00:00
KXNFLREC-26OCT04KCLV,KXNFLREC,KXNFLREC-26OCT04KCLV-KCTKELCE87-9,Travis Kelce: 9+ receptions,0.0100,0.0600,0.0000,0.00,0.00,active,2026-10-06T20:25:00Z,2026-10-02T09:37:33+00:00
KXNFLREC-26OCT04KCLV,KXNFLREC,KXNFLREC-26OCT04KCLV-KCKWALKER9-7,Kenneth Walker III: 7+ receptions,0.0100,0.0700,0.0000,0.00,0.00,active,2026-10-06T20:25:00Z,2026-10-02T09:37:33+00:00
KXNFLREC-26OCT04KCLV,KXNFLREC,KXNFLREC-26OCT04KCLV-LVJNAILOR9-3,Jalen Nailor: 3+ receptions,0.3100,0.3400,0.0000,0.00,0.00,active,2026-10-06T20:25:00Z,2026-10-02T09:37:33+00:00
KXNFLREC-26OCT04KCLV,KXNFLREC,KXNFLREC-26OCT04KCLV-LVMMAYER87-4,Michael Mayer: 4+ receptions,0.3000,0.3200,0.0000,0.00,0.00,active,2026-10-06T20:25:00Z,2026-10-02T09:37:33+00:00
KXNFLREC-26OCT04KCLV,KXNFLREC,KXNFLREC-26OCT04KCLV-KCNGRAY83-3,Noah Gray: 3+ receptions,0.1200,0.1600,0.0000,0.00,0.00,active,2026-10-06T20:25:00Z,2026-10-02T09:37:33+00:00
KXNFLREC-26OCT04KCLV,KXNFLREC,KXNFLREC-26OCT04KCLV-KCTKELCE87-6,Travis Kelce: 6+ receptions,0.2800,0.3000,0.0000,0.00,0.00,active,2026-10-06T20:25:00Z,2026-10-02T09:37:33+00:00
KXNFLREC-26OCT04KCLV,KXNFLREC,KXNFLREC-26OCT04KCLV-KCXWORTHY1-5,Xavier Worthy: 5+ receptions,0.2100,0.2500,0.0000,0.00,0.00,active,2026-10-06T20:25:00Z,2026-10-02T09:37:33+00:00
KXNFLREC-26OCT04KCLV,KXNFLREC,KXNFLREC-26OCT04KCLV-LVTTUCKER1-5,Tre Tucker: 5+ receptions,0.2400,0.2700,0.0000,0.00,0.00,active,2026-10-06T20:25:00Z,2026-10-02T09:37:33+00:00
KXNFLREC-26OCT04KCLV,KXNFLREC,KXNFLREC-26OCT04KCLV-LVAJEANTY2-5,Ashton Jeanty: 5+ receptions,0.2400,0.2700,0.0000,0.00,0.00,active,2026-10-06T20:25:00Z,2026-10-02T09:37:33+00:00
KXNFLREC-26OCT04KCLV,KXNFLREC,KXNFLREC-26OCT04KCLV-KCTTHORNTON2-3,Tyquan Thornton: 3+ receptions,0.2000,0.2400,0.2300,41.25,41.25,active,2026-10-06T20:25:00Z,2026-10-02T09:37:33+00:00
KXNFLREC-26OCT04KCLV,KXNFLREC,KXNFLREC-26OCT04KCLV-KCEJOHNSON10-4,Emmett Johnson: 4+ receptions,0.0100,0.0700,0.0000,0.00,0.00,active,2026-10-06T20:25:00Z,2026-10-02T09:37:33+00:00
KXNFLREC-26OCT04KCLV,KXNFLREC,KXNFLREC-26OCT04KCLV-KCKWALKER9-5,Kenneth Walker III: 5+ receptions,0.1600,0.2100,0.0000,0.00,0.00,active,2026-10-06T20:25:00Z,2026-10-02T09:37:33+00:00
KXNFLREC-26OCT04KCLV,KXNFLREC,KXNFLREC-26OCT04KCLV-KCXWORTHY1-7,Xavier Worthy: 7+ receptions,0.0300,0.0900,0.0000,0.00,0.00,active,2026-10-06T20:25:00Z,2026-10-02T09:37:33+00:00
KXNFLREC-26OCT04KCLV,KXNFLREC,KXNFLREC-26OCT04KCLV-LVBBOWERS89-12,Brock Bowers: 12+ receptions,0.0400,0.1000,0.0000,0.00,0.00,active,2026-10-06T20:25:00Z,2026-10-02T09:37:33+00:00
KXNFLREC-26OCT04KCLV,KXNFLREC,KXNFLREC-26OCT04KCLV-LVBBOWERS89-13,Brock Bowers: 13+ receptions,0.0100,0.0700,0.0000,0.00,0.00,active,2026-10-06T20:25:00Z,2026-10-02T09:37:33+00:00
KXNFLREC-26OCT04KCLV,KXNFLREC,KXNFLREC-26OCT04KCLV-LVMMAYER87-5,Michael Mayer: 5+ receptions,0.1100,0.1800,0.0000,0.00,0.00,active,2026-10-06T20:25:00Z,2026-10-02T09:37:33+00:00
KXNFLREC-26OCT04KCLV,KXNFLREC,KXNFLREC-26OCT04KCLV-KCNGRAY83-4,Noah Gray: 4+ receptions,0.0100,0.0700,0.0000,0.00,0.00,active,2026-10-06T20:25:00Z,2026-10-02T09:37:33+00:00
KXNFLREC-26OCT04KCLV,KXNFLREC,KXNFLREC-26OCT04KCLV-LVBBOWERS89-11,Brock Bowers: 11+ receptions,0.0300,0.1400,0.0000,0.00,0.00,active,2026-10-06T20:25:00Z,2026-10-02T09:37:33+00:00
KXNFLREC-26OCT04KCLV,KXNFLREC,KXNFLREC-26OCT04KCLV-LVMMAYER87-3,Michael Mayer: 3+ receptions,0.5200,0.5400,0.0000,0.00,0.00,active,2026-10-06T20:25:00Z,2026-10-02T09:37:33+00:00
KXNFLREC-26OCT04KCLV,KXNFLREC,KXNFLREC-26OCT04KCLV-KCRRICE4-5,Rashee Rice: 5+ receptions,0.5200,0.5400,0.0000,0.00,0.00,active,2026-10-06T20:25:00Z,2026-10-02T09:37:33+00:00
KXNFLREC-26OCT04KCLV,KXNFLREC,KXNFLREC-26OCT04KCLV-LVMMAYER87-2,Michael Mayer: 2+ receptions,0.7100,0.7700,0.0000,0.00,0.00,active,2026-10-06T20:25:00Z,2026-10-02T09:37:33+00:00
KXNFLREC-26OCT04KCLV,KXNFLREC,KXNFLREC-26OCT04KCLV-LVTTUCKER1-6,Tre Tucker: 6+ receptions,0.0800,0.1500,0.0000,0.00,0.00,active,2026-10-06T20:25:00Z,2026-10-02T09:37:33+00:00
KXNFLREC-26OCT04KCLV,KXNFLREC,KXNFLREC-26OCT04KCLV-LVAJEANTY2-3,Ashton Jeanty: 3+ receptions,0.6000,0.6600,0.0000,0.00,0.00,active,2026-10-06T20:25:00Z,2026-10-02T09:37:33+00:00
KXNFLREC-26OCT04KCLV,KXNFLREC,KXNFLREC-26OCT04KCLV-LVBBOWERS89-4,Brock Bowers: 4+ receptions,0.8500,0.9300,0.0000,0.00,0.00,active,2026-10-06T20:25:00Z,2026-10-02T09:37:33+00:00
KXNFLREC-26OCT04KCLV,KXNFLREC,KXNFLREC-26OCT04KCLV-LVBBOWERS89-7,Brock Bowers: 7+ receptions,0.5300,0.5700,0.5600,61.38,61.38,active,2026-10-06T20:25:00Z,2026-10-02T09:37:33+00:00
KXNFLREC-26OCT04KCLV,KXNFLREC,KXNFLREC-26OCT04KCLV-LVAJEANTY2-4,Ashton Jeanty: 4+ receptions,0.4000,0.4400,0.4400,27.95,27.95,active,2026-10-06T20:25:00Z,2026-10-02T09:37:33+00:00
KXNFLREC-26OCT04KCLV,KXNFLREC,KXNFLREC-26OCT04KCLV-LVJNAILOR9-4,Jalen Nailor: 4+ receptions,0.1100,0.1700,0.0000,0.00,0.00,active,2026-10-06T20:25:00Z,2026-10-02T09:37:33+00:00
KXNFLREC-26OCT04KCLV,KXNFLREC,KXNFLREC-26OCT04KCLV-KCKWALKER9-6,Kenneth Walker III: 6+ receptions,0.0600,0.1300,0.0000,0.00,0.00,active,2026-10-06T20:25:00Z,2026-10-02T09:37:33+00:00
KXNFLREC-26OCT04KCLV,KXNFLREC,KXNFLREC-26OCT04KCLV-KCRRICE4-7,Rashee Rice: 7+ receptions,0.1800,0.2400,0.0000,0.00,0.00,active,2026-10-06T20:25:00Z,2026-10-02T09:37:33+00:00
KXNFLREC-26OCT04KCLV,KXNFLREC,KXNFLREC-26OCT04KCLV-LVTTUCKER1-4,Tre Tucker: 4+ receptions,0.4000,0.4300,0.0000,0.00,0.00,active,2026-10-06T20:25:00Z,2026-10-02T09:37:33+00:00
KXNFLREC-26OCT04KCLV,KXNFLREC,KXNFLREC-26OCT04KCLV-KCKWALKER9-3,Kenneth Walker III: 3+ receptions,0.5400,0.5800,0.0000,0.00,0.00,active,2026-10-06T20:25:00Z,2026-10-02T09:37:33+00:00
KXNFLREC-26OCT04KCLV,KXNFLREC,KXNFLREC-26OCT04KCLV-LVBBOWERS89-9,Brock Bowers: 9+ receptions,0.2300,0.3200,0.0000,0.00,0.00,active,2026-10-06T20:25:00Z,2026-10-02T09:37:33+00:00
KXNFLREC-26OCT04KCLV,KXNFLREC,KXNFLREC-26OCT04KCLV-LVTTUCKER1-3,Tre Tucker: 3+ receptions,0.5900,0.6500,0.0000,0.00,0.00,active,2026-10-06T20:25:00Z,2026-10-02T09:37:33+00:00
KXNFLREC-26OCT04KCLV,KXNFLREC,KXNFLREC-26OCT04KCLV-KCXWORTHY1-3,Xavier Worthy: 3+ receptions,0.5600,0.6200,0.0000,0.00,0.00,active,2026-10-06T20:25:00Z,2026-10-02T09:37:33+00:00
KXNFLREC-26OCT04KCLV,KXNFLREC,KXNFLREC-26OCT04KCLV-LVBBOWERS89-5,Brock Bowers: 5+ receptions,0.7600,0.8300,0.0000,0.00,0.00,active,2026-10-06T20:25:00Z,2026-10-02T09:37:33+00:00
KXNFLREC-26OCT04KCLV,KXNFLREC,KXNFLREC-26OCT04KCLV-KCRRICE4-3,Rashee Rice: 3+ receptions,0.7900,0.8700,0.0000,0.00,0.00,active,2026-10-06T20:25:00Z,2026-10-02T09:37:33+00:00
KXNFLREC-26OCT04KCLV,KXNFLREC,KXNFLREC-26OCT04KCLV-LVAJEANTY2-2,Ashton Jeanty: 2+ receptions,0.7700,0.8500,0.0000,0.00,0.00,active,2026-10-06T20:25:00Z,2026-10-02T09:37:33+00:00
KXNFLREC-26OCT04KCLV,KXNFLREC,KXNFLREC-26OCT04KCLV-LVTTUCKER1-7,Tre Tucker: 7+ receptions,0.0200,0.0800,0.0000,0.00,0.00,active,2026-10-06T20:25:00Z,2026-10-02T09:37:33+00:00
KXNFLREC-26OCT04KCLV,KXNFLREC,KXNFLREC-26OCT04KCLV-KCRRICE4-4,Rashee Rice: 4+ receptions,0.6500,0.7100,0.0000,0.00,0.00,active,2026-10-06T20:25:00Z,2026-10-02T09:37:33+00:00
KXNFLREC-26OCT04KCLV,KXNFLREC,KXNFLREC-26OCT04KCLV-KCTKELCE87-3,Travis Kelce: 3+ receptions,0.7400,0.8300,0.0000,0.00,0.00,active,2026-10-06T20:25:00Z,2026-10-02T09:37:33+00:00
KXNFLREC-26OCT04KCLV,KXNFLREC,KXNFLREC-26OCT04KCLV-LVTTUCKER1-2,Tre Tucker: 2+ receptions,0.7700,0.8600,0.0000,0.00,0.00,active,2026-10-06T20:25:00Z,2026-10-02T09:37:33+00:00
KXNFLREC-26OCT04KCLV,KXNFLREC,KXNFLREC-26OCT04KCLV-LVAJEANTY2-6,Ashton Jeanty: 6+ receptions,0.0700,0.1500,0.0000,0.00,0.00,active,2026-10-06T20:25:00Z,2026-10-02T09:37:33+00:00
KXNFLREC-26OCT04KCLV,KXNFLREC,KXNFLREC-26OCT04KCLV-KCTKELCE87-7,Travis Kelce: 7+ receptions,0.0900,0.1800,0.1800,249.95,249.95,active,2026-10-06T20:25:00Z,2026-10-02T09:37:33+00:00
KXNFLREC-26OCT04KCLV,KXNFLREC,KXNFLREC-26OCT04KCLV-LVBBOWERS89-6,Brock Bowers: 6+ receptions,0.6300,0.7200,0.0000,0.00,0.00,active,2026-10-06T20:25:00Z,2026-10-02T09:37:33+00:00
KXNFLREC-26OCT04KCLV,KXNFLREC,KXNFLREC-26OCT04KCLV-KCTKELCE87-8,Travis Kelce: 8+ receptions,0.0300,0.1100,0.0000,0.00,0.00,active,2026-10-06T20:25:00Z,2026-10-02T09:37:33+00:00
KXNFLREC-26OCT04KCLV,KXNFLREC,KXNFLREC-26OCT04KCLV-KCXWORTHY1-2,Xavier Worthy: 2+ receptions,0.7600,0.8400,0.0000,0.00,0.00,active,2026-10-06T20:25:00Z,2026-10-02T09:37:33+00:00
KXNFLREC-26OCT04KCLV,KXNFLREC,KXNFLREC-26OCT04KCLV-LVMMAYER87-6,Michael Mayer: 6+ receptions,0.0300,0.0900,0.0000,0.00,0.00,active,2026-10-06T20:25:00Z,2026-10-02T09:37:33+00:00
KXNFLREC-26OCT04KCLV,KXNFLREC,KXNFLREC-26OCT04KCLV-KCTTHORNTON2-4,Tyquan Thornton: 4+ receptions,0.0300,0.1100,0.0000,0.00,0.00,active,2026-10-06T20:25:00Z,2026-10-02T09:37:33+00:00
KXNFLREC-26OCT04KCLV,KXNFLREC,KXNFLREC-26OCT04KCLV-KCXWORTHY1-6,Xavier Worthy: 6+ receptions,0.0300,0.1400,0.0000,0.00,0.00,active,2026-10-06T20:25:00Z,2026-10-02T09:37:33+00:00
KXNFLREC-26OCT04KCLV,KXNFLREC,KXNFLREC-26OCT04KCLV-KCKWALKER9-2,Kenneth Walker III: 2+ receptions,0.7300,0.8000,0.0000,0.00,0.00,active,2026-10-06T20:25:00Z,2026-10-02T09:37:33+00:00
KXNFLREC-26OCT04KCLV,KXNFLREC,KXNFLREC-26OCT04KCLV-LVBBOWERS89-10,Brock Bowers: 10+ receptions,0.0900,0.2100,0.0000,0.00,0.00,active,2026-10-06T20:25:00Z,2026-10-02T09:37:33+00:00
KXNFLREC-26OCT04KCLV,KXNFLREC,KXNFLREC-26OCT04KCLV-KCTKELCE87-5,Travis Kelce: 5+ receptions,0.4300,0.4600,0.0000,0.00,0.00,active,2026-10-06T20:25:00Z,2026-10-02T09:37:33+00:00
KXNFLREC-26OCT04KCLV,KXNFLREC,KXNFLREC-26OCT04KCLV-KCNGRAY83-2,Noah Gray: 2+ receptions,0.3500,0.3700,0.0000,0.00,0.00,active,2026-10-06T20:25:00Z,2026-10-02T09:37:33+00:00
KXNFLREC-26OCT04KCLV,KXNFLREC,KXNFLREC-26OCT04KCLV-KCXWORTHY1-4,Xavier Worthy: 4+ receptions,0.3700,0.4200,0.0000,0.00,0.00,active,2026-10-06T20:25:00Z,2026-10-02T09:37:33+00:00
KXNFLREC-26OCT04KCLV,KXNFLREC,KXNFLREC-26OCT04KCLV-LVJNAILOR9-2,Jalen Nailor: 2+ receptions,0.5700,0.6000,0.0000,0.00,0.00,active,2026-10-06T20:25:00Z,2026-10-02T09:37:33+00:00
KXNFLREC-26OCT04KCLV,KXNFLREC,KXNFLREC-26OCT04KCLV-KCEJOHNSON10-2,Emmett Johnson: 2+ receptions,0.3500,0.3800,0.0000,0.00,0.00,active,2026-10-06T20:25:00Z,2026-10-02T09:37:33+00:00
KXNFLREC-26OCT04KCLV,KXNFLREC,KXNFLREC-26OCT04KCLV-KCTKELCE87-2,Travis Kelce: 2+ receptions,0.8900,0.9500,0.9500,25.77,25.77,active,2026-10-06T20:25:00Z,2026-10-02T09:37:33+00:00
KXNFLREC-26OCT04LACSEA,KXNFLREC,KXNFLREC-26OCT04LACSEA-SEATHORTON15-2,Tory Horton: 2+ receptions,0.3600,0.3900,0.0000,0.00,0.00,active,2026-10-06T20:25:00Z,2026-10-02T09:37:33+00:00
KXNFLREC-26OCT04LACSEA,KXNFLREC,KXNFLREC-26OCT04LACSEA-SEAABARNER88-8,AJ Barner: 8+ receptions,0.0000,0.0500,0.0000,0.00,0.00,active,2026-10-06T20:25:00Z,2026-10-02T09:37:33+00:00
KXNFLREC-26OCT04LACSEA,KXNFLREC,KXNFLREC-26OCT04LACSEA-SEACKUPP10-6,Cooper Kupp: 6+ receptions,0.0100,0.0700,0.0000,0.00,0.00,active,2026-10-06T20:25:00Z,2026-10-02T09:37:33+00:00
KXNFLREC-26OCT04LACSEA,KXNFLREC,KXNFLREC-26OCT04LACSEA-SEATHORTON15-5,Tory Horton: 5+ receptions,0.0000,0.0400,0.0000,0.00,0.00,active,2026-10-06T20:25:00Z,2026-10-02T09:37:33+00:00
KXNFLREC-26OCT04LACSEA,KXNFLREC,KXNFLREC-26OCT04LACSEA-SEACKUPP10-7,Cooper Kupp: 7+ receptions,0.0000,0.0400,0.0000,0.00,0.00,active,2026-10-06T20:25:00Z,2026-10-02T09:37:33+00:00
KXNFLREC-26OCT04LACSEA,KXNFLREC,KXNFLREC-26OCT04LACSEA-SEAJSMITHNJIGBA11-11,Jaxon Smith-Njigba: 11+ receptions,0.0100,0.1300,0.0000,0.00,0.00,active,2026-10-06T20:25:00Z,2026-10-02T09:37:33+00:00
KXNFLREC-26OCT04LACSEA,KXNFLREC,KXNFLREC-26OCT04LACSEA-SEATHORTON15-3,Tory Horton: 3+ receptions,0.1400,0.1800,0.0000,0.00,0.00,active,2026-10-06T20:25:00Z,2026-10-02T09:37:33+00:00
KXNFLREC-26OCT04LACSEA,KXNFLREC,KXNFLREC-26OCT04LACSEA-SEARSHAHEED22-3,Rashid Shaheed: 3+ receptions,0.3600,0.3900,0.3900,36.56,36.56,active,2026-10-06T20:25:00Z,2026-10-02T09:37:33+00:00
KXNFLREC-26OCT04LACSEA,KXNFLREC,KXNFLREC-26OCT04LACSEA-SEAABARNER88-5,AJ Barner: 5+ receptions,0.2300,0.2500,0.0000,0.00,0.00,active,2026-10-06T20:25:00Z,2026-10-02T09:37:33+00:00
KXNFLREC-26OCT04LACSEA,KXNFLREC,KXNFLREC-26OCT04LACSEA-SEAJSMITHNJIGBA11-12,Jaxon Smith-Njigba: 12+ receptions,0.0100,0.0900,0.0000,0.00,0.00,active,2026-10-06T20:25:00Z,2026-10-02T09:37:33+00:00
KXNFLREC-26OCT04LACSEA,KXNFLREC,KXNFLREC-26OCT04LACSEA-SEAJSMITHNJIGBA11-13,Jaxon Smith-Njigba: 13+ receptions,0.0000,0.0600,0.0000,0.00,0.00,active,2026-10-06T20:25:00Z,2026-10-02T09:37:33+00:00
KXNFLREC-26OCT04LACSEA,KXNFLREC,KXNFLREC-26OCT04LACSEA-SEAJSMITHNJIGBA11-7,Jaxon Smith-Njigba: 7+ receptions,0.5400,0.5700,0.5700,320.50,320.50,active,2026-10-06T20:25:00Z,2026-10-02T09:37:33+00:00
KXNFLREC-26OCT04LACSEA,KXNFLREC,KXNFLREC-26OCT04LACSEA-SEARSHAHEED22-6,Rashid Shaheed: 6+ receptions,0.0000,0.0600,0.0000,0.00,0.00,active,2026-10-06T20:25:00Z,2026-10-02T09:37:33+00:00
KXNFLREC-26OCT04LACSEA,KXNFLREC,KXNFLREC-26OCT04LACSEA-SEAABARNER88-4,AJ Barner: 4+ receptions,0.3900,0.4200,0.0000,0.00,0.00,active,2026-10-06T20:25:00Z,2026-10-02T09:37:33+00:00
KXNFLREC-26OCT04LACSEA,KXNFLREC,KXNFLREC-26OCT04LACSEA-SEAJSMITHNJIGBA11-14,Jaxon Smith-Njigba: 14+ receptions,0.0000,0.0500,0.0000,0.00,0.00,active,2026-10-06T20:25:00Z,2026-10-02T09:37:33+00:00
KXNFLREC-26OCT04LACSEA,KXNFLREC,KXNFLREC-26OCT04LACSEA-SEARSHAHEED22-4,Rashid Shaheed: 4+ receptions,0.1400,0.2000,0.0000,0.00,0.00,active,2026-10-06T20:25:00Z,2026-10-02T09:37:33+00:00
KXNFLREC-26OCT04LACSEA,KXNFLREC,KXNFLREC-26OCT04LACSEA-SEAABARNER88-2,AJ Barner: 2+ receptions,0.6800,0.8500,0.0000,0.00,0.00,active,2026-10-06T20:25:00Z,2026-10-02T09:37:33+00:00
KXNFLREC-26OCT04LACSEA,KXNFLREC,KXNFLREC-26OCT04LACSEA-SEARSHAHEED22-5,Rashid Shaheed: 5+ receptions,0.0100,0.1000,0.0000,0.00,0.00,active,2026-10-06T20:25:00Z,2026-10-02T09:37:33+00:00
KXNFLREC-26OCT04LACSEA,KXNFLREC,KXNFLREC-26OCT04LACSEA-SEATHORTON15-4,Tory Horton: 4+ receptions,0.0100,0.0800,0.0000,0.00,0.00,active,2026-10-06T20:25:00Z,2026-10-02T09:37:33+00:00
KXNFLREC-26OCT04LACSEA,KXNFLREC,KXNFLREC-26OCT04LACSEA-SEACKUPP10-4,Cooper Kupp: 4+ receptions,0.2200,0.2600,0.0000,0.00,0.00,active,2026-10-06T20:25:00Z,2026-10-02T09:37:33+00:00
KXNFLREC-26OCT04LACSEA,KXNFLREC,KXNFLREC-26OCT04LACSEA-SEACKUPP10-2,Cooper Kupp: 2+ receptions,0.6500,0.7100,0.0000,0.00,0.00,active,2026-10-06T20:25:00Z,2026-10-02T09:37:33+00:00
KXNFLREC-26OCT04LACSEA,KXNFLREC,KXNFLREC-26OCT04LACSEA-SEAJSMITHNJIGBA11-4,Jaxon Smith-Njigba: 4+ receptions,0.7800,0.9500,0.0000,0.00,0.00,active,2026-10-06T20:25:00Z,2026-10-02T09:37:33+00:00
KXNFLREC-26OCT04LACSEA,KXNFLREC,KXNFLREC-26OCT04LACSEA-SEAABARNER88-3,AJ Barner: 3+ receptions,0.5800,0.6400,0.0000,0.00,0.00,active,2026-10-06T20:25:00Z,2026-10-02T09:37:33+00:00
KXNFLREC-26OCT04LACSEA,KXNFLREC,KXNFLREC-26OCT04LACSEA-SEAJSMITHNJIGBA11-9,Jaxon Smith-Njigba: 9+ receptions,0.2500,0.3000,0.0000,0.00,0.00,active,2026-10-06T20:25:00Z,2026-10-02T09:37:33+00:00
KXNFLREC-26OCT04LACSEA,KXNFLREC,KXNFLREC-26OCT04LACSEA-SEARSHAHEED22-2,Rashid Shaheed: 2+ receptions,0.6000,0.6300,0.0000,0.00,0.00,active,2026-10-06T20:25:00Z,2026-10-02T09:37:33+00:00
KXNFLREC-26OCT04LACSEA,KXNFLREC,KXNFLREC-26OCT04LACSEA-SEAABARNER88-6,AJ Barner: 6+ receptions,0.0100,0.1400,0.0000,0.00,0.00,active,2026-10-06T20:25:00Z,2026-10-02T09:37:33+00:00
KXNFLREC-26OCT04LACSEA,KXNFLREC,KXNFLREC-26OCT04LACSEA-SEACKUPP10-5,Cooper Kupp: 5+ receptions,0.0100,0.1300,0.0000,0.00,0.00,active,2026-10-06T20:25:00Z,2026-10-02T09:37:33+00:00
KXNFLREC-26OCT04LACSEA,KXNFLREC,KXNFLREC-26OCT04LACSEA-SEAJSMITHNJIGBA11-8,Jaxon Smith-Njigba: 8+ receptions,0.4000,0.4200,0.4200,102.57,102.57,active,2026-10-06T20:25:00Z,2026-10-02T09:37:33+00:00
KXNFLREC-26OCT04LACSEA,KXNFLREC,KXNFLREC-26OCT04LACSEA-SEAJSMITHNJIGBA11-5,Jaxon Smith-Njigba: 5+ receptions,0.7300,0.8400,0.0000,0.00,0.00,active,2026-10-06T20:25:00Z,2026-10-02T09:37:33+00:00
KXNFLREC-26OCT04LACSEA,KXNFLREC,KXNFLREC-26OCT04LACSEA-SEAJSMITHNJIGBA11-6,Jaxon Smith-Njigba: 6+ receptions,0.6100,0.7100,0.7100,1.38,1.38,active,2026-10-06T20:25:00Z,2026-10-02T09:37:33+00:00
KXNFLREC-26OCT04LACSEA,KXNFLREC,KXNFLREC-26OCT04LACSEA-SEACKUPP10-3,Cooper Kupp: 3+ receptions,0.4200,0.4400,0.4400,30.76,30.76,active,2026-10-06T20:25:00Z,2026-10-02T09:37:33+00:00
KXNFLREC-26OCT04LACSEA,KXNFLREC,KXNFLREC-26OCT04LACSEA-SEAABARNER88-7,AJ Barner: 7+ receptions,0.0100,0.0800,0.0000,0.00,0.00,active,2026-10-06T20:25:00Z,2026-10-02T09:37:33+00:00
KXNFLREC-26OCT04LACSEA,KXNFLREC,KXNFLREC-26OCT04LACSEA-SEAJSMITHNJIGBA11-10,Jaxon Smith-Njigba: 10+ receptions,0.0600,0.2000,0.1600,120.55,120.55,active,2026-10-06T20:25:00Z,2026-10-02T09:37:33+00:00
KXNFLREC-26OCT04LARPHI,KXNFLREC,KXNFLREC-26OCT04LARPHI-PHIMLEMON9-6,Makai Lemon: 6+ receptions,0.1500,0.1700,0.2000,532.45,498.45,active,2026-10-06T17:00:00Z,2026-10-02T09:37:33+00:00
KXNFLREC-26OCT04LARPHI,KXNFLREC,KXNFLREC-26OCT04LARPHI-PHIDCOOPER80-3,Darius Cooper: 3+ receptions,0.2400,0.2800,0.0000,0.00,0.00,active,2026-10-06T17:00:00Z,2026-10-02T09:37:33+00:00
KXNFLREC-26OCT04LARPHI,KXNFLREC,KXNFLREC-26OCT04LARPHI-PHISBARKLEY26-4,Saquon Barkley: 4+ receptions,0.2000,0.2300,0.1600,200.00,200.00,active,2026-10-06T17:00:00Z,2026-10-02T09:37:33+00:00
KXNFLREC-26OCT04LARPHI,KXNFLREC,KXNFLREC-26OCT04LARPHI-PHIDCOOPER80-2,Darius Cooper: 2+ receptions,0.5100,0.5300,0.5100,246.30,246.30,active,2026-10-06T17:00:00Z,2026-10-02T09:37:33+00:00
KXNFLREC-26OCT04LARPHI,KXNFLREC,KXNFLREC-26OCT04LARPHI-LARDADAMS17-7,Davante Adams: 7+ receptions,0.1900,0.2400,0.2400,85.77,85.77,active,2026-10-06T17:00:00Z,2026-10-02T09:37:33+00:00
KXNFLREC-26OCT04LARPHI,KXNFLREC,KXNFLREC-26OCT04LARPHI-LARKWILLIAMS23-4,Kyren Williams: 4+ receptions,0.2100,0.2400,0.0000,0.00,0.00,active,2026-10-06T17:00:00Z,2026-10-02T09:37:33+00:00
KXNFLREC-26OCT04LARPHI,KXNFLREC,KXNFLREC-26OCT04LARPHI-LARDADAMS17-10,Davante Adams: 10+ receptions,0.0000,0.0600,0.0000,0.00,0.00,active,2026-10-06T17:00:00Z,2026-10-02T09:37:33+00:00
KXNFLREC-26OCT04LARPHI,KXNFLREC,KXNFLREC-26OCT04LARPHI-LARDADAMS17-11,Davante Adams: 11+ receptions,0.0000,0.0400,0.0000,0.00,0.00,active,2026-10-06T17:00:00Z,2026-10-02T09:37:33+00:00
KXNFLREC-26OCT04LARPHI,KXNFLREC,KXNFLREC-26OCT04LARPHI-PHISBARKLEY26-3,Saquon Barkley: 3+ receptions,0.3900,0.4100,0.4100,904.33,904.33,active,2026-10-06T17:00:00Z,2026-10-02T09:37:33+00:00
KXNFLREC-26OCT04LARPHI,KXNFLREC,KXNFLREC-26OCT04LARPHI-PHIDWICKS13-6,Dontayvion Wicks: 6+ receptions,0.2100,0.2400,0.2800,545.41,425.41,active,2026-10-06T17:00:00Z,2026-10-02T09:37:33+00:00
KXNFLREC-26OCT04LARPHI,KXNFLREC,KXNFLREC-26OCT04LARPHI-PHISBARKLEY26-2,Saquon Barkley: 2+ receptions,0.5900,0.6000,0.6000,244.58,244.58,active,2026-10-06T17:00:00Z,2026-10-02T09:37:33+00:00
KXNFLREC-26OCT04LARPHI,KXNFLREC,KXNFLREC-26OCT04LARPHI-PHIJMUNDT83-4,Johnny Mundt: 4+ receptions,0.0100,0.0600,0.0000,0.00,0.00,active,2026-10-06T17:00:00Z,2026-10-02T09:37:33+00:00
KXNFLREC-26OCT04LARPHI,KXNFLREC,KXNFLREC-26OCT04LARPHI-PHISBARKLEY26-6,Saquon Barkley: 6+ receptions,0.0100,0.0600,0.0000,0.00,0.00,active,2026-10-06T17:00:00Z,2026-10-02T09:37:33+00:00
KXNFLREC-26OCT04LARPHI,KXNFLREC,KXNFLREC-26OCT04LARPHI-PHIDCOOPER80-5,Darius Cooper: 5+ receptions,0.0100,0.0600,0.0000,0.00,0.00,active,2026-10-06T17:00:00Z,2026-10-02T09:37:33+00:00
KXNFLREC-26OCT04LARPHI,KXNFLREC,KXNFLREC-26OCT04LARPHI-PHIMLEMON9-8,Makai Lemon: 8+ receptions,0.0100,0.0600,0.0000,0.00,0.00,active,2026-10-06T17:00:00Z,2026-10-02T09:37:33+00:00
KXNFLREC-26OCT04LARPHI,KXNFLREC,KXNFLREC-26OCT04LARPHI-LARKWILLIAMS23-6,Kyren Williams: 6+ receptions,0.0000,0.0600,0.0000,0.00,0.00,active,2026-10-06T17:00:00Z,2026-10-02T09:37:33+00:00
KXNFLREC-26OCT04LARPHI,KXNFLREC,KXNFLREC-26OCT04LARPHI-PHIDCOOPER80-4,Darius Cooper: 4+ receptions,0.0100,0.1200,0.0000,0.00,0.00,active,2026-10-06T17:00:00Z,2026-10-02T09:37:33+00:00
KXNFLREC-26OCT04LARPHI,KXNFLREC,KXNFLREC-26OCT04LARPHI-PHISBARKLEY26-5,Saquon Barkley: 5+ receptions,0.0100,0.1200,0.0000,0.00,0.00,active,2026-10-06T17:00:00Z,2026-10-02T09:37:33+00:00
KXNFLREC-26OCT04LARPHI,KXNFLREC,KXNFLREC-26OCT04LARPHI-PHIMLEMON9-4,Makai Lemon: 4+ receptions,0.4500,0.4700,0.4900,575.31,488.11,active,2026-10-06T17:00:00Z,2026-10-02T09:37:33+00:00
KXNFLREC-26OCT04LARPHI,KXNFLREC,KXNFLREC-26OCT04LARPHI-LARKWILLIAMS23-3,Kyren Williams: 3+ receptions,0.4100,0.4300,0.4300,4.47,4.47,active,2026-10-06T17:00:00Z,2026-10-02T09:37:33+00:00
KXNFLREC-26OCT04LARPHI,KXNFLREC,KXNFLREC-26OCT04LARPHI-PHIMLEMON9-2,Makai Lemon: 2+ receptions,0.8200,0.8500,0.8500,63.70,63.70,active,2026-10-06T17:00:00Z,2026-10-02T09:37:33+00:00
KXNFLREC-26OCT04LARPHI,KXNFLREC,KXNFLREC-26OCT04LARPHI-PHIDWICKS13-5,Dontayvion Wicks: 5+ receptions,0.4000,0.4100,0.4000,1459.30,1459.30,active,2026-10-06T17:00:00Z,2026-10-02T09:37:33+00:00
KXNFLREC-26OCT04LARPHI,KXNFLREC,KXNFLREC-26OCT04LARPHI-PHIDWICKS13-8,Dontayvion Wicks: 8+ receptions,0.0100,0.0800,0.1800,25.00,25.00,active,2026-10-06T17:00:00Z,2026-10-02T09:37:33+00:00
KXNFLREC-26OCT04LARPHI,KXNFLREC,KXNFLREC-26OCT04LARPHI-LARKWILLIAMS23-2,Kyren Williams: 2+ receptions,0.6600,0.7000,0.0000,0.00,0.00,active,2026-10-06T17:00:00Z,2026-10-02T09:37:33+00:00
KXNFLREC-26OCT04LARPHI,KXNFLREC,KXNFLREC-26OCT04LARPHI-PHIMLEMON9-7,Makai Lemon: 7+ receptions,0.0100,0.1000,0.1500,37.00,37.00,active,2026-10-06T17:00:00Z,2026-10-02T09:37:33+00:00
KXNFLREC-26OCT04LARPHI,KXNFLREC,KXNFLREC-26OCT04LARPHI-LARDADAMS17-5,Davante Adams: 5+ receptions,0.5000,0.5200,0.5100,1804.80,1776.88,active,2026-10-06T17:00:00Z,2026-10-02T09:37:33+00:00
KXNFLREC-26OCT04LARPHI,KXNFLREC,KXNFLREC-26OCT04LARPHI-LARDADAMS17-3,Davante Adams: 3+ receptions,0.8200,0.8700,0.0000,0.00,0.00,active,2026-10-06T17:00:00Z,2026-10-02T09:37:33+00:00
KXNFLREC-26OCT04LARPHI,KXNFLREC,KXNFLREC-26OCT04LARPHI-PHIDWICKS13-7,Dontayvion Wicks: 7+ receptions,0.0100,0.1300,0.2600,8.00,8.00,active,2026-10-06T17:00:00Z,2026-10-02T09:37:33+00:00
KXNFLREC-26OCT04LARPHI,KXNFLREC,KXNFLREC-26OCT04LARPHI-LARKWILLIAMS23-5,Kyren Williams: 5+ receptions,0.0100,0.1200,0.0000,0.00,0.00,active,2026-10-06T17:00:00Z,2026-10-02T09:37:33+00:00
KXNFLREC-26OCT04LARPHI,KXNFLREC,KXNFLREC-26OCT04LARPHI-PHIDWICKS13-2,Dontayvion Wicks: 2+ receptions,0.7800,0.9200,0.8800,38.00,37.00,active,2026-10-06T17:00:00Z,2026-10-02T09:37:33+00:00
KXNFLREC-26OCT04LARPHI,KXNFLREC,KXNFLREC-26OCT04LARPHI-LARDADAMS17-4,Davante Adams: 4+ receptions,0.6500,0.7200,0.0000,0.00,0.00,active,2026-10-06T17:00:00Z,2026-10-02T09:37:33+00:00
KXNFLREC-26OCT04LARPHI,KXNFLREC,KXNFLREC-26OCT04LARPHI-LARDADAMS17-9,Davante Adams: 9+ receptions,0.0300,0.0900,0.0000,0.00,0.00,active,2026-10-06T17:00:00Z,2026-10-02T09:37:33+00:00
KXNFLREC-26OCT04LARPHI,KXNFLREC,KXNFLREC-26OCT04LARPHI-LARDADAMS17-8,Davante Adams: 8+ receptions,0.0300,0.1500,0.0000,0.00,0.00,active,2026-10-06T17:00:00Z,2026-10-02T09:37:33+00:00
KXNFLREC-26OCT04LARPHI,KXNFLREC,KXNFLREC-26OCT04LARPHI-PHIDWICKS13-3,Dontayvion Wicks: 3+ receptions,0.7400,0.7700,0.7200,515.98,437.98,active,2026-10-06T17:00:00Z,2026-10-02T09:37:33+00:00
KXNFLREC-26OCT04LARPHI,KXNFLREC,KXNFLREC-26OCT04LARPHI-PHIMLEMON9-3,Makai Lemon: 3+ receptions,0.6600,0.6900,0.6600,7893.06,7206.33,active,2026-10-06T17:00:00Z,2026-10-02T09:37:33+00:00
KXNFLREC-26OCT04LARPHI,KXNFLREC,KXNFLREC-26OCT04LARPHI-PHIJMUNDT83-3,Johnny Mundt: 3+ receptions,0.1200,0.1600,0.0000,0.00,0.00,active,2026-10-06T17:00:00Z,2026-10-02T09:37:33+00:00
KXNFLREC-26OCT04LARPHI,KXNFLREC,KXNFLREC-26OCT04LARPHI-PHIMLEMON9-5,Makai Lemon: 5+ receptions,0.2900,0.3000,0.3200,837.35,750.91,active,2026-10-06T17:00:00Z,2026-10-02T09:37:33+00:00
KXNFLREC-26OCT04LARPHI,KXNFLREC,KXNFLREC-26OCT04LARPHI-PHIJMUNDT83-2,Johnny Mundt: 2+ receptions,0.3500,0.3700,0.4000,182.32,182.32,active,2026-10-06T17:00:00Z,2026-10-02T09:37:33+00:00
KXNFLREC-26OCT04LARPHI,KXNFLREC,KXNFLREC-26OCT04LARPHI-LARDADAMS17-6,Davante Adams: 6+ receptions,0.3600,0.3700,0.4100,117.79,117.79,active,2026-10-06T17:00:00Z,2026-10-02T09:37:33+00:00
KXNFLREC-26OCT04LARPHI,KXNFLREC,KXNFLREC-26OCT04LARPHI-PHIDWICKS13-4,Dontayvion Wicks: 4+ receptions,0.5500,0.5800,0.5800,10470.75,7706.58,active,2026-10-06T17:00:00Z,2026-10-02T09:37:33+00:00
KXNFLREC-26OCT04MIAMIN,KXNFLREC,KXNFLREC-26OCT04MIAMIN-MIAMWASHINGTON6-9,Malik Washington: 9+ receptions,0.0000,0.0500,0.0000,0.00,0.00,active,2026-10-06T20:05:00Z,2026-10-02T09:37:33+00:00
KXNFLREC-26OCT04MIAMIN,KXNFLREC,KXNFLREC-26OCT04MIAMIN-MIAMWASHINGTON6-3,Malik Washington: 3+ receptions,0.7000,0.7600,0.0000,0.00,0.00,active,2026-10-06T20:05:00Z,2026-10-02T09:37:33+00:00
KXNFLREC-26OCT04MIAMIN,KXNFLREC,KXNFLREC-26OCT04MIAMIN-MINJADDISON3-10,Jordan Addison: 10+ receptions,0.0000,0.0500,0.0000,0.00,0.00,active,2026-10-06T20:05:00Z,2026-10-02T09:37:33+00:00
KXNFLREC-26OCT04MIAMIN,KXNFLREC,KXNFLREC-26OCT04MIAMIN-MINTHOCKENSON87-11,T.J. Hockenson: 11+ receptions,0.0000,0.0400,0.0000,0.00,0.00,active,2026-10-06T20:05:00Z,2026-10-02T09:37:33+00:00
KXNFLREC-26OCT04MIAMIN,KXNFLREC,KXNFLREC-26OCT04MIAMIN-MINJADDISON3-11,Jordan Addison: 11+ receptions,0.0000,0.0400,0.0000,0.00,0.00,active,2026-10-06T20:05:00Z,2026-10-02T09:37:33+00:00
KXNFLREC-26OCT04MIAMIN,KXNFLREC,KXNFLREC-26OCT04MIAMIN-MINTHOCKENSON87-5,T.J. Hockenson: 5+ receptions,0.4500,0.4800,0.0000,0.00,0.00,active,2026-10-06T20:05:00Z,2026-10-02T09:37:33+00:00
KXNFLREC-26OCT04MIAMIN,KXNFLREC,KXNFLREC-26OCT04MIAMIN-MIAGDULCICH85-3,Greg Dulcich: 3+ receptions,0.5700,0.5900,0.5900,1354.89,1354.89,active,2026-10-06T20:05:00Z,2026-10-02T09:37:33+00:00
KXNFLREC-26OCT04MIAMIN,KXNFLREC,KXNFLREC-26OCT04MIAMIN-MIAGDULCICH85-8,Greg Dulcich: 8+ receptions,0.0000,0.0400,0.0000,0.00,0.00,active,2026-10-06T20:05:00Z,2026-10-02T09:37:33+00:00
KXNFLREC-26OCT04MIAMIN,KXNFLREC,KXNFLREC-26OCT04MIAMIN-MINJADDISON3-4,Jordan Addison: 4+ receptions,0.5700,0.6300,0.0000,0.00,0.00,active,2026-10-06T20:05:00Z,2026-10-02T09:37:33+00:00
KXNFLREC-26OCT04MIAMIN,KXNFLREC,KXNFLREC-26OCT04MIAMIN-MINJADDISON3-5,Jordan Addison: 5+ receptions,0.4200,0.4500,0.0000,0.00,0.00,active,2026-10-06T20:05:00Z,2026-10-02T09:37:33+00:00
KXNFLREC-26OCT04MIAMIN,KXNFLREC,KXNFLREC-26OCT04MIAMIN-MIAMWASHINGTON6-6,Malik Washington: 6+ receptions,0.0900,0.2400,0.0000,0.00,0.00,active,2026-10-06T20:05:00Z,2026-10-02T09:37:33+00:00
KXNFLREC-26OCT04MIAMIN,KXNFLREC,KXNFLREC-26OCT04MIAMIN-MINAJONES33-8,Aaron Jones Sr.: 8+ receptions,0.0000,0.0500,0.0000,0.00,0.00,active,2026-10-06T20:05:00Z,2026-10-02T09:37:33+00:00
KXNFLREC-26OCT04MIAMIN,KXNFLREC,KXNFLREC-26OCT04MIAMIN-MINAJONES33-6,Aaron Jones Sr.: 6+ receptions,0.0000,0.1300,0.0000,0.00,0.00,active,2026-10-06T20:05:00Z,2026-10-02T09:37:33+00:00
KXNFLREC-26OCT04MIAMIN,KXNFLREC,KXNFLREC-26OCT04MIAMIN-MIAGDULCICH85-5,Greg Dulcich: 5+ receptions,0.0800,0.2300,0.0000,0.00,0.00,active,2026-10-06T20:05:00Z,2026-10-02T09:37:33+00:00
KXNFLREC-26OCT04MIAMIN,KXNFLREC,KXNFLREC-26OCT04MIAMIN-MIAMWASHINGTON6-7,Malik Washington: 7+ receptions,0.0100,0.1400,0.0000,0.00,0.00,active,2026-10-06T20:05:00Z,2026-10-02T09:37:33+00:00
KXNFLREC-26OCT04MIAMIN,KXNFLREC,KXNFLREC-26OCT04MIAMIN-MIAMWASHINGTON6-8,Malik Washington: 8+ receptions,0.0100,0.0800,0.0000,0.00,0.00,active,2026-10-06T20:05:00Z,2026-10-02T09:37:33+00:00
KXNFLREC-26OCT04MIAMIN,KXNFLREC,KXNFLREC-26OCT04MIAMIN-MIAMWASHINGTON6-2,Malik Washington: 2+ receptions,0.7500,0.9200,0.0000,0.00,0.00,active,2026-10-06T20:05:00Z,2026-10-02T09:37:33+00:00
KXNFLREC-26OCT04MIAMIN,KXNFLREC,KXNFLREC-26OCT04MIAMIN-MIAMWASHINGTON6-5,Malik Washington: 5+ receptions,0.3600,0.3900,0.0000,0.00,0.00,active,2026-10-06T20:05:00Z,2026-10-02T09:37:33+00:00
KXNFLREC-26OCT04MIAMIN,KXNFLREC,KXNFLREC-26OCT04MIAMIN-MINJADDISON3-6,Jordan Addison: 6+ receptions,0.2600,0.3000,0.0000,0.00,0.00,active,2026-10-06T20:05:00Z,2026-10-02T09:37:33+00:00
KXNFLREC-26OCT04MIAMIN,KXNFLREC,KXNFLREC-26OCT04MIAMIN-MINTHOCKENSON87-10,T.J. Hockenson: 10+ receptions,0.0100,0.0600,0.0000,0.00,0.00,active,2026-10-06T20:05:00Z,2026-10-02T09:37:33+00:00
KXNFLREC-26OCT04MIAMIN,KXNFLREC,KXNFLREC-26OCT04MIAMIN-MIAGDULCICH85-4,Greg Dulcich: 4+ receptions,0.3700,0.3900,0.0000,0.00,0.00,active,2026-10-06T20:05:00Z,2026-10-02T09:37:33+00:00
KXNFLREC-26OCT04MIAMIN,KXNFLREC,KXNFLREC-26OCT04MIAMIN-MIAGDULCICH85-7,Greg Dulcich: 7+ receptions,0.0100,0.0700,0.0000,0.00,0.00,active,2026-10-06T20:05:00Z,2026-10-02T09:37:33+00:00
KXNFLREC-26OCT04MIAMIN,KXNFLREC,KXNFLREC-26OCT04MIAMIN-MIAJWRIGHT5-4,Jaylen Wright: 4+ receptions,0.0100,0.0700,0.0000,0.00,0.00,active,2026-10-06T20:05:00Z,2026-10-02T09:37:33+00:00
KXNFLREC-26OCT04MIAMIN,KXNFLREC,KXNFLREC-26OCT04MIAMIN-MINTHOCKENSON87-4,T.J. Hockenson: 4+ receptions,0.6100,0.6700,0.0000,0.00,0.00,active,2026-10-06T20:05:00Z,2026-10-02T09:37:33+00:00
KXNFLREC-26OCT04MIAMIN,KXNFLREC,KXNFLREC-26OCT04MIAMIN-MINTHOCKENSON87-2,T.J. Hockenson: 2+ receptions,0.7800,0.9500,0.0000,0.00,0.00,active,2026-10-06T20:05:00Z,2026-10-02T09:37:33+00:00
KXNFLREC-26OCT04MIAMIN,KXNFLREC,KXNFLREC-26OCT04MIAMIN-MINTHOCKENSON87-6,T.J. Hockenson: 6+ receptions,0.3100,0.3400,0.0000,0.00,0.00,active,2026-10-06T20:05:00Z,2026-10-02T09:37:33+00:00
KXNFLREC-26OCT04MIAMIN,KXNFLREC,KXNFLREC-26OCT04MIAMIN-MINTHOCKENSON87-7,T.J. Hockenson: 7+ receptions,0.0800,0.2300,0.0000,0.00,0.00,active,2026-10-06T20:05:00Z,2026-10-02T09:37:33+00:00
KXNFLREC-26OCT04MIAMIN,KXNFLREC,KXNFLREC-26OCT04MIAMIN-MINJADDISON3-2,Jordan Addison: 2+ receptions,0.7700,0.9300,0.0000,0.00,0.00,active,2026-10-06T20:05:00Z,2026-10-02T09:37:33+00:00
KXNFLREC-26OCT04MIAMIN,KXNFLREC,KXNFLREC-26OCT04MIAMIN-MINJADDISON3-3,Jordan Addison: 3+ receptions,0.6300,0.7900,0.0000,0.00,0.00,active,2026-10-06T20:05:00Z,2026-10-02T09:37:33+00:00
KXNFLREC-26OCT04MIAMIN,KXNFLREC,KXNFLREC-26OCT04MIAMIN-MINTHOCKENSON87-9,T.J. Hockenson: 9+ receptions,0.0100,0.0900,0.0000,0.00,0.00,active,2026-10-06T20:05:00Z,2026-10-02T09:37:33+00:00
KXNFLREC-26OCT04MIAMIN,KXNFLREC,KXNFLREC-26OCT04MIAMIN-MINJADDISON3-7,Jordan Addison: 7+ receptions,0.0400,0.1900,0.0000,0.00,0.00,active,2026-10-06T20:05:00Z,2026-10-02T09:37:33+00:00
KXNFLREC-26OCT04MIAMIN,KXNFLREC,KXNFLREC-26OCT04MIAMIN-MINJADDISON3-8,Jordan Addison: 8+ receptions,0.0100,0.1200,0.0000,0.00,0.00,active,2026-10-06T20:05:00Z,2026-10-02T09:37:33+00:00
KXNFLREC-26OCT04MIAMIN,KXNFLREC,KXNFLREC-26OCT04MIAMIN-MINTHOCKENSON87-8,T.J. Hockenson: 8+ receptions,0.0100,0.1500,0.0000,0.00,0.00,active,2026-10-06T20:05:00Z,2026-10-02T09:37:33+00:00
KXNFLREC-26OCT04MIAMIN,KXNFLREC,KXNFLREC-26OCT04MIAMIN-MINJADDISON3-9,Jordan Addison: 9+ receptions,0.0100,0.0800,0.0000,0.00,0.00,active,2026-10-06T20:05:00Z,2026-10-02T09:37:33+00:00
KXNFLREC-26OCT04MIAMIN,KXNFLREC,KXNFLREC-26OCT04MIAMIN-MIAGDULCICH85-6,Greg Dulcich: 6+ receptions,0.0100,0.1300,0.0000,0.00,0.00,active,2026-10-06T20:05:00Z,2026-10-02T09:37:33+00:00
KXNFLREC-26OCT04MIAMIN,KXNFLREC,KXNFLREC-26OCT04MIAMIN-MIAJWRIGHT5-3,Jaylen Wright: 3+ receptions,0.0100,0.1500,0.0000,0.00,0.00,active,2026-10-06T20:05:00Z,2026-10-02T09:37:33+00:00
KXNFLREC-26OCT04MIAMIN,KXNFLREC,KXNFLREC-26OCT04MIAMIN-MINAJONES33-2,Aaron Jones Sr.: 2+ receptions,0.6700,0.8400,0.0000,0.00,0.00,active,2026-10-06T20:05:00Z,2026-10-02T09:37:33+00:00
KXNFLREC-26OCT04MIAMIN,KXNFLREC,KXNFLREC-26OCT04MIAMIN-MINAJONES33-7,Aaron Jones Sr.: 7+ receptions,0.0100,0.0800,0.0000,0.00,0.00,active,2026-10-06T20:05:00Z,2026-10-02T09:37:33+00:00
KXNFLREC-26OCT04MIAMIN,KXNFLREC,KXNFLREC-26OCT04MIAMIN-MINAJONES33-3,Aaron Jones Sr.: 3+ receptions,0.5800,0.6200,0.5900,58.95,58.95,active,2026-10-06T20:05:00Z,2026-10-02T09:37:33+00:00
KXNFLREC-26OCT04MIAMIN,KXNFLREC,KXNFLREC-26OCT04MIAMIN-MINAJONES33-5,Aaron Jones Sr.: 5+ receptions,0.0900,0.2400,0.0000,0.00,0.00,active,2026-10-06T20:05:00Z,2026-10-02T09:37:33+00:00
KXNFLREC-26OCT04MIAMIN,KXNFLREC,KXNFLREC-26OCT04MIAMIN-MIAGDULCICH85-2,Greg Dulcich: 2+ receptions,0.6900,0.8100,0.0000,0.00,0.00,active,2026-10-06T20:05:00Z,2026-10-02T09:37:33+00:00
KXNFLREC-26OCT04MIAMIN,KXNFLREC,KXNFLREC-26OCT04MIAMIN-MIAJWRIGHT5-2,Jaylen Wright: 2+ receptions,0.3100,0.3300,0.3300,14.47,14.47,active,2026-10-06T20:05:00Z,2026-10-02T09:37:33+00:00
KXNFLREC-26OCT04MIAMIN,KXNFLREC,KXNFLREC-26OCT04MIAMIN-MINTHOCKENSON87-3,T.J. Hockenson: 3+ receptions,0.6700,0.8200,0.0000,0.00,0.00,active,2026-10-06T20:05:00Z,2026-10-02T09:37:33+00:00
KXNFLREC-26OCT04MIAMIN,KXNFLREC,KXNFLREC-26OCT04MIAMIN-MINAJONES33-4,Aaron Jones Sr.: 4+ receptions,0.4000,0.4100,0.4000,99.07,99.07,active,2026-10-06T20:05:00Z,2026-10-02T09:37:33+00:00
KXNFLREC-26OCT04MIAMIN,KXNFLREC,KXNFLREC-26OCT04MIAMIN-MIAMWASHINGTON6-4,Malik Washington: 4+ receptions,0.5500,0.5700,0.5700,510.93,510.93,active,2026-10-06T20:05:00Z,2026-10-02T09:37:33+00:00
KXNFLREC-26OCT04NEBUF,KXNFLREC,KXNFLREC-26OCT04NEBUF-BUFDKNOX88-5,Dawson Knox: 5+ receptions,0.0000,0.0400,0.0000,0.00,0.00,active,2026-10-06T17:00:00Z,2026-10-02T09:37:33+00:00
KXNFLREC-26OCT04NEBUF,KXNFLREC,KXNFLREC-26OCT04NEBUF-NERDOUBS87-5,Romeo Doubs: 5+ receptions,0.2600,0.2800,0.0000,0.00,0.00,active,2026-10-06T17:00:00Z,2026-10-02T09:37:33+00:00
KXNFLREC-26OCT04NEBUF,KXNFLREC,KXNFLREC-26OCT04NEBUF-NEHHENRY85-8,Hunter Henry: 8+ receptions,0.0100,0.0600,0.0000,0.00,0.00,active,2026-10-06T17:00:00Z,2026-10-02T09:37:33+00:00
KXNFLREC-26OCT04NEBUF,KXNFLREC,KXNFLREC-26OCT04NEBUF-BUFKSHAKIR10-4,Khalil Shakir: 4+ receptions,0.5400,0.5700,0.5700,2192.29,1669.69,active,2026-10-06T17:00:00Z,2026-10-02T09:37:33+00:00
KXNFLREC-26OCT04NEBUF,KXNFLREC,KXNFLREC-26OCT04NEBUF-NEMHOLLINS13-9,Mack Hollins: 9+ receptions,0.0000,0.0400,0.0000,0.00,0.00,active,2026-10-06T17:00:00Z,2026-10-02T09:37:33+00:00
KXNFLREC-26OCT04NEBUF,KXNFLREC,KXNFLREC-26OCT04NEBUF-NEDDOUGLAS3-8,DeMario Douglas: 8+ receptions,0.0000,0.0400,0.0000,0.00,0.00,active,2026-10-06T17:00:00Z,2026-10-02T09:37:33+00:00
KXNFLREC-26OCT04NEBUF,KXNFLREC,KXNFLREC-26OCT04NEBUF-BUFKSHAKIR10-10,Khalil Shakir: 10+ receptions,0.0000,0.0400,0.0000,0.00,0.00,active,2026-10-06T17:00:00Z,2026-10-02T09:37:33+00:00
KXNFLREC-26OCT04NEBUF,KXNFLREC,KXNFLREC-26OCT04NEBUF-NERDOUBS87-4,Romeo Doubs: 4+ receptions,0.4200,0.4300,0.0000,0.00,0.00,active,2026-10-06T17:00:00Z,2026-10-02T09:37:33+00:00
KXNFLREC-26OCT04NEBUF,KXNFLREC,KXNFLREC-26OCT04NEBUF-BUFJCOOK4-5,James Cook III: 5+ receptions,0.0000,0.0600,0.0000,0.00,0.00,active,2026-10-06T17:00:00Z,2026-10-02T09:37:33+00:00
KXNFLREC-26OCT04NEBUF,KXNFLREC,KXNFLREC-26OCT04NEBUF-BUFJCOOK4-6,James Cook III: 6+ receptions,0.0000,0.0400,0.0000,0.00,0.00,active,2026-10-06T17:00:00Z,2026-10-02T09:37:33+00:00
KXNFLREC-26OCT04NEBUF,KXNFLREC,KXNFLREC-26OCT04NEBUF-BUFTJOHNSON26-6,Ty Johnson: 6+ receptions,0.0000,0.0400,0.0000,0.00,0.00,active,2026-10-06T17:00:00Z,2026-10-02T09:37:33+00:00
KXNFLREC-26OCT04NEBUF,KXNFLREC,KXNFLREC-26OCT04NEBUF-BUFDKINCAID86-9,Dalton Kincaid: 9+ receptions,0.0100,0.0800,0.0000,0.00,0.00,active,2026-10-06T17:00:00Z,2026-10-02T09:37:33+00:00
KXNFLREC-26OCT04NEBUF,KXNFLREC,KXNFLREC-26OCT04NEBUF-BUFTJOHNSON26-5,Ty Johnson: 5+ receptions,0.0100,0.0700,0.0000,0.00,0.00,active,2026-10-06T17:00:00Z,2026-10-02T09:37:33+00:00
KXNFLREC-26OCT04NEBUF,KXNFLREC,KXNFLREC-26OCT04NEBUF-BUFKSHAKIR10-6,Khalil Shakir: 6+ receptions,0.1000,0.2500,0.0000,0.00,0.00,active,2026-10-06T17:00:00Z,2026-10-02T09:37:33+00:00
KXNFLREC-26OCT04NEBUF,KXNFLREC,KXNFLREC-26OCT04NEBUF-BUFKSHAKIR10-8,Khalil Shakir: 8+ receptions,0.0100,0.0900,0.0000,0.00,0.00,active,2026-10-06T17:00:00Z,2026-10-02T09:37:33+00:00
KXNFLREC-26OCT04NEBUF,KXNFLREC,KXNFLREC-26OCT04NEBUF-BUFKSHAKIR10-2,Khalil Shakir: 2+ receptions,0.7600,0.9200,0.0000,0.00,0.00,active,2026-10-06T17:00:00Z,2026-10-02T09:37:33+00:00
KXNFLREC-26OCT04NEBUF,KXNFLREC,KXNFLREC-26OCT04NEBUF-NEDDOUGLAS3-5,DeMario Douglas: 5+ receptions,0.1700,0.1800,0.0000,0.00,0.00,active,2026-10-06T17:00:00Z,2026-10-02T09:37:33+00:00
KXNFLREC-26OCT04NEBUF,KXNFLREC,KXNFLREC-26OCT04NEBUF-BUFDKINCAID86-10,Dalton Kincaid: 10+ receptions,0.0000,0.0400,0.0000,0.00,0.00,active,2026-10-06T17:00:00Z,2026-10-02T09:37:33+00:00
KXNFLREC-26OCT04NEBUF,KXNFLREC,KXNFLREC-26OCT04NEBUF-BUFKSHAKIR10-9,Khalil Shakir: 9+ receptions,0.0000,0.0600,0.0000,0.00,0.00,active,2026-10-06T17:00:00Z,2026-10-02T09:37:33+00:00
KXNFLREC-26OCT04NEBUF,KXNFLREC,KXNFLREC-26OCT04NEBUF-NETHENDERSON32-2,TreVeyon Henderson: 2+ receptions,0.4000,0.4200,0.0000,0.00,0.00,active,2026-10-06T17:00:00Z,2026-10-02T09:37:33+00:00
KXNFLREC-26OCT04NEBUF,KXNFLREC,KXNFLREC-26OCT04NEBUF-BUFKSHAKIR10-3,Khalil Shakir: 3+ receptions,0.6200,0.7600,0.0000,0.00,0.00,active,2026-10-06T17:00:00Z,2026-10-02T09:37:33+00:00
KXNFLREC-26OCT04NEBUF,KXNFLREC,KXNFLREC-26OCT04NEBUF-NERDOUBS87-6,Romeo Doubs: 6+ receptions,0.1000,0.1700,0.0000,0.00,0.00,active,2026-10-06T17:00:00Z,2026-10-02T09:37:33+00:00
KXNFLREC-26OCT04NEBUF,KXNFLREC,KXNFLREC-26OCT04NEBUF-NEHHENRY85-9,Hunter Henry: 9+ receptions,0.0000,0.0400,0.0000,0.00,0.00,active,2026-10-06T17:00:00Z,2026-10-02T09:37:33+00:00
KXNFLREC-26OCT04NEBUF,KXNFLREC,KXNFLREC-26OCT04NEBUF-NEMHOLLINS13-8,Mack Hollins: 8+ receptions,0.0100,0.0700,0.0000,0.00,0.00,active,2026-10-06T17:00:00Z,2026-10-02T09:37:33+00:00
KXNFLREC-26OCT04NEBUF,KXNFLREC,KXNFLREC-26OCT04NEBUF-BUFDKNOX88-3,Dawson Knox: 3+ receptions,0.1900,0.2200,0.0000,0.00,0.00,active,2026-10-06T17:00:00Z,2026-10-02T09:37:33+00:00
KXNFLREC-26OCT04NEBUF,KXNFLREC,KXNFLREC-26OCT04NEBUF-NEDDOUGLAS3-4,DeMario Douglas: 4+ receptions,0.3100,0.3400,0.0000,0.00,0.00,active,2026-10-06T17:00:00Z,2026-10-02T09:37:33+00:00
KXNFLREC-26OCT04NEBUF,KXNFLREC,KXNFLREC-26OCT04NEBUF-BUFKSHAKIR10-5,Khalil Shakir: 5+ receptions,0.2500,0.4000,0.0000,0.00,0.00,active,2026-10-06T17:00:00Z,2026-10-02T09:37:33+00:00
KXNFLREC-26OCT04NEBUF,KXNFLREC,KXNFLREC-26OCT04NEBUF-NERDOUBS87-8,Romeo Doubs: 8+ receptions,0.0000,0.0500,0.0000,0.00,0.00,active,2026-10-06T17:00:00Z,2026-10-02T09:37:33+00:00
KXNFLREC-26OCT04NEBUF,KXNFLREC,KXNFLREC-26OCT04NEBUF-BUFDKNOX88-4,Dawson Knox: 4+ receptions,0.0100,0.0900,0.0000,0.00,0.00,active,2026-10-06T17:00:00Z,2026-10-02T09:37:33+00:00
KXNFLREC-26OCT04NEBUF,KXNFLREC,KXNFLREC-26OCT04NEBUF-BUFDKNOX88-2,Dawson Knox: 2+ receptions,0.4200,0.4600,0.0000,0.00,0.00,active,2026-10-06T17:00:00Z,2026-10-02T09:37:33+00:00
KXNFLREC-26OCT04NEBUF,KXNFLREC,KXNFLREC-26OCT04NEBUF-NETHENDERSON32-3,TreVeyon Henderson: 3+ receptions,0.1500,0.2000,0.0000,0.00,0.00,active,2026-10-06T17:00:00Z,2026-10-02T09:37:33+00:00
KXNFLREC-26OCT04NEBUF,KXNFLREC,KXNFLREC-26OCT04NEBUF-NERSTEVENSON38-7,Rhamondre Stevenson: 7+ receptions,0.0000,0.0600,0.0000,0.00,0.00,active,2026-10-06T17:00:00Z,2026-10-02T09:37:33+00:00
KXNFLREC-26OCT04NEBUF,KXNFLREC,KXNFLREC-26OCT04NEBUF-NEDDOUGLAS3-7,DeMario Douglas: 7+ receptions,0.0000,0.0600,0.0000,0.00,0.00,active,2026-10-06T17:00:00Z,2026-10-02T09:37:33+00:00
KXNFLREC-26OCT04NEBUF,KXNFLREC,KXNFLREC-26OCT04NEBUF-NERSTEVENSON38-4,Rhamondre Stevenson: 4+ receptions,0.3100,0.3500,0.0000,0.00,0.00,active,2026-10-06T17:00:00Z,2026-10-02T09:37:33+00:00
KXNFLREC-26OCT04NEBUF,KXNFLREC,KXNFLREC-26OCT04NEBUF-NERDOUBS87-2,Romeo Doubs: 2+ receptions,0.8100,0.8700,0.0000,0.00,0.00,active,2026-10-06T17:00:00Z,2026-10-02T09:37:33+00:00
KXNFLREC-26OCT04NEBUF,KXNFLREC,KXNFLREC-26OCT04NEBUF-NERDOUBS87-3,Romeo Doubs: 3+ receptions,0.6100,0.6700,0.0000,0.00,0.00,active,2026-10-06T17:00:00Z,2026-10-02T09:37:33+00:00
KXNFLREC-26OCT04NEBUF,KXNFLREC,KXNFLREC-26OCT04NEBUF-NERSTEVENSON38-6,Rhamondre Stevenson: 6+ receptions,0.0500,0.1100,0.0000,0.00,0.00,active,2026-10-06T17:00:00Z,2026-10-02T09:37:33+00:00
KXNFLREC-26OCT04NEBUF,KXNFLREC,KXNFLREC-26OCT04NEBUF-BUFJCOOK4-3,James Cook III: 3+ receptions,0.2200,0.2600,0.0000,0.00,0.00,active,2026-10-06T17:00:00Z,2026-10-02T09:37:33+00:00
KXNFLREC-26OCT04NEBUF,KXNFLREC,KXNFLREC-26OCT04NEBUF-BUFDKINCAID86-8,Dalton Kincaid: 8+ receptions,0.0700,0.1300,0.0000,0.00,0.00,active,2026-10-06T17:00:00Z,2026-10-02T09:37:33+00:00
KXNFLREC-26OCT04NEBUF,KXNFLREC,KXNFLREC-26OCT04NEBUF-BUFJCOOK4-2,James Cook III: 2+ receptions,0.4800,0.5100,0.5000,302.06,302.06,active,2026-10-06T17:00:00Z,2026-10-02T09:37:33+00:00
KXNFLREC-26OCT04NEBUF,KXNFLREC,KXNFLREC-26OCT04NEBUF-BUFDKINCAID86-3,Dalton Kincaid: 3+ receptions,0.6900,0.8500,0.8500,8.14,8.14,active,2026-10-06T17:00:00Z,2026-10-02T09:37:33+00:00
KXNFLREC-26OCT04NEBUF,KXNFLREC,KXNFLREC-26OCT04NEBUF-BUFDKINCAID86-4,Dalton Kincaid: 4+ receptions,0.6200,0.6800,0.0000,0.00,0.00,active,2026-10-06T17:00:00Z,2026-10-02T09:37:33+00:00
KXNFLREC-26OCT04NEBUF,KXNFLREC,KXNFLREC-26OCT04NEBUF-NERDOUBS87-7,Romeo Doubs: 7+ receptions,0.0300,0.0900,0.0000,0.00,0.00,active,2026-10-06T17:00:00Z,2026-10-02T09:37:33+00:00
KXNFLREC-26OCT04NEBUF,KXNFLREC,KXNFLREC-26OCT04NEBUF-NEHHENRY85-3,Hunter Henry: 3+ receptions,0.6500,0.7000,0.0000,0.00,0.00,active,2026-10-06T17:00:00Z,2026-10-02T09:37:33+00:00
KXNFLREC-26OCT04NEBUF,KXNFLREC,KXNFLREC-26OCT04NEBUF-NERSTEVENSON38-3,Rhamondre Stevenson: 3+ receptions,0.5100,0.5300,0.0000,0.00,0.00,active,2026-10-06T17:00:00Z,2026-10-02T09:37:33+00:00
KXNFLREC-26OCT04NEBUF,KXNFLREC,KXNFLREC-26OCT04NEBUF-BUFDKINCAID86-2,Dalton Kincaid: 2+ receptions,0.7900,0.9700,0.0000,0.00,0.00,active,2026-10-06T17:00:00Z,2026-10-02T09:37:33+00:00
KXNFLREC-26OCT04NEBUF,KXNFLREC,KXNFLREC-26OCT04NEBUF-BUFDKINCAID86-6,Dalton Kincaid: 6+ receptions,0.3200,0.3500,0.0000,0.00,0.00,active,2026-10-06T17:00:00Z,2026-10-02T09:37:33+00:00
KXNFLREC-26OCT04NEBUF,KXNFLREC,KXNFLREC-26OCT04NEBUF-NEHHENRY85-4,Hunter Henry: 4+ receptions,0.4500,0.4700,0.0000,0.00,0.00,active,2026-10-06T17:00:00Z,2026-10-02T09:37:33+00:00
KXNFLREC-26OCT04NEBUF,KXNFLREC,KXNFLREC-26OCT04NEBUF-NEHHENRY85-6,Hunter Henry: 6+ receptions,0.1200,0.1900,0.0000,0.00,0.00,active,2026-10-06T17:00:00Z,2026-10-02T09:37:33+00:00
KXNFLREC-26OCT04NEBUF,KXNFLREC,KXNFLREC-26OCT04NEBUF-BUFJCOOK4-4,James Cook III: 4+ receptions,0.0100,0.1200,0.0000,0.00,0.00,active,2026-10-06T17:00:00Z,2026-10-02T09:37:33+00:00
KXNFLREC-26OCT04NEBUF,KXNFLREC,KXNFLREC-26OCT04NEBUF-BUFTJOHNSON26-4,Ty Johnson: 4+ receptions,0.0100,0.1400,0.0000,0.00,0.00,active,2026-10-06T17:00:00Z,2026-10-02T09:37:33+00:00
KXNFLREC-26OCT04NEBUF,KXNFLREC,KXNFLREC-26OCT04NEBUF-NETHENDERSON32-4,TreVeyon Henderson: 4+ receptions,0.0400,0.1000,0.0000,0.00,0.00,active,2026-10-06T17:00:00Z,2026-10-02T09:37:33+00:00
KXNFLREC-26OCT04NEBUF,KXNFLREC,KXNFLREC-26OCT04NEBUF-BUFDKINCAID86-7,Dalton Kincaid: 7+ receptions,0.1600,0.2200,0.0000,0.00,0.00,active,2026-10-06T17:00:00Z,2026-10-02T09:37:33+00:00
KXNFLREC-26OCT04NEBUF,KXNFLREC,KXNFLREC-26OCT04NEBUF-NEMHOLLINS13-2,Mack Hollins: 2+ receptions,0.8500,0.9000,0.0000,0.00,0.00,active,2026-10-06T17:00:00Z,2026-10-02T09:37:33+00:00
KXNFLREC-26OCT04NEBUF,KXNFLREC,KXNFLREC-26OCT04NEBUF-BUFTJOHNSON26-2,Ty Johnson: 2+ receptions,0.5100,0.5400,0.5400,5.31,5.31,active,2026-10-06T17:00:00Z,2026-10-02T09:37:33+00:00
KXNFLREC-26OCT04NEBUF,KXNFLREC,KXNFLREC-26OCT04NEBUF-NEMHOLLINS13-4,Mack Hollins: 4+ receptions,0.5000,0.5200,0.0000,0.00,0.00,active,2026-10-06T17:00:00Z,2026-10-02T09:37:33+00:00
KXNFLREC-26OCT04NEBUF,KXNFLREC,KXNFLREC-26OCT04NEBUF-NEMHOLLINS13-3,Mack Hollins: 3+ receptions,0.6700,0.7300,0.0000,0.00,0.00,active,2026-10-06T17:00:00Z,2026-10-02T09:37:33+00:00
KXNFLREC-26OCT04NEBUF,KXNFLREC,KXNFLREC-26OCT04NEBUF-NEHHENRY85-2,Hunter Henry: 2+ receptions,0.8000,0.8900,0.0000,0.00,0.00,active,2026-10-06T17:00:00Z,2026-10-02T09:37:33+00:00
KXNFLREC-26OCT04NEBUF,KXNFLREC,KXNFLREC-26OCT04NEBUF-NEDDOUGLAS3-2,DeMario Douglas: 2+ receptions,0.7200,0.7800,0.0000,0.00,0.00,active,2026-10-06T17:00:00Z,2026-10-02T09:37:33+00:00
KXNFLREC-26OCT04NEBUF,KXNFLREC,KXNFLREC-26OCT04NEBUF-NERSTEVENSON38-2,Rhamondre Stevenson: 2+ receptions,0.7300,0.7800,0.0000,0.00,0.00,active,2026-10-06T17:00:00Z,2026-10-02T09:37:33+00:00
KXNFLREC-26OCT04NEBUF,KXNFLREC,KXNFLREC-26OCT04NEBUF-NETHENDERSON32-5,TreVeyon Henderson: 5+ receptions,0.0000,0.0500,0.0000,0.00,0.00,active,2026-10-06T17:00:00Z,2026-10-02T09:37:33+00:00
KXNFLREC-26OCT04NEBUF,KXNFLREC,KXNFLREC-26OCT04NEBUF-NEMHOLLINS13-7,Mack Hollins: 7+ receptions,0.0600,0.1200,0.0000,0.00,0.00,active,2026-10-06T17:00:00Z,2026-10-02T09:37:33+00:00
KXNFLREC-26OCT04NEBUF,KXNFLREC,KXNFLREC-26OCT04NEBUF-NEHHENRY85-7,Hunter Henry: 7+ receptions,0.0300,0.1000,0.0000,0.00,0.00,active,2026-10-06T17:00:00Z,2026-10-02T09:37:33+00:00
KXNFLREC-26OCT04NEBUF,KXNFLREC,KXNFLREC-26OCT04NEBUF-NEMHOLLINS13-5,Mack Hollins: 5+ receptions,0.2600,0.3500,0.3200,8.00,8.00,active,2026-10-06T17:00:00Z,2026-10-02T09:37:33+00:00
KXNFLREC-26OCT04NEBUF,KXNFLREC,KXNFLREC-26OCT04NEBUF-NEMHOLLINS13-6,Mack Hollins: 6+ receptions,0.1200,0.2200,0.0000,0.00,0.00,active,2026-10-06T17:00:00Z,2026-10-02T09:37:33+00:00
KXNFLREC-26OCT04NEBUF,KXNFLREC,KXNFLREC-26OCT04NEBUF-BUFDKINCAID86-5,Dalton Kincaid: 5+ receptions,0.4700,0.4800,0.4600,567.96,567.96,active,2026-10-06T17:00:00Z,2026-10-02T09:37:33+00:00
KXNFLREC-26OCT04NEBUF,KXNFLREC,KXNFLREC-26OCT04NEBUF-NEHHENRY85-5,Hunter Henry: 5+ receptions,0.2900,0.3100,0.0000,0.00,0.00,active,2026-10-06T17:00:00Z,2026-10-02T09:37:33+00:00
KXNFLREC-26OCT04NEBUF,KXNFLREC,KXNFLREC-26OCT04NEBUF-BUFKSHAKIR10-7,Khalil Shakir: 7+ receptions,0.0100,0.1500,0.0000,0.00,0.00,active,2026-10-06T17:00:00Z,2026-10-02T09:37:33+00:00
KXNFLREC-26OCT04NEBUF,KXNFLREC,KXNFLREC-26OCT04NEBUF-BUFTJOHNSON26-3,Ty Johnson: 3+ receptions,0.2700,0.3100,0.0000,0.00,0.00,active,2026-10-06T17:00:00Z,2026-10-02T09:37:33+00:00
KXNFLREC-26OCT04NEBUF,KXNFLREC,KXNFLREC-26OCT04NEBUF-NEDDOUGLAS3-6,DeMario Douglas: 6+ receptions,0.0400,0.1000,0.0000,0.00,0.00,active,2026-10-06T17:00:00Z,2026-10-02T09:37:33+00:00
KXNFLREC-26OCT04NEBUF,KXNFLREC,KXNFLREC-26OCT04NEBUF-NEDDOUGLAS3-3,DeMario Douglas: 3+ receptions,0.5200,0.5500,0.0000,0.00,0.00,active,2026-10-06T17:00:00Z,2026-10-02T09:37:33+00:00
KXNFLREC-26OCT04NEBUF,KXNFLREC,KXNFLREC-26OCT04NEBUF-NERSTEVENSON38-5,Rhamondre Stevenson: 5+ receptions,0.1100,0.1900,0.0000,0.00,0.00,active,2026-10-06T17:00:00Z,2026-10-02T09:37:33+00:00
KXNFLREC-26OCT04NYJCHI,KXNFLREC,KXNFLREC-26OCT04NYJCHI-CHICKMET85-2,Cole Kmet: 2+ receptions,0.3600,0.3800,0.3800,6.39,6.39,active,2026-10-06T17:00:00Z,2026-10-02T09:37:33+00:00
KXNFLREC-26OCT04NYJCHI,KXNFLREC,KXNFLREC-26OCT04NYJCHI-NYJGWILSON5-4,Garrett Wilson: 4+ receptions,0.7300,0.9000,0.0000,0.00,0.00,active,2026-10-06T17:00:00Z,2026-10-02T09:37:33+00:00
KXNFLREC-26OCT04NYJCHI,KXNFLREC,KXNFLREC-26OCT04NYJCHI-CHICLOVELAND84-8,Colston Loveland: 8+ receptions,0.0100,0.0600,0.0000,0.00,0.00,active,2026-10-06T17:00:00Z,2026-10-02T09:37:33+00:00
KXNFLREC-26OCT04NYJCHI,KXNFLREC,KXNFLREC-26OCT04NYJCHI-CHILBURDEN10-10,Luther Burden III: 10+ receptions,0.0000,0.0400,0.0000,0.00,0.00,active,2026-10-06T17:00:00Z,2026-10-02T09:37:33+00:00
KXNFLREC-26OCT04NYJCHI,KXNFLREC,KXNFLREC-26OCT04NYJCHI-NYJGWILSON5-9,Garrett Wilson: 9+ receptions,0.1800,0.2400,0.2400,27.69,27.69,active,2026-10-06T17:00:00Z,2026-10-02T09:37:33+00:00
KXNFLREC-26OCT04NYJCHI,KXNFLREC,KXNFLREC-26OCT04NYJCHI-CHIDSWIFT4-5,D'Andre Swift: 5+ receptions,0.0000,0.1700,0.0000,0.00,0.00,active,2026-10-06T17:00:00Z,2026-10-02T09:37:33+00:00
KXNFLREC-26OCT04NYJCHI,KXNFLREC,KXNFLREC-26OCT04NYJCHI-CHIDSWIFT4-6,D'Andre Swift: 6+ receptions,0.0000,0.0900,0.0000,0.00,0.00,active,2026-10-06T17:00:00Z,2026-10-02T09:37:33+00:00
KXNFLREC-26OCT04NYJCHI,KXNFLREC,KXNFLREC-26OCT04NYJCHI-NYJGWILSON5-13,Garrett Wilson: 13+ receptions,0.0000,0.0500,0.0000,0.00,0.00,active,2026-10-06T17:00:00Z,2026-10-02T09:37:33+00:00
KXNFLREC-26OCT04NYJCHI,KXNFLREC,KXNFLREC-26OCT04NYJCHI-CHIRODUNZE15-2,Rome Odunze: 2+ receptions,0.7100,0.7700,0.0000,0.00,0.00,active,2026-10-06T17:00:00Z,2026-10-02T09:37:33+00:00
KXNFLREC-26OCT04NYJCHI,KXNFLREC,KXNFLREC-26OCT04NYJCHI-CHICLOVELAND84-4,Colston Loveland: 4+ receptions,0.4700,0.4800,0.4900,1727.95,1727.95,active,2026-10-06T17:00:00Z,2026-10-02T09:37:33+00:00
KXNFLREC-26OCT04NYJCHI,KXNFLREC,KXNFLREC-26OCT04NYJCHI-CHICLOVELAND84-3,Colston Loveland: 3+ receptions,0.6400,0.7000,0.0000,0.00,0.00,active,2026-10-06T17:00:00Z,2026-10-02T09:37:33+00:00
KXNFLREC-26OCT04NYJCHI,KXNFLREC,KXNFLREC-26OCT04NYJCHI-NYJGWILSON5-8,Garrett Wilson: 8+ receptions,0.3400,0.3500,0.3500,31.42,31.42,active,2026-10-06T17:00:00Z,2026-10-02T09:37:33+00:00
KXNFLREC-26OCT04NYJCHI,KXNFLREC,KXNFLREC-26OCT04NYJCHI-CHIDSWIFT4-7,D'Andre Swift: 7+ receptions,0.0000,0.0500,0.0000,0.00,0.00,active,2026-10-06T17:00:00Z,2026-10-02T09:37:33+00:00
KXNFLREC-26OCT04NYJCHI,KXNFLREC,KXNFLREC-26OCT04NYJCHI-NYJIDAVIS32-5,Isaiah Davis: 5+ receptions,0.0000,0.0500,0.0500,187.52,187.52,active,2026-10-06T17:00:00Z,2026-10-02T09:37:33+00:00
KXNFLREC-26OCT04NYJCHI,KXNFLREC,KXNFLREC-26OCT04NYJCHI-CHIRODUNZE15-3,Rome Odunze: 3+ receptions,0.5000,0.5100,0.5100,94.78,94.78,active,2026-10-06T17:00:00Z,2026-10-02T09:37:33+00:00
KXNFLREC-26OCT04NYJCHI,KXNFLREC,KXNFLREC-26OCT04NYJCHI-NYJIWILLIAMS18-4,Isaiah Williams: 4+ receptions,0.3000,0.3200,0.0000,0.00,0.00,active,2026-10-06T17:00:00Z,2026-10-02T09:37:33+00:00
KXNFLREC-26OCT04NYJCHI,KXNFLREC,KXNFLREC-26OCT04NYJCHI-NYJGWILSON5-10,Garrett Wilson: 10+ receptions,0.0100,0.1600,0.1600,23.61,23.61,active,2026-10-06T17:00:00Z,2026-10-02T09:37:33+00:00
KXNFLREC-26OCT04NYJCHI,KXNFLREC,KXNFLREC-26OCT04NYJCHI-NYJBALLEN0-5,Braelon Allen: 5+ receptions,0.0100,0.0700,0.0000,0.00,0.00,active,2026-10-06T17:00:00Z,2026-10-02T09:37:33+00:00
KXNFLREC-26OCT04NYJCHI,KXNFLREC,KXNFLREC-26OCT04NYJCHI-CHICLOVELAND84-5,Colston Loveland: 5+ receptions,0.2900,0.3300,0.0000,0.00,0.00,active,2026-10-06T17:00:00Z,2026-10-02T09:37:33+00:00
KXNFLREC-26OCT04NYJCHI,KXNFLREC,KXNFLREC-26OCT04NYJCHI-NYJGWILSON5-6,Garrett Wilson: 6+ receptions,0.5700,0.6300,0.0000,0.00,0.00,active,2026-10-06T17:00:00Z,2026-10-02T09:37:33+00:00
KXNFLREC-26OCT04NYJCHI,KXNFLREC,KXNFLREC-26OCT04NYJCHI-NYJGWILSON5-14,Garrett Wilson: 14+ receptions,0.0000,0.0400,0.0000,0.00,0.00,active,2026-10-06T17:00:00Z,2026-10-02T09:37:33+00:00
KXNFLREC-26OCT04NYJCHI,KXNFLREC,KXNFLREC-26OCT04NYJCHI-NYJGWILSON5-5,Garrett Wilson: 5+ receptions,0.6300,0.7900,0.0000,0.00,0.00,active,2026-10-06T17:00:00Z,2026-10-02T09:37:33+00:00
KXNFLREC-26OCT04NYJCHI,KXNFLREC,KXNFLREC-26OCT04NYJCHI-CHIKRAYMOND14-3,Kalif Raymond: 3+ receptions,0.6100,0.6600,0.0000,0.00,0.00,active,2026-10-06T17:00:00Z,2026-10-02T09:37:33+00:00
KXNFLREC-26OCT04NYJCHI,KXNFLREC,KXNFLREC-26OCT04NYJCHI-CHIDSWIFT4-3,D'Andre Swift: 3+ receptions,0.3500,0.4200,0.0000,0.00,0.00,active,2026-10-06T17:00:00Z,2026-10-02T09:37:33+00:00
KXNFLREC-26OCT04NYJCHI,KXNFLREC,KXNFLREC-26OCT04NYJCHI-CHIKRAYMOND14-8,Kalif Raymond: 8+ receptions,0.0000,0.0500,0.0000,0.00,0.00,active,2026-10-06T17:00:00Z,2026-10-02T09:37:33+00:00
KXNFLREC-26OCT04NYJCHI,KXNFLREC,KXNFLREC-26OCT04NYJCHI-NYJBALLEN0-6,Braelon Allen: 6+ receptions,0.0000,0.0400,0.0000,0.00,0.00,active,2026-10-06T17:00:00Z,2026-10-02T09:37:33+00:00
KXNFLREC-26OCT04NYJCHI,KXNFLREC,KXNFLREC-26OCT04NYJCHI-CHIRODUNZE15-7,Rome Odunze: 7+ receptions,0.0000,0.0500,0.0000,0.00,0.00,active,2026-10-06T17:00:00Z,2026-10-02T09:37:33+00:00
KXNFLREC-26OCT04NYJCHI,KXNFLREC,KXNFLREC-26OCT04NYJCHI-NYJIWILLIAMS18-3,Isaiah Williams: 3+ receptions,0.5000,0.5200,0.0000,0.00,0.00,active,2026-10-06T17:00:00Z,2026-10-02T09:37:33+00:00
KXNFLREC-26OCT04NYJCHI,KXNFLREC,KXNFLREC-26OCT04NYJCHI-NYJBALLEN0-4,Braelon Allen: 4+ receptions,0.0100,0.1500,0.0000,0.00,0.00,active,2026-10-06T17:00:00Z,2026-10-02T09:37:33+00:00
KXNFLREC-26OCT04NYJCHI,KXNFLREC,KXNFLREC-26OCT04NYJCHI-NYJBALLEN0-3,Braelon Allen: 3+ receptions,0.2900,0.3100,0.0000,0.00,0.00,active,2026-10-06T17:00:00Z,2026-10-02T09:37:33+00:00
KXNFLREC-26OCT04NYJCHI,KXNFLREC,KXNFLREC-26OCT04NYJCHI-CHIKRAYMOND14-4,Kalif Raymond: 4+ receptions,0.4200,0.4400,0.4400,64.70,64.70,active,2026-10-06T17:00:00Z,2026-10-02T09:37:33+00:00
KXNFLREC-26OCT04NYJCHI,KXNFLREC,KXNFLREC-26OCT04NYJCHI-CHILBURDEN10-4,Luther Burden III: 4+ receptions,0.6000,0.6600,0.0000,0.00,0.00,active,2026-10-06T17:00:00Z,2026-10-02T09:37:33+00:00
KXNFLREC-26OCT04NYJCHI,KXNFLREC,KXNFLREC-26OCT04NYJCHI-NYJIDAVIS32-3,Isaiah Davis: 3+ receptions,0.2000,0.2500,0.2500,76.00,76.00,active,2026-10-06T17:00:00Z,2026-10-02T09:37:33+00:00
KXNFLREC-26OCT04NYJCHI,KXNFLREC,KXNFLREC-26OCT04NYJCHI-CHILBURDEN10-8,Luther Burden III: 8+ receptions,0.0100,0.1100,0.0000,0.00,0.00,active,2026-10-06T17:00:00Z,2026-10-02T09:37:33+00:00
KXNFLREC-26OCT04NYJCHI,KXNFLREC,KXNFLREC-26OCT04NYJCHI-NYJBALLEN0-2,Braelon Allen: 2+ receptions,0.5500,0.5600,0.5600,1233.42,1233.42,active,2026-10-06T17:00:00Z,2026-10-02T09:37:33+00:00
KXNFLREC-26OCT04NYJCHI,KXNFLREC,KXNFLREC-26OCT04NYJCHI-CHICLOVELAND84-9,Colston Loveland: 9+ receptions,0.0000,0.0400,0.0000,0.00,0.00,active,2026-10-06T17:00:00Z,2026-10-02T09:37:33+00:00
KXNFLREC-26OCT04NYJCHI,KXNFLREC,KXNFLREC-26OCT04NYJCHI-NYJIWILLIAMS18-2,Isaiah Williams: 2+ receptions,0.7100,0.7700,0.0000,0.00,0.00,active,2026-10-06T17:00:00Z,2026-10-02T09:37:33+00:00
KXNFLREC-26OCT04NYJCHI,KXNFLREC,KXNFLREC-26OCT04NYJCHI-CHIRODUNZE15-4,Rome Odunze: 4+ receptions,0.2900,0.3200,0.0000,0.00,0.00,active,2026-10-06T17:00:00Z,2026-10-02T09:37:33+00:00
KXNFLREC-26OCT04NYJCHI,KXNFLREC,KXNFLREC-26OCT04NYJCHI-NYJIDAVIS32-2,Isaiah Davis: 2+ receptions,0.4400,0.4900,0.4900,128.08,128.08,active,2026-10-06T17:00:00Z,2026-10-02T09:37:33+00:00
KXNFLREC-26OCT04NYJCHI,KXNFLREC,KXNFLREC-26OCT04NYJCHI-NYJGWILSON5-11,Garrett Wilson: 11+ receptions,0.0100,0.1100,0.1100,21.39,21.39,active,2026-10-06T17:00:00Z,2026-10-02T09:37:33+00:00
KXNFLREC-26OCT04NYJCHI,KXNFLREC,KXNFLREC-26OCT04NYJCHI-CHILBURDEN10-9,Luther Burden III: 9+ receptions,0.0100,0.0700,0.0000,0.00,0.00,active,2026-10-06T17:00:00Z,2026-10-02T09:37:33+00:00
KXNFLREC-26OCT04NYJCHI,KXNFLREC,KXNFLREC-26OCT04NYJCHI-CHIKRAYMOND14-2,Kalif Raymond: 2+ receptions,0.7000,0.8600,0.0000,0.00,0.00,active,2026-10-06T17:00:00Z,2026-10-02T09:37:33+00:00
KXNFLREC-26OCT04NYJCHI,KXNFLREC,KXNFLREC-26OCT04NYJCHI-CHIRODUNZE15-6,Rome Odunze: 6+ receptions,0.0100,0.0900,0.0000,0.00,0.00,active,2026-10-06T17:00:00Z,2026-10-02T09:37:33+00:00
KXNFLREC-26OCT04NYJCHI,KXNFLREC,KXNFLREC-26OCT04NYJCHI-CHIKRAYMOND14-5,Kalif Raymond: 5+ receptions,0.2500,0.2800,0.0000,0.00,0.00,active,2026-10-06T17:00:00Z,2026-10-02T09:37:33+00:00
KXNFLREC-26OCT04NYJCHI,KXNFLREC,KXNFLREC-26OCT04NYJCHI-CHIKRAYMOND14-6,Kalif Raymond: 6+ receptions,0.0100,0.1600,0.0000,0.00,0.00,active,2026-10-06T17:00:00Z,2026-10-02T09:37:33+00:00
KXNFLREC-26OCT04NYJCHI,KXNFLREC,KXNFLREC-26OCT04NYJCHI-NYJGWILSON5-7,Garrett Wilson: 7+ receptions,0.4500,0.4800,0.4900,70.24,70.24,active,2026-10-06T17:00:00Z,2026-10-02T09:37:33+00:00
KXNFLREC-26OCT04NYJCHI,KXNFLREC,KXNFLREC-26OCT04NYJCHI-CHIRODUNZE15-5,Rome Odunze: 5+ receptions,0.0300,0.1700,0.0000,0.00,0.00,active,2026-10-06T17:00:00Z,2026-10-02T09:37:33+00:00
KXNFLREC-26OCT04NYJCHI,KXNFLREC,KXNFLREC-26OCT04NYJCHI-NYJGWILSON5-12,Garrett Wilson: 12+ receptions,0.0100,0.0700,0.0800,23.48,23.48,active,2026-10-06T17:00:00Z,2026-10-02T09:37:33+00:00
KXNFLREC-26OCT04NYJCHI,KXNFLREC,KXNFLREC-26OCT04NYJCHI-CHIKRAYMOND14-7,Kalif Raymond: 7+ receptions,0.0100,0.0900,0.0000,0.00,0.00,active,2026-10-06T17:00:00Z,2026-10-02T09:37:33+00:00
KXNFLREC-26OCT04NYJCHI,KXNFLREC,KXNFLREC-26OCT04NYJCHI-NYJIWILLIAMS18-6,Isaiah Williams: 6+ receptions,0.0100,0.0900,0.0000,0.00,0.00,active,2026-10-06T17:00:00Z,2026-10-02T09:37:33+00:00
KXNFLREC-26OCT04NYJCHI,KXNFLREC,KXNFLREC-26OCT04NYJCHI-CHICLOVELAND84-2,Colston Loveland: 2+ receptions,0.7200,0.8900,0.0000,0.00,0.00,active,2026-10-06T17:00:00Z,2026-10-02T09:37:33+00:00
KXNFLREC-26OCT04NYJCHI,KXNFLREC,KXNFLREC-26OCT04NYJCHI-CHICLOVELAND84-6,Colston Loveland: 6+ receptions,0.0400,0.1900,0.0000,0.00,0.00,active,2026-10-06T17:00:00Z,2026-10-02T09:37:33+00:00
KXNFLREC-26OCT04NYJCHI,KXNFLREC,KXNFLREC-26OCT04NYJCHI-CHILBURDEN10-7,Luther Burden III: 7+ receptions,0.0500,0.1900,0.0000,0.00,0.00,active,2026-10-06T17:00:00Z,2026-10-02T09:37:33+00:00
KXNFLREC-26OCT04NYJCHI,KXNFLREC,KXNFLREC-26OCT04NYJCHI-CHILBURDEN10-3,Luther Burden III: 3+ receptions,0.6700,0.8300,0.0000,0.00,0.00,active,2026-10-06T17:00:00Z,2026-10-02T09:37:33+00:00
KXNFLREC-26OCT04NYJCHI,KXNFLREC,KXNFLREC-26OCT04NYJCHI-NYJIWILLIAMS18-5,Isaiah Williams: 5+ receptions,0.0300,0.1700,0.0000,0.00,0.00,active,2026-10-06T17:00:00Z,2026-10-02T09:37:33+00:00
KXNFLREC-26OCT04NYJCHI,KXNFLREC,KXNFLREC-26OCT04NYJCHI-NYJIWILLIAMS18-7,Isaiah Williams: 7+ receptions,0.0000,0.0500,0.0000,0.00,0.00,active,2026-10-06T17:00:00Z,2026-10-02T09:37:33+00:00
KXNFLREC-26OCT04NYJCHI,KXNFLREC,KXNFLREC-26OCT04NYJCHI-CHILBURDEN10-6,Luther Burden III: 6+ receptions,0.3000,0.3200,0.0000,0.00,0.00,active,2026-10-06T17:00:00Z,2026-10-02T09:37:33+00:00
KXNFLREC-26OCT04NYJCHI,KXNFLREC,KXNFLREC-26OCT04NYJCHI-CHILBURDEN10-2,Luther Burden III: 2+ receptions,0.7900,0.9600,0.0000,0.00,0.00,active,2026-10-06T17:00:00Z,2026-10-02T09:37:33+00:00
KXNFLREC-26OCT04NYJCHI,KXNFLREC,KXNFLREC-26OCT04NYJCHI-CHILBURDEN10-5,Luther Burden III: 5+ receptions,0.4600,0.4800,0.4800,30.15,30.15,active,2026-10-06T17:00:00Z,2026-10-02T09:37:33+00:00
KXNFLREC-26OCT04NYJCHI,KXNFLREC,KXNFLREC-26OCT04NYJCHI-CHIDSWIFT4-4,D'Andre Swift: 4+ receptions,0.1700,0.5000,0.0000,0.00,0.00,active,2026-10-06T17:00:00Z,2026-10-02T09:37:33+00:00
KXNFLREC-26OCT04NYJCHI,KXNFLREC,KXNFLREC-26OCT04NYJCHI-CHICLOVELAND84-7,Colston Loveland: 7+ receptions,0.0100,0.1000,0.0000,0.00,0.00,active,2026-10-06T17:00:00Z,2026-10-02T09:37:33+00:00
KXNFLREC-26OCT04NYJCHI,KXNFLREC,KXNFLREC-26OCT04NYJCHI-NYJIDAVIS32-4,Isaiah Davis: 4+ receptions,0.0100,0.1200,0.1200,118.13,118.13,active,2026-10-06T17:00:00Z,2026-10-02T09:37:33+00:00
KXNFLREC-26OCT04NYJCHI,KXNFLREC,KXNFLREC-26OCT04NYJCHI-CHIKMONANGAI25-3,Kyle Monangai: 3+ receptions,0.0000,0.6400,0.1600,375.00,375.00,active,2026-10-06T17:00:00Z,2026-10-02T09:37:33+00:00
KXNFLREC-26OCT04NYJCHI,KXNFLREC,KXNFLREC-26OCT04NYJCHI-CHIKMONANGAI25-4,Kyle Monangai: 4+ receptions,0.0000,0.6400,0.1300,497.00,497.00,active,2026-10-06T17:00:00Z,2026-10-02T09:37:33+00:00
KXNFLREC-26OCT04NYJCHI,KXNFLREC,KXNFLREC-26OCT04NYJCHI-CHIKMONANGAI25-5,Kyle Monangai: 5+ receptions,0.0000,0.6400,0.0000,0.00,0.00,active,2026-10-06T17:00:00Z,2026-10-02T09:37:33+00:00
KXNFLREC-26OCT04NYJCHI,KXNFLREC,KXNFLREC-26OCT04NYJCHI-CHIDSWIFT4-2,D'Andre Swift: 2+ receptions,0.5400,0.9000,0.0000,0.00,0.00,active,2026-10-06T17:00:00Z,2026-10-02T09:37:33+00:00
KXNFLREC-26OCT04NYJCHI,KXNFLREC,KXNFLREC-26OCT04NYJCHI-CHICKMET85-3,Cole Kmet: 3+ receptions,0.1200,0.1700,0.0000,0.00,0.00,active,2026-10-06T17:00:00Z,2026-10-02T09:37:33+00:00
KXNFLREC-26OCT04NYJCHI,KXNFLREC,KXNFLREC-26OCT04NYJCHI-CHICKMET85-4,Cole Kmet: 4+ receptions,0.0100,0.0700,0.0000,0.00,0.00,active,2026-10-06T17:00:00Z,2026-10-02T09:37:33+00:00
KXNFLREC-26OCT04NYJCHI,KXNFLREC,KXNFLREC-26OCT04NYJCHI-CHIKMONANGAI25-2,Kyle Monangai: 2+ receptions,0.2300,0.4800,0.4400,553.00,553.00,active,2026-10-06T17:00:00Z,2026-10-02T09:37:33+00:00
KXNFLREC-26OCT04TENBAL,KXNFLREC,KXNFLREC-26OCT04TENBAL-BALMANDREWS89-5,Mark Andrews: 5+ receptions,0.3600,0.3800,0.0000,0.00,0.00,active,2026-10-06T17:00:00Z,2026-10-02T09:37:33+00:00
KXNFLREC-26OCT04TENBAL,KXNFLREC,KXNFLREC-26OCT04TENBAL-BALRBATEMAN7-5,Rashod Bateman: 5+ receptions,0.1600,0.1700,0.0000,0.00,0.00,active,2026-10-06T17:00:00Z,2026-10-02T09:37:33+00:00
KXNFLREC-26OCT04TENBAL,KXNFLREC,KXNFLREC-26OCT04TENBAL-TENCRIDLEY0-3,Calvin Ridley: 3+ receptions,0.1000,0.1300,0.0000,0.00,0.00,active,2026-10-06T17:00:00Z,2026-10-02T09:37:33+00:00
KXNFLREC-26OCT04TENBAL,KXNFLREC,KXNFLREC-26OCT04TENBAL-TENCTATE14-5,Carnell Tate: 5+ receptions,0.4500,0.4600,0.4500,1052.13,1052.13,active,2026-10-06T17:00:00Z,2026-10-02T09:37:33+00:00
KXNFLREC-26OCT04TENBAL,KXNFLREC,KXNFLREC-26OCT04TENBAL-TENGHELM84-3,Gunnar Helm: 3+ receptions,0.5500,0.5600,0.5600,349.52,349.52,active,2026-10-06T17:00:00Z,2026-10-02T09:37:33+00:00
KXNFLREC-26OCT04TENBAL,KXNFLREC,KXNFLREC-26OCT04TENBAL-TENWROBINSON4-10,Wan'Dale Robinson: 10+ receptions,0.0000,0.0400,0.0000,0.00,0.00,active,2026-10-06T17:00:00Z,2026-10-02T09:37:33+00:00
KXNFLREC-26OCT04TENBAL,KXNFLREC,KXNFLREC-26OCT04TENBAL-TENGHELM84-8,Gunnar Helm: 8+ receptions,0.0000,0.0400,0.0000,0.00,0.00,active,2026-10-06T17:00:00Z,2026-10-02T09:37:33+00:00
KXNFLREC-26OCT04TENBAL,KXNFLREC,KXNFLREC-26OCT04TENBAL-TENEAYOMANOR5-2,Elic Ayomanor: 2+ receptions,0.5800,0.5900,0.5900,181.41,181.41,active,2026-10-06T17:00:00Z,2026-10-02T09:37:33+00:00
KXNFLREC-26OCT04TENBAL,KXNFLREC,KXNFLREC-26OCT04TENBAL-BALRBATEMAN7-4,Rashod Bateman: 4+ receptions,0.3100,0.3300,0.0000,0.00,0.00,active,2026-10-06T17:00:00Z,2026-10-02T09:37:33+00:00
KXNFLREC-26OCT04TENBAL,KXNFLREC,KXNFLREC-26OCT04TENBAL-BALZFLOWERS4-5,Zay Flowers: 5+ receptions,0.5400,0.6000,0.0000,0.00,0.00,active,2026-10-06T17:00:00Z,2026-10-02T09:37:33+00:00
KXNFLREC-26OCT04TENBAL,KXNFLREC,KXNFLREC-26OCT04TENBAL-TENWROBINSON4-9,Wan'Dale Robinson: 9+ receptions,0.0100,0.0600,0.0000,0.00,0.00,active,2026-10-06T17:00:00Z,2026-10-02T09:37:33+00:00
KXNFLREC-26OCT04TENBAL,KXNFLREC,KXNFLREC-26OCT04TENBAL-BALZFLOWERS4-10,Zay Flowers: 10+ receptions,0.0100,0.0700,0.0000,0.00,0.00,active,2026-10-06T17:00:00Z,2026-10-02T09:37:33+00:00
KXNFLREC-26OCT04TENBAL,KXNFLREC,KXNFLREC-26OCT04TENBAL-BALZFLOWERS4-7,Zay Flowers: 7+ receptions,0.2600,0.2900,0.0000,0.00,0.00,active,2026-10-06T17:00:00Z,2026-10-02T09:37:33+00:00
KXNFLREC-26OCT04TENBAL,KXNFLREC,KXNFLREC-26OCT04TENBAL-BALRBATEMAN7-7,Rashod Bateman: 7+ receptions,0.0000,0.0500,0.0000,0.00,0.00,active,2026-10-06T17:00:00Z,2026-10-02T09:37:33+00:00
KXNFLREC-26OCT04TENBAL,KXNFLREC,KXNFLREC-26OCT04TENBAL-TENEAYOMANOR5-4,Elic Ayomanor: 4+ receptions,0.1500,0.1600,0.0000,0.00,0.00,active,2026-10-06T17:00:00Z,2026-10-02T09:37:33+00:00
KXNFLREC-26OCT04TENBAL,KXNFLREC,KXNFLREC-26OCT04TENBAL-TENGHELM84-4,Gunnar Helm: 4+ receptions,0.3400,0.3700,0.0000,0.00,0.00,active,2026-10-06T17:00:00Z,2026-10-02T09:37:33+00:00
KXNFLREC-26OCT04TENBAL,KXNFLREC,KXNFLREC-26OCT04TENBAL-TENWROBINSON4-5,Wan'Dale Robinson: 5+ receptions,0.3800,0.4100,0.4000,81.58,81.58,active,2026-10-06T17:00:00Z,2026-10-02T09:37:33+00:00
KXNFLREC-26OCT04TENBAL,KXNFLREC,KXNFLREC-26OCT04TENBAL-TENGHELM84-2,Gunnar Helm: 2+ receptions,0.7500,0.8000,0.0000,0.00,0.00,active,2026-10-06T17:00:00Z,2026-10-02T09:37:33+00:00
KXNFLREC-26OCT04TENBAL,KXNFLREC,KXNFLREC-26OCT04TENBAL-BALZFLOWERS4-9,Zay Flowers: 9+ receptions,0.0100,0.1200,0.0000,0.00,0.00,active,2026-10-06T17:00:00Z,2026-10-02T09:37:33+00:00
KXNFLREC-26OCT04TENBAL,KXNFLREC,KXNFLREC-26OCT04TENBAL-BALZFLOWERS4-3,Zay Flowers: 3+ receptions,0.7400,0.9100,0.0000,0.00,0.00,active,2026-10-06T17:00:00Z,2026-10-02T09:37:33+00:00
KXNFLREC-26OCT04TENBAL,KXNFLREC,KXNFLREC-26OCT04TENBAL-BALMANDREWS89-9,Mark Andrews: 9+ receptions,0.0000,0.0500,0.0000,0.00,0.00,active,2026-10-06T17:00:00Z,2026-10-02T09:37:33+00:00
KXNFLREC-26OCT04TENBAL,KXNFLREC,KXNFLREC-26OCT04TENBAL-TENCRIDLEY0-4,Calvin Ridley: 4+ receptions,0.0000,0.0600,0.0000,0.00,0.00,active,2026-10-06T17:00:00Z,2026-10-02T09:37:33+00:00
KXNFLREC-26OCT04TENBAL,KXNFLREC,KXNFLREC-26OCT04TENBAL-TENCTATE14-6,Carnell Tate: 6+ receptions,0.2900,0.3200,0.0000,0.00,0.00,active,2026-10-06T17:00:00Z,2026-10-02T09:37:33+00:00
KXNFLREC-26OCT04TENBAL,KXNFLREC,KXNFLREC-26OCT04TENBAL-TENEAYOMANOR5-5,Elic Ayomanor: 5+ receptions,0.0600,0.0900,0.0000,0.00,0.00,active,2026-10-06T17:00:00Z,2026-10-02T09:37:33+00:00
KXNFLREC-26OCT04TENBAL,KXNFLREC,KXNFLREC-26OCT04TENBAL-TENEAYOMANOR5-6,Elic Ayomanor: 6+ receptions,0.0000,0.0500,0.0000,0.00,0.00,active,2026-10-06T17:00:00Z,2026-10-02T09:37:33+00:00
KXNFLREC-26OCT04TENBAL,KXNFLREC,KXNFLREC-26OCT04TENBAL-TENEAYOMANOR5-3,Elic Ayomanor: 3+ receptions,0.3000,0.3300,0.0000,0.00,0.00,active,2026-10-06T17:00:00Z,2026-10-02T09:37:33+00:00
KXNFLREC-26OCT04TENBAL,KXNFLREC,KXNFLREC-26OCT04TENBAL-BALZFLOWERS4-11,Zay Flowers: 11+ receptions,0.0000,0.0500,0.0000,0.00,0.00,active,2026-10-06T17:00:00Z,2026-10-02T09:37:33+00:00
KXNFLREC-26OCT04TENBAL,KXNFLREC,KXNFLREC-26OCT04TENBAL-BALZFLOWERS4-8,Zay Flowers: 8+ receptions,0.1200,0.1900,0.0000,0.00,0.00,active,2026-10-06T17:00:00Z,2026-10-02T09:37:33+00:00
KXNFLREC-26OCT04TENBAL,KXNFLREC,KXNFLREC-26OCT04TENBAL-TENCTATE14-10,Carnell Tate: 10+ receptions,0.0000,0.0500,0.0000,0.00,0.00,active,2026-10-06T17:00:00Z,2026-10-02T09:37:33+00:00
KXNFLREC-26OCT04TENBAL,KXNFLREC,KXNFLREC-26OCT04TENBAL-TENCRIDLEY0-2,Calvin Ridley: 2+ receptions,0.3000,0.3200,0.0000,0.00,0.00,active,2026-10-06T17:00:00Z,2026-10-02T09:37:33+00:00
KXNFLREC-26OCT04TENBAL,KXNFLREC,KXNFLREC-26OCT04TENBAL-BALMANDREWS89-4,Mark Andrews: 4+ receptions,0.5500,0.5600,0.5500,550.00,550.00,active,2026-10-06T17:00:00Z,2026-10-02T09:37:33+00:00
KXNFLREC-26OCT04TENBAL,KXNFLREC,KXNFLREC-26OCT04TENBAL-BALZFLOWERS4-4,Zay Flowers: 4+ receptions,0.6500,0.7700,0.0000,0.00,0.00,active,2026-10-06T17:00:00Z,2026-10-02T09:37:33+00:00
KXNFLREC-26OCT04TENBAL,KXNFLREC,KXNFLREC-26OCT04TENBAL-TENWROBINSON4-6,Wan'Dale Robinson: 6+ receptions,0.1100,0.2600,0.2700,7.04,7.04,active,2026-10-06T17:00:00Z,2026-10-02T09:37:33+00:00
KXNFLREC-26OCT04TENBAL,KXNFLREC,KXNFLREC-26OCT04TENBAL-BALMANDREWS89-2,Mark Andrews: 2+ receptions,0.8600,0.9200,0.0000,0.00,0.00,active,2026-10-06T17:00:00Z,2026-10-02T09:37:33+00:00
KXNFLREC-26OCT04TENBAL,KXNFLREC,KXNFLREC-26OCT04TENBAL-TENCTATE14-9,Carnell Tate: 9+ receptions,0.0200,0.0800,0.0000,0.00,0.00,active,2026-10-06T17:00:00Z,2026-10-02T09:37:33+00:00
KXNFLREC-26OCT04TENBAL,KXNFLREC,KXNFLREC-26OCT04TENBAL-TENCTATE14-3,Carnell Tate: 3+ receptions,0.6700,0.8300,0.0000,0.00,0.00,active,2026-10-06T17:00:00Z,2026-10-02T09:37:33+00:00
KXNFLREC-26OCT04TENBAL,KXNFLREC,KXNFLREC-26OCT04TENBAL-TENCTATE14-7,Carnell Tate: 7+ receptions,0.0600,0.2100,0.0000,0.00,0.00,active,2026-10-06T17:00:00Z,2026-10-02T09:37:33+00:00
KXNFLREC-26OCT04TENBAL,KXNFLREC,KXNFLREC-26OCT04TENBAL-BALRBATEMAN7-2,Rashod Bateman: 2+ receptions,0.7300,0.7800,0.0000,0.00,0.00,active,2026-10-06T17:00:00Z,2026-10-02T09:37:33+00:00
KXNFLREC-26OCT04TENBAL,KXNFLREC,KXNFLREC-26OCT04TENBAL-TENGHELM84-7,Gunnar Helm: 7+ receptions,0.0100,0.0700,0.0000,0.00,0.00,active,2026-10-06T17:00:00Z,2026-10-02T09:37:33+00:00
KXNFLREC-26OCT04TENBAL,KXNFLREC,KXNFLREC-26OCT04TENBAL-TENWROBINSON4-7,Wan'Dale Robinson: 7+ receptions,0.0900,0.1500,0.1600,11.80,11.80,active,2026-10-06T17:00:00Z,2026-10-02T09:37:33+00:00
KXNFLREC-26OCT04TENBAL,KXNFLREC,KXNFLREC-26OCT04TENBAL-BALMANDREWS89-3,Mark Andrews: 3+ receptions,0.7300,0.7800,0.0000,0.00,0.00,active,2026-10-06T17:00:00Z,2026-10-02T09:37:33+00:00
KXNFLREC-26OCT04TENBAL,KXNFLREC,KXNFLREC-26OCT04TENBAL-TENGHELM84-5,Gunnar Helm: 5+ receptions,0.0600,0.2100,0.0000,0.00,0.00,active,2026-10-06T17:00:00Z,2026-10-02T09:37:33+00:00
KXNFLREC-26OCT04TENBAL,KXNFLREC,KXNFLREC-26OCT04TENBAL-TENWROBINSON4-8,Wan'Dale Robinson: 8+ receptions,0.0300,0.0900,0.1000,9.40,9.40,active,2026-10-06T17:00:00Z,2026-10-02T09:37:33+00:00
KXNFLREC-26OCT04TENBAL,KXNFLREC,KXNFLREC-26OCT04TENBAL-TENCTATE14-8,Carnell Tate: 8+ receptions,0.0600,0.1200,0.0000,0.00,0.00,active,2026-10-06T17:00:00Z,2026-10-02T09:37:33+00:00
KXNFLREC-26OCT04TENBAL,KXNFLREC,KXNFLREC-26OCT04TENBAL-BALMANDREWS89-6,Mark Andrews: 6+ receptions,0.1900,0.2600,0.0000,0.00,0.00,active,2026-10-06T17:00:00Z,2026-10-02T09:37:33+00:00
KXNFLREC-26OCT04TENBAL,KXNFLREC,KXNFLREC-26OCT04TENBAL-BALRBATEMAN7-6,Rashod Bateman: 6+ receptions,0.0100,0.0900,0.0000,0.00,0.00,active,2026-10-06T17:00:00Z,2026-10-02T09:37:33+00:00
KXNFLREC-26OCT04TENBAL,KXNFLREC,KXNFLREC-26OCT04TENBAL-BALMANDREWS89-7,Mark Andrews: 7+ receptions,0.0100,0.1500,0.0000,0.00,0.00,active,2026-10-06T17:00:00Z,2026-10-02T09:37:33+00:00
KXNFLREC-26OCT04TENBAL,KXNFLREC,KXNFLREC-26OCT04TENBAL-BALMANDREWS89-8,Mark Andrews: 8+ receptions,0.0100,0.0900,0.0000,0.00,0.00,active,2026-10-06T17:00:00Z,2026-10-02T09:37:33+00:00
KXNFLREC-26OCT04TENBAL,KXNFLREC,KXNFLREC-26OCT04TENBAL-TENGHELM84-6,Gunnar Helm: 6+ receptions,0.0100,0.1100,0.0000,0.00,0.00,active,2026-10-06T17:00:00Z,2026-10-02T09:37:33+00:00
KXNFLREC-26OCT04TENBAL,KXNFLREC,KXNFLREC-26OCT04TENBAL-TENWROBINSON4-2,Wan'Dale Robinson: 2+ receptions,0.7600,0.9300,0.0000,0.00,0.00,active,2026-10-06T17:00:00Z,2026-10-02T09:37:33+00:00
KXNFLREC-26OCT04TENBAL,KXNFLREC,KXNFLREC-26OCT04TENBAL-TENCTATE14-2,Carnell Tate: 2+ receptions,0.7700,0.9500,0.0000,0.00,0.00,active,2026-10-06T17:00:00Z,2026-10-02T09:37:33+00:00
KXNFLREC-26OCT04TENBAL,KXNFLREC,KXNFLREC-26OCT04TENBAL-TENWROBINSON4-3,Wan'Dale Robinson: 3+ receptions,0.6400,0.7900,0.7700,1.00,1.00,active,2026-10-06T17:00:00Z,2026-10-02T09:37:33+00:00
KXNFLREC-26OCT04TENBAL,KXNFLREC,KXNFLREC-26OCT04TENBAL-TENWROBINSON4-4,Wan'Dale Robinson: 4+ receptions,0.5700,0.5900,0.5900,502.57,502.57,active,2026-10-06T17:00:00Z,2026-10-02T09:37:33+00:00
KXNFLREC-26OCT04TENBAL,KXNFLREC,KXNFLREC-26OCT04TENBAL-TENCTATE14-4,Carnell Tate: 4+ receptions,0.5900,0.6500,0.0000,0.00,0.00,active,2026-10-06T17:00:00Z,2026-10-02T09:37:33+00:00
KXNFLREC-26OCT04TENBAL,KXNFLREC,KXNFLREC-26OCT04TENBAL-BALRBATEMAN7-3,Rashod Bateman: 3+ receptions,0.5100,0.5200,0.5200,1318.50,1318.50,active,2026-10-06T17:00:00Z,2026-10-02T09:37:33+00:00
KXNFLREC-26OCT04TENBAL,KXNFLREC,KXNFLREC-26OCT04TENBAL-BALZFLOWERS4-6,Zay Flowers: 6+ receptions,0.3900,0.4300,0.3900,1396.83,1396.83,active,2026-10-06T17:00:00Z,2026-10-02T09:37:33+00:00
KXNFLRECYDS-26OCT04ARINYG,KXNFLRECYDS,KXNFLRECYDS-26OCT04ARINYG-ARIJLOVE4-40,Jeremiyah Love: 40+ receiving yards,0.1100,0.1200,0.0000,0.00,0.00,active,2026-10-06T17:00:00Z,2026-10-02T09:37:33+00:00
KXNFLRECYDS-26OCT04ARINYG,KXNFLRECYDS,KXNFLRECYDS-26OCT04ARINYG-NYGDMOONEY17-80,Darnell Mooney: 80+ receiving yards,0.0200,0.0600,0.0600,31.27,31.27,active,2026-10-06T17:00:00Z,2026-10-02T09:37:33+00:00
KXNFLRECYDS-26OCT04ARINYG,KXNFLRECYDS,KXNFLRECYDS-26OCT04ARINYG-ARIMHARRISON18-15,Marvin Harrison Jr.: 15+ receiving yards,0.7400,0.7900,0.0000,0.00,0.00,active,2026-10-06T17:00:00Z,2026-10-02T09:37:33+00:00
KXNFLRECYDS-26OCT04ARINYG,KXNFLRECYDS,KXNFLRECYDS-26OCT04ARINYG-NYGMFIELDS88-90,Malachi Fields: 90+ receiving yards,0.0200,0.0500,0.0000,0.00,0.00,active,2026-10-06T17:00:00Z,2026-10-02T09:37:33+00:00
KXNFLRECYDS-26OCT04ARINYG,KXNFLRECYDS,KXNFLRECYDS-26OCT04ARINYG-NYGMNABERS1-50,Malik Nabers: 50+ receiving yards,0.5300,0.5800,0.5800,33.94,33.94,active,2026-10-06T17:00:00Z,2026-10-02T09:37:33+00:00
KXNFLRECYDS-26OCT04ARINYG,KXNFLRECYDS,KXNFLRECYDS-26OCT04ARINYG-ARIJLOVE4-50,Jeremiyah Love: 50+ receiving yards,0.0500,0.0800,0.0000,0.00,0.00,active,2026-10-06T17:00:00Z,2026-10-02T09:37:33+00:00
KXNFLRECYDS-26OCT04ARINYG,KXNFLRECYDS,KXNFLRECYDS-26OCT04ARINYG-ARIJLOVE4-60,Jeremiyah Love: 60+ receiving yards,0.0200,0.0500,0.0000,0.00,0.00,active,2026-10-06T17:00:00Z,2026-10-02T09:37:33+00:00
KXNFLRECYDS-26OCT04ARINYG,KXNFLRECYDS,KXNFLRECYDS-26OCT04ARINYG-NYGCSKATTEBO44-40,Cam Skattebo: 40+ receiving yards,0.1500,0.1700,0.1700,191.51,191.51,active,2026-10-06T17:00:00Z,2026-10-02T09:37:33+00:00
KXNFLRECYDS-26OCT04ARINYG,KXNFLRECYDS,KXNFLRECYDS-26OCT04ARINYG-ARIMWILSON14-110,Michael Wilson: 110+ receiving yards,0.0600,0.1100,0.1200,15.69,15.69,active,2026-10-06T17:00:00Z,2026-10-02T09:37:33+00:00
KXNFLRECYDS-26OCT04ARINYG,KXNFLRECYDS,KXNFLRECYDS-26OCT04ARINYG-ARIJLOVE4-15,Jeremiyah Love: 15+ receiving yards,0.5100,0.5200,0.5200,92.00,92.00,active,2026-10-06T17:00:00Z,2026-10-02T09:37:33+00:00
KXNFLRECYDS-26OCT04ARINYG,KXNFLRECYDS,KXNFLRECYDS-26OCT04ARINYG-ARIMHARRISON18-60,Marvin Harrison Jr.: 60+ receiving yards,0.2100,0.2200,0.2000,28.00,28.00,active,2026-10-06T17:00:00Z,2026-10-02T09:37:33+00:00
KXNFLRECYDS-26OCT04ARINYG,KXNFLRECYDS,KXNFLRECYDS-26OCT04ARINYG-NYGMNABERS1-110,Malik Nabers: 110+ receiving yards,0.0600,0.1100,0.0000,0.00,0.00,active,2026-10-06T17:00:00Z,2026-10-02T09:37:33+00:00
KXNFLRECYDS-26OCT04ARINYG,KXNFLRECYDS,KXNFLRECYDS-26OCT04ARINYG-NYGCSKATTEBO44-50,Cam Skattebo: 50+ receiving yards,0.0500,0.1100,0.0000,0.00,0.00,active,2026-10-06T17:00:00Z,2026-10-02T09:37:33+00:00
KXNFLRECYDS-26OCT04ARINYG,KXNFLRECYDS,KXNFLRECYDS-26OCT04ARINYG-ARIKBOURNE17-60,Kendrick Bourne: 60+ receiving yards,0.0300,0.1000,0.0000,0.00,0.00,active,2026-10-06T17:00:00Z,2026-10-02T09:37:33+00:00
KXNFLRECYDS-26OCT04ARINYG,KXNFLRECYDS,KXNFLRECYDS-26OCT04ARINYG-NYGILIKELY9-100,Isaiah Likely: 100+ receiving yards,0.0200,0.0800,0.0000,0.00,0.00,active,2026-10-06T17:00:00Z,2026-10-02T09:37:33+00:00
KXNFLRECYDS-26OCT04ARINYG,KXNFLRECYDS,KXNFLRECYDS-26OCT04ARINYG-NYGMNABERS1-130,Malik Nabers: 130+ receiving yards,0.0200,0.0700,0.0000,0.00,0.00,active,2026-10-06T17:00:00Z,2026-10-02T09:37:33+00:00
KXNFLRECYDS-26OCT04ARINYG,KXNFLRECYDS,KXNFLRECYDS-26OCT04ARINYG-NYGILIKELY9-60,Isaiah Likely: 60+ receiving yards,0.2500,0.2700,0.0000,0.00,0.00,active,2026-10-06T17:00:00Z,2026-10-02T09:37:33+00:00
KXNFLRECYDS-26OCT04ARINYG,KXNFLRECYDS,KXNFLRECYDS-26OCT04ARINYG-NYGMNABERS1-80,Malik Nabers: 80+ receiving yards,0.2400,0.2700,0.0000,0.00,0.00,active,2026-10-06T17:00:00Z,2026-10-02T09:37:33+00:00
KXNFLRECYDS-26OCT04ARINYG,KXNFLRECYDS,KXNFLRECYDS-26OCT04ARINYG-ARIMWILSON14-60,Michael Wilson: 60+ receiving yards,0.4700,0.4900,0.4900,244.10,244.10,active,2026-10-06T17:00:00Z,2026-10-02T09:37:33+00:00
KXNFLRECYDS-26OCT04ARINYG,KXNFLRECYDS,KXNFLRECYDS-26OCT04ARINYG-NYGDMOONEY17-50,Darnell Mooney: 50+ receiving yards,0.1100,0.1700,0.0000,0.00,0.00,active,2026-10-06T17:00:00Z,2026-10-02T09:37:33+00:00
KXNFLRECYDS-26OCT04ARINYG,KXNFLRECYDS,KXNFLRECYDS-26OCT04ARINYG-ARIJLOVE4-25,Jeremiyah Love: 25+ receiving yards,0.2400,0.3000,0.0000,0.00,0.00,active,2026-10-06T17:00:00Z,2026-10-02T09:37:33+00:00
KXNFLRECYDS-26OCT04ARINYG,KXNFLRECYDS,KXNFLRECYDS-26OCT04ARINYG-ARIMHARRISON18-40,Marvin Harrison Jr.: 40+ receiving yards,0.4200,0.4400,0.4300,50.72,50.72,active,2026-10-06T17:00:00Z,2026-10-02T09:37:33+00:00
KXNFLRECYDS-26OCT04ARINYG,KXNFLRECYDS,KXNFLRECYDS-26OCT04ARINYG-ARITMCBRIDE85-130,Trey McBride: 130+ receiving yards,0.0300,0.0800,0.0000,0.00,0.00,active,2026-10-06T17:00:00Z,2026-10-02T09:37:33+00:00
KXNFLRECYDS-26OCT04ARINYG,KXNFLRECYDS,KXNFLRECYDS-26OCT04ARINYG-ARIMWILSON14-120,Michael Wilson: 120+ receiving yards,0.0300,0.0800,0.0800,23.48,23.48,active,2026-10-06T17:00:00Z,2026-10-02T09:37:33+00:00
KXNFLRECYDS-26OCT04ARINYG,KXNFLRECYDS,KXNFLRECYDS-26OCT04ARINYG-NYGDMOONEY17-40,Darnell Mooney: 40+ receiving yards,0.2100,0.2500,0.0000,0.00,0.00,active,2026-10-06T17:00:00Z,2026-10-02T09:37:33+00:00
KXNFLRECYDS-26OCT04ARINYG,KXNFLRECYDS,KXNFLRECYDS-26OCT04ARINYG-NYGILIKELY9-50,Isaiah Likely: 50+ receiving yards,0.3500,0.3800,0.3800,25.22,25.22,active,2026-10-06T17:00:00Z,2026-10-02T09:37:33+00:00
KXNFLRECYDS-26OCT04ARINYG,KXNFLRECYDS,KXNFLRECYDS-26OCT04ARINYG-NYGDMOONEY17-70,Darnell Mooney: 70+ receiving yards,0.0300,0.0900,0.0000,0.00,0.00,active,2026-10-06T17:00:00Z,2026-10-02T09:37:33+00:00
KXNFLRECYDS-26OCT04ARINYG,KXNFLRECYDS,KXNFLRECYDS-26OCT04ARINYG-NYGMNABERS1-70,Malik Nabers: 70+ receiving yards,0.3300,0.3500,0.0000,0.00,0.00,active,2026-10-06T17:00:00Z,2026-10-02T09:37:33+00:00
KXNFLRECYDS-26OCT04ARINYG,KXNFLRECYDS,KXNFLRECYDS-26OCT04ARINYG-NYGILIKELY9-90,Isaiah Likely: 90+ receiving yards,0.0400,0.1000,0.0000,0.00,0.00,active,2026-10-06T17:00:00Z,2026-10-02T09:37:33+00:00
KXNFLRECYDS-26OCT04ARINYG,KXNFLRECYDS,KXNFLRECYDS-26OCT04ARINYG-NYGILIKELY9-110,Isaiah Likely: 110+ receiving yards,0.0200,0.0600,0.0000,0.00,0.00,active,2026-10-06T17:00:00Z,2026-10-02T09:37:33+00:00
KXNFLRECYDS-26OCT04ARINYG,KXNFLRECYDS,KXNFLRECYDS-26OCT04ARINYG-NYGMFIELDS88-40,Malachi Fields: 40+ receiving yards,0.2600,0.3100,0.0000,0.00,0.00,active,2026-10-06T17:00:00Z,2026-10-02T09:37:33+00:00
KXNFLRECYDS-26OCT04ARINYG,KXNFLRECYDS,KXNFLRECYDS-26OCT04ARINYG-NYGCSKATTEBO44-25,Cam Skattebo: 25+ receiving yards,0.3400,0.3700,0.3700,7.76,7.76,active,2026-10-06T17:00:00Z,2026-10-02T09:37:33+00:00
KXNFLRECYDS-26OCT04ARINYG,KXNFLRECYDS,KXNFLRECYDS-26OCT04ARINYG-NYGMNABERS1-60,Malik Nabers: 60+ receiving yards,0.4200,0.4600,0.4500,94.52,94.52,active,2026-10-06T17:00:00Z,2026-10-02T09:37:33+00:00
KXNFLRECYDS-26OCT04ARINYG,KXNFLRECYDS,KXNFLRECYDS-26OCT04ARINYG-ARIMWILSON14-130,Michael Wilson: 130+ receiving yards,0.0200,0.0600,0.0600,31.27,31.27,active,2026-10-06T17:00:00Z,2026-10-02T09:37:33+00:00
KXNFLRECYDS-26OCT04ARINYG,KXNFLRECYDS,KXNFLRECYDS-26OCT04ARINYG-NYGILIKELY9-80,Isaiah Likely: 80+ receiving yards,0.0800,0.1300,0.0000,0.00,0.00,active,2026-10-06T17:00:00Z,2026-10-02T09:37:33+00:00
KXNFLRECYDS-26OCT04ARINYG,KXNFLRECYDS,KXNFLRECYDS-26OCT04ARINYG-NYGMNABERS1-100,Malik Nabers: 100+ receiving yards,0.0800,0.1400,0.0000,0.00,0.00,active,2026-10-06T17:00:00Z,2026-10-02T09:37:33+00:00
KXNFLRECYDS-26OCT04ARINYG,KXNFLRECYDS,KXNFLRECYDS-26OCT04ARINYG-NYGCSKATTEBO44-70,Cam Skattebo: 70+ receiving yards,0.0200,0.0600,0.0000,0.00,0.00,active,2026-10-06T17:00:00Z,2026-10-02T09:37:33+00:00
KXNFLRECYDS-26OCT04ARINYG,KXNFLRECYDS,KXNFLRECYDS-26OCT04ARINYG-ARITMCBRIDE85-120,Trey McBride: 120+ receiving yards,0.0500,0.1100,0.0000,0.00,0.00,active,2026-10-06T17:00:00Z,2026-10-02T09:37:33+00:00
KXNFLRECYDS-26OCT04ARINYG,KXNFLRECYDS,KXNFLRECYDS-26OCT04ARINYG-NYGILIKELY9-15,Isaiah Likely: 15+ receiving yards,0.8200,0.8700,0.0000,0.00,0.00,active,2026-10-06T17:00:00Z,2026-10-02T09:37:33+00:00
KXNFLRECYDS-26OCT04ARINYG,KXNFLRECYDS,KXNFLRECYDS-26OCT04ARINYG-NYGMNABERS1-90,Malik Nabers: 90+ receiving yards,0.1300,0.2000,0.0000,0.00,0.00,active,2026-10-06T17:00:00Z,2026-10-02T09:37:33+00:00
KXNFLRECYDS-26OCT04ARINYG,KXNFLRECYDS,KXNFLRECYDS-26OCT04ARINYG-NYGMFIELDS88-70,Malachi Fields: 70+ receiving yards,0.0400,0.1100,0.0000,0.00,0.00,active,2026-10-06T17:00:00Z,2026-10-02T09:37:33+00:00
KXNFLRECYDS-26OCT04ARINYG,KXNFLRECYDS,KXNFLRECYDS-26OCT04ARINYG-ARITMCBRIDE85-140,Trey McBride: 140+ receiving yards,0.0200,0.0600,0.0600,48.47,48.47,active,2026-10-06T17:00:00Z,2026-10-02T09:37:33+00:00
KXNFLRECYDS-26OCT04ARINYG,KXNFLRECYDS,KXNFLRECYDS-26OCT04ARINYG-NYGMNABERS1-25,Malik Nabers: 25+ receiving yards,0.8200,0.8400,0.0000,0.00,0.00,active,2026-10-06T17:00:00Z,2026-10-02T09:37:33+00:00
KXNFLRECYDS-26OCT04ARINYG,KXNFLRECYDS,KXNFLRECYDS-26OCT04ARINYG-ARIKBOURNE17-40,Kendrick Bourne: 40+ receiving yards,0.1700,0.2200,0.0000,0.00,0.00,active,2026-10-06T17:00:00Z,2026-10-02T09:37:33+00:00
KXNFLRECYDS-26OCT04ARINYG,KXNFLRECYDS,KXNFLRECYDS-26OCT04ARINYG-ARITMCBRIDE85-110,Trey McBride: 110+ receiving yards,0.1000,0.1600,0.0000,0.00,0.00,active,2026-10-06T17:00:00Z,2026-10-02T09:37:33+00:00
KXNFLRECYDS-26OCT04ARINYG,KXNFLRECYDS,KXNFLRECYDS-26OCT04ARINYG-NYGDMOONEY17-60,Darnell Mooney: 60+ receiving yards,0.0600,0.1200,0.0000,0.00,0.00,active,2026-10-06T17:00:00Z,2026-10-02T09:37:33+00:00
KXNFLRECYDS-26OCT04ARINYG,KXNFLRECYDS,KXNFLRECYDS-26OCT04ARINYG-NYGILIKELY9-70,Isaiah Likely: 70+ receiving yards,0.1400,0.1900,0.0000,0.00,0.00,active,2026-10-06T17:00:00Z,2026-10-02T09:37:33+00:00
KXNFLRECYDS-26OCT04ARINYG,KXNFLRECYDS,KXNFLRECYDS-26OCT04ARINYG-NYGMFIELDS88-50,Malachi Fields: 50+ receiving yards,0.1300,0.2200,0.0000,0.00,0.00,active,2026-10-06T17:00:00Z,2026-10-02T09:37:33+00:00
KXNFLRECYDS-26OCT04ARINYG,KXNFLRECYDS,KXNFLRECYDS-26OCT04ARINYG-NYGILIKELY9-40,Isaiah Likely: 40+ receiving yards,0.4900,0.5200,0.5200,800.40,800.40,active,2026-10-06T17:00:00Z,2026-10-02T09:37:33+00:00
KXNFLRECYDS-26OCT04ARINYG,KXNFLRECYDS,KXNFLRECYDS-26OCT04ARINYG-NYGMFIELDS88-60,Malachi Fields: 60+ receiving yards,0.0600,0.1500,0.1100,5.00,5.00,active,2026-10-06T17:00:00Z,2026-10-02T09:37:33+00:00
KXNFLRECYDS-26OCT04ARINYG,KXNFLRECYDS,KXNFLRECYDS-26OCT04ARINYG-NYGCSKATTEBO44-60,Cam Skattebo: 60+ receiving yards,0.0200,0.0800,0.0000,0.00,0.00,active,2026-10-06T17:00:00Z,2026-10-02T09:37:33+00:00
KXNFLRECYDS-26OCT04ARINYG,KXNFLRECYDS,KXNFLRECYDS-26OCT04ARINYG-NYGCSKATTEBO44-15,Cam Skattebo: 15+ receiving yards,0.5400,0.5900,0.0000,0.00,0.00,active,2026-10-06T17:00:00Z,2026-10-02T09:37:33+00:00
KXNFLRECYDS-26OCT04ARINYG,KXNFLRECYDS,KXNFLRECYDS-26OCT04ARINYG-NYGDMOONEY17-25,Darnell Mooney: 25+ receiving yards,0.4000,0.4400,0.4300,11.18,11.18,active,2026-10-06T17:00:00Z,2026-10-02T09:37:33+00:00
KXNFLRECYDS-26OCT04ARINYG,KXNFLRECYDS,KXNFLRECYDS-26OCT04ARINYG-NYGDMOONEY17-15,Darnell Mooney: 15+ receiving yards,0.5800,0.6300,0.0000,0.00,0.00,active,2026-10-06T17:00:00Z,2026-10-02T09:37:33+00:00
KXNFLRECYDS-26OCT04ARINYG,KXNFLRECYDS,KXNFLRECYDS-26OCT04ARINYG-NYGILIKELY9-25,Isaiah Likely: 25+ receiving yards,0.6800,0.7400,0.0000,0.00,0.00,active,2026-10-06T17:00:00Z,2026-10-02T09:37:33+00:00
KXNFLRECYDS-26OCT04ARINYG,KXNFLRECYDS,KXNFLRECYDS-26OCT04ARINYG-ARIMHARRISON18-90,Marvin Harrison Jr.: 90+ receiving yards,0.0400,0.0700,0.0900,1469.61,1469.61,active,2026-10-06T17:00:00Z,2026-10-02T09:37:33+00:00
KXNFLRECYDS-26OCT04ARINYG,KXNFLRECYDS,KXNFLRECYDS-26OCT04ARINYG-NYGMFIELDS88-80,Malachi Fields: 80+ receiving yards,0.0200,0.0800,0.0000,0.00,0.00,active,2026-10-06T17:00:00Z,2026-10-02T09:37:33+00:00
KXNFLRECYDS-26OCT04ARINYG,KXNFLRECYDS,KXNFLRECYDS-26OCT04ARINYG-ARIKBOURNE17-70,Kendrick Bourne: 70+ receiving yards,0.0200,0.0700,0.0000,0.00,0.00,active,2026-10-06T17:00:00Z,2026-10-02T09:37:33+00:00
KXNFLRECYDS-26OCT04ARINYG,KXNFLRECYDS,KXNFLRECYDS-26OCT04ARINYG-NYGMFIELDS88-25,Malachi Fields: 25+ receiving yards,0.4600,0.4900,0.5000,8.00,8.00,active,2026-10-06T17:00:00Z,2026-10-02T09:37:33+00:00
KXNFLRECYDS-26OCT04ARINYG,KXNFLRECYDS,KXNFLRECYDS-26OCT04ARINYG-ARIKBOURNE17-25,Kendrick Bourne: 25+ receiving yards,0.3400,0.4300,0.0000,0.00,0.00,active,2026-10-06T17:00:00Z,2026-10-02T09:37:33+00:00
KXNFLRECYDS-26OCT04ARINYG,KXNFLRECYDS,KXNFLRECYDS-26OCT04ARINYG-ARITMCBRIDE85-90,Trey McBride: 90+ receiving yards,0.2600,0.2900,0.0000,0.00,0.00,active,2026-10-06T17:00:00Z,2026-10-02T09:37:33+00:00
KXNFLRECYDS-26OCT04ARINYG,KXNFLRECYDS,KXNFLRECYDS-26OCT04ARINYG-ARITMCBRIDE85-70,Trey McBride: 70+ receiving yards,0.4500,0.4700,0.4800,54.49,54.49,active,2026-10-06T17:00:00Z,2026-10-02T09:37:33+00:00
KXNFLRECYDS-26OCT04ARINYG,KXNFLRECYDS,KXNFLRECYDS-26OCT04ARINYG-ARIMWILSON14-25,Michael Wilson: 25+ receiving yards,0.8300,0.8700,0.0000,0.00,0.00,active,2026-10-06T17:00:00Z,2026-10-02T09:37:33+00:00
KXNFLRECYDS-26OCT04ARINYG,KXNFLRECYDS,KXNFLRECYDS-26OCT04ARINYG-ARIMHARRISON18-50,Marvin Harrison Jr.: 50+ receiving yards,0.2900,0.3200,0.3100,39.00,39.00,active,2026-10-06T17:00:00Z,2026-10-02T09:37:33+00:00
KXNFLRECYDS-26OCT04ARINYG,KXNFLRECYDS,KXNFLRECYDS-26OCT04ARINYG-ARIMWILSON14-70,Michael Wilson: 70+ receiving yards,0.3500,0.3800,0.3800,17.04,17.04,active,2026-10-06T17:00:00Z,2026-10-02T09:37:33+00:00
KXNFLRECYDS-26OCT04ARINYG,KXNFLRECYDS,KXNFLRECYDS-26OCT04ARINYG-ARITMCBRIDE85-80,Trey McBride: 80+ receiving yards,0.3400,0.3700,0.3600,11.08,5.54,active,2026-10-06T17:00:00Z,2026-10-02T09:37:33+00:00
KXNFLRECYDS-26OCT04ARINYG,KXNFLRECYDS,KXNFLRECYDS-26OCT04ARINYG-ARIMWILSON14-50,Michael Wilson: 50+ receiving yards,0.5700,0.6200,0.6100,48.43,48.43,active,2026-10-06T17:00:00Z,2026-10-02T09:37:33+00:00
KXNFLRECYDS-26OCT04ARINYG,KXNFLRECYDS,KXNFLRECYDS-26OCT04ARINYG-ARITMCBRIDE85-40,Trey McBride: 40+ receiving yards,0.7500,0.8200,0.7900,452.77,452.77,active,2026-10-06T17:00:00Z,2026-10-02T09:37:33+00:00
KXNFLRECYDS-26OCT04ARINYG,KXNFLRECYDS,KXNFLRECYDS-26OCT04ARINYG-ARIMWILSON14-100,Michael Wilson: 100+ receiving yards,0.1000,0.1500,0.1500,12.58,12.58,active,2026-10-06T17:00:00Z,2026-10-02T09:37:33+00:00
KXNFLRECYDS-26OCT04ARINYG,KXNFLRECYDS,KXNFLRECYDS-26OCT04ARINYG-ARIMWILSON14-90,Michael Wilson: 90+ receiving yards,0.1600,0.2200,0.0000,0.00,0.00,active,2026-10-06T17:00:00Z,2026-10-02T09:37:33+00:00
KXNFLRECYDS-26OCT04ARINYG,KXNFLRECYDS,KXNFLRECYDS-26OCT04ARINYG-ARIMHARRISON18-25,Marvin Harrison Jr.: 25+ receiving yards,0.5600,0.6400,0.6000,26.82,26.82,active,2026-10-06T17:00:00Z,2026-10-02T09:37:33+00:00
KXNFLRECYDS-26OCT04ARINYG,KXNFLRECYDS,KXNFLRECYDS-26OCT04ARINYG-ARIMHARRISON18-70,Marvin Harrison Jr.: 70+ receiving yards,0.0700,0.1500,0.1500,37.00,37.00,active,2026-10-06T17:00:00Z,2026-10-02T09:37:33+00:00
KXNFLRECYDS-26OCT04ARINYG,KXNFLRECYDS,KXNFLRECYDS-26OCT04ARINYG-ARIMHARRISON18-80,Marvin Harrison Jr.: 80+ receiving yards,0.0500,0.1100,0.0000,0.00,0.00,active,2026-10-06T17:00:00Z,2026-10-02T09:37:33+00:00
KXNFLRECYDS-26OCT04ARINYG,KXNFLRECYDS,KXNFLRECYDS-26OCT04ARINYG-NYGMFIELDS88-15,Malachi Fields: 15+ receiving yards,0.5800,0.6700,0.5600,117.10,27.00,active,2026-10-06T17:00:00Z,2026-10-02T09:37:33+00:00
KXNFLRECYDS-26OCT04ARINYG,KXNFLRECYDS,KXNFLRECYDS-26OCT04ARINYG-ARIKBOURNE17-15,Kendrick Bourne: 15+ receiving yards,0.5500,0.6400,0.0000,0.00,0.00,active,2026-10-06T17:00:00Z,2026-10-02T09:37:33+00:00
KXNFLRECYDS-26OCT04ARINYG,KXNFLRECYDS,KXNFLRECYDS-26OCT04ARINYG-ARIKBOURNE17-50,Kendrick Bourne: 50+ receiving yards,0.0900,0.1400,0.1000,343.61,343.61,active,2026-10-06T17:00:00Z,2026-10-02T09:37:33+00:00
KXNFLRECYDS-26OCT04ARINYG,KXNFLRECYDS,KXNFLRECYDS-26OCT04ARINYG-NYGMNABERS1-120,Malik Nabers: 120+ receiving yards,0.0200,0.0800,0.0000,0.00,0.00,active,2026-10-06T17:00:00Z,2026-10-02T09:37:33+00:00
KXNFLRECYDS-26OCT04ARINYG,KXNFLRECYDS,KXNFLRECYDS-26OCT04ARINYG-ARIMWILSON14-80,Michael Wilson: 80+ receiving yards,0.2200,0.2900,0.3000,30.00,30.00,active,2026-10-06T17:00:00Z,2026-10-02T09:37:33+00:00
KXNFLRECYDS-26OCT04ARINYG,KXNFLRECYDS,KXNFLRECYDS-26OCT04ARINYG-ARIMWILSON14-40,Michael Wilson: 40+ receiving yards,0.6700,0.7200,0.6800,18.00,18.00,active,2026-10-06T17:00:00Z,2026-10-02T09:37:33+00:00
KXNFLRECYDS-26OCT04ARINYG,KXNFLRECYDS,KXNFLRECYDS-26OCT04ARINYG-ARITMCBRIDE85-50,Trey McBride: 50+ receiving yards,0.6500,0.7100,0.7200,402.07,402.07,active,2026-10-06T17:00:00Z,2026-10-02T09:37:33+00:00
KXNFLRECYDS-26OCT04ARINYG,KXNFLRECYDS,KXNFLRECYDS-26OCT04ARINYG-NYGMNABERS1-40,Malik Nabers: 40+ receiving yards,0.6400,0.6900,0.0000,0.00,0.00,active,2026-10-06T17:00:00Z,2026-10-02T09:37:33+00:00
KXNFLRECYDS-26OCT04ARINYG,KXNFLRECYDS,KXNFLRECYDS-26OCT04ARINYG-ARITMCBRIDE85-60,Trey McBride: 60+ receiving yards,0.5600,0.5900,0.0000,0.00,0.00,active,2026-10-06T17:00:00Z,2026-10-02T09:37:33+00:00
KXNFLRECYDS-26OCT04ARINYG,KXNFLRECYDS,KXNFLRECYDS-26OCT04ARINYG-ARITMCBRIDE85-100,Trey McBride: 100+ receiving yards,0.1300,0.2100,0.0000,0.00,0.00,active,2026-10-06T17:00:00Z,2026-10-02T09:37:33+00:00
KXNFLRECYDS-26OCT04DALHOU,KXNFLRECYDS,KXNFLRECYDS-26OCT04DALHOU-DALJWILLIAMS33-15,Javonte Williams: 15+ receiving yards,0.4500,0.4600,0.4500,48.59,48.59,active,2026-10-06T17:00:00Z,2026-10-02T09:37:33+00:00
KXNFLRECYDS-26OCT04DALHOU,KXNFLRECYDS,KXNFLRECYDS-26OCT04DALHOU-HOUDSCHULTZ86-25,Dalton Schultz: 25+ receiving yards,0.7000,0.7500,0.0000,0.00,0.00,active,2026-10-06T17:00:00Z,2026-10-02T09:37:33+00:00
KXNFLRECYDS-26OCT04DALHOU,KXNFLRECYDS,KXNFLRECYDS-26OCT04DALHOU-DALJFERGUSON87-15,Jake Ferguson: 15+ receiving yards,0.6800,0.7200,0.0000,0.00,0.00,active,2026-10-06T17:00:00Z,2026-10-02T09:37:33+00:00
KXNFLRECYDS-26OCT04DALHOU,KXNFLRECYDS,KXNFLRECYDS-26OCT04DALHOU-DALJFERGUSON87-40,Jake Ferguson: 40+ receiving yards,0.2300,0.2400,0.2300,56.53,56.53,active,2026-10-06T17:00:00Z,2026-10-02T09:37:33+00:00
KXNFLRECYDS-26OCT04DALHOU,KXNFLRECYDS,KXNFLRECYDS-26OCT04DALHOU-HOUKBOUTTE14-90,Kayshon Boutte: 90+ receiving yards,0.0200,0.0600,0.0600,252.50,252.50,active,2026-10-06T17:00:00Z,2026-10-02T09:37:33+00:00
KXNFLRECYDS-26OCT04DALHOU,KXNFLRECYDS,KXNFLRECYDS-26OCT04DALHOU-DALGPICKENS3-40,George Pickens: 40+ receiving yards,0.7400,0.7800,0.0000,0.00,0.00,active,2026-10-06T17:00:00Z,2026-10-02T09:37:33+00:00
KXNFLRECYDS-26OCT04DALHOU,KXNFLRECYDS,KXNFLRECYDS-26OCT04DALHOU-DALGPICKENS3-150,George Pickens: 150+ receiving yards,0.0200,0.0600,0.0000,0.00,0.00,active,2026-10-06T17:00:00Z,2026-10-02T09:37:33+00:00
KXNFLRECYDS-26OCT04DALHOU,KXNFLRECYDS,KXNFLRECYDS-26OCT04DALHOU-DALCLAMB88-140,CeeDee Lamb: 140+ receiving yards,0.0500,0.1000,0.1100,17.11,17.11,active,2026-10-06T17:00:00Z,2026-10-02T09:37:33+00:00
KXNFLRECYDS-26OCT04DALHOU,KXNFLRECYDS,KXNFLRECYDS-26OCT04DALHOU-HOUKBOUTTE14-40,Kayshon Boutte: 40+ receiving yards,0.2900,0.3000,0.0000,0.00,0.00,active,2026-10-06T17:00:00Z,2026-10-02T09:37:33+00:00
KXNFLRECYDS-26OCT04DALHOU,KXNFLRECYDS,KXNFLRECYDS-26OCT04DALHOU-HOUKBOUTTE14-15,Kayshon Boutte: 15+ receiving yards,0.6300,0.6800,0.0000,0.00,0.00,active,2026-10-06T17:00:00Z,2026-10-02T09:37:33+00:00
KXNFLRECYDS-26OCT04DALHOU,KXNFLRECYDS,KXNFLRECYDS-26OCT04DALHOU-DALCLAMB88-70,CeeDee Lamb: 70+ receiving yards,0.5300,0.5800,0.0000,0.00,0.00,active,2026-10-06T17:00:00Z,2026-10-02T09:37:33+00:00
KXNFLRECYDS-26OCT04DALHOU,KXNFLRECYDS,KXNFLRECYDS-26OCT04DALHOU-DALGPICKENS3-80,George Pickens: 80+ receiving yards,0.3700,0.4000,0.4000,2.39,2.39,active,2026-10-06T17:00:00Z,2026-10-02T09:37:33+00:00
KXNFLRECYDS-26OCT04DALHOU,KXNFLRECYDS,KXNFLRECYDS-26OCT04DALHOU-DALGPICKENS3-50,George Pickens: 50+ receiving yards,0.6400,0.6900,0.5500,198.58,27.00,active,2026-10-06T17:00:00Z,2026-10-02T09:37:33+00:00
KXNFLRECYDS-26OCT04DALHOU,KXNFLRECYDS,KXNFLRECYDS-26OCT04DALHOU-HOUWMARKS4-40,Woody Marks: 40+ receiving yards,0.0300,0.0900,0.0800,23.48,23.48,active,2026-10-06T17:00:00Z,2026-10-02T09:37:33+00:00
KXNFLRECYDS-26OCT04DALHOU,KXNFLRECYDS,KXNFLRECYDS-26OCT04DALHOU-HOUWMARKS4-25,Woody Marks: 25+ receiving yards,0.1900,0.2100,0.1500,77.29,77.29,active,2026-10-06T17:00:00Z,2026-10-02T09:37:33+00:00
KXNFLRECYDS-26OCT04DALHOU,KXNFLRECYDS,KXNFLRECYDS-26OCT04DALHOU-HOUDMONTGOMERY32-40,David Montgomery: 40+ receiving yards,0.0300,0.1000,0.0000,0.00,0.00,active,2026-10-06T17:00:00Z,2026-10-02T09:37:33+00:00
KXNFLRECYDS-26OCT04DALHOU,KXNFLRECYDS,KXNFLRECYDS-26OCT04DALHOU-DALGPICKENS3-120,George Pickens: 120+ receiving yards,0.0800,0.1400,0.0900,4.00,4.00,active,2026-10-06T17:00:00Z,2026-10-02T09:37:33+00:00
KXNFLRECYDS-26OCT04DALHOU,KXNFLRECYDS,KXNFLRECYDS-26OCT04DALHOU-HOUDMONTGOMERY32-25,David Montgomery: 25+ receiving yards,0.2100,0.2300,0.1800,5.00,5.00,active,2026-10-06T17:00:00Z,2026-10-02T09:37:33+00:00
KXNFLRECYDS-26OCT04DALHOU,KXNFLRECYDS,KXNFLRECYDS-26OCT04DALHOU-DALCLAMB88-100,CeeDee Lamb: 100+ receiving yards,0.2800,0.3100,0.3100,24.41,24.41,active,2026-10-06T17:00:00Z,2026-10-02T09:37:33+00:00
KXNFLRECYDS-26OCT04DALHOU,KXNFLRECYDS,KXNFLRECYDS-26OCT04DALHOU-DALRFLOURNOY19-80,Ryan Flournoy: 80+ receiving yards,0.0500,0.1000,0.0000,0.00,0.00,active,2026-10-06T17:00:00Z,2026-10-02T09:37:33+00:00
KXNFLRECYDS-26OCT04DALHOU,KXNFLRECYDS,KXNFLRECYDS-26OCT04DALHOU-DALGPICKENS3-130,George Pickens: 130+ receiving yards,0.0500,0.1000,0.0000,0.00,0.00,active,2026-10-06T17:00:00Z,2026-10-02T09:37:33+00:00
KXNFLRECYDS-26OCT04DALHOU,KXNFLRECYDS,KXNFLRECYDS-26OCT04DALHOU-HOUXHUTCHINSON19-60,Xavier Hutchinson: 60+ receiving yards,0.0300,0.1700,0.0000,0.00,0.00,active,2026-10-06T17:00:00Z,2026-10-02T09:37:33+00:00
KXNFLRECYDS-26OCT04DALHOU,KXNFLRECYDS,KXNFLRECYDS-26OCT04DALHOU-DALRFLOURNOY19-90,Ryan Flournoy: 90+ receiving yards,0.0200,0.0700,0.0000,0.00,0.00,active,2026-10-06T17:00:00Z,2026-10-02T09:37:33+00:00
KXNFLRECYDS-26OCT04DALHOU,KXNFLRECYDS,KXNFLRECYDS-26OCT04DALHOU-DALGPICKENS3-90,George Pickens: 90+ receiving yards,0.2900,0.3300,0.0000,0.00,0.00,active,2026-10-06T17:00:00Z,2026-10-02T09:37:33+00:00
KXNFLRECYDS-26OCT04DALHOU,KXNFLRECYDS,KXNFLRECYDS-26OCT04DALHOU-DALCLAMB88-80,CeeDee Lamb: 80+ receiving yards,0.4500,0.4800,0.4900,829.25,829.25,active,2026-10-06T17:00:00Z,2026-10-02T09:37:33+00:00
KXNFLRECYDS-26OCT04DALHOU,KXNFLRECYDS,KXNFLRECYDS-26OCT04DALHOU-DALCLAMB88-90,CeeDee Lamb: 90+ receiving yards,0.3600,0.3900,0.4000,726.76,726.76,active,2026-10-06T17:00:00Z,2026-10-02T09:37:33+00:00
KXNFLRECYDS-26OCT04DALHOU,KXNFLRECYDS,KXNFLRECYDS-26OCT04DALHOU-DALCLAMB88-60,CeeDee Lamb: 60+ receiving yards,0.6200,0.6700,0.6700,32.29,32.29,active,2026-10-06T17:00:00Z,2026-10-02T09:37:33+00:00
KXNFLRECYDS-26OCT04DALHOU,KXNFLRECYDS,KXNFLRECYDS-26OCT04DALHOU-DALJFERGUSON87-70,Jake Ferguson: 70+ receiving yards,0.0200,0.0700,0.0000,0.00,0.00,active,2026-10-06T17:00:00Z,2026-10-02T09:37:33+00:00
KXNFLRECYDS-26OCT04DALHOU,KXNFLRECYDS,KXNFLRECYDS-26OCT04DALHOU-DALJFERGUSON87-25,Jake Ferguson: 25+ receiving yards,0.4800,0.5000,0.5100,25.73,25.73,active,2026-10-06T17:00:00Z,2026-10-02T09:37:33+00:00
KXNFLRECYDS-26OCT04DALHOU,KXNFLRECYDS,KXNFLRECYDS-26OCT04DALHOU-HOUDSCHULTZ86-50,Dalton Schultz: 50+ receiving yards,0.3600,0.3800,0.3700,52.81,52.81,active,2026-10-06T17:00:00Z,2026-10-02T09:37:33+00:00
KXNFLRECYDS-26OCT04DALHOU,KXNFLRECYDS,KXNFLRECYDS-26OCT04DALHOU-HOUXHUTCHINSON19-90,Xavier Hutchinson: 90+ receiving yards,0.0200,0.0700,0.0000,0.00,0.00,active,2026-10-06T17:00:00Z,2026-10-02T09:37:33+00:00
KXNFLRECYDS-26OCT04DALHOU,KXNFLRECYDS,KXNFLRECYDS-26OCT04DALHOU-DALGPICKENS3-60,George Pickens: 60+ receiving yards,0.5700,0.6000,0.0000,0.00,0.00,active,2026-10-06T17:00:00Z,2026-10-02T09:37:33+00:00
KXNFLRECYDS-26OCT04DALHOU,KXNFLRECYDS,KXNFLRECYDS-26OCT04DALHOU-DALGPICKENS3-110,George Pickens: 110+ receiving yards,0.1400,0.1900,0.0000,0.00,0.00,active,2026-10-06T17:00:00Z,2026-10-02T09:37:33+00:00
KXNFLRECYDS-26OCT04DALHOU,KXNFLRECYDS,KXNFLRECYDS-26OCT04DALHOU-DALJWILLIAMS33-25,Javonte Williams: 25+ receiving yards,0.2400,0.2700,0.2400,11.60,11.60,active,2026-10-06T17:00:00Z,2026-10-02T09:37:33+00:00
KXNFLRECYDS-26OCT04DALHOU,KXNFLRECYDS,KXNFLRECYDS-26OCT04DALHOU-DALCLAMB88-130,CeeDee Lamb: 130+ receiving yards,0.0800,0.1400,0.1500,12.58,12.58,active,2026-10-06T17:00:00Z,2026-10-02T09:37:33+00:00
KXNFLRECYDS-26OCT04DALHOU,KXNFLRECYDS,KXNFLRECYDS-26OCT04DALHOU-HOUKBOUTTE14-50,Kayshon Boutte: 50+ receiving yards,0.2000,0.2100,0.0000,0.00,0.00,active,2026-10-06T17:00:00Z,2026-10-02T09:37:33+00:00
KXNFLRECYDS-26OCT04DALHOU,KXNFLRECYDS,KXNFLRECYDS-26OCT04DALHOU-HOUDMONTGOMERY32-60,David Montgomery: 60+ receiving yards,0.0200,0.0500,0.0000,0.00,0.00,active,2026-10-06T17:00:00Z,2026-10-02T09:37:33+00:00
KXNFLRECYDS-26OCT04DALHOU,KXNFLRECYDS,KXNFLRECYDS-26OCT04DALHOU-DALJFERGUSON87-80,Jake Ferguson: 80+ receiving yards,0.0200,0.0600,0.0000,0.00,0.00,active,2026-10-06T17:00:00Z,2026-10-02T09:37:33+00:00
KXNFLRECYDS-26OCT04DALHOU,KXNFLRECYDS,KXNFLRECYDS-26OCT04DALHOU-HOUKBOUTTE14-70,Kayshon Boutte: 70+ receiving yards,0.0300,0.1100,0.0000,0.00,0.00,active,2026-10-06T17:00:00Z,2026-10-02T09:37:33+00:00
KXNFLRECYDS-26OCT04DALHOU,KXNFLRECYDS,KXNFLRECYDS-26OCT04DALHOU-DALGPICKENS3-140,George Pickens: 140+ receiving yards,0.0200,0.0800,0.0000,0.00,0.00,active,2026-10-06T17:00:00Z,2026-10-02T09:37:33+00:00
KXNFLRECYDS-26OCT04DALHOU,KXNFLRECYDS,KXNFLRECYDS-26OCT04DALHOU-HOUDSCHULTZ86-70,Dalton Schultz: 70+ receiving yards,0.0700,0.1900,0.2200,1.00,1.00,active,2026-10-06T17:00:00Z,2026-10-02T09:37:33+00:00
KXNFLRECYDS-26OCT04DALHOU,KXNFLRECYDS,KXNFLRECYDS-26OCT04DALHOU-HOUDSCHULTZ86-120,Dalton Schultz: 120+ receiving yards,0.0200,0.0500,0.0000,0.00,0.00,active,2026-10-06T17:00:00Z,2026-10-02T09:37:33+00:00
KXNFLRECYDS-26OCT04DALHOU,KXNFLRECYDS,KXNFLRECYDS-26OCT04DALHOU-HOUDMONTGOMERY32-50,David Montgomery: 50+ receiving yards,0.0200,0.0700,0.0000,0.00,0.00,active,2026-10-06T17:00:00Z,2026-10-02T09:37:33+00:00
KXNFLRECYDS-26OCT04DALHOU,KXNFLRECYDS,KXNFLRECYDS-26OCT04DALHOU-HOUDSCHULTZ86-110,Dalton Schultz: 110+ receiving yards,0.0200,0.0600,0.0000,0.00,0.00,active,2026-10-06T17:00:00Z,2026-10-02T09:37:33+00:00
KXNFLRECYDS-26OCT04DALHOU,KXNFLRECYDS,KXNFLRECYDS-26OCT04DALHOU-DALRFLOURNOY19-100,Ryan Flournoy: 100+ receiving yards,0.0200,0.0500,0.0000,0.00,0.00,active,2026-10-06T17:00:00Z,2026-10-02T09:37:33+00:00
KXNFLRECYDS-26OCT04DALHOU,KXNFLRECYDS,KXNFLRECYDS-26OCT04DALHOU-HOUDSCHULTZ86-40,Dalton Schultz: 40+ receiving yards,0.5000,0.5100,0.5300,1898.06,1486.80,active,2026-10-06T17:00:00Z,2026-10-02T09:37:33+00:00
KXNFLRECYDS-26OCT04DALHOU,KXNFLRECYDS,KXNFLRECYDS-26OCT04DALHOU-DALJWILLIAMS33-40,Javonte Williams: 40+ receiving yards,0.0500,0.1100,0.0000,0.00,0.00,active,2026-10-06T17:00:00Z,2026-10-02T09:37:33+00:00
KXNFLRECYDS-26OCT04DALHOU,KXNFLRECYDS,KXNFLRECYDS-26OCT04DALHOU-HOUXHUTCHINSON19-15,Xavier Hutchinson: 15+ receiving yards,0.6700,0.7400,0.6700,113.08,60.54,active,2026-10-06T17:00:00Z,2026-10-02T09:37:33+00:00
KXNFLRECYDS-26OCT04DALHOU,KXNFLRECYDS,KXNFLRECYDS-26OCT04DALHOU-HOUKBOUTTE14-25,Kayshon Boutte: 25+ receiving yards,0.4900,0.5100,0.5100,479.11,479.11,active,2026-10-06T17:00:00Z,2026-10-02T09:37:33+00:00
KXNFLRECYDS-26OCT04DALHOU,KXNFLRECYDS,KXNFLRECYDS-26OCT04DALHOU-DALRFLOURNOY19-40,Ryan Flournoy: 40+ receiving yards,0.3300,0.4100,0.4000,40.09,40.09,active,2026-10-06T17:00:00Z,2026-10-02T09:37:33+00:00
KXNFLRECYDS-26OCT04DALHOU,KXNFLRECYDS,KXNFLRECYDS-26OCT04DALHOU-DALRFLOURNOY19-25,Ryan Flournoy: 25+ receiving yards,0.6200,0.6600,0.0000,0.00,0.00,active,2026-10-06T17:00:00Z,2026-10-02T09:37:33+00:00
KXNFLRECYDS-26OCT04DALHOU,KXNFLRECYDS,KXNFLRECYDS-26OCT04DALHOU-HOUKBOUTTE14-80,Kayshon Boutte: 80+ receiving yards,0.0200,0.0800,0.0000,0.00,0.00,active,2026-10-06T17:00:00Z,2026-10-02T09:37:33+00:00
KXNFLRECYDS-26OCT04DALHOU,KXNFLRECYDS,KXNFLRECYDS-26OCT04DALHOU-HOUXHUTCHINSON19-25,Xavier Hutchinson: 25+ receiving yards,0.4300,0.5600,0.5600,18.00,18.00,active,2026-10-06T17:00:00Z,2026-10-02T09:37:33+00:00
KXNFLRECYDS-26OCT04DALHOU,KXNFLRECYDS,KXNFLRECYDS-26OCT04DALHOU-HOUJNOEL13-50,Jaylin Noel: 50+ receiving yards,0.0300,0.1100,0.0000,0.00,0.00,active,2026-10-06T17:00:00Z,2026-10-02T09:37:33+00:00
KXNFLRECYDS-26OCT04DALHOU,KXNFLRECYDS,KXNFLRECYDS-26OCT04DALHOU-DALJWILLIAMS33-50,Javonte Williams: 50+ receiving yards,0.0200,0.0700,0.0700,40.23,40.23,active,2026-10-06T17:00:00Z,2026-10-02T09:37:33+00:00
KXNFLRECYDS-26OCT04DALHOU,KXNFLRECYDS,KXNFLRECYDS-26OCT04DALHOU-HOUDSCHULTZ86-60,Dalton Schultz: 60+ receiving yards,0.2500,0.2700,0.2500,85.86,85.86,active,2026-10-06T17:00:00Z,2026-10-02T09:37:33+00:00
KXNFLRECYDS-26OCT04DALHOU,KXNFLRECYDS,KXNFLRECYDS-26OCT04DALHOU-HOUWMARKS4-50,Woody Marks: 50+ receiving yards,0.0200,0.0600,0.0500,56.25,56.25,active,2026-10-06T17:00:00Z,2026-10-02T09:37:33+00:00
KXNFLRECYDS-26OCT04DALHOU,KXNFLRECYDS,KXNFLRECYDS-26OCT04DALHOU-DALRFLOURNOY19-50,Ryan Flournoy: 50+ receiving yards,0.2800,0.3000,0.2700,1.00,1.00,active,2026-10-06T17:00:00Z,2026-10-02T09:37:33+00:00
KXNFLRECYDS-26OCT04DALHOU,KXNFLRECYDS,KXNFLRECYDS-26OCT04DALHOU-HOUDSCHULTZ86-100,Dalton Schultz: 100+ receiving yards,0.0200,0.0800,0.0000,0.00,0.00,active,2026-10-06T17:00:00Z,2026-10-02T09:37:33+00:00
KXNFLRECYDS-26OCT04DALHOU,KXNFLRECYDS,KXNFLRECYDS-26OCT04DALHOU-HOUDSCHULTZ86-90,Dalton Schultz: 90+ receiving yards,0.0300,0.1000,0.0000,0.00,0.00,active,2026-10-06T17:00:00Z,2026-10-02T09:37:33+00:00
KXNFLRECYDS-26OCT04DALHOU,KXNFLRECYDS,KXNFLRECYDS-26OCT04DALHOU-HOUXHUTCHINSON19-70,Xavier Hutchinson: 70+ receiving yards,0.0300,0.1100,0.0600,4.00,4.00,active,2026-10-06T17:00:00Z,2026-10-02T09:37:33+00:00
KXNFLRECYDS-26OCT04DALHOU,KXNFLRECYDS,KXNFLRECYDS-26OCT04DALHOU-HOUWMARKS4-15,Woody Marks: 15+ receiving yards,0.3600,0.3800,0.3000,23.66,23.66,active,2026-10-06T17:00:00Z,2026-10-02T09:37:33+00:00
KXNFLRECYDS-26OCT04DALHOU,KXNFLRECYDS,KXNFLRECYDS-26OCT04DALHOU-DALCLAMB88-120,CeeDee Lamb: 120+ receiving yards,0.1200,0.1900,0.2000,9.46,9.46,active,2026-10-06T17:00:00Z,2026-10-02T09:37:33+00:00
KXNFLRECYDS-26OCT04DALHOU,KXNFLRECYDS,KXNFLRECYDS-26OCT04DALHOU-DALJFERGUSON87-60,Jake Ferguson: 60+ receiving yards,0.0400,0.0900,0.0000,0.00,0.00,active,2026-10-06T17:00:00Z,2026-10-02T09:37:33+00:00
KXNFLRECYDS-26OCT04DALHOU,KXNFLRECYDS,KXNFLRECYDS-26OCT04DALHOU-DALJFERGUSON87-50,Jake Ferguson: 50+ receiving yards,0.1300,0.1400,0.0000,0.00,0.00,active,2026-10-06T17:00:00Z,2026-10-02T09:37:33+00:00
KXNFLRECYDS-26OCT04DALHOU,KXNFLRECYDS,KXNFLRECYDS-26OCT04DALHOU-HOUDSCHULTZ86-80,Dalton Schultz: 80+ receiving yards,0.0300,0.1300,0.0000,0.00,0.00,active,2026-10-06T17:00:00Z,2026-10-02T09:37:33+00:00
KXNFLRECYDS-26OCT04DALHOU,KXNFLRECYDS,KXNFLRECYDS-26OCT04DALHOU-DALCLAMB88-160,CeeDee Lamb: 160+ receiving yards,0.0200,0.0700,0.0000,0.00,0.00,active,2026-10-06T17:00:00Z,2026-10-02T09:37:33+00:00
KXNFLRECYDS-26OCT04DALHOU,KXNFLRECYDS,KXNFLRECYDS-26OCT04DALHOU-HOUDMONTGOMERY32-15,David Montgomery: 15+ receiving yards,0.3500,0.4100,0.3900,3.45,3.45,active,2026-10-06T17:00:00Z,2026-10-02T09:37:33+00:00
KXNFLRECYDS-26OCT04DALHOU,KXNFLRECYDS,KXNFLRECYDS-26OCT04DALHOU-HOUJNOEL13-60,Jaylin Noel: 60+ receiving yards,0.0200,0.0700,0.0000,0.00,0.00,active,2026-10-06T17:00:00Z,2026-10-02T09:37:33+00:00
KXNFLRECYDS-26OCT04DALHOU,KXNFLRECYDS,KXNFLRECYDS-26OCT04DALHOU-HOUXHUTCHINSON19-80,Xavier Hutchinson: 80+ receiving yards,0.0300,0.0900,0.0000,0.00,0.00,active,2026-10-06T17:00:00Z,2026-10-02T09:37:33+00:00
KXNFLRECYDS-26OCT04DALHOU,KXNFLRECYDS,KXNFLRECYDS-26OCT04DALHOU-HOUJNOEL13-40,Jaylin Noel: 40+ receiving yards,0.1100,0.1600,0.1400,17.00,17.00,active,2026-10-06T17:00:00Z,2026-10-02T09:37:33+00:00
KXNFLRECYDS-26OCT04DALHOU,KXNFLRECYDS,KXNFLRECYDS-26OCT04DALHOU-DALGPICKENS3-70,George Pickens: 70+ receiving yards,0.4700,0.5000,0.4700,34.25,28.46,active,2026-10-06T17:00:00Z,2026-10-02T09:37:33+00:00
KXNFLRECYDS-26OCT04DALHOU,KXNFLRECYDS,KXNFLRECYDS-26OCT04DALHOU-HOUKBOUTTE14-60,Kayshon Boutte: 60+ receiving yards,0.0300,0.1500,0.1400,336.86,336.86,active,2026-10-06T17:00:00Z,2026-10-02T09:37:33+00:00
KXNFLRECYDS-26OCT04DALHOU,KXNFLRECYDS,KXNFLRECYDS-26OCT04DALHOU-HOUJNOEL13-15,Jaylin Noel: 15+ receiving yards,0.4300,0.4600,0.0000,0.00,0.00,active,2026-10-06T17:00:00Z,2026-10-02T09:37:33+00:00
KXNFLRECYDS-26OCT04DALHOU,KXNFLRECYDS,KXNFLRECYDS-26OCT04DALHOU-HOUJNOEL13-25,Jaylin Noel: 25+ receiving yards,0.2700,0.3100,0.0000,0.00,0.00,active,2026-10-06T17:00:00Z,2026-10-02T09:37:33+00:00
KXNFLRECYDS-26OCT04DALHOU,KXNFLRECYDS,KXNFLRECYDS-26OCT04DALHOU-DALCLAMB88-40,CeeDee Lamb: 40+ receiving yards,0.8100,0.8300,0.8000,21.01,21.01,active,2026-10-06T17:00:00Z,2026-10-02T09:37:33+00:00
KXNFLRECYDS-26OCT04DALHOU,KXNFLRECYDS,KXNFLRECYDS-26OCT04DALHOU-DALCLAMB88-150,CeeDee Lamb: 150+ receiving yards,0.0300,0.0800,0.0800,23.48,23.48,active,2026-10-06T17:00:00Z,2026-10-02T09:37:33+00:00
KXNFLRECYDS-26OCT04DALHOU,KXNFLRECYDS,KXNFLRECYDS-26OCT04DALHOU-DALRFLOURNOY19-15,Ryan Flournoy: 15+ receiving yards,0.7600,0.8000,0.0000,0.00,0.00,active,2026-10-06T17:00:00Z,2026-10-02T09:37:33+00:00
KXNFLRECYDS-26OCT04DALHOU,KXNFLRECYDS,KXNFLRECYDS-26OCT04DALHOU-DALRFLOURNOY19-60,Ryan Flournoy: 60+ receiving yards,0.1500,0.1900,0.2000,23.00,23.00,active,2026-10-06T17:00:00Z,2026-10-02T09:37:33+00:00
KXNFLRECYDS-26OCT04DALHOU,KXNFLRECYDS,KXNFLRECYDS-26OCT04DALHOU-HOUXHUTCHINSON19-50,Xavier Hutchinson: 50+ receiving yards,0.1000,0.2300,0.2100,9.00,9.00,active,2026-10-06T17:00:00Z,2026-10-02T09:37:33+00:00
KXNFLRECYDS-26OCT04DALHOU,KXNFLRECYDS,KXNFLRECYDS-26OCT04DALHOU-DALGPICKENS3-100,George Pickens: 100+ receiving yards,0.2000,0.2600,0.0000,0.00,0.00,active,2026-10-06T17:00:00Z,2026-10-02T09:37:33+00:00
KXNFLRECYDS-26OCT04DALHOU,KXNFLRECYDS,KXNFLRECYDS-26OCT04DALHOU-HOUXHUTCHINSON19-40,Xavier Hutchinson: 40+ receiving yards,0.2200,0.3500,0.3400,34.00,34.00,active,2026-10-06T17:00:00Z,2026-10-02T09:37:33+00:00
KXNFLRECYDS-26OCT04DALHOU,KXNFLRECYDS,KXNFLRECYDS-26OCT04DALHOU-DALRFLOURNOY19-70,Ryan Flournoy: 70+ receiving yards,0.1100,0.1400,0.1300,434.23,432.23,active,2026-10-06T17:00:00Z,2026-10-02T09:37:33+00:00
KXNFLRECYDS-26OCT04DALHOU,KXNFLRECYDS,KXNFLRECYDS-26OCT04DALHOU-DALCLAMB88-110,CeeDee Lamb: 110+ receiving yards,0.1900,0.2500,0.2600,82.99,82.99,active,2026-10-06T17:00:00Z,2026-10-02T09:37:33+00:00
KXNFLRECYDS-26OCT04DALHOU,KXNFLRECYDS,KXNFLRECYDS-26OCT04DALHOU-DALCLAMB88-50,CeeDee Lamb: 50+ receiving yards,0.7200,0.7700,0.7600,16.69,16.69,active,2026-10-06T17:00:00Z,2026-10-02T09:37:33+00:00
KXNFLRECYDS-26OCT04DENSF,KXNFLRECYDS,KXNFLRECYDS-26OCT04DENSF-DENCSUTTON14-40,Courtland Sutton: 40+ receiving yards,0.4800,0.4900,0.5000,17.77,17.77,active,2026-10-06T20:25:00Z,2026-10-02T09:37:33+00:00
KXNFLRECYDS-26OCT04DENSF,KXNFLRECYDS,KXNFLRECYDS-26OCT04DENSF-SFCMCCAFFREY23-40,Christian McCaffrey: 40+ receiving yards,0.5100,0.5300,0.5300,16115.42,16115.42,active,2026-10-06T20:25:00Z,2026-10-02T09:37:33+00:00
KXNFLRECYDS-26OCT04DENSF,KXNFLRECYDS,KXNFLRECYDS-26OCT04DENSF-DENRHARVEY12-70,RJ Harvey: 70+ receiving yards,0.0200,0.0600,0.0000,0.00,0.00,active,2026-10-06T20:25:00Z,2026-10-02T09:37:33+00:00
KXNFLRECYDS-26OCT04DENSF,KXNFLRECYDS,KXNFLRECYDS-26OCT04DENSF-SFGKITTLE85-90,George Kittle: 90+ receiving yards,0.2700,0.2900,0.0000,0.00,0.00,active,2026-10-06T20:25:00Z,2026-10-02T09:37:33+00:00
KXNFLRECYDS-26OCT04DENSF,KXNFLRECYDS,KXNFLRECYDS-26OCT04DENSF-SFCMCCAFFREY23-100,Christian McCaffrey: 100+ receiving yards,0.0200,0.0700,0.0000,0.00,0.00,active,2026-10-06T20:25:00Z,2026-10-02T09:37:33+00:00
KXNFLRECYDS-26OCT04DENSF,KXNFLRECYDS,KXNFLRECYDS-26OCT04DENSF-DENPBRYANT13-15,Pat Bryant: 15+ receiving yards,0.6300,0.6700,0.6800,57.69,57.69,active,2026-10-06T20:25:00Z,2026-10-02T09:37:33+00:00
KXNFLRECYDS-26OCT04DENSF,KXNFLRECYDS,KXNFLRECYDS-26OCT04DENSF-DENCSUTTON14-80,Courtland Sutton: 80+ receiving yards,0.0900,0.1500,0.0000,0.00,0.00,active,2026-10-06T20:25:00Z,2026-10-02T09:37:33+00:00
KXNFLRECYDS-26OCT04DENSF,KXNFLRECYDS,KXNFLRECYDS-26OCT04DENSF-DENCSUTTON14-50,Courtland Sutton: 50+ receiving yards,0.3500,0.3800,0.3600,2.63,2.63,active,2026-10-06T20:25:00Z,2026-10-02T09:37:33+00:00
KXNFLRECYDS-26OCT04DENSF,KXNFLRECYDS,KXNFLRECYDS-26OCT04DENSF-SFCMCCAFFREY23-80,Christian McCaffrey: 80+ receiving yards,0.0300,0.1200,0.1000,9.00,9.00,active,2026-10-06T20:25:00Z,2026-10-02T09:37:33+00:00
KXNFLRECYDS-26OCT04DENSF,KXNFLRECYDS,KXNFLRECYDS-26OCT04DENSF-SFCMCCAFFREY23-110,Christian McCaffrey: 110+ receiving yards,0.0200,0.0700,0.0000,0.00,0.00,active,2026-10-06T20:25:00Z,2026-10-02T09:37:33+00:00
KXNFLRECYDS-26OCT04DENSF,KXNFLRECYDS,KXNFLRECYDS-26OCT04DENSF-DENCSUTTON14-90,Courtland Sutton: 90+ receiving yards,0.0600,0.1100,0.0000,0.00,0.00,active,2026-10-06T20:25:00Z,2026-10-02T09:37:33+00:00
KXNFLRECYDS-26OCT04DENSF,KXNFLRECYDS,KXNFLRECYDS-26OCT04DENSF-DENJWADDLE17-55,Jaylen Waddle: 55+ receiving yards,0.3200,0.5300,0.0000,0.00,0.00,active,2026-10-06T20:25:00Z,2026-10-02T09:37:33+00:00
KXNFLRECYDS-26OCT04DENSF,KXNFLRECYDS,KXNFLRECYDS-26OCT04DENSF-SFCMCCAFFREY23-50,Christian McCaffrey: 50+ receiving yards,0.3600,0.3800,0.3900,93.68,93.68,active,2026-10-06T20:25:00Z,2026-10-02T09:37:33+00:00
KXNFLRECYDS-26OCT04DENSF,KXNFLRECYDS,KXNFLRECYDS-26OCT04DENSF-DENCSUTTON14-25,Courtland Sutton: 25+ receiving yards,0.6500,0.6900,0.0000,0.00,0.00,active,2026-10-06T20:25:00Z,2026-10-02T09:37:33+00:00
KXNFLRECYDS-26OCT04DENSF,KXNFLRECYDS,KXNFLRECYDS-26OCT04DENSF-SFKJUSZCZYK44-15,Kyle Juszczyk: 15+ receiving yards,0.3300,0.3700,0.0000,0.00,0.00,active,2026-10-06T20:25:00Z,2026-10-02T09:37:33+00:00
KXNFLRECYDS-26OCT04DENSF,KXNFLRECYDS,KXNFLRECYDS-26OCT04DENSF-DENRHARVEY12-40,RJ Harvey: 40+ receiving yards,0.2000,0.2200,0.2200,8.62,8.62,active,2026-10-06T20:25:00Z,2026-10-02T09:37:33+00:00
KXNFLRECYDS-26OCT04DENSF,KXNFLRECYDS,KXNFLRECYDS-26OCT04DENSF-DENEENGRAM1-25,Evan Engram: 25+ receiving yards,0.3400,0.3600,0.3600,148.54,148.54,active,2026-10-06T20:25:00Z,2026-10-02T09:37:33+00:00
KXNFLRECYDS-26OCT04DENSF,KXNFLRECYDS,KXNFLRECYDS-26OCT04DENSF-DENEENGRAM1-15,Evan Engram: 15+ receiving yards,0.5500,0.5900,0.5900,7.48,7.48,active,2026-10-06T20:25:00Z,2026-10-02T09:37:33+00:00
KXNFLRECYDS-26OCT04DENSF,KXNFLRECYDS,KXNFLRECYDS-26OCT04DENSF-DENPBRYANT13-70,Pat Bryant: 70+ receiving yards,0.0400,0.0900,0.0000,0.00,0.00,active,2026-10-06T20:25:00Z,2026-10-02T09:37:33+00:00
KXNFLRECYDS-26OCT04DENSF,KXNFLRECYDS,KXNFLRECYDS-26OCT04DENSF-DENJWADDLE17-50,Jaylen Waddle: 50+ receiving yards,0.5500,0.6000,0.0000,0.00,0.00,active,2026-10-06T20:25:00Z,2026-10-02T09:37:33+00:00
KXNFLRECYDS-26OCT04DENSF,KXNFLRECYDS,KXNFLRECYDS-26OCT04DENSF-DENRHARVEY12-25,RJ Harvey: 25+ receiving yards,0.4200,0.4500,0.4500,188.33,171.30,active,2026-10-06T20:25:00Z,2026-10-02T09:37:33+00:00
KXNFLRECYDS-26OCT04DENSF,KXNFLRECYDS,KXNFLRECYDS-26OCT04DENSF-DENJWADDLE17-60,Jaylen Waddle: 60+ receiving yards,0.4600,0.4800,0.4800,43.89,43.89,active,2026-10-06T20:25:00Z,2026-10-02T09:37:33+00:00
KXNFLRECYDS-26OCT04DENSF,KXNFLRECYDS,KXNFLRECYDS-26OCT04DENSF-DENPBRYANT13-25,Pat Bryant: 25+ receiving yards,0.4400,0.4700,0.4800,1284.04,1284.04,active,2026-10-06T20:25:00Z,2026-10-02T09:37:33+00:00
KXNFLRECYDS-26OCT04DENSF,KXNFLRECYDS,KXNFLRECYDS-26OCT04DENSF-DENEENGRAM1-50,Evan Engram: 50+ receiving yards,0.0500,0.1000,0.0000,0.00,0.00,active,2026-10-06T20:25:00Z,2026-10-02T09:37:33+00:00
KXNFLRECYDS-26OCT04DENSF,KXNFLRECYDS,KXNFLRECYDS-26OCT04DENSF-DENJWADDLE17-80,Jaylen Waddle: 80+ receiving yards,0.2800,0.2900,0.0000,0.00,0.00,active,2026-10-06T20:25:00Z,2026-10-02T09:37:33+00:00
KXNFLRECYDS-26OCT04DENSF,KXNFLRECYDS,KXNFLRECYDS-26OCT04DENSF-SFCMCCAFFREY23-15,Christian McCaffrey: 15+ receiving yards,0.8300,0.8500,0.8500,11.92,11.92,active,2026-10-06T20:25:00Z,2026-10-02T09:37:33+00:00
KXNFLRECYDS-26OCT04DENSF,KXNFLRECYDS,KXNFLRECYDS-26OCT04DENSF-DENRHARVEY12-50,RJ Harvey: 50+ receiving yards,0.0800,0.1400,0.0000,0.00,0.00,active,2026-10-06T20:25:00Z,2026-10-02T09:37:33+00:00
KXNFLRECYDS-26OCT04DENSF,KXNFLRECYDS,KXNFLRECYDS-26OCT04DENSF-DENRHARVEY12-60,RJ Harvey: 60+ receiving yards,0.0400,0.1000,0.0000,0.00,0.00,active,2026-10-06T20:25:00Z,2026-10-02T09:37:33+00:00
KXNFLRECYDS-26OCT04DENSF,KXNFLRECYDS,KXNFLRECYDS-26OCT04DENSF-SFCMCCAFFREY23-60,Christian McCaffrey: 60+ receiving yards,0.1400,0.2600,0.2700,18.00,18.00,active,2026-10-06T20:25:00Z,2026-10-02T09:37:33+00:00
KXNFLRECYDS-26OCT04DENSF,KXNFLRECYDS,KXNFLRECYDS-26OCT04DENSF-SFCMCCAFFREY23-70,Christian McCaffrey: 70+ receiving yards,0.0600,0.1900,0.0000,0.00,0.00,active,2026-10-06T20:25:00Z,2026-10-02T09:37:33+00:00
KXNFLRECYDS-26OCT04DENSF,KXNFLRECYDS,KXNFLRECYDS-26OCT04DENSF-DENCSUTTON14-15,Courtland Sutton: 15+ receiving yards,0.7700,0.8300,0.0000,0.00,0.00,active,2026-10-06T20:25:00Z,2026-10-02T09:37:33+00:00
KXNFLRECYDS-26OCT04DENSF,KXNFLRECYDS,KXNFLRECYDS-26OCT04DENSF-DENEENGRAM1-40,Evan Engram: 40+ receiving yards,0.1400,0.1700,0.1300,533.03,526.03,active,2026-10-06T20:25:00Z,2026-10-02T09:37:33+00:00
KXNFLRECYDS-26OCT04DENSF,KXNFLRECYDS,KXNFLRECYDS-26OCT04DENSF-DENJWADDLE17-110,Jaylen Waddle: 110+ receiving yards,0.0500,0.1100,0.1100,25.67,25.67,active,2026-10-06T20:25:00Z,2026-10-02T09:37:33+00:00
KXNFLRECYDS-26OCT04DENSF,KXNFLRECYDS,KXNFLRECYDS-26OCT04DENSF-SFGKITTLE85-160,George Kittle: 160+ receiving yards,0.0200,0.0500,0.0000,0.00,0.00,active,2026-10-06T20:25:00Z,2026-10-02T09:37:33+00:00
KXNFLRECYDS-26OCT04DENSF,KXNFLRECYDS,KXNFLRECYDS-26OCT04DENSF-DENPBRYANT13-60,Pat Bryant: 60+ receiving yards,0.0700,0.1300,0.0000,0.00,0.00,active,2026-10-06T20:25:00Z,2026-10-02T09:37:33+00:00
KXNFLRECYDS-26OCT04DENSF,KXNFLRECYDS,KXNFLRECYDS-26OCT04DENSF-DENEENGRAM1-60,Evan Engram: 60+ receiving yards,0.0200,0.0700,0.0000,0.00,0.00,active,2026-10-06T20:25:00Z,2026-10-02T09:37:33+00:00
KXNFLRECYDS-26OCT04DENSF,KXNFLRECYDS,KXNFLRECYDS-26OCT04DENSF-DENJWADDLE17-120,Jaylen Waddle: 120+ receiving yards,0.0300,0.0800,0.0900,31.33,31.33,active,2026-10-06T20:25:00Z,2026-10-02T09:37:33+00:00
KXNFLRECYDS-26OCT04DENSF,KXNFLRECYDS,KXNFLRECYDS-26OCT04DENSF-SFCMCCAFFREY23-90,Christian McCaffrey: 90+ receiving yards,0.0300,0.1100,0.0000,0.00,0.00,active,2026-10-06T20:25:00Z,2026-10-02T09:37:33+00:00
KXNFLRECYDS-26OCT04DENSF,KXNFLRECYDS,KXNFLRECYDS-26OCT04DENSF-SFGKITTLE85-150,George Kittle: 150+ receiving yards,0.0200,0.0600,0.0000,0.00,0.00,active,2026-10-06T20:25:00Z,2026-10-02T09:37:33+00:00
KXNFLRECYDS-26OCT04DENSF,KXNFLRECYDS,KXNFLRECYDS-26OCT04DENSF-SFCMCCAFFREY23-25,Christian McCaffrey: 25+ receiving yards,0.6700,0.7100,0.7200,53.90,53.90,active,2026-10-06T20:25:00Z,2026-10-02T09:37:33+00:00
KXNFLRECYDS-26OCT04DENSF,KXNFLRECYDS,KXNFLRECYDS-26OCT04DENSF-DENJWADDLE17-70,Jaylen Waddle: 70+ receiving yards,0.3600,0.3800,0.3300,14.47,14.47,active,2026-10-06T20:25:00Z,2026-10-02T09:37:33+00:00
KXNFLRECYDS-26OCT04DENSF,KXNFLRECYDS,KXNFLRECYDS-26OCT04DENSF-SFGKITTLE85-40,George Kittle: 40+ receiving yards,0.7200,0.7800,0.7700,12.65,12.65,active,2026-10-06T20:25:00Z,2026-10-02T09:37:33+00:00
KXNFLRECYDS-26OCT04DENSF,KXNFLRECYDS,KXNFLRECYDS-26OCT04DENSF-SFGKITTLE85-50,George Kittle: 50+ receiving yards,0.6100,0.6600,0.6700,72.45,72.45,active,2026-10-06T20:25:00Z,2026-10-02T09:37:33+00:00
KXNFLRECYDS-26OCT04DENSF,KXNFLRECYDS,KXNFLRECYDS-26OCT04DENSF-SFGKITTLE85-70,George Kittle: 70+ receiving yards,0.4300,0.4700,0.4700,100.82,100.82,active,2026-10-06T20:25:00Z,2026-10-02T09:37:33+00:00
KXNFLRECYDS-26OCT04DENSF,KXNFLRECYDS,KXNFLRECYDS-26OCT04DENSF-SFGKITTLE85-100,George Kittle: 100+ receiving yards,0.1300,0.2200,0.0000,0.00,0.00,active,2026-10-06T20:25:00Z,2026-10-02T09:37:33+00:00
KXNFLRECYDS-26OCT04DENSF,KXNFLRECYDS,KXNFLRECYDS-26OCT04DENSF-SFGKITTLE85-80,George Kittle: 80+ receiving yards,0.3400,0.3700,0.3500,1.00,1.00,active,2026-10-06T20:25:00Z,2026-10-02T09:37:33+00:00
KXNFLRECYDS-26OCT04DENSF,KXNFLRECYDS,KXNFLRECYDS-26OCT04DENSF-SFGKITTLE85-120,George Kittle: 120+ receiving yards,0.0300,0.1400,0.0000,0.00,0.00,active,2026-10-06T20:25:00Z,2026-10-02T09:37:33+00:00
KXNFLRECYDS-26OCT04DENSF,KXNFLRECYDS,KXNFLRECYDS-26OCT04DENSF-DENJWADDLE17-130,Jaylen Waddle: 130+ receiving yards,0.0200,0.0500,0.0600,46.91,46.91,active,2026-10-06T20:25:00Z,2026-10-02T09:37:33+00:00
KXNFLRECYDS-26OCT04DENSF,KXNFLRECYDS,KXNFLRECYDS-26OCT04DENSF-DENPBRYANT13-50,Pat Bryant: 50+ receiving yards,0.1300,0.1800,0.1900,990.61,990.61,active,2026-10-06T20:25:00Z,2026-10-02T09:37:33+00:00
KXNFLRECYDS-26OCT04DENSF,KXNFLRECYDS,KXNFLRECYDS-26OCT04DENSF-SFGKITTLE85-110,George Kittle: 110+ receiving yards,0.0300,0.1700,0.0000,0.00,0.00,active,2026-10-06T20:25:00Z,2026-10-02T09:37:33+00:00
KXNFLRECYDS-26OCT04DENSF,KXNFLRECYDS,KXNFLRECYDS-26OCT04DENSF-DENCSUTTON14-100,Courtland Sutton: 100+ receiving yards,0.0300,0.0800,0.0700,40.23,40.23,active,2026-10-06T20:25:00Z,2026-10-02T09:37:33+00:00
KXNFLRECYDS-26OCT04DENSF,KXNFLRECYDS,KXNFLRECYDS-26OCT04DENSF-SFGKITTLE85-140,George Kittle: 140+ receiving yards,0.0200,0.0800,0.0000,0.00,0.00,active,2026-10-06T20:25:00Z,2026-10-02T09:37:33+00:00
KXNFLRECYDS-26OCT04DENSF,KXNFLRECYDS,KXNFLRECYDS-26OCT04DENSF-DENRHARVEY12-15,RJ Harvey: 15+ receiving yards,0.6300,0.6800,0.0000,0.00,0.00,active,2026-10-06T20:25:00Z,2026-10-02T09:37:33+00:00
KXNFLRECYDS-26OCT04DENSF,KXNFLRECYDS,KXNFLRECYDS-26OCT04DENSF-DENCSUTTON14-60,Courtland Sutton: 60+ receiving yards,0.2600,0.2900,0.2600,1.00,1.00,active,2026-10-06T20:25:00Z,2026-10-02T09:37:33+00:00
KXNFLRECYDS-26OCT04DENSF,KXNFLRECYDS,KXNFLRECYDS-26OCT04DENSF-DENJWADDLE17-90,Jaylen Waddle: 90+ receiving yards,0.1600,0.2200,0.2200,17.65,17.65,active,2026-10-06T20:25:00Z,2026-10-02T09:37:33+00:00
KXNFLRECYDS-26OCT04DENSF,KXNFLRECYDS,KXNFLRECYDS-26OCT04DENSF-DENJWADDLE17-25,Jaylen Waddle: 25+ receiving yards,0.7900,0.8600,0.7700,2.06,2.06,active,2026-10-06T20:25:00Z,2026-10-02T09:37:33+00:00
KXNFLRECYDS-26OCT04DENSF,KXNFLRECYDS,KXNFLRECYDS-26OCT04DENSF-SFKJUSZCZYK44-40,Kyle Juszczyk: 40+ receiving yards,0.0300,0.1000,0.0000,0.00,0.00,active,2026-10-06T20:25:00Z,2026-10-02T09:37:33+00:00
KXNFLRECYDS-26OCT04DENSF,KXNFLRECYDS,KXNFLRECYDS-26OCT04DENSF-SFKJUSZCZYK44-50,Kyle Juszczyk: 50+ receiving yards,0.0200,0.0600,0.0000,0.00,0.00,active,2026-10-06T20:25:00Z,2026-10-02T09:37:33+00:00
KXNFLRECYDS-26OCT04DENSF,KXNFLRECYDS,KXNFLRECYDS-26OCT04DENSF-SFKJUSZCZYK44-25,Kyle Juszczyk: 25+ receiving yards,0.1900,0.2200,0.2100,21.69,21.69,active,2026-10-06T20:25:00Z,2026-10-02T09:37:33+00:00
KXNFLRECYDS-26OCT04DENSF,KXNFLRECYDS,KXNFLRECYDS-26OCT04DENSF-SFGKITTLE85-130,George Kittle: 130+ receiving yards,0.0300,0.1000,0.0000,0.00,0.00,active,2026-10-06T20:25:00Z,2026-10-02T09:37:33+00:00
KXNFLRECYDS-26OCT04DENSF,KXNFLRECYDS,KXNFLRECYDS-26OCT04DENSF-SFGKITTLE85-60,George Kittle: 60+ receiving yards,0.5200,0.5800,0.0000,0.00,0.00,active,2026-10-06T20:25:00Z,2026-10-02T09:37:33+00:00
KXNFLRECYDS-26OCT04DENSF,KXNFLRECYDS,KXNFLRECYDS-26OCT04DENSF-DENJWADDLE17-40,Jaylen Waddle: 40+ receiving yards,0.6400,0.7100,0.0000,0.00,0.00,active,2026-10-06T20:25:00Z,2026-10-02T09:37:33+00:00
KXNFLRECYDS-26OCT04DENSF,KXNFLRECYDS,KXNFLRECYDS-26OCT04DENSF-DENPBRYANT13-40,Pat Bryant: 40+ receiving yards,0.2600,0.2800,0.2800,3891.16,3867.16,active,2026-10-06T20:25:00Z,2026-10-02T09:37:33+00:00
KXNFLRECYDS-26OCT04DENSF,KXNFLRECYDS,KXNFLRECYDS-26OCT04DENSF-DENJWADDLE17-100,Jaylen Waddle: 100+ receiving yards,0.1100,0.1700,0.1200,379.69,378.69,active,2026-10-06T20:25:00Z,2026-10-02T09:37:33+00:00
KXNFLRECYDS-26OCT04DENSF,KXNFLRECYDS,KXNFLRECYDS-26OCT04DENSF-DENCSUTTON14-70,Courtland Sutton: 70+ receiving yards,0.1500,0.1900,0.2000,426.63,426.63,active,2026-10-06T20:25:00Z,2026-10-02T09:37:33+00:00
KXNFLRECYDS-26OCT04DETCAR,KXNFLRECYDS,KXNFLRECYDS-26OCT04DETCAR-CARTTREMBLE82-60,Tommy Tremble: 60+ receiving yards,0.0200,0.0600,0.0000,0.00,0.00,active,2026-10-07T00:20:00Z,2026-10-02T09:37:33+00:00
KXNFLRECYDS-26OCT04DETCAR,KXNFLRECYDS,KXNFLRECYDS-26OCT04DETCAR-CARTMCMILLAN4-25,Tetairoa McMillan: 25+ receiving yards,0.8800,0.9000,0.0000,0.00,0.00,active,2026-10-07T00:20:00Z,2026-10-02T09:37:33+00:00
KXNFLRECYDS-26OCT04DETCAR,KXNFLRECYDS,KXNFLRECYDS-26OCT04DETCAR-DETASTBROWN14-140,Amon-Ra St. Brown: 140+ receiving yards,0.0600,0.1100,0.1100,18.00,18.00,active,2026-10-07T00:20:00Z,2026-10-02T09:37:33+00:00
KXNFLRECYDS-26OCT04DETCAR,KXNFLRECYDS,KXNFLRECYDS-26OCT04DETCAR-DETITESLAA18-60,Isaac TeSlaa: 60+ receiving yards,0.0400,0.0900,0.0000,0.00,0.00,active,2026-10-07T00:20:00Z,2026-10-02T09:37:33+00:00
KXNFLRECYDS-26OCT04DETCAR,KXNFLRECYDS,KXNFLRECYDS-26OCT04DETCAR-CARTTREMBLE82-40,Tommy Tremble: 40+ receiving yards,0.0300,0.1100,0.0000,0.00,0.00,active,2026-10-07T00:20:00Z,2026-10-02T09:37:33+00:00
KXNFLRECYDS-26OCT04DETCAR,KXNFLRECYDS,KXNFLRECYDS-26OCT04DETCAR-DETITESLAA18-70,Isaac TeSlaa: 70+ receiving yards,0.0200,0.0600,0.0600,1960.00,1960.00,active,2026-10-07T00:20:00Z,2026-10-02T09:37:33+00:00
KXNFLRECYDS-26OCT04DETCAR,KXNFLRECYDS,KXNFLRECYDS-26OCT04DETCAR-CARDWALLER88-50,Darren Waller: 50+ receiving yards,0.2200,0.2300,0.2300,4238.43,4238.43,active,2026-10-07T00:20:00Z,2026-10-02T09:37:33+00:00
KXNFLRECYDS-26OCT04DETCAR,KXNFLRECYDS,KXNFLRECYDS-26OCT04DETCAR-CARTTREMBLE82-15,Tommy Tremble: 15+ receiving yards,0.4200,0.4600,0.0000,0.00,0.00,active,2026-10-07T00:20:00Z,2026-10-02T09:37:33+00:00
KXNFLRECYDS-26OCT04DETCAR,KXNFLRECYDS,KXNFLRECYDS-26OCT04DETCAR-CARTTREMBLE82-70,Tommy Tremble: 70+ receiving yards,0.0200,0.0500,0.0000,0.00,0.00,active,2026-10-07T00:20:00Z,2026-10-02T09:37:33+00:00
KXNFLRECYDS-26OCT04DETCAR,KXNFLRECYDS,KXNFLRECYDS-26OCT04DETCAR-CARTMCMILLAN4-150,Tetairoa McMillan: 150+ receiving yards,0.0300,0.0900,0.0000,0.00,0.00,active,2026-10-07T00:20:00Z,2026-10-02T09:37:33+00:00
KXNFLRECYDS-26OCT04DETCAR,KXNFLRECYDS,KXNFLRECYDS-26OCT04DETCAR-DETJWILLIAMS1-100,Jameson Williams: 100+ receiving yards,0.1100,0.1400,0.1500,18.87,18.87,active,2026-10-07T00:20:00Z,2026-10-02T09:37:33+00:00
KXNFLRECYDS-26OCT04DETCAR,KXNFLRECYDS,KXNFLRECYDS-26OCT04DETCAR-CARTTREMBLE82-25,Tommy Tremble: 25+ receiving yards,0.2400,0.2600,0.0000,0.00,0.00,active,2026-10-07T00:20:00Z,2026-10-02T09:37:33+00:00
KXNFLRECYDS-26OCT04DETCAR,KXNFLRECYDS,KXNFLRECYDS-26OCT04DETCAR-CARTMCMILLAN4-60,Tetairoa McMillan: 60+ receiving yards,0.6100,0.6200,0.6100,10.41,10.41,active,2026-10-07T00:20:00Z,2026-10-02T09:37:33+00:00
KXNFLRECYDS-26OCT04DETCAR,KXNFLRECYDS,KXNFLRECYDS-26OCT04DETCAR-DETASTBROWN14-170,Amon-Ra St. Brown: 170+ receiving yards,0.0200,0.0600,0.0500,187.52,187.52,active,2026-10-07T00:20:00Z,2026-10-02T09:37:33+00:00
KXNFLRECYDS-26OCT04DETCAR,KXNFLRECYDS,KXNFLRECYDS-26OCT04DETCAR-CARTMCMILLAN4-180,Tetairoa McMillan: 180+ receiving yards,0.0200,0.0500,0.0000,0.00,0.00,active,2026-10-07T00:20:00Z,2026-10-02T09:37:33+00:00
KXNFLRECYDS-26OCT04DETCAR,KXNFLRECYDS,KXNFLRECYDS-26OCT04DETCAR-CARTMCMILLAN4-50,Tetairoa McMillan: 50+ receiving yards,0.6700,0.7000,0.7200,38.58,38.58,active,2026-10-07T00:20:00Z,2026-10-02T09:37:33+00:00
KXNFLRECYDS-26OCT04DETCAR,KXNFLRECYDS,KXNFLRECYDS-26OCT04DETCAR-DETASTBROWN14-150,Amon-Ra St. Brown: 150+ receiving yards,0.0300,0.0900,0.0800,117.43,117.43,active,2026-10-07T00:20:00Z,2026-10-02T09:37:33+00:00
KXNFLRECYDS-26OCT04DETCAR,KXNFLRECYDS,KXNFLRECYDS-26OCT04DETCAR-DETJWILLIAMS1-90,Jameson Williams: 90+ receiving yards,0.1700,0.1900,0.2000,60.40,60.40,active,2026-10-07T00:20:00Z,2026-10-02T09:37:33+00:00
KXNFLRECYDS-26OCT04DETCAR,KXNFLRECYDS,KXNFLRECYDS-26OCT04DETCAR-CARDWALLER88-80,Darren Waller: 80+ receiving yards,0.0200,0.0900,0.1000,11.75,11.75,active,2026-10-07T00:20:00Z,2026-10-02T09:37:33+00:00
KXNFLRECYDS-26OCT04DETCAR,KXNFLRECYDS,KXNFLRECYDS-26OCT04DETCAR-DETJWILLIAMS1-70,Jameson Williams: 70+ receiving yards,0.3200,0.3400,0.3300,1144.37,1144.37,active,2026-10-07T00:20:00Z,2026-10-02T09:37:33+00:00
KXNFLRECYDS-26OCT04DETCAR,KXNFLRECYDS,KXNFLRECYDS-26OCT04DETCAR-CARDWALLER88-40,Darren Waller: 40+ receiving yards,0.3200,0.3300,0.3300,2545.38,2545.38,active,2026-10-07T00:20:00Z,2026-10-02T09:37:33+00:00
KXNFLRECYDS-26OCT04DETCAR,KXNFLRECYDS,KXNFLRECYDS-26OCT04DETCAR-CARTMCMILLAN4-130,Tetairoa McMillan: 130+ receiving yards,0.0300,0.1500,0.0000,0.00,0.00,active,2026-10-07T00:20:00Z,2026-10-02T09:37:33+00:00
KXNFLRECYDS-26OCT04DETCAR,KXNFLRECYDS,KXNFLRECYDS-26OCT04DETCAR-DETITESLAA18-40,Isaac TeSlaa: 40+ receiving yards,0.1700,0.2100,0.1900,90.29,90.29,active,2026-10-07T00:20:00Z,2026-10-02T09:37:33+00:00
KXNFLRECYDS-26OCT04DETCAR,KXNFLRECYDS,KXNFLRECYDS-26OCT04DETCAR-CARTTREMBLE82-50,Tommy Tremble: 50+ receiving yards,0.0300,0.0800,0.0000,0.00,0.00,active,2026-10-07T00:20:00Z,2026-10-02T09:37:33+00:00
KXNFLRECYDS-26OCT04DETCAR,KXNFLRECYDS,KXNFLRECYDS-26OCT04DETCAR-CARTMCMILLAN4-80,Tetairoa McMillan: 80+ receiving yards,0.4000,0.4400,0.0000,0.00,0.00,active,2026-10-07T00:20:00Z,2026-10-02T09:37:33+00:00
KXNFLRECYDS-26OCT04DETCAR,KXNFLRECYDS,KXNFLRECYDS-26OCT04DETCAR-CARTMCMILLAN4-160,Tetairoa McMillan: 160+ receiving yards,0.0200,0.0800,0.0000,0.00,0.00,active,2026-10-07T00:20:00Z,2026-10-02T09:37:33+00:00
KXNFLRECYDS-26OCT04DETCAR,KXNFLRECYDS,KXNFLRECYDS-26OCT04DETCAR-DETJWILLIAMS1-140,Jameson Williams: 140+ receiving yards,0.0200,0.0500,0.0000,0.00,0.00,active,2026-10-07T00:20:00Z,2026-10-02T09:37:33+00:00
KXNFLRECYDS-26OCT04DETCAR,KXNFLRECYDS,KXNFLRECYDS-26OCT04DETCAR-DETSLAPORTA87-110,Sam LaPorta: 110+ receiving yards,0.0200,0.0800,0.0000,0.00,0.00,active,2026-10-07T00:20:00Z,2026-10-02T09:37:33+00:00
KXNFLRECYDS-26OCT04DETCAR,KXNFLRECYDS,KXNFLRECYDS-26OCT04DETCAR-DETASTBROWN14-130,Amon-Ra St. Brown: 130+ receiving yards,0.0800,0.1500,0.1600,184.10,184.10,active,2026-10-07T00:20:00Z,2026-10-02T09:37:33+00:00
KXNFLRECYDS-26OCT04DETCAR,KXNFLRECYDS,KXNFLRECYDS-26OCT04DETCAR-CARTMCMILLAN4-170,Tetairoa McMillan: 170+ receiving yards,0.0200,0.0600,0.0000,0.00,0.00,active,2026-10-07T00:20:00Z,2026-10-02T09:37:33+00:00
KXNFLRECYDS-26OCT04DETCAR,KXNFLRECYDS,KXNFLRECYDS-26OCT04DETCAR-CARTMCMILLAN4-140,Tetairoa McMillan: 140+ receiving yards,0.0300,0.1200,0.0000,0.00,0.00,active,2026-10-07T00:20:00Z,2026-10-02T09:37:33+00:00
KXNFLRECYDS-26OCT04DETCAR,KXNFLRECYDS,KXNFLRECYDS-26OCT04DETCAR-CARTMCMILLAN4-110,Tetairoa McMillan: 110+ receiving yards,0.0800,0.2200,0.0000,0.00,0.00,active,2026-10-07T00:20:00Z,2026-10-02T09:37:33+00:00
KXNFLRECYDS-26OCT04DETCAR,KXNFLRECYDS,KXNFLRECYDS-26OCT04DETCAR-CARCHUBBARD30-70,Chuba Hubbard: 70+ receiving yards,0.0200,0.0700,0.0000,0.00,0.00,active,2026-10-07T00:20:00Z,2026-10-02T09:37:33+00:00
KXNFLRECYDS-26OCT04DETCAR,KXNFLRECYDS,KXNFLRECYDS-26OCT04DETCAR-CARTMCMILLAN4-90,Tetairoa McMillan: 90+ receiving yards,0.3200,0.3500,0.0000,0.00,0.00,active,2026-10-07T00:20:00Z,2026-10-02T09:37:33+00:00
KXNFLRECYDS-26OCT04DETCAR,KXNFLRECYDS,KXNFLRECYDS-26OCT04DETCAR-CARDWALLER88-25,Darren Waller: 25+ receiving yards,0.5700,0.5800,0.5800,12937.98,12816.02,active,2026-10-07T00:20:00Z,2026-10-02T09:37:33+00:00
KXNFLRECYDS-26OCT04DETCAR,KXNFLRECYDS,KXNFLRECYDS-26OCT04DETCAR-CARTMCMILLAN4-40,Tetairoa McMillan: 40+ receiving yards,0.6400,0.7800,0.0000,0.00,0.00,active,2026-10-07T00:20:00Z,2026-10-02T09:37:33+00:00
KXNFLRECYDS-26OCT04DETCAR,KXNFLRECYDS,KXNFLRECYDS-26OCT04DETCAR-CARTMCMILLAN4-100,Tetairoa McMillan: 100+ receiving yards,0.1600,0.2700,0.2800,183.55,183.55,active,2026-10-07T00:20:00Z,2026-10-02T09:37:33+00:00
KXNFLRECYDS-26OCT04DETCAR,KXNFLRECYDS,KXNFLRECYDS-26OCT04DETCAR-DETJGIBBS0-60,Jahmyr Gibbs: 60+ receiving yards,0.2000,0.2200,0.2100,57.55,57.55,active,2026-10-07T00:20:00Z,2026-10-02T09:37:33+00:00
KXNFLRECYDS-26OCT04DETCAR,KXNFLRECYDS,KXNFLRECYDS-26OCT04DETCAR-DETJWILLIAMS1-15,Jameson Williams: 15+ receiving yards,0.8700,0.8900,0.0000,0.00,0.00,active,2026-10-07T00:20:00Z,2026-10-02T09:37:33+00:00
KXNFLRECYDS-26OCT04DETCAR,KXNFLRECYDS,KXNFLRECYDS-26OCT04DETCAR-DETSLAPORTA87-50,Sam LaPorta: 50+ receiving yards,0.4600,0.5000,0.5000,1.93,1.93,active,2026-10-07T00:20:00Z,2026-10-02T09:37:33+00:00
KXNFLRECYDS-26OCT04DETCAR,KXNFLRECYDS,KXNFLRECYDS-26OCT04DETCAR-DETITESLAA18-25,Isaac TeSlaa: 25+ receiving yards,0.3600,0.4000,0.0000,0.00,0.00,active,2026-10-07T00:20:00Z,2026-10-02T09:37:33+00:00
KXNFLRECYDS-26OCT04DETCAR,KXNFLRECYDS,KXNFLRECYDS-26OCT04DETCAR-DETITESLAA18-15,Isaac TeSlaa: 15+ receiving yards,0.5300,0.5600,0.5400,643.00,643.00,active,2026-10-07T00:20:00Z,2026-10-02T09:37:33+00:00
KXNFLRECYDS-26OCT04DETCAR,KXNFLRECYDS,KXNFLRECYDS-26OCT04DETCAR-DETJWILLIAMS1-50,Jameson Williams: 50+ receiving yards,0.5300,0.5400,0.5400,2847.49,2847.49,active,2026-10-07T00:20:00Z,2026-10-02T09:37:33+00:00
KXNFLRECYDS-26OCT04DETCAR,KXNFLRECYDS,KXNFLRECYDS-26OCT04DETCAR-DETJWILLIAMS1-60,Jameson Williams: 60+ receiving yards,0.4000,0.4200,0.4300,223.18,223.18,active,2026-10-07T00:20:00Z,2026-10-02T09:37:33+00:00
KXNFLRECYDS-26OCT04DETCAR,KXNFLRECYDS,KXNFLRECYDS-26OCT04DETCAR-CARCHUBBARD30-25,Chuba Hubbard: 25+ receiving yards,0.2600,0.4000,0.3600,168.42,124.18,active,2026-10-07T00:20:00Z,2026-10-02T09:37:33+00:00
KXNFLRECYDS-26OCT04DETCAR,KXNFLRECYDS,KXNFLRECYDS-26OCT04DETCAR-DETSLAPORTA87-80,Sam LaPorta: 80+ receiving yards,0.1200,0.2000,0.0000,0.00,0.00,active,2026-10-07T00:20:00Z,2026-10-02T09:37:33+00:00
KXNFLRECYDS-26OCT04DETCAR,KXNFLRECYDS,KXNFLRECYDS-26OCT04DETCAR-DETSLAPORTA87-100,Sam LaPorta: 100+ receiving yards,0.0400,0.1000,0.0000,0.00,0.00,active,2026-10-07T00:20:00Z,2026-10-02T09:37:33+00:00
KXNFLRECYDS-26OCT04DETCAR,KXNFLRECYDS,KXNFLRECYDS-26OCT04DETCAR-CARCHUBBARD30-15,Chuba Hubbard: 15+ receiving yards,0.5300,0.6300,0.0000,0.00,0.00,active,2026-10-07T00:20:00Z,2026-10-02T09:37:33+00:00
KXNFLRECYDS-26OCT04DETCAR,KXNFLRECYDS,KXNFLRECYDS-26OCT04DETCAR-CARDWALLER88-15,Darren Waller: 15+ receiving yards,0.6800,0.7300,0.7300,73.18,73.18,active,2026-10-07T00:20:00Z,2026-10-02T09:37:33+00:00
KXNFLRECYDS-26OCT04DETCAR,KXNFLRECYDS,KXNFLRECYDS-26OCT04DETCAR-DETASTBROWN14-50,Amon-Ra St. Brown: 50+ receiving yards,0.7000,0.7900,0.7900,1.88,1.88,active,2026-10-07T00:20:00Z,2026-10-02T09:37:33+00:00
KXNFLRECYDS-26OCT04DETCAR,KXNFLRECYDS,KXNFLRECYDS-26OCT04DETCAR-DETASTBROWN14-90,Amon-Ra St. Brown: 90+ receiving yards,0.3000,0.3800,0.3900,310.07,310.07,active,2026-10-07T00:20:00Z,2026-10-02T09:37:33+00:00
KXNFLRECYDS-26OCT04DETCAR,KXNFLRECYDS,KXNFLRECYDS-26OCT04DETCAR-DETITESLAA18-50,Isaac TeSlaa: 50+ receiving yards,0.0500,0.1400,0.0000,0.00,0.00,active,2026-10-07T00:20:00Z,2026-10-02T09:37:33+00:00
KXNFLRECYDS-26OCT04DETCAR,KXNFLRECYDS,KXNFLRECYDS-26OCT04DETCAR-DETSLAPORTA87-70,Sam LaPorta: 70+ receiving yards,0.2000,0.2800,0.2800,18.00,18.00,active,2026-10-07T00:20:00Z,2026-10-02T09:37:33+00:00
KXNFLRECYDS-26OCT04DETCAR,KXNFLRECYDS,KXNFLRECYDS-26OCT04DETCAR-DETSLAPORTA87-60,Sam LaPorta: 60+ receiving yards,0.2900,0.3800,0.3800,18.00,18.00,active,2026-10-07T00:20:00Z,2026-10-02T09:37:33+00:00
KXNFLRECYDS-26OCT04DETCAR,KXNFLRECYDS,KXNFLRECYDS-26OCT04DETCAR-DETSLAPORTA87-90,Sam LaPorta: 90+ receiving yards,0.0600,0.1400,0.0000,0.00,0.00,active,2026-10-07T00:20:00Z,2026-10-02T09:37:33+00:00
KXNFLRECYDS-26OCT04DETCAR,KXNFLRECYDS,KXNFLRECYDS-26OCT04DETCAR-DETJWILLIAMS1-25,Jameson Williams: 25+ receiving yards,0.7300,0.8100,0.0000,0.00,0.00,active,2026-10-07T00:20:00Z,2026-10-02T09:37:33+00:00
KXNFLRECYDS-26OCT04DETCAR,KXNFLRECYDS,KXNFLRECYDS-26OCT04DETCAR-DETASTBROWN14-100,Amon-Ra St. Brown: 100+ receiving yards,0.2200,0.2900,0.3000,72.69,72.69,active,2026-10-07T00:20:00Z,2026-10-02T09:37:33+00:00
KXNFLRECYDS-26OCT04DETCAR,KXNFLRECYDS,KXNFLRECYDS-26OCT04DETCAR-DETJGIBBS0-80,Jahmyr Gibbs: 80+ receiving yards,0.0400,0.0900,0.1000,25.94,25.94,active,2026-10-07T00:20:00Z,2026-10-02T09:37:33+00:00
KXNFLRECYDS-26OCT04DETCAR,KXNFLRECYDS,KXNFLRECYDS-26OCT04DETCAR-DETJWILLIAMS1-130,Jameson Williams: 130+ receiving yards,0.0200,0.0600,0.0600,7.81,7.81,active,2026-10-07T00:20:00Z,2026-10-02T09:37:33+00:00
KXNFLRECYDS-26OCT04DETCAR,KXNFLRECYDS,KXNFLRECYDS-26OCT04DETCAR-CARTMCMILLAN4-120,Tetairoa McMillan: 120+ receiving yards,0.0300,0.1900,0.0000,0.00,0.00,active,2026-10-07T00:20:00Z,2026-10-02T09:37:33+00:00
KXNFLRECYDS-26OCT04DETCAR,KXNFLRECYDS,KXNFLRECYDS-26OCT04DETCAR-DETASTBROWN14-110,Amon-Ra St. Brown: 110+ receiving yards,0.1800,0.2300,0.0000,0.00,0.00,active,2026-10-07T00:20:00Z,2026-10-02T09:37:33+00:00
KXNFLRECYDS-26OCT04DETCAR,KXNFLRECYDS,KXNFLRECYDS-26OCT04DETCAR-CARCHUBBARD30-40,Chuba Hubbard: 40+ receiving yards,0.0800,0.1900,0.0000,0.00,0.00,active,2026-10-07T00:20:00Z,2026-10-02T09:37:33+00:00
KXNFLRECYDS-26OCT04DETCAR,KXNFLRECYDS,KXNFLRECYDS-26OCT04DETCAR-DETASTBROWN14-160,Amon-Ra St. Brown: 160+ receiving yards,0.0200,0.0700,0.0000,0.00,0.00,active,2026-10-07T00:20:00Z,2026-10-02T09:37:33+00:00
KXNFLRECYDS-26OCT04DETCAR,KXNFLRECYDS,KXNFLRECYDS-26OCT04DETCAR-DETASTBROWN14-120,Amon-Ra St. Brown: 120+ receiving yards,0.1300,0.2000,0.0000,0.00,0.00,active,2026-10-07T00:20:00Z,2026-10-02T09:37:33+00:00
KXNFLRECYDS-26OCT04DETCAR,KXNFLRECYDS,KXNFLRECYDS-26OCT04DETCAR-CARCHUBBARD30-60,Chuba Hubbard: 60+ receiving yards,0.0200,0.0900,0.0000,0.00,0.00,active,2026-10-07T00:20:00Z,2026-10-02T09:37:33+00:00
KXNFLRECYDS-26OCT04DETCAR,KXNFLRECYDS,KXNFLRECYDS-26OCT04DETCAR-CARCHUBBARD30-50,Chuba Hubbard: 50+ receiving yards,0.0300,0.1200,0.0000,0.00,0.00,active,2026-10-07T00:20:00Z,2026-10-02T09:37:33+00:00
KXNFLRECYDS-26OCT04DETCAR,KXNFLRECYDS,KXNFLRECYDS-26OCT04DETCAR-DETJGIBBS0-15,Jahmyr Gibbs: 15+ receiving yards,0.8000,0.8700,0.8700,11.33,11.33,active,2026-10-07T00:20:00Z,2026-10-02T09:37:33+00:00
KXNFLRECYDS-26OCT04DETCAR,KXNFLRECYDS,KXNFLRECYDS-26OCT04DETCAR-DETASTBROWN14-40,Amon-Ra St. Brown: 40+ receiving yards,0.7900,0.8600,0.8600,11.51,11.51,active,2026-10-07T00:20:00Z,2026-10-02T09:37:33+00:00
KXNFLRECYDS-26OCT04DETCAR,KXNFLRECYDS,KXNFLRECYDS-26OCT04DETCAR-CARDWALLER88-70,Darren Waller: 70+ receiving yards,0.0700,0.1000,0.1100,1270.72,1270.72,active,2026-10-07T00:20:00Z,2026-10-02T09:37:33+00:00
KXNFLRECYDS-26OCT04DETCAR,KXNFLRECYDS,KXNFLRECYDS-26OCT04DETCAR-DETJWILLIAMS1-40,Jameson Williams: 40+ receiving yards,0.5900,0.6400,0.6500,121.36,121.36,active,2026-10-07T00:20:00Z,2026-10-02T09:37:33+00:00
KXNFLRECYDS-26OCT04DETCAR,KXNFLRECYDS,KXNFLRECYDS-26OCT04DETCAR-DETSLAPORTA87-40,Sam LaPorta: 40+ receiving yards,0.5800,0.6300,0.0000,0.00,0.00,active,2026-10-07T00:20:00Z,2026-10-02T09:37:33+00:00
KXNFLRECYDS-26OCT04DETCAR,KXNFLRECYDS,KXNFLRECYDS-26OCT04DETCAR-DETJGIBBS0-90,Jahmyr Gibbs: 90+ receiving yards,0.0200,0.0700,0.0700,40.23,40.23,active,2026-10-07T00:20:00Z,2026-10-02T09:37:33+00:00
KXNFLRECYDS-26OCT04DETCAR,KXNFLRECYDS,KXNFLRECYDS-26OCT04DETCAR-DETSLAPORTA87-25,Sam LaPorta: 25+ receiving yards,0.7700,0.8300,0.0000,0.00,0.00,active,2026-10-07T00:20:00Z,2026-10-02T09:37:33+00:00
KXNFLRECYDS-26OCT04DETCAR,KXNFLRECYDS,KXNFLRECYDS-26OCT04DETCAR-DETJGIBBS0-25,Jahmyr Gibbs: 25+ receiving yards,0.6500,0.7100,0.0000,0.00,0.00,active,2026-10-07T00:20:00Z,2026-10-02T09:37:33+00:00
KXNFLRECYDS-26OCT04DETCAR,KXNFLRECYDS,KXNFLRECYDS-26OCT04DETCAR-DETJWILLIAMS1-120,Jameson Williams: 120+ receiving yards,0.0300,0.0800,0.0800,22.18,22.18,active,2026-10-07T00:20:00Z,2026-10-02T09:37:33+00:00
KXNFLRECYDS-26OCT04DETCAR,KXNFLRECYDS,KXNFLRECYDS-26OCT04DETCAR-CARDWALLER88-60,Darren Waller: 60+ receiving yards,0.0900,0.1400,0.1500,1412.05,1412.05,active,2026-10-07T00:20:00Z,2026-10-02T09:37:33+00:00
KXNFLRECYDS-26OCT04DETCAR,KXNFLRECYDS,KXNFLRECYDS-26OCT04DETCAR-DETASTBROWN14-70,Amon-Ra St. Brown: 70+ receiving yards,0.5000,0.5800,0.5800,132.26,132.26,active,2026-10-07T00:20:00Z,2026-10-02T09:37:33+00:00
KXNFLRECYDS-26OCT04DETCAR,KXNFLRECYDS,KXNFLRECYDS-26OCT04DETCAR-DETJGIBBS0-40,Jahmyr Gibbs: 40+ receiving yards,0.4200,0.4500,0.4500,391.16,391.16,active,2026-10-07T00:20:00Z,2026-10-02T09:37:33+00:00
KXNFLRECYDS-26OCT04DETCAR,KXNFLRECYDS,KXNFLRECYDS-26OCT04DETCAR-DETASTBROWN14-60,Amon-Ra St. Brown: 60+ receiving yards,0.5900,0.6800,0.6800,28.76,28.76,active,2026-10-07T00:20:00Z,2026-10-02T09:37:33+00:00
KXNFLRECYDS-26OCT04DETCAR,KXNFLRECYDS,KXNFLRECYDS-26OCT04DETCAR-DETJGIBBS0-70,Jahmyr Gibbs: 70+ receiving yards,0.0600,0.1400,0.1300,42.00,42.00,active,2026-10-07T00:20:00Z,2026-10-02T09:37:33+00:00
KXNFLRECYDS-26OCT04DETCAR,KXNFLRECYDS,KXNFLRECYDS-26OCT04DETCAR-DETASTBROWN14-80,Amon-Ra St. Brown: 80+ receiving yards,0.4200,0.4800,0.4800,587.19,587.19,active,2026-10-07T00:20:00Z,2026-10-02T09:37:33+00:00
KXNFLRECYDS-26OCT04DETCAR,KXNFLRECYDS,KXNFLRECYDS-26OCT04DETCAR-DETJGIBBS0-50,Jahmyr Gibbs: 50+ receiving yards,0.2900,0.3200,0.3100,66.13,66.13,active,2026-10-07T00:20:00Z,2026-10-02T09:37:33+00:00
KXNFLRECYDS-26OCT04DETCAR,KXNFLRECYDS,KXNFLRECYDS-26OCT04DETCAR-DETJWILLIAMS1-110,Jameson Williams: 110+ receiving yards,0.0600,0.1000,0.1100,44.11,44.11,active,2026-10-07T00:20:00Z,2026-10-02T09:37:33+00:00
KXNFLRECYDS-26OCT04DETCAR,KXNFLRECYDS,KXNFLRECYDS-26OCT04DETCAR-CARTMCMILLAN4-70,Tetairoa McMillan: 70+ receiving yards,0.4800,0.4900,0.5100,2541.74,2541.74,active,2026-10-07T00:20:00Z,2026-10-02T09:37:33+00:00
KXNFLRECYDS-26OCT04DETCAR,KXNFLRECYDS,KXNFLRECYDS-26OCT04DETCAR-DETJWILLIAMS1-80,Jameson Williams: 80+ receiving yards,0.1400,0.2500,0.2600,255.32,252.32,active,2026-10-07T00:20:00Z,2026-10-02T09:37:33+00:00
KXNFLRECYDS-26OCT04GBTB,KXNFLRECYDS,KXNFLRECYDS-26OCT04GBTB-TBCOTTON88-80,Cade Otton: 80+ receiving yards,0.0200,0.0600,0.0000,0.00,0.00,active,2026-10-06T17:00:00Z,2026-10-02T09:37:33+00:00
KXNFLRECYDS-26OCT04GBTB,KXNFLRECYDS,KXNFLRECYDS-26OCT04GBTB-GBSMOORE23-80,Skyy Moore: 80+ receiving yards,0.0200,0.0500,0.0000,0.00,0.00,active,2026-10-06T17:00:00Z,2026-10-02T09:37:33+00:00
KXNFLRECYDS-26OCT04GBTB,KXNFLRECYDS,KXNFLRECYDS-26OCT04GBTB-GBTKRAFT85-110,Tucker Kraft: 110+ receiving yards,0.0200,0.0600,0.0000,0.00,0.00,active,2026-10-06T17:00:00Z,2026-10-02T09:37:33+00:00
KXNFLRECYDS-26OCT04GBTB,KXNFLRECYDS,KXNFLRECYDS-26OCT04GBTB-GBMGOLDEN0-120,Matthew Golden: 120+ receiving yards,0.0400,0.0900,0.1000,18.81,18.81,active,2026-10-06T17:00:00Z,2026-10-02T09:37:33+00:00
KXNFLRECYDS-26OCT04GBTB,KXNFLRECYDS,KXNFLRECYDS-26OCT04GBTB-TBTJOHNSON15-40,Tez Johnson: 40+ receiving yards,0.0300,0.1100,0.0000,0.00,0.00,active,2026-10-06T17:00:00Z,2026-10-02T09:37:33+00:00
KXNFLRECYDS-26OCT04GBTB,KXNFLRECYDS,KXNFLRECYDS-26OCT04GBTB-GBTKRAFT85-50,Tucker Kraft: 50+ receiving yards,0.3800,0.4100,0.4000,23.99,23.99,active,2026-10-06T17:00:00Z,2026-10-02T09:37:33+00:00
KXNFLRECYDS-26OCT04GBTB,KXNFLRECYDS,KXNFLRECYDS-26OCT04GBTB-TBCOTTON88-50,Cade Otton: 50+ receiving yards,0.1700,0.1900,0.0000,0.00,0.00,active,2026-10-06T17:00:00Z,2026-10-02T09:37:33+00:00
KXNFLRECYDS-26OCT04GBTB,KXNFLRECYDS,KXNFLRECYDS-26OCT04GBTB-GBSMOORE23-40,Skyy Moore: 40+ receiving yards,0.2100,0.2300,0.0000,0.00,0.00,active,2026-10-06T17:00:00Z,2026-10-02T09:37:33+00:00
KXNFLRECYDS-26OCT04GBTB,KXNFLRECYDS,KXNFLRECYDS-26OCT04GBTB-TBBIRVING7-25,Bucky Irving: 25+ receiving yards,0.2200,0.2500,0.2500,52.61,52.61,active,2026-10-06T17:00:00Z,2026-10-02T09:37:33+00:00
KXNFLRECYDS-26OCT04GBTB,KXNFLRECYDS,KXNFLRECYDS-26OCT04GBTB-TBTHURST17-80,Ted Hurst III: 80+ receiving yards,0.0200,0.0600,0.0000,0.00,0.00,active,2026-10-06T17:00:00Z,2026-10-02T09:37:33+00:00
KXNFLRECYDS-26OCT04GBTB,KXNFLRECYDS,KXNFLRECYDS-26OCT04GBTB-GBCWATSON9-150,Christian Watson: 150+ receiving yards,0.0200,0.0600,0.0000,0.00,0.00,active,2026-10-06T17:00:00Z,2026-10-02T09:37:33+00:00
KXNFLRECYDS-26OCT04GBTB,KXNFLRECYDS,KXNFLRECYDS-26OCT04GBTB-TBKGAINWELL1-40,Kenny Gainwell: 40+ receiving yards,0.0200,0.0900,0.0000,0.00,0.00,active,2026-10-06T17:00:00Z,2026-10-02T09:37:33+00:00
KXNFLRECYDS-26OCT04GBTB,KXNFLRECYDS,KXNFLRECYDS-26OCT04GBTB-TBTHURST17-25,Ted Hurst III: 25+ receiving yards,0.3300,0.4800,0.4900,0.97,0.97,active,2026-10-06T17:00:00Z,2026-10-02T09:37:33+00:00
KXNFLRECYDS-26OCT04GBTB,KXNFLRECYDS,KXNFLRECYDS-26OCT04GBTB-TBTHURST17-70,Ted Hurst III: 70+ receiving yards,0.0300,0.0900,0.0000,0.00,0.00,active,2026-10-06T17:00:00Z,2026-10-02T09:37:33+00:00
KXNFLRECYDS-26OCT04GBTB,KXNFLRECYDS,KXNFLRECYDS-26OCT04GBTB-TBKGAINWELL1-10,Kenny Gainwell: 10+ receiving yards,0.4400,0.4800,0.4800,6.20,6.20,active,2026-10-06T17:00:00Z,2026-10-02T09:37:33+00:00
KXNFLRECYDS-26OCT04GBTB,KXNFLRECYDS,KXNFLRECYDS-26OCT04GBTB-TBTHURST17-15,Ted Hurst III: 15+ receiving yards,0.5100,0.6600,0.0000,0.00,0.00,active,2026-10-06T17:00:00Z,2026-10-02T09:37:33+00:00
KXNFLRECYDS-26OCT04GBTB,KXNFLRECYDS,KXNFLRECYDS-26OCT04GBTB-TBTHURST17-50,Ted Hurst III: 50+ receiving yards,0.0400,0.2000,0.0000,0.00,0.00,active,2026-10-06T17:00:00Z,2026-10-02T09:37:33+00:00
KXNFLRECYDS-26OCT04GBTB,KXNFLRECYDS,KXNFLRECYDS-26OCT04GBTB-TBKGAINWELL1-15,Kenny Gainwell: 15+ receiving yards,0.2200,0.3500,0.3900,45.77,45.77,active,2026-10-06T17:00:00Z,2026-10-02T09:37:33+00:00
KXNFLRECYDS-26OCT04GBTB,KXNFLRECYDS,KXNFLRECYDS-26OCT04GBTB-TBKGAINWELL1-50,Kenny Gainwell: 50+ receiving yards,0.0200,0.0500,0.0600,31.27,31.27,active,2026-10-06T17:00:00Z,2026-10-02T09:37:33+00:00
KXNFLRECYDS-26OCT04GBTB,KXNFLRECYDS,KXNFLRECYDS-26OCT04GBTB-TBTJOHNSON15-50,Tez Johnson: 50+ receiving yards,0.0300,0.0700,0.0000,0.00,0.00,active,2026-10-06T17:00:00Z,2026-10-02T09:37:33+00:00
KXNFLRECYDS-26OCT04GBTB,KXNFLRECYDS,KXNFLRECYDS-26OCT04GBTB-TBBIRVING7-40,Bucky Irving: 40+ receiving yards,0.0300,0.1100,0.0000,0.00,0.00,active,2026-10-06T17:00:00Z,2026-10-02T09:37:33+00:00
KXNFLRECYDS-26OCT04GBTB,KXNFLRECYDS,KXNFLRECYDS-26OCT04GBTB-GBSMOORE23-60,Skyy Moore: 60+ receiving yards,0.0500,0.1100,0.0000,0.00,0.00,active,2026-10-06T17:00:00Z,2026-10-02T09:37:33+00:00
KXNFLRECYDS-26OCT04GBTB,KXNFLRECYDS,KXNFLRECYDS-26OCT04GBTB-TBBIRVING7-60,Bucky Irving: 60+ receiving yards,0.0200,0.0500,0.0000,0.00,0.00,active,2026-10-06T17:00:00Z,2026-10-02T09:37:33+00:00
KXNFLRECYDS-26OCT04GBTB,KXNFLRECYDS,KXNFLRECYDS-26OCT04GBTB-GBCWATSON9-40,Christian Watson: 40+ receiving yards,0.7600,0.7800,0.7800,25.12,25.12,active,2026-10-06T17:00:00Z,2026-10-02T09:37:33+00:00
KXNFLRECYDS-26OCT04GBTB,KXNFLRECYDS,KXNFLRECYDS-26OCT04GBTB-TBTHURST17-60,Ted Hurst III: 60+ receiving yards,0.0300,0.1300,0.0000,0.00,0.00,active,2026-10-06T17:00:00Z,2026-10-02T09:37:33+00:00
KXNFLRECYDS-26OCT04GBTB,KXNFLRECYDS,KXNFLRECYDS-26OCT04GBTB-TBTJOHNSON15-10,Tez Johnson: 10+ receiving yards,0.4700,0.5100,0.0000,0.00,0.00,active,2026-10-06T17:00:00Z,2026-10-02T09:37:33+00:00
KXNFLRECYDS-26OCT04GBTB,KXNFLRECYDS,KXNFLRECYDS-26OCT04GBTB-GBTKRAFT85-60,Tucker Kraft: 60+ receiving yards,0.2800,0.3000,0.2900,410.66,410.66,active,2026-10-06T17:00:00Z,2026-10-02T09:37:33+00:00
KXNFLRECYDS-26OCT04GBTB,KXNFLRECYDS,KXNFLRECYDS-26OCT04GBTB-GBCWATSON9-130,Christian Watson: 130+ receiving yards,0.0500,0.1000,0.0000,0.00,0.00,active,2026-10-06T17:00:00Z,2026-10-02T09:37:33+00:00
KXNFLRECYDS-26OCT04GBTB,KXNFLRECYDS,KXNFLRECYDS-26OCT04GBTB-GBJSMITH18-40,Jonnu Smith: 40+ receiving yards,0.0200,0.0800,0.0000,0.00,0.00,active,2026-10-06T17:00:00Z,2026-10-02T09:37:33+00:00
KXNFLRECYDS-26OCT04GBTB,KXNFLRECYDS,KXNFLRECYDS-26OCT04GBTB-GBMGOLDEN0-130,Matthew Golden: 130+ receiving yards,0.0200,0.0800,0.0700,26.82,26.82,active,2026-10-06T17:00:00Z,2026-10-02T09:37:33+00:00
KXNFLRECYDS-26OCT04GBTB,KXNFLRECYDS,KXNFLRECYDS-26OCT04GBTB-GBJSMITH18-25,Jonnu Smith: 25+ receiving yards,0.1000,0.1600,0.1300,36.00,36.00,active,2026-10-06T17:00:00Z,2026-10-02T09:37:33+00:00
KXNFLRECYDS-26OCT04GBTB,KXNFLRECYDS,KXNFLRECYDS-26OCT04GBTB-GBMGOLDEN0-110,Matthew Golden: 110+ receiving yards,0.0700,0.1300,0.1300,14.50,14.50,active,2026-10-06T17:00:00Z,2026-10-02T09:37:33+00:00
KXNFLRECYDS-26OCT04GBTB,KXNFLRECYDS,KXNFLRECYDS-26OCT04GBTB-GBCWATSON9-140,Christian Watson: 140+ receiving yards,0.0200,0.0800,0.0000,0.00,0.00,active,2026-10-06T17:00:00Z,2026-10-02T09:37:33+00:00
KXNFLRECYDS-26OCT04GBTB,KXNFLRECYDS,KXNFLRECYDS-26OCT04GBTB-GBCWATSON9-160,Christian Watson: 160+ receiving yards,0.0200,0.0500,0.0000,0.00,0.00,active,2026-10-06T17:00:00Z,2026-10-02T09:37:33+00:00
KXNFLRECYDS-26OCT04GBTB,KXNFLRECYDS,KXNFLRECYDS-26OCT04GBTB-GBCWATSON9-110,Christian Watson: 110+ receiving yards,0.1300,0.1800,0.0000,0.00,0.00,active,2026-10-06T17:00:00Z,2026-10-02T09:37:33+00:00
KXNFLRECYDS-26OCT04GBTB,KXNFLRECYDS,KXNFLRECYDS-26OCT04GBTB-TBBIRVING7-50,Bucky Irving: 50+ receiving yards,0.0200,0.0700,0.0000,0.00,0.00,active,2026-10-06T17:00:00Z,2026-10-02T09:37:33+00:00
KXNFLRECYDS-26OCT04GBTB,KXNFLRECYDS,KXNFLRECYDS-26OCT04GBTB-GBSMOORE23-70,Skyy Moore: 70+ receiving yards,0.0200,0.0800,0.0000,0.00,0.00,active,2026-10-06T17:00:00Z,2026-10-02T09:37:33+00:00
KXNFLRECYDS-26OCT04GBTB,KXNFLRECYDS,KXNFLRECYDS-26OCT04GBTB-GBSMOORE23-15,Skyy Moore: 15+ receiving yards,0.5700,0.6200,0.0000,0.00,0.00,active,2026-10-06T17:00:00Z,2026-10-02T09:37:33+00:00
KXNFLRECYDS-26OCT04GBTB,KXNFLRECYDS,KXNFLRECYDS-26OCT04GBTB-TBBIRVING7-15,Bucky Irving: 15+ receiving yards,0.4500,0.4700,0.4500,256.32,256.32,active,2026-10-06T17:00:00Z,2026-10-02T09:37:33+00:00
KXNFLRECYDS-26OCT04GBTB,KXNFLRECYDS,KXNFLRECYDS-26OCT04GBTB-GBMGOLDEN0-100,Matthew Golden: 100+ receiving yards,0.1500,0.1800,0.1800,4944.19,4944.19,active,2026-10-06T17:00:00Z,2026-10-02T09:37:33+00:00
KXNFLRECYDS-26OCT04GBTB,KXNFLRECYDS,KXNFLRECYDS-26OCT04GBTB-TBTJOHNSON15-15,Tez Johnson: 15+ receiving yards,0.3600,0.4000,0.0000,0.00,0.00,active,2026-10-06T17:00:00Z,2026-10-02T09:37:33+00:00
KXNFLRECYDS-26OCT04GBTB,KXNFLRECYDS,KXNFLRECYDS-26OCT04GBTB-TBTJOHNSON15-25,Tez Johnson: 25+ receiving yards,0.2100,0.2400,0.0000,0.00,0.00,active,2026-10-06T17:00:00Z,2026-10-02T09:37:33+00:00
KXNFLRECYDS-26OCT04GBTB,KXNFLRECYDS,KXNFLRECYDS-26OCT04GBTB-TBCGODWIN14-15,Chris Godwin Jr.: 15+ receiving yards,0.5600,0.7200,0.0000,0.00,0.00,active,2026-10-06T17:00:00Z,2026-10-02T09:37:33+00:00
KXNFLRECYDS-26OCT04GBTB,KXNFLRECYDS,KXNFLRECYDS-26OCT04GBTB-TBEEGBUKA2-100,Emeka Egbuka: 100+ receiving yards,0.0200,0.0800,0.0000,0.00,0.00,active,2026-10-06T17:00:00Z,2026-10-02T09:37:33+00:00
KXNFLRECYDS-26OCT04GBTB,KXNFLRECYDS,KXNFLRECYDS-26OCT04GBTB-GBCWATSON9-60,Christian Watson: 60+ receiving yards,0.5500,0.5800,0.5800,101.35,101.35,active,2026-10-06T17:00:00Z,2026-10-02T09:37:33+00:00
KXNFLRECYDS-26OCT04GBTB,KXNFLRECYDS,KXNFLRECYDS-26OCT04GBTB-TBCGODWIN14-25,Chris Godwin Jr.: 25+ receiving yards,0.4000,0.5500,0.5400,0.88,0.88,active,2026-10-06T17:00:00Z,2026-10-02T09:37:33+00:00
KXNFLRECYDS-26OCT04GBTB,KXNFLRECYDS,KXNFLRECYDS-26OCT04GBTB-TBEEGBUKA2-70,Emeka Egbuka: 70+ receiving yards,0.0600,0.2000,0.1800,26.00,26.00,active,2026-10-06T17:00:00Z,2026-10-02T09:37:33+00:00
KXNFLRECYDS-26OCT04GBTB,KXNFLRECYDS,KXNFLRECYDS-26OCT04GBTB-TBEEGBUKA2-25,Emeka Egbuka: 25+ receiving yards,0.6600,0.6900,0.0000,0.00,0.00,active,2026-10-06T17:00:00Z,2026-10-02T09:37:33+00:00
KXNFLRECYDS-26OCT04GBTB,KXNFLRECYDS,KXNFLRECYDS-26OCT04GBTB-TBEEGBUKA2-90,Emeka Egbuka: 90+ receiving yards,0.0300,0.1100,0.0000,0.00,0.00,active,2026-10-06T17:00:00Z,2026-10-02T09:37:33+00:00
KXNFLRECYDS-26OCT04GBTB,KXNFLRECYDS,KXNFLRECYDS-26OCT04GBTB-TBEEGBUKA2-80,Emeka Egbuka: 80+ receiving yards,0.0400,0.1500,0.1200,44.00,44.00,active,2026-10-06T17:00:00Z,2026-10-02T09:37:33+00:00
KXNFLRECYDS-26OCT04GBTB,KXNFLRECYDS,KXNFLRECYDS-26OCT04GBTB-TBCOTTON88-60,Cade Otton: 60+ receiving yards,0.0300,0.1300,0.0000,0.00,0.00,active,2026-10-06T17:00:00Z,2026-10-02T09:37:33+00:00
KXNFLRECYDS-26OCT04GBTB,KXNFLRECYDS,KXNFLRECYDS-26OCT04GBTB-TBEEGBUKA2-15,Emeka Egbuka: 15+ receiving yards,0.7900,0.8400,0.0000,0.00,0.00,active,2026-10-06T17:00:00Z,2026-10-02T09:37:33+00:00
KXNFLRECYDS-26OCT04GBTB,KXNFLRECYDS,KXNFLRECYDS-26OCT04GBTB-TBCGODWIN14-80,Chris Godwin Jr.: 80+ receiving yards,0.0200,0.0700,0.0000,0.00,0.00,active,2026-10-06T17:00:00Z,2026-10-02T09:37:33+00:00
KXNFLRECYDS-26OCT04GBTB,KXNFLRECYDS,KXNFLRECYDS-26OCT04GBTB-TBCOTTON88-70,Cade Otton: 70+ receiving yards,0.0300,0.0900,0.0000,0.00,0.00,active,2026-10-06T17:00:00Z,2026-10-02T09:37:33+00:00
KXNFLRECYDS-26OCT04GBTB,KXNFLRECYDS,KXNFLRECYDS-26OCT04GBTB-GBCWATSON9-90,Christian Watson: 90+ receiving yards,0.2900,0.3100,0.3000,31.77,31.77,active,2026-10-06T17:00:00Z,2026-10-02T09:37:33+00:00
KXNFLRECYDS-26OCT04GBTB,KXNFLRECYDS,KXNFLRECYDS-26OCT04GBTB-TBCGODWIN14-70,Chris Godwin Jr.: 70+ receiving yards,0.0300,0.1000,0.1000,50.00,50.00,active,2026-10-06T17:00:00Z,2026-10-02T09:37:33+00:00
KXNFLRECYDS-26OCT04GBTB,KXNFLRECYDS,KXNFLRECYDS-26OCT04GBTB-GBTKRAFT85-25,Tucker Kraft: 25+ receiving yards,0.7000,0.7400,0.0000,0.00,0.00,active,2026-10-06T17:00:00Z,2026-10-02T09:37:33+00:00
KXNFLRECYDS-26OCT04GBTB,KXNFLRECYDS,KXNFLRECYDS-26OCT04GBTB-TBCOTTON88-15,Cade Otton: 15+ receiving yards,0.6700,0.7000,0.0000,0.00,0.00,active,2026-10-06T17:00:00Z,2026-10-02T09:37:33+00:00
KXNFLRECYDS-26OCT04GBTB,KXNFLRECYDS,KXNFLRECYDS-26OCT04GBTB-TBCOTTON88-40,Cade Otton: 40+ receiving yards,0.2700,0.3000,0.3000,10.78,10.78,active,2026-10-06T17:00:00Z,2026-10-02T09:37:33+00:00
KXNFLRECYDS-26OCT04GBTB,KXNFLRECYDS,KXNFLRECYDS-26OCT04GBTB-GBTKRAFT85-100,Tucker Kraft: 100+ receiving yards,0.0300,0.0900,0.0000,0.00,0.00,active,2026-10-06T17:00:00Z,2026-10-02T09:37:33+00:00
KXNFLRECYDS-26OCT04GBTB,KXNFLRECYDS,KXNFLRECYDS-26OCT04GBTB-TBCGODWIN14-60,Chris Godwin Jr.: 60+ receiving yards,0.0300,0.1600,0.1200,46.00,46.00,active,2026-10-06T17:00:00Z,2026-10-02T09:37:33+00:00
KXNFLRECYDS-26OCT04GBTB,KXNFLRECYDS,KXNFLRECYDS-26OCT04GBTB-GBCWATSON9-70,Christian Watson: 70+ receiving yards,0.4600,0.4800,0.4800,8723.08,8714.01,active,2026-10-06T17:00:00Z,2026-10-02T09:37:33+00:00
KXNFLRECYDS-26OCT04GBTB,KXNFLRECYDS,KXNFLRECYDS-26OCT04GBTB-GBTKRAFT85-40,Tucker Kraft: 40+ receiving yards,0.5100,0.5400,0.5300,1847.39,1847.39,active,2026-10-06T17:00:00Z,2026-10-02T09:37:33+00:00
KXNFLRECYDS-26OCT04GBTB,KXNFLRECYDS,KXNFLRECYDS-26OCT04GBTB-GBCWATSON9-80,Christian Watson: 80+ receiving yards,0.3600,0.3900,0.3800,49.81,49.81,active,2026-10-06T17:00:00Z,2026-10-02T09:37:33+00:00
KXNFLRECYDS-26OCT04GBTB,KXNFLRECYDS,KXNFLRECYDS-26OCT04GBTB-TBCOTTON88-25,Cade Otton: 25+ receiving yards,0.5000,0.5300,0.5100,166.23,166.23,active,2026-10-06T17:00:00Z,2026-10-02T09:37:33+00:00
KXNFLRECYDS-26OCT04GBTB,KXNFLRECYDS,KXNFLRECYDS-26OCT04GBTB-GBMGOLDEN0-70,Matthew Golden: 70+ receiving yards,0.3600,0.3900,0.3900,7.37,7.37,active,2026-10-06T17:00:00Z,2026-10-02T09:37:33+00:00
KXNFLRECYDS-26OCT04GBTB,KXNFLRECYDS,KXNFLRECYDS-26OCT04GBTB-TBEEGBUKA2-50,Emeka Egbuka: 50+ receiving yards,0.3400,0.3800,0.3800,11.97,11.97,active,2026-10-06T17:00:00Z,2026-10-02T09:37:33+00:00
KXNFLRECYDS-26OCT04GBTB,KXNFLRECYDS,KXNFLRECYDS-26OCT04GBTB-GBMGOLDEN0-60,Matthew Golden: 60+ receiving yards,0.4600,0.4900,0.4900,8709.79,8709.79,active,2026-10-06T17:00:00Z,2026-10-02T09:37:33+00:00
KXNFLRECYDS-26OCT04GBTB,KXNFLRECYDS,KXNFLRECYDS-26OCT04GBTB-GBMGOLDEN0-40,Matthew Golden: 40+ receiving yards,0.6800,0.7100,0.0000,0.00,0.00,active,2026-10-06T17:00:00Z,2026-10-02T09:37:33+00:00
KXNFLRECYDS-26OCT04GBTB,KXNFLRECYDS,KXNFLRECYDS-26OCT04GBTB-GBTKRAFT85-15,Tucker Kraft: 15+ receiving yards,0.7900,0.8700,0.0000,0.00,0.00,active,2026-10-06T17:00:00Z,2026-10-02T09:37:33+00:00
KXNFLRECYDS-26OCT04GBTB,KXNFLRECYDS,KXNFLRECYDS-26OCT04GBTB-TBEEGBUKA2-60,Emeka Egbuka: 60+ receiving yards,0.2000,0.2800,0.2700,18.00,18.00,active,2026-10-06T17:00:00Z,2026-10-02T09:37:33+00:00
KXNFLRECYDS-26OCT04GBTB,KXNFLRECYDS,KXNFLRECYDS-26OCT04GBTB-GBMGOLDEN0-80,Matthew Golden: 80+ receiving yards,0.2800,0.3100,0.3100,9.32,9.32,active,2026-10-06T17:00:00Z,2026-10-02T09:37:33+00:00
KXNFLRECYDS-26OCT04GBTB,KXNFLRECYDS,KXNFLRECYDS-26OCT04GBTB-GBMGOLDEN0-50,Matthew Golden: 50+ receiving yards,0.5500,0.5900,0.6000,64.10,64.10,active,2026-10-06T17:00:00Z,2026-10-02T09:37:33+00:00
KXNFLRECYDS-26OCT04GBTB,KXNFLRECYDS,KXNFLRECYDS-26OCT04GBTB-GBTKRAFT85-80,Tucker Kraft: 80+ receiving yards,0.0700,0.1400,0.1300,36.25,36.25,active,2026-10-06T17:00:00Z,2026-10-02T09:37:33+00:00
KXNFLRECYDS-26OCT04GBTB,KXNFLRECYDS,KXNFLRECYDS-26OCT04GBTB-GBTKRAFT85-90,Tucker Kraft: 90+ receiving yards,0.0500,0.1100,0.0000,0.00,0.00,active,2026-10-06T17:00:00Z,2026-10-02T09:37:33+00:00
KXNFLRECYDS-26OCT04GBTB,KXNFLRECYDS,KXNFLRECYDS-26OCT04GBTB-GBTKRAFT85-70,Tucker Kraft: 70+ receiving yards,0.1100,0.2100,0.0000,0.00,0.00,active,2026-10-06T17:00:00Z,2026-10-02T09:37:33+00:00
KXNFLRECYDS-26OCT04GBTB,KXNFLRECYDS,KXNFLRECYDS-26OCT04GBTB-GBMGOLDEN0-25,Matthew Golden: 25+ receiving yards,0.7800,0.8700,0.8700,11.22,11.22,active,2026-10-06T17:00:00Z,2026-10-02T09:37:33+00:00
KXNFLRECYDS-26OCT04GBTB,KXNFLRECYDS,KXNFLRECYDS-26OCT04GBTB-TBCGODWIN14-50,Chris Godwin Jr.: 50+ receiving yards,0.0800,0.2200,0.2000,9.00,9.00,active,2026-10-06T17:00:00Z,2026-10-02T09:37:33+00:00
KXNFLRECYDS-26OCT04GBTB,KXNFLRECYDS,KXNFLRECYDS-26OCT04GBTB-GBMGOLDEN0-90,Matthew Golden: 90+ receiving yards,0.1500,0.2300,0.2300,8.25,8.25,active,2026-10-06T17:00:00Z,2026-10-02T09:37:33+00:00
KXNFLRECYDS-26OCT04GBTB,KXNFLRECYDS,KXNFLRECYDS-26OCT04GBTB-TBTHURST17-40,Ted Hurst III: 40+ receiving yards,0.1300,0.2800,0.0000,0.00,0.00,active,2026-10-06T17:00:00Z,2026-10-02T09:37:33+00:00
KXNFLRECYDS-26OCT04GBTB,KXNFLRECYDS,KXNFLRECYDS-26OCT04GBTB-GBCWATSON9-100,Christian Watson: 100+ receiving yards,0.1800,0.2500,0.2300,4100.52,4100.52,active,2026-10-06T17:00:00Z,2026-10-02T09:37:33+00:00
KXNFLRECYDS-26OCT04GBTB,KXNFLRECYDS,KXNFLRECYDS-26OCT04GBTB-GBMLLOYD32-25,MarShawn Lloyd: 25+ receiving yards,0.0900,0.1200,0.0000,0.00,0.00,active,2026-10-06T17:00:00Z,2026-10-02T09:37:33+00:00
KXNFLRECYDS-26OCT04GBTB,KXNFLRECYDS,KXNFLRECYDS-26OCT04GBTB-GBMLLOYD32-40,MarShawn Lloyd: 40+ receiving yards,0.0200,0.0600,0.0000,0.00,0.00,active,2026-10-06T17:00:00Z,2026-10-02T09:37:33+00:00
KXNFLRECYDS-26OCT04GBTB,KXNFLRECYDS,KXNFLRECYDS-26OCT04GBTB-GBCWATSON9-120,Christian Watson: 120+ receiving yards,0.0800,0.1400,0.0000,0.00,0.00,active,2026-10-06T17:00:00Z,2026-10-02T09:37:33+00:00
KXNFLRECYDS-26OCT04GBTB,KXNFLRECYDS,KXNFLRECYDS-26OCT04GBTB-TBCGODWIN14-40,Chris Godwin Jr.: 40+ receiving yards,0.2500,0.3300,0.2900,9.00,9.00,active,2026-10-06T17:00:00Z,2026-10-02T09:37:33+00:00
KXNFLRECYDS-26OCT04GBTB,KXNFLRECYDS,KXNFLRECYDS-26OCT04GBTB-TBEEGBUKA2-40,Emeka Egbuka: 40+ receiving yards,0.4700,0.5000,0.5000,927.66,927.66,active,2026-10-06T17:00:00Z,2026-10-02T09:37:33+00:00
KXNFLRECYDS-26OCT04GBTB,KXNFLRECYDS,KXNFLRECYDS-26OCT04GBTB-GBSMOORE23-20,Skyy Moore: 20+ receiving yards,0.4700,0.4900,0.5000,18.00,18.00,active,2026-10-06T17:00:00Z,2026-10-02T09:37:33+00:00
KXNFLRECYDS-26OCT04GBTB,KXNFLRECYDS,KXNFLRECYDS-26OCT04GBTB-GBMGOLDEN0-140,Matthew Golden: 140+ receiving yards,0.0200,0.0600,0.0600,31.27,31.27,active,2026-10-06T17:00:00Z,2026-10-02T09:37:33+00:00
KXNFLRECYDS-26OCT04GBTB,KXNFLRECYDS,KXNFLRECYDS-26OCT04GBTB-GBMLLOYD32-15,MarShawn Lloyd: 15+ receiving yards,0.2200,0.2500,0.2500,346.06,346.06,active,2026-10-06T17:00:00Z,2026-10-02T09:37:33+00:00
KXNFLRECYDS-26OCT04GBTB,KXNFLRECYDS,KXNFLRECYDS-26OCT04GBTB-GBSMOORE23-25,Skyy Moore: 25+ receiving yards,0.3900,0.4200,0.0000,0.00,0.00,active,2026-10-06T17:00:00Z,2026-10-02T09:37:33+00:00
KXNFLRECYDS-26OCT04GBTB,KXNFLRECYDS,KXNFLRECYDS-26OCT04GBTB-GBSMOORE23-50,Skyy Moore: 50+ receiving yards,0.0700,0.1500,0.0000,0.00,0.00,active,2026-10-06T17:00:00Z,2026-10-02T09:37:33+00:00
KXNFLRECYDS-26OCT04GBTB,KXNFLRECYDS,KXNFLRECYDS-26OCT04GBTB-TBKGAINWELL1-25,Kenny Gainwell: 25+ receiving yards,0.0700,0.1700,0.1800,249.98,249.98,active,2026-10-06T17:00:00Z,2026-10-02T09:37:33+00:00
KXNFLRECYDS-26OCT04GBTB,KXNFLRECYDS,KXNFLRECYDS-26OCT04GBTB-GBJSMITH18-15,Jonnu Smith: 15+ receiving yards,0.2600,0.3000,0.3100,187.84,187.84,active,2026-10-06T17:00:00Z,2026-10-02T09:37:33+00:00
KXNFLRECYDS-26OCT04GBTB,KXNFLRECYDS,KXNFLRECYDS-26OCT04GBTB-GBCWATSON9-50,Christian Watson: 50+ receiving yards,0.6500,0.6800,0.6700,15.63,15.63,active,2026-10-06T17:00:00Z,2026-10-02T09:37:33+00:00
KXNFLRECYDS-26OCT04INDWAS,KXNFLRECYDS,KXNFLRECYDS-26OCT04INDWAS-INDJTAYLOR28-70,Jonathan Taylor: 70+ receiving yards,0.0200,0.0500,0.0000,0.00,0.00,active,2026-10-06T13:30:00Z,2026-10-02T09:37:33+00:00
KXNFLRECYDS-26OCT04INDWAS,KXNFLRECYDS,KXNFLRECYDS-26OCT04INDWAS-INDKALLEN10-100,Keenan Allen: 100+ receiving yards,0.0200,0.0600,0.0600,78.56,78.56,active,2026-10-06T13:30:00Z,2026-10-02T09:37:33+00:00
KXNFLRECYDS-26OCT04INDWAS,KXNFLRECYDS,KXNFLRECYDS-26OCT04INDWAS-INDJTAYLOR28-15,Jonathan Taylor: 15+ receiving yards,0.5800,0.6200,0.0000,0.00,0.00,active,2026-10-06T13:30:00Z,2026-10-02T09:37:33+00:00
KXNFLRECYDS-26OCT04INDWAS,KXNFLRECYDS,KXNFLRECYDS-26OCT04INDWAS-WASTMCLAURIN17-55,Terry McLaurin: 55+ receiving yards,0.4500,0.4800,0.4800,202.28,202.28,active,2026-10-06T13:30:00Z,2026-10-02T09:37:33+00:00
KXNFLRECYDS-26OCT04INDWAS,KXNFLRECYDS,KXNFLRECYDS-26OCT04INDWAS-INDKALLEN10-40,Keenan Allen: 40+ receiving yards,0.4600,0.4700,0.4800,1787.11,1787.11,active,2026-10-06T13:30:00Z,2026-10-02T09:37:33+00:00
KXNFLRECYDS-26OCT04INDWAS,KXNFLRECYDS,KXNFLRECYDS-26OCT04INDWAS-INDJDOWNS2-40,Josh Downs: 40+ receiving yards,0.7200,0.7700,0.7700,182.93,182.93,active,2026-10-06T13:30:00Z,2026-10-02T09:37:33+00:00
KXNFLRECYDS-26OCT04INDWAS,KXNFLRECYDS,KXNFLRECYDS-26OCT04INDWAS-INDJTAYLOR28-60,Jonathan Taylor: 60+ receiving yards,0.0400,0.0800,0.0000,0.00,0.00,active,2026-10-06T13:30:00Z,2026-10-02T09:37:33+00:00
KXNFLRECYDS-26OCT04INDWAS,KXNFLRECYDS,KXNFLRECYDS-26OCT04INDWAS-INDDSLAYTON11-70,Darius Slayton: 70+ receiving yards,0.0200,0.0600,0.0000,0.00,0.00,active,2026-10-06T13:30:00Z,2026-10-02T09:37:33+00:00
KXNFLRECYDS-26OCT04INDWAS,KXNFLRECYDS,KXNFLRECYDS-26OCT04INDWAS-WASAWILLIAMS14-60,Antonio Williams: 60+ receiving yards,0.0300,0.0900,0.0900,2160.00,2160.00,active,2026-10-06T13:30:00Z,2026-10-02T09:37:33+00:00
KXNFLRECYDS-26OCT04INDWAS,KXNFLRECYDS,KXNFLRECYDS-26OCT04INDWAS-WASAWILLIAMS14-25,Antonio Williams: 25+ receiving yards,0.3500,0.3800,0.3800,760.00,760.00,active,2026-10-06T13:30:00Z,2026-10-02T09:37:33+00:00
KXNFLRECYDS-26OCT04INDWAS,KXNFLRECYDS,KXNFLRECYDS-26OCT04INDWAS-WASSDIGGS3-80,Stefon Diggs: 80+ receiving yards,0.0300,0.1700,0.1800,68.05,68.05,active,2026-10-06T13:30:00Z,2026-10-02T09:37:33+00:00
KXNFLRECYDS-26OCT04INDWAS,KXNFLRECYDS,KXNFLRECYDS-26OCT04INDWAS-WASAWILLIAMS14-40,Antonio Williams: 40+ receiving yards,0.1700,0.2000,0.2000,1530.67,1530.67,active,2026-10-06T13:30:00Z,2026-10-02T09:37:33+00:00
KXNFLRECYDS-26OCT04INDWAS,KXNFLRECYDS,KXNFLRECYDS-26OCT04INDWAS-WASTMCLAURIN17-110,Terry McLaurin: 110+ receiving yards,0.0300,0.1100,0.1000,6.00,6.00,active,2026-10-06T13:30:00Z,2026-10-02T09:37:33+00:00
KXNFLRECYDS-26OCT04INDWAS,KXNFLRECYDS,KXNFLRECYDS-26OCT04INDWAS-WASTMCLAURIN17-40,Terry McLaurin: 40+ receiving yards,0.6100,0.6600,0.6900,70.41,70.41,active,2026-10-06T13:30:00Z,2026-10-02T09:37:33+00:00
KXNFLRECYDS-26OCT04INDWAS,KXNFLRECYDS,KXNFLRECYDS-26OCT04INDWAS-INDJTAYLOR28-50,Jonathan Taylor: 50+ receiving yards,0.0700,0.1300,0.0000,0.00,0.00,active,2026-10-06T13:30:00Z,2026-10-02T09:37:33+00:00
KXNFLRECYDS-26OCT04INDWAS,KXNFLRECYDS,KXNFLRECYDS-26OCT04INDWAS-INDTWARREN84-50,Tyler Warren: 50+ receiving yards,0.4700,0.4800,0.4800,1797.60,1787.81,active,2026-10-06T13:30:00Z,2026-10-02T09:37:33+00:00
KXNFLRECYDS-26OCT04INDWAS,KXNFLRECYDS,KXNFLRECYDS-26OCT04INDWAS-WASSDIGGS3-50,Stefon Diggs: 50+ receiving yards,0.4100,0.4400,0.4400,34.59,34.59,active,2026-10-06T13:30:00Z,2026-10-02T09:37:33+00:00
KXNFLRECYDS-26OCT04INDWAS,KXNFLRECYDS,KXNFLRECYDS-26OCT04INDWAS-WASTMCLAURIN17-50,Terry McLaurin: 50+ receiving yards,0.5100,0.5300,0.5300,161.90,156.90,active,2026-10-06T13:30:00Z,2026-10-02T09:37:33+00:00
KXNFLRECYDS-26OCT04INDWAS,KXNFLRECYDS,KXNFLRECYDS-26OCT04INDWAS-INDKALLEN10-50,Keenan Allen: 50+ receiving yards,0.3300,0.3400,0.3400,540.32,540.32,active,2026-10-06T13:30:00Z,2026-10-02T09:37:33+00:00
KXNFLRECYDS-26OCT04INDWAS,KXNFLRECYDS,KXNFLRECYDS-26OCT04INDWAS-WASSDIGGS3-100,Stefon Diggs: 100+ receiving yards,0.0300,0.1000,0.0000,0.00,0.00,active,2026-10-06T13:30:00Z,2026-10-02T09:37:33+00:00
KXNFLRECYDS-26OCT04INDWAS,KXNFLRECYDS,KXNFLRECYDS-26OCT04INDWAS-WASTMCLAURIN17-60,Terry McLaurin: 60+ receiving yards,0.4100,0.4200,0.4200,56.24,39.91,active,2026-10-06T13:30:00Z,2026-10-02T09:37:33+00:00
KXNFLRECYDS-26OCT04INDWAS,KXNFLRECYDS,KXNFLRECYDS-26OCT04INDWAS-WASTMCLAURIN17-100,Terry McLaurin: 100+ receiving yards,0.0300,0.1400,0.1400,67.00,67.00,active,2026-10-06T13:30:00Z,2026-10-02T09:37:33+00:00
KXNFLRECYDS-26OCT04INDWAS,KXNFLRECYDS,KXNFLRECYDS-26OCT04INDWAS-WASTMCLAURIN17-70,Terry McLaurin: 70+ receiving yards,0.3100,0.3300,0.3300,16.48,13.61,active,2026-10-06T13:30:00Z,2026-10-02T09:37:33+00:00
KXNFLRECYDS-26OCT04INDWAS,KXNFLRECYDS,KXNFLRECYDS-26OCT04INDWAS-INDLTREADWELL13-50,Laquon Treadwell: 50+ receiving yards,0.0700,0.1200,0.0000,0.00,0.00,active,2026-10-06T13:30:00Z,2026-10-02T09:37:33+00:00
KXNFLRECYDS-26OCT04INDWAS,KXNFLRECYDS,KXNFLRECYDS-26OCT04INDWAS-INDJDOWNS2-120,Josh Downs: 120+ receiving yards,0.0300,0.1000,0.1000,141.11,141.11,active,2026-10-06T13:30:00Z,2026-10-02T09:37:33+00:00
KXNFLRECYDS-26OCT04INDWAS,KXNFLRECYDS,KXNFLRECYDS-26OCT04INDWAS-INDKALLEN10-90,Keenan Allen: 90+ receiving yards,0.0300,0.0900,0.0800,35.29,35.29,active,2026-10-06T13:30:00Z,2026-10-02T09:37:33+00:00
KXNFLRECYDS-26OCT04INDWAS,KXNFLRECYDS,KXNFLRECYDS-26OCT04INDWAS-WASSDIGGS3-110,Stefon Diggs: 110+ receiving yards,0.0200,0.0700,0.0000,0.00,0.00,active,2026-10-06T13:30:00Z,2026-10-02T09:37:33+00:00
KXNFLRECYDS-26OCT04INDWAS,KXNFLRECYDS,KXNFLRECYDS-26OCT04INDWAS-WASSDIGGS3-70,Stefon Diggs: 70+ receiving yards,0.1000,0.2400,0.0000,0.00,0.00,active,2026-10-06T13:30:00Z,2026-10-02T09:37:33+00:00
KXNFLRECYDS-26OCT04INDWAS,KXNFLRECYDS,KXNFLRECYDS-26OCT04INDWAS-WASTMCLAURIN17-120,Terry McLaurin: 120+ receiving yards,0.0200,0.0800,0.0000,0.00,0.00,active,2026-10-06T13:30:00Z,2026-10-02T09:37:33+00:00
KXNFLRECYDS-26OCT04INDWAS,KXNFLRECYDS,KXNFLRECYDS-26OCT04INDWAS-INDJTAYLOR28-40,Jonathan Taylor: 40+ receiving yards,0.1700,0.2000,0.1600,4.00,4.00,active,2026-10-06T13:30:00Z,2026-10-02T09:37:33+00:00
KXNFLRECYDS-26OCT04INDWAS,KXNFLRECYDS,KXNFLRECYDS-26OCT04INDWAS-INDJTAYLOR28-25,Jonathan Taylor: 25+ receiving yards,0.3800,0.4200,0.4200,106.27,73.95,active,2026-10-06T13:30:00Z,2026-10-02T09:37:33+00:00
KXNFLRECYDS-26OCT04INDWAS,KXNFLRECYDS,KXNFLRECYDS-26OCT04INDWAS-INDLTREADWELL13-40,Laquon Treadwell: 40+ receiving yards,0.1600,0.1800,0.1700,33.00,33.00,active,2026-10-06T13:30:00Z,2026-10-02T09:37:33+00:00
KXNFLRECYDS-26OCT04INDWAS,KXNFLRECYDS,KXNFLRECYDS-26OCT04INDWAS-WASTMCLAURIN17-25,Terry McLaurin: 25+ receiving yards,0.7000,0.8200,0.8200,9.24,9.24,active,2026-10-06T13:30:00Z,2026-10-02T09:37:33+00:00
KXNFLRECYDS-26OCT04INDWAS,KXNFLRECYDS,KXNFLRECYDS-26OCT04INDWAS-WASSDIGGS3-90,Stefon Diggs: 90+ receiving yards,0.0300,0.1300,0.0000,0.00,0.00,active,2026-10-06T13:30:00Z,2026-10-02T09:37:33+00:00
KXNFLRECYDS-26OCT04INDWAS,KXNFLRECYDS,KXNFLRECYDS-26OCT04INDWAS-INDTWARREN84-25,Tyler Warren: 25+ receiving yards,0.7800,0.8300,0.8400,39.95,39.95,active,2026-10-06T13:30:00Z,2026-10-02T09:37:33+00:00
KXNFLRECYDS-26OCT04INDWAS,KXNFLRECYDS,KXNFLRECYDS-26OCT04INDWAS-INDTWARREN84-70,Tyler Warren: 70+ receiving yards,0.1900,0.2500,0.2500,443.57,443.57,active,2026-10-06T13:30:00Z,2026-10-02T09:37:33+00:00
KXNFLRECYDS-26OCT04INDWAS,KXNFLRECYDS,KXNFLRECYDS-26OCT04INDWAS-INDJDOWNS2-140,Josh Downs: 140+ receiving yards,0.0200,0.0600,0.0000,0.00,0.00,active,2026-10-06T13:30:00Z,2026-10-02T09:37:33+00:00
KXNFLRECYDS-26OCT04INDWAS,KXNFLRECYDS,KXNFLRECYDS-26OCT04INDWAS-WASTMCLAURIN17-90,Terry McLaurin: 90+ receiving yards,0.0800,0.1900,0.1700,16.00,16.00,active,2026-10-06T13:30:00Z,2026-10-02T09:37:33+00:00
KXNFLRECYDS-26OCT04INDWAS,KXNFLRECYDS,KXNFLRECYDS-26OCT04INDWAS-INDTWARREN84-100,Tyler Warren: 100+ receiving yards,0.0300,0.0700,0.0800,23.48,23.48,active,2026-10-06T13:30:00Z,2026-10-02T09:37:33+00:00
KXNFLRECYDS-26OCT04INDWAS,KXNFLRECYDS,KXNFLRECYDS-26OCT04INDWAS-INDTWARREN84-110,Tyler Warren: 110+ receiving yards,0.0200,0.0700,0.0700,27.02,27.02,active,2026-10-06T13:30:00Z,2026-10-02T09:37:33+00:00
KXNFLRECYDS-26OCT04INDWAS,KXNFLRECYDS,KXNFLRECYDS-26OCT04INDWAS-INDTWARREN84-60,Tyler Warren: 60+ receiving yards,0.3000,0.3500,0.3600,372.97,372.97,active,2026-10-06T13:30:00Z,2026-10-02T09:37:33+00:00
KXNFLRECYDS-26OCT04INDWAS,KXNFLRECYDS,KXNFLRECYDS-26OCT04INDWAS-WASAWILLIAMS14-50,Antonio Williams: 50+ receiving yards,0.0300,0.1300,0.0000,0.00,0.00,active,2026-10-06T13:30:00Z,2026-10-02T09:37:33+00:00
KXNFLRECYDS-26OCT04INDWAS,KXNFLRECYDS,KXNFLRECYDS-26OCT04INDWAS-INDJDOWNS2-110,Josh Downs: 110+ receiving yards,0.0900,0.1500,0.0000,0.00,0.00,active,2026-10-06T13:30:00Z,2026-10-02T09:37:33+00:00
KXNFLRECYDS-26OCT04INDWAS,KXNFLRECYDS,KXNFLRECYDS-26OCT04INDWAS-INDJDOWNS2-90,Josh Downs: 90+ receiving yards,0.2100,0.2800,0.2800,1911.99,1911.99,active,2026-10-06T13:30:00Z,2026-10-02T09:37:33+00:00
KXNFLRECYDS-26OCT04INDWAS,KXNFLRECYDS,KXNFLRECYDS-26OCT04INDWAS-INDJDOWNS2-80,Josh Downs: 80+ receiving yards,0.3200,0.3600,0.3500,2067.21,2065.21,active,2026-10-06T13:30:00Z,2026-10-02T09:37:33+00:00
KXNFLRECYDS-26OCT04INDWAS,KXNFLRECYDS,KXNFLRECYDS-26OCT04INDWAS-WASSDIGGS3-40,Stefon Diggs: 40+ receiving yards,0.5300,0.5700,0.5700,958.11,958.11,active,2026-10-06T13:30:00Z,2026-10-02T09:37:33+00:00
KXNFLRECYDS-26OCT04INDWAS,KXNFLRECYDS,KXNFLRECYDS-26OCT04INDWAS-WASAWILLIAMS14-15,Antonio Williams: 15+ receiving yards,0.5400,0.5800,0.5800,760.66,760.66,active,2026-10-06T13:30:00Z,2026-10-02T09:37:33+00:00
KXNFLRECYDS-26OCT04INDWAS,KXNFLRECYDS,KXNFLRECYDS-26OCT04INDWAS-INDTWARREN84-80,Tyler Warren: 80+ receiving yards,0.1100,0.1700,0.1700,48.49,48.49,active,2026-10-06T13:30:00Z,2026-10-02T09:37:33+00:00
KXNFLRECYDS-26OCT04INDWAS,KXNFLRECYDS,KXNFLRECYDS-26OCT04INDWAS-WASAWILLIAMS14-70,Antonio Williams: 70+ receiving yards,0.0200,0.0600,0.0000,0.00,0.00,active,2026-10-06T13:30:00Z,2026-10-02T09:37:33+00:00
KXNFLRECYDS-26OCT04INDWAS,KXNFLRECYDS,KXNFLRECYDS-26OCT04INDWAS-WASSDIGGS3-25,Stefon Diggs: 25+ receiving yards,0.7100,0.7700,0.7600,17.94,17.94,active,2026-10-06T13:30:00Z,2026-10-02T09:37:33+00:00
KXNFLRECYDS-26OCT04INDWAS,KXNFLRECYDS,KXNFLRECYDS-26OCT04INDWAS-INDJDOWNS2-70,Josh Downs: 70+ receiving yards,0.4300,0.4500,0.4400,2693.87,2686.87,active,2026-10-06T13:30:00Z,2026-10-02T09:37:33+00:00
KXNFLRECYDS-26OCT04INDWAS,KXNFLRECYDS,KXNFLRECYDS-26OCT04INDWAS-INDDSLAYTON11-50,Darius Slayton: 50+ receiving yards,0.0500,0.1300,0.0000,0.00,0.00,active,2026-10-06T13:30:00Z,2026-10-02T09:37:33+00:00
KXNFLRECYDS-26OCT04INDWAS,KXNFLRECYDS,KXNFLRECYDS-26OCT04INDWAS-INDKALLEN10-15,Keenan Allen: 15+ receiving yards,0.8000,0.8500,0.8500,26.77,26.77,active,2026-10-06T13:30:00Z,2026-10-02T09:37:33+00:00
KXNFLRECYDS-26OCT04INDWAS,KXNFLRECYDS,KXNFLRECYDS-26OCT04INDWAS-INDLTREADWELL13-60,Laquon Treadwell: 60+ receiving yards,0.0400,0.0800,0.0000,0.00,0.00,active,2026-10-06T13:30:00Z,2026-10-02T09:37:33+00:00
KXNFLRECYDS-26OCT04INDWAS,KXNFLRECYDS,KXNFLRECYDS-26OCT04INDWAS-INDDSLAYTON11-60,Darius Slayton: 60+ receiving yards,0.0300,0.0800,0.0000,0.00,0.00,active,2026-10-06T13:30:00Z,2026-10-02T09:37:33+00:00
KXNFLRECYDS-26OCT04INDWAS,KXNFLRECYDS,KXNFLRECYDS-26OCT04INDWAS-INDJDOWNS2-130,Josh Downs: 130+ receiving yards,0.0200,0.0800,0.0000,0.00,0.00,active,2026-10-06T13:30:00Z,2026-10-02T09:37:33+00:00
KXNFLRECYDS-26OCT04INDWAS,KXNFLRECYDS,KXNFLRECYDS-26OCT04INDWAS-INDDSLAYTON11-25,Darius Slayton: 25+ receiving yards,0.2900,0.3500,0.3600,2.00,2.00,active,2026-10-06T13:30:00Z,2026-10-02T09:37:33+00:00
KXNFLRECYDS-26OCT04INDWAS,KXNFLRECYDS,KXNFLRECYDS-26OCT04INDWAS-INDDSLAYTON11-15,Darius Slayton: 15+ receiving yards,0.4800,0.4900,0.4900,6.00,6.00,active,2026-10-06T13:30:00Z,2026-10-02T09:37:33+00:00
KXNFLRECYDS-26OCT04INDWAS,KXNFLRECYDS,KXNFLRECYDS-26OCT04INDWAS-INDKALLEN10-60,Keenan Allen: 60+ receiving yards,0.2100,0.2400,0.2400,1916.64,1916.64,active,2026-10-06T13:30:00Z,2026-10-02T09:37:33+00:00
KXNFLRECYDS-26OCT04INDWAS,KXNFLRECYDS,KXNFLRECYDS-26OCT04INDWAS-INDTWARREN84-40,Tyler Warren: 40+ receiving yards,0.5800,0.6300,0.6300,380.83,380.83,active,2026-10-06T13:30:00Z,2026-10-02T09:37:33+00:00
KXNFLRECYDS-26OCT04INDWAS,KXNFLRECYDS,KXNFLRECYDS-26OCT04INDWAS-WASTMCLAURIN17-130,Terry McLaurin: 130+ receiving yards,0.0200,0.0600,0.0000,0.00,0.00,active,2026-10-06T13:30:00Z,2026-10-02T09:37:33+00:00
KXNFLRECYDS-26OCT04INDWAS,KXNFLRECYDS,KXNFLRECYDS-26OCT04INDWAS-WASSDIGGS3-15,Stefon Diggs: 15+ receiving yards,0.7300,0.8900,0.8800,9.00,9.00,active,2026-10-06T13:30:00Z,2026-10-02T09:37:33+00:00
KXNFLRECYDS-26OCT04INDWAS,KXNFLRECYDS,KXNFLRECYDS-26OCT04INDWAS-WASTMCLAURIN17-80,Terry McLaurin: 80+ receiving yards,0.1100,0.2500,0.0000,0.00,0.00,active,2026-10-06T13:30:00Z,2026-10-02T09:37:33+00:00
KXNFLRECYDS-26OCT04INDWAS,KXNFLRECYDS,KXNFLRECYDS-26OCT04INDWAS-INDJDOWNS2-100,Josh Downs: 100+ receiving yards,0.1600,0.2100,0.2100,3717.53,3717.53,active,2026-10-06T13:30:00Z,2026-10-02T09:37:33+00:00
KXNFLRECYDS-26OCT04INDWAS,KXNFLRECYDS,KXNFLRECYDS-26OCT04INDWAS-INDJDOWNS2-60,Josh Downs: 60+ receiving yards,0.5300,0.5600,0.5500,4150.51,4139.51,active,2026-10-06T13:30:00Z,2026-10-02T09:37:33+00:00
KXNFLRECYDS-26OCT04INDWAS,KXNFLRECYDS,KXNFLRECYDS-26OCT04INDWAS-INDKALLEN10-25,Keenan Allen: 25+ receiving yards,0.6700,0.7000,0.0000,0.00,0.00,active,2026-10-06T13:30:00Z,2026-10-02T09:37:33+00:00
KXNFLRECYDS-26OCT04INDWAS,KXNFLRECYDS,KXNFLRECYDS-26OCT04INDWAS-INDDSLAYTON11-40,Darius Slayton: 40+ receiving yards,0.1300,0.1900,0.2000,2.00,2.00,active,2026-10-06T13:30:00Z,2026-10-02T09:37:33+00:00
KXNFLRECYDS-26OCT04INDWAS,KXNFLRECYDS,KXNFLRECYDS-26OCT04INDWAS-INDJDOWNS2-50,Josh Downs: 50+ receiving yards,0.6100,0.6600,0.6600,46.18,46.18,active,2026-10-06T13:30:00Z,2026-10-02T09:37:33+00:00
KXNFLRECYDS-26OCT04INDWAS,KXNFLRECYDS,KXNFLRECYDS-26OCT04INDWAS-WASSDIGGS3-60,Stefon Diggs: 60+ receiving yards,0.3000,0.3300,0.3300,162.00,162.00,active,2026-10-06T13:30:00Z,2026-10-02T09:37:33+00:00
KXNFLRECYDS-26OCT04INDWAS,KXNFLRECYDS,KXNFLRECYDS-26OCT04INDWAS-INDLTREADWELL13-25,Laquon Treadwell: 25+ receiving yards,0.3100,0.3400,0.3400,283.30,283.30,active,2026-10-06T13:30:00Z,2026-10-02T09:37:33+00:00
KXNFLRECYDS-26OCT04INDWAS,KXNFLRECYDS,KXNFLRECYDS-26OCT04INDWAS-INDLTREADWELL13-15,Laquon Treadwell: 15+ receiving yards,0.4800,0.5100,0.5100,193.57,193.57,active,2026-10-06T13:30:00Z,2026-10-02T09:37:33+00:00
KXNFLRECYDS-26OCT04INDWAS,KXNFLRECYDS,KXNFLRECYDS-26OCT04INDWAS-INDKALLEN10-80,Keenan Allen: 80+ receiving yards,0.0500,0.1100,0.1100,1533.67,1533.67,active,2026-10-06T13:30:00Z,2026-10-02T09:37:33+00:00
KXNFLRECYDS-26OCT04INDWAS,KXNFLRECYDS,KXNFLRECYDS-26OCT04INDWAS-INDKALLEN10-70,Keenan Allen: 70+ receiving yards,0.0700,0.1600,0.1600,2404.58,2404.58,active,2026-10-06T13:30:00Z,2026-10-02T09:37:33+00:00
KXNFLRECYDS-26OCT04INDWAS,KXNFLRECYDS,KXNFLRECYDS-26OCT04INDWAS-INDTWARREN84-90,Tyler Warren: 90+ receiving yards,0.0500,0.1100,0.1100,5050.51,5050.51,active,2026-10-06T13:30:00Z,2026-10-02T09:37:33+00:00
KXNFLRECYDS-26OCT04JACCIN,KXNFLRECYDS,KXNFLRECYDS-26OCT04JACCIN-CINTHIGGINS5-110,Tee Higgins: 110+ receiving yards,0.1000,0.1500,0.1500,18.87,18.87,active,2026-10-06T17:00:00Z,2026-10-02T09:37:33+00:00
KXNFLRECYDS-26OCT04JACCIN,KXNFLRECYDS,KXNFLRECYDS-26OCT04JACCIN-CINSPERINE34-50,Samaje Perine: 50+ receiving yards,0.0200,0.0500,0.0000,0.00,0.00,active,2026-10-06T17:00:00Z,2026-10-02T09:37:33+00:00
KXNFLRECYDS-26OCT04JACCIN,KXNFLRECYDS,KXNFLRECYDS-26OCT04JACCIN-JACBTUTEN33-50,Bhayshul Tuten: 50+ receiving yards,0.0200,0.0600,0.0000,0.00,0.00,active,2026-10-06T17:00:00Z,2026-10-02T09:37:33+00:00
KXNFLRECYDS-26OCT04JACCIN,KXNFLRECYDS,KXNFLRECYDS-26OCT04JACCIN-JACBSTRANGE85-100,Brenton Strange: 100+ receiving yards,0.0200,0.0500,0.0000,0.00,0.00,active,2026-10-06T17:00:00Z,2026-10-02T09:37:33+00:00
KXNFLRECYDS-26OCT04JACCIN,KXNFLRECYDS,KXNFLRECYDS-26OCT04JACCIN-JACBTHOMAS7-100,Brian Thomas Jr.: 100+ receiving yards,0.0200,0.0500,0.0000,0.00,0.00,active,2026-10-06T17:00:00Z,2026-10-02T09:37:33+00:00
KXNFLRECYDS-26OCT04JACCIN,KXNFLRECYDS,KXNFLRECYDS-26OCT04JACCIN-CINTHIGGINS5-25,Tee Higgins: 25+ receiving yards,0.8500,0.8800,0.0000,0.00,0.00,active,2026-10-06T17:00:00Z,2026-10-02T09:37:33+00:00
KXNFLRECYDS-26OCT04JACCIN,KXNFLRECYDS,KXNFLRECYDS-26OCT04JACCIN-CINMGESICKI88-70,Mike Gesicki: 70+ receiving yards,0.0500,0.1000,0.0000,0.00,0.00,active,2026-10-06T17:00:00Z,2026-10-02T09:37:33+00:00
KXNFLRECYDS-26OCT04JACCIN,KXNFLRECYDS,KXNFLRECYDS-26OCT04JACCIN-JACBSTRANGE85-15,Brenton Strange: 15+ receiving yards,0.7600,0.8100,0.0000,0.00,0.00,active,2026-10-06T17:00:00Z,2026-10-02T09:37:33+00:00
KXNFLRECYDS-26OCT04JACCIN,KXNFLRECYDS,KXNFLRECYDS-26OCT04JACCIN-CINDMEYERS81-15,Dohnte Meyers: 15+ receiving yards,0.5700,0.6200,0.0000,0.00,0.00,active,2026-10-06T17:00:00Z,2026-10-02T09:37:33+00:00
KXNFLRECYDS-26OCT04JACCIN,KXNFLRECYDS,KXNFLRECYDS-26OCT04JACCIN-CINCBROWN30-15,Chase Brown: 15+ receiving yards,0.5900,0.6200,0.6200,39.37,39.37,active,2026-10-06T17:00:00Z,2026-10-02T09:37:33+00:00
KXNFLRECYDS-26OCT04JACCIN,KXNFLRECYDS,KXNFLRECYDS-26OCT04JACCIN-CINJCHASE1-160,Ja'Marr Chase: 160+ receiving yards,0.0300,0.0800,0.0700,40.23,40.23,active,2026-10-06T17:00:00Z,2026-10-02T09:37:33+00:00
KXNFLRECYDS-26OCT04JACCIN,KXNFLRECYDS,KXNFLRECYDS-26OCT04JACCIN-JACJMEYERS3-110,Jakobi Meyers: 110+ receiving yards,0.0200,0.0500,0.0000,0.00,0.00,active,2026-10-06T17:00:00Z,2026-10-02T09:37:33+00:00
KXNFLRECYDS-26OCT04JACCIN,KXNFLRECYDS,KXNFLRECYDS-26OCT04JACCIN-CINMGESICKI88-90,Mike Gesicki: 90+ receiving yards,0.0200,0.0500,0.0000,0.00,0.00,active,2026-10-06T17:00:00Z,2026-10-02T09:37:33+00:00
KXNFLRECYDS-26OCT04JACCIN,KXNFLRECYDS,KXNFLRECYDS-26OCT04JACCIN-CINCBROWN30-50,Chase Brown: 50+ receiving yards,0.0600,0.1100,0.0800,4.00,4.00,active,2026-10-06T17:00:00Z,2026-10-02T09:37:33+00:00
KXNFLRECYDS-26OCT04JACCIN,KXNFLRECYDS,KXNFLRECYDS-26OCT04JACCIN-CINCBROWN30-25,Chase Brown: 25+ receiving yards,0.3700,0.4000,0.0000,0.00,0.00,active,2026-10-06T17:00:00Z,2026-10-02T09:37:33+00:00
KXNFLRECYDS-26OCT04JACCIN,KXNFLRECYDS,KXNFLRECYDS-26OCT04JACCIN-JACJMEYERS3-15,Jakobi Meyers: 15+ receiving yards,0.8000,0.8600,0.0000,0.00,0.00,active,2026-10-06T17:00:00Z,2026-10-02T09:37:33+00:00
KXNFLRECYDS-26OCT04JACCIN,KXNFLRECYDS,KXNFLRECYDS-26OCT04JACCIN-CINCBROWN30-60,Chase Brown: 60+ receiving yards,0.0200,0.0700,0.0000,0.00,0.00,active,2026-10-06T17:00:00Z,2026-10-02T09:37:33+00:00
KXNFLRECYDS-26OCT04JACCIN,KXNFLRECYDS,KXNFLRECYDS-26OCT04JACCIN-JACBSTRANGE85-70,Brenton Strange: 70+ receiving yards,0.0300,0.1400,0.0000,0.00,0.00,active,2026-10-06T17:00:00Z,2026-10-02T09:37:33+00:00
KXNFLRECYDS-26OCT04JACCIN,KXNFLRECYDS,KXNFLRECYDS-26OCT04JACCIN-JACBTHOMAS7-90,Brian Thomas Jr.: 90+ receiving yards,0.0200,0.0700,0.0000,0.00,0.00,active,2026-10-06T17:00:00Z,2026-10-02T09:37:33+00:00
KXNFLRECYDS-26OCT04JACCIN,KXNFLRECYDS,KXNFLRECYDS-26OCT04JACCIN-CINDMEYERS81-70,Dohnte Meyers: 70+ receiving yards,0.0300,0.0800,0.0000,0.00,0.00,active,2026-10-06T17:00:00Z,2026-10-02T09:37:33+00:00
KXNFLRECYDS-26OCT04JACCIN,KXNFLRECYDS,KXNFLRECYDS-26OCT04JACCIN-CINCBROWN30-40,Chase Brown: 40+ receiving yards,0.1600,0.1800,0.1800,304.32,304.32,active,2026-10-06T17:00:00Z,2026-10-02T09:37:33+00:00
KXNFLRECYDS-26OCT04JACCIN,KXNFLRECYDS,KXNFLRECYDS-26OCT04JACCIN-JACJMEYERS3-90,Jakobi Meyers: 90+ receiving yards,0.0300,0.1100,0.0000,0.00,0.00,active,2026-10-06T17:00:00Z,2026-10-02T09:37:33+00:00
KXNFLRECYDS-26OCT04JACCIN,KXNFLRECYDS,KXNFLRECYDS-26OCT04JACCIN-CINMGESICKI88-40,Mike Gesicki: 40+ receiving yards,0.3300,0.3400,0.3400,100.00,100.00,active,2026-10-06T17:00:00Z,2026-10-02T09:37:33+00:00
KXNFLRECYDS-26OCT04JACCIN,KXNFLRECYDS,KXNFLRECYDS-26OCT04JACCIN-CINTHIGGINS5-120,Tee Higgins: 120+ receiving yards,0.0600,0.1100,0.0000,0.00,0.00,active,2026-10-06T17:00:00Z,2026-10-02T09:37:33+00:00
KXNFLRECYDS-26OCT04JACCIN,KXNFLRECYDS,KXNFLRECYDS-26OCT04JACCIN-JACBSTRANGE85-80,Brenton Strange: 80+ receiving yards,0.0300,0.1000,0.0000,0.00,0.00,active,2026-10-06T17:00:00Z,2026-10-02T09:37:33+00:00
KXNFLRECYDS-26OCT04JACCIN,KXNFLRECYDS,KXNFLRECYDS-26OCT04JACCIN-JACJCAMERON19-25,Josh Cameron: 25+ receiving yards,0.0600,0.2200,0.0000,0.00,0.00,active,2026-10-06T17:00:00Z,2026-10-02T09:37:33+00:00
KXNFLRECYDS-26OCT04JACCIN,KXNFLRECYDS,KXNFLRECYDS-26OCT04JACCIN-JACJCAMERON19-40,Josh Cameron: 40+ receiving yards,0.0300,0.1000,0.0000,0.00,0.00,active,2026-10-06T17:00:00Z,2026-10-02T09:37:33+00:00
KXNFLRECYDS-26OCT04JACCIN,KXNFLRECYDS,KXNFLRECYDS-26OCT04JACCIN-JACBTHOMAS7-15,Brian Thomas Jr.: 15+ receiving yards,0.5700,0.7200,0.0000,0.00,0.00,active,2026-10-06T17:00:00Z,2026-10-02T09:37:33+00:00
KXNFLRECYDS-26OCT04JACCIN,KXNFLRECYDS,KXNFLRECYDS-26OCT04JACCIN-CINTHIGGINS5-70,Tee Higgins: 70+ receiving yards,0.4100,0.4400,0.4300,34.04,34.04,active,2026-10-06T17:00:00Z,2026-10-02T09:37:33+00:00
KXNFLRECYDS-26OCT04JACCIN,KXNFLRECYDS,KXNFLRECYDS-26OCT04JACCIN-JACJMEYERS3-70,Jakobi Meyers: 70+ receiving yards,0.0500,0.2000,0.0000,0.00,0.00,active,2026-10-06T17:00:00Z,2026-10-02T09:37:33+00:00
KXNFLRECYDS-26OCT04JACCIN,KXNFLRECYDS,KXNFLRECYDS-26OCT04JACCIN-JACBSTRANGE85-25,Brenton Strange: 25+ receiving yards,0.6200,0.6700,0.0000,0.00,0.00,active,2026-10-06T17:00:00Z,2026-10-02T09:37:33+00:00
KXNFLRECYDS-26OCT04JACCIN,KXNFLRECYDS,KXNFLRECYDS-26OCT04JACCIN-JACPWASHINGTON11-150,Parker Washington: 150+ receiving yards,0.0200,0.0800,0.0000,0.00,0.00,active,2026-10-06T17:00:00Z,2026-10-02T09:37:33+00:00
KXNFLRECYDS-26OCT04JACCIN,KXNFLRECYDS,KXNFLRECYDS-26OCT04JACCIN-CINMGESICKI88-25,Mike Gesicki: 25+ receiving yards,0.5200,0.5800,0.0000,0.00,0.00,active,2026-10-06T17:00:00Z,2026-10-02T09:37:33+00:00
KXNFLRECYDS-26OCT04JACCIN,KXNFLRECYDS,KXNFLRECYDS-26OCT04JACCIN-CINMGESICKI88-50,Mike Gesicki: 50+ receiving yards,0.2100,0.2300,0.0000,0.00,0.00,active,2026-10-06T17:00:00Z,2026-10-02T09:37:33+00:00
KXNFLRECYDS-26OCT04JACCIN,KXNFLRECYDS,KXNFLRECYDS-26OCT04JACCIN-JACJMEYERS3-25,Jakobi Meyers: 25+ receiving yards,0.7200,0.7400,0.0000,0.00,0.00,active,2026-10-06T17:00:00Z,2026-10-02T09:37:33+00:00
KXNFLRECYDS-26OCT04JACCIN,KXNFLRECYDS,KXNFLRECYDS-26OCT04JACCIN-CINSPERINE34-25,Samaje Perine: 25+ receiving yards,0.1700,0.2000,0.1900,34.00,34.00,active,2026-10-06T17:00:00Z,2026-10-02T09:37:33+00:00
KXNFLRECYDS-26OCT04JACCIN,KXNFLRECYDS,KXNFLRECYDS-26OCT04JACCIN-JACJMEYERS3-60,Jakobi Meyers: 60+ receiving yards,0.2600,0.2900,0.2800,55.00,55.00,active,2026-10-06T17:00:00Z,2026-10-02T09:37:33+00:00
KXNFLRECYDS-26OCT04JACCIN,KXNFLRECYDS,KXNFLRECYDS-26OCT04JACCIN-CINTHIGGINS5-130,Tee Higgins: 130+ receiving yards,0.0300,0.0900,0.0000,0.00,0.00,active,2026-10-06T17:00:00Z,2026-10-02T09:37:33+00:00
KXNFLRECYDS-26OCT04JACCIN,KXNFLRECYDS,KXNFLRECYDS-26OCT04JACCIN-JACJCAMERON19-15,Josh Cameron: 15+ receiving yards,0.2200,0.3800,0.0000,0.00,0.00,active,2026-10-06T17:00:00Z,2026-10-02T09:37:33+00:00
KXNFLRECYDS-26OCT04JACCIN,KXNFLRECYDS,KXNFLRECYDS-26OCT04JACCIN-JACBTHOMAS7-70,Brian Thomas Jr.: 70+ receiving yards,0.0300,0.1200,0.1200,9.08,9.08,active,2026-10-06T17:00:00Z,2026-10-02T09:37:33+00:00
KXNFLRECYDS-26OCT04JACCIN,KXNFLRECYDS,KXNFLRECYDS-26OCT04JACCIN-JACJMEYERS3-40,Jakobi Meyers: 40+ receiving yards,0.5000,0.5200,0.5400,2181.12,2181.12,active,2026-10-06T17:00:00Z,2026-10-02T09:37:33+00:00
KXNFLRECYDS-26OCT04JACCIN,KXNFLRECYDS,KXNFLRECYDS-26OCT04JACCIN-JACBSTRANGE85-40,Brenton Strange: 40+ receiving yards,0.4100,0.4300,0.4300,2001.66,2001.66,active,2026-10-06T17:00:00Z,2026-10-02T09:37:33+00:00
KXNFLRECYDS-26OCT04JACCIN,KXNFLRECYDS,KXNFLRECYDS-26OCT04JACCIN-CINTHIGGINS5-140,Tee Higgins: 140+ receiving yards,0.0200,0.0700,0.0000,0.00,0.00,active,2026-10-06T17:00:00Z,2026-10-02T09:37:33+00:00
KXNFLRECYDS-26OCT04JACCIN,KXNFLRECYDS,KXNFLRECYDS-26OCT04JACCIN-JACBSTRANGE85-60,Brenton Strange: 60+ receiving yards,0.1900,0.2100,0.0000,0.00,0.00,active,2026-10-06T17:00:00Z,2026-10-02T09:37:33+00:00
KXNFLRECYDS-26OCT04JACCIN,KXNFLRECYDS,KXNFLRECYDS-26OCT04JACCIN-CINSPERINE34-15,Samaje Perine: 15+ receiving yards,0.3400,0.3700,0.3600,16.00,16.00,active,2026-10-06T17:00:00Z,2026-10-02T09:37:33+00:00
KXNFLRECYDS-26OCT04JACCIN,KXNFLRECYDS,KXNFLRECYDS-26OCT04JACCIN-CINDMEYERS81-40,Dohnte Meyers: 40+ receiving yards,0.2100,0.2400,0.2300,801.02,801.02,active,2026-10-06T17:00:00Z,2026-10-02T09:37:33+00:00
KXNFLRECYDS-26OCT04JACCIN,KXNFLRECYDS,KXNFLRECYDS-26OCT04JACCIN-JACPWASHINGTON11-110,Parker Washington: 110+ receiving yards,0.1100,0.2300,0.2300,26.62,26.62,active,2026-10-06T17:00:00Z,2026-10-02T09:37:33+00:00
KXNFLRECYDS-26OCT04JACCIN,KXNFLRECYDS,KXNFLRECYDS-26OCT04JACCIN-JACPWASHINGTON11-140,Parker Washington: 140+ receiving yards,0.0300,0.1000,0.0900,20.89,20.89,active,2026-10-06T17:00:00Z,2026-10-02T09:37:33+00:00
KXNFLRECYDS-26OCT04JACCIN,KXNFLRECYDS,KXNFLRECYDS-26OCT04JACCIN-JACJMEYERS3-100,Jakobi Meyers: 100+ receiving yards,0.0200,0.0800,0.0000,0.00,0.00,active,2026-10-06T17:00:00Z,2026-10-02T09:37:33+00:00
KXNFLRECYDS-26OCT04JACCIN,KXNFLRECYDS,KXNFLRECYDS-26OCT04JACCIN-JACJCAMERON19-50,Josh Cameron: 50+ receiving yards,0.0200,0.0700,0.0000,0.00,0.00,active,2026-10-06T17:00:00Z,2026-10-02T09:37:33+00:00
KXNFLRECYDS-26OCT04JACCIN,KXNFLRECYDS,KXNFLRECYDS-26OCT04JACCIN-CINSPERINE34-10,Samaje Perine: 10+ receiving yards,0.4700,0.5100,0.0000,0.00,0.00,active,2026-10-06T17:00:00Z,2026-10-02T09:37:33+00:00
KXNFLRECYDS-26OCT04JACCIN,KXNFLRECYDS,KXNFLRECYDS-26OCT04JACCIN-JACBSTRANGE85-50,Brenton Strange: 50+ receiving yards,0.1600,0.3000,0.2800,27.00,27.00,active,2026-10-06T17:00:00Z,2026-10-02T09:37:33+00:00
KXNFLRECYDS-26OCT04JACCIN,KXNFLRECYDS,KXNFLRECYDS-26OCT04JACCIN-CINJCHASE1-150,Ja'Marr Chase: 150+ receiving yards,0.0700,0.1000,0.1000,130.26,130.26,active,2026-10-06T17:00:00Z,2026-10-02T09:37:33+00:00
KXNFLRECYDS-26OCT04JACCIN,KXNFLRECYDS,KXNFLRECYDS-26OCT04JACCIN-CINJCHASE1-140,Ja'Marr Chase: 140+ receiving yards,0.0800,0.1500,0.1300,74.37,74.37,active,2026-10-06T17:00:00Z,2026-10-02T09:37:33+00:00
KXNFLRECYDS-26OCT04JACCIN,KXNFLRECYDS,KXNFLRECYDS-26OCT04JACCIN-JACPWASHINGTON11-160,Parker Washington: 160+ receiving yards,0.0200,0.0600,0.0500,37.50,37.50,active,2026-10-06T17:00:00Z,2026-10-02T09:37:33+00:00
KXNFLRECYDS-26OCT04JACCIN,KXNFLRECYDS,KXNFLRECYDS-26OCT04JACCIN-CINMGESICKI88-80,Mike Gesicki: 80+ receiving yards,0.0200,0.0800,0.0000,0.00,0.00,active,2026-10-06T17:00:00Z,2026-10-02T09:37:33+00:00
KXNFLRECYDS-26OCT04JACCIN,KXNFLRECYDS,KXNFLRECYDS-26OCT04JACCIN-JACBTHOMAS7-40,Brian Thomas Jr.: 40+ receiving yards,0.2000,0.3300,0.3400,2.75,2.75,active,2026-10-06T17:00:00Z,2026-10-02T09:37:33+00:00
KXNFLRECYDS-26OCT04JACCIN,KXNFLRECYDS,KXNFLRECYDS-26OCT04JACCIN-CINDMEYERS81-50,Dohnte Meyers: 50+ receiving yards,0.1000,0.1600,0.0000,0.00,0.00,active,2026-10-06T17:00:00Z,2026-10-02T09:37:33+00:00
KXNFLRECYDS-26OCT04JACCIN,KXNFLRECYDS,KXNFLRECYDS-26OCT04JACCIN-JACBTHOMAS7-25,Brian Thomas Jr.: 25+ receiving yards,0.4300,0.5500,0.5600,18.93,18.93,active,2026-10-06T17:00:00Z,2026-10-02T09:37:33+00:00
KXNFLRECYDS-26OCT04JACCIN,KXNFLRECYDS,KXNFLRECYDS-26OCT04JACCIN-CINDMEYERS81-25,Dohnte Meyers: 25+ receiving yards,0.4100,0.4300,0.4300,4072.36,4072.36,active,2026-10-06T17:00:00Z,2026-10-02T09:37:33+00:00
KXNFLRECYDS-26OCT04JACCIN,KXNFLRECYDS,KXNFLRECYDS-26OCT04JACCIN-JACPWASHINGTON11-50,Parker Washington: 50+ receiving yards,0.7100,0.7500,0.7400,27.77,27.77,active,2026-10-06T17:00:00Z,2026-10-02T09:37:33+00:00
KXNFLRECYDS-26OCT04JACCIN,KXNFLRECYDS,KXNFLRECYDS-26OCT04JACCIN-CINTHIGGINS5-60,Tee Higgins: 60+ receiving yards,0.5100,0.5400,0.5400,2084.64,1345.98,active,2026-10-06T17:00:00Z,2026-10-02T09:37:33+00:00
KXNFLRECYDS-26OCT04JACCIN,KXNFLRECYDS,KXNFLRECYDS-26OCT04JACCIN-CINJCHASE1-80,Ja'Marr Chase: 80+ receiving yards,0.5400,0.5500,0.5500,10000.72,10000.72,active,2026-10-06T17:00:00Z,2026-10-02T09:37:33+00:00
KXNFLRECYDS-26OCT04JACCIN,KXNFLRECYDS,KXNFLRECYDS-26OCT04JACCIN-CINJCHASE1-60,Ja'Marr Chase: 60+ receiving yards,0.6700,0.7100,0.0000,0.00,0.00,active,2026-10-06T17:00:00Z,2026-10-02T09:37:33+00:00
KXNFLRECYDS-26OCT04JACCIN,KXNFLRECYDS,KXNFLRECYDS-26OCT04JACCIN-CINTHIGGINS5-50,Tee Higgins: 50+ receiving yards,0.6000,0.6400,0.0000,0.00,0.00,active,2026-10-06T17:00:00Z,2026-10-02T09:37:33+00:00
KXNFLRECYDS-26OCT04JACCIN,KXNFLRECYDS,KXNFLRECYDS-26OCT04JACCIN-JACPWASHINGTON11-90,Parker Washington: 90+ receiving yards,0.3500,0.3700,0.3700,142.76,142.76,active,2026-10-06T17:00:00Z,2026-10-02T09:37:33+00:00
KXNFLRECYDS-26OCT04JACCIN,KXNFLRECYDS,KXNFLRECYDS-26OCT04JACCIN-JACPWASHINGTON11-40,Parker Washington: 40+ receiving yards,0.8000,0.8400,0.8200,547.61,547.61,active,2026-10-06T17:00:00Z,2026-10-02T09:37:33+00:00
KXNFLRECYDS-26OCT04JACCIN,KXNFLRECYDS,KXNFLRECYDS-26OCT04JACCIN-CINJCHASE1-40,Ja'Marr Chase: 40+ receiving yards,0.8300,0.8800,0.8600,22.51,22.51,active,2026-10-06T17:00:00Z,2026-10-02T09:37:33+00:00
KXNFLRECYDS-26OCT04JACCIN,KXNFLRECYDS,KXNFLRECYDS-26OCT04JACCIN-JACPWASHINGTON11-100,Parker Washington: 100+ receiving yards,0.1500,0.2900,0.2900,1715.92,1715.92,active,2026-10-06T17:00:00Z,2026-10-02T09:37:33+00:00
KXNFLRECYDS-26OCT04JACCIN,KXNFLRECYDS,KXNFLRECYDS-26OCT04JACCIN-CINTHIGGINS5-80,Tee Higgins: 80+ receiving yards,0.3200,0.3500,0.0000,0.00,0.00,active,2026-10-06T17:00:00Z,2026-10-02T09:37:33+00:00
KXNFLRECYDS-26OCT04JACCIN,KXNFLRECYDS,KXNFLRECYDS-26OCT04JACCIN-CINTHIGGINS5-90,Tee Higgins: 90+ receiving yards,0.2000,0.2600,0.2600,10.97,10.97,active,2026-10-06T17:00:00Z,2026-10-02T09:37:33+00:00
KXNFLRECYDS-26OCT04JACCIN,KXNFLRECYDS,KXNFLRECYDS-26OCT04JACCIN-JACPWASHINGTON11-70,Parker Washington: 70+ receiving yards,0.5100,0.5300,0.5300,797.41,663.48,active,2026-10-06T17:00:00Z,2026-10-02T09:37:33+00:00
KXNFLRECYDS-26OCT04JACCIN,KXNFLRECYDS,KXNFLRECYDS-26OCT04JACCIN-JACJCAMERON19-10,Josh Cameron: 10+ receiving yards,0.4700,0.5100,0.0000,0.00,0.00,active,2026-10-06T17:00:00Z,2026-10-02T09:37:33+00:00
KXNFLRECYDS-26OCT04JACCIN,KXNFLRECYDS,KXNFLRECYDS-26OCT04JACCIN-CINJCHASE1-50,Ja'Marr Chase: 50+ receiving yards,0.7400,0.8000,0.7300,946.53,945.53,active,2026-10-06T17:00:00Z,2026-10-02T09:37:33+00:00
KXNFLRECYDS-26OCT04JACCIN,KXNFLRECYDS,KXNFLRECYDS-26OCT04JACCIN-JACPWASHINGTON11-80,Parker Washington: 80+ receiving yards,0.4200,0.4300,0.4300,443.46,424.46,active,2026-10-06T17:00:00Z,2026-10-02T09:37:33+00:00
KXNFLRECYDS-26OCT04JACCIN,KXNFLRECYDS,KXNFLRECYDS-26OCT04JACCIN-CINJCHASE1-90,Ja'Marr Chase: 90+ receiving yards,0.4100,0.4400,0.4400,64.42,64.42,active,2026-10-06T17:00:00Z,2026-10-02T09:37:33+00:00
KXNFLRECYDS-26OCT04JACCIN,KXNFLRECYDS,KXNFLRECYDS-26OCT04JACCIN-JACPWASHINGTON11-130,Parker Washington: 130+ receiving yards,0.0300,0.1500,0.0000,0.00,0.00,active,2026-10-06T17:00:00Z,2026-10-02T09:37:33+00:00
KXNFLRECYDS-26OCT04JACCIN,KXNFLRECYDS,KXNFLRECYDS-26OCT04JACCIN-CINJCHASE1-100,Ja'Marr Chase: 100+ receiving yards,0.3500,0.3600,0.3500,1928.27,1928.27,active,2026-10-06T17:00:00Z,2026-10-02T09:37:33+00:00
KXNFLRECYDS-26OCT04JACCIN,KXNFLRECYDS,KXNFLRECYDS-26OCT04JACCIN-CINDSAMPLE89-15,Drew Sample: 15+ receiving yards,0.2600,0.3000,0.0000,0.00,0.00,active,2026-10-06T17:00:00Z,2026-10-02T09:37:33+00:00
KXNFLRECYDS-26OCT04JACCIN,KXNFLRECYDS,KXNFLRECYDS-26OCT04JACCIN-JACBTHOMAS7-30,Brian Thomas Jr.: 30+ receiving yards,0.4700,0.4800,0.4900,569.46,569.46,active,2026-10-06T17:00:00Z,2026-10-02T09:37:33+00:00
KXNFLRECYDS-26OCT04JACCIN,KXNFLRECYDS,KXNFLRECYDS-26OCT04JACCIN-CINJCHASE1-120,Ja'Marr Chase: 120+ receiving yards,0.1700,0.2200,0.2300,225.99,225.99,active,2026-10-06T17:00:00Z,2026-10-02T09:37:33+00:00
KXNFLRECYDS-26OCT04JACCIN,KXNFLRECYDS,KXNFLRECYDS-26OCT04JACCIN-JACPWASHINGTON11-120,Parker Washington: 120+ receiving yards,0.0300,0.1800,0.1900,2770.20,2770.20,active,2026-10-06T17:00:00Z,2026-10-02T09:37:33+00:00
KXNFLRECYDS-26OCT04JACCIN,KXNFLRECYDS,KXNFLRECYDS-26OCT04JACCIN-CINMGESICKI88-60,Mike Gesicki: 60+ receiving yards,0.0900,0.1500,0.0000,0.00,0.00,active,2026-10-06T17:00:00Z,2026-10-02T09:37:33+00:00
KXNFLRECYDS-26OCT04JACCIN,KXNFLRECYDS,KXNFLRECYDS-26OCT04JACCIN-CINDSAMPLE89-25,Drew Sample: 25+ receiving yards,0.1000,0.1300,0.0000,0.00,0.00,active,2026-10-06T17:00:00Z,2026-10-02T09:37:33+00:00
KXNFLRECYDS-26OCT04JACCIN,KXNFLRECYDS,KXNFLRECYDS-26OCT04JACCIN-JACBTUTEN33-25,Bhayshul Tuten: 25+ receiving yards,0.1800,0.2100,0.1600,4.00,4.00,active,2026-10-06T17:00:00Z,2026-10-02T09:37:33+00:00
KXNFLRECYDS-26OCT04JACCIN,KXNFLRECYDS,KXNFLRECYDS-26OCT04JACCIN-CINMGESICKI88-15,Mike Gesicki: 15+ receiving yards,0.6800,0.7500,0.0000,0.00,0.00,active,2026-10-06T17:00:00Z,2026-10-02T09:37:33+00:00
KXNFLRECYDS-26OCT04JACCIN,KXNFLRECYDS,KXNFLRECYDS-26OCT04JACCIN-JACBTHOMAS7-50,Brian Thomas Jr.: 50+ receiving yards,0.2100,0.2400,0.2500,392.04,392.04,active,2026-10-06T17:00:00Z,2026-10-02T09:37:33+00:00
KXNFLRECYDS-26OCT04JACCIN,KXNFLRECYDS,KXNFLRECYDS-26OCT04JACCIN-CINDMEYERS81-60,Dohnte Meyers: 60+ receiving yards,0.0500,0.1000,0.0000,0.00,0.00,active,2026-10-06T17:00:00Z,2026-10-02T09:37:33+00:00
KXNFLRECYDS-26OCT04JACCIN,KXNFLRECYDS,KXNFLRECYDS-26OCT04JACCIN-JACBSTRANGE85-90,Brenton Strange: 90+ receiving yards,0.0200,0.0800,0.0000,0.00,0.00,active,2026-10-06T17:00:00Z,2026-10-02T09:37:33+00:00
KXNFLRECYDS-26OCT04JACCIN,KXNFLRECYDS,KXNFLRECYDS-26OCT04JACCIN-JACBTHOMAS7-80,Brian Thomas Jr.: 80+ receiving yards,0.0300,0.0900,0.0000,0.00,0.00,active,2026-10-06T17:00:00Z,2026-10-02T09:37:33+00:00
KXNFLRECYDS-26OCT04JACCIN,KXNFLRECYDS,KXNFLRECYDS-26OCT04JACCIN-JACJMEYERS3-80,Jakobi Meyers: 80+ receiving yards,0.0300,0.1400,0.0000,0.00,0.00,active,2026-10-06T17:00:00Z,2026-10-02T09:37:33+00:00
KXNFLRECYDS-26OCT04JACCIN,KXNFLRECYDS,KXNFLRECYDS-26OCT04JACCIN-CINDSAMPLE89-40,Drew Sample: 40+ receiving yards,0.0200,0.0600,0.0000,0.00,0.00,active,2026-10-06T17:00:00Z,2026-10-02T09:37:33+00:00
KXNFLRECYDS-26OCT04JACCIN,KXNFLRECYDS,KXNFLRECYDS-26OCT04JACCIN-JACBTUTEN33-40,Bhayshul Tuten: 40+ receiving yards,0.0300,0.1000,0.0000,0.00,0.00,active,2026-10-06T17:00:00Z,2026-10-02T09:37:33+00:00
KXNFLRECYDS-26OCT04JACCIN,KXNFLRECYDS,KXNFLRECYDS-26OCT04JACCIN-JACJMEYERS3-50,Jakobi Meyers: 50+ receiving yards,0.3500,0.3800,0.4000,23.99,23.99,active,2026-10-06T17:00:00Z,2026-10-02T09:37:33+00:00
KXNFLRECYDS-26OCT04JACCIN,KXNFLRECYDS,KXNFLRECYDS-26OCT04JACCIN-JACBTHOMAS7-60,Brian Thomas Jr.: 60+ receiving yards,0.0300,0.1800,0.0000,0.00,0.00,active,2026-10-06T17:00:00Z,2026-10-02T09:37:33+00:00
KXNFLRECYDS-26OCT04JACCIN,KXNFLRECYDS,KXNFLRECYDS-26OCT04JACCIN-JACBTUTEN33-15,Bhayshul Tuten: 15+ receiving yards,0.3600,0.4000,0.4100,11.71,11.71,active,2026-10-06T17:00:00Z,2026-10-02T09:37:33+00:00
KXNFLRECYDS-26OCT04JACCIN,KXNFLRECYDS,KXNFLRECYDS-26OCT04JACCIN-CINTHIGGINS5-100,Tee Higgins: 100+ receiving yards,0.1300,0.2100,0.0000,0.00,0.00,active,2026-10-06T17:00:00Z,2026-10-02T09:37:33+00:00
KXNFLRECYDS-26OCT04JACCIN,KXNFLRECYDS,KXNFLRECYDS-26OCT04JACCIN-CINSPERINE34-40,Samaje Perine: 40+ receiving yards,0.0300,0.0900,0.0000,0.00,0.00,active,2026-10-06T17:00:00Z,2026-10-02T09:37:33+00:00
KXNFLRECYDS-26OCT04JACCIN,KXNFLRECYDS,KXNFLRECYDS-26OCT04JACCIN-JACPWASHINGTON11-60,Parker Washington: 60+ receiving yards,0.6100,0.6500,0.6500,841.88,836.88,active,2026-10-06T17:00:00Z,2026-10-02T09:37:33+00:00
KXNFLRECYDS-26OCT04JACCIN,KXNFLRECYDS,KXNFLRECYDS-26OCT04JACCIN-CINJCHASE1-70,Ja'Marr Chase: 70+ receiving yards,0.6000,0.6300,0.6200,175.27,175.27,active,2026-10-06T17:00:00Z,2026-10-02T09:37:33+00:00
KXNFLRECYDS-26OCT04JACCIN,KXNFLRECYDS,KXNFLRECYDS-26OCT04JACCIN-CINTHIGGINS5-40,Tee Higgins: 40+ receiving yards,0.7000,0.7400,0.7400,784.12,784.12,active,2026-10-06T17:00:00Z,2026-10-02T09:37:33+00:00
KXNFLRECYDS-26OCT04JACCIN,KXNFLRECYDS,KXNFLRECYDS-26OCT04JACCIN-CINJCHASE1-130,Ja'Marr Chase: 130+ receiving yards,0.1300,0.1900,0.1800,114.01,114.01,active,2026-10-06T17:00:00Z,2026-10-02T09:37:33+00:00
KXNFLRECYDS-26OCT04JACCIN,KXNFLRECYDS,KXNFLRECYDS-26OCT04JACCIN-CINJCHASE1-110,Ja'Marr Chase: 110+ receiving yards,0.2400,0.2700,0.2700,839.17,839.17,active,2026-10-06T17:00:00Z,2026-10-02T09:37:33+00:00
KXNFLRECYDS-26OCT04KCLV,KXNFLRECYDS,KXNFLRECYDS-26OCT04KCLV-LVMMAYER87-70,Michael Mayer: 70+ receiving yards,0.0200,0.0600,0.0000,0.00,0.00,active,2026-10-06T20:25:00Z,2026-10-02T09:37:33+00:00
KXNFLRECYDS-26OCT04KCLV,KXNFLRECYDS,KXNFLRECYDS-26OCT04KCLV-LVBBOWERS89-160,Brock Bowers: 160+ receiving yards,0.0200,0.0400,0.0000,0.00,0.00,active,2026-10-06T20:25:00Z,2026-10-02T09:37:33+00:00
KXNFLRECYDS-26OCT04KCLV,KXNFLRECYDS,KXNFLRECYDS-26OCT04KCLV-LVMMAYER87-15,Michael Mayer: 15+ receiving yards,0.6100,0.6700,0.6800,29.11,29.11,active,2026-10-06T20:25:00Z,2026-10-02T09:37:33+00:00
KXNFLRECYDS-26OCT04KCLV,KXNFLRECYDS,KXNFLRECYDS-26OCT04KCLV-LVBBOWERS89-150,Brock Bowers: 150+ receiving yards,0.0200,0.0600,0.0000,0.00,0.00,active,2026-10-06T20:25:00Z,2026-10-02T09:37:33+00:00
KXNFLRECYDS-26OCT04KCLV,KXNFLRECYDS,KXNFLRECYDS-26OCT04KCLV-KCXWORTHY1-100,Xavier Worthy: 100+ receiving yards,0.0200,0.0600,0.0000,0.00,0.00,active,2026-10-06T20:25:00Z,2026-10-02T09:37:33+00:00
KXNFLRECYDS-26OCT04KCLV,KXNFLRECYDS,KXNFLRECYDS-26OCT04KCLV-LVJNAILOR9-15,Jalen Nailor: 15+ receiving yards,0.5700,0.6200,0.6300,0.77,0.77,active,2026-10-06T20:25:00Z,2026-10-02T09:37:33+00:00
KXNFLRECYDS-26OCT04KCLV,KXNFLRECYDS,KXNFLRECYDS-26OCT04KCLV-KCXWORTHY1-90,Xavier Worthy: 90+ receiving yards,0.0300,0.0800,0.0000,0.00,0.00,active,2026-10-06T20:25:00Z,2026-10-02T09:37:33+00:00
KXNFLRECYDS-26OCT04KCLV,KXNFLRECYDS,KXNFLRECYDS-26OCT04KCLV-LVBBOWERS89-130,Brock Bowers: 130+ receiving yards,0.0400,0.1000,0.0600,14.00,14.00,active,2026-10-06T20:25:00Z,2026-10-02T09:37:33+00:00
KXNFLRECYDS-26OCT04KCLV,KXNFLRECYDS,KXNFLRECYDS-26OCT04KCLV-KCRRICE4-120,Rashee Rice: 120+ receiving yards,0.0200,0.0800,0.0000,0.00,0.00,active,2026-10-06T20:25:00Z,2026-10-02T09:37:33+00:00
KXNFLRECYDS-26OCT04KCLV,KXNFLRECYDS,KXNFLRECYDS-26OCT04KCLV-KCXWORTHY1-80,Xavier Worthy: 80+ receiving yards,0.0600,0.1100,0.0000,0.00,0.00,active,2026-10-06T20:25:00Z,2026-10-02T09:37:33+00:00
KXNFLRECYDS-26OCT04KCLV,KXNFLRECYDS,KXNFLRECYDS-26OCT04KCLV-LVJNAILOR9-25,Jalen Nailor: 25+ receiving yards,0.3900,0.4300,0.4300,22.11,22.11,active,2026-10-06T20:25:00Z,2026-10-02T09:37:33+00:00
KXNFLRECYDS-26OCT04KCLV,KXNFLRECYDS,KXNFLRECYDS-26OCT04KCLV-LVAJEANTY2-70,Ashton Jeanty: 70+ receiving yards,0.0200,0.0600,0.0000,0.00,0.00,active,2026-10-06T20:25:00Z,2026-10-02T09:37:33+00:00
KXNFLRECYDS-26OCT04KCLV,KXNFLRECYDS,KXNFLRECYDS-26OCT04KCLV-LVBBOWERS89-90,Brock Bowers: 90+ receiving yards,0.3300,0.3500,0.3400,70.28,70.28,active,2026-10-06T20:25:00Z,2026-10-02T09:37:33+00:00
KXNFLRECYDS-26OCT04KCLV,KXNFLRECYDS,KXNFLRECYDS-26OCT04KCLV-LVJNAILOR9-20,Jalen Nailor: 20+ receiving yards,0.5200,0.5300,0.5200,140.28,140.28,active,2026-10-06T20:25:00Z,2026-10-02T09:37:33+00:00
KXNFLRECYDS-26OCT04KCLV,KXNFLRECYDS,KXNFLRECYDS-26OCT04KCLV-LVTTUCKER1-25,Tre Tucker: 25+ receiving yards,0.6600,0.7200,0.0000,0.00,0.00,active,2026-10-06T20:25:00Z,2026-10-02T09:37:33+00:00
KXNFLRECYDS-26OCT04KCLV,KXNFLRECYDS,KXNFLRECYDS-26OCT04KCLV-KCTKELCE87-70,Travis Kelce: 70+ receiving yards,0.2500,0.2700,0.2700,23.14,23.14,active,2026-10-06T20:25:00Z,2026-10-02T09:37:33+00:00
KXNFLRECYDS-26OCT04KCLV,KXNFLRECYDS,KXNFLRECYDS-26OCT04KCLV-LVJNAILOR9-40,Jalen Nailor: 40+ receiving yards,0.2100,0.2300,0.2400,39.56,39.56,active,2026-10-06T20:25:00Z,2026-10-02T09:37:33+00:00
KXNFLRECYDS-26OCT04KCLV,KXNFLRECYDS,KXNFLRECYDS-26OCT04KCLV-LVBBOWERS89-110,Brock Bowers: 110+ receiving yards,0.1300,0.2000,0.0000,0.00,0.00,active,2026-10-06T20:25:00Z,2026-10-02T09:37:33+00:00
KXNFLRECYDS-26OCT04KCLV,KXNFLRECYDS,KXNFLRECYDS-26OCT04KCLV-LVAJEANTY2-50,Ashton Jeanty: 50+ receiving yards,0.0700,0.1300,0.1300,76.00,76.00,active,2026-10-06T20:25:00Z,2026-10-02T09:37:33+00:00
KXNFLRECYDS-26OCT04KCLV,KXNFLRECYDS,KXNFLRECYDS-26OCT04KCLV-KCTKELCE87-120,Travis Kelce: 120+ receiving yards,0.0200,0.0600,0.0000,0.00,0.00,active,2026-10-06T20:25:00Z,2026-10-02T09:37:33+00:00
KXNFLRECYDS-26OCT04KCLV,KXNFLRECYDS,KXNFLRECYDS-26OCT04KCLV-LVTTUCKER1-70,Tre Tucker: 70+ receiving yards,0.1200,0.1800,0.1900,28.00,28.00,active,2026-10-06T20:25:00Z,2026-10-02T09:37:33+00:00
KXNFLRECYDS-26OCT04KCLV,KXNFLRECYDS,KXNFLRECYDS-26OCT04KCLV-LVTTUCKER1-100,Tre Tucker: 100+ receiving yards,0.0200,0.0700,0.0000,0.00,0.00,active,2026-10-06T20:25:00Z,2026-10-02T09:37:33+00:00
KXNFLRECYDS-26OCT04KCLV,KXNFLRECYDS,KXNFLRECYDS-26OCT04KCLV-LVMMAYER87-50,Michael Mayer: 50+ receiving yards,0.0700,0.1400,0.0000,0.00,0.00,active,2026-10-06T20:25:00Z,2026-10-02T09:37:33+00:00
KXNFLRECYDS-26OCT04KCLV,KXNFLRECYDS,KXNFLRECYDS-26OCT04KCLV-LVJNAILOR9-70,Jalen Nailor: 70+ receiving yards,0.0200,0.0700,0.0000,0.00,0.00,active,2026-10-06T20:25:00Z,2026-10-02T09:37:33+00:00
KXNFLRECYDS-26OCT04KCLV,KXNFLRECYDS,KXNFLRECYDS-26OCT04KCLV-LVAJEANTY2-40,Ashton Jeanty: 40+ receiving yards,0.1500,0.2000,0.1600,119.59,119.59,active,2026-10-06T20:25:00Z,2026-10-02T09:37:33+00:00
KXNFLRECYDS-26OCT04KCLV,KXNFLRECYDS,KXNFLRECYDS-26OCT04KCLV-KCRRICE4-130,Rashee Rice: 130+ receiving yards,0.0200,0.0600,0.0000,0.00,0.00,active,2026-10-06T20:25:00Z,2026-10-02T09:37:33+00:00
KXNFLRECYDS-26OCT04KCLV,KXNFLRECYDS,KXNFLRECYDS-26OCT04KCLV-LVJNAILOR9-50,Jalen Nailor: 50+ receiving yards,0.0900,0.1500,0.0000,0.00,0.00,active,2026-10-06T20:25:00Z,2026-10-02T09:37:33+00:00
KXNFLRECYDS-26OCT04KCLV,KXNFLRECYDS,KXNFLRECYDS-26OCT04KCLV-LVTTUCKER1-60,Tre Tucker: 60+ receiving yards,0.2600,0.2800,0.2500,30.00,30.00,active,2026-10-06T20:25:00Z,2026-10-02T09:37:33+00:00
KXNFLRECYDS-26OCT04KCLV,KXNFLRECYDS,KXNFLRECYDS-26OCT04KCLV-LVTTUCKER1-90,Tre Tucker: 90+ receiving yards,0.0300,0.0900,0.0000,0.00,0.00,active,2026-10-06T20:25:00Z,2026-10-02T09:37:33+00:00
KXNFLRECYDS-26OCT04KCLV,KXNFLRECYDS,KXNFLRECYDS-26OCT04KCLV-LVJNAILOR9-60,Jalen Nailor: 60+ receiving yards,0.0400,0.1000,0.0000,0.00,0.00,active,2026-10-06T20:25:00Z,2026-10-02T09:37:33+00:00
KXNFLRECYDS-26OCT04KCLV,KXNFLRECYDS,KXNFLRECYDS-26OCT04KCLV-LVTTUCKER1-40,Tre Tucker: 40+ receiving yards,0.4700,0.5000,0.5000,138.64,138.64,active,2026-10-06T20:25:00Z,2026-10-02T09:37:33+00:00
KXNFLRECYDS-26OCT04KCLV,KXNFLRECYDS,KXNFLRECYDS-26OCT04KCLV-LVTTUCKER1-15,Tre Tucker: 15+ receiving yards,0.7800,0.8500,0.0000,0.00,0.00,active,2026-10-06T20:25:00Z,2026-10-02T09:37:33+00:00
KXNFLRECYDS-26OCT04KCLV,KXNFLRECYDS,KXNFLRECYDS-26OCT04KCLV-LVMMAYER87-60,Michael Mayer: 60+ receiving yards,0.0400,0.1000,0.0000,0.00,0.00,active,2026-10-06T20:25:00Z,2026-10-02T09:37:33+00:00
KXNFLRECYDS-26OCT04KCLV,KXNFLRECYDS,KXNFLRECYDS-26OCT04KCLV-LVBBOWERS89-120,Brock Bowers: 120+ receiving yards,0.0800,0.1400,0.1100,10.00,10.00,active,2026-10-06T20:25:00Z,2026-10-02T09:37:33+00:00
KXNFLRECYDS-26OCT04KCLV,KXNFLRECYDS,KXNFLRECYDS-26OCT04KCLV-KCXWORTHY1-40,Xavier Worthy: 40+ receiving yards,0.4000,0.4300,0.0000,0.00,0.00,active,2026-10-06T20:25:00Z,2026-10-02T09:37:33+00:00
KXNFLRECYDS-26OCT04KCLV,KXNFLRECYDS,KXNFLRECYDS-26OCT04KCLV-KCTKELCE87-50,Travis Kelce: 50+ receiving yards,0.4600,0.4900,0.4900,288.59,288.59,active,2026-10-06T20:25:00Z,2026-10-02T09:37:33+00:00
KXNFLRECYDS-26OCT04KCLV,KXNFLRECYDS,KXNFLRECYDS-26OCT04KCLV-KCRRICE4-70,Rashee Rice: 70+ receiving yards,0.3200,0.3500,0.3500,27.31,27.31,active,2026-10-06T20:25:00Z,2026-10-02T09:37:33+00:00
KXNFLRECYDS-26OCT04KCLV,KXNFLRECYDS,KXNFLRECYDS-26OCT04KCLV-KCTKELCE87-60,Travis Kelce: 60+ receiving yards,0.3400,0.3700,0.0000,0.00,0.00,active,2026-10-06T20:25:00Z,2026-10-02T09:37:33+00:00
KXNFLRECYDS-26OCT04KCLV,KXNFLRECYDS,KXNFLRECYDS-26OCT04KCLV-KCKWALKER9-60,Kenneth Walker III: 60+ receiving yards,0.0400,0.1000,0.0000,0.00,0.00,active,2026-10-06T20:25:00Z,2026-10-02T09:37:33+00:00
KXNFLRECYDS-26OCT04KCLV,KXNFLRECYDS,KXNFLRECYDS-26OCT04KCLV-KCXWORTHY1-25,Xavier Worthy: 25+ receiving yards,0.6000,0.6600,0.0000,0.00,0.00,active,2026-10-06T20:25:00Z,2026-10-02T09:37:33+00:00
KXNFLRECYDS-26OCT04KCLV,KXNFLRECYDS,KXNFLRECYDS-26OCT04KCLV-KCKWALKER9-40,Kenneth Walker III: 40+ receiving yards,0.2000,0.2100,0.2100,43.43,43.43,active,2026-10-06T20:25:00Z,2026-10-02T09:37:33+00:00
KXNFLRECYDS-26OCT04KCLV,KXNFLRECYDS,KXNFLRECYDS-26OCT04KCLV-KCNGRAY83-50,Noah Gray: 50+ receiving yards,0.0200,0.0600,0.0000,0.00,0.00,active,2026-10-06T20:25:00Z,2026-10-02T09:37:33+00:00
KXNFLRECYDS-26OCT04KCLV,KXNFLRECYDS,KXNFLRECYDS-26OCT04KCLV-KCKWALKER9-15,Kenneth Walker III: 15+ receiving yards,0.6000,0.6600,0.6300,1.54,1.54,active,2026-10-06T20:25:00Z,2026-10-02T09:37:33+00:00
KXNFLRECYDS-26OCT04KCLV,KXNFLRECYDS,KXNFLRECYDS-26OCT04KCLV-KCRRICE4-40,Rashee Rice: 40+ receiving yards,0.6300,0.6900,0.0000,0.00,0.00,active,2026-10-06T20:25:00Z,2026-10-02T09:37:33+00:00
KXNFLRECYDS-26OCT04KCLV,KXNFLRECYDS,KXNFLRECYDS-26OCT04KCLV-KCRRICE4-55,Rashee Rice: 55+ receiving yards,0.5100,0.5200,0.5100,246.34,246.34,active,2026-10-06T20:25:00Z,2026-10-02T09:37:33+00:00
KXNFLRECYDS-26OCT04KCLV,KXNFLRECYDS,KXNFLRECYDS-26OCT04KCLV-KCRRICE4-60,Rashee Rice: 60+ receiving yards,0.4500,0.4600,0.4600,209.46,209.46,active,2026-10-06T20:25:00Z,2026-10-02T09:37:33+00:00
KXNFLRECYDS-26OCT04KCLV,KXNFLRECYDS,KXNFLRECYDS-26OCT04KCLV-KCRRICE4-80,Rashee Rice: 80+ receiving yards,0.2400,0.2700,0.0000,0.00,0.00,active,2026-10-06T20:25:00Z,2026-10-02T09:37:33+00:00
KXNFLRECYDS-26OCT04KCLV,KXNFLRECYDS,KXNFLRECYDS-26OCT04KCLV-KCTTHORNTON2-80,Tyquan Thornton: 80+ receiving yards,0.0300,0.0900,0.0000,0.00,0.00,active,2026-10-06T20:25:00Z,2026-10-02T09:37:33+00:00
KXNFLRECYDS-26OCT04KCLV,KXNFLRECYDS,KXNFLRECYDS-26OCT04KCLV-KCEJOHNSON10-15,Emmett Johnson: 15+ receiving yards,0.3200,0.3600,0.3600,0.13,0.13,active,2026-10-06T20:25:00Z,2026-10-02T09:37:33+00:00
KXNFLRECYDS-26OCT04KCLV,KXNFLRECYDS,KXNFLRECYDS-26OCT04KCLV-KCXWORTHY1-50,Xavier Worthy: 50+ receiving yards,0.2900,0.3200,0.0000,0.00,0.00,active,2026-10-06T20:25:00Z,2026-10-02T09:37:33+00:00
KXNFLRECYDS-26OCT04KCLV,KXNFLRECYDS,KXNFLRECYDS-26OCT04KCLV-KCTTHORNTON2-15,Tyquan Thornton: 15+ receiving yards,0.6000,0.6300,0.0000,0.00,0.00,active,2026-10-06T20:25:00Z,2026-10-02T09:37:33+00:00
KXNFLRECYDS-26OCT04KCLV,KXNFLRECYDS,KXNFLRECYDS-26OCT04KCLV-KCKWALKER9-25,Kenneth Walker III: 25+ receiving yards,0.4000,0.4400,0.4400,144.58,144.58,active,2026-10-06T20:25:00Z,2026-10-02T09:37:33+00:00
KXNFLRECYDS-26OCT04KCLV,KXNFLRECYDS,KXNFLRECYDS-26OCT04KCLV-KCTKELCE87-100,Travis Kelce: 100+ receiving yards,0.0500,0.1100,0.0000,0.00,0.00,active,2026-10-06T20:25:00Z,2026-10-02T09:37:33+00:00
KXNFLRECYDS-26OCT04KCLV,KXNFLRECYDS,KXNFLRECYDS-26OCT04KCLV-KCNGRAY83-40,Noah Gray: 40+ receiving yards,0.0300,0.1000,0.0000,0.00,0.00,active,2026-10-06T20:25:00Z,2026-10-02T09:37:33+00:00
KXNFLRECYDS-26OCT04KCLV,KXNFLRECYDS,KXNFLRECYDS-26OCT04KCLV-KCTKELCE87-40,Travis Kelce: 40+ receiving yards,0.5800,0.6300,0.6200,17.18,17.18,active,2026-10-06T20:25:00Z,2026-10-02T09:37:33+00:00
KXNFLRECYDS-26OCT04KCLV,KXNFLRECYDS,KXNFLRECYDS-26OCT04KCLV-KCTTHORNTON2-20,Tyquan Thornton: 20+ receiving yards,0.5200,0.5400,0.5100,19.90,19.90,active,2026-10-06T20:25:00Z,2026-10-02T09:37:33+00:00
KXNFLRECYDS-26OCT04KCLV,KXNFLRECYDS,KXNFLRECYDS-26OCT04KCLV-KCKWALKER9-70,Kenneth Walker III: 70+ receiving yards,0.0200,0.0700,0.0000,0.00,0.00,active,2026-10-06T20:25:00Z,2026-10-02T09:37:33+00:00
KXNFLRECYDS-26OCT04KCLV,KXNFLRECYDS,KXNFLRECYDS-26OCT04KCLV-KCEJOHNSON10-50,Emmett Johnson: 50+ receiving yards,0.0200,0.0600,0.0000,0.00,0.00,active,2026-10-06T20:25:00Z,2026-10-02T09:37:33+00:00
KXNFLRECYDS-26OCT04KCLV,KXNFLRECYDS,KXNFLRECYDS-26OCT04KCLV-KCXWORTHY1-15,Xavier Worthy: 15+ receiving yards,0.7400,0.8100,0.0000,0.00,0.00,active,2026-10-06T20:25:00Z,2026-10-02T09:37:33+00:00
KXNFLRECYDS-26OCT04KCLV,KXNFLRECYDS,KXNFLRECYDS-26OCT04KCLV-KCTTHORNTON2-25,Tyquan Thornton: 25+ receiving yards,0.4400,0.4700,0.0000,0.00,0.00,active,2026-10-06T20:25:00Z,2026-10-02T09:37:33+00:00
KXNFLRECYDS-26OCT04KCLV,KXNFLRECYDS,KXNFLRECYDS-26OCT04KCLV-KCTKELCE87-90,Travis Kelce: 90+ receiving yards,0.0700,0.1400,0.0000,0.00,0.00,active,2026-10-06T20:25:00Z,2026-10-02T09:37:33+00:00
KXNFLRECYDS-26OCT04KCLV,KXNFLRECYDS,KXNFLRECYDS-26OCT04KCLV-KCTTHORNTON2-70,Tyquan Thornton: 70+ receiving yards,0.0500,0.1200,0.0000,0.00,0.00,active,2026-10-06T20:25:00Z,2026-10-02T09:37:33+00:00
KXNFLRECYDS-26OCT04KCLV,KXNFLRECYDS,KXNFLRECYDS-26OCT04KCLV-KCRRICE4-90,Rashee Rice: 90+ receiving yards,0.1100,0.1900,0.0000,0.00,0.00,active,2026-10-06T20:25:00Z,2026-10-02T09:37:33+00:00
KXNFLRECYDS-26OCT04KCLV,KXNFLRECYDS,KXNFLRECYDS-26OCT04KCLV-KCXWORTHY1-60,Xavier Worthy: 60+ receiving yards,0.1300,0.2200,0.0000,0.00,0.00,active,2026-10-06T20:25:00Z,2026-10-02T09:37:33+00:00
KXNFLRECYDS-26OCT04KCLV,KXNFLRECYDS,KXNFLRECYDS-26OCT04KCLV-KCXWORTHY1-70,Xavier Worthy: 70+ receiving yards,0.0800,0.1500,0.0000,0.00,0.00,active,2026-10-06T20:25:00Z,2026-10-02T09:37:33+00:00
KXNFLRECYDS-26OCT04KCLV,KXNFLRECYDS,KXNFLRECYDS-26OCT04KCLV-KCRRICE4-25,Rashee Rice: 25+ receiving yards,0.7700,0.8600,0.0000,0.00,0.00,active,2026-10-06T20:25:00Z,2026-10-02T09:37:33+00:00
KXNFLRECYDS-26OCT04KCLV,KXNFLRECYDS,KXNFLRECYDS-26OCT04KCLV-KCTKELCE87-25,Travis Kelce: 25+ receiving yards,0.7500,0.8200,0.8100,1.81,1.81,active,2026-10-06T20:25:00Z,2026-10-02T09:37:33+00:00
KXNFLRECYDS-26OCT04KCLV,KXNFLRECYDS,KXNFLRECYDS-26OCT04KCLV-KCTTHORNTON2-50,Tyquan Thornton: 50+ receiving yards,0.1500,0.2300,0.0000,0.00,0.00,active,2026-10-06T20:25:00Z,2026-10-02T09:37:33+00:00
KXNFLRECYDS-26OCT04KCLV,KXNFLRECYDS,KXNFLRECYDS-26OCT04KCLV-KCEJOHNSON10-40,Emmett Johnson: 40+ receiving yards,0.0300,0.1000,0.0000,0.00,0.00,active,2026-10-06T20:25:00Z,2026-10-02T09:37:33+00:00
KXNFLRECYDS-26OCT04KCLV,KXNFLRECYDS,KXNFLRECYDS-26OCT04KCLV-KCTTHORNTON2-60,Tyquan Thornton: 60+ receiving yards,0.1100,0.1600,0.1300,36.00,36.00,active,2026-10-06T20:25:00Z,2026-10-02T09:37:33+00:00
KXNFLRECYDS-26OCT04KCLV,KXNFLRECYDS,KXNFLRECYDS-26OCT04KCLV-LVBBOWERS89-100,Brock Bowers: 100+ receiving yards,0.2000,0.2600,0.2700,52.84,52.84,active,2026-10-06T20:25:00Z,2026-10-02T09:37:33+00:00
KXNFLRECYDS-26OCT04KCLV,KXNFLRECYDS,KXNFLRECYDS-26OCT04KCLV-LVBBOWERS89-140,Brock Bowers: 140+ receiving yards,0.0200,0.0800,0.0000,0.00,0.00,active,2026-10-06T20:25:00Z,2026-10-02T09:37:33+00:00
KXNFLRECYDS-26OCT04KCLV,KXNFLRECYDS,KXNFLRECYDS-26OCT04KCLV-KCTKELCE87-80,Travis Kelce: 80+ receiving yards,0.1000,0.2000,0.0000,0.00,0.00,active,2026-10-06T20:25:00Z,2026-10-02T09:37:33+00:00
KXNFLRECYDS-26OCT04KCLV,KXNFLRECYDS,KXNFLRECYDS-26OCT04KCLV-KCNGRAY83-15,Noah Gray: 15+ receiving yards,0.3200,0.3600,0.0000,0.00,0.00,active,2026-10-06T20:25:00Z,2026-10-02T09:37:33+00:00
KXNFLRECYDS-26OCT04KCLV,KXNFLRECYDS,KXNFLRECYDS-26OCT04KCLV-KCTKELCE87-110,Travis Kelce: 110+ receiving yards,0.0300,0.0800,0.0000,0.00,0.00,active,2026-10-06T20:25:00Z,2026-10-02T09:37:33+00:00
KXNFLRECYDS-26OCT04KCLV,KXNFLRECYDS,KXNFLRECYDS-26OCT04KCLV-KCKWALKER9-50,Kenneth Walker III: 50+ receiving yards,0.0900,0.1300,0.0000,0.00,0.00,active,2026-10-06T20:25:00Z,2026-10-02T09:37:33+00:00
KXNFLRECYDS-26OCT04KCLV,KXNFLRECYDS,KXNFLRECYDS-26OCT04KCLV-KCRRICE4-110,Rashee Rice: 110+ receiving yards,0.0500,0.1000,0.0000,0.00,0.00,active,2026-10-06T20:25:00Z,2026-10-02T09:37:33+00:00
KXNFLRECYDS-26OCT04KCLV,KXNFLRECYDS,KXNFLRECYDS-26OCT04KCLV-KCEJOHNSON10-25,Emmett Johnson: 25+ receiving yards,0.1800,0.2000,0.0000,0.00,0.00,active,2026-10-06T20:25:00Z,2026-10-02T09:37:33+00:00
KXNFLRECYDS-26OCT04KCLV,KXNFLRECYDS,KXNFLRECYDS-26OCT04KCLV-KCNGRAY83-25,Noah Gray: 25+ receiving yards,0.1700,0.1900,0.0000,0.00,0.00,active,2026-10-06T20:25:00Z,2026-10-02T09:37:33+00:00
KXNFLRECYDS-26OCT04KCLV,KXNFLRECYDS,KXNFLRECYDS-26OCT04KCLV-LVAJEANTY2-60,Ashton Jeanty: 60+ receiving yards,0.0300,0.0900,0.0000,0.00,0.00,active,2026-10-06T20:25:00Z,2026-10-02T09:37:33+00:00
KXNFLRECYDS-26OCT04KCLV,KXNFLRECYDS,KXNFLRECYDS-26OCT04KCLV-LVAJEANTY2-15,Ashton Jeanty: 15+ receiving yards,0.5800,0.6600,0.0000,0.00,0.00,active,2026-10-06T20:25:00Z,2026-10-02T09:37:33+00:00
KXNFLRECYDS-26OCT04KCLV,KXNFLRECYDS,KXNFLRECYDS-26OCT04KCLV-LVMMAYER87-25,Michael Mayer: 25+ receiving yards,0.4400,0.4600,0.4500,64.66,64.66,active,2026-10-06T20:25:00Z,2026-10-02T09:37:33+00:00
KXNFLRECYDS-26OCT04KCLV,KXNFLRECYDS,KXNFLRECYDS-26OCT04KCLV-KCRRICE4-100,Rashee Rice: 100+ receiving yards,0.0800,0.1500,0.1500,980.22,980.22,active,2026-10-06T20:25:00Z,2026-10-02T09:37:33+00:00
KXNFLRECYDS-26OCT04KCLV,KXNFLRECYDS,KXNFLRECYDS-26OCT04KCLV-LVBBOWERS89-70,Brock Bowers: 70+ receiving yards,0.5100,0.5500,0.5600,139.81,109.14,active,2026-10-06T20:25:00Z,2026-10-02T09:37:33+00:00
KXNFLRECYDS-26OCT04KCLV,KXNFLRECYDS,KXNFLRECYDS-26OCT04KCLV-LVBBOWERS89-60,Brock Bowers: 60+ receiving yards,0.6000,0.6700,0.6600,1.47,1.47,active,2026-10-06T20:25:00Z,2026-10-02T09:37:33+00:00
KXNFLRECYDS-26OCT04KCLV,KXNFLRECYDS,KXNFLRECYDS-26OCT04KCLV-LVBBOWERS89-40,Brock Bowers: 40+ receiving yards,0.8000,0.8500,0.8400,6.17,6.17,active,2026-10-06T20:25:00Z,2026-10-02T09:37:33+00:00
KXNFLRECYDS-26OCT04KCLV,KXNFLRECYDS,KXNFLRECYDS-26OCT04KCLV-LVMMAYER87-40,Michael Mayer: 40+ receiving yards,0.2000,0.2300,0.2000,236.74,236.74,active,2026-10-06T20:25:00Z,2026-10-02T09:37:33+00:00
KXNFLRECYDS-26OCT04KCLV,KXNFLRECYDS,KXNFLRECYDS-26OCT04KCLV-LVBBOWERS89-50,Brock Bowers: 50+ receiving yards,0.6800,0.7500,0.7500,1.31,1.31,active,2026-10-06T20:25:00Z,2026-10-02T09:37:33+00:00
KXNFLRECYDS-26OCT04KCLV,KXNFLRECYDS,KXNFLRECYDS-26OCT04KCLV-KCTTHORNTON2-40,Tyquan Thornton: 40+ receiving yards,0.2800,0.3100,0.0000,0.00,0.00,active,2026-10-06T20:25:00Z,2026-10-02T09:37:33+00:00
KXNFLRECYDS-26OCT04KCLV,KXNFLRECYDS,KXNFLRECYDS-26OCT04KCLV-KCRRICE4-50,Rashee Rice: 50+ receiving yards,0.5300,0.5800,0.5700,0.85,0.85,active,2026-10-06T20:25:00Z,2026-10-02T09:37:33+00:00
KXNFLRECYDS-26OCT04KCLV,KXNFLRECYDS,KXNFLRECYDS-26OCT04KCLV-LVAJEANTY2-25,Ashton Jeanty: 25+ receiving yards,0.3500,0.4200,0.4200,97.81,97.81,active,2026-10-06T20:25:00Z,2026-10-02T09:37:33+00:00
KXNFLRECYDS-26OCT04KCLV,KXNFLRECYDS,KXNFLRECYDS-26OCT04KCLV-LVBBOWERS89-80,Brock Bowers: 80+ receiving yards,0.3700,0.4400,0.4400,197.50,197.50,active,2026-10-06T20:25:00Z,2026-10-02T09:37:33+00:00
KXNFLRECYDS-26OCT04KCLV,KXNFLRECYDS,KXNFLRECYDS-26OCT04KCLV-LVTTUCKER1-80,Tre Tucker: 80+ receiving yards,0.0700,0.1300,0.1100,33.00,33.00,active,2026-10-06T20:25:00Z,2026-10-02T09:37:33+00:00
KXNFLRECYDS-26OCT04KCLV,KXNFLRECYDS,KXNFLRECYDS-26OCT04KCLV-LVTTUCKER1-50,Tre Tucker: 50+ receiving yards,0.3500,0.3800,0.0000,0.00,0.00,active,2026-10-06T20:25:00Z,2026-10-02T09:37:33+00:00
KXNFLRECYDS-26OCT04LACSEA,KXNFLRECYDS,KXNFLRECYDS-26OCT04LACSEA-LACQJOHNSTON1-50,Quentin Johnston: 50+ receiving yards,0.3300,0.3700,0.2700,1.00,1.00,active,2026-10-06T20:25:00Z,2026-10-02T09:37:33+00:00
KXNFLRECYDS-26OCT04LACSEA,KXNFLRECYDS,KXNFLRECYDS-26OCT04LACSEA-LACOGADSDEN86-70,Oronde Gadsden: 70+ receiving yards,0.0300,0.1100,0.0000,0.00,0.00,active,2026-10-06T20:25:00Z,2026-10-02T09:37:33+00:00
KXNFLRECYDS-26OCT04LACSEA,KXNFLRECYDS,KXNFLRECYDS-26OCT04LACSEA-LACTHARRIS9-90,Tre' Harris: 90+ receiving yards,0.0300,0.1000,0.0000,0.00,0.00,active,2026-10-06T20:25:00Z,2026-10-02T09:37:33+00:00
KXNFLRECYDS-26OCT04LACSEA,KXNFLRECYDS,KXNFLRECYDS-26OCT04LACSEA-LACLMCCONKEY15-40,Ladd McConkey: 40+ receiving yards,0.5000,0.6000,0.5000,16.75,16.75,active,2026-10-06T20:25:00Z,2026-10-02T09:37:33+00:00
KXNFLRECYDS-26OCT04LACSEA,KXNFLRECYDS,KXNFLRECYDS-26OCT04LACSEA-SEAABARNER88-30,AJ Barner: 30+ receiving yards,0.5000,0.5300,0.0000,0.00,0.00,active,2026-10-06T20:25:00Z,2026-10-02T09:37:33+00:00
KXNFLRECYDS-26OCT04LACSEA,KXNFLRECYDS,KXNFLRECYDS-26OCT04LACSEA-SEARSHAHEED22-80,Rashid Shaheed: 80+ receiving yards,0.0200,0.0600,0.0000,0.00,0.00,active,2026-10-06T20:25:00Z,2026-10-02T09:37:33+00:00
KXNFLRECYDS-26OCT04LACSEA,KXNFLRECYDS,KXNFLRECYDS-26OCT04LACSEA-LACOGADSDEN86-50,Oronde Gadsden: 50+ receiving yards,0.0700,0.2200,0.0000,0.00,0.00,active,2026-10-06T20:25:00Z,2026-10-02T09:37:33+00:00
KXNFLRECYDS-26OCT04LACSEA,KXNFLRECYDS,KXNFLRECYDS-26OCT04LACSEA-LACOGADSDEN86-15,Oronde Gadsden: 15+ receiving yards,0.5600,0.7200,0.0000,0.00,0.00,active,2026-10-06T20:25:00Z,2026-10-02T09:37:33+00:00
KXNFLRECYDS-26OCT04LACSEA,KXNFLRECYDS,KXNFLRECYDS-26OCT04LACSEA-LACLMCCONKEY15-60,Ladd McConkey: 60+ receiving yards,0.2100,0.3700,0.0000,0.00,0.00,active,2026-10-06T20:25:00Z,2026-10-02T09:37:33+00:00
KXNFLRECYDS-26OCT04LACSEA,KXNFLRECYDS,KXNFLRECYDS-26OCT04LACSEA-LACQJOHNSTON1-80,Quentin Johnston: 80+ receiving yards,0.0300,0.1500,0.0000,0.00,0.00,active,2026-10-06T20:25:00Z,2026-10-02T09:37:33+00:00
KXNFLRECYDS-26OCT04LACSEA,KXNFLRECYDS,KXNFLRECYDS-26OCT04LACSEA-LACQJOHNSTON1-25,Quentin Johnston: 25+ receiving yards,0.6200,0.6800,0.0000,0.00,0.00,active,2026-10-06T20:25:00Z,2026-10-02T09:37:33+00:00
KXNFLRECYDS-26OCT04LACSEA,KXNFLRECYDS,KXNFLRECYDS-26OCT04LACSEA-LACQJOHNSTON1-60,Quentin Johnston: 60+ receiving yards,0.1400,0.2600,0.2600,26.00,26.00,active,2026-10-06T20:25:00Z,2026-10-02T09:37:33+00:00
KXNFLRECYDS-26OCT04LACSEA,KXNFLRECYDS,KXNFLRECYDS-26OCT04LACSEA-LACLMCCONKEY15-80,Ladd McConkey: 80+ receiving yards,0.0200,0.2100,0.0000,0.00,0.00,active,2026-10-06T20:25:00Z,2026-10-02T09:37:33+00:00
KXNFLRECYDS-26OCT04LACSEA,KXNFLRECYDS,KXNFLRECYDS-26OCT04LACSEA-LACQJOHNSTON1-100,Quentin Johnston: 100+ receiving yards,0.0200,0.1000,0.0000,0.00,0.00,active,2026-10-06T20:25:00Z,2026-10-02T09:37:33+00:00
KXNFLRECYDS-26OCT04LACSEA,KXNFLRECYDS,KXNFLRECYDS-26OCT04LACSEA-LACQJOHNSTON1-90,Quentin Johnston: 90+ receiving yards,0.0300,0.1100,0.0000,0.00,0.00,active,2026-10-06T20:25:00Z,2026-10-02T09:37:33+00:00
KXNFLRECYDS-26OCT04LACSEA,KXNFLRECYDS,KXNFLRECYDS-26OCT04LACSEA-LACOGADSDEN86-60,Oronde Gadsden: 60+ receiving yards,0.0300,0.1400,0.0800,4.00,4.00,active,2026-10-06T20:25:00Z,2026-10-02T09:37:33+00:00
KXNFLRECYDS-26OCT04LACSEA,KXNFLRECYDS,KXNFLRECYDS-26OCT04LACSEA-LACTHARRIS9-80,Tre' Harris: 80+ receiving yards,0.0300,0.1600,0.0000,0.00,0.00,active,2026-10-06T20:25:00Z,2026-10-02T09:37:33+00:00
KXNFLRECYDS-26OCT04LACSEA,KXNFLRECYDS,KXNFLRECYDS-26OCT04LACSEA-LACTHARRIS9-15,Tre' Harris: 15+ receiving yards,0.6500,0.8200,0.0000,0.00,0.00,active,2026-10-06T20:25:00Z,2026-10-02T09:37:33+00:00
KXNFLRECYDS-26OCT04LACSEA,KXNFLRECYDS,KXNFLRECYDS-26OCT04LACSEA-LACLMCCONKEY15-110,Ladd McConkey: 110+ receiving yards,0.0200,0.1600,0.1300,16.38,16.38,active,2026-10-06T20:25:00Z,2026-10-02T09:37:33+00:00
KXNFLRECYDS-26OCT04LACSEA,KXNFLRECYDS,KXNFLRECYDS-26OCT04LACSEA-LACTHARRIS9-70,Tre' Harris: 70+ receiving yards,0.0500,0.2000,0.1500,39.00,39.00,active,2026-10-06T20:25:00Z,2026-10-02T09:37:33+00:00
KXNFLRECYDS-26OCT04LACSEA,KXNFLRECYDS,KXNFLRECYDS-26OCT04LACSEA-LACLMCCONKEY15-70,Ladd McConkey: 70+ receiving yards,0.1300,0.2700,0.2800,15.80,15.80,active,2026-10-06T20:25:00Z,2026-10-02T09:37:33+00:00
KXNFLRECYDS-26OCT04LACSEA,KXNFLRECYDS,KXNFLRECYDS-26OCT04LACSEA-LACTHARRIS9-25,Tre' Harris: 25+ receiving yards,0.5300,0.6900,0.6700,91.00,86.00,active,2026-10-06T20:25:00Z,2026-10-02T09:37:33+00:00
KXNFLRECYDS-26OCT04LACSEA,KXNFLRECYDS,KXNFLRECYDS-26OCT04LACSEA-LACLMCCONKEY15-90,Ladd McConkey: 90+ receiving yards,0.0200,0.1600,0.1600,13.32,13.32,active,2026-10-06T20:25:00Z,2026-10-02T09:37:33+00:00
KXNFLRECYDS-26OCT04LACSEA,KXNFLRECYDS,KXNFLRECYDS-26OCT04LACSEA-LACLMCCONKEY15-50,Ladd McConkey: 50+ receiving yards,0.4500,0.4800,0.4800,110.83,110.83,active,2026-10-06T20:25:00Z,2026-10-02T09:37:33+00:00
KXNFLRECYDS-26OCT04LACSEA,KXNFLRECYDS,KXNFLRECYDS-26OCT04LACSEA-LACLMCCONKEY15-120,Ladd McConkey: 120+ receiving yards,0.0200,0.1200,0.0000,0.00,0.00,active,2026-10-06T20:25:00Z,2026-10-02T09:37:33+00:00
KXNFLRECYDS-26OCT04LACSEA,KXNFLRECYDS,KXNFLRECYDS-26OCT04LACSEA-LACOGADSDEN86-80,Oronde Gadsden: 80+ receiving yards,0.0200,0.0800,0.0000,0.00,0.00,active,2026-10-06T20:25:00Z,2026-10-02T09:37:33+00:00
KXNFLRECYDS-26OCT04LACSEA,KXNFLRECYDS,KXNFLRECYDS-26OCT04LACSEA-LACQJOHNSTON1-40,Quentin Johnston: 40+ receiving yards,0.4400,0.4800,0.5200,312.69,312.69,active,2026-10-06T20:25:00Z,2026-10-02T09:37:33+00:00
KXNFLRECYDS-26OCT04LACSEA,KXNFLRECYDS,KXNFLRECYDS-26OCT04LACSEA-SEATHORTON15-25,Tory Horton: 25+ receiving yards,0.2500,0.2800,0.0000,0.00,0.00,active,2026-10-06T20:25:00Z,2026-10-02T09:37:33+00:00
KXNFLRECYDS-26OCT04LACSEA,KXNFLRECYDS,KXNFLRECYDS-26OCT04LACSEA-SEATHORTON15-15,Tory Horton: 15+ receiving yards,0.4100,0.4400,0.0000,0.00,0.00,active,2026-10-06T20:25:00Z,2026-10-02T09:37:33+00:00
KXNFLRECYDS-26OCT04LACSEA,KXNFLRECYDS,KXNFLRECYDS-26OCT04LACSEA-SEAJSMITHNJIGBA11-140,Jaxon Smith-Njigba: 140+ receiving yards,0.0400,0.2000,0.0000,0.00,0.00,active,2026-10-06T20:25:00Z,2026-10-02T09:37:33+00:00
KXNFLRECYDS-26OCT04LACSEA,KXNFLRECYDS,KXNFLRECYDS-26OCT04LACSEA-SEATHORTON15-40,Tory Horton: 40+ receiving yards,0.0300,0.1400,0.0000,0.00,0.00,active,2026-10-06T20:25:00Z,2026-10-02T09:37:33+00:00
KXNFLRECYDS-26OCT04LACSEA,KXNFLRECYDS,KXNFLRECYDS-26OCT04LACSEA-SEAABARNER88-90,AJ Barner: 90+ receiving yards,0.0200,0.0700,0.0000,0.00,0.00,active,2026-10-06T20:25:00Z,2026-10-02T09:37:33+00:00
KXNFLRECYDS-26OCT04LACSEA,KXNFLRECYDS,KXNFLRECYDS-26OCT04LACSEA-SEAJSMITHNJIGBA11-110,Jaxon Smith-Njigba: 110+ receiving yards,0.3600,0.3700,0.3700,390.31,390.31,active,2026-10-06T20:25:00Z,2026-10-02T09:37:33+00:00
KXNFLRECYDS-26OCT04LACSEA,KXNFLRECYDS,KXNFLRECYDS-26OCT04LACSEA-SEARSHAHEED22-40,Rashid Shaheed: 40+ receiving yards,0.2300,0.2600,0.2200,9.00,9.00,active,2026-10-06T20:25:00Z,2026-10-02T09:37:33+00:00
KXNFLRECYDS-26OCT04LACSEA,KXNFLRECYDS,KXNFLRECYDS-26OCT04LACSEA-SEAABARNER88-50,AJ Barner: 50+ receiving yards,0.2500,0.2600,0.0000,0.00,0.00,active,2026-10-06T20:25:00Z,2026-10-02T09:37:33+00:00
KXNFLRECYDS-26OCT04LACSEA,KXNFLRECYDS,KXNFLRECYDS-26OCT04LACSEA-SEARSHAHEED22-15,Rashid Shaheed: 15+ receiving yards,0.6000,0.6600,0.0000,0.00,0.00,active,2026-10-06T20:25:00Z,2026-10-02T09:37:33+00:00
KXNFLRECYDS-26OCT04LACSEA,KXNFLRECYDS,KXNFLRECYDS-26OCT04LACSEA-SEAABARNER88-40,AJ Barner: 40+ receiving yards,0.3700,0.3800,0.4000,11.75,11.75,active,2026-10-06T20:25:00Z,2026-10-02T09:37:33+00:00
KXNFLRECYDS-26OCT04LACSEA,KXNFLRECYDS,KXNFLRECYDS-26OCT04LACSEA-SEARSHAHEED22-60,Rashid Shaheed: 60+ receiving yards,0.0300,0.1100,0.0800,17.00,17.00,active,2026-10-06T20:25:00Z,2026-10-02T09:37:33+00:00
KXNFLRECYDS-26OCT04LACSEA,KXNFLRECYDS,KXNFLRECYDS-26OCT04LACSEA-SEATHORTON15-60,Tory Horton: 60+ receiving yards,0.0200,0.0600,0.0000,0.00,0.00,active,2026-10-06T20:25:00Z,2026-10-02T09:37:33+00:00
KXNFLRECYDS-26OCT04LACSEA,KXNFLRECYDS,KXNFLRECYDS-26OCT04LACSEA-SEATHORTON15-50,Tory Horton: 50+ receiving yards,0.0300,0.0900,0.0000,0.00,0.00,active,2026-10-06T20:25:00Z,2026-10-02T09:37:33+00:00
KXNFLRECYDS-26OCT04LACSEA,KXNFLRECYDS,KXNFLRECYDS-26OCT04LACSEA-SEAJSMITHNJIGBA11-170,Jaxon Smith-Njigba: 170+ receiving yards,0.0300,0.0900,0.0000,0.00,0.00,active,2026-10-06T20:25:00Z,2026-10-02T09:37:33+00:00
KXNFLRECYDS-26OCT04LACSEA,KXNFLRECYDS,KXNFLRECYDS-26OCT04LACSEA-SEARSHAHEED22-70,Rashid Shaheed: 70+ receiving yards,0.0200,0.0900,0.0000,0.00,0.00,active,2026-10-06T20:25:00Z,2026-10-02T09:37:33+00:00
KXNFLRECYDS-26OCT04LACSEA,KXNFLRECYDS,KXNFLRECYDS-26OCT04LACSEA-SEAJSMITHNJIGBA11-190,Jaxon Smith-Njigba: 190+ receiving yards,0.0000,0.0600,0.0200,168.76,93.76,active,2026-10-06T20:25:00Z,2026-10-02T09:37:33+00:00
KXNFLRECYDS-26OCT04LACSEA,KXNFLRECYDS,KXNFLRECYDS-26OCT04LACSEA-LACTHARRIS9-50,Tre' Harris: 50+ receiving yards,0.2200,0.3200,0.3100,200.70,200.70,active,2026-10-06T20:25:00Z,2026-10-02T09:37:33+00:00
KXNFLRECYDS-26OCT04LACSEA,KXNFLRECYDS,KXNFLRECYDS-26OCT04LACSEA-LACLMCCONKEY15-15,Ladd McConkey: 15+ receiving yards,0.8600,0.9700,0.0000,0.00,0.00,active,2026-10-06T20:25:00Z,2026-10-02T09:37:33+00:00
KXNFLRECYDS-26OCT04LACSEA,KXNFLRECYDS,KXNFLRECYDS-26OCT04LACSEA-SEARSHAHEED22-50,Rashid Shaheed: 50+ receiving yards,0.0300,0.1700,0.1200,5.00,5.00,active,2026-10-06T20:25:00Z,2026-10-02T09:37:33+00:00
KXNFLRECYDS-26OCT04LACSEA,KXNFLRECYDS,KXNFLRECYDS-26OCT04LACSEA-SEAJSMITHNJIGBA11-160,Jaxon Smith-Njigba: 160+ receiving yards,0.0300,0.1300,0.0000,0.00,0.00,active,2026-10-06T20:25:00Z,2026-10-02T09:37:33+00:00
KXNFLRECYDS-26OCT04LACSEA,KXNFLRECYDS,KXNFLRECYDS-26OCT04LACSEA-LACLMCCONKEY15-100,Ladd McConkey: 100+ receiving yards,0.0200,0.1200,0.1200,17.71,17.71,active,2026-10-06T20:25:00Z,2026-10-02T09:37:33+00:00
KXNFLRECYDS-26OCT04LACSEA,KXNFLRECYDS,KXNFLRECYDS-26OCT04LACSEA-SEAJSMITHNJIGBA11-180,Jaxon Smith-Njigba: 180+ receiving yards,0.0200,0.0700,0.0000,0.00,0.00,active,2026-10-06T20:25:00Z,2026-10-02T09:37:33+00:00
KXNFLRECYDS-26OCT04LACSEA,KXNFLRECYDS,KXNFLRECYDS-26OCT04LACSEA-SEAJSMITHNJIGBA11-130,Jaxon Smith-Njigba: 130+ receiving yards,0.1000,0.2500,0.2400,40.58,40.58,active,2026-10-06T20:25:00Z,2026-10-02T09:37:33+00:00
KXNFLRECYDS-26OCT04LACSEA,KXNFLRECYDS,KXNFLRECYDS-26OCT04LACSEA-LACQJOHNSTON1-70,Quentin Johnston: 70+ receiving yards,0.0600,0.2100,0.0000,0.00,0.00,active,2026-10-06T20:25:00Z,2026-10-02T09:37:33+00:00
KXNFLRECYDS-26OCT04LACSEA,KXNFLRECYDS,KXNFLRECYDS-26OCT04LACSEA-LACQJOHNSTON1-15,Quentin Johnston: 15+ receiving yards,0.7600,0.8000,0.0000,0.00,0.00,active,2026-10-06T20:25:00Z,2026-10-02T09:37:33+00:00
KXNFLRECYDS-26OCT04LACSEA,KXNFLRECYDS,KXNFLRECYDS-26OCT04LACSEA-LACTHARRIS9-60,Tre' Harris: 60+ receiving yards,0.1900,0.2500,0.1800,28.00,28.00,active,2026-10-06T20:25:00Z,2026-10-02T09:37:33+00:00
KXNFLRECYDS-26OCT04LACSEA,KXNFLRECYDS,KXNFLRECYDS-26OCT04LACSEA-SEAJSMITHNJIGBA11-120,Jaxon Smith-Njigba: 120+ receiving yards,0.3100,0.3200,0.3200,382.96,382.96,active,2026-10-06T20:25:00Z,2026-10-02T09:37:33+00:00
KXNFLRECYDS-26OCT04LACSEA,KXNFLRECYDS,KXNFLRECYDS-26OCT04LACSEA-SEACKUPP10-40,Cooper Kupp: 40+ receiving yards,0.2700,0.3000,0.3000,88.00,88.00,active,2026-10-06T20:25:00Z,2026-10-02T09:37:33+00:00
KXNFLRECYDS-26OCT04LACSEA,KXNFLRECYDS,KXNFLRECYDS-26OCT04LACSEA-SEAABARNER88-15,AJ Barner: 15+ receiving yards,0.7500,0.7800,0.0000,0.00,0.00,active,2026-10-06T20:25:00Z,2026-10-02T09:37:33+00:00
KXNFLRECYDS-26OCT04LACSEA,KXNFLRECYDS,KXNFLRECYDS-26OCT04LACSEA-SEAJSMITHNJIGBA11-50,Jaxon Smith-Njigba: 50+ receiving yards,0.7200,0.8600,0.8500,21.28,21.28,active,2026-10-06T20:25:00Z,2026-10-02T09:37:33+00:00
KXNFLRECYDS-26OCT04LACSEA,KXNFLRECYDS,KXNFLRECYDS-26OCT04LACSEA-SEACKUPP10-15,Cooper Kupp: 15+ receiving yards,0.6400,0.6900,0.0000,0.00,0.00,active,2026-10-06T20:25:00Z,2026-10-02T09:37:33+00:00
KXNFLRECYDS-26OCT04LACSEA,KXNFLRECYDS,KXNFLRECYDS-26OCT04LACSEA-SEACKUPP10-80,Cooper Kupp: 80+ receiving yards,0.0200,0.0700,0.0000,0.00,0.00,active,2026-10-06T20:25:00Z,2026-10-02T09:37:33+00:00
KXNFLRECYDS-26OCT04LACSEA,KXNFLRECYDS,KXNFLRECYDS-26OCT04LACSEA-SEAJSMITHNJIGBA11-90,Jaxon Smith-Njigba: 90+ receiving yards,0.5100,0.5400,0.5400,519.02,519.02,active,2026-10-06T20:25:00Z,2026-10-02T09:37:33+00:00
KXNFLRECYDS-26OCT04LACSEA,KXNFLRECYDS,KXNFLRECYDS-26OCT04LACSEA-SEAABARNER88-70,AJ Barner: 70+ receiving yards,0.0300,0.1200,0.0000,0.00,0.00,active,2026-10-06T20:25:00Z,2026-10-02T09:37:33+00:00
KXNFLRECYDS-26OCT04LACSEA,KXNFLRECYDS,KXNFLRECYDS-26OCT04LACSEA-SEACKUPP10-50,Cooper Kupp: 50+ receiving yards,0.1700,0.2000,0.0000,0.00,0.00,active,2026-10-06T20:25:00Z,2026-10-02T09:37:33+00:00
KXNFLRECYDS-26OCT04LACSEA,KXNFLRECYDS,KXNFLRECYDS-26OCT04LACSEA-SEACKUPP10-60,Cooper Kupp: 60+ receiving yards,0.0300,0.1400,0.0000,0.00,0.00,active,2026-10-06T20:25:00Z,2026-10-02T09:37:33+00:00
KXNFLRECYDS-26OCT04LACSEA,KXNFLRECYDS,KXNFLRECYDS-26OCT04LACSEA-SEAABARNER88-60,AJ Barner: 60+ receiving yards,0.0300,0.1800,0.0000,0.00,0.00,active,2026-10-06T20:25:00Z,2026-10-02T09:37:33+00:00
KXNFLRECYDS-26OCT04LACSEA,KXNFLRECYDS,KXNFLRECYDS-26OCT04LACSEA-SEAABARNER88-80,AJ Barner: 80+ receiving yards,0.0200,0.0900,0.0000,0.00,0.00,active,2026-10-06T20:25:00Z,2026-10-02T09:37:33+00:00
KXNFLRECYDS-26OCT04LACSEA,KXNFLRECYDS,KXNFLRECYDS-26OCT04LACSEA-SEAABARNER88-25,AJ Barner: 25+ receiving yards,0.5700,0.6300,0.0000,0.00,0.00,active,2026-10-06T20:25:00Z,2026-10-02T09:37:33+00:00
KXNFLRECYDS-26OCT04LACSEA,KXNFLRECYDS,KXNFLRECYDS-26OCT04LACSEA-SEACKUPP10-70,Cooper Kupp: 70+ receiving yards,0.0200,0.1000,0.0000,0.00,0.00,active,2026-10-06T20:25:00Z,2026-10-02T09:37:33+00:00
KXNFLRECYDS-26OCT04LACSEA,KXNFLRECYDS,KXNFLRECYDS-26OCT04LACSEA-SEAJSMITHNJIGBA11-80,Jaxon Smith-Njigba: 80+ receiving yards,0.5800,0.6300,0.6300,85.01,67.17,active,2026-10-06T20:25:00Z,2026-10-02T09:37:33+00:00
KXNFLRECYDS-26OCT04LACSEA,KXNFLRECYDS,KXNFLRECYDS-26OCT04LACSEA-SEAJSMITHNJIGBA11-70,Jaxon Smith-Njigba: 70+ receiving yards,0.6600,0.7000,0.7100,90.53,90.53,active,2026-10-06T20:25:00Z,2026-10-02T09:37:33+00:00
KXNFLRECYDS-26OCT04LACSEA,KXNFLRECYDS,KXNFLRECYDS-26OCT04LACSEA-SEACKUPP10-25,Cooper Kupp: 25+ receiving yards,0.4800,0.5100,0.5100,149.78,149.78,active,2026-10-06T20:25:00Z,2026-10-02T09:37:33+00:00
KXNFLRECYDS-26OCT04LACSEA,KXNFLRECYDS,KXNFLRECYDS-26OCT04LACSEA-SEAJSMITHNJIGBA11-100,Jaxon Smith-Njigba: 100+ receiving yards,0.4200,0.4500,0.4500,941.07,941.07,active,2026-10-06T20:25:00Z,2026-10-02T09:37:33+00:00
KXNFLRECYDS-26OCT04LACSEA,KXNFLRECYDS,KXNFLRECYDS-26OCT04LACSEA-SEAJSMITHNJIGBA11-150,Jaxon Smith-Njigba: 150+ receiving yards,0.0500,0.1400,0.1300,197.32,197.32,active,2026-10-06T20:25:00Z,2026-10-02T09:37:33+00:00
KXNFLRECYDS-26OCT04LACSEA,KXNFLRECYDS,KXNFLRECYDS-26OCT04LACSEA-LACLMCCONKEY15-25,Ladd McConkey: 25+ receiving yards,0.3500,0.9700,0.0000,0.00,0.00,active,2026-10-06T20:25:00Z,2026-10-02T09:37:33+00:00
KXNFLRECYDS-26OCT04LACSEA,KXNFLRECYDS,KXNFLRECYDS-26OCT04LACSEA-SEARSHAHEED22-25,Rashid Shaheed: 25+ receiving yards,0.4300,0.4700,0.0000,0.00,0.00,active,2026-10-06T20:25:00Z,2026-10-02T09:37:33+00:00
KXNFLRECYDS-26OCT04LACSEA,KXNFLRECYDS,KXNFLRECYDS-26OCT04LACSEA-LACOGADSDEN86-40,Oronde Gadsden: 40+ receiving yards,0.2600,0.3100,0.3300,384.99,379.99,active,2026-10-06T20:25:00Z,2026-10-02T09:37:33+00:00
KXNFLRECYDS-26OCT04LACSEA,KXNFLRECYDS,KXNFLRECYDS-26OCT04LACSEA-LACTHARRIS9-40,Tre' Harris: 40+ receiving yards,0.4400,0.4900,0.6400,1035.06,1031.06,active,2026-10-06T20:25:00Z,2026-10-02T09:37:33+00:00
KXNFLRECYDS-26OCT04LACSEA,KXNFLRECYDS,KXNFLRECYDS-26OCT04LACSEA-LACOGADSDEN86-25,Oronde Gadsden: 25+ receiving yards,0.4800,0.4900,0.4800,3711.13,3530.43,active,2026-10-06T20:25:00Z,2026-10-02T09:37:33+00:00
KXNFLRECYDS-26OCT04LACSEA,KXNFLRECYDS,KXNFLRECYDS-26OCT04LACSEA-SEAJSMITHNJIGBA11-60,Jaxon Smith-Njigba: 60+ receiving yards,0.6500,0.8000,0.8000,108.74,108.74,active,2026-10-06T20:25:00Z,2026-10-02T09:37:33+00:00
KXNFLRECYDS-26OCT04LARPHI,KXNFLRECYDS,KXNFLRECYDS-26OCT04LARPHI-PHIDSMITH6-100,DeVonta Smith: 100+ receiving yards,0.0700,0.2600,0.0000,0.00,0.00,active,2026-10-06T17:00:00Z,2026-10-02T09:37:33+00:00
KXNFLRECYDS-26OCT04LARPHI,KXNFLRECYDS,KXNFLRECYDS-26OCT04LARPHI-PHIJMUNDT83-15,Johnny Mundt: 15+ receiving yards,0.3000,0.3500,0.0000,0.00,0.00,active,2026-10-06T17:00:00Z,2026-10-02T09:37:33+00:00
KXNFLRECYDS-26OCT04LARPHI,KXNFLRECYDS,KXNFLRECYDS-26OCT04LARPHI-PHIDSMITH6-70,DeVonta Smith: 70+ receiving yards,0.1700,0.3200,0.2300,200.90,200.90,active,2026-10-06T17:00:00Z,2026-10-02T09:37:33+00:00
KXNFLRECYDS-26OCT04LARPHI,KXNFLRECYDS,KXNFLRECYDS-26OCT04LARPHI-LARKWILLIAMS23-60,Kyren Williams: 60+ receiving yards,0.0200,0.0500,0.0000,0.00,0.00,active,2026-10-06T17:00:00Z,2026-10-02T09:37:33+00:00
KXNFLRECYDS-26OCT04LARPHI,KXNFLRECYDS,KXNFLRECYDS-26OCT04LARPHI-LARDADAMS17-170,Davante Adams: 170+ receiving yards,0.0200,0.0400,0.0000,0.00,0.00,active,2026-10-06T17:00:00Z,2026-10-02T09:37:33+00:00
KXNFLRECYDS-26OCT04LARPHI,KXNFLRECYDS,KXNFLRECYDS-26OCT04LARPHI-LARDADAMS17-160,Davante Adams: 160+ receiving yards,0.0200,0.0500,0.0000,0.00,0.00,active,2026-10-06T17:00:00Z,2026-10-02T09:37:33+00:00
KXNFLRECYDS-26OCT04LARPHI,KXNFLRECYDS,KXNFLRECYDS-26OCT04LARPHI-PHIDSMITH6-140,DeVonta Smith: 140+ receiving yards,0.0200,0.2900,0.0000,0.00,0.00,active,2026-10-06T17:00:00Z,2026-10-02T09:37:33+00:00
KXNFLRECYDS-26OCT04LARPHI,KXNFLRECYDS,KXNFLRECYDS-26OCT04LARPHI-PHIDSMITH6-90,DeVonta Smith: 90+ receiving yards,0.1300,0.3900,0.3200,0.17,0.17,active,2026-10-06T17:00:00Z,2026-10-02T09:37:33+00:00
KXNFLRECYDS-26OCT04LARPHI,KXNFLRECYDS,KXNFLRECYDS-26OCT04LARPHI-PHIDSMITH6-130,DeVonta Smith: 130+ receiving yards,0.0200,0.2900,0.0000,0.00,0.00,active,2026-10-06T17:00:00Z,2026-10-02T09:37:33+00:00
KXNFLRECYDS-26OCT04LARPHI,KXNFLRECYDS,KXNFLRECYDS-26OCT04LARPHI-PHIDSMITH6-150,DeVonta Smith: 150+ receiving yards,0.0200,0.2900,0.0000,0.00,0.00,active,2026-10-06T17:00:00Z,2026-10-02T09:37:33+00:00
KXNFLRECYDS-26OCT04LARPHI,KXNFLRECYDS,KXNFLRECYDS-26OCT04LARPHI-LARKWILLIAMS23-40,Kyren Williams: 40+ receiving yards,0.0900,0.1200,0.1200,78.89,78.89,active,2026-10-06T17:00:00Z,2026-10-02T09:37:33+00:00
KXNFLRECYDS-26OCT04LARPHI,KXNFLRECYDS,KXNFLRECYDS-26OCT04LARPHI-PHIJMUNDT83-40,Johnny Mundt: 40+ receiving yards,0.0300,0.0900,0.0000,0.00,0.00,active,2026-10-06T17:00:00Z,2026-10-02T09:37:33+00:00
KXNFLRECYDS-26OCT04LARPHI,KXNFLRECYDS,KXNFLRECYDS-26OCT04LARPHI-PHIDWICKS13-110,Dontayvion Wicks: 110+ receiving yards,0.0300,0.1300,0.0900,18.00,18.00,active,2026-10-06T17:00:00Z,2026-10-02T09:37:33+00:00
KXNFLRECYDS-26OCT04LARPHI,KXNFLRECYDS,KXNFLRECYDS-26OCT04LARPHI-PHIMLEMON9-50,Makai Lemon: 50+ receiving yards,0.2800,0.3100,0.3200,6229.01,6205.01,active,2026-10-06T17:00:00Z,2026-10-02T09:37:33+00:00
KXNFLRECYDS-26OCT04LARPHI,KXNFLRECYDS,KXNFLRECYDS-26OCT04LARPHI-PHISBARKLEY26-25,Saquon Barkley: 25+ receiving yards,0.3000,0.3300,0.2900,1699.77,1699.77,active,2026-10-06T17:00:00Z,2026-10-02T09:37:33+00:00
KXNFLRECYDS-26OCT04LARPHI,KXNFLRECYDS,KXNFLRECYDS-26OCT04LARPHI-PHIDCOOPER80-15,Darius Cooper: 15+ receiving yards,0.3900,0.5400,0.0000,0.00,0.00,active,2026-10-06T17:00:00Z,2026-10-02T09:37:33+00:00
KXNFLRECYDS-26OCT04LARPHI,KXNFLRECYDS,KXNFLRECYDS-26OCT04LARPHI-PHISBARKLEY26-50,Saquon Barkley: 50+ receiving yards,0.0300,0.1000,0.0000,0.00,0.00,active,2026-10-06T17:00:00Z,2026-10-02T09:37:33+00:00
KXNFLRECYDS-26OCT04LARPHI,KXNFLRECYDS,KXNFLRECYDS-26OCT04LARPHI-PHIJMUNDT83-25,Johnny Mundt: 25+ receiving yards,0.1700,0.2000,0.0000,0.00,0.00,active,2026-10-06T17:00:00Z,2026-10-02T09:37:33+00:00
KXNFLRECYDS-26OCT04LARPHI,KXNFLRECYDS,KXNFLRECYDS-26OCT04LARPHI-PHIJMUNDT83-50,Johnny Mundt: 50+ receiving yards,0.0200,0.0600,0.0000,0.00,0.00,active,2026-10-06T17:00:00Z,2026-10-02T09:37:33+00:00
KXNFLRECYDS-26OCT04LARPHI,KXNFLRECYDS,KXNFLRECYDS-26OCT04LARPHI-LARKWILLIAMS23-50,Kyren Williams: 50+ receiving yards,0.0200,0.0800,0.0000,0.00,0.00,active,2026-10-06T17:00:00Z,2026-10-02T09:37:33+00:00
KXNFLRECYDS-26OCT04LARPHI,KXNFLRECYDS,KXNFLRECYDS-26OCT04LARPHI-LARDADAMS17-120,Davante Adams: 120+ receiving yards,0.0800,0.1400,0.1500,169.16,154.16,active,2026-10-06T17:00:00Z,2026-10-02T09:37:33+00:00
KXNFLRECYDS-26OCT04LARPHI,KXNFLRECYDS,KXNFLRECYDS-26OCT04LARPHI-LARDADAMS17-140,Davante Adams: 140+ receiving yards,0.0200,0.0800,0.0000,0.00,0.00,active,2026-10-06T17:00:00Z,2026-10-02T09:37:33+00:00
KXNFLRECYDS-26OCT04LARPHI,KXNFLRECYDS,KXNFLRECYDS-26OCT04LARPHI-PHISBARKLEY26-60,Saquon Barkley: 60+ receiving yards,0.0200,0.0700,0.0000,0.00,0.00,active,2026-10-06T17:00:00Z,2026-10-02T09:37:33+00:00
KXNFLRECYDS-26OCT04LARPHI,KXNFLRECYDS,KXNFLRECYDS-26OCT04LARPHI-PHIDWICKS13-120,Dontayvion Wicks: 120+ receiving yards,0.0200,0.0900,0.0000,0.00,0.00,active,2026-10-06T17:00:00Z,2026-10-02T09:37:33+00:00
KXNFLRECYDS-26OCT04LARPHI,KXNFLRECYDS,KXNFLRECYDS-26OCT04LARPHI-LARDADAMS17-130,Davante Adams: 130+ receiving yards,0.0300,0.1100,0.0000,0.00,0.00,active,2026-10-06T17:00:00Z,2026-10-02T09:37:33+00:00
KXNFLRECYDS-26OCT04LARPHI,KXNFLRECYDS,KXNFLRECYDS-26OCT04LARPHI-LARDADAMS17-150,Davante Adams: 150+ receiving yards,0.0200,0.0700,0.0000,0.00,0.00,active,2026-10-06T17:00:00Z,2026-10-02T09:37:33+00:00
KXNFLRECYDS-26OCT04LARPHI,KXNFLRECYDS,KXNFLRECYDS-26OCT04LARPHI-PHIDSMITH6-60,DeVonta Smith: 60+ receiving yards,0.3500,0.5300,0.3500,15.06,15.06,active,2026-10-06T17:00:00Z,2026-10-02T09:37:33+00:00
KXNFLRECYDS-26OCT04LARPHI,KXNFLRECYDS,KXNFLRECYDS-26OCT04LARPHI-PHIDSMITH6-120,DeVonta Smith: 120+ receiving yards,0.0300,0.2400,0.0700,143.96,71.98,active,2026-10-06T17:00:00Z,2026-10-02T09:37:33+00:00
KXNFLRECYDS-26OCT04LARPHI,KXNFLRECYDS,KXNFLRECYDS-26OCT04LARPHI-PHIDSMITH6-110,DeVonta Smith: 110+ receiving yards,0.0200,0.1900,0.0000,0.00,0.00,active,2026-10-06T17:00:00Z,2026-10-02T09:37:33+00:00
KXNFLRECYDS-26OCT04LARPHI,KXNFLRECYDS,KXNFLRECYDS-26OCT04LARPHI-LARDADAMS17-110,Davante Adams: 110+ receiving yards,0.0500,0.1800,0.1600,230.31,205.31,active,2026-10-06T17:00:00Z,2026-10-02T09:37:33+00:00
KXNFLRECYDS-26OCT04LARPHI,KXNFLRECYDS,KXNFLRECYDS-26OCT04LARPHI-PHIMLEMON9-25,Makai Lemon: 25+ receiving yards,0.6300,0.6600,0.6600,14164.43,14102.47,active,2026-10-06T17:00:00Z,2026-10-02T09:37:33+00:00
KXNFLRECYDS-26OCT04LARPHI,KXNFLRECYDS,KXNFLRECYDS-26OCT04LARPHI-PHIMLEMON9-40,Makai Lemon: 40+ receiving yards,0.4000,0.4300,0.4400,9445.02,9187.09,active,2026-10-06T17:00:00Z,2026-10-02T09:37:33+00:00
KXNFLRECYDS-26OCT04LARPHI,KXNFLRECYDS,KXNFLRECYDS-26OCT04LARPHI-PHIMLEMON9-70,Makai Lemon: 70+ receiving yards,0.0200,0.1500,0.1400,3093.99,3093.99,active,2026-10-06T17:00:00Z,2026-10-02T09:37:33+00:00
KXNFLRECYDS-26OCT04LARPHI,KXNFLRECYDS,KXNFLRECYDS-26OCT04LARPHI-PHIDWICKS13-15,Dontayvion Wicks: 15+ receiving yards,0.8000,0.9300,0.0000,0.00,0.00,active,2026-10-06T17:00:00Z,2026-10-02T09:37:33+00:00
KXNFLRECYDS-26OCT04LARPHI,KXNFLRECYDS,KXNFLRECYDS-26OCT04LARPHI-LARDADAMS17-90,Davante Adams: 90+ receiving yards,0.2600,0.3100,0.3000,1578.60,1344.60,active,2026-10-06T17:00:00Z,2026-10-02T09:37:33+00:00
KXNFLRECYDS-26OCT04LARPHI,KXNFLRECYDS,KXNFLRECYDS-26OCT04LARPHI-PHIMLEMON9-60,Makai Lemon: 60+ receiving yards,0.2000,0.2300,0.2000,3747.44,3718.42,active,2026-10-06T17:00:00Z,2026-10-02T09:37:33+00:00
KXNFLRECYDS-26OCT04LARPHI,KXNFLRECYDS,KXNFLRECYDS-26OCT04LARPHI-LARDADAMS17-60,Davante Adams: 60+ receiving yards,0.5300,0.5500,0.5500,3022.76,2164.23,active,2026-10-06T17:00:00Z,2026-10-02T09:37:33+00:00
KXNFLRECYDS-26OCT04LARPHI,KXNFLRECYDS,KXNFLRECYDS-26OCT04LARPHI-PHIMLEMON9-15,Makai Lemon: 15+ receiving yards,0.7500,0.8100,0.8100,16.21,16.21,active,2026-10-06T17:00:00Z,2026-10-02T09:37:33+00:00
KXNFLRECYDS-26OCT04LARPHI,KXNFLRECYDS,KXNFLRECYDS-26OCT04LARPHI-PHIDWICKS13-100,Dontayvion Wicks: 100+ receiving yards,0.0900,0.1700,0.1200,36.21,20.21,active,2026-10-06T17:00:00Z,2026-10-02T09:37:33+00:00
KXNFLRECYDS-26OCT04LARPHI,KXNFLRECYDS,KXNFLRECYDS-26OCT04LARPHI-LARDADAMS17-70,Davante Adams: 70+ receiving yards,0.3900,0.4600,0.4700,4382.25,3742.81,active,2026-10-06T17:00:00Z,2026-10-02T09:37:33+00:00
KXNFLRECYDS-26OCT04LARPHI,KXNFLRECYDS,KXNFLRECYDS-26OCT04LARPHI-PHISBARKLEY26-15,Saquon Barkley: 15+ receiving yards,0.5000,0.5300,0.4900,348.62,347.58,active,2026-10-06T17:00:00Z,2026-10-02T09:37:33+00:00
KXNFLRECYDS-26OCT04LARPHI,KXNFLRECYDS,KXNFLRECYDS-26OCT04LARPHI-PHISBARKLEY26-40,Saquon Barkley: 40+ receiving yards,0.1200,0.1500,0.1100,1169.49,1169.49,active,2026-10-06T17:00:00Z,2026-10-02T09:37:33+00:00
KXNFLRECYDS-26OCT04LARPHI,KXNFLRECYDS,KXNFLRECYDS-26OCT04LARPHI-LARKWILLIAMS23-25,Kyren Williams: 25+ receiving yards,0.2600,0.2900,0.3000,760.00,760.00,active,2026-10-06T17:00:00Z,2026-10-02T09:37:33+00:00
KXNFLRECYDS-26OCT04LARPHI,KXNFLRECYDS,KXNFLRECYDS-26OCT04LARPHI-PHIDWICKS13-40,Dontayvion Wicks: 40+ receiving yards,0.6400,0.7000,0.7200,9973.26,9364.13,active,2026-10-06T17:00:00Z,2026-10-02T09:37:33+00:00
KXNFLRECYDS-26OCT04LARPHI,KXNFLRECYDS,KXNFLRECYDS-26OCT04LARPHI-PHIDWICKS13-50,Dontayvion Wicks: 50+ receiving yards,0.5300,0.5800,0.5900,9056.02,8783.37,active,2026-10-06T17:00:00Z,2026-10-02T09:37:33+00:00
KXNFLRECYDS-26OCT04LARPHI,KXNFLRECYDS,KXNFLRECYDS-26OCT04LARPHI-LARDADAMS17-100,Davante Adams: 100+ receiving yards,0.1600,0.2400,0.2300,338.86,213.86,active,2026-10-06T17:00:00Z,2026-10-02T09:37:33+00:00
KXNFLRECYDS-26OCT04LARPHI,KXNFLRECYDS,KXNFLRECYDS-26OCT04LARPHI-LARDADAMS17-50,Davante Adams: 50+ receiving yards,0.5200,0.6700,0.6700,246.57,211.44,active,2026-10-06T17:00:00Z,2026-10-02T09:37:33+00:00
KXNFLRECYDS-26OCT04LARPHI,KXNFLRECYDS,KXNFLRECYDS-26OCT04LARPHI-PHIDSMITH6-80,DeVonta Smith: 80+ receiving yards,0.1400,0.3200,0.3400,76.99,68.99,active,2026-10-06T17:00:00Z,2026-10-02T09:37:33+00:00
KXNFLRECYDS-26OCT04LARPHI,KXNFLRECYDS,KXNFLRECYDS-26OCT04LARPHI-LARDADAMS17-80,Davante Adams: 80+ receiving yards,0.3300,0.3700,0.3600,733.20,476.04,active,2026-10-06T17:00:00Z,2026-10-02T09:37:33+00:00
KXNFLRECYDS-26OCT04LARPHI,KXNFLRECYDS,KXNFLRECYDS-26OCT04LARPHI-LARDADAMS17-40,Davante Adams: 40+ receiving yards,0.6200,0.7600,0.7400,401.68,353.68,active,2026-10-06T17:00:00Z,2026-10-02T09:37:33+00:00
KXNFLRECYDS-26OCT04LARPHI,KXNFLRECYDS,KXNFLRECYDS-26OCT04LARPHI-LARKWILLIAMS23-15,Kyren Williams: 15+ receiving yards,0.4700,0.4900,0.4900,130.07,130.07,active,2026-10-06T17:00:00Z,2026-10-02T09:37:33+00:00
KXNFLRECYDS-26OCT04LARPHI,KXNFLRECYDS,KXNFLRECYDS-26OCT04LARPHI-PHIDWICKS13-80,Dontayvion Wicks: 80+ receiving yards,0.2700,0.2900,0.2100,1489.99,1415.99,active,2026-10-06T17:00:00Z,2026-10-02T09:37:33+00:00
KXNFLRECYDS-26OCT04LARPHI,KXNFLRECYDS,KXNFLRECYDS-26OCT04LARPHI-PHIDWICKS13-25,Dontayvion Wicks: 25+ receiving yards,0.8300,0.8600,0.8000,1987.66,1976.66,active,2026-10-06T17:00:00Z,2026-10-02T09:37:33+00:00
KXNFLRECYDS-26OCT04LARPHI,KXNFLRECYDS,KXNFLRECYDS-26OCT04LARPHI-PHIDWICKS13-70,Dontayvion Wicks: 70+ receiving yards,0.3500,0.3800,0.3900,3786.16,2979.16,active,2026-10-06T17:00:00Z,2026-10-02T09:37:33+00:00
KXNFLRECYDS-26OCT04LARPHI,KXNFLRECYDS,KXNFLRECYDS-26OCT04LARPHI-PHIMLEMON9-80,Makai Lemon: 80+ receiving yards,0.0200,0.1100,0.1200,1064.71,1064.71,active,2026-10-06T17:00:00Z,2026-10-02T09:37:33+00:00
KXNFLRECYDS-26OCT04LARPHI,KXNFLRECYDS,KXNFLRECYDS-26OCT04LARPHI-PHIDWICKS13-60,Dontayvion Wicks: 60+ receiving yards,0.4300,0.4700,0.4700,6514.83,6264.72,active,2026-10-06T17:00:00Z,2026-10-02T09:37:33+00:00
KXNFLRECYDS-26OCT04LARPHI,KXNFLRECYDS,KXNFLRECYDS-26OCT04LARPHI-PHIDWICKS13-90,Dontayvion Wicks: 90+ receiving yards,0.0800,0.2200,0.2200,254.68,254.68,active,2026-10-06T17:00:00Z,2026-10-02T09:37:33+00:00
KXNFLRECYDS-26OCT04LARPHI,KXNFLRECYDS,KXNFLRECYDS-26OCT04LARPHI-PHIDSMITH6-40,DeVonta Smith: 40+ receiving yards,0.5400,0.6900,0.5300,1835.44,1834.44,active,2026-10-06T17:00:00Z,2026-10-02T09:37:33+00:00
KXNFLRECYDS-26OCT04LARPHI,KXNFLRECYDS,KXNFLRECYDS-26OCT04LARPHI-PHIDSMITH6-50,DeVonta Smith: 50+ receiving yards,0.4400,0.6400,0.0000,0.00,0.00,active,2026-10-06T17:00:00Z,2026-10-02T09:37:33+00:00
KXNFLRECYDS-26OCT04MIAMIN,KXNFLRECYDS,KXNFLRECYDS-26OCT04MIAMIN-MINJADDISON3-80,Jordan Addison: 80+ receiving yards,0.2600,0.2900,0.0000,0.00,0.00,active,2026-10-06T20:05:00Z,2026-10-02T09:37:33+00:00
KXNFLRECYDS-26OCT04MIAMIN,KXNFLRECYDS,KXNFLRECYDS-26OCT04MIAMIN-MINTHOCKENSON87-100,T.J. Hockenson: 100+ receiving yards,0.0200,0.0500,0.0000,0.00,0.00,active,2026-10-06T20:05:00Z,2026-10-02T09:37:33+00:00
KXNFLRECYDS-26OCT04MIAMIN,KXNFLRECYDS,KXNFLRECYDS-26OCT04MIAMIN-MIAJWRIGHT5-40,Jaylen Wright: 40+ receiving yards,0.0200,0.0500,0.0000,0.00,0.00,active,2026-10-06T20:05:00Z,2026-10-02T09:37:33+00:00
KXNFLRECYDS-26OCT04MIAMIN,KXNFLRECYDS,KXNFLRECYDS-26OCT04MIAMIN-MINTHOCKENSON87-15,T.J. Hockenson: 15+ receiving yards,0.7900,0.8500,0.0000,0.00,0.00,active,2026-10-06T20:05:00Z,2026-10-02T09:37:33+00:00
KXNFLRECYDS-26OCT04MIAMIN,KXNFLRECYDS,KXNFLRECYDS-26OCT04MIAMIN-MIAGDULCICH85-90,Greg Dulcich: 90+ receiving yards,0.0200,0.0500,0.0000,0.00,0.00,active,2026-10-06T20:05:00Z,2026-10-02T09:37:33+00:00
KXNFLRECYDS-26OCT04MIAMIN,KXNFLRECYDS,KXNFLRECYDS-26OCT04MIAMIN-MIAGDULCICH85-40,Greg Dulcich: 40+ receiving yards,0.3300,0.3600,0.2900,5.00,5.00,active,2026-10-06T20:05:00Z,2026-10-02T09:37:33+00:00
KXNFLRECYDS-26OCT04MIAMIN,KXNFLRECYDS,KXNFLRECYDS-26OCT04MIAMIN-MIAMWASHINGTON6-15,Malik Washington: 15+ receiving yards,0.8000,0.8300,0.0000,0.00,0.00,active,2026-10-06T20:05:00Z,2026-10-02T09:37:33+00:00
KXNFLRECYDS-26OCT04MIAMIN,KXNFLRECYDS,KXNFLRECYDS-26OCT04MIAMIN-MINAJONES33-60,Aaron Jones Sr.: 60+ receiving yards,0.0200,0.0600,0.0000,0.00,0.00,active,2026-10-06T20:05:00Z,2026-10-02T09:37:33+00:00
KXNFLRECYDS-26OCT04MIAMIN,KXNFLRECYDS,KXNFLRECYDS-26OCT04MIAMIN-MINJADDISON3-25,Jordan Addison: 25+ receiving yards,0.6900,0.8400,0.0000,0.00,0.00,active,2026-10-06T20:05:00Z,2026-10-02T09:37:33+00:00
KXNFLRECYDS-26OCT04MIAMIN,KXNFLRECYDS,KXNFLRECYDS-26OCT04MIAMIN-MINTHOCKENSON87-25,T.J. Hockenson: 25+ receiving yards,0.6500,0.7100,0.0000,0.00,0.00,active,2026-10-06T20:05:00Z,2026-10-02T09:37:33+00:00
KXNFLRECYDS-26OCT04MIAMIN,KXNFLRECYDS,KXNFLRECYDS-26OCT04MIAMIN-MIAMWASHINGTON6-60,Malik Washington: 60+ receiving yards,0.2300,0.2500,0.0000,0.00,0.00,active,2026-10-06T20:05:00Z,2026-10-02T09:37:33+00:00
KXNFLRECYDS-26OCT04MIAMIN,KXNFLRECYDS,KXNFLRECYDS-26OCT04MIAMIN-MINJADDISON3-50,Jordan Addison: 50+ receiving yards,0.5300,0.5800,0.0000,0.00,0.00,active,2026-10-06T20:05:00Z,2026-10-02T09:37:33+00:00
KXNFLRECYDS-26OCT04MIAMIN,KXNFLRECYDS,KXNFLRECYDS-26OCT04MIAMIN-MINTHOCKENSON87-40,T.J. Hockenson: 40+ receiving yards,0.4400,0.4800,0.0000,0.00,0.00,active,2026-10-06T20:05:00Z,2026-10-02T09:37:33+00:00
KXNFLRECYDS-26OCT04MIAMIN,KXNFLRECYDS,KXNFLRECYDS-26OCT04MIAMIN-MIAJWRIGHT5-25,Jaylen Wright: 25+ receiving yards,0.0800,0.1100,0.0000,0.00,0.00,active,2026-10-06T20:05:00Z,2026-10-02T09:37:33+00:00
KXNFLRECYDS-26OCT04MIAMIN,KXNFLRECYDS,KXNFLRECYDS-26OCT04MIAMIN-MINJADDISON3-70,Jordan Addison: 70+ receiving yards,0.3500,0.3800,0.0000,0.00,0.00,active,2026-10-06T20:05:00Z,2026-10-02T09:37:33+00:00
KXNFLRECYDS-26OCT04MIAMIN,KXNFLRECYDS,KXNFLRECYDS-26OCT04MIAMIN-MINTHOCKENSON87-60,T.J. Hockenson: 60+ receiving yards,0.2100,0.2300,0.0000,0.00,0.00,active,2026-10-06T20:05:00Z,2026-10-02T09:37:33+00:00
KXNFLRECYDS-26OCT04MIAMIN,KXNFLRECYDS,KXNFLRECYDS-26OCT04MIAMIN-MINTHOCKENSON87-80,T.J. Hockenson: 80+ receiving yards,0.0300,0.1100,0.0000,0.00,0.00,active,2026-10-06T20:05:00Z,2026-10-02T09:37:33+00:00
KXNFLRECYDS-26OCT04MIAMIN,KXNFLRECYDS,KXNFLRECYDS-26OCT04MIAMIN-MINJADDISON3-60,Jordan Addison: 60+ receiving yards,0.4300,0.4700,0.0000,0.00,0.00,active,2026-10-06T20:05:00Z,2026-10-02T09:37:33+00:00
KXNFLRECYDS-26OCT04MIAMIN,KXNFLRECYDS,KXNFLRECYDS-26OCT04MIAMIN-MINTHOCKENSON87-70,T.J. Hockenson: 70+ receiving yards,0.0300,0.1600,0.0000,0.00,0.00,active,2026-10-06T20:05:00Z,2026-10-02T09:37:33+00:00
KXNFLRECYDS-26OCT04MIAMIN,KXNFLRECYDS,KXNFLRECYDS-26OCT04MIAMIN-MIAMWASHINGTON6-70,Malik Washington: 70+ receiving yards,0.0300,0.1800,0.0000,0.00,0.00,active,2026-10-06T20:05:00Z,2026-10-02T09:37:33+00:00
KXNFLRECYDS-26OCT04MIAMIN,KXNFLRECYDS,KXNFLRECYDS-26OCT04MIAMIN-MINJADDISON3-110,Jordan Addison: 110+ receiving yards,0.0300,0.1200,0.0000,0.00,0.00,active,2026-10-06T20:05:00Z,2026-10-02T09:37:33+00:00
KXNFLRECYDS-26OCT04MIAMIN,KXNFLRECYDS,KXNFLRECYDS-26OCT04MIAMIN-MINTHOCKENSON87-50,T.J. Hockenson: 50+ receiving yards,0.3000,0.3400,0.0000,0.00,0.00,active,2026-10-06T20:05:00Z,2026-10-02T09:37:33+00:00
KXNFLRECYDS-26OCT04MIAMIN,KXNFLRECYDS,KXNFLRECYDS-26OCT04MIAMIN-MIAMWASHINGTON6-25,Malik Washington: 25+ receiving yards,0.6600,0.7100,0.0000,0.00,0.00,active,2026-10-06T20:05:00Z,2026-10-02T09:37:33+00:00
KXNFLRECYDS-26OCT04MIAMIN,KXNFLRECYDS,KXNFLRECYDS-26OCT04MIAMIN-MIAMWASHINGTON6-40,Malik Washington: 40+ receiving yards,0.4700,0.4800,0.4800,201.01,201.01,active,2026-10-06T20:05:00Z,2026-10-02T09:37:33+00:00
KXNFLRECYDS-26OCT04MIAMIN,KXNFLRECYDS,KXNFLRECYDS-26OCT04MIAMIN-MIAGDULCICH85-50,Greg Dulcich: 50+ receiving yards,0.2300,0.2500,0.2600,36.56,36.56,active,2026-10-06T20:05:00Z,2026-10-02T09:37:33+00:00
KXNFLRECYDS-26OCT04MIAMIN,KXNFLRECYDS,KXNFLRECYDS-26OCT04MIAMIN-MINJADDISON3-90,Jordan Addison: 90+ receiving yards,0.0700,0.2200,0.0000,0.00,0.00,active,2026-10-06T20:05:00Z,2026-10-02T09:37:33+00:00
KXNFLRECYDS-26OCT04MIAMIN,KXNFLRECYDS,KXNFLRECYDS-26OCT04MIAMIN-MIAJWRIGHT5-15,Jaylen Wright: 15+ receiving yards,0.2100,0.2300,0.2300,1228.85,1228.85,active,2026-10-06T20:05:00Z,2026-10-02T09:37:33+00:00
KXNFLRECYDS-26OCT04MIAMIN,KXNFLRECYDS,KXNFLRECYDS-26OCT04MIAMIN-MINJADDISON3-130,Jordan Addison: 130+ receiving yards,0.0200,0.0700,0.0000,0.00,0.00,active,2026-10-06T20:05:00Z,2026-10-02T09:37:33+00:00
KXNFLRECYDS-26OCT04MIAMIN,KXNFLRECYDS,KXNFLRECYDS-26OCT04MIAMIN-MIAGDULCICH85-70,Greg Dulcich: 70+ receiving yards,0.0300,0.1100,0.0000,0.00,0.00,active,2026-10-06T20:05:00Z,2026-10-02T09:37:33+00:00
KXNFLRECYDS-26OCT04MIAMIN,KXNFLRECYDS,KXNFLRECYDS-26OCT04MIAMIN-MIAGDULCICH85-80,Greg Dulcich: 80+ receiving yards,0.0200,0.0800,0.0000,0.00,0.00,active,2026-10-06T20:05:00Z,2026-10-02T09:37:33+00:00
KXNFLRECYDS-26OCT04MIAMIN,KXNFLRECYDS,KXNFLRECYDS-26OCT04MIAMIN-MINTHOCKENSON87-90,T.J. Hockenson: 90+ receiving yards,0.0200,0.0800,0.0000,0.00,0.00,active,2026-10-06T20:05:00Z,2026-10-02T09:37:33+00:00
KXNFLRECYDS-26OCT04MIAMIN,KXNFLRECYDS,KXNFLRECYDS-26OCT04MIAMIN-MINJADDISON3-100,Jordan Addison: 100+ receiving yards,0.0300,0.1700,0.0000,0.00,0.00,active,2026-10-06T20:05:00Z,2026-10-02T09:37:33+00:00
KXNFLRECYDS-26OCT04MIAMIN,KXNFLRECYDS,KXNFLRECYDS-26OCT04MIAMIN-MINJADDISON3-120,Jordan Addison: 120+ receiving yards,0.0200,0.0800,0.0000,0.00,0.00,active,2026-10-06T20:05:00Z,2026-10-02T09:37:33+00:00
KXNFLRECYDS-26OCT04MIAMIN,KXNFLRECYDS,KXNFLRECYDS-26OCT04MIAMIN-MIAGDULCICH85-25,Greg Dulcich: 25+ receiving yards,0.5500,0.6000,0.5800,3.34,3.34,active,2026-10-06T20:05:00Z,2026-10-02T09:37:33+00:00
KXNFLRECYDS-26OCT04MIAMIN,KXNFLRECYDS,KXNFLRECYDS-26OCT04MIAMIN-MIAMWASHINGTON6-100,Malik Washington: 100+ receiving yards,0.0200,0.0600,0.0000,0.00,0.00,active,2026-10-06T20:05:00Z,2026-10-02T09:37:33+00:00
KXNFLRECYDS-26OCT04MIAMIN,KXNFLRECYDS,KXNFLRECYDS-26OCT04MIAMIN-MIAMWASHINGTON6-90,Malik Washington: 90+ receiving yards,0.0200,0.0800,0.0000,0.00,0.00,active,2026-10-06T20:05:00Z,2026-10-02T09:37:33+00:00
KXNFLRECYDS-26OCT04MIAMIN,KXNFLRECYDS,KXNFLRECYDS-26OCT04MIAMIN-MINJADDISON3-55,Jordan Addison: 55+ receiving yards,0.4600,0.5200,0.0000,0.00,0.00,active,2026-10-06T20:05:00Z,2026-10-02T09:37:33+00:00
KXNFLRECYDS-26OCT04MIAMIN,KXNFLRECYDS,KXNFLRECYDS-26OCT04MIAMIN-MINJADDISON3-40,Jordan Addison: 40+ receiving yards,0.6200,0.6900,0.6800,2.00,2.00,active,2026-10-06T20:05:00Z,2026-10-02T09:37:33+00:00
KXNFLRECYDS-26OCT04MIAMIN,KXNFLRECYDS,KXNFLRECYDS-26OCT04MIAMIN-MINAJONES33-40,Aaron Jones Sr.: 40+ receiving yards,0.0300,0.1800,0.0000,0.00,0.00,active,2026-10-06T20:05:00Z,2026-10-02T09:37:33+00:00
KXNFLRECYDS-26OCT04MIAMIN,KXNFLRECYDS,KXNFLRECYDS-26OCT04MIAMIN-MINAJONES33-50,Aaron Jones Sr.: 50+ receiving yards,0.0300,0.1100,0.0000,0.00,0.00,active,2026-10-06T20:05:00Z,2026-10-02T09:37:33+00:00
KXNFLRECYDS-26OCT04MIAMIN,KXNFLRECYDS,KXNFLRECYDS-26OCT04MIAMIN-MINAJONES33-15,Aaron Jones Sr.: 15+ receiving yards,0.4700,0.6200,0.6100,39.67,39.67,active,2026-10-06T20:05:00Z,2026-10-02T09:37:33+00:00
KXNFLRECYDS-26OCT04MIAMIN,KXNFLRECYDS,KXNFLRECYDS-26OCT04MIAMIN-MINAJONES33-25,Aaron Jones Sr.: 25+ receiving yards,0.2400,0.4000,0.4000,85.46,85.46,active,2026-10-06T20:05:00Z,2026-10-02T09:37:33+00:00
KXNFLRECYDS-26OCT04MIAMIN,KXNFLRECYDS,KXNFLRECYDS-26OCT04MIAMIN-MIAMWASHINGTON6-50,Malik Washington: 50+ receiving yards,0.3300,0.3400,0.3500,276.28,276.28,active,2026-10-06T20:05:00Z,2026-10-02T09:37:33+00:00
KXNFLRECYDS-26OCT04MIAMIN,KXNFLRECYDS,KXNFLRECYDS-26OCT04MIAMIN-MIAGDULCICH85-60,Greg Dulcich: 60+ receiving yards,0.0300,0.1700,0.1300,4.00,4.00,active,2026-10-06T20:05:00Z,2026-10-02T09:37:33+00:00
KXNFLRECYDS-26OCT04MIAMIN,KXNFLRECYDS,KXNFLRECYDS-26OCT04MIAMIN-MIAMWASHINGTON6-80,Malik Washington: 80+ receiving yards,0.0300,0.1200,0.0000,0.00,0.00,active,2026-10-06T20:05:00Z,2026-10-02T09:37:33+00:00
KXNFLRECYDS-26OCT04MIAMIN,KXNFLRECYDS,KXNFLRECYDS-26OCT04MIAMIN-MIAGDULCICH85-15,Greg Dulcich: 15+ receiving yards,0.7100,0.7700,0.0000,0.00,0.00,active,2026-10-06T20:05:00Z,2026-10-02T09:37:33+00:00
KXNFLRECYDS-26OCT04NEBUF,KXNFLRECYDS,KXNFLRECYDS-26OCT04NEBUF-NEMHOLLINS13-45,Mack Hollins: 45+ receiving yards,0.4600,0.5300,0.0000,0.00,0.00,active,2026-10-06T17:00:00Z,2026-10-02T09:37:33+00:00
KXNFLRECYDS-26OCT04NEBUF,KXNFLRECYDS,KXNFLRECYDS-26OCT04NEBUF-BUFJCOOK4-60,James Cook III: 60+ receiving yards,0.0200,0.0400,0.0400,117.12,117.12,active,2026-10-06T17:00:00Z,2026-10-02T09:37:33+00:00
KXNFLRECYDS-26OCT04NEBUF,KXNFLRECYDS,KXNFLRECYDS-26OCT04NEBUF-NERDOUBS87-15,Romeo Doubs: 15+ receiving yards,0.7900,0.8200,0.0000,0.00,0.00,active,2026-10-06T17:00:00Z,2026-10-02T09:37:33+00:00
KXNFLRECYDS-26OCT04NEBUF,KXNFLRECYDS,KXNFLRECYDS-26OCT04NEBUF-NERSTEVENSON38-25,Rhamondre Stevenson: 25+ receiving yards,0.3500,0.3800,0.3900,12.29,12.29,active,2026-10-06T17:00:00Z,2026-10-02T09:37:33+00:00
KXNFLRECYDS-26OCT04NEBUF,KXNFLRECYDS,KXNFLRECYDS-26OCT04NEBUF-NERDOUBS87-110,Romeo Doubs: 110+ receiving yards,0.0200,0.0600,0.0600,78.18,78.18,active,2026-10-06T17:00:00Z,2026-10-02T09:37:33+00:00
KXNFLRECYDS-26OCT04NEBUF,KXNFLRECYDS,KXNFLRECYDS-26OCT04NEBUF-BUFJCOOK4-40,James Cook III: 40+ receiving yards,0.0200,0.0700,0.0700,53.64,53.64,active,2026-10-06T17:00:00Z,2026-10-02T09:37:33+00:00
KXNFLRECYDS-26OCT04NEBUF,KXNFLRECYDS,KXNFLRECYDS-26OCT04NEBUF-BUFDKINCAID86-140,Dalton Kincaid: 140+ receiving yards,0.0200,0.0400,0.0400,70.27,70.27,active,2026-10-06T17:00:00Z,2026-10-02T09:37:33+00:00
KXNFLRECYDS-26OCT04NEBUF,KXNFLRECYDS,KXNFLRECYDS-26OCT04NEBUF-NEDDOUGLAS3-15,DeMario Douglas: 15+ receiving yards,0.6900,0.7400,0.0000,0.00,0.00,active,2026-10-06T17:00:00Z,2026-10-02T09:37:33+00:00
KXNFLRECYDS-26OCT04NEBUF,KXNFLRECYDS,KXNFLRECYDS-26OCT04NEBUF-BUFKSHAKIR10-15,Khalil Shakir: 15+ receiving yards,0.8200,0.8600,0.0000,0.00,0.00,active,2026-10-06T17:00:00Z,2026-10-02T09:37:33+00:00
KXNFLRECYDS-26OCT04NEBUF,KXNFLRECYDS,KXNFLRECYDS-26OCT04NEBUF-BUFKSHAKIR10-100,Khalil Shakir: 100+ receiving yards,0.0200,0.0700,0.0000,0.00,0.00,active,2026-10-06T17:00:00Z,2026-10-02T09:37:33+00:00
KXNFLRECYDS-26OCT04NEBUF,KXNFLRECYDS,KXNFLRECYDS-26OCT04NEBUF-BUFKCOLEMAN0-70,Keon Coleman: 70+ receiving yards,0.0200,0.0400,0.0000,0.00,0.00,active,2026-10-06T17:00:00Z,2026-10-02T09:37:33+00:00
KXNFLRECYDS-26OCT04NEBUF,KXNFLRECYDS,KXNFLRECYDS-26OCT04NEBUF-NERDOUBS87-25,Romeo Doubs: 25+ receiving yards,0.6600,0.7100,0.0000,0.00,0.00,active,2026-10-06T17:00:00Z,2026-10-02T09:37:33+00:00
KXNFLRECYDS-26OCT04NEBUF,KXNFLRECYDS,KXNFLRECYDS-26OCT04NEBUF-NEDDOUGLAS3-80,DeMario Douglas: 80+ receiving yards,0.0200,0.0800,0.0000,0.00,0.00,active,2026-10-06T17:00:00Z,2026-10-02T09:37:33+00:00
KXNFLRECYDS-26OCT04NEBUF,KXNFLRECYDS,KXNFLRECYDS-26OCT04NEBUF-BUFDMOORE2-140,DJ Moore: 140+ receiving yards,0.0200,0.0400,0.0400,70.27,70.27,active,2026-10-06T17:00:00Z,2026-10-02T09:37:33+00:00
KXNFLRECYDS-26OCT04NEBUF,KXNFLRECYDS,KXNFLRECYDS-26OCT04NEBUF-NERSTEVENSON38-50,Rhamondre Stevenson: 50+ receiving yards,0.0500,0.1100,0.0000,0.00,0.00,active,2026-10-06T17:00:00Z,2026-10-02T09:37:33+00:00
KXNFLRECYDS-26OCT04NEBUF,KXNFLRECYDS,KXNFLRECYDS-26OCT04NEBUF-NEMHOLLINS13-110,Mack Hollins: 110+ receiving yards,0.0200,0.0600,0.0700,40.23,40.23,active,2026-10-06T17:00:00Z,2026-10-02T09:37:33+00:00
KXNFLRECYDS-26OCT04NEBUF,KXNFLRECYDS,KXNFLRECYDS-26OCT04NEBUF-NERDOUBS87-50,Romeo Doubs: 50+ receiving yards,0.3600,0.4000,0.4000,23.99,23.99,active,2026-10-06T17:00:00Z,2026-10-02T09:37:33+00:00
KXNFLRECYDS-26OCT04NEBUF,KXNFLRECYDS,KXNFLRECYDS-26OCT04NEBUF-NERDOUBS87-90,Romeo Doubs: 90+ receiving yards,0.0600,0.1100,0.0000,0.00,0.00,active,2026-10-06T17:00:00Z,2026-10-02T09:37:33+00:00
KXNFLRECYDS-26OCT04NEBUF,KXNFLRECYDS,KXNFLRECYDS-26OCT04NEBUF-BUFKSHAKIR10-60,Khalil Shakir: 60+ receiving yards,0.2300,0.2700,0.2400,5.00,5.00,active,2026-10-06T17:00:00Z,2026-10-02T09:37:33+00:00
KXNFLRECYDS-26OCT04NEBUF,KXNFLRECYDS,KXNFLRECYDS-26OCT04NEBUF-NEMHOLLINS13-100,Mack Hollins: 100+ receiving yards,0.0400,0.0900,0.0500,27.89,27.89,active,2026-10-06T17:00:00Z,2026-10-02T09:37:33+00:00
KXNFLRECYDS-26OCT04NEBUF,KXNFLRECYDS,KXNFLRECYDS-26OCT04NEBUF-NERDOUBS87-100,Romeo Doubs: 100+ receiving yards,0.0300,0.0800,0.0800,35.23,35.23,active,2026-10-06T17:00:00Z,2026-10-02T09:37:33+00:00
KXNFLRECYDS-26OCT04NEBUF,KXNFLRECYDS,KXNFLRECYDS-26OCT04NEBUF-NEHHENRY85-80,Hunter Henry: 80+ receiving yards,0.0300,0.0800,0.0000,0.00,0.00,active,2026-10-06T17:00:00Z,2026-10-02T09:37:33+00:00
KXNFLRECYDS-26OCT04NEBUF,KXNFLRECYDS,KXNFLRECYDS-26OCT04NEBUF-BUFDMOORE2-90,DJ Moore: 90+ receiving yards,0.0300,0.1700,0.0000,0.00,0.00,active,2026-10-06T17:00:00Z,2026-10-02T09:37:33+00:00
KXNFLRECYDS-26OCT04NEBUF,KXNFLRECYDS,KXNFLRECYDS-26OCT04NEBUF-BUFKSHAKIR10-70,Khalil Shakir: 70+ receiving yards,0.0300,0.1800,0.0000,0.00,0.00,active,2026-10-06T17:00:00Z,2026-10-02T09:37:33+00:00
KXNFLRECYDS-26OCT04NEBUF,KXNFLRECYDS,KXNFLRECYDS-26OCT04NEBUF-BUFTJOHNSON26-15,Ty Johnson: 15+ receiving yards,0.4400,0.4700,0.4800,10.05,10.05,active,2026-10-06T17:00:00Z,2026-10-02T09:37:33+00:00
KXNFLRECYDS-26OCT04NEBUF,KXNFLRECYDS,KXNFLRECYDS-26OCT04NEBUF-BUFDKNOX88-15,Dawson Knox: 15+ receiving yards,0.2600,0.4200,0.0000,0.00,0.00,active,2026-10-06T17:00:00Z,2026-10-02T09:37:33+00:00
KXNFLRECYDS-26OCT04NEBUF,KXNFLRECYDS,KXNFLRECYDS-26OCT04NEBUF-BUFKSHAKIR10-80,Khalil Shakir: 80+ receiving yards,0.0300,0.1300,0.0000,0.00,0.00,active,2026-10-06T17:00:00Z,2026-10-02T09:37:33+00:00
KXNFLRECYDS-26OCT04NEBUF,KXNFLRECYDS,KXNFLRECYDS-26OCT04NEBUF-BUFDKNOX88-40,Dawson Knox: 40+ receiving yards,0.0300,0.1100,0.0000,0.00,0.00,active,2026-10-06T17:00:00Z,2026-10-02T09:37:33+00:00
KXNFLRECYDS-26OCT04NEBUF,KXNFLRECYDS,KXNFLRECYDS-26OCT04NEBUF-BUFDKNOX88-25,Dawson Knox: 25+ receiving yards,0.0900,0.2600,0.0000,0.00,0.00,active,2026-10-06T17:00:00Z,2026-10-02T09:37:33+00:00
KXNFLRECYDS-26OCT04NEBUF,KXNFLRECYDS,KXNFLRECYDS-26OCT04NEBUF-BUFKCOLEMAN0-25,Keon Coleman: 25+ receiving yards,0.2700,0.3100,0.3000,525.38,525.38,active,2026-10-06T17:00:00Z,2026-10-02T09:37:33+00:00
KXNFLRECYDS-26OCT04NEBUF,KXNFLRECYDS,KXNFLRECYDS-26OCT04NEBUF-NERDOUBS87-80,Romeo Doubs: 80+ receiving yards,0.1000,0.1600,0.1200,4.00,4.00,active,2026-10-06T17:00:00Z,2026-10-02T09:37:33+00:00
KXNFLRECYDS-26OCT04NEBUF,KXNFLRECYDS,KXNFLRECYDS-26OCT04NEBUF-BUFTJOHNSON26-40,Ty Johnson: 40+ receiving yards,0.0300,0.1300,0.0900,187.26,181.26,active,2026-10-06T17:00:00Z,2026-10-02T09:37:33+00:00
KXNFLRECYDS-26OCT04NEBUF,KXNFLRECYDS,KXNFLRECYDS-26OCT04NEBUF-BUFTJOHNSON26-25,Ty Johnson: 25+ receiving yards,0.2500,0.2700,0.2300,324.76,317.76,active,2026-10-06T17:00:00Z,2026-10-02T09:37:33+00:00
KXNFLRECYDS-26OCT04NEBUF,KXNFLRECYDS,KXNFLRECYDS-26OCT04NEBUF-BUFTJOHNSON26-50,Ty Johnson: 50+ receiving yards,0.0200,0.0800,0.0000,0.00,0.00,active,2026-10-06T17:00:00Z,2026-10-02T09:37:33+00:00
KXNFLRECYDS-26OCT04NEBUF,KXNFLRECYDS,KXNFLRECYDS-26OCT04NEBUF-NEDDOUGLAS3-70,DeMario Douglas: 70+ receiving yards,0.0600,0.1100,0.0000,0.00,0.00,active,2026-10-06T17:00:00Z,2026-10-02T09:37:33+00:00
KXNFLRECYDS-26OCT04NEBUF,KXNFLRECYDS,KXNFLRECYDS-26OCT04NEBUF-BUFKSHAKIR10-50,Khalil Shakir: 50+ receiving yards,0.3300,0.3700,0.3700,36.40,36.40,active,2026-10-06T17:00:00Z,2026-10-02T09:37:33+00:00
KXNFLRECYDS-26OCT04NEBUF,KXNFLRECYDS,KXNFLRECYDS-26OCT04NEBUF-BUFJCOOK4-15,James Cook III: 15+ receiving yards,0.3000,0.3200,0.3200,709.44,709.44,active,2026-10-06T17:00:00Z,2026-10-02T09:37:33+00:00
KXNFLRECYDS-26OCT04NEBUF,KXNFLRECYDS,KXNFLRECYDS-26OCT04NEBUF-BUFKSHAKIR10-40,Khalil Shakir: 40+ receiving yards,0.4600,0.5000,0.5000,18.31,18.31,active,2026-10-06T17:00:00Z,2026-10-02T09:37:33+00:00
KXNFLRECYDS-26OCT04NEBUF,KXNFLRECYDS,KXNFLRECYDS-26OCT04NEBUF-BUFKSHAKIR10-90,Khalil Shakir: 90+ receiving yards,0.0300,0.1000,0.0000,0.00,0.00,active,2026-10-06T17:00:00Z,2026-10-02T09:37:33+00:00
KXNFLRECYDS-26OCT04NEBUF,KXNFLRECYDS,KXNFLRECYDS-26OCT04NEBUF-BUFDMOORE2-25,DJ Moore: 25+ receiving yards,0.7500,0.8100,0.8100,12.03,12.03,active,2026-10-06T17:00:00Z,2026-10-02T09:37:33+00:00
KXNFLRECYDS-26OCT04NEBUF,KXNFLRECYDS,KXNFLRECYDS-26OCT04NEBUF-NEHHENRY85-90,Hunter Henry: 90+ receiving yards,0.0200,0.0600,0.0000,0.00,0.00,active,2026-10-06T17:00:00Z,2026-10-02T09:37:33+00:00
KXNFLRECYDS-26OCT04NEBUF,KXNFLRECYDS,KXNFLRECYDS-26OCT04NEBUF-NERSTEVENSON38-40,Rhamondre Stevenson: 40+ receiving yards,0.1400,0.1800,0.0000,0.00,0.00,active,2026-10-06T17:00:00Z,2026-10-02T09:37:33+00:00
KXNFLRECYDS-26OCT04NEBUF,KXNFLRECYDS,KXNFLRECYDS-26OCT04NEBUF-BUFKCOLEMAN0-50,Keon Coleman: 50+ receiving yards,0.0300,0.1000,0.0600,5.00,5.00,active,2026-10-06T17:00:00Z,2026-10-02T09:37:33+00:00
KXNFLRECYDS-26OCT04NEBUF,KXNFLRECYDS,KXNFLRECYDS-26OCT04NEBUF-BUFDMOORE2-70,DJ Moore: 70+ receiving yards,0.2700,0.3100,0.3200,76.37,76.37,active,2026-10-06T17:00:00Z,2026-10-02T09:37:33+00:00
KXNFLRECYDS-26OCT04NEBUF,KXNFLRECYDS,KXNFLRECYDS-26OCT04NEBUF-BUFDMOORE2-130,DJ Moore: 130+ receiving yards,0.0200,0.0500,0.0000,0.00,0.00,active,2026-10-06T17:00:00Z,2026-10-02T09:37:33+00:00
KXNFLRECYDS-26OCT04NEBUF,KXNFLRECYDS,KXNFLRECYDS-26OCT04NEBUF-BUFDMOORE2-110,DJ Moore: 110+ receiving yards,0.0300,0.0900,0.0800,35.23,35.23,active,2026-10-06T17:00:00Z,2026-10-02T09:37:33+00:00
KXNFLRECYDS-26OCT04NEBUF,KXNFLRECYDS,KXNFLRECYDS-26OCT04NEBUF-NEDDOUGLAS3-50,DeMario Douglas: 50+ receiving yards,0.2100,0.2300,0.1800,5.00,5.00,active,2026-10-06T17:00:00Z,2026-10-02T09:37:33+00:00
KXNFLRECYDS-26OCT04NEBUF,KXNFLRECYDS,KXNFLRECYDS-26OCT04NEBUF-BUFDKNOX88-50,Dawson Knox: 50+ receiving yards,0.0200,0.0700,0.0000,0.00,0.00,active,2026-10-06T17:00:00Z,2026-10-02T09:37:33+00:00
KXNFLRECYDS-26OCT04NEBUF,KXNFLRECYDS,KXNFLRECYDS-26OCT04NEBUF-BUFDMOORE2-60,DJ Moore: 60+ receiving yards,0.3600,0.4000,0.3900,12.26,12.26,active,2026-10-06T17:00:00Z,2026-10-02T09:37:33+00:00
KXNFLRECYDS-26OCT04NEBUF,KXNFLRECYDS,KXNFLRECYDS-26OCT04NEBUF-BUFKCOLEMAN0-15,Keon Coleman: 15+ receiving yards,0.4600,0.4900,0.4800,1961.02,1961.02,active,2026-10-06T17:00:00Z,2026-10-02T09:37:33+00:00
KXNFLRECYDS-26OCT04NEBUF,KXNFLRECYDS,KXNFLRECYDS-26OCT04NEBUF-NERDOUBS87-60,Romeo Doubs: 60+ receiving yards,0.2600,0.2900,0.3000,33.42,33.42,active,2026-10-06T17:00:00Z,2026-10-02T09:37:33+00:00
KXNFLRECYDS-26OCT04NEBUF,KXNFLRECYDS,KXNFLRECYDS-26OCT04NEBUF-NETHENDERSON32-5,TreVeyon Henderson: 5+ receiving yards,0.5800,0.6400,0.6200,1440.51,1371.51,active,2026-10-06T17:00:00Z,2026-10-02T09:37:33+00:00
KXNFLRECYDS-26OCT04NEBUF,KXNFLRECYDS,KXNFLRECYDS-26OCT04NEBUF-NEHHENRY85-70,Hunter Henry: 70+ receiving yards,0.0500,0.1200,0.0000,0.00,0.00,active,2026-10-06T17:00:00Z,2026-10-02T09:37:33+00:00
KXNFLRECYDS-26OCT04NEBUF,KXNFLRECYDS,KXNFLRECYDS-26OCT04NEBUF-BUFDKINCAID86-50,Dalton Kincaid: 50+ receiving yards,0.5100,0.5400,0.5400,91.80,91.80,active,2026-10-06T17:00:00Z,2026-10-02T09:37:33+00:00
KXNFLRECYDS-26OCT04NEBUF,KXNFLRECYDS,KXNFLRECYDS-26OCT04NEBUF-BUFKCOLEMAN0-60,Keon Coleman: 60+ receiving yards,0.0200,0.0700,0.0000,0.00,0.00,active,2026-10-06T17:00:00Z,2026-10-02T09:37:33+00:00
KXNFLRECYDS-26OCT04NEBUF,KXNFLRECYDS,KXNFLRECYDS-26OCT04NEBUF-NEMHOLLINS13-50,Mack Hollins: 50+ receiving yards,0.4100,0.4400,0.4400,15.78,15.78,active,2026-10-06T17:00:00Z,2026-10-02T09:37:33+00:00
KXNFLRECYDS-26OCT04NEBUF,KXNFLRECYDS,KXNFLRECYDS-26OCT04NEBUF-NEMHOLLINS13-70,Mack Hollins: 70+ receiving yards,0.1900,0.2400,0.1000,92.45,41.41,active,2026-10-06T17:00:00Z,2026-10-02T09:37:33+00:00
KXNFLRECYDS-26OCT04NEBUF,KXNFLRECYDS,KXNFLRECYDS-26OCT04NEBUF-NERDOUBS87-40,Romeo Doubs: 40+ receiving yards,0.4900,0.5200,0.5200,146.55,146.55,active,2026-10-06T17:00:00Z,2026-10-02T09:37:33+00:00
KXNFLRECYDS-26OCT04NEBUF,KXNFLRECYDS,KXNFLRECYDS-26OCT04NEBUF-BUFTJOHNSON26-60,Ty Johnson: 60+ receiving yards,0.0200,0.0600,0.0000,0.00,0.00,active,2026-10-06T17:00:00Z,2026-10-02T09:37:33+00:00
KXNFLRECYDS-26OCT04NEBUF,KXNFLRECYDS,KXNFLRECYDS-26OCT04NEBUF-NETHENDERSON32-15,TreVeyon Henderson: 15+ receiving yards,0.2900,0.3300,0.0000,0.00,0.00,active,2026-10-06T17:00:00Z,2026-10-02T09:37:33+00:00
KXNFLRECYDS-26OCT04NEBUF,KXNFLRECYDS,KXNFLRECYDS-26OCT04NEBUF-NEMHOLLINS13-60,Mack Hollins: 60+ receiving yards,0.3000,0.3400,0.3300,42.85,42.85,active,2026-10-06T17:00:00Z,2026-10-02T09:37:33+00:00
KXNFLRECYDS-26OCT04NEBUF,KXNFLRECYDS,KXNFLRECYDS-26OCT04NEBUF-BUFDMOORE2-40,DJ Moore: 40+ receiving yards,0.5800,0.6400,0.6300,25.01,25.01,active,2026-10-06T17:00:00Z,2026-10-02T09:37:33+00:00
KXNFLRECYDS-26OCT04NEBUF,KXNFLRECYDS,KXNFLRECYDS-26OCT04NEBUF-NETHENDERSON32-25,TreVeyon Henderson: 25+ receiving yards,0.1600,0.1800,0.2000,14.20,14.20,active,2026-10-06T17:00:00Z,2026-10-02T09:37:33+00:00
KXNFLRECYDS-26OCT04NEBUF,KXNFLRECYDS,KXNFLRECYDS-26OCT04NEBUF-BUFDMOORE2-120,DJ Moore: 120+ receiving yards,0.0200,0.0700,0.0000,0.00,0.00,active,2026-10-06T17:00:00Z,2026-10-02T09:37:33+00:00
KXNFLRECYDS-26OCT04NEBUF,KXNFLRECYDS,KXNFLRECYDS-26OCT04NEBUF-BUFDMOORE2-80,DJ Moore: 80+ receiving yards,0.0700,0.2200,0.2400,15.77,15.77,active,2026-10-06T17:00:00Z,2026-10-02T09:37:33+00:00
KXNFLRECYDS-26OCT04NEBUF,KXNFLRECYDS,KXNFLRECYDS-26OCT04NEBUF-BUFDMOORE2-100,DJ Moore: 100+ receiving yards,0.0400,0.1200,0.0700,29.67,29.67,active,2026-10-06T17:00:00Z,2026-10-02T09:37:33+00:00
KXNFLRECYDS-26OCT04NEBUF,KXNFLRECYDS,KXNFLRECYDS-26OCT04NEBUF-NEDDOUGLAS3-25,DeMario Douglas: 25+ receiving yards,0.5600,0.5800,0.5600,28.22,28.22,active,2026-10-06T17:00:00Z,2026-10-02T09:37:33+00:00
KXNFLRECYDS-26OCT04NEBUF,KXNFLRECYDS,KXNFLRECYDS-26OCT04NEBUF-NEMHOLLINS13-80,Mack Hollins: 80+ receiving yards,0.1100,0.1800,0.1600,41.31,41.31,active,2026-10-06T17:00:00Z,2026-10-02T09:37:33+00:00
KXNFLRECYDS-26OCT04NEBUF,KXNFLRECYDS,KXNFLRECYDS-26OCT04NEBUF-NEHHENRY85-60,Hunter Henry: 60+ receiving yards,0.1200,0.1800,0.0000,0.00,0.00,active,2026-10-06T17:00:00Z,2026-10-02T09:37:33+00:00
KXNFLRECYDS-26OCT04NEBUF,KXNFLRECYDS,KXNFLRECYDS-26OCT04NEBUF-NEHHENRY85-50,Hunter Henry: 50+ receiving yards,0.2400,0.2700,0.2300,2.00,2.00,active,2026-10-06T17:00:00Z,2026-10-02T09:37:33+00:00
KXNFLRECYDS-26OCT04NEBUF,KXNFLRECYDS,KXNFLRECYDS-26OCT04NEBUF-NERDOUBS87-70,Romeo Doubs: 70+ receiving yards,0.1500,0.2200,0.0000,0.00,0.00,active,2026-10-06T17:00:00Z,2026-10-02T09:37:33+00:00
KXNFLRECYDS-26OCT04NEBUF,KXNFLRECYDS,KXNFLRECYDS-26OCT04NEBUF-NEMHOLLINS13-15,Mack Hollins: 15+ receiving yards,0.8100,0.8500,0.0000,0.00,0.00,active,2026-10-06T17:00:00Z,2026-10-02T09:37:33+00:00
KXNFLRECYDS-26OCT04NEBUF,KXNFLRECYDS,KXNFLRECYDS-26OCT04NEBUF-BUFDKINCAID86-130,Dalton Kincaid: 130+ receiving yards,0.0200,0.0600,0.0600,31.27,31.27,active,2026-10-06T17:00:00Z,2026-10-02T09:37:33+00:00
KXNFLRECYDS-26OCT04NEBUF,KXNFLRECYDS,KXNFLRECYDS-26OCT04NEBUF-BUFDKINCAID86-110,Dalton Kincaid: 110+ receiving yards,0.0300,0.0900,0.0000,0.00,0.00,active,2026-10-06T17:00:00Z,2026-10-02T09:37:33+00:00
KXNFLRECYDS-26OCT04NEBUF,KXNFLRECYDS,KXNFLRECYDS-26OCT04NEBUF-NEMHOLLINS13-90,Mack Hollins: 90+ receiving yards,0.0800,0.1300,0.0700,28.54,28.54,active,2026-10-06T17:00:00Z,2026-10-02T09:37:33+00:00
KXNFLRECYDS-26OCT04NEBUF,KXNFLRECYDS,KXNFLRECYDS-26OCT04NEBUF-NEMHOLLINS13-40,Mack Hollins: 40+ receiving yards,0.5200,0.5700,0.0000,0.00,0.00,active,2026-10-06T17:00:00Z,2026-10-02T09:37:33+00:00
KXNFLRECYDS-26OCT04NEBUF,KXNFLRECYDS,KXNFLRECYDS-26OCT04NEBUF-BUFDKINCAID86-25,Dalton Kincaid: 25+ receiving yards,0.6800,0.8400,0.0000,0.00,0.00,active,2026-10-06T17:00:00Z,2026-10-02T09:37:33+00:00
KXNFLRECYDS-26OCT04NEBUF,KXNFLRECYDS,KXNFLRECYDS-26OCT04NEBUF-BUFJCOOK4-50,James Cook III: 50+ receiving yards,0.0200,0.0500,0.0500,75.00,75.00,active,2026-10-06T17:00:00Z,2026-10-02T09:37:33+00:00
KXNFLRECYDS-26OCT04NEBUF,KXNFLRECYDS,KXNFLRECYDS-26OCT04NEBUF-BUFDKINCAID86-40,Dalton Kincaid: 40+ receiving yards,0.5200,0.6700,0.6700,25.01,25.01,active,2026-10-06T17:00:00Z,2026-10-02T09:37:33+00:00
KXNFLRECYDS-26OCT04NEBUF,KXNFLRECYDS,KXNFLRECYDS-26OCT04NEBUF-BUFJCOOK4-25,James Cook III: 25+ receiving yards,0.0500,0.1500,0.1200,345.69,345.69,active,2026-10-06T17:00:00Z,2026-10-02T09:37:33+00:00
KXNFLRECYDS-26OCT04NEBUF,KXNFLRECYDS,KXNFLRECYDS-26OCT04NEBUF-BUFDKINCAID86-70,Dalton Kincaid: 70+ receiving yards,0.1600,0.3100,0.3100,41.00,41.00,active,2026-10-06T17:00:00Z,2026-10-02T09:37:33+00:00
KXNFLRECYDS-26OCT04NEBUF,KXNFLRECYDS,KXNFLRECYDS-26OCT04NEBUF-BUFDKINCAID86-80,Dalton Kincaid: 80+ receiving yards,0.0800,0.2200,0.2600,7.31,7.31,active,2026-10-06T17:00:00Z,2026-10-02T09:37:33+00:00
KXNFLRECYDS-26OCT04NEBUF,KXNFLRECYDS,KXNFLRECYDS-26OCT04NEBUF-BUFDKINCAID86-60,Dalton Kincaid: 60+ receiving yards,0.2700,0.4000,0.4300,71.58,71.58,active,2026-10-06T17:00:00Z,2026-10-02T09:37:33+00:00
KXNFLRECYDS-26OCT04NEBUF,KXNFLRECYDS,KXNFLRECYDS-26OCT04NEBUF-BUFDKINCAID86-100,Dalton Kincaid: 100+ receiving yards,0.0300,0.1200,0.0000,0.00,0.00,active,2026-10-06T17:00:00Z,2026-10-02T09:37:33+00:00
KXNFLRECYDS-26OCT04NEBUF,KXNFLRECYDS,KXNFLRECYDS-26OCT04NEBUF-NEDDOUGLAS3-40,DeMario Douglas: 40+ receiving yards,0.3100,0.3300,0.3100,1.00,1.00,active,2026-10-06T17:00:00Z,2026-10-02T09:37:33+00:00
KXNFLRECYDS-26OCT04NEBUF,KXNFLRECYDS,KXNFLRECYDS-26OCT04NEBUF-BUFDKINCAID86-90,Dalton Kincaid: 90+ receiving yards,0.0700,0.1500,0.2000,23.67,23.67,active,2026-10-06T17:00:00Z,2026-10-02T09:37:33+00:00
KXNFLRECYDS-26OCT04NEBUF,KXNFLRECYDS,KXNFLRECYDS-26OCT04NEBUF-NEHHENRY85-40,Hunter Henry: 40+ receiving yards,0.3500,0.3900,0.4000,16.78,16.78,active,2026-10-06T17:00:00Z,2026-10-02T09:37:33+00:00
KXNFLRECYDS-26OCT04NEBUF,KXNFLRECYDS,KXNFLRECYDS-26OCT04NEBUF-BUFKCOLEMAN0-40,Keon Coleman: 40+ receiving yards,0.0300,0.1600,0.1100,126.05,126.05,active,2026-10-06T17:00:00Z,2026-10-02T09:37:33+00:00
KXNFLRECYDS-26OCT04NEBUF,KXNFLRECYDS,KXNFLRECYDS-26OCT04NEBUF-NERSTEVENSON38-60,Rhamondre Stevenson: 60+ receiving yards,0.0200,0.0600,0.0700,40.23,40.23,active,2026-10-06T17:00:00Z,2026-10-02T09:37:33+00:00
KXNFLRECYDS-26OCT04NEBUF,KXNFLRECYDS,KXNFLRECYDS-26OCT04NEBUF-NEDDOUGLAS3-60,DeMario Douglas: 60+ receiving yards,0.1000,0.1500,0.1000,284.69,284.69,active,2026-10-06T17:00:00Z,2026-10-02T09:37:33+00:00
KXNFLRECYDS-26OCT04NEBUF,KXNFLRECYDS,KXNFLRECYDS-26OCT04NEBUF-BUFKSHAKIR10-25,Khalil Shakir: 25+ receiving yards,0.6700,0.7200,0.0000,0.00,0.00,active,2026-10-06T17:00:00Z,2026-10-02T09:37:33+00:00
KXNFLRECYDS-26OCT04NEBUF,KXNFLRECYDS,KXNFLRECYDS-26OCT04NEBUF-BUFDKINCAID86-120,Dalton Kincaid: 120+ receiving yards,0.0200,0.0700,0.0000,0.00,0.00,active,2026-10-06T17:00:00Z,2026-10-02T09:37:33+00:00
KXNFLRECYDS-26OCT04NEBUF,KXNFLRECYDS,KXNFLRECYDS-26OCT04NEBUF-NEHHENRY85-15,Hunter Henry: 15+ receiving yards,0.7600,0.7900,0.0000,0.00,0.00,active,2026-10-06T17:00:00Z,2026-10-02T09:37:33+00:00
KXNFLRECYDS-26OCT04NEBUF,KXNFLRECYDS,KXNFLRECYDS-26OCT04NEBUF-NEHHENRY85-25,Hunter Henry: 25+ receiving yards,0.6000,0.6200,0.0000,0.00,0.00,active,2026-10-06T17:00:00Z,2026-10-02T09:37:33+00:00
KXNFLRECYDS-26OCT04NEBUF,KXNFLRECYDS,KXNFLRECYDS-26OCT04NEBUF-NEMHOLLINS13-120,Mack Hollins: 120+ receiving yards,0.0200,0.0500,0.0500,56.25,56.25,active,2026-10-06T17:00:00Z,2026-10-02T09:37:33+00:00
KXNFLRECYDS-26OCT04NEBUF,KXNFLRECYDS,KXNFLRECYDS-26OCT04NEBUF-NERSTEVENSON38-15,Rhamondre Stevenson: 15+ receiving yards,0.5400,0.5600,0.5400,62.00,62.00,active,2026-10-06T17:00:00Z,2026-10-02T09:37:33+00:00
KXNFLRECYDS-26OCT04NEBUF,KXNFLRECYDS,KXNFLRECYDS-26OCT04NEBUF-NEMHOLLINS13-25,Mack Hollins: 25+ receiving yards,0.7100,0.7700,0.0000,0.00,0.00,active,2026-10-06T17:00:00Z,2026-10-02T09:37:33+00:00
KXNFLRECYDS-26OCT04NEBUF,KXNFLRECYDS,KXNFLRECYDS-26OCT04NEBUF-BUFDMOORE2-50,DJ Moore: 50+ receiving yards,0.4800,0.5100,0.5100,236.72,236.72,active,2026-10-06T17:00:00Z,2026-10-02T09:37:33+00:00
KXNFLRECYDS-26OCT04NYJCHI,KXNFLRECYDS,KXNFLRECYDS-26OCT04NYJCHI-NYJGWILSON5-150,Garrett Wilson: 150+ receiving yards,0.0200,0.0800,0.0000,0.00,0.00,active,2026-10-06T17:00:00Z,2026-10-02T09:37:33+00:00
KXNFLRECYDS-26OCT04NYJCHI,KXNFLRECYDS,KXNFLRECYDS-26OCT04NYJCHI-CHIKMONANGAI25-15,Kyle Monangai: 15+ receiving yards,0.0200,0.9700,0.0000,0.00,0.00,active,2026-10-06T17:00:00Z,2026-10-02T09:37:33+00:00
KXNFLRECYDS-26OCT04NYJCHI,KXNFLRECYDS,KXNFLRECYDS-26OCT04NYJCHI-CHIKMONANGAI25-25,Kyle Monangai: 25+ receiving yards,0.0200,0.9700,0.0000,0.00,0.00,active,2026-10-06T17:00:00Z,2026-10-02T09:37:33+00:00
KXNFLRECYDS-26OCT04NYJCHI,KXNFLRECYDS,KXNFLRECYDS-26OCT04NYJCHI-CHIKMONANGAI25-40,Kyle Monangai: 40+ receiving yards,0.0200,0.2600,0.0000,0.00,0.00,active,2026-10-06T17:00:00Z,2026-10-02T09:37:33+00:00
KXNFLRECYDS-26OCT04NYJCHI,KXNFLRECYDS,KXNFLRECYDS-26OCT04NYJCHI-NYJBALLEN0-50,Braelon Allen: 50+ receiving yards,0.0200,0.0600,0.0000,0.00,0.00,active,2026-10-06T17:00:00Z,2026-10-02T09:37:33+00:00
KXNFLRECYDS-26OCT04NYJCHI,KXNFLRECYDS,KXNFLRECYDS-26OCT04NYJCHI-NYJGWILSON5-100,Garrett Wilson: 100+ receiving yards,0.2800,0.3100,0.3100,10.00,10.00,active,2026-10-06T17:00:00Z,2026-10-02T09:37:33+00:00
KXNFLRECYDS-26OCT04NYJCHI,KXNFLRECYDS,KXNFLRECYDS-26OCT04NYJCHI-NYJBALLEN0-40,Braelon Allen: 40+ receiving yards,0.0300,0.1000,0.0000,0.00,0.00,active,2026-10-06T17:00:00Z,2026-10-02T09:37:33+00:00
KXNFLRECYDS-26OCT04NYJCHI,KXNFLRECYDS,KXNFLRECYDS-26OCT04NYJCHI-CHICLOVELAND84-80,Colston Loveland: 80+ receiving yards,0.0300,0.1000,0.0000,0.00,0.00,active,2026-10-06T17:00:00Z,2026-10-02T09:37:33+00:00
KXNFLRECYDS-26OCT04NYJCHI,KXNFLRECYDS,KXNFLRECYDS-26OCT04NYJCHI-CHIKRAYMOND14-90,Kalif Raymond: 90+ receiving yards,0.0200,0.0600,0.0000,0.00,0.00,active,2026-10-06T17:00:00Z,2026-10-02T09:37:33+00:00
KXNFLRECYDS-26OCT04NYJCHI,KXNFLRECYDS,KXNFLRECYDS-26OCT04NYJCHI-NYJIWILLIAMS18-80,Isaiah Williams: 80+ receiving yards,0.0200,0.0500,0.0000,0.00,0.00,active,2026-10-06T17:00:00Z,2026-10-02T09:37:33+00:00
KXNFLRECYDS-26OCT04NYJCHI,KXNFLRECYDS,KXNFLRECYDS-26OCT04NYJCHI-CHIDSWIFT4-50,D'Andre Swift: 50+ receiving yards,0.0200,0.1100,0.0000,0.00,0.00,active,2026-10-06T17:00:00Z,2026-10-02T09:37:33+00:00
KXNFLRECYDS-26OCT04NYJCHI,KXNFLRECYDS,KXNFLRECYDS-26OCT04NYJCHI-CHICKMET85-15,Cole Kmet: 15+ receiving yards,0.3600,0.3900,0.0000,0.00,0.00,active,2026-10-06T17:00:00Z,2026-10-02T09:37:33+00:00
KXNFLRECYDS-26OCT04NYJCHI,KXNFLRECYDS,KXNFLRECYDS-26OCT04NYJCHI-NYJGWILSON5-40,Garrett Wilson: 40+ receiving yards,0.8200,0.8500,0.0000,0.00,0.00,active,2026-10-06T17:00:00Z,2026-10-02T09:37:33+00:00
KXNFLRECYDS-26OCT04NYJCHI,KXNFLRECYDS,KXNFLRECYDS-26OCT04NYJCHI-CHICLOVELAND84-50,Colston Loveland: 50+ receiving yards,0.2600,0.2900,0.2800,170.00,170.00,active,2026-10-06T17:00:00Z,2026-10-02T09:37:33+00:00
KXNFLRECYDS-26OCT04NYJCHI,KXNFLRECYDS,KXNFLRECYDS-26OCT04NYJCHI-NYJGWILSON5-70,Garrett Wilson: 70+ receiving yards,0.5200,0.5700,0.0000,0.00,0.00,active,2026-10-06T17:00:00Z,2026-10-02T09:37:33+00:00
KXNFLRECYDS-26OCT04NYJCHI,KXNFLRECYDS,KXNFLRECYDS-26OCT04NYJCHI-CHICLOVELAND84-25,Colston Loveland: 25+ receiving yards,0.6100,0.6600,0.0000,0.00,0.00,active,2026-10-06T17:00:00Z,2026-10-02T09:37:33+00:00
KXNFLRECYDS-26OCT04NYJCHI,KXNFLRECYDS,KXNFLRECYDS-26OCT04NYJCHI-CHICLOVELAND84-70,Colston Loveland: 70+ receiving yards,0.0400,0.1300,0.0900,4.00,4.00,active,2026-10-06T17:00:00Z,2026-10-02T09:37:33+00:00
KXNFLRECYDS-26OCT04NYJCHI,KXNFLRECYDS,KXNFLRECYDS-26OCT04NYJCHI-NYJBALLEN0-15,Braelon Allen: 15+ receiving yards,0.4000,0.4100,0.4100,501.00,501.00,active,2026-10-06T17:00:00Z,2026-10-02T09:37:33+00:00
KXNFLRECYDS-26OCT04NYJCHI,KXNFLRECYDS,KXNFLRECYDS-26OCT04NYJCHI-NYJGWILSON5-90,Garrett Wilson: 90+ receiving yards,0.3500,0.3800,0.3900,10.00,10.00,active,2026-10-06T17:00:00Z,2026-10-02T09:37:33+00:00
KXNFLRECYDS-26OCT04NYJCHI,KXNFLRECYDS,KXNFLRECYDS-26OCT04NYJCHI-CHIKRAYMOND14-100,Kalif Raymond: 100+ receiving yards,0.0200,0.0400,0.0000,0.00,0.00,active,2026-10-06T17:00:00Z,2026-10-02T09:37:33+00:00
KXNFLRECYDS-26OCT04NYJCHI,KXNFLRECYDS,KXNFLRECYDS-26OCT04NYJCHI-CHILBURDEN10-25,Luther Burden III: 25+ receiving yards,0.7500,0.8000,0.0000,0.00,0.00,active,2026-10-06T17:00:00Z,2026-10-02T09:37:33+00:00
KXNFLRECYDS-26OCT04NYJCHI,KXNFLRECYDS,KXNFLRECYDS-26OCT04NYJCHI-NYJGWILSON5-80,Garrett Wilson: 80+ receiving yards,0.4200,0.4600,0.4600,239.73,239.73,active,2026-10-06T17:00:00Z,2026-10-02T09:37:33+00:00
KXNFLRECYDS-26OCT04NYJCHI,KXNFLRECYDS,KXNFLRECYDS-26OCT04NYJCHI-CHICKMET85-25,Cole Kmet: 25+ receiving yards,0.2000,0.2200,0.2000,35.00,35.00,active,2026-10-06T17:00:00Z,2026-10-02T09:37:33+00:00
KXNFLRECYDS-26OCT04NYJCHI,KXNFLRECYDS,KXNFLRECYDS-26OCT04NYJCHI-CHICLOVELAND84-15,Colston Loveland: 15+ receiving yards,0.7600,0.8000,0.0000,0.00,0.00,active,2026-10-06T17:00:00Z,2026-10-02T09:37:33+00:00
KXNFLRECYDS-26OCT04NYJCHI,KXNFLRECYDS,KXNFLRECYDS-26OCT04NYJCHI-CHICKMET85-40,Cole Kmet: 40+ receiving yards,0.0300,0.1000,0.0000,0.00,0.00,active,2026-10-06T17:00:00Z,2026-10-02T09:37:33+00:00
KXNFLRECYDS-26OCT04NYJCHI,KXNFLRECYDS,KXNFLRECYDS-26OCT04NYJCHI-NYJBALLEN0-25,Braelon Allen: 25+ receiving yards,0.2000,0.2300,0.0000,0.00,0.00,active,2026-10-06T17:00:00Z,2026-10-02T09:37:33+00:00
KXNFLRECYDS-26OCT04NYJCHI,KXNFLRECYDS,KXNFLRECYDS-26OCT04NYJCHI-CHILBURDEN10-40,Luther Burden III: 40+ receiving yards,0.5700,0.6000,0.0000,0.00,0.00,active,2026-10-06T17:00:00Z,2026-10-02T09:37:33+00:00
KXNFLRECYDS-26OCT04NYJCHI,KXNFLRECYDS,KXNFLRECYDS-26OCT04NYJCHI-NYJGWILSON5-60,Garrett Wilson: 60+ receiving yards,0.6400,0.6800,0.0000,0.00,0.00,active,2026-10-06T17:00:00Z,2026-10-02T09:37:33+00:00
KXNFLRECYDS-26OCT04NYJCHI,KXNFLRECYDS,KXNFLRECYDS-26OCT04NYJCHI-CHIKRAYMOND14-25,Kalif Raymond: 25+ receiving yards,0.5800,0.6400,0.6400,30.49,30.49,active,2026-10-06T17:00:00Z,2026-10-02T09:37:33+00:00
KXNFLRECYDS-26OCT04NYJCHI,KXNFLRECYDS,KXNFLRECYDS-26OCT04NYJCHI-CHICLOVELAND84-40,Colston Loveland: 40+ receiving yards,0.3800,0.4200,0.4200,22.89,22.89,active,2026-10-06T17:00:00Z,2026-10-02T09:37:33+00:00
KXNFLRECYDS-26OCT04NYJCHI,KXNFLRECYDS,KXNFLRECYDS-26OCT04NYJCHI-NYJIDAVIS32-15,Isaiah Davis: 15+ receiving yards,0.3400,0.3700,0.0000,0.00,0.00,active,2026-10-06T17:00:00Z,2026-10-02T09:37:33+00:00
KXNFLRECYDS-26OCT04NYJCHI,KXNFLRECYDS,KXNFLRECYDS-26OCT04NYJCHI-NYJIDAVIS32-40,Isaiah Davis: 40+ receiving yards,0.0300,0.0900,0.0000,0.00,0.00,active,2026-10-06T17:00:00Z,2026-10-02T09:37:33+00:00
KXNFLRECYDS-26OCT04NYJCHI,KXNFLRECYDS,KXNFLRECYDS-26OCT04NYJCHI-CHICKMET85-50,Cole Kmet: 50+ receiving yards,0.0200,0.0700,0.0000,0.00,0.00,active,2026-10-06T17:00:00Z,2026-10-02T09:37:33+00:00
KXNFLRECYDS-26OCT04NYJCHI,KXNFLRECYDS,KXNFLRECYDS-26OCT04NYJCHI-CHIRODUNZE15-50,Rome Odunze: 50+ receiving yards,0.2700,0.3100,0.2400,5.00,5.00,active,2026-10-06T17:00:00Z,2026-10-02T09:37:33+00:00
KXNFLRECYDS-26OCT04NYJCHI,KXNFLRECYDS,KXNFLRECYDS-26OCT04NYJCHI-CHIRODUNZE15-40,Rome Odunze: 40+ receiving yards,0.3900,0.4200,0.4200,393.51,393.51,active,2026-10-06T17:00:00Z,2026-10-02T09:37:33+00:00
KXNFLRECYDS-26OCT04NYJCHI,KXNFLRECYDS,KXNFLRECYDS-26OCT04NYJCHI-CHIRODUNZE15-25,Rome Odunze: 25+ receiving yards,0.5900,0.6400,0.6100,42.05,42.05,active,2026-10-06T17:00:00Z,2026-10-02T09:37:33+00:00
KXNFLRECYDS-26OCT04NYJCHI,KXNFLRECYDS,KXNFLRECYDS-26OCT04NYJCHI-NYJIDAVIS32-10,Isaiah Davis: 10+ receiving yards,0.4700,0.5100,0.0000,0.00,0.00,active,2026-10-06T17:00:00Z,2026-10-02T09:37:33+00:00
KXNFLRECYDS-26OCT04NYJCHI,KXNFLRECYDS,KXNFLRECYDS-26OCT04NYJCHI-NYJIDAVIS32-25,Isaiah Davis: 25+ receiving yards,0.1700,0.2000,0.2000,28.00,28.00,active,2026-10-06T17:00:00Z,2026-10-02T09:37:33+00:00
KXNFLRECYDS-26OCT04NYJCHI,KXNFLRECYDS,KXNFLRECYDS-26OCT04NYJCHI-CHILBURDEN10-60,Luther Burden III: 60+ receiving yards,0.3400,0.3500,0.3500,10.93,10.93,active,2026-10-06T17:00:00Z,2026-10-02T09:37:33+00:00
KXNFLRECYDS-26OCT04NYJCHI,KXNFLRECYDS,KXNFLRECYDS-26OCT04NYJCHI-NYJIWILLIAMS18-60,Isaiah Williams: 60+ receiving yards,0.0300,0.1100,0.0000,0.00,0.00,active,2026-10-06T17:00:00Z,2026-10-02T09:37:33+00:00
KXNFLRECYDS-26OCT04NYJCHI,KXNFLRECYDS,KXNFLRECYDS-26OCT04NYJCHI-CHILBURDEN10-110,Luther Burden III: 110+ receiving yards,0.0200,0.0700,0.0000,0.00,0.00,active,2026-10-06T17:00:00Z,2026-10-02T09:37:33+00:00
KXNFLRECYDS-26OCT04NYJCHI,KXNFLRECYDS,KXNFLRECYDS-26OCT04NYJCHI-NYJIWILLIAMS18-40,Isaiah Williams: 40+ receiving yards,0.2200,0.2500,0.0000,0.00,0.00,active,2026-10-06T17:00:00Z,2026-10-02T09:37:33+00:00
KXNFLRECYDS-26OCT04NYJCHI,KXNFLRECYDS,KXNFLRECYDS-26OCT04NYJCHI-NYJIWILLIAMS18-25,Isaiah Williams: 25+ receiving yards,0.4400,0.4700,0.0000,0.00,0.00,active,2026-10-06T17:00:00Z,2026-10-02T09:37:33+00:00
KXNFLRECYDS-26OCT04NYJCHI,KXNFLRECYDS,KXNFLRECYDS-26OCT04NYJCHI-CHILBURDEN10-50,Luther Burden III: 50+ receiving yards,0.4500,0.4800,0.4800,86.36,86.36,active,2026-10-06T17:00:00Z,2026-10-02T09:37:33+00:00
KXNFLRECYDS-26OCT04NYJCHI,KXNFLRECYDS,KXNFLRECYDS-26OCT04NYJCHI-NYJGWILSON5-130,Garrett Wilson: 130+ receiving yards,0.0300,0.1400,0.0900,5.00,5.00,active,2026-10-06T17:00:00Z,2026-10-02T09:37:33+00:00
KXNFLRECYDS-26OCT04NYJCHI,KXNFLRECYDS,KXNFLRECYDS-26OCT04NYJCHI-CHIRODUNZE15-80,Rome Odunze: 80+ receiving yards,0.0300,0.1000,0.0000,0.00,0.00,active,2026-10-06T17:00:00Z,2026-10-02T09:37:33+00:00
KXNFLRECYDS-26OCT04NYJCHI,KXNFLRECYDS,KXNFLRECYDS-26OCT04NYJCHI-CHIKRAYMOND14-80,Kalif Raymond: 80+ receiving yards,0.0200,0.0900,0.0000,0.00,0.00,active,2026-10-06T17:00:00Z,2026-10-02T09:37:33+00:00
KXNFLRECYDS-26OCT04NYJCHI,KXNFLRECYDS,KXNFLRECYDS-26OCT04NYJCHI-CHILBURDEN10-70,Luther Burden III: 70+ receiving yards,0.2500,0.2600,0.0000,0.00,0.00,active,2026-10-06T17:00:00Z,2026-10-02T09:37:33+00:00
KXNFLRECYDS-26OCT04NYJCHI,KXNFLRECYDS,KXNFLRECYDS-26OCT04NYJCHI-CHIKRAYMOND14-50,Kalif Raymond: 50+ receiving yards,0.2500,0.2800,0.2800,33.30,33.30,active,2026-10-06T17:00:00Z,2026-10-02T09:37:33+00:00
KXNFLRECYDS-26OCT04NYJCHI,KXNFLRECYDS,KXNFLRECYDS-26OCT04NYJCHI-CHIRODUNZE15-90,Rome Odunze: 90+ receiving yards,0.0200,0.0700,0.0000,0.00,0.00,active,2026-10-06T17:00:00Z,2026-10-02T09:37:33+00:00
KXNFLRECYDS-26OCT04NYJCHI,KXNFLRECYDS,KXNFLRECYDS-26OCT04NYJCHI-CHILBURDEN10-80,Luther Burden III: 80+ receiving yards,0.0400,0.1900,0.1800,25.82,25.82,active,2026-10-06T17:00:00Z,2026-10-02T09:37:33+00:00
KXNFLRECYDS-26OCT04NYJCHI,KXNFLRECYDS,KXNFLRECYDS-26OCT04NYJCHI-NYJGWILSON5-160,Garrett Wilson: 160+ receiving yards,0.0200,0.0600,0.0000,0.00,0.00,active,2026-10-06T17:00:00Z,2026-10-02T09:37:33+00:00
KXNFLRECYDS-26OCT04NYJCHI,KXNFLRECYDS,KXNFLRECYDS-26OCT04NYJCHI-NYJIWILLIAMS18-70,Isaiah Williams: 70+ receiving yards,0.0200,0.0800,0.0000,0.00,0.00,active,2026-10-06T17:00:00Z,2026-10-02T09:37:33+00:00
KXNFLRECYDS-26OCT04NYJCHI,KXNFLRECYDS,KXNFLRECYDS-26OCT04NYJCHI-CHIKRAYMOND14-15,Kalif Raymond: 15+ receiving yards,0.7400,0.7800,0.0000,0.00,0.00,active,2026-10-06T17:00:00Z,2026-10-02T09:37:33+00:00
KXNFLRECYDS-26OCT04NYJCHI,KXNFLRECYDS,KXNFLRECYDS-26OCT04NYJCHI-NYJGWILSON5-140,Garrett Wilson: 140+ receiving yards,0.0300,0.1000,0.0000,0.00,0.00,active,2026-10-06T17:00:00Z,2026-10-02T09:37:33+00:00
KXNFLRECYDS-26OCT04NYJCHI,KXNFLRECYDS,KXNFLRECYDS-26OCT04NYJCHI-CHIKRAYMOND14-60,Kalif Raymond: 60+ receiving yards,0.0400,0.1900,0.0000,0.00,0.00,active,2026-10-06T17:00:00Z,2026-10-02T09:37:33+00:00
KXNFLRECYDS-26OCT04NYJCHI,KXNFLRECYDS,KXNFLRECYDS-26OCT04NYJCHI-NYJGWILSON5-120,Garrett Wilson: 120+ receiving yards,0.0300,0.1800,0.0000,0.00,0.00,active,2026-10-06T17:00:00Z,2026-10-02T09:37:33+00:00
KXNFLRECYDS-26OCT04NYJCHI,KXNFLRECYDS,KXNFLRECYDS-26OCT04NYJCHI-CHILBURDEN10-90,Luther Burden III: 90+ receiving yards,0.0300,0.1300,0.0000,0.00,0.00,active,2026-10-06T17:00:00Z,2026-10-02T09:37:33+00:00
KXNFLRECYDS-26OCT04NYJCHI,KXNFLRECYDS,KXNFLRECYDS-26OCT04NYJCHI-NYJIDAVIS32-50,Isaiah Davis: 50+ receiving yards,0.0200,0.0600,0.0000,0.00,0.00,active,2026-10-06T17:00:00Z,2026-10-02T09:37:33+00:00
KXNFLRECYDS-26OCT04NYJCHI,KXNFLRECYDS,KXNFLRECYDS-26OCT04NYJCHI-NYJIWILLIAMS18-50,Isaiah Williams: 50+ receiving yards,0.0300,0.1600,0.1800,262.69,262.69,active,2026-10-06T17:00:00Z,2026-10-02T09:37:33+00:00
KXNFLRECYDS-26OCT04NYJCHI,KXNFLRECYDS,KXNFLRECYDS-26OCT04NYJCHI-CHICLOVELAND84-60,Colston Loveland: 60+ receiving yards,0.0800,0.2000,0.0000,0.00,0.00,active,2026-10-06T17:00:00Z,2026-10-02T09:37:33+00:00
KXNFLRECYDS-26OCT04NYJCHI,KXNFLRECYDS,KXNFLRECYDS-26OCT04NYJCHI-NYJGWILSON5-50,Garrett Wilson: 50+ receiving yards,0.6300,0.7500,0.7500,1.00,1.00,active,2026-10-06T17:00:00Z,2026-10-02T09:37:33+00:00
KXNFLRECYDS-26OCT04NYJCHI,KXNFLRECYDS,KXNFLRECYDS-26OCT04NYJCHI-CHIKRAYMOND14-40,Kalif Raymond: 40+ receiving yards,0.2500,0.4000,0.4000,554.49,453.66,active,2026-10-06T17:00:00Z,2026-10-02T09:37:33+00:00
KXNFLRECYDS-26OCT04NYJCHI,KXNFLRECYDS,KXNFLRECYDS-26OCT04NYJCHI-CHIRODUNZE15-15,Rome Odunze: 15+ receiving yards,0.7300,0.7800,0.0000,0.00,0.00,active,2026-10-06T17:00:00Z,2026-10-02T09:37:33+00:00
KXNFLRECYDS-26OCT04NYJCHI,KXNFLRECYDS,KXNFLRECYDS-26OCT04NYJCHI-NYJGWILSON5-110,Garrett Wilson: 110+ receiving yards,0.1000,0.2400,0.0000,0.00,0.00,active,2026-10-06T17:00:00Z,2026-10-02T09:37:33+00:00
KXNFLRECYDS-26OCT04NYJCHI,KXNFLRECYDS,KXNFLRECYDS-26OCT04NYJCHI-NYJIWILLIAMS18-15,Isaiah Williams: 15+ receiving yards,0.6200,0.6800,0.0000,0.00,0.00,active,2026-10-06T17:00:00Z,2026-10-02T09:37:33+00:00
KXNFLRECYDS-26OCT04NYJCHI,KXNFLRECYDS,KXNFLRECYDS-26OCT04NYJCHI-CHIRODUNZE15-70,Rome Odunze: 70+ receiving yards,0.0300,0.1500,0.1300,50.00,50.00,active,2026-10-06T17:00:00Z,2026-10-02T09:37:33+00:00
KXNFLRECYDS-26OCT04NYJCHI,KXNFLRECYDS,KXNFLRECYDS-26OCT04NYJCHI-CHILBURDEN10-100,Luther Burden III: 100+ receiving yards,0.0300,0.0900,0.0900,1474.86,1474.86,active,2026-10-06T17:00:00Z,2026-10-02T09:37:33+00:00
KXNFLRECYDS-26OCT04NYJCHI,KXNFLRECYDS,KXNFLRECYDS-26OCT04NYJCHI-CHIRODUNZE15-60,Rome Odunze: 60+ receiving yards,0.0700,0.2100,0.1900,162.12,162.12,active,2026-10-06T17:00:00Z,2026-10-02T09:37:33+00:00
KXNFLRECYDS-26OCT04NYJCHI,KXNFLRECYDS,KXNFLRECYDS-26OCT04NYJCHI-CHIDSWIFT4-25,D'Andre Swift: 25+ receiving yards,0.0200,0.4500,0.2900,61.27,61.27,active,2026-10-06T17:00:00Z,2026-10-02T09:37:33+00:00
KXNFLRECYDS-26OCT04NYJCHI,KXNFLRECYDS,KXNFLRECYDS-26OCT04NYJCHI-CHIDSWIFT4-40,D'Andre Swift: 40+ receiving yards,0.0200,0.5000,0.0700,66.00,66.00,active,2026-10-06T17:00:00Z,2026-10-02T09:37:33+00:00
KXNFLRECYDS-26OCT04NYJCHI,KXNFLRECYDS,KXNFLRECYDS-26OCT04NYJCHI-CHIKRAYMOND14-70,Kalif Raymond: 70+ receiving yards,0.0300,0.1300,0.1300,65.25,65.25,active,2026-10-06T17:00:00Z,2026-10-02T09:37:33+00:00
KXNFLRECYDS-26OCT04NYJCHI,KXNFLRECYDS,KXNFLRECYDS-26OCT04NYJCHI-CHIDSWIFT4-15,D'Andre Swift: 15+ receiving yards,0.4600,0.5100,0.5000,48.05,48.05,active,2026-10-06T17:00:00Z,2026-10-02T09:37:33+00:00
KXNFLRECYDS-26OCT04TENBAL,KXNFLRECYDS,KXNFLRECYDS-26OCT04TENBAL-TENGHELM84-20,Gunnar Helm: 20+ receiving yards,0.4600,0.4800,0.0000,0.00,0.00,active,2026-10-06T17:00:00Z,2026-10-02T09:37:33+00:00
KXNFLRECYDS-26OCT04TENBAL,KXNFLRECYDS,KXNFLRECYDS-26OCT04TENBAL-BALMANDREWS89-120,Mark Andrews: 120+ receiving yards,0.0200,0.0400,0.0000,0.00,0.00,active,2026-10-06T17:00:00Z,2026-10-02T09:37:33+00:00
KXNFLRECYDS-26OCT04TENBAL,KXNFLRECYDS,KXNFLRECYDS-26OCT04TENBAL-TENCTATE14-25,Carnell Tate: 25+ receiving yards,0.7100,0.7600,0.0000,0.00,0.00,active,2026-10-06T17:00:00Z,2026-10-02T09:37:33+00:00
KXNFLRECYDS-26OCT04TENBAL,KXNFLRECYDS,KXNFLRECYDS-26OCT04TENBAL-BALZFLOWERS4-160,Zay Flowers: 160+ receiving yards,0.0200,0.0500,0.0000,0.00,0.00,active,2026-10-06T17:00:00Z,2026-10-02T09:37:33+00:00
KXNFLRECYDS-26OCT04TENBAL,KXNFLRECYDS,KXNFLRECYDS-26OCT04TENBAL-TENWROBINSON4-100,Wan'Dale Robinson: 100+ receiving yards,0.0200,0.0600,0.0000,0.00,0.00,active,2026-10-06T17:00:00Z,2026-10-02T09:37:33+00:00
KXNFLRECYDS-26OCT04TENBAL,KXNFLRECYDS,KXNFLRECYDS-26OCT04TENBAL-BALZFLOWERS4-80,Zay Flowers: 80+ receiving yards,0.3700,0.4000,0.4100,47.52,47.52,active,2026-10-06T17:00:00Z,2026-10-02T09:37:33+00:00
KXNFLRECYDS-26OCT04TENBAL,KXNFLRECYDS,KXNFLRECYDS-26OCT04TENBAL-BALRBATEMAN7-110,Rashod Bateman: 110+ receiving yards,0.0200,0.0500,0.0000,0.00,0.00,active,2026-10-06T17:00:00Z,2026-10-02T09:37:33+00:00
KXNFLRECYDS-26OCT04TENBAL,KXNFLRECYDS,KXNFLRECYDS-26OCT04TENBAL-TENCTATE14-110,Carnell Tate: 110+ receiving yards,0.0200,0.0600,0.0000,0.00,0.00,active,2026-10-06T17:00:00Z,2026-10-02T09:37:33+00:00
KXNFLRECYDS-26OCT04TENBAL,KXNFLRECYDS,KXNFLRECYDS-26OCT04TENBAL-TENCRIDLEY0-40,Calvin Ridley: 40+ receiving yards,0.0300,0.0900,0.0000,0.00,0.00,active,2026-10-06T17:00:00Z,2026-10-02T09:37:33+00:00
KXNFLRECYDS-26OCT04TENBAL,KXNFLRECYDS,KXNFLRECYDS-26OCT04TENBAL-TENWROBINSON4-40,Wan'Dale Robinson: 40+ receiving yards,0.4600,0.5000,0.5000,1.93,1.93,active,2026-10-06T17:00:00Z,2026-10-02T09:37:33+00:00
KXNFLRECYDS-26OCT04TENBAL,KXNFLRECYDS,KXNFLRECYDS-26OCT04TENBAL-TENWROBINSON4-70,Wan'Dale Robinson: 70+ receiving yards,0.0300,0.1800,0.0000,0.00,0.00,active,2026-10-06T17:00:00Z,2026-10-02T09:37:33+00:00
KXNFLRECYDS-26OCT04TENBAL,KXNFLRECYDS,KXNFLRECYDS-26OCT04TENBAL-TENWROBINSON4-80,Wan'Dale Robinson: 80+ receiving yards,0.0300,0.1300,0.0000,0.00,0.00,active,2026-10-06T17:00:00Z,2026-10-02T09:37:33+00:00
KXNFLRECYDS-26OCT04TENBAL,KXNFLRECYDS,KXNFLRECYDS-26OCT04TENBAL-TENGHELM84-40,Gunnar Helm: 40+ receiving yards,0.1600,0.1700,0.0000,0.00,0.00,active,2026-10-06T17:00:00Z,2026-10-02T09:37:33+00:00
KXNFLRECYDS-26OCT04TENBAL,KXNFLRECYDS,KXNFLRECYDS-26OCT04TENBAL-TENGHELM84-25,Gunnar Helm: 25+ receiving yards,0.3500,0.3800,0.0000,0.00,0.00,active,2026-10-06T17:00:00Z,2026-10-02T09:37:33+00:00
KXNFLRECYDS-26OCT04TENBAL,KXNFLRECYDS,KXNFLRECYDS-26OCT04TENBAL-TENWROBINSON4-50,Wan'Dale Robinson: 50+ receiving yards,0.3300,0.3700,0.0000,0.00,0.00,active,2026-10-06T17:00:00Z,2026-10-02T09:37:33+00:00
KXNFLRECYDS-26OCT04TENBAL,KXNFLRECYDS,KXNFLRECYDS-26OCT04TENBAL-TENCTATE14-60,Carnell Tate: 60+ receiving yards,0.2900,0.3200,0.2600,4.00,4.00,active,2026-10-06T17:00:00Z,2026-10-02T09:37:33+00:00
KXNFLRECYDS-26OCT04TENBAL,KXNFLRECYDS,KXNFLRECYDS-26OCT04TENBAL-TENEAYOMANOR5-40,Elic Ayomanor: 40+ receiving yards,0.2200,0.2500,0.0000,0.00,0.00,active,2026-10-06T17:00:00Z,2026-10-02T09:37:33+00:00
KXNFLRECYDS-26OCT04TENBAL,KXNFLRECYDS,KXNFLRECYDS-26OCT04TENBAL-TENWROBINSON4-60,Wan'Dale Robinson: 60+ receiving yards,0.2400,0.2700,0.0000,0.00,0.00,active,2026-10-06T17:00:00Z,2026-10-02T09:37:33+00:00
KXNFLRECYDS-26OCT04TENBAL,KXNFLRECYDS,KXNFLRECYDS-26OCT04TENBAL-BALZFLOWERS4-130,Zay Flowers: 130+ receiving yards,0.0300,0.1100,0.1100,216.18,216.18,active,2026-10-06T17:00:00Z,2026-10-02T09:37:33+00:00
KXNFLRECYDS-26OCT04TENBAL,KXNFLRECYDS,KXNFLRECYDS-26OCT04TENBAL-TENCTATE14-100,Carnell Tate: 100+ receiving yards,0.0300,0.0900,0.0000,0.00,0.00,active,2026-10-06T17:00:00Z,2026-10-02T09:37:33+00:00
KXNFLRECYDS-26OCT04TENBAL,KXNFLRECYDS,KXNFLRECYDS-26OCT04TENBAL-TENCTATE14-70,Carnell Tate: 70+ receiving yards,0.0800,0.2300,0.0000,0.00,0.00,active,2026-10-06T17:00:00Z,2026-10-02T09:37:33+00:00
KXNFLRECYDS-26OCT04TENBAL,KXNFLRECYDS,KXNFLRECYDS-26OCT04TENBAL-TENTPOLLARD20-50,Tony Pollard: 50+ receiving yards,0.0200,0.0600,0.0000,0.00,0.00,active,2026-10-06T17:00:00Z,2026-10-02T09:37:33+00:00
KXNFLRECYDS-26OCT04TENBAL,KXNFLRECYDS,KXNFLRECYDS-26OCT04TENBAL-TENEAYOMANOR5-25,Elic Ayomanor: 25+ receiving yards,0.4100,0.4400,0.0000,0.00,0.00,active,2026-10-06T17:00:00Z,2026-10-02T09:37:33+00:00
KXNFLRECYDS-26OCT04TENBAL,KXNFLRECYDS,KXNFLRECYDS-26OCT04TENBAL-BALZFLOWERS4-140,Zay Flowers: 140+ receiving yards,0.0200,0.0700,0.0000,0.00,0.00,active,2026-10-06T17:00:00Z,2026-10-02T09:37:33+00:00
KXNFLRECYDS-26OCT04TENBAL,KXNFLRECYDS,KXNFLRECYDS-26OCT04TENBAL-BALMANDREWS89-40,Mark Andrews: 40+ receiving yards,0.4400,0.4500,0.4500,543.77,543.77,active,2026-10-06T17:00:00Z,2026-10-02T09:37:33+00:00
KXNFLRECYDS-26OCT04TENBAL,KXNFLRECYDS,KXNFLRECYDS-26OCT04TENBAL-TENEAYOMANOR5-60,Elic Ayomanor: 60+ receiving yards,0.0300,0.1200,0.0000,0.00,0.00,active,2026-10-06T17:00:00Z,2026-10-02T09:37:33+00:00
KXNFLRECYDS-26OCT04TENBAL,KXNFLRECYDS,KXNFLRECYDS-26OCT04TENBAL-BALMANDREWS89-110,Mark Andrews: 110+ receiving yards,0.0200,0.0600,0.0000,0.00,0.00,active,2026-10-06T17:00:00Z,2026-10-02T09:37:33+00:00
KXNFLRECYDS-26OCT04TENBAL,KXNFLRECYDS,KXNFLRECYDS-26OCT04TENBAL-TENWROBINSON4-15,Wan'Dale Robinson: 15+ receiving yards,0.8100,0.8500,0.0000,0.00,0.00,active,2026-10-06T17:00:00Z,2026-10-02T09:37:33+00:00
KXNFLRECYDS-26OCT04TENBAL,KXNFLRECYDS,KXNFLRECYDS-26OCT04TENBAL-BALZFLOWERS4-150,Zay Flowers: 150+ receiving yards,0.0200,0.0700,0.0600,390.94,390.94,active,2026-10-06T17:00:00Z,2026-10-02T09:37:33+00:00
KXNFLRECYDS-26OCT04TENBAL,KXNFLRECYDS,KXNFLRECYDS-26OCT04TENBAL-TENCRIDLEY0-50,Calvin Ridley: 50+ receiving yards,0.0200,0.0600,0.0000,0.00,0.00,active,2026-10-06T17:00:00Z,2026-10-02T09:37:33+00:00
KXNFLRECYDS-26OCT04TENBAL,KXNFLRECYDS,KXNFLRECYDS-26OCT04TENBAL-TENEAYOMANOR5-70,Elic Ayomanor: 70+ receiving yards,0.0200,0.0800,0.0000,0.00,0.00,active,2026-10-06T17:00:00Z,2026-10-02T09:37:33+00:00
KXNFLRECYDS-26OCT04TENBAL,KXNFLRECYDS,KXNFLRECYDS-26OCT04TENBAL-TENGHELM84-70,Gunnar Helm: 70+ receiving yards,0.0200,0.0600,0.0000,0.00,0.00,active,2026-10-06T17:00:00Z,2026-10-02T09:37:33+00:00
KXNFLRECYDS-26OCT04TENBAL,KXNFLRECYDS,KXNFLRECYDS-26OCT04TENBAL-TENGHELM84-60,Gunnar Helm: 60+ receiving yards,0.0200,0.0800,0.0000,0.00,0.00,active,2026-10-06T17:00:00Z,2026-10-02T09:37:33+00:00
KXNFLRECYDS-26OCT04TENBAL,KXNFLRECYDS,KXNFLRECYDS-26OCT04TENBAL-BALZFLOWERS4-40,Zay Flowers: 40+ receiving yards,0.7200,0.7900,0.7700,13.45,13.45,active,2026-10-06T17:00:00Z,2026-10-02T09:37:33+00:00
KXNFLRECYDS-26OCT04TENBAL,KXNFLRECYDS,KXNFLRECYDS-26OCT04TENBAL-TENWROBINSON4-90,Wan'Dale Robinson: 90+ receiving yards,0.0300,0.0900,0.0000,0.00,0.00,active,2026-10-06T17:00:00Z,2026-10-02T09:37:33+00:00
KXNFLRECYDS-26OCT04TENBAL,KXNFLRECYDS,KXNFLRECYDS-26OCT04TENBAL-TENGHELM84-50,Gunnar Helm: 50+ receiving yards,0.0300,0.1000,0.0600,5.00,5.00,active,2026-10-06T17:00:00Z,2026-10-02T09:37:33+00:00
KXNFLRECYDS-26OCT04TENBAL,KXNFLRECYDS,KXNFLRECYDS-26OCT04TENBAL-TENWROBINSON4-25,Wan'Dale Robinson: 25+ receiving yards,0.6800,0.7100,0.0000,0.00,0.00,active,2026-10-06T17:00:00Z,2026-10-02T09:37:33+00:00
KXNFLRECYDS-26OCT04TENBAL,KXNFLRECYDS,KXNFLRECYDS-26OCT04TENBAL-BALZFLOWERS4-100,Zay Flowers: 100+ receiving yards,0.2300,0.2600,0.2600,185.26,185.26,active,2026-10-06T17:00:00Z,2026-10-02T09:37:33+00:00
KXNFLRECYDS-26OCT04TENBAL,KXNFLRECYDS,KXNFLRECYDS-26OCT04TENBAL-TENEAYOMANOR5-50,Elic Ayomanor: 50+ receiving yards,0.0500,0.1700,0.1200,63.00,63.00,active,2026-10-06T17:00:00Z,2026-10-02T09:37:33+00:00
KXNFLRECYDS-26OCT04TENBAL,KXNFLRECYDS,KXNFLRECYDS-26OCT04TENBAL-TENCTATE14-80,Carnell Tate: 80+ receiving yards,0.0300,0.1700,0.0000,0.00,0.00,active,2026-10-06T17:00:00Z,2026-10-02T09:37:33+00:00
KXNFLRECYDS-26OCT04TENBAL,KXNFLRECYDS,KXNFLRECYDS-26OCT04TENBAL-BALZFLOWERS4-90,Zay Flowers: 90+ receiving yards,0.2900,0.3300,0.3300,307.36,307.36,active,2026-10-06T17:00:00Z,2026-10-02T09:37:33+00:00
KXNFLRECYDS-26OCT04TENBAL,KXNFLRECYDS,KXNFLRECYDS-26OCT04TENBAL-BALMANDREWS89-90,Mark Andrews: 90+ receiving yards,0.0200,0.0800,0.0000,0.00,0.00,active,2026-10-06T17:00:00Z,2026-10-02T09:37:33+00:00
KXNFLRECYDS-26OCT04TENBAL,KXNFLRECYDS,KXNFLRECYDS-26OCT04TENBAL-TENTPOLLARD20-15,Tony Pollard: 15+ receiving yards,0.3300,0.3700,0.3800,126.10,126.10,active,2026-10-06T17:00:00Z,2026-10-02T09:37:33+00:00
KXNFLRECYDS-26OCT04TENBAL,KXNFLRECYDS,KXNFLRECYDS-26OCT04TENBAL-BALRBATEMAN7-60,Rashod Bateman: 60+ receiving yards,0.0700,0.2300,0.2200,67.16,67.16,active,2026-10-06T17:00:00Z,2026-10-02T09:37:33+00:00
KXNFLRECYDS-26OCT04TENBAL,KXNFLRECYDS,KXNFLRECYDS-26OCT04TENBAL-BALRBATEMAN7-100,Rashod Bateman: 100+ receiving yards,0.0200,0.0700,0.0000,0.00,0.00,active,2026-10-06T17:00:00Z,2026-10-02T09:37:33+00:00
KXNFLRECYDS-26OCT04TENBAL,KXNFLRECYDS,KXNFLRECYDS-26OCT04TENBAL-BALRBATEMAN7-90,Rashod Bateman: 90+ receiving yards,0.0200,0.0900,0.0000,0.00,0.00,active,2026-10-06T17:00:00Z,2026-10-02T09:37:33+00:00
KXNFLRECYDS-26OCT04TENBAL,KXNFLRECYDS,KXNFLRECYDS-26OCT04TENBAL-BALDHENRY22-40,Derrick Henry: 40+ receiving yards,0.0300,0.1000,0.0000,0.00,0.00,active,2026-10-06T17:00:00Z,2026-10-02T09:37:33+00:00
KXNFLRECYDS-26OCT04TENBAL,KXNFLRECYDS,KXNFLRECYDS-26OCT04TENBAL-BALMANDREWS89-25,Mark Andrews: 25+ receiving yards,0.6500,0.6900,0.7300,26.65,26.65,active,2026-10-06T17:00:00Z,2026-10-02T09:37:33+00:00
KXNFLRECYDS-26OCT04TENBAL,KXNFLRECYDS,KXNFLRECYDS-26OCT04TENBAL-BALMANDREWS89-100,Mark Andrews: 100+ receiving yards,0.0200,0.0700,0.0000,0.00,0.00,active,2026-10-06T17:00:00Z,2026-10-02T09:37:33+00:00
KXNFLRECYDS-26OCT04TENBAL,KXNFLRECYDS,KXNFLRECYDS-26OCT04TENBAL-BALRBATEMAN7-50,Rashod Bateman: 50+ receiving yards,0.2900,0.3100,0.0000,0.00,0.00,active,2026-10-06T17:00:00Z,2026-10-02T09:37:33+00:00
KXNFLRECYDS-26OCT04TENBAL,KXNFLRECYDS,KXNFLRECYDS-26OCT04TENBAL-BALRBATEMAN7-80,Rashod Bateman: 80+ receiving yards,0.0300,0.1100,0.0700,4.00,4.00,active,2026-10-06T17:00:00Z,2026-10-02T09:37:33+00:00
KXNFLRECYDS-26OCT04TENBAL,KXNFLRECYDS,KXNFLRECYDS-26OCT04TENBAL-BALMANDREWS89-70,Mark Andrews: 70+ receiving yards,0.0200,0.1400,0.0800,10.00,10.00,active,2026-10-06T17:00:00Z,2026-10-02T09:37:33+00:00
KXNFLRECYDS-26OCT04TENBAL,KXNFLRECYDS,KXNFLRECYDS-26OCT04TENBAL-BALDHENRY22-50,Derrick Henry: 50+ receiving yards,0.0200,0.0700,0.0000,0.00,0.00,active,2026-10-06T17:00:00Z,2026-10-02T09:37:33+00:00
KXNFLRECYDS-26OCT04TENBAL,KXNFLRECYDS,KXNFLRECYDS-26OCT04TENBAL-BALRBATEMAN7-70,Rashod Bateman: 70+ receiving yards,0.0300,0.1600,0.1500,13.00,13.00,active,2026-10-06T17:00:00Z,2026-10-02T09:37:33+00:00
KXNFLRECYDS-26OCT04TENBAL,KXNFLRECYDS,KXNFLRECYDS-26OCT04TENBAL-TENCTATE14-50,Carnell Tate: 50+ receiving yards,0.3900,0.4300,0.4200,160.80,160.80,active,2026-10-06T17:00:00Z,2026-10-02T09:37:33+00:00
KXNFLRECYDS-26OCT04TENBAL,KXNFLRECYDS,KXNFLRECYDS-26OCT04TENBAL-BALMANDREWS89-60,Mark Andrews: 60+ receiving yards,0.0500,0.2100,0.1600,40.00,40.00,active,2026-10-06T17:00:00Z,2026-10-02T09:37:33+00:00
KXNFLRECYDS-26OCT04TENBAL,KXNFLRECYDS,KXNFLRECYDS-26OCT04TENBAL-BALRBATEMAN7-15,Rashod Bateman: 15+ receiving yards,0.7600,0.7700,0.0000,0.00,0.00,active,2026-10-06T17:00:00Z,2026-10-02T09:37:33+00:00
KXNFLRECYDS-26OCT04TENBAL,KXNFLRECYDS,KXNFLRECYDS-26OCT04TENBAL-BALZFLOWERS4-110,Zay Flowers: 110+ receiving yards,0.0400,0.2000,0.1900,249.03,249.03,active,2026-10-06T17:00:00Z,2026-10-02T09:37:33+00:00
KXNFLRECYDS-26OCT04TENBAL,KXNFLRECYDS,KXNFLRECYDS-26OCT04TENBAL-TENTPOLLARD20-40,Tony Pollard: 40+ receiving yards,0.0200,0.0900,0.0000,0.00,0.00,active,2026-10-06T17:00:00Z,2026-10-02T09:37:33+00:00
KXNFLRECYDS-26OCT04TENBAL,KXNFLRECYDS,KXNFLRECYDS-26OCT04TENBAL-TENCTATE14-90,Carnell Tate: 90+ receiving yards,0.0300,0.1200,0.0000,0.00,0.00,active,2026-10-06T17:00:00Z,2026-10-02T09:37:33+00:00
KXNFLRECYDS-26OCT04TENBAL,KXNFLRECYDS,KXNFLRECYDS-26OCT04TENBAL-TENEAYOMANOR5-15,Elic Ayomanor: 15+ receiving yards,0.5900,0.6300,0.6200,107.35,107.35,active,2026-10-06T17:00:00Z,2026-10-02T09:37:33+00:00
KXNFLRECYDS-26OCT04TENBAL,KXNFLRECYDS,KXNFLRECYDS-26OCT04TENBAL-BALDHENRY22-15,Derrick Henry: 15+ receiving yards,0.2900,0.3500,0.3500,27.00,27.00,active,2026-10-06T17:00:00Z,2026-10-02T09:37:33+00:00
KXNFLRECYDS-26OCT04TENBAL,KXNFLRECYDS,KXNFLRECYDS-26OCT04TENBAL-BALMANDREWS89-80,Mark Andrews: 80+ receiving yards,0.0300,0.0900,0.1000,131.66,131.66,active,2026-10-06T17:00:00Z,2026-10-02T09:37:33+00:00
KXNFLRECYDS-26OCT04TENBAL,KXNFLRECYDS,KXNFLRECYDS-26OCT04TENBAL-BALZFLOWERS4-120,Zay Flowers: 120+ receiving yards,0.0300,0.1500,0.0000,0.00,0.00,active,2026-10-06T17:00:00Z,2026-10-02T09:37:33+00:00
KXNFLRECYDS-26OCT04TENBAL,KXNFLRECYDS,KXNFLRECYDS-26OCT04TENBAL-BALMANDREWS89-15,Mark Andrews: 15+ receiving yards,0.7600,0.8300,0.0000,0.00,0.00,active,2026-10-06T17:00:00Z,2026-10-02T09:37:33+00:00
KXNFLRECYDS-26OCT04TENBAL,KXNFLRECYDS,KXNFLRECYDS-26OCT04TENBAL-BALZFLOWERS4-60,Zay Flowers: 60+ receiving yards,0.5900,0.6100,0.6100,3.40,3.40,active,2026-10-06T17:00:00Z,2026-10-02T09:37:33+00:00
KXNFLRECYDS-26OCT04TENBAL,KXNFLRECYDS,KXNFLRECYDS-26OCT04TENBAL-BALDHENRY22-25,Derrick Henry: 25+ receiving yards,0.1400,0.1800,0.0000,0.00,0.00,active,2026-10-06T17:00:00Z,2026-10-02T09:37:33+00:00
KXNFLRECYDS-26OCT04TENBAL,KXNFLRECYDS,KXNFLRECYDS-26OCT04TENBAL-BALMANDREWS89-50,Mark Andrews: 50+ receiving yards,0.1500,0.3100,0.2900,20.00,20.00,active,2026-10-06T17:00:00Z,2026-10-02T09:37:33+00:00
KXNFLRECYDS-26OCT04TENBAL,KXNFLRECYDS,KXNFLRECYDS-26OCT04TENBAL-TENCTATE14-15,Carnell Tate: 15+ receiving yards,0.7300,0.8900,0.0000,0.00,0.00,active,2026-10-06T17:00:00Z,2026-10-02T09:37:33+00:00
KXNFLRECYDS-26OCT04TENBAL,KXNFLRECYDS,KXNFLRECYDS-26OCT04TENBAL-TENTPOLLARD20-25,Tony Pollard: 25+ receiving yards,0.1600,0.1900,0.1500,92.34,92.34,active,2026-10-06T17:00:00Z,2026-10-02T09:37:33+00:00
KXNFLRECYDS-26OCT04TENBAL,KXNFLRECYDS,KXNFLRECYDS-26OCT04TENBAL-BALRBATEMAN7-40,Rashod Bateman: 40+ receiving yards,0.3700,0.4200,0.4100,1311.51,1311.51,active,2026-10-06T17:00:00Z,2026-10-02T09:37:33+00:00
KXNFLRECYDS-26OCT04TENBAL,KXNFLRECYDS,KXNFLRECYDS-26OCT04TENBAL-BALZFLOWERS4-70,Zay Flowers: 70+ receiving yards,0.4600,0.5100,0.5000,1169.62,1131.58,active,2026-10-06T17:00:00Z,2026-10-02T09:37:33+00:00
KXNFLRECYDS-26OCT04TENBAL,KXNFLRECYDS,KXNFLRECYDS-26OCT04TENBAL-TENGHELM84-15,Gunnar Helm: 15+ receiving yards,0.5600,0.6100,0.5900,1765.00,1765.00,active,2026-10-06T17:00:00Z,2026-10-02T09:37:33+00:00
KXNFLRECYDS-26OCT04TENBAL,KXNFLRECYDS,KXNFLRECYDS-26OCT04TENBAL-BALZFLOWERS4-50,Zay Flowers: 50+ receiving yards,0.6200,0.6700,0.7100,187.49,187.49,active,2026-10-06T17:00:00Z,2026-10-02T09:37:33+00:00
KXNFLRECYDS-26OCT04TENBAL,KXNFLRECYDS,KXNFLRECYDS-26OCT04TENBAL-BALRBATEMAN7-25,Rashod Bateman: 25+ receiving yards,0.4900,0.6200,0.6200,250.36,250.36,active,2026-10-06T17:00:00Z,2026-10-02T09:37:33+00:00
KXNFLRECYDS-26OCT04TENBAL,KXNFLRECYDS,KXNFLRECYDS-26OCT04TENBAL-TENCTATE14-40,Carnell Tate: 40+ receiving yards,0.5100,0.5600,0.5600,356.76,338.82,active,2026-10-06T17:00:00Z,2026-10-02T09:37:33+00:00
KXNFLRECYDS-26OCT04TENBAL,KXNFLRECYDS,KXNFLRECYDS-26OCT04TENBAL-TENCRIDLEY0-15,Calvin Ridley: 15+ receiving yards,0.2600,0.3300,0.3300,388.37,388.37,active,2026-10-06T17:00:00Z,2026-10-02T09:37:33+00:00
KXNFLRECYDS-26OCT04TENBAL,KXNFLRECYDS,KXNFLRECYDS-26OCT04TENBAL-TENCRIDLEY0-25,Calvin Ridley: 25+ receiving yards,0.1200,0.1900,0.1600,631.77,631.77,active,2026-10-06T17:00:00Z,2026-10-02T09:37:33+00:00
KXNFLRECYDS-26OCT05ATLNO,KXNFLRECYDS,KXNFLRECYDS-26OCT05ATLNO-ATLKPITTS8-25,Kyle Pitts Sr.: 25+ receiving yards,0.5500,0.5800,0.5400,25.00,25.00,active,2026-10-08T00:15:00Z,2026-10-02T09:37:33+00:00
KXNFLRECYDS-26OCT05ATLNO,KXNFLRECYDS,KXNFLRECYDS-26OCT05ATLNO-ATLOZACCHEAUS14-40,Olamide Zaccheaus: 40+ receiving yards,0.0200,0.0800,0.0000,0.00,0.00,active,2026-10-08T00:15:00Z,2026-10-02T09:37:33+00:00
KXNFLRECYDS-26OCT05ATLNO,KXNFLRECYDS,KXNFLRECYDS-26OCT05ATLNO-NOCOLAVE12-170,Chris Olave: 170+ receiving yards,0.0200,0.0700,0.0000,0.00,0.00,active,2026-10-08T00:15:00Z,2026-10-02T09:37:33+00:00
KXNFLRECYDS-26OCT05ATLNO,KXNFLRECYDS,KXNFLRECYDS-26OCT05ATLNO-ATLAHOOPER81-50,Austin Hooper: 50+ receiving yards,0.0200,0.0800,0.0000,0.00,0.00,active,2026-10-08T00:15:00Z,2026-10-02T09:37:33+00:00
KXNFLRECYDS-26OCT05ATLNO,KXNFLRECYDS,KXNFLRECYDS-26OCT05ATLNO-NOAKAMARA41-60,Alvin Kamara: 60+ receiving yards,0.0200,0.0700,0.0000,0.00,0.00,active,2026-10-08T00:15:00Z,2026-10-02T09:37:33+00:00
KXNFLRECYDS-26OCT05ATLNO,KXNFLRECYDS,KXNFLRECYDS-26OCT05ATLNO-ATLBROBINSON7-60,Bijan Robinson: 60+ receiving yards,0.2400,0.2500,0.0000,0.00,0.00,active,2026-10-08T00:15:00Z,2026-10-02T09:37:33+00:00
KXNFLRECYDS-26OCT05ATLNO,KXNFLRECYDS,KXNFLRECYDS-26OCT05ATLNO-ATLBROBINSON7-100,Bijan Robinson: 100+ receiving yards,0.0200,0.0600,0.0000,0.00,0.00,active,2026-10-08T00:15:00Z,2026-10-02T09:37:33+00:00
KXNFLRECYDS-26OCT05ATLNO,KXNFLRECYDS,KXNFLRECYDS-26OCT05ATLNO-NONFANT87-70,Noah Fant: 70+ receiving yards,0.0200,0.0600,0.0000,0.00,0.00,active,2026-10-08T00:15:00Z,2026-10-02T09:37:33+00:00
KXNFLRECYDS-26OCT05ATLNO,KXNFLRECYDS,KXNFLRECYDS-26OCT05ATLNO-NOCOLAVE12-160,Chris Olave: 160+ receiving yards,0.0200,0.0900,0.0000,0.00,0.00,active,2026-10-08T00:15:00Z,2026-10-02T09:37:33+00:00
KXNFLRECYDS-26OCT05ATLNO,KXNFLRECYDS,KXNFLRECYDS-26OCT05ATLNO-NOJJOHNSON83-60,Juwan Johnson: 60+ receiving yards,0.2600,0.2900,0.0000,0.00,0.00,active,2026-10-08T00:15:00Z,2026-10-02T09:37:33+00:00
KXNFLRECYDS-26OCT05ATLNO,KXNFLRECYDS,KXNFLRECYDS-26OCT05ATLNO-ATLDLONDON5-160,Drake London: 160+ receiving yards,0.0200,0.0800,0.0000,0.00,0.00,active,2026-10-08T00:15:00Z,2026-10-02T09:37:33+00:00
KXNFLRECYDS-26OCT05ATLNO,KXNFLRECYDS,KXNFLRECYDS-26OCT05ATLNO-ATLAHOOPER81-15,Austin Hooper: 15+ receiving yards,0.3700,0.4200,0.4300,220.00,220.00,active,2026-10-08T00:15:00Z,2026-10-02T09:37:33+00:00
KXNFLRECYDS-26OCT05ATLNO,KXNFLRECYDS,KXNFLRECYDS-26OCT05ATLNO-ATLOZACCHEAUS14-25,Olamide Zaccheaus: 25+ receiving yards,0.1600,0.1900,0.0000,0.00,0.00,active,2026-10-08T00:15:00Z,2026-10-02T09:37:33+00:00
KXNFLRECYDS-26OCT05ATLNO,KXNFLRECYDS,KXNFLRECYDS-26OCT05ATLNO-ATLDLONDON5-150,Drake London: 150+ receiving yards,0.0200,0.1000,0.0000,0.00,0.00,active,2026-10-08T00:15:00Z,2026-10-02T09:37:33+00:00
KXNFLRECYDS-26OCT05ATLNO,KXNFLRECYDS,KXNFLRECYDS-26OCT05ATLNO-ATLOZACCHEAUS14-15,Olamide Zaccheaus: 15+ receiving yards,0.2900,0.3400,0.0000,0.00,0.00,active,2026-10-08T00:15:00Z,2026-10-02T09:37:33+00:00
KXNFLRECYDS-26OCT05ATLNO,KXNFLRECYDS,KXNFLRECYDS-26OCT05ATLNO-ATLDLONDON5-60,Drake London: 60+ receiving yards,0.6300,0.7000,0.0000,0.00,0.00,active,2026-10-08T00:15:00Z,2026-10-02T09:37:33+00:00
KXNFLRECYDS-26OCT05ATLNO,KXNFLRECYDS,KXNFLRECYDS-26OCT05ATLNO-ATLDLONDON5-130,Drake London: 130+ receiving yards,0.0300,0.1700,0.0000,0.00,0.00,active,2026-10-08T00:15:00Z,2026-10-02T09:37:33+00:00
KXNFLRECYDS-26OCT05ATLNO,KXNFLRECYDS,KXNFLRECYDS-26OCT05ATLNO-NOCOLAVE12-150,Chris Olave: 150+ receiving yards,0.0300,0.1200,0.0000,0.00,0.00,active,2026-10-08T00:15:00Z,2026-10-02T09:37:33+00:00
KXNFLRECYDS-26OCT05ATLNO,KXNFLRECYDS,KXNFLRECYDS-26OCT05ATLNO-NOCOLAVE12-140,Chris Olave: 140+ receiving yards,0.0300,0.1600,0.0000,0.00,0.00,active,2026-10-08T00:15:00Z,2026-10-02T09:37:33+00:00
KXNFLRECYDS-26OCT05ATLNO,KXNFLRECYDS,KXNFLRECYDS-26OCT05ATLNO-NOCOLAVE12-130,Chris Olave: 130+ receiving yards,0.0400,0.2000,0.0000,0.00,0.00,active,2026-10-08T00:15:00Z,2026-10-02T09:37:33+00:00
KXNFLRECYDS-26OCT05ATLNO,KXNFLRECYDS,KXNFLRECYDS-26OCT05ATLNO-NOCOLAVE12-120,Chris Olave: 120+ receiving yards,0.0900,0.2500,0.0000,0.00,0.00,active,2026-10-08T00:15:00Z,2026-10-02T09:37:33+00:00
KXNFLRECYDS-26OCT05ATLNO,KXNFLRECYDS,KXNFLRECYDS-26OCT05ATLNO-NOCOLAVE12-110,Chris Olave: 110+ receiving yards,0.2800,0.3200,0.0000,0.00,0.00,active,2026-10-08T00:15:00Z,2026-10-02T09:37:33+00:00
KXNFLRECYDS-26OCT05ATLNO,KXNFLRECYDS,KXNFLRECYDS-26OCT05ATLNO-NONFANT87-15,Noah Fant: 15+ receiving yards,0.5400,0.6000,0.0000,0.00,0.00,active,2026-10-08T00:15:00Z,2026-10-02T09:37:33+00:00
KXNFLRECYDS-26OCT05ATLNO,KXNFLRECYDS,KXNFLRECYDS-26OCT05ATLNO-ATLDLONDON5-140,Drake London: 140+ receiving yards,0.0300,0.1400,0.0000,0.00,0.00,active,2026-10-08T00:15:00Z,2026-10-02T09:37:33+00:00
KXNFLRECYDS-26OCT05ATLNO,KXNFLRECYDS,KXNFLRECYDS-26OCT05ATLNO-ATLBROBINSON7-40,Bijan Robinson: 40+ receiving yards,0.4700,0.5000,0.4700,163.30,163.30,active,2026-10-08T00:15:00Z,2026-10-02T09:37:33+00:00
KXNFLRECYDS-26OCT05ATLNO,KXNFLRECYDS,KXNFLRECYDS-26OCT05ATLNO-ATLDLONDON5-120,Drake London: 120+ receiving yards,0.0600,0.2200,0.2000,23.67,23.67,active,2026-10-08T00:15:00Z,2026-10-02T09:37:33+00:00
KXNFLRECYDS-26OCT05ATLNO,KXNFLRECYDS,KXNFLRECYDS-26OCT05ATLNO-NODVELE14-120,Devaughn Vele: 120+ receiving yards,0.0200,0.0600,0.0000,0.00,0.00,active,2026-10-08T00:15:00Z,2026-10-02T09:37:33+00:00
KXNFLRECYDS-26OCT05ATLNO,KXNFLRECYDS,KXNFLRECYDS-26OCT05ATLNO-ATLDLONDON5-170,Drake London: 170+ receiving yards,0.0200,0.0600,0.0000,0.00,0.00,active,2026-10-08T00:15:00Z,2026-10-02T09:37:33+00:00
KXNFLRECYDS-26OCT05ATLNO,KXNFLRECYDS,KXNFLRECYDS-26OCT05ATLNO-NOJJOHNSON83-110,Juwan Johnson: 110+ receiving yards,0.0200,0.0600,0.0000,0.00,0.00,active,2026-10-08T00:15:00Z,2026-10-02T09:37:33+00:00
KXNFLRECYDS-26OCT05ATLNO,KXNFLRECYDS,KXNFLRECYDS-26OCT05ATLNO-NONFANT87-60,Noah Fant: 60+ receiving yards,0.0200,0.0900,0.0000,0.00,0.00,active,2026-10-08T00:15:00Z,2026-10-02T09:37:33+00:00
KXNFLRECYDS-26OCT05ATLNO,KXNFLRECYDS,KXNFLRECYDS-26OCT05ATLNO-NODVELE14-110,Devaughn Vele: 110+ receiving yards,0.0200,0.0800,0.0000,0.00,0.00,active,2026-10-08T00:15:00Z,2026-10-02T09:37:33+00:00
KXNFLRECYDS-26OCT05ATLNO,KXNFLRECYDS,KXNFLRECYDS-26OCT05ATLNO-ATLKPITTS8-40,Kyle Pitts Sr.: 40+ receiving yards,0.1900,0.3500,0.0000,0.00,0.00,active,2026-10-08T00:15:00Z,2026-10-02T09:37:33+00:00
KXNFLRECYDS-26OCT05ATLNO,KXNFLRECYDS,KXNFLRECYDS-26OCT05ATLNO-ATLKPITTS8-50,Kyle Pitts Sr.: 50+ receiving yards,0.0900,0.2400,0.2400,104.08,104.08,active,2026-10-08T00:15:00Z,2026-10-02T09:37:33+00:00
KXNFLRECYDS-26OCT05ATLNO,KXNFLRECYDS,KXNFLRECYDS-26OCT05ATLNO-ATLJDOTSON4-60,Jahan Dotson: 60+ receiving yards,0.0200,0.1000,0.0000,0.00,0.00,active,2026-10-08T00:15:00Z,2026-10-02T09:37:33+00:00
KXNFLRECYDS-26OCT05ATLNO,KXNFLRECYDS,KXNFLRECYDS-26OCT05ATLNO-ATLDLONDON5-70,Drake London: 70+ receiving yards,0.5500,0.6100,0.6100,0.79,0.79,active,2026-10-08T00:15:00Z,2026-10-02T09:37:33+00:00
KXNFLRECYDS-26OCT05ATLNO,KXNFLRECYDS,KXNFLRECYDS-26OCT05ATLNO-NOAKAMARA41-50,Alvin Kamara: 50+ receiving yards,0.0200,0.1000,0.0000,0.00,0.00,active,2026-10-08T00:15:00Z,2026-10-02T09:37:33+00:00
KXNFLRECYDS-26OCT05ATLNO,KXNFLRECYDS,KXNFLRECYDS-26OCT05ATLNO-ATLDLONDON5-50,Drake London: 50+ receiving yards,0.6200,0.7900,0.0000,0.00,0.00,active,2026-10-08T00:15:00Z,2026-10-02T09:37:33+00:00
KXNFLRECYDS-26OCT05ATLNO,KXNFLRECYDS,KXNFLRECYDS-26OCT05ATLNO-NODVELE14-90,Devaughn Vele: 90+ receiving yards,0.0300,0.1400,0.0000,0.00,0.00,active,2026-10-08T00:15:00Z,2026-10-02T09:37:33+00:00
KXNFLRECYDS-26OCT05ATLNO,KXNFLRECYDS,KXNFLRECYDS-26OCT05ATLNO-ATLBROBINSON7-15,Bijan Robinson: 15+ receiving yards,0.8200,0.8800,0.0000,0.00,0.00,active,2026-10-08T00:15:00Z,2026-10-02T09:37:33+00:00
KXNFLRECYDS-26OCT05ATLNO,KXNFLRECYDS,KXNFLRECYDS-26OCT05ATLNO-ATLKPITTS8-80,Kyle Pitts Sr.: 80+ receiving yards,0.0200,0.0800,0.0000,0.00,0.00,active,2026-10-08T00:15:00Z,2026-10-02T09:37:33+00:00
KXNFLRECYDS-26OCT05ATLNO,KXNFLRECYDS,KXNFLRECYDS-26OCT05ATLNO-NOAKAMARA41-70,Alvin Kamara: 70+ receiving yards,0.0200,0.0500,0.0000,0.00,0.00,active,2026-10-08T00:15:00Z,2026-10-02T09:37:33+00:00
KXNFLRECYDS-26OCT05ATLNO,KXNFLRECYDS,KXNFLRECYDS-26OCT05ATLNO-NOCOLAVE12-50,Chris Olave: 50+ receiving yards,0.6800,0.8500,0.0000,0.00,0.00,active,2026-10-08T00:15:00Z,2026-10-02T09:37:33+00:00
KXNFLRECYDS-26OCT05ATLNO,KXNFLRECYDS,KXNFLRECYDS-26OCT05ATLNO-NOJJOHNSON83-50,Juwan Johnson: 50+ receiving yards,0.3600,0.4000,0.0000,0.00,0.00,active,2026-10-08T00:15:00Z,2026-10-02T09:37:33+00:00
KXNFLRECYDS-26OCT05ATLNO,KXNFLRECYDS,KXNFLRECYDS-26OCT05ATLNO-NOCOLAVE12-100,Chris Olave: 100+ receiving yards,0.3500,0.4000,0.0000,0.00,0.00,active,2026-10-08T00:15:00Z,2026-10-02T09:37:33+00:00
KXNFLRECYDS-26OCT05ATLNO,KXNFLRECYDS,KXNFLRECYDS-26OCT05ATLNO-ATLDLONDON5-40,Drake London: 40+ receiving yards,0.6900,0.8700,0.0000,0.00,0.00,active,2026-10-08T00:15:00Z,2026-10-02T09:37:33+00:00
KXNFLRECYDS-26OCT05ATLNO,KXNFLRECYDS,KXNFLRECYDS-26OCT05ATLNO-ATLBROBINSON7-90,Bijan Robinson: 90+ receiving yards,0.0200,0.0900,0.0000,0.00,0.00,active,2026-10-08T00:15:00Z,2026-10-02T09:37:33+00:00
KXNFLRECYDS-26OCT05ATLNO,KXNFLRECYDS,KXNFLRECYDS-26OCT05ATLNO-ATLDLONDON5-80,Drake London: 80+ receiving yards,0.4900,0.5100,0.5100,30.68,30.68,active,2026-10-08T00:15:00Z,2026-10-02T09:37:33+00:00
KXNFLRECYDS-26OCT05ATLNO,KXNFLRECYDS,KXNFLRECYDS-26OCT05ATLNO-ATLJDOTSON4-50,Jahan Dotson: 50+ receiving yards,0.0300,0.1500,0.0000,0.00,0.00,active,2026-10-08T00:15:00Z,2026-10-02T09:37:33+00:00
KXNFLRECYDS-26OCT05ATLNO,KXNFLRECYDS,KXNFLRECYDS-26OCT05ATLNO-ATLBROBINSON7-25,Bijan Robinson: 25+ receiving yards,0.6900,0.7500,0.7500,0.65,0.65,active,2026-10-08T00:15:00Z,2026-10-02T09:37:33+00:00
KXNFLRECYDS-26OCT05ATLNO,KXNFLRECYDS,KXNFLRECYDS-26OCT05ATLNO-NODVELE14-70,Devaughn Vele: 70+ receiving yards,0.1000,0.2600,0.2500,23.00,23.00,active,2026-10-08T00:15:00Z,2026-10-02T09:37:33+00:00
KXNFLRECYDS-26OCT05ATLNO,KXNFLRECYDS,KXNFLRECYDS-26OCT05ATLNO-NOAKAMARA41-15,Alvin Kamara: 15+ receiving yards,0.5000,0.5600,0.5500,79.20,79.20,active,2026-10-08T00:15:00Z,2026-10-02T09:37:33+00:00
KXNFLRECYDS-26OCT05ATLNO,KXNFLRECYDS,KXNFLRECYDS-26OCT05ATLNO-NOJJOHNSON83-25,Juwan Johnson: 25+ receiving yards,0.6900,0.7400,0.0000,0.00,0.00,active,2026-10-08T00:15:00Z,2026-10-02T09:37:33+00:00
KXNFLRECYDS-26OCT05ATLNO,KXNFLRECYDS,KXNFLRECYDS-26OCT05ATLNO-ATLJDOTSON4-40,Jahan Dotson: 40+ receiving yards,0.1800,0.2300,0.0000,0.00,0.00,active,2026-10-08T00:15:00Z,2026-10-02T09:37:33+00:00
KXNFLRECYDS-26OCT05ATLNO,KXNFLRECYDS,KXNFLRECYDS-26OCT05ATLNO-NOCOLAVE12-70,Chris Olave: 70+ receiving yards,0.6100,0.6800,0.6800,14.98,14.98,active,2026-10-08T00:15:00Z,2026-10-02T09:37:33+00:00
KXNFLRECYDS-26OCT05ATLNO,KXNFLRECYDS,KXNFLRECYDS-26OCT05ATLNO-NOJJOHNSON83-40,Juwan Johnson: 40+ receiving yards,0.4900,0.5200,0.5100,20.48,20.48,active,2026-10-08T00:15:00Z,2026-10-02T09:37:33+00:00
KXNFLRECYDS-26OCT05ATLNO,KXNFLRECYDS,KXNFLRECYDS-26OCT05ATLNO-NOCOLAVE12-90,Chris Olave: 90+ receiving yards,0.4400,0.4900,0.4900,256.03,256.03,active,2026-10-08T00:15:00Z,2026-10-02T09:37:33+00:00
KXNFLRECYDS-26OCT05ATLNO,KXNFLRECYDS,KXNFLRECYDS-26OCT05ATLNO-ATLJDOTSON4-25,Jahan Dotson: 25+ receiving yards,0.3500,0.4000,0.0000,0.00,0.00,active,2026-10-08T00:15:00Z,2026-10-02T09:37:33+00:00
KXNFLRECYDS-26OCT05ATLNO,KXNFLRECYDS,KXNFLRECYDS-26OCT05ATLNO-ATLDLONDON5-90,Drake London: 90+ receiving yards,0.3800,0.4200,0.4100,4.68,4.68,active,2026-10-08T00:15:00Z,2026-10-02T09:37:33+00:00
KXNFLRECYDS-26OCT05ATLNO,KXNFLRECYDS,KXNFLRECYDS-26OCT05ATLNO-ATLAHOOPER81-40,Austin Hooper: 40+ receiving yards,0.0300,0.1100,0.0000,0.00,0.00,active,2026-10-08T00:15:00Z,2026-10-02T09:37:33+00:00
KXNFLRECYDS-26OCT05ATLNO,KXNFLRECYDS,KXNFLRECYDS-26OCT05ATLNO-ATLJDOTSON4-15,Jahan Dotson: 15+ receiving yards,0.5300,0.5900,0.0000,0.00,0.00,active,2026-10-08T00:15:00Z,2026-10-02T09:37:33+00:00
KXNFLRECYDS-26OCT05ATLNO,KXNFLRECYDS,KXNFLRECYDS-26OCT05ATLNO-NOCOLAVE12-80,Chris Olave: 80+ receiving yards,0.5300,0.5800,0.5700,127.73,127.73,active,2026-10-08T00:15:00Z,2026-10-02T09:37:33+00:00
KXNFLRECYDS-26OCT05ATLNO,KXNFLRECYDS,KXNFLRECYDS-26OCT05ATLNO-ATLBROBINSON7-50,Bijan Robinson: 50+ receiving yards,0.3500,0.3800,0.0000,0.00,0.00,active,2026-10-08T00:15:00Z,2026-10-02T09:37:33+00:00
KXNFLRECYDS-26OCT05ATLNO,KXNFLRECYDS,KXNFLRECYDS-26OCT05ATLNO-NOCOLAVE12-60,Chris Olave: 60+ receiving yards,0.6000,0.7600,0.0000,0.00,0.00,active,2026-10-08T00:15:00Z,2026-10-02T09:37:33+00:00
KXNFLRECYDS-26OCT05ATLNO,KXNFLRECYDS,KXNFLRECYDS-26OCT05ATLNO-ATLAHOOPER81-60,Austin Hooper: 60+ receiving yards,0.0200,0.0500,0.0000,0.00,0.00,active,2026-10-08T00:15:00Z,2026-10-02T09:37:33+00:00
KXNFLRECYDS-26OCT05ATLNO,KXNFLRECYDS,KXNFLRECYDS-26OCT05ATLNO-NODVELE14-40,Devaughn Vele: 40+ receiving yards,0.5200,0.6000,0.6000,21.60,21.60,active,2026-10-08T00:15:00Z,2026-10-02T09:37:33+00:00
KXNFLRECYDS-26OCT05ATLNO,KXNFLRECYDS,KXNFLRECYDS-26OCT05ATLNO-NODVELE14-60,Devaughn Vele: 60+ receiving yards,0.2500,0.3500,0.3400,138.86,138.86,active,2026-10-08T00:15:00Z,2026-10-02T09:37:33+00:00
KXNFLRECYDS-26OCT05ATLNO,KXNFLRECYDS,KXNFLRECYDS-26OCT05ATLNO-ATLKPITTS8-60,Kyle Pitts Sr.: 60+ receiving yards,0.0300,0.1600,0.0000,0.00,0.00,active,2026-10-08T00:15:00Z,2026-10-02T09:37:33+00:00
KXNFLRECYDS-26OCT05ATLNO,KXNFLRECYDS,KXNFLRECYDS-26OCT05ATLNO-NODVELE14-50,Devaughn Vele: 50+ receiving yards,0.3500,0.4600,0.4600,104.14,104.14,active,2026-10-08T00:15:00Z,2026-10-02T09:37:33+00:00
KXNFLRECYDS-26OCT05ATLNO,KXNFLRECYDS,KXNFLRECYDS-26OCT05ATLNO-ATLBROBINSON7-70,Bijan Robinson: 70+ receiving yards,0.0300,0.2000,0.0000,0.00,0.00,active,2026-10-08T00:15:00Z,2026-10-02T09:37:33+00:00
KXNFLRECYDS-26OCT05ATLNO,KXNFLRECYDS,KXNFLRECYDS-26OCT05ATLNO-ATLDLONDON5-110,Drake London: 110+ receiving yards,0.1100,0.2700,0.0000,0.00,0.00,active,2026-10-08T00:15:00Z,2026-10-02T09:37:33+00:00
KXNFLRECYDS-26OCT05ATLNO,KXNFLRECYDS,KXNFLRECYDS-26OCT05ATLNO-ATLDLONDON5-100,Drake London: 100+ receiving yards,0.3100,0.3400,0.3400,458.78,458.78,active,2026-10-08T00:15:00Z,2026-10-02T09:37:33+00:00
KXNFLRECYDS-26OCT05ATLNO,KXNFLRECYDS,KXNFLRECYDS-26OCT05ATLNO-NODVELE14-80,Devaughn Vele: 80+ receiving yards,0.0300,0.1900,0.0000,0.00,0.00,active,2026-10-08T00:15:00Z,2026-10-02T09:37:33+00:00
KXNFLRECYDS-26OCT05ATLNO,KXNFLRECYDS,KXNFLRECYDS-26OCT05ATLNO-NODVELE14-100,Devaughn Vele: 100+ receiving yards,0.0200,0.1100,0.0000,0.00,0.00,active,2026-10-08T00:15:00Z,2026-10-02T09:37:33+00:00
KXNFLRECYDS-26OCT05ATLNO,KXNFLRECYDS,KXNFLRECYDS-26OCT05ATLNO-NOJJOHNSON83-80,Juwan Johnson: 80+ receiving yards,0.0300,0.1500,0.0000,0.00,0.00,active,2026-10-08T00:15:00Z,2026-10-02T09:37:33+00:00
KXNFLRECYDS-26OCT05ATLNO,KXNFLRECYDS,KXNFLRECYDS-26OCT05ATLNO-NOJJOHNSON83-100,Juwan Johnson: 100+ receiving yards,0.0200,0.0800,0.0000,0.00,0.00,active,2026-10-08T00:15:00Z,2026-10-02T09:37:33+00:00
KXNFLRECYDS-26OCT05ATLNO,KXNFLRECYDS,KXNFLRECYDS-26OCT05ATLNO-NONFANT87-50,Noah Fant: 50+ receiving yards,0.0300,0.1100,0.0000,0.00,0.00,active,2026-10-08T00:15:00Z,2026-10-02T09:37:33+00:00
KXNFLRECYDS-26OCT05ATLNO,KXNFLRECYDS,KXNFLRECYDS-26OCT05ATLNO-ATLJDOTSON4-70,Jahan Dotson: 70+ receiving yards,0.0200,0.0700,0.0000,0.00,0.00,active,2026-10-08T00:15:00Z,2026-10-02T09:37:33+00:00
KXNFLRECYDS-26OCT05ATLNO,KXNFLRECYDS,KXNFLRECYDS-26OCT05ATLNO-NOAKAMARA41-25,Alvin Kamara: 25+ receiving yards,0.2900,0.3200,0.0000,0.00,0.00,active,2026-10-08T00:15:00Z,2026-10-02T09:37:33+00:00
KXNFLRECYDS-26OCT05ATLNO,KXNFLRECYDS,KXNFLRECYDS-26OCT05ATLNO-NONFANT87-25,Noah Fant: 25+ receiving yards,0.3300,0.3800,0.0000,0.00,0.00,active,2026-10-08T00:15:00Z,2026-10-02T09:37:33+00:00
KXNFLRECYDS-26OCT05ATLNO,KXNFLRECYDS,KXNFLRECYDS-26OCT05ATLNO-NOAKAMARA41-40,Alvin Kamara: 40+ receiving yards,0.1100,0.1300,0.1300,253.80,253.80,active,2026-10-08T00:15:00Z,2026-10-02T09:37:33+00:00
KXNFLRECYDS-26OCT05ATLNO,KXNFLRECYDS,KXNFLRECYDS-26OCT05ATLNO-NOJJOHNSON83-15,Juwan Johnson: 15+ receiving yards,0.7100,0.8700,0.0000,0.00,0.00,active,2026-10-08T00:15:00Z,2026-10-02T09:37:33+00:00
KXNFLRECYDS-26OCT05ATLNO,KXNFLRECYDS,KXNFLRECYDS-26OCT05ATLNO-NOJJOHNSON83-90,Juwan Johnson: 90+ receiving yards,0.0300,0.1100,0.0000,0.00,0.00,active,2026-10-08T00:15:00Z,2026-10-02T09:37:33+00:00
KXNFLRECYDS-26OCT05ATLNO,KXNFLRECYDS,KXNFLRECYDS-26OCT05ATLNO-NODVELE14-25,Devaughn Vele: 25+ receiving yards,0.6300,0.7900,0.7800,21.46,21.46,active,2026-10-08T00:15:00Z,2026-10-02T09:37:33+00:00
KXNFLRECYDS-26OCT05ATLNO,KXNFLRECYDS,KXNFLRECYDS-26OCT05ATLNO-NONFANT87-40,Noah Fant: 40+ receiving yards,0.1600,0.1900,0.0000,0.00,0.00,active,2026-10-08T00:15:00Z,2026-10-02T09:37:33+00:00
KXNFLRECYDS-26OCT05ATLNO,KXNFLRECYDS,KXNFLRECYDS-26OCT05ATLNO-ATLKPITTS8-15,Kyle Pitts Sr.: 15+ receiving yards,0.6000,0.7600,0.0000,0.00,0.00,active,2026-10-08T00:15:00Z,2026-10-02T09:37:33+00:00
KXNFLRECYDS-26OCT05ATLNO,KXNFLRECYDS,KXNFLRECYDS-26OCT05ATLNO-NOJJOHNSON83-70,Juwan Johnson: 70+ receiving yards,0.0500,0.2100,0.0000,0.00,0.00,active,2026-10-08T00:15:00Z,2026-10-02T09:37:33+00:00
KXNFLRECYDS-26OCT05ATLNO,KXNFLRECYDS,KXNFLRECYDS-26OCT05ATLNO-ATLBROBINSON7-80,Bijan Robinson: 80+ receiving yards,0.0300,0.1300,0.0000,0.00,0.00,active,2026-10-08T00:15:00Z,2026-10-02T09:37:33+00:00
KXNFLRECYDS-26OCT05ATLNO,KXNFLRECYDS,KXNFLRECYDS-26OCT05ATLNO-ATLAHOOPER81-25,Austin Hooper: 25+ receiving yards,0.2100,0.2400,0.0000,0.00,0.00,active,2026-10-08T00:15:00Z,2026-10-02T09:37:33+00:00
KXNFLRECYDS-26OCT05ATLNO,KXNFLRECYDS,KXNFLRECYDS-26OCT05ATLNO-ATLKPITTS8-70,Kyle Pitts Sr.: 70+ receiving yards,0.0300,0.1000,0.1100,8.55,8.55,active,2026-10-08T00:15:00Z,2026-10-02T09:37:33+00:00
KXNFLRSHYDS-26OCT04ARINYG,KXNFLRSHYDS,KXNFLRSHYDS-26OCT04ARINYG-ARITALLGEIER22-40,Tyler Allgeier: 40+ rushing yards,0.1700,0.1900,0.0000,0.00,0.00,active,2026-10-06T17:00:00Z,2026-10-02T09:37:33+00:00
KXNFLRSHYDS-26OCT04ARINYG,KXNFLRSHYDS,KXNFLRSHYDS-26OCT04ARINYG-NYGJWINSTON19-30,Jameis Winston: 30+ rushing yards,0.0500,0.0900,0.0000,0.00,0.00,active,2026-10-06T17:00:00Z,2026-10-02T09:37:33+00:00
KXNFLRSHYDS-26OCT04ARINYG,KXNFLRSHYDS,KXNFLRSHYDS-26OCT04ARINYG-NYGNHARRIS23-60,Najee Harris: 60+ rushing yards,0.0400,0.1000,0.0000,0.00,0.00,active,2026-10-06T17:00:00Z,2026-10-02T09:37:33+00:00
KXNFLRSHYDS-26OCT04ARINYG,KXNFLRSHYDS,KXNFLRSHYDS-26OCT04ARINYG-ARIJBRISSETT7-30,Jacoby Brissett: 30+ rushing yards,0.0700,0.1000,0.0000,0.00,0.00,active,2026-10-06T17:00:00Z,2026-10-02T09:37:33+00:00
KXNFLRSHYDS-26OCT04ARINYG,KXNFLRSHYDS,KXNFLRSHYDS-26OCT04ARINYG-NYGJWINSTON19-10,Jameis Winston: 10+ rushing yards,0.3400,0.3500,0.3500,744.08,744.08,active,2026-10-06T17:00:00Z,2026-10-02T09:37:33+00:00
KXNFLRSHYDS-26OCT04ARINYG,KXNFLRSHYDS,KXNFLRSHYDS-26OCT04ARINYG-NYGJWINSTON19-25,Jameis Winston: 25+ rushing yards,0.0900,0.1000,0.0000,0.00,0.00,active,2026-10-06T17:00:00Z,2026-10-02T09:37:33+00:00
KXNFLRSHYDS-26OCT04ARINYG,KXNFLRSHYDS,KXNFLRSHYDS-26OCT04ARINYG-ARIJBRISSETT7-25,Jacoby Brissett: 25+ rushing yards,0.1200,0.1300,0.0000,0.00,0.00,active,2026-10-06T17:00:00Z,2026-10-02T09:37:33+00:00
KXNFLRSHYDS-26OCT04ARINYG,KXNFLRSHYDS,KXNFLRSHYDS-26OCT04ARINYG-NYGJWINSTON19-20,Jameis Winston: 20+ rushing yards,0.0600,0.1400,0.1400,45.00,45.00,active,2026-10-06T17:00:00Z,2026-10-02T09:37:33+00:00
KXNFLRSHYDS-26OCT04ARINYG,KXNFLRSHYDS,KXNFLRSHYDS-26OCT04ARINYG-ARIJBRISSETT7-20,Jacoby Brissett: 20+ rushing yards,0.2000,0.2100,0.1700,4.00,4.00,active,2026-10-06T17:00:00Z,2026-10-02T09:37:33+00:00
KXNFLRSHYDS-26OCT04ARINYG,KXNFLRSHYDS,KXNFLRSHYDS-26OCT04ARINYG-ARIJBRISSETT7-40,Jacoby Brissett: 40+ rushing yards,0.0100,0.0600,0.0000,0.00,0.00,active,2026-10-06T17:00:00Z,2026-10-02T09:37:33+00:00
KXNFLRSHYDS-26OCT04ARINYG,KXNFLRSHYDS,KXNFLRSHYDS-26OCT04ARINYG-ARIJLOVE4-40,Jeremiyah Love: 40+ rushing yards,0.7400,0.8100,0.0000,0.00,0.00,active,2026-10-06T17:00:00Z,2026-10-02T09:37:33+00:00
KXNFLRSHYDS-26OCT04ARINYG,KXNFLRSHYDS,KXNFLRSHYDS-26OCT04ARINYG-NYGNHARRIS23-70,Najee Harris: 70+ rushing yards,0.0200,0.0700,0.0000,0.00,0.00,active,2026-10-06T17:00:00Z,2026-10-02T09:37:33+00:00
KXNFLRSHYDS-26OCT04ARINYG,KXNFLRSHYDS,KXNFLRSHYDS-26OCT04ARINYG-ARITALLGEIER22-25,Tyler Allgeier: 25+ rushing yards,0.3600,0.4000,0.0000,0.00,0.00,active,2026-10-06T17:00:00Z,2026-10-02T09:37:33+00:00
KXNFLRSHYDS-26OCT04ARINYG,KXNFLRSHYDS,KXNFLRSHYDS-26OCT04ARINYG-ARITALLGEIER22-20,Tyler Allgeier: 20+ rushing yards,0.4600,0.4900,0.5000,4.60,4.60,active,2026-10-06T17:00:00Z,2026-10-02T09:37:33+00:00
KXNFLRSHYDS-26OCT04ARINYG,KXNFLRSHYDS,KXNFLRSHYDS-26OCT04ARINYG-NYGCSKATTEBO44-70,Cam Skattebo: 70+ rushing yards,0.4100,0.4300,0.4300,198.90,198.90,active,2026-10-06T17:00:00Z,2026-10-02T09:37:33+00:00
KXNFLRSHYDS-26OCT04ARINYG,KXNFLRSHYDS,KXNFLRSHYDS-26OCT04ARINYG-NYGNHARRIS23-30,Najee Harris: 30+ rushing yards,0.3700,0.4000,0.0000,0.00,0.00,active,2026-10-06T17:00:00Z,2026-10-02T09:37:33+00:00
KXNFLRSHYDS-26OCT04ARINYG,KXNFLRSHYDS,KXNFLRSHYDS-26OCT04ARINYG-ARITALLGEIER22-30,Tyler Allgeier: 30+ rushing yards,0.2900,0.3100,0.0000,0.00,0.00,active,2026-10-06T17:00:00Z,2026-10-02T09:37:33+00:00
KXNFLRSHYDS-26OCT04ARINYG,KXNFLRSHYDS,KXNFLRSHYDS-26OCT04ARINYG-NYGCSKATTEBO44-80,Cam Skattebo: 80+ rushing yards,0.3100,0.3300,0.0000,0.00,0.00,active,2026-10-06T17:00:00Z,2026-10-02T09:37:33+00:00
KXNFLRSHYDS-26OCT04ARINYG,KXNFLRSHYDS,KXNFLRSHYDS-26OCT04ARINYG-NYGNHARRIS23-40,Najee Harris: 40+ rushing yards,0.2300,0.2500,0.0000,0.00,0.00,active,2026-10-06T17:00:00Z,2026-10-02T09:37:33+00:00
KXNFLRSHYDS-26OCT04ARINYG,KXNFLRSHYDS,KXNFLRSHYDS-26OCT04ARINYG-ARITALLGEIER22-10,Tyler Allgeier: 10+ rushing yards,0.6900,0.7300,0.6900,1.00,1.00,active,2026-10-06T17:00:00Z,2026-10-02T09:37:33+00:00
KXNFLRSHYDS-26OCT04ARINYG,KXNFLRSHYDS,KXNFLRSHYDS-26OCT04ARINYG-ARITALLGEIER22-50,Tyler Allgeier: 50+ rushing yards,0.0300,0.1200,0.0000,0.00,0.00,active,2026-10-06T17:00:00Z,2026-10-02T09:37:33+00:00
KXNFLRSHYDS-26OCT04ARINYG,KXNFLRSHYDS,KXNFLRSHYDS-26OCT04ARINYG-NYGNHARRIS23-50,Najee Harris: 50+ rushing yards,0.1300,0.1600,0.1600,59.02,59.02,active,2026-10-06T17:00:00Z,2026-10-02T09:37:33+00:00
KXNFLRSHYDS-26OCT04ARINYG,KXNFLRSHYDS,KXNFLRSHYDS-26OCT04ARINYG-ARIJLOVE4-120,Jeremiyah Love: 120+ rushing yards,0.0600,0.1100,0.1200,174.96,174.96,active,2026-10-06T17:00:00Z,2026-10-02T09:37:33+00:00
KXNFLRSHYDS-26OCT04ARINYG,KXNFLRSHYDS,KXNFLRSHYDS-26OCT04ARINYG-ARIJLOVE4-50,Jeremiyah Love: 50+ rushing yards,0.6400,0.6900,0.7000,48.97,48.97,active,2026-10-06T17:00:00Z,2026-10-02T09:37:33+00:00
KXNFLRSHYDS-26OCT04ARINYG,KXNFLRSHYDS,KXNFLRSHYDS-26OCT04ARINYG-ARIJLOVE4-30,Jeremiyah Love: 30+ rushing yards,0.8400,0.8900,0.0000,0.00,0.00,active,2026-10-06T17:00:00Z,2026-10-02T09:37:33+00:00
KXNFLRSHYDS-26OCT04ARINYG,KXNFLRSHYDS,KXNFLRSHYDS-26OCT04ARINYG-ARIJLOVE4-70,Jeremiyah Love: 70+ rushing yards,0.4400,0.4700,0.4700,381.19,381.19,active,2026-10-06T17:00:00Z,2026-10-02T09:37:33+00:00
KXNFLRSHYDS-26OCT04ARINYG,KXNFLRSHYDS,KXNFLRSHYDS-26OCT04ARINYG-ARIJLOVE4-110,Jeremiyah Love: 110+ rushing yards,0.0700,0.1500,0.0000,0.00,0.00,active,2026-10-06T17:00:00Z,2026-10-02T09:37:33+00:00
KXNFLRSHYDS-26OCT04ARINYG,KXNFLRSHYDS,KXNFLRSHYDS-26OCT04ARINYG-ARIJBRISSETT7-10,Jacoby Brissett: 10+ rushing yards,0.3600,0.4400,0.2400,26.74,26.74,active,2026-10-06T17:00:00Z,2026-10-02T09:37:33+00:00
KXNFLRSHYDS-26OCT04ARINYG,KXNFLRSHYDS,KXNFLRSHYDS-26OCT04ARINYG-ARIJLOVE4-90,Jeremiyah Love: 90+ rushing yards,0.2600,0.2800,0.0000,0.00,0.00,active,2026-10-06T17:00:00Z,2026-10-02T09:37:33+00:00
KXNFLRSHYDS-26OCT04ARINYG,KXNFLRSHYDS,KXNFLRSHYDS-26OCT04ARINYG-ARIJBRISSETT7-15,Jacoby Brissett: 15+ rushing yards,0.2800,0.3200,0.0000,0.00,0.00,active,2026-10-06T17:00:00Z,2026-10-02T09:37:33+00:00
KXNFLRSHYDS-26OCT04ARINYG,KXNFLRSHYDS,KXNFLRSHYDS-26OCT04ARINYG-ARITALLGEIER22-70,Tyler Allgeier: 70+ rushing yards,0.0100,0.0500,0.0000,0.00,0.00,active,2026-10-06T17:00:00Z,2026-10-02T09:37:33+00:00
KXNFLRSHYDS-26OCT04ARINYG,KXNFLRSHYDS,KXNFLRSHYDS-26OCT04ARINYG-ARITALLGEIER22-60,Tyler Allgeier: 60+ rushing yards,0.0200,0.0800,0.0000,0.00,0.00,active,2026-10-06T17:00:00Z,2026-10-02T09:37:33+00:00
KXNFLRSHYDS-26OCT04ARINYG,KXNFLRSHYDS,KXNFLRSHYDS-26OCT04ARINYG-NYGNHARRIS23-25,Najee Harris: 25+ rushing yards,0.4600,0.5000,0.4600,35.88,35.88,active,2026-10-06T17:00:00Z,2026-10-02T09:37:33+00:00
KXNFLRSHYDS-26OCT04ARINYG,KXNFLRSHYDS,KXNFLRSHYDS-26OCT04ARINYG-NYGCSKATTEBO44-130,Cam Skattebo: 130+ rushing yards,0.0100,0.0700,0.0000,0.00,0.00,active,2026-10-06T17:00:00Z,2026-10-02T09:37:33+00:00
KXNFLRSHYDS-26OCT04ARINYG,KXNFLRSHYDS,KXNFLRSHYDS-26OCT04ARINYG-NYGCSKATTEBO44-40,Cam Skattebo: 40+ rushing yards,0.7500,0.8000,0.7700,1053.00,1053.00,active,2026-10-06T17:00:00Z,2026-10-02T09:37:33+00:00
KXNFLRSHYDS-26OCT04ARINYG,KXNFLRSHYDS,KXNFLRSHYDS-26OCT04ARINYG-NYGCSKATTEBO44-60,Cam Skattebo: 60+ rushing yards,0.5200,0.5600,0.5600,17.32,17.32,active,2026-10-06T17:00:00Z,2026-10-02T09:37:33+00:00
KXNFLRSHYDS-26OCT04ARINYG,KXNFLRSHYDS,KXNFLRSHYDS-26OCT04ARINYG-NYGJWINSTON19-15,Jameis Winston: 15+ rushing yards,0.1300,0.2300,0.2100,44.78,44.78,active,2026-10-06T17:00:00Z,2026-10-02T09:37:33+00:00
KXNFLRSHYDS-26OCT04ARINYG,KXNFLRSHYDS,KXNFLRSHYDS-26OCT04ARINYG-NYGCSKATTEBO44-140,Cam Skattebo: 140+ rushing yards,0.0500,0.0600,0.0000,0.00,0.00,active,2026-10-06T17:00:00Z,2026-10-02T09:37:33+00:00
KXNFLRSHYDS-26OCT04ARINYG,KXNFLRSHYDS,KXNFLRSHYDS-26OCT04ARINYG-NYGCSKATTEBO44-110,Cam Skattebo: 110+ rushing yards,0.0500,0.1300,0.0000,0.00,0.00,active,2026-10-06T17:00:00Z,2026-10-02T09:37:33+00:00
KXNFLRSHYDS-26OCT04ARINYG,KXNFLRSHYDS,KXNFLRSHYDS-26OCT04ARINYG-NYGCSKATTEBO44-100,Cam Skattebo: 100+ rushing yards,0.1200,0.1800,0.0000,0.00,0.00,active,2026-10-06T17:00:00Z,2026-10-02T09:37:33+00:00
KXNFLRSHYDS-26OCT04ARINYG,KXNFLRSHYDS,KXNFLRSHYDS-26OCT04ARINYG-NYGNHARRIS23-20,Najee Harris: 20+ rushing yards,0.5600,0.6200,0.0000,0.00,0.00,active,2026-10-06T17:00:00Z,2026-10-02T09:37:33+00:00
KXNFLRSHYDS-26OCT04ARINYG,KXNFLRSHYDS,KXNFLRSHYDS-26OCT04ARINYG-NYGCSKATTEBO44-90,Cam Skattebo: 90+ rushing yards,0.1800,0.2500,0.0000,0.00,0.00,active,2026-10-06T17:00:00Z,2026-10-02T09:37:33+00:00
KXNFLRSHYDS-26OCT04ARINYG,KXNFLRSHYDS,KXNFLRSHYDS-26OCT04ARINYG-ARIJLOVE4-130,Jeremiyah Love: 130+ rushing yards,0.0300,0.0900,0.0000,0.00,0.00,active,2026-10-06T17:00:00Z,2026-10-02T09:37:33+00:00
KXNFLRSHYDS-26OCT04ARINYG,KXNFLRSHYDS,KXNFLRSHYDS-26OCT04ARINYG-NYGCSKATTEBO44-120,Cam Skattebo: 120+ rushing yards,0.0300,0.0900,0.0000,0.00,0.00,active,2026-10-06T17:00:00Z,2026-10-02T09:37:33+00:00
KXNFLRSHYDS-26OCT04ARINYG,KXNFLRSHYDS,KXNFLRSHYDS-26OCT04ARINYG-ARITALLGEIER22-15,Tyler Allgeier: 15+ rushing yards,0.5700,0.6200,0.0000,0.00,0.00,active,2026-10-06T17:00:00Z,2026-10-02T09:37:33+00:00
KXNFLRSHYDS-26OCT04ARINYG,KXNFLRSHYDS,KXNFLRSHYDS-26OCT04ARINYG-NYGCSKATTEBO44-50,Cam Skattebo: 50+ rushing yards,0.6300,0.6900,0.6800,27.27,27.27,active,2026-10-06T17:00:00Z,2026-10-02T09:37:33+00:00
KXNFLRSHYDS-26OCT04ARINYG,KXNFLRSHYDS,KXNFLRSHYDS-26OCT04ARINYG-ARIJLOVE4-60,Jeremiyah Love: 60+ rushing yards,0.5500,0.5800,0.5800,895.42,895.42,active,2026-10-06T17:00:00Z,2026-10-02T09:37:33+00:00
KXNFLRSHYDS-26OCT04ARINYG,KXNFLRSHYDS,KXNFLRSHYDS-26OCT04ARINYG-ARIJLOVE4-80,Jeremiyah Love: 80+ rushing yards,0.3500,0.3600,0.3600,446.09,446.09,active,2026-10-06T17:00:00Z,2026-10-02T09:37:33+00:00
KXNFLRSHYDS-26OCT04ARINYG,KXNFLRSHYDS,KXNFLRSHYDS-26OCT04ARINYG-NYGNHARRIS23-15,Najee Harris: 15+ rushing yards,0.6700,0.7300,0.0000,0.00,0.00,active,2026-10-06T17:00:00Z,2026-10-02T09:37:33+00:00
KXNFLRSHYDS-26OCT04ARINYG,KXNFLRSHYDS,KXNFLRSHYDS-26OCT04ARINYG-NYGNHARRIS23-10,Najee Harris: 10+ rushing yards,0.7700,0.8100,0.0000,0.00,0.00,active,2026-10-06T17:00:00Z,2026-10-02T09:37:33+00:00
KXNFLRSHYDS-26OCT04ARINYG,KXNFLRSHYDS,KXNFLRSHYDS-26OCT04ARINYG-ARIJLOVE4-100,Jeremiyah Love: 100+ rushing yards,0.1400,0.2100,0.2100,456.52,456.52,active,2026-10-06T17:00:00Z,2026-10-02T09:37:33+00:00
KXNFLRSHYDS-26OCT04DALHOU,KXNFLRSHYDS,KXNFLRSHYDS-26OCT04DALHOU-HOUCSTROUD7-50,C.J. Stroud: 50+ rushing yards,0.0100,0.0500,0.0000,0.00,0.00,active,2026-10-06T17:00:00Z,2026-10-02T09:37:33+00:00
KXNFLRSHYDS-26OCT04DALHOU,KXNFLRSHYDS,KXNFLRSHYDS-26OCT04DALHOU-HOUWMARKS4-70,Woody Marks: 70+ rushing yards,0.0500,0.1200,0.1200,46.00,46.00,active,2026-10-06T17:00:00Z,2026-10-02T09:37:33+00:00
KXNFLRSHYDS-26OCT04DALHOU,KXNFLRSHYDS,KXNFLRSHYDS-26OCT04DALHOU-HOUDMONTGOMERY32-120,David Montgomery: 120+ rushing yards,0.0100,0.0400,0.0500,30.00,30.00,active,2026-10-06T17:00:00Z,2026-10-02T09:37:33+00:00
KXNFLRSHYDS-26OCT04DALHOU,KXNFLRSHYDS,KXNFLRSHYDS-26OCT04DALHOU-HOUDMONTGOMERY32-100,David Montgomery: 100+ rushing yards,0.0200,0.0600,0.0800,1500.00,1500.00,active,2026-10-06T17:00:00Z,2026-10-02T09:37:33+00:00
KXNFLRSHYDS-26OCT04DALHOU,KXNFLRSHYDS,KXNFLRSHYDS-26OCT04DALHOU-DALDPRESCOTT4-30,Dak Prescott: 30+ rushing yards,0.1100,0.1200,0.1100,53.00,53.00,active,2026-10-06T17:00:00Z,2026-10-02T09:37:33+00:00
KXNFLRSHYDS-26OCT04DALHOU,KXNFLRSHYDS,KXNFLRSHYDS-26OCT04DALHOU-HOUDMONTGOMERY32-60,David Montgomery: 60+ rushing yards,0.2900,0.3200,0.3100,36.01,36.01,active,2026-10-06T17:00:00Z,2026-10-02T09:37:33+00:00
KXNFLRSHYDS-26OCT04DALHOU,KXNFLRSHYDS,KXNFLRSHYDS-26OCT04DALHOU-HOUCSTROUD7-25,C.J. Stroud: 25+ rushing yards,0.2100,0.2200,0.1700,3.00,3.00,active,2026-10-06T17:00:00Z,2026-10-02T09:37:33+00:00
KXNFLRSHYDS-26OCT04DALHOU,KXNFLRSHYDS,KXNFLRSHYDS-26OCT04DALHOU-HOUCSTROUD7-30,C.J. Stroud: 30+ rushing yards,0.1300,0.1500,0.1300,3.00,3.00,active,2026-10-06T17:00:00Z,2026-10-02T09:37:33+00:00
KXNFLRSHYDS-26OCT04DALHOU,KXNFLRSHYDS,KXNFLRSHYDS-26OCT04DALHOU-HOUWMARKS4-30,Woody Marks: 30+ rushing yards,0.5600,0.5900,0.5800,2003.62,2003.62,active,2026-10-06T17:00:00Z,2026-10-02T09:37:33+00:00
KXNFLRSHYDS-26OCT04DALHOU,KXNFLRSHYDS,KXNFLRSHYDS-26OCT04DALHOU-HOUWMARKS4-80,Woody Marks: 80+ rushing yards,0.0200,0.0900,0.0000,0.00,0.00,active,2026-10-06T17:00:00Z,2026-10-02T09:37:33+00:00
KXNFLRSHYDS-26OCT04DALHOU,KXNFLRSHYDS,KXNFLRSHYDS-26OCT04DALHOU-HOUDMONTGOMERY32-30,David Montgomery: 30+ rushing yards,0.6900,0.7400,0.7900,4.47,4.47,active,2026-10-06T17:00:00Z,2026-10-02T09:37:33+00:00
KXNFLRSHYDS-26OCT04DALHOU,KXNFLRSHYDS,KXNFLRSHYDS-26OCT04DALHOU-HOUDMONTGOMERY32-110,David Montgomery: 110+ rushing yards,0.0100,0.0600,0.0000,0.00,0.00,active,2026-10-06T17:00:00Z,2026-10-02T09:37:33+00:00
KXNFLRSHYDS-26OCT04DALHOU,KXNFLRSHYDS,KXNFLRSHYDS-26OCT04DALHOU-HOUDMONTGOMERY32-90,David Montgomery: 90+ rushing yards,0.1000,0.1100,0.1200,1500.00,1500.00,active,2026-10-06T17:00:00Z,2026-10-02T09:37:33+00:00
KXNFLRSHYDS-26OCT04DALHOU,KXNFLRSHYDS,KXNFLRSHYDS-26OCT04DALHOU-HOUCSTROUD7-20,C.J. Stroud: 20+ rushing yards,0.2900,0.3100,0.3000,9.53,9.53,active,2026-10-06T17:00:00Z,2026-10-02T09:37:33+00:00
KXNFLRSHYDS-26OCT04DALHOU,KXNFLRSHYDS,KXNFLRSHYDS-26OCT04DALHOU-HOUWMARKS4-40,Woody Marks: 40+ rushing yards,0.3800,0.4100,0.2400,636.71,636.71,active,2026-10-06T17:00:00Z,2026-10-02T09:37:33+00:00
KXNFLRSHYDS-26OCT04DALHOU,KXNFLRSHYDS,KXNFLRSHYDS-26OCT04DALHOU-DALJWILLIAMS33-80,Javonte Williams: 80+ rushing yards,0.2700,0.3000,0.2900,16.10,16.10,active,2026-10-06T17:00:00Z,2026-10-02T09:37:33+00:00
KXNFLRSHYDS-26OCT04DALHOU,KXNFLRSHYDS,KXNFLRSHYDS-26OCT04DALHOU-HOUDMONTGOMERY32-50,David Montgomery: 50+ rushing yards,0.4100,0.4200,0.4200,3646.29,3600.75,active,2026-10-06T17:00:00Z,2026-10-02T09:37:33+00:00
KXNFLRSHYDS-26OCT04DALHOU,KXNFLRSHYDS,KXNFLRSHYDS-26OCT04DALHOU-HOUWMARKS4-60,Woody Marks: 60+ rushing yards,0.1600,0.1900,0.1900,24.00,24.00,active,2026-10-06T17:00:00Z,2026-10-02T09:37:33+00:00
KXNFLRSHYDS-26OCT04DALHOU,KXNFLRSHYDS,KXNFLRSHYDS-26OCT04DALHOU-DALDPRESCOTT4-10,Dak Prescott: 10+ rushing yards,0.5100,0.5300,0.5300,158.89,158.89,active,2026-10-06T17:00:00Z,2026-10-02T09:37:33+00:00
KXNFLRSHYDS-26OCT04DALHOU,KXNFLRSHYDS,KXNFLRSHYDS-26OCT04DALHOU-HOUCSTROUD7-15,C.J. Stroud: 15+ rushing yards,0.3900,0.4300,0.4300,26.82,26.82,active,2026-10-06T17:00:00Z,2026-10-02T09:37:33+00:00
KXNFLRSHYDS-26OCT04DALHOU,KXNFLRSHYDS,KXNFLRSHYDS-26OCT04DALHOU-HOUCSTROUD7-10,C.J. Stroud: 10+ rushing yards,0.5300,0.5800,0.0000,0.00,0.00,active,2026-10-06T17:00:00Z,2026-10-02T09:37:33+00:00
KXNFLRSHYDS-26OCT04DALHOU,KXNFLRSHYDS,KXNFLRSHYDS-26OCT04DALHOU-DALJWILLIAMS33-90,Javonte Williams: 90+ rushing yards,0.1600,0.2200,0.2400,11.86,11.86,active,2026-10-06T17:00:00Z,2026-10-02T09:37:33+00:00
KXNFLRSHYDS-26OCT04DALHOU,KXNFLRSHYDS,KXNFLRSHYDS-26OCT04DALHOU-DALJWILLIAMS33-70,Javonte Williams: 70+ rushing yards,0.3800,0.4000,0.4000,9.28,9.28,active,2026-10-06T17:00:00Z,2026-10-02T09:37:33+00:00
KXNFLRSHYDS-26OCT04DALHOU,KXNFLRSHYDS,KXNFLRSHYDS-26OCT04DALHOU-DALDPRESCOTT4-25,Dak Prescott: 25+ rushing yards,0.1500,0.1700,0.1600,75.00,75.00,active,2026-10-06T17:00:00Z,2026-10-02T09:37:33+00:00
KXNFLRSHYDS-26OCT04DALHOU,KXNFLRSHYDS,KXNFLRSHYDS-26OCT04DALHOU-DALDPRESCOTT4-15,Dak Prescott: 15+ rushing yards,0.3500,0.3700,0.3500,32.53,32.53,active,2026-10-06T17:00:00Z,2026-10-02T09:37:33+00:00
KXNFLRSHYDS-26OCT04DALHOU,KXNFLRSHYDS,KXNFLRSHYDS-26OCT04DALHOU-HOUCSTROUD7-40,C.J. Stroud: 40+ rushing yards,0.0200,0.0900,0.0000,0.00,0.00,active,2026-10-06T17:00:00Z,2026-10-02T09:37:33+00:00
KXNFLRSHYDS-26OCT04DALHOU,KXNFLRSHYDS,KXNFLRSHYDS-26OCT04DALHOU-DALJWILLIAMS33-100,Javonte Williams: 100+ rushing yards,0.0600,0.1500,0.1700,11.11,11.11,active,2026-10-06T17:00:00Z,2026-10-02T09:37:33+00:00
KXNFLRSHYDS-26OCT04DALHOU,KXNFLRSHYDS,KXNFLRSHYDS-26OCT04DALHOU-DALJWILLIAMS33-110,Javonte Williams: 110+ rushing yards,0.0300,0.1000,0.1200,15.69,15.69,active,2026-10-06T17:00:00Z,2026-10-02T09:37:33+00:00
KXNFLRSHYDS-26OCT04DALHOU,KXNFLRSHYDS,KXNFLRSHYDS-26OCT04DALHOU-DALJWILLIAMS33-120,Javonte Williams: 120+ rushing yards,0.0200,0.0700,0.0900,20.89,20.89,active,2026-10-06T17:00:00Z,2026-10-02T09:37:33+00:00
KXNFLRSHYDS-26OCT04DALHOU,KXNFLRSHYDS,KXNFLRSHYDS-26OCT04DALHOU-DALDPRESCOTT4-40,Dak Prescott: 40+ rushing yards,0.0300,0.0800,0.0900,31.33,31.33,active,2026-10-06T17:00:00Z,2026-10-02T09:37:33+00:00
KXNFLRSHYDS-26OCT04DALHOU,KXNFLRSHYDS,KXNFLRSHYDS-26OCT04DALHOU-HOUWMARKS4-25,Woody Marks: 25+ rushing yards,0.6500,0.6900,0.0000,0.00,0.00,active,2026-10-06T17:00:00Z,2026-10-02T09:37:33+00:00
KXNFLRSHYDS-26OCT04DALHOU,KXNFLRSHYDS,KXNFLRSHYDS-26OCT04DALHOU-HOUWMARKS4-20,Woody Marks: 20+ rushing yards,0.7500,0.7800,0.7200,8.00,8.00,active,2026-10-06T17:00:00Z,2026-10-02T09:37:33+00:00
KXNFLRSHYDS-26OCT04DALHOU,KXNFLRSHYDS,KXNFLRSHYDS-26OCT04DALHOU-DALJWILLIAMS33-50,Javonte Williams: 50+ rushing yards,0.6200,0.6500,0.6600,17.00,17.00,active,2026-10-06T17:00:00Z,2026-10-02T09:37:33+00:00
KXNFLRSHYDS-26OCT04DALHOU,KXNFLRSHYDS,KXNFLRSHYDS-26OCT04DALHOU-HOUDMONTGOMERY32-40,David Montgomery: 40+ rushing yards,0.5600,0.5900,0.5900,42.48,42.48,active,2026-10-06T17:00:00Z,2026-10-02T09:37:33+00:00
KXNFLRSHYDS-26OCT04DALHOU,KXNFLRSHYDS,KXNFLRSHYDS-26OCT04DALHOU-HOUWMARKS4-15,Woody Marks: 15+ rushing yards,0.8100,0.8600,0.0000,0.00,0.00,active,2026-10-06T17:00:00Z,2026-10-02T09:37:33+00:00
KXNFLRSHYDS-26OCT04DALHOU,KXNFLRSHYDS,KXNFLRSHYDS-26OCT04DALHOU-DALJWILLIAMS33-40,Javonte Williams: 40+ rushing yards,0.7200,0.7700,0.7300,1289.34,1289.34,active,2026-10-06T17:00:00Z,2026-10-02T09:37:33+00:00
KXNFLRSHYDS-26OCT04DALHOU,KXNFLRSHYDS,KXNFLRSHYDS-26OCT04DALHOU-HOUWMARKS4-50,Woody Marks: 50+ rushing yards,0.3000,0.3100,0.3000,162.19,162.19,active,2026-10-06T17:00:00Z,2026-10-02T09:37:33+00:00
KXNFLRSHYDS-26OCT04DALHOU,KXNFLRSHYDS,KXNFLRSHYDS-26OCT04DALHOU-DALDPRESCOTT4-20,Dak Prescott: 20+ rushing yards,0.1500,0.2500,0.2500,109.00,109.00,active,2026-10-06T17:00:00Z,2026-10-02T09:37:33+00:00
KXNFLRSHYDS-26OCT04DALHOU,KXNFLRSHYDS,KXNFLRSHYDS-26OCT04DALHOU-DALJWILLIAMS33-60,Javonte Williams: 60+ rushing yards,0.4900,0.5200,0.5200,194.68,194.68,active,2026-10-06T17:00:00Z,2026-10-02T09:37:33+00:00
KXNFLRSHYDS-26OCT04DALHOU,KXNFLRSHYDS,KXNFLRSHYDS-26OCT04DALHOU-HOUDMONTGOMERY32-70,David Montgomery: 70+ rushing yards,0.2100,0.2200,0.2400,2061.00,2061.00,active,2026-10-06T17:00:00Z,2026-10-02T09:37:33+00:00
KXNFLRSHYDS-26OCT04DALHOU,KXNFLRSHYDS,KXNFLRSHYDS-26OCT04DALHOU-HOUDMONTGOMERY32-80,David Montgomery: 80+ rushing yards,0.1400,0.1500,0.1700,1917.86,1917.86,active,2026-10-06T17:00:00Z,2026-10-02T09:37:33+00:00
KXNFLRSHYDS-26OCT04DALHOU,KXNFLRSHYDS,KXNFLRSHYDS-26OCT04DALHOU-DALJWILLIAMS33-130,Javonte Williams: 130+ rushing yards,0.0100,0.0500,0.0700,26.82,26.82,active,2026-10-06T17:00:00Z,2026-10-02T09:37:33+00:00
KXNFLRSHYDS-26OCT04DENSF,KXNFLRSHYDS,KXNFLRSHYDS-26OCT04DENSF-DENBNIX10-15,Bo Nix: 15+ rushing yards,0.5600,0.5800,0.0000,0.00,0.00,active,2026-10-06T20:25:00Z,2026-10-02T09:37:33+00:00
KXNFLRSHYDS-26OCT04DENSF,KXNFLRSHYDS,KXNFLRSHYDS-26OCT04DENSF-DENJDOBBINS27-110,J.K. Dobbins: 110+ rushing yards,0.0400,0.1100,0.0800,8.00,8.00,active,2026-10-06T20:25:00Z,2026-10-02T09:37:33+00:00
KXNFLRSHYDS-26OCT04DENSF,KXNFLRSHYDS,KXNFLRSHYDS-26OCT04DENSF-SFCMCCAFFREY23-140,Christian McCaffrey: 140+ rushing yards,0.0100,0.0600,0.0000,0.00,0.00,active,2026-10-06T20:25:00Z,2026-10-02T09:37:33+00:00
KXNFLRSHYDS-26OCT04DENSF,KXNFLRSHYDS,KXNFLRSHYDS-26OCT04DENSF-SFKBLACK26-70,Kaelon Black: 70+ rushing yards,0.0500,0.0700,0.0700,89.73,89.73,active,2026-10-06T20:25:00Z,2026-10-02T09:37:33+00:00
KXNFLRSHYDS-26OCT04DENSF,KXNFLRSHYDS,KXNFLRSHYDS-26OCT04DENSF-DENJDOBBINS27-140,J.K. Dobbins: 140+ rushing yards,0.0100,0.0500,0.0000,0.00,0.00,active,2026-10-06T20:25:00Z,2026-10-02T09:37:33+00:00
KXNFLRSHYDS-26OCT04DENSF,KXNFLRSHYDS,KXNFLRSHYDS-26OCT04DENSF-SFKBLACK26-50,Kaelon Black: 50+ rushing yards,0.1300,0.1400,0.0000,0.00,0.00,active,2026-10-06T20:25:00Z,2026-10-02T09:37:33+00:00
KXNFLRSHYDS-26OCT04DENSF,KXNFLRSHYDS,KXNFLRSHYDS-26OCT04DENSF-SFCMCCAFFREY23-80,Christian McCaffrey: 80+ rushing yards,0.3200,0.3500,0.3600,82.47,82.47,active,2026-10-06T20:25:00Z,2026-10-02T09:37:33+00:00
KXNFLRSHYDS-26OCT04DENSF,KXNFLRSHYDS,KXNFLRSHYDS-26OCT04DENSF-DENBNIX10-60,Bo Nix: 60+ rushing yards,0.0100,0.0500,0.0000,0.00,0.00,active,2026-10-06T20:25:00Z,2026-10-02T09:37:33+00:00
KXNFLRSHYDS-26OCT04DENSF,KXNFLRSHYDS,KXNFLRSHYDS-26OCT04DENSF-SFCMCCAFFREY23-60,Christian McCaffrey: 60+ rushing yards,0.5500,0.6000,0.5900,117.68,115.68,active,2026-10-06T20:25:00Z,2026-10-02T09:37:33+00:00
KXNFLRSHYDS-26OCT04DENSF,KXNFLRSHYDS,KXNFLRSHYDS-26OCT04DENSF-SFBPURDY13-40,Brock Purdy: 40+ rushing yards,0.1000,0.1300,0.1300,2000.00,2000.00,active,2026-10-06T20:25:00Z,2026-10-02T09:37:33+00:00
KXNFLRSHYDS-26OCT04DENSF,KXNFLRSHYDS,KXNFLRSHYDS-26OCT04DENSF-SFCMCCAFFREY23-130,Christian McCaffrey: 130+ rushing yards,0.0200,0.0800,0.0000,0.00,0.00,active,2026-10-06T20:25:00Z,2026-10-02T09:37:33+00:00
KXNFLRSHYDS-26OCT04DENSF,KXNFLRSHYDS,KXNFLRSHYDS-26OCT04DENSF-DENBNIX10-40,Bo Nix: 40+ rushing yards,0.1200,0.1300,0.0800,4.00,4.00,active,2026-10-06T20:25:00Z,2026-10-02T09:37:33+00:00
KXNFLRSHYDS-26OCT04DENSF,KXNFLRSHYDS,KXNFLRSHYDS-26OCT04DENSF-DENBNIX10-50,Bo Nix: 50+ rushing yards,0.0300,0.0800,0.0000,0.00,0.00,active,2026-10-06T20:25:00Z,2026-10-02T09:37:33+00:00
KXNFLRSHYDS-26OCT04DENSF,KXNFLRSHYDS,KXNFLRSHYDS-26OCT04DENSF-DENJDOBBINS27-70,J.K. Dobbins: 70+ rushing yards,0.3600,0.4000,0.4100,60.89,60.89,active,2026-10-06T20:25:00Z,2026-10-02T09:37:33+00:00
KXNFLRSHYDS-26OCT04DENSF,KXNFLRSHYDS,KXNFLRSHYDS-26OCT04DENSF-SFCMCCAFFREY23-110,Christian McCaffrey: 110+ rushing yards,0.0200,0.1500,0.0000,0.00,0.00,active,2026-10-06T20:25:00Z,2026-10-02T09:37:33+00:00
KXNFLRSHYDS-26OCT04DENSF,KXNFLRSHYDS,KXNFLRSHYDS-26OCT04DENSF-SFBPURDY13-30,Brock Purdy: 30+ rushing yards,0.2100,0.2400,0.2400,2206.27,2206.27,active,2026-10-06T20:25:00Z,2026-10-02T09:37:33+00:00
KXNFLRSHYDS-26OCT04DENSF,KXNFLRSHYDS,KXNFLRSHYDS-26OCT04DENSF-DENJDOBBINS27-130,J.K. Dobbins: 130+ rushing yards,0.0100,0.0700,0.0000,0.00,0.00,active,2026-10-06T20:25:00Z,2026-10-02T09:37:33+00:00
KXNFLRSHYDS-26OCT04DENSF,KXNFLRSHYDS,KXNFLRSHYDS-26OCT04DENSF-DENJDOBBINS27-80,J.K. Dobbins: 80+ rushing yards,0.2800,0.3000,0.2800,0.40,0.40,active,2026-10-06T20:25:00Z,2026-10-02T09:37:33+00:00
KXNFLRSHYDS-26OCT04DENSF,KXNFLRSHYDS,KXNFLRSHYDS-26OCT04DENSF-SFCMCCAFFREY23-90,Christian McCaffrey: 90+ rushing yards,0.2300,0.2700,0.0000,0.00,0.00,active,2026-10-06T20:25:00Z,2026-10-02T09:37:33+00:00
KXNFLRSHYDS-26OCT04DENSF,KXNFLRSHYDS,KXNFLRSHYDS-26OCT04DENSF-SFCMCCAFFREY23-120,Christian McCaffrey: 120+ rushing yards,0.0200,0.1200,0.0600,3.00,3.00,active,2026-10-06T20:25:00Z,2026-10-02T09:37:33+00:00
KXNFLRSHYDS-26OCT04DENSF,KXNFLRSHYDS,KXNFLRSHYDS-26OCT04DENSF-DENBNIX10-20,Bo Nix: 20+ rushing yards,0.4400,0.4500,0.4200,594.82,594.82,active,2026-10-06T20:25:00Z,2026-10-02T09:37:33+00:00
KXNFLRSHYDS-26OCT04DENSF,KXNFLRSHYDS,KXNFLRSHYDS-26OCT04DENSF-SFBPURDY13-50,Brock Purdy: 50+ rushing yards,0.0500,0.0800,0.0800,3700.00,3700.00,active,2026-10-06T20:25:00Z,2026-10-02T09:37:33+00:00
KXNFLRSHYDS-26OCT04DENSF,KXNFLRSHYDS,KXNFLRSHYDS-26OCT04DENSF-DENJDOBBINS27-120,J.K. Dobbins: 120+ rushing yards,0.0300,0.0900,0.0000,0.00,0.00,active,2026-10-06T20:25:00Z,2026-10-02T09:37:33+00:00
KXNFLRSHYDS-26OCT04DENSF,KXNFLRSHYDS,KXNFLRSHYDS-26OCT04DENSF-DENJDOBBINS27-100,J.K. Dobbins: 100+ rushing yards,0.0900,0.1600,0.1300,2.04,2.04,active,2026-10-06T20:25:00Z,2026-10-02T09:37:33+00:00
KXNFLRSHYDS-26OCT04DENSF,KXNFLRSHYDS,KXNFLRSHYDS-26OCT04DENSF-SFCMCCAFFREY23-50,Christian McCaffrey: 50+ rushing yards,0.6500,0.7100,0.7000,22.37,22.37,active,2026-10-06T20:25:00Z,2026-10-02T09:37:33+00:00
KXNFLRSHYDS-26OCT04DENSF,KXNFLRSHYDS,KXNFLRSHYDS-26OCT04DENSF-DENBNIX10-30,Bo Nix: 30+ rushing yards,0.2500,0.2600,0.2600,106.38,106.38,active,2026-10-06T20:25:00Z,2026-10-02T09:37:33+00:00
KXNFLRSHYDS-26OCT04DENSF,KXNFLRSHYDS,KXNFLRSHYDS-26OCT04DENSF-SFCMCCAFFREY23-70,Christian McCaffrey: 70+ rushing yards,0.4400,0.4700,0.4400,481.65,476.46,active,2026-10-06T20:25:00Z,2026-10-02T09:37:33+00:00
KXNFLRSHYDS-26OCT04DENSF,KXNFLRSHYDS,KXNFLRSHYDS-26OCT04DENSF-SFBPURDY13-20,Brock Purdy: 20+ rushing yards,0.4000,0.4400,0.4400,434.66,434.66,active,2026-10-06T20:25:00Z,2026-10-02T09:37:33+00:00
KXNFLRSHYDS-26OCT04DENSF,KXNFLRSHYDS,KXNFLRSHYDS-26OCT04DENSF-SFKBLACK26-10,Kaelon Black: 10+ rushing yards,0.7700,0.8400,0.8000,350.00,350.00,active,2026-10-06T20:25:00Z,2026-10-02T09:37:33+00:00
KXNFLRSHYDS-26OCT04DENSF,KXNFLRSHYDS,KXNFLRSHYDS-26OCT04DENSF-SFKBLACK26-15,Kaelon Black: 15+ rushing yards,0.6600,0.7200,0.0000,0.00,0.00,active,2026-10-06T20:25:00Z,2026-10-02T09:37:33+00:00
KXNFLRSHYDS-26OCT04DENSF,KXNFLRSHYDS,KXNFLRSHYDS-26OCT04DENSF-SFKBLACK26-20,Kaelon Black: 20+ rushing yards,0.5500,0.5900,0.0000,0.00,0.00,active,2026-10-06T20:25:00Z,2026-10-02T09:37:33+00:00
KXNFLRSHYDS-26OCT04DENSF,KXNFLRSHYDS,KXNFLRSHYDS-26OCT04DENSF-SFBPURDY13-15,Brock Purdy: 15+ rushing yards,0.5500,0.5800,0.5800,1947.18,1907.18,active,2026-10-06T20:25:00Z,2026-10-02T09:37:33+00:00
KXNFLRSHYDS-26OCT04DENSF,KXNFLRSHYDS,KXNFLRSHYDS-26OCT04DENSF-SFKBLACK26-25,Kaelon Black: 25+ rushing yards,0.4600,0.4700,0.4700,691.72,691.72,active,2026-10-06T20:25:00Z,2026-10-02T09:37:33+00:00
KXNFLRSHYDS-26OCT04DENSF,KXNFLRSHYDS,KXNFLRSHYDS-26OCT04DENSF-SFKBLACK26-30,Kaelon Black: 30+ rushing yards,0.3600,0.4000,0.3800,31.00,31.00,active,2026-10-06T20:25:00Z,2026-10-02T09:37:33+00:00
KXNFLRSHYDS-26OCT04DENSF,KXNFLRSHYDS,KXNFLRSHYDS-26OCT04DENSF-SFBPURDY13-25,Brock Purdy: 25+ rushing yards,0.2900,0.3300,0.3300,180.58,180.58,active,2026-10-06T20:25:00Z,2026-10-02T09:37:33+00:00
KXNFLRSHYDS-26OCT04DENSF,KXNFLRSHYDS,KXNFLRSHYDS-26OCT04DENSF-SFKBLACK26-60,Kaelon Black: 60+ rushing yards,0.0200,0.1100,0.0000,0.00,0.00,active,2026-10-06T20:25:00Z,2026-10-02T09:37:33+00:00
KXNFLRSHYDS-26OCT04DENSF,KXNFLRSHYDS,KXNFLRSHYDS-26OCT04DENSF-SFKBLACK26-40,Kaelon Black: 40+ rushing yards,0.2300,0.2500,0.2400,7.91,7.91,active,2026-10-06T20:25:00Z,2026-10-02T09:37:33+00:00
KXNFLRSHYDS-26OCT04DENSF,KXNFLRSHYDS,KXNFLRSHYDS-26OCT04DENSF-DENJDOBBINS27-50,J.K. Dobbins: 50+ rushing yards,0.5800,0.6400,0.4800,22.63,22.63,active,2026-10-06T20:25:00Z,2026-10-02T09:37:33+00:00
KXNFLRSHYDS-26OCT04DENSF,KXNFLRSHYDS,KXNFLRSHYDS-26OCT04DENSF-DENRHARVEY12-30,RJ Harvey: 30+ rushing yards,0.1800,0.2400,0.0000,0.00,0.00,active,2026-10-06T20:25:00Z,2026-10-02T09:37:33+00:00
KXNFLRSHYDS-26OCT04DENSF,KXNFLRSHYDS,KXNFLRSHYDS-26OCT04DENSF-DENRHARVEY12-50,RJ Harvey: 50+ rushing yards,0.0300,0.0900,0.0000,0.00,0.00,active,2026-10-06T20:25:00Z,2026-10-02T09:37:33+00:00
KXNFLRSHYDS-26OCT04DENSF,KXNFLRSHYDS,KXNFLRSHYDS-26OCT04DENSF-DENRHARVEY12-60,RJ Harvey: 60+ rushing yards,0.0100,0.0600,0.0000,0.00,0.00,active,2026-10-06T20:25:00Z,2026-10-02T09:37:33+00:00
KXNFLRSHYDS-26OCT04DENSF,KXNFLRSHYDS,KXNFLRSHYDS-26OCT04DENSF-SFBPURDY13-10,Brock Purdy: 10+ rushing yards,0.6600,0.7300,0.0000,0.00,0.00,active,2026-10-06T20:25:00Z,2026-10-02T09:37:33+00:00
KXNFLRSHYDS-26OCT04DENSF,KXNFLRSHYDS,KXNFLRSHYDS-26OCT04DENSF-SFCMCCAFFREY23-100,Christian McCaffrey: 100+ rushing yards,0.0500,0.2000,0.1900,498.07,498.07,active,2026-10-06T20:25:00Z,2026-10-02T09:37:33+00:00
KXNFLRSHYDS-26OCT04DENSF,KXNFLRSHYDS,KXNFLRSHYDS-26OCT04DENSF-DENJDOBBINS27-90,J.K. Dobbins: 90+ rushing yards,0.1500,0.2200,0.1800,3.00,3.00,active,2026-10-06T20:25:00Z,2026-10-02T09:37:33+00:00
KXNFLRSHYDS-26OCT04DENSF,KXNFLRSHYDS,KXNFLRSHYDS-26OCT04DENSF-DENBNIX10-25,Bo Nix: 25+ rushing yards,0.3100,0.3400,0.3600,26.28,26.28,active,2026-10-06T20:25:00Z,2026-10-02T09:37:33+00:00
KXNFLRSHYDS-26OCT04DENSF,KXNFLRSHYDS,KXNFLRSHYDS-26OCT04DENSF-DENBNIX10-10,Bo Nix: 10+ rushing yards,0.6900,0.7400,0.7400,0.66,0.66,active,2026-10-06T20:25:00Z,2026-10-02T09:37:33+00:00
KXNFLRSHYDS-26OCT04DENSF,KXNFLRSHYDS,KXNFLRSHYDS-26OCT04DENSF-SFCMCCAFFREY23-40,Christian McCaffrey: 40+ rushing yards,0.6700,0.8200,0.8100,13.11,13.11,active,2026-10-06T20:25:00Z,2026-10-02T09:37:33+00:00
KXNFLRSHYDS-26OCT04DENSF,KXNFLRSHYDS,KXNFLRSHYDS-26OCT04DENSF-DENRHARVEY12-40,RJ Harvey: 40+ rushing yards,0.0400,0.1300,0.0000,0.00,0.00,active,2026-10-06T20:25:00Z,2026-10-02T09:37:33+00:00
KXNFLRSHYDS-26OCT04DENSF,KXNFLRSHYDS,KXNFLRSHYDS-26OCT04DENSF-DENJDOBBINS27-40,J.K. Dobbins: 40+ rushing yards,0.7000,0.7600,0.0000,0.00,0.00,active,2026-10-06T20:25:00Z,2026-10-02T09:37:33+00:00
KXNFLRSHYDS-26OCT04DENSF,KXNFLRSHYDS,KXNFLRSHYDS-26OCT04DENSF-DENRHARVEY12-15,RJ Harvey: 15+ rushing yards,0.4700,0.5600,0.0000,0.00,0.00,active,2026-10-06T20:25:00Z,2026-10-02T09:37:33+00:00
KXNFLRSHYDS-26OCT04DENSF,KXNFLRSHYDS,KXNFLRSHYDS-26OCT04DENSF-DENRHARVEY12-20,RJ Harvey: 20+ rushing yards,0.3300,0.4100,0.4200,4.00,4.00,active,2026-10-06T20:25:00Z,2026-10-02T09:37:33+00:00
KXNFLRSHYDS-26OCT04DENSF,KXNFLRSHYDS,KXNFLRSHYDS-26OCT04DENSF-DENRHARVEY12-25,RJ Harvey: 25+ rushing yards,0.2300,0.3200,0.0000,0.00,0.00,active,2026-10-06T20:25:00Z,2026-10-02T09:37:33+00:00
KXNFLRSHYDS-26OCT04DENSF,KXNFLRSHYDS,KXNFLRSHYDS-26OCT04DENSF-DENJDOBBINS27-60,J.K. Dobbins: 60+ rushing yards,0.4700,0.5000,0.4700,144.02,125.07,active,2026-10-06T20:25:00Z,2026-10-02T09:37:33+00:00
KXNFLRSHYDS-26OCT04DENSF,KXNFLRSHYDS,KXNFLRSHYDS-26OCT04DENSF-DENRHARVEY12-10,RJ Harvey: 10+ rushing yards,0.5800,0.6900,0.0000,0.00,0.00,active,2026-10-06T20:25:00Z,2026-10-02T09:37:33+00:00
KXNFLRSHYDS-26OCT04DETCAR,KXNFLRSHYDS,KXNFLRSHYDS-26OCT04DETCAR-DETJGIBBS0-190,Jahmyr Gibbs: 190+ rushing yards,0.0500,0.0600,0.0600,448.56,448.56,active,2026-10-07T00:20:00Z,2026-10-02T09:37:33+00:00
KXNFLRSHYDS-26OCT04DETCAR,KXNFLRSHYDS,KXNFLRSHYDS-26OCT04DETCAR-CARBYOUNG9-50,Bryce Young: 50+ rushing yards,0.0100,0.0500,0.0000,0.00,0.00,active,2026-10-07T00:20:00Z,2026-10-02T09:37:33+00:00
KXNFLRSHYDS-26OCT04DETCAR,KXNFLRSHYDS,KXNFLRSHYDS-26OCT04DETCAR-CARCHUBBARD30-60,Chuba Hubbard: 60+ rushing yards,0.5700,0.6000,0.0000,0.00,0.00,active,2026-10-07T00:20:00Z,2026-10-02T09:37:33+00:00
KXNFLRSHYDS-26OCT04DETCAR,KXNFLRSHYDS,KXNFLRSHYDS-26OCT04DETCAR-DETJGIBBS0-180,Jahmyr Gibbs: 180+ rushing yards,0.0100,0.0800,0.0000,0.00,0.00,active,2026-10-07T00:20:00Z,2026-10-02T09:37:33+00:00
KXNFLRSHYDS-26OCT04DETCAR,KXNFLRSHYDS,KXNFLRSHYDS-26OCT04DETCAR-CARBYOUNG9-25,Bryce Young: 25+ rushing yards,0.2100,0.2300,0.0000,0.00,0.00,active,2026-10-07T00:20:00Z,2026-10-02T09:37:33+00:00
KXNFLRSHYDS-26OCT04DETCAR,KXNFLRSHYDS,KXNFLRSHYDS-26OCT04DETCAR-CARADILLON28-10,AJ Dillon: 10+ rushing yards,0.5900,0.6500,0.0000,0.00,0.00,active,2026-10-07T00:20:00Z,2026-10-02T09:37:33+00:00
KXNFLRSHYDS-26OCT04DETCAR,KXNFLRSHYDS,KXNFLRSHYDS-26OCT04DETCAR-CARADILLON28-50,AJ Dillon: 50+ rushing yards,0.0100,0.0700,0.0000,0.00,0.00,active,2026-10-07T00:20:00Z,2026-10-02T09:37:33+00:00
KXNFLRSHYDS-26OCT04DETCAR,KXNFLRSHYDS,KXNFLRSHYDS-26OCT04DETCAR-DETJGOFF16-10,Jared Goff: 10+ rushing yards,0.2000,0.2400,0.2100,237.72,219.02,active,2026-10-07T00:20:00Z,2026-10-02T09:37:33+00:00
KXNFLRSHYDS-26OCT04DETCAR,KXNFLRSHYDS,KXNFLRSHYDS-26OCT04DETCAR-DETJGOFF16-25,Jared Goff: 25+ rushing yards,0.0500,0.0600,0.0000,0.00,0.00,active,2026-10-07T00:20:00Z,2026-10-02T09:37:33+00:00
KXNFLRSHYDS-26OCT04DETCAR,KXNFLRSHYDS,KXNFLRSHYDS-26OCT04DETCAR-DETSVAKI33-40,Sione Vaki: 40+ rushing yards,0.0300,0.0800,0.0800,25.00,25.00,active,2026-10-07T00:20:00Z,2026-10-02T09:37:33+00:00
KXNFLRSHYDS-26OCT04DETCAR,KXNFLRSHYDS,KXNFLRSHYDS-26OCT04DETCAR-CARBYOUNG9-20,Bryce Young: 20+ rushing yards,0.3100,0.3300,0.0000,0.00,0.00,active,2026-10-07T00:20:00Z,2026-10-02T09:37:33+00:00
KXNFLRSHYDS-26OCT04DETCAR,KXNFLRSHYDS,KXNFLRSHYDS-26OCT04DETCAR-CARCHUBBARD30-130,Chuba Hubbard: 130+ rushing yards,0.0100,0.0800,0.0000,0.00,0.00,active,2026-10-07T00:20:00Z,2026-10-02T09:37:33+00:00
KXNFLRSHYDS-26OCT04DETCAR,KXNFLRSHYDS,KXNFLRSHYDS-26OCT04DETCAR-CARCHUBBARD30-80,Chuba Hubbard: 80+ rushing yards,0.3400,0.3700,0.3300,0.36,0.36,active,2026-10-07T00:20:00Z,2026-10-02T09:37:33+00:00
KXNFLRSHYDS-26OCT04DETCAR,KXNFLRSHYDS,KXNFLRSHYDS-26OCT04DETCAR-CARCHUBBARD30-120,Chuba Hubbard: 120+ rushing yards,0.0200,0.1000,0.0000,0.00,0.00,active,2026-10-07T00:20:00Z,2026-10-02T09:37:33+00:00
KXNFLRSHYDS-26OCT04DETCAR,KXNFLRSHYDS,KXNFLRSHYDS-26OCT04DETCAR-CARBYOUNG9-40,Bryce Young: 40+ rushing yards,0.0200,0.1000,0.0000,0.00,0.00,active,2026-10-07T00:20:00Z,2026-10-02T09:37:33+00:00
KXNFLRSHYDS-26OCT04DETCAR,KXNFLRSHYDS,KXNFLRSHYDS-26OCT04DETCAR-CARCHUBBARD30-140,Chuba Hubbard: 140+ rushing yards,0.0100,0.0600,0.0600,31.27,31.27,active,2026-10-07T00:20:00Z,2026-10-02T09:37:33+00:00
KXNFLRSHYDS-26OCT04DETCAR,KXNFLRSHYDS,KXNFLRSHYDS-26OCT04DETCAR-CARCHUBBARD30-100,Chuba Hubbard: 100+ rushing yards,0.0800,0.2100,0.0000,0.00,0.00,active,2026-10-07T00:20:00Z,2026-10-02T09:37:33+00:00
KXNFLRSHYDS-26OCT04DETCAR,KXNFLRSHYDS,KXNFLRSHYDS-26OCT04DETCAR-CARBYOUNG9-15,Bryce Young: 15+ rushing yards,0.4100,0.4500,0.0000,0.00,0.00,active,2026-10-07T00:20:00Z,2026-10-02T09:37:33+00:00
KXNFLRSHYDS-26OCT04DETCAR,KXNFLRSHYDS,KXNFLRSHYDS-26OCT04DETCAR-CARCHUBBARD30-40,Chuba Hubbard: 40+ rushing yards,0.6700,0.8300,0.0000,0.00,0.00,active,2026-10-07T00:20:00Z,2026-10-02T09:37:33+00:00
KXNFLRSHYDS-26OCT04DETCAR,KXNFLRSHYDS,KXNFLRSHYDS-26OCT04DETCAR-CARCHUBBARD30-50,Chuba Hubbard: 50+ rushing yards,0.6600,0.7200,0.0000,0.00,0.00,active,2026-10-07T00:20:00Z,2026-10-02T09:37:33+00:00
KXNFLRSHYDS-26OCT04DETCAR,KXNFLRSHYDS,KXNFLRSHYDS-26OCT04DETCAR-CARCHUBBARD30-70,Chuba Hubbard: 70+ rushing yards,0.4400,0.4800,0.4800,12.06,12.06,active,2026-10-07T00:20:00Z,2026-10-02T09:37:33+00:00
KXNFLRSHYDS-26OCT04DETCAR,KXNFLRSHYDS,KXNFLRSHYDS-26OCT04DETCAR-CARBYOUNG9-10,Bryce Young: 10+ rushing yards,0.5500,0.6000,0.5700,69.32,69.32,active,2026-10-07T00:20:00Z,2026-10-02T09:37:33+00:00
KXNFLRSHYDS-26OCT04DETCAR,KXNFLRSHYDS,KXNFLRSHYDS-26OCT04DETCAR-CARCHUBBARD30-110,Chuba Hubbard: 110+ rushing yards,0.0600,0.1500,0.0000,0.00,0.00,active,2026-10-07T00:20:00Z,2026-10-02T09:37:33+00:00
KXNFLRSHYDS-26OCT04DETCAR,KXNFLRSHYDS,KXNFLRSHYDS-26OCT04DETCAR-DETJGIBBS0-90,Jahmyr Gibbs: 90+ rushing yards,0.5200,0.5600,0.5700,204.23,204.23,active,2026-10-07T00:20:00Z,2026-10-02T09:37:33+00:00
KXNFLRSHYDS-26OCT04DETCAR,KXNFLRSHYDS,KXNFLRSHYDS-26OCT04DETCAR-DETJGIBBS0-150,Jahmyr Gibbs: 150+ rushing yards,0.0500,0.1400,0.1400,150.29,150.29,active,2026-10-07T00:20:00Z,2026-10-02T09:37:33+00:00
KXNFLRSHYDS-26OCT04DETCAR,KXNFLRSHYDS,KXNFLRSHYDS-26OCT04DETCAR-DETJGIBBS0-120,Jahmyr Gibbs: 120+ rushing yards,0.2200,0.3200,0.0000,0.00,0.00,active,2026-10-07T00:20:00Z,2026-10-02T09:37:33+00:00
KXNFLRSHYDS-26OCT04DETCAR,KXNFLRSHYDS,KXNFLRSHYDS-26OCT04DETCAR-DETJGIBBS0-70,Jahmyr Gibbs: 70+ rushing yards,0.6900,0.7600,0.7600,33.93,33.93,active,2026-10-07T00:20:00Z,2026-10-02T09:37:33+00:00
KXNFLRSHYDS-26OCT04DETCAR,KXNFLRSHYDS,KXNFLRSHYDS-26OCT04DETCAR-CARADILLON28-15,AJ Dillon: 15+ rushing yards,0.4400,0.4800,0.0000,0.00,0.00,active,2026-10-07T00:20:00Z,2026-10-02T09:37:33+00:00
KXNFLRSHYDS-26OCT04DETCAR,KXNFLRSHYDS,KXNFLRSHYDS-26OCT04DETCAR-CARADILLON28-20,AJ Dillon: 20+ rushing yards,0.3200,0.3500,0.0000,0.00,0.00,active,2026-10-07T00:20:00Z,2026-10-02T09:37:33+00:00
KXNFLRSHYDS-26OCT04DETCAR,KXNFLRSHYDS,KXNFLRSHYDS-26OCT04DETCAR-CARADILLON28-25,AJ Dillon: 25+ rushing yards,0.2200,0.2600,0.0000,0.00,0.00,active,2026-10-07T00:20:00Z,2026-10-02T09:37:33+00:00
KXNFLRSHYDS-26OCT04DETCAR,KXNFLRSHYDS,KXNFLRSHYDS-26OCT04DETCAR-CARADILLON28-30,AJ Dillon: 30+ rushing yards,0.1600,0.1900,0.0000,0.00,0.00,active,2026-10-07T00:20:00Z,2026-10-02T09:37:33+00:00
KXNFLRSHYDS-26OCT04DETCAR,KXNFLRSHYDS,KXNFLRSHYDS-26OCT04DETCAR-CARADILLON28-40,AJ Dillon: 40+ rushing yards,0.0200,0.1000,0.0000,0.00,0.00,active,2026-10-07T00:20:00Z,2026-10-02T09:37:33+00:00
KXNFLRSHYDS-26OCT04DETCAR,KXNFLRSHYDS,KXNFLRSHYDS-26OCT04DETCAR-DETJGOFF16-15,Jared Goff: 15+ rushing yards,0.1100,0.1400,0.0000,0.00,0.00,active,2026-10-07T00:20:00Z,2026-10-02T09:37:33+00:00
KXNFLRSHYDS-26OCT04DETCAR,KXNFLRSHYDS,KXNFLRSHYDS-26OCT04DETCAR-DETJGOFF16-20,Jared Goff: 20+ rushing yards,0.0600,0.1000,0.0000,0.00,0.00,active,2026-10-07T00:20:00Z,2026-10-02T09:37:33+00:00
KXNFLRSHYDS-26OCT04DETCAR,KXNFLRSHYDS,KXNFLRSHYDS-26OCT04DETCAR-DETSVAKI33-10,Sione Vaki: 10+ rushing yards,0.5100,0.5400,0.5800,2230.49,2230.49,active,2026-10-07T00:20:00Z,2026-10-02T09:37:33+00:00
KXNFLRSHYDS-26OCT04DETCAR,KXNFLRSHYDS,KXNFLRSHYDS-26OCT04DETCAR-DETSVAKI33-20,Sione Vaki: 20+ rushing yards,0.1500,0.2800,0.2600,18.00,18.00,active,2026-10-07T00:20:00Z,2026-10-02T09:37:33+00:00
KXNFLRSHYDS-26OCT04DETCAR,KXNFLRSHYDS,KXNFLRSHYDS-26OCT04DETCAR-DETSVAKI33-30,Sione Vaki: 30+ rushing yards,0.0600,0.1400,0.1500,50.00,50.00,active,2026-10-07T00:20:00Z,2026-10-02T09:37:33+00:00
KXNFLRSHYDS-26OCT04DETCAR,KXNFLRSHYDS,KXNFLRSHYDS-26OCT04DETCAR-CARBYOUNG9-30,Bryce Young: 30+ rushing yards,0.1500,0.1600,0.0000,0.00,0.00,active,2026-10-07T00:20:00Z,2026-10-02T09:37:33+00:00
KXNFLRSHYDS-26OCT04DETCAR,KXNFLRSHYDS,KXNFLRSHYDS-26OCT04DETCAR-CARCHUBBARD30-90,Chuba Hubbard: 90+ rushing yards,0.2600,0.2900,0.2800,20.20,20.20,active,2026-10-07T00:20:00Z,2026-10-02T09:37:33+00:00
KXNFLRSHYDS-26OCT04DETCAR,KXNFLRSHYDS,KXNFLRSHYDS-26OCT04DETCAR-DETJGIBBS0-60,Jahmyr Gibbs: 60+ rushing yards,0.7600,0.8400,0.8400,0.40,0.40,active,2026-10-07T00:20:00Z,2026-10-02T09:37:33+00:00
KXNFLRSHYDS-26OCT04DETCAR,KXNFLRSHYDS,KXNFLRSHYDS-26OCT04DETCAR-DETSVAKI33-25,Sione Vaki: 25+ rushing yards,0.1600,0.2100,0.0000,0.00,0.00,active,2026-10-07T00:20:00Z,2026-10-02T09:37:33+00:00
KXNFLRSHYDS-26OCT04DETCAR,KXNFLRSHYDS,KXNFLRSHYDS-26OCT04DETCAR-DETSVAKI33-50,Sione Vaki: 50+ rushing yards,0.0200,0.0600,0.0000,0.00,0.00,active,2026-10-07T00:20:00Z,2026-10-02T09:37:33+00:00
KXNFLRSHYDS-26OCT04DETCAR,KXNFLRSHYDS,KXNFLRSHYDS-26OCT04DETCAR-DETJGIBBS0-160,Jahmyr Gibbs: 160+ rushing yards,0.0300,0.1200,0.0000,0.00,0.00,active,2026-10-07T00:20:00Z,2026-10-02T09:37:33+00:00
KXNFLRSHYDS-26OCT04DETCAR,KXNFLRSHYDS,KXNFLRSHYDS-26OCT04DETCAR-DETSVAKI33-15,Sione Vaki: 15+ rushing yards,0.2800,0.3800,0.3100,2.35,2.35,active,2026-10-07T00:20:00Z,2026-10-02T09:37:33+00:00
KXNFLRSHYDS-26OCT04DETCAR,KXNFLRSHYDS,KXNFLRSHYDS-26OCT04DETCAR-DETJGIBBS0-170,Jahmyr Gibbs: 170+ rushing yards,0.0300,0.1000,0.0000,0.00,0.00,active,2026-10-07T00:20:00Z,2026-10-02T09:37:33+00:00
KXNFLRSHYDS-26OCT04DETCAR,KXNFLRSHYDS,KXNFLRSHYDS-26OCT04DETCAR-DETJGIBBS0-140,Jahmyr Gibbs: 140+ rushing yards,0.1200,0.2100,0.0000,0.00,0.00,active,2026-10-07T00:20:00Z,2026-10-02T09:37:33+00:00
KXNFLRSHYDS-26OCT04DETCAR,KXNFLRSHYDS,KXNFLRSHYDS-26OCT04DETCAR-DETJGIBBS0-80,Jahmyr Gibbs: 80+ rushing yards,0.5900,0.6700,0.6700,358.97,358.97,active,2026-10-07T00:20:00Z,2026-10-02T09:37:33+00:00
KXNFLRSHYDS-26OCT04DETCAR,KXNFLRSHYDS,KXNFLRSHYDS-26OCT04DETCAR-DETJGIBBS0-130,Jahmyr Gibbs: 130+ rushing yards,0.1500,0.2500,0.2700,363.28,363.28,active,2026-10-07T00:20:00Z,2026-10-02T09:37:33+00:00
KXNFLRSHYDS-26OCT04DETCAR,KXNFLRSHYDS,KXNFLRSHYDS-26OCT04DETCAR-DETJGIBBS0-110,Jahmyr Gibbs: 110+ rushing yards,0.3100,0.3800,0.3900,573.30,573.30,active,2026-10-07T00:20:00Z,2026-10-02T09:37:33+00:00
KXNFLRSHYDS-26OCT04DETCAR,KXNFLRSHYDS,KXNFLRSHYDS-26OCT04DETCAR-DETJGIBBS0-100,Jahmyr Gibbs: 100+ rushing yards,0.4600,0.4800,0.4800,2561.17,2513.07,active,2026-10-07T00:20:00Z,2026-10-02T09:37:33+00:00
KXNFLRSHYDS-26OCT04GBTB,KXNFLRSHYDS,KXNFLRSHYDS-26OCT04GBTB-GBKJOHNSON26-80,Kaleb Johnson: 80+ rushing yards,0.0500,0.0700,0.0000,0.00,0.00,active,2026-10-06T17:00:00Z,2026-10-02T09:37:33+00:00
KXNFLRSHYDS-26OCT04GBTB,KXNFLRSHYDS,KXNFLRSHYDS-26OCT04GBTB-TBKGAINWELL1-70,Kenny Gainwell: 70+ rushing yards,0.0100,0.0500,0.0600,31.27,31.27,active,2026-10-06T17:00:00Z,2026-10-02T09:37:33+00:00
KXNFLRSHYDS-26OCT04GBTB,KXNFLRSHYDS,KXNFLRSHYDS-26OCT04GBTB-GBMLLOYD32-25,MarShawn Lloyd: 25+ rushing yards,0.4300,0.4400,0.4300,1041.29,1041.29,active,2026-10-06T17:00:00Z,2026-10-02T09:37:33+00:00
KXNFLRSHYDS-26OCT04GBTB,KXNFLRSHYDS,KXNFLRSHYDS-26OCT04GBTB-GBMLLOYD32-20,MarShawn Lloyd: 20+ rushing yards,0.5500,0.5700,0.0000,0.00,0.00,active,2026-10-06T17:00:00Z,2026-10-02T09:37:33+00:00
KXNFLRSHYDS-26OCT04GBTB,KXNFLRSHYDS,KXNFLRSHYDS-26OCT04GBTB-TBKGAINWELL1-30,Kenny Gainwell: 30+ rushing yards,0.0900,0.2300,0.0000,0.00,0.00,active,2026-10-06T17:00:00Z,2026-10-02T09:37:33+00:00
KXNFLRSHYDS-26OCT04GBTB,KXNFLRSHYDS,KXNFLRSHYDS-26OCT04GBTB-TBKGAINWELL1-15,Kenny Gainwell: 15+ rushing yards,0.4400,0.5200,0.5200,6.69,6.69,active,2026-10-06T17:00:00Z,2026-10-02T09:37:33+00:00
KXNFLRSHYDS-26OCT04GBTB,KXNFLRSHYDS,KXNFLRSHYDS-26OCT04GBTB-TBBIRVING7-110,Bucky Irving: 110+ rushing yards,0.0200,0.0900,0.0900,17.56,17.56,active,2026-10-06T17:00:00Z,2026-10-02T09:37:33+00:00
KXNFLRSHYDS-26OCT04GBTB,KXNFLRSHYDS,KXNFLRSHYDS-26OCT04GBTB-TBBIRVING7-100,Bucky Irving: 100+ rushing yards,0.0600,0.1200,0.1200,36.84,36.84,active,2026-10-06T17:00:00Z,2026-10-02T09:37:33+00:00
KXNFLRSHYDS-26OCT04GBTB,KXNFLRSHYDS,KXNFLRSHYDS-26OCT04GBTB-TBKGAINWELL1-60,Kenny Gainwell: 60+ rushing yards,0.0200,0.0700,0.0000,0.00,0.00,active,2026-10-06T17:00:00Z,2026-10-02T09:37:33+00:00
KXNFLRSHYDS-26OCT04GBTB,KXNFLRSHYDS,KXNFLRSHYDS-26OCT04GBTB-GBMLLOYD32-50,MarShawn Lloyd: 50+ rushing yards,0.0800,0.1500,0.0000,0.00,0.00,active,2026-10-06T17:00:00Z,2026-10-02T09:37:33+00:00
KXNFLRSHYDS-26OCT04GBTB,KXNFLRSHYDS,KXNFLRSHYDS-26OCT04GBTB-GBMLLOYD32-60,MarShawn Lloyd: 60+ rushing yards,0.0500,0.1000,0.0000,0.00,0.00,active,2026-10-06T17:00:00Z,2026-10-02T09:37:33+00:00
KXNFLRSHYDS-26OCT04GBTB,KXNFLRSHYDS,KXNFLRSHYDS-26OCT04GBTB-TBBIRVING7-120,Bucky Irving: 120+ rushing yards,0.0100,0.0600,0.0600,21.63,21.63,active,2026-10-06T17:00:00Z,2026-10-02T09:37:33+00:00
KXNFLRSHYDS-26OCT04GBTB,KXNFLRSHYDS,KXNFLRSHYDS-26OCT04GBTB-GBMLLOYD32-70,MarShawn Lloyd: 70+ rushing yards,0.0100,0.0700,0.0000,0.00,0.00,active,2026-10-06T17:00:00Z,2026-10-02T09:37:33+00:00
KXNFLRSHYDS-26OCT04GBTB,KXNFLRSHYDS,KXNFLRSHYDS-26OCT04GBTB-GBMLLOYD32-10,MarShawn Lloyd: 10+ rushing yards,0.7600,0.8200,0.0000,0.00,0.00,active,2026-10-06T17:00:00Z,2026-10-02T09:37:33+00:00
KXNFLRSHYDS-26OCT04GBTB,KXNFLRSHYDS,KXNFLRSHYDS-26OCT04GBTB-GBKJOHNSON26-40,Kaleb Johnson: 40+ rushing yards,0.3600,0.3700,0.3400,30.47,30.47,active,2026-10-06T17:00:00Z,2026-10-02T09:37:33+00:00
KXNFLRSHYDS-26OCT04GBTB,KXNFLRSHYDS,KXNFLRSHYDS-26OCT04GBTB-TBKGAINWELL1-25,Kenny Gainwell: 25+ rushing yards,0.1700,0.3200,0.0000,0.00,0.00,active,2026-10-06T17:00:00Z,2026-10-02T09:37:33+00:00
KXNFLRSHYDS-26OCT04GBTB,KXNFLRSHYDS,KXNFLRSHYDS-26OCT04GBTB-TBKGAINWELL1-20,Kenny Gainwell: 20+ rushing yards,0.2700,0.4200,0.0000,0.00,0.00,active,2026-10-06T17:00:00Z,2026-10-02T09:37:33+00:00
KXNFLRSHYDS-26OCT04GBTB,KXNFLRSHYDS,KXNFLRSHYDS-26OCT04GBTB-GBJLOVE10-30,Jordan Love: 30+ rushing yards,0.0400,0.0600,0.0000,0.00,0.00,active,2026-10-06T17:00:00Z,2026-10-02T09:37:33+00:00
KXNFLRSHYDS-26OCT04GBTB,KXNFLRSHYDS,KXNFLRSHYDS-26OCT04GBTB-TBKGAINWELL1-10,Kenny Gainwell: 10+ rushing yards,0.5500,0.6900,0.0000,0.00,0.00,active,2026-10-06T17:00:00Z,2026-10-02T09:37:33+00:00
KXNFLRSHYDS-26OCT04GBTB,KXNFLRSHYDS,KXNFLRSHYDS-26OCT04GBTB-GBJLOVE10-25,Jordan Love: 25+ rushing yards,0.0600,0.0900,0.0900,10.44,10.44,active,2026-10-06T17:00:00Z,2026-10-02T09:37:33+00:00
KXNFLRSHYDS-26OCT04GBTB,KXNFLRSHYDS,KXNFLRSHYDS-26OCT04GBTB-GBMLLOYD32-30,MarShawn Lloyd: 30+ rushing yards,0.3500,0.3900,0.0000,0.00,0.00,active,2026-10-06T17:00:00Z,2026-10-02T09:37:33+00:00
KXNFLRSHYDS-26OCT04GBTB,KXNFLRSHYDS,KXNFLRSHYDS-26OCT04GBTB-TBBIRVING7-90,Bucky Irving: 90+ rushing yards,0.1400,0.1800,0.1800,10.25,10.25,active,2026-10-06T17:00:00Z,2026-10-02T09:37:33+00:00
KXNFLRSHYDS-26OCT04GBTB,KXNFLRSHYDS,KXNFLRSHYDS-26OCT04GBTB-TBJDANIELS10-90,Jalon Daniels: 90+ rushing yards,0.0100,0.0600,0.0000,0.00,0.00,active,2026-10-06T17:00:00Z,2026-10-02T09:37:33+00:00
KXNFLRSHYDS-26OCT04GBTB,KXNFLRSHYDS,KXNFLRSHYDS-26OCT04GBTB-GBJLOVE10-20,Jordan Love: 20+ rushing yards,0.1000,0.1300,0.1300,14.50,14.50,active,2026-10-06T17:00:00Z,2026-10-02T09:37:33+00:00
KXNFLRSHYDS-26OCT04GBTB,KXNFLRSHYDS,KXNFLRSHYDS-26OCT04GBTB-GBJLOVE10-10,Jordan Love: 10+ rushing yards,0.3000,0.3300,0.3400,119.67,119.67,active,2026-10-06T17:00:00Z,2026-10-02T09:37:33+00:00
KXNFLRSHYDS-26OCT04GBTB,KXNFLRSHYDS,KXNFLRSHYDS-26OCT04GBTB-TBJDANIELS10-25,Jalon Daniels: 25+ rushing yards,0.5600,0.7100,0.0000,0.00,0.00,active,2026-10-06T17:00:00Z,2026-10-02T09:37:33+00:00
KXNFLRSHYDS-26OCT04GBTB,KXNFLRSHYDS,KXNFLRSHYDS-26OCT04GBTB-GBJLOVE10-15,Jordan Love: 15+ rushing yards,0.1700,0.2000,0.2000,276.27,276.27,active,2026-10-06T17:00:00Z,2026-10-02T09:37:33+00:00
KXNFLRSHYDS-26OCT04GBTB,KXNFLRSHYDS,KXNFLRSHYDS-26OCT04GBTB-TBJDANIELS10-80,Jalon Daniels: 80+ rushing yards,0.0200,0.1000,0.1000,39.00,39.00,active,2026-10-06T17:00:00Z,2026-10-02T09:37:33+00:00
KXNFLRSHYDS-26OCT04GBTB,KXNFLRSHYDS,KXNFLRSHYDS-26OCT04GBTB-TBJDANIELS10-60,Jalon Daniels: 60+ rushing yards,0.1900,0.2100,0.2200,31.00,31.00,active,2026-10-06T17:00:00Z,2026-10-02T09:37:33+00:00
KXNFLRSHYDS-26OCT04GBTB,KXNFLRSHYDS,KXNFLRSHYDS-26OCT04GBTB-GBKJOHNSON26-70,Kaleb Johnson: 70+ rushing yards,0.0500,0.1000,0.0000,0.00,0.00,active,2026-10-06T17:00:00Z,2026-10-02T09:37:33+00:00
KXNFLRSHYDS-26OCT04GBTB,KXNFLRSHYDS,KXNFLRSHYDS-26OCT04GBTB-TBJDANIELS10-70,Jalon Daniels: 70+ rushing yards,0.0200,0.1400,0.1500,43.00,43.00,active,2026-10-06T17:00:00Z,2026-10-02T09:37:33+00:00
KXNFLRSHYDS-26OCT04GBTB,KXNFLRSHYDS,KXNFLRSHYDS-26OCT04GBTB-GBKJOHNSON26-30,Kaleb Johnson: 30+ rushing yards,0.5200,0.5500,0.5200,549.59,463.94,active,2026-10-06T17:00:00Z,2026-10-02T09:37:33+00:00
KXNFLRSHYDS-26OCT04GBTB,KXNFLRSHYDS,KXNFLRSHYDS-26OCT04GBTB-GBKJOHNSON26-60,Kaleb Johnson: 60+ rushing yards,0.0500,0.1500,0.1600,44.50,44.50,active,2026-10-06T17:00:00Z,2026-10-02T09:37:33+00:00
KXNFLRSHYDS-26OCT04GBTB,KXNFLRSHYDS,KXNFLRSHYDS-26OCT04GBTB-GBKJOHNSON26-15,Kaleb Johnson: 15+ rushing yards,0.7500,0.8100,0.0000,0.00,0.00,active,2026-10-06T17:00:00Z,2026-10-02T09:37:33+00:00
KXNFLRSHYDS-26OCT04GBTB,KXNFLRSHYDS,KXNFLRSHYDS-26OCT04GBTB-GBKJOHNSON26-50,Kaleb Johnson: 50+ rushing yards,0.2400,0.2500,0.2400,32.58,32.58,active,2026-10-06T17:00:00Z,2026-10-02T09:37:33+00:00
KXNFLRSHYDS-26OCT04GBTB,KXNFLRSHYDS,KXNFLRSHYDS-26OCT04GBTB-TBKGAINWELL1-40,Kenny Gainwell: 40+ rushing yards,0.0200,0.1400,0.0000,0.00,0.00,active,2026-10-06T17:00:00Z,2026-10-02T09:37:33+00:00
KXNFLRSHYDS-26OCT04GBTB,KXNFLRSHYDS,KXNFLRSHYDS-26OCT04GBTB-TBKGAINWELL1-50,Kenny Gainwell: 50+ rushing yards,0.0200,0.0900,0.0900,20.89,20.89,active,2026-10-06T17:00:00Z,2026-10-02T09:37:33+00:00
KXNFLRSHYDS-26OCT04GBTB,KXNFLRSHYDS,KXNFLRSHYDS-26OCT04GBTB-TBBIRVING7-50,Bucky Irving: 50+ rushing yards,0.5500,0.5900,0.5900,235.35,235.35,active,2026-10-06T17:00:00Z,2026-10-02T09:37:33+00:00
KXNFLRSHYDS-26OCT04GBTB,KXNFLRSHYDS,KXNFLRSHYDS-26OCT04GBTB-TBBIRVING7-80,Bucky Irving: 80+ rushing yards,0.1600,0.2500,0.2500,56.71,56.71,active,2026-10-06T17:00:00Z,2026-10-02T09:37:33+00:00
KXNFLRSHYDS-26OCT04GBTB,KXNFLRSHYDS,KXNFLRSHYDS-26OCT04GBTB-GBMLLOYD32-15,MarShawn Lloyd: 15+ rushing yards,0.6600,0.7200,0.0000,0.00,0.00,active,2026-10-06T17:00:00Z,2026-10-02T09:37:33+00:00
KXNFLRSHYDS-26OCT04GBTB,KXNFLRSHYDS,KXNFLRSHYDS-26OCT04GBTB-TBJDANIELS10-15,Jalon Daniels: 15+ rushing yards,0.7000,0.8600,0.0000,0.00,0.00,active,2026-10-06T17:00:00Z,2026-10-02T09:37:33+00:00
KXNFLRSHYDS-26OCT04GBTB,KXNFLRSHYDS,KXNFLRSHYDS-26OCT04GBTB-TBBIRVING7-70,Bucky Irving: 70+ rushing yards,0.2600,0.3300,0.3400,36.62,31.10,active,2026-10-06T17:00:00Z,2026-10-02T09:37:33+00:00
KXNFLRSHYDS-26OCT04GBTB,KXNFLRSHYDS,KXNFLRSHYDS-26OCT04GBTB-TBJDANIELS10-30,Jalon Daniels: 30+ rushing yards,0.5100,0.6200,0.5600,46.43,46.43,active,2026-10-06T17:00:00Z,2026-10-02T09:37:33+00:00
KXNFLRSHYDS-26OCT04GBTB,KXNFLRSHYDS,KXNFLRSHYDS-26OCT04GBTB-TBJDANIELS10-20,Jalon Daniels: 20+ rushing yards,0.7500,0.7800,0.7500,8.00,8.00,active,2026-10-06T17:00:00Z,2026-10-02T09:37:33+00:00
KXNFLRSHYDS-26OCT04GBTB,KXNFLRSHYDS,KXNFLRSHYDS-26OCT04GBTB-TBJDANIELS10-50,Jalon Daniels: 50+ rushing yards,0.3100,0.3200,0.3200,41.00,41.00,active,2026-10-06T17:00:00Z,2026-10-02T09:37:33+00:00
KXNFLRSHYDS-26OCT04GBTB,KXNFLRSHYDS,KXNFLRSHYDS-26OCT04GBTB-TBBIRVING7-60,Bucky Irving: 60+ rushing yards,0.3900,0.4200,0.4300,4344.54,4246.84,active,2026-10-06T17:00:00Z,2026-10-02T09:37:33+00:00
KXNFLRSHYDS-26OCT04GBTB,KXNFLRSHYDS,KXNFLRSHYDS-26OCT04GBTB-TBJDANIELS10-40,Jalon Daniels: 40+ rushing yards,0.1600,0.4500,0.4400,113.61,113.61,active,2026-10-06T17:00:00Z,2026-10-02T09:37:33+00:00
KXNFLRSHYDS-26OCT04GBTB,KXNFLRSHYDS,KXNFLRSHYDS-26OCT04GBTB-TBBIRVING7-40,Bucky Irving: 40+ rushing yards,0.5600,0.7100,0.6900,474.09,473.00,active,2026-10-06T17:00:00Z,2026-10-02T09:37:33+00:00
KXNFLRSHYDS-26OCT04GBTB,KXNFLRSHYDS,KXNFLRSHYDS-26OCT04GBTB-GBMLLOYD32-40,MarShawn Lloyd: 40+ rushing yards,0.2300,0.2400,0.2300,17.70,17.70,active,2026-10-06T17:00:00Z,2026-10-02T09:37:33+00:00
KXNFLRSHYDS-26OCT04GBTB,KXNFLRSHYDS,KXNFLRSHYDS-26OCT04GBTB-GBJLOVE10-5,Jordan Love: 5+ rushing yards,0.4900,0.5200,0.5200,59.60,59.60,active,2026-10-06T17:00:00Z,2026-10-02T09:37:33+00:00
KXNFLRSHYDS-26OCT04GBTB,KXNFLRSHYDS,KXNFLRSHYDS-26OCT04GBTB-GBKJOHNSON26-20,Kaleb Johnson: 20+ rushing yards,0.6600,0.7200,0.7000,769.56,769.56,active,2026-10-06T17:00:00Z,2026-10-02T09:37:33+00:00
KXNFLRSHYDS-26OCT04GBTB,KXNFLRSHYDS,KXNFLRSHYDS-26OCT04GBTB-GBKJOHNSON26-25,Kaleb Johnson: 25+ rushing yards,0.5900,0.6400,0.6300,15.47,15.47,active,2026-10-06T17:00:00Z,2026-10-02T09:37:33+00:00
KXNFLRSHYDS-26OCT04INDWAS,KXNFLRSHYDS,KXNFLRSHYDS-26OCT04INDWAS-INDSMCGOWAN20-40,Seth McGowan: 40+ rushing yards,0.0100,0.0500,0.0000,0.00,0.00,active,2026-10-06T13:30:00Z,2026-10-02T09:37:33+00:00
KXNFLRSHYDS-26OCT04INDWAS,KXNFLRSHYDS,KXNFLRSHYDS-26OCT04INDWAS-INDJTAYLOR28-80,Jonathan Taylor: 80+ rushing yards,0.5800,0.6100,0.6100,93.06,93.06,active,2026-10-06T13:30:00Z,2026-10-02T09:37:33+00:00
KXNFLRSHYDS-26OCT04INDWAS,KXNFLRSHYDS,KXNFLRSHYDS-26OCT04INDWAS-INDJTAYLOR28-90,Jonathan Taylor: 90+ rushing yards,0.5000,0.5100,0.5100,1036.56,1036.56,active,2026-10-06T13:30:00Z,2026-10-02T09:37:33+00:00
KXNFLRSHYDS-26OCT04INDWAS,KXNFLRSHYDS,KXNFLRSHYDS-26OCT04INDWAS-INDDJONES17-10,Daniel Jones: 10+ rushing yards,0.5400,0.5700,0.5400,37.61,37.61,active,2026-10-06T13:30:00Z,2026-10-02T09:37:33+00:00
KXNFLRSHYDS-26OCT04INDWAS,KXNFLRSHYDS,KXNFLRSHYDS-26OCT04INDWAS-INDDJONES17-50,Daniel Jones: 50+ rushing yards,0.0100,0.0500,0.0000,0.00,0.00,active,2026-10-06T13:30:00Z,2026-10-02T09:37:33+00:00
KXNFLRSHYDS-26OCT04INDWAS,KXNFLRSHYDS,KXNFLRSHYDS-26OCT04INDWAS-INDSMCGOWAN20-10,Seth McGowan: 10+ rushing yards,0.3600,0.3700,0.3700,2238.05,2238.05,active,2026-10-06T13:30:00Z,2026-10-02T09:37:33+00:00
KXNFLRSHYDS-26OCT04INDWAS,KXNFLRSHYDS,KXNFLRSHYDS-26OCT04INDWAS-INDJTAYLOR28-180,Jonathan Taylor: 180+ rushing yards,0.0100,0.0500,0.0000,0.00,0.00,active,2026-10-06T13:30:00Z,2026-10-02T09:37:33+00:00
KXNFLRSHYDS-26OCT04INDWAS,KXNFLRSHYDS,KXNFLRSHYDS-26OCT04INDWAS-INDDJONES17-30,Daniel Jones: 30+ rushing yards,0.1400,0.1600,0.1300,14.00,14.00,active,2026-10-06T13:30:00Z,2026-10-02T09:37:33+00:00
KXNFLRSHYDS-26OCT04INDWAS,KXNFLRSHYDS,KXNFLRSHYDS-26OCT04INDWAS-INDJTAYLOR28-110,Jonathan Taylor: 110+ rushing yards,0.3100,0.3400,0.3400,31.75,31.75,active,2026-10-06T13:30:00Z,2026-10-02T09:37:33+00:00
KXNFLRSHYDS-26OCT04INDWAS,KXNFLRSHYDS,KXNFLRSHYDS-26OCT04INDWAS-WASJCROSKEYMERRITT22-110,Jacory Croskey-Merritt: 110+ rushing yards,0.0200,0.1200,0.0000,0.00,0.00,active,2026-10-06T13:30:00Z,2026-10-02T09:37:33+00:00
KXNFLRSHYDS-26OCT04INDWAS,KXNFLRSHYDS,KXNFLRSHYDS-26OCT04INDWAS-INDDJONES17-40,Daniel Jones: 40+ rushing yards,0.0200,0.0900,0.0000,0.00,0.00,active,2026-10-06T13:30:00Z,2026-10-02T09:37:33+00:00
KXNFLRSHYDS-26OCT04INDWAS,KXNFLRSHYDS,KXNFLRSHYDS-26OCT04INDWAS-WASJCROSKEYMERRITT22-130,Jacory Croskey-Merritt: 130+ rushing yards,0.0100,0.0600,0.0000,0.00,0.00,active,2026-10-06T13:30:00Z,2026-10-02T09:37:33+00:00
KXNFLRSHYDS-26OCT04INDWAS,KXNFLRSHYDS,KXNFLRSHYDS-26OCT04INDWAS-INDDJONES17-25,Daniel Jones: 25+ rushing yards,0.2000,0.2200,0.1800,14.00,14.00,active,2026-10-06T13:30:00Z,2026-10-02T09:37:33+00:00
KXNFLRSHYDS-26OCT04INDWAS,KXNFLRSHYDS,KXNFLRSHYDS-26OCT04INDWAS-INDSMCGOWAN20-20,Seth McGowan: 20+ rushing yards,0.1400,0.1700,0.0000,0.00,0.00,active,2026-10-06T13:30:00Z,2026-10-02T09:37:33+00:00
KXNFLRSHYDS-26OCT04INDWAS,KXNFLRSHYDS,KXNFLRSHYDS-26OCT04INDWAS-INDSMCGOWAN20-25,Seth McGowan: 25+ rushing yards,0.0900,0.1200,0.0000,0.00,0.00,active,2026-10-06T13:30:00Z,2026-10-02T09:37:33+00:00
KXNFLRSHYDS-26OCT04INDWAS,KXNFLRSHYDS,KXNFLRSHYDS-26OCT04INDWAS-WASJCROSKEYMERRITT22-60,Jacory Croskey-Merritt: 60+ rushing yards,0.5100,0.5300,0.5300,940.51,937.51,active,2026-10-06T13:30:00Z,2026-10-02T09:37:33+00:00
KXNFLRSHYDS-26OCT04INDWAS,KXNFLRSHYDS,KXNFLRSHYDS-26OCT04INDWAS-WASJCROSKEYMERRITT22-100,Jacory Croskey-Merritt: 100+ rushing yards,0.0300,0.1700,0.0000,0.00,0.00,active,2026-10-06T13:30:00Z,2026-10-02T09:37:33+00:00
KXNFLRSHYDS-26OCT04INDWAS,KXNFLRSHYDS,KXNFLRSHYDS-26OCT04INDWAS-INDDJONES17-20,Daniel Jones: 20+ rushing yards,0.2900,0.3200,0.2600,16.00,16.00,active,2026-10-06T13:30:00Z,2026-10-02T09:37:33+00:00
KXNFLRSHYDS-26OCT04INDWAS,KXNFLRSHYDS,KXNFLRSHYDS-26OCT04INDWAS-INDSMCGOWAN20-30,Seth McGowan: 30+ rushing yards,0.0600,0.0900,0.0000,0.00,0.00,active,2026-10-06T13:30:00Z,2026-10-02T09:37:33+00:00
KXNFLRSHYDS-26OCT04INDWAS,KXNFLRSHYDS,KXNFLRSHYDS-26OCT04INDWAS-INDJTAYLOR28-150,Jonathan Taylor: 150+ rushing yards,0.0600,0.1200,0.0000,0.00,0.00,active,2026-10-06T13:30:00Z,2026-10-02T09:37:33+00:00
KXNFLRSHYDS-26OCT04INDWAS,KXNFLRSHYDS,KXNFLRSHYDS-26OCT04INDWAS-INDJTAYLOR28-170,Jonathan Taylor: 170+ rushing yards,0.0100,0.0700,0.0000,0.00,0.00,active,2026-10-06T13:30:00Z,2026-10-02T09:37:33+00:00
KXNFLRSHYDS-26OCT04INDWAS,KXNFLRSHYDS,KXNFLRSHYDS-26OCT04INDWAS-WASJCROSKEYMERRITT22-40,Jacory Croskey-Merritt: 40+ rushing yards,0.6400,0.7600,0.0000,0.00,0.00,active,2026-10-06T13:30:00Z,2026-10-02T09:37:33+00:00
KXNFLRSHYDS-26OCT04INDWAS,KXNFLRSHYDS,KXNFLRSHYDS-26OCT04INDWAS-WASJCROSKEYMERRITT22-80,Jacory Croskey-Merritt: 80+ rushing yards,0.1900,0.3200,0.2600,42.51,42.51,active,2026-10-06T13:30:00Z,2026-10-02T09:37:33+00:00
KXNFLRSHYDS-26OCT04INDWAS,KXNFLRSHYDS,KXNFLRSHYDS-26OCT04INDWAS-INDJTAYLOR28-50,Jonathan Taylor: 50+ rushing yards,0.8300,0.8600,0.8600,19.32,19.31,active,2026-10-06T13:30:00Z,2026-10-02T09:37:33+00:00
KXNFLRSHYDS-26OCT04INDWAS,KXNFLRSHYDS,KXNFLRSHYDS-26OCT04INDWAS-WASJCROSKEYMERRITT22-120,Jacory Croskey-Merritt: 120+ rushing yards,0.0500,0.1000,0.0000,0.00,0.00,active,2026-10-06T13:30:00Z,2026-10-02T09:37:33+00:00
KXNFLRSHYDS-26OCT04INDWAS,KXNFLRSHYDS,KXNFLRSHYDS-26OCT04INDWAS-WASMMARIOTA8-15,Marcus Mariota: 15+ rushing yards,0.7400,0.7800,0.7700,30.56,30.56,active,2026-10-06T13:30:00Z,2026-10-02T09:37:33+00:00
KXNFLRSHYDS-26OCT04INDWAS,KXNFLRSHYDS,KXNFLRSHYDS-26OCT04INDWAS-WASJCROSKEYMERRITT22-90,Jacory Croskey-Merritt: 90+ rushing yards,0.1000,0.2300,0.1900,25.00,25.00,active,2026-10-06T13:30:00Z,2026-10-02T09:37:33+00:00
KXNFLRSHYDS-26OCT04INDWAS,KXNFLRSHYDS,KXNFLRSHYDS-26OCT04INDWAS-WASJCROSKEYMERRITT22-70,Jacory Croskey-Merritt: 70+ rushing yards,0.2800,0.4200,0.4200,27.00,27.00,active,2026-10-06T13:30:00Z,2026-10-02T09:37:33+00:00
KXNFLRSHYDS-26OCT04INDWAS,KXNFLRSHYDS,KXNFLRSHYDS-26OCT04INDWAS-INDDJONES17-15,Daniel Jones: 15+ rushing yards,0.3900,0.4300,0.0000,0.00,0.00,active,2026-10-06T13:30:00Z,2026-10-02T09:37:33+00:00
KXNFLRSHYDS-26OCT04INDWAS,KXNFLRSHYDS,KXNFLRSHYDS-26OCT04INDWAS-INDSMCGOWAN20-15,Seth McGowan: 15+ rushing yards,0.2100,0.2500,0.0000,0.00,0.00,active,2026-10-06T13:30:00Z,2026-10-02T09:37:33+00:00
KXNFLRSHYDS-26OCT04INDWAS,KXNFLRSHYDS,KXNFLRSHYDS-26OCT04INDWAS-INDJTAYLOR28-70,Jonathan Taylor: 70+ rushing yards,0.6700,0.7100,0.7100,70.58,70.58,active,2026-10-06T13:30:00Z,2026-10-02T09:37:33+00:00
KXNFLRSHYDS-26OCT04INDWAS,KXNFLRSHYDS,KXNFLRSHYDS-26OCT04INDWAS-INDJTAYLOR28-160,Jonathan Taylor: 160+ rushing yards,0.0300,0.0900,0.0000,0.00,0.00,active,2026-10-06T13:30:00Z,2026-10-02T09:37:33+00:00
KXNFLRSHYDS-26OCT04INDWAS,KXNFLRSHYDS,KXNFLRSHYDS-26OCT04INDWAS-WASMMARIOTA8-70,Marcus Mariota: 70+ rushing yards,0.0100,0.0700,0.0700,13.41,13.41,active,2026-10-06T13:30:00Z,2026-10-02T09:37:33+00:00
KXNFLRSHYDS-26OCT04INDWAS,KXNFLRSHYDS,KXNFLRSHYDS-26OCT04INDWAS-WASMMARIOTA8-20,Marcus Mariota: 20+ rushing yards,0.6300,0.6700,0.6700,30.10,30.10,active,2026-10-06T13:30:00Z,2026-10-02T09:37:33+00:00
KXNFLRSHYDS-26OCT04INDWAS,KXNFLRSHYDS,KXNFLRSHYDS-26OCT04INDWAS-WASMMARIOTA8-40,Marcus Mariota: 40+ rushing yards,0.2800,0.3000,0.2900,9.85,9.85,active,2026-10-06T13:30:00Z,2026-10-02T09:37:33+00:00
KXNFLRSHYDS-26OCT04INDWAS,KXNFLRSHYDS,KXNFLRSHYDS-26OCT04INDWAS-WASMMARIOTA8-25,Marcus Mariota: 25+ rushing yards,0.4100,0.5100,0.5100,1008.27,1008.27,active,2026-10-06T13:30:00Z,2026-10-02T09:37:33+00:00
KXNFLRSHYDS-26OCT04INDWAS,KXNFLRSHYDS,KXNFLRSHYDS-26OCT04INDWAS-WASMMARIOTA8-50,Marcus Mariota: 50+ rushing yards,0.1600,0.1800,0.1800,10.50,10.50,active,2026-10-06T13:30:00Z,2026-10-02T09:37:33+00:00
KXNFLRSHYDS-26OCT04INDWAS,KXNFLRSHYDS,KXNFLRSHYDS-26OCT04INDWAS-WASMMARIOTA8-60,Marcus Mariota: 60+ rushing yards,0.0300,0.1100,0.1100,15.67,15.67,active,2026-10-06T13:30:00Z,2026-10-02T09:37:33+00:00
KXNFLRSHYDS-26OCT04INDWAS,KXNFLRSHYDS,KXNFLRSHYDS-26OCT04INDWAS-WASMMARIOTA8-30,Marcus Mariota: 30+ rushing yards,0.4100,0.4600,0.4600,101.19,101.19,active,2026-10-06T13:30:00Z,2026-10-02T09:37:33+00:00
KXNFLRSHYDS-26OCT04INDWAS,KXNFLRSHYDS,KXNFLRSHYDS-26OCT04INDWAS-WASMMARIOTA8-10,Marcus Mariota: 10+ rushing yards,0.8300,0.8700,0.8800,31.53,31.53,active,2026-10-06T13:30:00Z,2026-10-02T09:37:33+00:00
KXNFLRSHYDS-26OCT04INDWAS,KXNFLRSHYDS,KXNFLRSHYDS-26OCT04INDWAS-WASJCROSKEYMERRITT22-30,Jacory Croskey-Merritt: 30+ rushing yards,0.7600,0.8400,0.8300,991.53,966.51,active,2026-10-06T13:30:00Z,2026-10-02T09:37:33+00:00
KXNFLRSHYDS-26OCT04INDWAS,KXNFLRSHYDS,KXNFLRSHYDS-26OCT04INDWAS-INDJTAYLOR28-130,Jonathan Taylor: 130+ rushing yards,0.1400,0.2100,0.2100,18.16,18.16,active,2026-10-06T13:30:00Z,2026-10-02T09:37:33+00:00
KXNFLRSHYDS-26OCT04INDWAS,KXNFLRSHYDS,KXNFLRSHYDS-26OCT04INDWAS-INDJTAYLOR28-140,Jonathan Taylor: 140+ rushing yards,0.0700,0.1600,0.0000,0.00,0.00,active,2026-10-06T13:30:00Z,2026-10-02T09:37:33+00:00
KXNFLRSHYDS-26OCT04INDWAS,KXNFLRSHYDS,KXNFLRSHYDS-26OCT04INDWAS-INDJTAYLOR28-120,Jonathan Taylor: 120+ rushing yards,0.2000,0.2700,0.2700,14.09,14.09,active,2026-10-06T13:30:00Z,2026-10-02T09:37:33+00:00
KXNFLRSHYDS-26OCT04INDWAS,KXNFLRSHYDS,KXNFLRSHYDS-26OCT04INDWAS-WASJCROSKEYMERRITT22-50,Jacory Croskey-Merritt: 50+ rushing yards,0.5600,0.6500,0.6000,135.60,135.60,active,2026-10-06T13:30:00Z,2026-10-02T09:37:33+00:00
KXNFLRSHYDS-26OCT04INDWAS,KXNFLRSHYDS,KXNFLRSHYDS-26OCT04INDWAS-INDJTAYLOR28-60,Jonathan Taylor: 60+ rushing yards,0.7500,0.7900,0.7900,53.30,47.30,active,2026-10-06T13:30:00Z,2026-10-02T09:37:33+00:00
KXNFLRSHYDS-26OCT04INDWAS,KXNFLRSHYDS,KXNFLRSHYDS-26OCT04INDWAS-INDJTAYLOR28-100,Jonathan Taylor: 100+ rushing yards,0.3800,0.4200,0.4300,203.43,192.43,active,2026-10-06T13:30:00Z,2026-10-02T09:37:33+00:00
KXNFLRSHYDS-26OCT04JACCIN,KXNFLRSHYDS,KXNFLRSHYDS-26OCT04JACCIN-CINJBURROW9-40,Joe Burrow: 40+ rushing yards,0.0100,0.0600,0.0000,0.00,0.00,active,2026-10-06T17:00:00Z,2026-10-02T09:37:33+00:00
KXNFLRSHYDS-26OCT04JACCIN,KXNFLRSHYDS,KXNFLRSHYDS-26OCT04JACCIN-JACBTUTEN33-120,Bhayshul Tuten: 120+ rushing yards,0.0500,0.0600,0.0600,1579.40,1579.40,active,2026-10-06T17:00:00Z,2026-10-02T09:37:33+00:00
KXNFLRSHYDS-26OCT04JACCIN,KXNFLRSHYDS,KXNFLRSHYDS-26OCT04JACCIN-JACCRODRIGUEZ24-20,Chris Rodriguez Jr.: 20+ rushing yards,0.5100,0.5200,0.5200,215.80,215.80,active,2026-10-06T17:00:00Z,2026-10-02T09:37:33+00:00
KXNFLRSHYDS-26OCT04JACCIN,KXNFLRSHYDS,KXNFLRSHYDS-26OCT04JACCIN-CINJBURROW9-10,Joe Burrow: 10+ rushing yards,0.4400,0.4700,0.0000,0.00,0.00,active,2026-10-06T17:00:00Z,2026-10-02T09:37:33+00:00
KXNFLRSHYDS-26OCT04JACCIN,KXNFLRSHYDS,KXNFLRSHYDS-26OCT04JACCIN-CINCBROWN30-140,Chase Brown: 140+ rushing yards,0.0100,0.0500,0.0000,0.00,0.00,active,2026-10-06T17:00:00Z,2026-10-02T09:37:33+00:00
KXNFLRSHYDS-26OCT04JACCIN,KXNFLRSHYDS,KXNFLRSHYDS-26OCT04JACCIN-JACBTUTEN33-100,Bhayshul Tuten: 100+ rushing yards,0.0800,0.1200,0.1200,2245.03,2245.03,active,2026-10-06T17:00:00Z,2026-10-02T09:37:33+00:00
KXNFLRSHYDS-26OCT04JACCIN,KXNFLRSHYDS,KXNFLRSHYDS-26OCT04JACCIN-JACTLAWRENCE16-15,Trevor Lawrence: 15+ rushing yards,0.4800,0.5000,0.5000,450.36,450.36,active,2026-10-06T17:00:00Z,2026-10-02T09:37:33+00:00
KXNFLRSHYDS-26OCT04JACCIN,KXNFLRSHYDS,KXNFLRSHYDS-26OCT04JACCIN-CINJBURROW9-25,Joe Burrow: 25+ rushing yards,0.1300,0.1500,0.0000,0.00,0.00,active,2026-10-06T17:00:00Z,2026-10-02T09:37:33+00:00
KXNFLRSHYDS-26OCT04JACCIN,KXNFLRSHYDS,KXNFLRSHYDS-26OCT04JACCIN-JACCRODRIGUEZ24-70,Chris Rodriguez Jr.: 70+ rushing yards,0.0100,0.0500,0.0000,0.00,0.00,active,2026-10-06T17:00:00Z,2026-10-02T09:37:33+00:00
KXNFLRSHYDS-26OCT04JACCIN,KXNFLRSHYDS,KXNFLRSHYDS-26OCT04JACCIN-CINSPERINE34-40,Samaje Perine: 40+ rushing yards,0.0600,0.1200,0.0000,0.00,0.00,active,2026-10-06T17:00:00Z,2026-10-02T09:37:33+00:00
KXNFLRSHYDS-26OCT04JACCIN,KXNFLRSHYDS,KXNFLRSHYDS-26OCT04JACCIN-JACCRODRIGUEZ24-15,Chris Rodriguez Jr.: 15+ rushing yards,0.6100,0.6600,0.0000,0.00,0.00,active,2026-10-06T17:00:00Z,2026-10-02T09:37:33+00:00
KXNFLRSHYDS-26OCT04JACCIN,KXNFLRSHYDS,KXNFLRSHYDS-26OCT04JACCIN-JACCRODRIGUEZ24-60,Chris Rodriguez Jr.: 60+ rushing yards,0.0200,0.0800,0.0000,0.00,0.00,active,2026-10-06T17:00:00Z,2026-10-02T09:37:33+00:00
KXNFLRSHYDS-26OCT04JACCIN,KXNFLRSHYDS,KXNFLRSHYDS-26OCT04JACCIN-CINCBROWN30-80,Chase Brown: 80+ rushing yards,0.2900,0.3200,0.2900,45.38,45.38,active,2026-10-06T17:00:00Z,2026-10-02T09:37:33+00:00
KXNFLRSHYDS-26OCT04JACCIN,KXNFLRSHYDS,KXNFLRSHYDS-26OCT04JACCIN-JACTLAWRENCE16-40,Trevor Lawrence: 40+ rushing yards,0.0700,0.1000,0.0000,0.00,0.00,active,2026-10-06T17:00:00Z,2026-10-02T09:37:33+00:00
KXNFLRSHYDS-26OCT04JACCIN,KXNFLRSHYDS,KXNFLRSHYDS-26OCT04JACCIN-JACCRODRIGUEZ24-25,Chris Rodriguez Jr.: 25+ rushing yards,0.4000,0.4200,0.0000,0.00,0.00,active,2026-10-06T17:00:00Z,2026-10-02T09:37:33+00:00
KXNFLRSHYDS-26OCT04JACCIN,KXNFLRSHYDS,KXNFLRSHYDS-26OCT04JACCIN-CINSPERINE34-25,Samaje Perine: 25+ rushing yards,0.2100,0.2800,0.0000,0.00,0.00,active,2026-10-06T17:00:00Z,2026-10-02T09:37:33+00:00
KXNFLRSHYDS-26OCT04JACCIN,KXNFLRSHYDS,KXNFLRSHYDS-26OCT04JACCIN-JACTLAWRENCE16-30,Trevor Lawrence: 30+ rushing yards,0.0600,0.1900,0.1600,85.00,85.00,active,2026-10-06T17:00:00Z,2026-10-02T09:37:33+00:00
KXNFLRSHYDS-26OCT04JACCIN,KXNFLRSHYDS,KXNFLRSHYDS-26OCT04JACCIN-JACCRODRIGUEZ24-30,Chris Rodriguez Jr.: 30+ rushing yards,0.3000,0.3300,0.2800,1.00,1.00,active,2026-10-06T17:00:00Z,2026-10-02T09:37:33+00:00
KXNFLRSHYDS-26OCT04JACCIN,KXNFLRSHYDS,KXNFLRSHYDS-26OCT04JACCIN-CINSPERINE34-30,Samaje Perine: 30+ rushing yards,0.1400,0.2000,0.0000,0.00,0.00,active,2026-10-06T17:00:00Z,2026-10-02T09:37:33+00:00
KXNFLRSHYDS-26OCT04JACCIN,KXNFLRSHYDS,KXNFLRSHYDS-26OCT04JACCIN-JACCRODRIGUEZ24-50,Chris Rodriguez Jr.: 50+ rushing yards,0.0600,0.1200,0.1000,47.00,47.00,active,2026-10-06T17:00:00Z,2026-10-02T09:37:33+00:00
KXNFLRSHYDS-26OCT04JACCIN,KXNFLRSHYDS,KXNFLRSHYDS-26OCT04JACCIN-CINSPERINE34-50,Samaje Perine: 50+ rushing yards,0.0200,0.0800,0.0000,0.00,0.00,active,2026-10-06T17:00:00Z,2026-10-02T09:37:33+00:00
KXNFLRSHYDS-26OCT04JACCIN,KXNFLRSHYDS,KXNFLRSHYDS-26OCT04JACCIN-JACTLAWRENCE16-10,Trevor Lawrence: 10+ rushing yards,0.6100,0.6600,0.6200,157.86,157.86,active,2026-10-06T17:00:00Z,2026-10-02T09:37:33+00:00
KXNFLRSHYDS-26OCT04JACCIN,KXNFLRSHYDS,KXNFLRSHYDS-26OCT04JACCIN-JACCRODRIGUEZ24-40,Chris Rodriguez Jr.: 40+ rushing yards,0.1800,0.2000,0.1500,8.00,8.00,active,2026-10-06T17:00:00Z,2026-10-02T09:37:33+00:00
KXNFLRSHYDS-26OCT04JACCIN,KXNFLRSHYDS,KXNFLRSHYDS-26OCT04JACCIN-CINSPERINE34-10,Samaje Perine: 10+ rushing yards,0.5700,0.6300,0.0000,0.00,0.00,active,2026-10-06T17:00:00Z,2026-10-02T09:37:33+00:00
KXNFLRSHYDS-26OCT04JACCIN,KXNFLRSHYDS,KXNFLRSHYDS-26OCT04JACCIN-JACBTUTEN33-50,Bhayshul Tuten: 50+ rushing yards,0.5300,0.5600,0.5600,1886.00,1873.49,active,2026-10-06T17:00:00Z,2026-10-02T09:37:33+00:00
KXNFLRSHYDS-26OCT04JACCIN,KXNFLRSHYDS,KXNFLRSHYDS-26OCT04JACCIN-JACCRODRIGUEZ24-10,Chris Rodriguez Jr.: 10+ rushing yards,0.7000,0.7600,0.0000,0.00,0.00,active,2026-10-06T17:00:00Z,2026-10-02T09:37:33+00:00
KXNFLRSHYDS-26OCT04JACCIN,KXNFLRSHYDS,KXNFLRSHYDS-26OCT04JACCIN-CINSPERINE34-15,Samaje Perine: 15+ rushing yards,0.4400,0.4900,0.0000,0.00,0.00,active,2026-10-06T17:00:00Z,2026-10-02T09:37:33+00:00
KXNFLRSHYDS-26OCT04JACCIN,KXNFLRSHYDS,KXNFLRSHYDS-26OCT04JACCIN-CINCBROWN30-50,Chase Brown: 50+ rushing yards,0.6400,0.6700,0.7000,69.43,69.43,active,2026-10-06T17:00:00Z,2026-10-02T09:37:33+00:00
KXNFLRSHYDS-26OCT04JACCIN,KXNFLRSHYDS,KXNFLRSHYDS-26OCT04JACCIN-CINCBROWN30-40,Chase Brown: 40+ rushing yards,0.7600,0.7900,0.0000,0.00,0.00,active,2026-10-06T17:00:00Z,2026-10-02T09:37:33+00:00
KXNFLRSHYDS-26OCT04JACCIN,KXNFLRSHYDS,KXNFLRSHYDS-26OCT04JACCIN-JACBTUTEN33-40,Bhayshul Tuten: 40+ rushing yards,0.6700,0.7200,0.6900,202.00,202.00,active,2026-10-06T17:00:00Z,2026-10-02T09:37:33+00:00
KXNFLRSHYDS-26OCT04JACCIN,KXNFLRSHYDS,KXNFLRSHYDS-26OCT04JACCIN-JACBTUTEN33-110,Bhayshul Tuten: 110+ rushing yards,0.0200,0.0900,0.0900,3238.45,3238.45,active,2026-10-06T17:00:00Z,2026-10-02T09:37:33+00:00
KXNFLRSHYDS-26OCT04JACCIN,KXNFLRSHYDS,KXNFLRSHYDS-26OCT04JACCIN-CINCBROWN30-130,Chase Brown: 130+ rushing yards,0.0100,0.0700,0.0000,0.00,0.00,active,2026-10-06T17:00:00Z,2026-10-02T09:37:33+00:00
KXNFLRSHYDS-26OCT04JACCIN,KXNFLRSHYDS,KXNFLRSHYDS-26OCT04JACCIN-JACBTUTEN33-90,Bhayshul Tuten: 90+ rushing yards,0.0400,0.1700,0.1700,2323.80,2323.80,active,2026-10-06T17:00:00Z,2026-10-02T09:37:33+00:00
KXNFLRSHYDS-26OCT04JACCIN,KXNFLRSHYDS,KXNFLRSHYDS-26OCT04JACCIN-JACBTUTEN33-60,Bhayshul Tuten: 60+ rushing yards,0.4300,0.4500,0.4500,987.90,987.90,active,2026-10-06T17:00:00Z,2026-10-02T09:37:33+00:00
KXNFLRSHYDS-26OCT04JACCIN,KXNFLRSHYDS,KXNFLRSHYDS-26OCT04JACCIN-JACBTUTEN33-30,Bhayshul Tuten: 30+ rushing yards,0.7900,0.8400,0.8300,19.95,19.95,active,2026-10-06T17:00:00Z,2026-10-02T09:37:33+00:00
KXNFLRSHYDS-26OCT04JACCIN,KXNFLRSHYDS,KXNFLRSHYDS-26OCT04JACCIN-CINCBROWN30-60,Chase Brown: 60+ rushing yards,0.5100,0.5400,0.0000,0.00,0.00,active,2026-10-06T17:00:00Z,2026-10-02T09:37:33+00:00
KXNFLRSHYDS-26OCT04JACCIN,KXNFLRSHYDS,KXNFLRSHYDS-26OCT04JACCIN-CINCBROWN30-90,Chase Brown: 90+ rushing yards,0.1700,0.2400,0.2600,8.31,8.31,active,2026-10-06T17:00:00Z,2026-10-02T09:37:33+00:00
KXNFLRSHYDS-26OCT04JACCIN,KXNFLRSHYDS,KXNFLRSHYDS-26OCT04JACCIN-JACTLAWRENCE16-25,Trevor Lawrence: 25+ rushing yards,0.2400,0.2600,0.2600,195.56,195.56,active,2026-10-06T17:00:00Z,2026-10-02T09:37:33+00:00
KXNFLRSHYDS-26OCT04JACCIN,KXNFLRSHYDS,KXNFLRSHYDS-26OCT04JACCIN-CINSPERINE34-20,Samaje Perine: 20+ rushing yards,0.2800,0.3700,0.0000,0.00,0.00,active,2026-10-06T17:00:00Z,2026-10-02T09:37:33+00:00
KXNFLRSHYDS-26OCT04JACCIN,KXNFLRSHYDS,KXNFLRSHYDS-26OCT04JACCIN-CINCBROWN30-110,Chase Brown: 110+ rushing yards,0.0500,0.1200,0.1400,6.71,6.71,active,2026-10-06T17:00:00Z,2026-10-02T09:37:33+00:00
KXNFLRSHYDS-26OCT04JACCIN,KXNFLRSHYDS,KXNFLRSHYDS-26OCT04JACCIN-JACTLAWRENCE16-20,Trevor Lawrence: 20+ rushing yards,0.2300,0.3700,0.3700,211.67,211.67,active,2026-10-06T17:00:00Z,2026-10-02T09:37:33+00:00
KXNFLRSHYDS-26OCT04JACCIN,KXNFLRSHYDS,KXNFLRSHYDS-26OCT04JACCIN-CINJBURROW9-20,Joe Burrow: 20+ rushing yards,0.2100,0.2200,0.0000,0.00,0.00,active,2026-10-06T17:00:00Z,2026-10-02T09:37:33+00:00
KXNFLRSHYDS-26OCT04JACCIN,KXNFLRSHYDS,KXNFLRSHYDS-26OCT04JACCIN-CINJBURROW9-15,Joe Burrow: 15+ rushing yards,0.3000,0.3300,0.0000,0.00,0.00,active,2026-10-06T17:00:00Z,2026-10-02T09:37:33+00:00
KXNFLRSHYDS-26OCT04JACCIN,KXNFLRSHYDS,KXNFLRSHYDS-26OCT04JACCIN-CINCBROWN30-120,Chase Brown: 120+ rushing yards,0.0400,0.0900,0.0000,0.00,0.00,active,2026-10-06T17:00:00Z,2026-10-02T09:37:33+00:00
KXNFLRSHYDS-26OCT04JACCIN,KXNFLRSHYDS,KXNFLRSHYDS-26OCT04JACCIN-CINJBURROW9-30,Joe Burrow: 30+ rushing yards,0.0700,0.1000,0.0000,0.00,0.00,active,2026-10-06T17:00:00Z,2026-10-02T09:37:33+00:00
KXNFLRSHYDS-26OCT04JACCIN,KXNFLRSHYDS,KXNFLRSHYDS-26OCT04JACCIN-JACBTUTEN33-80,Bhayshul Tuten: 80+ rushing yards,0.1000,0.2500,0.2400,2822.53,2822.53,active,2026-10-06T17:00:00Z,2026-10-02T09:37:33+00:00
KXNFLRSHYDS-26OCT04JACCIN,KXNFLRSHYDS,KXNFLRSHYDS-26OCT04JACCIN-CINCBROWN30-100,Chase Brown: 100+ rushing yards,0.1100,0.1700,0.0000,0.00,0.00,active,2026-10-06T17:00:00Z,2026-10-02T09:37:33+00:00
KXNFLRSHYDS-26OCT04JACCIN,KXNFLRSHYDS,KXNFLRSHYDS-26OCT04JACCIN-JACBTUTEN33-70,Bhayshul Tuten: 70+ rushing yards,0.3000,0.3300,0.3300,744.40,744.40,active,2026-10-06T17:00:00Z,2026-10-02T09:37:33+00:00
KXNFLRSHYDS-26OCT04JACCIN,KXNFLRSHYDS,KXNFLRSHYDS-26OCT04JACCIN-CINCBROWN30-70,Chase Brown: 70+ rushing yards,0.3600,0.4200,0.3900,4826.65,4826.65,active,2026-10-06T17:00:00Z,2026-10-02T09:37:33+00:00
KXNFLRSHYDS-26OCT04KCLV,KXNFLRSHYDS,KXNFLRSHYDS-26OCT04KCLV-KCKWALKER9-90,Kenneth Walker III: 90+ rushing yards,0.4600,0.4700,0.4700,725.74,713.32,active,2026-10-06T20:25:00Z,2026-10-02T09:37:33+00:00
KXNFLRSHYDS-26OCT04KCLV,KXNFLRSHYDS,KXNFLRSHYDS-26OCT04KCLV-KCPMAHOMES15-60,Patrick Mahomes: 60+ rushing yards,0.0100,0.0500,0.0500,30.00,30.00,active,2026-10-06T20:25:00Z,2026-10-02T09:37:33+00:00
KXNFLRSHYDS-26OCT04KCLV,KXNFLRSHYDS,KXNFLRSHYDS-26OCT04KCLV-KCEJOHNSON10-50,Emmett Johnson: 50+ rushing yards,0.0300,0.1000,0.0000,0.00,0.00,active,2026-10-06T20:25:00Z,2026-10-02T09:37:33+00:00
KXNFLRSHYDS-26OCT04KCLV,KXNFLRSHYDS,KXNFLRSHYDS-26OCT04KCLV-KCEJOHNSON10-40,Emmett Johnson: 40+ rushing yards,0.1300,0.1500,0.1400,36.00,36.00,active,2026-10-06T20:25:00Z,2026-10-02T09:37:33+00:00
KXNFLRSHYDS-26OCT04KCLV,KXNFLRSHYDS,KXNFLRSHYDS-26OCT04KCLV-LVKCOUSINS8-25,Kirk Cousins: 25+ rushing yards,0.0200,0.0500,0.0000,0.00,0.00,active,2026-10-06T20:25:00Z,2026-10-02T09:37:33+00:00
KXNFLRSHYDS-26OCT04KCLV,KXNFLRSHYDS,KXNFLRSHYDS-26OCT04KCLV-KCPMAHOMES15-20,Patrick Mahomes: 20+ rushing yards,0.3800,0.4100,0.4100,50.53,50.53,active,2026-10-06T20:25:00Z,2026-10-02T09:37:33+00:00
KXNFLRSHYDS-26OCT04KCLV,KXNFLRSHYDS,KXNFLRSHYDS-26OCT04KCLV-KCPMAHOMES15-50,Patrick Mahomes: 50+ rushing yards,0.0200,0.0800,0.0000,0.00,0.00,active,2026-10-06T20:25:00Z,2026-10-02T09:37:33+00:00
KXNFLRSHYDS-26OCT04KCLV,KXNFLRSHYDS,KXNFLRSHYDS-26OCT04KCLV-LVKCOUSINS8-10,Kirk Cousins: 10+ rushing yards,0.1900,0.2100,0.2000,1094.10,1092.30,active,2026-10-06T20:25:00Z,2026-10-02T09:37:33+00:00
KXNFLRSHYDS-26OCT04KCLV,KXNFLRSHYDS,KXNFLRSHYDS-26OCT04KCLV-LVMWASHINGTON4-60,Mike Washington Jr.: 60+ rushing yards,0.0200,0.0600,0.0600,1000.81,1000.81,active,2026-10-06T20:25:00Z,2026-10-02T09:37:33+00:00
KXNFLRSHYDS-26OCT04KCLV,KXNFLRSHYDS,KXNFLRSHYDS-26OCT04KCLV-KCEJOHNSON10-25,Emmett Johnson: 25+ rushing yards,0.3200,0.3600,0.0000,0.00,0.00,active,2026-10-06T20:25:00Z,2026-10-02T09:37:33+00:00
KXNFLRSHYDS-26OCT04KCLV,KXNFLRSHYDS,KXNFLRSHYDS-26OCT04KCLV-KCKWALKER9-180,Kenneth Walker III: 180+ rushing yards,0.0500,0.0600,0.0000,0.00,0.00,active,2026-10-06T20:25:00Z,2026-10-02T09:37:33+00:00
KXNFLRSHYDS-26OCT04KCLV,KXNFLRSHYDS,KXNFLRSHYDS-26OCT04KCLV-KCEJOHNSON10-60,Emmett Johnson: 60+ rushing yards,0.0100,0.0700,0.0000,0.00,0.00,active,2026-10-06T20:25:00Z,2026-10-02T09:37:33+00:00
KXNFLRSHYDS-26OCT04KCLV,KXNFLRSHYDS,KXNFLRSHYDS-26OCT04KCLV-KCPMAHOMES15-40,Patrick Mahomes: 40+ rushing yards,0.1000,0.1200,0.0000,0.00,0.00,active,2026-10-06T20:25:00Z,2026-10-02T09:37:33+00:00
KXNFLRSHYDS-26OCT04KCLV,KXNFLRSHYDS,KXNFLRSHYDS-26OCT04KCLV-LVMWASHINGTON4-15,Mike Washington Jr.: 15+ rushing yards,0.4900,0.5600,0.5600,52.15,52.15,active,2026-10-06T20:25:00Z,2026-10-02T09:37:33+00:00
KXNFLRSHYDS-26OCT04KCLV,KXNFLRSHYDS,KXNFLRSHYDS-26OCT04KCLV-KCKWALKER9-170,Kenneth Walker III: 170+ rushing yards,0.0500,0.0800,0.0000,0.00,0.00,active,2026-10-06T20:25:00Z,2026-10-02T09:37:33+00:00
KXNFLRSHYDS-26OCT04KCLV,KXNFLRSHYDS,KXNFLRSHYDS-26OCT04KCLV-KCPMAHOMES15-25,Patrick Mahomes: 25+ rushing yards,0.2700,0.3100,0.3000,31.21,31.21,active,2026-10-06T20:25:00Z,2026-10-02T09:37:33+00:00
KXNFLRSHYDS-26OCT04KCLV,KXNFLRSHYDS,KXNFLRSHYDS-26OCT04KCLV-LVAJEANTY2-60,Ashton Jeanty: 60+ rushing yards,0.4600,0.4900,0.4800,2090.27,2040.07,active,2026-10-06T20:25:00Z,2026-10-02T09:37:33+00:00
KXNFLRSHYDS-26OCT04KCLV,KXNFLRSHYDS,KXNFLRSHYDS-26OCT04KCLV-LVKCOUSINS8-20,Kirk Cousins: 20+ rushing yards,0.0400,0.0800,0.0000,0.00,0.00,active,2026-10-06T20:25:00Z,2026-10-02T09:37:33+00:00
KXNFLRSHYDS-26OCT04KCLV,KXNFLRSHYDS,KXNFLRSHYDS-26OCT04KCLV-KCEJOHNSON10-15,Emmett Johnson: 15+ rushing yards,0.5100,0.5400,0.5300,80.81,80.81,active,2026-10-06T20:25:00Z,2026-10-02T09:37:33+00:00
KXNFLRSHYDS-26OCT04KCLV,KXNFLRSHYDS,KXNFLRSHYDS-26OCT04KCLV-LVAJEANTY2-130,Ashton Jeanty: 130+ rushing yards,0.0100,0.0600,0.0000,0.00,0.00,active,2026-10-06T20:25:00Z,2026-10-02T09:37:33+00:00
KXNFLRSHYDS-26OCT04KCLV,KXNFLRSHYDS,KXNFLRSHYDS-26OCT04KCLV-LVMWASHINGTON4-25,Mike Washington Jr.: 25+ rushing yards,0.2500,0.3500,0.2800,10.00,10.00,active,2026-10-06T20:25:00Z,2026-10-02T09:37:33+00:00
KXNFLRSHYDS-26OCT04KCLV,KXNFLRSHYDS,KXNFLRSHYDS-26OCT04KCLV-LVMWASHINGTON4-10,Mike Washington Jr.: 10+ rushing yards,0.6200,0.7000,0.0000,0.00,0.00,active,2026-10-06T20:25:00Z,2026-10-02T09:37:33+00:00
KXNFLRSHYDS-26OCT04KCLV,KXNFLRSHYDS,KXNFLRSHYDS-26OCT04KCLV-LVMWASHINGTON4-50,Mike Washington Jr.: 50+ rushing yards,0.0300,0.1000,0.0000,0.00,0.00,active,2026-10-06T20:25:00Z,2026-10-02T09:37:33+00:00
KXNFLRSHYDS-26OCT04KCLV,KXNFLRSHYDS,KXNFLRSHYDS-26OCT04KCLV-KCEJOHNSON10-30,Emmett Johnson: 30+ rushing yards,0.2700,0.2800,0.2700,17.65,17.65,active,2026-10-06T20:25:00Z,2026-10-02T09:37:33+00:00
KXNFLRSHYDS-26OCT04KCLV,KXNFLRSHYDS,KXNFLRSHYDS-26OCT04KCLV-KCEJOHNSON10-20,Emmett Johnson: 20+ rushing yards,0.4300,0.4600,0.4000,47.09,47.09,active,2026-10-06T20:25:00Z,2026-10-02T09:37:33+00:00
KXNFLRSHYDS-26OCT04KCLV,KXNFLRSHYDS,KXNFLRSHYDS-26OCT04KCLV-KCKWALKER9-110,Kenneth Walker III: 110+ rushing yards,0.2900,0.3100,0.0000,0.00,0.00,active,2026-10-06T20:25:00Z,2026-10-02T09:37:33+00:00
KXNFLRSHYDS-26OCT04KCLV,KXNFLRSHYDS,KXNFLRSHYDS-26OCT04KCLV-KCKWALKER9-70,Kenneth Walker III: 70+ rushing yards,0.6300,0.6800,0.6700,11.15,11.15,active,2026-10-06T20:25:00Z,2026-10-02T09:37:33+00:00
KXNFLRSHYDS-26OCT04KCLV,KXNFLRSHYDS,KXNFLRSHYDS-26OCT04KCLV-KCKWALKER9-80,Kenneth Walker III: 80+ rushing yards,0.5500,0.5700,0.5800,1.67,1.67,active,2026-10-06T20:25:00Z,2026-10-02T09:37:33+00:00
KXNFLRSHYDS-26OCT04KCLV,KXNFLRSHYDS,KXNFLRSHYDS-26OCT04KCLV-LVAJEANTY2-110,Ashton Jeanty: 110+ rushing yards,0.0500,0.1100,0.0000,0.00,0.00,active,2026-10-06T20:25:00Z,2026-10-02T09:37:33+00:00
KXNFLRSHYDS-26OCT04KCLV,KXNFLRSHYDS,KXNFLRSHYDS-26OCT04KCLV-KCKWALKER9-100,Kenneth Walker III: 100+ rushing yards,0.3000,0.3900,0.3500,78.14,78.14,active,2026-10-06T20:25:00Z,2026-10-02T09:37:33+00:00
KXNFLRSHYDS-26OCT04KCLV,KXNFLRSHYDS,KXNFLRSHYDS-26OCT04KCLV-KCKWALKER9-50,Kenneth Walker III: 50+ rushing yards,0.7500,0.8400,0.8500,100.19,100.19,active,2026-10-06T20:25:00Z,2026-10-02T09:37:33+00:00
KXNFLRSHYDS-26OCT04KCLV,KXNFLRSHYDS,KXNFLRSHYDS-26OCT04KCLV-KCKWALKER9-60,Kenneth Walker III: 60+ rushing yards,0.6700,0.7500,0.7500,9.99,9.99,active,2026-10-06T20:25:00Z,2026-10-02T09:37:33+00:00
KXNFLRSHYDS-26OCT04KCLV,KXNFLRSHYDS,KXNFLRSHYDS-26OCT04KCLV-LVAJEANTY2-30,Ashton Jeanty: 30+ rushing yards,0.7900,0.8700,0.8500,74.98,74.98,active,2026-10-06T20:25:00Z,2026-10-02T09:37:33+00:00
KXNFLRSHYDS-26OCT04KCLV,KXNFLRSHYDS,KXNFLRSHYDS-26OCT04KCLV-LVAJEANTY2-40,Ashton Jeanty: 40+ rushing yards,0.6700,0.7400,0.7500,36.82,34.82,active,2026-10-06T20:25:00Z,2026-10-02T09:37:33+00:00
KXNFLRSHYDS-26OCT04KCLV,KXNFLRSHYDS,KXNFLRSHYDS-26OCT04KCLV-LVMWASHINGTON4-20,Mike Washington Jr.: 20+ rushing yards,0.3700,0.4400,0.4500,595.65,595.65,active,2026-10-06T20:25:00Z,2026-10-02T09:37:33+00:00
KXNFLRSHYDS-26OCT04KCLV,KXNFLRSHYDS,KXNFLRSHYDS-26OCT04KCLV-LVKCOUSINS8-15,Kirk Cousins: 15+ rushing yards,0.0900,0.1200,0.0000,0.00,0.00,active,2026-10-06T20:25:00Z,2026-10-02T09:37:33+00:00
KXNFLRSHYDS-26OCT04KCLV,KXNFLRSHYDS,KXNFLRSHYDS-26OCT04KCLV-LVAJEANTY2-100,Ashton Jeanty: 100+ rushing yards,0.0900,0.1600,0.1500,702.81,702.81,active,2026-10-06T20:25:00Z,2026-10-02T09:37:33+00:00
KXNFLRSHYDS-26OCT04KCLV,KXNFLRSHYDS,KXNFLRSHYDS-26OCT04KCLV-KCPMAHOMES15-15,Patrick Mahomes: 15+ rushing yards,0.4900,0.5300,0.5400,1157.92,1130.92,active,2026-10-06T20:25:00Z,2026-10-02T09:37:33+00:00
KXNFLRSHYDS-26OCT04KCLV,KXNFLRSHYDS,KXNFLRSHYDS-26OCT04KCLV-KCPMAHOMES15-30,Patrick Mahomes: 30+ rushing yards,0.2100,0.2300,0.2300,10.00,10.00,active,2026-10-06T20:25:00Z,2026-10-02T09:37:33+00:00
KXNFLRSHYDS-26OCT04KCLV,KXNFLRSHYDS,KXNFLRSHYDS-26OCT04KCLV-KCKWALKER9-150,Kenneth Walker III: 150+ rushing yards,0.0300,0.1100,0.0000,0.00,0.00,active,2026-10-06T20:25:00Z,2026-10-02T09:37:33+00:00
KXNFLRSHYDS-26OCT04KCLV,KXNFLRSHYDS,KXNFLRSHYDS-26OCT04KCLV-KCKWALKER9-160,Kenneth Walker III: 160+ rushing yards,0.0300,0.0900,0.1000,47.03,47.03,active,2026-10-06T20:25:00Z,2026-10-02T09:37:33+00:00
KXNFLRSHYDS-26OCT04KCLV,KXNFLRSHYDS,KXNFLRSHYDS-26OCT04KCLV-LVAJEANTY2-120,Ashton Jeanty: 120+ rushing yards,0.0300,0.0800,0.0000,0.00,0.00,active,2026-10-06T20:25:00Z,2026-10-02T09:37:33+00:00
KXNFLRSHYDS-26OCT04KCLV,KXNFLRSHYDS,KXNFLRSHYDS-26OCT04KCLV-KCKWALKER9-140,Kenneth Walker III: 140+ rushing yards,0.0500,0.1600,0.0000,0.00,0.00,active,2026-10-06T20:25:00Z,2026-10-02T09:37:33+00:00
KXNFLRSHYDS-26OCT04KCLV,KXNFLRSHYDS,KXNFLRSHYDS-26OCT04KCLV-KCKWALKER9-130,Kenneth Walker III: 130+ rushing yards,0.1100,0.1900,0.1900,56.59,56.59,active,2026-10-06T20:25:00Z,2026-10-02T09:37:33+00:00
KXNFLRSHYDS-26OCT04KCLV,KXNFLRSHYDS,KXNFLRSHYDS-26OCT04KCLV-KCEJOHNSON10-10,Emmett Johnson: 10+ rushing yards,0.6500,0.7000,0.0000,0.00,0.00,active,2026-10-06T20:25:00Z,2026-10-02T09:37:33+00:00
KXNFLRSHYDS-26OCT04KCLV,KXNFLRSHYDS,KXNFLRSHYDS-26OCT04KCLV-KCPMAHOMES15-10,Patrick Mahomes: 10+ rushing yards,0.6100,0.6700,0.6800,71.95,51.70,active,2026-10-06T20:25:00Z,2026-10-02T09:37:33+00:00
KXNFLRSHYDS-26OCT04KCLV,KXNFLRSHYDS,KXNFLRSHYDS-26OCT04KCLV-LVAJEANTY2-50,Ashton Jeanty: 50+ rushing yards,0.5400,0.6100,0.6200,135.86,81.11,active,2026-10-06T20:25:00Z,2026-10-02T09:37:33+00:00
KXNFLRSHYDS-26OCT04KCLV,KXNFLRSHYDS,KXNFLRSHYDS-26OCT04KCLV-LVMWASHINGTON4-40,Mike Washington Jr.: 40+ rushing yards,0.1000,0.1600,0.2600,3524.55,3524.55,active,2026-10-06T20:25:00Z,2026-10-02T09:37:33+00:00
KXNFLRSHYDS-26OCT04KCLV,KXNFLRSHYDS,KXNFLRSHYDS-26OCT04KCLV-LVMWASHINGTON4-30,Mike Washington Jr.: 30+ rushing yards,0.2000,0.2400,0.2500,38.00,38.00,active,2026-10-06T20:25:00Z,2026-10-02T09:37:33+00:00
KXNFLRSHYDS-26OCT04KCLV,KXNFLRSHYDS,KXNFLRSHYDS-26OCT04KCLV-LVAJEANTY2-70,Ashton Jeanty: 70+ rushing yards,0.3100,0.3700,0.3700,149.35,149.35,active,2026-10-06T20:25:00Z,2026-10-02T09:37:33+00:00
KXNFLRSHYDS-26OCT04KCLV,KXNFLRSHYDS,KXNFLRSHYDS-26OCT04KCLV-LVAJEANTY2-90,Ashton Jeanty: 90+ rushing yards,0.1300,0.1800,0.1900,198.29,198.29,active,2026-10-06T20:25:00Z,2026-10-02T09:37:33+00:00
KXNFLRSHYDS-26OCT04KCLV,KXNFLRSHYDS,KXNFLRSHYDS-26OCT04KCLV-LVAJEANTY2-80,Ashton Jeanty: 80+ rushing yards,0.1900,0.2800,0.2700,1087.63,1087.63,active,2026-10-06T20:25:00Z,2026-10-02T09:37:33+00:00
KXNFLRSHYDS-26OCT04KCLV,KXNFLRSHYDS,KXNFLRSHYDS-26OCT04KCLV-KCKWALKER9-120,Kenneth Walker III: 120+ rushing yards,0.1600,0.2500,0.2500,73.40,73.40,active,2026-10-06T20:25:00Z,2026-10-02T09:37:33+00:00
KXNFLRSHYDS-26OCT04LACSEA,KXNFLRSHYDS,KXNFLRSHYDS-26OCT04LACSEA-SEASDARNOLD14-5,Sam Darnold: 5+ rushing yards,0.4700,0.5000,0.0000,0.00,0.00,active,2026-10-06T20:25:00Z,2026-10-02T09:37:33+00:00
KXNFLRSHYDS-26OCT04LACSEA,KXNFLRSHYDS,KXNFLRSHYDS-26OCT04LACSEA-SEASDARNOLD14-25,Sam Darnold: 25+ rushing yards,0.0700,0.0900,0.0000,0.00,0.00,active,2026-10-06T20:25:00Z,2026-10-02T09:37:33+00:00
KXNFLRSHYDS-26OCT04LACSEA,KXNFLRSHYDS,KXNFLRSHYDS-26OCT04LACSEA-SEAEWILSON23-60,Emanuel Wilson: 60+ rushing yards,0.2900,0.3100,0.3300,3928.31,3400.15,active,2026-10-06T20:25:00Z,2026-10-02T09:37:33+00:00
KXNFLRSHYDS-26OCT04LACSEA,KXNFLRSHYDS,KXNFLRSHYDS-26OCT04LACSEA-LACOHAMPTON8-50,Omarion Hampton: 50+ rushing yards,0.4400,0.4500,0.4500,2299.87,2249.87,active,2026-10-06T20:25:00Z,2026-10-02T09:37:33+00:00
KXNFLRSHYDS-26OCT04LACSEA,KXNFLRSHYDS,KXNFLRSHYDS-26OCT04LACSEA-SEAJPRICE8-50,Jadarian Price: 50+ rushing yards,0.3800,0.4300,0.3900,14.91,14.91,active,2026-10-06T20:25:00Z,2026-10-02T09:37:33+00:00
KXNFLRSHYDS-26OCT04LACSEA,KXNFLRSHYDS,KXNFLRSHYDS-26OCT04LACSEA-LACJHERBERT10-30,Justin Herbert: 30+ rushing yards,0.3200,0.3300,0.0000,0.00,0.00,active,2026-10-06T20:25:00Z,2026-10-02T09:37:33+00:00
KXNFLRSHYDS-26OCT04LACSEA,KXNFLRSHYDS,KXNFLRSHYDS-26OCT04LACSEA-LACJHERBERT10-20,Justin Herbert: 20+ rushing yards,0.5200,0.5600,0.0000,0.00,0.00,active,2026-10-06T20:25:00Z,2026-10-02T09:37:33+00:00
KXNFLRSHYDS-26OCT04LACSEA,KXNFLRSHYDS,KXNFLRSHYDS-26OCT04LACSEA-SEASDARNOLD14-10,Sam Darnold: 10+ rushing yards,0.3100,0.3300,0.3300,43.41,43.41,active,2026-10-06T20:25:00Z,2026-10-02T09:37:33+00:00
KXNFLRSHYDS-26OCT04LACSEA,KXNFLRSHYDS,KXNFLRSHYDS-26OCT04LACSEA-SEAEWILSON23-25,Emanuel Wilson: 25+ rushing yards,0.6400,0.7900,0.0000,0.00,0.00,active,2026-10-06T20:25:00Z,2026-10-02T09:37:33+00:00
KXNFLRSHYDS-26OCT04LACSEA,KXNFLRSHYDS,KXNFLRSHYDS-26OCT04LACSEA-SEAEWILSON23-110,Emanuel Wilson: 110+ rushing yards,0.0100,0.0500,0.0500,1122.60,1122.60,active,2026-10-06T20:25:00Z,2026-10-02T09:37:33+00:00
KXNFLRSHYDS-26OCT04LACSEA,KXNFLRSHYDS,KXNFLRSHYDS-26OCT04LACSEA-LACJHERBERT10-25,Justin Herbert: 25+ rushing yards,0.4000,0.4200,0.0000,0.00,0.00,active,2026-10-06T20:25:00Z,2026-10-02T09:37:33+00:00
KXNFLRSHYDS-26OCT04LACSEA,KXNFLRSHYDS,KXNFLRSHYDS-26OCT04LACSEA-SEAEWILSON23-100,Emanuel Wilson: 100+ rushing yards,0.0200,0.0800,0.0600,1219.74,1219.74,active,2026-10-06T20:25:00Z,2026-10-02T09:37:33+00:00
KXNFLRSHYDS-26OCT04LACSEA,KXNFLRSHYDS,KXNFLRSHYDS-26OCT04LACSEA-LACOHAMPTON8-110,Omarion Hampton: 110+ rushing yards,0.0100,0.0600,0.0000,0.00,0.00,active,2026-10-06T20:25:00Z,2026-10-02T09:37:33+00:00
KXNFLRSHYDS-26OCT04LACSEA,KXNFLRSHYDS,KXNFLRSHYDS-26OCT04LACSEA-LACJHERBERT10-60,Justin Herbert: 60+ rushing yards,0.0100,0.0600,0.0000,0.00,0.00,active,2026-10-06T20:25:00Z,2026-10-02T09:37:33+00:00
KXNFLRSHYDS-26OCT04LACSEA,KXNFLRSHYDS,KXNFLRSHYDS-26OCT04LACSEA-LACJHERBERT10-15,Justin Herbert: 15+ rushing yards,0.6400,0.6900,0.0000,0.00,0.00,active,2026-10-06T20:25:00Z,2026-10-02T09:37:33+00:00
KXNFLRSHYDS-26OCT04LACSEA,KXNFLRSHYDS,KXNFLRSHYDS-26OCT04LACSEA-LACJHERBERT10-50,Justin Herbert: 50+ rushing yards,0.0200,0.1000,0.0000,0.00,0.00,active,2026-10-06T20:25:00Z,2026-10-02T09:37:33+00:00
KXNFLRSHYDS-26OCT04LACSEA,KXNFLRSHYDS,KXNFLRSHYDS-26OCT04LACSEA-LACJHERBERT10-40,Justin Herbert: 40+ rushing yards,0.1600,0.1800,0.1400,250.74,250.74,active,2026-10-06T20:25:00Z,2026-10-02T09:37:33+00:00
KXNFLRSHYDS-26OCT04LACSEA,KXNFLRSHYDS,KXNFLRSHYDS-26OCT04LACSEA-LACOHAMPTON8-70,Omarion Hampton: 70+ rushing yards,0.2100,0.2300,0.2400,37.31,37.31,active,2026-10-06T20:25:00Z,2026-10-02T09:37:33+00:00
KXNFLRSHYDS-26OCT04LACSEA,KXNFLRSHYDS,KXNFLRSHYDS-26OCT04LACSEA-SEASDARNOLD14-30,Sam Darnold: 30+ rushing yards,0.0400,0.0800,0.0000,0.00,0.00,active,2026-10-06T20:25:00Z,2026-10-02T09:37:33+00:00
KXNFLRSHYDS-26OCT04LACSEA,KXNFLRSHYDS,KXNFLRSHYDS-26OCT04LACSEA-SEAJPRICE8-110,Jadarian Price: 110+ rushing yards,0.0100,0.0600,0.0500,18.75,18.75,active,2026-10-06T20:25:00Z,2026-10-02T09:37:33+00:00
KXNFLRSHYDS-26OCT04LACSEA,KXNFLRSHYDS,KXNFLRSHYDS-26OCT04LACSEA-SEAJPRICE8-60,Jadarian Price: 60+ rushing yards,0.2600,0.3200,0.2700,7.17,7.17,active,2026-10-06T20:25:00Z,2026-10-02T09:37:33+00:00
KXNFLRSHYDS-26OCT04LACSEA,KXNFLRSHYDS,KXNFLRSHYDS-26OCT04LACSEA-SEAJPRICE8-25,Jadarian Price: 25+ rushing yards,0.6200,0.8000,0.0000,0.00,0.00,active,2026-10-06T20:25:00Z,2026-10-02T09:37:33+00:00
KXNFLRSHYDS-26OCT04LACSEA,KXNFLRSHYDS,KXNFLRSHYDS-26OCT04LACSEA-SEASDARNOLD14-20,Sam Darnold: 20+ rushing yards,0.1300,0.1400,0.0000,0.00,0.00,active,2026-10-06T20:25:00Z,2026-10-02T09:37:33+00:00
KXNFLRSHYDS-26OCT04LACSEA,KXNFLRSHYDS,KXNFLRSHYDS-26OCT04LACSEA-SEAJPRICE8-90,Jadarian Price: 90+ rushing yards,0.0200,0.1100,0.0900,10.44,10.44,active,2026-10-06T20:25:00Z,2026-10-02T09:37:33+00:00
KXNFLRSHYDS-26OCT04LACSEA,KXNFLRSHYDS,KXNFLRSHYDS-26OCT04LACSEA-SEASDARNOLD14-15,Sam Darnold: 15+ rushing yards,0.1900,0.2200,0.0000,0.00,0.00,active,2026-10-06T20:25:00Z,2026-10-02T09:37:33+00:00
KXNFLRSHYDS-26OCT04LACSEA,KXNFLRSHYDS,KXNFLRSHYDS-26OCT04LACSEA-SEAJPRICE8-80,Jadarian Price: 80+ rushing yards,0.0200,0.1500,0.0800,11.84,11.84,active,2026-10-06T20:25:00Z,2026-10-02T09:37:33+00:00
KXNFLRSHYDS-26OCT04LACSEA,KXNFLRSHYDS,KXNFLRSHYDS-26OCT04LACSEA-SEAEWILSON23-30,Emanuel Wilson: 30+ rushing yards,0.6000,0.7200,0.6600,153.72,153.72,active,2026-10-06T20:25:00Z,2026-10-02T09:37:33+00:00
KXNFLRSHYDS-26OCT04LACSEA,KXNFLRSHYDS,KXNFLRSHYDS-26OCT04LACSEA-SEAJPRICE8-100,Jadarian Price: 100+ rushing yards,0.0200,0.0800,0.0700,13.41,13.41,active,2026-10-06T20:25:00Z,2026-10-02T09:37:33+00:00
KXNFLRSHYDS-26OCT04LACSEA,KXNFLRSHYDS,KXNFLRSHYDS-26OCT04LACSEA-LACJHERBERT10-10,Justin Herbert: 10+ rushing yards,0.7300,0.7900,0.0000,0.00,0.00,active,2026-10-06T20:25:00Z,2026-10-02T09:37:33+00:00
KXNFLRSHYDS-26OCT04LACSEA,KXNFLRSHYDS,KXNFLRSHYDS-26OCT04LACSEA-SEAJPRICE8-20,Jadarian Price: 20+ rushing yards,0.7400,0.8400,0.7900,18.00,18.00,active,2026-10-06T20:25:00Z,2026-10-02T09:37:33+00:00
KXNFLRSHYDS-26OCT04LACSEA,KXNFLRSHYDS,KXNFLRSHYDS-26OCT04LACSEA-LACOHAMPTON8-100,Omarion Hampton: 100+ rushing yards,0.0200,0.0800,0.0000,0.00,0.00,active,2026-10-06T20:25:00Z,2026-10-02T09:37:33+00:00
KXNFLRSHYDS-26OCT04LACSEA,KXNFLRSHYDS,KXNFLRSHYDS-26OCT04LACSEA-LACOHAMPTON8-90,Omarion Hampton: 90+ rushing yards,0.0300,0.1100,0.1100,48.81,48.81,active,2026-10-06T20:25:00Z,2026-10-02T09:37:33+00:00
KXNFLRSHYDS-26OCT04LACSEA,KXNFLRSHYDS,KXNFLRSHYDS-26OCT04LACSEA-LACOHAMPTON8-30,Omarion Hampton: 30+ rushing yards,0.7300,0.7600,0.0000,0.00,0.00,active,2026-10-06T20:25:00Z,2026-10-02T09:37:33+00:00
KXNFLRSHYDS-26OCT04LACSEA,KXNFLRSHYDS,KXNFLRSHYDS-26OCT04LACSEA-LACOHAMPTON8-60,Omarion Hampton: 60+ rushing yards,0.3100,0.3400,0.0000,0.00,0.00,active,2026-10-06T20:25:00Z,2026-10-02T09:37:33+00:00
KXNFLRSHYDS-26OCT04LACSEA,KXNFLRSHYDS,KXNFLRSHYDS-26OCT04LACSEA-LACOHAMPTON8-40,Omarion Hampton: 40+ rushing yards,0.4700,0.6100,0.5700,50.75,35.21,active,2026-10-06T20:25:00Z,2026-10-02T09:37:33+00:00
KXNFLRSHYDS-26OCT04LACSEA,KXNFLRSHYDS,KXNFLRSHYDS-26OCT04LACSEA-SEAJPRICE8-70,Jadarian Price: 70+ rushing yards,0.0800,0.2200,0.2200,116.73,116.73,active,2026-10-06T20:25:00Z,2026-10-02T09:37:33+00:00
KXNFLRSHYDS-26OCT04LACSEA,KXNFLRSHYDS,KXNFLRSHYDS-26OCT04LACSEA-LACOHAMPTON8-80,Omarion Hampton: 80+ rushing yards,0.0600,0.1500,0.1800,275.42,275.42,active,2026-10-06T20:25:00Z,2026-10-02T09:37:33+00:00
KXNFLRSHYDS-26OCT04LACSEA,KXNFLRSHYDS,KXNFLRSHYDS-26OCT04LACSEA-SEAJPRICE8-40,Jadarian Price: 40+ rushing yards,0.4800,0.5400,0.4800,3237.06,2895.02,active,2026-10-06T20:25:00Z,2026-10-02T09:37:33+00:00
KXNFLRSHYDS-26OCT04LACSEA,KXNFLRSHYDS,KXNFLRSHYDS-26OCT04LACSEA-SEAJPRICE8-30,Jadarian Price: 30+ rushing yards,0.6300,0.6900,0.6700,2.00,2.00,active,2026-10-06T20:25:00Z,2026-10-02T09:37:33+00:00
KXNFLRSHYDS-26OCT04LACSEA,KXNFLRSHYDS,KXNFLRSHYDS-26OCT04LACSEA-SEAEWILSON23-20,Emanuel Wilson: 20+ rushing yards,0.7100,0.8600,0.8100,418.35,418.00,active,2026-10-06T20:25:00Z,2026-10-02T09:37:33+00:00
KXNFLRSHYDS-26OCT04LACSEA,KXNFLRSHYDS,KXNFLRSHYDS-26OCT04LACSEA-LACOHAMPTON8-25,Omarion Hampton: 25+ rushing yards,0.7600,0.8400,0.8000,401.78,401.78,active,2026-10-06T20:25:00Z,2026-10-02T09:37:33+00:00
KXNFLRSHYDS-26OCT04LACSEA,KXNFLRSHYDS,KXNFLRSHYDS-26OCT04LACSEA-SEAEWILSON23-90,Emanuel Wilson: 90+ rushing yards,0.0600,0.1000,0.0800,1268.32,1268.32,active,2026-10-06T20:25:00Z,2026-10-02T09:37:33+00:00
KXNFLRSHYDS-26OCT04LACSEA,KXNFLRSHYDS,KXNFLRSHYDS-26OCT04LACSEA-SEAEWILSON23-80,Emanuel Wilson: 80+ rushing yards,0.1200,0.1500,0.1600,1438.71,1438.71,active,2026-10-06T20:25:00Z,2026-10-02T09:37:33+00:00
KXNFLRSHYDS-26OCT04LACSEA,KXNFLRSHYDS,KXNFLRSHYDS-26OCT04LACSEA-SEAEWILSON23-50,Emanuel Wilson: 50+ rushing yards,0.4000,0.4200,0.3500,747.65,747.65,active,2026-10-06T20:25:00Z,2026-10-02T09:37:33+00:00
KXNFLRSHYDS-26OCT04LACSEA,KXNFLRSHYDS,KXNFLRSHYDS-26OCT04LACSEA-SEAEWILSON23-40,Emanuel Wilson: 40+ rushing yards,0.4600,0.5300,0.5500,6005.88,5987.94,active,2026-10-06T20:25:00Z,2026-10-02T09:37:33+00:00
KXNFLRSHYDS-26OCT04LACSEA,KXNFLRSHYDS,KXNFLRSHYDS-26OCT04LACSEA-SEAEWILSON23-70,Emanuel Wilson: 70+ rushing yards,0.1000,0.2000,0.1800,2359.03,2359.03,active,2026-10-06T20:25:00Z,2026-10-02T09:37:33+00:00
KXNFLRSHYDS-26OCT04LARPHI,KXNFLRSHYDS,KXNFLRSHYDS-26OCT04LARPHI-PHISBARKLEY26-160,Saquon Barkley: 160+ rushing yards,0.0100,0.0300,0.0000,0.00,0.00,active,2026-10-06T17:00:00Z,2026-10-02T09:37:33+00:00
KXNFLRSHYDS-26OCT04LARPHI,KXNFLRSHYDS,KXNFLRSHYDS-26OCT04LARPHI-PHITBIGSBY8-25,Tank Bigsby: 25+ rushing yards,0.1700,0.2000,0.0000,0.00,0.00,active,2026-10-06T17:00:00Z,2026-10-02T09:37:33+00:00
KXNFLRSHYDS-26OCT04LARPHI,KXNFLRSHYDS,KXNFLRSHYDS-26OCT04LARPHI-PHITBIGSBY8-40,Tank Bigsby: 40+ rushing yards,0.0200,0.0700,0.0000,0.00,0.00,active,2026-10-06T17:00:00Z,2026-10-02T09:37:33+00:00
KXNFLRSHYDS-26OCT04LARPHI,KXNFLRSHYDS,KXNFLRSHYDS-26OCT04LARPHI-PHITBIGSBY8-30,Tank Bigsby: 30+ rushing yards,0.1300,0.1400,0.0000,0.00,0.00,active,2026-10-06T17:00:00Z,2026-10-02T09:37:33+00:00
KXNFLRSHYDS-26OCT04LARPHI,KXNFLRSHYDS,KXNFLRSHYDS-26OCT04LARPHI-PHITBIGSBY8-20,Tank Bigsby: 20+ rushing yards,0.2700,0.2900,0.0000,0.00,0.00,active,2026-10-06T17:00:00Z,2026-10-02T09:37:33+00:00
KXNFLRSHYDS-26OCT04LARPHI,KXNFLRSHYDS,KXNFLRSHYDS-26OCT04LARPHI-LARBCORUM24-60,Blake Corum: 60+ rushing yards,0.2400,0.2500,0.2500,10.00,10.00,active,2026-10-06T17:00:00Z,2026-10-02T09:37:33+00:00
KXNFLRSHYDS-26OCT04LARPHI,KXNFLRSHYDS,KXNFLRSHYDS-26OCT04LARPHI-PHIJHURTS1-50,Jalen Hurts: 50+ rushing yards,0.1400,0.1600,0.1200,8.00,8.00,active,2026-10-06T17:00:00Z,2026-10-02T09:37:33+00:00
KXNFLRSHYDS-26OCT04LARPHI,KXNFLRSHYDS,KXNFLRSHYDS-26OCT04LARPHI-PHITBIGSBY8-15,Tank Bigsby: 15+ rushing yards,0.3600,0.3900,0.0000,0.00,0.00,active,2026-10-06T17:00:00Z,2026-10-02T09:37:33+00:00
KXNFLRSHYDS-26OCT04LARPHI,KXNFLRSHYDS,KXNFLRSHYDS-26OCT04LARPHI-LARBCORUM24-100,Blake Corum: 100+ rushing yards,0.0100,0.0600,0.0000,0.00,0.00,active,2026-10-06T17:00:00Z,2026-10-02T09:37:33+00:00
KXNFLRSHYDS-26OCT04LARPHI,KXNFLRSHYDS,KXNFLRSHYDS-26OCT04LARPHI-LARMSTAFFORD9-20,Matthew Stafford: 20+ rushing yards,0.0200,0.0900,0.0000,0.00,0.00,active,2026-10-06T17:00:00Z,2026-10-02T09:37:33+00:00
KXNFLRSHYDS-26OCT04LARPHI,KXNFLRSHYDS,KXNFLRSHYDS-26OCT04LARPHI-LARMSTAFFORD9-25,Matthew Stafford: 25+ rushing yards,0.0100,0.0600,0.0000,0.00,0.00,active,2026-10-06T17:00:00Z,2026-10-02T09:37:33+00:00
KXNFLRSHYDS-26OCT04LARPHI,KXNFLRSHYDS,KXNFLRSHYDS-26OCT04LARPHI-LARMSTAFFORD9-10,Matthew Stafford: 10+ rushing yards,0.0600,0.2000,0.1800,6.55,6.55,active,2026-10-06T17:00:00Z,2026-10-02T09:37:33+00:00
KXNFLRSHYDS-26OCT04LARPHI,KXNFLRSHYDS,KXNFLRSHYDS-26OCT04LARPHI-LARMSTAFFORD9-15,Matthew Stafford: 15+ rushing yards,0.0200,0.1300,0.0000,0.00,0.00,active,2026-10-06T17:00:00Z,2026-10-02T09:37:33+00:00
KXNFLRSHYDS-26OCT04LARPHI,KXNFLRSHYDS,KXNFLRSHYDS-26OCT04LARPHI-PHITBIGSBY8-10,Tank Bigsby: 10+ rushing yards,0.4700,0.5200,0.4500,18.28,18.28,active,2026-10-06T17:00:00Z,2026-10-02T09:37:33+00:00
KXNFLRSHYDS-26OCT04LARPHI,KXNFLRSHYDS,KXNFLRSHYDS-26OCT04LARPHI-PHIJHURTS1-10,Jalen Hurts: 10+ rushing yards,0.7900,0.8500,0.0000,0.00,0.00,active,2026-10-06T17:00:00Z,2026-10-02T09:37:33+00:00
KXNFLRSHYDS-26OCT04LARPHI,KXNFLRSHYDS,KXNFLRSHYDS-26OCT04LARPHI-LARBCORUM24-90,Blake Corum: 90+ rushing yards,0.0500,0.0900,0.0000,0.00,0.00,active,2026-10-06T17:00:00Z,2026-10-02T09:37:33+00:00
KXNFLRSHYDS-26OCT04LARPHI,KXNFLRSHYDS,KXNFLRSHYDS-26OCT04LARPHI-PHIJHURTS1-15,Jalen Hurts: 15+ rushing yards,0.7000,0.7500,0.0000,0.00,0.00,active,2026-10-06T17:00:00Z,2026-10-02T09:37:33+00:00
KXNFLRSHYDS-26OCT04LARPHI,KXNFLRSHYDS,KXNFLRSHYDS-26OCT04LARPHI-LARKWILLIAMS23-110,Kyren Williams: 110+ rushing yards,0.0500,0.1000,0.0000,0.00,0.00,active,2026-10-06T17:00:00Z,2026-10-02T09:37:33+00:00
KXNFLRSHYDS-26OCT04LARPHI,KXNFLRSHYDS,KXNFLRSHYDS-26OCT04LARPHI-LARKWILLIAMS23-120,Kyren Williams: 120+ rushing yards,0.0200,0.0900,0.0000,0.00,0.00,active,2026-10-06T17:00:00Z,2026-10-02T09:37:33+00:00
KXNFLRSHYDS-26OCT04LARPHI,KXNFLRSHYDS,KXNFLRSHYDS-26OCT04LARPHI-LARKWILLIAMS23-90,Kyren Williams: 90+ rushing yards,0.0500,0.1800,0.1900,1253.70,1253.70,active,2026-10-06T17:00:00Z,2026-10-02T09:37:33+00:00
KXNFLRSHYDS-26OCT04LARPHI,KXNFLRSHYDS,KXNFLRSHYDS-26OCT04LARPHI-PHIJHURTS1-60,Jalen Hurts: 60+ rushing yards,0.0200,0.1000,0.0000,0.00,0.00,active,2026-10-06T17:00:00Z,2026-10-02T09:37:33+00:00
KXNFLRSHYDS-26OCT04LARPHI,KXNFLRSHYDS,KXNFLRSHYDS-26OCT04LARPHI-LARKWILLIAMS23-30,Kyren Williams: 30+ rushing yards,0.7000,0.8700,0.0000,0.00,0.00,active,2026-10-06T17:00:00Z,2026-10-02T09:37:33+00:00
KXNFLRSHYDS-26OCT04LARPHI,KXNFLRSHYDS,KXNFLRSHYDS-26OCT04LARPHI-LARBCORUM24-25,Blake Corum: 25+ rushing yards,0.7400,0.7700,0.0000,0.00,0.00,active,2026-10-06T17:00:00Z,2026-10-02T09:37:33+00:00
KXNFLRSHYDS-26OCT04LARPHI,KXNFLRSHYDS,KXNFLRSHYDS-26OCT04LARPHI-LARBCORUM24-30,Blake Corum: 30+ rushing yards,0.6600,0.6900,0.0000,0.00,0.00,active,2026-10-06T17:00:00Z,2026-10-02T09:37:33+00:00
KXNFLRSHYDS-26OCT04LARPHI,KXNFLRSHYDS,KXNFLRSHYDS-26OCT04LARPHI-PHIJHURTS1-70,Jalen Hurts: 70+ rushing yards,0.0100,0.0700,0.0000,0.00,0.00,active,2026-10-06T17:00:00Z,2026-10-02T09:37:33+00:00
KXNFLRSHYDS-26OCT04LARPHI,KXNFLRSHYDS,KXNFLRSHYDS-26OCT04LARPHI-PHIJHURTS1-20,Jalen Hurts: 20+ rushing yards,0.5800,0.6400,0.0000,0.00,0.00,active,2026-10-06T17:00:00Z,2026-10-02T09:37:33+00:00
KXNFLRSHYDS-26OCT04LARPHI,KXNFLRSHYDS,KXNFLRSHYDS-26OCT04LARPHI-PHISBARKLEY26-150,Saquon Barkley: 150+ rushing yards,0.0100,0.0400,0.0000,0.00,0.00,active,2026-10-06T17:00:00Z,2026-10-02T09:37:33+00:00
KXNFLRSHYDS-26OCT04LARPHI,KXNFLRSHYDS,KXNFLRSHYDS-26OCT04LARPHI-LARBCORUM24-40,Blake Corum: 40+ rushing yards,0.5000,0.5200,0.5200,39.45,39.45,active,2026-10-06T17:00:00Z,2026-10-02T09:37:33+00:00
KXNFLRSHYDS-26OCT04LARPHI,KXNFLRSHYDS,KXNFLRSHYDS-26OCT04LARPHI-PHISBARKLEY26-140,Saquon Barkley: 140+ rushing yards,0.0100,0.0600,0.0000,0.00,0.00,active,2026-10-06T17:00:00Z,2026-10-02T09:37:33+00:00
KXNFLRSHYDS-26OCT04LARPHI,KXNFLRSHYDS,KXNFLRSHYDS-26OCT04LARPHI-PHISBARKLEY26-130,Saquon Barkley: 130+ rushing yards,0.0200,0.0800,0.0000,0.00,0.00,active,2026-10-06T17:00:00Z,2026-10-02T09:37:33+00:00
KXNFLRSHYDS-26OCT04LARPHI,KXNFLRSHYDS,KXNFLRSHYDS-26OCT04LARPHI-LARBCORUM24-70,Blake Corum: 70+ rushing yards,0.0300,0.1800,0.0000,0.00,0.00,active,2026-10-06T17:00:00Z,2026-10-02T09:37:33+00:00
KXNFLRSHYDS-26OCT04LARPHI,KXNFLRSHYDS,KXNFLRSHYDS-26OCT04LARPHI-PHISBARKLEY26-120,Saquon Barkley: 120+ rushing yards,0.0500,0.1100,0.1900,49.80,49.80,active,2026-10-06T17:00:00Z,2026-10-02T09:37:33+00:00
KXNFLRSHYDS-26OCT04LARPHI,KXNFLRSHYDS,KXNFLRSHYDS-26OCT04LARPHI-PHISBARKLEY26-60,Saquon Barkley: 60+ rushing yards,0.4900,0.6400,0.0000,0.00,0.00,active,2026-10-06T17:00:00Z,2026-10-02T09:37:33+00:00
KXNFLRSHYDS-26OCT04LARPHI,KXNFLRSHYDS,KXNFLRSHYDS-26OCT04LARPHI-LARKWILLIAMS23-40,Kyren Williams: 40+ rushing yards,0.6200,0.7400,0.7300,940.59,927.59,active,2026-10-06T17:00:00Z,2026-10-02T09:37:33+00:00
KXNFLRSHYDS-26OCT04LARPHI,KXNFLRSHYDS,KXNFLRSHYDS-26OCT04LARPHI-PHISBARKLEY26-100,Saquon Barkley: 100+ rushing yards,0.1200,0.2300,0.0000,0.00,0.00,active,2026-10-06T17:00:00Z,2026-10-02T09:37:33+00:00
KXNFLRSHYDS-26OCT04LARPHI,KXNFLRSHYDS,KXNFLRSHYDS-26OCT04LARPHI-LARBCORUM24-20,Blake Corum: 20+ rushing yards,0.7100,0.8500,0.7900,21.00,21.00,active,2026-10-06T17:00:00Z,2026-10-02T09:37:33+00:00
KXNFLRSHYDS-26OCT04LARPHI,KXNFLRSHYDS,KXNFLRSHYDS-26OCT04LARPHI-PHISBARKLEY26-90,Saquon Barkley: 90+ rushing yards,0.1500,0.3100,0.4100,23.23,23.23,active,2026-10-06T17:00:00Z,2026-10-02T09:37:33+00:00
KXNFLRSHYDS-26OCT04LARPHI,KXNFLRSHYDS,KXNFLRSHYDS-26OCT04LARPHI-PHISBARKLEY26-50,Saquon Barkley: 50+ rushing yards,0.6300,0.7600,0.7500,7.48,7.48,active,2026-10-06T17:00:00Z,2026-10-02T09:37:33+00:00
KXNFLRSHYDS-26OCT04LARPHI,KXNFLRSHYDS,KXNFLRSHYDS-26OCT04LARPHI-LARKWILLIAMS23-80,Kyren Williams: 80+ rushing yards,0.2300,0.2700,0.2900,962.93,962.93,active,2026-10-06T17:00:00Z,2026-10-02T09:37:33+00:00
KXNFLRSHYDS-26OCT04LARPHI,KXNFLRSHYDS,KXNFLRSHYDS-26OCT04LARPHI-LARKWILLIAMS23-100,Kyren Williams: 100+ rushing yards,0.0200,0.1300,0.0000,0.00,0.00,active,2026-10-06T17:00:00Z,2026-10-02T09:37:33+00:00
KXNFLRSHYDS-26OCT04LARPHI,KXNFLRSHYDS,KXNFLRSHYDS-26OCT04LARPHI-PHIJHURTS1-40,Jalen Hurts: 40+ rushing yards,0.2400,0.2700,0.2200,4.00,4.00,active,2026-10-06T17:00:00Z,2026-10-02T09:37:33+00:00
KXNFLRSHYDS-26OCT04LARPHI,KXNFLRSHYDS,KXNFLRSHYDS-26OCT04LARPHI-LARKWILLIAMS23-60,Kyren Williams: 60+ rushing yards,0.4700,0.4900,0.4900,2643.94,2643.94,active,2026-10-06T17:00:00Z,2026-10-02T09:37:33+00:00
KXNFLRSHYDS-26OCT04LARPHI,KXNFLRSHYDS,KXNFLRSHYDS-26OCT04LARPHI-LARBCORUM24-80,Blake Corum: 80+ rushing yards,0.0200,0.1200,0.0000,0.00,0.00,active,2026-10-06T17:00:00Z,2026-10-02T09:37:33+00:00
KXNFLRSHYDS-26OCT04LARPHI,KXNFLRSHYDS,KXNFLRSHYDS-26OCT04LARPHI-PHIJHURTS1-30,Jalen Hurts: 30+ rushing yards,0.4000,0.4300,0.0000,0.00,0.00,active,2026-10-06T17:00:00Z,2026-10-02T09:37:33+00:00
KXNFLRSHYDS-26OCT04LARPHI,KXNFLRSHYDS,KXNFLRSHYDS-26OCT04LARPHI-LARBCORUM24-50,Blake Corum: 50+ rushing yards,0.3600,0.3700,0.0000,0.00,0.00,active,2026-10-06T17:00:00Z,2026-10-02T09:37:33+00:00
KXNFLRSHYDS-26OCT04LARPHI,KXNFLRSHYDS,KXNFLRSHYDS-26OCT04LARPHI-LARKWILLIAMS23-50,Kyren Williams: 50+ rushing yards,0.5700,0.6200,0.6200,352.84,352.84,active,2026-10-06T17:00:00Z,2026-10-02T09:37:33+00:00
KXNFLRSHYDS-26OCT04LARPHI,KXNFLRSHYDS,KXNFLRSHYDS-26OCT04LARPHI-LARKWILLIAMS23-70,Kyren Williams: 70+ rushing yards,0.2200,0.3600,0.3600,866.82,866.82,active,2026-10-06T17:00:00Z,2026-10-02T09:37:33+00:00
KXNFLRSHYDS-26OCT04LARPHI,KXNFLRSHYDS,KXNFLRSHYDS-26OCT04LARPHI-PHIJHURTS1-25,Jalen Hurts: 25+ rushing yards,0.5200,0.5300,0.5200,2093.47,2066.00,active,2026-10-06T17:00:00Z,2026-10-02T09:37:33+00:00
KXNFLRSHYDS-26OCT04LARPHI,KXNFLRSHYDS,KXNFLRSHYDS-26OCT04LARPHI-PHISBARKLEY26-70,Saquon Barkley: 70+ rushing yards,0.4800,0.5100,0.5100,63.53,63.53,active,2026-10-06T17:00:00Z,2026-10-02T09:37:33+00:00
KXNFLRSHYDS-26OCT04LARPHI,KXNFLRSHYDS,KXNFLRSHYDS-26OCT04LARPHI-PHISBARKLEY26-80,Saquon Barkley: 80+ rushing yards,0.2700,0.3900,0.3900,2464.05,2432.95,active,2026-10-06T17:00:00Z,2026-10-02T09:37:33+00:00
KXNFLRSHYDS-26OCT04LARPHI,KXNFLRSHYDS,KXNFLRSHYDS-26OCT04LARPHI-PHISBARKLEY26-110,Saquon Barkley: 110+ rushing yards,0.0500,0.1600,0.0000,0.00,0.00,active,2026-10-06T17:00:00Z,2026-10-02T09:37:33+00:00
KXNFLRSHYDS-26OCT04MIAMIN,KXNFLRSHYDS,KXNFLRSHYDS-26OCT04MIAMIN-MIAJWRIGHT5-10,Jaylen Wright: 10+ rushing yards,0.7700,0.8300,0.0000,0.00,0.00,active,2026-10-06T20:05:00Z,2026-10-02T09:37:33+00:00
KXNFLRSHYDS-26OCT04MIAMIN,KXNFLRSHYDS,KXNFLRSHYDS-26OCT04MIAMIN-MIAJWRIGHT5-50,Jaylen Wright: 50+ rushing yards,0.2000,0.2100,0.0000,0.00,0.00,active,2026-10-06T20:05:00Z,2026-10-02T09:37:33+00:00
KXNFLRSHYDS-26OCT04MIAMIN,KXNFLRSHYDS,KXNFLRSHYDS-26OCT04MIAMIN-MIAJWRIGHT5-25,Jaylen Wright: 25+ rushing yards,0.5500,0.5900,0.0000,0.00,0.00,active,2026-10-06T20:05:00Z,2026-10-02T09:37:33+00:00
KXNFLRSHYDS-26OCT04MIAMIN,KXNFLRSHYDS,KXNFLRSHYDS-26OCT04MIAMIN-MIAJWRIGHT5-15,Jaylen Wright: 15+ rushing yards,0.7200,0.7800,0.0000,0.00,0.00,active,2026-10-06T20:05:00Z,2026-10-02T09:37:33+00:00
KXNFLRSHYDS-26OCT04MIAMIN,KXNFLRSHYDS,KXNFLRSHYDS-26OCT04MIAMIN-MINKMURRAY1-60,Kyler Murray: 60+ rushing yards,0.0500,0.0800,0.0000,0.00,0.00,active,2026-10-06T20:05:00Z,2026-10-02T09:37:33+00:00
KXNFLRSHYDS-26OCT04MIAMIN,KXNFLRSHYDS,KXNFLRSHYDS-26OCT04MIAMIN-MIAJWRIGHT5-20,Jaylen Wright: 20+ rushing yards,0.6200,0.6800,0.0000,0.00,0.00,active,2026-10-06T20:05:00Z,2026-10-02T09:37:33+00:00
KXNFLRSHYDS-26OCT04MIAMIN,KXNFLRSHYDS,KXNFLRSHYDS-26OCT04MIAMIN-MIAJWRIGHT5-40,Jaylen Wright: 40+ rushing yards,0.3100,0.3300,0.3100,17.60,17.60,active,2026-10-06T20:05:00Z,2026-10-02T09:37:33+00:00
KXNFLRSHYDS-26OCT04MIAMIN,KXNFLRSHYDS,KXNFLRSHYDS-26OCT04MIAMIN-MIAJWRIGHT5-70,Jaylen Wright: 70+ rushing yards,0.0200,0.1000,0.0000,0.00,0.00,active,2026-10-06T20:05:00Z,2026-10-02T09:37:33+00:00
KXNFLRSHYDS-26OCT04MIAMIN,KXNFLRSHYDS,KXNFLRSHYDS-26OCT04MIAMIN-MIAJWRIGHT5-30,Jaylen Wright: 30+ rushing yards,0.4700,0.4900,0.4900,147.52,147.52,active,2026-10-06T20:05:00Z,2026-10-02T09:37:33+00:00
KXNFLRSHYDS-26OCT04MIAMIN,KXNFLRSHYDS,KXNFLRSHYDS-26OCT04MIAMIN-MIAMWASHINGTON6-15,Malik Washington: 15+ rushing yards,0.1500,0.1800,0.0000,0.00,0.00,active,2026-10-06T20:05:00Z,2026-10-02T09:37:33+00:00
KXNFLRSHYDS-26OCT04MIAMIN,KXNFLRSHYDS,KXNFLRSHYDS-26OCT04MIAMIN-MIAJWRIGHT5-80,Jaylen Wright: 80+ rushing yards,0.0100,0.0700,0.0000,0.00,0.00,active,2026-10-06T20:05:00Z,2026-10-02T09:37:33+00:00
KXNFLRSHYDS-26OCT04MIAMIN,KXNFLRSHYDS,KXNFLRSHYDS-26OCT04MIAMIN-MIAOGORDON0-90,Ollie Gordon II: 90+ rushing yards,0.0100,0.0700,0.0000,0.00,0.00,active,2026-10-06T20:05:00Z,2026-10-02T09:37:33+00:00
KXNFLRSHYDS-26OCT04MIAMIN,KXNFLRSHYDS,KXNFLRSHYDS-26OCT04MIAMIN-MIAOGORDON0-15,Ollie Gordon II: 15+ rushing yards,0.5600,0.7000,0.7200,100.01,100.01,active,2026-10-06T20:05:00Z,2026-10-02T09:37:33+00:00
KXNFLRSHYDS-26OCT04MIAMIN,KXNFLRSHYDS,KXNFLRSHYDS-26OCT04MIAMIN-MINKMURRAY1-20,Kyler Murray: 20+ rushing yards,0.5300,0.5500,0.5400,1930.65,1930.65,active,2026-10-06T20:05:00Z,2026-10-02T09:37:33+00:00
KXNFLRSHYDS-26OCT04MIAMIN,KXNFLRSHYDS,KXNFLRSHYDS-26OCT04MIAMIN-MIAOGORDON0-70,Ollie Gordon II: 70+ rushing yards,0.0200,0.1000,0.0000,0.00,0.00,active,2026-10-06T20:05:00Z,2026-10-02T09:37:33+00:00
KXNFLRSHYDS-26OCT04MIAMIN,KXNFLRSHYDS,KXNFLRSHYDS-26OCT04MIAMIN-MIAOGORDON0-100,Ollie Gordon II: 100+ rushing yards,0.0100,0.0600,0.0000,0.00,0.00,active,2026-10-06T20:05:00Z,2026-10-02T09:37:33+00:00
KXNFLRSHYDS-26OCT04MIAMIN,KXNFLRSHYDS,KXNFLRSHYDS-26OCT04MIAMIN-MIAMWILLIS2-30,Malik Willis: 30+ rushing yards,0.4900,0.5000,0.5000,836.55,836.55,active,2026-10-06T20:05:00Z,2026-10-02T09:37:33+00:00
KXNFLRSHYDS-26OCT04MIAMIN,KXNFLRSHYDS,KXNFLRSHYDS-26OCT04MIAMIN-MIAMWASHINGTON6-20,Malik Washington: 20+ rushing yards,0.0800,0.1100,0.0000,0.00,0.00,active,2026-10-06T20:05:00Z,2026-10-02T09:37:33+00:00
KXNFLRSHYDS-26OCT04MIAMIN,KXNFLRSHYDS,KXNFLRSHYDS-26OCT04MIAMIN-MIAMWASHINGTON6-30,Malik Washington: 30+ rushing yards,0.0200,0.0600,0.0000,0.00,0.00,active,2026-10-06T20:05:00Z,2026-10-02T09:37:33+00:00
KXNFLRSHYDS-26OCT04MIAMIN,KXNFLRSHYDS,KXNFLRSHYDS-26OCT04MIAMIN-MIAMWASHINGTON6-25,Malik Washington: 25+ rushing yards,0.0500,0.0800,0.0000,0.00,0.00,active,2026-10-06T20:05:00Z,2026-10-02T09:37:33+00:00
KXNFLRSHYDS-26OCT04MIAMIN,KXNFLRSHYDS,KXNFLRSHYDS-26OCT04MIAMIN-MIAJWRIGHT5-60,Jaylen Wright: 60+ rushing yards,0.0500,0.1400,0.0000,0.00,0.00,active,2026-10-06T20:05:00Z,2026-10-02T09:37:33+00:00
KXNFLRSHYDS-26OCT04MIAMIN,KXNFLRSHYDS,KXNFLRSHYDS-26OCT04MIAMIN-MIAMWASHINGTON6-10,Malik Washington: 10+ rushing yards,0.1600,0.3100,0.2600,42.16,42.16,active,2026-10-06T20:05:00Z,2026-10-02T09:37:33+00:00
KXNFLRSHYDS-26OCT04MIAMIN,KXNFLRSHYDS,KXNFLRSHYDS-26OCT04MIAMIN-MIAMWILLIS2-80,Malik Willis: 80+ rushing yards,0.0100,0.0500,0.0500,57.69,57.69,active,2026-10-06T20:05:00Z,2026-10-02T09:37:33+00:00
KXNFLRSHYDS-26OCT04MIAMIN,KXNFLRSHYDS,KXNFLRSHYDS-26OCT04MIAMIN-MIAOGORDON0-25,Ollie Gordon II: 25+ rushing yards,0.4900,0.5300,0.5300,3500.59,3500.59,active,2026-10-06T20:05:00Z,2026-10-02T09:37:33+00:00
KXNFLRSHYDS-26OCT04MIAMIN,KXNFLRSHYDS,KXNFLRSHYDS-26OCT04MIAMIN-MIAOGORDON0-80,Ollie Gordon II: 80+ rushing yards,0.0200,0.0800,0.0000,0.00,0.00,active,2026-10-06T20:05:00Z,2026-10-02T09:37:33+00:00
KXNFLRSHYDS-26OCT04MIAMIN,KXNFLRSHYDS,KXNFLRSHYDS-26OCT04MIAMIN-MINAJONES33-140,Aaron Jones Sr.: 140+ rushing yards,0.0500,0.0600,0.0000,0.00,0.00,active,2026-10-06T20:05:00Z,2026-10-02T09:37:33+00:00
KXNFLRSHYDS-26OCT04MIAMIN,KXNFLRSHYDS,KXNFLRSHYDS-26OCT04MIAMIN-MINAJONES33-110,Aaron Jones Sr.: 110+ rushing yards,0.0200,0.1500,0.0000,0.00,0.00,active,2026-10-06T20:05:00Z,2026-10-02T09:37:33+00:00
KXNFLRSHYDS-26OCT04MIAMIN,KXNFLRSHYDS,KXNFLRSHYDS-26OCT04MIAMIN-MINAJONES33-120,Aaron Jones Sr.: 120+ rushing yards,0.0200,0.1100,0.0000,0.00,0.00,active,2026-10-06T20:05:00Z,2026-10-02T09:37:33+00:00
KXNFLRSHYDS-26OCT04MIAMIN,KXNFLRSHYDS,KXNFLRSHYDS-26OCT04MIAMIN-MIAMWILLIS2-25,Malik Willis: 25+ rushing yards,0.5500,0.6000,0.0000,0.00,0.00,active,2026-10-06T20:05:00Z,2026-10-02T09:37:33+00:00
KXNFLRSHYDS-26OCT04MIAMIN,KXNFLRSHYDS,KXNFLRSHYDS-26OCT04MIAMIN-MIAMWILLIS2-15,Malik Willis: 15+ rushing yards,0.7500,0.8100,0.0000,0.00,0.00,active,2026-10-06T20:05:00Z,2026-10-02T09:37:33+00:00
KXNFLRSHYDS-26OCT04MIAMIN,KXNFLRSHYDS,KXNFLRSHYDS-26OCT04MIAMIN-MINKMURRAY1-10,Kyler Murray: 10+ rushing yards,0.7400,0.8000,0.7700,2.55,2.55,active,2026-10-06T20:05:00Z,2026-10-02T09:37:33+00:00
KXNFLRSHYDS-26OCT04MIAMIN,KXNFLRSHYDS,KXNFLRSHYDS-26OCT04MIAMIN-MIAMWILLIS2-20,Malik Willis: 20+ rushing yards,0.6600,0.7100,0.0000,0.00,0.00,active,2026-10-06T20:05:00Z,2026-10-02T09:37:33+00:00
KXNFLRSHYDS-26OCT04MIAMIN,KXNFLRSHYDS,KXNFLRSHYDS-26OCT04MIAMIN-MINAJONES33-80,Aaron Jones Sr.: 80+ rushing yards,0.2200,0.3700,0.3600,278.47,278.47,active,2026-10-06T20:05:00Z,2026-10-02T09:37:33+00:00
KXNFLRSHYDS-26OCT04MIAMIN,KXNFLRSHYDS,KXNFLRSHYDS-26OCT04MIAMIN-MIAMWILLIS2-70,Malik Willis: 70+ rushing yards,0.0200,0.0700,0.0000,0.00,0.00,active,2026-10-06T20:05:00Z,2026-10-02T09:37:33+00:00
KXNFLRSHYDS-26OCT04MIAMIN,KXNFLRSHYDS,KXNFLRSHYDS-26OCT04MIAMIN-MINAJONES33-130,Aaron Jones Sr.: 130+ rushing yards,0.0100,0.0800,0.0000,0.00,0.00,active,2026-10-06T20:05:00Z,2026-10-02T09:37:33+00:00
KXNFLRSHYDS-26OCT04MIAMIN,KXNFLRSHYDS,KXNFLRSHYDS-26OCT04MIAMIN-MINKMURRAY1-15,Kyler Murray: 15+ rushing yards,0.6300,0.6800,0.6600,592.95,577.84,active,2026-10-06T20:05:00Z,2026-10-02T09:37:33+00:00
KXNFLRSHYDS-26OCT04MIAMIN,KXNFLRSHYDS,KXNFLRSHYDS-26OCT04MIAMIN-MINAJONES33-90,Aaron Jones Sr.: 90+ rushing yards,0.1300,0.2800,0.2800,340.00,340.00,active,2026-10-06T20:05:00Z,2026-10-02T09:37:33+00:00
KXNFLRSHYDS-26OCT04MIAMIN,KXNFLRSHYDS,KXNFLRSHYDS-26OCT04MIAMIN-MINAJONES33-40,Aaron Jones Sr.: 40+ rushing yards,0.7300,0.8300,0.8300,6.03,6.03,active,2026-10-06T20:05:00Z,2026-10-02T09:37:33+00:00
KXNFLRSHYDS-26OCT04MIAMIN,KXNFLRSHYDS,KXNFLRSHYDS-26OCT04MIAMIN-MIAMWILLIS2-60,Malik Willis: 60+ rushing yards,0.0200,0.1200,0.1300,8.00,8.00,active,2026-10-06T20:05:00Z,2026-10-02T09:37:33+00:00
KXNFLRSHYDS-26OCT04MIAMIN,KXNFLRSHYDS,KXNFLRSHYDS-26OCT04MIAMIN-MINAJONES33-50,Aaron Jones Sr.: 50+ rushing yards,0.5800,0.7100,0.7100,6.90,6.90,active,2026-10-06T20:05:00Z,2026-10-02T09:37:33+00:00
KXNFLRSHYDS-26OCT04MIAMIN,KXNFLRSHYDS,KXNFLRSHYDS-26OCT04MIAMIN-MIAOGORDON0-20,Ollie Gordon II: 20+ rushing yards,0.4600,0.6200,0.0000,0.00,0.00,active,2026-10-06T20:05:00Z,2026-10-02T09:37:33+00:00
KXNFLRSHYDS-26OCT04MIAMIN,KXNFLRSHYDS,KXNFLRSHYDS-26OCT04MIAMIN-MINKMURRAY1-50,Kyler Murray: 50+ rushing yards,0.0500,0.1100,0.0000,0.00,0.00,active,2026-10-06T20:05:00Z,2026-10-02T09:37:33+00:00
KXNFLRSHYDS-26OCT04MIAMIN,KXNFLRSHYDS,KXNFLRSHYDS-26OCT04MIAMIN-MIAOGORDON0-60,Ollie Gordon II: 60+ rushing yards,0.0200,0.1300,0.1300,31.79,31.79,active,2026-10-06T20:05:00Z,2026-10-02T09:37:33+00:00
KXNFLRSHYDS-26OCT04MIAMIN,KXNFLRSHYDS,KXNFLRSHYDS-26OCT04MIAMIN-MINKMURRAY1-25,Kyler Murray: 25+ rushing yards,0.3900,0.4300,0.4000,1.19,1.19,active,2026-10-06T20:05:00Z,2026-10-02T09:37:33+00:00
KXNFLRSHYDS-26OCT04MIAMIN,KXNFLRSHYDS,KXNFLRSHYDS-26OCT04MIAMIN-MIAOGORDON0-10,Ollie Gordon II: 10+ rushing yards,0.7400,0.7900,0.7900,761.00,761.00,active,2026-10-06T20:05:00Z,2026-10-02T09:37:33+00:00
KXNFLRSHYDS-26OCT04MIAMIN,KXNFLRSHYDS,KXNFLRSHYDS-26OCT04MIAMIN-MIAMWILLIS2-40,Malik Willis: 40+ rushing yards,0.2900,0.3200,0.3000,90.00,90.00,active,2026-10-06T20:05:00Z,2026-10-02T09:37:33+00:00
KXNFLRSHYDS-26OCT04MIAMIN,KXNFLRSHYDS,KXNFLRSHYDS-26OCT04MIAMIN-MINKMURRAY1-30,Kyler Murray: 30+ rushing yards,0.3100,0.3300,0.0000,0.00,0.00,active,2026-10-06T20:05:00Z,2026-10-02T09:37:33+00:00
KXNFLRSHYDS-26OCT04MIAMIN,KXNFLRSHYDS,KXNFLRSHYDS-26OCT04MIAMIN-MINKMURRAY1-40,Kyler Murray: 40+ rushing yards,0.1700,0.1900,0.0000,0.00,0.00,active,2026-10-06T20:05:00Z,2026-10-02T09:37:33+00:00
KXNFLRSHYDS-26OCT04MIAMIN,KXNFLRSHYDS,KXNFLRSHYDS-26OCT04MIAMIN-MIAMWILLIS2-50,Malik Willis: 50+ rushing yards,0.1800,0.1900,0.0000,0.00,0.00,active,2026-10-06T20:05:00Z,2026-10-02T09:37:33+00:00
KXNFLRSHYDS-26OCT04MIAMIN,KXNFLRSHYDS,KXNFLRSHYDS-26OCT04MIAMIN-MIAOGORDON0-50,Ollie Gordon II: 50+ rushing yards,0.0900,0.1900,0.1800,28.08,28.08,active,2026-10-06T20:05:00Z,2026-10-02T09:37:33+00:00
KXNFLRSHYDS-26OCT04MIAMIN,KXNFLRSHYDS,KXNFLRSHYDS-26OCT04MIAMIN-MIAOGORDON0-30,Ollie Gordon II: 30+ rushing yards,0.3900,0.4400,0.4400,3807.99,3618.42,active,2026-10-06T20:05:00Z,2026-10-02T09:37:33+00:00
KXNFLRSHYDS-26OCT04MIAMIN,KXNFLRSHYDS,KXNFLRSHYDS-26OCT04MIAMIN-MINAJONES33-100,Aaron Jones Sr.: 100+ rushing yards,0.0500,0.2000,0.0000,0.00,0.00,active,2026-10-06T20:05:00Z,2026-10-02T09:37:33+00:00
KXNFLRSHYDS-26OCT04MIAMIN,KXNFLRSHYDS,KXNFLRSHYDS-26OCT04MIAMIN-MINAJONES33-70,Aaron Jones Sr.: 70+ rushing yards,0.4600,0.4700,0.4800,264.85,264.85,active,2026-10-06T20:05:00Z,2026-10-02T09:37:33+00:00
KXNFLRSHYDS-26OCT04MIAMIN,KXNFLRSHYDS,KXNFLRSHYDS-26OCT04MIAMIN-MIAOGORDON0-40,Ollie Gordon II: 40+ rushing yards,0.0700,0.3100,0.3700,431.66,431.66,active,2026-10-06T20:05:00Z,2026-10-02T09:37:33+00:00
KXNFLRSHYDS-26OCT04MIAMIN,KXNFLRSHYDS,KXNFLRSHYDS-26OCT04MIAMIN-MINAJONES33-60,Aaron Jones Sr.: 60+ rushing yards,0.4500,0.6000,0.6000,162.11,162.11,active,2026-10-06T20:05:00Z,2026-10-02T09:37:33+00:00
KXNFLRSHYDS-26OCT04NEBUF,KXNFLRSHYDS,KXNFLRSHYDS-26OCT04NEBUF-NERSTEVENSON38-70,Rhamondre Stevenson: 70+ rushing yards,0.0500,0.1100,0.1100,17.11,17.11,active,2026-10-06T17:00:00Z,2026-10-02T09:37:33+00:00
KXNFLRSHYDS-26OCT04NEBUF,KXNFLRSHYDS,KXNFLRSHYDS-26OCT04NEBUF-NERSTEVENSON38-25,Rhamondre Stevenson: 25+ rushing yards,0.6200,0.6600,0.0000,0.00,0.00,active,2026-10-06T17:00:00Z,2026-10-02T09:37:33+00:00
KXNFLRSHYDS-26OCT04NEBUF,KXNFLRSHYDS,KXNFLRSHYDS-26OCT04NEBUF-BUFJCOOK4-170,James Cook III: 170+ rushing yards,0.0100,0.0600,0.0000,0.00,0.00,active,2026-10-06T17:00:00Z,2026-10-02T09:37:33+00:00
KXNFLRSHYDS-26OCT04NEBUF,KXNFLRSHYDS,KXNFLRSHYDS-26OCT04NEBUF-NETHENDERSON32-100,TreVeyon Henderson: 100+ rushing yards,0.0100,0.0600,0.0700,67.06,67.06,active,2026-10-06T17:00:00Z,2026-10-02T09:37:33+00:00
KXNFLRSHYDS-26OCT04NEBUF,KXNFLRSHYDS,KXNFLRSHYDS-26OCT04NEBUF-NETHENDERSON32-40,TreVeyon Henderson: 40+ rushing yards,0.5000,0.5200,0.5200,2596.30,2540.46,active,2026-10-06T17:00:00Z,2026-10-02T09:37:33+00:00
KXNFLRSHYDS-26OCT04NEBUF,KXNFLRSHYDS,KXNFLRSHYDS-26OCT04NEBUF-NERSTEVENSON38-90,Rhamondre Stevenson: 90+ rushing yards,0.0500,0.0600,0.0600,188.44,188.44,active,2026-10-06T17:00:00Z,2026-10-02T09:37:33+00:00
KXNFLRSHYDS-26OCT04NEBUF,KXNFLRSHYDS,KXNFLRSHYDS-26OCT04NEBUF-NEDMAYE10-30,Drake Maye: 30+ rushing yards,0.4200,0.4500,0.0000,0.00,0.00,active,2026-10-06T17:00:00Z,2026-10-02T09:37:33+00:00
KXNFLRSHYDS-26OCT04NEBUF,KXNFLRSHYDS,KXNFLRSHYDS-26OCT04NEBUF-NEDMAYE10-40,Drake Maye: 40+ rushing yards,0.2700,0.2800,0.0000,0.00,0.00,active,2026-10-06T17:00:00Z,2026-10-02T09:37:33+00:00
KXNFLRSHYDS-26OCT04NEBUF,KXNFLRSHYDS,KXNFLRSHYDS-26OCT04NEBUF-NEDMAYE10-20,Drake Maye: 20+ rushing yards,0.6100,0.6700,0.0000,0.00,0.00,active,2026-10-06T17:00:00Z,2026-10-02T09:37:33+00:00
KXNFLRSHYDS-26OCT04NEBUF,KXNFLRSHYDS,KXNFLRSHYDS-26OCT04NEBUF-NEDMAYE10-70,Drake Maye: 70+ rushing yards,0.0100,0.0700,0.0000,0.00,0.00,active,2026-10-06T17:00:00Z,2026-10-02T09:37:33+00:00
KXNFLRSHYDS-26OCT04NEBUF,KXNFLRSHYDS,KXNFLRSHYDS-26OCT04NEBUF-NEDMAYE10-50,Drake Maye: 50+ rushing yards,0.1600,0.1800,0.0000,0.00,0.00,active,2026-10-06T17:00:00Z,2026-10-02T09:37:33+00:00
KXNFLRSHYDS-26OCT04NEBUF,KXNFLRSHYDS,KXNFLRSHYDS-26OCT04NEBUF-NEDMAYE10-10,Drake Maye: 10+ rushing yards,0.8200,0.8800,0.0000,0.00,0.00,active,2026-10-06T17:00:00Z,2026-10-02T09:37:33+00:00
KXNFLRSHYDS-26OCT04NEBUF,KXNFLRSHYDS,KXNFLRSHYDS-26OCT04NEBUF-NEDMAYE10-15,Drake Maye: 15+ rushing yards,0.7300,0.7900,0.0000,0.00,0.00,active,2026-10-06T17:00:00Z,2026-10-02T09:37:33+00:00
KXNFLRSHYDS-26OCT04NEBUF,KXNFLRSHYDS,KXNFLRSHYDS-26OCT04NEBUF-NEDMAYE10-60,Drake Maye: 60+ rushing yards,0.0200,0.1100,0.0000,0.00,0.00,active,2026-10-06T17:00:00Z,2026-10-02T09:37:33+00:00
KXNFLRSHYDS-26OCT04NEBUF,KXNFLRSHYDS,KXNFLRSHYDS-26OCT04NEBUF-NEDMAYE10-25,Drake Maye: 25+ rushing yards,0.5200,0.5600,0.0000,0.00,0.00,active,2026-10-06T17:00:00Z,2026-10-02T09:37:33+00:00
KXNFLRSHYDS-26OCT04NEBUF,KXNFLRSHYDS,KXNFLRSHYDS-26OCT04NEBUF-BUFJALLEN17-80,Josh Allen: 80+ rushing yards,0.0200,0.0800,0.0000,0.00,0.00,active,2026-10-06T17:00:00Z,2026-10-02T09:37:33+00:00
KXNFLRSHYDS-26OCT04NEBUF,KXNFLRSHYDS,KXNFLRSHYDS-26OCT04NEBUF-BUFJALLEN17-50,Josh Allen: 50+ rushing yards,0.2200,0.2600,0.2500,1874.00,1874.00,active,2026-10-06T17:00:00Z,2026-10-02T09:37:33+00:00
KXNFLRSHYDS-26OCT04NEBUF,KXNFLRSHYDS,KXNFLRSHYDS-26OCT04NEBUF-BUFJALLEN17-40,Josh Allen: 40+ rushing yards,0.3400,0.3800,0.3800,99.21,99.21,active,2026-10-06T17:00:00Z,2026-10-02T09:37:33+00:00
KXNFLRSHYDS-26OCT04NEBUF,KXNFLRSHYDS,KXNFLRSHYDS-26OCT04NEBUF-NETHENDERSON32-25,TreVeyon Henderson: 25+ rushing yards,0.7100,0.7700,0.7400,14.11,14.11,active,2026-10-06T17:00:00Z,2026-10-02T09:37:33+00:00
KXNFLRSHYDS-26OCT04NEBUF,KXNFLRSHYDS,KXNFLRSHYDS-26OCT04NEBUF-BUFJALLEN17-25,Josh Allen: 25+ rushing yards,0.6000,0.6600,0.6500,22.00,22.00,active,2026-10-06T17:00:00Z,2026-10-02T09:37:33+00:00
KXNFLRSHYDS-26OCT04NEBUF,KXNFLRSHYDS,KXNFLRSHYDS-26OCT04NEBUF-NETHENDERSON32-30,TreVeyon Henderson: 30+ rushing yards,0.6300,0.6900,0.0000,0.00,0.00,active,2026-10-06T17:00:00Z,2026-10-02T09:37:33+00:00
KXNFLRSHYDS-26OCT04NEBUF,KXNFLRSHYDS,KXNFLRSHYDS-26OCT04NEBUF-BUFJALLEN17-15,Josh Allen: 15+ rushing yards,0.7800,0.8400,0.8400,18.76,18.76,active,2026-10-06T17:00:00Z,2026-10-02T09:37:33+00:00
KXNFLRSHYDS-26OCT04NEBUF,KXNFLRSHYDS,KXNFLRSHYDS-26OCT04NEBUF-NERSTEVENSON38-30,Rhamondre Stevenson: 30+ rushing yards,0.5400,0.5500,0.5500,100.46,100.46,active,2026-10-06T17:00:00Z,2026-10-02T09:37:33+00:00
KXNFLRSHYDS-26OCT04NEBUF,KXNFLRSHYDS,KXNFLRSHYDS-26OCT04NEBUF-NETHENDERSON32-50,TreVeyon Henderson: 50+ rushing yards,0.3600,0.3800,0.3700,821.67,821.67,active,2026-10-06T17:00:00Z,2026-10-02T09:37:33+00:00
KXNFLRSHYDS-26OCT04NEBUF,KXNFLRSHYDS,KXNFLRSHYDS-26OCT04NEBUF-NERSTEVENSON38-15,Rhamondre Stevenson: 15+ rushing yards,0.7900,0.8500,0.0000,0.00,0.00,active,2026-10-06T17:00:00Z,2026-10-02T09:37:33+00:00
KXNFLRSHYDS-26OCT04NEBUF,KXNFLRSHYDS,KXNFLRSHYDS-26OCT04NEBUF-NETHENDERSON32-20,TreVeyon Henderson: 20+ rushing yards,0.7800,0.8200,0.8100,18.00,18.00,active,2026-10-06T17:00:00Z,2026-10-02T09:37:33+00:00
KXNFLRSHYDS-26OCT04NEBUF,KXNFLRSHYDS,KXNFLRSHYDS-26OCT04NEBUF-BUFJCOOK4-160,James Cook III: 160+ rushing yards,0.0200,0.0800,0.0000,0.00,0.00,active,2026-10-06T17:00:00Z,2026-10-02T09:37:33+00:00
KXNFLRSHYDS-26OCT04NEBUF,KXNFLRSHYDS,KXNFLRSHYDS-26OCT04NEBUF-BUFJALLEN17-30,Josh Allen: 30+ rushing yards,0.5100,0.5600,0.5600,1070.31,1006.77,active,2026-10-06T17:00:00Z,2026-10-02T09:37:33+00:00
KXNFLRSHYDS-26OCT04NEBUF,KXNFLRSHYDS,KXNFLRSHYDS-26OCT04NEBUF-BUFJCOOK4-90,James Cook III: 90+ rushing yards,0.4500,0.4600,0.4600,904.48,885.86,active,2026-10-06T17:00:00Z,2026-10-02T09:37:33+00:00
KXNFLRSHYDS-26OCT04NEBUF,KXNFLRSHYDS,KXNFLRSHYDS-26OCT04NEBUF-BUFJCOOK4-80,James Cook III: 80+ rushing yards,0.5500,0.6000,0.6000,624.17,599.19,active,2026-10-06T17:00:00Z,2026-10-02T09:37:33+00:00
KXNFLRSHYDS-26OCT04NEBUF,KXNFLRSHYDS,KXNFLRSHYDS-26OCT04NEBUF-BUFJCOOK4-130,James Cook III: 130+ rushing yards,0.0500,0.1900,0.1900,9.96,9.96,active,2026-10-06T17:00:00Z,2026-10-02T09:37:33+00:00
KXNFLRSHYDS-26OCT04NEBUF,KXNFLRSHYDS,KXNFLRSHYDS-26OCT04NEBUF-BUFJCOOK4-50,James Cook III: 50+ rushing yards,0.7200,0.8800,0.8700,63.00,63.00,active,2026-10-06T17:00:00Z,2026-10-02T09:37:33+00:00
KXNFLRSHYDS-26OCT04NEBUF,KXNFLRSHYDS,KXNFLRSHYDS-26OCT04NEBUF-BUFJCOOK4-60,James Cook III: 60+ rushing yards,0.6300,0.8100,0.7900,15.68,15.68,active,2026-10-06T17:00:00Z,2026-10-02T09:37:33+00:00
KXNFLRSHYDS-26OCT04NEBUF,KXNFLRSHYDS,KXNFLRSHYDS-26OCT04NEBUF-BUFJCOOK4-140,James Cook III: 140+ rushing yards,0.0300,0.1400,0.1500,12.58,12.58,active,2026-10-06T17:00:00Z,2026-10-02T09:37:33+00:00
KXNFLRSHYDS-26OCT04NEBUF,KXNFLRSHYDS,KXNFLRSHYDS-26OCT04NEBUF-BUFJCOOK4-150,James Cook III: 150+ rushing yards,0.0200,0.1000,0.1000,28.22,28.22,active,2026-10-06T17:00:00Z,2026-10-02T09:37:33+00:00
KXNFLRSHYDS-26OCT04NEBUF,KXNFLRSHYDS,KXNFLRSHYDS-26OCT04NEBUF-NETHENDERSON32-70,TreVeyon Henderson: 70+ rushing yards,0.1100,0.1800,0.1800,2108.00,2108.00,active,2026-10-06T17:00:00Z,2026-10-02T09:37:33+00:00
KXNFLRSHYDS-26OCT04NEBUF,KXNFLRSHYDS,KXNFLRSHYDS-26OCT04NEBUF-BUFJALLEN17-70,Josh Allen: 70+ rushing yards,0.0200,0.1000,0.1100,76.84,76.84,active,2026-10-06T17:00:00Z,2026-10-02T09:37:33+00:00
KXNFLRSHYDS-26OCT04NEBUF,KXNFLRSHYDS,KXNFLRSHYDS-26OCT04NEBUF-NERSTEVENSON38-60,Rhamondre Stevenson: 60+ rushing yards,0.0900,0.1700,0.1600,11.80,11.80,active,2026-10-06T17:00:00Z,2026-10-02T09:37:33+00:00
KXNFLRSHYDS-26OCT04NEBUF,KXNFLRSHYDS,KXNFLRSHYDS-26OCT04NEBUF-BUFJCOOK4-110,James Cook III: 110+ rushing yards,0.1700,0.3100,0.3300,71.68,71.68,active,2026-10-06T17:00:00Z,2026-10-02T09:37:33+00:00
KXNFLRSHYDS-26OCT04NEBUF,KXNFLRSHYDS,KXNFLRSHYDS-26OCT04NEBUF-NERSTEVENSON38-40,Rhamondre Stevenson: 40+ rushing yards,0.3700,0.3900,0.3700,77.65,77.65,active,2026-10-06T17:00:00Z,2026-10-02T09:37:33+00:00
KXNFLRSHYDS-26OCT04NEBUF,KXNFLRSHYDS,KXNFLRSHYDS-26OCT04NEBUF-NETHENDERSON32-90,TreVeyon Henderson: 90+ rushing yards,0.0200,0.0800,0.1000,18.81,18.81,active,2026-10-06T17:00:00Z,2026-10-02T09:37:33+00:00
KXNFLRSHYDS-26OCT04NEBUF,KXNFLRSHYDS,KXNFLRSHYDS-26OCT04NEBUF-NERSTEVENSON38-80,Rhamondre Stevenson: 80+ rushing yards,0.0200,0.0700,0.0800,23.48,23.48,active,2026-10-06T17:00:00Z,2026-10-02T09:37:33+00:00
KXNFLRSHYDS-26OCT04NEBUF,KXNFLRSHYDS,KXNFLRSHYDS-26OCT04NEBUF-BUFJCOOK4-100,James Cook III: 100+ rushing yards,0.2700,0.4000,0.4000,244.87,244.87,active,2026-10-06T17:00:00Z,2026-10-02T09:37:33+00:00
KXNFLRSHYDS-26OCT04NEBUF,KXNFLRSHYDS,KXNFLRSHYDS-26OCT04NEBUF-NERSTEVENSON38-50,Rhamondre Stevenson: 50+ rushing yards,0.2400,0.2600,0.2300,21.86,21.86,active,2026-10-06T17:00:00Z,2026-10-02T09:37:33+00:00
KXNFLRSHYDS-26OCT04NEBUF,KXNFLRSHYDS,KXNFLRSHYDS-26OCT04NEBUF-NERSTEVENSON38-20,Rhamondre Stevenson: 20+ rushing yards,0.6800,0.7400,0.0000,0.00,0.00,active,2026-10-06T17:00:00Z,2026-10-02T09:37:33+00:00
KXNFLRSHYDS-26OCT04NEBUF,KXNFLRSHYDS,KXNFLRSHYDS-26OCT04NEBUF-BUFJCOOK4-120,James Cook III: 120+ rushing yards,0.1000,0.2400,0.2500,151.85,151.85,active,2026-10-06T17:00:00Z,2026-10-02T09:37:33+00:00
KXNFLRSHYDS-26OCT04NEBUF,KXNFLRSHYDS,KXNFLRSHYDS-26OCT04NEBUF-BUFJALLEN17-60,Josh Allen: 60+ rushing yards,0.0900,0.1400,0.1600,1763.00,1763.00,active,2026-10-06T17:00:00Z,2026-10-02T09:37:33+00:00
KXNFLRSHYDS-26OCT04NEBUF,KXNFLRSHYDS,KXNFLRSHYDS-26OCT04NEBUF-BUFJALLEN17-20,Josh Allen: 20+ rushing yards,0.7100,0.7400,0.7500,431.36,431.36,active,2026-10-06T17:00:00Z,2026-10-02T09:37:33+00:00
KXNFLRSHYDS-26OCT04NEBUF,KXNFLRSHYDS,KXNFLRSHYDS-26OCT04NEBUF-BUFJCOOK4-70,James Cook III: 70+ rushing yards,0.5500,0.7000,0.7000,40.09,40.09,active,2026-10-06T17:00:00Z,2026-10-02T09:37:33+00:00
KXNFLRSHYDS-26OCT04NEBUF,KXNFLRSHYDS,KXNFLRSHYDS-26OCT04NEBUF-NETHENDERSON32-60,TreVeyon Henderson: 60+ rushing yards,0.2400,0.2600,0.2500,760.00,760.00,active,2026-10-06T17:00:00Z,2026-10-02T09:37:33+00:00
KXNFLRSHYDS-26OCT04NEBUF,KXNFLRSHYDS,KXNFLRSHYDS-26OCT04NEBUF-NETHENDERSON32-80,TreVeyon Henderson: 80+ rushing yards,0.0800,0.1200,0.1200,2170.69,2170.69,active,2026-10-06T17:00:00Z,2026-10-02T09:37:33+00:00
KXNFLRSHYDS-26OCT04NYJCHI,KXNFLRSHYDS,KXNFLRSHYDS-26OCT04NYJCHI-CHIDSWIFT4-130,D'Andre Swift: 130+ rushing yards,0.0100,0.4100,0.0000,0.00,0.00,active,2026-10-06T17:00:00Z,2026-10-02T09:37:33+00:00
KXNFLRSHYDS-26OCT04NYJCHI,KXNFLRSHYDS,KXNFLRSHYDS-26OCT04NYJCHI-CHIDSWIFT4-50,D'Andre Swift: 50+ rushing yards,0.6100,0.9000,0.6000,11.99,11.99,active,2026-10-06T17:00:00Z,2026-10-02T09:37:33+00:00
KXNFLRSHYDS-26OCT04NYJCHI,KXNFLRSHYDS,KXNFLRSHYDS-26OCT04NYJCHI-NYJBALLEN0-100,Braelon Allen: 100+ rushing yards,0.0500,0.1300,0.0000,0.00,0.00,active,2026-10-06T17:00:00Z,2026-10-02T09:37:33+00:00
KXNFLRSHYDS-26OCT04NYJCHI,KXNFLRSHYDS,KXNFLRSHYDS-26OCT04NYJCHI-NYJIDAVIS32-30,Isaiah Davis: 30+ rushing yards,0.3200,0.3400,0.0000,0.00,0.00,active,2026-10-06T17:00:00Z,2026-10-02T09:37:33+00:00
KXNFLRSHYDS-26OCT04NYJCHI,KXNFLRSHYDS,KXNFLRSHYDS-26OCT04NYJCHI-CHIDSWIFT4-140,D'Andre Swift: 140+ rushing yards,0.0100,0.0700,0.0000,0.00,0.00,active,2026-10-06T17:00:00Z,2026-10-02T09:37:33+00:00
KXNFLRSHYDS-26OCT04NYJCHI,KXNFLRSHYDS,KXNFLRSHYDS-26OCT04NYJCHI-CHITBAGENT17-20,Tyson Bagent: 20+ rushing yards,0.3700,0.4100,0.0000,0.00,0.00,active,2026-10-06T17:00:00Z,2026-10-02T09:37:33+00:00
KXNFLRSHYDS-26OCT04NYJCHI,KXNFLRSHYDS,KXNFLRSHYDS-26OCT04NYJCHI-CHIDSWIFT4-120,D'Andre Swift: 120+ rushing yards,0.0500,0.4200,0.1400,21.00,1.00,active,2026-10-06T17:00:00Z,2026-10-02T09:37:33+00:00
KXNFLRSHYDS-26OCT04NYJCHI,KXNFLRSHYDS,KXNFLRSHYDS-26OCT04NYJCHI-CHIKMONANGAI25-70,Kyle Monangai: 70+ rushing yards,0.0500,0.4400,0.2200,1797.51,1797.51,active,2026-10-06T17:00:00Z,2026-10-02T09:37:33+00:00
KXNFLRSHYDS-26OCT04NYJCHI,KXNFLRSHYDS,KXNFLRSHYDS-26OCT04NYJCHI-CHIKMONANGAI25-100,Kyle Monangai: 100+ rushing yards,0.0100,0.4500,0.0000,0.00,0.00,active,2026-10-06T17:00:00Z,2026-10-02T09:37:33+00:00
KXNFLRSHYDS-26OCT04NYJCHI,KXNFLRSHYDS,KXNFLRSHYDS-26OCT04NYJCHI-CHIKMONANGAI25-90,Kyle Monangai: 90+ rushing yards,0.0500,0.3000,0.0900,1229.12,1229.12,active,2026-10-06T17:00:00Z,2026-10-02T09:37:33+00:00
KXNFLRSHYDS-26OCT04NYJCHI,KXNFLRSHYDS,KXNFLRSHYDS-26OCT04NYJCHI-CHIDSWIFT4-110,D'Andre Swift: 110+ rushing yards,0.0100,0.4100,0.0000,0.00,0.00,active,2026-10-06T17:00:00Z,2026-10-02T09:37:33+00:00
KXNFLRSHYDS-26OCT04NYJCHI,KXNFLRSHYDS,KXNFLRSHYDS-26OCT04NYJCHI-NYJIDAVIS32-20,Isaiah Davis: 20+ rushing yards,0.5200,0.5600,0.0000,0.00,0.00,active,2026-10-06T17:00:00Z,2026-10-02T09:37:33+00:00
KXNFLRSHYDS-26OCT04NYJCHI,KXNFLRSHYDS,KXNFLRSHYDS-26OCT04NYJCHI-NYJBALLEN0-120,Braelon Allen: 120+ rushing yards,0.0100,0.0600,0.0000,0.00,0.00,active,2026-10-06T17:00:00Z,2026-10-02T09:37:33+00:00
KXNFLRSHYDS-26OCT04NYJCHI,KXNFLRSHYDS,KXNFLRSHYDS-26OCT04NYJCHI-NYJIDAVIS32-15,Isaiah Davis: 15+ rushing yards,0.6400,0.7000,0.0000,0.00,0.00,active,2026-10-06T17:00:00Z,2026-10-02T09:37:33+00:00
KXNFLRSHYDS-26OCT04NYJCHI,KXNFLRSHYDS,KXNFLRSHYDS-26OCT04NYJCHI-NYJIDAVIS32-25,Isaiah Davis: 25+ rushing yards,0.4100,0.4500,0.0000,0.00,0.00,active,2026-10-06T17:00:00Z,2026-10-02T09:37:33+00:00
KXNFLRSHYDS-26OCT04NYJCHI,KXNFLRSHYDS,KXNFLRSHYDS-26OCT04NYJCHI-NYJIDAVIS32-50,Isaiah Davis: 50+ rushing yards,0.0200,0.1200,0.0000,0.00,0.00,active,2026-10-06T17:00:00Z,2026-10-02T09:37:33+00:00
KXNFLRSHYDS-26OCT04NYJCHI,KXNFLRSHYDS,KXNFLRSHYDS-26OCT04NYJCHI-NYJGSMITH7-30,Geno Smith: 30+ rushing yards,0.1100,0.1300,0.1300,4.00,4.00,active,2026-10-06T17:00:00Z,2026-10-02T09:37:33+00:00
KXNFLRSHYDS-26OCT04NYJCHI,KXNFLRSHYDS,KXNFLRSHYDS-26OCT04NYJCHI-NYJIDAVIS32-40,Isaiah Davis: 40+ rushing yards,0.1800,0.2100,0.0000,0.00,0.00,active,2026-10-06T17:00:00Z,2026-10-02T09:37:33+00:00
KXNFLRSHYDS-26OCT04NYJCHI,KXNFLRSHYDS,KXNFLRSHYDS-26OCT04NYJCHI-NYJBALLEN0-40,Braelon Allen: 40+ rushing yards,0.6800,0.7400,0.7000,7.39,7.39,active,2026-10-06T17:00:00Z,2026-10-02T09:37:33+00:00
KXNFLRSHYDS-26OCT04NYJCHI,KXNFLRSHYDS,KXNFLRSHYDS-26OCT04NYJCHI-NYJIDAVIS32-10,Isaiah Davis: 10+ rushing yards,0.6700,0.7800,0.7500,18.00,18.00,active,2026-10-06T17:00:00Z,2026-10-02T09:37:33+00:00
KXNFLRSHYDS-26OCT04NYJCHI,KXNFLRSHYDS,KXNFLRSHYDS-26OCT04NYJCHI-NYJBALLEN0-110,Braelon Allen: 110+ rushing yards,0.0200,0.0900,0.0000,0.00,0.00,active,2026-10-06T17:00:00Z,2026-10-02T09:37:33+00:00
KXNFLRSHYDS-26OCT04NYJCHI,KXNFLRSHYDS,KXNFLRSHYDS-26OCT04NYJCHI-NYJGSMITH7-25,Geno Smith: 25+ rushing yards,0.1600,0.1800,0.0000,0.00,0.00,active,2026-10-06T17:00:00Z,2026-10-02T09:37:33+00:00
KXNFLRSHYDS-26OCT04NYJCHI,KXNFLRSHYDS,KXNFLRSHYDS-26OCT04NYJCHI-NYJGSMITH7-20,Geno Smith: 20+ rushing yards,0.2500,0.2700,0.0000,0.00,0.00,active,2026-10-06T17:00:00Z,2026-10-02T09:37:33+00:00
KXNFLRSHYDS-26OCT04NYJCHI,KXNFLRSHYDS,KXNFLRSHYDS-26OCT04NYJCHI-NYJIDAVIS32-70,Isaiah Davis: 70+ rushing yards,0.0100,0.0600,0.0000,0.00,0.00,active,2026-10-06T17:00:00Z,2026-10-02T09:37:33+00:00
KXNFLRSHYDS-26OCT04NYJCHI,KXNFLRSHYDS,KXNFLRSHYDS-26OCT04NYJCHI-NYJGSMITH7-40,Geno Smith: 40+ rushing yards,0.0100,0.0700,0.0000,0.00,0.00,active,2026-10-06T17:00:00Z,2026-10-02T09:37:33+00:00
KXNFLRSHYDS-26OCT04NYJCHI,KXNFLRSHYDS,KXNFLRSHYDS-26OCT04NYJCHI-NYJIDAVIS32-60,Isaiah Davis: 60+ rushing yards,0.0200,0.0900,0.0000,0.00,0.00,active,2026-10-06T17:00:00Z,2026-10-02T09:37:33+00:00
KXNFLRSHYDS-26OCT04NYJCHI,KXNFLRSHYDS,KXNFLRSHYDS-26OCT04NYJCHI-CHITBAGENT17-25,Tyson Bagent: 25+ rushing yards,0.2600,0.3000,0.0000,0.00,0.00,active,2026-10-06T17:00:00Z,2026-10-02T09:37:33+00:00
KXNFLRSHYDS-26OCT04NYJCHI,KXNFLRSHYDS,KXNFLRSHYDS-26OCT04NYJCHI-CHITBAGENT17-40,Tyson Bagent: 40+ rushing yards,0.0800,0.1200,0.0000,0.00,0.00,active,2026-10-06T17:00:00Z,2026-10-02T09:37:33+00:00
KXNFLRSHYDS-26OCT04NYJCHI,KXNFLRSHYDS,KXNFLRSHYDS-26OCT04NYJCHI-CHITBAGENT17-10,Tyson Bagent: 10+ rushing yards,0.5800,0.6400,0.0000,0.00,0.00,active,2026-10-06T17:00:00Z,2026-10-02T09:37:33+00:00
KXNFLRSHYDS-26OCT04NYJCHI,KXNFLRSHYDS,KXNFLRSHYDS-26OCT04NYJCHI-CHITBAGENT17-50,Tyson Bagent: 50+ rushing yards,0.0100,0.0600,0.0000,0.00,0.00,active,2026-10-06T17:00:00Z,2026-10-02T09:37:33+00:00
KXNFLRSHYDS-26OCT04NYJCHI,KXNFLRSHYDS,KXNFLRSHYDS-26OCT04NYJCHI-NYJBALLEN0-80,Braelon Allen: 80+ rushing yards,0.2500,0.2600,0.2500,20.00,20.00,active,2026-10-06T17:00:00Z,2026-10-02T09:37:33+00:00
KXNFLRSHYDS-26OCT04NYJCHI,KXNFLRSHYDS,KXNFLRSHYDS-26OCT04NYJCHI-NYJBALLEN0-90,Braelon Allen: 90+ rushing yards,0.0400,0.1900,0.0000,0.00,0.00,active,2026-10-06T17:00:00Z,2026-10-02T09:37:33+00:00
KXNFLRSHYDS-26OCT04NYJCHI,KXNFLRSHYDS,KXNFLRSHYDS-26OCT04NYJCHI-NYJGSMITH7-15,Geno Smith: 15+ rushing yards,0.3600,0.3900,0.0000,0.00,0.00,active,2026-10-06T17:00:00Z,2026-10-02T09:37:33+00:00
KXNFLRSHYDS-26OCT04NYJCHI,KXNFLRSHYDS,KXNFLRSHYDS-26OCT04NYJCHI-CHITBAGENT17-15,Tyson Bagent: 15+ rushing yards,0.4600,0.4900,0.0000,0.00,0.00,active,2026-10-06T17:00:00Z,2026-10-02T09:37:33+00:00
KXNFLRSHYDS-26OCT04NYJCHI,KXNFLRSHYDS,KXNFLRSHYDS-26OCT04NYJCHI-CHIKMONANGAI25-80,Kyle Monangai: 80+ rushing yards,0.0500,0.4800,0.1700,1111.11,1108.11,active,2026-10-06T17:00:00Z,2026-10-02T09:37:33+00:00
KXNFLRSHYDS-26OCT04NYJCHI,KXNFLRSHYDS,KXNFLRSHYDS-26OCT04NYJCHI-NYJBALLEN0-30,Braelon Allen: 30+ rushing yards,0.7000,0.8500,0.7700,8.00,8.00,active,2026-10-06T17:00:00Z,2026-10-02T09:37:33+00:00
KXNFLRSHYDS-26OCT04NYJCHI,KXNFLRSHYDS,KXNFLRSHYDS-26OCT04NYJCHI-NYJBALLEN0-50,Braelon Allen: 50+ rushing yards,0.5600,0.6100,0.6000,60.72,56.72,active,2026-10-06T17:00:00Z,2026-10-02T09:37:33+00:00
KXNFLRSHYDS-26OCT04NYJCHI,KXNFLRSHYDS,KXNFLRSHYDS-26OCT04NYJCHI-NYJBALLEN0-70,Braelon Allen: 70+ rushing yards,0.3200,0.3600,0.3500,36.35,36.35,active,2026-10-06T17:00:00Z,2026-10-02T09:37:33+00:00
KXNFLRSHYDS-26OCT04NYJCHI,KXNFLRSHYDS,KXNFLRSHYDS-26OCT04NYJCHI-CHITBAGENT17-30,Tyson Bagent: 30+ rushing yards,0.0700,0.2300,0.1700,19.45,19.45,active,2026-10-06T17:00:00Z,2026-10-02T09:37:33+00:00
KXNFLRSHYDS-26OCT04NYJCHI,KXNFLRSHYDS,KXNFLRSHYDS-26OCT04NYJCHI-NYJGSMITH7-10,Geno Smith: 10+ rushing yards,0.4100,0.5600,0.5100,122.54,120.50,active,2026-10-06T17:00:00Z,2026-10-02T09:37:33+00:00
KXNFLRSHYDS-26OCT04NYJCHI,KXNFLRSHYDS,KXNFLRSHYDS-26OCT04NYJCHI-CHIDSWIFT4-40,D'Andre Swift: 40+ rushing yards,0.6100,0.8700,0.8200,6.85,3.54,active,2026-10-06T17:00:00Z,2026-10-02T09:37:33+00:00
KXNFLRSHYDS-26OCT04NYJCHI,KXNFLRSHYDS,KXNFLRSHYDS-26OCT04NYJCHI-CHIKMONANGAI25-50,Kyle Monangai: 50+ rushing yards,0.3700,0.4700,0.4100,5846.63,5785.63,active,2026-10-06T17:00:00Z,2026-10-02T09:37:33+00:00
KXNFLRSHYDS-26OCT04NYJCHI,KXNFLRSHYDS,KXNFLRSHYDS-26OCT04NYJCHI-CHIDSWIFT4-100,D'Andre Swift: 100+ rushing yards,0.1200,0.3500,0.2400,122.23,113.23,active,2026-10-06T17:00:00Z,2026-10-02T09:37:33+00:00
KXNFLRSHYDS-26OCT04NYJCHI,KXNFLRSHYDS,KXNFLRSHYDS-26OCT04NYJCHI-CHIDSWIFT4-70,D'Andre Swift: 70+ rushing yards,0.3200,0.5900,0.4800,65.58,60.58,active,2026-10-06T17:00:00Z,2026-10-02T09:37:33+00:00
KXNFLRSHYDS-26OCT04NYJCHI,KXNFLRSHYDS,KXNFLRSHYDS-26OCT04NYJCHI-CHIDSWIFT4-90,D'Andre Swift: 90+ rushing yards,0.0800,0.3100,0.0000,0.00,0.00,active,2026-10-06T17:00:00Z,2026-10-02T09:37:33+00:00
KXNFLRSHYDS-26OCT04NYJCHI,KXNFLRSHYDS,KXNFLRSHYDS-26OCT04NYJCHI-CHIDSWIFT4-80,D'Andre Swift: 80+ rushing yards,0.2200,0.6300,0.3800,7.55,7.55,active,2026-10-06T17:00:00Z,2026-10-02T09:37:33+00:00
KXNFLRSHYDS-26OCT04NYJCHI,KXNFLRSHYDS,KXNFLRSHYDS-26OCT04NYJCHI-NYJBALLEN0-60,Braelon Allen: 60+ rushing yards,0.4200,0.4700,0.3300,136.96,136.96,active,2026-10-06T17:00:00Z,2026-10-02T09:37:33+00:00
KXNFLRSHYDS-26OCT04NYJCHI,KXNFLRSHYDS,KXNFLRSHYDS-26OCT04NYJCHI-CHIDSWIFT4-60,D'Andre Swift: 60+ rushing yards,0.3800,0.7700,0.6000,1.62,1.62,active,2026-10-06T17:00:00Z,2026-10-02T09:37:33+00:00
KXNFLRSHYDS-26OCT04NYJCHI,KXNFLRSHYDS,KXNFLRSHYDS-26OCT04NYJCHI-CHIKMONANGAI25-40,Kyle Monangai: 40+ rushing yards,0.4700,0.6700,0.4600,8266.91,8266.91,active,2026-10-06T17:00:00Z,2026-10-02T09:37:33+00:00
KXNFLRSHYDS-26OCT04NYJCHI,KXNFLRSHYDS,KXNFLRSHYDS-26OCT04NYJCHI-CHIKMONANGAI25-60,Kyle Monangai: 60+ rushing yards,0.2700,0.4500,0.3100,2688.97,2684.97,active,2026-10-06T17:00:00Z,2026-10-02T09:37:33+00:00
KXNFLRSHYDS-26OCT04NYJCHI,KXNFLRSHYDS,KXNFLRSHYDS-26OCT04NYJCHI-CHIKMONANGAI25-30,Kyle Monangai: 30+ rushing yards,0.3900,0.9000,0.0000,0.00,0.00,active,2026-10-06T17:00:00Z,2026-10-02T09:37:33+00:00
KXNFLRSHYDS-26OCT04NYJCHI,KXNFLRSHYDS,KXNFLRSHYDS-26OCT04NYJCHI-CHIKMONANGAI25-20,Kyle Monangai: 20+ rushing yards,0.5900,0.8300,0.8100,120.48,120.48,active,2026-10-06T17:00:00Z,2026-10-02T09:37:33+00:00
KXNFLRSHYDS-26OCT04NYJCHI,KXNFLRSHYDS,KXNFLRSHYDS-26OCT04NYJCHI-CHIKMONANGAI25-25,Kyle Monangai: 25+ rushing yards,0.3400,0.9000,0.0000,0.00,0.00,active,2026-10-06T17:00:00Z,2026-10-02T09:37:33+00:00
KXNFLRSHYDS-26OCT04TENBAL,KXNFLRSHYDS,KXNFLRSHYDS-26OCT04TENBAL-TENCWARD1-10,Cam Ward: 10+ rushing yards,0.5100,0.5200,0.5200,719.11,719.11,active,2026-10-06T17:00:00Z,2026-10-02T09:37:33+00:00
KXNFLRSHYDS-26OCT04TENBAL,KXNFLRSHYDS,KXNFLRSHYDS-26OCT04TENBAL-BALDHENRY22-160,Derrick Henry: 160+ rushing yards,0.0200,0.1000,0.1000,100.00,100.00,active,2026-10-06T17:00:00Z,2026-10-02T09:37:33+00:00
KXNFLRSHYDS-26OCT04TENBAL,KXNFLRSHYDS,KXNFLRSHYDS-26OCT04TENBAL-TENTSPEARS2-30,Tyjae Spears: 30+ rushing yards,0.2200,0.2300,0.1800,3.00,3.00,active,2026-10-06T17:00:00Z,2026-10-02T09:37:33+00:00
KXNFLRSHYDS-26OCT04TENBAL,KXNFLRSHYDS,KXNFLRSHYDS-26OCT04TENBAL-TENTSPEARS2-25,Tyjae Spears: 25+ rushing yards,0.2800,0.3000,0.2500,3.00,3.00,active,2026-10-06T17:00:00Z,2026-10-02T09:37:33+00:00
KXNFLRSHYDS-26OCT04TENBAL,KXNFLRSHYDS,KXNFLRSHYDS-26OCT04TENBAL-TENCWARD1-40,Cam Ward: 40+ rushing yards,0.0100,0.0600,0.0000,0.00,0.00,active,2026-10-06T17:00:00Z,2026-10-02T09:37:33+00:00
KXNFLRSHYDS-26OCT04TENBAL,KXNFLRSHYDS,KXNFLRSHYDS-26OCT04TENBAL-TENTPOLLARD20-70,Tony Pollard: 70+ rushing yards,0.2400,0.2500,0.0000,0.00,0.00,active,2026-10-06T17:00:00Z,2026-10-02T09:37:33+00:00
KXNFLRSHYDS-26OCT04TENBAL,KXNFLRSHYDS,KXNFLRSHYDS-26OCT04TENBAL-TENTPOLLARD20-30,Tony Pollard: 30+ rushing yards,0.7500,0.7800,0.0000,0.00,0.00,active,2026-10-06T17:00:00Z,2026-10-02T09:37:33+00:00
KXNFLRSHYDS-26OCT04TENBAL,KXNFLRSHYDS,KXNFLRSHYDS-26OCT04TENBAL-BALDHENRY22-110,Derrick Henry: 110+ rushing yards,0.3800,0.3900,0.3900,300.40,300.40,active,2026-10-06T17:00:00Z,2026-10-02T09:37:33+00:00
KXNFLRSHYDS-26OCT04TENBAL,KXNFLRSHYDS,KXNFLRSHYDS-26OCT04TENBAL-BALDHENRY22-170,Derrick Henry: 170+ rushing yards,0.0500,0.0800,0.0700,33.52,33.52,active,2026-10-06T17:00:00Z,2026-10-02T09:37:33+00:00
KXNFLRSHYDS-26OCT04TENBAL,KXNFLRSHYDS,KXNFLRSHYDS-26OCT04TENBAL-BALDHENRY22-180,Derrick Henry: 180+ rushing yards,0.0500,0.0600,0.0600,1446.29,1446.29,active,2026-10-06T17:00:00Z,2026-10-02T09:37:33+00:00
KXNFLRSHYDS-26OCT04TENBAL,KXNFLRSHYDS,KXNFLRSHYDS-26OCT04TENBAL-BALLJACKSON8-80,Lamar Jackson: 80+ rushing yards,0.0100,0.0600,0.0000,0.00,0.00,active,2026-10-06T17:00:00Z,2026-10-02T09:37:33+00:00
KXNFLRSHYDS-26OCT04TENBAL,KXNFLRSHYDS,KXNFLRSHYDS-26OCT04TENBAL-TENTSPEARS2-20,Tyjae Spears: 20+ rushing yards,0.4000,0.4100,0.4000,33.00,33.00,active,2026-10-06T17:00:00Z,2026-10-02T09:37:33+00:00
KXNFLRSHYDS-26OCT04TENBAL,KXNFLRSHYDS,KXNFLRSHYDS-26OCT04TENBAL-BALDHENRY22-150,Derrick Henry: 150+ rushing yards,0.0500,0.1400,0.1400,617.45,617.45,active,2026-10-06T17:00:00Z,2026-10-02T09:37:33+00:00
KXNFLRSHYDS-26OCT04TENBAL,KXNFLRSHYDS,KXNFLRSHYDS-26OCT04TENBAL-TENTPOLLARD20-60,Tony Pollard: 60+ rushing yards,0.3400,0.3500,0.3500,299.83,299.83,active,2026-10-06T17:00:00Z,2026-10-02T09:37:33+00:00
KXNFLRSHYDS-26OCT04TENBAL,KXNFLRSHYDS,KXNFLRSHYDS-26OCT04TENBAL-TENTSPEARS2-50,Tyjae Spears: 50+ rushing yards,0.0200,0.0800,0.0000,0.00,0.00,active,2026-10-06T17:00:00Z,2026-10-02T09:37:33+00:00
KXNFLRSHYDS-26OCT04TENBAL,KXNFLRSHYDS,KXNFLRSHYDS-26OCT04TENBAL-TENTSPEARS2-40,Tyjae Spears: 40+ rushing yards,0.1100,0.1200,0.0000,0.00,0.00,active,2026-10-06T17:00:00Z,2026-10-02T09:37:33+00:00
KXNFLRSHYDS-26OCT04TENBAL,KXNFLRSHYDS,KXNFLRSHYDS-26OCT04TENBAL-TENTPOLLARD20-90,Tony Pollard: 90+ rushing yards,0.0500,0.1200,0.0000,0.00,0.00,active,2026-10-06T17:00:00Z,2026-10-02T09:37:33+00:00
KXNFLRSHYDS-26OCT04TENBAL,KXNFLRSHYDS,KXNFLRSHYDS-26OCT04TENBAL-BALDHENRY22-90,Derrick Henry: 90+ rushing yards,0.5800,0.5900,0.5900,691.78,627.51,active,2026-10-06T17:00:00Z,2026-10-02T09:37:33+00:00
KXNFLRSHYDS-26OCT04TENBAL,KXNFLRSHYDS,KXNFLRSHYDS-26OCT04TENBAL-TENTPOLLARD20-80,Tony Pollard: 80+ rushing yards,0.0300,0.1700,0.0000,0.00,0.00,active,2026-10-06T17:00:00Z,2026-10-02T09:37:33+00:00
KXNFLRSHYDS-26OCT04TENBAL,KXNFLRSHYDS,KXNFLRSHYDS-26OCT04TENBAL-TENTPOLLARD20-25,Tony Pollard: 25+ rushing yards,0.7800,0.8400,0.0000,0.00,0.00,active,2026-10-06T17:00:00Z,2026-10-02T09:37:33+00:00
KXNFLRSHYDS-26OCT04TENBAL,KXNFLRSHYDS,KXNFLRSHYDS-26OCT04TENBAL-BALLJACKSON8-30,Lamar Jackson: 30+ rushing yards,0.5300,0.5600,0.5600,2141.44,2122.97,active,2026-10-06T17:00:00Z,2026-10-02T09:37:33+00:00
KXNFLRSHYDS-26OCT04TENBAL,KXNFLRSHYDS,KXNFLRSHYDS-26OCT04TENBAL-TENCWARD1-15,Cam Ward: 15+ rushing yards,0.3400,0.3800,0.3600,1448.00,1448.00,active,2026-10-06T17:00:00Z,2026-10-02T09:37:33+00:00
KXNFLRSHYDS-26OCT04TENBAL,KXNFLRSHYDS,KXNFLRSHYDS-26OCT04TENBAL-BALLJACKSON8-20,Lamar Jackson: 20+ rushing yards,0.6900,0.7600,0.7600,13.64,13.64,active,2026-10-06T17:00:00Z,2026-10-02T09:37:33+00:00
KXNFLRSHYDS-26OCT04TENBAL,KXNFLRSHYDS,KXNFLRSHYDS-26OCT04TENBAL-BALLJACKSON8-70,Lamar Jackson: 70+ rushing yards,0.0200,0.0900,0.0000,0.00,0.00,active,2026-10-06T17:00:00Z,2026-10-02T09:37:33+00:00
KXNFLRSHYDS-26OCT04TENBAL,KXNFLRSHYDS,KXNFLRSHYDS-26OCT04TENBAL-BALLJACKSON8-25,Lamar Jackson: 25+ rushing yards,0.6000,0.6600,0.0000,0.00,0.00,active,2026-10-06T17:00:00Z,2026-10-02T09:37:33+00:00
KXNFLRSHYDS-26OCT04TENBAL,KXNFLRSHYDS,KXNFLRSHYDS-26OCT04TENBAL-TENCWARD1-25,Cam Ward: 25+ rushing yards,0.1300,0.1700,0.1600,1448.00,1448.00,active,2026-10-06T17:00:00Z,2026-10-02T09:37:33+00:00
KXNFLRSHYDS-26OCT04TENBAL,KXNFLRSHYDS,KXNFLRSHYDS-26OCT04TENBAL-TENCWARD1-30,Cam Ward: 30+ rushing yards,0.0800,0.1000,0.1100,2160.00,2160.00,active,2026-10-06T17:00:00Z,2026-10-02T09:37:33+00:00
KXNFLRSHYDS-26OCT04TENBAL,KXNFLRSHYDS,KXNFLRSHYDS-26OCT04TENBAL-BALLJACKSON8-50,Lamar Jackson: 50+ rushing yards,0.2000,0.2400,0.2400,1960.00,1960.00,active,2026-10-06T17:00:00Z,2026-10-02T09:37:33+00:00
KXNFLRSHYDS-26OCT04TENBAL,KXNFLRSHYDS,KXNFLRSHYDS-26OCT04TENBAL-TENTPOLLARD20-50,Tony Pollard: 50+ rushing yards,0.4700,0.4800,0.4800,1593.78,1575.55,active,2026-10-06T17:00:00Z,2026-10-02T09:37:33+00:00
KXNFLRSHYDS-26OCT04TENBAL,KXNFLRSHYDS,KXNFLRSHYDS-26OCT04TENBAL-BALLJACKSON8-15,Lamar Jackson: 15+ rushing yards,0.7800,0.8500,0.8400,7.05,7.05,active,2026-10-06T17:00:00Z,2026-10-02T09:37:33+00:00
KXNFLRSHYDS-26OCT04TENBAL,KXNFLRSHYDS,KXNFLRSHYDS-26OCT04TENBAL-BALLJACKSON8-40,Lamar Jackson: 40+ rushing yards,0.3400,0.3800,0.3800,1236.04,1236.04,active,2026-10-06T17:00:00Z,2026-10-02T09:37:33+00:00
KXNFLRSHYDS-26OCT04TENBAL,KXNFLRSHYDS,KXNFLRSHYDS-26OCT04TENBAL-BALDHENRY22-120,Derrick Henry: 120+ rushing yards,0.1800,0.3400,0.3300,192.75,192.75,active,2026-10-06T17:00:00Z,2026-10-02T09:37:33+00:00
KXNFLRSHYDS-26OCT04TENBAL,KXNFLRSHYDS,KXNFLRSHYDS-26OCT04TENBAL-TENTPOLLARD20-100,Tony Pollard: 100+ rushing yards,0.0200,0.0800,0.0900,104.45,104.45,active,2026-10-06T17:00:00Z,2026-10-02T09:37:33+00:00
KXNFLRSHYDS-26OCT04TENBAL,KXNFLRSHYDS,KXNFLRSHYDS-26OCT04TENBAL-TENTSPEARS2-15,Tyjae Spears: 15+ rushing yards,0.5100,0.5200,0.5300,72.04,72.04,active,2026-10-06T17:00:00Z,2026-10-02T09:37:33+00:00
KXNFLRSHYDS-26OCT04TENBAL,KXNFLRSHYDS,KXNFLRSHYDS-26OCT04TENBAL-TENTPOLLARD20-40,Tony Pollard: 40+ rushing yards,0.6000,0.6200,0.6100,159.57,159.57,active,2026-10-06T17:00:00Z,2026-10-02T09:37:33+00:00
KXNFLRSHYDS-26OCT04TENBAL,KXNFLRSHYDS,KXNFLRSHYDS-26OCT04TENBAL-TENCWARD1-20,Cam Ward: 20+ rushing yards,0.1200,0.2500,0.2500,2576.77,2576.77,active,2026-10-06T17:00:00Z,2026-10-02T09:37:33+00:00
KXNFLRSHYDS-26OCT04TENBAL,KXNFLRSHYDS,KXNFLRSHYDS-26OCT04TENBAL-TENTPOLLARD20-110,Tony Pollard: 110+ rushing yards,0.0100,0.0600,0.0000,0.00,0.00,active,2026-10-06T17:00:00Z,2026-10-02T09:37:33+00:00
KXNFLRSHYDS-26OCT04TENBAL,KXNFLRSHYDS,KXNFLRSHYDS-26OCT04TENBAL-TENTSPEARS2-10,Tyjae Spears: 10+ rushing yards,0.6000,0.6900,0.6600,18.00,18.00,active,2026-10-06T17:00:00Z,2026-10-02T09:37:33+00:00
KXNFLRSHYDS-26OCT04TENBAL,KXNFLRSHYDS,KXNFLRSHYDS-26OCT04TENBAL-BALDHENRY22-130,Derrick Henry: 130+ rushing yards,0.1000,0.2500,0.2400,73.00,73.00,active,2026-10-06T17:00:00Z,2026-10-02T09:37:33+00:00
KXNFLRSHYDS-26OCT04TENBAL,KXNFLRSHYDS,KXNFLRSHYDS-26OCT04TENBAL-BALDHENRY22-100,Derrick Henry: 100+ rushing yards,0.4600,0.4900,0.4900,6718.26,6585.40,active,2026-10-06T17:00:00Z,2026-10-02T09:37:33+00:00
KXNFLRSHYDS-26OCT04TENBAL,KXNFLRSHYDS,KXNFLRSHYDS-26OCT04TENBAL-BALDHENRY22-70,Derrick Henry: 70+ rushing yards,0.6300,0.7900,0.7700,87.00,79.00,active,2026-10-06T17:00:00Z,2026-10-02T09:37:33+00:00
KXNFLRSHYDS-26OCT04TENBAL,KXNFLRSHYDS,KXNFLRSHYDS-26OCT04TENBAL-BALDHENRY22-140,Derrick Henry: 140+ rushing yards,0.0700,0.1800,0.2200,602.51,602.51,active,2026-10-06T17:00:00Z,2026-10-02T09:37:33+00:00
KXNFLRSHYDS-26OCT04TENBAL,KXNFLRSHYDS,KXNFLRSHYDS-26OCT04TENBAL-BALDHENRY22-80,Derrick Henry: 80+ rushing yards,0.5800,0.6800,0.6800,144.39,130.32,active,2026-10-06T17:00:00Z,2026-10-02T09:37:33+00:00
KXNFLRSHYDS-26OCT04TENBAL,KXNFLRSHYDS,KXNFLRSHYDS-26OCT04TENBAL-BALLJACKSON8-60,Lamar Jackson: 60+ rushing yards,0.0700,0.1400,0.1400,1203.00,1203.00,active,2026-10-06T17:00:00Z,2026-10-02T09:37:33+00:00
KXNFLRSHYDS-26OCT04TENBAL,KXNFLRSHYDS,KXNFLRSHYDS-26OCT04TENBAL-BALDHENRY22-60,Derrick Henry: 60+ rushing yards,0.7100,0.8600,0.8500,102.14,90.79,active,2026-10-06T17:00:00Z,2026-10-02T09:37:33+00:00
KXNFLRSHYDS-26OCT05ATLNO,KXNFLRSHYDS,KXNFLRSHYDS-26OCT05ATLNO-NOAKAMARA41-100,Alvin Kamara: 100+ rushing yards,0.0100,0.0500,0.0000,0.00,0.00,active,2026-10-08T00:15:00Z,2026-10-02T09:37:33+00:00
KXNFLRSHYDS-26OCT05ATLNO,KXNFLRSHYDS,KXNFLRSHYDS-26OCT05ATLNO-NOTSHOUGH6-60,Tyler Shough: 60+ rushing yards,0.0100,0.0600,0.0000,0.00,0.00,active,2026-10-08T00:15:00Z,2026-10-02T09:37:33+00:00
KXNFLRSHYDS-26OCT05ATLNO,KXNFLRSHYDS,KXNFLRSHYDS-26OCT05ATLNO-ATLBROBINSON7-160,Bijan Robinson: 160+ rushing yards,0.0100,0.0900,0.0000,0.00,0.00,active,2026-10-08T00:15:00Z,2026-10-02T09:37:33+00:00
KXNFLRSHYDS-26OCT05ATLNO,KXNFLRSHYDS,KXNFLRSHYDS-26OCT05ATLNO-ATLBROBINSON7-170,Bijan Robinson: 170+ rushing yards,0.0100,0.0600,0.0000,0.00,0.00,active,2026-10-08T00:15:00Z,2026-10-02T09:37:33+00:00
KXNFLRSHYDS-26OCT05ATLNO,KXNFLRSHYDS,KXNFLRSHYDS-26OCT05ATLNO-NOTSHOUGH6-15,Tyler Shough: 15+ rushing yards,0.5300,0.5800,0.0000,0.00,0.00,active,2026-10-08T00:15:00Z,2026-10-02T09:37:33+00:00
KXNFLRSHYDS-26OCT05ATLNO,KXNFLRSHYDS,KXNFLRSHYDS-26OCT05ATLNO-NOTSHOUGH6-20,Tyler Shough: 20+ rushing yards,0.4000,0.4500,0.0000,0.00,0.00,active,2026-10-08T00:15:00Z,2026-10-02T09:37:33+00:00
KXNFLRSHYDS-26OCT05ATLNO,KXNFLRSHYDS,KXNFLRSHYDS-26OCT05ATLNO-NOTSHOUGH6-50,Tyler Shough: 50+ rushing yards,0.0100,0.0900,0.0000,0.00,0.00,active,2026-10-08T00:15:00Z,2026-10-02T09:37:33+00:00
KXNFLRSHYDS-26OCT05ATLNO,KXNFLRSHYDS,KXNFLRSHYDS-26OCT05ATLNO-NOTSHOUGH6-25,Tyler Shough: 25+ rushing yards,0.3000,0.3400,0.0000,0.00,0.00,active,2026-10-08T00:15:00Z,2026-10-02T09:37:33+00:00
KXNFLRSHYDS-26OCT05ATLNO,KXNFLRSHYDS,KXNFLRSHYDS-26OCT05ATLNO-NOTSHOUGH6-10,Tyler Shough: 10+ rushing yards,0.6300,0.7000,0.0000,0.00,0.00,active,2026-10-08T00:15:00Z,2026-10-02T09:37:33+00:00
KXNFLRSHYDS-26OCT05ATLNO,KXNFLRSHYDS,KXNFLRSHYDS-26OCT05ATLNO-NOTSHOUGH6-40,Tyler Shough: 40+ rushing yards,0.1200,0.1500,0.0000,0.00,0.00,active,2026-10-08T00:15:00Z,2026-10-02T09:37:33+00:00
KXNFLRSHYDS-26OCT05ATLNO,KXNFLRSHYDS,KXNFLRSHYDS-26OCT05ATLNO-NOTSHOUGH6-30,Tyler Shough: 30+ rushing yards,0.2300,0.2500,0.0000,0.00,0.00,active,2026-10-08T00:15:00Z,2026-10-02T09:37:33+00:00
KXNFLRSHYDS-26OCT05ATLNO,KXNFLRSHYDS,KXNFLRSHYDS-26OCT05ATLNO-ATLBROBINSON15-20,Brian Robinson: 20+ rushing yards,0.5800,0.7300,0.0000,0.00,0.00,active,2026-10-08T00:15:00Z,2026-10-02T09:37:33+00:00
KXNFLRSHYDS-26OCT05ATLNO,KXNFLRSHYDS,KXNFLRSHYDS-26OCT05ATLNO-ATLBROBINSON7-150,Bijan Robinson: 150+ rushing yards,0.0500,0.1000,0.1000,469.69,469.69,active,2026-10-08T00:15:00Z,2026-10-02T09:37:33+00:00
KXNFLRSHYDS-26OCT05ATLNO,KXNFLRSHYDS,KXNFLRSHYDS-26OCT05ATLNO-ATLBROBINSON15-60,Brian Robinson: 60+ rushing yards,0.0200,0.1600,0.0000,0.00,0.00,active,2026-10-08T00:15:00Z,2026-10-02T09:37:33+00:00
KXNFLRSHYDS-26OCT05ATLNO,KXNFLRSHYDS,KXNFLRSHYDS-26OCT05ATLNO-ATLBROBINSON7-130,Bijan Robinson: 130+ rushing yards,0.0800,0.2000,0.1800,455.41,455.41,active,2026-10-08T00:15:00Z,2026-10-02T09:37:33+00:00
KXNFLRSHYDS-26OCT05ATLNO,KXNFLRSHYDS,KXNFLRSHYDS-26OCT05ATLNO-NOAKAMARA41-20,Alvin Kamara: 20+ rushing yards,0.7800,0.8300,0.0000,0.00,0.00,active,2026-10-08T00:15:00Z,2026-10-02T09:37:33+00:00
KXNFLRSHYDS-26OCT05ATLNO,KXNFLRSHYDS,KXNFLRSHYDS-26OCT05ATLNO-ATLBROBINSON7-100,Bijan Robinson: 100+ rushing yards,0.3400,0.3900,0.3900,442.15,417.56,active,2026-10-08T00:15:00Z,2026-10-02T09:37:33+00:00
KXNFLRSHYDS-26OCT05ATLNO,KXNFLRSHYDS,KXNFLRSHYDS-26OCT05ATLNO-ATLBROBINSON15-15,Brian Robinson: 15+ rushing yards,0.6700,0.8300,0.0000,0.00,0.00,active,2026-10-08T00:15:00Z,2026-10-02T09:37:33+00:00
KXNFLRSHYDS-26OCT05ATLNO,KXNFLRSHYDS,KXNFLRSHYDS-26OCT05ATLNO-NOKMILLER5-20,Kendre Miller: 20+ rushing yards,0.5900,0.6400,0.6200,48.73,47.13,active,2026-10-08T00:15:00Z,2026-10-02T09:37:33+00:00
KXNFLRSHYDS-26OCT05ATLNO,KXNFLRSHYDS,KXNFLRSHYDS-26OCT05ATLNO-ATLBROBINSON15-80,Brian Robinson: 80+ rushing yards,0.0100,0.0800,0.0000,0.00,0.00,active,2026-10-08T00:15:00Z,2026-10-02T09:37:33+00:00
KXNFLRSHYDS-26OCT05ATLNO,KXNFLRSHYDS,KXNFLRSHYDS-26OCT05ATLNO-NOAKAMARA41-80,Alvin Kamara: 80+ rushing yards,0.0200,0.1000,0.0000,0.00,0.00,active,2026-10-08T00:15:00Z,2026-10-02T09:37:33+00:00
KXNFLRSHYDS-26OCT05ATLNO,KXNFLRSHYDS,KXNFLRSHYDS-26OCT05ATLNO-NOAKAMARA41-25,Alvin Kamara: 25+ rushing yards,0.6700,0.7300,0.0000,0.00,0.00,active,2026-10-08T00:15:00Z,2026-10-02T09:37:33+00:00
KXNFLRSHYDS-26OCT05ATLNO,KXNFLRSHYDS,KXNFLRSHYDS-26OCT05ATLNO-ATLBROBINSON7-90,Bijan Robinson: 90+ rushing yards,0.4600,0.4800,0.4800,662.69,564.75,active,2026-10-08T00:15:00Z,2026-10-02T09:37:33+00:00
KXNFLRSHYDS-26OCT05ATLNO,KXNFLRSHYDS,KXNFLRSHYDS-26OCT05ATLNO-NOKMILLER5-60,Kendre Miller: 60+ rushing yards,0.0100,0.1300,0.1100,42.00,42.00,active,2026-10-08T00:15:00Z,2026-10-02T09:37:33+00:00
KXNFLRSHYDS-26OCT05ATLNO,KXNFLRSHYDS,KXNFLRSHYDS-26OCT05ATLNO-ATLBROBINSON7-80,Bijan Robinson: 80+ rushing yards,0.5400,0.6000,0.5900,192.83,192.83,active,2026-10-08T00:15:00Z,2026-10-02T09:37:33+00:00
KXNFLRSHYDS-26OCT05ATLNO,KXNFLRSHYDS,KXNFLRSHYDS-26OCT05ATLNO-NOKMILLER5-40,Kendre Miller: 40+ rushing yards,0.1800,0.3100,0.3000,38.00,38.00,active,2026-10-08T00:15:00Z,2026-10-02T09:37:33+00:00
KXNFLRSHYDS-26OCT05ATLNO,KXNFLRSHYDS,KXNFLRSHYDS-26OCT05ATLNO-NOKMILLER5-50,Kendre Miller: 50+ rushing yards,0.1600,0.2000,0.2000,405.52,405.52,active,2026-10-08T00:15:00Z,2026-10-02T09:37:33+00:00
KXNFLRSHYDS-26OCT05ATLNO,KXNFLRSHYDS,KXNFLRSHYDS-26OCT05ATLNO-ATLMPENIX9-10,Michael Penix Jr.: 10+ rushing yards,0.3200,0.3700,0.3200,218.00,218.00,active,2026-10-08T00:15:00Z,2026-10-02T09:37:33+00:00
KXNFLRSHYDS-26OCT05ATLNO,KXNFLRSHYDS,KXNFLRSHYDS-26OCT05ATLNO-ATLBROBINSON15-50,Brian Robinson: 50+ rushing yards,0.0900,0.2400,0.0000,0.00,0.00,active,2026-10-08T00:15:00Z,2026-10-02T09:37:33+00:00
KXNFLRSHYDS-26OCT05ATLNO,KXNFLRSHYDS,KXNFLRSHYDS-26OCT05ATLNO-NOKMILLER5-10,Kendre Miller: 10+ rushing yards,0.8000,0.8300,0.0000,0.00,0.00,active,2026-10-08T00:15:00Z,2026-10-02T09:37:33+00:00
KXNFLRSHYDS-26OCT05ATLNO,KXNFLRSHYDS,KXNFLRSHYDS-26OCT05ATLNO-ATLBROBINSON7-110,Bijan Robinson: 110+ rushing yards,0.2900,0.3100,0.3100,43.06,43.06,active,2026-10-08T00:15:00Z,2026-10-02T09:37:33+00:00
KXNFLRSHYDS-26OCT05ATLNO,KXNFLRSHYDS,KXNFLRSHYDS-26OCT05ATLNO-ATLBROBINSON15-90,Brian Robinson: 90+ rushing yards,0.0500,0.0600,0.0600,1366.92,1366.92,active,2026-10-08T00:15:00Z,2026-10-02T09:37:33+00:00
KXNFLRSHYDS-26OCT05ATLNO,KXNFLRSHYDS,KXNFLRSHYDS-26OCT05ATLNO-NOAKAMARA41-40,Alvin Kamara: 40+ rushing yards,0.4500,0.4900,0.4800,74.77,74.77,active,2026-10-08T00:15:00Z,2026-10-02T09:37:33+00:00
KXNFLRSHYDS-26OCT05ATLNO,KXNFLRSHYDS,KXNFLRSHYDS-26OCT05ATLNO-NOAKAMARA41-70,Alvin Kamara: 70+ rushing yards,0.0200,0.1500,0.1600,460.13,460.13,active,2026-10-08T00:15:00Z,2026-10-02T09:37:33+00:00
KXNFLRSHYDS-26OCT05ATLNO,KXNFLRSHYDS,KXNFLRSHYDS-26OCT05ATLNO-NOKMILLER5-30,Kendre Miller: 30+ rushing yards,0.4300,0.4600,0.4400,59.34,59.34,active,2026-10-08T00:15:00Z,2026-10-02T09:37:33+00:00
KXNFLRSHYDS-26OCT05ATLNO,KXNFLRSHYDS,KXNFLRSHYDS-26OCT05ATLNO-NOAKAMARA41-30,Alvin Kamara: 30+ rushing yards,0.6000,0.6600,0.0000,0.00,0.00,active,2026-10-08T00:15:00Z,2026-10-02T09:37:33+00:00
KXNFLRSHYDS-26OCT05ATLNO,KXNFLRSHYDS,KXNFLRSHYDS-26OCT05ATLNO-NOAKAMARA41-50,Alvin Kamara: 50+ rushing yards,0.3100,0.3400,0.0000,0.00,0.00,active,2026-10-08T00:15:00Z,2026-10-02T09:37:33+00:00
KXNFLRSHYDS-26OCT05ATLNO,KXNFLRSHYDS,KXNFLRSHYDS-26OCT05ATLNO-ATLMPENIX9-30,Michael Penix Jr.: 30+ rushing yards,0.0600,0.0900,0.0000,0.00,0.00,active,2026-10-08T00:15:00Z,2026-10-02T09:37:33+00:00
KXNFLRSHYDS-26OCT05ATLNO,KXNFLRSHYDS,KXNFLRSHYDS-26OCT05ATLNO-ATLBROBINSON7-140,Bijan Robinson: 140+ rushing yards,0.0200,0.1500,0.0000,0.00,0.00,active,2026-10-08T00:15:00Z,2026-10-02T09:37:33+00:00
KXNFLRSHYDS-26OCT05ATLNO,KXNFLRSHYDS,KXNFLRSHYDS-26OCT05ATLNO-NOKMILLER5-70,Kendre Miller: 70+ rushing yards,0.0200,0.0900,0.0000,0.00,0.00,active,2026-10-08T00:15:00Z,2026-10-02T09:37:33+00:00
KXNFLRSHYDS-26OCT05ATLNO,KXNFLRSHYDS,KXNFLRSHYDS-26OCT05ATLNO-ATLMPENIX9-15,Michael Penix Jr.: 15+ rushing yards,0.2200,0.2500,0.0000,0.00,0.00,active,2026-10-08T00:15:00Z,2026-10-02T09:37:33+00:00
KXNFLRSHYDS-26OCT05ATLNO,KXNFLRSHYDS,KXNFLRSHYDS-26OCT05ATLNO-ATLMPENIX9-25,Michael Penix Jr.: 25+ rushing yards,0.0800,0.1100,0.0000,0.00,0.00,active,2026-10-08T00:15:00Z,2026-10-02T09:37:33+00:00
KXNFLRSHYDS-26OCT05ATLNO,KXNFLRSHYDS,KXNFLRSHYDS-26OCT05ATLNO-ATLBROBINSON15-70,Brian Robinson: 70+ rushing yards,0.0200,0.1100,0.1100,171.15,171.15,active,2026-10-08T00:15:00Z,2026-10-02T09:37:33+00:00
KXNFLRSHYDS-26OCT05ATLNO,KXNFLRSHYDS,KXNFLRSHYDS-26OCT05ATLNO-NOKMILLER5-15,Kendre Miller: 15+ rushing yards,0.7100,0.7400,0.0000,0.00,0.00,active,2026-10-08T00:15:00Z,2026-10-02T09:37:33+00:00
KXNFLRSHYDS-26OCT05ATLNO,KXNFLRSHYDS,KXNFLRSHYDS-26OCT05ATLNO-ATLBROBINSON15-30,Brian Robinson: 30+ rushing yards,0.4700,0.5100,0.5100,584.29,584.29,active,2026-10-08T00:15:00Z,2026-10-02T09:37:33+00:00
KXNFLRSHYDS-26OCT05ATLNO,KXNFLRSHYDS,KXNFLRSHYDS-26OCT05ATLNO-NOAKAMARA41-90,Alvin Kamara: 90+ rushing yards,0.0500,0.0700,0.0000,0.00,0.00,active,2026-10-08T00:15:00Z,2026-10-02T09:37:33+00:00
KXNFLRSHYDS-26OCT05ATLNO,KXNFLRSHYDS,KXNFLRSHYDS-26OCT05ATLNO-ATLBROBINSON7-70,Bijan Robinson: 70+ rushing yards,0.6400,0.6900,0.6800,34.95,34.95,active,2026-10-08T00:15:00Z,2026-10-02T09:37:33+00:00
KXNFLRSHYDS-26OCT05ATLNO,KXNFLRSHYDS,KXNFLRSHYDS-26OCT05ATLNO-ATLBROBINSON7-60,Bijan Robinson: 60+ rushing yards,0.6900,0.7900,0.8000,19.90,19.90,active,2026-10-08T00:15:00Z,2026-10-02T09:37:33+00:00
KXNFLRSHYDS-26OCT05ATLNO,KXNFLRSHYDS,KXNFLRSHYDS-26OCT05ATLNO-NOKMILLER5-25,Kendre Miller: 25+ rushing yards,0.5000,0.5500,0.0000,0.00,0.00,active,2026-10-08T00:15:00Z,2026-10-02T09:37:33+00:00
KXNFLRSHYDS-26OCT05ATLNO,KXNFLRSHYDS,KXNFLRSHYDS-26OCT05ATLNO-ATLBROBINSON15-40,Brian Robinson: 40+ rushing yards,0.2100,0.3600,0.3600,292.65,292.65,active,2026-10-08T00:15:00Z,2026-10-02T09:37:33+00:00
KXNFLRSHYDS-26OCT05ATLNO,KXNFLRSHYDS,KXNFLRSHYDS-26OCT05ATLNO-ATLBROBINSON7-50,Bijan Robinson: 50+ rushing yards,0.7400,0.8800,0.8400,9.00,9.00,active,2026-10-08T00:15:00Z,2026-10-02T09:37:33+00:00
KXNFLRSHYDS-26OCT05ATLNO,KXNFLRSHYDS,KXNFLRSHYDS-26OCT05ATLNO-NOAKAMARA41-60,Alvin Kamara: 60+ rushing yards,0.2100,0.2300,0.2400,4.00,4.00,active,2026-10-08T00:15:00Z,2026-10-02T09:37:33+00:00
KXNFLRSHYDS-26OCT05ATLNO,KXNFLRSHYDS,KXNFLRSHYDS-26OCT05ATLNO-ATLBROBINSON15-25,Brian Robinson: 25+ rushing yards,0.5300,0.6400,0.6300,154.72,154.72,active,2026-10-08T00:15:00Z,2026-10-02T09:37:33+00:00
KXNFLRSHYDS-26OCT05ATLNO,KXNFLRSHYDS,KXNFLRSHYDS-26OCT05ATLNO-ATLMPENIX9-20,Michael Penix Jr.: 20+ rushing yards,0.1500,0.1600,0.0000,0.00,0.00,active,2026-10-08T00:15:00Z,2026-10-02T09:37:33+00:00
KXNFLRSHYDS-26OCT05ATLNO,KXNFLRSHYDS,KXNFLRSHYDS-26OCT05ATLNO-ATLBROBINSON7-120,Bijan Robinson: 120+ rushing yards,0.1000,0.2500,0.2500,206.48,206.48,active,2026-10-08T00:15:00Z,2026-10-02T09:37:33+00:00
KXNFLPASSYDS-26OCT04ARINYG,KXNFLPASSYDS,KXNFLPASSYDS-26OCT04ARINYG-NYGJWINSTON19-350,Jameis Winston: 350+ passing yards,0.0300,0.0400,0.0400,426.43,426.43,active,2026-10-06T17:00:00Z,2026-10-02T09:37:33+00:00
KXNFLPASSYDS-26OCT04ARINYG,KXNFLPASSYDS,KXNFLPASSYDS-26OCT04ARINYG-NYGJWINSTON19-325,Jameis Winston: 325+ passing yards,0.0500,0.0700,0.0000,0.00,0.00,active,2026-10-06T17:00:00Z,2026-10-02T09:37:33+00:00
KXNFLPASSYDS-26OCT04ARINYG,KXNFLPASSYDS,KXNFLPASSYDS-26OCT04ARINYG-ARIJBRISSETT7-350,Jacoby Brissett: 350+ passing yards,0.0500,0.0600,0.0000,0.00,0.00,active,2026-10-06T17:00:00Z,2026-10-02T09:37:33+00:00
KXNFLPASSYDS-26OCT04ARINYG,KXNFLPASSYDS,KXNFLPASSYDS-26OCT04ARINYG-ARIJBRISSETT7-300,Jacoby Brissett: 300+ passing yards,0.1400,0.1700,0.0000,0.00,0.00,active,2026-10-06T17:00:00Z,2026-10-02T09:37:33+00:00
KXNFLPASSYDS-26OCT04ARINYG,KXNFLPASSYDS,KXNFLPASSYDS-26OCT04ARINYG-NYGJWINSTON19-125,Jameis Winston: 125+ passing yards,0.7800,0.8900,0.8100,45.00,45.00,active,2026-10-06T17:00:00Z,2026-10-02T09:37:33+00:00
KXNFLPASSYDS-26OCT04ARINYG,KXNFLPASSYDS,KXNFLPASSYDS-26OCT04ARINYG-NYGJWINSTON19-250,Jameis Winston: 250+ passing yards,0.2600,0.2900,0.0000,0.00,0.00,active,2026-10-06T17:00:00Z,2026-10-02T09:37:33+00:00
KXNFLPASSYDS-26OCT04ARINYG,KXNFLPASSYDS,KXNFLPASSYDS-26OCT04ARINYG-ARIJBRISSETT7-175,Jacoby Brissett: 175+ passing yards,0.7700,0.8200,0.8200,3.01,3.01,active,2026-10-06T17:00:00Z,2026-10-02T09:37:33+00:00
KXNFLPASSYDS-26OCT04ARINYG,KXNFLPASSYDS,KXNFLPASSYDS-26OCT04ARINYG-NYGJWINSTON19-225,Jameis Winston: 225+ passing yards,0.3800,0.4200,0.0000,0.00,0.00,active,2026-10-06T17:00:00Z,2026-10-02T09:37:33+00:00
KXNFLPASSYDS-26OCT04ARINYG,KXNFLPASSYDS,KXNFLPASSYDS-26OCT04ARINYG-NYGJWINSTON19-275,Jameis Winston: 275+ passing yards,0.1500,0.1900,0.0000,0.00,0.00,active,2026-10-06T17:00:00Z,2026-10-02T09:37:33+00:00
KXNFLPASSYDS-26OCT04ARINYG,KXNFLPASSYDS,KXNFLPASSYDS-26OCT04ARINYG-ARIJBRISSETT7-275,Jacoby Brissett: 275+ passing yards,0.2400,0.2800,0.0000,0.00,0.00,active,2026-10-06T17:00:00Z,2026-10-02T09:37:33+00:00
KXNFLPASSYDS-26OCT04ARINYG,KXNFLPASSYDS,KXNFLPASSYDS-26OCT04ARINYG-ARIJBRISSETT7-325,Jacoby Brissett: 325+ passing yards,0.0600,0.1100,0.0000,0.00,0.00,active,2026-10-06T17:00:00Z,2026-10-02T09:37:33+00:00
KXNFLPASSYDS-26OCT04ARINYG,KXNFLPASSYDS,KXNFLPASSYDS-26OCT04ARINYG-NYGJWINSTON19-300,Jameis Winston: 300+ passing yards,0.0700,0.1200,0.0000,0.00,0.00,active,2026-10-06T17:00:00Z,2026-10-02T09:37:33+00:00
KXNFLPASSYDS-26OCT04ARINYG,KXNFLPASSYDS,KXNFLPASSYDS-26OCT04ARINYG-NYGJWINSTON19-200,Jameis Winston: 200+ passing yards,0.5200,0.5300,0.5200,242.67,236.67,active,2026-10-06T17:00:00Z,2026-10-02T09:37:33+00:00
KXNFLPASSYDS-26OCT04ARINYG,KXNFLPASSYDS,KXNFLPASSYDS-26OCT04ARINYG-ARIJBRISSETT7-150,Jacoby Brissett: 150+ passing yards,0.8600,0.9000,0.9000,1.10,1.10,active,2026-10-06T17:00:00Z,2026-10-02T09:37:33+00:00
KXNFLPASSYDS-26OCT04ARINYG,KXNFLPASSYDS,KXNFLPASSYDS-26OCT04ARINYG-ARIJBRISSETT7-225,Jacoby Brissett: 225+ passing yards,0.5300,0.5400,0.5400,404.89,319.16,active,2026-10-06T17:00:00Z,2026-10-02T09:37:33+00:00
KXNFLPASSYDS-26OCT04ARINYG,KXNFLPASSYDS,KXNFLPASSYDS-26OCT04ARINYG-NYGJWINSTON19-175,Jameis Winston: 175+ passing yards,0.6800,0.7000,0.0000,0.00,0.00,active,2026-10-06T17:00:00Z,2026-10-02T09:37:33+00:00
KXNFLPASSYDS-26OCT04ARINYG,KXNFLPASSYDS,KXNFLPASSYDS-26OCT04ARINYG-NYGJWINSTON19-150,Jameis Winston: 150+ passing yards,0.8000,0.8300,0.0000,0.00,0.00,active,2026-10-06T17:00:00Z,2026-10-02T09:37:33+00:00
KXNFLPASSYDS-26OCT04ARINYG,KXNFLPASSYDS,KXNFLPASSYDS-26OCT04ARINYG-ARIJBRISSETT7-200,Jacoby Brissett: 200+ passing yards,0.6700,0.7000,0.7000,103.45,103.45,active,2026-10-06T17:00:00Z,2026-10-02T09:37:33+00:00
KXNFLPASSYDS-26OCT04ARINYG,KXNFLPASSYDS,KXNFLPASSYDS-26OCT04ARINYG-ARIJBRISSETT7-250,Jacoby Brissett: 250+ passing yards,0.3200,0.3800,0.3800,883.66,883.66,active,2026-10-06T17:00:00Z,2026-10-02T09:37:33+00:00
KXNFLPASSYDS-26OCT04DALHOU,KXNFLPASSYDS,KXNFLPASSYDS-26OCT04DALHOU-DALDPRESCOTT4-300,Dak Prescott: 300+ passing yards,0.3000,0.3200,0.3300,29.56,29.56,active,2026-10-06T17:00:00Z,2026-10-02T09:37:33+00:00
KXNFLPASSYDS-26OCT04DALHOU,KXNFLPASSYDS,KXNFLPASSYDS-26OCT04DALHOU-DALDPRESCOTT4-325,Dak Prescott: 325+ passing yards,0.2000,0.2100,0.0000,0.00,0.00,active,2026-10-06T17:00:00Z,2026-10-02T09:37:33+00:00
KXNFLPASSYDS-26OCT04DALHOU,KXNFLPASSYDS,KXNFLPASSYDS-26OCT04DALHOU-HOUCSTROUD7-250,C.J. Stroud: 250+ passing yards,0.4700,0.4800,0.4800,1126.55,1103.54,active,2026-10-06T17:00:00Z,2026-10-02T09:37:33+00:00
KXNFLPASSYDS-26OCT04DALHOU,KXNFLPASSYDS,KXNFLPASSYDS-26OCT04DALHOU-DALDPRESCOTT4-350,Dak Prescott: 350+ passing yards,0.1100,0.1300,0.1500,6.26,6.26,active,2026-10-06T17:00:00Z,2026-10-02T09:37:33+00:00
KXNFLPASSYDS-26OCT04DALHOU,KXNFLPASSYDS,KXNFLPASSYDS-26OCT04DALHOU-DALDPRESCOTT4-400,Dak Prescott: 400+ passing yards,0.0500,0.0600,0.0000,0.00,0.00,active,2026-10-06T17:00:00Z,2026-10-02T09:37:33+00:00
KXNFLPASSYDS-26OCT04DALHOU,KXNFLPASSYDS,KXNFLPASSYDS-26OCT04DALHOU-DALDPRESCOTT4-375,Dak Prescott: 375+ passing yards,0.0500,0.1000,0.0000,0.00,0.00,active,2026-10-06T17:00:00Z,2026-10-02T09:37:33+00:00
KXNFLPASSYDS-26OCT04DALHOU,KXNFLPASSYDS,KXNFLPASSYDS-26OCT04DALHOU-DALDPRESCOTT4-250,Dak Prescott: 250+ passing yards,0.6100,0.6200,0.6100,28.05,22.33,active,2026-10-06T17:00:00Z,2026-10-02T09:37:33+00:00
KXNFLPASSYDS-26OCT04DALHOU,KXNFLPASSYDS,KXNFLPASSYDS-26OCT04DALHOU-DALDPRESCOTT4-225,Dak Prescott: 225+ passing yards,0.7200,0.7400,0.7400,13.27,13.27,active,2026-10-06T17:00:00Z,2026-10-02T09:37:33+00:00
KXNFLPASSYDS-26OCT04DALHOU,KXNFLPASSYDS,KXNFLPASSYDS-26OCT04DALHOU-HOUCSTROUD7-275,C.J. Stroud: 275+ passing yards,0.3400,0.3500,0.0000,0.00,0.00,active,2026-10-06T17:00:00Z,2026-10-02T09:37:33+00:00
KXNFLPASSYDS-26OCT04DALHOU,KXNFLPASSYDS,KXNFLPASSYDS-26OCT04DALHOU-HOUCSTROUD7-350,C.J. Stroud: 350+ passing yards,0.0700,0.0900,0.0000,0.00,0.00,active,2026-10-06T17:00:00Z,2026-10-02T09:37:33+00:00
KXNFLPASSYDS-26OCT04DALHOU,KXNFLPASSYDS,KXNFLPASSYDS-26OCT04DALHOU-HOUCSTROUD7-225,C.J. Stroud: 225+ passing yards,0.6100,0.6400,0.6400,40.04,40.04,active,2026-10-06T17:00:00Z,2026-10-02T09:37:33+00:00
KXNFLPASSYDS-26OCT04DALHOU,KXNFLPASSYDS,KXNFLPASSYDS-26OCT04DALHOU-HOUCSTROUD7-325,C.J. Stroud: 325+ passing yards,0.1200,0.1500,0.1600,295.14,295.14,active,2026-10-06T17:00:00Z,2026-10-02T09:37:33+00:00
KXNFLPASSYDS-26OCT04DALHOU,KXNFLPASSYDS,KXNFLPASSYDS-26OCT04DALHOU-HOUCSTROUD7-200,C.J. Stroud: 200+ passing yards,0.6200,0.7600,0.7500,807.28,806.28,active,2026-10-06T17:00:00Z,2026-10-02T09:37:33+00:00
KXNFLPASSYDS-26OCT04DALHOU,KXNFLPASSYDS,KXNFLPASSYDS-26OCT04DALHOU-DALDPRESCOTT4-200,Dak Prescott: 200+ passing yards,0.7900,0.8400,0.8400,1511.98,1506.50,active,2026-10-06T17:00:00Z,2026-10-02T09:37:33+00:00
KXNFLPASSYDS-26OCT04DALHOU,KXNFLPASSYDS,KXNFLPASSYDS-26OCT04DALHOU-DALDPRESCOTT4-275,Dak Prescott: 275+ passing yards,0.4100,0.4300,0.4300,1040.22,989.85,active,2026-10-06T17:00:00Z,2026-10-02T09:37:33+00:00
KXNFLPASSYDS-26OCT04DALHOU,KXNFLPASSYDS,KXNFLPASSYDS-26OCT04DALHOU-HOUCSTROUD7-300,C.J. Stroud: 300+ passing yards,0.2200,0.2300,0.2300,8.25,8.25,active,2026-10-06T17:00:00Z,2026-10-02T09:37:33+00:00
KXNFLPASSYDS-26OCT04DALHOU,KXNFLPASSYDS,KXNFLPASSYDS-26OCT04DALHOU-HOUCSTROUD7-175,C.J. Stroud: 175+ passing yards,0.8200,0.8700,0.8700,108.48,108.48,active,2026-10-06T17:00:00Z,2026-10-02T09:37:33+00:00
KXNFLPASSYDS-26OCT04DENSF,KXNFLPASSYDS,KXNFLPASSYDS-26OCT04DENSF-DENBNIX10-325,Bo Nix: 325+ passing yards,0.0500,0.0900,0.1000,470.36,470.36,active,2026-10-06T20:25:00Z,2026-10-02T09:37:33+00:00
KXNFLPASSYDS-26OCT04DENSF,KXNFLPASSYDS,KXNFLPASSYDS-26OCT04DENSF-DENBNIX10-350,Bo Nix: 350+ passing yards,0.0500,0.0600,0.0500,49.29,49.29,active,2026-10-06T20:25:00Z,2026-10-02T09:37:33+00:00
KXNFLPASSYDS-26OCT04DENSF,KXNFLPASSYDS,KXNFLPASSYDS-26OCT04DENSF-DENBNIX10-275,Bo Nix: 275+ passing yards,0.2100,0.2300,0.0000,0.00,0.00,active,2026-10-06T20:25:00Z,2026-10-02T09:37:33+00:00
KXNFLPASSYDS-26OCT04DENSF,KXNFLPASSYDS,KXNFLPASSYDS-26OCT04DENSF-SFBPURDY13-275,Brock Purdy: 275+ passing yards,0.2500,0.2800,0.2800,51.01,51.01,active,2026-10-06T20:25:00Z,2026-10-02T09:37:33+00:00
KXNFLPASSYDS-26OCT04DENSF,KXNFLPASSYDS,KXNFLPASSYDS-26OCT04DENSF-DENBNIX10-250,Bo Nix: 250+ passing yards,0.3400,0.3500,0.3700,10.35,10.35,active,2026-10-06T20:25:00Z,2026-10-02T09:37:33+00:00
KXNFLPASSYDS-26OCT04DENSF,KXNFLPASSYDS,KXNFLPASSYDS-26OCT04DENSF-SFBPURDY13-250,Brock Purdy: 250+ passing yards,0.3800,0.4100,0.4100,2045.10,2027.10,active,2026-10-06T20:25:00Z,2026-10-02T09:37:33+00:00
KXNFLPASSYDS-26OCT04DENSF,KXNFLPASSYDS,KXNFLPASSYDS-26OCT04DENSF-SFBPURDY13-350,Brock Purdy: 350+ passing yards,0.0500,0.0700,0.0700,222.11,222.11,active,2026-10-06T20:25:00Z,2026-10-02T09:37:33+00:00
KXNFLPASSYDS-26OCT04DENSF,KXNFLPASSYDS,KXNFLPASSYDS-26OCT04DENSF-DENBNIX10-200,Bo Nix: 200+ passing yards,0.6200,0.6500,0.6500,193.00,117.92,active,2026-10-06T20:25:00Z,2026-10-02T09:37:33+00:00
KXNFLPASSYDS-26OCT04DENSF,KXNFLPASSYDS,KXNFLPASSYDS-26OCT04DENSF-SFBPURDY13-300,Brock Purdy: 300+ passing yards,0.1500,0.1900,0.1800,1984.89,1984.89,active,2026-10-06T20:25:00Z,2026-10-02T09:37:33+00:00
KXNFLPASSYDS-26OCT04DENSF,KXNFLPASSYDS,KXNFLPASSYDS-26OCT04DENSF-SFBPURDY13-325,Brock Purdy: 325+ passing yards,0.0500,0.1100,0.1200,172.68,172.68,active,2026-10-06T20:25:00Z,2026-10-02T09:37:33+00:00
KXNFLPASSYDS-26OCT04DENSF,KXNFLPASSYDS,KXNFLPASSYDS-26OCT04DENSF-DENBNIX10-225,Bo Nix: 225+ passing yards,0.4900,0.5100,0.5100,2752.69,2752.69,active,2026-10-06T20:25:00Z,2026-10-02T09:37:33+00:00
KXNFLPASSYDS-26OCT04DENSF,KXNFLPASSYDS,KXNFLPASSYDS-26OCT04DENSF-SFBPURDY13-200,Brock Purdy: 200+ passing yards,0.6600,0.7000,0.7000,42.66,42.66,active,2026-10-06T20:25:00Z,2026-10-02T09:37:33+00:00
KXNFLPASSYDS-26OCT04DENSF,KXNFLPASSYDS,KXNFLPASSYDS-26OCT04DENSF-DENBNIX10-300,Bo Nix: 300+ passing yards,0.1000,0.1500,0.0000,0.00,0.00,active,2026-10-06T20:25:00Z,2026-10-02T09:37:33+00:00
KXNFLPASSYDS-26OCT04DENSF,KXNFLPASSYDS,KXNFLPASSYDS-26OCT04DENSF-SFBPURDY13-225,Brock Purdy: 225+ passing yards,0.5400,0.5600,0.5500,933.00,916.34,active,2026-10-06T20:25:00Z,2026-10-02T09:37:33+00:00
KXNFLPASSYDS-26OCT04DENSF,KXNFLPASSYDS,KXNFLPASSYDS-26OCT04DENSF-SFBPURDY13-175,Brock Purdy: 175+ passing yards,0.6700,0.8100,0.0000,0.00,0.00,active,2026-10-06T20:25:00Z,2026-10-02T09:37:33+00:00
KXNFLPASSYDS-26OCT04DENSF,KXNFLPASSYDS,KXNFLPASSYDS-26OCT04DENSF-DENBNIX10-150,Bo Nix: 150+ passing yards,0.7800,0.8700,0.8700,1.92,1.92,active,2026-10-06T20:25:00Z,2026-10-02T09:37:33+00:00
KXNFLPASSYDS-26OCT04DENSF,KXNFLPASSYDS,KXNFLPASSYDS-26OCT04DENSF-DENBNIX10-175,Bo Nix: 175+ passing yards,0.6900,0.7800,0.0000,0.00,0.00,active,2026-10-06T20:25:00Z,2026-10-02T09:37:33+00:00
KXNFLPASSYDS-26OCT04DENSF,KXNFLPASSYDS,KXNFLPASSYDS-26OCT04DENSF-SFBPURDY13-150,Brock Purdy: 150+ passing yards,0.7300,0.8900,0.9100,10.78,10.78,active,2026-10-06T20:25:00Z,2026-10-02T09:37:33+00:00
KXNFLPASSYDS-26OCT04DETCAR,KXNFLPASSYDS,KXNFLPASSYDS-26OCT04DETCAR-CARBYOUNG9-375,Bryce Young: 375+ passing yards,0.0500,0.0800,0.0000,0.00,0.00,active,2026-10-07T00:20:00Z,2026-10-02T09:37:33+00:00
KXNFLPASSYDS-26OCT04DETCAR,KXNFLPASSYDS,KXNFLPASSYDS-26OCT04DETCAR-DETJGOFF16-375,Jared Goff: 375+ passing yards,0.0500,0.0900,0.0000,0.00,0.00,active,2026-10-07T00:20:00Z,2026-10-02T09:37:33+00:00
KXNFLPASSYDS-26OCT04DETCAR,KXNFLPASSYDS,KXNFLPASSYDS-26OCT04DETCAR-DETJGOFF16-400,Jared Goff: 400+ passing yards,0.0100,0.0500,0.0000,0.00,0.00,active,2026-10-07T00:20:00Z,2026-10-02T09:37:33+00:00
KXNFLPASSYDS-26OCT04DETCAR,KXNFLPASSYDS,KXNFLPASSYDS-26OCT04DETCAR-DETJGOFF16-275,Jared Goff: 275+ passing yards,0.4000,0.4400,0.4400,1725.29,1713.93,active,2026-10-07T00:20:00Z,2026-10-02T09:37:33+00:00
KXNFLPASSYDS-26OCT04DETCAR,KXNFLPASSYDS,KXNFLPASSYDS-26OCT04DETCAR-CARBYOUNG9-300,Bryce Young: 300+ passing yards,0.2200,0.2400,0.2500,690.83,690.83,active,2026-10-07T00:20:00Z,2026-10-02T09:37:33+00:00
KXNFLPASSYDS-26OCT04DETCAR,KXNFLPASSYDS,KXNFLPASSYDS-26OCT04DETCAR-CARBYOUNG9-350,Bryce Young: 350+ passing yards,0.0800,0.1000,0.1100,1120.37,1120.37,active,2026-10-07T00:20:00Z,2026-10-02T09:37:33+00:00
KXNFLPASSYDS-26OCT04DETCAR,KXNFLPASSYDS,KXNFLPASSYDS-26OCT04DETCAR-CARBYOUNG9-250,Bryce Young: 250+ passing yards,0.4900,0.5100,0.5100,1872.26,1854.43,active,2026-10-07T00:20:00Z,2026-10-02T09:37:33+00:00
KXNFLPASSYDS-26OCT04DETCAR,KXNFLPASSYDS,KXNFLPASSYDS-26OCT04DETCAR-DETJGOFF16-250,Jared Goff: 250+ passing yards,0.5600,0.5900,0.5700,111.08,111.08,active,2026-10-07T00:20:00Z,2026-10-02T09:37:33+00:00
KXNFLPASSYDS-26OCT04DETCAR,KXNFLPASSYDS,KXNFLPASSYDS-26OCT04DETCAR-DETJGOFF16-350,Jared Goff: 350+ passing yards,0.0800,0.1300,0.0000,0.00,0.00,active,2026-10-07T00:20:00Z,2026-10-02T09:37:33+00:00
KXNFLPASSYDS-26OCT04DETCAR,KXNFLPASSYDS,KXNFLPASSYDS-26OCT04DETCAR-CARBYOUNG9-225,Bryce Young: 225+ passing yards,0.5100,0.6500,0.6600,82.03,82.03,active,2026-10-07T00:20:00Z,2026-10-02T09:37:33+00:00
KXNFLPASSYDS-26OCT04DETCAR,KXNFLPASSYDS,KXNFLPASSYDS-26OCT04DETCAR-CARBYOUNG9-325,Bryce Young: 325+ passing yards,0.1400,0.1600,0.1700,1249.16,1249.16,active,2026-10-07T00:20:00Z,2026-10-02T09:37:33+00:00
KXNFLPASSYDS-26OCT04DETCAR,KXNFLPASSYDS,KXNFLPASSYDS-26OCT04DETCAR-DETJGOFF16-225,Jared Goff: 225+ passing yards,0.6200,0.7200,0.7200,26.94,26.94,active,2026-10-07T00:20:00Z,2026-10-02T09:37:33+00:00
KXNFLPASSYDS-26OCT04DETCAR,KXNFLPASSYDS,KXNFLPASSYDS-26OCT04DETCAR-DETJGOFF16-325,Jared Goff: 325+ passing yards,0.1200,0.2000,0.0000,0.00,0.00,active,2026-10-07T00:20:00Z,2026-10-02T09:37:33+00:00
KXNFLPASSYDS-26OCT04DETCAR,KXNFLPASSYDS,KXNFLPASSYDS-26OCT04DETCAR-CARBYOUNG9-150,Bryce Young: 150+ passing yards,0.7900,0.9400,0.9400,1098.60,1098.60,active,2026-10-07T00:20:00Z,2026-10-02T09:37:33+00:00
KXNFLPASSYDS-26OCT04DETCAR,KXNFLPASSYDS,KXNFLPASSYDS-26OCT04DETCAR-CARBYOUNG9-175,Bryce Young: 175+ passing yards,0.7000,0.8600,0.0000,0.00,0.00,active,2026-10-07T00:20:00Z,2026-10-02T09:37:33+00:00
KXNFLPASSYDS-26OCT04DETCAR,KXNFLPASSYDS,KXNFLPASSYDS-26OCT04DETCAR-DETJGOFF16-200,Jared Goff: 200+ passing yards,0.7400,0.8300,0.0000,0.00,0.00,active,2026-10-07T00:20:00Z,2026-10-02T09:37:33+00:00
KXNFLPASSYDS-26OCT04DETCAR,KXNFLPASSYDS,KXNFLPASSYDS-26OCT04DETCAR-CARBYOUNG9-200,Bryce Young: 200+ passing yards,0.6200,0.7700,0.7400,1065.45,1052.67,active,2026-10-07T00:20:00Z,2026-10-02T09:37:33+00:00
KXNFLPASSYDS-26OCT04DETCAR,KXNFLPASSYDS,KXNFLPASSYDS-26OCT04DETCAR-CARBYOUNG9-275,Bryce Young: 275+ passing yards,0.2500,0.3600,0.3600,443.11,443.11,active,2026-10-07T00:20:00Z,2026-10-02T09:37:33+00:00
KXNFLPASSYDS-26OCT04DETCAR,KXNFLPASSYDS,KXNFLPASSYDS-26OCT04DETCAR-DETJGOFF16-175,Jared Goff: 175+ passing yards,0.8300,0.9200,0.0000,0.00,0.00,active,2026-10-07T00:20:00Z,2026-10-02T09:37:33+00:00
KXNFLPASSYDS-26OCT04DETCAR,KXNFLPASSYDS,KXNFLPASSYDS-26OCT04DETCAR-DETJGOFF16-300,Jared Goff: 300+ passing yards,0.2200,0.2800,0.3000,31.77,31.77,active,2026-10-07T00:20:00Z,2026-10-02T09:37:33+00:00
KXNFLPASSYDS-26OCT04GBTB,KXNFLPASSYDS,KXNFLPASSYDS-26OCT04GBTB-TBJDANIELS10-300,Jalon Daniels: 300+ passing yards,0.0300,0.0500,0.0500,51.00,51.00,active,2026-10-06T17:00:00Z,2026-10-02T09:37:33+00:00
KXNFLPASSYDS-26OCT04GBTB,KXNFLPASSYDS,KXNFLPASSYDS-26OCT04GBTB-GBJLOVE10-375,Jordan Love: 375+ passing yards,0.0500,0.0800,0.0000,0.00,0.00,active,2026-10-06T17:00:00Z,2026-10-02T09:37:33+00:00
KXNFLPASSYDS-26OCT04GBTB,KXNFLPASSYDS,KXNFLPASSYDS-26OCT04GBTB-TBJDANIELS10-225,Jalon Daniels: 225+ passing yards,0.1800,0.2100,0.2100,1105.77,1078.42,active,2026-10-06T17:00:00Z,2026-10-02T09:37:33+00:00
KXNFLPASSYDS-26OCT04GBTB,KXNFLPASSYDS,KXNFLPASSYDS-26OCT04GBTB-TBJDANIELS10-125,Jalon Daniels: 125+ passing yards,0.6200,0.7600,0.7500,857.26,799.00,active,2026-10-06T17:00:00Z,2026-10-02T09:37:33+00:00
KXNFLPASSYDS-26OCT04GBTB,KXNFLPASSYDS,KXNFLPASSYDS-26OCT04GBTB-GBJLOVE10-225,Jordan Love: 225+ passing yards,0.6100,0.6400,0.6400,56.77,56.77,active,2026-10-06T17:00:00Z,2026-10-02T09:37:33+00:00
KXNFLPASSYDS-26OCT04GBTB,KXNFLPASSYDS,KXNFLPASSYDS-26OCT04GBTB-TBJDANIELS10-150,Jalon Daniels: 150+ passing yards,0.6300,0.6400,0.0000,0.00,0.00,active,2026-10-06T17:00:00Z,2026-10-02T09:37:33+00:00
KXNFLPASSYDS-26OCT04GBTB,KXNFLPASSYDS,KXNFLPASSYDS-26OCT04GBTB-GBJLOVE10-325,Jordan Love: 325+ passing yards,0.1200,0.1700,0.0000,0.00,0.00,active,2026-10-06T17:00:00Z,2026-10-02T09:37:33+00:00
KXNFLPASSYDS-26OCT04GBTB,KXNFLPASSYDS,KXNFLPASSYDS-26OCT04GBTB-GBJLOVE10-350,Jordan Love: 350+ passing yards,0.0800,0.1000,0.1000,197.36,197.36,active,2026-10-06T17:00:00Z,2026-10-02T09:37:33+00:00
KXNFLPASSYDS-26OCT04GBTB,KXNFLPASSYDS,KXNFLPASSYDS-26OCT04GBTB-GBJLOVE10-275,Jordan Love: 275+ passing yards,0.3100,0.3300,0.3600,1250.58,1250.58,active,2026-10-06T17:00:00Z,2026-10-02T09:37:33+00:00
KXNFLPASSYDS-26OCT04GBTB,KXNFLPASSYDS,KXNFLPASSYDS-26OCT04GBTB-TBJDANIELS10-275,Jalon Daniels: 275+ passing yards,0.0500,0.1000,0.0000,0.00,0.00,active,2026-10-06T17:00:00Z,2026-10-02T09:37:33+00:00
KXNFLPASSYDS-26OCT04GBTB,KXNFLPASSYDS,KXNFLPASSYDS-26OCT04GBTB-GBJLOVE10-150,Jordan Love: 150+ passing yards,0.8500,0.9200,0.9200,8.00,8.00,active,2026-10-06T17:00:00Z,2026-10-02T09:37:33+00:00
KXNFLPASSYDS-26OCT04GBTB,KXNFLPASSYDS,KXNFLPASSYDS-26OCT04GBTB-GBJLOVE10-175,Jordan Love: 175+ passing yards,0.7800,0.8500,0.8400,834.38,816.38,active,2026-10-06T17:00:00Z,2026-10-02T09:37:33+00:00
KXNFLPASSYDS-26OCT04GBTB,KXNFLPASSYDS,KXNFLPASSYDS-26OCT04GBTB-GBJLOVE10-250,Jordan Love: 250+ passing yards,0.4600,0.4900,0.4800,2171.98,2089.38,active,2026-10-06T17:00:00Z,2026-10-02T09:37:33+00:00
KXNFLPASSYDS-26OCT04GBTB,KXNFLPASSYDS,KXNFLPASSYDS-26OCT04GBTB-TBJDANIELS10-250,Jalon Daniels: 250+ passing yards,0.1300,0.1500,0.1300,2804.36,2804.36,active,2026-10-06T17:00:00Z,2026-10-02T09:37:33+00:00
KXNFLPASSYDS-26OCT04GBTB,KXNFLPASSYDS,KXNFLPASSYDS-26OCT04GBTB-GBJLOVE10-300,Jordan Love: 300+ passing yards,0.1800,0.2500,0.2400,756.20,755.99,active,2026-10-06T17:00:00Z,2026-10-02T09:37:33+00:00
KXNFLPASSYDS-26OCT04GBTB,KXNFLPASSYDS,KXNFLPASSYDS-26OCT04GBTB-GBJLOVE10-200,Jordan Love: 200+ passing yards,0.6100,0.7500,0.7300,506.78,506.39,active,2026-10-06T17:00:00Z,2026-10-02T09:37:33+00:00
KXNFLPASSYDS-26OCT04GBTB,KXNFLPASSYDS,KXNFLPASSYDS-26OCT04GBTB-TBJDANIELS10-200,Jalon Daniels: 200+ passing yards,0.3100,0.3500,0.3400,28.68,28.68,active,2026-10-06T17:00:00Z,2026-10-02T09:37:33+00:00
KXNFLPASSYDS-26OCT04GBTB,KXNFLPASSYDS,KXNFLPASSYDS-26OCT04GBTB-TBJDANIELS10-175,Jalon Daniels: 175+ passing yards,0.3900,0.4300,0.4000,7353.73,7089.00,active,2026-10-06T17:00:00Z,2026-10-02T09:37:33+00:00
KXNFLPASSYDS-26OCT04INDWAS,KXNFLPASSYDS,KXNFLPASSYDS-26OCT04INDWAS-WASMMARIOTA8-250,Marcus Mariota: 250+ passing yards,0.2500,0.2800,0.0000,0.00,0.00,active,2026-10-06T13:30:00Z,2026-10-02T09:37:33+00:00
KXNFLPASSYDS-26OCT04INDWAS,KXNFLPASSYDS,KXNFLPASSYDS-26OCT04INDWAS-INDDJONES17-200,Daniel Jones: 200+ passing yards,0.6300,0.6700,0.6800,52.30,52.30,active,2026-10-06T13:30:00Z,2026-10-02T09:37:33+00:00
KXNFLPASSYDS-26OCT04INDWAS,KXNFLPASSYDS,KXNFLPASSYDS-26OCT04INDWAS-WASMMARIOTA8-350,Marcus Mariota: 350+ passing yards,0.0100,0.0400,0.0500,50.00,50.00,active,2026-10-06T13:30:00Z,2026-10-02T09:37:33+00:00
KXNFLPASSYDS-26OCT04INDWAS,KXNFLPASSYDS,KXNFLPASSYDS-26OCT04INDWAS-INDDJONES17-275,Daniel Jones: 275+ passing yards,0.2200,0.2500,0.2200,19.00,19.00,active,2026-10-06T13:30:00Z,2026-10-02T09:37:33+00:00
KXNFLPASSYDS-26OCT04INDWAS,KXNFLPASSYDS,KXNFLPASSYDS-26OCT04INDWAS-INDDJONES17-300,Daniel Jones: 300+ passing yards,0.1200,0.1500,0.1600,278.48,278.48,active,2026-10-06T13:30:00Z,2026-10-02T09:37:33+00:00
KXNFLPASSYDS-26OCT04INDWAS,KXNFLPASSYDS,KXNFLPASSYDS-26OCT04INDWAS-WASMMARIOTA8-325,Marcus Mariota: 325+ passing yards,0.0500,0.0900,0.0000,0.00,0.00,active,2026-10-06T13:30:00Z,2026-10-02T09:37:33+00:00
KXNFLPASSYDS-26OCT04INDWAS,KXNFLPASSYDS,KXNFLPASSYDS-26OCT04INDWAS-WASMMARIOTA8-150,Marcus Mariota: 150+ passing yards,0.7400,0.8000,0.7000,10.41,9.41,active,2026-10-06T13:30:00Z,2026-10-02T09:37:33+00:00
KXNFLPASSYDS-26OCT04INDWAS,KXNFLPASSYDS,KXNFLPASSYDS-26OCT04INDWAS-WASMMARIOTA8-200,Marcus Mariota: 200+ passing yards,0.5500,0.6000,0.5900,436.94,422.42,active,2026-10-06T13:30:00Z,2026-10-02T09:37:33+00:00
KXNFLPASSYDS-26OCT04INDWAS,KXNFLPASSYDS,KXNFLPASSYDS-26OCT04INDWAS-INDDJONES17-350,Daniel Jones: 350+ passing yards,0.0100,0.0400,0.0100,136.59,136.59,active,2026-10-06T13:30:00Z,2026-10-02T09:37:33+00:00
KXNFLPASSYDS-26OCT04INDWAS,KXNFLPASSYDS,KXNFLPASSYDS-26OCT04INDWAS-WASMMARIOTA8-225,Marcus Mariota: 225+ passing yards,0.4000,0.4500,0.4400,1201.93,1166.93,active,2026-10-06T13:30:00Z,2026-10-02T09:37:33+00:00
KXNFLPASSYDS-26OCT04INDWAS,KXNFLPASSYDS,KXNFLPASSYDS-26OCT04INDWAS-INDDJONES17-250,Daniel Jones: 250+ passing yards,0.3200,0.3700,0.3900,1889.59,1889.59,active,2026-10-06T13:30:00Z,2026-10-02T09:37:33+00:00
KXNFLPASSYDS-26OCT04INDWAS,KXNFLPASSYDS,KXNFLPASSYDS-26OCT04INDWAS-WASMMARIOTA8-175,Marcus Mariota: 175+ passing yards,0.6900,0.7200,0.0000,0.00,0.00,active,2026-10-06T13:30:00Z,2026-10-02T09:37:33+00:00
KXNFLPASSYDS-26OCT04INDWAS,KXNFLPASSYDS,KXNFLPASSYDS-26OCT04INDWAS-WASMMARIOTA8-275,Marcus Mariota: 275+ passing yards,0.1700,0.2100,0.2000,257.06,256.74,active,2026-10-06T13:30:00Z,2026-10-02T09:37:33+00:00
KXNFLPASSYDS-26OCT04INDWAS,KXNFLPASSYDS,KXNFLPASSYDS-26OCT04INDWAS-INDDJONES17-175,Daniel Jones: 175+ passing yards,0.7500,0.8000,0.8100,26.40,26.40,active,2026-10-06T13:30:00Z,2026-10-02T09:37:33+00:00
KXNFLPASSYDS-26OCT04INDWAS,KXNFLPASSYDS,KXNFLPASSYDS-26OCT04INDWAS-INDDJONES17-150,Daniel Jones: 150+ passing yards,0.8400,0.8800,0.8900,13.12,13.12,active,2026-10-06T13:30:00Z,2026-10-02T09:37:33+00:00
KXNFLPASSYDS-26OCT04INDWAS,KXNFLPASSYDS,KXNFLPASSYDS-26OCT04INDWAS-INDDJONES17-325,Daniel Jones: 325+ passing yards,0.0800,0.1100,0.1100,131.55,131.55,active,2026-10-06T13:30:00Z,2026-10-02T09:37:33+00:00
KXNFLPASSYDS-26OCT04INDWAS,KXNFLPASSYDS,KXNFLPASSYDS-26OCT04INDWAS-WASMMARIOTA8-300,Marcus Mariota: 300+ passing yards,0.0600,0.1300,0.0000,0.00,0.00,active,2026-10-06T13:30:00Z,2026-10-02T09:37:33+00:00
KXNFLPASSYDS-26OCT04INDWAS,KXNFLPASSYDS,KXNFLPASSYDS-26OCT04INDWAS-INDDJONES17-225,Daniel Jones: 225+ passing yards,0.5000,0.5200,0.5100,292.07,264.17,active,2026-10-06T13:30:00Z,2026-10-02T09:37:33+00:00
KXNFLPASSYDS-26OCT04JACCIN,KXNFLPASSYDS,KXNFLPASSYDS-26OCT04JACCIN-JACTLAWRENCE16-400,Trevor Lawrence: 400+ passing yards,0.0200,0.0500,0.0500,50.00,50.00,active,2026-10-06T17:00:00Z,2026-10-02T09:37:33+00:00
KXNFLPASSYDS-26OCT04JACCIN,KXNFLPASSYDS,KXNFLPASSYDS-26OCT04JACCIN-CINJBURROW9-375,Joe Burrow: 375+ passing yards,0.0600,0.1000,0.0000,0.00,0.00,active,2026-10-06T17:00:00Z,2026-10-02T09:37:33+00:00
KXNFLPASSYDS-26OCT04JACCIN,KXNFLPASSYDS,KXNFLPASSYDS-26OCT04JACCIN-JACTLAWRENCE16-300,Trevor Lawrence: 300+ passing yards,0.2800,0.3000,0.2800,0.34,0.34,active,2026-10-06T17:00:00Z,2026-10-02T09:37:33+00:00
KXNFLPASSYDS-26OCT04JACCIN,KXNFLPASSYDS,KXNFLPASSYDS-26OCT04JACCIN-JACTLAWRENCE16-375,Trevor Lawrence: 375+ passing yards,0.0600,0.0900,0.0800,57.39,57.39,active,2026-10-06T17:00:00Z,2026-10-02T09:37:33+00:00
KXNFLPASSYDS-26OCT04JACCIN,KXNFLPASSYDS,KXNFLPASSYDS-26OCT04JACCIN-CINJBURROW9-400,Joe Burrow: 400+ passing yards,0.0500,0.0600,0.0000,0.00,0.00,active,2026-10-06T17:00:00Z,2026-10-02T09:37:33+00:00
KXNFLPASSYDS-26OCT04JACCIN,KXNFLPASSYDS,KXNFLPASSYDS-26OCT04JACCIN-CINJBURROW9-225,Joe Burrow: 225+ passing yards,0.7100,0.7500,0.7400,13.14,13.14,active,2026-10-06T17:00:00Z,2026-10-02T09:37:33+00:00
KXNFLPASSYDS-26OCT04JACCIN,KXNFLPASSYDS,KXNFLPASSYDS-26OCT04JACCIN-JACTLAWRENCE16-325,Trevor Lawrence: 325+ passing yards,0.1600,0.2100,0.0000,0.00,0.00,active,2026-10-06T17:00:00Z,2026-10-02T09:37:33+00:00
KXNFLPASSYDS-26OCT04JACCIN,KXNFLPASSYDS,KXNFLPASSYDS-26OCT04JACCIN-CINJBURROW9-300,Joe Burrow: 300+ passing yards,0.3300,0.3400,0.3400,50.00,50.00,active,2026-10-06T17:00:00Z,2026-10-02T09:37:33+00:00
KXNFLPASSYDS-26OCT04JACCIN,KXNFLPASSYDS,KXNFLPASSYDS-26OCT04JACCIN-JACTLAWRENCE16-350,Trevor Lawrence: 350+ passing yards,0.1200,0.1300,0.0000,0.00,0.00,active,2026-10-06T17:00:00Z,2026-10-02T09:37:33+00:00
KXNFLPASSYDS-26OCT04JACCIN,KXNFLPASSYDS,KXNFLPASSYDS-26OCT04JACCIN-JACTLAWRENCE16-250,Trevor Lawrence: 250+ passing yards,0.5400,0.5600,0.5600,2218.74,2202.74,active,2026-10-06T17:00:00Z,2026-10-02T09:37:33+00:00
KXNFLPASSYDS-26OCT04JACCIN,KXNFLPASSYDS,KXNFLPASSYDS-26OCT04JACCIN-CINJBURROW9-350,Joe Burrow: 350+ passing yards,0.1200,0.1400,0.1400,396.21,396.21,active,2026-10-06T17:00:00Z,2026-10-02T09:37:33+00:00
KXNFLPASSYDS-26OCT04JACCIN,KXNFLPASSYDS,KXNFLPASSYDS-26OCT04JACCIN-CINJBURROW9-325,Joe Burrow: 325+ passing yards,0.2000,0.2200,0.0000,0.00,0.00,active,2026-10-06T17:00:00Z,2026-10-02T09:37:33+00:00
KXNFLPASSYDS-26OCT04JACCIN,KXNFLPASSYDS,KXNFLPASSYDS-26OCT04JACCIN-CINJBURROW9-275,Joe Burrow: 275+ passing yards,0.4600,0.4800,0.4800,3646.19,3635.94,active,2026-10-06T17:00:00Z,2026-10-02T09:37:33+00:00
KXNFLPASSYDS-26OCT04JACCIN,KXNFLPASSYDS,KXNFLPASSYDS-26OCT04JACCIN-JACTLAWRENCE16-225,Trevor Lawrence: 225+ passing yards,0.7000,0.7300,0.7200,125.00,125.00,active,2026-10-06T17:00:00Z,2026-10-02T09:37:33+00:00
KXNFLPASSYDS-26OCT04JACCIN,KXNFLPASSYDS,KXNFLPASSYDS-26OCT04JACCIN-CINJBURROW9-250,Joe Burrow: 250+ passing yards,0.5800,0.6200,0.5800,15.94,7.97,active,2026-10-06T17:00:00Z,2026-10-02T09:37:33+00:00
KXNFLPASSYDS-26OCT04JACCIN,KXNFLPASSYDS,KXNFLPASSYDS-26OCT04JACCIN-JACTLAWRENCE16-275,Trevor Lawrence: 275+ passing yards,0.4000,0.4100,0.4200,1324.50,1324.50,active,2026-10-06T17:00:00Z,2026-10-02T09:37:33+00:00
KXNFLPASSYDS-26OCT04JACCIN,KXNFLPASSYDS,KXNFLPASSYDS-26OCT04JACCIN-JACTLAWRENCE16-175,Trevor Lawrence: 175+ passing yards,0.7800,0.8900,0.0000,0.00,0.00,active,2026-10-06T17:00:00Z,2026-10-02T09:37:33+00:00
KXNFLPASSYDS-26OCT04JACCIN,KXNFLPASSYDS,KXNFLPASSYDS-26OCT04JACCIN-CINJBURROW9-200,Joe Burrow: 200+ passing yards,0.8100,0.8500,0.8500,288.89,288.89,active,2026-10-06T17:00:00Z,2026-10-02T09:37:33+00:00
KXNFLPASSYDS-26OCT04JACCIN,KXNFLPASSYDS,KXNFLPASSYDS-26OCT04JACCIN-JACTLAWRENCE16-200,Trevor Lawrence: 200+ passing yards,0.7300,0.8200,0.8200,1969.24,1888.24,active,2026-10-06T17:00:00Z,2026-10-02T09:37:33+00:00
KXNFLPASSYDS-26OCT04KCLV,KXNFLPASSYDS,KXNFLPASSYDS-26OCT04KCLV-LVKCOUSINS8-200,Kirk Cousins: 200+ passing yards,0.6400,0.6600,0.6500,168.78,163.32,active,2026-10-06T20:25:00Z,2026-10-02T09:37:33+00:00
KXNFLPASSYDS-26OCT04KCLV,KXNFLPASSYDS,KXNFLPASSYDS-26OCT04KCLV-LVKCOUSINS8-350,Kirk Cousins: 350+ passing yards,0.0500,0.0600,0.0000,0.00,0.00,active,2026-10-06T20:25:00Z,2026-10-02T09:37:33+00:00
KXNFLPASSYDS-26OCT04KCLV,KXNFLPASSYDS,KXNFLPASSYDS-26OCT04KCLV-LVKCOUSINS8-275,Kirk Cousins: 275+ passing yards,0.1900,0.2500,0.0000,0.00,0.00,active,2026-10-06T20:25:00Z,2026-10-02T09:37:33+00:00
KXNFLPASSYDS-26OCT04KCLV,KXNFLPASSYDS,KXNFLPASSYDS-26OCT04KCLV-LVKCOUSINS8-325,Kirk Cousins: 325+ passing yards,0.0500,0.1000,0.1100,17.11,17.11,active,2026-10-06T20:25:00Z,2026-10-02T09:37:33+00:00
KXNFLPASSYDS-26OCT04KCLV,KXNFLPASSYDS,KXNFLPASSYDS-26OCT04KCLV-KCPMAHOMES15-325,Patrick Mahomes: 325+ passing yards,0.0700,0.1300,0.0000,0.00,0.00,active,2026-10-06T20:25:00Z,2026-10-02T09:37:33+00:00
KXNFLPASSYDS-26OCT04KCLV,KXNFLPASSYDS,KXNFLPASSYDS-26OCT04KCLV-LVKCOUSINS8-225,Kirk Cousins: 225+ passing yards,0.4600,0.4900,0.4800,2125.47,1929.98,active,2026-10-06T20:25:00Z,2026-10-02T09:37:33+00:00
KXNFLPASSYDS-26OCT04KCLV,KXNFLPASSYDS,KXNFLPASSYDS-26OCT04KCLV-KCPMAHOMES15-275,Patrick Mahomes: 275+ passing yards,0.2900,0.3100,0.3100,332.84,332.84,active,2026-10-06T20:25:00Z,2026-10-02T09:37:33+00:00
KXNFLPASSYDS-26OCT04KCLV,KXNFLPASSYDS,KXNFLPASSYDS-26OCT04KCLV-KCPMAHOMES15-250,Patrick Mahomes: 250+ passing yards,0.4500,0.4600,0.4600,3258.36,2964.25,active,2026-10-06T20:25:00Z,2026-10-02T09:37:33+00:00
KXNFLPASSYDS-26OCT04KCLV,KXNFLPASSYDS,KXNFLPASSYDS-26OCT04KCLV-LVKCOUSINS8-300,Kirk Cousins: 300+ passing yards,0.0600,0.1300,0.1400,98.81,98.81,active,2026-10-06T20:25:00Z,2026-10-02T09:37:33+00:00
KXNFLPASSYDS-26OCT04KCLV,KXNFLPASSYDS,KXNFLPASSYDS-26OCT04KCLV-LVKCOUSINS8-250,Kirk Cousins: 250+ passing yards,0.3500,0.3600,0.3600,171.13,171.13,active,2026-10-06T20:25:00Z,2026-10-02T09:37:33+00:00
KXNFLPASSYDS-26OCT04KCLV,KXNFLPASSYDS,KXNFLPASSYDS-26OCT04KCLV-LVKCOUSINS8-175,Kirk Cousins: 175+ passing yards,0.7200,0.7900,0.7800,12.49,12.49,active,2026-10-06T20:25:00Z,2026-10-02T09:37:33+00:00
KXNFLPASSYDS-26OCT04KCLV,KXNFLPASSYDS,KXNFLPASSYDS-26OCT04KCLV-LVKCOUSINS8-150,Kirk Cousins: 150+ passing yards,0.8200,0.8700,0.8700,13.71,13.71,active,2026-10-06T20:25:00Z,2026-10-02T09:37:33+00:00
KXNFLPASSYDS-26OCT04KCLV,KXNFLPASSYDS,KXNFLPASSYDS-26OCT04KCLV-KCPMAHOMES15-200,Patrick Mahomes: 200+ passing yards,0.6600,0.7400,0.7400,136.32,107.42,active,2026-10-06T20:25:00Z,2026-10-02T09:37:33+00:00
KXNFLPASSYDS-26OCT04KCLV,KXNFLPASSYDS,KXNFLPASSYDS-26OCT04KCLV-KCPMAHOMES15-350,Patrick Mahomes: 350+ passing yards,0.0500,0.0800,0.0000,0.00,0.00,active,2026-10-06T20:25:00Z,2026-10-02T09:37:33+00:00
KXNFLPASSYDS-26OCT04KCLV,KXNFLPASSYDS,KXNFLPASSYDS-26OCT04KCLV-KCPMAHOMES15-300,Patrick Mahomes: 300+ passing yards,0.1400,0.2000,0.2000,71.01,71.01,active,2026-10-06T20:25:00Z,2026-10-02T09:37:33+00:00
KXNFLPASSYDS-26OCT04KCLV,KXNFLPASSYDS,KXNFLPASSYDS-26OCT04KCLV-KCPMAHOMES15-150,Patrick Mahomes: 150+ passing yards,0.8600,0.9200,0.9200,109.06,109.06,active,2026-10-06T20:25:00Z,2026-10-02T09:37:33+00:00
KXNFLPASSYDS-26OCT04KCLV,KXNFLPASSYDS,KXNFLPASSYDS-26OCT04KCLV-KCPMAHOMES15-175,Patrick Mahomes: 175+ passing yards,0.7900,0.8300,0.8400,113.28,113.28,active,2026-10-06T20:25:00Z,2026-10-02T09:37:33+00:00
KXNFLPASSYDS-26OCT04KCLV,KXNFLPASSYDS,KXNFLPASSYDS-26OCT04KCLV-KCPMAHOMES15-225,Patrick Mahomes: 225+ passing yards,0.5300,0.5900,0.5900,315.80,312.80,active,2026-10-06T20:25:00Z,2026-10-02T09:37:33+00:00
KXNFLPASSYDS-26OCT04LACSEA,KXNFLPASSYDS,KXNFLPASSYDS-26OCT04LACSEA-LACJHERBERT10-125,Justin Herbert: 125+ passing yards,0.7500,0.8800,0.0000,0.00,0.00,active,2026-10-06T20:25:00Z,2026-10-02T09:37:33+00:00
KXNFLPASSYDS-26OCT04LACSEA,KXNFLPASSYDS,KXNFLPASSYDS-26OCT04LACSEA-SEASDARNOLD14-350,Sam Darnold: 350+ passing yards,0.0500,0.0600,0.0700,370.60,370.60,active,2026-10-06T20:25:00Z,2026-10-02T09:37:33+00:00
KXNFLPASSYDS-26OCT04LACSEA,KXNFLPASSYDS,KXNFLPASSYDS-26OCT04LACSEA-SEASDARNOLD14-175,Sam Darnold: 175+ passing yards,0.6900,0.8300,0.8300,2.18,2.18,active,2026-10-06T20:25:00Z,2026-10-02T09:37:33+00:00
KXNFLPASSYDS-26OCT04LACSEA,KXNFLPASSYDS,KXNFLPASSYDS-26OCT04LACSEA-LACJHERBERT10-200,Justin Herbert: 200+ passing yards,0.4800,0.5100,0.4800,2143.78,1935.26,active,2026-10-06T20:25:00Z,2026-10-02T09:37:33+00:00
KXNFLPASSYDS-26OCT04LACSEA,KXNFLPASSYDS,KXNFLPASSYDS-26OCT04LACSEA-LACJHERBERT10-300,Justin Herbert: 300+ passing yards,0.0500,0.1000,0.0000,0.00,0.00,active,2026-10-06T20:25:00Z,2026-10-02T09:37:33+00:00
KXNFLPASSYDS-26OCT04LACSEA,KXNFLPASSYDS,KXNFLPASSYDS-26OCT04LACSEA-LACJHERBERT10-175,Justin Herbert: 175+ passing yards,0.6200,0.6800,0.0000,0.00,0.00,active,2026-10-06T20:25:00Z,2026-10-02T09:37:33+00:00
KXNFLPASSYDS-26OCT04LACSEA,KXNFLPASSYDS,KXNFLPASSYDS-26OCT04LACSEA-LACJHERBERT10-225,Justin Herbert: 225+ passing yards,0.3200,0.3400,0.3300,60.00,60.00,active,2026-10-06T20:25:00Z,2026-10-02T09:37:33+00:00
KXNFLPASSYDS-26OCT04LACSEA,KXNFLPASSYDS,KXNFLPASSYDS-26OCT04LACSEA-SEASDARNOLD14-325,Sam Darnold: 325+ passing yards,0.0600,0.1200,0.1200,281.20,281.20,active,2026-10-06T20:25:00Z,2026-10-02T09:37:33+00:00
KXNFLPASSYDS-26OCT04LACSEA,KXNFLPASSYDS,KXNFLPASSYDS-26OCT04LACSEA-SEASDARNOLD14-150,Sam Darnold: 150+ passing yards,0.7800,0.9200,0.9000,2.50,2.50,active,2026-10-06T20:25:00Z,2026-10-02T09:37:33+00:00
KXNFLPASSYDS-26OCT04LACSEA,KXNFLPASSYDS,KXNFLPASSYDS-26OCT04LACSEA-LACJHERBERT10-150,Justin Herbert: 150+ passing yards,0.7600,0.8100,0.8000,25.61,25.61,active,2026-10-06T20:25:00Z,2026-10-02T09:37:33+00:00
KXNFLPASSYDS-26OCT04LACSEA,KXNFLPASSYDS,KXNFLPASSYDS-26OCT04LACSEA-LACJHERBERT10-250,Justin Herbert: 250+ passing yards,0.1500,0.2300,0.0000,0.00,0.00,active,2026-10-06T20:25:00Z,2026-10-02T09:37:33+00:00
KXNFLPASSYDS-26OCT04LACSEA,KXNFLPASSYDS,KXNFLPASSYDS-26OCT04LACSEA-SEASDARNOLD14-200,Sam Darnold: 200+ passing yards,0.6700,0.7100,0.7200,3.43,3.43,active,2026-10-06T20:25:00Z,2026-10-02T09:37:33+00:00
KXNFLPASSYDS-26OCT04LACSEA,KXNFLPASSYDS,KXNFLPASSYDS-26OCT04LACSEA-SEASDARNOLD14-300,Sam Darnold: 300+ passing yards,0.0900,0.1800,0.1800,354.05,354.05,active,2026-10-06T20:25:00Z,2026-10-02T09:37:33+00:00
KXNFLPASSYDS-26OCT04LACSEA,KXNFLPASSYDS,KXNFLPASSYDS-26OCT04LACSEA-SEASDARNOLD14-225,Sam Darnold: 225+ passing yards,0.5300,0.5600,0.5500,79.41,79.41,active,2026-10-06T20:25:00Z,2026-10-02T09:37:33+00:00
KXNFLPASSYDS-26OCT04LACSEA,KXNFLPASSYDS,KXNFLPASSYDS-26OCT04LACSEA-SEASDARNOLD14-250,Sam Darnold: 250+ passing yards,0.3700,0.4100,0.3900,1.00,1.00,active,2026-10-06T20:25:00Z,2026-10-02T09:37:33+00:00
KXNFLPASSYDS-26OCT04LACSEA,KXNFLPASSYDS,KXNFLPASSYDS-26OCT04LACSEA-SEASDARNOLD14-275,Sam Darnold: 275+ passing yards,0.1600,0.2900,0.2800,17.08,17.08,active,2026-10-06T20:25:00Z,2026-10-02T09:37:33+00:00
KXNFLPASSYDS-26OCT04LACSEA,KXNFLPASSYDS,KXNFLPASSYDS-26OCT04LACSEA-LACJHERBERT10-275,Justin Herbert: 275+ passing yards,0.1000,0.1300,0.1500,307.32,307.32,active,2026-10-06T20:25:00Z,2026-10-02T09:37:33+00:00
KXNFLPASSYDS-26OCT04LARPHI,KXNFLPASSYDS,KXNFLPASSYDS-26OCT04LARPHI-PHIJHURTS1-225,Jalen Hurts: 225+ passing yards,0.2700,0.2800,0.2900,288.10,269.10,active,2026-10-06T17:00:00Z,2026-10-02T09:37:33+00:00
KXNFLPASSYDS-26OCT04LARPHI,KXNFLPASSYDS,KXNFLPASSYDS-26OCT04LARPHI-PHIJHURTS1-300,Jalen Hurts: 300+ passing yards,0.0500,0.0600,0.0600,1839.60,1839.60,active,2026-10-06T17:00:00Z,2026-10-02T09:37:33+00:00
KXNFLPASSYDS-26OCT04LARPHI,KXNFLPASSYDS,KXNFLPASSYDS-26OCT04LARPHI-LARMSTAFFORD9-350,Matthew Stafford: 350+ passing yards,0.0600,0.0900,0.1100,2669.40,2669.40,active,2026-10-06T17:00:00Z,2026-10-02T09:37:33+00:00
KXNFLPASSYDS-26OCT04LARPHI,KXNFLPASSYDS,KXNFLPASSYDS-26OCT04LARPHI-LARMSTAFFORD9-375,Matthew Stafford: 375+ passing yards,0.0500,0.0700,0.0000,0.00,0.00,active,2026-10-06T17:00:00Z,2026-10-02T09:37:33+00:00
KXNFLPASSYDS-26OCT04LARPHI,KXNFLPASSYDS,KXNFLPASSYDS-26OCT04LARPHI-LARMSTAFFORD9-225,Matthew Stafford: 225+ passing yards,0.6300,0.6700,0.6700,479.72,479.72,active,2026-10-06T17:00:00Z,2026-10-02T09:37:33+00:00
KXNFLPASSYDS-26OCT04LARPHI,KXNFLPASSYDS,KXNFLPASSYDS-26OCT04LARPHI-LARMSTAFFORD9-325,Matthew Stafford: 325+ passing yards,0.1300,0.1700,0.1600,394.95,394.95,active,2026-10-06T17:00:00Z,2026-10-02T09:37:33+00:00
KXNFLPASSYDS-26OCT04LARPHI,KXNFLPASSYDS,KXNFLPASSYDS-26OCT04LARPHI-PHIJHURTS1-200,Jalen Hurts: 200+ passing yards,0.3900,0.4100,0.3900,22167.06,20938.68,active,2026-10-06T17:00:00Z,2026-10-02T09:37:33+00:00
KXNFLPASSYDS-26OCT04LARPHI,KXNFLPASSYDS,KXNFLPASSYDS-26OCT04LARPHI-PHIJHURTS1-150,Jalen Hurts: 150+ passing yards,0.7100,0.7400,0.7100,1118.95,1118.95,active,2026-10-06T17:00:00Z,2026-10-02T09:37:33+00:00
KXNFLPASSYDS-26OCT04LARPHI,KXNFLPASSYDS,KXNFLPASSYDS-26OCT04LARPHI-PHIJHURTS1-175,Jalen Hurts: 175+ passing yards,0.4500,0.5900,0.5900,60.10,60.10,active,2026-10-06T17:00:00Z,2026-10-02T09:37:33+00:00
KXNFLPASSYDS-26OCT04LARPHI,KXNFLPASSYDS,KXNFLPASSYDS-26OCT04LARPHI-PHIJHURTS1-125,Jalen Hurts: 125+ passing yards,0.8200,0.8500,0.7500,113.91,103.91,active,2026-10-06T17:00:00Z,2026-10-02T09:37:33+00:00
KXNFLPASSYDS-26OCT04LARPHI,KXNFLPASSYDS,KXNFLPASSYDS-26OCT04LARPHI-LARMSTAFFORD9-200,Matthew Stafford: 200+ passing yards,0.6300,0.7800,0.7800,2843.18,2839.35,active,2026-10-06T17:00:00Z,2026-10-02T09:37:33+00:00
KXNFLPASSYDS-26OCT04LARPHI,KXNFLPASSYDS,KXNFLPASSYDS-26OCT04LARPHI-LARMSTAFFORD9-175,Matthew Stafford: 175+ passing yards,0.7200,0.8600,0.8700,94.12,94.12,active,2026-10-06T17:00:00Z,2026-10-02T09:37:33+00:00
KXNFLPASSYDS-26OCT04LARPHI,KXNFLPASSYDS,KXNFLPASSYDS-26OCT04LARPHI-LARMSTAFFORD9-250,Matthew Stafford: 250+ passing yards,0.5100,0.5200,0.5200,1218.86,1195.86,active,2026-10-06T17:00:00Z,2026-10-02T09:37:33+00:00
KXNFLPASSYDS-26OCT04LARPHI,KXNFLPASSYDS,KXNFLPASSYDS-26OCT04LARPHI-LARMSTAFFORD9-300,Matthew Stafford: 300+ passing yards,0.2200,0.2400,0.2500,2083.46,2083.46,active,2026-10-06T17:00:00Z,2026-10-02T09:37:33+00:00
KXNFLPASSYDS-26OCT04LARPHI,KXNFLPASSYDS,KXNFLPASSYDS-26OCT04LARPHI-LARMSTAFFORD9-275,Matthew Stafford: 275+ passing yards,0.3400,0.3800,0.3700,925.29,925.29,active,2026-10-06T17:00:00Z,2026-10-02T09:37:33+00:00
KXNFLPASSYDS-26OCT04LARPHI,KXNFLPASSYDS,KXNFLPASSYDS-26OCT04LARPHI-PHIJHURTS1-275,Jalen Hurts: 275+ passing yards,0.0800,0.1100,0.1200,1592.56,1592.56,active,2026-10-06T17:00:00Z,2026-10-02T09:37:33+00:00
KXNFLPASSYDS-26OCT04LARPHI,KXNFLPASSYDS,KXNFLPASSYDS-26OCT04LARPHI-PHIJHURTS1-250,Jalen Hurts: 250+ passing yards,0.1100,0.1800,0.2200,1701.00,1701.00,active,2026-10-06T17:00:00Z,2026-10-02T09:37:33+00:00
KXNFLPASSYDS-26OCT04LARPHI,KXNFLPASSYDS,KXNFLPASSYDS-26OCT04LARPHI-PHIJHURTS1-325,Jalen Hurts: 325+ passing yards,0.0100,0.0400,0.0500,50.00,50.00,active,2026-10-06T17:00:00Z,2026-10-02T09:37:33+00:00
KXNFLPASSYDS-26OCT04MIAMIN,KXNFLPASSYDS,KXNFLPASSYDS-26OCT04MIAMIN-MINKMURRAY1-350,Kyler Murray: 350+ passing yards,0.0300,0.0400,0.0500,51.00,51.00,active,2026-10-06T20:05:00Z,2026-10-02T09:37:33+00:00
KXNFLPASSYDS-26OCT04MIAMIN,KXNFLPASSYDS,KXNFLPASSYDS-26OCT04MIAMIN-MINKMURRAY1-250,Kyler Murray: 250+ passing yards,0.2400,0.2500,0.2400,0.18,0.18,active,2026-10-06T20:05:00Z,2026-10-02T09:37:33+00:00
KXNFLPASSYDS-26OCT04MIAMIN,KXNFLPASSYDS,KXNFLPASSYDS-26OCT04MIAMIN-MIAMWILLIS2-100,Malik Willis: 100+ passing yards,0.7500,0.8700,0.0000,0.00,0.00,active,2026-10-06T20:05:00Z,2026-10-02T09:37:33+00:00
KXNFLPASSYDS-26OCT04MIAMIN,KXNFLPASSYDS,KXNFLPASSYDS-26OCT04MIAMIN-MIAMWILLIS2-250,Malik Willis: 250+ passing yards,0.0800,0.1200,0.0000,0.00,0.00,active,2026-10-06T20:05:00Z,2026-10-02T09:37:33+00:00
KXNFLPASSYDS-26OCT04MIAMIN,KXNFLPASSYDS,KXNFLPASSYDS-26OCT04MIAMIN-MIAMWILLIS2-275,Malik Willis: 275+ passing yards,0.0500,0.0800,0.0000,0.00,0.00,active,2026-10-06T20:05:00Z,2026-10-02T09:37:33+00:00
KXNFLPASSYDS-26OCT04MIAMIN,KXNFLPASSYDS,KXNFLPASSYDS-26OCT04MIAMIN-MIAMWILLIS2-125,Malik Willis: 125+ passing yards,0.7300,0.7600,0.0000,0.00,0.00,active,2026-10-06T20:05:00Z,2026-10-02T09:37:33+00:00
KXNFLPASSYDS-26OCT04MIAMIN,KXNFLPASSYDS,KXNFLPASSYDS-26OCT04MIAMIN-MINKMURRAY1-225,Kyler Murray: 225+ passing yards,0.3900,0.4200,0.4100,20.00,20.00,active,2026-10-06T20:05:00Z,2026-10-02T09:37:33+00:00
KXNFLPASSYDS-26OCT04MIAMIN,KXNFLPASSYDS,KXNFLPASSYDS-26OCT04MIAMIN-MIAMWILLIS2-200,Malik Willis: 200+ passing yards,0.3000,0.3300,0.3300,101.79,101.79,active,2026-10-06T20:05:00Z,2026-10-02T09:37:33+00:00
KXNFLPASSYDS-26OCT04MIAMIN,KXNFLPASSYDS,KXNFLPASSYDS-26OCT04MIAMIN-MIAMWILLIS2-150,Malik Willis: 150+ passing yards,0.6100,0.6600,0.0000,0.00,0.00,active,2026-10-06T20:05:00Z,2026-10-02T09:37:33+00:00
KXNFLPASSYDS-26OCT04MIAMIN,KXNFLPASSYDS,KXNFLPASSYDS-26OCT04MIAMIN-MIAMWILLIS2-175,Malik Willis: 175+ passing yards,0.4400,0.4600,0.0000,0.00,0.00,active,2026-10-06T20:05:00Z,2026-10-02T09:37:33+00:00
KXNFLPASSYDS-26OCT04MIAMIN,KXNFLPASSYDS,KXNFLPASSYDS-26OCT04MIAMIN-MINKMURRAY1-300,Kyler Murray: 300+ passing yards,0.0500,0.0900,0.0900,30.00,30.00,active,2026-10-06T20:05:00Z,2026-10-02T09:37:33+00:00
KXNFLPASSYDS-26OCT04MIAMIN,KXNFLPASSYDS,KXNFLPASSYDS-26OCT04MIAMIN-MIAMWILLIS2-225,Malik Willis: 225+ passing yards,0.1700,0.2100,0.2000,272.95,272.95,active,2026-10-06T20:05:00Z,2026-10-02T09:37:33+00:00
KXNFLPASSYDS-26OCT04MIAMIN,KXNFLPASSYDS,KXNFLPASSYDS-26OCT04MIAMIN-MINKMURRAY1-150,Kyler Murray: 150+ passing yards,0.6900,0.8100,0.0000,0.00,0.00,active,2026-10-06T20:05:00Z,2026-10-02T09:37:33+00:00
KXNFLPASSYDS-26OCT04MIAMIN,KXNFLPASSYDS,KXNFLPASSYDS-26OCT04MIAMIN-MINKMURRAY1-175,Kyler Murray: 175+ passing yards,0.5500,0.7000,0.0000,0.00,0.00,active,2026-10-06T20:05:00Z,2026-10-02T09:37:33+00:00
KXNFLPASSYDS-26OCT04MIAMIN,KXNFLPASSYDS,KXNFLPASSYDS-26OCT04MIAMIN-MINKMURRAY1-325,Kyler Murray: 325+ passing yards,0.0500,0.0800,0.0000,0.00,0.00,active,2026-10-06T20:05:00Z,2026-10-02T09:37:33+00:00
KXNFLPASSYDS-26OCT04MIAMIN,KXNFLPASSYDS,KXNFLPASSYDS-26OCT04MIAMIN-MINKMURRAY1-275,Kyler Murray: 275+ passing yards,0.0700,0.1900,0.1600,19.00,19.00,active,2026-10-06T20:05:00Z,2026-10-02T09:37:33+00:00
KXNFLPASSYDS-26OCT04MIAMIN,KXNFLPASSYDS,KXNFLPASSYDS-26OCT04MIAMIN-MINKMURRAY1-125,Kyler Murray: 125+ passing yards,0.7600,0.9000,0.0000,0.00,0.00,active,2026-10-06T20:05:00Z,2026-10-02T09:37:33+00:00
KXNFLPASSYDS-26OCT04MIAMIN,KXNFLPASSYDS,KXNFLPASSYDS-26OCT04MIAMIN-MINKMURRAY1-200,Kyler Murray: 200+ passing yards,0.5200,0.5600,0.5200,162.66,161.66,active,2026-10-06T20:05:00Z,2026-10-02T09:37:33+00:00
KXNFLPASSYDS-26OCT04NEBUF,KXNFLPASSYDS,KXNFLPASSYDS-26OCT04NEBUF-NEDMAYE10-250,Drake Maye: 250+ passing yards,0.3800,0.4000,0.4100,219.28,219.28,active,2026-10-06T17:00:00Z,2026-10-02T09:37:33+00:00
KXNFLPASSYDS-26OCT04NEBUF,KXNFLPASSYDS,KXNFLPASSYDS-26OCT04NEBUF-NEDMAYE10-350,Drake Maye: 350+ passing yards,0.0500,0.0600,0.0800,57.94,57.94,active,2026-10-06T17:00:00Z,2026-10-02T09:37:33+00:00
KXNFLPASSYDS-26OCT04NEBUF,KXNFLPASSYDS,KXNFLPASSYDS-26OCT04NEBUF-BUFJALLEN17-275,Josh Allen: 275+ passing yards,0.3200,0.3300,0.3400,124.32,124.32,active,2026-10-06T17:00:00Z,2026-10-02T09:37:33+00:00
KXNFLPASSYDS-26OCT04NEBUF,KXNFLPASSYDS,KXNFLPASSYDS-26OCT04NEBUF-BUFJALLEN17-225,Josh Allen: 225+ passing yards,0.5800,0.6000,0.6000,99.04,99.04,active,2026-10-06T17:00:00Z,2026-10-02T09:37:33+00:00
KXNFLPASSYDS-26OCT04NEBUF,KXNFLPASSYDS,KXNFLPASSYDS-26OCT04NEBUF-BUFJALLEN17-325,Josh Allen: 325+ passing yards,0.0900,0.1400,0.0000,0.00,0.00,active,2026-10-06T17:00:00Z,2026-10-02T09:37:33+00:00
KXNFLPASSYDS-26OCT04NEBUF,KXNFLPASSYDS,KXNFLPASSYDS-26OCT04NEBUF-BUFJALLEN17-350,Josh Allen: 350+ passing yards,0.0500,0.0800,0.0000,0.00,0.00,active,2026-10-06T17:00:00Z,2026-10-02T09:37:33+00:00
KXNFLPASSYDS-26OCT04NEBUF,KXNFLPASSYDS,KXNFLPASSYDS-26OCT04NEBUF-NEDMAYE10-300,Drake Maye: 300+ passing yards,0.1400,0.1800,0.1400,303.14,292.14,active,2026-10-06T17:00:00Z,2026-10-02T09:37:33+00:00
KXNFLPASSYDS-26OCT04NEBUF,KXNFLPASSYDS,KXNFLPASSYDS-26OCT04NEBUF-NEDMAYE10-325,Drake Maye: 325+ passing yards,0.1000,0.1200,0.1200,171.95,171.95,active,2026-10-06T17:00:00Z,2026-10-02T09:37:33+00:00
KXNFLPASSYDS-26OCT04NEBUF,KXNFLPASSYDS,KXNFLPASSYDS-26OCT04NEBUF-NEDMAYE10-150,Drake Maye: 150+ passing yards,0.8700,0.9100,0.8900,12.20,12.20,active,2026-10-06T17:00:00Z,2026-10-02T09:37:33+00:00
KXNFLPASSYDS-26OCT04NEBUF,KXNFLPASSYDS,KXNFLPASSYDS-26OCT04NEBUF-NEDMAYE10-275,Drake Maye: 275+ passing yards,0.2300,0.2800,0.2900,1.80,1.80,active,2026-10-06T17:00:00Z,2026-10-02T09:37:33+00:00
KXNFLPASSYDS-26OCT04NEBUF,KXNFLPASSYDS,KXNFLPASSYDS-26OCT04NEBUF-NEDMAYE10-175,Drake Maye: 175+ passing yards,0.7500,0.8100,0.7800,51.72,51.72,active,2026-10-06T17:00:00Z,2026-10-02T09:37:33+00:00
KXNFLPASSYDS-26OCT04NEBUF,KXNFLPASSYDS,KXNFLPASSYDS-26OCT04NEBUF-NEDMAYE10-200,Drake Maye: 200+ passing yards,0.6700,0.6900,0.0000,0.00,0.00,active,2026-10-06T17:00:00Z,2026-10-02T09:37:33+00:00
KXNFLPASSYDS-26OCT04NEBUF,KXNFLPASSYDS,KXNFLPASSYDS-26OCT04NEBUF-NEDMAYE10-225,Drake Maye: 225+ passing yards,0.5300,0.5400,0.5400,360.94,323.36,active,2026-10-06T17:00:00Z,2026-10-02T09:37:33+00:00
KXNFLPASSYDS-26OCT04NEBUF,KXNFLPASSYDS,KXNFLPASSYDS-26OCT04NEBUF-BUFJALLEN17-300,Josh Allen: 300+ passing yards,0.1600,0.2100,0.2200,54.91,54.91,active,2026-10-06T17:00:00Z,2026-10-02T09:37:33+00:00
KXNFLPASSYDS-26OCT04NEBUF,KXNFLPASSYDS,KXNFLPASSYDS-26OCT04NEBUF-BUFJALLEN17-250,Josh Allen: 250+ passing yards,0.4700,0.4800,0.4800,1101.67,747.97,active,2026-10-06T17:00:00Z,2026-10-02T09:37:33+00:00
KXNFLPASSYDS-26OCT04NEBUF,KXNFLPASSYDS,KXNFLPASSYDS-26OCT04NEBUF-BUFJALLEN17-150,Josh Allen: 150+ passing yards,0.7900,0.9100,0.9100,68.24,68.24,active,2026-10-06T17:00:00Z,2026-10-02T09:37:33+00:00
KXNFLPASSYDS-26OCT04NEBUF,KXNFLPASSYDS,KXNFLPASSYDS-26OCT04NEBUF-BUFJALLEN17-175,Josh Allen: 175+ passing yards,0.8000,0.8400,0.8400,1.81,1.81,active,2026-10-06T17:00:00Z,2026-10-02T09:37:33+00:00
KXNFLPASSYDS-26OCT04NEBUF,KXNFLPASSYDS,KXNFLPASSYDS-26OCT04NEBUF-BUFJALLEN17-200,Josh Allen: 200+ passing yards,0.7200,0.7500,0.7500,103.23,103.23,active,2026-10-06T17:00:00Z,2026-10-02T09:37:33+00:00
KXNFLPASSYDS-26OCT04NYJCHI,KXNFLPASSYDS,KXNFLPASSYDS-26OCT04NYJCHI-NYJGSMITH7-250,Geno Smith: 250+ passing yards,0.3500,0.3700,0.0000,0.00,0.00,active,2026-10-06T17:00:00Z,2026-10-02T09:37:33+00:00
KXNFLPASSYDS-26OCT04NYJCHI,KXNFLPASSYDS,KXNFLPASSYDS-26OCT04NYJCHI-CHITBAGENT17-275,Tyson Bagent: 275+ passing yards,0.0500,0.1500,0.1000,19.00,19.00,active,2026-10-06T17:00:00Z,2026-10-02T09:37:33+00:00
KXNFLPASSYDS-26OCT04NYJCHI,KXNFLPASSYDS,KXNFLPASSYDS-26OCT04NYJCHI-NYJGSMITH7-150,Geno Smith: 150+ passing yards,0.8600,0.8800,0.8700,44.92,44.92,active,2026-10-06T17:00:00Z,2026-10-02T09:37:33+00:00
KXNFLPASSYDS-26OCT04NYJCHI,KXNFLPASSYDS,KXNFLPASSYDS-26OCT04NYJCHI-NYJGSMITH7-225,Geno Smith: 225+ passing yards,0.4900,0.5100,0.5400,558.34,508.36,active,2026-10-06T17:00:00Z,2026-10-02T09:37:33+00:00
KXNFLPASSYDS-26OCT04NYJCHI,KXNFLPASSYDS,KXNFLPASSYDS-26OCT04NYJCHI-CHITBAGENT17-200,Tyson Bagent: 200+ passing yards,0.4700,0.4800,0.4400,2122.81,2122.81,active,2026-10-06T17:00:00Z,2026-10-02T09:37:33+00:00
KXNFLPASSYDS-26OCT04NYJCHI,KXNFLPASSYDS,KXNFLPASSYDS-26OCT04NYJCHI-NYJGSMITH7-200,Geno Smith: 200+ passing yards,0.6500,0.6700,0.6900,70.41,70.41,active,2026-10-06T17:00:00Z,2026-10-02T09:37:33+00:00
KXNFLPASSYDS-26OCT04NYJCHI,KXNFLPASSYDS,KXNFLPASSYDS-26OCT04NYJCHI-NYJGSMITH7-325,Geno Smith: 325+ passing yards,0.0800,0.1100,0.1200,25.00,25.00,active,2026-10-06T17:00:00Z,2026-10-02T09:37:33+00:00
KXNFLPASSYDS-26OCT04NYJCHI,KXNFLPASSYDS,KXNFLPASSYDS-26OCT04NYJCHI-CHITBAGENT17-300,Tyson Bagent: 300+ passing yards,0.0500,0.0800,0.0000,0.00,0.00,active,2026-10-06T17:00:00Z,2026-10-02T09:37:33+00:00
KXNFLPASSYDS-26OCT04NYJCHI,KXNFLPASSYDS,KXNFLPASSYDS-26OCT04NYJCHI-CHITBAGENT17-175,Tyson Bagent: 175+ passing yards,0.4900,0.7000,0.4900,233.98,212.98,active,2026-10-06T17:00:00Z,2026-10-02T09:37:33+00:00
KXNFLPASSYDS-26OCT04NYJCHI,KXNFLPASSYDS,KXNFLPASSYDS-26OCT04NYJCHI-NYJGSMITH7-350,Geno Smith: 350+ passing yards,0.0500,0.0600,0.0000,0.00,0.00,active,2026-10-06T17:00:00Z,2026-10-02T09:37:33+00:00
KXNFLPASSYDS-26OCT04NYJCHI,KXNFLPASSYDS,KXNFLPASSYDS-26OCT04NYJCHI-CHITBAGENT17-250,Tyson Bagent: 250+ passing yards,0.1700,0.2400,0.0000,0.00,0.00,active,2026-10-06T17:00:00Z,2026-10-02T09:37:33+00:00
KXNFLPASSYDS-26OCT04NYJCHI,KXNFLPASSYDS,KXNFLPASSYDS-26OCT04NYJCHI-NYJGSMITH7-275,Geno Smith: 275+ passing yards,0.2100,0.2500,0.0000,0.00,0.00,active,2026-10-06T17:00:00Z,2026-10-02T09:37:33+00:00
KXNFLPASSYDS-26OCT04NYJCHI,KXNFLPASSYDS,KXNFLPASSYDS-26OCT04NYJCHI-NYJGSMITH7-175,Geno Smith: 175+ passing yards,0.7400,0.8000,0.0000,0.00,0.00,active,2026-10-06T17:00:00Z,2026-10-02T09:37:33+00:00
KXNFLPASSYDS-26OCT04NYJCHI,KXNFLPASSYDS,KXNFLPASSYDS-26OCT04NYJCHI-NYJGSMITH7-300,Geno Smith: 300+ passing yards,0.1000,0.1600,0.0000,0.00,0.00,active,2026-10-06T17:00:00Z,2026-10-02T09:37:33+00:00
KXNFLPASSYDS-26OCT04NYJCHI,KXNFLPASSYDS,KXNFLPASSYDS-26OCT04NYJCHI-CHITBAGENT17-225,Tyson Bagent: 225+ passing yards,0.3300,0.3400,0.3600,22.29,22.29,active,2026-10-06T17:00:00Z,2026-10-02T09:37:33+00:00
KXNFLPASSYDS-26OCT04NYJCHI,KXNFLPASSYDS,KXNFLPASSYDS-26OCT04NYJCHI-CHITBAGENT17-150,Tyson Bagent: 150+ passing yards,0.6800,0.8000,0.7500,2588.79,2402.28,active,2026-10-06T17:00:00Z,2026-10-02T09:37:33+00:00
KXNFLPASSYDS-26OCT04TENBAL,KXNFLPASSYDS,KXNFLPASSYDS-26OCT04TENBAL-TENCWARD1-325,Cam Ward: 325+ passing yards,0.0100,0.0500,0.0500,50.00,50.00,active,2026-10-06T17:00:00Z,2026-10-02T09:37:33+00:00
KXNFLPASSYDS-26OCT04TENBAL,KXNFLPASSYDS,KXNFLPASSYDS-26OCT04TENBAL-BALLJACKSON8-250,Lamar Jackson: 250+ passing yards,0.3100,0.3400,0.3400,69.52,69.52,active,2026-10-06T17:00:00Z,2026-10-02T09:37:33+00:00
KXNFLPASSYDS-26OCT04TENBAL,KXNFLPASSYDS,KXNFLPASSYDS-26OCT04TENBAL-TENCWARD1-150,Cam Ward: 150+ passing yards,0.6800,0.7400,0.0000,0.00,0.00,active,2026-10-06T17:00:00Z,2026-10-02T09:37:33+00:00
KXNFLPASSYDS-26OCT04TENBAL,KXNFLPASSYDS,KXNFLPASSYDS-26OCT04TENBAL-TENCWARD1-125,Cam Ward: 125+ passing yards,0.7900,0.8300,0.8300,1.19,1.19,active,2026-10-06T17:00:00Z,2026-10-02T09:37:33+00:00
KXNFLPASSYDS-26OCT04TENBAL,KXNFLPASSYDS,KXNFLPASSYDS-26OCT04TENBAL-TENCWARD1-300,Cam Ward: 300+ passing yards,0.0500,0.0700,0.0000,0.00,0.00,active,2026-10-06T17:00:00Z,2026-10-02T09:37:33+00:00
KXNFLPASSYDS-26OCT04TENBAL,KXNFLPASSYDS,KXNFLPASSYDS-26OCT04TENBAL-BALLJACKSON8-300,Lamar Jackson: 300+ passing yards,0.1100,0.1500,0.0000,0.00,0.00,active,2026-10-06T17:00:00Z,2026-10-02T09:37:33+00:00
KXNFLPASSYDS-26OCT04TENBAL,KXNFLPASSYDS,KXNFLPASSYDS-26OCT04TENBAL-TENCWARD1-225,Cam Ward: 225+ passing yards,0.2500,0.2800,0.0000,0.00,0.00,active,2026-10-06T17:00:00Z,2026-10-02T09:37:33+00:00
KXNFLPASSYDS-26OCT04TENBAL,KXNFLPASSYDS,KXNFLPASSYDS-26OCT04TENBAL-BALLJACKSON8-225,Lamar Jackson: 225+ passing yards,0.4500,0.4900,0.4900,493.33,475.33,active,2026-10-06T17:00:00Z,2026-10-02T09:37:33+00:00
KXNFLPASSYDS-26OCT04TENBAL,KXNFLPASSYDS,KXNFLPASSYDS-26OCT04TENBAL-BALLJACKSON8-350,Lamar Jackson: 350+ passing yards,0.0500,0.0600,0.0000,0.00,0.00,active,2026-10-06T17:00:00Z,2026-10-02T09:37:33+00:00
KXNFLPASSYDS-26OCT04TENBAL,KXNFLPASSYDS,KXNFLPASSYDS-26OCT04TENBAL-BALLJACKSON8-325,Lamar Jackson: 325+ passing yards,0.0500,0.1000,0.0000,0.00,0.00,active,2026-10-06T17:00:00Z,2026-10-02T09:37:33+00:00
KXNFLPASSYDS-26OCT04TENBAL,KXNFLPASSYDS,KXNFLPASSYDS-26OCT04TENBAL-BALLJACKSON8-200,Lamar Jackson: 200+ passing yards,0.6100,0.6400,0.6300,15.36,15.36,active,2026-10-06T17:00:00Z,2026-10-02T09:37:33+00:00
KXNFLPASSYDS-26OCT04TENBAL,KXNFLPASSYDS,KXNFLPASSYDS-26OCT04TENBAL-TENCWARD1-175,Cam Ward: 175+ passing yards,0.5600,0.6000,0.5900,44.55,42.55,active,2026-10-06T17:00:00Z,2026-10-02T09:37:33+00:00
KXNFLPASSYDS-26OCT04TENBAL,KXNFLPASSYDS,KXNFLPASSYDS-26OCT04TENBAL-BALLJACKSON8-150,Lamar Jackson: 150+ passing yards,0.8300,0.8700,0.8800,12.37,12.37,active,2026-10-06T17:00:00Z,2026-10-02T09:37:33+00:00
KXNFLPASSYDS-26OCT04TENBAL,KXNFLPASSYDS,KXNFLPASSYDS-26OCT04TENBAL-BALLJACKSON8-175,Lamar Jackson: 175+ passing yards,0.7300,0.7700,0.7700,231.00,218.38,active,2026-10-06T17:00:00Z,2026-10-02T09:37:33+00:00
KXNFLPASSYDS-26OCT04TENBAL,KXNFLPASSYDS,KXNFLPASSYDS-26OCT04TENBAL-BALLJACKSON8-275,Lamar Jackson: 275+ passing yards,0.1900,0.2200,0.2100,58.13,55.62,active,2026-10-06T17:00:00Z,2026-10-02T09:37:33+00:00
KXNFLPASSYDS-26OCT04TENBAL,KXNFLPASSYDS,KXNFLPASSYDS-26OCT04TENBAL-TENCWARD1-200,Cam Ward: 200+ passing yards,0.4000,0.4100,0.4000,25.46,25.46,active,2026-10-06T17:00:00Z,2026-10-02T09:37:33+00:00
KXNFLPASSYDS-26OCT04TENBAL,KXNFLPASSYDS,KXNFLPASSYDS-26OCT04TENBAL-TENCWARD1-250,Cam Ward: 250+ passing yards,0.1600,0.1800,0.0000,0.00,0.00,active,2026-10-06T17:00:00Z,2026-10-02T09:37:33+00:00
KXNFLPASSYDS-26OCT04TENBAL,KXNFLPASSYDS,KXNFLPASSYDS-26OCT04TENBAL-TENCWARD1-275,Cam Ward: 275+ passing yards,0.0500,0.1200,0.0000,0.00,0.00,active,2026-10-06T17:00:00Z,2026-10-02T09:37:33+00:00
KXNFLPASSYDS-26OCT05ATLNO,KXNFLPASSYDS,KXNFLPASSYDS-26OCT05ATLNO-ATLMPENIX9-350,Michael Penix Jr.: 350+ passing yards,0.0500,0.0600,0.0000,0.00,0.00,active,2026-10-08T00:15:00Z,2026-10-02T09:37:33+00:00
KXNFLPASSYDS-26OCT05ATLNO,KXNFLPASSYDS,KXNFLPASSYDS-26OCT05ATLNO-NOTSHOUGH6-400,Tyler Shough: 400+ passing yards,0.0100,0.0400,0.0500,50.00,50.00,active,2026-10-08T00:15:00Z,2026-10-02T09:37:33+00:00
KXNFLPASSYDS-26OCT05ATLNO,KXNFLPASSYDS,KXNFLPASSYDS-26OCT05ATLNO-NOTSHOUGH6-325,Tyler Shough: 325+ passing yards,0.1200,0.1900,0.0000,0.00,0.00,active,2026-10-08T00:15:00Z,2026-10-02T09:37:33+00:00
KXNFLPASSYDS-26OCT05ATLNO,KXNFLPASSYDS,KXNFLPASSYDS-26OCT05ATLNO-NOTSHOUGH6-350,Tyler Shough: 350+ passing yards,0.0500,0.1100,0.0000,0.00,0.00,active,2026-10-08T00:15:00Z,2026-10-02T09:37:33+00:00
KXNFLPASSYDS-26OCT05ATLNO,KXNFLPASSYDS,KXNFLPASSYDS-26OCT05ATLNO-ATLMPENIX9-250,Michael Penix Jr.: 250+ passing yards,0.3300,0.3800,0.3800,71.25,71.25,active,2026-10-08T00:15:00Z,2026-10-02T09:37:33+00:00
KXNFLPASSYDS-26OCT05ATLNO,KXNFLPASSYDS,KXNFLPASSYDS-26OCT05ATLNO-ATLMPENIX9-325,Michael Penix Jr.: 325+ passing yards,0.0500,0.1000,0.0000,0.00,0.00,active,2026-10-08T00:15:00Z,2026-10-02T09:37:33+00:00
KXNFLPASSYDS-26OCT05ATLNO,KXNFLPASSYDS,KXNFLPASSYDS-26OCT05ATLNO-ATLMPENIX9-200,Michael Penix Jr.: 200+ passing yards,0.6100,0.6700,0.0000,0.00,0.00,active,2026-10-08T00:15:00Z,2026-10-02T09:37:33+00:00
KXNFLPASSYDS-26OCT05ATLNO,KXNFLPASSYDS,KXNFLPASSYDS-26OCT05ATLNO-NOTSHOUGH6-175,Tyler Shough: 175+ passing yards,0.7300,0.8900,0.0000,0.00,0.00,active,2026-10-08T00:15:00Z,2026-10-02T09:37:33+00:00
KXNFLPASSYDS-26OCT05ATLNO,KXNFLPASSYDS,KXNFLPASSYDS-26OCT05ATLNO-NOTSHOUGH6-250,Tyler Shough: 250+ passing yards,0.4100,0.5500,0.5600,122.28,122.28,active,2026-10-08T00:15:00Z,2026-10-02T09:37:33+00:00
KXNFLPASSYDS-26OCT05ATLNO,KXNFLPASSYDS,KXNFLPASSYDS-26OCT05ATLNO-ATLMPENIX9-175,Michael Penix Jr.: 175+ passing yards,0.7100,0.8000,0.0000,0.00,0.00,active,2026-10-08T00:15:00Z,2026-10-02T09:37:33+00:00
KXNFLPASSYDS-26OCT05ATLNO,KXNFLPASSYDS,KXNFLPASSYDS-26OCT05ATLNO-NOTSHOUGH6-200,Tyler Shough: 200+ passing yards,0.6600,0.8100,0.8100,0.35,0.35,active,2026-10-08T00:15:00Z,2026-10-02T09:37:33+00:00
KXNFLPASSYDS-26OCT05ATLNO,KXNFLPASSYDS,KXNFLPASSYDS-26OCT05ATLNO-ATLMPENIX9-300,Michael Penix Jr.: 300+ passing yards,0.0600,0.1600,0.1700,27.79,27.79,active,2026-10-08T00:15:00Z,2026-10-02T09:37:33+00:00
KXNFLPASSYDS-26OCT05ATLNO,KXNFLPASSYDS,KXNFLPASSYDS-26OCT05ATLNO-ATLMPENIX9-150,Michael Penix Jr.: 150+ passing yards,0.8100,0.9000,0.0000,0.00,0.00,active,2026-10-08T00:15:00Z,2026-10-02T09:37:33+00:00
KXNFLPASSYDS-26OCT05ATLNO,KXNFLPASSYDS,KXNFLPASSYDS-26OCT05ATLNO-NOTSHOUGH6-300,Tyler Shough: 300+ passing yards,0.1300,0.2800,0.0000,0.00,0.00,active,2026-10-08T00:15:00Z,2026-10-02T09:37:33+00:00
KXNFLPASSYDS-26OCT05ATLNO,KXNFLPASSYDS,KXNFLPASSYDS-26OCT05ATLNO-ATLMPENIX9-275,Michael Penix Jr.: 275+ passing yards,0.1400,0.2400,0.2500,37.11,37.11,active,2026-10-08T00:15:00Z,2026-10-02T09:37:33+00:00
KXNFLPASSYDS-26OCT05ATLNO,KXNFLPASSYDS,KXNFLPASSYDS-26OCT05ATLNO-NOTSHOUGH6-275,Tyler Shough: 275+ passing yards,0.2600,0.4100,0.4000,21.13,21.13,active,2026-10-08T00:15:00Z,2026-10-02T09:37:33+00:00
KXNFLPASSYDS-26OCT05ATLNO,KXNFLPASSYDS,KXNFLPASSYDS-26OCT05ATLNO-NOTSHOUGH6-375,Tyler Shough: 375+ passing yards,0.0500,0.0800,0.0000,0.00,0.00,active,2026-10-08T00:15:00Z,2026-10-02T09:37:33+00:00
KXNFLPASSYDS-26OCT05ATLNO,KXNFLPASSYDS,KXNFLPASSYDS-26OCT05ATLNO-ATLMPENIX9-225,Michael Penix Jr.: 225+ passing yards,0.4900,0.5200,0.5200,18.60,18.60,active,2026-10-08T00:15:00Z,2026-10-02T09:37:33+00:00
KXNFLPASSYDS-26OCT05ATLNO,KXNFLPASSYDS,KXNFLPASSYDS-26OCT05ATLNO-NOTSHOUGH6-225,Tyler Shough: 225+ passing yards,0.5400,0.7000,0.0000,0.00,0.00,active,2026-10-08T00:15:00Z,2026-10-02T09:37:33+00:00
KXNFLPASSTDS-26OCT04ARINYG,KXNFLPASSTDS,KXNFLPASSTDS-26OCT04ARINYG-NYGJWINSTON19-4,Jameis Winston: 4+ passing touchdowns,0.0200,0.0500,0.0000,0.00,0.00,active,2026-10-06T17:00:00Z,2026-10-02T09:37:33+00:00
KXNFLPASSTDS-26OCT04ARINYG,KXNFLPASSTDS,KXNFLPASSTDS-26OCT04ARINYG-ARIJBRISSETT7-4,Jacoby Brissett: 4+ passing touchdowns,0.0400,0.0600,0.0000,0.00,0.00,active,2026-10-06T17:00:00Z,2026-10-02T09:37:33+00:00
KXNFLPASSTDS-26OCT04ARINYG,KXNFLPASSTDS,KXNFLPASSTDS-26OCT04ARINYG-NYGJWINSTON19-3,Jameis Winston: 3+ passing touchdowns,0.1200,0.1300,0.0000,0.00,0.00,active,2026-10-06T17:00:00Z,2026-10-02T09:37:33+00:00
KXNFLPASSTDS-26OCT04ARINYG,KXNFLPASSTDS,KXNFLPASSTDS-26OCT04ARINYG-NYGJWINSTON19-2,Jameis Winston: 2+ passing touchdowns,0.3500,0.3600,0.3600,74.06,74.06,active,2026-10-06T17:00:00Z,2026-10-02T09:37:33+00:00
KXNFLPASSTDS-26OCT04ARINYG,KXNFLPASSTDS,KXNFLPASSTDS-26OCT04ARINYG-NYGJWINSTON19-1,Jameis Winston: 1+ passing touchdowns,0.7000,0.7500,0.7600,1.28,1.28,active,2026-10-06T17:00:00Z,2026-10-02T09:37:33+00:00
KXNFLPASSTDS-26OCT04ARINYG,KXNFLPASSTDS,KXNFLPASSTDS-26OCT04ARINYG-ARIJBRISSETT7-1,Jacoby Brissett: 1+ passing touchdowns,0.7600,0.8100,0.8100,604.21,604.21,active,2026-10-06T17:00:00Z,2026-10-02T09:37:33+00:00
KXNFLPASSTDS-26OCT04ARINYG,KXNFLPASSTDS,KXNFLPASSTDS-26OCT04ARINYG-ARIJBRISSETT7-3,Jacoby Brissett: 3+ passing touchdowns,0.1400,0.1800,0.0000,0.00,0.00,active,2026-10-06T17:00:00Z,2026-10-02T09:37:33+00:00
KXNFLPASSTDS-26OCT04ARINYG,KXNFLPASSTDS,KXNFLPASSTDS-26OCT04ARINYG-ARIJBRISSETT7-2,Jacoby Brissett: 2+ passing touchdowns,0.4200,0.4500,0.4500,212.74,212.74,active,2026-10-06T17:00:00Z,2026-10-02T09:37:33+00:00
KXNFLPASSTDS-26OCT04DALHOU,KXNFLPASSTDS,KXNFLPASSTDS-26OCT04DALHOU-DALDPRESCOTT4-3,Dak Prescott: 3+ passing touchdowns,0.2000,0.2300,0.2300,137.75,137.75,active,2026-10-06T17:00:00Z,2026-10-02T09:37:33+00:00
KXNFLPASSTDS-26OCT04DALHOU,KXNFLPASSTDS,KXNFLPASSTDS-26OCT04DALHOU-DALDPRESCOTT4-1,Dak Prescott: 1+ passing touchdowns,0.8100,0.8500,0.8600,656.59,557.17,active,2026-10-06T17:00:00Z,2026-10-02T09:37:33+00:00
KXNFLPASSTDS-26OCT04DALHOU,KXNFLPASSTDS,KXNFLPASSTDS-26OCT04DALHOU-HOUCSTROUD7-4,C.J. Stroud: 4+ passing touchdowns,0.0500,0.0800,0.0000,0.00,0.00,active,2026-10-06T17:00:00Z,2026-10-02T09:37:33+00:00
KXNFLPASSTDS-26OCT04DALHOU,KXNFLPASSTDS,KXNFLPASSTDS-26OCT04DALHOU-DALDPRESCOTT4-4,Dak Prescott: 4+ passing touchdowns,0.0600,0.0800,0.0800,270.09,270.09,active,2026-10-06T17:00:00Z,2026-10-02T09:37:33+00:00
KXNFLPASSTDS-26OCT04DALHOU,KXNFLPASSTDS,KXNFLPASSTDS-26OCT04DALHOU-HOUCSTROUD7-2,C.J. Stroud: 2+ passing touchdowns,0.4800,0.5000,0.0000,0.00,0.00,active,2026-10-06T17:00:00Z,2026-10-02T09:37:33+00:00
KXNFLPASSTDS-26OCT04DALHOU,KXNFLPASSTDS,KXNFLPASSTDS-26OCT04DALHOU-HOUCSTROUD7-1,C.J. Stroud: 1+ passing touchdowns,0.7800,0.8400,0.0000,0.00,0.00,active,2026-10-06T17:00:00Z,2026-10-02T09:37:33+00:00
KXNFLPASSTDS-26OCT04DALHOU,KXNFLPASSTDS,KXNFLPASSTDS-26OCT04DALHOU-HOUCSTROUD7-3,C.J. Stroud: 3+ passing touchdowns,0.2000,0.2200,0.0000,0.00,0.00,active,2026-10-06T17:00:00Z,2026-10-02T09:37:33+00:00
KXNFLPASSTDS-26OCT04DALHOU,KXNFLPASSTDS,KXNFLPASSTDS-26OCT04DALHOU-DALDPRESCOTT4-2,Dak Prescott: 2+ passing touchdowns,0.5100,0.5300,0.5300,164.84,154.07,active,2026-10-06T17:00:00Z,2026-10-02T09:37:33+00:00
KXNFLPASSTDS-26OCT04DENSF,KXNFLPASSTDS,KXNFLPASSTDS-26OCT04DENSF-SFBPURDY13-5,Brock Purdy: 5+ passing touchdowns,0.0000,0.0400,0.0000,0.00,0.00,active,2026-10-06T20:25:00Z,2026-10-02T09:37:33+00:00
KXNFLPASSTDS-26OCT04DENSF,KXNFLPASSTDS,KXNFLPASSTDS-26OCT04DENSF-DENBNIX10-4,Bo Nix: 4+ passing touchdowns,0.0500,0.0600,0.0000,0.00,0.00,active,2026-10-06T20:25:00Z,2026-10-02T09:37:33+00:00
KXNFLPASSTDS-26OCT04DENSF,KXNFLPASSTDS,KXNFLPASSTDS-26OCT04DENSF-SFBPURDY13-2,Brock Purdy: 2+ passing touchdowns,0.5000,0.5200,0.5200,822.87,822.87,active,2026-10-06T20:25:00Z,2026-10-02T09:37:33+00:00
KXNFLPASSTDS-26OCT04DENSF,KXNFLPASSTDS,KXNFLPASSTDS-26OCT04DENSF-SFBPURDY13-4,Brock Purdy: 4+ passing touchdowns,0.0600,0.0800,0.0800,158.81,158.81,active,2026-10-06T20:25:00Z,2026-10-02T09:37:33+00:00
KXNFLPASSTDS-26OCT04DENSF,KXNFLPASSTDS,KXNFLPASSTDS-26OCT04DENSF-SFBPURDY13-3,Brock Purdy: 3+ passing touchdowns,0.1900,0.2200,0.2200,196.72,196.72,active,2026-10-06T20:25:00Z,2026-10-02T09:37:33+00:00
KXNFLPASSTDS-26OCT04DENSF,KXNFLPASSTDS,KXNFLPASSTDS-26OCT04DENSF-DENBNIX10-1,Bo Nix: 1+ passing touchdowns,0.7700,0.8000,0.0000,0.00,0.00,active,2026-10-06T20:25:00Z,2026-10-02T09:37:33+00:00
KXNFLPASSTDS-26OCT04DENSF,KXNFLPASSTDS,KXNFLPASSTDS-26OCT04DENSF-DENBNIX10-3,Bo Nix: 3+ passing touchdowns,0.1600,0.1900,0.1800,259.96,259.96,active,2026-10-06T20:25:00Z,2026-10-02T09:37:33+00:00
KXNFLPASSTDS-26OCT04DENSF,KXNFLPASSTDS,KXNFLPASSTDS-26OCT04DENSF-DENBNIX10-2,Bo Nix: 2+ passing touchdowns,0.4200,0.4500,0.4300,207.73,202.63,active,2026-10-06T20:25:00Z,2026-10-02T09:37:33+00:00
KXNFLPASSTDS-26OCT04DENSF,KXNFLPASSTDS,KXNFLPASSTDS-26OCT04DENSF-SFBPURDY13-1,Brock Purdy: 1+ passing touchdowns,0.8000,0.8500,0.8400,16.94,16.94,active,2026-10-06T20:25:00Z,2026-10-02T09:37:33+00:00
KXNFLPASSTDS-26OCT04DETCAR,KXNFLPASSTDS,KXNFLPASSTDS-26OCT04DETCAR-DETJGOFF16-5,Jared Goff: 5+ passing touchdowns,0.0000,0.0500,0.0000,0.00,0.00,active,2026-10-07T00:20:00Z,2026-10-02T09:37:33+00:00
KXNFLPASSTDS-26OCT04DETCAR,KXNFLPASSTDS,KXNFLPASSTDS-26OCT04DETCAR-CARBYOUNG9-3,Bryce Young: 3+ passing touchdowns,0.2100,0.2400,0.2400,178.02,178.02,active,2026-10-07T00:20:00Z,2026-10-02T09:37:33+00:00
KXNFLPASSTDS-26OCT04DETCAR,KXNFLPASSTDS,KXNFLPASSTDS-26OCT04DETCAR-DETJGOFF16-2,Jared Goff: 2+ passing touchdowns,0.6100,0.6300,0.6300,87.26,87.26,active,2026-10-07T00:20:00Z,2026-10-02T09:37:33+00:00
KXNFLPASSTDS-26OCT04DETCAR,KXNFLPASSTDS,KXNFLPASSTDS-26OCT04DETCAR-DETJGOFF16-4,Jared Goff: 4+ passing touchdowns,0.0900,0.1100,0.1100,356.61,356.61,active,2026-10-07T00:20:00Z,2026-10-02T09:37:33+00:00
KXNFLPASSTDS-26OCT04DETCAR,KXNFLPASSTDS,KXNFLPASSTDS-26OCT04DETCAR-CARBYOUNG9-2,Bryce Young: 2+ passing touchdowns,0.5300,0.5400,0.5500,457.95,457.95,active,2026-10-07T00:20:00Z,2026-10-02T09:37:33+00:00
KXNFLPASSTDS-26OCT04DETCAR,KXNFLPASSTDS,KXNFLPASSTDS-26OCT04DETCAR-CARBYOUNG9-4,Bryce Young: 4+ passing touchdowns,0.0700,0.0900,0.0900,62.83,62.83,active,2026-10-07T00:20:00Z,2026-10-02T09:37:33+00:00
KXNFLPASSTDS-26OCT04DETCAR,KXNFLPASSTDS,KXNFLPASSTDS-26OCT04DETCAR-DETJGOFF16-3,Jared Goff: 3+ passing touchdowns,0.2900,0.3100,0.3100,76.92,76.92,active,2026-10-07T00:20:00Z,2026-10-02T09:37:33+00:00
KXNFLPASSTDS-26OCT04DETCAR,KXNFLPASSTDS,KXNFLPASSTDS-26OCT04DETCAR-DETJGOFF16-1,Jared Goff: 1+ passing touchdowns,0.8500,0.9000,0.9000,16.46,16.46,active,2026-10-07T00:20:00Z,2026-10-02T09:37:33+00:00
KXNFLPASSTDS-26OCT04DETCAR,KXNFLPASSTDS,KXNFLPASSTDS-26OCT04DETCAR-CARBYOUNG9-1,Bryce Young: 1+ passing touchdowns,0.8000,0.8500,0.8600,58.82,58.82,active,2026-10-07T00:20:00Z,2026-10-02T09:37:33+00:00
KXNFLPASSTDS-26OCT04GBTB,KXNFLPASSTDS,KXNFLPASSTDS-26OCT04GBTB-TBJDANIELS10-2,Jalon Daniels: 2+ passing touchdowns,0.2200,0.2400,0.2300,103.12,103.12,active,2026-10-06T17:00:00Z,2026-10-02T09:37:33+00:00
KXNFLPASSTDS-26OCT04GBTB,KXNFLPASSTDS,KXNFLPASSTDS-26OCT04GBTB-TBJDANIELS10-3,Jalon Daniels: 3+ passing touchdowns,0.0600,0.0700,0.0700,134.12,134.12,active,2026-10-06T17:00:00Z,2026-10-02T09:37:33+00:00
KXNFLPASSTDS-26OCT04GBTB,KXNFLPASSTDS,KXNFLPASSTDS-26OCT04GBTB-GBJLOVE10-3,Jordan Love: 3+ passing touchdowns,0.1600,0.1900,0.1900,1867.77,1867.77,active,2026-10-06T17:00:00Z,2026-10-02T09:37:33+00:00
KXNFLPASSTDS-26OCT04GBTB,KXNFLPASSTDS,KXNFLPASSTDS-26OCT04GBTB-GBJLOVE10-4,Jordan Love: 4+ passing touchdowns,0.0500,0.0700,0.0000,0.00,0.00,active,2026-10-06T17:00:00Z,2026-10-02T09:37:33+00:00
KXNFLPASSTDS-26OCT04GBTB,KXNFLPASSTDS,KXNFLPASSTDS-26OCT04GBTB-GBJLOVE10-2,Jordan Love: 2+ passing touchdowns,0.4500,0.4700,0.4700,1332.10,1332.10,active,2026-10-06T17:00:00Z,2026-10-02T09:37:33+00:00
KXNFLPASSTDS-26OCT04GBTB,KXNFLPASSTDS,KXNFLPASSTDS-26OCT04GBTB-TBJDANIELS10-1,Jalon Daniels: 1+ passing touchdowns,0.5900,0.6300,0.6300,3.09,3.09,active,2026-10-06T17:00:00Z,2026-10-02T09:37:33+00:00
KXNFLPASSTDS-26OCT04GBTB,KXNFLPASSTDS,KXNFLPASSTDS-26OCT04GBTB-GBJLOVE10-1,Jordan Love: 1+ passing touchdowns,0.7600,0.8000,0.7700,2251.11,2245.11,active,2026-10-06T17:00:00Z,2026-10-02T09:37:33+00:00
KXNFLPASSTDS-26OCT04INDWAS,KXNFLPASSTDS,KXNFLPASSTDS-26OCT04INDWAS-INDDJONES17-3,Daniel Jones: 3+ passing touchdowns,0.1800,0.2200,0.0000,0.00,0.00,active,2026-10-06T13:30:00Z,2026-10-02T09:37:33+00:00
KXNFLPASSTDS-26OCT04INDWAS,KXNFLPASSTDS,KXNFLPASSTDS-26OCT04INDWAS-INDDJONES17-4,Daniel Jones: 4+ passing touchdowns,0.0500,0.0800,0.0800,49.40,49.40,active,2026-10-06T13:30:00Z,2026-10-02T09:37:33+00:00
KXNFLPASSTDS-26OCT04INDWAS,KXNFLPASSTDS,KXNFLPASSTDS-26OCT04INDWAS-INDDJONES17-2,Daniel Jones: 2+ passing touchdowns,0.4700,0.5000,0.5000,43.48,43.48,active,2026-10-06T13:30:00Z,2026-10-02T09:37:33+00:00
KXNFLPASSTDS-26OCT04INDWAS,KXNFLPASSTDS,KXNFLPASSTDS-26OCT04INDWAS-WASMMARIOTA8-3,Marcus Mariota: 3+ passing touchdowns,0.1300,0.1600,0.1600,14.80,14.80,active,2026-10-06T13:30:00Z,2026-10-02T09:37:33+00:00
KXNFLPASSTDS-26OCT04INDWAS,KXNFLPASSTDS,KXNFLPASSTDS-26OCT04INDWAS-WASMMARIOTA8-4,Marcus Mariota: 4+ passing touchdowns,0.0100,0.0500,0.0000,0.00,0.00,active,2026-10-06T13:30:00Z,2026-10-02T09:37:33+00:00
KXNFLPASSTDS-26OCT04INDWAS,KXNFLPASSTDS,KXNFLPASSTDS-26OCT04INDWAS-WASMMARIOTA8-1,Marcus Mariota: 1+ passing touchdowns,0.7200,0.7800,0.7900,61.72,61.72,active,2026-10-06T13:30:00Z,2026-10-02T09:37:33+00:00
KXNFLPASSTDS-26OCT04INDWAS,KXNFLPASSTDS,KXNFLPASSTDS-26OCT04INDWAS-INDDJONES17-1,Daniel Jones: 1+ passing touchdowns,0.8200,0.8500,0.8400,96.95,96.95,active,2026-10-06T13:30:00Z,2026-10-02T09:37:33+00:00
KXNFLPASSTDS-26OCT04INDWAS,KXNFLPASSTDS,KXNFLPASSTDS-26OCT04INDWAS-WASMMARIOTA8-2,Marcus Mariota: 2+ passing touchdowns,0.3700,0.4000,0.4000,84.77,84.77,active,2026-10-06T13:30:00Z,2026-10-02T09:37:33+00:00
KXNFLPASSTDS-26OCT04JACCIN,KXNFLPASSTDS,KXNFLPASSTDS-26OCT04JACCIN-JACTLAWRENCE16-5,Trevor Lawrence: 5+ passing touchdowns,0.0000,0.0300,0.0000,0.00,0.00,active,2026-10-06T17:00:00Z,2026-10-02T09:37:33+00:00
KXNFLPASSTDS-26OCT04JACCIN,KXNFLPASSTDS,KXNFLPASSTDS-26OCT04JACCIN-CINJBURROW9-5,Joe Burrow: 5+ passing touchdowns,0.0000,0.0500,0.0500,243.77,243.77,active,2026-10-06T17:00:00Z,2026-10-02T09:37:33+00:00
KXNFLPASSTDS-26OCT04JACCIN,KXNFLPASSTDS,KXNFLPASSTDS-26OCT04JACCIN-JACTLAWRENCE16-2,Trevor Lawrence: 2+ passing touchdowns,0.5500,0.5600,0.5600,21.84,21.84,active,2026-10-06T17:00:00Z,2026-10-02T09:37:33+00:00
KXNFLPASSTDS-26OCT04JACCIN,KXNFLPASSTDS,KXNFLPASSTDS-26OCT04JACCIN-JACTLAWRENCE16-1,Trevor Lawrence: 1+ passing touchdowns,0.8400,0.8700,0.0000,0.00,0.00,active,2026-10-06T17:00:00Z,2026-10-02T09:37:33+00:00
KXNFLPASSTDS-26OCT04JACCIN,KXNFLPASSTDS,KXNFLPASSTDS-26OCT04JACCIN-CINJBURROW9-3,Joe Burrow: 3+ passing touchdowns,0.3000,0.3200,0.3200,119.58,119.58,active,2026-10-06T17:00:00Z,2026-10-02T09:37:33+00:00
KXNFLPASSTDS-26OCT04JACCIN,KXNFLPASSTDS,KXNFLPASSTDS-26OCT04JACCIN-JACTLAWRENCE16-3,Trevor Lawrence: 3+ passing touchdowns,0.2300,0.2600,0.2500,80.74,80.74,active,2026-10-06T17:00:00Z,2026-10-02T09:37:33+00:00
KXNFLPASSTDS-26OCT04JACCIN,KXNFLPASSTDS,KXNFLPASSTDS-26OCT04JACCIN-CINJBURROW9-1,Joe Burrow: 1+ passing touchdowns,0.8600,0.9100,0.9100,10.92,10.92,active,2026-10-06T17:00:00Z,2026-10-02T09:37:33+00:00
KXNFLPASSTDS-26OCT04JACCIN,KXNFLPASSTDS,KXNFLPASSTDS-26OCT04JACCIN-CINJBURROW9-4,Joe Burrow: 4+ passing touchdowns,0.0800,0.1200,0.1200,92.99,92.99,active,2026-10-06T17:00:00Z,2026-10-02T09:37:33+00:00
KXNFLPASSTDS-26OCT04JACCIN,KXNFLPASSTDS,KXNFLPASSTDS-26OCT04JACCIN-CINJBURROW9-2,Joe Burrow: 2+ passing touchdowns,0.6100,0.6400,0.6400,87.02,79.46,active,2026-10-06T17:00:00Z,2026-10-02T09:37:33+00:00
KXNFLPASSTDS-26OCT04JACCIN,KXNFLPASSTDS,KXNFLPASSTDS-26OCT04JACCIN-JACTLAWRENCE16-4,Trevor Lawrence: 4+ passing touchdowns,0.0800,0.0900,0.0900,129.45,129.45,active,2026-10-06T17:00:00Z,2026-10-02T09:37:33+00:00
KXNFLPASSTDS-26OCT04KCLV,KXNFLPASSTDS,KXNFLPASSTDS-26OCT04KCLV-LVKCOUSINS8-4,Kirk Cousins: 4+ passing touchdowns,0.0400,0.0500,0.0500,1289.37,1289.37,active,2026-10-06T20:25:00Z,2026-10-02T09:37:33+00:00
KXNFLPASSTDS-26OCT04KCLV,KXNFLPASSTDS,KXNFLPASSTDS-26OCT04KCLV-KCPMAHOMES15-3,Patrick Mahomes: 3+ passing touchdowns,0.2400,0.2500,0.2500,2569.52,2569.52,active,2026-10-06T20:25:00Z,2026-10-02T09:37:33+00:00
KXNFLPASSTDS-26OCT04KCLV,KXNFLPASSTDS,KXNFLPASSTDS-26OCT04KCLV-KCPMAHOMES15-4,Patrick Mahomes: 4+ passing touchdowns,0.0800,0.0900,0.0900,741.28,741.28,active,2026-10-06T20:25:00Z,2026-10-02T09:37:33+00:00
KXNFLPASSTDS-26OCT04KCLV,KXNFLPASSTDS,KXNFLPASSTDS-26OCT04KCLV-LVKCOUSINS8-1,Kirk Cousins: 1+ passing touchdowns,0.7700,0.8000,0.7900,67.60,67.60,active,2026-10-06T20:25:00Z,2026-10-02T09:37:33+00:00
KXNFLPASSTDS-26OCT04KCLV,KXNFLPASSTDS,KXNFLPASSTDS-26OCT04KCLV-LVKCOUSINS8-2,Kirk Cousins: 2+ passing touchdowns,0.4000,0.4400,0.4400,1300.36,1299.36,active,2026-10-06T20:25:00Z,2026-10-02T09:37:33+00:00
KXNFLPASSTDS-26OCT04KCLV,KXNFLPASSTDS,KXNFLPASSTDS-26OCT04KCLV-KCPMAHOMES15-1,Patrick Mahomes: 1+ passing touchdowns,0.8100,0.8700,0.8700,132.99,132.99,active,2026-10-06T20:25:00Z,2026-10-02T09:37:33+00:00
KXNFLPASSTDS-26OCT04KCLV,KXNFLPASSTDS,KXNFLPASSTDS-26OCT04KCLV-LVKCOUSINS8-3,Kirk Cousins: 3+ passing touchdowns,0.1500,0.1600,0.1700,1190.51,1162.72,active,2026-10-06T20:25:00Z,2026-10-02T09:37:33+00:00
KXNFLPASSTDS-26OCT04KCLV,KXNFLPASSTDS,KXNFLPASSTDS-26OCT04KCLV-KCPMAHOMES15-2,Patrick Mahomes: 2+ passing touchdowns,0.5400,0.5600,0.5600,1205.56,1157.26,active,2026-10-06T20:25:00Z,2026-10-02T09:37:33+00:00
KXNFLPASSTDS-26OCT04LACSEA,KXNFLPASSTDS,KXNFLPASSTDS-26OCT04LACSEA-SEASDARNOLD14-5,Sam Darnold: 5+ passing touchdowns,0.0000,0.0400,0.0000,0.00,0.00,active,2026-10-06T20:25:00Z,2026-10-02T09:37:33+00:00
KXNFLPASSTDS-26OCT04LACSEA,KXNFLPASSTDS,KXNFLPASSTDS-26OCT04LACSEA-LACJHERBERT10-3,Justin Herbert: 3+ passing touchdowns,0.0700,0.0900,0.0000,0.00,0.00,active,2026-10-06T20:25:00Z,2026-10-02T09:37:33+00:00
KXNFLPASSTDS-26OCT04LACSEA,KXNFLPASSTDS,KXNFLPASSTDS-26OCT04LACSEA-SEASDARNOLD14-2,Sam Darnold: 2+ passing touchdowns,0.5200,0.5400,0.5400,62.69,62.69,active,2026-10-06T20:25:00Z,2026-10-02T09:37:33+00:00
KXNFLPASSTDS-26OCT04LACSEA,KXNFLPASSTDS,KXNFLPASSTDS-26OCT04LACSEA-LACJHERBERT10-2,Justin Herbert: 2+ passing touchdowns,0.2700,0.2800,0.2900,0.59,0.59,active,2026-10-06T20:25:00Z,2026-10-02T09:37:33+00:00
KXNFLPASSTDS-26OCT04LACSEA,KXNFLPASSTDS,KXNFLPASSTDS-26OCT04LACSEA-SEASDARNOLD14-3,Sam Darnold: 3+ passing touchdowns,0.2000,0.2400,0.2400,2950.46,2950.46,active,2026-10-06T20:25:00Z,2026-10-02T09:37:33+00:00
KXNFLPASSTDS-26OCT04LACSEA,KXNFLPASSTDS,KXNFLPASSTDS-26OCT04LACSEA-SEASDARNOLD14-1,Sam Darnold: 1+ passing touchdowns,0.8100,0.8600,0.0000,0.00,0.00,active,2026-10-06T20:25:00Z,2026-10-02T09:37:33+00:00
KXNFLPASSTDS-26OCT04LACSEA,KXNFLPASSTDS,KXNFLPASSTDS-26OCT04LACSEA-SEASDARNOLD14-4,Sam Darnold: 4+ passing touchdowns,0.0600,0.0900,0.0000,0.00,0.00,active,2026-10-06T20:25:00Z,2026-10-02T09:37:33+00:00
KXNFLPASSTDS-26OCT04LACSEA,KXNFLPASSTDS,KXNFLPASSTDS-26OCT04LACSEA-LACJHERBERT10-1,Justin Herbert: 1+ passing touchdowns,0.6400,0.6900,0.6900,12.74,12.74,active,2026-10-06T20:25:00Z,2026-10-02T09:37:33+00:00
KXNFLPASSTDS-26OCT04LARPHI,KXNFLPASSTDS,KXNFLPASSTDS-26OCT04LARPHI-PHIJHURTS1-4,Jalen Hurts: 4+ passing touchdowns,0.0200,0.0300,0.0000,0.00,0.00,active,2026-10-06T17:00:00Z,2026-10-02T09:37:33+00:00
KXNFLPASSTDS-26OCT04LARPHI,KXNFLPASSTDS,KXNFLPASSTDS-26OCT04LARPHI-LARMSTAFFORD9-5,Matthew Stafford: 5+ passing touchdowns,0.0000,0.0300,0.0000,0.00,0.00,active,2026-10-06T17:00:00Z,2026-10-02T09:37:33+00:00
KXNFLPASSTDS-26OCT04LARPHI,KXNFLPASSTDS,KXNFLPASSTDS-26OCT04LARPHI-LARMSTAFFORD9-3,Matthew Stafford: 3+ passing touchdowns,0.2200,0.2300,0.2300,2652.07,2652.07,active,2026-10-06T17:00:00Z,2026-10-02T09:37:33+00:00
KXNFLPASSTDS-26OCT04LARPHI,KXNFLPASSTDS,KXNFLPASSTDS-26OCT04LARPHI-LARMSTAFFORD9-4,Matthew Stafford: 4+ passing touchdowns,0.0700,0.0800,0.0800,168.08,168.08,active,2026-10-06T17:00:00Z,2026-10-02T09:37:33+00:00
KXNFLPASSTDS-26OCT04LARPHI,KXNFLPASSTDS,KXNFLPASSTDS-26OCT04LARPHI-PHIJHURTS1-2,Jalen Hurts: 2+ passing touchdowns,0.2600,0.3000,0.3000,92.55,92.55,active,2026-10-06T17:00:00Z,2026-10-02T09:37:33+00:00
KXNFLPASSTDS-26OCT04LARPHI,KXNFLPASSTDS,KXNFLPASSTDS-26OCT04LARPHI-PHIJHURTS1-3,Jalen Hurts: 3+ passing touchdowns,0.1000,0.1100,0.1000,1288.78,1288.78,active,2026-10-06T17:00:00Z,2026-10-02T09:37:33+00:00
KXNFLPASSTDS-26OCT04LARPHI,KXNFLPASSTDS,KXNFLPASSTDS-26OCT04LARPHI-LARMSTAFFORD9-2,Matthew Stafford: 2+ passing touchdowns,0.5000,0.5200,0.5300,444.83,426.23,active,2026-10-06T17:00:00Z,2026-10-02T09:37:33+00:00
KXNFLPASSTDS-26OCT04LARPHI,KXNFLPASSTDS,KXNFLPASSTDS-26OCT04LARPHI-LARMSTAFFORD9-1,Matthew Stafford: 1+ passing touchdowns,0.8000,0.8500,0.8500,43.14,43.14,active,2026-10-06T17:00:00Z,2026-10-02T09:37:33+00:00
KXNFLPASSTDS-26OCT04LARPHI,KXNFLPASSTDS,KXNFLPASSTDS-26OCT04LARPHI-PHIJHURTS1-1,Jalen Hurts: 1+ passing touchdowns,0.6900,0.7000,0.7000,16.27,16.27,active,2026-10-06T17:00:00Z,2026-10-02T09:37:33+00:00
KXNFLPASSTDS-26OCT04MIAMIN,KXNFLPASSTDS,KXNFLPASSTDS-26OCT04MIAMIN-MIAMWILLIS2-3,Malik Willis: 3+ passing touchdowns,0.0300,0.0400,0.0000,0.00,0.00,active,2026-10-06T20:05:00Z,2026-10-02T09:37:33+00:00
KXNFLPASSTDS-26OCT04MIAMIN,KXNFLPASSTDS,KXNFLPASSTDS-26OCT04MIAMIN-MINKMURRAY1-2,Kyler Murray: 2+ passing touchdowns,0.4500,0.4800,0.4800,30.25,30.25,active,2026-10-06T20:05:00Z,2026-10-02T09:37:33+00:00
KXNFLPASSTDS-26OCT04MIAMIN,KXNFLPASSTDS,KXNFLPASSTDS-26OCT04MIAMIN-MINKMURRAY1-3,Kyler Murray: 3+ passing touchdowns,0.1800,0.2000,0.0000,0.00,0.00,active,2026-10-06T20:05:00Z,2026-10-02T09:37:33+00:00
KXNFLPASSTDS-26OCT04MIAMIN,KXNFLPASSTDS,KXNFLPASSTDS-26OCT04MIAMIN-MINKMURRAY1-4,Kyler Murray: 4+ passing touchdowns,0.0400,0.0700,0.0000,0.00,0.00,active,2026-10-06T20:05:00Z,2026-10-02T09:37:33+00:00
KXNFLPASSTDS-26OCT04MIAMIN,KXNFLPASSTDS,KXNFLPASSTDS-26OCT04MIAMIN-MINKMURRAY1-1,Kyler Murray: 1+ passing touchdowns,0.7900,0.8300,0.0000,0.00,0.00,active,2026-10-06T20:05:00Z,2026-10-02T09:37:33+00:00
KXNFLPASSTDS-26OCT04MIAMIN,KXNFLPASSTDS,KXNFLPASSTDS-26OCT04MIAMIN-MIAMWILLIS2-1,Malik Willis: 1+ passing touchdowns,0.4600,0.4900,0.4800,390.43,390.43,active,2026-10-06T20:05:00Z,2026-10-02T09:37:33+00:00
KXNFLPASSTDS-26OCT04MIAMIN,KXNFLPASSTDS,KXNFLPASSTDS-26OCT04MIAMIN-MIAMWILLIS2-2,Malik Willis: 2+ passing touchdowns,0.1200,0.1400,0.0000,0.00,0.00,active,2026-10-06T20:05:00Z,2026-10-02T09:37:33+00:00
KXNFLPASSTDS-26OCT04NEBUF,KXNFLPASSTDS,KXNFLPASSTDS-26OCT04NEBUF-NEDMAYE10-4,Drake Maye: 4+ passing touchdowns,0.0500,0.0600,0.0700,1972.17,1972.17,active,2026-10-06T17:00:00Z,2026-10-02T09:37:33+00:00
KXNFLPASSTDS-26OCT04NEBUF,KXNFLPASSTDS,KXNFLPASSTDS-26OCT04NEBUF-NEDMAYE10-1,Drake Maye: 1+ passing touchdowns,0.7500,0.7900,0.0000,0.00,0.00,active,2026-10-06T17:00:00Z,2026-10-02T09:37:33+00:00
KXNFLPASSTDS-26OCT04NEBUF,KXNFLPASSTDS,KXNFLPASSTDS-26OCT04NEBUF-NEDMAYE10-3,Drake Maye: 3+ passing touchdowns,0.1300,0.1600,0.1600,631.60,631.60,active,2026-10-06T17:00:00Z,2026-10-02T09:37:33+00:00
KXNFLPASSTDS-26OCT04NEBUF,KXNFLPASSTDS,KXNFLPASSTDS-26OCT04NEBUF-BUFJALLEN17-3,Josh Allen: 3+ passing touchdowns,0.2500,0.2900,0.2900,1841.89,1841.89,active,2026-10-06T17:00:00Z,2026-10-02T09:37:33+00:00
KXNFLPASSTDS-26OCT04NEBUF,KXNFLPASSTDS,KXNFLPASSTDS-26OCT04NEBUF-BUFJALLEN17-5,Josh Allen: 5+ passing touchdowns,0.0000,0.0400,0.0000,0.00,0.00,active,2026-10-06T17:00:00Z,2026-10-02T09:37:33+00:00
KXNFLPASSTDS-26OCT04NEBUF,KXNFLPASSTDS,KXNFLPASSTDS-26OCT04NEBUF-NEDMAYE10-2,Drake Maye: 2+ passing touchdowns,0.3900,0.4200,0.4200,200.76,200.76,active,2026-10-06T17:00:00Z,2026-10-02T09:37:33+00:00
KXNFLPASSTDS-26OCT04NEBUF,KXNFLPASSTDS,KXNFLPASSTDS-26OCT04NEBUF-BUFJALLEN17-4,Josh Allen: 4+ passing touchdowns,0.0700,0.1100,0.1100,443.24,443.24,active,2026-10-06T17:00:00Z,2026-10-02T09:37:33+00:00
KXNFLPASSTDS-26OCT04NEBUF,KXNFLPASSTDS,KXNFLPASSTDS-26OCT04NEBUF-BUFJALLEN17-2,Josh Allen: 2+ passing touchdowns,0.5500,0.5700,0.5700,1098.83,1094.83,active,2026-10-06T17:00:00Z,2026-10-02T09:37:33+00:00
KXNFLPASSTDS-26OCT04NEBUF,KXNFLPASSTDS,KXNFLPASSTDS-26OCT04NEBUF-BUFJALLEN17-1,Josh Allen: 1+ passing touchdowns,0.8400,0.8900,0.8900,12.26,12.26,active,2026-10-06T17:00:00Z,2026-10-02T09:37:33+00:00
KXNFLPASSTDS-26OCT04NYJCHI,KXNFLPASSTDS,KXNFLPASSTDS-26OCT04NYJCHI-NYJGSMITH7-1,Geno Smith: 1+ passing touchdowns,0.7000,0.7500,0.0000,0.00,0.00,active,2026-10-06T17:00:00Z,2026-10-02T09:37:33+00:00
KXNFLPASSTDS-26OCT04NYJCHI,KXNFLPASSTDS,KXNFLPASSTDS-26OCT04NYJCHI-CHITBAGENT17-3,Tyson Bagent: 3+ passing touchdowns,0.1400,0.1600,0.0000,0.00,0.00,active,2026-10-06T17:00:00Z,2026-10-02T09:37:33+00:00
KXNFLPASSTDS-26OCT04NYJCHI,KXNFLPASSTDS,KXNFLPASSTDS-26OCT04NYJCHI-NYJGSMITH7-2,Geno Smith: 2+ passing touchdowns,0.3500,0.3700,0.3700,25.88,25.88,active,2026-10-06T17:00:00Z,2026-10-02T09:37:33+00:00
KXNFLPASSTDS-26OCT04NYJCHI,KXNFLPASSTDS,KXNFLPASSTDS-26OCT04NYJCHI-CHITBAGENT17-1,Tyson Bagent: 1+ passing touchdowns,0.6700,0.8000,0.7500,50.00,50.00,active,2026-10-06T17:00:00Z,2026-10-02T09:37:33+00:00
KXNFLPASSTDS-26OCT04NYJCHI,KXNFLPASSTDS,KXNFLPASSTDS-26OCT04NYJCHI-CHITBAGENT17-4,Tyson Bagent: 4+ passing touchdowns,0.0100,0.0500,0.0000,0.00,0.00,active,2026-10-06T17:00:00Z,2026-10-02T09:37:33+00:00
KXNFLPASSTDS-26OCT04NYJCHI,KXNFLPASSTDS,KXNFLPASSTDS-26OCT04NYJCHI-CHITBAGENT17-2,Tyson Bagent: 2+ passing touchdowns,0.3700,0.4200,0.3700,3803.79,3803.79,active,2026-10-06T17:00:00Z,2026-10-02T09:37:33+00:00
KXNFLPASSTDS-26OCT04NYJCHI,KXNFLPASSTDS,KXNFLPASSTDS-26OCT04NYJCHI-NYJGSMITH7-3,Geno Smith: 3+ passing touchdowns,0.1200,0.1300,0.1300,7.23,7.23,active,2026-10-06T17:00:00Z,2026-10-02T09:37:33+00:00
KXNFLPASSTDS-26OCT04NYJCHI,KXNFLPASSTDS,KXNFLPASSTDS-26OCT04NYJCHI-NYJGSMITH7-4,Geno Smith: 4+ passing touchdowns,0.0300,0.0500,0.0000,0.00,0.00,active,2026-10-06T17:00:00Z,2026-10-02T09:37:33+00:00
KXNFLPASSTDS-26OCT04TENBAL,KXNFLPASSTDS,KXNFLPASSTDS-26OCT04TENBAL-BALLJACKSON8-2,Lamar Jackson: 2+ passing touchdowns,0.5300,0.5400,0.5400,54.84,54.84,active,2026-10-06T17:00:00Z,2026-10-02T09:37:33+00:00
KXNFLPASSTDS-26OCT04TENBAL,KXNFLPASSTDS,KXNFLPASSTDS-26OCT04TENBAL-BALLJACKSON8-4,Lamar Jackson: 4+ passing touchdowns,0.0500,0.0900,0.0700,172.07,167.07,active,2026-10-06T17:00:00Z,2026-10-02T09:37:33+00:00
KXNFLPASSTDS-26OCT04TENBAL,KXNFLPASSTDS,KXNFLPASSTDS-26OCT04TENBAL-BALLJACKSON8-1,Lamar Jackson: 1+ passing touchdowns,0.8300,0.8600,0.0000,0.00,0.00,active,2026-10-06T17:00:00Z,2026-10-02T09:37:33+00:00
KXNFLPASSTDS-26OCT04TENBAL,KXNFLPASSTDS,KXNFLPASSTDS-26OCT04TENBAL-TENCWARD1-2,Cam Ward: 2+ passing touchdowns,0.2100,0.2300,0.2400,0.43,0.43,active,2026-10-06T17:00:00Z,2026-10-02T09:37:33+00:00
KXNFLPASSTDS-26OCT04TENBAL,KXNFLPASSTDS,KXNFLPASSTDS-26OCT04TENBAL-TENCWARD1-3,Cam Ward: 3+ passing touchdowns,0.0500,0.0700,0.0000,0.00,0.00,active,2026-10-06T17:00:00Z,2026-10-02T09:37:33+00:00
KXNFLPASSTDS-26OCT04TENBAL,KXNFLPASSTDS,KXNFLPASSTDS-26OCT04TENBAL-BALLJACKSON8-5,Lamar Jackson: 5+ passing touchdowns,0.0000,0.0400,0.0000,0.00,0.00,active,2026-10-06T17:00:00Z,2026-10-02T09:37:33+00:00
KXNFLPASSTDS-26OCT04TENBAL,KXNFLPASSTDS,KXNFLPASSTDS-26OCT04TENBAL-BALLJACKSON8-3,Lamar Jackson: 3+ passing touchdowns,0.2200,0.2500,0.2500,25.21,25.21,active,2026-10-06T17:00:00Z,2026-10-02T09:37:33+00:00
KXNFLPASSTDS-26OCT04TENBAL,KXNFLPASSTDS,KXNFLPASSTDS-26OCT04TENBAL-TENCWARD1-1,Cam Ward: 1+ passing touchdowns,0.5800,0.6000,0.6100,117.95,117.95,active,2026-10-06T17:00:00Z,2026-10-02T09:37:33+00:00
KXNFLPASSTDS-26OCT05ATLNO,KXNFLPASSTDS,KXNFLPASSTDS-26OCT05ATLNO-NOTSHOUGH6-5,Tyler Shough: 5+ passing touchdowns,0.0000,0.0400,0.0200,138.34,100.34,active,2026-10-08T00:15:00Z,2026-10-02T09:37:33+00:00
KXNFLPASSTDS-26OCT05ATLNO,KXNFLPASSTDS,KXNFLPASSTDS-26OCT05ATLNO-ATLMPENIX9-1,Michael Penix Jr.: 1+ passing touchdowns,0.7500,0.7900,0.0000,0.00,0.00,active,2026-10-08T00:15:00Z,2026-10-02T09:37:33+00:00
KXNFLPASSTDS-26OCT05ATLNO,KXNFLPASSTDS,KXNFLPASSTDS-26OCT05ATLNO-ATLMPENIX9-3,Michael Penix Jr.: 3+ passing touchdowns,0.1400,0.1600,0.0000,0.00,0.00,active,2026-10-08T00:15:00Z,2026-10-02T09:37:33+00:00
KXNFLPASSTDS-26OCT05ATLNO,KXNFLPASSTDS,KXNFLPASSTDS-26OCT05ATLNO-ATLMPENIX9-4,Michael Penix Jr.: 4+ passing touchdowns,0.0300,0.0500,0.0000,0.00,0.00,active,2026-10-08T00:15:00Z,2026-10-02T09:37:33+00:00
KXNFLPASSTDS-26OCT05ATLNO,KXNFLPASSTDS,KXNFLPASSTDS-26OCT05ATLNO-NOTSHOUGH6-1,Tyler Shough: 1+ passing touchdowns,0.8300,0.8800,0.8800,12.38,12.38,active,2026-10-08T00:15:00Z,2026-10-02T09:37:33+00:00
KXNFLPASSTDS-26OCT05ATLNO,KXNFLPASSTDS,KXNFLPASSTDS-26OCT05ATLNO-ATLMPENIX9-2,Michael Penix Jr.: 2+ passing touchdowns,0.4000,0.4200,0.4200,2.28,2.28,active,2026-10-08T00:15:00Z,2026-10-02T09:37:33+00:00
KXNFLPASSTDS-26OCT05ATLNO,KXNFLPASSTDS,KXNFLPASSTDS-26OCT05ATLNO-NOTSHOUGH6-2,Tyler Shough: 2+ passing touchdowns,0.5500,0.5800,0.5800,18.32,18.32,active,2026-10-08T00:15:00Z,2026-10-02T09:37:33+00:00
KXNFLPASSTDS-26OCT05ATLNO,KXNFLPASSTDS,KXNFLPASSTDS-26OCT05ATLNO-NOTSHOUGH6-4,Tyler Shough: 4+ passing touchdowns,0.0800,0.1000,0.1200,8.00,8.00,active,2026-10-08T00:15:00Z,2026-10-02T09:37:33+00:00
KXNFLPASSTDS-26OCT05ATLNO,KXNFLPASSTDS,KXNFLPASSTDS-26OCT05ATLNO-NOTSHOUGH6-3,Tyler Shough: 3+ passing touchdowns,0.2400,0.2800,0.2800,35.70,35.70,active,2026-10-08T00:15:00Z,2026-10-02T09:37:33+00:00
KXNFLTD-26OCT04ARINYG,KXNFLTD,KXNFLTD-26OCT04ARINYG-NYGMNABERS1-3,Malik Nabers: 3+ touchdowns,0.0000,0.0100,0.0100,775.00,775.00,active,2026-10-06T17:00:00Z,2026-10-02T09:37:33+00:00
KXNFLTD-26OCT04ARINYG,KXNFLTD,KXNFLTD-26OCT04ARINYG-NYGJWINSTON19-2,Jameis Winston: 2+ touchdowns,0.0000,0.0100,0.0100,300.00,300.00,active,2026-10-06T17:00:00Z,2026-10-02T09:37:33+00:00
KXNFLTD-26OCT04ARINYG,KXNFLTD,KXNFLTD-26OCT04ARINYG-ARITALLGEIER22-3,Tyler Allgeier: 3+ touchdowns,0.0000,0.0100,0.0100,300.00,300.00,active,2026-10-06T17:00:00Z,2026-10-02T09:37:33+00:00
KXNFLTD-26OCT04ARINYG,KXNFLTD,KXNFLTD-26OCT04ARINYG-NYGCSKATTEBO44-3,Cam Skattebo: 3+ touchdowns,0.0200,0.0500,0.0500,150.02,150.02,active,2026-10-06T17:00:00Z,2026-10-02T09:37:33+00:00
KXNFLTD-26OCT04ARINYG,KXNFLTD,KXNFLTD-26OCT04ARINYG-ARIMWILSON14-3,Michael Wilson: 3+ touchdowns,0.0000,0.0100,0.0100,600.00,600.00,active,2026-10-06T17:00:00Z,2026-10-02T09:37:33+00:00
KXNFLTD-26OCT04ARINYG,KXNFLTD,KXNFLTD-26OCT04ARINYG-ARIJLOVE4-3,Jeremiyah Love: 3+ touchdowns,0.0300,0.0400,0.0500,5.00,5.00,active,2026-10-06T17:00:00Z,2026-10-02T09:37:33+00:00
KXNFLTD-26OCT04ARINYG,KXNFLTD,KXNFLTD-26OCT04ARINYG-ARIARIDST-1,ARI Cardinals D/ST: 1+ touchdowns,0.0900,0.1600,0.1000,134.00,134.00,active,2026-10-06T17:00:00Z,2026-10-02T09:37:33+00:00
KXNFLTD-26OCT04ARINYG,KXNFLTD,KXNFLTD-26OCT04ARINYG-ARITMCBRIDE85-3,Trey McBride: 3+ touchdowns,0.0100,0.0200,0.0000,0.00,0.00,active,2026-10-06T17:00:00Z,2026-10-02T09:37:33+00:00
KXNFLTD-26OCT04ARINYG,KXNFLTD,KXNFLTD-26OCT04ARINYG-ARIJBRISSETT7-2,Jacoby Brissett: 2+ touchdowns,0.0100,0.0200,0.0000,0.00,0.00,active,2026-10-06T17:00:00Z,2026-10-02T09:37:33+00:00
KXNFLTD-26OCT04ARINYG,KXNFLTD,KXNFLTD-26OCT04ARINYG-NYGNYGDST-1,NY Giants D/ST: 1+ touchdowns,0.0800,0.1500,0.0000,0.00,0.00,active,2026-10-06T17:00:00Z,2026-10-02T09:37:33+00:00
KXNFLTD-26OCT04ARINYG,KXNFLTD,KXNFLTD-26OCT04ARINYG-NYGMFIELDS88-2,Malachi Fields: 2+ touchdowns,0.0100,0.0200,0.0200,467.90,467.90,active,2026-10-06T17:00:00Z,2026-10-02T09:37:33+00:00
KXNFLTD-26OCT04ARINYG,KXNFLTD,KXNFLTD-26OCT04ARINYG-NYGDMOONEY17-2,Darnell Mooney: 2+ touchdowns,0.0100,0.0200,0.0000,0.00,0.00,active,2026-10-06T17:00:00Z,2026-10-02T09:37:33+00:00
KXNFLTD-26OCT04ARINYG,KXNFLTD,KXNFLTD-26OCT04ARINYG-NYGNHARRIS23-2,Najee Harris: 2+ touchdowns,0.0100,0.0400,0.0000,0.00,0.00,active,2026-10-06T17:00:00Z,2026-10-02T09:37:33+00:00
KXNFLTD-26OCT04ARINYG,KXNFLTD,KXNFLTD-26OCT04ARINYG-ARIKBOURNE17-2,Kendrick Bourne: 2+ touchdowns,0.0100,0.0200,0.0000,0.00,0.00,active,2026-10-06T17:00:00Z,2026-10-02T09:37:33+00:00
KXNFLTD-26OCT04ARINYG,KXNFLTD,KXNFLTD-26OCT04ARINYG-NYGTJOHNSON84-2,Theo Johnson: 2+ touchdowns,0.0000,0.0200,0.0100,300.00,300.00,active,2026-10-06T17:00:00Z,2026-10-02T09:37:33+00:00
KXNFLTD-26OCT04ARINYG,KXNFLTD,KXNFLTD-26OCT04ARINYG-NYGMNABERS1-2,Malik Nabers: 2+ touchdowns,0.0500,0.0600,0.0600,232.09,232.09,active,2026-10-06T17:00:00Z,2026-10-02T09:37:33+00:00
KXNFLTD-26OCT04ARINYG,KXNFLTD,KXNFLTD-26OCT04ARINYG-ARITMCBRIDE85-2,Trey McBride: 2+ touchdowns,0.0600,0.0800,0.0800,388.43,388.43,active,2026-10-06T17:00:00Z,2026-10-02T09:37:33+00:00
KXNFLTD-26OCT04ARINYG,KXNFLTD,KXNFLTD-26OCT04ARINYG-ARITALLGEIER22-2,Tyler Allgeier: 2+ touchdowns,0.0300,0.0400,0.0000,0.00,0.00,active,2026-10-06T17:00:00Z,2026-10-02T09:37:33+00:00
KXNFLTD-26OCT04ARINYG,KXNFLTD,KXNFLTD-26OCT04ARINYG-NYGTJOHNSON84-1,Theo Johnson: 1+ touchdowns,0.0900,0.1100,0.1100,1.00,1.00,active,2026-10-06T17:00:00Z,2026-10-02T09:37:33+00:00
KXNFLTD-26OCT04ARINYG,KXNFLTD,KXNFLTD-26OCT04ARINYG-ARIMHARRISON18-2,Marvin Harrison Jr.: 2+ touchdowns,0.0300,0.0400,0.0300,210.56,210.56,active,2026-10-06T17:00:00Z,2026-10-02T09:37:33+00:00
KXNFLTD-26OCT04ARINYG,KXNFLTD,KXNFLTD-26OCT04ARINYG-NYGDSINGLETARY26-1,Devin Singletary: 1+ touchdowns,0.0600,0.0800,0.0000,0.00,0.00,active,2026-10-06T17:00:00Z,2026-10-02T09:37:33+00:00
KXNFLTD-26OCT04ARINYG,KXNFLTD,KXNFLTD-26OCT04ARINYG-ARIMHARRISON18-1,Marvin Harrison Jr.: 1+ touchdowns,0.1700,0.2000,0.2000,107.14,107.14,active,2026-10-06T17:00:00Z,2026-10-02T09:37:33+00:00
KXNFLTD-26OCT04ARINYG,KXNFLTD,KXNFLTD-26OCT04ARINYG-NYGDMOONEY17-1,Darnell Mooney: 1+ touchdowns,0.1100,0.1200,0.1300,15.00,15.00,active,2026-10-06T17:00:00Z,2026-10-02T09:37:33+00:00
KXNFLTD-26OCT04ARINYG,KXNFLTD,KXNFLTD-26OCT04ARINYG-NYGJWINSTON19-1,Jameis Winston: 1+ touchdowns,0.1000,0.1100,0.1000,762.85,762.85,active,2026-10-06T17:00:00Z,2026-10-02T09:37:33+00:00
KXNFLTD-26OCT04ARINYG,KXNFLTD,KXNFLTD-26OCT04ARINYG-ARIKBOURNE17-1,Kendrick Bourne: 1+ touchdowns,0.1300,0.1400,0.1600,55.50,55.50,active,2026-10-06T17:00:00Z,2026-10-02T09:37:33+00:00
KXNFLTD-26OCT04ARINYG,KXNFLTD,KXNFLTD-26OCT04ARINYG-NYGNHARRIS23-1,Najee Harris: 1+ touchdowns,0.2100,0.2200,0.2100,305.71,305.71,active,2026-10-06T17:00:00Z,2026-10-02T09:37:33+00:00
KXNFLTD-26OCT04ARINYG,KXNFLTD,KXNFLTD-26OCT04ARINYG-ARIMWILSON14-2,Michael Wilson: 2+ touchdowns,0.0200,0.0600,0.0500,187.52,187.52,active,2026-10-06T17:00:00Z,2026-10-02T09:37:33+00:00
KXNFLTD-26OCT04ARINYG,KXNFLTD,KXNFLTD-26OCT04ARINYG-NYGBBERRIOS87-1,Braxton Berrios: 1+ touchdowns,0.0500,0.0700,0.0000,0.00,0.00,active,2026-10-06T17:00:00Z,2026-10-02T09:37:33+00:00
KXNFLTD-26OCT04ARINYG,KXNFLTD,KXNFLTD-26OCT04ARINYG-ARIMWILSON14-1,Michael Wilson: 1+ touchdowns,0.2900,0.3000,0.3000,728.39,728.39,active,2026-10-06T17:00:00Z,2026-10-02T09:37:33+00:00
KXNFLTD-26OCT04ARINYG,KXNFLTD,KXNFLTD-26OCT04ARINYG-NYGMFIELDS88-1,Malachi Fields: 1+ touchdowns,0.1500,0.1700,0.0000,0.00,0.00,active,2026-10-06T17:00:00Z,2026-10-02T09:37:33+00:00
KXNFLTD-26OCT04ARINYG,KXNFLTD,KXNFLTD-26OCT04ARINYG-NYGILIKELY9-2,Isaiah Likely: 2+ touchdowns,0.0100,0.0400,0.0400,262.27,262.27,active,2026-10-06T17:00:00Z,2026-10-02T09:37:33+00:00
KXNFLTD-26OCT04ARINYG,KXNFLTD,KXNFLTD-26OCT04ARINYG-ARIEHIGGINS84-1,Elijah Higgins: 1+ touchdowns,0.0500,0.0700,0.0000,0.00,0.00,active,2026-10-06T17:00:00Z,2026-10-02T09:37:33+00:00
KXNFLTD-26OCT04ARINYG,KXNFLTD,KXNFLTD-26OCT04ARINYG-ARITMCBRIDE85-1,Trey McBride: 1+ touchdowns,0.3700,0.3800,0.3800,2875.73,2866.88,active,2026-10-06T17:00:00Z,2026-10-02T09:37:33+00:00
KXNFLTD-26OCT04ARINYG,KXNFLTD,KXNFLTD-26OCT04ARINYG-NYGCSKATTEBO44-2,Cam Skattebo: 2+ touchdowns,0.1500,0.1700,0.1700,137.70,137.70,active,2026-10-06T17:00:00Z,2026-10-02T09:37:33+00:00
KXNFLTD-26OCT04ARINYG,KXNFLTD,KXNFLTD-26OCT04ARINYG-ARIJBRISSETT7-1,Jacoby Brissett: 1+ touchdowns,0.1300,0.1600,0.1600,577.33,577.33,active,2026-10-06T17:00:00Z,2026-10-02T09:37:33+00:00
KXNFLTD-26OCT04ARINYG,KXNFLTD,KXNFLTD-26OCT04ARINYG-ARIJLOVE4-2,Jeremiyah Love: 2+ touchdowns,0.1500,0.1600,0.1700,389.66,389.66,active,2026-10-06T17:00:00Z,2026-10-02T09:37:33+00:00
KXNFLTD-26OCT04ARINYG,KXNFLTD,KXNFLTD-26OCT04ARINYG-ARIJLOVE4-1,Jeremiyah Love: 1+ touchdowns,0.5100,0.5200,0.5200,1282.59,1272.93,active,2026-10-06T17:00:00Z,2026-10-02T09:37:33+00:00
KXNFLTD-26OCT04ARINYG,KXNFLTD,KXNFLTD-26OCT04ARINYG-NYGCSKATTEBO44-1,Cam Skattebo: 1+ touchdowns,0.5100,0.5500,0.5100,491.57,479.18,active,2026-10-06T17:00:00Z,2026-10-02T09:37:33+00:00
KXNFLTD-26OCT04ARINYG,KXNFLTD,KXNFLTD-26OCT04ARINYG-ARITALLGEIER22-1,Tyler Allgeier: 1+ touchdowns,0.2100,0.2500,0.0000,0.00,0.00,active,2026-10-06T17:00:00Z,2026-10-02T09:37:33+00:00
KXNFLTD-26OCT04ARINYG,KXNFLTD,KXNFLTD-26OCT04ARINYG-NYGILIKELY9-1,Isaiah Likely: 1+ touchdowns,0.2300,0.2400,0.2500,387.51,387.51,active,2026-10-06T17:00:00Z,2026-10-02T09:37:33+00:00
KXNFLTD-26OCT04ARINYG,KXNFLTD,KXNFLTD-26OCT04ARINYG-NYGMNABERS1-1,Malik Nabers: 1+ touchdowns,0.3000,0.3100,0.3100,2356.68,2306.68,active,2026-10-06T17:00:00Z,2026-10-02T09:37:33+00:00
KXNFLTD-26OCT04DALHOU,KXNFLTD,KXNFLTD-26OCT04DALHOU-DALGPICKENS3-3,George Pickens: 3+ touchdowns,0.0000,0.0200,0.0100,300.00,300.00,active,2026-10-06T17:00:00Z,2026-10-02T09:37:33+00:00
KXNFLTD-26OCT04DALHOU,KXNFLTD,KXNFLTD-26OCT04DALHOU-HOUDMONTGOMERY32-3,David Montgomery: 3+ touchdowns,0.0200,0.0500,0.0000,0.00,0.00,active,2026-10-06T17:00:00Z,2026-10-02T09:37:33+00:00
KXNFLTD-26OCT04DALHOU,KXNFLTD,KXNFLTD-26OCT04DALHOU-HOUDMONTGOMERY32-2,David Montgomery: 2+ touchdowns,0.1500,0.1900,0.1900,49.80,49.80,active,2026-10-06T17:00:00Z,2026-10-02T09:37:33+00:00
KXNFLTD-26OCT04DALHOU,KXNFLTD,KXNFLTD-26OCT04DALHOU-DALBSPANNFORD89-1,Brevyn Spann-Ford: 1+ touchdowns,0.0600,0.0700,0.0700,237.95,237.95,active,2026-10-06T17:00:00Z,2026-10-02T09:37:33+00:00
KXNFLTD-26OCT04DALHOU,KXNFLTD,KXNFLTD-26OCT04DALHOU-DALTGOODSON32-2,Tyler Goodson: 2+ touchdowns,0.0000,0.0100,0.0100,300.00,300.00,active,2026-10-06T17:00:00Z,2026-10-02T09:37:33+00:00
KXNFLTD-26OCT04DALHOU,KXNFLTD,KXNFLTD-26OCT04DALHOU-HOUKBOUTTE14-2,Kayshon Boutte: 2+ touchdowns,0.0100,0.0300,0.0000,0.00,0.00,active,2026-10-06T17:00:00Z,2026-10-02T09:37:33+00:00
KXNFLTD-26OCT04DALHOU,KXNFLTD,KXNFLTD-26OCT04DALHOU-DALCLAMB88-3,CeeDee Lamb: 3+ touchdowns,0.0100,0.0200,0.0200,118.37,118.37,active,2026-10-06T17:00:00Z,2026-10-02T09:37:33+00:00
KXNFLTD-26OCT04DALHOU,KXNFLTD,KXNFLTD-26OCT04DALHOU-DALDPRESCOTT4-2,Dak Prescott: 2+ touchdowns,0.0000,0.0200,0.0100,1987.05,1537.05,active,2026-10-06T17:00:00Z,2026-10-02T09:37:33+00:00
KXNFLTD-26OCT04DALHOU,KXNFLTD,KXNFLTD-26OCT04DALHOU-HOUCSTOVER8-1,Cade Stover: 1+ touchdowns,0.0400,0.0600,0.0600,78.18,78.18,active,2026-10-06T17:00:00Z,2026-10-02T09:37:33+00:00
KXNFLTD-26OCT04DALHOU,KXNFLTD,KXNFLTD-26OCT04DALHOU-HOUJWAYNE17-2,Jared Wayne: 2+ touchdowns,0.0000,0.0100,0.0100,476.17,476.17,active,2026-10-06T17:00:00Z,2026-10-02T09:37:33+00:00
KXNFLTD-26OCT04DALHOU,KXNFLTD,KXNFLTD-26OCT04DALHOU-DALTGOODSON32-1,Tyler Goodson: 1+ touchdowns,0.0700,0.0800,0.0800,640.91,640.91,active,2026-10-06T17:00:00Z,2026-10-02T09:37:33+00:00
KXNFLTD-26OCT04DALHOU,KXNFLTD,KXNFLTD-26OCT04DALHOU-DALLSCHOONMAKER86-1,Luke Schoonmaker: 1+ touchdowns,0.0500,0.0700,0.0700,390.82,390.82,active,2026-10-06T17:00:00Z,2026-10-02T09:37:33+00:00
KXNFLTD-26OCT04DALHOU,KXNFLTD,KXNFLTD-26OCT04DALHOU-DALDPRESCOTT4-1,Dak Prescott: 1+ touchdowns,0.1100,0.1200,0.1200,2932.89,2854.40,active,2026-10-06T17:00:00Z,2026-10-02T09:37:33+00:00
KXNFLTD-26OCT04DALHOU,KXNFLTD,KXNFLTD-26OCT04DALHOU-DALHLUEPKE30-1,Hunter Luepke: 1+ touchdowns,0.0600,0.0700,0.0400,311.13,311.13,active,2026-10-06T17:00:00Z,2026-10-02T09:37:33+00:00
KXNFLTD-26OCT04DALHOU,KXNFLTD,KXNFLTD-26OCT04DALHOU-DALGPICKENS3-2,George Pickens: 2+ touchdowns,0.0500,0.0600,0.0700,1392.10,1392.10,active,2026-10-06T17:00:00Z,2026-10-02T09:37:33+00:00
KXNFLTD-26OCT04DALHOU,KXNFLTD,KXNFLTD-26OCT04DALHOU-DALKTURPIN9-1,KaVontae Turpin: 1+ touchdowns,0.0600,0.0800,0.0800,772.32,772.32,active,2026-10-06T17:00:00Z,2026-10-02T09:37:33+00:00
KXNFLTD-26OCT04DALHOU,KXNFLTD,KXNFLTD-26OCT04DALHOU-HOUDSCHULTZ86-2,Dalton Schultz: 2+ touchdowns,0.0300,0.0500,0.0000,0.00,0.00,active,2026-10-06T17:00:00Z,2026-10-02T09:37:33+00:00
KXNFLTD-26OCT04DALHOU,KXNFLTD,KXNFLTD-26OCT04DALHOU-HOUCSTROUD7-1,C.J. Stroud: 1+ touchdowns,0.1300,0.1400,0.1400,664.14,543.17,active,2026-10-06T17:00:00Z,2026-10-02T09:37:33+00:00
KXNFLTD-26OCT04DALHOU,KXNFLTD,KXNFLTD-26OCT04DALHOU-HOUJNOEL13-2,Jaylin Noel: 2+ touchdowns,0.0100,0.0200,0.0000,0.00,0.00,active,2026-10-06T17:00:00Z,2026-10-02T09:37:33+00:00
KXNFLTD-26OCT04DALHOU,KXNFLTD,KXNFLTD-26OCT04DALHOU-HOUWMARKS4-3,Woody Marks: 3+ touchdowns,0.0000,0.0200,0.0100,300.00,300.00,active,2026-10-06T17:00:00Z,2026-10-02T09:37:33+00:00
KXNFLTD-26OCT04DALHOU,KXNFLTD,KXNFLTD-26OCT04DALHOU-HOUDSCHULTZ86-3,Dalton Schultz: 3+ touchdowns,0.0000,0.0200,0.0100,300.00,300.00,active,2026-10-06T17:00:00Z,2026-10-02T09:37:33+00:00
KXNFLTD-26OCT04DALHOU,KXNFLTD,KXNFLTD-26OCT04DALHOU-DALJWILLIAMS33-3,Javonte Williams: 3+ touchdowns,0.0200,0.0400,0.0000,0.00,0.00,active,2026-10-06T17:00:00Z,2026-10-02T09:37:33+00:00
KXNFLTD-26OCT04DALHOU,KXNFLTD,KXNFLTD-26OCT04DALHOU-DALRFLOURNOY19-2,Ryan Flournoy: 2+ touchdowns,0.0100,0.0300,0.0000,0.00,0.00,active,2026-10-06T17:00:00Z,2026-10-02T09:37:33+00:00
KXNFLTD-26OCT04DALHOU,KXNFLTD,KXNFLTD-26OCT04DALHOU-DALEDEMERCADO31-1,Emari Demercado: 1+ touchdowns,0.0800,0.0900,0.0000,0.00,0.00,active,2026-10-06T17:00:00Z,2026-10-02T09:37:33+00:00
KXNFLTD-26OCT04DALHOU,KXNFLTD,KXNFLTD-26OCT04DALHOU-DALJFERGUSON87-2,Jake Ferguson: 2+ touchdowns,0.0100,0.0400,0.0000,0.00,0.00,active,2026-10-06T17:00:00Z,2026-10-02T09:37:33+00:00
KXNFLTD-26OCT04DALHOU,KXNFLTD,KXNFLTD-26OCT04DALHOU-HOUDMONTGOMERY32-1,David Montgomery: 1+ touchdowns,0.5300,0.5600,0.5400,5700.40,5613.00,active,2026-10-06T17:00:00Z,2026-10-02T09:37:33+00:00
KXNFLTD-26OCT04DALHOU,KXNFLTD,KXNFLTD-26OCT04DALHOU-HOUXHUTCHINSON19-1,Xavier Hutchinson: 1+ touchdowns,0.1900,0.2000,0.1900,98.97,98.97,active,2026-10-06T17:00:00Z,2026-10-02T09:37:33+00:00
KXNFLTD-26OCT04DALHOU,KXNFLTD,KXNFLTD-26OCT04DALHOU-HOUJNOEL13-1,Jaylin Noel: 1+ touchdowns,0.1000,0.1300,0.1300,72.50,72.50,active,2026-10-06T17:00:00Z,2026-10-02T09:37:33+00:00
KXNFLTD-26OCT04DALHOU,KXNFLTD,KXNFLTD-26OCT04DALHOU-HOUJWAYNE17-1,Jared Wayne: 1+ touchdowns,0.0900,0.1100,0.0000,0.00,0.00,active,2026-10-06T17:00:00Z,2026-10-02T09:37:33+00:00
KXNFLTD-26OCT04DALHOU,KXNFLTD,KXNFLTD-26OCT04DALHOU-HOUWMARKS4-2,Woody Marks: 2+ touchdowns,0.0200,0.0600,0.0000,0.00,0.00,active,2026-10-06T17:00:00Z,2026-10-02T09:37:33+00:00
KXNFLTD-26OCT04DALHOU,KXNFLTD,KXNFLTD-26OCT04DALHOU-HOUXHUTCHINSON19-2,Xavier Hutchinson: 2+ touchdowns,0.0100,0.0300,0.0300,1114.02,1114.02,active,2026-10-06T17:00:00Z,2026-10-02T09:37:33+00:00
KXNFLTD-26OCT04DALHOU,KXNFLTD,KXNFLTD-26OCT04DALHOU-HOUCSTROUD7-2,C.J. Stroud: 2+ touchdowns,0.0100,0.0200,0.0200,3023.10,3023.10,active,2026-10-06T17:00:00Z,2026-10-02T09:37:33+00:00
KXNFLTD-26OCT04DALHOU,KXNFLTD,KXNFLTD-26OCT04DALHOU-HOUFMOREAU87-2,Foster Moreau: 2+ touchdowns,0.0000,0.0100,0.0100,923.96,923.96,active,2026-10-06T17:00:00Z,2026-10-02T09:37:33+00:00
KXNFLTD-26OCT04DALHOU,KXNFLTD,KXNFLTD-26OCT04DALHOU-DALJWILLIAMS33-2,Javonte Williams: 2+ touchdowns,0.1500,0.1600,0.1600,89.48,70.60,active,2026-10-06T17:00:00Z,2026-10-02T09:37:33+00:00
KXNFLTD-26OCT04DALHOU,KXNFLTD,KXNFLTD-26OCT04DALHOU-DALCLAMB88-1,CeeDee Lamb: 1+ touchdowns,0.3800,0.4100,0.4100,1844.49,1783.80,active,2026-10-06T17:00:00Z,2026-10-02T09:37:33+00:00
KXNFLTD-26OCT04DALHOU,KXNFLTD,KXNFLTD-26OCT04DALHOU-DALGPICKENS3-1,George Pickens: 1+ touchdowns,0.3500,0.3600,0.3600,2260.26,1947.34,active,2026-10-06T17:00:00Z,2026-10-02T09:37:33+00:00
KXNFLTD-26OCT04DALHOU,KXNFLTD,KXNFLTD-26OCT04DALHOU-DALDALDST-1,DAL Cowboys D/ST: 1+ touchdowns,0.0800,0.1500,0.0000,0.00,0.00,active,2026-10-06T17:00:00Z,2026-10-02T09:37:33+00:00
KXNFLTD-26OCT04DALHOU,KXNFLTD,KXNFLTD-26OCT04DALHOU-DALRFLOURNOY19-1,Ryan Flournoy: 1+ touchdowns,0.2000,0.2100,0.2100,840.41,783.83,active,2026-10-06T17:00:00Z,2026-10-02T09:37:33+00:00
KXNFLTD-26OCT04DALHOU,KXNFLTD,KXNFLTD-26OCT04DALHOU-HOUFMOREAU87-1,Foster Moreau: 1+ touchdowns,0.1000,0.1100,0.0000,0.00,0.00,active,2026-10-06T17:00:00Z,2026-10-02T09:37:33+00:00
KXNFLTD-26OCT04DALHOU,KXNFLTD,KXNFLTD-26OCT04DALHOU-HOUHOUDST-1,HOU Texans D/ST: 1+ touchdowns,0.1200,0.1900,0.1900,163.29,116.04,active,2026-10-06T17:00:00Z,2026-10-02T09:37:33+00:00
KXNFLTD-26OCT04DALHOU,KXNFLTD,KXNFLTD-26OCT04DALHOU-HOUWMARKS4-1,Woody Marks: 1+ touchdowns,0.3000,0.3100,0.3200,31.32,31.32,active,2026-10-06T17:00:00Z,2026-10-02T09:37:33+00:00
KXNFLTD-26OCT04DALHOU,KXNFLTD,KXNFLTD-26OCT04DALHOU-DALJWILLIAMS33-1,Javonte Williams: 1+ touchdowns,0.5000,0.5100,0.5100,1200.24,1128.44,active,2026-10-06T17:00:00Z,2026-10-02T09:37:33+00:00
KXNFLTD-26OCT04DALHOU,KXNFLTD,KXNFLTD-26OCT04DALHOU-DALJFERGUSON87-1,Jake Ferguson: 1+ touchdowns,0.2100,0.2300,0.2300,6217.09,6125.10,active,2026-10-06T17:00:00Z,2026-10-02T09:37:33+00:00
KXNFLTD-26OCT04DALHOU,KXNFLTD,KXNFLTD-26OCT04DALHOU-DALCLAMB88-2,CeeDee Lamb: 2+ touchdowns,0.0700,0.0900,0.0900,2211.49,2134.27,active,2026-10-06T17:00:00Z,2026-10-02T09:37:33+00:00
KXNFLTD-26OCT04DALHOU,KXNFLTD,KXNFLTD-26OCT04DALHOU-HOUKBOUTTE14-1,Kayshon Boutte: 1+ touchdowns,0.1800,0.2100,0.0000,0.00,0.00,active,2026-10-06T17:00:00Z,2026-10-02T09:37:33+00:00
KXNFLTD-26OCT04DALHOU,KXNFLTD,KXNFLTD-26OCT04DALHOU-HOUDSCHULTZ86-1,Dalton Schultz: 1+ touchdowns,0.2400,0.2900,0.2800,173.89,167.68,active,2026-10-06T17:00:00Z,2026-10-02T09:37:33+00:00
KXNFLTD-26OCT04DENSF,KXNFLTD,KXNFLTD-26OCT04DENSF-SFCMCCAFFREY23-3,Christian McCaffrey: 3+ touchdowns,0.0300,0.0600,0.0000,0.00,0.00,active,2026-10-06T20:25:00Z,2026-10-02T09:37:33+00:00
KXNFLTD-26OCT04DENSF,KXNFLTD,KXNFLTD-26OCT04DENSF-SFDSAMUEL19-3,Deebo Samuel Sr.: 3+ touchdowns,0.0100,0.0200,0.0100,40.02,40.02,active,2026-10-06T20:25:00Z,2026-10-02T09:37:33+00:00
KXNFLTD-26OCT04DENSF,KXNFLTD,KXNFLTD-26OCT04DENSF-SFGKITTLE85-3,George Kittle: 3+ touchdowns,0.0100,0.0200,0.0000,0.00,0.00,active,2026-10-06T20:25:00Z,2026-10-02T09:37:33+00:00
KXNFLTD-26OCT04DENSF,KXNFLTD,KXNFLTD-26OCT04DENSF-DENCSUTTON14-3,Courtland Sutton: 3+ touchdowns,0.0000,0.0200,0.0100,300.00,300.00,active,2026-10-06T20:25:00Z,2026-10-02T09:37:33+00:00
KXNFLTD-26OCT04DENSF,KXNFLTD,KXNFLTD-26OCT04DENSF-DENJDOBBINS27-2,J.K. Dobbins: 2+ touchdowns,0.0800,0.1000,0.0000,0.00,0.00,active,2026-10-06T20:25:00Z,2026-10-02T09:37:33+00:00
KXNFLTD-26OCT04DENSF,KXNFLTD,KXNFLTD-26OCT04DENSF-DENBNIX10-2,Bo Nix: 2+ touchdowns,0.0100,0.0300,0.0300,327.99,327.99,active,2026-10-06T20:25:00Z,2026-10-02T09:37:33+00:00
KXNFLTD-26OCT04DENSF,KXNFLTD,KXNFLTD-26OCT04DENSF-SFKHODGE86-1,KhaDarel Hodge: 1+ touchdowns,0.0900,0.1200,0.0000,0.00,0.00,active,2026-10-06T20:25:00Z,2026-10-02T09:37:33+00:00
KXNFLTD-26OCT04DENSF,KXNFLTD,KXNFLTD-26OCT04DENSF-DENDBENTLEY89-1,Dallen Bentley: 1+ touchdowns,0.0500,0.0600,0.0500,932.45,931.45,active,2026-10-06T20:25:00Z,2026-10-02T09:37:33+00:00
KXNFLTD-26OCT04DENSF,KXNFLTD,KXNFLTD-26OCT04DENSF-DENTBADIE28-2,Tyler Badie: 2+ touchdowns,0.0000,0.0100,0.0100,495.09,495.09,active,2026-10-06T20:25:00Z,2026-10-02T09:37:33+00:00
KXNFLTD-26OCT04DENSF,KXNFLTD,KXNFLTD-26OCT04DENSF-DENEENGRAM1-2,Evan Engram: 2+ touchdowns,0.0100,0.0200,0.0000,0.00,0.00,active,2026-10-06T20:25:00Z,2026-10-02T09:37:33+00:00
KXNFLTD-26OCT04DENSF,KXNFLTD,KXNFLTD-26OCT04DENSF-DENJWADDLE17-3,Jaylen Waddle: 3+ touchdowns,0.0100,0.0200,0.0100,299.79,299.79,active,2026-10-06T20:25:00Z,2026-10-02T09:37:33+00:00
KXNFLTD-26OCT04DENSF,KXNFLTD,KXNFLTD-26OCT04DENSF-DENRHARVEY12-3,RJ Harvey: 3+ touchdowns,0.0000,0.0200,0.0100,572.32,572.32,active,2026-10-06T20:25:00Z,2026-10-02T09:37:33+00:00
KXNFLTD-26OCT04DENSF,KXNFLTD,KXNFLTD-26OCT04DENSF-DENPBRYANT13-2,Pat Bryant: 2+ touchdowns,0.0100,0.0300,0.0000,0.00,0.00,active,2026-10-06T20:25:00Z,2026-10-02T09:37:33+00:00
KXNFLTD-26OCT04DENSF,KXNFLTD,KXNFLTD-26OCT04DENSF-DENJDOBBINS27-3,J.K. Dobbins: 3+ touchdowns,0.0100,0.0300,0.0300,5.23,5.23,active,2026-10-06T20:25:00Z,2026-10-02T09:37:33+00:00
KXNFLTD-26OCT04DENSF,KXNFLTD,KXNFLTD-26OCT04DENSF-DENMMIMS19-1,Marvin Mims Jr.: 1+ touchdowns,0.0500,0.0800,0.0800,101.80,101.80,active,2026-10-06T20:25:00Z,2026-10-02T09:37:33+00:00
KXNFLTD-26OCT04DENSF,KXNFLTD,KXNFLTD-26OCT04DENSF-SFBPURDY13-2,Brock Purdy: 2+ touchdowns,0.0100,0.0400,0.0300,1230.12,1081.79,active,2026-10-06T20:25:00Z,2026-10-02T09:37:33+00:00
KXNFLTD-26OCT04DENSF,KXNFLTD,KXNFLTD-26OCT04DENSF-SFKBLACK26-2,Kaelon Black: 2+ touchdowns,0.0100,0.0400,0.0000,0.00,0.00,active,2026-10-06T20:25:00Z,2026-10-02T09:37:33+00:00
KXNFLTD-26OCT04DENSF,KXNFLTD,KXNFLTD-26OCT04DENSF-SFKJUSZCZYK44-2,Kyle Juszczyk: 2+ touchdowns,0.0100,0.0200,0.0000,0.00,0.00,active,2026-10-06T20:25:00Z,2026-10-02T09:37:33+00:00
KXNFLTD-26OCT04DENSF,KXNFLTD,KXNFLTD-26OCT04DENSF-DENRHARVEY12-2,RJ Harvey: 2+ touchdowns,0.0200,0.0500,0.0000,0.00,0.00,active,2026-10-06T20:25:00Z,2026-10-02T09:37:33+00:00
KXNFLTD-26OCT04DENSF,KXNFLTD,KXNFLTD-26OCT04DENSF-SFJCOWING4-2,Jacob Cowing: 2+ touchdowns,0.0100,0.0200,0.0100,121.12,121.12,active,2026-10-06T20:25:00Z,2026-10-02T09:37:33+00:00
KXNFLTD-26OCT04DENSF,KXNFLTD,KXNFLTD-26OCT04DENSF-SFKHODGE86-2,KhaDarel Hodge: 2+ touchdowns,0.0100,0.0200,0.0100,300.00,300.00,active,2026-10-06T20:25:00Z,2026-10-02T09:37:33+00:00
KXNFLTD-26OCT04DENSF,KXNFLTD,KXNFLTD-26OCT04DENSF-SFDSAMUEL19-2,Deebo Samuel Sr.: 2+ touchdowns,0.0500,0.0700,0.0700,55.44,55.44,active,2026-10-06T20:25:00Z,2026-10-02T09:37:33+00:00
KXNFLTD-26OCT04DENSF,KXNFLTD,KXNFLTD-26OCT04DENSF-DENTFRANKLIN11-1,Troy Franklin: 1+ touchdowns,0.0700,0.0900,0.0800,2729.92,2729.92,active,2026-10-06T20:25:00Z,2026-10-02T09:37:33+00:00
KXNFLTD-26OCT04DENSF,KXNFLTD,KXNFLTD-26OCT04DENSF-DENCSUTTON14-2,Courtland Sutton: 2+ touchdowns,0.0300,0.0500,0.0000,0.00,0.00,active,2026-10-06T20:25:00Z,2026-10-02T09:37:33+00:00
KXNFLTD-26OCT04DENSF,KXNFLTD,KXNFLTD-26OCT04DENSF-DENJDOBBINS27-1,J.K. Dobbins: 1+ touchdowns,0.4100,0.4200,0.4200,131.61,131.61,active,2026-10-06T20:25:00Z,2026-10-02T09:37:33+00:00
KXNFLTD-26OCT04DENSF,KXNFLTD,KXNFLTD-26OCT04DENSF-DENMMIMS19-2,Marvin Mims Jr.: 2+ touchdowns,0.0000,0.0100,0.0200,682.31,682.31,active,2026-10-06T20:25:00Z,2026-10-02T09:37:33+00:00
KXNFLTD-26OCT04DENSF,KXNFLTD,KXNFLTD-26OCT04DENSF-DENJWADDLE17-2,Jaylen Waddle: 2+ touchdowns,0.0300,0.0600,0.0500,93.76,93.76,active,2026-10-06T20:25:00Z,2026-10-02T09:37:33+00:00
KXNFLTD-26OCT04DENSF,KXNFLTD,KXNFLTD-26OCT04DENSF-DENTBADIE28-1,Tyler Badie: 1+ touchdowns,0.0600,0.0700,0.0700,174.35,174.35,active,2026-10-06T20:25:00Z,2026-10-02T09:37:33+00:00
KXNFLTD-26OCT04DENSF,KXNFLTD,KXNFLTD-26OCT04DENSF-DENATRAUTMAN82-1,Adam Trautman: 1+ touchdowns,0.0800,0.1000,0.0800,99.90,99.90,active,2026-10-06T20:25:00Z,2026-10-02T09:37:33+00:00
KXNFLTD-26OCT04DENSF,KXNFLTD,KXNFLTD-26OCT04DENSF-DENEENGRAM1-1,Evan Engram: 1+ touchdowns,0.1300,0.1600,0.1600,237.46,237.46,active,2026-10-06T20:25:00Z,2026-10-02T09:37:33+00:00
KXNFLTD-26OCT04DENSF,KXNFLTD,KXNFLTD-26OCT04DENSF-DENNADKINS45-1,Nate Adkins: 1+ touchdowns,0.0600,0.0700,0.0700,2758.09,2733.09,active,2026-10-06T20:25:00Z,2026-10-02T09:37:33+00:00
KXNFLTD-26OCT04DENSF,KXNFLTD,KXNFLTD-26OCT04DENSF-DENCSUTTON14-1,Courtland Sutton: 1+ touchdowns,0.2700,0.2900,0.2900,249.81,249.81,active,2026-10-06T20:25:00Z,2026-10-02T09:37:33+00:00
KXNFLTD-26OCT04DENSF,KXNFLTD,KXNFLTD-26OCT04DENSF-DENLHUMPHREY5-1,Lil'Jordan Humphrey: 1+ touchdowns,0.0500,0.0800,0.0000,0.00,0.00,active,2026-10-06T20:25:00Z,2026-10-02T09:37:33+00:00
KXNFLTD-26OCT04DENSF,KXNFLTD,KXNFLTD-26OCT04DENSF-SFKJUSZCZYK44-1,Kyle Juszczyk: 1+ touchdowns,0.1100,0.1200,0.1200,4988.45,4988.45,active,2026-10-06T20:25:00Z,2026-10-02T09:37:33+00:00
KXNFLTD-26OCT04DENSF,KXNFLTD,KXNFLTD-26OCT04DENSF-DENPBRYANT13-1,Pat Bryant: 1+ touchdowns,0.1700,0.2000,0.2000,315.84,315.84,active,2026-10-06T20:25:00Z,2026-10-02T09:37:33+00:00
KXNFLTD-26OCT04DENSF,KXNFLTD,KXNFLTD-26OCT04DENSF-SFGKITTLE85-1,George Kittle: 1+ touchdowns,0.3500,0.3700,0.3700,2060.76,1956.05,active,2026-10-06T20:25:00Z,2026-10-02T09:37:33+00:00
KXNFLTD-26OCT04DENSF,KXNFLTD,KXNFLTD-26OCT04DENSF-SFCMCCAFFREY23-2,Christian McCaffrey: 2+ touchdowns,0.2000,0.2400,0.2400,626.19,626.19,active,2026-10-06T20:25:00Z,2026-10-02T09:37:33+00:00
KXNFLTD-26OCT04DENSF,KXNFLTD,KXNFLTD-26OCT04DENSF-DENBNIX10-1,Bo Nix: 1+ touchdowns,0.1800,0.2000,0.2000,397.88,397.88,active,2026-10-06T20:25:00Z,2026-10-02T09:37:33+00:00
KXNFLTD-26OCT04DENSF,KXNFLTD,KXNFLTD-26OCT04DENSF-SFSFDST-1,SF 49ers D/ST: 1+ touchdowns,0.1000,0.1500,0.1200,245.77,207.77,active,2026-10-06T20:25:00Z,2026-10-02T09:37:33+00:00
KXNFLTD-26OCT04DENSF,KXNFLTD,KXNFLTD-26OCT04DENSF-SFCMCCAFFREY23-1,Christian McCaffrey: 1+ touchdowns,0.6100,0.6200,0.6200,2893.30,2096.91,active,2026-10-06T20:25:00Z,2026-10-02T09:37:33+00:00
KXNFLTD-26OCT04DENSF,KXNFLTD,KXNFLTD-26OCT04DENSF-SFGKITTLE85-2,George Kittle: 2+ touchdowns,0.0500,0.0700,0.0800,991.69,991.69,active,2026-10-06T20:25:00Z,2026-10-02T09:37:33+00:00
KXNFLTD-26OCT04DENSF,KXNFLTD,KXNFLTD-26OCT04DENSF-DENJWADDLE17-1,Jaylen Waddle: 1+ touchdowns,0.2800,0.2900,0.2800,379.19,379.19,active,2026-10-06T20:25:00Z,2026-10-02T09:37:33+00:00
KXNFLTD-26OCT04DENSF,KXNFLTD,KXNFLTD-26OCT04DENSF-SFJCOWING4-1,Jacob Cowing: 1+ touchdowns,0.1000,0.1200,0.1000,789.98,789.98,active,2026-10-06T20:25:00Z,2026-10-02T09:37:33+00:00
KXNFLTD-26OCT04DENSF,KXNFLTD,KXNFLTD-26OCT04DENSF-SFDSAMUEL19-1,Deebo Samuel Sr.: 1+ touchdowns,0.3400,0.3600,0.3600,1183.84,1183.84,active,2026-10-06T20:25:00Z,2026-10-02T09:37:33+00:00
KXNFLTD-26OCT04DENSF,KXNFLTD,KXNFLTD-26OCT04DENSF-SFJWATKINS17-1,Jordan Watkins: 1+ touchdowns,0.0700,0.1000,0.1000,3721.45,3721.45,active,2026-10-06T20:25:00Z,2026-10-02T09:37:33+00:00
KXNFLTD-26OCT04DENSF,KXNFLTD,KXNFLTD-26OCT04DENSF-DENRHARVEY12-1,RJ Harvey: 1+ touchdowns,0.2600,0.2800,0.2400,13.08,13.08,active,2026-10-06T20:25:00Z,2026-10-02T09:37:33+00:00
KXNFLTD-26OCT04DENSF,KXNFLTD,KXNFLTD-26OCT04DENSF-SFBPURDY13-1,Brock Purdy: 1+ touchdowns,0.2000,0.2200,0.2200,2758.60,2619.62,active,2026-10-06T20:25:00Z,2026-10-02T09:37:33+00:00
KXNFLTD-26OCT04DENSF,KXNFLTD,KXNFLTD-26OCT04DENSF-SFKBLACK26-1,Kaelon Black: 1+ touchdowns,0.1900,0.2100,0.2200,64.65,64.65,active,2026-10-06T20:25:00Z,2026-10-02T09:37:33+00:00
KXNFLTD-26OCT04DENSF,KXNFLTD,KXNFLTD-26OCT04DENSF-SFLFARRELL89-1,Luke Farrell: 1+ touchdowns,0.0600,0.0800,0.0700,103.40,103.40,active,2026-10-06T20:25:00Z,2026-10-02T09:37:33+00:00
KXNFLTD-26OCT04DENSF,KXNFLTD,KXNFLTD-26OCT04DENSF-DENDENDST-1,DEN Broncos D/ST: 1+ touchdowns,0.0900,0.1600,0.1400,67.37,67.37,active,2026-10-06T20:25:00Z,2026-10-02T09:37:33+00:00
KXNFLTD-26OCT04DETCAR,KXNFLTD,KXNFLTD-26OCT04DETCAR-DETITESLAA18-2,Isaac TeSlaa: 2+ touchdowns,0.0100,0.0200,0.0200,123.00,123.00,active,2026-10-07T00:20:00Z,2026-10-02T09:37:33+00:00
KXNFLTD-26OCT04DETCAR,KXNFLTD,KXNFLTD-26OCT04DETCAR-DETSVAKI33-1,Sione Vaki: 1+ touchdowns,0.1100,0.1200,0.1200,5024.72,5024.72,active,2026-10-07T00:20:00Z,2026-10-02T09:37:33+00:00
KXNFLTD-26OCT04DETCAR,KXNFLTD,KXNFLTD-26OCT04DETCAR-DETJWILLIAMS1-2,Jameson Williams: 2+ touchdowns,0.0400,0.0500,0.0700,99.11,99.11,active,2026-10-07T00:20:00Z,2026-10-02T09:37:33+00:00
KXNFLTD-26OCT04DETCAR,KXNFLTD,KXNFLTD-26OCT04DETCAR-CARBYOUNG9-2,Bryce Young: 2+ touchdowns,0.0100,0.0200,0.0200,467.50,467.50,active,2026-10-07T00:20:00Z,2026-10-02T09:37:33+00:00
KXNFLTD-26OCT04DETCAR,KXNFLTD,KXNFLTD-26OCT04DETCAR-CARMEVANS84-2,Mitchell Evans: 2+ touchdowns,0.0000,0.0100,0.0100,300.00,300.00,active,2026-10-07T00:20:00Z,2026-10-02T09:37:33+00:00
KXNFLTD-26OCT04DETCAR,KXNFLTD,KXNFLTD-26OCT04DETCAR-DETBWRIGHT89-2,Brock Wright: 2+ touchdowns,0.0000,0.0100,0.0100,300.00,300.00,active,2026-10-07T00:20:00Z,2026-10-02T09:37:33+00:00
KXNFLTD-26OCT04DETCAR,KXNFLTD,KXNFLTD-26OCT04DETCAR-CARCARDST-1,CAR Panthers D/ST: 1+ touchdowns,0.0900,0.1300,0.1000,1.00,1.00,active,2026-10-07T00:20:00Z,2026-10-02T09:37:33+00:00
KXNFLTD-26OCT04DETCAR,KXNFLTD,KXNFLTD-26OCT04DETCAR-CARDWALLER88-3,Darren Waller: 3+ touchdowns,0.0000,0.0100,0.0100,463.65,463.65,active,2026-10-07T00:20:00Z,2026-10-02T09:37:33+00:00
KXNFLTD-26OCT04DETCAR,KXNFLTD,KXNFLTD-26OCT04DETCAR-DETSLAPORTA87-2,Sam LaPorta: 2+ touchdowns,0.0200,0.0600,0.0600,78.18,78.18,active,2026-10-07T00:20:00Z,2026-10-02T09:37:33+00:00
KXNFLTD-26OCT04DETCAR,KXNFLTD,KXNFLTD-26OCT04DETCAR-CARADILLON28-2,AJ Dillon: 2+ touchdowns,0.0000,0.0200,0.0100,300.00,300.00,active,2026-10-07T00:20:00Z,2026-10-02T09:37:33+00:00
KXNFLTD-26OCT04DETCAR,KXNFLTD,KXNFLTD-26OCT04DETCAR-DETASTBROWN14-2,Amon-Ra St. Brown: 2+ touchdowns,0.1300,0.1400,0.1400,1143.37,1143.37,active,2026-10-07T00:20:00Z,2026-10-02T09:37:33+00:00
KXNFLTD-26OCT04DETCAR,KXNFLTD,KXNFLTD-26OCT04DETCAR-CARJMETCHIE13-2,John Metchie III: 2+ touchdowns,0.0100,0.0200,0.0000,0.00,0.00,active,2026-10-07T00:20:00Z,2026-10-02T09:37:33+00:00
KXNFLTD-26OCT04DETCAR,KXNFLTD,KXNFLTD-26OCT04DETCAR-DETSLAPORTA87-3,Sam LaPorta: 3+ touchdowns,0.0000,0.0100,0.0100,309.89,309.89,active,2026-10-07T00:20:00Z,2026-10-02T09:37:33+00:00
KXNFLTD-26OCT04DETCAR,KXNFLTD,KXNFLTD-26OCT04DETCAR-DETDETDST-1,DET Lions D/ST: 1+ touchdowns,0.1300,0.1400,0.1300,190.73,185.88,active,2026-10-07T00:20:00Z,2026-10-02T09:37:33+00:00
KXNFLTD-26OCT04DETCAR,KXNFLTD,KXNFLTD-26OCT04DETCAR-CARTMCMILLAN4-2,Tetairoa McMillan: 2+ touchdowns,0.0600,0.0700,0.0700,652.37,652.37,active,2026-10-07T00:20:00Z,2026-10-02T09:37:33+00:00
KXNFLTD-26OCT04DETCAR,KXNFLTD,KXNFLTD-26OCT04DETCAR-CARCHUBBARD30-3,Chuba Hubbard: 3+ touchdowns,0.0300,0.0500,0.0500,49.71,49.71,active,2026-10-07T00:20:00Z,2026-10-02T09:37:33+00:00
KXNFLTD-26OCT04DETCAR,KXNFLTD,KXNFLTD-26OCT04DETCAR-DETBWRIGHT89-1,Brock Wright: 1+ touchdowns,0.1000,0.1100,0.0000,0.00,0.00,active,2026-10-07T00:20:00Z,2026-10-02T09:37:33+00:00
KXNFLTD-26OCT04DETCAR,KXNFLTD,KXNFLTD-26OCT04DETCAR-CARCHUBBARD30-2,Chuba Hubbard: 2+ touchdowns,0.1500,0.1600,0.1700,46.00,46.00,active,2026-10-07T00:20:00Z,2026-10-02T09:37:33+00:00
KXNFLTD-26OCT04DETCAR,KXNFLTD,KXNFLTD-26OCT04DETCAR-DETSVAKI33-2,Sione Vaki: 2+ touchdowns,0.0100,0.0200,0.0000,0.00,0.00,active,2026-10-07T00:20:00Z,2026-10-02T09:37:33+00:00
KXNFLTD-26OCT04DETCAR,KXNFLTD,KXNFLTD-26OCT04DETCAR-CARTTREMBLE82-2,Tommy Tremble: 2+ touchdowns,0.0100,0.0200,0.0200,266.64,266.64,active,2026-10-07T00:20:00Z,2026-10-02T09:37:33+00:00
KXNFLTD-26OCT04DETCAR,KXNFLTD,KXNFLTD-26OCT04DETCAR-DETJWILLIAMS1-3,Jameson Williams: 3+ touchdowns,0.0000,0.0100,0.0100,872.00,872.00,active,2026-10-07T00:20:00Z,2026-10-02T09:37:33+00:00
KXNFLTD-26OCT04DETCAR,KXNFLTD,KXNFLTD-26OCT04DETCAR-CARTMCMILLAN4-3,Tetairoa McMillan: 3+ touchdowns,0.0100,0.0200,0.0000,0.00,0.00,active,2026-10-07T00:20:00Z,2026-10-02T09:37:33+00:00
KXNFLTD-26OCT04DETCAR,KXNFLTD,KXNFLTD-26OCT04DETCAR-CARJMETCHIE13-1,John Metchie III: 1+ touchdowns,0.1000,0.1200,0.0000,0.00,0.00,active,2026-10-07T00:20:00Z,2026-10-02T09:37:33+00:00
KXNFLTD-26OCT04DETCAR,KXNFLTD,KXNFLTD-26OCT04DETCAR-DETASTBROWN14-1,Amon-Ra St. Brown: 1+ touchdowns,0.5100,0.5200,0.5200,2248.81,2248.81,active,2026-10-07T00:20:00Z,2026-10-02T09:37:33+00:00
KXNFLTD-26OCT04DETCAR,KXNFLTD,KXNFLTD-26OCT04DETCAR-CARMEVANS84-1,Mitchell Evans: 1+ touchdowns,0.0900,0.1000,0.0000,0.00,0.00,active,2026-10-07T00:20:00Z,2026-10-02T09:37:33+00:00
KXNFLTD-26OCT04DETCAR,KXNFLTD,KXNFLTD-26OCT04DETCAR-DETITESLAA18-1,Isaac TeSlaa: 1+ touchdowns,0.1500,0.1600,0.1600,347.68,347.68,active,2026-10-07T00:20:00Z,2026-10-02T09:37:33+00:00
KXNFLTD-26OCT04DETCAR,KXNFLTD,KXNFLTD-26OCT04DETCAR-CARTTREMBLE82-1,Tommy Tremble: 1+ touchdowns,0.1500,0.1600,0.1600,1118.27,1118.27,active,2026-10-07T00:20:00Z,2026-10-02T09:37:33+00:00
KXNFLTD-26OCT04DETCAR,KXNFLTD,KXNFLTD-26OCT04DETCAR-CARBTREMAYNE87-1,Brycen Tremayne: 1+ touchdowns,0.1000,0.1100,0.1100,435.26,435.26,active,2026-10-07T00:20:00Z,2026-10-02T09:37:33+00:00
KXNFLTD-26OCT04DETCAR,KXNFLTD,KXNFLTD-26OCT04DETCAR-CARBTREMAYNE87-2,Brycen Tremayne: 2+ touchdowns,0.0000,0.0100,0.0100,300.00,300.00,active,2026-10-07T00:20:00Z,2026-10-02T09:37:33+00:00
KXNFLTD-26OCT04DETCAR,KXNFLTD,KXNFLTD-26OCT04DETCAR-DETJGIBBS0-3,Jahmyr Gibbs: 3+ touchdowns,0.1000,0.1300,0.1300,393.34,393.34,active,2026-10-07T00:20:00Z,2026-10-02T09:37:33+00:00
KXNFLTD-26OCT04DETCAR,KXNFLTD,KXNFLTD-26OCT04DETCAR-CARADILLON28-1,AJ Dillon: 1+ touchdowns,0.1000,0.1100,0.1200,78.49,78.49,active,2026-10-07T00:20:00Z,2026-10-02T09:37:33+00:00
KXNFLTD-26OCT04DETCAR,KXNFLTD,KXNFLTD-26OCT04DETCAR-DETJGOFF16-1,Jared Goff: 1+ touchdowns,0.0700,0.0800,0.0800,1830.70,1830.70,active,2026-10-07T00:20:00Z,2026-10-02T09:37:33+00:00
KXNFLTD-26OCT04DETCAR,KXNFLTD,KXNFLTD-26OCT04DETCAR-CARBYOUNG9-1,Bryce Young: 1+ touchdowns,0.1200,0.1500,0.1600,78.14,78.14,active,2026-10-07T00:20:00Z,2026-10-02T09:37:33+00:00
KXNFLTD-26OCT04DETCAR,KXNFLTD,KXNFLTD-26OCT04DETCAR-DETASTBROWN14-3,Amon-Ra St. Brown: 3+ touchdowns,0.0100,0.0400,0.0400,518.67,518.67,active,2026-10-07T00:20:00Z,2026-10-02T09:37:33+00:00
KXNFLTD-26OCT04DETCAR,KXNFLTD,KXNFLTD-26OCT04DETCAR-DETJGIBBS0-2,Jahmyr Gibbs: 2+ touchdowns,0.3600,0.3700,0.3700,3083.94,2871.59,active,2026-10-07T00:20:00Z,2026-10-02T09:37:33+00:00
KXNFLTD-26OCT04DETCAR,KXNFLTD,KXNFLTD-26OCT04DETCAR-CARDWALLER88-2,Darren Waller: 2+ touchdowns,0.0300,0.0400,0.0400,7343.13,7136.21,active,2026-10-07T00:20:00Z,2026-10-02T09:37:33+00:00
KXNFLTD-26OCT04DETCAR,KXNFLTD,KXNFLTD-26OCT04DETCAR-DETJGIBBS0-1,Jahmyr Gibbs: 1+ touchdowns,0.7000,0.7300,0.7300,1468.95,1119.37,active,2026-10-07T00:20:00Z,2026-10-02T09:37:33+00:00
KXNFLTD-26OCT04DETCAR,KXNFLTD,KXNFLTD-26OCT04DETCAR-DETJWILLIAMS1-1,Jameson Williams: 1+ touchdowns,0.3000,0.3100,0.3100,607.15,603.15,active,2026-10-07T00:20:00Z,2026-10-02T09:37:33+00:00
KXNFLTD-26OCT04DETCAR,KXNFLTD,KXNFLTD-26OCT04DETCAR-CARTMCMILLAN4-1,Tetairoa McMillan: 1+ touchdowns,0.3500,0.3600,0.3600,302.39,302.39,active,2026-10-07T00:20:00Z,2026-10-02T09:37:33+00:00
KXNFLTD-26OCT04DETCAR,KXNFLTD,KXNFLTD-26OCT04DETCAR-CARCHUBBARD30-1,Chuba Hubbard: 1+ touchdowns,0.5200,0.5300,0.5300,130.14,130.14,active,2026-10-07T00:20:00Z,2026-10-02T09:37:33+00:00
KXNFLTD-26OCT04DETCAR,KXNFLTD,KXNFLTD-26OCT04DETCAR-CARDWALLER88-1,Darren Waller: 1+ touchdowns,0.2600,0.2700,0.2700,7011.81,6987.62,active,2026-10-07T00:20:00Z,2026-10-02T09:37:33+00:00
KXNFLTD-26OCT04DETCAR,KXNFLTD,KXNFLTD-26OCT04DETCAR-DETSLAPORTA87-1,Sam LaPorta: 1+ touchdowns,0.2800,0.3100,0.3200,246.28,246.28,active,2026-10-07T00:20:00Z,2026-10-02T09:37:33+00:00
KXNFLTD-26OCT04GBTB,KXNFLTD,KXNFLTD-26OCT04GBTB-GBTKRAFT85-3,Tucker Kraft: 3+ touchdowns,0.0000,0.0100,0.0100,300.00,300.00,active,2026-10-06T17:00:00Z,2026-10-02T09:37:33+00:00
KXNFLTD-26OCT04GBTB,KXNFLTD,KXNFLTD-26OCT04GBTB-TBSTUCKER44-2,Sean Tucker: 2+ touchdowns,0.0000,0.0100,0.0100,1702.78,1702.78,active,2026-10-06T17:00:00Z,2026-10-02T09:37:33+00:00
KXNFLTD-26OCT04GBTB,KXNFLTD,KXNFLTD-26OCT04GBTB-GBMGOLDEN0-3,Matthew Golden: 3+ touchdowns,0.0000,0.0100,0.0100,300.00,300.00,active,2026-10-06T17:00:00Z,2026-10-02T09:37:33+00:00
KXNFLTD-26OCT04GBTB,KXNFLTD,KXNFLTD-26OCT04GBTB-GBJLOVE10-2,Jordan Love: 2+ touchdowns,0.0000,0.0200,0.0100,3647.82,3347.82,active,2026-10-06T17:00:00Z,2026-10-02T09:37:33+00:00
KXNFLTD-26OCT04GBTB,KXNFLTD,KXNFLTD-26OCT04GBTB-TBTBDST-1,TB Buccaneers D/ST: 1+ touchdowns,0.1000,0.1500,0.1200,92.80,67.80,active,2026-10-06T17:00:00Z,2026-10-02T09:37:33+00:00
KXNFLTD-26OCT04GBTB,KXNFLTD,KXNFLTD-26OCT04GBTB-GBJSMITH18-1,Jonnu Smith: 1+ touchdowns,0.1000,0.1200,0.1200,406.72,406.72,active,2026-10-06T17:00:00Z,2026-10-02T09:37:33+00:00
KXNFLTD-26OCT04GBTB,KXNFLTD,KXNFLTD-26OCT04GBTB-TBJDANIELS10-1,Jalon Daniels: 1+ touchdowns,0.1900,0.2000,0.2000,1985.77,1985.77,active,2026-10-06T17:00:00Z,2026-10-02T09:37:33+00:00
KXNFLTD-26OCT04GBTB,KXNFLTD,KXNFLTD-26OCT04GBTB-GBSMOORE23-2,Skyy Moore: 2+ touchdowns,0.0100,0.0200,0.0200,29.00,29.00,active,2026-10-06T17:00:00Z,2026-10-02T09:37:33+00:00
KXNFLTD-26OCT04GBTB,KXNFLTD,KXNFLTD-26OCT04GBTB-GBBMELTON16-1,Bo Melton: 1+ touchdowns,0.0500,0.0800,0.0000,0.00,0.00,active,2026-10-06T17:00:00Z,2026-10-02T09:37:33+00:00
KXNFLTD-26OCT04GBTB,KXNFLTD,KXNFLTD-26OCT04GBTB-GBCBROOKS30-1,Chris Brooks: 1+ touchdowns,0.1200,0.1300,0.1200,98.10,98.10,active,2026-10-06T17:00:00Z,2026-10-02T09:37:33+00:00
KXNFLTD-26OCT04GBTB,KXNFLTD,KXNFLTD-26OCT04GBTB-GBJSMITH18-2,Jonnu Smith: 2+ touchdowns,0.0100,0.0200,0.0300,12.85,12.85,active,2026-10-06T17:00:00Z,2026-10-02T09:37:33+00:00
KXNFLTD-26OCT04GBTB,KXNFLTD,KXNFLTD-26OCT04GBTB-TBCOTTON88-1,Cade Otton: 1+ touchdowns,0.1200,0.1400,0.1300,83.48,83.48,active,2026-10-06T17:00:00Z,2026-10-02T09:37:33+00:00
KXNFLTD-26OCT04GBTB,KXNFLTD,KXNFLTD-26OCT04GBTB-GBKJOHNSON26-2,Kaleb Johnson: 2+ touchdowns,0.0300,0.0600,0.0000,0.00,0.00,active,2026-10-06T17:00:00Z,2026-10-02T09:37:33+00:00
KXNFLTD-26OCT04GBTB,KXNFLTD,KXNFLTD-26OCT04GBTB-GBCBROOKS30-2,Chris Brooks: 2+ touchdowns,0.0100,0.0200,0.0000,0.00,0.00,active,2026-10-06T17:00:00Z,2026-10-02T09:37:33+00:00
KXNFLTD-26OCT04GBTB,KXNFLTD,KXNFLTD-26OCT04GBTB-TBTHURST17-1,Ted Hurst III: 1+ touchdowns,0.1300,0.1600,0.0000,0.00,0.00,active,2026-10-06T17:00:00Z,2026-10-02T09:37:33+00:00
KXNFLTD-26OCT04GBTB,KXNFLTD,KXNFLTD-26OCT04GBTB-TBTJOHNSON15-2,Tez Johnson: 2+ touchdowns,0.0000,0.0200,0.0100,891.00,891.00,active,2026-10-06T17:00:00Z,2026-10-02T09:37:33+00:00
KXNFLTD-26OCT04GBTB,KXNFLTD,KXNFLTD-26OCT04GBTB-TBTJOHNSON15-1,Tez Johnson: 1+ touchdowns,0.0800,0.1100,0.0000,0.00,0.00,active,2026-10-06T17:00:00Z,2026-10-02T09:37:33+00:00
KXNFLTD-26OCT04GBTB,KXNFLTD,KXNFLTD-26OCT04GBTB-GBGBDST-1,GB Packers D/ST: 1+ touchdowns,0.1000,0.1400,0.1500,72.46,72.46,active,2026-10-06T17:00:00Z,2026-10-02T09:37:33+00:00
KXNFLTD-26OCT04GBTB,KXNFLTD,KXNFLTD-26OCT04GBTB-GBSMOORE23-1,Skyy Moore: 1+ touchdowns,0.1400,0.1500,0.1600,1040.02,1040.02,active,2026-10-06T17:00:00Z,2026-10-02T09:37:33+00:00
KXNFLTD-26OCT04GBTB,KXNFLTD,KXNFLTD-26OCT04GBTB-TBKGAINWELL1-1,Kenny Gainwell: 1+ touchdowns,0.1600,0.1700,0.1700,702.85,702.85,active,2026-10-06T17:00:00Z,2026-10-02T09:37:33+00:00
KXNFLTD-26OCT04GBTB,KXNFLTD,KXNFLTD-26OCT04GBTB-TBJDANIELS10-2,Jalon Daniels: 2+ touchdowns,0.0300,0.0400,0.0400,6619.98,6619.98,active,2026-10-06T17:00:00Z,2026-10-02T09:37:33+00:00
KXNFLTD-26OCT04GBTB,KXNFLTD,KXNFLTD-26OCT04GBTB-GBMGOLDEN0-2,Matthew Golden: 2+ touchdowns,0.0300,0.0500,0.0300,271.01,270.01,active,2026-10-06T17:00:00Z,2026-10-02T09:37:33+00:00
KXNFLTD-26OCT04GBTB,KXNFLTD,KXNFLTD-26OCT04GBTB-GBJLOVE10-1,Jordan Love: 1+ touchdowns,0.1100,0.1200,0.1100,50.05,50.05,active,2026-10-06T17:00:00Z,2026-10-02T09:37:33+00:00
KXNFLTD-26OCT04GBTB,KXNFLTD,KXNFLTD-26OCT04GBTB-GBCWATSON9-1,Christian Watson: 1+ touchdowns,0.3300,0.3700,0.3700,1739.62,1680.91,active,2026-10-06T17:00:00Z,2026-10-02T09:37:33+00:00
KXNFLTD-26OCT04GBTB,KXNFLTD,KXNFLTD-26OCT04GBTB-GBKJOHNSON26-3,Kaleb Johnson: 3+ touchdowns,0.0000,0.0200,0.0100,300.00,300.00,active,2026-10-06T17:00:00Z,2026-10-02T09:37:33+00:00
KXNFLTD-26OCT04GBTB,KXNFLTD,KXNFLTD-26OCT04GBTB-TBCGODWIN14-1,Chris Godwin Jr.: 1+ touchdowns,0.1300,0.1400,0.0000,0.00,0.00,active,2026-10-06T17:00:00Z,2026-10-02T09:37:33+00:00
KXNFLTD-26OCT04GBTB,KXNFLTD,KXNFLTD-26OCT04GBTB-TBKGAINWELL1-2,Kenny Gainwell: 2+ touchdowns,0.0100,0.0300,0.0200,36.40,36.40,active,2026-10-06T17:00:00Z,2026-10-02T09:37:33+00:00
KXNFLTD-26OCT04GBTB,KXNFLTD,KXNFLTD-26OCT04GBTB-TBSTUCKER44-1,Sean Tucker: 1+ touchdowns,0.0700,0.0800,0.0800,34240.23,34240.23,active,2026-10-06T17:00:00Z,2026-10-02T09:37:33+00:00
KXNFLTD-26OCT04GBTB,KXNFLTD,KXNFLTD-26OCT04GBTB-GBKJOHNSON26-1,Kaleb Johnson: 1+ touchdowns,0.2800,0.3000,0.0000,0.00,0.00,active,2026-10-06T17:00:00Z,2026-10-02T09:37:33+00:00
KXNFLTD-26OCT04GBTB,KXNFLTD,KXNFLTD-26OCT04GBTB-TBBIRVING7-1,Bucky Irving: 1+ touchdowns,0.3300,0.3500,0.3500,648.78,648.78,active,2026-10-06T17:00:00Z,2026-10-02T09:37:33+00:00
KXNFLTD-26OCT04GBTB,KXNFLTD,KXNFLTD-26OCT04GBTB-GBMLLOYD32-1,MarShawn Lloyd: 1+ touchdowns,0.2500,0.2600,0.2600,0.91,0.91,active,2026-10-06T17:00:00Z,2026-10-02T09:37:33+00:00
KXNFLTD-26OCT04GBTB,KXNFLTD,KXNFLTD-26OCT04GBTB-GBTKRAFT85-1,Tucker Kraft: 1+ touchdowns,0.2400,0.2800,0.2800,330.01,328.01,active,2026-10-06T17:00:00Z,2026-10-02T09:37:33+00:00
KXNFLTD-26OCT04GBTB,KXNFLTD,KXNFLTD-26OCT04GBTB-GBMLLOYD32-2,MarShawn Lloyd: 2+ touchdowns,0.0100,0.0400,0.0000,0.00,0.00,active,2026-10-06T17:00:00Z,2026-10-02T09:37:33+00:00
KXNFLTD-26OCT04GBTB,KXNFLTD,KXNFLTD-26OCT04GBTB-GBTKRAFT85-2,Tucker Kraft: 2+ touchdowns,0.0200,0.0500,0.0500,93.76,93.76,active,2026-10-06T17:00:00Z,2026-10-02T09:37:33+00:00
KXNFLTD-26OCT04GBTB,KXNFLTD,KXNFLTD-26OCT04GBTB-TBEEGBUKA2-1,Emeka Egbuka: 1+ touchdowns,0.2000,0.2300,0.2300,356.64,348.19,active,2026-10-06T17:00:00Z,2026-10-02T09:37:33+00:00
KXNFLTD-26OCT04GBTB,KXNFLTD,KXNFLTD-26OCT04GBTB-GBCWATSON9-3,Christian Watson: 3+ touchdowns,0.0100,0.0200,0.0000,0.00,0.00,active,2026-10-06T17:00:00Z,2026-10-02T09:37:33+00:00
KXNFLTD-26OCT04GBTB,KXNFLTD,KXNFLTD-26OCT04GBTB-TBEEGBUKA2-2,Emeka Egbuka: 2+ touchdowns,0.0300,0.0400,0.0400,354.97,354.97,active,2026-10-06T17:00:00Z,2026-10-02T09:37:33+00:00
KXNFLTD-26OCT04GBTB,KXNFLTD,KXNFLTD-26OCT04GBTB-TBCGODWIN14-2,Chris Godwin Jr.: 2+ touchdowns,0.0100,0.0200,0.0200,35.63,35.63,active,2026-10-06T17:00:00Z,2026-10-02T09:37:33+00:00
KXNFLTD-26OCT04GBTB,KXNFLTD,KXNFLTD-26OCT04GBTB-TBCOTTON88-2,Cade Otton: 2+ touchdowns,0.0100,0.0200,0.0200,144.00,144.00,active,2026-10-06T17:00:00Z,2026-10-02T09:37:33+00:00
KXNFLTD-26OCT04GBTB,KXNFLTD,KXNFLTD-26OCT04GBTB-TBBIRVING7-2,Bucky Irving: 2+ touchdowns,0.0400,0.0700,0.0700,592.29,562.91,active,2026-10-06T17:00:00Z,2026-10-02T09:37:33+00:00
KXNFLTD-26OCT04GBTB,KXNFLTD,KXNFLTD-26OCT04GBTB-GBCWATSON9-2,Christian Watson: 2+ touchdowns,0.0500,0.0700,0.0700,33100.21,33059.84,active,2026-10-06T17:00:00Z,2026-10-02T09:37:33+00:00
KXNFLTD-26OCT04GBTB,KXNFLTD,KXNFLTD-26OCT04GBTB-GBMGOLDEN0-1,Matthew Golden: 1+ touchdowns,0.2900,0.3000,0.2900,459.14,459.14,active,2026-10-06T17:00:00Z,2026-10-02T09:37:33+00:00
KXNFLTD-26OCT04GBTB,KXNFLTD,KXNFLTD-26OCT04GBTB-TBTHURST17-2,Ted Hurst III: 2+ touchdowns,0.0100,0.0200,0.0300,319.23,319.23,active,2026-10-06T17:00:00Z,2026-10-02T09:37:33+00:00
KXNFLTD-26OCT04INDWAS,KXNFLTD,KXNFLTD-26OCT04INDWAS-INDSMCGOWAN20-2,Seth McGowan: 2+ touchdowns,0.0000,0.0200,0.0100,572.00,572.00,active,2026-10-06T13:30:00Z,2026-10-02T09:37:33+00:00
KXNFLTD-26OCT04INDWAS,KXNFLTD,KXNFLTD-26OCT04INDWAS-WASWASDST-1,WAS Commanders D/ST: 1+ touchdowns,0.0900,0.1600,0.1500,58.76,58.76,active,2026-10-06T13:30:00Z,2026-10-02T09:37:33+00:00
KXNFLTD-26OCT04INDWAS,KXNFLTD,KXNFLTD-26OCT04INDWAS-WASAEKELER30-2,Austin Ekeler: 2+ touchdowns,0.0100,0.0200,0.0000,0.00,0.00,active,2026-10-06T13:30:00Z,2026-10-02T09:37:33+00:00
KXNFLTD-26OCT04INDWAS,KXNFLTD,KXNFLTD-26OCT04INDWAS-INDSMCGOWAN20-1,Seth McGowan: 1+ touchdowns,0.0800,0.1000,0.0000,0.00,0.00,active,2026-10-06T13:30:00Z,2026-10-02T09:37:33+00:00
KXNFLTD-26OCT04INDWAS,KXNFLTD,KXNFLTD-26OCT04INDWAS-INDLTREADWELL13-1,Laquon Treadwell: 1+ touchdowns,0.1300,0.1500,0.1300,7.87,7.87,active,2026-10-06T13:30:00Z,2026-10-02T09:37:33+00:00
KXNFLTD-26OCT04INDWAS,KXNFLTD,KXNFLTD-26OCT04INDWAS-WASKALLEN31-3,Kaytron Allen: 3+ touchdowns,0.0000,0.0100,0.0100,300.00,300.00,active,2026-10-06T13:30:00Z,2026-10-02T09:37:33+00:00
KXNFLTD-26OCT04INDWAS,KXNFLTD,KXNFLTD-26OCT04INDWAS-WASAWILLIAMS14-2,Antonio Williams: 2+ touchdowns,0.0100,0.0200,0.0000,0.00,0.00,active,2026-10-06T13:30:00Z,2026-10-02T09:37:33+00:00
KXNFLTD-26OCT04INDWAS,KXNFLTD,KXNFLTD-26OCT04INDWAS-INDDJONES17-2,Daniel Jones: 2+ touchdowns,0.0100,0.0300,0.0000,0.00,0.00,active,2026-10-06T13:30:00Z,2026-10-02T09:37:33+00:00
KXNFLTD-26OCT04INDWAS,KXNFLTD,KXNFLTD-26OCT04INDWAS-INDDOGLETREE85-1,Drew Ogletree: 1+ touchdowns,0.0500,0.0600,0.0600,259.00,259.00,active,2026-10-06T13:30:00Z,2026-10-02T09:37:33+00:00
KXNFLTD-26OCT04INDWAS,KXNFLTD,KXNFLTD-26OCT04INDWAS-WASJCROSKEYMERRITT22-3,Jacory Croskey-Merritt: 3+ touchdowns,0.0100,0.0300,0.0000,0.00,0.00,active,2026-10-06T13:30:00Z,2026-10-02T09:37:33+00:00
KXNFLTD-26OCT04INDWAS,KXNFLTD,KXNFLTD-26OCT04INDWAS-INDTWARREN84-3,Tyler Warren: 3+ touchdowns,0.0000,0.0200,0.0100,300.00,300.00,active,2026-10-06T13:30:00Z,2026-10-02T09:37:33+00:00
KXNFLTD-26OCT04INDWAS,KXNFLTD,KXNFLTD-26OCT04INDWAS-WASDBROWN6-1,Dyami Brown: 1+ touchdowns,0.0900,0.1000,0.1100,228.36,228.36,active,2026-10-06T13:30:00Z,2026-10-02T09:37:33+00:00
KXNFLTD-26OCT04INDWAS,KXNFLTD,KXNFLTD-26OCT04INDWAS-INDDSLAYTON11-2,Darius Slayton: 2+ touchdowns,0.0100,0.0200,0.0000,0.00,0.00,active,2026-10-06T13:30:00Z,2026-10-02T09:37:33+00:00
KXNFLTD-26OCT04INDWAS,KXNFLTD,KXNFLTD-26OCT04INDWAS-WASRWHITE1-1,Rachaad White: 1+ touchdowns,0.2100,0.2200,0.2100,465.06,465.06,active,2026-10-06T13:30:00Z,2026-10-02T09:37:33+00:00
KXNFLTD-26OCT04INDWAS,KXNFLTD,KXNFLTD-26OCT04INDWAS-WASKALLEN31-2,Kaytron Allen: 2+ touchdowns,0.0100,0.0300,0.0000,0.00,0.00,active,2026-10-06T13:30:00Z,2026-10-02T09:37:33+00:00
KXNFLTD-26OCT04INDWAS,KXNFLTD,KXNFLTD-26OCT04INDWAS-INDLTREADWELL13-2,Laquon Treadwell: 2+ touchdowns,0.0100,0.0200,0.0000,0.00,0.00,active,2026-10-06T13:30:00Z,2026-10-02T09:37:33+00:00
KXNFLTD-26OCT04INDWAS,KXNFLTD,KXNFLTD-26OCT04INDWAS-WASSDIGGS3-2,Stefon Diggs: 2+ touchdowns,0.0300,0.0400,0.0400,5377.54,5377.54,active,2026-10-06T13:30:00Z,2026-10-02T09:37:33+00:00
KXNFLTD-26OCT04INDWAS,KXNFLTD,KXNFLTD-26OCT04INDWAS-INDTWARREN84-2,Tyler Warren: 2+ touchdowns,0.0500,0.0700,0.0700,797.14,797.14,active,2026-10-06T13:30:00Z,2026-10-02T09:37:33+00:00
KXNFLTD-26OCT04INDWAS,KXNFLTD,KXNFLTD-26OCT04INDWAS-WASBSINNOTT82-2,Ben Sinnott: 2+ touchdowns,0.0000,0.0200,0.0100,22653.94,13659.94,active,2026-10-06T13:30:00Z,2026-10-02T09:37:33+00:00
KXNFLTD-26OCT04INDWAS,KXNFLTD,KXNFLTD-26OCT04INDWAS-INDJDOWNS2-2,Josh Downs: 2+ touchdowns,0.0400,0.0600,0.0000,0.00,0.00,active,2026-10-06T13:30:00Z,2026-10-02T09:37:33+00:00
KXNFLTD-26OCT04INDWAS,KXNFLTD,KXNFLTD-26OCT04INDWAS-WASRWHITE1-2,Rachaad White: 2+ touchdowns,0.0100,0.0500,0.0300,40.00,40.00,active,2026-10-06T13:30:00Z,2026-10-02T09:37:33+00:00
KXNFLTD-26OCT04INDWAS,KXNFLTD,KXNFLTD-26OCT04INDWAS-INDINDDST-1,IND Colts D/ST: 1+ touchdowns,0.1000,0.1500,0.1500,87.50,82.79,active,2026-10-06T13:30:00Z,2026-10-02T09:37:33+00:00
KXNFLTD-26OCT04INDWAS,KXNFLTD,KXNFLTD-26OCT04INDWAS-WASJBATES87-1,John Bates: 1+ touchdowns,0.0700,0.1100,0.0800,108.25,108.25,active,2026-10-06T13:30:00Z,2026-10-02T09:37:33+00:00
KXNFLTD-26OCT04INDWAS,KXNFLTD,KXNFLTD-26OCT04INDWAS-INDDJONES17-1,Daniel Jones: 1+ touchdowns,0.1800,0.1900,0.1900,676.94,676.94,active,2026-10-06T13:30:00Z,2026-10-02T09:37:33+00:00
KXNFLTD-26OCT04INDWAS,KXNFLTD,KXNFLTD-26OCT04INDWAS-WASTBURKS13-1,Treylon Burks: 1+ touchdowns,0.0700,0.0800,0.0800,2265.49,2265.49,active,2026-10-06T13:30:00Z,2026-10-02T09:37:33+00:00
KXNFLTD-26OCT04INDWAS,KXNFLTD,KXNFLTD-26OCT04INDWAS-WASAWILLIAMS14-1,Antonio Williams: 1+ touchdowns,0.1200,0.1400,0.1400,325.13,325.13,active,2026-10-06T13:30:00Z,2026-10-02T09:37:33+00:00
KXNFLTD-26OCT04INDWAS,KXNFLTD,KXNFLTD-26OCT04INDWAS-INDDSLAYTON11-1,Darius Slayton: 1+ touchdowns,0.1000,0.1200,0.1300,745.12,745.12,active,2026-10-06T13:30:00Z,2026-10-02T09:37:33+00:00
KXNFLTD-26OCT04INDWAS,KXNFLTD,KXNFLTD-26OCT04INDWAS-INDMALIECOX81-1,Mo Alie-Cox: 1+ touchdowns,0.0600,0.0700,0.0800,449.80,449.80,active,2026-10-06T13:30:00Z,2026-10-02T09:37:33+00:00
KXNFLTD-26OCT04INDWAS,KXNFLTD,KXNFLTD-26OCT04INDWAS-WASAEKELER30-1,Austin Ekeler: 1+ touchdowns,0.0600,0.1100,0.1100,42.78,42.78,active,2026-10-06T13:30:00Z,2026-10-02T09:37:33+00:00
KXNFLTD-26OCT04INDWAS,KXNFLTD,KXNFLTD-26OCT04INDWAS-INDJDOWNS2-3,Josh Downs: 3+ touchdowns,0.0000,0.0200,0.0100,300.00,300.00,active,2026-10-06T13:30:00Z,2026-10-02T09:37:33+00:00
KXNFLTD-26OCT04INDWAS,KXNFLTD,KXNFLTD-26OCT04INDWAS-INDDBURKS80-1,Deion Burks: 1+ touchdowns,0.0400,0.0600,0.0000,0.00,0.00,active,2026-10-06T13:30:00Z,2026-10-02T09:37:33+00:00
KXNFLTD-26OCT04INDWAS,KXNFLTD,KXNFLTD-26OCT04INDWAS-INDTWARREN84-1,Tyler Warren: 1+ touchdowns,0.3500,0.3600,0.3600,1755.68,1754.21,active,2026-10-06T13:30:00Z,2026-10-02T09:37:33+00:00
KXNFLTD-26OCT04INDWAS,KXNFLTD,KXNFLTD-26OCT04INDWAS-WASMMARIOTA8-1,Marcus Mariota: 1+ touchdowns,0.1600,0.2000,0.1900,2796.93,626.01,active,2026-10-06T13:30:00Z,2026-10-02T09:37:33+00:00
KXNFLTD-26OCT04INDWAS,KXNFLTD,KXNFLTD-26OCT04INDWAS-WASJCROSKEYMERRITT22-2,Jacory Croskey-Merritt: 2+ touchdowns,0.1000,0.1300,0.1300,113.69,113.69,active,2026-10-06T13:30:00Z,2026-10-02T09:37:33+00:00
KXNFLTD-26OCT04INDWAS,KXNFLTD,KXNFLTD-26OCT04INDWAS-INDKALLEN10-2,Keenan Allen: 2+ touchdowns,0.0100,0.0400,0.0000,0.00,0.00,active,2026-10-06T13:30:00Z,2026-10-02T09:37:33+00:00
KXNFLTD-26OCT04INDWAS,KXNFLTD,KXNFLTD-26OCT04INDWAS-WASKALLEN31-1,Kaytron Allen: 1+ touchdowns,0.1400,0.1600,0.1100,33609.96,19765.80,active,2026-10-06T13:30:00Z,2026-10-02T09:37:33+00:00
KXNFLTD-26OCT04INDWAS,KXNFLTD,KXNFLTD-26OCT04INDWAS-WASTMCLAURIN17-2,Terry McLaurin: 2+ touchdowns,0.0200,0.0500,0.0400,5.85,5.85,active,2026-10-06T13:30:00Z,2026-10-02T09:37:33+00:00
KXNFLTD-26OCT04INDWAS,KXNFLTD,KXNFLTD-26OCT04INDWAS-WASBSINNOTT82-1,Ben Sinnott: 1+ touchdowns,0.0700,0.1000,0.0800,237.80,212.80,active,2026-10-06T13:30:00Z,2026-10-02T09:37:33+00:00
KXNFLTD-26OCT04INDWAS,KXNFLTD,KXNFLTD-26OCT04INDWAS-WASJBATES87-2,John Bates: 2+ touchdowns,0.0000,0.0200,0.0100,300.00,300.00,active,2026-10-06T13:30:00Z,2026-10-02T09:37:33+00:00
KXNFLTD-26OCT04INDWAS,KXNFLTD,KXNFLTD-26OCT04INDWAS-WASDBROWN6-2,Dyami Brown: 2+ touchdowns,0.0000,0.0100,0.0100,300.00,300.00,active,2026-10-06T13:30:00Z,2026-10-02T09:37:33+00:00
KXNFLTD-26OCT04INDWAS,KXNFLTD,KXNFLTD-26OCT04INDWAS-WASJLANE83-1,Jaylin Lane: 1+ touchdowns,0.0400,0.0600,0.0500,6.00,6.00,active,2026-10-06T13:30:00Z,2026-10-02T09:37:33+00:00
KXNFLTD-26OCT04INDWAS,KXNFLTD,KXNFLTD-26OCT04INDWAS-INDJDOWNS2-1,Josh Downs: 1+ touchdowns,0.3200,0.3300,0.3300,1148.56,1148.56,active,2026-10-06T13:30:00Z,2026-10-02T09:37:33+00:00
KXNFLTD-26OCT04INDWAS,KXNFLTD,KXNFLTD-26OCT04INDWAS-INDKALLEN10-1,Keenan Allen: 1+ touchdowns,0.2200,0.2500,0.2300,562.27,562.27,active,2026-10-06T13:30:00Z,2026-10-02T09:37:33+00:00
KXNFLTD-26OCT04INDWAS,KXNFLTD,KXNFLTD-26OCT04INDWAS-INDJTAYLOR28-2,Jonathan Taylor: 2+ touchdowns,0.3100,0.3400,0.3400,2207.55,1919.58,active,2026-10-06T13:30:00Z,2026-10-02T09:37:33+00:00
KXNFLTD-26OCT04INDWAS,KXNFLTD,KXNFLTD-26OCT04INDWAS-WASMMARIOTA8-2,Marcus Mariota: 2+ touchdowns,0.0100,0.0300,0.0300,1742.23,1742.23,active,2026-10-06T13:30:00Z,2026-10-02T09:37:33+00:00
KXNFLTD-26OCT04INDWAS,KXNFLTD,KXNFLTD-26OCT04INDWAS-WASJCROSKEYMERRITT22-1,Jacory Croskey-Merritt: 1+ touchdowns,0.4300,0.4400,0.4400,759.09,674.06,active,2026-10-06T13:30:00Z,2026-10-02T09:37:33+00:00
KXNFLTD-26OCT04INDWAS,KXNFLTD,KXNFLTD-26OCT04INDWAS-WASTMCLAURIN17-1,Terry McLaurin: 1+ touchdowns,0.2700,0.2800,0.2800,684.36,684.36,active,2026-10-06T13:30:00Z,2026-10-02T09:37:33+00:00
KXNFLTD-26OCT04INDWAS,KXNFLTD,KXNFLTD-26OCT04INDWAS-WASSDIGGS3-1,Stefon Diggs: 1+ touchdowns,0.2600,0.2700,0.2700,3591.07,3591.07,active,2026-10-06T13:30:00Z,2026-10-02T09:37:33+00:00
KXNFLTD-26OCT04INDWAS,KXNFLTD,KXNFLTD-26OCT04INDWAS-INDJTAYLOR28-1,Jonathan Taylor: 1+ touchdowns,0.6600,0.6800,0.6800,6852.47,6113.99,active,2026-10-06T13:30:00Z,2026-10-02T09:37:33+00:00
KXNFLTD-26OCT04INDWAS,KXNFLTD,KXNFLTD-26OCT04INDWAS-INDJTAYLOR28-3,Jonathan Taylor: 3+ touchdowns,0.0800,0.1000,0.0600,522.40,261.20,active,2026-10-06T13:30:00Z,2026-10-02T09:37:33+00:00
KXNFLTD-26OCT04JACCIN,KXNFLTD,KXNFLTD-26OCT04JACCIN-CINMTINSLEY84-2,Mitchell Tinsley: 2+ touchdowns,0.0000,0.0100,0.0100,607.00,607.00,active,2026-10-06T17:00:00Z,2026-10-02T09:37:33+00:00
KXNFLTD-26OCT04JACCIN,KXNFLTD,KXNFLTD-26OCT04JACCIN-JACQMORRIS80-1,Quintin Morris: 1+ touchdowns,0.0300,0.0600,0.0000,0.00,0.00,active,2026-10-06T17:00:00Z,2026-10-02T09:37:33+00:00
KXNFLTD-26OCT04JACCIN,KXNFLTD,KXNFLTD-26OCT04JACCIN-JACPWASHINGTON11-3,Parker Washington: 3+ touchdowns,0.0100,0.0200,0.0100,61.23,61.23,active,2026-10-06T17:00:00Z,2026-10-02T09:37:33+00:00
KXNFLTD-26OCT04JACCIN,KXNFLTD,KXNFLTD-26OCT04JACCIN-CINCBROWN30-3,Chase Brown: 3+ touchdowns,0.0300,0.0600,0.0000,0.00,0.00,active,2026-10-06T17:00:00Z,2026-10-02T09:37:33+00:00
KXNFLTD-26OCT04JACCIN,KXNFLTD,KXNFLTD-26OCT04JACCIN-CINJCHASE1-3,Ja'Marr Chase: 3+ touchdowns,0.0100,0.0300,0.0000,0.00,0.00,active,2026-10-06T17:00:00Z,2026-10-02T09:37:33+00:00
KXNFLTD-26OCT04JACCIN,KXNFLTD,KXNFLTD-26OCT04JACCIN-CINTHIGGINS5-3,Tee Higgins: 3+ touchdowns,0.0100,0.0200,0.0000,0.00,0.00,active,2026-10-06T17:00:00Z,2026-10-02T09:37:33+00:00
KXNFLTD-26OCT04JACCIN,KXNFLTD,KXNFLTD-26OCT04JACCIN-JACBSTRANGE85-3,Brenton Strange: 3+ touchdowns,0.0100,0.0200,0.0000,0.00,0.00,active,2026-10-06T17:00:00Z,2026-10-02T09:37:33+00:00
KXNFLTD-26OCT04JACCIN,KXNFLTD,KXNFLTD-26OCT04JACCIN-JACBTUTEN33-3,Bhayshul Tuten: 3+ touchdowns,0.0100,0.0300,0.0000,0.00,0.00,active,2026-10-06T17:00:00Z,2026-10-02T09:37:33+00:00
KXNFLTD-26OCT04JACCIN,KXNFLTD,KXNFLTD-26OCT04JACCIN-JACJMEYERS3-2,Jakobi Meyers: 2+ touchdowns,0.0100,0.0500,0.0400,23.42,23.42,active,2026-10-06T17:00:00Z,2026-10-02T09:37:33+00:00
KXNFLTD-26OCT04JACCIN,KXNFLTD,KXNFLTD-26OCT04JACCIN-JACCRODRIGUEZ24-2,Chris Rodriguez Jr.: 2+ touchdowns,0.0200,0.0400,0.0000,0.00,0.00,active,2026-10-06T17:00:00Z,2026-10-02T09:37:33+00:00
KXNFLTD-26OCT04JACCIN,KXNFLTD,KXNFLTD-26OCT04JACCIN-JACBSTRANGE85-2,Brenton Strange: 2+ touchdowns,0.0100,0.0400,0.0000,0.00,0.00,active,2026-10-06T17:00:00Z,2026-10-02T09:37:33+00:00
KXNFLTD-26OCT04JACCIN,KXNFLTD,KXNFLTD-26OCT04JACCIN-CINSPERINE34-2,Samaje Perine: 2+ touchdowns,0.0100,0.0200,0.0000,0.00,0.00,active,2026-10-06T17:00:00Z,2026-10-02T09:37:33+00:00
KXNFLTD-26OCT04JACCIN,KXNFLTD,KXNFLTD-26OCT04JACCIN-JACBTHOMAS7-2,Brian Thomas Jr.: 2+ touchdowns,0.0100,0.0300,0.0000,0.00,0.00,active,2026-10-06T17:00:00Z,2026-10-02T09:37:33+00:00
KXNFLTD-26OCT04JACCIN,KXNFLTD,KXNFLTD-26OCT04JACCIN-JACJCAMERON19-2,Josh Cameron: 2+ touchdowns,0.0100,0.0200,0.0200,323.17,323.17,active,2026-10-06T17:00:00Z,2026-10-02T09:37:33+00:00
KXNFLTD-26OCT04JACCIN,KXNFLTD,KXNFLTD-26OCT04JACCIN-CINEALL83-2,Erick All Jr.: 2+ touchdowns,0.0000,0.0100,0.0100,300.00,300.00,active,2026-10-06T17:00:00Z,2026-10-02T09:37:33+00:00
KXNFLTD-26OCT04JACCIN,KXNFLTD,KXNFLTD-26OCT04JACCIN-CINMGESICKI88-2,Mike Gesicki: 2+ touchdowns,0.0100,0.0400,0.0400,17.56,17.56,active,2026-10-06T17:00:00Z,2026-10-02T09:37:33+00:00
KXNFLTD-26OCT04JACCIN,KXNFLTD,KXNFLTD-26OCT04JACCIN-CINDMEYERS81-2,Dohnte Meyers: 2+ touchdowns,0.0100,0.0300,0.0000,0.00,0.00,active,2026-10-06T17:00:00Z,2026-10-02T09:37:33+00:00
KXNFLTD-26OCT04JACCIN,KXNFLTD,KXNFLTD-26OCT04JACCIN-CINDSAMPLE89-2,Drew Sample: 2+ touchdowns,0.0000,0.0200,0.0100,573.79,573.79,active,2026-10-06T17:00:00Z,2026-10-02T09:37:33+00:00
KXNFLTD-26OCT04JACCIN,KXNFLTD,KXNFLTD-26OCT04JACCIN-CINJENDRIES84-1,Jack Endries: 1+ touchdowns,0.0600,0.0700,0.0000,0.00,0.00,active,2026-10-06T17:00:00Z,2026-10-02T09:37:33+00:00
KXNFLTD-26OCT04JACCIN,KXNFLTD,KXNFLTD-26OCT04JACCIN-JACAABDULLAH20-1,Ameer Abdullah: 1+ touchdowns,0.0700,0.1000,0.0000,0.00,0.00,active,2026-10-06T17:00:00Z,2026-10-02T09:37:33+00:00
KXNFLTD-26OCT04JACCIN,KXNFLTD,KXNFLTD-26OCT04JACCIN-JACNBOERKIRCHER87-1,Nate Boerkircher: 1+ touchdowns,0.0800,0.0900,0.0800,68.04,68.04,active,2026-10-06T17:00:00Z,2026-10-02T09:37:33+00:00
KXNFLTD-26OCT04JACCIN,KXNFLTD,KXNFLTD-26OCT04JACCIN-CINCINDST-1,CIN Bengals D/ST: 1+ touchdowns,0.1100,0.1800,0.1400,129.72,129.72,active,2026-10-06T17:00:00Z,2026-10-02T09:37:33+00:00
KXNFLTD-26OCT04JACCIN,KXNFLTD,KXNFLTD-26OCT04JACCIN-CINSPERINE34-1,Samaje Perine: 1+ touchdowns,0.1600,0.1700,0.1800,568.48,568.48,active,2026-10-06T17:00:00Z,2026-10-02T09:37:33+00:00
KXNFLTD-26OCT04JACCIN,KXNFLTD,KXNFLTD-26OCT04JACCIN-CINDMEYERS81-1,Dohnte Meyers: 1+ touchdowns,0.1500,0.1600,0.1500,901.16,901.16,active,2026-10-06T17:00:00Z,2026-10-02T09:37:33+00:00
KXNFLTD-26OCT04JACCIN,KXNFLTD,KXNFLTD-26OCT04JACCIN-JACPWASHINGTON11-2,Parker Washington: 2+ touchdowns,0.0600,0.0800,0.0800,63.61,63.61,active,2026-10-06T17:00:00Z,2026-10-02T09:37:33+00:00
KXNFLTD-26OCT04JACCIN,KXNFLTD,KXNFLTD-26OCT04JACCIN-JACTHUNTER12-1,Travis Hunter: 1+ touchdowns,0.0600,0.0700,0.0700,77.62,77.62,active,2026-10-06T17:00:00Z,2026-10-02T09:37:33+00:00
KXNFLTD-26OCT04JACCIN,KXNFLTD,KXNFLTD-26OCT04JACCIN-CINMTINSLEY84-1,Mitchell Tinsley: 1+ touchdowns,0.0700,0.0900,0.0800,2249.45,2249.45,active,2026-10-06T17:00:00Z,2026-10-02T09:37:33+00:00
KXNFLTD-26OCT04JACCIN,KXNFLTD,KXNFLTD-26OCT04JACCIN-JACJCAMERON19-1,Josh Cameron: 1+ touchdowns,0.1000,0.1100,0.1100,109.07,109.07,active,2026-10-06T17:00:00Z,2026-10-02T09:37:33+00:00
KXNFLTD-26OCT04JACCIN,KXNFLTD,KXNFLTD-26OCT04JACCIN-JACJMEYERS3-1,Jakobi Meyers: 1+ touchdowns,0.2600,0.2800,0.2800,373.67,254.47,active,2026-10-06T17:00:00Z,2026-10-02T09:37:33+00:00
KXNFLTD-26OCT04JACCIN,KXNFLTD,KXNFLTD-26OCT04JACCIN-CINTHUDSON87-1,Tanner Hudson: 1+ touchdowns,0.0700,0.0800,0.0800,770.93,770.93,active,2026-10-06T17:00:00Z,2026-10-02T09:37:33+00:00
KXNFLTD-26OCT04JACCIN,KXNFLTD,KXNFLTD-26OCT04JACCIN-JACLALLEN5-1,LeQuint Allen Jr.: 1+ touchdowns,0.0700,0.1000,0.0000,0.00,0.00,active,2026-10-06T17:00:00Z,2026-10-02T09:37:33+00:00
KXNFLTD-26OCT04JACCIN,KXNFLTD,KXNFLTD-26OCT04JACCIN-JACTLAWRENCE16-2,Trevor Lawrence: 2+ touchdowns,0.0300,0.0400,0.0400,3689.48,3689.48,active,2026-10-06T17:00:00Z,2026-10-02T09:37:33+00:00
KXNFLTD-26OCT04JACCIN,KXNFLTD,KXNFLTD-26OCT04JACCIN-CINJBURROW9-1,Joe Burrow: 1+ touchdowns,0.0900,0.1000,0.0900,1969.07,1958.63,active,2026-10-06T17:00:00Z,2026-10-02T09:37:33+00:00
KXNFLTD-26OCT04JACCIN,KXNFLTD,KXNFLTD-26OCT04JACCIN-CINJCHASE1-2,Ja'Marr Chase: 2+ touchdowns,0.1000,0.1400,0.1400,1658.15,1636.40,active,2026-10-06T17:00:00Z,2026-10-02T09:37:33+00:00
KXNFLTD-26OCT04JACCIN,KXNFLTD,KXNFLTD-26OCT04JACCIN-JACAABDULLAH20-2,Ameer Abdullah: 2+ touchdowns,0.0100,0.0200,0.0000,0.00,0.00,active,2026-10-06T17:00:00Z,2026-10-02T09:37:33+00:00
KXNFLTD-26OCT04JACCIN,KXNFLTD,KXNFLTD-26OCT04JACCIN-CINDSAMPLE89-1,Drew Sample: 1+ touchdowns,0.1000,0.1200,0.0000,0.00,0.00,active,2026-10-06T17:00:00Z,2026-10-02T09:37:33+00:00
KXNFLTD-26OCT04JACCIN,KXNFLTD,KXNFLTD-26OCT04JACCIN-CINTHIGGINS5-2,Tee Higgins: 2+ touchdowns,0.0600,0.0700,0.0800,105.69,105.69,active,2026-10-06T17:00:00Z,2026-10-02T09:37:33+00:00
KXNFLTD-26OCT04JACCIN,KXNFLTD,KXNFLTD-26OCT04JACCIN-CINEALL83-1,Erick All Jr.: 1+ touchdowns,0.0600,0.0700,0.0000,0.00,0.00,active,2026-10-06T17:00:00Z,2026-10-02T09:37:33+00:00
KXNFLTD-26OCT04JACCIN,KXNFLTD,KXNFLTD-26OCT04JACCIN-CINJENDRIES84-2,Jack Endries: 2+ touchdowns,0.0100,0.0200,0.0100,176.64,176.64,active,2026-10-06T17:00:00Z,2026-10-02T09:37:33+00:00
KXNFLTD-26OCT04JACCIN,KXNFLTD,KXNFLTD-26OCT04JACCIN-CINJCHASE1-1,Ja'Marr Chase: 1+ touchdowns,0.5000,0.5100,0.5100,1039.06,1027.47,active,2026-10-06T17:00:00Z,2026-10-02T09:37:33+00:00
KXNFLTD-26OCT04JACCIN,KXNFLTD,KXNFLTD-26OCT04JACCIN-CINCBROWN30-2,Chase Brown: 2+ touchdowns,0.1800,0.2100,0.1800,66.59,66.59,active,2026-10-06T17:00:00Z,2026-10-02T09:37:33+00:00
KXNFLTD-26OCT04JACCIN,KXNFLTD,KXNFLTD-26OCT04JACCIN-JACJACDST-1,JAC Jaguars D/ST: 1+ touchdowns,0.0800,0.1600,0.0000,0.00,0.00,active,2026-10-06T17:00:00Z,2026-10-02T09:37:33+00:00
KXNFLTD-26OCT04JACCIN,KXNFLTD,KXNFLTD-26OCT04JACCIN-JACBSTRANGE85-1,Brenton Strange: 1+ touchdowns,0.2500,0.2600,0.2600,473.54,473.54,active,2026-10-06T17:00:00Z,2026-10-02T09:37:33+00:00
KXNFLTD-26OCT04JACCIN,KXNFLTD,KXNFLTD-26OCT04JACCIN-JACCRODRIGUEZ24-1,Chris Rodriguez Jr.: 1+ touchdowns,0.2200,0.2400,0.0000,0.00,0.00,active,2026-10-06T17:00:00Z,2026-10-02T09:37:33+00:00
KXNFLTD-26OCT04JACCIN,KXNFLTD,KXNFLTD-26OCT04JACCIN-JACBTUTEN33-2,Bhayshul Tuten: 2+ touchdowns,0.1100,0.1300,0.1300,121.35,121.35,active,2026-10-06T17:00:00Z,2026-10-02T09:37:33+00:00
KXNFLTD-26OCT04JACCIN,KXNFLTD,KXNFLTD-26OCT04JACCIN-CINCBROWN30-1,Chase Brown: 1+ touchdowns,0.5600,0.5800,0.5800,254.73,231.86,active,2026-10-06T17:00:00Z,2026-10-02T09:37:33+00:00
KXNFLTD-26OCT04JACCIN,KXNFLTD,KXNFLTD-26OCT04JACCIN-JACTLAWRENCE16-1,Trevor Lawrence: 1+ touchdowns,0.2000,0.2100,0.2200,3512.62,3511.62,active,2026-10-06T17:00:00Z,2026-10-02T09:37:33+00:00
KXNFLTD-26OCT04JACCIN,KXNFLTD,KXNFLTD-26OCT04JACCIN-CINTHIGGINS5-1,Tee Higgins: 1+ touchdowns,0.3700,0.3800,0.3800,527.08,527.08,active,2026-10-06T17:00:00Z,2026-10-02T09:37:33+00:00
KXNFLTD-26OCT04JACCIN,KXNFLTD,KXNFLTD-26OCT04JACCIN-CINMGESICKI88-1,Mike Gesicki: 1+ touchdowns,0.2200,0.2400,0.2300,2634.36,2634.36,active,2026-10-06T17:00:00Z,2026-10-02T09:37:33+00:00
KXNFLTD-26OCT04JACCIN,KXNFLTD,KXNFLTD-26OCT04JACCIN-JACBTHOMAS7-1,Brian Thomas Jr.: 1+ touchdowns,0.1900,0.2200,0.2300,592.77,592.77,active,2026-10-06T17:00:00Z,2026-10-02T09:37:33+00:00
KXNFLTD-26OCT04JACCIN,KXNFLTD,KXNFLTD-26OCT04JACCIN-JACBTUTEN33-1,Bhayshul Tuten: 1+ touchdowns,0.4400,0.4600,0.4600,531.48,530.48,active,2026-10-06T17:00:00Z,2026-10-02T09:37:33+00:00
KXNFLTD-26OCT04JACCIN,KXNFLTD,KXNFLTD-26OCT04JACCIN-JACPWASHINGTON11-1,Parker Washington: 1+ touchdowns,0.3800,0.3900,0.3900,376.89,376.89,active,2026-10-06T17:00:00Z,2026-10-02T09:37:33+00:00
KXNFLTD-26OCT04KCLV,KXNFLTD,KXNFLTD-26OCT04KCLV-LVKCOUSINS8-1,Kirk Cousins: 1+ touchdowns,0.0400,0.0600,0.0600,26200.71,20665.71,active,2026-10-06T20:25:00Z,2026-10-02T09:37:33+00:00
KXNFLTD-26OCT04KCLV,KXNFLTD,KXNFLTD-26OCT04KCLV-KCTKELCE87-3,Travis Kelce: 3+ touchdowns,0.0100,0.0200,0.0300,10.00,10.00,active,2026-10-06T20:25:00Z,2026-10-02T09:37:33+00:00
KXNFLTD-26OCT04KCLV,KXNFLTD,KXNFLTD-26OCT04KCLV-KCKWALKER9-3,Kenneth Walker III: 3+ touchdowns,0.0300,0.0600,0.0000,0.00,0.00,active,2026-10-06T20:25:00Z,2026-10-02T09:37:33+00:00
KXNFLTD-26OCT04KCLV,KXNFLTD,KXNFLTD-26OCT04KCLV-LVAJEANTY2-2,Ashton Jeanty: 2+ touchdowns,0.1300,0.1700,0.1700,922.53,844.49,active,2026-10-06T20:25:00Z,2026-10-02T09:37:33+00:00
KXNFLTD-26OCT04KCLV,KXNFLTD,KXNFLTD-26OCT04KCLV-KCTTHORNTON2-2,Tyquan Thornton: 2+ touchdowns,0.0100,0.0200,0.0000,0.00,0.00,active,2026-10-06T20:25:00Z,2026-10-02T09:37:33+00:00
KXNFLTD-26OCT04KCLV,KXNFLTD,KXNFLTD-26OCT04KCLV-KCRRICE4-3,Rashee Rice: 3+ touchdowns,0.0000,0.0100,0.0100,721.51,721.51,active,2026-10-06T20:25:00Z,2026-10-02T09:37:33+00:00
KXNFLTD-26OCT04KCLV,KXNFLTD,KXNFLTD-26OCT04KCLV-KCNGRAY83-2,Noah Gray: 2+ touchdowns,0.0100,0.0200,0.0100,110.69,110.69,active,2026-10-06T20:25:00Z,2026-10-02T09:37:33+00:00
KXNFLTD-26OCT04KCLV,KXNFLTD,KXNFLTD-26OCT04KCLV-LVDYOUNG81-2,Dareke Young: 2+ touchdowns,0.0100,0.0200,0.0100,297.76,297.76,active,2026-10-06T20:25:00Z,2026-10-02T09:37:33+00:00
KXNFLTD-26OCT04KCLV,KXNFLTD,KXNFLTD-26OCT04KCLV-LVJNAILOR9-2,Jalen Nailor: 2+ touchdowns,0.0100,0.0200,0.0200,9414.68,9414.68,active,2026-10-06T20:25:00Z,2026-10-02T09:37:33+00:00
KXNFLTD-26OCT04KCLV,KXNFLTD,KXNFLTD-26OCT04KCLV-KCXWORTHY1-2,Xavier Worthy: 2+ touchdowns,0.0200,0.0500,0.0500,187.52,187.52,active,2026-10-06T20:25:00Z,2026-10-02T09:37:33+00:00
KXNFLTD-26OCT04KCLV,KXNFLTD,KXNFLTD-26OCT04KCLV-KCRRICE4-2,Rashee Rice: 2+ touchdowns,0.0700,0.0800,0.0800,784.87,784.87,active,2026-10-06T20:25:00Z,2026-10-02T09:37:33+00:00
KXNFLTD-26OCT04KCLV,KXNFLTD,KXNFLTD-26OCT04KCLV-LVMMAYER87-2,Michael Mayer: 2+ touchdowns,0.0100,0.0300,0.0000,0.00,0.00,active,2026-10-06T20:25:00Z,2026-10-02T09:37:33+00:00
KXNFLTD-26OCT04KCLV,KXNFLTD,KXNFLTD-26OCT04KCLV-KCEJOHNSON10-2,Emmett Johnson: 2+ touchdowns,0.0100,0.0300,0.0000,0.00,0.00,active,2026-10-06T20:25:00Z,2026-10-02T09:37:33+00:00
KXNFLTD-26OCT04KCLV,KXNFLTD,KXNFLTD-26OCT04KCLV-KCTKELCE87-2,Travis Kelce: 2+ touchdowns,0.0600,0.0800,0.0700,966.06,966.06,active,2026-10-06T20:25:00Z,2026-10-02T09:37:33+00:00
KXNFLTD-26OCT04KCLV,KXNFLTD,KXNFLTD-26OCT04KCLV-KCKWALKER9-2,Kenneth Walker III: 2+ touchdowns,0.2100,0.2300,0.2300,6571.89,6571.89,active,2026-10-06T20:25:00Z,2026-10-02T09:37:33+00:00
KXNFLTD-26OCT04KCLV,KXNFLTD,KXNFLTD-26OCT04KCLV-LVMWASHINGTON4-2,Mike Washington Jr.: 2+ touchdowns,0.0100,0.0200,0.0200,3217.39,3217.39,active,2026-10-06T20:25:00Z,2026-10-02T09:37:33+00:00
KXNFLTD-26OCT04KCLV,KXNFLTD,KXNFLTD-26OCT04KCLV-LVDYOUNG81-1,Dareke Young: 1+ touchdowns,0.0400,0.0700,0.0000,0.00,0.00,active,2026-10-06T20:25:00Z,2026-10-02T09:37:33+00:00
KXNFLTD-26OCT04KCLV,KXNFLTD,KXNFLTD-26OCT04KCLV-KCBSMITH24-1,Brashard Smith: 1+ touchdowns,0.1100,0.1200,0.1100,890.67,750.57,active,2026-10-06T20:25:00Z,2026-10-02T09:37:33+00:00
KXNFLTD-26OCT04KCLV,KXNFLTD,KXNFLTD-26OCT04KCLV-KCJROYALS11-1,Jalen Royals: 1+ touchdowns,0.0700,0.0900,0.0900,124.45,124.45,active,2026-10-06T20:25:00Z,2026-10-02T09:37:33+00:00
KXNFLTD-26OCT04KCLV,KXNFLTD,KXNFLTD-26OCT04KCLV-LVMMAYER87-1,Michael Mayer: 1+ touchdowns,0.1700,0.1800,0.1800,1131.57,1131.57,active,2026-10-06T20:25:00Z,2026-10-02T09:37:33+00:00
KXNFLTD-26OCT04KCLV,KXNFLTD,KXNFLTD-26OCT04KCLV-KCTTHORNTON2-1,Tyquan Thornton: 1+ touchdowns,0.1500,0.1600,0.1600,197.55,197.55,active,2026-10-06T20:25:00Z,2026-10-02T09:37:33+00:00
KXNFLTD-26OCT04KCLV,KXNFLTD,KXNFLTD-26OCT04KCLV-KCEJOHNSON10-1,Emmett Johnson: 1+ touchdowns,0.1700,0.1800,0.1700,464.62,464.62,active,2026-10-06T20:25:00Z,2026-10-02T09:37:33+00:00
KXNFLTD-26OCT04KCLV,KXNFLTD,KXNFLTD-26OCT04KCLV-LVTTUCKER1-1,Tre Tucker: 1+ touchdowns,0.1800,0.2000,0.2000,877.70,834.27,active,2026-10-06T20:25:00Z,2026-10-02T09:37:33+00:00
KXNFLTD-26OCT04KCLV,KXNFLTD,KXNFLTD-26OCT04KCLV-KCKCDST-1,KC Chiefs D/ST: 1+ touchdowns,0.1100,0.1600,0.1000,119.48,119.48,active,2026-10-06T20:25:00Z,2026-10-02T09:37:33+00:00
KXNFLTD-26OCT04KCLV,KXNFLTD,KXNFLTD-26OCT04KCLV-LVAJEANTY2-1,Ashton Jeanty: 1+ touchdowns,0.5300,0.5400,0.5400,751.25,739.75,active,2026-10-06T20:25:00Z,2026-10-02T09:37:33+00:00
KXNFLTD-26OCT04KCLV,KXNFLTD,KXNFLTD-26OCT04KCLV-KCNGRAY83-1,Noah Gray: 1+ touchdowns,0.0800,0.1000,0.1100,256.31,256.31,active,2026-10-06T20:25:00Z,2026-10-02T09:37:33+00:00
KXNFLTD-26OCT04KCLV,KXNFLTD,KXNFLTD-26OCT04KCLV-LVAJEANTY2-3,Ashton Jeanty: 3+ touchdowns,0.0400,0.0500,0.0000,0.00,0.00,active,2026-10-06T20:25:00Z,2026-10-02T09:37:33+00:00
KXNFLTD-26OCT04KCLV,KXNFLTD,KXNFLTD-26OCT04KCLV-LVJNAILOR9-1,Jalen Nailor: 1+ touchdowns,0.1600,0.1700,0.1700,1131.52,1113.67,active,2026-10-06T20:25:00Z,2026-10-02T09:37:33+00:00
KXNFLTD-26OCT04KCLV,KXNFLTD,KXNFLTD-26OCT04KCLV-KCPMAHOMES15-1,Patrick Mahomes: 1+ touchdowns,0.1600,0.1900,0.1900,3399.59,2499.25,active,2026-10-06T20:25:00Z,2026-10-02T09:37:33+00:00
KXNFLTD-26OCT04KCLV,KXNFLTD,KXNFLTD-26OCT04KCLV-LVCWHITE82-2,Cody White: 2+ touchdowns,0.0100,0.0200,0.0200,1637.65,1637.65,active,2026-10-06T20:25:00Z,2026-10-02T09:37:33+00:00
KXNFLTD-26OCT04KCLV,KXNFLTD,KXNFLTD-26OCT04KCLV-LVMBENSON19-1,Malik Benson: 1+ touchdowns,0.0500,0.0700,0.0700,174.36,174.36,active,2026-10-06T20:25:00Z,2026-10-02T09:37:33+00:00
KXNFLTD-26OCT04KCLV,KXNFLTD,KXNFLTD-26OCT04KCLV-LVMWASHINGTON4-1,Mike Washington Jr.: 1+ touchdowns,0.1500,0.1600,0.1600,1812.51,1812.51,active,2026-10-06T20:25:00Z,2026-10-02T09:37:33+00:00
KXNFLTD-26OCT04KCLV,KXNFLTD,KXNFLTD-26OCT04KCLV-LVTTUCKER1-2,Tre Tucker: 2+ touchdowns,0.0100,0.0300,0.0400,1171.28,1171.28,active,2026-10-06T20:25:00Z,2026-10-02T09:37:33+00:00
KXNFLTD-26OCT04KCLV,KXNFLTD,KXNFLTD-26OCT04KCLV-LVCWHITE82-1,Cody White: 1+ touchdowns,0.1200,0.1400,0.1400,4322.17,4290.53,active,2026-10-06T20:25:00Z,2026-10-02T09:37:33+00:00
KXNFLTD-26OCT04KCLV,KXNFLTD,KXNFLTD-26OCT04KCLV-KCBSMITH24-2,Brashard Smith: 2+ touchdowns,0.0100,0.0200,0.0000,0.00,0.00,active,2026-10-06T20:25:00Z,2026-10-02T09:37:33+00:00
KXNFLTD-26OCT04KCLV,KXNFLTD,KXNFLTD-26OCT04KCLV-KCXWORTHY1-1,Xavier Worthy: 1+ touchdowns,0.2500,0.2700,0.2600,678.58,659.36,active,2026-10-06T20:25:00Z,2026-10-02T09:37:33+00:00
KXNFLTD-26OCT04KCLV,KXNFLTD,KXNFLTD-26OCT04KCLV-LVBBOWERS89-3,Brock Bowers: 3+ touchdowns,0.0100,0.0200,0.0100,299.78,299.78,active,2026-10-06T20:25:00Z,2026-10-02T09:37:33+00:00
KXNFLTD-26OCT04KCLV,KXNFLTD,KXNFLTD-26OCT04KCLV-LVBBOWERS89-2,Brock Bowers: 2+ touchdowns,0.0600,0.0800,0.0800,4646.30,4634.90,active,2026-10-06T20:25:00Z,2026-10-02T09:37:33+00:00
KXNFLTD-26OCT04KCLV,KXNFLTD,KXNFLTD-26OCT04KCLV-KCRRICE4-1,Rashee Rice: 1+ touchdowns,0.3500,0.3600,0.3600,709.34,623.04,active,2026-10-06T20:25:00Z,2026-10-02T09:37:33+00:00
KXNFLTD-26OCT04KCLV,KXNFLTD,KXNFLTD-26OCT04KCLV-KCTKELCE87-1,Travis Kelce: 1+ touchdowns,0.3500,0.3600,0.3600,4292.85,4188.27,active,2026-10-06T20:25:00Z,2026-10-02T09:37:33+00:00
KXNFLTD-26OCT04KCLV,KXNFLTD,KXNFLTD-26OCT04KCLV-LVBBOWERS89-1,Brock Bowers: 1+ touchdowns,0.3300,0.3400,0.3400,6084.13,6084.13,active,2026-10-06T20:25:00Z,2026-10-02T09:37:33+00:00
KXNFLTD-26OCT04KCLV,KXNFLTD,KXNFLTD-26OCT04KCLV-KCKWALKER9-1,Kenneth Walker III: 1+ touchdowns,0.5800,0.5900,0.5900,1711.65,1556.68,active,2026-10-06T20:25:00Z,2026-10-02T09:37:33+00:00
KXNFLTD-26OCT04KCLV,KXNFLTD,KXNFLTD-26OCT04KCLV-LVLVDST-1,LV Raiders D/ST: 1+ touchdowns,0.1000,0.1500,0.1000,20.00,20.00,active,2026-10-06T20:25:00Z,2026-10-02T09:37:33+00:00
KXNFLTD-26OCT04KCLV,KXNFLTD,KXNFLTD-26OCT04KCLV-KCPMAHOMES15-2,Patrick Mahomes: 2+ touchdowns,0.0000,0.0200,0.0100,7889.27,6225.53,active,2026-10-06T20:25:00Z,2026-10-02T09:37:33+00:00
KXNFLTD-26OCT04LACSEA,KXNFLTD,KXNFLTD-26OCT04LACSEA-LACLMCCONKEY15-2,Ladd McConkey: 2+ touchdowns,0.0100,0.0500,0.0000,0.00,0.00,active,2026-10-06T20:25:00Z,2026-10-02T09:37:33+00:00
KXNFLTD-26OCT04LACSEA,KXNFLTD,KXNFLTD-26OCT04LACSEA-SEACKUPP10-2,Cooper Kupp: 2+ touchdowns,0.0100,0.0300,0.0000,0.00,0.00,active,2026-10-06T20:25:00Z,2026-10-02T09:37:33+00:00
KXNFLTD-26OCT04LACSEA,KXNFLTD,KXNFLTD-26OCT04LACSEA-SEAEWILSON23-3,Emanuel Wilson: 3+ touchdowns,0.0000,0.0200,0.0100,300.00,300.00,active,2026-10-06T20:25:00Z,2026-10-02T09:37:33+00:00
KXNFLTD-26OCT04LACSEA,KXNFLTD,KXNFLTD-26OCT04LACSEA-SEATHORTON15-2,Tory Horton: 2+ touchdowns,0.0000,0.0100,0.0100,300.00,300.00,active,2026-10-06T20:25:00Z,2026-10-02T09:37:33+00:00
KXNFLTD-26OCT04LACSEA,KXNFLTD,KXNFLTD-26OCT04LACSEA-LACKMITCHELL34-2,Keaton Mitchell: 2+ touchdowns,0.0100,0.0200,0.0000,0.00,0.00,active,2026-10-06T20:25:00Z,2026-10-02T09:37:33+00:00
KXNFLTD-26OCT04LACSEA,KXNFLTD,KXNFLTD-26OCT04LACSEA-SEASDARNOLD14-1,Sam Darnold: 1+ touchdowns,0.0600,0.0800,0.0900,539.15,539.15,active,2026-10-06T20:25:00Z,2026-10-02T09:37:33+00:00
KXNFLTD-26OCT04LACSEA,KXNFLTD,KXNFLTD-26OCT04LACSEA-SEAJPRICE8-2,Jadarian Price: 2+ touchdowns,0.0700,0.1000,0.0000,0.00,0.00,active,2026-10-06T20:25:00Z,2026-10-02T09:37:33+00:00
KXNFLTD-26OCT04LACSEA,KXNFLTD,KXNFLTD-26OCT04LACSEA-LACLACDST-1,LA Chargers D/ST: 1+ touchdowns,0.0400,0.1500,0.1100,12.83,12.83,active,2026-10-06T20:25:00Z,2026-10-02T09:37:33+00:00
KXNFLTD-26OCT04LACSEA,KXNFLTD,KXNFLTD-26OCT04LACSEA-LACTHARRIS9-2,Tre' Harris: 2+ touchdowns,0.0100,0.0300,0.0000,0.00,0.00,active,2026-10-06T20:25:00Z,2026-10-02T09:37:33+00:00
KXNFLTD-26OCT04LACSEA,KXNFLTD,KXNFLTD-26OCT04LACSEA-LACKVIDAL28-1,Kimani Vidal: 1+ touchdowns,0.0500,0.0600,0.0600,1400.00,1400.00,active,2026-10-06T20:25:00Z,2026-10-02T09:37:33+00:00
KXNFLTD-26OCT04LACSEA,KXNFLTD,KXNFLTD-26OCT04LACSEA-LACOHAMPTON8-3,Omarion Hampton: 3+ touchdowns,0.0100,0.0300,0.0000,0.00,0.00,active,2026-10-06T20:25:00Z,2026-10-02T09:37:33+00:00
KXNFLTD-26OCT04LACSEA,KXNFLTD,KXNFLTD-26OCT04LACSEA-LACHRUCCI40-1,Hayden Rucci: 1+ touchdowns,0.0100,0.0600,0.0000,0.00,0.00,active,2026-10-06T20:25:00Z,2026-10-02T09:37:33+00:00
KXNFLTD-26OCT04LACSEA,KXNFLTD,KXNFLTD-26OCT04LACSEA-LACDDAVIS12-1,Derius Davis: 1+ touchdowns,0.0200,0.0700,0.0000,0.00,0.00,active,2026-10-06T20:25:00Z,2026-10-02T09:37:33+00:00
KXNFLTD-26OCT04LACSEA,KXNFLTD,KXNFLTD-26OCT04LACSEA-SEAESAUBERT81-1,Eric Saubert: 1+ touchdowns,0.0500,0.0800,0.0000,0.00,0.00,active,2026-10-06T20:25:00Z,2026-10-02T09:37:33+00:00
KXNFLTD-26OCT04LACSEA,KXNFLTD,KXNFLTD-26OCT04LACSEA-LACMVALDESSCANTLING13-1,Marquez Valdes-Scantling: 1+ touchdowns,0.0200,0.0800,0.0000,0.00,0.00,active,2026-10-06T20:25:00Z,2026-10-02T09:37:33+00:00
KXNFLTD-26OCT04LACSEA,KXNFLTD,KXNFLTD-26OCT04LACSEA-SEATHORTON15-1,Tory Horton: 1+ touchdowns,0.0800,0.1100,0.1100,2294.49,2294.49,active,2026-10-06T20:25:00Z,2026-10-02T09:37:33+00:00
KXNFLTD-26OCT04LACSEA,KXNFLTD,KXNFLTD-26OCT04LACSEA-LACQJOHNSTON1-2,Quentin Johnston: 2+ touchdowns,0.0100,0.0400,0.0000,0.00,0.00,active,2026-10-06T20:25:00Z,2026-10-02T09:37:33+00:00
KXNFLTD-26OCT04LACSEA,KXNFLTD,KXNFLTD-26OCT04LACSEA-SEARSHAHEED22-2,Rashid Shaheed: 2+ touchdowns,0.0100,0.0400,0.0400,25.00,25.00,active,2026-10-06T20:25:00Z,2026-10-02T09:37:33+00:00
KXNFLTD-26OCT04LACSEA,KXNFLTD,KXNFLTD-26OCT04LACSEA-SEAABARNER88-2,AJ Barner: 2+ touchdowns,0.0100,0.0400,0.0000,0.00,0.00,active,2026-10-06T20:25:00Z,2026-10-02T09:37:33+00:00
KXNFLTD-26OCT04LACSEA,KXNFLTD,KXNFLTD-26OCT04LACSEA-SEAEARROYO18-1,Elijah Arroyo: 1+ touchdowns,0.0600,0.0700,0.0800,99.90,99.90,active,2026-10-06T20:25:00Z,2026-10-02T09:37:33+00:00
KXNFLTD-26OCT04LACSEA,KXNFLTD,KXNFLTD-26OCT04LACSEA-SEAEWILSON23-2,Emanuel Wilson: 2+ touchdowns,0.0200,0.0900,0.0000,0.00,0.00,active,2026-10-06T20:25:00Z,2026-10-02T09:37:33+00:00
KXNFLTD-26OCT04LACSEA,KXNFLTD,KXNFLTD-26OCT04LACSEA-SEACKUPP10-1,Cooper Kupp: 1+ touchdowns,0.2000,0.2200,0.2200,1070.29,1070.29,active,2026-10-06T20:25:00Z,2026-10-02T09:37:33+00:00
KXNFLTD-26OCT04LACSEA,KXNFLTD,KXNFLTD-26OCT04LACSEA-LACOGADSDEN86-2,Oronde Gadsden: 2+ touchdowns,0.0100,0.0300,0.0000,0.00,0.00,active,2026-10-06T20:25:00Z,2026-10-02T09:37:33+00:00
KXNFLTD-26OCT04LACSEA,KXNFLTD,KXNFLTD-26OCT04LACSEA-LACJHERBERT10-2,Justin Herbert: 2+ touchdowns,0.0100,0.0200,0.0200,853.31,535.14,active,2026-10-06T20:25:00Z,2026-10-02T09:37:33+00:00
KXNFLTD-26OCT04LACSEA,KXNFLTD,KXNFLTD-26OCT04LACSEA-SEAGHOLANI36-2,George Holani: 2+ touchdowns,0.0200,0.0700,0.0500,40.00,40.00,active,2026-10-06T20:25:00Z,2026-10-02T09:37:33+00:00
KXNFLTD-26OCT04LACSEA,KXNFLTD,KXNFLTD-26OCT04LACSEA-SEAJPRICE8-1,Jadarian Price: 1+ touchdowns,0.3800,0.4000,0.4000,75.44,75.44,active,2026-10-06T20:25:00Z,2026-10-02T09:37:33+00:00
KXNFLTD-26OCT04LACSEA,KXNFLTD,KXNFLTD-26OCT04LACSEA-LACKMITCHELL34-1,Keaton Mitchell: 1+ touchdowns,0.1300,0.1500,0.1400,213.71,213.71,active,2026-10-06T20:25:00Z,2026-10-02T09:37:33+00:00
KXNFLTD-26OCT04LACSEA,KXNFLTD,KXNFLTD-26OCT04LACSEA-LACOHAMPTON8-2,Omarion Hampton: 2+ touchdowns,0.0900,0.1100,0.0000,0.00,0.00,active,2026-10-06T20:25:00Z,2026-10-02T09:37:33+00:00
KXNFLTD-26OCT04LACSEA,KXNFLTD,KXNFLTD-26OCT04LACSEA-LACJHERBERT10-1,Justin Herbert: 1+ touchdowns,0.1300,0.1400,0.1400,129.80,129.80,active,2026-10-06T20:25:00Z,2026-10-02T09:37:33+00:00
KXNFLTD-26OCT04LACSEA,KXNFLTD,KXNFLTD-26OCT04LACSEA-LACTHARRIS9-1,Tre' Harris: 1+ touchdowns,0.1800,0.1900,0.1700,3643.94,3643.94,active,2026-10-06T20:25:00Z,2026-10-02T09:37:33+00:00
KXNFLTD-26OCT04LACSEA,KXNFLTD,KXNFLTD-26OCT04LACSEA-LACOHAMPTON8-1,Omarion Hampton: 1+ touchdowns,0.4100,0.4200,0.4300,3452.09,3377.98,active,2026-10-06T20:25:00Z,2026-10-02T09:37:33+00:00
KXNFLTD-26OCT04LACSEA,KXNFLTD,KXNFLTD-26OCT04LACSEA-SEAJSMITHNJIGBA11-1,Jaxon Smith-Njigba: 1+ touchdowns,0.5200,0.5300,0.5300,7739.44,7561.75,active,2026-10-06T20:25:00Z,2026-10-02T09:37:33+00:00
KXNFLTD-26OCT04LACSEA,KXNFLTD,KXNFLTD-26OCT04LACSEA-SEARSHAHEED22-1,Rashid Shaheed: 1+ touchdowns,0.1900,0.2100,0.2000,222.50,222.50,active,2026-10-06T20:25:00Z,2026-10-02T09:37:33+00:00
KXNFLTD-26OCT04LACSEA,KXNFLTD,KXNFLTD-26OCT04LACSEA-SEAGHOLANI36-1,George Holani: 1+ touchdowns,0.2300,0.2400,0.2400,1632.00,1632.00,active,2026-10-06T20:25:00Z,2026-10-02T09:37:33+00:00
KXNFLTD-26OCT04LACSEA,KXNFLTD,KXNFLTD-26OCT04LACSEA-SEAJSMITHNJIGBA11-3,Jaxon Smith-Njigba: 3+ touchdowns,0.0100,0.0500,0.0500,4051.49,4051.49,active,2026-10-06T20:25:00Z,2026-10-02T09:37:33+00:00
KXNFLTD-26OCT04LACSEA,KXNFLTD,KXNFLTD-26OCT04LACSEA-LACOGADSDEN86-1,Oronde Gadsden: 1+ touchdowns,0.1900,0.2100,0.1800,120.43,120.43,active,2026-10-06T20:25:00Z,2026-10-02T09:37:33+00:00
KXNFLTD-26OCT04LACSEA,KXNFLTD,KXNFLTD-26OCT04LACSEA-SEASEADST-1,SEA Seahawks D/ST: 1+ touchdowns,0.1100,0.2000,0.2000,203.74,167.74,active,2026-10-06T20:25:00Z,2026-10-02T09:37:33+00:00
KXNFLTD-26OCT04LACSEA,KXNFLTD,KXNFLTD-26OCT04LACSEA-SEAABARNER88-1,AJ Barner: 1+ touchdowns,0.2400,0.2500,0.2500,941.84,941.84,active,2026-10-06T20:25:00Z,2026-10-02T09:37:33+00:00
KXNFLTD-26OCT04LACSEA,KXNFLTD,KXNFLTD-26OCT04LACSEA-SEAJSMITHNJIGBA11-2,Jaxon Smith-Njigba: 2+ touchdowns,0.1800,0.1900,0.1700,16105.44,15741.42,active,2026-10-06T20:25:00Z,2026-10-02T09:37:33+00:00
KXNFLTD-26OCT04LACSEA,KXNFLTD,KXNFLTD-26OCT04LACSEA-SEAEWILSON23-1,Emanuel Wilson: 1+ touchdowns,0.3600,0.3800,0.3700,5420.00,5385.00,active,2026-10-06T20:25:00Z,2026-10-02T09:37:33+00:00
KXNFLTD-26OCT04LACSEA,KXNFLTD,KXNFLTD-26OCT04LACSEA-LACLMCCONKEY15-1,Ladd McConkey: 1+ touchdowns,0.1100,0.2400,0.2200,258.59,258.59,active,2026-10-06T20:25:00Z,2026-10-02T09:37:33+00:00
KXNFLTD-26OCT04LACSEA,KXNFLTD,KXNFLTD-26OCT04LACSEA-LACQJOHNSTON1-1,Quentin Johnston: 1+ touchdowns,0.1800,0.2200,0.1900,1177.37,1177.37,active,2026-10-06T20:25:00Z,2026-10-02T09:37:33+00:00
KXNFLTD-26OCT04LARPHI,KXNFLTD,KXNFLTD-26OCT04LARPHI-LARBCORUM24-3,Blake Corum: 3+ touchdowns,0.0100,0.0200,0.0300,29.00,29.00,active,2026-10-06T17:00:00Z,2026-10-02T09:37:33+00:00
KXNFLTD-26OCT04LARPHI,KXNFLTD,KXNFLTD-26OCT04LARPHI-PHIJMUNDT83-2,Johnny Mundt: 2+ touchdowns,0.0000,0.0100,0.0100,874.00,874.00,active,2026-10-06T17:00:00Z,2026-10-02T09:37:33+00:00
KXNFLTD-26OCT04LARPHI,KXNFLTD,KXNFLTD-26OCT04LARPHI-LARDALLEN87-2,Davis Allen: 2+ touchdowns,0.0000,0.0100,0.0100,300.00,300.00,active,2026-10-06T17:00:00Z,2026-10-02T09:37:33+00:00
KXNFLTD-26OCT04LARPHI,KXNFLTD,KXNFLTD-26OCT04LARPHI-PHIMLEMON9-2,Makai Lemon: 2+ touchdowns,0.0100,0.0300,0.0300,312.13,312.13,active,2026-10-06T17:00:00Z,2026-10-02T09:37:33+00:00
KXNFLTD-26OCT04LARPHI,KXNFLTD,KXNFLTD-26OCT04LARPHI-LARLARDST-1,LA Rams D/ST: 1+ touchdowns,0.1100,0.1800,0.1600,407.46,360.58,active,2026-10-06T17:00:00Z,2026-10-02T09:37:33+00:00
KXNFLTD-26OCT04LARPHI,KXNFLTD,KXNFLTD-26OCT04LARPHI-PHIDWICKS13-2,Dontayvion Wicks: 2+ touchdowns,0.0100,0.0300,0.0300,5155.10,5131.26,active,2026-10-06T17:00:00Z,2026-10-02T09:37:33+00:00
KXNFLTD-26OCT04LARPHI,KXNFLTD,KXNFLTD-26OCT04LARPHI-PHIDSMITH6-2,DeVonta Smith: 2+ touchdowns,0.0400,0.0600,0.0400,62.54,31.27,active,2026-10-06T17:00:00Z,2026-10-02T09:37:33+00:00
KXNFLTD-26OCT04LARPHI,KXNFLTD,KXNFLTD-26OCT04LARPHI-PHIJHURTS1-3,Jalen Hurts: 3+ touchdowns,0.0100,0.0200,0.0200,46.79,46.79,active,2026-10-06T17:00:00Z,2026-10-02T09:37:33+00:00
KXNFLTD-26OCT04LARPHI,KXNFLTD,KXNFLTD-26OCT04LARPHI-PHIWSHIPLEY28-1,Will Shipley: 1+ touchdowns,0.0600,0.0700,0.0700,541.35,541.35,active,2026-10-06T17:00:00Z,2026-10-02T09:37:33+00:00
KXNFLTD-26OCT04LARPHI,KXNFLTD,KXNFLTD-26OCT04LARPHI-PHIJHURTS1-1,Jalen Hurts: 1+ touchdowns,0.3500,0.3600,0.3600,1538.29,1538.29,active,2026-10-06T17:00:00Z,2026-10-02T09:37:33+00:00
KXNFLTD-26OCT04LARPHI,KXNFLTD,KXNFLTD-26OCT04LARPHI-PHITBIGSBY8-2,Tank Bigsby: 2+ touchdowns,0.0000,0.0200,0.0100,909.00,909.00,active,2026-10-06T17:00:00Z,2026-10-02T09:37:33+00:00
KXNFLTD-26OCT04LARPHI,KXNFLTD,KXNFLTD-26OCT04LARPHI-PHIDSMITH6-1,DeVonta Smith: 1+ touchdowns,0.2700,0.3300,0.3300,1914.92,1428.91,active,2026-10-06T17:00:00Z,2026-10-02T09:37:33+00:00
KXNFLTD-26OCT04LARPHI,KXNFLTD,KXNFLTD-26OCT04LARPHI-PHISBARKLEY26-3,Saquon Barkley: 3+ touchdowns,0.0100,0.0300,0.0000,0.00,0.00,active,2026-10-06T17:00:00Z,2026-10-02T09:37:33+00:00
KXNFLTD-26OCT04LARPHI,KXNFLTD,KXNFLTD-26OCT04LARPHI-PHIZERTZ86-2,Zach Ertz: 2+ touchdowns,0.0100,0.0200,0.0000,0.00,0.00,active,2026-10-06T17:00:00Z,2026-10-02T09:37:33+00:00
KXNFLTD-26OCT04LARPHI,KXNFLTD,KXNFLTD-26OCT04LARPHI-LARKWILLIAMS23-3,Kyren Williams: 3+ touchdowns,0.0100,0.0400,0.0000,0.00,0.00,active,2026-10-06T17:00:00Z,2026-10-02T09:37:33+00:00
KXNFLTD-26OCT04LARPHI,KXNFLTD,KXNFLTD-26OCT04LARPHI-PHIDCOOPER80-2,Darius Cooper: 2+ touchdowns,0.0000,0.0200,0.0100,300.00,300.00,active,2026-10-06T17:00:00Z,2026-10-02T09:37:33+00:00
KXNFLTD-26OCT04LARPHI,KXNFLTD,KXNFLTD-26OCT04LARPHI-LARTHIGBEE89-2,Tyler Higbee: 2+ touchdowns,0.0100,0.0400,0.0300,321.81,321.81,active,2026-10-06T17:00:00Z,2026-10-02T09:37:33+00:00
KXNFLTD-26OCT04LARPHI,KXNFLTD,KXNFLTD-26OCT04LARPHI-LARDALLEN87-1,Davis Allen: 1+ touchdowns,0.0800,0.0900,0.0900,2203.84,2178.84,active,2026-10-06T17:00:00Z,2026-10-02T09:37:33+00:00
KXNFLTD-26OCT04LARPHI,KXNFLTD,KXNFLTD-26OCT04LARPHI-PHIJMUNDT83-1,Johnny Mundt: 1+ touchdowns,0.0800,0.0900,0.0900,119.20,119.20,active,2026-10-06T17:00:00Z,2026-10-02T09:37:33+00:00
KXNFLTD-26OCT04LARPHI,KXNFLTD,KXNFLTD-26OCT04LARPHI-PHIJHURTS1-2,Jalen Hurts: 2+ touchdowns,0.0600,0.0700,0.0700,8639.61,8614.61,active,2026-10-06T17:00:00Z,2026-10-02T09:37:33+00:00
KXNFLTD-26OCT04LARPHI,KXNFLTD,KXNFLTD-26OCT04LARPHI-PHIDCOOPER80-1,Darius Cooper: 1+ touchdowns,0.1200,0.1300,0.1300,14458.75,14458.75,active,2026-10-06T17:00:00Z,2026-10-02T09:37:33+00:00
KXNFLTD-26OCT04LARPHI,KXNFLTD,KXNFLTD-26OCT04LARPHI-LARKMUMPFIELD4-2,Konata Mumpfield: 2+ touchdowns,0.0100,0.0200,0.0000,0.00,0.00,active,2026-10-06T17:00:00Z,2026-10-02T09:37:33+00:00
KXNFLTD-26OCT04LARPHI,KXNFLTD,KXNFLTD-26OCT04LARPHI-PHISBARKLEY26-2,Saquon Barkley: 2+ touchdowns,0.0900,0.1100,0.1100,683.03,683.03,active,2026-10-06T17:00:00Z,2026-10-02T09:37:33+00:00
KXNFLTD-26OCT04LARPHI,KXNFLTD,KXNFLTD-26OCT04LARPHI-LARTATWELL8-1,Tutu Atwell: 1+ touchdowns,0.0200,0.0600,0.0700,22.11,22.11,active,2026-10-06T17:00:00Z,2026-10-02T09:37:33+00:00
KXNFLTD-26OCT04LARPHI,KXNFLTD,KXNFLTD-26OCT04LARPHI-LARXSMITH19-1,Xavier Smith: 1+ touchdowns,0.0600,0.0700,0.0000,0.00,0.00,active,2026-10-06T17:00:00Z,2026-10-02T09:37:33+00:00
KXNFLTD-26OCT04LARPHI,KXNFLTD,KXNFLTD-26OCT04LARPHI-LARBCORUM24-1,Blake Corum: 1+ touchdowns,0.2200,0.2400,0.2300,562.90,527.90,active,2026-10-06T17:00:00Z,2026-10-02T09:37:33+00:00
KXNFLTD-26OCT04LARPHI,KXNFLTD,KXNFLTD-26OCT04LARPHI-PHIDWICKS13-1,Dontayvion Wicks: 1+ touchdowns,0.2600,0.2700,0.2700,69333.10,64109.18,active,2026-10-06T17:00:00Z,2026-10-02T09:37:33+00:00
KXNFLTD-26OCT04LARPHI,KXNFLTD,KXNFLTD-26OCT04LARPHI-PHIMLEMON9-1,Makai Lemon: 1+ touchdowns,0.2000,0.2100,0.2100,30661.32,30636.32,active,2026-10-06T17:00:00Z,2026-10-02T09:37:33+00:00
KXNFLTD-26OCT04LARPHI,KXNFLTD,KXNFLTD-26OCT04LARPHI-LARKWILLIAMS23-2,Kyren Williams: 2+ touchdowns,0.1200,0.1300,0.1300,88.25,88.25,active,2026-10-06T17:00:00Z,2026-10-02T09:37:33+00:00
KXNFLTD-26OCT04LARPHI,KXNFLTD,KXNFLTD-26OCT04LARPHI-LARKMUMPFIELD4-1,Konata Mumpfield: 1+ touchdowns,0.1300,0.1400,0.1400,2347.95,2321.95,active,2026-10-06T17:00:00Z,2026-10-02T09:37:33+00:00
KXNFLTD-26OCT04LARPHI,KXNFLTD,KXNFLTD-26OCT04LARPHI-PHISBARKLEY26-1,Saquon Barkley: 1+ touchdowns,0.4400,0.4500,0.4500,1530.59,1505.59,active,2026-10-06T17:00:00Z,2026-10-02T09:37:33+00:00
KXNFLTD-26OCT04LARPHI,KXNFLTD,KXNFLTD-26OCT04LARPHI-PHITBIGSBY8-1,Tank Bigsby: 1+ touchdowns,0.0800,0.1000,0.1000,578.74,578.74,active,2026-10-06T17:00:00Z,2026-10-02T09:37:33+00:00
KXNFLTD-26OCT04LARPHI,KXNFLTD,KXNFLTD-26OCT04LARPHI-LARTHIGBEE89-1,Tyler Higbee: 1+ touchdowns,0.1900,0.2100,0.2200,1613.13,1462.96,active,2026-10-06T17:00:00Z,2026-10-02T09:37:33+00:00
KXNFLTD-26OCT04LARPHI,KXNFLTD,KXNFLTD-26OCT04LARPHI-LARDADAMS17-1,Davante Adams: 1+ touchdowns,0.4200,0.4300,0.4300,2742.61,2666.61,active,2026-10-06T17:00:00Z,2026-10-02T09:37:33+00:00
KXNFLTD-26OCT04LARPHI,KXNFLTD,KXNFLTD-26OCT04LARPHI-LARDADAMS17-3,Davante Adams: 3+ touchdowns,0.0100,0.0300,0.0000,0.00,0.00,active,2026-10-06T17:00:00Z,2026-10-02T09:37:33+00:00
KXNFLTD-26OCT04LARPHI,KXNFLTD,KXNFLTD-26OCT04LARPHI-LARBCORUM24-2,Blake Corum: 2+ touchdowns,0.0200,0.0400,0.0000,0.00,0.00,active,2026-10-06T17:00:00Z,2026-10-02T09:37:33+00:00
KXNFLTD-26OCT04LARPHI,KXNFLTD,KXNFLTD-26OCT04LARPHI-PHIZERTZ86-1,Zach Ertz: 1+ touchdowns,0.1600,0.1700,0.1600,21189.79,20911.83,active,2026-10-06T17:00:00Z,2026-10-02T09:37:33+00:00
KXNFLTD-26OCT04LARPHI,KXNFLTD,KXNFLTD-26OCT04LARPHI-LARDADAMS17-2,Davante Adams: 2+ touchdowns,0.0900,0.1000,0.1000,2409.93,2409.93,active,2026-10-06T17:00:00Z,2026-10-02T09:37:33+00:00
KXNFLTD-26OCT04LARPHI,KXNFLTD,KXNFLTD-26OCT04LARPHI-PHIPHIDST-1,PHI Eagles D/ST: 1+ touchdowns,0.1000,0.1600,0.1100,88.79,14.65,active,2026-10-06T17:00:00Z,2026-10-02T09:37:33+00:00
KXNFLTD-26OCT04LARPHI,KXNFLTD,KXNFLTD-26OCT04LARPHI-LARKWILLIAMS23-1,Kyren Williams: 1+ touchdowns,0.5000,0.5100,0.5100,3726.24,3703.38,active,2026-10-06T17:00:00Z,2026-10-02T09:37:33+00:00
KXNFLTD-26OCT04LARPHI,KXNFLTD,KXNFLTD-26OCT04LARPHI-LARMSTAFFORD9-1,Matthew Stafford: 1+ touchdowns,0.0300,0.0500,0.0400,12036.67,9286.38,active,2026-10-06T17:00:00Z,2026-10-02T09:37:33+00:00
KXNFLTD-26OCT04MIAMIN,KXNFLTD,KXNFLTD-26OCT04MIAMIN-MIAJWRIGHT5-2,Jaylen Wright: 2+ touchdowns,0.0100,0.0300,0.0000,0.00,0.00,active,2026-10-06T20:05:00Z,2026-10-02T09:37:33+00:00
KXNFLTD-26OCT04MIAMIN,KXNFLTD,KXNFLTD-26OCT04MIAMIN-MINDCLAIBORNE21-1,Demond Claiborne: 1+ touchdowns,0.0600,0.0800,0.0800,838.73,838.73,active,2026-10-06T20:05:00Z,2026-10-02T09:37:33+00:00
KXNFLTD-26OCT04MIAMIN,KXNFLTD,KXNFLTD-26OCT04MIAMIN-MIAKCOLEMAN21-2,Kevin Coleman Jr.: 2+ touchdowns,0.0100,0.0200,0.0000,0.00,0.00,active,2026-10-06T20:05:00Z,2026-10-02T09:37:33+00:00
KXNFLTD-26OCT04MIAMIN,KXNFLTD,KXNFLTD-26OCT04MIAMIN-MINTFELTON13-2,Tai Felton: 2+ touchdowns,0.0000,0.0100,0.0100,347.98,347.98,active,2026-10-06T20:05:00Z,2026-10-02T09:37:33+00:00
KXNFLTD-26OCT04MIAMIN,KXNFLTD,KXNFLTD-26OCT04MIAMIN-MIAMIADST-1,MIA Dolphins D/ST: 1+ touchdowns,0.1000,0.1300,0.0000,0.00,0.00,active,2026-10-06T20:05:00Z,2026-10-02T09:37:33+00:00
KXNFLTD-26OCT04MIAMIN,KXNFLTD,KXNFLTD-26OCT04MIAMIN-MIAMWILLIS2-2,Malik Willis: 2+ touchdowns,0.0100,0.0200,0.0200,29.03,29.03,active,2026-10-06T20:05:00Z,2026-10-02T09:37:33+00:00
KXNFLTD-26OCT04MIAMIN,KXNFLTD,KXNFLTD-26OCT04MIAMIN-MINMPRICE4-1,Myles Price: 1+ touchdowns,0.0700,0.1000,0.0900,261.14,261.14,active,2026-10-06T20:05:00Z,2026-10-02T09:37:33+00:00
KXNFLTD-26OCT04MIAMIN,KXNFLTD,KXNFLTD-26OCT04MIAMIN-MIAMWASHINGTON6-2,Malik Washington: 2+ touchdowns,0.0100,0.0200,0.0200,60.00,60.00,active,2026-10-06T20:05:00Z,2026-10-02T09:37:33+00:00
KXNFLTD-26OCT04MIAMIN,KXNFLTD,KXNFLTD-26OCT04MIAMIN-MIAGDULCICH85-1,Greg Dulcich: 1+ touchdowns,0.1100,0.1200,0.1200,1157.38,1157.38,active,2026-10-06T20:05:00Z,2026-10-02T09:37:33+00:00
KXNFLTD-26OCT04MIAMIN,KXNFLTD,KXNFLTD-26OCT04MIAMIN-MINJADDISON3-2,Jordan Addison: 2+ touchdowns,0.0700,0.1000,0.1000,94.07,94.07,active,2026-10-06T20:05:00Z,2026-10-02T09:37:33+00:00
KXNFLTD-26OCT04MIAMIN,KXNFLTD,KXNFLTD-26OCT04MIAMIN-MIAOGORDON0-2,Ollie Gordon II: 2+ touchdowns,0.0100,0.0400,0.0400,65.82,65.82,active,2026-10-06T20:05:00Z,2026-10-02T09:37:33+00:00
KXNFLTD-26OCT04MIAMIN,KXNFLTD,KXNFLTD-26OCT04MIAMIN-MIAMWASHINGTON6-1,Malik Washington: 1+ touchdowns,0.1600,0.1700,0.1700,435.83,435.83,active,2026-10-06T20:05:00Z,2026-10-02T09:37:33+00:00
KXNFLTD-26OCT04MIAMIN,KXNFLTD,KXNFLTD-26OCT04MIAMIN-MINJJENNINGS14-1,Jauan Jennings: 1+ touchdowns,0.1800,0.1900,0.1900,327.43,327.43,active,2026-10-06T20:05:00Z,2026-10-02T09:37:33+00:00
KXNFLTD-26OCT04MIAMIN,KXNFLTD,KXNFLTD-26OCT04MIAMIN-MINGBARTHOLOMEW86-1,Gavin Bartholomew: 1+ touchdowns,0.0500,0.0800,0.0000,0.00,0.00,active,2026-10-06T20:05:00Z,2026-10-02T09:37:33+00:00
KXNFLTD-26OCT04MIAMIN,KXNFLTD,KXNFLTD-26OCT04MIAMIN-MIAJWRIGHT5-1,Jaylen Wright: 1+ touchdowns,0.1600,0.2000,0.2000,85.00,85.00,active,2026-10-06T20:05:00Z,2026-10-02T09:37:33+00:00
KXNFLTD-26OCT04MIAMIN,KXNFLTD,KXNFLTD-26OCT04MIAMIN-MINTHOCKENSON87-2,T.J. Hockenson: 2+ touchdowns,0.0400,0.0700,0.0600,312.75,312.75,active,2026-10-06T20:05:00Z,2026-10-02T09:37:33+00:00
KXNFLTD-26OCT04MIAMIN,KXNFLTD,KXNFLTD-26OCT04MIAMIN-MINJADDISON3-3,Jordan Addison: 3+ touchdowns,0.0100,0.0300,0.0000,0.00,0.00,active,2026-10-06T20:05:00Z,2026-10-02T09:37:33+00:00
KXNFLTD-26OCT04MIAMIN,KXNFLTD,KXNFLTD-26OCT04MIAMIN-MINTHOCKENSON87-3,T.J. Hockenson: 3+ touchdowns,0.0100,0.0200,0.0000,0.00,0.00,active,2026-10-06T20:05:00Z,2026-10-02T09:37:33+00:00
KXNFLTD-26OCT04MIAMIN,KXNFLTD,KXNFLTD-26OCT04MIAMIN-MIAGDULCICH85-2,Greg Dulcich: 2+ touchdowns,0.0100,0.0200,0.0000,0.00,0.00,active,2026-10-06T20:05:00Z,2026-10-02T09:37:33+00:00
KXNFLTD-26OCT04MIAMIN,KXNFLTD,KXNFLTD-26OCT04MIAMIN-MINDDALLAS31-2,DeeJay Dallas: 2+ touchdowns,0.0100,0.0200,0.0000,0.00,0.00,active,2026-10-06T20:05:00Z,2026-10-02T09:37:33+00:00
KXNFLTD-26OCT04MIAMIN,KXNFLTD,KXNFLTD-26OCT04MIAMIN-MINAJONES33-3,Aaron Jones Sr.: 3+ touchdowns,0.0500,0.0600,0.0800,1.00,1.00,active,2026-10-06T20:05:00Z,2026-10-02T09:37:33+00:00
KXNFLTD-26OCT04MIAMIN,KXNFLTD,KXNFLTD-26OCT04MIAMIN-MINTFELTON13-1,Tai Felton: 1+ touchdowns,0.1000,0.1100,0.1100,963.45,963.45,active,2026-10-06T20:05:00Z,2026-10-02T09:37:33+00:00
KXNFLTD-26OCT04MIAMIN,KXNFLTD,KXNFLTD-26OCT04MIAMIN-MIAWKACMAREK89-1,Will Kacmarek: 1+ touchdowns,0.0200,0.0600,0.0000,0.00,0.00,active,2026-10-06T20:05:00Z,2026-10-02T09:37:33+00:00
KXNFLTD-26OCT04MIAMIN,KXNFLTD,KXNFLTD-26OCT04MIAMIN-MIAKCOLEMAN21-1,Kevin Coleman Jr.: 1+ touchdowns,0.0700,0.0800,0.0800,558.71,558.71,active,2026-10-06T20:05:00Z,2026-10-02T09:37:33+00:00
KXNFLTD-26OCT04MIAMIN,KXNFLTD,KXNFLTD-26OCT04MIAMIN-MINAJONES33-2,Aaron Jones Sr.: 2+ touchdowns,0.1800,0.2000,0.1900,80.76,80.76,active,2026-10-06T20:05:00Z,2026-10-02T09:37:33+00:00
KXNFLTD-26OCT04MIAMIN,KXNFLTD,KXNFLTD-26OCT04MIAMIN-MINDDALLAS31-1,DeeJay Dallas: 1+ touchdowns,0.0900,0.1100,0.0000,0.00,0.00,active,2026-10-06T20:05:00Z,2026-10-02T09:37:33+00:00
KXNFLTD-26OCT04MIAMIN,KXNFLTD,KXNFLTD-26OCT04MIAMIN-MINKMURRAY1-2,Kyler Murray: 2+ touchdowns,0.0100,0.0300,0.0300,838.07,838.07,active,2026-10-06T20:05:00Z,2026-10-02T09:37:33+00:00
KXNFLTD-26OCT04MIAMIN,KXNFLTD,KXNFLTD-26OCT04MIAMIN-MIAMWILLIS2-1,Malik Willis: 1+ touchdowns,0.1500,0.1700,0.1600,141.62,141.62,active,2026-10-06T20:05:00Z,2026-10-02T09:37:33+00:00
KXNFLTD-26OCT04MIAMIN,KXNFLTD,KXNFLTD-26OCT04MIAMIN-MINJADDISON3-1,Jordan Addison: 1+ touchdowns,0.3900,0.4000,0.4000,270.47,270.47,active,2026-10-06T20:05:00Z,2026-10-02T09:37:33+00:00
KXNFLTD-26OCT04MIAMIN,KXNFLTD,KXNFLTD-26OCT04MIAMIN-MIAOGORDON0-1,Ollie Gordon II: 1+ touchdowns,0.2100,0.2300,0.2200,579.59,579.59,active,2026-10-06T20:05:00Z,2026-10-02T09:37:33+00:00
KXNFLTD-26OCT04MIAMIN,KXNFLTD,KXNFLTD-26OCT04MIAMIN-MINMINDST-1,MIN Vikings D/ST: 1+ touchdowns,0.1600,0.3000,0.2600,2205.19,2162.19,active,2026-10-06T20:05:00Z,2026-10-02T09:37:33+00:00
KXNFLTD-26OCT04MIAMIN,KXNFLTD,KXNFLTD-26OCT04MIAMIN-MINTHOCKENSON87-1,T.J. Hockenson: 1+ touchdowns,0.3200,0.3300,0.3300,134.67,120.49,active,2026-10-06T20:05:00Z,2026-10-02T09:37:33+00:00
KXNFLTD-26OCT04MIAMIN,KXNFLTD,KXNFLTD-26OCT04MIAMIN-MINKMURRAY1-1,Kyler Murray: 1+ touchdowns,0.2000,0.2100,0.2100,669.03,668.03,active,2026-10-06T20:05:00Z,2026-10-02T09:37:33+00:00
KXNFLTD-26OCT04MIAMIN,KXNFLTD,KXNFLTD-26OCT04MIAMIN-MINAJONES33-1,Aaron Jones Sr.: 1+ touchdowns,0.5700,0.5800,0.5800,2292.48,1738.86,active,2026-10-06T20:05:00Z,2026-10-02T09:37:33+00:00
KXNFLTD-26OCT04MIAMIN,KXNFLTD,KXNFLTD-26OCT04MIAMIN-MINJJENNINGS14-2,Jauan Jennings: 2+ touchdowns,0.0100,0.0300,0.0300,946.52,946.52,active,2026-10-06T20:05:00Z,2026-10-02T09:37:33+00:00
KXNFLTD-26OCT04NEBUF,KXNFLTD,KXNFLTD-26OCT04NEBUF-BUFJALLEN17-3,Josh Allen: 3+ touchdowns,0.0400,0.0500,0.0500,6393.05,6393.05,active,2026-10-06T17:00:00Z,2026-10-02T09:37:33+00:00
KXNFLTD-26OCT04NEBUF,KXNFLTD,KXNFLTD-26OCT04NEBUF-BUFDKNOX88-2,Dawson Knox: 2+ touchdowns,0.0100,0.0200,0.0200,433.95,433.95,active,2026-10-06T17:00:00Z,2026-10-02T09:37:33+00:00
KXNFLTD-26OCT04NEBUF,KXNFLTD,KXNFLTD-26OCT04NEBUF-BUFJHAWES85-1,Jackson Hawes: 1+ touchdowns,0.0600,0.0800,0.0800,65.71,65.71,active,2026-10-06T17:00:00Z,2026-10-02T09:37:33+00:00
KXNFLTD-26OCT04NEBUF,KXNFLTD,KXNFLTD-26OCT04NEBUF-NEDDOUGLAS3-2,DeMario Douglas: 2+ touchdowns,0.0100,0.0300,0.0000,0.00,0.00,active,2026-10-06T17:00:00Z,2026-10-02T09:37:33+00:00
KXNFLTD-26OCT04NEBUF,KXNFLTD,KXNFLTD-26OCT04NEBUF-BUFSBELL13-1,Skyler Bell: 1+ touchdowns,0.0600,0.0700,0.0800,23.48,23.48,active,2026-10-06T17:00:00Z,2026-10-02T09:37:33+00:00
KXNFLTD-26OCT04NEBUF,KXNFLTD,KXNFLTD-26OCT04NEBUF-NEDDOUGLAS3-1,DeMario Douglas: 1+ touchdowns,0.1600,0.1800,0.1600,14.28,14.28,active,2026-10-06T17:00:00Z,2026-10-02T09:37:33+00:00
KXNFLTD-26OCT04NEBUF,KXNFLTD,KXNFLTD-26OCT04NEBUF-NENEDST-1,NE Patriots D/ST: 1+ touchdowns,0.0900,0.1500,0.1000,31.00,31.00,active,2026-10-06T17:00:00Z,2026-10-02T09:37:33+00:00
KXNFLTD-26OCT04NEBUF,KXNFLTD,KXNFLTD-26OCT04NEBUF-NETHENDERSON32-1,TreVeyon Henderson: 1+ touchdowns,0.2900,0.3000,0.3100,3146.39,3146.39,active,2026-10-06T17:00:00Z,2026-10-02T09:37:33+00:00
KXNFLTD-26OCT04NEBUF,KXNFLTD,KXNFLTD-26OCT04NEBUF-NEMHOLLINS13-1,Mack Hollins: 1+ touchdowns,0.2200,0.2300,0.2300,125.22,125.22,active,2026-10-06T17:00:00Z,2026-10-02T09:37:33+00:00
KXNFLTD-26OCT04NEBUF,KXNFLTD,KXNFLTD-26OCT04NEBUF-NEDMAYE10-2,Drake Maye: 2+ touchdowns,0.0100,0.0200,0.0300,3988.09,3988.09,active,2026-10-06T17:00:00Z,2026-10-02T09:37:33+00:00
KXNFLTD-26OCT04NEBUF,KXNFLTD,KXNFLTD-26OCT04NEBUF-NEMHOLLINS13-2,Mack Hollins: 2+ touchdowns,0.0300,0.0400,0.0000,0.00,0.00,active,2026-10-06T17:00:00Z,2026-10-02T09:37:33+00:00
KXNFLTD-26OCT04NEBUF,KXNFLTD,KXNFLTD-26OCT04NEBUF-BUFKCOLEMAN0-2,Keon Coleman: 2+ touchdowns,0.0100,0.0300,0.0000,0.00,0.00,active,2026-10-06T17:00:00Z,2026-10-02T09:37:33+00:00
KXNFLTD-26OCT04NEBUF,KXNFLTD,KXNFLTD-26OCT04NEBUF-BUFJPALMER5-2,Joshua Palmer: 2+ touchdowns,0.0100,0.0200,0.0200,24.75,24.75,active,2026-10-06T17:00:00Z,2026-10-02T09:37:33+00:00
KXNFLTD-26OCT04NEBUF,KXNFLTD,KXNFLTD-26OCT04NEBUF-BUFDKINCAID86-3,Dalton Kincaid: 3+ touchdowns,0.0100,0.0200,0.0200,143.00,143.00,active,2026-10-06T17:00:00Z,2026-10-02T09:37:33+00:00
KXNFLTD-26OCT04NEBUF,KXNFLTD,KXNFLTD-26OCT04NEBUF-BUFJCOOK4-3,James Cook III: 3+ touchdowns,0.0400,0.0500,0.0500,187.52,187.52,active,2026-10-06T17:00:00Z,2026-10-02T09:37:33+00:00
KXNFLTD-26OCT04NEBUF,KXNFLTD,KXNFLTD-26OCT04NEBUF-NETHENDERSON32-3,TreVeyon Henderson: 3+ touchdowns,0.0000,0.0200,0.0100,600.00,600.00,active,2026-10-06T17:00:00Z,2026-10-02T09:37:33+00:00
KXNFLTD-26OCT04NEBUF,KXNFLTD,KXNFLTD-26OCT04NEBUF-NERSTEVENSON38-3,Rhamondre Stevenson: 3+ touchdowns,0.0100,0.0200,0.0000,0.00,0.00,active,2026-10-06T17:00:00Z,2026-10-02T09:37:33+00:00
KXNFLTD-26OCT04NEBUF,KXNFLTD,KXNFLTD-26OCT04NEBUF-BUFTJOHNSON26-2,Ty Johnson: 2+ touchdowns,0.0100,0.0200,0.0000,0.00,0.00,active,2026-10-06T17:00:00Z,2026-10-02T09:37:33+00:00
KXNFLTD-26OCT04NEBUF,KXNFLTD,KXNFLTD-26OCT04NEBUF-NEDMAYE10-1,Drake Maye: 1+ touchdowns,0.1500,0.1600,0.1600,7190.18,7133.72,active,2026-10-06T17:00:00Z,2026-10-02T09:37:33+00:00
KXNFLTD-26OCT04NEBUF,KXNFLTD,KXNFLTD-26OCT04NEBUF-NEKWILLIAMS18-2,Kyle Williams: 2+ touchdowns,0.0000,0.0200,0.0100,300.00,300.00,active,2026-10-06T17:00:00Z,2026-10-02T09:37:33+00:00
KXNFLTD-26OCT04NEBUF,KXNFLTD,KXNFLTD-26OCT04NEBUF-NERDOUBS87-2,Romeo Doubs: 2+ touchdowns,0.0100,0.0400,0.0000,0.00,0.00,active,2026-10-06T17:00:00Z,2026-10-02T09:37:33+00:00
KXNFLTD-26OCT04NEBUF,KXNFLTD,KXNFLTD-26OCT04NEBUF-BUFKSHAKIR10-2,Khalil Shakir: 2+ touchdowns,0.0100,0.0500,0.0000,0.00,0.00,active,2026-10-06T17:00:00Z,2026-10-02T09:37:33+00:00
KXNFLTD-26OCT04NEBUF,KXNFLTD,KXNFLTD-26OCT04NEBUF-NETHENDERSON32-2,TreVeyon Henderson: 2+ touchdowns,0.0500,0.0600,0.0600,6031.27,6031.27,active,2026-10-06T17:00:00Z,2026-10-02T09:37:33+00:00
KXNFLTD-26OCT04NEBUF,KXNFLTD,KXNFLTD-26OCT04NEBUF-BUFKSHAKIR10-1,Khalil Shakir: 1+ touchdowns,0.2500,0.2700,0.2800,145.58,145.58,active,2026-10-06T17:00:00Z,2026-10-02T09:37:33+00:00
KXNFLTD-26OCT04NEBUF,KXNFLTD,KXNFLTD-26OCT04NEBUF-NERDOUBS87-1,Romeo Doubs: 1+ touchdowns,0.2200,0.2300,0.2300,33.33,33.33,active,2026-10-06T17:00:00Z,2026-10-02T09:37:33+00:00
KXNFLTD-26OCT04NEBUF,KXNFLTD,KXNFLTD-26OCT04NEBUF-BUFDMOORE2-2,DJ Moore: 2+ touchdowns,0.0500,0.0800,0.0800,398.98,398.98,active,2026-10-06T17:00:00Z,2026-10-02T09:37:33+00:00
KXNFLTD-26OCT04NEBUF,KXNFLTD,KXNFLTD-26OCT04NEBUF-BUFJCOOK4-1,James Cook III: 1+ touchdowns,0.5300,0.5400,0.5400,7025.98,6775.95,active,2026-10-06T17:00:00Z,2026-10-02T09:37:33+00:00
KXNFLTD-26OCT04NEBUF,KXNFLTD,KXNFLTD-26OCT04NEBUF-NERSTEVENSON38-2,Rhamondre Stevenson: 2+ touchdowns,0.0600,0.0800,0.0800,58.71,58.71,active,2026-10-06T17:00:00Z,2026-10-02T09:37:33+00:00
KXNFLTD-26OCT04NEBUF,KXNFLTD,KXNFLTD-26OCT04NEBUF-BUFKCOLEMAN0-1,Keon Coleman: 1+ touchdowns,0.1200,0.1800,0.1900,766.25,766.25,active,2026-10-06T17:00:00Z,2026-10-02T09:37:33+00:00
KXNFLTD-26OCT04NEBUF,KXNFLTD,KXNFLTD-26OCT04NEBUF-BUFDKINCAID86-2,Dalton Kincaid: 2+ touchdowns,0.0500,0.0800,0.0700,343.67,343.67,active,2026-10-06T17:00:00Z,2026-10-02T09:37:33+00:00
KXNFLTD-26OCT04NEBUF,KXNFLTD,KXNFLTD-26OCT04NEBUF-NEHHENRY85-2,Hunter Henry: 2+ touchdowns,0.0100,0.0500,0.0000,0.00,0.00,active,2026-10-06T17:00:00Z,2026-10-02T09:37:33+00:00
KXNFLTD-26OCT04NEBUF,KXNFLTD,KXNFLTD-26OCT04NEBUF-BUFTJOHNSON26-1,Ty Johnson: 1+ touchdowns,0.1400,0.1600,0.1600,147.57,147.57,active,2026-10-06T17:00:00Z,2026-10-02T09:37:33+00:00
KXNFLTD-26OCT04NEBUF,KXNFLTD,KXNFLTD-26OCT04NEBUF-BUFJCOOK4-2,James Cook III: 2+ touchdowns,0.1400,0.1700,0.1700,865.79,865.79,active,2026-10-06T17:00:00Z,2026-10-02T09:37:33+00:00
KXNFLTD-26OCT04NEBUF,KXNFLTD,KXNFLTD-26OCT04NEBUF-NERSTEVENSON38-1,Rhamondre Stevenson: 1+ touchdowns,0.3500,0.3600,0.3600,81.72,81.72,active,2026-10-06T17:00:00Z,2026-10-02T09:37:33+00:00
KXNFLTD-26OCT04NEBUF,KXNFLTD,KXNFLTD-26OCT04NEBUF-BUFDKNOX88-1,Dawson Knox: 1+ touchdowns,0.1200,0.1400,0.1400,595.12,595.12,active,2026-10-06T17:00:00Z,2026-10-02T09:37:33+00:00
KXNFLTD-26OCT04NEBUF,KXNFLTD,KXNFLTD-26OCT04NEBUF-BUFJPALMER5-1,Joshua Palmer: 1+ touchdowns,0.1000,0.1400,0.1400,5136.66,5135.66,active,2026-10-06T17:00:00Z,2026-10-02T09:37:33+00:00
KXNFLTD-26OCT04NEBUF,KXNFLTD,KXNFLTD-26OCT04NEBUF-BUFJALLEN17-1,Josh Allen: 1+ touchdowns,0.5400,0.5500,0.5500,7535.72,6937.89,active,2026-10-06T17:00:00Z,2026-10-02T09:37:33+00:00
KXNFLTD-26OCT04NEBUF,KXNFLTD,KXNFLTD-26OCT04NEBUF-BUFBUFDST-1,BUF Bills D/ST: 1+ touchdowns,0.0800,0.2100,0.2200,244.40,244.40,active,2026-10-06T17:00:00Z,2026-10-02T09:37:33+00:00
KXNFLTD-26OCT04NEBUF,KXNFLTD,KXNFLTD-26OCT04NEBUF-BUFJALLEN17-2,Josh Allen: 2+ touchdowns,0.1500,0.1600,0.1600,8494.00,8292.15,active,2026-10-06T17:00:00Z,2026-10-02T09:37:33+00:00
KXNFLTD-26OCT04NEBUF,KXNFLTD,KXNFLTD-26OCT04NEBUF-BUFDKINCAID86-1,Dalton Kincaid: 1+ touchdowns,0.2400,0.3300,0.3400,322.55,321.55,active,2026-10-06T17:00:00Z,2026-10-02T09:37:33+00:00
KXNFLTD-26OCT04NEBUF,KXNFLTD,KXNFLTD-26OCT04NEBUF-NEKWILLIAMS18-1,Kyle Williams: 1+ touchdowns,0.0900,0.1000,0.1100,128.36,128.36,active,2026-10-06T17:00:00Z,2026-10-02T09:37:33+00:00
KXNFLTD-26OCT04NEBUF,KXNFLTD,KXNFLTD-26OCT04NEBUF-NEHHENRY85-1,Hunter Henry: 1+ touchdowns,0.2500,0.2600,0.2600,32.49,32.49,active,2026-10-06T17:00:00Z,2026-10-02T09:37:33+00:00
KXNFLTD-26OCT04NEBUF,KXNFLTD,KXNFLTD-26OCT04NEBUF-BUFDMOORE2-1,DJ Moore: 1+ touchdowns,0.3400,0.3700,0.3600,190.70,190.70,active,2026-10-06T17:00:00Z,2026-10-02T09:37:33+00:00
KXNFLTD-26OCT04NEBUF,KXNFLTD,KXNFLTD-26OCT04NEBUF-NEECHISM86-1,Efton Chism III: 1+ touchdowns,0.0400,0.0700,0.0700,74.33,74.33,active,2026-10-06T17:00:00Z,2026-10-02T09:37:33+00:00
KXNFLTD-26OCT04NYJCHI,KXNFLTD,KXNFLTD-26OCT04NYJCHI-CHIKMONANGAI25-3,Kyle Monangai: 3+ touchdowns,0.0300,0.0500,0.0400,100.00,100.00,active,2026-10-06T17:00:00Z,2026-10-02T09:37:33+00:00
KXNFLTD-26OCT04NYJCHI,KXNFLTD,KXNFLTD-26OCT04NYJCHI-CHILBURDEN10-2,Luther Burden III: 2+ touchdowns,0.0200,0.0500,0.0500,18.75,18.75,active,2026-10-06T17:00:00Z,2026-10-02T09:37:33+00:00
KXNFLTD-26OCT04NYJCHI,KXNFLTD,KXNFLTD-26OCT04NYJCHI-NYJJRUCKERT89-2,Jeremy Ruckert: 2+ touchdowns,0.0000,0.0100,0.0100,300.00,300.00,active,2026-10-06T17:00:00Z,2026-10-02T09:37:33+00:00
KXNFLTD-26OCT04NYJCHI,KXNFLTD,KXNFLTD-26OCT04NYJCHI-CHICHIDST-1,CHI Bears D/ST: 1+ touchdowns,0.1200,0.1700,0.1400,148.79,135.79,active,2026-10-06T17:00:00Z,2026-10-02T09:37:33+00:00
KXNFLTD-26OCT04NYJCHI,KXNFLTD,KXNFLTD-26OCT04NYJCHI-CHICLOVELAND84-2,Colston Loveland: 2+ touchdowns,0.0200,0.0400,0.0200,3.00,3.00,active,2026-10-06T17:00:00Z,2026-10-02T09:37:33+00:00
KXNFLTD-26OCT04NYJCHI,KXNFLTD,KXNFLTD-26OCT04NYJCHI-NYJIWILLIAMS18-2,Isaiah Williams: 2+ touchdowns,0.0100,0.0200,0.0000,0.00,0.00,active,2026-10-06T17:00:00Z,2026-10-02T09:37:33+00:00
KXNFLTD-26OCT04NYJCHI,KXNFLTD,KXNFLTD-26OCT04NYJCHI-CHIDSWIFT4-3,D'Andre Swift: 3+ touchdowns,0.0300,0.0500,0.0400,4.00,4.00,active,2026-10-06T17:00:00Z,2026-10-02T09:37:33+00:00
KXNFLTD-26OCT04NYJCHI,KXNFLTD,KXNFLTD-26OCT04NYJCHI-CHICKMET85-2,Cole Kmet: 2+ touchdowns,0.0100,0.0200,0.0200,935.80,935.80,active,2026-10-06T17:00:00Z,2026-10-02T09:37:33+00:00
KXNFLTD-26OCT04NYJCHI,KXNFLTD,KXNFLTD-26OCT04NYJCHI-CHIKRAYMOND14-2,Kalif Raymond: 2+ touchdowns,0.0100,0.0300,0.0000,0.00,0.00,active,2026-10-06T17:00:00Z,2026-10-02T09:37:33+00:00
KXNFLTD-26OCT04NYJCHI,KXNFLTD,KXNFLTD-26OCT04NYJCHI-NYJGWILSON5-2,Garrett Wilson: 2+ touchdowns,0.0500,0.0800,0.0000,0.00,0.00,active,2026-10-06T17:00:00Z,2026-10-02T09:37:33+00:00
KXNFLTD-26OCT04NYJCHI,KXNFLTD,KXNFLTD-26OCT04NYJCHI-NYJNYJDST-1,NY Jets D/ST: 1+ touchdowns,0.1000,0.1600,0.1200,27.00,27.00,active,2026-10-06T17:00:00Z,2026-10-02T09:37:33+00:00
KXNFLTD-26OCT04NYJCHI,KXNFLTD,KXNFLTD-26OCT04NYJCHI-NYJIDAVIS32-2,Isaiah Davis: 2+ touchdowns,0.0100,0.0400,0.0000,0.00,0.00,active,2026-10-06T17:00:00Z,2026-10-02T09:37:33+00:00
KXNFLTD-26OCT04NYJCHI,KXNFLTD,KXNFLTD-26OCT04NYJCHI-CHIRODUNZE15-2,Rome Odunze: 2+ touchdowns,0.0100,0.0300,0.0000,0.00,0.00,active,2026-10-06T17:00:00Z,2026-10-02T09:37:33+00:00
KXNFLTD-26OCT04NYJCHI,KXNFLTD,KXNFLTD-26OCT04NYJCHI-CHIDSWIFT4-2,D'Andre Swift: 2+ touchdowns,0.1400,0.2000,0.2100,33.06,33.06,active,2026-10-06T17:00:00Z,2026-10-02T09:37:33+00:00
KXNFLTD-26OCT04NYJCHI,KXNFLTD,KXNFLTD-26OCT04NYJCHI-NYJJRUCKERT89-1,Jeremy Ruckert: 1+ touchdowns,0.0900,0.1100,0.0000,0.00,0.00,active,2026-10-06T17:00:00Z,2026-10-02T09:37:33+00:00
KXNFLTD-26OCT04NYJCHI,KXNFLTD,KXNFLTD-26OCT04NYJCHI-NYJJPRITCHETT81-1,Jamaal Pritchett: 1+ touchdowns,0.0200,0.0700,0.0400,1034.74,1034.74,active,2026-10-06T17:00:00Z,2026-10-02T09:37:33+00:00
KXNFLTD-26OCT04NYJCHI,KXNFLTD,KXNFLTD-26OCT04NYJCHI-CHIRODUNZE15-1,Rome Odunze: 1+ touchdowns,0.1900,0.2100,0.2100,64.79,64.79,active,2026-10-06T17:00:00Z,2026-10-02T09:37:33+00:00
KXNFLTD-26OCT04NYJCHI,KXNFLTD,KXNFLTD-26OCT04NYJCHI-NYJMMCCLAIN84-1,Malik McClain: 1+ touchdowns,0.0600,0.0800,0.0000,0.00,0.00,active,2026-10-06T17:00:00Z,2026-10-02T09:37:33+00:00
KXNFLTD-26OCT04NYJCHI,KXNFLTD,KXNFLTD-26OCT04NYJCHI-CHILBURDEN10-1,Luther Burden III: 1+ touchdowns,0.2700,0.3000,0.3000,117.51,117.51,active,2026-10-06T17:00:00Z,2026-10-02T09:37:33+00:00
KXNFLTD-26OCT04NYJCHI,KXNFLTD,KXNFLTD-26OCT04NYJCHI-NYJBALLEN0-1,Braelon Allen: 1+ touchdowns,0.4000,0.4100,0.4100,173.78,173.78,active,2026-10-06T17:00:00Z,2026-10-02T09:37:33+00:00
KXNFLTD-26OCT04NYJCHI,KXNFLTD,KXNFLTD-26OCT04NYJCHI-CHICKMET85-1,Cole Kmet: 1+ touchdowns,0.1100,0.1300,0.1200,209.24,209.24,active,2026-10-06T17:00:00Z,2026-10-02T09:37:33+00:00
KXNFLTD-26OCT04NYJCHI,KXNFLTD,KXNFLTD-26OCT04NYJCHI-CHITBAGENT17-1,Tyson Bagent: 1+ touchdowns,0.1400,0.1600,0.1600,15.64,15.64,active,2026-10-06T17:00:00Z,2026-10-02T09:37:33+00:00
KXNFLTD-26OCT04NYJCHI,KXNFLTD,KXNFLTD-26OCT04NYJCHI-NYJBALLEN0-2,Braelon Allen: 2+ touchdowns,0.0900,0.1100,0.1100,4.27,4.27,active,2026-10-06T17:00:00Z,2026-10-02T09:37:33+00:00
KXNFLTD-26OCT04NYJCHI,KXNFLTD,KXNFLTD-26OCT04NYJCHI-CHITBAGENT17-2,Tyson Bagent: 2+ touchdowns,0.0100,0.0200,0.0000,0.00,0.00,active,2026-10-06T17:00:00Z,2026-10-02T09:37:33+00:00
KXNFLTD-26OCT04NYJCHI,KXNFLTD,KXNFLTD-26OCT04NYJCHI-CHICLOVELAND84-1,Colston Loveland: 1+ touchdowns,0.2500,0.2700,0.2700,1045.16,1045.16,active,2026-10-06T17:00:00Z,2026-10-02T09:37:33+00:00
KXNFLTD-26OCT04NYJCHI,KXNFLTD,KXNFLTD-26OCT04NYJCHI-CHIDSWIFT4-1,D'Andre Swift: 1+ touchdowns,0.4900,0.5000,0.5100,3747.13,3001.09,active,2026-10-06T17:00:00Z,2026-10-02T09:37:33+00:00
KXNFLTD-26OCT04NYJCHI,KXNFLTD,KXNFLTD-26OCT04NYJCHI-CHILBURDEN10-3,Luther Burden III: 3+ touchdowns,0.0000,0.0200,0.0100,600.00,600.00,active,2026-10-06T17:00:00Z,2026-10-02T09:37:33+00:00
KXNFLTD-26OCT04NYJCHI,KXNFLTD,KXNFLTD-26OCT04NYJCHI-NYJGWILSON5-3,Garrett Wilson: 3+ touchdowns,0.0100,0.0200,0.0000,0.00,0.00,active,2026-10-06T17:00:00Z,2026-10-02T09:37:33+00:00
KXNFLTD-26OCT04NYJCHI,KXNFLTD,KXNFLTD-26OCT04NYJCHI-NYJBALLEN0-3,Braelon Allen: 3+ touchdowns,0.0100,0.0300,0.0000,0.00,0.00,active,2026-10-06T17:00:00Z,2026-10-02T09:37:33+00:00
KXNFLTD-26OCT04NYJCHI,KXNFLTD,KXNFLTD-26OCT04NYJCHI-CHIKMONANGAI25-1,Kyle Monangai: 1+ touchdowns,0.4800,0.5100,0.5600,153423.33,46937.21,active,2026-10-06T17:00:00Z,2026-10-02T09:37:33+00:00
KXNFLTD-26OCT04NYJCHI,KXNFLTD,KXNFLTD-26OCT04NYJCHI-NYJGSMITH7-1,Geno Smith: 1+ touchdowns,0.0900,0.1100,0.0000,0.00,0.00,active,2026-10-06T17:00:00Z,2026-10-02T09:37:33+00:00
KXNFLTD-26OCT04NYJCHI,KXNFLTD,KXNFLTD-26OCT04NYJCHI-NYJIWILLIAMS18-1,Isaiah Williams: 1+ touchdowns,0.1600,0.1800,0.0000,0.00,0.00,active,2026-10-06T17:00:00Z,2026-10-02T09:37:33+00:00
KXNFLTD-26OCT04NYJCHI,KXNFLTD,KXNFLTD-26OCT04NYJCHI-NYJGWILSON5-1,Garrett Wilson: 1+ touchdowns,0.3200,0.3500,0.3200,657.07,508.38,active,2026-10-06T17:00:00Z,2026-10-02T09:37:33+00:00
KXNFLTD-26OCT04NYJCHI,KXNFLTD,KXNFLTD-26OCT04NYJCHI-CHIKMONANGAI25-2,Kyle Monangai: 2+ touchdowns,0.1000,0.1700,0.1400,19634.72,18838.55,active,2026-10-06T17:00:00Z,2026-10-02T09:37:33+00:00
KXNFLTD-26OCT04NYJCHI,KXNFLTD,KXNFLTD-26OCT04NYJCHI-CHIKRAYMOND14-1,Kalif Raymond: 1+ touchdowns,0.1900,0.2100,0.2100,138.76,138.76,active,2026-10-06T17:00:00Z,2026-10-02T09:37:33+00:00
KXNFLTD-26OCT04NYJCHI,KXNFLTD,KXNFLTD-26OCT04NYJCHI-NYJIDAVIS32-1,Isaiah Davis: 1+ touchdowns,0.1900,0.2200,0.2200,4.27,4.27,active,2026-10-06T17:00:00Z,2026-10-02T09:37:33+00:00
KXNFLTD-26OCT04TENBAL,KXNFLTD,KXNFLTD-26OCT04TENBAL-BALBALDST-1,BAL Ravens D/ST: 1+ touchdowns,0.1100,0.1500,0.1500,1454.88,1231.75,active,2026-10-06T17:00:00Z,2026-10-02T09:37:33+00:00
KXNFLTD-26OCT04TENBAL,KXNFLTD,KXNFLTD-26OCT04TENBAL-BALCMOORE17-2,Chris Moore: 2+ touchdowns,0.0000,0.0100,0.0100,300.00,300.00,active,2026-10-06T17:00:00Z,2026-10-02T09:37:33+00:00
KXNFLTD-26OCT04TENBAL,KXNFLTD,KXNFLTD-26OCT04TENBAL-TENTENDST-1,TEN Titans D/ST: 1+ touchdowns,0.1000,0.1400,0.1400,54.02,54.02,active,2026-10-06T17:00:00Z,2026-10-02T09:37:33+00:00
KXNFLTD-26OCT04TENBAL,KXNFLTD,KXNFLTD-26OCT04TENBAL-BALZFLOWERS4-3,Zay Flowers: 3+ touchdowns,0.0100,0.0200,0.0000,0.00,0.00,active,2026-10-06T17:00:00Z,2026-10-02T09:37:33+00:00
KXNFLTD-26OCT04TENBAL,KXNFLTD,KXNFLTD-26OCT04TENBAL-TENGHELM84-2,Gunnar Helm: 2+ touchdowns,0.0100,0.0200,0.0000,0.00,0.00,active,2026-10-06T17:00:00Z,2026-10-02T09:37:33+00:00
KXNFLTD-26OCT04TENBAL,KXNFLTD,KXNFLTD-26OCT04TENBAL-BALLJACKSON8-3,Lamar Jackson: 3+ touchdowns,0.0100,0.0200,0.0200,46.79,46.79,active,2026-10-06T17:00:00Z,2026-10-02T09:37:33+00:00
KXNFLTD-26OCT04TENBAL,KXNFLTD,KXNFLTD-26OCT04TENBAL-TENTPOLLARD20-3,Tony Pollard: 3+ touchdowns,0.0000,0.0100,0.0100,600.00,600.00,active,2026-10-06T17:00:00Z,2026-10-02T09:37:33+00:00
KXNFLTD-26OCT04TENBAL,KXNFLTD,KXNFLTD-26OCT04TENBAL-TENCWARD1-2,Cam Ward: 2+ touchdowns,0.0000,0.0200,0.0100,2826.05,2375.05,active,2026-10-06T17:00:00Z,2026-10-02T09:37:33+00:00
KXNFLTD-26OCT04TENBAL,KXNFLTD,KXNFLTD-26OCT04TENBAL-TENWROBINSON4-2,Wan'Dale Robinson: 2+ touchdowns,0.0100,0.0200,0.0000,0.00,0.00,active,2026-10-06T17:00:00Z,2026-10-02T09:37:33+00:00
KXNFLTD-26OCT04TENBAL,KXNFLTD,KXNFLTD-26OCT04TENBAL-BALMANDREWS89-1,Mark Andrews: 1+ touchdowns,0.3400,0.3500,0.3600,553.93,553.93,active,2026-10-06T17:00:00Z,2026-10-02T09:37:33+00:00
KXNFLTD-26OCT04TENBAL,KXNFLTD,KXNFLTD-26OCT04TENBAL-BALMHIBNER88-1,Matt Hibner: 1+ touchdowns,0.0600,0.0700,0.0700,3903.48,3777.71,active,2026-10-06T17:00:00Z,2026-10-02T09:37:33+00:00
KXNFLTD-26OCT04TENBAL,KXNFLTD,KXNFLTD-26OCT04TENBAL-TENCRIDLEY0-1,Calvin Ridley: 1+ touchdowns,0.0500,0.0600,0.0700,11.00,11.00,active,2026-10-06T17:00:00Z,2026-10-02T09:37:33+00:00
KXNFLTD-26OCT04TENBAL,KXNFLTD,KXNFLTD-26OCT04TENBAL-TENEAYOMANOR5-1,Elic Ayomanor: 1+ touchdowns,0.1100,0.1200,0.1200,1510.21,1510.21,active,2026-10-06T17:00:00Z,2026-10-02T09:37:33+00:00
KXNFLTD-26OCT04TENBAL,KXNFLTD,KXNFLTD-26OCT04TENBAL-BALJHILL43-2,Justice Hill: 2+ touchdowns,0.0100,0.0200,0.0000,0.00,0.00,active,2026-10-06T17:00:00Z,2026-10-02T09:37:33+00:00
KXNFLTD-26OCT04TENBAL,KXNFLTD,KXNFLTD-26OCT04TENBAL-TENTPOLLARD20-2,Tony Pollard: 2+ touchdowns,0.0400,0.0600,0.0000,0.00,0.00,active,2026-10-06T17:00:00Z,2026-10-02T09:37:33+00:00
KXNFLTD-26OCT04TENBAL,KXNFLTD,KXNFLTD-26OCT04TENBAL-BALLJACKSON8-2,Lamar Jackson: 2+ touchdowns,0.0300,0.0500,0.0500,1091.74,972.98,active,2026-10-06T17:00:00Z,2026-10-02T09:37:33+00:00
KXNFLTD-26OCT04TENBAL,KXNFLTD,KXNFLTD-26OCT04TENBAL-TENTSPEARS2-2,Tyjae Spears: 2+ touchdowns,0.0100,0.0200,0.0000,0.00,0.00,active,2026-10-06T17:00:00Z,2026-10-02T09:37:33+00:00
KXNFLTD-26OCT04TENBAL,KXNFLTD,KXNFLTD-26OCT04TENBAL-TENEAYOMANOR5-2,Elic Ayomanor: 2+ touchdowns,0.0100,0.0200,0.0000,0.00,0.00,active,2026-10-06T17:00:00Z,2026-10-02T09:37:33+00:00
KXNFLTD-26OCT04TENBAL,KXNFLTD,KXNFLTD-26OCT04TENBAL-BALRBATEMAN7-2,Rashod Bateman: 2+ touchdowns,0.0200,0.0500,0.0000,0.00,0.00,active,2026-10-06T17:00:00Z,2026-10-02T09:37:33+00:00
KXNFLTD-26OCT04TENBAL,KXNFLTD,KXNFLTD-26OCT04TENBAL-BALDWALKER81-1,Devontez Walker: 1+ touchdowns,0.0900,0.1100,0.1100,1826.88,1825.88,active,2026-10-06T17:00:00Z,2026-10-02T09:37:33+00:00
KXNFLTD-26OCT04TENBAL,KXNFLTD,KXNFLTD-26OCT04TENBAL-TENJCHESTNUT36-1,Julius Chestnut: 1+ touchdowns,0.0100,0.0400,0.0400,542.07,542.07,active,2026-10-06T17:00:00Z,2026-10-02T09:37:33+00:00
KXNFLTD-26OCT04TENBAL,KXNFLTD,KXNFLTD-26OCT04TENBAL-TENCDIKE17-1,Chimere Dike: 1+ touchdowns,0.0500,0.0600,0.0700,343.86,343.86,active,2026-10-06T17:00:00Z,2026-10-02T09:37:33+00:00
KXNFLTD-26OCT04TENBAL,KXNFLTD,KXNFLTD-26OCT04TENBAL-BALDWALKER81-2,Devontez Walker: 2+ touchdowns,0.0100,0.0200,0.0000,0.00,0.00,active,2026-10-06T17:00:00Z,2026-10-02T09:37:33+00:00
KXNFLTD-26OCT04TENBAL,KXNFLTD,KXNFLTD-26OCT04TENBAL-TENDBELLINGER82-1,Daniel Bellinger: 1+ touchdowns,0.0500,0.0700,0.0000,0.00,0.00,active,2026-10-06T17:00:00Z,2026-10-02T09:37:33+00:00
KXNFLTD-26OCT04TENBAL,KXNFLTD,KXNFLTD-26OCT04TENBAL-TENCTATE14-2,Carnell Tate: 2+ touchdowns,0.0200,0.0300,0.0000,0.00,0.00,active,2026-10-06T17:00:00Z,2026-10-02T09:37:33+00:00
KXNFLTD-26OCT04TENBAL,KXNFLTD,KXNFLTD-26OCT04TENBAL-TENWROBINSON4-1,Wan'Dale Robinson: 1+ touchdowns,0.1500,0.1600,0.1500,84.02,84.02,active,2026-10-06T17:00:00Z,2026-10-02T09:37:33+00:00
KXNFLTD-26OCT04TENBAL,KXNFLTD,KXNFLTD-26OCT04TENBAL-BALDSMYTHE80-1,Durham Smythe: 1+ touchdowns,0.0700,0.0800,0.0000,0.00,0.00,active,2026-10-06T17:00:00Z,2026-10-02T09:37:33+00:00
KXNFLTD-26OCT04TENBAL,KXNFLTD,KXNFLTD-26OCT04TENBAL-TENTSPEARS2-1,Tyjae Spears: 1+ touchdowns,0.1400,0.1500,0.1500,5083.26,5083.26,active,2026-10-06T17:00:00Z,2026-10-02T09:37:33+00:00
KXNFLTD-26OCT04TENBAL,KXNFLTD,KXNFLTD-26OCT04TENBAL-TENGHELM84-1,Gunnar Helm: 1+ touchdowns,0.1300,0.1400,0.0000,0.00,0.00,active,2026-10-06T17:00:00Z,2026-10-02T09:37:33+00:00
KXNFLTD-26OCT04TENBAL,KXNFLTD,KXNFLTD-26OCT04TENBAL-BALCMOORE17-1,Chris Moore: 1+ touchdowns,0.0900,0.1100,0.1100,1042.78,1042.78,active,2026-10-06T17:00:00Z,2026-10-02T09:37:33+00:00
KXNFLTD-26OCT04TENBAL,KXNFLTD,KXNFLTD-26OCT04TENBAL-BALMANDREWS89-2,Mark Andrews: 2+ touchdowns,0.0600,0.0800,0.0000,0.00,0.00,active,2026-10-06T17:00:00Z,2026-10-02T09:37:33+00:00
KXNFLTD-26OCT04TENBAL,KXNFLTD,KXNFLTD-26OCT04TENBAL-BALESARRATT13-1,Elijah Sarratt: 1+ touchdowns,0.0500,0.0700,0.0000,0.00,0.00,active,2026-10-06T17:00:00Z,2026-10-02T09:37:33+00:00
KXNFLTD-26OCT04TENBAL,KXNFLTD,KXNFLTD-26OCT04TENBAL-BALZFLOWERS4-2,Zay Flowers: 2+ touchdowns,0.0700,0.0900,0.0900,1274.23,1274.23,active,2026-10-06T17:00:00Z,2026-10-02T09:37:33+00:00
KXNFLTD-26OCT04TENBAL,KXNFLTD,KXNFLTD-26OCT04TENBAL-TENNSINGLETON32-2,Nicholas Singleton: 2+ touchdowns,0.0100,0.0200,0.0000,0.00,0.00,active,2026-10-06T17:00:00Z,2026-10-02T09:37:33+00:00
KXNFLTD-26OCT04TENBAL,KXNFLTD,KXNFLTD-26OCT04TENBAL-TENCWARD1-1,Cam Ward: 1+ touchdowns,0.1100,0.1300,0.1300,7501.80,7501.80,active,2026-10-06T17:00:00Z,2026-10-02T09:37:33+00:00
KXNFLTD-26OCT04TENBAL,KXNFLTD,KXNFLTD-26OCT04TENBAL-BALRBATEMAN7-1,Rashod Bateman: 1+ touchdowns,0.2400,0.2600,0.2500,235.72,235.72,active,2026-10-06T17:00:00Z,2026-10-02T09:37:33+00:00
KXNFLTD-26OCT04TENBAL,KXNFLTD,KXNFLTD-26OCT04TENBAL-BALLJACKSON8-1,Lamar Jackson: 1+ touchdowns,0.2900,0.3000,0.3000,3375.61,2891.20,active,2026-10-06T17:00:00Z,2026-10-02T09:37:33+00:00
KXNFLTD-26OCT04TENBAL,KXNFLTD,KXNFLTD-26OCT04TENBAL-TENTPOLLARD20-1,Tony Pollard: 1+ touchdowns,0.2900,0.3100,0.2900,78.45,62.36,active,2026-10-06T17:00:00Z,2026-10-02T09:37:33+00:00
KXNFLTD-26OCT04TENBAL,KXNFLTD,KXNFLTD-26OCT04TENBAL-BALZFLOWERS4-1,Zay Flowers: 1+ touchdowns,0.3800,0.3900,0.3900,3413.19,2693.49,active,2026-10-06T17:00:00Z,2026-10-02T09:37:33+00:00
KXNFLTD-26OCT04TENBAL,KXNFLTD,KXNFLTD-26OCT04TENBAL-BALMANDREWS89-3,Mark Andrews: 3+ touchdowns,0.0100,0.0200,0.0300,29.00,29.00,active,2026-10-06T17:00:00Z,2026-10-02T09:37:33+00:00
KXNFLTD-26OCT04TENBAL,KXNFLTD,KXNFLTD-26OCT04TENBAL-BALRBATEMAN7-3,Rashod Bateman: 3+ touchdowns,0.0000,0.0100,0.0100,300.00,300.00,active,2026-10-06T17:00:00Z,2026-10-02T09:37:33+00:00
KXNFLTD-26OCT04TENBAL,KXNFLTD,KXNFLTD-26OCT04TENBAL-BALDHENRY22-3,Derrick Henry: 3+ touchdowns,0.0700,0.0800,0.0800,5209.28,5209.28,active,2026-10-06T17:00:00Z,2026-10-02T09:37:33+00:00
KXNFLTD-26OCT04TENBAL,KXNFLTD,KXNFLTD-26OCT04TENBAL-BALJHILL43-1,Justice Hill: 1+ touchdowns,0.1300,0.1400,0.1400,173.80,173.80,active,2026-10-06T17:00:00Z,2026-10-02T09:37:33+00:00
KXNFLTD-26OCT04TENBAL,KXNFLTD,KXNFLTD-26OCT04TENBAL-BALDHENRY22-1,Derrick Henry: 1+ touchdowns,0.6600,0.6700,0.6700,16322.98,7484.95,active,2026-10-06T17:00:00Z,2026-10-02T09:37:33+00:00
KXNFLTD-26OCT04TENBAL,KXNFLTD,KXNFLTD-26OCT04TENBAL-TENNSINGLETON32-1,Nicholas Singleton: 1+ touchdowns,0.1000,0.1300,0.0700,61.00,61.00,active,2026-10-06T17:00:00Z,2026-10-02T09:37:33+00:00
KXNFLTD-26OCT04TENBAL,KXNFLTD,KXNFLTD-26OCT04TENBAL-TENCTATE14-1,Carnell Tate: 1+ touchdowns,0.2000,0.2100,0.2100,299.55,299.55,active,2026-10-06T17:00:00Z,2026-10-02T09:37:33+00:00
KXNFLTD-26OCT04TENBAL,KXNFLTD,KXNFLTD-26OCT04TENBAL-BALDHENRY22-2,Derrick Henry: 2+ touchdowns,0.2500,0.2600,0.2700,15395.31,15269.36,active,2026-10-06T17:00:00Z,2026-10-02T09:37:33+00:00
KXNFLTD-26OCT05ATLNO,KXNFLTD,KXNFLTD-26OCT05ATLNO-NODVELE14-3,Devaughn Vele: 3+ touchdowns,0.0000,0.0100,0.0100,608.00,608.00,active,2026-10-08T00:15:00Z,2026-10-02T09:37:33+00:00
KXNFLTD-26OCT05ATLNO,KXNFLTD,KXNFLTD-26OCT05ATLNO-NOJJOHNSON83-3,Juwan Johnson: 3+ touchdowns,0.0000,0.0100,0.0100,300.00,300.00,active,2026-10-08T00:15:00Z,2026-10-02T09:37:33+00:00
KXNFLTD-26OCT05ATLNO,KXNFLTD,KXNFLTD-26OCT05ATLNO-NOBLANCE18-2,Bryce Lance: 2+ touchdowns,0.0100,0.0200,0.0000,0.00,0.00,active,2026-10-08T00:15:00Z,2026-10-02T09:37:33+00:00
KXNFLTD-26OCT05ATLNO,KXNFLTD,KXNFLTD-26OCT05ATLNO-NOKMILLER5-2,Kendre Miller: 2+ touchdowns,0.0100,0.0300,0.0000,0.00,0.00,active,2026-10-08T00:15:00Z,2026-10-02T09:37:33+00:00
KXNFLTD-26OCT05ATLNO,KXNFLTD,KXNFLTD-26OCT05ATLNO-ATLDLONDON5-3,Drake London: 3+ touchdowns,0.0100,0.0200,0.0000,0.00,0.00,active,2026-10-08T00:15:00Z,2026-10-02T09:37:33+00:00
KXNFLTD-26OCT05ATLNO,KXNFLTD,KXNFLTD-26OCT05ATLNO-NONFANT87-2,Noah Fant: 2+ touchdowns,0.0100,0.0200,0.0000,0.00,0.00,active,2026-10-08T00:15:00Z,2026-10-02T09:37:33+00:00
KXNFLTD-26OCT05ATLNO,KXNFLTD,KXNFLTD-26OCT05ATLNO-ATLJDOTSON4-2,Jahan Dotson: 2+ touchdowns,0.0100,0.0200,0.0000,0.00,0.00,active,2026-10-08T00:15:00Z,2026-10-02T09:37:33+00:00
KXNFLTD-26OCT05ATLNO,KXNFLTD,KXNFLTD-26OCT05ATLNO-NOJJOHNSON83-2,Juwan Johnson: 2+ touchdowns,0.0200,0.0500,0.0500,18.75,18.75,active,2026-10-08T00:15:00Z,2026-10-02T09:37:33+00:00
KXNFLTD-26OCT05ATLNO,KXNFLTD,KXNFLTD-26OCT05ATLNO-ATLMPENIX9-2,Michael Penix Jr.: 2+ touchdowns,0.0000,0.0100,0.0100,300.00,300.00,active,2026-10-08T00:15:00Z,2026-10-02T09:37:33+00:00
KXNFLTD-26OCT05ATLNO,KXNFLTD,KXNFLTD-26OCT05ATLNO-ATLOZACCHEAUS14-2,Olamide Zaccheaus: 2+ touchdowns,0.0000,0.0100,0.0100,300.00,300.00,active,2026-10-08T00:15:00Z,2026-10-02T09:37:33+00:00
KXNFLTD-26OCT05ATLNO,KXNFLTD,KXNFLTD-26OCT05ATLNO-ATLAHOOPER81-2,Austin Hooper: 2+ touchdowns,0.0000,0.0100,0.0100,300.00,300.00,active,2026-10-08T00:15:00Z,2026-10-02T09:37:33+00:00
KXNFLTD-26OCT05ATLNO,KXNFLTD,KXNFLTD-26OCT05ATLNO-NOCDONALDSON43-2,CJ Donaldson: 2+ touchdowns,0.0100,0.0200,0.0200,1380.30,1380.30,active,2026-10-08T00:15:00Z,2026-10-02T09:37:33+00:00
KXNFLTD-26OCT05ATLNO,KXNFLTD,KXNFLTD-26OCT05ATLNO-NONODST-1,NO Saints D/ST: 1+ touchdowns,0.1000,0.1500,0.1500,6.29,6.29,active,2026-10-08T00:15:00Z,2026-10-02T09:37:33+00:00
KXNFLTD-26OCT05ATLNO,KXNFLTD,KXNFLTD-26OCT05ATLNO-ATLDLONDON5-2,Drake London: 2+ touchdowns,0.0700,0.0800,0.0000,0.00,0.00,active,2026-10-08T00:15:00Z,2026-10-02T09:37:33+00:00
KXNFLTD-26OCT05ATLNO,KXNFLTD,KXNFLTD-26OCT05ATLNO-ATLOZACCHEAUS14-1,Olamide Zaccheaus: 1+ touchdowns,0.0900,0.1100,0.0000,0.00,0.00,active,2026-10-08T00:15:00Z,2026-10-02T09:37:33+00:00
KXNFLTD-26OCT05ATLNO,KXNFLTD,KXNFLTD-26OCT05ATLNO-ATLJDOTSON4-1,Jahan Dotson: 1+ touchdowns,0.1400,0.1600,0.0000,0.00,0.00,active,2026-10-08T00:15:00Z,2026-10-02T09:37:33+00:00
KXNFLTD-26OCT05ATLNO,KXNFLTD,KXNFLTD-26OCT05ATLNO-ATLKPITTS8-2,Kyle Pitts Sr.: 2+ touchdowns,0.0100,0.0200,0.0000,0.00,0.00,active,2026-10-08T00:15:00Z,2026-10-02T09:37:33+00:00
KXNFLTD-26OCT05ATLNO,KXNFLTD,KXNFLTD-26OCT05ATLNO-NONFANT87-1,Noah Fant: 1+ touchdowns,0.1400,0.1500,0.1600,59.02,59.02,active,2026-10-08T00:15:00Z,2026-10-02T09:37:33+00:00
KXNFLTD-26OCT05ATLNO,KXNFLTD,KXNFLTD-26OCT05ATLNO-NOAKAMARA41-1,Alvin Kamara: 1+ touchdowns,0.4200,0.4300,0.4300,75.74,75.34,active,2026-10-08T00:15:00Z,2026-10-02T09:37:33+00:00
KXNFLTD-26OCT05ATLNO,KXNFLTD,KXNFLTD-26OCT05ATLNO-ATLAHOOPER81-1,Austin Hooper: 1+ touchdowns,0.0900,0.1100,0.1100,1022.03,1022.03,active,2026-10-08T00:15:00Z,2026-10-02T09:37:33+00:00
KXNFLTD-26OCT05ATLNO,KXNFLTD,KXNFLTD-26OCT05ATLNO-ATLZBRANCH17-1,Zachariah Branch: 1+ touchdowns,0.0500,0.0700,0.0800,345.13,345.13,active,2026-10-08T00:15:00Z,2026-10-02T09:37:33+00:00
KXNFLTD-26OCT05ATLNO,KXNFLTD,KXNFLTD-26OCT05ATLNO-ATLBROBINSON15-2,Brian Robinson: 2+ touchdowns,0.0300,0.0400,0.0400,401.21,401.21,active,2026-10-08T00:15:00Z,2026-10-02T09:37:33+00:00
KXNFLTD-26OCT05ATLNO,KXNFLTD,KXNFLTD-26OCT05ATLNO-NOAKAMARA41-2,Alvin Kamara: 2+ touchdowns,0.1000,0.1100,0.1100,51.33,51.33,active,2026-10-08T00:15:00Z,2026-10-02T09:37:33+00:00
KXNFLTD-26OCT05ATLNO,KXNFLTD,KXNFLTD-26OCT05ATLNO-NOBLANCE18-1,Bryce Lance: 1+ touchdowns,0.1300,0.1600,0.0000,0.00,0.00,active,2026-10-08T00:15:00Z,2026-10-02T09:37:33+00:00
KXNFLTD-26OCT05ATLNO,KXNFLTD,KXNFLTD-26OCT05ATLNO-NOAKAMARA41-3,Alvin Kamara: 3+ touchdowns,0.0100,0.0300,0.0300,78.03,78.03,active,2026-10-08T00:15:00Z,2026-10-02T09:37:33+00:00
KXNFLTD-26OCT05ATLNO,KXNFLTD,KXNFLTD-26OCT05ATLNO-ATLATLDST-1,ATL Falcons D/ST: 1+ touchdowns,0.1000,0.1500,0.1500,157.30,157.30,active,2026-10-08T00:15:00Z,2026-10-02T09:37:33+00:00
KXNFLTD-26OCT05ATLNO,KXNFLTD,KXNFLTD-26OCT05ATLNO-NOKMILLER5-1,Kendre Miller: 1+ touchdowns,0.1800,0.2000,0.1900,2104.15,2079.25,active,2026-10-08T00:15:00Z,2026-10-02T09:37:33+00:00
KXNFLTD-26OCT05ATLNO,KXNFLTD,KXNFLTD-26OCT05ATLNO-NOCDONALDSON43-1,CJ Donaldson: 1+ touchdowns,0.0900,0.1100,0.1100,2611.26,2611.26,active,2026-10-08T00:15:00Z,2026-10-02T09:37:33+00:00
KXNFLTD-26OCT05ATLNO,KXNFLTD,KXNFLTD-26OCT05ATLNO-ATLKPITTS8-1,Kyle Pitts Sr.: 1+ touchdowns,0.1600,0.1900,0.1900,677.58,677.58,active,2026-10-08T00:15:00Z,2026-10-02T09:37:33+00:00
KXNFLTD-26OCT05ATLNO,KXNFLTD,KXNFLTD-26OCT05ATLNO-NODVELE14-2,Devaughn Vele: 2+ touchdowns,0.0200,0.0500,0.0000,0.00,0.00,active,2026-10-08T00:15:00Z,2026-10-02T09:37:33+00:00
KXNFLTD-26OCT05ATLNO,KXNFLTD,KXNFLTD-26OCT05ATLNO-ATLMPENIX9-1,Michael Penix Jr.: 1+ touchdowns,0.0600,0.1000,0.1000,229.72,135.65,active,2026-10-08T00:15:00Z,2026-10-02T09:37:33+00:00
KXNFLTD-26OCT05ATLNO,KXNFLTD,KXNFLTD-26OCT05ATLNO-NOTSHOUGH6-2,Tyler Shough: 2+ touchdowns,0.0300,0.0400,0.0400,1490.32,1490.32,active,2026-10-08T00:15:00Z,2026-10-02T09:37:33+00:00
KXNFLTD-26OCT05ATLNO,KXNFLTD,KXNFLTD-26OCT05ATLNO-NOCOLAVE12-3,Chris Olave: 3+ touchdowns,0.0100,0.0300,0.0300,34.00,34.00,active,2026-10-08T00:15:00Z,2026-10-02T09:37:33+00:00
KXNFLTD-26OCT05ATLNO,KXNFLTD,KXNFLTD-26OCT05ATLNO-ATLBROBINSON7-3,Bijan Robinson: 3+ touchdowns,0.0500,0.0700,0.0700,60.00,60.00,active,2026-10-08T00:15:00Z,2026-10-02T09:37:33+00:00
KXNFLTD-26OCT05ATLNO,KXNFLTD,KXNFLTD-26OCT05ATLNO-NOCOLAVE12-2,Chris Olave: 2+ touchdowns,0.0800,0.1100,0.1100,8.55,8.55,active,2026-10-08T00:15:00Z,2026-10-02T09:37:33+00:00
KXNFLTD-26OCT05ATLNO,KXNFLTD,KXNFLTD-26OCT05ATLNO-ATLBROBINSON7-2,Bijan Robinson: 2+ touchdowns,0.2600,0.2800,0.2800,799.23,799.23,active,2026-10-08T00:15:00Z,2026-10-02T09:37:33+00:00
KXNFLTD-26OCT05ATLNO,KXNFLTD,KXNFLTD-26OCT05ATLNO-NODVELE14-1,Devaughn Vele: 1+ touchdowns,0.2700,0.3000,0.0000,0.00,0.00,active,2026-10-08T00:15:00Z,2026-10-02T09:37:33+00:00
KXNFLTD-26OCT05ATLNO,KXNFLTD,KXNFLTD-26OCT05ATLNO-NOTSHOUGH6-1,Tyler Shough: 1+ touchdowns,0.2100,0.2300,0.2100,828.71,704.96,active,2026-10-08T00:15:00Z,2026-10-02T09:37:33+00:00
KXNFLTD-26OCT05ATLNO,KXNFLTD,KXNFLTD-26OCT05ATLNO-NOCOLAVE12-1,Chris Olave: 1+ touchdowns,0.4100,0.4500,0.4400,305.48,305.48,active,2026-10-08T00:15:00Z,2026-10-02T09:37:33+00:00
KXNFLTD-26OCT05ATLNO,KXNFLTD,KXNFLTD-26OCT05ATLNO-ATLBROBINSON15-1,Brian Robinson: 1+ touchdowns,0.2000,0.2400,0.2300,473.86,473.86,active,2026-10-08T00:15:00Z,2026-10-02T09:37:33+00:00
KXNFLTD-26OCT05ATLNO,KXNFLTD,KXNFLTD-26OCT05ATLNO-NOJJOHNSON83-1,Juwan Johnson: 1+ touchdowns,0.2800,0.2900,0.2900,445.44,445.44,active,2026-10-08T00:15:00Z,2026-10-02T09:37:33+00:00
KXNFLTD-26OCT05ATLNO,KXNFLTD,KXNFLTD-26OCT05ATLNO-ATLDLONDON5-1,Drake London: 1+ touchdowns,0.3800,0.4100,0.4000,265.93,265.93,active,2026-10-08T00:15:00Z,2026-10-02T09:37:33+00:00
KXNFLTD-26OCT05ATLNO,KXNFLTD,KXNFLTD-26OCT05ATLNO-ATLBROBINSON7-1,Bijan Robinson: 1+ touchdowns,0.6300,0.6500,0.6500,651.20,636.19,active,2026-10-08T00:15:00Z,2026-10-02T09:37:33+00:00
KXNFLRRYDS-26OCT04ARINYG,KXNFLRRYDS,KXNFLRRYDS-26OCT04ARINYG-NYGCSKATTEBO44-140,Cam Skattebo: 140+ rushing and receiving yards combined,0.0100,0.1300,0.0000,0.00,0.00,active,2026-10-06T17:00:00Z,2026-10-02T09:37:33+00:00
KXNFLRRYDS-26OCT04ARINYG,KXNFLRRYDS,KXNFLRRYDS-26OCT04ARINYG-ARIJLOVE4-115,Jeremiyah Love: 115+ rushing and receiving yards combined,0.0000,0.4100,0.2600,36.56,36.56,active,2026-10-06T17:00:00Z,2026-10-02T09:37:33+00:00
KXNFLRRYDS-26OCT04ARINYG,KXNFLRRYDS,KXNFLRRYDS-26OCT04ARINYG-ARIJLOVE4-140,Jeremiyah Love: 140+ rushing and receiving yards combined,0.0100,0.1400,0.0000,0.00,0.00,active,2026-10-06T17:00:00Z,2026-10-02T09:37:33+00:00
KXNFLRRYDS-26OCT04ARINYG,KXNFLRRYDS,KXNFLRRYDS-26OCT04ARINYG-ARIJLOVE4-90,Jeremiyah Love: 90+ rushing and receiving yards combined,0.3700,0.4600,0.4600,64.09,64.09,active,2026-10-06T17:00:00Z,2026-10-02T09:37:33+00:00
KXNFLRRYDS-26OCT04ARINYG,KXNFLRRYDS,KXNFLRRYDS-26OCT04ARINYG-NYGCSKATTEBO44-90,Cam Skattebo: 90+ rushing and receiving yards combined,0.3700,0.4700,0.4700,20.00,20.00,active,2026-10-06T17:00:00Z,2026-10-02T09:37:33+00:00
KXNFLRRYDS-26OCT04ARINYG,KXNFLRRYDS,KXNFLRRYDS-26OCT04ARINYG-NYGCSKATTEBO44-115,Cam Skattebo: 115+ rushing and receiving yards combined,0.0000,0.5300,0.0000,0.00,0.00,active,2026-10-06T17:00:00Z,2026-10-02T09:37:33+00:00
KXNFLRRYDS-26OCT04DALHOU,KXNFLRRYDS,KXNFLRRYDS-26OCT04DALHOU-HOUDMONTGOMERY32-85,David Montgomery: 85+ rushing and receiving yards combined,0.0000,0.4300,0.0000,0.00,0.00,active,2026-10-06T17:00:00Z,2026-10-02T09:37:33+00:00
KXNFLRRYDS-26OCT04DALHOU,KXNFLRRYDS,KXNFLRRYDS-26OCT04DALHOU-HOUWMARKS4-75,Woody Marks: 75+ rushing and receiving yards combined,0.0000,0.2300,0.0000,0.00,0.00,active,2026-10-06T17:00:00Z,2026-10-02T09:37:33+00:00
KXNFLRRYDS-26OCT04DALHOU,KXNFLRRYDS,KXNFLRRYDS-26OCT04DALHOU-HOUDMONTGOMERY32-110,David Montgomery: 110+ rushing and receiving yards combined,0.0100,0.1100,0.0000,0.00,0.00,active,2026-10-06T17:00:00Z,2026-10-02T09:37:33+00:00
KXNFLRRYDS-26OCT04DALHOU,KXNFLRRYDS,KXNFLRRYDS-26OCT04DALHOU-HOUWMARKS4-100,Woody Marks: 100+ rushing and receiving yards combined,0.0100,0.0900,0.0000,0.00,0.00,active,2026-10-06T17:00:00Z,2026-10-02T09:37:33+00:00
KXNFLRRYDS-26OCT04DALHOU,KXNFLRRYDS,KXNFLRRYDS-26OCT04DALHOU-HOUWMARKS4-50,Woody Marks: 50+ rushing and receiving yards combined,0.4400,0.5000,0.0000,0.00,0.00,active,2026-10-06T17:00:00Z,2026-10-02T09:37:33+00:00
KXNFLRRYDS-26OCT04DALHOU,KXNFLRRYDS,KXNFLRRYDS-26OCT04DALHOU-DALJWILLIAMS33-130,Javonte Williams: 130+ rushing and receiving yards combined,0.0100,0.1200,0.0000,0.00,0.00,active,2026-10-06T17:00:00Z,2026-10-02T09:37:33+00:00
KXNFLRRYDS-26OCT04DALHOU,KXNFLRRYDS,KXNFLRRYDS-26OCT04DALHOU-DALJWILLIAMS33-105,Javonte Williams: 105+ rushing and receiving yards combined,0.0000,0.4100,0.0000,0.00,0.00,active,2026-10-06T17:00:00Z,2026-10-02T09:37:33+00:00
KXNFLRRYDS-26OCT04DALHOU,KXNFLRRYDS,KXNFLRRYDS-26OCT04DALHOU-DALJWILLIAMS33-80,Javonte Williams: 80+ rushing and receiving yards combined,0.4400,0.5000,0.5000,19.32,19.32,active,2026-10-06T17:00:00Z,2026-10-02T09:37:33+00:00
KXNFLRRYDS-26OCT04DALHOU,KXNFLRRYDS,KXNFLRRYDS-26OCT04DALHOU-HOUDMONTGOMERY32-60,David Montgomery: 60+ rushing and receiving yards combined,0.4700,0.5200,0.0000,0.00,0.00,active,2026-10-06T17:00:00Z,2026-10-02T09:37:33+00:00
KXNFLRRYDS-26OCT04DENSF,KXNFLRRYDS,KXNFLRRYDS-26OCT04DENSF-SFCMCCAFFREY23-135,Christian McCaffrey: 135+ rushing and receiving yards combined,0.0000,0.6400,0.0000,0.00,0.00,active,2026-10-06T20:25:00Z,2026-10-02T09:37:33+00:00
KXNFLRRYDS-26OCT04DENSF,KXNFLRRYDS,KXNFLRRYDS-26OCT04DENSF-SFCMCCAFFREY23-110,Christian McCaffrey: 110+ rushing and receiving yards combined,0.4800,0.5400,0.5300,184.93,184.93,active,2026-10-06T20:25:00Z,2026-10-02T09:37:33+00:00
KXNFLRRYDS-26OCT04DENSF,KXNFLRRYDS,KXNFLRRYDS-26OCT04DENSF-DENRHARVEY12-90,RJ Harvey: 90+ rushing and receiving yards combined,0.0300,0.0900,0.0000,0.00,0.00,active,2026-10-06T20:25:00Z,2026-10-02T09:37:33+00:00
KXNFLRRYDS-26OCT04DENSF,KXNFLRRYDS,KXNFLRRYDS-26OCT04DENSF-DENRHARVEY12-65,RJ Harvey: 65+ rushing and receiving yards combined,0.0000,0.5300,0.0000,0.00,0.00,active,2026-10-06T20:25:00Z,2026-10-02T09:37:33+00:00
KXNFLRRYDS-26OCT04DENSF,KXNFLRRYDS,KXNFLRRYDS-26OCT04DENSF-DENRHARVEY12-40,RJ Harvey: 40+ rushing and receiving yards combined,0.4600,0.5500,0.0000,0.00,0.00,active,2026-10-06T20:25:00Z,2026-10-02T09:37:33+00:00
KXNFLRRYDS-26OCT04DENSF,KXNFLRRYDS,KXNFLRRYDS-26OCT04DENSF-SFCMCCAFFREY23-160,Christian McCaffrey: 160+ rushing and receiving yards combined,0.0500,0.2100,0.0000,0.00,0.00,active,2026-10-06T20:25:00Z,2026-10-02T09:37:33+00:00
KXNFLRRYDS-26OCT04DETCAR,KXNFLRRYDS,KXNFLRRYDS-26OCT04DETCAR-CARCHUBBARD30-115,Chuba Hubbard: 115+ rushing and receiving yards combined,0.0000,0.4900,0.0000,0.00,0.00,active,2026-10-07T00:20:00Z,2026-10-02T09:37:33+00:00
KXNFLRRYDS-26OCT04DETCAR,KXNFLRRYDS,KXNFLRRYDS-26OCT04DETCAR-DETJGIBBS0-165,Jahmyr Gibbs: 165+ rushing and receiving yards combined,0.0000,0.5000,0.0000,0.00,0.00,active,2026-10-07T00:20:00Z,2026-10-02T09:37:33+00:00
KXNFLRRYDS-26OCT04DETCAR,KXNFLRRYDS,KXNFLRRYDS-26OCT04DETCAR-CARCHUBBARD30-140,Chuba Hubbard: 140+ rushing and receiving yards combined,0.0100,0.1600,0.0000,0.00,0.00,active,2026-10-07T00:20:00Z,2026-10-02T09:37:33+00:00
KXNFLRRYDS-26OCT04DETCAR,KXNFLRRYDS,KXNFLRRYDS-26OCT04DETCAR-CARCHUBBARD30-90,Chuba Hubbard: 90+ rushing and receiving yards combined,0.4700,0.5400,0.0000,0.00,0.00,active,2026-10-07T00:20:00Z,2026-10-02T09:37:33+00:00
KXNFLRRYDS-26OCT04DETCAR,KXNFLRRYDS,KXNFLRRYDS-26OCT04DETCAR-DETJGIBBS0-190,Jahmyr Gibbs: 190+ rushing and receiving yards combined,0.0400,0.1900,0.0000,0.00,0.00,active,2026-10-07T00:20:00Z,2026-10-02T09:37:33+00:00
KXNFLRRYDS-26OCT04DETCAR,KXNFLRRYDS,KXNFLRRYDS-26OCT04DETCAR-DETJGIBBS0-140,Jahmyr Gibbs: 140+ rushing and receiving yards combined,0.3600,0.5000,0.5000,23.82,23.82,active,2026-10-07T00:20:00Z,2026-10-02T09:37:33+00:00
KXNFLRRYDS-26OCT04GBTB,KXNFLRRYDS,KXNFLRRYDS-26OCT04GBTB-TBKGAINWELL1-55,Kenny Gainwell: 55+ rushing and receiving yards combined,0.0000,0.4900,0.0000,0.00,0.00,active,2026-10-06T17:00:00Z,2026-10-02T09:37:33+00:00
KXNFLRRYDS-26OCT04GBTB,KXNFLRRYDS,KXNFLRRYDS-26OCT04GBTB-TBKGAINWELL1-80,Kenny Gainwell: 80+ rushing and receiving yards combined,0.0100,0.1000,0.1000,47.03,47.03,active,2026-10-06T17:00:00Z,2026-10-02T09:37:33+00:00
KXNFLRRYDS-26OCT04GBTB,KXNFLRRYDS,KXNFLRRYDS-26OCT04GBTB-TBKGAINWELL1-30,Kenny Gainwell: 30+ rushing and receiving yards combined,0.4400,0.5000,0.0000,0.00,0.00,active,2026-10-06T17:00:00Z,2026-10-02T09:37:33+00:00
KXNFLRRYDS-26OCT04GBTB,KXNFLRRYDS,KXNFLRRYDS-26OCT04GBTB-GBMLLOYD32-80,MarShawn Lloyd: 80+ rushing and receiving yards combined,0.0100,0.0900,0.0000,0.00,0.00,active,2026-10-06T17:00:00Z,2026-10-02T09:37:33+00:00
KXNFLRRYDS-26OCT04GBTB,KXNFLRRYDS,KXNFLRRYDS-26OCT04GBTB-GBMLLOYD32-30,MarShawn Lloyd: 30+ rushing and receiving yards combined,0.0000,0.5900,0.0000,0.00,0.00,active,2026-10-06T17:00:00Z,2026-10-02T09:37:33+00:00
KXNFLRRYDS-26OCT04GBTB,KXNFLRRYDS,KXNFLRRYDS-26OCT04GBTB-GBMLLOYD32-55,MarShawn Lloyd: 55+ rushing and receiving yards combined,0.0000,0.5700,0.0000,0.00,0.00,active,2026-10-06T17:00:00Z,2026-10-02T09:37:33+00:00
KXNFLRRYDS-26OCT04INDWAS,KXNFLRRYDS,KXNFLRRYDS-26OCT04INDWAS-INDJTAYLOR28-135,Jonathan Taylor: 135+ rushing and receiving yards combined,0.1200,0.5500,0.5300,45.78,45.78,active,2026-10-06T13:30:00Z,2026-10-02T09:37:33+00:00
KXNFLRRYDS-26OCT04INDWAS,KXNFLRRYDS,KXNFLRRYDS-26OCT04INDWAS-INDJTAYLOR28-160,Jonathan Taylor: 160+ rushing and receiving yards combined,0.0500,0.2100,0.0000,0.00,0.00,active,2026-10-06T13:30:00Z,2026-10-02T09:37:33+00:00
KXNFLRRYDS-26OCT04INDWAS,KXNFLRRYDS,KXNFLRRYDS-26OCT04INDWAS-INDJTAYLOR28-110,Jonathan Taylor: 110+ rushing and receiving yards combined,0.4400,0.5700,0.5700,84.00,84.00,active,2026-10-06T13:30:00Z,2026-10-02T09:37:33+00:00
KXNFLRRYDS-26OCT04JACCIN,KXNFLRRYDS,KXNFLRRYDS-26OCT04JACCIN-CINSPERINE34-30,Samaje Perine: 30+ rushing and receiving yards combined,0.0000,0.4700,0.0000,0.00,0.00,active,2026-10-06T17:00:00Z,2026-10-02T09:37:33+00:00
KXNFLRRYDS-26OCT04JACCIN,KXNFLRRYDS,KXNFLRRYDS-26OCT04JACCIN-CINSPERINE34-80,Samaje Perine: 80+ rushing and receiving yards combined,0.0000,0.0600,0.0000,0.00,0.00,active,2026-10-06T17:00:00Z,2026-10-02T09:37:33+00:00
KXNFLRRYDS-26OCT04JACCIN,KXNFLRRYDS,KXNFLRRYDS-26OCT04JACCIN-JACBTUTEN33-70,Bhayshul Tuten: 70+ rushing and receiving yards combined,0.4400,0.5000,0.0000,0.00,0.00,active,2026-10-06T17:00:00Z,2026-10-02T09:37:33+00:00
KXNFLRRYDS-26OCT04JACCIN,KXNFLRRYDS,KXNFLRRYDS-26OCT04JACCIN-CINCBROWN30-140,Chase Brown: 140+ rushing and receiving yards combined,0.0100,0.1300,0.0000,0.00,0.00,active,2026-10-06T17:00:00Z,2026-10-02T09:37:33+00:00
KXNFLRRYDS-26OCT04JACCIN,KXNFLRRYDS,KXNFLRRYDS-26OCT04JACCIN-CINCBROWN30-115,Chase Brown: 115+ rushing and receiving yards combined,0.0000,0.4700,0.2700,1.16,1.16,active,2026-10-06T17:00:00Z,2026-10-02T09:37:33+00:00
KXNFLRRYDS-26OCT04JACCIN,KXNFLRRYDS,KXNFLRRYDS-26OCT04JACCIN-JACBTUTEN33-95,Bhayshul Tuten: 95+ rushing and receiving yards combined,0.0000,0.5000,0.0000,0.00,0.00,active,2026-10-06T17:00:00Z,2026-10-02T09:37:33+00:00
KXNFLRRYDS-26OCT04JACCIN,KXNFLRRYDS,KXNFLRRYDS-26OCT04JACCIN-JACBTUTEN33-120,Bhayshul Tuten: 120+ rushing and receiving yards combined,0.0100,0.1200,0.0000,0.00,0.00,active,2026-10-06T17:00:00Z,2026-10-02T09:37:33+00:00
KXNFLRRYDS-26OCT04JACCIN,KXNFLRRYDS,KXNFLRRYDS-26OCT04JACCIN-CINCBROWN30-90,Chase Brown: 90+ rushing and receiving yards combined,0.3900,0.4800,0.0000,0.00,0.00,active,2026-10-06T17:00:00Z,2026-10-02T09:37:33+00:00
KXNFLRRYDS-26OCT04JACCIN,KXNFLRRYDS,KXNFLRRYDS-26OCT04JACCIN-CINSPERINE34-55,Samaje Perine: 55+ rushing and receiving yards combined,0.0300,0.2000,0.0000,0.00,0.00,active,2026-10-06T17:00:00Z,2026-10-02T09:37:33+00:00
KXNFLRRYDS-26OCT04KCLV,KXNFLRRYDS,KXNFLRRYDS-26OCT04KCLV-LVAJEANTY2-115,Ashton Jeanty: 115+ rushing and receiving yards combined,0.0000,0.4000,0.2300,99.96,99.96,active,2026-10-06T20:25:00Z,2026-10-02T09:37:33+00:00
KXNFLRRYDS-26OCT04KCLV,KXNFLRRYDS,KXNFLRRYDS-26OCT04KCLV-KCEJOHNSON10-30,Emmett Johnson: 30+ rushing and receiving yards combined,0.4700,0.5200,0.5100,45.47,27.47,active,2026-10-06T20:25:00Z,2026-10-02T09:37:33+00:00
KXNFLRRYDS-26OCT04KCLV,KXNFLRRYDS,KXNFLRRYDS-26OCT04KCLV-KCKWALKER9-110,Kenneth Walker III: 110+ rushing and receiving yards combined,0.3900,0.5400,0.5400,172.85,172.85,active,2026-10-06T20:25:00Z,2026-10-02T09:37:33+00:00
KXNFLRRYDS-26OCT04KCLV,KXNFLRRYDS,KXNFLRRYDS-26OCT04KCLV-KCEJOHNSON10-80,Emmett Johnson: 80+ rushing and receiving yards combined,0.0100,0.0800,0.0000,0.00,0.00,active,2026-10-06T20:25:00Z,2026-10-02T09:37:33+00:00
KXNFLRRYDS-26OCT04KCLV,KXNFLRRYDS,KXNFLRRYDS-26OCT04KCLV-LVAJEANTY2-90,Ashton Jeanty: 90+ rushing and receiving yards combined,0.3200,0.4400,0.4400,105.30,83.10,active,2026-10-06T20:25:00Z,2026-10-02T09:37:33+00:00
KXNFLRRYDS-26OCT04KCLV,KXNFLRRYDS,KXNFLRRYDS-26OCT04KCLV-LVAJEANTY2-140,Ashton Jeanty: 140+ rushing and receiving yards combined,0.0100,0.1200,0.0000,0.00,0.00,active,2026-10-06T20:25:00Z,2026-10-02T09:37:33+00:00
KXNFLRRYDS-26OCT04KCLV,KXNFLRRYDS,KXNFLRRYDS-26OCT04KCLV-KCKWALKER9-160,Kenneth Walker III: 160+ rushing and receiving yards combined,0.0500,0.2000,0.0000,0.00,0.00,active,2026-10-06T20:25:00Z,2026-10-02T09:37:33+00:00
KXNFLRRYDS-26OCT04KCLV,KXNFLRRYDS,KXNFLRRYDS-26OCT04KCLV-KCEJOHNSON10-55,Emmett Johnson: 55+ rushing and receiving yards combined,0.0000,0.6700,0.0000,0.00,0.00,active,2026-10-06T20:25:00Z,2026-10-02T09:37:33+00:00
KXNFLRRYDS-26OCT04KCLV,KXNFLRRYDS,KXNFLRRYDS-26OCT04KCLV-KCKWALKER9-135,Kenneth Walker III: 135+ rushing and receiving yards combined,0.0300,0.5200,0.3400,130.99,130.99,active,2026-10-06T20:25:00Z,2026-10-02T09:37:33+00:00
KXNFLRRYDS-26OCT04LARPHI,KXNFLRRYDS,KXNFLRRYDS-26OCT04LARPHI-PHISBARKLEY26-140,Saquon Barkley: 140+ rushing and receiving yards combined,0.0100,0.1400,0.0000,0.00,0.00,active,2026-10-06T17:00:00Z,2026-10-02T09:37:33+00:00
KXNFLRRYDS-26OCT04LARPHI,KXNFLRRYDS,KXNFLRRYDS-26OCT04LARPHI-PHISBARKLEY26-90,Saquon Barkley: 90+ rushing and receiving yards combined,0.4700,0.5200,0.5100,757.59,700.00,active,2026-10-06T17:00:00Z,2026-10-02T09:37:33+00:00
KXNFLRRYDS-26OCT04LARPHI,KXNFLRRYDS,KXNFLRRYDS-26OCT04LARPHI-LARKWILLIAMS23-130,Kyren Williams: 130+ rushing and receiving yards combined,0.0100,0.1300,0.0000,0.00,0.00,active,2026-10-06T17:00:00Z,2026-10-02T09:37:33+00:00
KXNFLRRYDS-26OCT04LARPHI,KXNFLRRYDS,KXNFLRRYDS-26OCT04LARPHI-PHISBARKLEY26-115,Saquon Barkley: 115+ rushing and receiving yards combined,0.0000,0.5900,0.3000,93.00,93.00,active,2026-10-06T17:00:00Z,2026-10-02T09:37:33+00:00
KXNFLRRYDS-26OCT04LARPHI,KXNFLRRYDS,KXNFLRRYDS-26OCT04LARPHI-LARKWILLIAMS23-80,Kyren Williams: 80+ rushing and receiving yards combined,0.3500,0.4800,0.4800,111.30,110.30,active,2026-10-06T17:00:00Z,2026-10-02T09:37:33+00:00
KXNFLRRYDS-26OCT04LARPHI,KXNFLRRYDS,KXNFLRRYDS-26OCT04LARPHI-LARKWILLIAMS23-105,Kyren Williams: 105+ rushing and receiving yards combined,0.0300,0.3800,0.2600,107.00,107.00,active,2026-10-06T17:00:00Z,2026-10-02T09:37:33+00:00
KXNFLRRYDS-26OCT04MIAMIN,KXNFLRRYDS,KXNFLRRYDS-26OCT04MIAMIN-MIAJWRIGHT5-65,Jaylen Wright: 65+ rushing and receiving yards combined,0.0000,0.4500,0.0000,0.00,0.00,active,2026-10-06T20:05:00Z,2026-10-02T09:37:33+00:00
KXNFLRRYDS-26OCT04MIAMIN,KXNFLRRYDS,KXNFLRRYDS-26OCT04MIAMIN-MIAJWRIGHT5-90,Jaylen Wright: 90+ rushing and receiving yards combined,0.0100,0.0900,0.0000,0.00,0.00,active,2026-10-06T20:05:00Z,2026-10-02T09:37:33+00:00
KXNFLRRYDS-26OCT04MIAMIN,KXNFLRRYDS,KXNFLRRYDS-26OCT04MIAMIN-MIAJWRIGHT5-40,Jaylen Wright: 40+ rushing and receiving yards combined,0.3500,0.4500,0.4600,10.00,10.00,active,2026-10-06T20:05:00Z,2026-10-02T09:37:33+00:00
KXNFLRRYDS-26OCT04MIAMIN,KXNFLRRYDS,KXNFLRRYDS-26OCT04MIAMIN-MINAJONES33-90,Aaron Jones Sr.: 90+ rushing and receiving yards combined,0.4700,0.5200,0.0000,0.00,0.00,active,2026-10-06T20:05:00Z,2026-10-02T09:37:33+00:00
KXNFLRRYDS-26OCT04MIAMIN,KXNFLRRYDS,KXNFLRRYDS-26OCT04MIAMIN-MINAJONES33-140,Aaron Jones Sr.: 140+ rushing and receiving yards combined,0.0100,0.1400,0.0000,0.00,0.00,active,2026-10-06T20:05:00Z,2026-10-02T09:37:33+00:00
KXNFLRRYDS-26OCT04MIAMIN,KXNFLRRYDS,KXNFLRRYDS-26OCT04MIAMIN-MINAJONES33-115,Aaron Jones Sr.: 115+ rushing and receiving yards combined,0.0000,0.5000,0.0000,0.00,0.00,active,2026-10-06T20:05:00Z,2026-10-02T09:37:33+00:00
KXNFLRRYDS-26OCT04NEBUF,KXNFLRRYDS,KXNFLRRYDS-26OCT04NEBUF-NETHENDERSON32-100,TreVeyon Henderson: 100+ rushing and receiving yards combined,0.0700,0.1100,0.0000,0.00,0.00,active,2026-10-06T17:00:00Z,2026-10-02T09:37:33+00:00
KXNFLRRYDS-26OCT04NEBUF,KXNFLRRYDS,KXNFLRRYDS-26OCT04NEBUF-NETHENDERSON32-50,TreVeyon Henderson: 50+ rushing and receiving yards combined,0.5200,0.5400,0.0000,0.00,0.00,active,2026-10-06T17:00:00Z,2026-10-02T09:37:33+00:00
KXNFLRRYDS-26OCT04NEBUF,KXNFLRRYDS,KXNFLRRYDS-26OCT04NEBUF-BUFJCOOK4-150,James Cook III: 150+ rushing and receiving yards combined,0.1100,0.1700,0.1600,90.54,90.54,active,2026-10-06T17:00:00Z,2026-10-02T09:37:33+00:00
KXNFLRRYDS-26OCT04NEBUF,KXNFLRRYDS,KXNFLRRYDS-26OCT04NEBUF-BUFJCOOK4-100,James Cook III: 100+ rushing and receiving yards combined,0.4800,0.5200,0.5200,31.40,31.40,active,2026-10-06T17:00:00Z,2026-10-02T09:37:33+00:00
KXNFLRRYDS-26OCT04NEBUF,KXNFLRRYDS,KXNFLRRYDS-26OCT04NEBUF-NERSTEVENSON38-50,Rhamondre Stevenson: 50+ rushing and receiving yards combined,0.5400,0.5900,0.0000,0.00,0.00,active,2026-10-06T17:00:00Z,2026-10-02T09:37:33+00:00
KXNFLRRYDS-26OCT04NEBUF,KXNFLRRYDS,KXNFLRRYDS-26OCT04NEBUF-NERSTEVENSON38-100,Rhamondre Stevenson: 100+ rushing and receiving yards combined,0.0300,0.1200,0.0000,0.00,0.00,active,2026-10-06T17:00:00Z,2026-10-02T09:37:33+00:00
KXNFLRRYDS-26OCT04NEBUF,KXNFLRRYDS,KXNFLRRYDS-26OCT04NEBUF-NERSTEVENSON38-75,Rhamondre Stevenson: 75+ rushing and receiving yards combined,0.1700,0.2800,0.0000,0.00,0.00,active,2026-10-06T17:00:00Z,2026-10-02T09:37:33+00:00
KXNFLRRYDS-26OCT04NEBUF,KXNFLRRYDS,KXNFLRRYDS-26OCT04NEBUF-NETHENDERSON32-75,TreVeyon Henderson: 75+ rushing and receiving yards combined,0.1500,0.2600,0.0000,0.00,0.00,active,2026-10-06T17:00:00Z,2026-10-02T09:37:33+00:00
KXNFLRRYDS-26OCT04NEBUF,KXNFLRRYDS,KXNFLRRYDS-26OCT04NEBUF-BUFJCOOK4-125,James Cook III: 125+ rushing and receiving yards combined,0.0400,0.3000,0.3100,2440.00,2440.00,active,2026-10-06T17:00:00Z,2026-10-02T09:37:33+00:00
KXNFLRRYDS-26OCT04NYJCHI,KXNFLRRYDS,KXNFLRRYDS-26OCT04NYJCHI-CHIDSWIFT4-105,D'Andre Swift: 105+ rushing and receiving yards combined,0.0000,0.7400,0.0000,0.00,0.00,active,2026-10-06T17:00:00Z,2026-10-02T09:37:33+00:00
KXNFLRRYDS-26OCT04NYJCHI,KXNFLRRYDS,KXNFLRRYDS-26OCT04NYJCHI-CHIDSWIFT4-130,D'Andre Swift: 130+ rushing and receiving yards combined,0.0000,0.7400,0.0000,0.00,0.00,active,2026-10-06T17:00:00Z,2026-10-02T09:37:33+00:00
KXNFLRRYDS-26OCT04NYJCHI,KXNFLRRYDS,KXNFLRRYDS-26OCT04NYJCHI-NYJIDAVIS32-65,Isaiah Davis: 65+ rushing and receiving yards combined,0.0300,0.2100,0.0000,0.00,0.00,active,2026-10-06T17:00:00Z,2026-10-02T09:37:33+00:00
KXNFLRRYDS-26OCT04NYJCHI,KXNFLRRYDS,KXNFLRRYDS-26OCT04NYJCHI-NYJBALLEN0-95,Braelon Allen: 95+ rushing and receiving yards combined,0.0000,0.7000,0.0000,0.00,0.00,active,2026-10-06T17:00:00Z,2026-10-02T09:37:33+00:00
KXNFLRRYDS-26OCT04NYJCHI,KXNFLRRYDS,KXNFLRRYDS-26OCT04NYJCHI-NYJBALLEN0-120,Braelon Allen: 120+ rushing and receiving yards combined,0.0100,0.1300,0.0000,0.00,0.00,active,2026-10-06T17:00:00Z,2026-10-02T09:37:33+00:00
KXNFLRRYDS-26OCT04NYJCHI,KXNFLRRYDS,KXNFLRRYDS-26OCT04NYJCHI-NYJIDAVIS32-90,Isaiah Davis: 90+ rushing and receiving yards combined,0.0300,0.0700,0.0000,0.00,0.00,active,2026-10-06T17:00:00Z,2026-10-02T09:37:33+00:00
KXNFLRRYDS-26OCT04NYJCHI,KXNFLRRYDS,KXNFLRRYDS-26OCT04NYJCHI-NYJIDAVIS32-40,Isaiah Davis: 40+ rushing and receiving yards combined,0.3000,0.4500,0.0000,0.00,0.00,active,2026-10-06T17:00:00Z,2026-10-02T09:37:33+00:00
KXNFLRRYDS-26OCT04NYJCHI,KXNFLRRYDS,KXNFLRRYDS-26OCT04NYJCHI-NYJBALLEN0-70,Braelon Allen: 70+ rushing and receiving yards combined,0.4800,0.5500,0.0000,0.00,0.00,active,2026-10-06T17:00:00Z,2026-10-02T09:37:33+00:00
KXNFLRRYDS-26OCT04NYJCHI,KXNFLRRYDS,KXNFLRRYDS-26OCT04NYJCHI-CHIDSWIFT4-80,D'Andre Swift: 80+ rushing and receiving yards combined,0.2800,0.7400,0.7200,8.37,8.37,active,2026-10-06T17:00:00Z,2026-10-02T09:37:33+00:00
KXNFLRRYDS-26OCT04TENBAL,KXNFLRRYDS,KXNFLRRYDS-26OCT04TENBAL-TENTPOLLARD20-85,Tony Pollard: 85+ rushing and receiving yards combined,0.0000,0.6500,0.4400,21.73,21.73,active,2026-10-06T17:00:00Z,2026-10-02T09:37:33+00:00
KXNFLRRYDS-26OCT04TENBAL,KXNFLRRYDS,KXNFLRRYDS-26OCT04TENBAL-TENTPOLLARD20-110,Tony Pollard: 110+ rushing and receiving yards combined,0.0100,0.1200,0.0000,0.00,0.00,active,2026-10-06T17:00:00Z,2026-10-02T09:37:33+00:00
KXNFLRRYDS-26OCT04TENBAL,KXNFLRRYDS,KXNFLRRYDS-26OCT04TENBAL-BALDHENRY22-160,Derrick Henry: 160+ rushing and receiving yards combined,0.0300,0.1800,0.0000,0.00,0.00,active,2026-10-06T17:00:00Z,2026-10-02T09:37:33+00:00
KXNFLRRYDS-26OCT04TENBAL,KXNFLRRYDS,KXNFLRRYDS-26OCT04TENBAL-BALDHENRY22-135,Derrick Henry: 135+ rushing and receiving yards combined,0.0000,0.5100,0.3300,60.89,60.89,active,2026-10-06T17:00:00Z,2026-10-02T09:37:33+00:00
KXNFLRRYDS-26OCT04TENBAL,KXNFLRRYDS,KXNFLRRYDS-26OCT04TENBAL-TENTPOLLARD20-60,Tony Pollard: 60+ rushing and receiving yards combined,0.4800,0.5400,0.5200,18.50,18.50,active,2026-10-06T17:00:00Z,2026-10-02T09:37:33+00:00
KXNFLRRYDS-26OCT04TENBAL,KXNFLRRYDS,KXNFLRRYDS-26OCT04TENBAL-BALDHENRY22-110,Derrick Henry: 110+ rushing and receiving yards combined,0.4600,0.5000,0.5100,254.85,254.85,active,2026-10-06T17:00:00Z,2026-10-02T09:37:33+00:00
KXNFLGAME-26OCT04ARINYG,KXNFLGAME,KXNFLGAME-26OCT04ARINYG-NYG,New York G wins,0.4300,0.4400,0.4400,66411.95,59824.60,active,2026-10-06T17:00:00Z,2026-10-02T09:37:33+00:00
KXNFLGAME-26OCT04ARINYG,KXNFLGAME,KXNFLGAME-26OCT04ARINYG-ARI,Arizona wins,0.5600,0.5700,0.5700,139091.71,81972.07,active,2026-10-06T17:00:00Z,2026-10-02T09:37:33+00:00
KXNFLGAME-26OCT04DALHOU,KXNFLGAME,KXNFLGAME-26OCT04DALHOU-HOU,Houston wins,0.5900,0.6000,0.5900,111107.19,95036.50,active,2026-10-06T17:00:00Z,2026-10-02T09:37:33+00:00
KXNFLGAME-26OCT04DALHOU,KXNFLGAME,KXNFLGAME-26OCT04DALHOU-DAL,Dallas wins,0.4000,0.4100,0.4100,540739.91,482433.33,active,2026-10-06T17:00:00Z,2026-10-02T09:37:33+00:00
KXNFLGAME-26OCT04DENSF,KXNFLGAME,KXNFLGAME-26OCT04DENSF-SF,San Francisco wins,0.5600,0.5700,0.5700,254152.54,231353.35,active,2026-10-06T20:25:00Z,2026-10-02T09:37:33+00:00
KXNFLGAME-26OCT04DENSF,KXNFLGAME,KXNFLGAME-26OCT04DENSF-DEN,Denver wins,0.4300,0.4400,0.4300,183720.18,158940.94,active,2026-10-06T20:25:00Z,2026-10-02T09:37:33+00:00
KXNFLGAME-26OCT04DETCAR,KXNFLGAME,KXNFLGAME-26OCT04DETCAR-DET,Detroit wins,0.6400,0.6500,0.6500,42954.20,39064.45,active,2026-10-07T00:20:00Z,2026-10-02T09:37:33+00:00
KXNFLGAME-26OCT04DETCAR,KXNFLGAME,KXNFLGAME-26OCT04DETCAR-CAR,Carolina wins,0.3500,0.3600,0.3600,37018.84,30690.71,active,2026-10-07T00:20:00Z,2026-10-02T09:37:33+00:00
KXNFLGAME-26OCT04GBTB,KXNFLGAME,KXNFLGAME-26OCT04GBTB-GB,Green Bay wins,0.6200,0.6300,0.6300,145383.67,125414.28,active,2026-10-06T17:00:00Z,2026-10-02T09:37:33+00:00
KXNFLGAME-26OCT04GBTB,KXNFLGAME,KXNFLGAME-26OCT04GBTB-TB,Tampa Bay wins,0.3700,0.3800,0.3700,114209.97,88567.05,active,2026-10-06T17:00:00Z,2026-10-02T09:37:33+00:00
KXNFLGAME-26OCT04INDWAS,KXNFLGAME,KXNFLGAME-26OCT04INDWAS-IND,Indianapolis wins,0.6400,0.6500,0.6400,58109.83,44997.61,active,2026-10-06T13:30:00Z,2026-10-02T09:37:33+00:00
KXNFLGAME-26OCT04INDWAS,KXNFLGAME,KXNFLGAME-26OCT04INDWAS-WAS,Washington wins,0.3500,0.3600,0.3600,162769.01,145056.12,active,2026-10-06T13:30:00Z,2026-10-02T09:37:33+00:00
KXNFLGAME-26OCT04JACCIN,KXNFLGAME,KXNFLGAME-26OCT04JACCIN-JAC,Jacksonville wins,0.4200,0.4300,0.4300,100881.41,91143.82,active,2026-10-06T17:00:00Z,2026-10-02T09:37:33+00:00
KXNFLGAME-26OCT04JACCIN,KXNFLGAME,KXNFLGAME-26OCT04JACCIN-CIN,Cincinnati wins,0.5700,0.5800,0.5800,62770.95,55437.93,active,2026-10-06T17:00:00Z,2026-10-02T09:37:33+00:00
KXNFLGAME-26OCT04KCLV,KXNFLGAME,KXNFLGAME-26OCT04KCLV-KC,Kansas City wins,0.6400,0.6600,0.6400,454282.58,329474.54,active,2026-10-06T20:25:00Z,2026-10-02T09:37:33+00:00
KXNFLGAME-26OCT04KCLV,KXNFLGAME,KXNFLGAME-26OCT04KCLV-LV,Las Vegas wins,0.3400,0.3500,0.3500,1089864.21,924612.27,active,2026-10-06T20:25:00Z,2026-10-02T09:37:33+00:00
KXNFLGAME-26OCT04LACSEA,KXNFLGAME,KXNFLGAME-26OCT04LACSEA-SEA,Seattle wins,0.7500,0.7600,0.7600,49743.77,44233.33,active,2026-10-06T20:25:00Z,2026-10-02T09:37:33+00:00
KXNFLGAME-26OCT04LACSEA,KXNFLGAME,KXNFLGAME-26OCT04LACSEA-LAC,Los Angeles C wins,0.2400,0.2500,0.2500,82445.51,77996.50,active,2026-10-06T20:25:00Z,2026-10-02T09:37:33+00:00
KXNFLGAME-26OCT04LARPHI,KXNFLGAME,KXNFLGAME-26OCT04LARPHI-PHI,Philadelphia wins,0.3600,0.3700,0.3700,152786.10,112746.18,active,2026-10-06T17:00:00Z,2026-10-02T09:37:33+00:00
KXNFLGAME-26OCT04LARPHI,KXNFLGAME,KXNFLGAME-26OCT04LARPHI-LAR,Los Angeles R wins,0.6300,0.6400,0.6400,248331.78,228470.21,active,2026-10-06T17:00:00Z,2026-10-02T09:37:33+00:00
KXNFLGAME-26OCT04MIAMIN,KXNFLGAME,KXNFLGAME-26OCT04MIAMIN-MIA,Miami wins,0.1600,0.1700,0.1700,146533.06,135770.16,active,2026-10-06T20:05:00Z,2026-10-02T09:37:33+00:00
KXNFLGAME-26OCT04MIAMIN,KXNFLGAME,KXNFLGAME-26OCT04MIAMIN-MIN,Minnesota wins,0.8300,0.8400,0.8400,96498.43,82989.45,active,2026-10-06T20:05:00Z,2026-10-02T09:37:33+00:00
KXNFLGAME-26OCT04NEBUF,KXNFLGAME,KXNFLGAME-26OCT04NEBUF-NE,New England wins,0.2500,0.2600,0.2600,128559.91,102036.39,active,2026-10-06T17:00:00Z,2026-10-02T09:37:33+00:00
KXNFLGAME-26OCT04NEBUF,KXNFLGAME,KXNFLGAME-26OCT04NEBUF-BUF,Buffalo wins,0.7400,0.7500,0.7500,419437.89,399183.65,active,2026-10-06T17:00:00Z,2026-10-02T09:37:33+00:00
KXNFLGAME-26OCT04NYJCHI,KXNFLGAME,KXNFLGAME-26OCT04NYJCHI-NYJ,New York J wins,0.3700,0.3800,0.3700,39890.39,32344.94,active,2026-10-06T17:00:00Z,2026-10-02T09:37:33+00:00
KXNFLGAME-26OCT04NYJCHI,KXNFLGAME,KXNFLGAME-26OCT04NYJCHI-CHI,Chicago wins,0.6200,0.6300,0.6300,70967.48,64295.90,active,2026-10-06T17:00:00Z,2026-10-02T09:37:33+00:00
KXNFLGAME-26OCT04TENBAL,KXNFLGAME,KXNFLGAME-26OCT04TENBAL-BAL,Baltimore wins,0.8400,0.8500,0.8400,211598.65,166228.19,active,2026-10-06T17:00:00Z,2026-10-02T09:37:33+00:00
KXNFLGAME-26OCT04TENBAL,KXNFLGAME,KXNFLGAME-26OCT04TENBAL-TEN,Tennessee wins,0.1400,0.1500,0.1500,207643.12,178669.65,active,2026-10-06T17:00:00Z,2026-10-02T09:37:33+00:00
KXNFLGAME-26OCT05ATLNO,KXNFLGAME,KXNFLGAME-26OCT05ATLNO-ATL,Atlanta wins,0.4400,0.4500,0.4500,104024.95,87910.72,active,2026-10-08T00:15:00Z,2026-10-02T09:37:33+00:00
KXNFLGAME-26OCT05ATLNO,KXNFLGAME,KXNFLGAME-26OCT05ATLNO-NO,New Orleans wins,0.5500,0.5600,0.5600,56639.49,53004.49,active,2026-10-08T00:15:00Z,2026-10-02T09:37:33+00:00
KXNFLGAME-26OCT08TBDAL,KXNFLGAME,KXNFLGAME-26OCT08TBDAL-TB,Tampa Bay wins,0.1900,0.2100,0.2100,14978.17,12286.84,active,2026-10-11T00:15:00Z,2026-10-02T09:37:33+00:00
KXNFLGAME-26OCT08TBDAL,KXNFLGAME,KXNFLGAME-26OCT08TBDAL-DAL,Dallas wins,0.8000,0.8100,0.8000,6202.81,5153.74,active,2026-10-11T00:15:00Z,2026-10-02T09:37:33+00:00
KXNFLGAME-26OCT11BALATL,KXNFLGAME,KXNFLGAME-26OCT11BALATL-ATL,Atlanta wins,0.2700,0.3000,0.2800,15404.69,13872.34,active,2026-10-14T00:20:00Z,2026-10-02T09:37:33+00:00
KXNFLGAME-26OCT11BALATL,KXNFLGAME,KXNFLGAME-26OCT11BALATL-BAL,Baltimore wins,0.7000,0.7500,0.7400,10954.32,10796.77,active,2026-10-14T00:20:00Z,2026-10-02T09:37:33+00:00
KXNFLGAME-26OCT11CHIGB,KXNFLGAME,KXNFLGAME-26OCT11CHIGB-GB,Green Bay wins,0.5300,0.5600,0.5600,2336.12,1978.49,active,2026-10-13T20:25:00Z,2026-10-02T09:37:33+00:00
KXNFLGAME-26OCT11CHIGB,KXNFLGAME,KXNFLGAME-26OCT11CHIGB-CHI,Chicago wins,0.4400,0.4700,0.4700,14646.43,12340.93,active,2026-10-13T20:25:00Z,2026-10-02T09:37:33+00:00
KXNFLGAME-26OCT11CINMIA,KXNFLGAME,KXNFLGAME-26OCT11CINMIA-CIN,Cincinnati wins,0.8000,0.8400,0.8400,4249.46,4002.34,active,2026-10-13T17:00:00Z,2026-10-02T09:37:33+00:00
KXNFLGAME-26OCT11CINMIA,KXNFLGAME,KXNFLGAME-26OCT11CINMIA-MIA,Miami wins,0.1500,0.1900,0.1900,2463.79,1497.11,active,2026-10-13T17:00:00Z,2026-10-02T09:37:33+00:00
KXNFLGAME-26OCT11CLENYJ,KXNFLGAME,KXNFLGAME-26OCT11CLENYJ-NYJ,New York J wins,0.5100,0.5400,0.5400,2900.35,2896.02,active,2026-10-13T17:00:00Z,2026-10-02T09:37:33+00:00
KXNFLGAME-26OCT11CLENYJ,KXNFLGAME,KXNFLGAME-26OCT11CLENYJ-CLE,Cleveland wins,0.4600,0.4800,0.4900,3857.78,3734.28,active,2026-10-13T17:00:00Z,2026-10-02T09:37:33+00:00
KXNFLGAME-26OCT11DENLAC,KXNFLGAME,KXNFLGAME-26OCT11DENLAC-LAC,Los Angeles C wins,0.4400,0.4700,0.4400,767.27,637.67,active,2026-10-13T20:05:00Z,2026-10-02T09:37:33+00:00
KXNFLGAME-26OCT11DENLAC,KXNFLGAME,KXNFLGAME-26OCT11DENLAC-DEN,Denver wins,0.5400,0.5600,0.5600,2699.24,2681.22,active,2026-10-13T20:05:00Z,2026-10-02T09:37:33+00:00
KXNFLGAME-26OCT11DETARI,KXNFLGAME,KXNFLGAME-26OCT11DETARI-DET,Detroit wins,0.6700,0.7100,0.7100,4649.97,2406.83,active,2026-10-13T20:25:00Z,2026-10-02T09:37:33+00:00
KXNFLGAME-26OCT11DETARI,KXNFLGAME,KXNFLGAME-26OCT11DETARI-ARI,Arizona wins,0.3000,0.3300,0.3300,3052.13,2877.27,active,2026-10-13T20:25:00Z,2026-10-02T09:37:33+00:00
KXNFLGAME-26OCT11HOUTEN,KXNFLGAME,KXNFLGAME-26OCT11HOUTEN-TEN,Tennessee wins,0.2500,0.2800,0.2800,10778.44,10606.27,active,2026-10-13T17:00:00Z,2026-10-02T09:37:33+00:00
KXNFLGAME-26OCT11HOUTEN,KXNFLGAME,KXNFLGAME-26OCT11HOUTEN-HOU,Houston wins,0.7300,0.7700,0.7700,11929.58,11153.66,active,2026-10-13T17:00:00Z,2026-10-02T09:37:33+00:00
KXNFLGAME-26OCT11INDPIT,KXNFLGAME,KXNFLGAME-26OCT11INDPIT-PIT,Pittsburgh wins,0.5100,0.5500,0.5500,1252.95,1173.60,active,2026-10-13T17:00:00Z,2026-10-02T09:37:33+00:00
KXNFLGAME-26OCT11INDPIT,KXNFLGAME,KXNFLGAME-26OCT11INDPIT-IND,Indianapolis wins,0.4500,0.4900,0.4900,500.02,496.18,active,2026-10-13T17:00:00Z,2026-10-02T09:37:33+00:00
KXNFLGAME-26OCT11LVNE,KXNFLGAME,KXNFLGAME-26OCT11LVNE-LV,Las Vegas wins,0.4100,0.4600,0.4600,24601.38,22093.28,active,2026-10-13T17:00:00Z,2026-10-02T09:37:33+00:00
KXNFLGAME-26OCT11LVNE,KXNFLGAME,KXNFLGAME-26OCT11LVNE-NE,New England wins,0.5600,0.6000,0.5600,3703.04,2702.01,active,2026-10-13T17:00:00Z,2026-10-02T09:37:33+00:00
KXNFLGAME-26OCT11MINNO,KXNFLGAME,KXNFLGAME-26OCT11MINNO-MIN,Minnesota wins,0.5300,0.5400,0.5400,4691.74,4616.16,active,2026-10-13T17:00:00Z,2026-10-02T09:37:33+00:00
KXNFLGAME-26OCT11MINNO,KXNFLGAME,KXNFLGAME-26OCT11MINNO-NO,New Orleans wins,0.4400,0.5000,0.4900,533.88,533.88,active,2026-10-13T17:00:00Z,2026-10-02T09:37:33+00:00
KXNFLGAME-26OCT11NYGWAS,KXNFLGAME,KXNFLGAME-26OCT11NYGWAS-WAS,Washington wins,0.5500,0.5800,0.5800,2908.88,2908.88,active,2026-10-13T17:00:00Z,2026-10-02T09:37:33+00:00
KXNFLGAME-26OCT11NYGWAS,KXNFLGAME,KXNFLGAME-26OCT11NYGWAS-NYG,New York G wins,0.4100,0.4600,0.4200,872.23,751.45,active,2026-10-13T17:00:00Z,2026-10-02T09:37:33+00:00
KXNFLGAME-26OCT11PHIJAC,KXNFLGAME,KXNFLGAME-26OCT11PHIJAC-PHI,Philadelphia wins,0.4200,0.4300,0.4300,2510.82,2087.84,active,2026-10-13T13:30:00Z,2026-10-02T09:37:33+00:00
KXNFLGAME-26OCT11PHIJAC,KXNFLGAME,KXNFLGAME-26OCT11PHIJAC-JAC,Jacksonville wins,0.5700,0.6000,0.6000,1650.72,1521.10,active,2026-10-13T13:30:00Z,2026-10-02T09:37:33+00:00
KXNFLGAME-26OCT11SFSEA,KXNFLGAME,KXNFLGAME-26OCT11SFSEA-SF,San Francisco wins,0.4000,0.4100,0.4100,40790.17,29346.19,active,2026-10-13T20:25:00Z,2026-10-02T09:37:33+00:00
KXNFLGAME-26OCT11SFSEA,KXNFLGAME,KXNFLGAME-26OCT11SFSEA-SEA,Seattle wins,0.6100,0.6300,0.6100,34989.15,31301.88,active,2026-10-13T20:25:00Z,2026-10-02T09:37:33+00:00
KXNFLGAME-26OCT12BUFLAR,KXNFLGAME,KXNFLGAME-26OCT12BUFLAR-LAR,Los Angeles R wins,0.5200,0.5500,0.5200,588.80,487.47,active,2026-10-15T00:15:00Z,2026-10-02T09:37:33+00:00
KXNFLGAME-26OCT12BUFLAR,KXNFLGAME,KXNFLGAME-26OCT12BUFLAR-BUF,Buffalo wins,0.4600,0.4800,0.4800,6562.49,5964.21,active,2026-10-15T00:15:00Z,2026-10-02T09:37:33+00:00
KXNFLSPREAD-26OCT04ARINYG,KXNFLSPREAD,KXNFLSPREAD-26OCT04ARINYG-NYG5,NY Giants wins by over 4.5 points?,0.2900,0.3000,0.3300,7804.15,4262.34,active,2026-10-06T17:00:00Z,2026-10-02T09:37:33+00:00
KXNFLSPREAD-26OCT04ARINYG,KXNFLSPREAD,KXNFLSPREAD-26OCT04ARINYG-ARI14,ARI Cardinals wins by over 13.5 points?,0.1700,0.1800,0.1500,930.19,875.19,active,2026-10-06T17:00:00Z,2026-10-02T09:37:33+00:00
KXNFLSPREAD-26OCT04ARINYG,KXNFLSPREAD,KXNFLSPREAD-26OCT04ARINYG-NYG4,NY Giants wins by over 3.5 points?,0.3100,0.3200,0.3200,6251.65,6251.65,active,2026-10-06T17:00:00Z,2026-10-02T09:37:33+00:00
KXNFLSPREAD-26OCT04ARINYG,KXNFLSPREAD,KXNFLSPREAD-26OCT04ARINYG-ARI4,ARI Cardinals wins by over 3.5 points?,0.4200,0.4300,0.4300,5778.55,5114.38,active,2026-10-06T17:00:00Z,2026-10-02T09:37:33+00:00
KXNFLSPREAD-26OCT04ARINYG,KXNFLSPREAD,KXNFLSPREAD-26OCT04ARINYG-NYG18,NY Giants wins by over 17.5 points?,0.0600,0.0700,0.0800,500.00,500.00,active,2026-10-06T17:00:00Z,2026-10-02T09:37:33+00:00
KXNFLSPREAD-26OCT04ARINYG,KXNFLSPREAD,KXNFLSPREAD-26OCT04ARINYG-NYG17,NY Giants wins by over 16.5 points?,0.0700,0.0900,0.1000,6.38,6.38,active,2026-10-06T17:00:00Z,2026-10-02T09:37:33+00:00
KXNFLSPREAD-26OCT04ARINYG,KXNFLSPREAD,KXNFLSPREAD-26OCT04ARINYG-NYG10,NY Giants wins by over 9.5 points?,0.1600,0.1800,0.1800,4520.30,4307.30,active,2026-10-06T17:00:00Z,2026-10-02T09:37:33+00:00
KXNFLSPREAD-26OCT04ARINYG,KXNFLSPREAD,KXNFLSPREAD-26OCT04ARINYG-NYG8,NY Giants wins by over 7.5 points?,0.1900,0.2000,0.2000,4399.12,4367.20,active,2026-10-06T17:00:00Z,2026-10-02T09:37:33+00:00
KXNFLSPREAD-26OCT04ARINYG,KXNFLSPREAD,KXNFLSPREAD-26OCT04ARINYG-NYG7,NY Giants wins by over 6.5 points?,0.2400,0.2500,0.2600,28255.04,28037.05,active,2026-10-06T17:00:00Z,2026-10-02T09:37:33+00:00
KXNFLSPREAD-26OCT04ARINYG,KXNFLSPREAD,KXNFLSPREAD-26OCT04ARINYG-ARI11,ARI Cardinals wins by over 10.5 points?,0.2100,0.2200,0.2100,26850.14,23045.46,active,2026-10-06T17:00:00Z,2026-10-02T09:37:33+00:00
KXNFLSPREAD-26OCT04ARINYG,KXNFLSPREAD,KXNFLSPREAD-26OCT04ARINYG-NYG11,NY Giants wins by over 10.5 points?,0.1300,0.1500,0.1800,4635.17,3597.34,active,2026-10-06T17:00:00Z,2026-10-02T09:37:33+00:00
KXNFLSPREAD-26OCT04ARINYG,KXNFLSPREAD,KXNFLSPREAD-26OCT04ARINYG-NYG15,NY Giants wins by over 14.5 points?,0.0900,0.1100,0.1200,1893.53,1893.53,active,2026-10-06T17:00:00Z,2026-10-02T09:37:33+00:00
KXNFLSPREAD-26OCT04ARINYG,KXNFLSPREAD,KXNFLSPREAD-26OCT04ARINYG-NYG21,NY Giants wins by over 20.5 points?,0.0500,0.0700,0.0600,856.62,856.62,active,2026-10-06T17:00:00Z,2026-10-02T09:37:33+00:00
KXNFLSPREAD-26OCT04ARINYG,KXNFLSPREAD,KXNFLSPREAD-26OCT04ARINYG-NYG3,NY Giants wins by over 2.5 points?,0.3800,0.3900,0.3900,310.78,306.82,active,2026-10-06T17:00:00Z,2026-10-02T09:37:33+00:00
KXNFLSPREAD-26OCT04ARINYG,KXNFLSPREAD,KXNFLSPREAD-26OCT04ARINYG-ARI7,ARI Cardinals wins by over 6.5 points?,0.3300,0.3400,0.3400,4342.09,2976.09,active,2026-10-06T17:00:00Z,2026-10-02T09:37:33+00:00
KXNFLSPREAD-26OCT04ARINYG,KXNFLSPREAD,KXNFLSPREAD-26OCT04ARINYG-NYG6,NY Giants wins by over 5.5 points?,0.2600,0.2700,0.3100,27713.95,27535.75,active,2026-10-06T17:00:00Z,2026-10-02T09:37:33+00:00
KXNFLSPREAD-26OCT04ARINYG,KXNFLSPREAD,KXNFLSPREAD-26OCT04ARINYG-NYG14,NY Giants wins by over 13.5 points?,0.1000,0.1200,0.1200,2997.95,1922.95,active,2026-10-06T17:00:00Z,2026-10-02T09:37:33+00:00
KXNFLSPREAD-26OCT04ARINYG,KXNFLSPREAD,KXNFLSPREAD-26OCT04ARINYG-ARI15,ARI Cardinals wins by over 14.5 points?,0.1400,0.1500,0.1400,16850.36,16412.62,active,2026-10-06T17:00:00Z,2026-10-02T09:37:33+00:00
KXNFLSPREAD-26OCT04ARINYG,KXNFLSPREAD,KXNFLSPREAD-26OCT04ARINYG-ARI8,ARI Cardinals wins by over 7.5 points?,0.2700,0.2800,0.2800,18979.89,18354.89,active,2026-10-06T17:00:00Z,2026-10-02T09:37:33+00:00
KXNFLSPREAD-26OCT04ARINYG,KXNFLSPREAD,KXNFLSPREAD-26OCT04ARINYG-NYG2,NY Giants wins by over 1.5 points?,0.4000,0.4100,0.4100,4882.22,1027.04,active,2026-10-06T17:00:00Z,2026-10-02T09:37:33+00:00
KXNFLSPREAD-26OCT04ARINYG,KXNFLSPREAD,KXNFLSPREAD-26OCT04ARINYG-ARI6,ARI Cardinals wins by over 5.5 points?,0.3700,0.3900,0.3800,6966.04,6567.48,active,2026-10-06T17:00:00Z,2026-10-02T09:37:33+00:00
KXNFLSPREAD-26OCT04ARINYG,KXNFLSPREAD,KXNFLSPREAD-26OCT04ARINYG-ARI3,ARI Cardinals wins by over 2.5 points?,0.5000,0.5100,0.5000,41475.22,37654.23,active,2026-10-06T17:00:00Z,2026-10-02T09:37:33+00:00
KXNFLSPREAD-26OCT04ARINYG,KXNFLSPREAD,KXNFLSPREAD-26OCT04ARINYG-ARI2,ARI Cardinals wins by over 1.5 points?,0.5400,0.5500,0.5500,13399.01,9490.56,active,2026-10-06T17:00:00Z,2026-10-02T09:37:33+00:00
KXNFLSPREAD-26OCT04ARINYG,KXNFLSPREAD,KXNFLSPREAD-26OCT04ARINYG-ARI5,ARI Cardinals wins by over 4.5 points?,0.3900,0.4100,0.4000,27079.24,23298.41,active,2026-10-06T17:00:00Z,2026-10-02T09:37:33+00:00
KXNFLSPREAD-26OCT04ARINYG,KXNFLSPREAD,KXNFLSPREAD-26OCT04ARINYG-ARI10,ARI Cardinals wins by over 9.5 points?,0.2300,0.2500,0.2500,16416.75,4891.62,active,2026-10-06T17:00:00Z,2026-10-02T09:37:33+00:00
KXNFLSPREAD-26OCT04DALHOU,KXNFLSPREAD,KXNFLSPREAD-26OCT04DALHOU-DAL8,DAL Cowboys wins by over 7.5 points?,0.1800,0.1900,0.1900,700.86,675.86,active,2026-10-06T17:00:00Z,2026-10-02T09:37:33+00:00
KXNFLSPREAD-26OCT04DALHOU,KXNFLSPREAD,KXNFLSPREAD-26OCT04DALHOU-HOU11,HOU Texans wins by over 10.5 points?,0.2400,0.2500,0.2400,1881.96,1856.96,active,2026-10-06T17:00:00Z,2026-10-02T09:37:33+00:00
KXNFLSPREAD-26OCT04DALHOU,KXNFLSPREAD,KXNFLSPREAD-26OCT04DALHOU-HOU18,HOU Texans wins by over 17.5 points?,0.1200,0.1400,0.1100,10135.40,6990.89,active,2026-10-06T17:00:00Z,2026-10-02T09:37:33+00:00
KXNFLSPREAD-26OCT04DALHOU,KXNFLSPREAD,KXNFLSPREAD-26OCT04DALHOU-HOU17,HOU Texans wins by over 16.5 points?,0.1400,0.1600,0.1200,42.00,25.00,active,2026-10-06T17:00:00Z,2026-10-02T09:37:33+00:00
KXNFLSPREAD-26OCT04DALHOU,KXNFLSPREAD,KXNFLSPREAD-26OCT04DALHOU-HOU14,HOU Texans wins by over 13.5 points?,0.1800,0.2000,0.1800,9552.26,4382.89,active,2026-10-06T17:00:00Z,2026-10-02T09:37:33+00:00
KXNFLSPREAD-26OCT04DALHOU,KXNFLSPREAD,KXNFLSPREAD-26OCT04DALHOU-HOU7,HOU Texans wins by over 6.5 points?,0.3500,0.3700,0.3700,3786.38,364.83,active,2026-10-06T17:00:00Z,2026-10-02T09:37:33+00:00
KXNFLSPREAD-26OCT04DALHOU,KXNFLSPREAD,KXNFLSPREAD-26OCT04DALHOU-HOU15,HOU Texans wins by over 14.5 points?,0.1700,0.1900,0.1900,3531.27,2523.97,active,2026-10-06T17:00:00Z,2026-10-02T09:37:33+00:00
KXNFLSPREAD-26OCT04DALHOU,KXNFLSPREAD,KXNFLSPREAD-26OCT04DALHOU-DAL7,DAL Cowboys wins by over 6.5 points?,0.2300,0.2400,0.2400,10113.85,9612.85,active,2026-10-06T17:00:00Z,2026-10-02T09:37:33+00:00
KXNFLSPREAD-26OCT04DALHOU,KXNFLSPREAD,KXNFLSPREAD-26OCT04DALHOU-HOU6,HOU Texans wins by over 5.5 points?,0.3900,0.4100,0.4100,1584.39,1560.39,active,2026-10-06T17:00:00Z,2026-10-02T09:37:33+00:00
KXNFLSPREAD-26OCT04DALHOU,KXNFLSPREAD,KXNFLSPREAD-26OCT04DALHOU-DAL10,DAL Cowboys wins by over 9.5 points?,0.1500,0.1600,0.1600,1053.91,912.15,active,2026-10-06T17:00:00Z,2026-10-02T09:37:33+00:00
KXNFLSPREAD-26OCT04DALHOU,KXNFLSPREAD,KXNFLSPREAD-26OCT04DALHOU-DAL11,DAL Cowboys wins by over 10.5 points?,0.1200,0.1400,0.1200,891.91,642.63,active,2026-10-06T17:00:00Z,2026-10-02T09:37:33+00:00
KXNFLSPREAD-26OCT04DALHOU,KXNFLSPREAD,KXNFLSPREAD-26OCT04DALHOU-DAL14,DAL Cowboys wins by over 13.5 points?,0.1000,0.1100,0.1100,1130.26,1105.26,active,2026-10-06T17:00:00Z,2026-10-02T09:37:33+00:00
KXNFLSPREAD-26OCT04DALHOU,KXNFLSPREAD,KXNFLSPREAD-26OCT04DALHOU-HOU8,HOU Texans wins by over 7.5 points?,0.3000,0.3100,0.3000,956.16,956.16,active,2026-10-06T17:00:00Z,2026-10-02T09:37:33+00:00
KXNFLSPREAD-26OCT04DALHOU,KXNFLSPREAD,KXNFLSPREAD-26OCT04DALHOU-HOU21,HOU Texans wins by over 20.5 points?,0.0800,0.1000,0.1000,711.81,711.81,active,2026-10-06T17:00:00Z,2026-10-02T09:37:33+00:00
KXNFLSPREAD-26OCT04DALHOU,KXNFLSPREAD,KXNFLSPREAD-26OCT04DALHOU-DAL5,DAL Cowboys wins by over 4.5 points?,0.2500,0.2700,0.2700,2829.31,2642.48,active,2026-10-06T17:00:00Z,2026-10-02T09:37:33+00:00
KXNFLSPREAD-26OCT04DALHOU,KXNFLSPREAD,KXNFLSPREAD-26OCT04DALHOU-HOU10,HOU Texans wins by over 9.5 points?,0.2800,0.2900,0.2700,4078.00,4031.00,active,2026-10-06T17:00:00Z,2026-10-02T09:37:33+00:00
KXNFLSPREAD-26OCT04DALHOU,KXNFLSPREAD,KXNFLSPREAD-26OCT04DALHOU-DAL15,DAL Cowboys wins by over 14.5 points?,0.0900,0.1000,0.1100,18652.51,18631.27,active,2026-10-06T17:00:00Z,2026-10-02T09:37:33+00:00
KXNFLSPREAD-26OCT04DALHOU,KXNFLSPREAD,KXNFLSPREAD-26OCT04DALHOU-DAL6,DAL Cowboys wins by over 5.5 points?,0.2400,0.2600,0.2600,645.36,589.25,active,2026-10-06T17:00:00Z,2026-10-02T09:37:33+00:00
KXNFLSPREAD-26OCT04DALHOU,KXNFLSPREAD,KXNFLSPREAD-26OCT04DALHOU-HOU3,HOU Texans wins by over 2.5 points?,0.5400,0.5500,0.5500,24556.33,15903.64,active,2026-10-06T17:00:00Z,2026-10-02T09:37:33+00:00
KXNFLSPREAD-26OCT04DALHOU,KXNFLSPREAD,KXNFLSPREAD-26OCT04DALHOU-HOU5,HOU Texans wins by over 4.5 points?,0.4100,0.4300,0.4200,1815.23,1622.28,active,2026-10-06T17:00:00Z,2026-10-02T09:37:33+00:00
KXNFLSPREAD-26OCT04DALHOU,KXNFLSPREAD,KXNFLSPREAD-26OCT04DALHOU-HOU4,HOU Texans wins by over 3.5 points?,0.4500,0.4600,0.4500,13831.80,13524.58,active,2026-10-06T17:00:00Z,2026-10-02T09:37:33+00:00
KXNFLSPREAD-26OCT04DALHOU,KXNFLSPREAD,KXNFLSPREAD-26OCT04DALHOU-DAL2,DAL Cowboys wins by over 1.5 points?,0.3800,0.3900,0.3900,1223.91,1032.86,active,2026-10-06T17:00:00Z,2026-10-02T09:37:33+00:00
KXNFLSPREAD-26OCT04DALHOU,KXNFLSPREAD,KXNFLSPREAD-26OCT04DALHOU-HOU2,HOU Texans wins by over 1.5 points?,0.5600,0.5700,0.5700,688.13,625.12,active,2026-10-06T17:00:00Z,2026-10-02T09:37:33+00:00
KXNFLSPREAD-26OCT04DALHOU,KXNFLSPREAD,KXNFLSPREAD-26OCT04DALHOU-DAL4,DAL Cowboys wins by over 3.5 points?,0.2800,0.3000,0.3000,514.53,514.53,active,2026-10-06T17:00:00Z,2026-10-02T09:37:33+00:00
KXNFLSPREAD-26OCT04DALHOU,KXNFLSPREAD,KXNFLSPREAD-26OCT04DALHOU-DAL3,DAL Cowboys wins by over 2.5 points?,0.3600,0.3700,0.3700,4736.15,4611.15,active,2026-10-06T17:00:00Z,2026-10-02T09:37:33+00:00
KXNFLSPREAD-26OCT04DENSF,KXNFLSPREAD,KXNFLSPREAD-26OCT04DENSF-SF15,SF 49ers wins by over 14.5 points?,0.1500,0.1600,0.1500,1999.71,1442.00,active,2026-10-06T20:25:00Z,2026-10-02T09:37:33+00:00
KXNFLSPREAD-26OCT04DENSF,KXNFLSPREAD,KXNFLSPREAD-26OCT04DENSF-SF8,SF 49ers wins by over 7.5 points?,0.3000,0.3100,0.3100,6070.57,5919.92,active,2026-10-06T20:25:00Z,2026-10-02T09:37:33+00:00
KXNFLSPREAD-26OCT04DENSF,KXNFLSPREAD,KXNFLSPREAD-26OCT04DENSF-DEN14,DEN Broncos wins by over 13.5 points?,0.0900,0.1100,0.0900,51.00,51.00,active,2026-10-06T20:25:00Z,2026-10-02T09:37:33+00:00
KXNFLSPREAD-26OCT04DENSF,KXNFLSPREAD,KXNFLSPREAD-26OCT04DENSF-DEN8,DEN Broncos wins by over 7.5 points?,0.1700,0.1800,0.1800,1255.71,1049.71,active,2026-10-06T20:25:00Z,2026-10-02T09:37:33+00:00
KXNFLSPREAD-26OCT04DENSF,KXNFLSPREAD,KXNFLSPREAD-26OCT04DENSF-DEN11,DEN Broncos wins by over 10.5 points?,0.1200,0.1400,0.1400,113.05,106.05,active,2026-10-06T20:25:00Z,2026-10-02T09:37:33+00:00
KXNFLSPREAD-26OCT04DENSF,KXNFLSPREAD,KXNFLSPREAD-26OCT04DENSF-SF18,SF 49ers wins by over 17.5 points?,0.1100,0.1200,0.1200,584.49,584.49,active,2026-10-06T20:25:00Z,2026-10-02T09:37:33+00:00
KXNFLSPREAD-26OCT04DENSF,KXNFLSPREAD,KXNFLSPREAD-26OCT04DENSF-SF17,SF 49ers wins by over 16.5 points?,0.1300,0.1500,0.1200,73.00,13.00,active,2026-10-06T20:25:00Z,2026-10-02T09:37:33+00:00
KXNFLSPREAD-26OCT04DENSF,KXNFLSPREAD,KXNFLSPREAD-26OCT04DENSF-SF14,SF 49ers wins by over 13.5 points?,0.1700,0.1800,0.1700,1977.04,1615.36,active,2026-10-06T20:25:00Z,2026-10-02T09:37:33+00:00
KXNFLSPREAD-26OCT04DENSF,KXNFLSPREAD,KXNFLSPREAD-26OCT04DENSF-DEN4,DEN Broncos wins by over 3.5 points?,0.3000,0.3100,0.3100,3797.01,3795.01,active,2026-10-06T20:25:00Z,2026-10-02T09:37:33+00:00
KXNFLSPREAD-26OCT04DENSF,KXNFLSPREAD,KXNFLSPREAD-26OCT04DENSF-SF11,SF 49ers wins by over 10.5 points?,0.2200,0.2400,0.2400,9489.37,8835.94,active,2026-10-06T20:25:00Z,2026-10-02T09:37:33+00:00
KXNFLSPREAD-26OCT04DENSF,KXNFLSPREAD,KXNFLSPREAD-26OCT04DENSF-DEN3,DEN Broncos wins by over 2.5 points?,0.3600,0.3800,0.3800,1582.21,1259.17,active,2026-10-06T20:25:00Z,2026-10-02T09:37:33+00:00
KXNFLSPREAD-26OCT04DENSF,KXNFLSPREAD,KXNFLSPREAD-26OCT04DENSF-DEN7,DEN Broncos wins by over 6.5 points?,0.2100,0.2300,0.2200,1992.34,1913.72,active,2026-10-06T20:25:00Z,2026-10-02T09:37:33+00:00
KXNFLSPREAD-26OCT04DENSF,KXNFLSPREAD,KXNFLSPREAD-26OCT04DENSF-DEN6,DEN Broncos wins by over 5.5 points?,0.2400,0.2600,0.2600,2569.93,2518.28,active,2026-10-06T20:25:00Z,2026-10-02T09:37:33+00:00
KXNFLSPREAD-26OCT04DENSF,KXNFLSPREAD,KXNFLSPREAD-26OCT04DENSF-SF6,SF 49ers wins by over 5.5 points?,0.3800,0.3900,0.3900,1596.61,1310.50,active,2026-10-06T20:25:00Z,2026-10-02T09:37:33+00:00
KXNFLSPREAD-26OCT04DENSF,KXNFLSPREAD,KXNFLSPREAD-26OCT04DENSF-DEN10,DEN Broncos wins by over 9.5 points?,0.1400,0.1600,0.1300,32.00,32.00,active,2026-10-06T20:25:00Z,2026-10-02T09:37:33+00:00
KXNFLSPREAD-26OCT04DENSF,KXNFLSPREAD,KXNFLSPREAD-26OCT04DENSF-SF10,SF 49ers wins by over 9.5 points?,0.2500,0.2700,0.2600,8687.54,8289.74,active,2026-10-06T20:25:00Z,2026-10-02T09:37:33+00:00
KXNFLSPREAD-26OCT04DENSF,KXNFLSPREAD,KXNFLSPREAD-26OCT04DENSF-SF7,SF 49ers wins by over 6.5 points?,0.3600,0.3700,0.3700,7168.93,6029.17,active,2026-10-06T20:25:00Z,2026-10-02T09:37:33+00:00
KXNFLSPREAD-26OCT04DENSF,KXNFLSPREAD,KXNFLSPREAD-26OCT04DENSF-SF21,SF 49ers wins by over 20.5 points?,0.0800,0.0900,0.0800,128.32,118.32,active,2026-10-06T20:25:00Z,2026-10-02T09:37:33+00:00
KXNFLSPREAD-26OCT04DENSF,KXNFLSPREAD,KXNFLSPREAD-26OCT04DENSF-SF5,SF 49ers wins by over 4.5 points?,0.4000,0.4100,0.4100,27877.60,26792.60,active,2026-10-06T20:25:00Z,2026-10-02T09:37:33+00:00
KXNFLSPREAD-26OCT04DENSF,KXNFLSPREAD,KXNFLSPREAD-26OCT04DENSF-SF4,SF 49ers wins by over 3.5 points?,0.4300,0.4400,0.4300,21341.08,20306.31,active,2026-10-06T20:25:00Z,2026-10-02T09:37:33+00:00
KXNFLSPREAD-26OCT04DENSF,KXNFLSPREAD,KXNFLSPREAD-26OCT04DENSF-SF2,SF 49ers wins by over 1.5 points?,0.5400,0.5600,0.5600,849.37,759.87,active,2026-10-06T20:25:00Z,2026-10-02T09:37:33+00:00
KXNFLSPREAD-26OCT04DENSF,KXNFLSPREAD,KXNFLSPREAD-26OCT04DENSF-DEN5,DEN Broncos wins by over 4.5 points?,0.2500,0.2600,0.2600,7384.43,2938.52,active,2026-10-06T20:25:00Z,2026-10-02T09:37:33+00:00
KXNFLSPREAD-26OCT04DENSF,KXNFLSPREAD,KXNFLSPREAD-26OCT04DENSF-DEN2,DEN Broncos wins by over 1.5 points?,0.3900,0.4100,0.4100,2209.07,2070.07,active,2026-10-06T20:25:00Z,2026-10-02T09:37:33+00:00
KXNFLSPREAD-26OCT04DENSF,KXNFLSPREAD,KXNFLSPREAD-26OCT04DENSF-SF3,SF 49ers wins by over 2.5 points?,0.5200,0.5300,0.5300,149311.81,140658.56,active,2026-10-06T20:25:00Z,2026-10-02T09:37:33+00:00
KXNFLSPREAD-26OCT04DENSF,KXNFLSPREAD,KXNFLSPREAD-26OCT04DENSF-DEN15,DEN Broncos wins by over 14.5 points?,0.0700,0.0900,0.0800,115.80,105.18,active,2026-10-06T20:25:00Z,2026-10-02T09:37:33+00:00
KXNFLSPREAD-26OCT04DETCAR,KXNFLSPREAD,KXNFLSPREAD-26OCT04DETCAR-CAR2,CAR Panthers wins by over 1.5 points?,0.3200,0.3300,0.3400,1510.40,1410.40,active,2026-10-07T00:20:00Z,2026-10-02T09:37:33+00:00
KXNFLSPREAD-26OCT04DETCAR,KXNFLSPREAD,KXNFLSPREAD-26OCT04DETCAR-CAR3,CAR Panthers wins by over 2.5 points?,0.3100,0.3200,0.3200,441.00,441.00,active,2026-10-07T00:20:00Z,2026-10-02T09:37:33+00:00
KXNFLSPREAD-26OCT04DETCAR,KXNFLSPREAD,KXNFLSPREAD-26OCT04DETCAR-CAR7,CAR Panthers wins by over 6.5 points?,0.1800,0.1900,0.2000,7228.59,4583.83,active,2026-10-07T00:20:00Z,2026-10-02T09:37:33+00:00
KXNFLSPREAD-26OCT04DETCAR,KXNFLSPREAD,KXNFLSPREAD-26OCT04DETCAR-DET11,DET Lions wins by over 10.5 points?,0.2800,0.2900,0.2900,8.57,8.57,active,2026-10-07T00:20:00Z,2026-10-02T09:37:33+00:00
KXNFLSPREAD-26OCT04DETCAR,KXNFLSPREAD,KXNFLSPREAD-26OCT04DETCAR-DET14,DET Lions wins by over 13.5 points?,0.2300,0.2400,0.2400,1150.01,1150.01,active,2026-10-07T00:20:00Z,2026-10-02T09:37:33+00:00
KXNFLSPREAD-26OCT04DETCAR,KXNFLSPREAD,KXNFLSPREAD-26OCT04DETCAR-CAR14,CAR Panthers wins by over 13.5 points?,0.0800,0.1000,0.1000,124.40,99.40,active,2026-10-07T00:20:00Z,2026-10-02T09:37:33+00:00
KXNFLSPREAD-26OCT04DETCAR,KXNFLSPREAD,KXNFLSPREAD-26OCT04DETCAR-DET15,DET Lions wins by over 14.5 points?,0.2000,0.2100,0.2000,2541.07,2500.61,active,2026-10-07T00:20:00Z,2026-10-02T09:37:33+00:00
KXNFLSPREAD-26OCT04DETCAR,KXNFLSPREAD,KXNFLSPREAD-26OCT04DETCAR-DET2,DET Lions wins by over 1.5 points?,0.6100,0.6200,0.6100,185.67,185.67,active,2026-10-07T00:20:00Z,2026-10-02T09:37:33+00:00
KXNFLSPREAD-26OCT04DETCAR,KXNFLSPREAD,KXNFLSPREAD-26OCT04DETCAR-CAR11,CAR Panthers wins by over 10.5 points?,0.1000,0.1200,0.1100,2801.01,2801.01,active,2026-10-07T00:20:00Z,2026-10-02T09:37:33+00:00
KXNFLSPREAD-26OCT04DETCAR,KXNFLSPREAD,KXNFLSPREAD-26OCT04DETCAR-CAR10,CAR Panthers wins by over 9.5 points?,0.1200,0.1300,0.1400,3039.50,2525.00,active,2026-10-07T00:20:00Z,2026-10-02T09:37:33+00:00
KXNFLSPREAD-26OCT04DETCAR,KXNFLSPREAD,KXNFLSPREAD-26OCT04DETCAR-DET10,DET Lions wins by over 9.5 points?,0.3100,0.3200,0.0000,0.00,0.00,active,2026-10-07T00:20:00Z,2026-10-02T09:37:33+00:00
KXNFLSPREAD-26OCT04DETCAR,KXNFLSPREAD,KXNFLSPREAD-26OCT04DETCAR-DET17,DET Lions wins by over 16.5 points?,0.1700,0.1900,0.1800,7010.73,5560.73,active,2026-10-07T00:20:00Z,2026-10-02T09:37:33+00:00
KXNFLSPREAD-26OCT04DETCAR,KXNFLSPREAD,KXNFLSPREAD-26OCT04DETCAR-DET18,DET Lions wins by over 17.5 points?,0.1500,0.1700,0.1100,1.00,1.00,active,2026-10-07T00:20:00Z,2026-10-02T09:37:33+00:00
KXNFLSPREAD-26OCT04DETCAR,KXNFLSPREAD,KXNFLSPREAD-26OCT04DETCAR-DET21,DET Lions wins by over 20.5 points?,0.1000,0.1200,0.1000,10.00,10.00,active,2026-10-07T00:20:00Z,2026-10-02T09:37:33+00:00
KXNFLSPREAD-26OCT04DETCAR,KXNFLSPREAD,KXNFLSPREAD-26OCT04DETCAR-DET8,DET Lions wins by over 7.5 points?,0.3500,0.3700,0.3600,2284.71,2269.28,active,2026-10-07T00:20:00Z,2026-10-02T09:37:33+00:00
KXNFLSPREAD-26OCT04DETCAR,KXNFLSPREAD,KXNFLSPREAD-26OCT04DETCAR-CAR15,CAR Panthers wins by over 14.5 points?,0.0700,0.0800,0.0700,365.00,365.00,active,2026-10-07T00:20:00Z,2026-10-02T09:37:33+00:00
KXNFLSPREAD-26OCT04DETCAR,KXNFLSPREAD,KXNFLSPREAD-26OCT04DETCAR-DET5,DET Lions wins by over 4.5 points?,0.4700,0.4800,0.4700,1787.29,1549.96,active,2026-10-07T00:20:00Z,2026-10-02T09:37:33+00:00
KXNFLSPREAD-26OCT04DETCAR,KXNFLSPREAD,KXNFLSPREAD-26OCT04DETCAR-DET3,DET Lions wins by over 2.5 points?,0.5900,0.6000,0.6000,7831.81,6484.68,active,2026-10-07T00:20:00Z,2026-10-02T09:37:33+00:00
KXNFLSPREAD-26OCT04DETCAR,KXNFLSPREAD,KXNFLSPREAD-26OCT04DETCAR-DET4,DET Lions wins by over 3.5 points?,0.5000,0.5100,0.5000,30111.44,24135.88,active,2026-10-07T00:20:00Z,2026-10-02T09:37:33+00:00
KXNFLSPREAD-26OCT04DETCAR,KXNFLSPREAD,KXNFLSPREAD-26OCT04DETCAR-DET7,DET Lions wins by over 6.5 points?,0.4100,0.4200,0.4200,1686.26,1680.26,active,2026-10-07T00:20:00Z,2026-10-02T09:37:33+00:00
KXNFLSPREAD-26OCT04DETCAR,KXNFLSPREAD,KXNFLSPREAD-26OCT04DETCAR-CAR4,CAR Panthers wins by over 3.5 points?,0.2200,0.2300,0.2200,23572.68,23297.68,active,2026-10-07T00:20:00Z,2026-10-02T09:37:33+00:00
KXNFLSPREAD-26OCT04DETCAR,KXNFLSPREAD,KXNFLSPREAD-26OCT04DETCAR-CAR8,CAR Panthers wins by over 7.5 points?,0.1400,0.1500,0.1400,5266.11,3095.11,active,2026-10-07T00:20:00Z,2026-10-02T09:37:33+00:00
KXNFLSPREAD-26OCT04DETCAR,KXNFLSPREAD,KXNFLSPREAD-26OCT04DETCAR-DET6,DET Lions wins by over 5.5 points?,0.4500,0.4600,0.4600,866.22,823.56,active,2026-10-07T00:20:00Z,2026-10-02T09:37:33+00:00
KXNFLSPREAD-26OCT04DETCAR,KXNFLSPREAD,KXNFLSPREAD-26OCT04DETCAR-CAR5,CAR Panthers wins by over 4.5 points?,0.2100,0.2200,0.2300,886.00,736.00,active,2026-10-07T00:20:00Z,2026-10-02T09:37:33+00:00
KXNFLSPREAD-26OCT04DETCAR,KXNFLSPREAD,KXNFLSPREAD-26OCT04DETCAR-CAR6,CAR Panthers wins by over 5.5 points?,0.1900,0.2100,0.2100,4485.58,4395.58,active,2026-10-07T00:20:00Z,2026-10-02T09:37:33+00:00
KXNFLSPREAD-26OCT04GBTB,KXNFLSPREAD,KXNFLSPREAD-26OCT04GBTB-TB7,TB Buccaneers wins by over 6.5 points?,0.1900,0.2000,0.2000,7439.37,6926.23,active,2026-10-06T17:00:00Z,2026-10-02T09:37:33+00:00
KXNFLSPREAD-26OCT04GBTB,KXNFLSPREAD,KXNFLSPREAD-26OCT04GBTB-GB15,GB Packers wins by over 14.5 points?,0.1800,0.1900,0.1900,5534.68,4354.12,active,2026-10-06T17:00:00Z,2026-10-02T09:37:33+00:00
KXNFLSPREAD-26OCT04GBTB,KXNFLSPREAD,KXNFLSPREAD-26OCT04GBTB-GB14,GB Packers wins by over 13.5 points?,0.2100,0.2200,0.2200,3577.28,2777.35,active,2026-10-06T17:00:00Z,2026-10-02T09:37:33+00:00
KXNFLSPREAD-26OCT04GBTB,KXNFLSPREAD,KXNFLSPREAD-26OCT04GBTB-GB8,GB Packers wins by over 7.5 points?,0.3400,0.3500,0.3300,11302.60,3752.81,active,2026-10-06T17:00:00Z,2026-10-02T09:37:33+00:00
KXNFLSPREAD-26OCT04GBTB,KXNFLSPREAD,KXNFLSPREAD-26OCT04GBTB-GB2,GB Packers wins by over 1.5 points?,0.5800,0.5900,0.6000,3545.98,3431.42,active,2026-10-06T17:00:00Z,2026-10-02T09:37:33+00:00
KXNFLSPREAD-26OCT04GBTB,KXNFLSPREAD,KXNFLSPREAD-26OCT04GBTB-GB10,GB Packers wins by over 9.5 points?,0.2900,0.3100,0.3000,14451.32,4276.93,active,2026-10-06T17:00:00Z,2026-10-02T09:37:33+00:00
KXNFLSPREAD-26OCT04GBTB,KXNFLSPREAD,KXNFLSPREAD-26OCT04GBTB-TB17,TB Buccaneers wins by over 16.5 points?,0.0500,0.0700,0.0700,11092.65,10942.65,active,2026-10-06T17:00:00Z,2026-10-02T09:37:33+00:00
KXNFLSPREAD-26OCT04GBTB,KXNFLSPREAD,KXNFLSPREAD-26OCT04GBTB-TB3,TB Buccaneers wins by over 2.5 points?,0.3200,0.3400,0.3400,8778.87,6566.25,active,2026-10-06T17:00:00Z,2026-10-02T09:37:33+00:00
KXNFLSPREAD-26OCT04GBTB,KXNFLSPREAD,KXNFLSPREAD-26OCT04GBTB-TB5,TB Buccaneers wins by over 4.5 points?,0.2400,0.2500,0.2500,5531.08,5122.66,active,2026-10-06T17:00:00Z,2026-10-02T09:37:33+00:00
KXNFLSPREAD-26OCT04GBTB,KXNFLSPREAD,KXNFLSPREAD-26OCT04GBTB-TB8,TB Buccaneers wins by over 7.5 points?,0.1600,0.1800,0.1500,4541.65,4446.65,active,2026-10-06T17:00:00Z,2026-10-02T09:37:33+00:00
KXNFLSPREAD-26OCT04GBTB,KXNFLSPREAD,KXNFLSPREAD-26OCT04GBTB-TB10,TB Buccaneers wins by over 9.5 points?,0.1300,0.1500,0.1400,625.38,600.38,active,2026-10-06T17:00:00Z,2026-10-02T09:37:33+00:00
KXNFLSPREAD-26OCT04GBTB,KXNFLSPREAD,KXNFLSPREAD-26OCT04GBTB-GB5,GB Packers wins by over 4.5 points?,0.4500,0.4600,0.4500,22338.70,13410.06,active,2026-10-06T17:00:00Z,2026-10-02T09:37:33+00:00
KXNFLSPREAD-26OCT04GBTB,KXNFLSPREAD,KXNFLSPREAD-26OCT04GBTB-TB2,TB Buccaneers wins by over 1.5 points?,0.3500,0.3600,0.3500,45031.56,44174.77,active,2026-10-06T17:00:00Z,2026-10-02T09:37:33+00:00
KXNFLSPREAD-26OCT04GBTB,KXNFLSPREAD,KXNFLSPREAD-26OCT04GBTB-TB6,TB Buccaneers wins by over 5.5 points?,0.2200,0.2400,0.2400,552.82,410.11,active,2026-10-06T17:00:00Z,2026-10-02T09:37:33+00:00
KXNFLSPREAD-26OCT04GBTB,KXNFLSPREAD,KXNFLSPREAD-26OCT04GBTB-GB11,GB Packers wins by over 10.5 points?,0.2600,0.2700,0.2700,4191.85,3687.03,active,2026-10-06T17:00:00Z,2026-10-02T09:37:33+00:00
KXNFLSPREAD-26OCT04GBTB,KXNFLSPREAD,KXNFLSPREAD-26OCT04GBTB-TB11,TB Buccaneers wins by over 10.5 points?,0.1100,0.1200,0.1200,4260.00,1565.00,active,2026-10-06T17:00:00Z,2026-10-02T09:37:33+00:00
KXNFLSPREAD-26OCT04GBTB,KXNFLSPREAD,KXNFLSPREAD-26OCT04GBTB-GB6,GB Packers wins by over 5.5 points?,0.4300,0.4400,0.4400,39430.01,33585.83,active,2026-10-06T17:00:00Z,2026-10-02T09:37:33+00:00
KXNFLSPREAD-26OCT04GBTB,KXNFLSPREAD,KXNFLSPREAD-26OCT04GBTB-GB7,GB Packers wins by over 6.5 points?,0.4000,0.4100,0.4100,24171.77,17263.25,active,2026-10-06T17:00:00Z,2026-10-02T09:37:33+00:00
KXNFLSPREAD-26OCT04GBTB,KXNFLSPREAD,KXNFLSPREAD-26OCT04GBTB-TB4,TB Buccaneers wins by over 3.5 points?,0.2600,0.2700,0.2600,10060.70,6729.70,active,2026-10-06T17:00:00Z,2026-10-02T09:37:33+00:00
KXNFLSPREAD-26OCT04GBTB,KXNFLSPREAD,KXNFLSPREAD-26OCT04GBTB-GB3,GB Packers wins by over 2.5 points?,0.5700,0.5800,0.5800,13607.01,13055.50,active,2026-10-06T17:00:00Z,2026-10-02T09:37:33+00:00
KXNFLSPREAD-26OCT04GBTB,KXNFLSPREAD,KXNFLSPREAD-26OCT04GBTB-GB4,GB Packers wins by over 3.5 points?,0.4800,0.4900,0.4900,211653.37,178518.01,active,2026-10-06T17:00:00Z,2026-10-02T09:37:33+00:00
KXNFLSPREAD-26OCT04GBTB,KXNFLSPREAD,KXNFLSPREAD-26OCT04GBTB-TB14,TB Buccaneers wins by over 13.5 points?,0.1000,0.1100,0.1100,4918.42,2957.42,active,2026-10-06T17:00:00Z,2026-10-02T09:37:33+00:00
KXNFLSPREAD-26OCT04GBTB,KXNFLSPREAD,KXNFLSPREAD-26OCT04GBTB-TB15,TB Buccaneers wins by over 14.5 points?,0.0600,0.0800,0.0700,7209.40,7203.40,active,2026-10-06T17:00:00Z,2026-10-02T09:37:33+00:00
KXNFLSPREAD-26OCT04GBTB,KXNFLSPREAD,KXNFLSPREAD-26OCT04GBTB-GB17,GB Packers wins by over 16.5 points?,0.1600,0.1700,0.1700,5043.84,3093.35,active,2026-10-06T17:00:00Z,2026-10-02T09:37:33+00:00
KXNFLSPREAD-26OCT04INDWAS,KXNFLSPREAD,KXNFLSPREAD-26OCT04INDWAS-IND15,IND Colts wins by over 14.5 points?,0.1900,0.2100,0.2000,1175.00,650.00,active,2026-10-06T13:30:00Z,2026-10-02T09:37:33+00:00
KXNFLSPREAD-26OCT04INDWAS,KXNFLSPREAD,KXNFLSPREAD-26OCT04INDWAS-WAS6,WAS Commanders wins by over 5.5 points?,0.2000,0.2200,0.2300,3572.96,3269.23,active,2026-10-06T13:30:00Z,2026-10-02T09:37:33+00:00
KXNFLSPREAD-26OCT04INDWAS,KXNFLSPREAD,KXNFLSPREAD-26OCT04INDWAS-WAS14,WAS Commanders wins by over 13.5 points?,0.0800,0.0900,0.1200,70.87,70.87,active,2026-10-06T13:30:00Z,2026-10-02T09:37:33+00:00
KXNFLSPREAD-26OCT04INDWAS,KXNFLSPREAD,KXNFLSPREAD-26OCT04INDWAS-WAS7,WAS Commanders wins by over 6.5 points?,0.1800,0.2000,0.2000,2071.52,1888.05,active,2026-10-06T13:30:00Z,2026-10-02T09:37:33+00:00
KXNFLSPREAD-26OCT04INDWAS,KXNFLSPREAD,KXNFLSPREAD-26OCT04INDWAS-WAS3,WAS Commanders wins by over 2.5 points?,0.3100,0.3300,0.3200,1268.73,1229.56,active,2026-10-06T13:30:00Z,2026-10-02T09:37:33+00:00
KXNFLSPREAD-26OCT04INDWAS,KXNFLSPREAD,KXNFLSPREAD-26OCT04INDWAS-WAS4,WAS Commanders wins by over 3.5 points?,0.2400,0.2500,0.2500,2196.89,1970.71,active,2026-10-06T13:30:00Z,2026-10-02T09:37:33+00:00
KXNFLSPREAD-26OCT04INDWAS,KXNFLSPREAD,KXNFLSPREAD-26OCT04INDWAS-IND21,IND Colts wins by over 20.5 points?,0.1000,0.1100,0.1100,33215.98,27523.03,active,2026-10-06T13:30:00Z,2026-10-02T09:37:33+00:00
KXNFLSPREAD-26OCT04INDWAS,KXNFLSPREAD,KXNFLSPREAD-26OCT04INDWAS-IND14,IND Colts wins by over 13.5 points?,0.2300,0.2400,0.2300,12644.63,9860.63,active,2026-10-06T13:30:00Z,2026-10-02T09:37:33+00:00
KXNFLSPREAD-26OCT04INDWAS,KXNFLSPREAD,KXNFLSPREAD-26OCT04INDWAS-IND18,IND Colts wins by over 17.5 points?,0.1300,0.1500,0.1400,44826.68,26091.36,active,2026-10-06T13:30:00Z,2026-10-02T09:37:33+00:00
KXNFLSPREAD-26OCT04INDWAS,KXNFLSPREAD,KXNFLSPREAD-26OCT04INDWAS-IND17,IND Colts wins by over 16.5 points?,0.1700,0.1800,0.1400,11470.00,11306.00,active,2026-10-06T13:30:00Z,2026-10-02T09:37:33+00:00
KXNFLSPREAD-26OCT04INDWAS,KXNFLSPREAD,KXNFLSPREAD-26OCT04INDWAS-WAS11,WAS Commanders wins by over 10.5 points?,0.0900,0.1000,0.1100,79905.00,77159.00,active,2026-10-06T13:30:00Z,2026-10-02T09:37:33+00:00
KXNFLSPREAD-26OCT04INDWAS,KXNFLSPREAD,KXNFLSPREAD-26OCT04INDWAS-IND10,IND Colts wins by over 9.5 points?,0.3100,0.3200,0.3200,22205.97,20047.46,active,2026-10-06T13:30:00Z,2026-10-02T09:37:33+00:00
KXNFLSPREAD-26OCT04INDWAS,KXNFLSPREAD,KXNFLSPREAD-26OCT04INDWAS-IND8,IND Colts wins by over 7.5 points?,0.3500,0.3600,0.3500,22137.13,12648.46,active,2026-10-06T13:30:00Z,2026-10-02T09:37:33+00:00
KXNFLSPREAD-26OCT04INDWAS,KXNFLSPREAD,KXNFLSPREAD-26OCT04INDWAS-WAS8,WAS Commanders wins by over 7.5 points?,0.1400,0.1600,0.1500,978.00,933.00,active,2026-10-06T13:30:00Z,2026-10-02T09:37:33+00:00
KXNFLSPREAD-26OCT04INDWAS,KXNFLSPREAD,KXNFLSPREAD-26OCT04INDWAS-WAS10,WAS Commanders wins by over 9.5 points?,0.1200,0.1300,0.1200,110636.94,77448.97,active,2026-10-06T13:30:00Z,2026-10-02T09:37:33+00:00
KXNFLSPREAD-26OCT04INDWAS,KXNFLSPREAD,KXNFLSPREAD-26OCT04INDWAS-WAS2,WAS Commanders wins by over 1.5 points?,0.3200,0.3400,0.3400,18419.94,16639.65,active,2026-10-06T13:30:00Z,2026-10-02T09:37:33+00:00
KXNFLSPREAD-26OCT04INDWAS,KXNFLSPREAD,KXNFLSPREAD-26OCT04INDWAS-IND5,IND Colts wins by over 4.5 points?,0.4700,0.4800,0.4800,4150.67,4051.04,active,2026-10-06T13:30:00Z,2026-10-02T09:37:33+00:00
KXNFLSPREAD-26OCT04INDWAS,KXNFLSPREAD,KXNFLSPREAD-26OCT04INDWAS-IND6,IND Colts wins by over 5.5 points?,0.4400,0.4500,0.4500,20120.14,12623.63,active,2026-10-06T13:30:00Z,2026-10-02T09:37:33+00:00
KXNFLSPREAD-26OCT04INDWAS,KXNFLSPREAD,KXNFLSPREAD-26OCT04INDWAS-IND11,IND Colts wins by over 10.5 points?,0.2800,0.2900,0.2800,7500.28,5729.23,active,2026-10-06T13:30:00Z,2026-10-02T09:37:33+00:00
KXNFLSPREAD-26OCT04INDWAS,KXNFLSPREAD,KXNFLSPREAD-26OCT04INDWAS-WAS15,WAS Commanders wins by over 14.5 points?,0.0600,0.0800,0.0800,173.10,143.10,active,2026-10-06T13:30:00Z,2026-10-02T09:37:33+00:00
KXNFLSPREAD-26OCT04INDWAS,KXNFLSPREAD,KXNFLSPREAD-26OCT04INDWAS-IND2,IND Colts wins by over 1.5 points?,0.6100,0.6200,0.6200,52660.80,49241.80,active,2026-10-06T13:30:00Z,2026-10-02T09:37:33+00:00
KXNFLSPREAD-26OCT04INDWAS,KXNFLSPREAD,KXNFLSPREAD-26OCT04INDWAS-IND7,IND Colts wins by over 6.5 points?,0.4100,0.4200,0.4200,9934.46,7482.57,active,2026-10-06T13:30:00Z,2026-10-02T09:37:33+00:00
KXNFLSPREAD-26OCT04INDWAS,KXNFLSPREAD,KXNFLSPREAD-26OCT04INDWAS-IND4,IND Colts wins by over 3.5 points?,0.5100,0.5200,0.5200,51082.41,37169.09,active,2026-10-06T13:30:00Z,2026-10-02T09:37:33+00:00
KXNFLSPREAD-26OCT04INDWAS,KXNFLSPREAD,KXNFLSPREAD-26OCT04INDWAS-WAS5,WAS Commanders wins by over 4.5 points?,0.2200,0.2300,0.2300,953.87,918.87,active,2026-10-06T13:30:00Z,2026-10-02T09:37:33+00:00
KXNFLSPREAD-26OCT04INDWAS,KXNFLSPREAD,KXNFLSPREAD-26OCT04INDWAS-IND3,IND Colts wins by over 2.5 points?,0.5900,0.6000,0.6000,39260.77,12295.21,active,2026-10-06T13:30:00Z,2026-10-02T09:37:33+00:00
KXNFLSPREAD-26OCT04JACCIN,KXNFLSPREAD,KXNFLSPREAD-26OCT04JACCIN-JAC11,JAC Jaguars wins by over 10.5 points?,0.1300,0.1500,0.0000,0.00,0.00,active,2026-10-06T17:00:00Z,2026-10-02T09:37:33+00:00
KXNFLSPREAD-26OCT04JACCIN,KXNFLSPREAD,KXNFLSPREAD-26OCT04JACCIN-JAC15,JAC Jaguars wins by over 14.5 points?,0.0900,0.1000,0.0800,1818.00,1027.00,active,2026-10-06T17:00:00Z,2026-10-02T09:37:33+00:00
KXNFLSPREAD-26OCT04JACCIN,KXNFLSPREAD,KXNFLSPREAD-26OCT04JACCIN-JAC2,JAC Jaguars wins by over 1.5 points?,0.4000,0.4100,0.4000,9426.44,9426.44,active,2026-10-06T17:00:00Z,2026-10-02T09:37:33+00:00
KXNFLSPREAD-26OCT04JACCIN,KXNFLSPREAD,KXNFLSPREAD-26OCT04JACCIN-CIN7,CIN Bengals wins by over 6.5 points?,0.3500,0.3600,0.3500,2184.17,1924.17,active,2026-10-06T17:00:00Z,2026-10-02T09:37:33+00:00
KXNFLSPREAD-26OCT04JACCIN,KXNFLSPREAD,KXNFLSPREAD-26OCT04JACCIN-CIN8,CIN Bengals wins by over 7.5 points?,0.2900,0.3000,0.2900,10950.06,10405.89,active,2026-10-06T17:00:00Z,2026-10-02T09:37:33+00:00
KXNFLSPREAD-26OCT04JACCIN,KXNFLSPREAD,KXNFLSPREAD-26OCT04JACCIN-CIN21,CIN Bengals wins by over 20.5 points?,0.0700,0.0900,0.0800,4481.91,4325.91,active,2026-10-06T17:00:00Z,2026-10-02T09:37:33+00:00
KXNFLSPREAD-26OCT04JACCIN,KXNFLSPREAD,KXNFLSPREAD-26OCT04JACCIN-CIN14,CIN Bengals wins by over 13.5 points?,0.1800,0.1900,0.1800,27352.55,14374.88,active,2026-10-06T17:00:00Z,2026-10-02T09:37:33+00:00
KXNFLSPREAD-26OCT04JACCIN,KXNFLSPREAD,KXNFLSPREAD-26OCT04JACCIN-CIN17,CIN Bengals wins by over 16.5 points?,0.1300,0.1400,0.1200,10106.09,9512.91,active,2026-10-06T17:00:00Z,2026-10-02T09:37:33+00:00
KXNFLSPREAD-26OCT04JACCIN,KXNFLSPREAD,KXNFLSPREAD-26OCT04JACCIN-CIN15,CIN Bengals wins by over 14.5 points?,0.1500,0.1700,0.1500,37691.84,21231.78,active,2026-10-06T17:00:00Z,2026-10-02T09:37:33+00:00
KXNFLSPREAD-26OCT04JACCIN,KXNFLSPREAD,KXNFLSPREAD-26OCT04JACCIN-JAC4,JAC Jaguars wins by over 3.5 points?,0.2900,0.3000,0.3000,310.54,310.54,active,2026-10-06T17:00:00Z,2026-10-02T09:37:33+00:00
KXNFLSPREAD-26OCT04JACCIN,KXNFLSPREAD,KXNFLSPREAD-26OCT04JACCIN-JAC6,JAC Jaguars wins by over 5.5 points?,0.2500,0.2600,0.2600,7816.44,5685.88,active,2026-10-06T17:00:00Z,2026-10-02T09:37:33+00:00
KXNFLSPREAD-26OCT04JACCIN,KXNFLSPREAD,KXNFLSPREAD-26OCT04JACCIN-JAC5,JAC Jaguars wins by over 4.5 points?,0.2700,0.2800,0.2800,1832.56,1832.56,active,2026-10-06T17:00:00Z,2026-10-02T09:37:33+00:00
KXNFLSPREAD-26OCT04JACCIN,KXNFLSPREAD,KXNFLSPREAD-26OCT04JACCIN-JAC10,JAC Jaguars wins by over 9.5 points?,0.1700,0.1800,0.1700,556.63,528.63,active,2026-10-06T17:00:00Z,2026-10-02T09:37:33+00:00
KXNFLSPREAD-26OCT04JACCIN,KXNFLSPREAD,KXNFLSPREAD-26OCT04JACCIN-CIN10,CIN Bengals wins by over 9.5 points?,0.2500,0.2700,0.2500,11143.60,10614.62,active,2026-10-06T17:00:00Z,2026-10-02T09:37:33+00:00
KXNFLSPREAD-26OCT04JACCIN,KXNFLSPREAD,KXNFLSPREAD-26OCT04JACCIN-CIN11,CIN Bengals wins by over 10.5 points?,0.2200,0.2300,0.2200,25618.22,22393.36,active,2026-10-06T17:00:00Z,2026-10-02T09:37:33+00:00
KXNFLSPREAD-26OCT04JACCIN,KXNFLSPREAD,KXNFLSPREAD-26OCT04JACCIN-JAC7,JAC Jaguars wins by over 6.5 points?,0.2300,0.2500,0.2400,597.05,597.05,active,2026-10-06T17:00:00Z,2026-10-02T09:37:33+00:00
KXNFLSPREAD-26OCT04JACCIN,KXNFLSPREAD,KXNFLSPREAD-26OCT04JACCIN-CIN18,CIN Bengals wins by over 17.5 points?,0.1100,0.1300,0.1100,41912.49,21749.19,active,2026-10-06T17:00:00Z,2026-10-02T09:37:33+00:00
KXNFLSPREAD-26OCT04JACCIN,KXNFLSPREAD,KXNFLSPREAD-26OCT04JACCIN-JAC14,JAC Jaguars wins by over 13.5 points?,0.1000,0.1200,0.0000,0.00,0.00,active,2026-10-06T17:00:00Z,2026-10-02T09:37:33+00:00
KXNFLSPREAD-26OCT04JACCIN,KXNFLSPREAD,KXNFLSPREAD-26OCT04JACCIN-JAC3,JAC Jaguars wins by over 2.5 points?,0.3800,0.3900,0.3900,9927.57,9649.45,active,2026-10-06T17:00:00Z,2026-10-02T09:37:33+00:00
KXNFLSPREAD-26OCT04JACCIN,KXNFLSPREAD,KXNFLSPREAD-26OCT04JACCIN-JAC8,JAC Jaguars wins by over 7.5 points?,0.1900,0.2100,0.2100,1250.32,1091.32,active,2026-10-06T17:00:00Z,2026-10-02T09:37:33+00:00
KXNFLSPREAD-26OCT04JACCIN,KXNFLSPREAD,KXNFLSPREAD-26OCT04JACCIN-CIN4,CIN Bengals wins by over 3.5 points?,0.4300,0.4400,0.4400,2216.78,2137.41,active,2026-10-06T17:00:00Z,2026-10-02T09:37:33+00:00
KXNFLSPREAD-26OCT04JACCIN,KXNFLSPREAD,KXNFLSPREAD-26OCT04JACCIN-CIN3,CIN Bengals wins by over 2.5 points?,0.5200,0.5300,0.5300,31564.18,28252.19,active,2026-10-06T17:00:00Z,2026-10-02T09:37:33+00:00
KXNFLSPREAD-26OCT04JACCIN,KXNFLSPREAD,KXNFLSPREAD-26OCT04JACCIN-CIN2,CIN Bengals wins by over 1.5 points?,0.5500,0.5600,0.5500,195.88,83.62,active,2026-10-06T17:00:00Z,2026-10-02T09:37:33+00:00
KXNFLSPREAD-26OCT04JACCIN,KXNFLSPREAD,KXNFLSPREAD-26OCT04JACCIN-CIN6,CIN Bengals wins by over 5.5 points?,0.3700,0.3900,0.3700,11584.15,11357.52,active,2026-10-06T17:00:00Z,2026-10-02T09:37:33+00:00
KXNFLSPREAD-26OCT04JACCIN,KXNFLSPREAD,KXNFLSPREAD-26OCT04JACCIN-CIN5,CIN Bengals wins by over 4.5 points?,0.4000,0.4100,0.4000,9091.79,9091.79,active,2026-10-06T17:00:00Z,2026-10-02T09:37:33+00:00
KXNFLSPREAD-26OCT04KCLV,KXNFLSPREAD,KXNFLSPREAD-26OCT04KCLV-LV14,LV Raiders wins by over 13.5 points?,0.0700,0.0800,0.0800,453.98,158.74,active,2026-10-06T20:25:00Z,2026-10-02T09:37:33+00:00
KXNFLSPREAD-26OCT04KCLV,KXNFLSPREAD,KXNFLSPREAD-26OCT04KCLV-LV2,LV Raiders wins by over 1.5 points?,0.3100,0.3300,0.3200,2198.42,1959.35,active,2026-10-06T20:25:00Z,2026-10-02T09:37:33+00:00
KXNFLSPREAD-26OCT04KCLV,KXNFLSPREAD,KXNFLSPREAD-26OCT04KCLV-LV11,LV Raiders wins by over 10.5 points?,0.0900,0.1000,0.1000,578.63,578.63,active,2026-10-06T20:25:00Z,2026-10-02T09:37:33+00:00
KXNFLSPREAD-26OCT04KCLV,KXNFLSPREAD,KXNFLSPREAD-26OCT04KCLV-LV10,LV Raiders wins by over 9.5 points?,0.1000,0.1100,0.1000,781.64,736.64,active,2026-10-06T20:25:00Z,2026-10-02T09:37:33+00:00
KXNFLSPREAD-26OCT04KCLV,KXNFLSPREAD,KXNFLSPREAD-26OCT04KCLV-KC18,KC Chiefs wins by over 17.5 points?,0.1600,0.1800,0.1700,13094.23,9112.11,active,2026-10-06T20:25:00Z,2026-10-02T09:37:33+00:00
KXNFLSPREAD-26OCT04KCLV,KXNFLSPREAD,KXNFLSPREAD-26OCT04KCLV-KC17,KC Chiefs wins by over 16.5 points?,0.1700,0.1900,0.1700,444.33,431.58,active,2026-10-06T20:25:00Z,2026-10-02T09:37:33+00:00
KXNFLSPREAD-26OCT04KCLV,KXNFLSPREAD,KXNFLSPREAD-26OCT04KCLV-LV6,LV Raiders wins by over 5.5 points?,0.1900,0.2000,0.2000,2388.37,2313.37,active,2026-10-06T20:25:00Z,2026-10-02T09:37:33+00:00
KXNFLSPREAD-26OCT04KCLV,KXNFLSPREAD,KXNFLSPREAD-26OCT04KCLV-KC8,KC Chiefs wins by over 7.5 points?,0.3700,0.3800,0.3800,1428.83,1068.40,active,2026-10-06T20:25:00Z,2026-10-02T09:37:33+00:00
KXNFLSPREAD-26OCT04KCLV,KXNFLSPREAD,KXNFLSPREAD-26OCT04KCLV-KC14,KC Chiefs wins by over 13.5 points?,0.2400,0.2500,0.2400,9035.29,6494.95,active,2026-10-06T20:25:00Z,2026-10-02T09:37:33+00:00
KXNFLSPREAD-26OCT04KCLV,KXNFLSPREAD,KXNFLSPREAD-26OCT04KCLV-KC15,KC Chiefs wins by over 14.5 points?,0.2100,0.2200,0.2200,556.82,555.82,active,2026-10-06T20:25:00Z,2026-10-02T09:37:33+00:00
KXNFLSPREAD-26OCT04KCLV,KXNFLSPREAD,KXNFLSPREAD-26OCT04KCLV-LV15,LV Raiders wins by over 14.5 points?,0.0600,0.0700,0.0700,2156.38,1141.83,active,2026-10-06T20:25:00Z,2026-10-02T09:37:33+00:00
KXNFLSPREAD-26OCT04KCLV,KXNFLSPREAD,KXNFLSPREAD-26OCT04KCLV-LV8,LV Raiders wins by over 7.5 points?,0.1300,0.1500,0.1300,756.97,740.50,active,2026-10-06T20:25:00Z,2026-10-02T09:37:33+00:00
KXNFLSPREAD-26OCT04KCLV,KXNFLSPREAD,KXNFLSPREAD-26OCT04KCLV-KC5,KC Chiefs wins by over 4.5 points?,0.4800,0.4900,0.4900,67094.84,44237.46,active,2026-10-06T20:25:00Z,2026-10-02T09:37:33+00:00
KXNFLSPREAD-26OCT04KCLV,KXNFLSPREAD,KXNFLSPREAD-26OCT04KCLV-KC4,KC Chiefs wins by over 3.5 points?,0.5200,0.5300,0.5300,6186.80,5693.95,active,2026-10-06T20:25:00Z,2026-10-02T09:37:33+00:00
KXNFLSPREAD-26OCT04KCLV,KXNFLSPREAD,KXNFLSPREAD-26OCT04KCLV-LV4,LV Raiders wins by over 3.5 points?,0.2200,0.2400,0.2300,6796.64,5701.95,active,2026-10-06T20:25:00Z,2026-10-02T09:37:33+00:00
KXNFLSPREAD-26OCT04KCLV,KXNFLSPREAD,KXNFLSPREAD-26OCT04KCLV-KC6,KC Chiefs wins by over 5.5 points?,0.4600,0.4700,0.4600,14481.86,13437.49,active,2026-10-06T20:25:00Z,2026-10-02T09:37:33+00:00
KXNFLSPREAD-26OCT04KCLV,KXNFLSPREAD,KXNFLSPREAD-26OCT04KCLV-KC2,KC Chiefs wins by over 1.5 points?,0.6200,0.6300,0.6300,2624.70,2499.70,active,2026-10-06T20:25:00Z,2026-10-02T09:37:33+00:00
KXNFLSPREAD-26OCT04KCLV,KXNFLSPREAD,KXNFLSPREAD-26OCT04KCLV-KC3,KC Chiefs wins by over 2.5 points?,0.6000,0.6100,0.6100,2337.05,2284.71,active,2026-10-06T20:25:00Z,2026-10-02T09:37:33+00:00
KXNFLSPREAD-26OCT04KCLV,KXNFLSPREAD,KXNFLSPREAD-26OCT04KCLV-KC7,KC Chiefs wins by over 6.5 points?,0.4100,0.4200,0.4200,14410.01,10588.05,active,2026-10-06T20:25:00Z,2026-10-02T09:37:33+00:00
KXNFLSPREAD-26OCT04KCLV,KXNFLSPREAD,KXNFLSPREAD-26OCT04KCLV-KC10,KC Chiefs wins by over 9.5 points?,0.3300,0.3400,0.3500,13730.03,6646.91,active,2026-10-06T20:25:00Z,2026-10-02T09:37:33+00:00
KXNFLSPREAD-26OCT04KCLV,KXNFLSPREAD,KXNFLSPREAD-26OCT04KCLV-LV7,LV Raiders wins by over 6.5 points?,0.1600,0.1800,0.1800,5881.07,5627.52,active,2026-10-06T20:25:00Z,2026-10-02T09:37:33+00:00
KXNFLSPREAD-26OCT04KCLV,KXNFLSPREAD,KXNFLSPREAD-26OCT04KCLV-LV5,LV Raiders wins by over 4.5 points?,0.2000,0.2200,0.2100,1857.12,867.54,active,2026-10-06T20:25:00Z,2026-10-02T09:37:33+00:00
KXNFLSPREAD-26OCT04KCLV,KXNFLSPREAD,KXNFLSPREAD-26OCT04KCLV-KC11,KC Chiefs wins by over 10.5 points?,0.2800,0.2900,0.3000,33542.18,18321.05,active,2026-10-06T20:25:00Z,2026-10-02T09:37:33+00:00
KXNFLSPREAD-26OCT04KCLV,KXNFLSPREAD,KXNFLSPREAD-26OCT04KCLV-LV3,LV Raiders wins by over 2.5 points?,0.2900,0.3000,0.3100,5518.26,5326.92,active,2026-10-06T20:25:00Z,2026-10-02T09:37:33+00:00
KXNFLSPREAD-26OCT04KCLV,KXNFLSPREAD,KXNFLSPREAD-26OCT04KCLV-KC21,KC Chiefs wins by over 20.5 points?,0.1200,0.1300,0.1200,750.43,509.64,active,2026-10-06T20:25:00Z,2026-10-02T09:37:33+00:00
KXNFLSPREAD-26OCT04LACSEA,KXNFLSPREAD,KXNFLSPREAD-26OCT04LACSEA-SEA11,SEA Seahawks wins by over 10.5 points?,0.3900,0.4000,0.3900,9101.73,8446.91,active,2026-10-06T20:25:00Z,2026-10-02T09:37:33+00:00
KXNFLSPREAD-26OCT04LACSEA,KXNFLSPREAD,KXNFLSPREAD-26OCT04LACSEA-SEA24,SEA Seahawks wins by over 23.5 points?,0.1100,0.1200,0.1300,2106.25,2104.25,active,2026-10-06T20:25:00Z,2026-10-02T09:37:33+00:00
KXNFLSPREAD-26OCT04LACSEA,KXNFLSPREAD,KXNFLSPREAD-26OCT04LACSEA-LAC11,LA Chargers wins by over 10.5 points?,0.0500,0.0700,0.0700,113.23,109.23,active,2026-10-06T20:25:00Z,2026-10-02T09:37:33+00:00
KXNFLSPREAD-26OCT04LACSEA,KXNFLSPREAD,KXNFLSPREAD-26OCT04LACSEA-SEA3,SEA Seahawks wins by over 2.5 points?,0.7000,0.7200,0.7100,977.01,452.01,active,2026-10-06T20:25:00Z,2026-10-02T09:37:33+00:00
KXNFLSPREAD-26OCT04LACSEA,KXNFLSPREAD,KXNFLSPREAD-26OCT04LACSEA-LAC4,LA Chargers wins by over 3.5 points?,0.1500,0.1600,0.1700,1387.55,1088.00,active,2026-10-06T20:25:00Z,2026-10-02T09:37:33+00:00
KXNFLSPREAD-26OCT04LACSEA,KXNFLSPREAD,KXNFLSPREAD-26OCT04LACSEA-LAC15,LA Chargers wins by over 14.5 points?,0.0300,0.0400,0.0000,0.00,0.00,active,2026-10-06T20:25:00Z,2026-10-02T09:37:33+00:00
KXNFLSPREAD-26OCT04LACSEA,KXNFLSPREAD,KXNFLSPREAD-26OCT04LACSEA-LAC5,LA Chargers wins by over 4.5 points?,0.1300,0.1500,0.1500,16407.24,16260.24,active,2026-10-06T20:25:00Z,2026-10-02T09:37:33+00:00
KXNFLSPREAD-26OCT04LACSEA,KXNFLSPREAD,KXNFLSPREAD-26OCT04LACSEA-LAC8,LA Chargers wins by over 7.5 points?,0.0700,0.0900,0.0800,18965.08,18856.00,active,2026-10-06T20:25:00Z,2026-10-02T09:37:33+00:00
KXNFLSPREAD-26OCT04LACSEA,KXNFLSPREAD,KXNFLSPREAD-26OCT04LACSEA-LAC3,LA Chargers wins by over 2.5 points?,0.1900,0.2100,0.2100,5448.14,5299.26,active,2026-10-06T20:25:00Z,2026-10-02T09:37:33+00:00
KXNFLSPREAD-26OCT04LACSEA,KXNFLSPREAD,KXNFLSPREAD-26OCT04LACSEA-SEA28,SEA Seahawks wins by over 27.5 points?,0.0600,0.0800,0.0000,0.00,0.00,active,2026-10-06T20:25:00Z,2026-10-02T09:37:33+00:00
KXNFLSPREAD-26OCT04LACSEA,KXNFLSPREAD,KXNFLSPREAD-26OCT04LACSEA-SEA2,SEA Seahawks wins by over 1.5 points?,0.7300,0.7500,0.7300,1206.72,1206.72,active,2026-10-06T20:25:00Z,2026-10-02T09:37:33+00:00
KXNFLSPREAD-26OCT04LACSEA,KXNFLSPREAD,KXNFLSPREAD-26OCT04LACSEA-SEA17,SEA Seahawks wins by over 16.5 points?,0.2400,0.2600,0.2500,25429.46,24631.64,active,2026-10-06T20:25:00Z,2026-10-02T09:37:33+00:00
KXNFLSPREAD-26OCT04LACSEA,KXNFLSPREAD,KXNFLSPREAD-26OCT04LACSEA-SEA15,SEA Seahawks wins by over 14.5 points?,0.2600,0.2700,0.2700,8396.90,8012.31,active,2026-10-06T20:25:00Z,2026-10-02T09:37:33+00:00
KXNFLSPREAD-26OCT04LACSEA,KXNFLSPREAD,KXNFLSPREAD-26OCT04LACSEA-SEA14,SEA Seahawks wins by over 13.5 points?,0.3200,0.3400,0.3300,621.03,502.56,active,2026-10-06T20:25:00Z,2026-10-02T09:37:33+00:00
KXNFLSPREAD-26OCT04LACSEA,KXNFLSPREAD,KXNFLSPREAD-26OCT04LACSEA-SEA18,SEA Seahawks wins by over 17.5 points?,0.2100,0.2300,0.2200,329.14,167.14,active,2026-10-06T20:25:00Z,2026-10-02T09:37:33+00:00
KXNFLSPREAD-26OCT04LACSEA,KXNFLSPREAD,KXNFLSPREAD-26OCT04LACSEA-SEA4,SEA Seahawks wins by over 3.5 points?,0.6200,0.6300,0.6200,35126.87,35035.54,active,2026-10-06T20:25:00Z,2026-10-02T09:37:33+00:00
KXNFLSPREAD-26OCT04LACSEA,KXNFLSPREAD,KXNFLSPREAD-26OCT04LACSEA-LAC10,LA Chargers wins by over 9.5 points?,0.0600,0.0800,0.0700,820.18,767.00,active,2026-10-06T20:25:00Z,2026-10-02T09:37:33+00:00
KXNFLSPREAD-26OCT04LACSEA,KXNFLSPREAD,KXNFLSPREAD-26OCT04LACSEA-LAC6,LA Chargers wins by over 5.5 points?,0.1200,0.1300,0.1400,250.37,235.37,active,2026-10-06T20:25:00Z,2026-10-02T09:37:33+00:00
KXNFLSPREAD-26OCT04LACSEA,KXNFLSPREAD,KXNFLSPREAD-26OCT04LACSEA-LAC2,LA Chargers wins by over 1.5 points?,0.2100,0.2300,0.2200,7223.13,6958.02,active,2026-10-06T20:25:00Z,2026-10-02T09:37:33+00:00
KXNFLSPREAD-26OCT04LACSEA,KXNFLSPREAD,KXNFLSPREAD-26OCT04LACSEA-SEA8,SEA Seahawks wins by over 7.5 points?,0.4700,0.4800,0.4700,22240.71,19574.75,active,2026-10-06T20:25:00Z,2026-10-02T09:37:33+00:00
KXNFLSPREAD-26OCT04LACSEA,KXNFLSPREAD,KXNFLSPREAD-26OCT04LACSEA-LAC14,LA Chargers wins by over 13.5 points?,0.0300,0.0400,0.0700,42.00,42.00,active,2026-10-06T20:25:00Z,2026-10-02T09:37:33+00:00
KXNFLSPREAD-26OCT04LACSEA,KXNFLSPREAD,KXNFLSPREAD-26OCT04LACSEA-SEA10,SEA Seahawks wins by over 9.5 points?,0.4300,0.4400,0.4400,8582.41,8421.16,active,2026-10-06T20:25:00Z,2026-10-02T09:37:33+00:00
KXNFLSPREAD-26OCT04LACSEA,KXNFLSPREAD,KXNFLSPREAD-26OCT04LACSEA-SEA5,SEA Seahawks wins by over 4.5 points?,0.5900,0.6100,0.5900,8.94,6.94,active,2026-10-06T20:25:00Z,2026-10-02T09:37:33+00:00
KXNFLSPREAD-26OCT04LACSEA,KXNFLSPREAD,KXNFLSPREAD-26OCT04LACSEA-SEA6,SEA Seahawks wins by over 5.5 points?,0.5800,0.6000,0.6000,3269.24,3245.82,active,2026-10-06T20:25:00Z,2026-10-02T09:37:33+00:00
KXNFLSPREAD-26OCT04LACSEA,KXNFLSPREAD,KXNFLSPREAD-26OCT04LACSEA-SEA7,SEA Seahawks wins by over 6.5 points?,0.5400,0.5500,0.5500,19792.51,19440.18,active,2026-10-06T20:25:00Z,2026-10-02T09:37:33+00:00
KXNFLSPREAD-26OCT04LACSEA,KXNFLSPREAD,KXNFLSPREAD-26OCT04LACSEA-LAC7,LA Chargers wins by over 6.5 points?,0.1000,0.1200,0.1200,19449.49,19246.49,active,2026-10-06T20:25:00Z,2026-10-02T09:37:33+00:00
KXNFLSPREAD-26OCT04LACSEA,KXNFLSPREAD,KXNFLSPREAD-26OCT04LACSEA-SEA21,SEA Seahawks wins by over 20.5 points?,0.1500,0.1700,0.1700,977.22,951.22,active,2026-10-06T20:25:00Z,2026-10-02T09:37:33+00:00
KXNFLSPREAD-26OCT04LARPHI,KXNFLSPREAD,KXNFLSPREAD-26OCT04LARPHI-PHI3,PHI Eagles wins by over 2.5 points?,0.3200,0.3300,0.3200,17015.98,5198.28,active,2026-10-06T17:00:00Z,2026-10-02T09:37:33+00:00
KXNFLSPREAD-26OCT04LARPHI,KXNFLSPREAD,KXNFLSPREAD-26OCT04LARPHI-PHI11,PHI Eagles wins by over 10.5 points?,0.1100,0.1200,0.1100,136.00,136.00,active,2026-10-06T17:00:00Z,2026-10-02T09:37:33+00:00
KXNFLSPREAD-26OCT04LARPHI,KXNFLSPREAD,KXNFLSPREAD-26OCT04LARPHI-LAR21,LA Rams wins by over 20.5 points?,0.1000,0.1100,0.1100,64486.07,45040.55,active,2026-10-06T17:00:00Z,2026-10-02T09:37:33+00:00
KXNFLSPREAD-26OCT04LARPHI,KXNFLSPREAD,KXNFLSPREAD-26OCT04LARPHI-PHI10,PHI Eagles wins by over 9.5 points?,0.1200,0.1400,0.1200,5910.00,5758.00,active,2026-10-06T17:00:00Z,2026-10-02T09:37:33+00:00
KXNFLSPREAD-26OCT04LARPHI,KXNFLSPREAD,KXNFLSPREAD-26OCT04LARPHI-LAR6,LA Rams wins by over 5.5 points?,0.4400,0.4500,0.4500,871.30,749.24,active,2026-10-06T17:00:00Z,2026-10-02T09:37:33+00:00
KXNFLSPREAD-26OCT04LARPHI,KXNFLSPREAD,KXNFLSPREAD-26OCT04LARPHI-LAR18,LA Rams wins by over 17.5 points?,0.1400,0.1500,0.1400,39389.31,23989.77,active,2026-10-06T17:00:00Z,2026-10-02T09:37:33+00:00
KXNFLSPREAD-26OCT04LARPHI,KXNFLSPREAD,KXNFLSPREAD-26OCT04LARPHI-LAR14,LA Rams wins by over 13.5 points?,0.2200,0.2400,0.2400,52461.95,49018.71,active,2026-10-06T17:00:00Z,2026-10-02T09:37:33+00:00
KXNFLSPREAD-26OCT04LARPHI,KXNFLSPREAD,KXNFLSPREAD-26OCT04LARPHI-PHI14,PHI Eagles wins by over 13.5 points?,0.0900,0.1000,0.1100,115.00,115.00,active,2026-10-06T17:00:00Z,2026-10-02T09:37:33+00:00
KXNFLSPREAD-26OCT04LARPHI,KXNFLSPREAD,KXNFLSPREAD-26OCT04LARPHI-LAR15,LA Rams wins by over 14.5 points?,0.1900,0.2200,0.1900,46269.30,39120.92,active,2026-10-06T17:00:00Z,2026-10-02T09:37:33+00:00
KXNFLSPREAD-26OCT04LARPHI,KXNFLSPREAD,KXNFLSPREAD-26OCT04LARPHI-PHI15,PHI Eagles wins by over 14.5 points?,0.0600,0.0800,0.0700,11.58,11.58,active,2026-10-06T17:00:00Z,2026-10-02T09:37:33+00:00
KXNFLSPREAD-26OCT04LARPHI,KXNFLSPREAD,KXNFLSPREAD-26OCT04LARPHI-PHI8,PHI Eagles wins by over 7.5 points?,0.1500,0.1700,0.1500,12833.81,12802.52,active,2026-10-06T17:00:00Z,2026-10-02T09:37:33+00:00
KXNFLSPREAD-26OCT04LARPHI,KXNFLSPREAD,KXNFLSPREAD-26OCT04LARPHI-PHI7,PHI Eagles wins by over 6.5 points?,0.1800,0.2000,0.2200,2516.13,2493.13,active,2026-10-06T17:00:00Z,2026-10-02T09:37:33+00:00
KXNFLSPREAD-26OCT04LARPHI,KXNFLSPREAD,KXNFLSPREAD-26OCT04LARPHI-LAR17,LA Rams wins by over 16.5 points?,0.1600,0.1800,0.1700,17954.20,10026.53,active,2026-10-06T17:00:00Z,2026-10-02T09:37:33+00:00
KXNFLSPREAD-26OCT04LARPHI,KXNFLSPREAD,KXNFLSPREAD-26OCT04LARPHI-LAR8,LA Rams wins by over 7.5 points?,0.3500,0.3600,0.3500,34273.44,21670.17,active,2026-10-06T17:00:00Z,2026-10-02T09:37:33+00:00
KXNFLSPREAD-26OCT04LARPHI,KXNFLSPREAD,KXNFLSPREAD-26OCT04LARPHI-PHI4,PHI Eagles wins by over 3.5 points?,0.2500,0.2600,0.2700,39546.53,26978.08,active,2026-10-06T17:00:00Z,2026-10-02T09:37:33+00:00
KXNFLSPREAD-26OCT04LARPHI,KXNFLSPREAD,KXNFLSPREAD-26OCT04LARPHI-LAR4,LA Rams wins by over 3.5 points?,0.5000,0.5100,0.5100,73358.53,56469.89,active,2026-10-06T17:00:00Z,2026-10-02T09:37:33+00:00
KXNFLSPREAD-26OCT04LARPHI,KXNFLSPREAD,KXNFLSPREAD-26OCT04LARPHI-LAR5,LA Rams wins by over 4.5 points?,0.4600,0.4700,0.4700,5458.29,2723.90,active,2026-10-06T17:00:00Z,2026-10-02T09:37:33+00:00
KXNFLSPREAD-26OCT04LARPHI,KXNFLSPREAD,KXNFLSPREAD-26OCT04LARPHI-PHI6,PHI Eagles wins by over 5.5 points?,0.2100,0.2300,0.2300,3295.00,3232.55,active,2026-10-06T17:00:00Z,2026-10-02T09:37:33+00:00
KXNFLSPREAD-26OCT04LARPHI,KXNFLSPREAD,KXNFLSPREAD-26OCT04LARPHI-LAR3,LA Rams wins by over 2.5 points?,0.6000,0.6100,0.6100,74326.54,48521.67,active,2026-10-06T17:00:00Z,2026-10-02T09:37:33+00:00
KXNFLSPREAD-26OCT04LARPHI,KXNFLSPREAD,KXNFLSPREAD-26OCT04LARPHI-PHI2,PHI Eagles wins by over 1.5 points?,0.3400,0.3500,0.3500,5346.95,4963.95,active,2026-10-06T17:00:00Z,2026-10-02T09:37:33+00:00
KXNFLSPREAD-26OCT04LARPHI,KXNFLSPREAD,KXNFLSPREAD-26OCT04LARPHI-LAR10,LA Rams wins by over 9.5 points?,0.3100,0.3200,0.3100,26057.79,18222.29,active,2026-10-06T17:00:00Z,2026-10-02T09:37:33+00:00
KXNFLSPREAD-26OCT04LARPHI,KXNFLSPREAD,KXNFLSPREAD-26OCT04LARPHI-LAR11,LA Rams wins by over 10.5 points?,0.2800,0.2900,0.2900,19584.75,13309.85,active,2026-10-06T17:00:00Z,2026-10-02T09:37:33+00:00
KXNFLSPREAD-26OCT04LARPHI,KXNFLSPREAD,KXNFLSPREAD-26OCT04LARPHI-LAR7,LA Rams wins by over 6.5 points?,0.4100,0.4200,0.4200,35294.67,32806.08,active,2026-10-06T17:00:00Z,2026-10-02T09:37:33+00:00
KXNFLSPREAD-26OCT04LARPHI,KXNFLSPREAD,KXNFLSPREAD-26OCT04LARPHI-LAR2,LA Rams wins by over 1.5 points?,0.6100,0.6200,0.6100,19418.30,18461.37,active,2026-10-06T17:00:00Z,2026-10-02T09:37:33+00:00
KXNFLSPREAD-26OCT04LARPHI,KXNFLSPREAD,KXNFLSPREAD-26OCT04LARPHI-PHI5,PHI Eagles wins by over 4.5 points?,0.2200,0.2400,0.2300,32142.29,26059.99,active,2026-10-06T17:00:00Z,2026-10-02T09:37:33+00:00
KXNFLSPREAD-26OCT04MIAMIN,KXNFLSPREAD,KXNFLSPREAD-26OCT04MIAMIN-MIN3,MIN Vikings wins by over 2.5 points?,0.7900,0.8000,0.8100,2630.07,2130.07,active,2026-10-06T20:05:00Z,2026-10-02T09:37:33+00:00
KXNFLSPREAD-26OCT04MIAMIN,KXNFLSPREAD,KXNFLSPREAD-26OCT04MIAMIN-MIN4,MIN Vikings wins by over 3.5 points?,0.7200,0.7300,0.7300,72072.11,65275.24,active,2026-10-06T20:05:00Z,2026-10-02T09:37:33+00:00
KXNFLSPREAD-26OCT04MIAMIN,KXNFLSPREAD,KXNFLSPREAD-26OCT04MIAMIN-MIN28,MIN Vikings wins by over 27.5 points?,0.0900,0.1100,0.1100,23784.04,22979.04,active,2026-10-06T20:05:00Z,2026-10-02T09:37:33+00:00
KXNFLSPREAD-26OCT04MIAMIN,KXNFLSPREAD,KXNFLSPREAD-26OCT04MIAMIN-MIA4,MIA Dolphins wins by over 3.5 points?,0.1100,0.1200,0.1200,149.74,149.74,active,2026-10-06T20:05:00Z,2026-10-02T09:37:33+00:00
KXNFLSPREAD-26OCT04MIAMIN,KXNFLSPREAD,KXNFLSPREAD-26OCT04MIAMIN-MIN31,MIN Vikings wins by over 30.5 points?,0.0600,0.0800,0.0700,19200.63,19005.40,active,2026-10-06T20:05:00Z,2026-10-02T09:37:33+00:00
KXNFLSPREAD-26OCT04MIAMIN,KXNFLSPREAD,KXNFLSPREAD-26OCT04MIAMIN-MIN18,MIN Vikings wins by over 17.5 points?,0.2900,0.3000,0.3000,10390.83,7544.71,active,2026-10-06T20:05:00Z,2026-10-02T09:37:33+00:00
KXNFLSPREAD-26OCT04MIAMIN,KXNFLSPREAD,KXNFLSPREAD-26OCT04MIAMIN-MIN2,MIN Vikings wins by over 1.5 points?,0.8100,0.8300,0.8300,394.00,174.00,active,2026-10-06T20:05:00Z,2026-10-02T09:37:33+00:00
KXNFLSPREAD-26OCT04MIAMIN,KXNFLSPREAD,KXNFLSPREAD-26OCT04MIAMIN-MIA8,MIA Dolphins wins by over 7.5 points?,0.0500,0.0600,0.0600,4158.35,4155.32,active,2026-10-06T20:05:00Z,2026-10-02T09:37:33+00:00
KXNFLSPREAD-26OCT04MIAMIN,KXNFLSPREAD,KXNFLSPREAD-26OCT04MIAMIN-MIN15,MIN Vikings wins by over 14.5 points?,0.3800,0.3900,0.3900,2777.12,2267.51,active,2026-10-06T20:05:00Z,2026-10-02T09:37:33+00:00
KXNFLSPREAD-26OCT04MIAMIN,KXNFLSPREAD,KXNFLSPREAD-26OCT04MIAMIN-MIA3,MIA Dolphins wins by over 2.5 points?,0.1300,0.1500,0.1500,74.85,74.85,active,2026-10-06T20:05:00Z,2026-10-02T09:37:33+00:00
KXNFLSPREAD-26OCT04MIAMIN,KXNFLSPREAD,KXNFLSPREAD-26OCT04MIAMIN-MIA10,MIA Dolphins wins by over 9.5 points?,0.0400,0.0500,0.0600,138.23,137.23,active,2026-10-06T20:05:00Z,2026-10-02T09:37:33+00:00
KXNFLSPREAD-26OCT04MIAMIN,KXNFLSPREAD,KXNFLSPREAD-26OCT04MIAMIN-MIA2,MIA Dolphins wins by over 1.5 points?,0.1400,0.1600,0.1700,2695.39,2695.39,active,2026-10-06T20:05:00Z,2026-10-02T09:37:33+00:00
KXNFLSPREAD-26OCT04MIAMIN,KXNFLSPREAD,KXNFLSPREAD-26OCT04MIAMIN-MIN5,MIN Vikings wins by over 4.5 points?,0.7000,0.7100,0.7200,14014.85,13816.68,active,2026-10-06T20:05:00Z,2026-10-02T09:37:33+00:00
KXNFLSPREAD-26OCT04MIAMIN,KXNFLSPREAD,KXNFLSPREAD-26OCT04MIAMIN-MIN21,MIN Vikings wins by over 20.5 points?,0.2300,0.2500,0.2200,26772.55,10730.94,active,2026-10-06T20:05:00Z,2026-10-02T09:37:33+00:00
KXNFLSPREAD-26OCT04MIAMIN,KXNFLSPREAD,KXNFLSPREAD-26OCT04MIAMIN-MIA7,MIA Dolphins wins by over 6.5 points?,0.0700,0.0800,0.0800,3160.71,3160.71,active,2026-10-06T20:05:00Z,2026-10-02T09:37:33+00:00
KXNFLSPREAD-26OCT04MIAMIN,KXNFLSPREAD,KXNFLSPREAD-26OCT04MIAMIN-MIN6,MIN Vikings wins by over 5.5 points?,0.6900,0.7000,0.6900,10117.68,6910.65,active,2026-10-06T20:05:00Z,2026-10-02T09:37:33+00:00
KXNFLSPREAD-26OCT04MIAMIN,KXNFLSPREAD,KXNFLSPREAD-26OCT04MIAMIN-MIN8,MIN Vikings wins by over 7.5 points?,0.5800,0.6000,0.5900,7464.48,7221.26,active,2026-10-06T20:05:00Z,2026-10-02T09:37:33+00:00
KXNFLSPREAD-26OCT04MIAMIN,KXNFLSPREAD,KXNFLSPREAD-26OCT04MIAMIN-MIN24,MIN Vikings wins by over 23.5 points?,0.1800,0.1900,0.1800,67390.80,56113.06,active,2026-10-06T20:05:00Z,2026-10-02T09:37:33+00:00
KXNFLSPREAD-26OCT04MIAMIN,KXNFLSPREAD,KXNFLSPREAD-26OCT04MIAMIN-MIN7,MIN Vikings wins by over 6.5 points?,0.6400,0.6600,0.6600,15563.74,15362.98,active,2026-10-06T20:05:00Z,2026-10-02T09:37:33+00:00
KXNFLSPREAD-26OCT04MIAMIN,KXNFLSPREAD,KXNFLSPREAD-26OCT04MIAMIN-MIN10,MIN Vikings wins by over 9.5 points?,0.5400,0.5500,0.5400,12798.34,9924.68,active,2026-10-06T20:05:00Z,2026-10-02T09:37:33+00:00
KXNFLSPREAD-26OCT04MIAMIN,KXNFLSPREAD,KXNFLSPREAD-26OCT04MIAMIN-MIN11,MIN Vikings wins by over 10.5 points?,0.4800,0.4900,0.4800,30480.72,27263.00,active,2026-10-06T20:05:00Z,2026-10-02T09:37:33+00:00
KXNFLSPREAD-26OCT04MIAMIN,KXNFLSPREAD,KXNFLSPREAD-26OCT04MIAMIN-MIN17,MIN Vikings wins by over 16.5 points?,0.3400,0.3600,0.3600,7470.03,2571.01,active,2026-10-06T20:05:00Z,2026-10-02T09:37:33+00:00
KXNFLSPREAD-26OCT04MIAMIN,KXNFLSPREAD,KXNFLSPREAD-26OCT04MIAMIN-MIA11,MIA Dolphins wins by over 10.5 points?,0.0300,0.0500,0.0300,110.96,110.96,active,2026-10-06T20:05:00Z,2026-10-02T09:37:33+00:00
KXNFLSPREAD-26OCT04MIAMIN,KXNFLSPREAD,KXNFLSPREAD-26OCT04MIAMIN-MIN14,MIN Vikings wins by over 13.5 points?,0.4100,0.4200,0.4100,7100.25,6214.98,active,2026-10-06T20:05:00Z,2026-10-02T09:37:33+00:00
KXNFLSPREAD-26OCT04MIAMIN,KXNFLSPREAD,KXNFLSPREAD-26OCT04MIAMIN-MIA5,MIA Dolphins wins by over 4.5 points?,0.0800,0.1000,0.0000,0.00,0.00,active,2026-10-06T20:05:00Z,2026-10-02T09:37:33+00:00
KXNFLSPREAD-26OCT04MIAMIN,KXNFLSPREAD,KXNFLSPREAD-26OCT04MIAMIN-MIA6,MIA Dolphins wins by over 5.5 points?,0.0800,0.0900,0.1000,220.09,220.09,active,2026-10-06T20:05:00Z,2026-10-02T09:37:33+00:00
KXNFLSPREAD-26OCT04NEBUF,KXNFLSPREAD,KXNFLSPREAD-26OCT04NEBUF-NE6,NE Patriots wins by over 5.5 points?,0.1300,0.1500,0.1400,95.00,60.00,active,2026-10-06T17:00:00Z,2026-10-02T09:37:33+00:00
KXNFLSPREAD-26OCT04NEBUF,KXNFLSPREAD,KXNFLSPREAD-26OCT04NEBUF-NE8,NE Patriots wins by over 7.5 points?,0.0900,0.1000,0.1000,406.53,406.43,active,2026-10-06T17:00:00Z,2026-10-02T09:37:33+00:00
KXNFLSPREAD-26OCT04NEBUF,KXNFLSPREAD,KXNFLSPREAD-26OCT04NEBUF-BUF17,BUF Bills wins by over 16.5 points?,0.2300,0.2400,0.2300,3394.68,3386.39,active,2026-10-06T17:00:00Z,2026-10-02T09:37:33+00:00
KXNFLSPREAD-26OCT04NEBUF,KXNFLSPREAD,KXNFLSPREAD-26OCT04NEBUF-NE7,NE Patriots wins by over 6.5 points?,0.1100,0.1200,0.1300,228.10,228.10,active,2026-10-06T17:00:00Z,2026-10-02T09:37:33+00:00
KXNFLSPREAD-26OCT04NEBUF,KXNFLSPREAD,KXNFLSPREAD-26OCT04NEBUF-BUF2,BUF Bills wins by over 1.5 points?,0.7100,0.7200,0.7200,5116.13,3853.17,active,2026-10-06T17:00:00Z,2026-10-02T09:37:33+00:00
KXNFLSPREAD-26OCT04NEBUF,KXNFLSPREAD,KXNFLSPREAD-26OCT04NEBUF-BUF4,BUF Bills wins by over 3.5 points?,0.6100,0.6200,0.6200,2204.81,2037.25,active,2026-10-06T17:00:00Z,2026-10-02T09:37:33+00:00
KXNFLSPREAD-26OCT04NEBUF,KXNFLSPREAD,KXNFLSPREAD-26OCT04NEBUF-NE2,NE Patriots wins by over 1.5 points?,0.2300,0.2500,0.2500,904.03,807.03,active,2026-10-06T17:00:00Z,2026-10-02T09:37:33+00:00
KXNFLSPREAD-26OCT04NEBUF,KXNFLSPREAD,KXNFLSPREAD-26OCT04NEBUF-NE4,NE Patriots wins by over 3.5 points?,0.1700,0.1800,0.1800,2635.99,2557.10,active,2026-10-06T17:00:00Z,2026-10-02T09:37:33+00:00
KXNFLSPREAD-26OCT04NEBUF,KXNFLSPREAD,KXNFLSPREAD-26OCT04NEBUF-NE11,NE Patriots wins by over 10.5 points?,0.0600,0.0800,0.0600,4400.00,4400.00,active,2026-10-06T17:00:00Z,2026-10-02T09:37:33+00:00
KXNFLSPREAD-26OCT04NEBUF,KXNFLSPREAD,KXNFLSPREAD-26OCT04NEBUF-BUF15,BUF Bills wins by over 14.5 points?,0.2500,0.2600,0.2600,4613.12,4514.91,active,2026-10-06T17:00:00Z,2026-10-02T09:37:33+00:00
KXNFLSPREAD-26OCT04NEBUF,KXNFLSPREAD,KXNFLSPREAD-26OCT04NEBUF-BUF11,BUF Bills wins by over 10.5 points?,0.3700,0.3800,0.3800,9386.60,8525.96,active,2026-10-06T17:00:00Z,2026-10-02T09:37:33+00:00
KXNFLSPREAD-26OCT04NEBUF,KXNFLSPREAD,KXNFLSPREAD-26OCT04NEBUF-BUF3,BUF Bills wins by over 2.5 points?,0.7000,0.7100,0.7100,24797.77,24336.30,active,2026-10-06T17:00:00Z,2026-10-02T09:37:33+00:00
KXNFLSPREAD-26OCT04NEBUF,KXNFLSPREAD,KXNFLSPREAD-26OCT04NEBUF-NE3,NE Patriots wins by over 2.5 points?,0.2100,0.2300,0.2300,369.67,322.20,active,2026-10-06T17:00:00Z,2026-10-02T09:37:33+00:00
KXNFLSPREAD-26OCT04NEBUF,KXNFLSPREAD,KXNFLSPREAD-26OCT04NEBUF-BUF14,BUF Bills wins by over 13.5 points?,0.3000,0.3200,0.3200,4148.27,4073.27,active,2026-10-06T17:00:00Z,2026-10-02T09:37:33+00:00
KXNFLSPREAD-26OCT04NEBUF,KXNFLSPREAD,KXNFLSPREAD-26OCT04NEBUF-BUF21,BUF Bills wins by over 20.5 points?,0.1600,0.1800,0.1600,23662.95,19427.14,active,2026-10-06T17:00:00Z,2026-10-02T09:37:33+00:00
KXNFLSPREAD-26OCT04NEBUF,KXNFLSPREAD,KXNFLSPREAD-26OCT04NEBUF-BUF24,BUF Bills wins by over 23.5 points?,0.1100,0.1300,0.1200,23459.66,19276.58,active,2026-10-06T17:00:00Z,2026-10-02T09:37:33+00:00
KXNFLSPREAD-26OCT04NEBUF,KXNFLSPREAD,KXNFLSPREAD-26OCT04NEBUF-NE14,NE Patriots wins by over 13.5 points?,0.0400,0.0500,0.0500,3112.68,2256.66,active,2026-10-06T17:00:00Z,2026-10-02T09:37:33+00:00
KXNFLSPREAD-26OCT04NEBUF,KXNFLSPREAD,KXNFLSPREAD-26OCT04NEBUF-BUF18,BUF Bills wins by over 17.5 points?,0.2100,0.2200,0.2100,11326.58,5517.27,active,2026-10-06T17:00:00Z,2026-10-02T09:37:33+00:00
KXNFLSPREAD-26OCT04NEBUF,KXNFLSPREAD,KXNFLSPREAD-26OCT04NEBUF-NE15,NE Patriots wins by over 14.5 points?,0.0300,0.0400,0.0400,1119.60,921.37,active,2026-10-06T17:00:00Z,2026-10-02T09:37:33+00:00
KXNFLSPREAD-26OCT04NEBUF,KXNFLSPREAD,KXNFLSPREAD-26OCT04NEBUF-BUF10,BUF Bills wins by over 9.5 points?,0.4000,0.4200,0.4200,4663.05,4310.89,active,2026-10-06T17:00:00Z,2026-10-02T09:37:33+00:00
KXNFLSPREAD-26OCT04NEBUF,KXNFLSPREAD,KXNFLSPREAD-26OCT04NEBUF-BUF8,BUF Bills wins by over 7.5 points?,0.4400,0.4500,0.4400,22976.99,16025.27,active,2026-10-06T17:00:00Z,2026-10-02T09:37:33+00:00
KXNFLSPREAD-26OCT04NEBUF,KXNFLSPREAD,KXNFLSPREAD-26OCT04NEBUF-NE5,NE Patriots wins by over 4.5 points?,0.1400,0.1600,0.1000,419.00,419.00,active,2026-10-06T17:00:00Z,2026-10-02T09:37:33+00:00
KXNFLSPREAD-26OCT04NEBUF,KXNFLSPREAD,KXNFLSPREAD-26OCT04NEBUF-NE10,NE Patriots wins by over 9.5 points?,0.0600,0.0800,0.0800,58.71,58.71,active,2026-10-06T17:00:00Z,2026-10-02T09:37:33+00:00
KXNFLSPREAD-26OCT04NEBUF,KXNFLSPREAD,KXNFLSPREAD-26OCT04NEBUF-BUF7,BUF Bills wins by over 6.5 points?,0.5100,0.5200,0.5200,148325.02,141867.42,active,2026-10-06T17:00:00Z,2026-10-02T09:37:33+00:00
KXNFLSPREAD-26OCT04NEBUF,KXNFLSPREAD,KXNFLSPREAD-26OCT04NEBUF-BUF5,BUF Bills wins by over 4.5 points?,0.5800,0.5900,0.5900,501.79,501.79,active,2026-10-06T17:00:00Z,2026-10-02T09:37:33+00:00
KXNFLSPREAD-26OCT04NEBUF,KXNFLSPREAD,KXNFLSPREAD-26OCT04NEBUF-BUF6,BUF Bills wins by over 5.5 points?,0.5500,0.5700,0.5600,1404.17,1344.17,active,2026-10-06T17:00:00Z,2026-10-02T09:37:33+00:00
KXNFLSPREAD-26OCT04NEBUF,KXNFLSPREAD,KXNFLSPREAD-26OCT04NEBUF-BUF28,BUF Bills wins by over 27.5 points?,0.0600,0.0800,0.0700,24267.55,19725.73,active,2026-10-06T17:00:00Z,2026-10-02T09:37:33+00:00
KXNFLSPREAD-26OCT04NYJCHI,KXNFLSPREAD,KXNFLSPREAD-26OCT04NYJCHI-CHI6,CHI Bears wins by over 5.5 points?,0.4300,0.4400,0.4300,10710.13,5474.78,active,2026-10-06T17:00:00Z,2026-10-02T09:37:33+00:00
KXNFLSPREAD-26OCT04NYJCHI,KXNFLSPREAD,KXNFLSPREAD-26OCT04NYJCHI-NYJ7,NY Jets wins by over 6.5 points?,0.1900,0.2000,0.1900,2566.99,1857.99,active,2026-10-06T17:00:00Z,2026-10-02T09:37:33+00:00
KXNFLSPREAD-26OCT04NYJCHI,KXNFLSPREAD,KXNFLSPREAD-26OCT04NYJCHI-NYJ14,NY Jets wins by over 13.5 points?,0.0800,0.1000,0.0900,51.00,51.00,active,2026-10-06T17:00:00Z,2026-10-02T09:37:33+00:00
KXNFLSPREAD-26OCT04NYJCHI,KXNFLSPREAD,KXNFLSPREAD-26OCT04NYJCHI-CHI18,CHI Bears wins by over 17.5 points?,0.1300,0.1500,0.1300,2758.42,2577.51,active,2026-10-06T17:00:00Z,2026-10-02T09:37:33+00:00
KXNFLSPREAD-26OCT04NYJCHI,KXNFLSPREAD,KXNFLSPREAD-26OCT04NYJCHI-NYJ10,NY Jets wins by over 9.5 points?,0.1300,0.1400,0.1400,2213.94,2010.00,active,2026-10-06T17:00:00Z,2026-10-02T09:37:33+00:00
KXNFLSPREAD-26OCT04NYJCHI,KXNFLSPREAD,KXNFLSPREAD-26OCT04NYJCHI-CHI2,CHI Bears wins by over 1.5 points?,0.5900,0.6000,0.6000,11932.51,11910.37,active,2026-10-06T17:00:00Z,2026-10-02T09:37:33+00:00
KXNFLSPREAD-26OCT04NYJCHI,KXNFLSPREAD,KXNFLSPREAD-26OCT04NYJCHI-CHI14,CHI Bears wins by over 13.5 points?,0.2000,0.2100,0.2100,9963.58,6259.83,active,2026-10-06T17:00:00Z,2026-10-02T09:37:33+00:00
KXNFLSPREAD-26OCT04NYJCHI,KXNFLSPREAD,KXNFLSPREAD-26OCT04NYJCHI-NYJ5,NY Jets wins by over 4.5 points?,0.2300,0.2500,0.2400,5937.00,5926.00,active,2026-10-06T17:00:00Z,2026-10-02T09:37:33+00:00
KXNFLSPREAD-26OCT04NYJCHI,KXNFLSPREAD,KXNFLSPREAD-26OCT04NYJCHI-NYJ11,NY Jets wins by over 10.5 points?,0.1000,0.1100,0.1000,147.85,147.85,active,2026-10-06T17:00:00Z,2026-10-02T09:37:33+00:00
KXNFLSPREAD-26OCT04NYJCHI,KXNFLSPREAD,KXNFLSPREAD-26OCT04NYJCHI-CHI17,CHI Bears wins by over 16.5 points?,0.1500,0.1700,0.1600,19540.06,5632.71,active,2026-10-06T17:00:00Z,2026-10-02T09:37:33+00:00
KXNFLSPREAD-26OCT04NYJCHI,KXNFLSPREAD,KXNFLSPREAD-26OCT04NYJCHI-CHI10,CHI Bears wins by over 9.5 points?,0.2800,0.3000,0.3000,15442.31,7395.00,active,2026-10-06T17:00:00Z,2026-10-02T09:37:33+00:00
KXNFLSPREAD-26OCT04NYJCHI,KXNFLSPREAD,KXNFLSPREAD-26OCT04NYJCHI-CHI11,CHI Bears wins by over 10.5 points?,0.2500,0.2600,0.2500,17151.82,16049.41,active,2026-10-06T17:00:00Z,2026-10-02T09:37:33+00:00
KXNFLSPREAD-26OCT04NYJCHI,KXNFLSPREAD,KXNFLSPREAD-26OCT04NYJCHI-CHI8,CHI Bears wins by over 7.5 points?,0.3300,0.3400,0.3400,50991.03,47261.33,active,2026-10-06T17:00:00Z,2026-10-02T09:37:33+00:00
KXNFLSPREAD-26OCT04NYJCHI,KXNFLSPREAD,KXNFLSPREAD-26OCT04NYJCHI-CHI21,CHI Bears wins by over 20.5 points?,0.0900,0.1100,0.1100,1743.63,1345.63,active,2026-10-06T17:00:00Z,2026-10-02T09:37:33+00:00
KXNFLSPREAD-26OCT04NYJCHI,KXNFLSPREAD,KXNFLSPREAD-26OCT04NYJCHI-NYJ8,NY Jets wins by over 7.5 points?,0.1500,0.1700,0.1500,3098.16,2990.16,active,2026-10-06T17:00:00Z,2026-10-02T09:37:33+00:00
KXNFLSPREAD-26OCT04NYJCHI,KXNFLSPREAD,KXNFLSPREAD-26OCT04NYJCHI-NYJ15,NY Jets wins by over 14.5 points?,0.0600,0.0800,0.0600,26.05,26.05,active,2026-10-06T17:00:00Z,2026-10-02T09:37:33+00:00
KXNFLSPREAD-26OCT04NYJCHI,KXNFLSPREAD,KXNFLSPREAD-26OCT04NYJCHI-NYJ6,NY Jets wins by over 5.5 points?,0.2100,0.2200,0.2200,4989.70,4392.71,active,2026-10-06T17:00:00Z,2026-10-02T09:37:33+00:00
KXNFLSPREAD-26OCT04NYJCHI,KXNFLSPREAD,KXNFLSPREAD-26OCT04NYJCHI-NYJ4,NY Jets wins by over 3.5 points?,0.2600,0.2800,0.2700,1343.75,1318.75,active,2026-10-06T17:00:00Z,2026-10-02T09:37:33+00:00
KXNFLSPREAD-26OCT04NYJCHI,KXNFLSPREAD,KXNFLSPREAD-26OCT04NYJCHI-CHI4,CHI Bears wins by over 3.5 points?,0.4800,0.4900,0.4800,31506.30,26560.65,active,2026-10-06T17:00:00Z,2026-10-02T09:37:33+00:00
KXNFLSPREAD-26OCT04NYJCHI,KXNFLSPREAD,KXNFLSPREAD-26OCT04NYJCHI-CHI3,CHI Bears wins by over 2.5 points?,0.5700,0.5800,0.5800,14714.27,14168.69,active,2026-10-06T17:00:00Z,2026-10-02T09:37:33+00:00
KXNFLSPREAD-26OCT04NYJCHI,KXNFLSPREAD,KXNFLSPREAD-26OCT04NYJCHI-NYJ3,NY Jets wins by over 2.5 points?,0.3200,0.3300,0.3300,15447.24,15090.36,active,2026-10-06T17:00:00Z,2026-10-02T09:37:33+00:00
KXNFLSPREAD-26OCT04NYJCHI,KXNFLSPREAD,KXNFLSPREAD-26OCT04NYJCHI-NYJ2,NY Jets wins by over 1.5 points?,0.3500,0.3700,0.3600,3248.65,3196.00,active,2026-10-06T17:00:00Z,2026-10-02T09:37:33+00:00
KXNFLSPREAD-26OCT04NYJCHI,KXNFLSPREAD,KXNFLSPREAD-26OCT04NYJCHI-CHI7,CHI Bears wins by over 6.5 points?,0.3900,0.4000,0.4100,145750.15,129894.12,active,2026-10-06T17:00:00Z,2026-10-02T09:37:33+00:00
KXNFLSPREAD-26OCT04NYJCHI,KXNFLSPREAD,KXNFLSPREAD-26OCT04NYJCHI-CHI15,CHI Bears wins by over 14.5 points?,0.1800,0.2000,0.1800,11146.27,5684.21,active,2026-10-06T17:00:00Z,2026-10-02T09:37:33+00:00
KXNFLSPREAD-26OCT04NYJCHI,KXNFLSPREAD,KXNFLSPREAD-26OCT04NYJCHI-CHI5,CHI Bears wins by over 4.5 points?,0.4400,0.4500,0.4400,6873.95,6185.88,active,2026-10-06T17:00:00Z,2026-10-02T09:37:33+00:00
KXNFLSPREAD-26OCT04TENBAL,KXNFLSPREAD,KXNFLSPREAD-26OCT04TENBAL-BAL7,BAL Ravens wins by over 6.5 points?,0.6700,0.6800,0.6800,13914.95,12039.86,active,2026-10-06T17:00:00Z,2026-10-02T09:37:33+00:00
KXNFLSPREAD-26OCT04TENBAL,KXNFLSPREAD,KXNFLSPREAD-26OCT04TENBAL-TEN6,TEN Titans wins by over 5.5 points?,0.0700,0.0900,0.0000,0.00,0.00,active,2026-10-06T17:00:00Z,2026-10-02T09:37:33+00:00
KXNFLSPREAD-26OCT04TENBAL,KXNFLSPREAD,KXNFLSPREAD-26OCT04TENBAL-BAL4,BAL Ravens wins by over 3.5 points?,0.7400,0.7500,0.7500,2891.62,2891.62,active,2026-10-06T17:00:00Z,2026-10-02T09:37:33+00:00
KXNFLSPREAD-26OCT04TENBAL,KXNFLSPREAD,KXNFLSPREAD-26OCT04TENBAL-TEN10,TEN Titans wins by over 9.5 points?,0.0300,0.0400,0.0300,181.73,181.73,active,2026-10-06T17:00:00Z,2026-10-02T09:37:33+00:00
KXNFLSPREAD-26OCT04TENBAL,KXNFLSPREAD,KXNFLSPREAD-26OCT04TENBAL-BAL2,BAL Ravens wins by over 1.5 points?,0.8300,0.8400,0.8400,6506.23,3907.53,active,2026-10-06T17:00:00Z,2026-10-02T09:37:33+00:00
KXNFLSPREAD-26OCT04TENBAL,KXNFLSPREAD,KXNFLSPREAD-26OCT04TENBAL-BAL24,BAL Ravens wins by over 23.5 points?,0.1700,0.1900,0.1800,2660.00,2239.00,active,2026-10-06T17:00:00Z,2026-10-02T09:37:33+00:00
KXNFLSPREAD-26OCT04TENBAL,KXNFLSPREAD,KXNFLSPREAD-26OCT04TENBAL-TEN5,TEN Titans wins by over 4.5 points?,0.0700,0.0900,0.0600,3118.00,3084.00,active,2026-10-06T17:00:00Z,2026-10-02T09:37:33+00:00
KXNFLSPREAD-26OCT04TENBAL,KXNFLSPREAD,KXNFLSPREAD-26OCT04TENBAL-TEN8,TEN Titans wins by over 7.5 points?,0.0400,0.0600,0.0400,1489.52,1481.52,active,2026-10-06T17:00:00Z,2026-10-02T09:37:33+00:00
KXNFLSPREAD-26OCT04TENBAL,KXNFLSPREAD,KXNFLSPREAD-26OCT04TENBAL-TEN2,TEN Titans wins by over 1.5 points?,0.1400,0.1500,0.1500,4475.41,4350.71,active,2026-10-06T17:00:00Z,2026-10-02T09:37:33+00:00
KXNFLSPREAD-26OCT04TENBAL,KXNFLSPREAD,KXNFLSPREAD-26OCT04TENBAL-BAL3,BAL Ravens wins by over 2.5 points?,0.8200,0.8300,0.8300,21038.57,20827.38,active,2026-10-06T17:00:00Z,2026-10-02T09:37:33+00:00
KXNFLSPREAD-26OCT04TENBAL,KXNFLSPREAD,KXNFLSPREAD-26OCT04TENBAL-BAL31,BAL Ravens wins by over 30.5 points?,0.0700,0.0800,0.0800,408.83,355.46,active,2026-10-06T17:00:00Z,2026-10-02T09:37:33+00:00
KXNFLSPREAD-26OCT04TENBAL,KXNFLSPREAD,KXNFLSPREAD-26OCT04TENBAL-BAL18,BAL Ravens wins by over 17.5 points?,0.3100,0.3200,0.3200,18469.80,14632.76,active,2026-10-06T17:00:00Z,2026-10-02T09:37:33+00:00
KXNFLSPREAD-26OCT04TENBAL,KXNFLSPREAD,KXNFLSPREAD-26OCT04TENBAL-BAL8,BAL Ravens wins by over 7.5 points?,0.6100,0.6300,0.6300,3309.61,3285.25,active,2026-10-06T17:00:00Z,2026-10-02T09:37:33+00:00
KXNFLSPREAD-26OCT04TENBAL,KXNFLSPREAD,KXNFLSPREAD-26OCT04TENBAL-BAL5,BAL Ravens wins by over 4.5 points?,0.7300,0.7400,0.7300,2652.11,2471.41,active,2026-10-06T17:00:00Z,2026-10-02T09:37:33+00:00
KXNFLSPREAD-26OCT04TENBAL,KXNFLSPREAD,KXNFLSPREAD-26OCT04TENBAL-BAL6,BAL Ravens wins by over 5.5 points?,0.7100,0.7200,0.7200,6536.82,6348.45,active,2026-10-06T17:00:00Z,2026-10-02T09:37:33+00:00
KXNFLSPREAD-26OCT04TENBAL,KXNFLSPREAD,KXNFLSPREAD-26OCT04TENBAL-BAL28,BAL Ravens wins by over 27.5 points?,0.1100,0.1200,0.1200,477.77,374.77,active,2026-10-06T17:00:00Z,2026-10-02T09:37:33+00:00
KXNFLSPREAD-26OCT04TENBAL,KXNFLSPREAD,KXNFLSPREAD-26OCT04TENBAL-TEN7,TEN Titans wins by over 6.5 points?,0.0600,0.0800,0.0500,18.63,18.63,active,2026-10-06T17:00:00Z,2026-10-02T09:37:33+00:00
KXNFLSPREAD-26OCT04TENBAL,KXNFLSPREAD,KXNFLSPREAD-26OCT04TENBAL-TEN11,TEN Titans wins by over 10.5 points?,0.0200,0.0300,0.0300,238.69,235.69,active,2026-10-06T17:00:00Z,2026-10-02T09:37:33+00:00
KXNFLSPREAD-26OCT04TENBAL,KXNFLSPREAD,KXNFLSPREAD-26OCT04TENBAL-TEN4,TEN Titans wins by over 3.5 points?,0.0900,0.1000,0.1100,109.21,109.21,active,2026-10-06T17:00:00Z,2026-10-02T09:37:33+00:00
KXNFLSPREAD-26OCT04TENBAL,KXNFLSPREAD,KXNFLSPREAD-26OCT04TENBAL-BAL21,BAL Ravens wins by over 20.5 points?,0.2400,0.2600,0.2400,9391.87,6122.18,active,2026-10-06T17:00:00Z,2026-10-02T09:37:33+00:00
KXNFLSPREAD-26OCT04TENBAL,KXNFLSPREAD,KXNFLSPREAD-26OCT04TENBAL-TEN3,TEN Titans wins by over 2.5 points?,0.1200,0.1300,0.1300,30.00,30.00,active,2026-10-06T17:00:00Z,2026-10-02T09:37:33+00:00
KXNFLSPREAD-26OCT04TENBAL,KXNFLSPREAD,KXNFLSPREAD-26OCT04TENBAL-BAL17,BAL Ravens wins by over 16.5 points?,0.3500,0.3700,0.3600,22819.83,17972.94,active,2026-10-06T17:00:00Z,2026-10-02T09:37:33+00:00
KXNFLSPREAD-26OCT04TENBAL,KXNFLSPREAD,KXNFLSPREAD-26OCT04TENBAL-BAL15,BAL Ravens wins by over 14.5 points?,0.3900,0.4100,0.4100,532.90,314.78,active,2026-10-06T17:00:00Z,2026-10-02T09:37:33+00:00
KXNFLSPREAD-26OCT04TENBAL,KXNFLSPREAD,KXNFLSPREAD-26OCT04TENBAL-BAL10,BAL Ravens wins by over 9.5 points?,0.5700,0.5900,0.5800,2899.02,2681.13,active,2026-10-06T17:00:00Z,2026-10-02T09:37:33+00:00
KXNFLSPREAD-26OCT04TENBAL,KXNFLSPREAD,KXNFLSPREAD-26OCT04TENBAL-BAL11,BAL Ravens wins by over 10.5 points?,0.5200,0.5300,0.5300,3031.41,2586.29,active,2026-10-06T17:00:00Z,2026-10-02T09:37:33+00:00
KXNFLSPREAD-26OCT04TENBAL,KXNFLSPREAD,KXNFLSPREAD-26OCT04TENBAL-BAL12,BAL Ravens wins by over 11.5 points?,0.4900,0.5000,0.4900,28740.66,20077.90,active,2026-10-06T17:00:00Z,2026-10-02T09:37:33+00:00
KXNFLSPREAD-26OCT04TENBAL,KXNFLSPREAD,KXNFLSPREAD-26OCT04TENBAL-BAL14,BAL Ravens wins by over 13.5 points?,0.4500,0.4600,0.4500,1994.47,1428.68,active,2026-10-06T17:00:00Z,2026-10-02T09:37:33+00:00
KXNFLSPREAD-26OCT05ATLNO,KXNFLSPREAD,KXNFLSPREAD-26OCT05ATLNO-NO11,NO Saints wins by over 10.5 points?,0.2200,0.2300,0.0000,0.00,0.00,active,2026-10-08T00:15:00Z,2026-10-02T09:37:33+00:00
KXNFLSPREAD-26OCT05ATLNO,KXNFLSPREAD,KXNFLSPREAD-26OCT05ATLNO-ATL3,ATL Falcons wins by over 2.5 points?,0.3800,0.3900,0.3900,156.95,156.95,active,2026-10-08T00:15:00Z,2026-10-02T09:37:33+00:00
KXNFLSPREAD-26OCT05ATLNO,KXNFLSPREAD,KXNFLSPREAD-26OCT05ATLNO-NO7,NO Saints wins by over 6.5 points?,0.3400,0.3600,0.3600,117.61,117.61,active,2026-10-08T00:15:00Z,2026-10-02T09:37:33+00:00
KXNFLSPREAD-26OCT05ATLNO,KXNFLSPREAD,KXNFLSPREAD-26OCT05ATLNO-NO17,NO Saints wins by over 16.5 points?,0.1200,0.1400,0.0000,0.00,0.00,active,2026-10-08T00:15:00Z,2026-10-02T09:37:33+00:00
KXNFLSPREAD-26OCT05ATLNO,KXNFLSPREAD,KXNFLSPREAD-26OCT05ATLNO-ATL15,ATL Falcons wins by over 14.5 points?,0.0700,0.1000,0.0000,0.00,0.00,active,2026-10-08T00:15:00Z,2026-10-02T09:37:33+00:00
KXNFLSPREAD-26OCT05ATLNO,KXNFLSPREAD,KXNFLSPREAD-26OCT05ATLNO-NO15,NO Saints wins by over 14.5 points?,0.1400,0.1700,0.0000,0.00,0.00,active,2026-10-08T00:15:00Z,2026-10-02T09:37:33+00:00
KXNFLSPREAD-26OCT05ATLNO,KXNFLSPREAD,KXNFLSPREAD-26OCT05ATLNO-ATL5,ATL Falcons wins by over 4.5 points?,0.2700,0.2900,0.2700,49.54,49.54,active,2026-10-08T00:15:00Z,2026-10-02T09:37:33+00:00
KXNFLSPREAD-26OCT05ATLNO,KXNFLSPREAD,KXNFLSPREAD-26OCT05ATLNO-ATL10,ATL Falcons wins by over 9.5 points?,0.1500,0.1700,0.1600,7.00,7.00,active,2026-10-08T00:15:00Z,2026-10-02T09:37:33+00:00
KXNFLSPREAD-26OCT05ATLNO,KXNFLSPREAD,KXNFLSPREAD-26OCT05ATLNO-NO18,NO Saints wins by over 17.5 points?,0.1000,0.1200,0.0000,0.00,0.00,active,2026-10-08T00:15:00Z,2026-10-02T09:37:33+00:00
KXNFLSPREAD-26OCT05ATLNO,KXNFLSPREAD,KXNFLSPREAD-26OCT05ATLNO-ATL7,ATL Falcons wins by over 6.5 points?,0.2200,0.2300,0.2300,501.22,476.22,active,2026-10-08T00:15:00Z,2026-10-02T09:37:33+00:00
KXNFLSPREAD-26OCT05ATLNO,KXNFLSPREAD,KXNFLSPREAD-26OCT05ATLNO-ATL11,ATL Falcons wins by over 10.5 points?,0.1200,0.1400,0.0000,0.00,0.00,active,2026-10-08T00:15:00Z,2026-10-02T09:37:33+00:00
KXNFLSPREAD-26OCT05ATLNO,KXNFLSPREAD,KXNFLSPREAD-26OCT05ATLNO-ATL8,ATL Falcons wins by over 7.5 points?,0.1900,0.2000,0.2000,143.10,115.10,active,2026-10-08T00:15:00Z,2026-10-02T09:37:33+00:00
KXNFLSPREAD-26OCT05ATLNO,KXNFLSPREAD,KXNFLSPREAD-26OCT05ATLNO-NO14,NO Saints wins by over 13.5 points?,0.1700,0.1800,0.1800,118.71,118.71,active,2026-10-08T00:15:00Z,2026-10-02T09:37:33+00:00
KXNFLSPREAD-26OCT05ATLNO,KXNFLSPREAD,KXNFLSPREAD-26OCT05ATLNO-NO6,NO Saints wins by over 5.5 points?,0.3600,0.3700,0.3600,510.03,497.42,active,2026-10-08T00:15:00Z,2026-10-02T09:37:33+00:00
KXNFLSPREAD-26OCT05ATLNO,KXNFLSPREAD,KXNFLSPREAD-26OCT05ATLNO-NO8,NO Saints wins by over 7.5 points?,0.2800,0.2900,0.3100,88.54,88.54,active,2026-10-08T00:15:00Z,2026-10-02T09:37:33+00:00
KXNFLSPREAD-26OCT05ATLNO,KXNFLSPREAD,KXNFLSPREAD-26OCT05ATLNO-ATL6,ATL Falcons wins by over 5.5 points?,0.2600,0.2700,0.2700,191.16,191.16,active,2026-10-08T00:15:00Z,2026-10-02T09:37:33+00:00
KXNFLSPREAD-26OCT05ATLNO,KXNFLSPREAD,KXNFLSPREAD-26OCT05ATLNO-NO21,NO Saints wins by over 20.5 points?,0.0700,0.1000,0.0000,0.00,0.00,active,2026-10-08T00:15:00Z,2026-10-02T09:37:33+00:00
KXNFLSPREAD-26OCT05ATLNO,KXNFLSPREAD,KXNFLSPREAD-26OCT05ATLNO-ATL14,ATL Falcons wins by over 13.5 points?,0.1000,0.1200,0.1200,398.57,398.57,active,2026-10-08T00:15:00Z,2026-10-02T09:37:33+00:00
KXNFLSPREAD-26OCT05ATLNO,KXNFLSPREAD,KXNFLSPREAD-26OCT05ATLNO-ATL2,ATL Falcons wins by over 1.5 points?,0.4100,0.4200,0.4200,46.69,46.69,active,2026-10-08T00:15:00Z,2026-10-02T09:37:33+00:00
KXNFLSPREAD-26OCT05ATLNO,KXNFLSPREAD,KXNFLSPREAD-26OCT05ATLNO-NO4,NO Saints wins by over 3.5 points?,0.4200,0.4300,0.4300,1517.38,1439.08,active,2026-10-08T00:15:00Z,2026-10-02T09:37:33+00:00
KXNFLSPREAD-26OCT05ATLNO,KXNFLSPREAD,KXNFLSPREAD-26OCT05ATLNO-NO10,NO Saints wins by over 9.5 points?,0.2500,0.2600,0.2600,113.60,113.60,active,2026-10-08T00:15:00Z,2026-10-02T09:37:33+00:00
KXNFLSPREAD-26OCT05ATLNO,KXNFLSPREAD,KXNFLSPREAD-26OCT05ATLNO-NO3,NO Saints wins by over 2.5 points?,0.5000,0.5100,0.5000,10664.26,9435.74,active,2026-10-08T00:15:00Z,2026-10-02T09:37:33+00:00
KXNFLSPREAD-26OCT05ATLNO,KXNFLSPREAD,KXNFLSPREAD-26OCT05ATLNO-NO5,NO Saints wins by over 4.5 points?,0.3900,0.4000,0.4100,11.00,11.00,active,2026-10-08T00:15:00Z,2026-10-02T09:37:33+00:00
KXNFLSPREAD-26OCT05ATLNO,KXNFLSPREAD,KXNFLSPREAD-26OCT05ATLNO-ATL4,ATL Falcons wins by over 3.5 points?,0.3000,0.3200,0.0000,0.00,0.00,active,2026-10-08T00:15:00Z,2026-10-02T09:37:33+00:00
KXNFLSPREAD-26OCT05ATLNO,KXNFLSPREAD,KXNFLSPREAD-26OCT05ATLNO-NO2,NO Saints wins by over 1.5 points?,0.5300,0.5400,0.5400,58.61,58.61,active,2026-10-08T00:15:00Z,2026-10-02T09:37:33+00:00
KXNFLSPREAD-26OCT08TBDAL,KXNFLSPREAD,KXNFLSPREAD-26OCT08TBDAL-DAL18,DAL Cowboys wins by over 17.5 points?,0.2100,0.3900,0.0000,0.00,0.00,active,2026-10-11T00:15:00Z,2026-10-02T09:37:33+00:00
KXNFLSPREAD-26OCT08TBDAL,KXNFLSPREAD,KXNFLSPREAD-26OCT08TBDAL-TB14,TB Buccaneers wins by over 13.5 points?,0.0300,0.1000,0.0000,0.00,0.00,active,2026-10-11T00:15:00Z,2026-10-02T09:37:33+00:00
KXNFLSPREAD-26OCT08TBDAL,KXNFLSPREAD,KXNFLSPREAD-26OCT08TBDAL-TB15,TB Buccaneers wins by over 14.5 points?,0.0300,0.1000,0.0000,0.00,0.00,active,2026-10-11T00:15:00Z,2026-10-02T09:37:33+00:00
KXNFLSPREAD-26OCT08TBDAL,KXNFLSPREAD,KXNFLSPREAD-26OCT08TBDAL-TB10,TB Buccaneers wins by over 9.5 points?,0.0500,0.1200,0.0800,1.00,1.00,active,2026-10-11T00:15:00Z,2026-10-02T09:37:33+00:00
KXNFLSPREAD-26OCT08TBDAL,KXNFLSPREAD,KXNFLSPREAD-26OCT08TBDAL-DAL17,DAL Cowboys wins by over 16.5 points?,0.2100,0.3800,0.0000,0.00,0.00,active,2026-10-11T00:15:00Z,2026-10-02T09:37:33+00:00
KXNFLSPREAD-26OCT08TBDAL,KXNFLSPREAD,KXNFLSPREAD-26OCT08TBDAL-TB4,TB Buccaneers wins by over 3.5 points?,0.0400,0.1900,0.0000,0.00,0.00,active,2026-10-11T00:15:00Z,2026-10-02T09:37:33+00:00
KXNFLSPREAD-26OCT08TBDAL,KXNFLSPREAD,KXNFLSPREAD-26OCT08TBDAL-TB3,TB Buccaneers wins by over 2.5 points?,0.1600,0.2100,0.0000,0.00,0.00,active,2026-10-11T00:15:00Z,2026-10-02T09:37:33+00:00
KXNFLSPREAD-26OCT08TBDAL,KXNFLSPREAD,KXNFLSPREAD-26OCT08TBDAL-TB6,TB Buccaneers wins by over 5.5 points?,0.0300,0.1600,0.0000,0.00,0.00,active,2026-10-11T00:15:00Z,2026-10-02T09:37:33+00:00
KXNFLSPREAD-26OCT08TBDAL,KXNFLSPREAD,KXNFLSPREAD-26OCT08TBDAL-TB7,TB Buccaneers wins by over 6.5 points?,0.0300,0.1600,0.0000,0.00,0.00,active,2026-10-11T00:15:00Z,2026-10-02T09:37:33+00:00
KXNFLSPREAD-26OCT08TBDAL,KXNFLSPREAD,KXNFLSPREAD-26OCT08TBDAL-DAL28,DAL Cowboys wins by over 27.5 points?,0.0300,0.1900,0.0000,0.00,0.00,active,2026-10-11T00:15:00Z,2026-10-02T09:37:33+00:00
KXNFLSPREAD-26OCT08TBDAL,KXNFLSPREAD,KXNFLSPREAD-26OCT08TBDAL-TB2,TB Buccaneers wins by over 1.5 points?,0.0900,0.2400,0.0000,0.00,0.00,active,2026-10-11T00:15:00Z,2026-10-02T09:37:33+00:00
KXNFLSPREAD-26OCT08TBDAL,KXNFLSPREAD,KXNFLSPREAD-26OCT08TBDAL-DAL10,DAL Cowboys wins by over 9.5 points?,0.4900,0.5100,0.5100,38.75,20.75,active,2026-10-11T00:15:00Z,2026-10-02T09:37:33+00:00
KXNFLSPREAD-26OCT08TBDAL,KXNFLSPREAD,KXNFLSPREAD-26OCT08TBDAL-DAL24,DAL Cowboys wins by over 23.5 points?,0.0800,0.2600,0.0000,0.00,0.00,active,2026-10-11T00:15:00Z,2026-10-02T09:37:33+00:00
KXNFLSPREAD-26OCT08TBDAL,KXNFLSPREAD,KXNFLSPREAD-26OCT08TBDAL-DAL21,DAL Cowboys wins by over 20.5 points?,0.1400,0.3200,0.0000,0.00,0.00,active,2026-10-11T00:15:00Z,2026-10-02T09:37:33+00:00
KXNFLSPREAD-26OCT08TBDAL,KXNFLSPREAD,KXNFLSPREAD-26OCT08TBDAL-TB11,TB Buccaneers wins by over 10.5 points?,0.0300,0.1200,0.0000,0.00,0.00,active,2026-10-11T00:15:00Z,2026-10-02T09:37:33+00:00
KXNFLSPREAD-26OCT08TBDAL,KXNFLSPREAD,KXNFLSPREAD-26OCT08TBDAL-TB5,TB Buccaneers wins by over 4.5 points?,0.0300,0.1600,0.0000,0.00,0.00,active,2026-10-11T00:15:00Z,2026-10-02T09:37:33+00:00
KXNFLSPREAD-26OCT08TBDAL,KXNFLSPREAD,KXNFLSPREAD-26OCT08TBDAL-TB8,TB Buccaneers wins by over 7.5 points?,0.0300,0.1400,0.0000,0.00,0.00,active,2026-10-11T00:15:00Z,2026-10-02T09:37:33+00:00
KXNFLSPREAD-26OCT08TBDAL,KXNFLSPREAD,KXNFLSPREAD-26OCT08TBDAL-DAL5,DAL Cowboys wins by over 4.5 points?,0.6100,0.7300,0.0000,0.00,0.00,active,2026-10-11T00:15:00Z,2026-10-02T09:37:33+00:00
KXNFLSPREAD-26OCT08TBDAL,KXNFLSPREAD,KXNFLSPREAD-26OCT08TBDAL-DAL3,DAL Cowboys wins by over 2.5 points?,0.6600,0.8200,0.0000,0.00,0.00,active,2026-10-11T00:15:00Z,2026-10-02T09:37:33+00:00
KXNFLSPREAD-26OCT08TBDAL,KXNFLSPREAD,KXNFLSPREAD-26OCT08TBDAL-DAL2,DAL Cowboys wins by over 1.5 points?,0.6800,0.8500,0.0000,0.00,0.00,active,2026-10-11T00:15:00Z,2026-10-02T09:37:33+00:00
KXNFLSPREAD-26OCT08TBDAL,KXNFLSPREAD,KXNFLSPREAD-26OCT08TBDAL-DAL15,DAL Cowboys wins by over 14.5 points?,0.2900,0.4500,0.0000,0.00,0.00,active,2026-10-11T00:15:00Z,2026-10-02T09:37:33+00:00
KXNFLSPREAD-26OCT08TBDAL,KXNFLSPREAD,KXNFLSPREAD-26OCT08TBDAL-DAL14,DAL Cowboys wins by over 13.5 points?,0.3300,0.4900,0.2800,1.39,1.39,active,2026-10-11T00:15:00Z,2026-10-02T09:37:33+00:00
KXNFLSPREAD-26OCT08TBDAL,KXNFLSPREAD,KXNFLSPREAD-26OCT08TBDAL-DAL6,DAL Cowboys wins by over 5.5 points?,0.5300,0.7200,0.0000,0.00,0.00,active,2026-10-11T00:15:00Z,2026-10-02T09:37:33+00:00
KXNFLSPREAD-26OCT08TBDAL,KXNFLSPREAD,KXNFLSPREAD-26OCT08TBDAL-DAL7,DAL Cowboys wins by over 6.5 points?,0.5000,0.6800,0.0000,0.00,0.00,active,2026-10-11T00:15:00Z,2026-10-02T09:37:33+00:00
KXNFLSPREAD-26OCT08TBDAL,KXNFLSPREAD,KXNFLSPREAD-26OCT08TBDAL-DAL8,DAL Cowboys wins by over 7.5 points?,0.4500,0.6300,0.0000,0.00,0.00,active,2026-10-11T00:15:00Z,2026-10-02T09:37:33+00:00
KXNFLSPREAD-26OCT08TBDAL,KXNFLSPREAD,KXNFLSPREAD-26OCT08TBDAL-DAL4,DAL Cowboys wins by over 3.5 points?,0.5900,0.7500,0.0000,0.00,0.00,active,2026-10-11T00:15:00Z,2026-10-02T09:37:33+00:00
KXNFLSPREAD-26OCT08TBDAL,KXNFLSPREAD,KXNFLSPREAD-26OCT08TBDAL-DAL11,DAL Cowboys wins by over 10.5 points?,0.3600,0.5400,0.0000,0.00,0.00,active,2026-10-11T00:15:00Z,2026-10-02T09:37:33+00:00
KXNFLTOTAL-26OCT04ARINYG,KXNFLTOTAL,KXNFLTOTAL-26OCT04ARINYG-62,Full Game: over 61.5 points scored?,0.1000,0.1100,0.0900,6888.95,6866.38,active,2026-10-06T17:00:00Z,2026-10-02T09:37:33+00:00
KXNFLTOTAL-26OCT04ARINYG,KXNFLTOTAL,KXNFLTOTAL-26OCT04ARINYG-56,Full Game: over 55.5 points scored?,0.1900,0.2000,0.2100,3926.99,2651.99,active,2026-10-06T17:00:00Z,2026-10-02T09:37:33+00:00
KXNFLTOTAL-26OCT04ARINYG,KXNFLTOTAL,KXNFLTOTAL-26OCT04ARINYG-59,Full Game: over 58.5 points scored?,0.1300,0.1500,0.1400,537.89,537.89,active,2026-10-06T17:00:00Z,2026-10-02T09:37:33+00:00
KXNFLTOTAL-26OCT04ARINYG,KXNFLTOTAL,KXNFLTOTAL-26OCT04ARINYG-29,Full Game: over 28.5 points scored?,0.9000,0.9100,0.9000,23867.72,15258.86,active,2026-10-06T17:00:00Z,2026-10-02T09:37:33+00:00
KXNFLTOTAL-26OCT04ARINYG,KXNFLTOTAL,KXNFLTOTAL-26OCT04ARINYG-26,Full Game: over 25.5 points scored?,0.9400,0.9500,0.9500,34017.00,15704.67,active,2026-10-06T17:00:00Z,2026-10-02T09:37:33+00:00
KXNFLTOTAL-26OCT04ARINYG,KXNFLTOTAL,KXNFLTOTAL-26OCT04ARINYG-32,Full Game: over 31.5 points scored?,0.8300,0.8400,0.8300,95020.28,17722.80,active,2026-10-06T17:00:00Z,2026-10-02T09:37:33+00:00
KXNFLTOTAL-26OCT04ARINYG,KXNFLTOTAL,KXNFLTOTAL-26OCT04ARINYG-41,Full Game: over 40.5 points scored?,0.6000,0.6200,0.6200,3301.79,917.79,active,2026-10-06T17:00:00Z,2026-10-02T09:37:33+00:00
KXNFLTOTAL-26OCT04ARINYG,KXNFLTOTAL,KXNFLTOTAL-26OCT04ARINYG-53,Full Game: over 52.5 points scored?,0.2600,0.2700,0.2600,35.00,35.00,active,2026-10-06T17:00:00Z,2026-10-02T09:37:33+00:00
KXNFLTOTAL-26OCT04ARINYG,KXNFLTOTAL,KXNFLTOTAL-26OCT04ARINYG-23,Full Game: over 22.5 points scored?,0.9500,0.9700,0.9600,45846.41,30632.72,active,2026-10-06T17:00:00Z,2026-10-02T09:37:33+00:00
KXNFLTOTAL-26OCT04ARINYG,KXNFLTOTAL,KXNFLTOTAL-26OCT04ARINYG-35,Full Game: over 34.5 points scored?,0.7600,0.7800,0.7100,15045.63,15044.63,active,2026-10-06T17:00:00Z,2026-10-02T09:37:33+00:00
KXNFLTOTAL-26OCT04ARINYG,KXNFLTOTAL,KXNFLTOTAL-26OCT04ARINYG-65,Full Game: over 64.5 points scored?,0.0700,0.0800,0.0700,1382.68,1382.68,active,2026-10-06T17:00:00Z,2026-10-02T09:37:33+00:00
KXNFLTOTAL-26OCT04ARINYG,KXNFLTOTAL,KXNFLTOTAL-26OCT04ARINYG-43,Full Game: over 42.5 points scored?,0.5500,0.5700,0.5600,36.86,36.86,active,2026-10-06T17:00:00Z,2026-10-02T09:37:33+00:00
KXNFLTOTAL-26OCT04ARINYG,KXNFLTOTAL,KXNFLTOTAL-26OCT04ARINYG-46,Full Game: over 45.5 points scored?,0.4500,0.4600,0.4500,12616.44,12616.44,active,2026-10-06T17:00:00Z,2026-10-02T09:37:33+00:00
KXNFLTOTAL-26OCT04ARINYG,KXNFLTOTAL,KXNFLTOTAL-26OCT04ARINYG-42,Full Game: over 41.5 points scored?,0.5800,0.5900,0.5900,220.09,220.09,active,2026-10-06T17:00:00Z,2026-10-02T09:37:33+00:00
KXNFLTOTAL-26OCT04ARINYG,KXNFLTOTAL,KXNFLTOTAL-26OCT04ARINYG-44,Full Game: over 43.5 points scored?,0.5200,0.5300,0.5300,2085.32,1126.92,active,2026-10-06T17:00:00Z,2026-10-02T09:37:33+00:00
KXNFLTOTAL-26OCT04ARINYG,KXNFLTOTAL,KXNFLTOTAL-26OCT04ARINYG-45,Full Game: over 44.5 points scored?,0.4800,0.4900,0.4900,16044.88,15964.87,active,2026-10-06T17:00:00Z,2026-10-02T09:37:33+00:00
KXNFLTOTAL-26OCT04ARINYG,KXNFLTOTAL,KXNFLTOTAL-26OCT04ARINYG-50,Full Game: over 49.5 points scored?,0.3400,0.3600,0.3500,88.52,31.00,active,2026-10-06T17:00:00Z,2026-10-02T09:37:33+00:00
KXNFLTOTAL-26OCT04ARINYG,KXNFLTOTAL,KXNFLTOTAL-26OCT04ARINYG-47,Full Game: over 46.5 points scored?,0.4200,0.4300,0.4300,658.67,508.67,active,2026-10-06T17:00:00Z,2026-10-02T09:37:33+00:00
KXNFLTOTAL-26OCT04ARINYG,KXNFLTOTAL,KXNFLTOTAL-26OCT04ARINYG-38,Full Game: over 37.5 points scored?,0.6900,0.7000,0.6900,19082.47,11918.00,active,2026-10-06T17:00:00Z,2026-10-02T09:37:33+00:00
KXNFLTOTAL-26OCT04DALHOU,KXNFLTOTAL,KXNFLTOTAL-26OCT04DALHOU-57,Full Game: over 56.5 points scored?,0.2800,0.2900,0.2900,37.22,37.22,active,2026-10-06T17:00:00Z,2026-10-02T09:37:33+00:00
KXNFLTOTAL-26OCT04DALHOU,KXNFLTOTAL,KXNFLTOTAL-26OCT04DALHOU-45,Full Game: over 44.5 points scored?,0.6100,0.6200,0.6200,125.87,125.87,active,2026-10-06T17:00:00Z,2026-10-02T09:37:33+00:00
KXNFLTOTAL-26OCT04DALHOU,KXNFLTOTAL,KXNFLTOTAL-26OCT04DALHOU-66,Full Game: over 65.5 points scored?,0.1000,0.1100,0.1000,1859.70,1859.70,active,2026-10-06T17:00:00Z,2026-10-02T09:37:33+00:00
KXNFLTOTAL-26OCT04DALHOU,KXNFLTOTAL,KXNFLTOTAL-26OCT04DALHOU-33,Full Game: over 32.5 points scored?,0.8800,0.9000,0.8800,30127.00,10351.58,active,2026-10-06T17:00:00Z,2026-10-02T09:37:33+00:00
KXNFLTOTAL-26OCT04DALHOU,KXNFLTOTAL,KXNFLTOTAL-26OCT04DALHOU-39,Full Game: over 38.5 points scored?,0.7600,0.7800,0.7800,1.00,1.00,active,2026-10-06T17:00:00Z,2026-10-02T09:37:33+00:00
KXNFLTOTAL-26OCT04DALHOU,KXNFLTOTAL,KXNFLTOTAL-26OCT04DALHOU-69,Full Game: over 68.5 points scored?,0.0700,0.0800,0.0800,4549.05,3425.14,active,2026-10-06T17:00:00Z,2026-10-02T09:37:33+00:00
KXNFLTOTAL-26OCT04DALHOU,KXNFLTOTAL,KXNFLTOTAL-26OCT04DALHOU-42,Full Game: over 41.5 points scored?,0.6800,0.7000,0.7000,25.00,25.00,active,2026-10-06T17:00:00Z,2026-10-02T09:37:33+00:00
KXNFLTOTAL-26OCT04DALHOU,KXNFLTOTAL,KXNFLTOTAL-26OCT04DALHOU-30,Full Game: over 29.5 points scored?,0.9200,0.9300,0.9100,30179.17,8853.17,active,2026-10-06T17:00:00Z,2026-10-02T09:37:33+00:00
KXNFLTOTAL-26OCT04DALHOU,KXNFLTOTAL,KXNFLTOTAL-26OCT04DALHOU-54,Full Game: over 53.5 points scored?,0.3600,0.3700,0.3600,73.60,65.60,active,2026-10-06T17:00:00Z,2026-10-02T09:37:33+00:00
KXNFLTOTAL-26OCT04DALHOU,KXNFLTOTAL,KXNFLTOTAL-26OCT04DALHOU-36,Full Game: over 35.5 points scored?,0.8400,0.8600,0.8600,17.03,17.03,active,2026-10-06T17:00:00Z,2026-10-02T09:37:33+00:00
KXNFLTOTAL-26OCT04DALHOU,KXNFLTOTAL,KXNFLTOTAL-26OCT04DALHOU-60,Full Game: over 59.5 points scored?,0.1900,0.2100,0.1900,12.55,12.55,active,2026-10-06T17:00:00Z,2026-10-02T09:37:33+00:00
KXNFLTOTAL-26OCT04DALHOU,KXNFLTOTAL,KXNFLTOTAL-26OCT04DALHOU-27,Full Game: over 26.5 points scored?,0.9500,0.9600,0.9500,30742.46,13967.04,active,2026-10-06T17:00:00Z,2026-10-02T09:37:33+00:00
KXNFLTOTAL-26OCT04DALHOU,KXNFLTOTAL,KXNFLTOTAL-26OCT04DALHOU-50,Full Game: over 49.5 points scored?,0.4600,0.4700,0.4600,130.59,102.73,active,2026-10-06T17:00:00Z,2026-10-02T09:37:33+00:00
KXNFLTOTAL-26OCT04DALHOU,KXNFLTOTAL,KXNFLTOTAL-26OCT04DALHOU-51,Full Game: over 50.5 points scored?,0.4300,0.4400,0.4300,16199.51,16111.08,active,2026-10-06T17:00:00Z,2026-10-02T09:37:33+00:00
KXNFLTOTAL-26OCT04DALHOU,KXNFLTOTAL,KXNFLTOTAL-26OCT04DALHOU-49,Full Game: over 48.5 points scored?,0.5000,0.5100,0.5000,142055.99,138620.40,active,2026-10-06T17:00:00Z,2026-10-02T09:37:33+00:00
KXNFLTOTAL-26OCT04DALHOU,KXNFLTOTAL,KXNFLTOTAL-26OCT04DALHOU-48,Full Game: over 47.5 points scored?,0.5400,0.5500,0.5400,45755.38,45681.38,active,2026-10-06T17:00:00Z,2026-10-02T09:37:33+00:00
KXNFLTOTAL-26OCT04DALHOU,KXNFLTOTAL,KXNFLTOTAL-26OCT04DALHOU-46,Full Game: over 45.5 points scored?,0.5900,0.6000,0.5900,628.55,608.55,active,2026-10-06T17:00:00Z,2026-10-02T09:37:33+00:00
KXNFLTOTAL-26OCT04DALHOU,KXNFLTOTAL,KXNFLTOTAL-26OCT04DALHOU-47,Full Game: over 46.5 points scored?,0.5500,0.5700,0.5700,85.56,85.56,active,2026-10-06T17:00:00Z,2026-10-02T09:37:33+00:00
KXNFLTOTAL-26OCT04DALHOU,KXNFLTOTAL,KXNFLTOTAL-26OCT04DALHOU-63,Full Game: over 62.5 points scored?,0.1400,0.1600,0.1300,1063.69,1063.69,active,2026-10-06T17:00:00Z,2026-10-02T09:37:33+00:00
KXNFLTOTAL-26OCT04DENSF,KXNFLTOTAL,KXNFLTOTAL-26OCT04DENSF-35,Full Game: over 34.5 points scored?,0.8500,0.8700,0.7800,1285.00,1285.00,active,2026-10-06T20:25:00Z,2026-10-02T09:37:33+00:00
KXNFLTOTAL-26OCT04DENSF,KXNFLTOTAL,KXNFLTOTAL-26OCT04DENSF-32,Full Game: over 31.5 points scored?,0.9000,0.9100,0.9100,1391.76,1241.76,active,2026-10-06T20:25:00Z,2026-10-02T09:37:33+00:00
KXNFLTOTAL-26OCT04DENSF,KXNFLTOTAL,KXNFLTOTAL-26OCT04DENSF-68,Full Game: over 67.5 points scored?,0.0800,0.0900,0.0900,2872.49,2849.89,active,2026-10-06T20:25:00Z,2026-10-02T09:37:33+00:00
KXNFLTOTAL-26OCT04DENSF,KXNFLTOTAL,KXNFLTOTAL-26OCT04DENSF-38,Full Game: over 37.5 points scored?,0.7800,0.7900,0.7900,1537.59,1512.59,active,2026-10-06T20:25:00Z,2026-10-02T09:37:33+00:00
KXNFLTOTAL-26OCT04DENSF,KXNFLTOTAL,KXNFLTOTAL-26OCT04DENSF-41,Full Game: over 40.5 points scored?,0.7200,0.7300,0.7300,3600.10,1205.10,active,2026-10-06T20:25:00Z,2026-10-02T09:37:33+00:00
KXNFLTOTAL-26OCT04DENSF,KXNFLTOTAL,KXNFLTOTAL-26OCT04DENSF-26,Full Game: over 25.5 points scored?,0.9500,0.9700,0.9700,1117.80,692.80,active,2026-10-06T20:25:00Z,2026-10-02T09:37:33+00:00
KXNFLTOTAL-26OCT04DENSF,KXNFLTOTAL,KXNFLTOTAL-26OCT04DENSF-45,Full Game: over 44.5 points scored?,0.6000,0.6200,0.6100,5605.83,3355.83,active,2026-10-06T20:25:00Z,2026-10-02T09:37:33+00:00
KXNFLTOTAL-26OCT04DENSF,KXNFLTOTAL,KXNFLTOTAL-26OCT04DENSF-50,Full Game: over 49.5 points scored?,0.4500,0.4600,0.4700,2208.98,1667.25,active,2026-10-06T20:25:00Z,2026-10-02T09:37:33+00:00
KXNFLTOTAL-26OCT04DENSF,KXNFLTOTAL,KXNFLTOTAL-26OCT04DENSF-44,Full Game: over 43.5 points scored?,0.6400,0.6500,0.6400,137.33,137.33,active,2026-10-06T20:25:00Z,2026-10-02T09:37:33+00:00
KXNFLTOTAL-26OCT04DENSF,KXNFLTOTAL,KXNFLTOTAL-26OCT04DENSF-46,Full Game: over 45.5 points scored?,0.5700,0.5800,0.5800,1506.29,925.60,active,2026-10-06T20:25:00Z,2026-10-02T09:37:33+00:00
KXNFLTOTAL-26OCT04DENSF,KXNFLTOTAL,KXNFLTOTAL-26OCT04DENSF-65,Full Game: over 64.5 points scored?,0.1100,0.1200,0.1200,3075.13,3070.13,active,2026-10-06T20:25:00Z,2026-10-02T09:37:33+00:00
KXNFLTOTAL-26OCT04DENSF,KXNFLTOTAL,KXNFLTOTAL-26OCT04DENSF-29,Full Game: over 28.5 points scored?,0.9400,0.9500,0.9400,2660.06,2505.86,active,2026-10-06T20:25:00Z,2026-10-02T09:37:33+00:00
KXNFLTOTAL-26OCT04DENSF,KXNFLTOTAL,KXNFLTOTAL-26OCT04DENSF-59,Full Game: over 58.5 points scored?,0.2000,0.2200,0.2100,4976.77,2391.20,active,2026-10-06T20:25:00Z,2026-10-02T09:37:33+00:00
KXNFLTOTAL-26OCT04DENSF,KXNFLTOTAL,KXNFLTOTAL-26OCT04DENSF-56,Full Game: over 55.5 points scored?,0.2800,0.2900,0.2800,1566.47,1531.47,active,2026-10-06T20:25:00Z,2026-10-02T09:37:33+00:00
KXNFLTOTAL-26OCT04DENSF,KXNFLTOTAL,KXNFLTOTAL-26OCT04DENSF-53,Full Game: over 52.5 points scored?,0.3500,0.3700,0.3700,351.94,276.94,active,2026-10-06T20:25:00Z,2026-10-02T09:37:33+00:00
KXNFLTOTAL-26OCT04DENSF,KXNFLTOTAL,KXNFLTOTAL-26OCT04DENSF-48,Full Game: over 47.5 points scored?,0.5200,0.5300,0.5300,11192.56,10754.54,active,2026-10-06T20:25:00Z,2026-10-02T09:37:33+00:00
KXNFLTOTAL-26OCT04DENSF,KXNFLTOTAL,KXNFLTOTAL-26OCT04DENSF-49,Full Game: over 48.5 points scored?,0.4800,0.4900,0.4900,4430.97,3427.61,active,2026-10-06T20:25:00Z,2026-10-02T09:37:33+00:00
KXNFLTOTAL-26OCT04DENSF,KXNFLTOTAL,KXNFLTOTAL-26OCT04DENSF-47,Full Game: over 46.5 points scored?,0.5500,0.5600,0.5500,8395.96,6159.84,active,2026-10-06T20:25:00Z,2026-10-02T09:37:33+00:00
KXNFLTOTAL-26OCT04DENSF,KXNFLTOTAL,KXNFLTOTAL-26OCT04DENSF-62,Full Game: over 61.5 points scored?,0.1500,0.1600,0.1600,4695.30,4526.89,active,2026-10-06T20:25:00Z,2026-10-02T09:37:33+00:00
KXNFLTOTAL-26OCT04DETCAR,KXNFLTOTAL,KXNFLTOTAL-26OCT04DETCAR-32,Full Game: over 31.5 points scored?,0.9300,0.9400,0.9300,2365.74,2343.00,active,2026-10-07T00:20:00Z,2026-10-02T09:37:33+00:00
KXNFLTOTAL-26OCT04DETCAR,KXNFLTOTAL,KXNFLTOTAL-26OCT04DETCAR-38,Full Game: over 37.5 points scored?,0.8400,0.8600,0.8400,66.00,66.00,active,2026-10-07T00:20:00Z,2026-10-02T09:37:33+00:00
KXNFLTOTAL-26OCT04DETCAR,KXNFLTOTAL,KXNFLTOTAL-26OCT04DETCAR-47,Full Game: over 46.5 points scored?,0.6300,0.6500,0.6500,43.15,43.15,active,2026-10-07T00:20:00Z,2026-10-02T09:37:33+00:00
KXNFLTOTAL-26OCT04DETCAR,KXNFLTOTAL,KXNFLTOTAL-26OCT04DETCAR-35,Full Game: over 34.5 points scored?,0.8900,0.9000,0.8900,772.28,772.28,active,2026-10-07T00:20:00Z,2026-10-02T09:37:33+00:00
KXNFLTOTAL-26OCT04DETCAR,KXNFLTOTAL,KXNFLTOTAL-26OCT04DETCAR-41,Full Game: over 40.5 points scored?,0.7800,0.7900,0.7600,98.90,98.90,active,2026-10-07T00:20:00Z,2026-10-02T09:37:33+00:00
KXNFLTOTAL-26OCT04DETCAR,KXNFLTOTAL,KXNFLTOTAL-26OCT04DETCAR-65,Full Game: over 64.5 points scored?,0.1600,0.1700,0.1700,1033.56,983.56,active,2026-10-07T00:20:00Z,2026-10-02T09:37:33+00:00
KXNFLTOTAL-26OCT04DETCAR,KXNFLTOTAL,KXNFLTOTAL-26OCT04DETCAR-68,Full Game: over 67.5 points scored?,0.1100,0.1200,0.1400,51.47,51.47,active,2026-10-07T00:20:00Z,2026-10-02T09:37:33+00:00
KXNFLTOTAL-26OCT04DETCAR,KXNFLTOTAL,KXNFLTOTAL-26OCT04DETCAR-29,Full Game: over 28.5 points scored?,0.9500,0.9700,0.9700,194.91,187.94,active,2026-10-07T00:20:00Z,2026-10-02T09:37:33+00:00
KXNFLTOTAL-26OCT04DETCAR,KXNFLTOTAL,KXNFLTOTAL-26OCT04DETCAR-71,Full Game: over 70.5 points scored?,0.0700,0.0900,0.0800,5317.21,5122.76,active,2026-10-07T00:20:00Z,2026-10-02T09:37:33+00:00
KXNFLTOTAL-26OCT04DETCAR,KXNFLTOTAL,KXNFLTOTAL-26OCT04DETCAR-44,Full Game: over 43.5 points scored?,0.7100,0.7200,0.7200,48.00,45.50,active,2026-10-07T00:20:00Z,2026-10-02T09:37:33+00:00
KXNFLTOTAL-26OCT04DETCAR,KXNFLTOTAL,KXNFLTOTAL-26OCT04DETCAR-56,Full Game: over 55.5 points scored?,0.3600,0.3800,0.3700,1661.49,1544.10,active,2026-10-07T00:20:00Z,2026-10-02T09:37:33+00:00
KXNFLTOTAL-26OCT04DETCAR,KXNFLTOTAL,KXNFLTOTAL-26OCT04DETCAR-52,Full Game: over 51.5 points scored?,0.4800,0.4900,0.4900,9908.79,8174.10,active,2026-10-07T00:20:00Z,2026-10-02T09:37:33+00:00
KXNFLTOTAL-26OCT04DETCAR,KXNFLTOTAL,KXNFLTOTAL-26OCT04DETCAR-53,Full Game: over 52.5 points scored?,0.4500,0.4600,0.4600,18301.06,18284.03,active,2026-10-07T00:20:00Z,2026-10-02T09:37:33+00:00
KXNFLTOTAL-26OCT04DETCAR,KXNFLTOTAL,KXNFLTOTAL-26OCT04DETCAR-51,Full Game: over 50.5 points scored?,0.5200,0.5300,0.5300,14161.61,10235.00,active,2026-10-07T00:20:00Z,2026-10-02T09:37:33+00:00
KXNFLTOTAL-26OCT04DETCAR,KXNFLTOTAL,KXNFLTOTAL-26OCT04DETCAR-62,Full Game: over 61.5 points scored?,0.2200,0.2300,0.2400,20149.81,16098.38,active,2026-10-07T00:20:00Z,2026-10-02T09:37:33+00:00
KXNFLTOTAL-26OCT04DETCAR,KXNFLTOTAL,KXNFLTOTAL-26OCT04DETCAR-59,Full Game: over 58.5 points scored?,0.2700,0.2900,0.2800,2738.94,2084.94,active,2026-10-07T00:20:00Z,2026-10-02T09:37:33+00:00
KXNFLTOTAL-26OCT04DETCAR,KXNFLTOTAL,KXNFLTOTAL-26OCT04DETCAR-48,Full Game: over 47.5 points scored?,0.6000,0.6200,0.6200,326.61,326.61,active,2026-10-07T00:20:00Z,2026-10-02T09:37:33+00:00
KXNFLTOTAL-26OCT04DETCAR,KXNFLTOTAL,KXNFLTOTAL-26OCT04DETCAR-49,Full Game: over 48.5 points scored?,0.5800,0.5900,0.5800,1731.73,1324.48,active,2026-10-07T00:20:00Z,2026-10-02T09:37:33+00:00
KXNFLTOTAL-26OCT04DETCAR,KXNFLTOTAL,KXNFLTOTAL-26OCT04DETCAR-50,Full Game: over 49.5 points scored?,0.5500,0.5600,0.5600,1798.01,1723.01,active,2026-10-07T00:20:00Z,2026-10-02T09:37:33+00:00
KXNFLTOTAL-26OCT04GBTB,KXNFLTOTAL,KXNFLTOTAL-26OCT04GBTB-48,Full Game: over 47.5 points scored?,0.2400,0.2600,0.2600,24890.96,9863.81,active,2026-10-06T17:00:00Z,2026-10-02T09:37:33+00:00
KXNFLTOTAL-26OCT04GBTB,KXNFLTOTAL,KXNFLTOTAL-26OCT04GBTB-53,Full Game: over 52.5 points scored?,0.1400,0.1600,0.1600,9523.56,7029.36,active,2026-10-06T17:00:00Z,2026-10-02T09:37:33+00:00
KXNFLTOTAL-26OCT04GBTB,KXNFLTOTAL,KXNFLTOTAL-26OCT04GBTB-65,Full Game: over 64.5 points scored?,0.0400,0.0600,0.0500,30728.56,3691.22,active,2026-10-06T17:00:00Z,2026-10-02T09:37:33+00:00
KXNFLTOTAL-26OCT04GBTB,KXNFLTOTAL,KXNFLTOTAL-26OCT04GBTB-47,Full Game: over 46.5 points scored?,0.2700,0.2800,0.2800,23072.32,6883.36,active,2026-10-06T17:00:00Z,2026-10-02T09:37:33+00:00
KXNFLTOTAL-26OCT04GBTB,KXNFLTOTAL,KXNFLTOTAL-26OCT04GBTB-29,Full Game: over 28.5 points scored?,0.8000,0.8200,0.8100,49732.11,15432.51,active,2026-10-06T17:00:00Z,2026-10-02T09:37:33+00:00
KXNFLTOTAL-26OCT04GBTB,KXNFLTOTAL,KXNFLTOTAL-26OCT04GBTB-62,Full Game: over 61.5 points scored?,0.0500,0.0600,0.0500,2497.08,2497.08,active,2026-10-06T17:00:00Z,2026-10-02T09:37:33+00:00
KXNFLTOTAL-26OCT04GBTB,KXNFLTOTAL,KXNFLTOTAL-26OCT04GBTB-26,Full Game: over 25.5 points scored?,0.8600,0.8800,0.8700,31003.03,724.49,active,2026-10-06T17:00:00Z,2026-10-02T09:37:33+00:00
KXNFLTOTAL-26OCT04GBTB,KXNFLTOTAL,KXNFLTOTAL-26OCT04GBTB-68,Full Game: over 67.5 points scored?,0.0200,0.0300,0.0200,1218.35,1218.35,active,2026-10-06T17:00:00Z,2026-10-02T09:37:33+00:00
KXNFLTOTAL-26OCT04GBTB,KXNFLTOTAL,KXNFLTOTAL-26OCT04GBTB-59,Full Game: over 58.5 points scored?,0.0700,0.0800,0.0800,18526.79,10892.79,active,2026-10-06T17:00:00Z,2026-10-02T09:37:33+00:00
KXNFLTOTAL-26OCT04GBTB,KXNFLTOTAL,KXNFLTOTAL-26OCT04GBTB-46,Full Game: over 45.5 points scored?,0.2900,0.3000,0.3100,23432.93,10189.83,active,2026-10-06T17:00:00Z,2026-10-02T09:37:33+00:00
KXNFLTOTAL-26OCT04GBTB,KXNFLTOTAL,KXNFLTOTAL-26OCT04GBTB-38,Full Game: over 37.5 points scored?,0.5400,0.5500,0.5500,54461.10,39197.23,active,2026-10-06T17:00:00Z,2026-10-02T09:37:33+00:00
KXNFLTOTAL-26OCT04GBTB,KXNFLTOTAL,KXNFLTOTAL-26OCT04GBTB-41,Full Game: over 40.5 points scored?,0.4300,0.4400,0.4400,51791.12,32484.04,active,2026-10-06T17:00:00Z,2026-10-02T09:37:33+00:00
KXNFLTOTAL-26OCT04GBTB,KXNFLTOTAL,KXNFLTOTAL-26OCT04GBTB-32,Full Game: over 31.5 points scored?,0.7100,0.7200,0.7200,75052.24,39346.28,active,2026-10-06T17:00:00Z,2026-10-02T09:37:33+00:00
KXNFLTOTAL-26OCT04GBTB,KXNFLTOTAL,KXNFLTOTAL-26OCT04GBTB-35,Full Game: over 34.5 points scored?,0.6300,0.6500,0.6400,24396.04,8590.42,active,2026-10-06T17:00:00Z,2026-10-02T09:37:33+00:00
KXNFLTOTAL-26OCT04GBTB,KXNFLTOTAL,KXNFLTOTAL-26OCT04GBTB-45,Full Game: over 44.5 points scored?,0.3100,0.3200,0.3300,70805.74,55222.11,active,2026-10-06T17:00:00Z,2026-10-02T09:37:33+00:00
KXNFLTOTAL-26OCT04GBTB,KXNFLTOTAL,KXNFLTOTAL-26OCT04GBTB-44,Full Game: over 43.5 points scored?,0.3400,0.3600,0.3600,64451.48,63277.66,active,2026-10-06T17:00:00Z,2026-10-02T09:37:33+00:00
KXNFLTOTAL-26OCT04GBTB,KXNFLTOTAL,KXNFLTOTAL-26OCT04GBTB-56,Full Game: over 55.5 points scored?,0.1000,0.1100,0.1100,20404.40,9117.40,active,2026-10-06T17:00:00Z,2026-10-02T09:37:33+00:00
KXNFLTOTAL-26OCT04GBTB,KXNFLTOTAL,KXNFLTOTAL-26OCT04GBTB-50,Full Game: over 49.5 points scored?,0.1900,0.2100,0.2100,31912.33,22649.57,active,2026-10-06T17:00:00Z,2026-10-02T09:37:33+00:00
KXNFLTOTAL-26OCT04GBTB,KXNFLTOTAL,KXNFLTOTAL-26OCT04GBTB-49,Full Game: over 48.5 points scored?,0.2100,0.2200,0.2300,23243.24,11130.03,active,2026-10-06T17:00:00Z,2026-10-02T09:37:33+00:00
KXNFLTOTAL-26OCT04INDWAS,KXNFLTOTAL,KXNFLTOTAL-26OCT04INDWAS-44,Full Game: over 43.5 points scored?,0.6400,0.6500,0.6400,55921.50,24228.41,active,2026-10-06T13:30:00Z,2026-10-02T09:37:33+00:00
KXNFLTOTAL-26OCT04INDWAS,KXNFLTOTAL,KXNFLTOTAL-26OCT04INDWAS-32,Full Game: over 31.5 points scored?,0.8900,0.9000,0.8900,39686.48,25178.36,active,2026-10-06T13:30:00Z,2026-10-02T09:37:33+00:00
KXNFLTOTAL-26OCT04INDWAS,KXNFLTOTAL,KXNFLTOTAL-26OCT04INDWAS-46,Full Game: over 45.5 points scored?,0.5800,0.5900,0.5800,28721.57,28603.40,active,2026-10-06T13:30:00Z,2026-10-02T09:37:33+00:00
KXNFLTOTAL-26OCT04INDWAS,KXNFLTOTAL,KXNFLTOTAL-26OCT04INDWAS-41,Full Game: over 40.5 points scored?,0.7300,0.7400,0.7500,35576.27,30184.58,active,2026-10-06T13:30:00Z,2026-10-02T09:37:33+00:00
KXNFLTOTAL-26OCT04INDWAS,KXNFLTOTAL,KXNFLTOTAL-26OCT04INDWAS-50,Full Game: over 49.5 points scored?,0.4500,0.4700,0.4600,40554.74,15476.78,active,2026-10-06T13:30:00Z,2026-10-02T09:37:33+00:00
KXNFLTOTAL-26OCT04INDWAS,KXNFLTOTAL,KXNFLTOTAL-26OCT04INDWAS-29,Full Game: over 28.5 points scored?,0.9400,0.9600,0.9500,58715.91,27234.27,active,2026-10-06T13:30:00Z,2026-10-02T09:37:33+00:00
KXNFLTOTAL-26OCT04INDWAS,KXNFLTOTAL,KXNFLTOTAL-26OCT04INDWAS-45,Full Game: over 44.5 points scored?,0.6100,0.6200,0.5900,38010.00,11819.26,active,2026-10-06T13:30:00Z,2026-10-02T09:37:33+00:00
KXNFLTOTAL-26OCT04INDWAS,KXNFLTOTAL,KXNFLTOTAL-26OCT04INDWAS-35,Full Game: over 34.5 points scored?,0.8500,0.8700,0.8400,67360.04,8132.00,active,2026-10-06T13:30:00Z,2026-10-02T09:37:33+00:00
KXNFLTOTAL-26OCT04INDWAS,KXNFLTOTAL,KXNFLTOTAL-26OCT04INDWAS-26,Full Game: over 25.5 points scored?,0.9500,0.9600,0.9500,35731.95,31670.63,active,2026-10-06T13:30:00Z,2026-10-02T09:37:33+00:00
KXNFLTOTAL-26OCT04INDWAS,KXNFLTOTAL,KXNFLTOTAL-26OCT04INDWAS-49,Full Game: over 48.5 points scored?,0.4900,0.5000,0.4900,27599.21,26354.39,active,2026-10-06T13:30:00Z,2026-10-02T09:37:33+00:00
KXNFLTOTAL-26OCT04INDWAS,KXNFLTOTAL,KXNFLTOTAL-26OCT04INDWAS-47,Full Game: over 46.5 points scored?,0.5600,0.5700,0.5700,52219.30,12003.38,active,2026-10-06T13:30:00Z,2026-10-02T09:37:33+00:00
KXNFLTOTAL-26OCT04INDWAS,KXNFLTOTAL,KXNFLTOTAL-26OCT04INDWAS-38,Full Game: over 37.5 points scored?,0.7900,0.8100,0.7800,29706.90,22776.79,active,2026-10-06T13:30:00Z,2026-10-02T09:37:33+00:00
KXNFLTOTAL-26OCT04INDWAS,KXNFLTOTAL,KXNFLTOTAL-26OCT04INDWAS-48,Full Game: over 47.5 points scored?,0.5300,0.5400,0.5400,58168.85,33313.79,active,2026-10-06T13:30:00Z,2026-10-02T09:37:33+00:00
KXNFLTOTAL-26OCT04INDWAS,KXNFLTOTAL,KXNFLTOTAL-26OCT04INDWAS-56,Full Game: over 55.5 points scored?,0.2800,0.3000,0.3000,36624.86,15897.86,active,2026-10-06T13:30:00Z,2026-10-02T09:37:33+00:00
KXNFLTOTAL-26OCT04INDWAS,KXNFLTOTAL,KXNFLTOTAL-26OCT04INDWAS-59,Full Game: over 58.5 points scored?,0.2100,0.2200,0.1900,36355.55,3763.55,active,2026-10-06T13:30:00Z,2026-10-02T09:37:33+00:00
KXNFLTOTAL-26OCT04INDWAS,KXNFLTOTAL,KXNFLTOTAL-26OCT04INDWAS-65,Full Game: over 64.5 points scored?,0.1200,0.1300,0.1200,48954.86,38155.49,active,2026-10-06T13:30:00Z,2026-10-02T09:37:33+00:00
KXNFLTOTAL-26OCT04INDWAS,KXNFLTOTAL,KXNFLTOTAL-26OCT04INDWAS-62,Full Game: over 61.5 points scored?,0.1600,0.1700,0.1500,43477.11,14116.67,active,2026-10-06T13:30:00Z,2026-10-02T09:37:33+00:00
KXNFLTOTAL-26OCT04INDWAS,KXNFLTOTAL,KXNFLTOTAL-26OCT04INDWAS-68,Full Game: over 67.5 points scored?,0.0800,0.0900,0.0800,26536.55,12765.63,active,2026-10-06T13:30:00Z,2026-10-02T09:37:33+00:00
KXNFLTOTAL-26OCT04INDWAS,KXNFLTOTAL,KXNFLTOTAL-26OCT04INDWAS-53,Full Game: over 52.5 points scored?,0.3600,0.3700,0.3700,38602.33,4250.68,active,2026-10-06T13:30:00Z,2026-10-02T09:37:33+00:00
KXNFLTOTAL-26OCT04JACCIN,KXNFLTOTAL,KXNFLTOTAL-26OCT04JACCIN-29,Full Game: over 28.5 points scored?,0.9500,0.9600,0.9500,53030.54,23984.30,active,2026-10-06T17:00:00Z,2026-10-02T09:37:33+00:00
KXNFLTOTAL-26OCT04JACCIN,KXNFLTOTAL,KXNFLTOTAL-26OCT04JACCIN-62,Full Game: over 61.5 points scored?,0.2400,0.2500,0.2400,12899.46,12899.46,active,2026-10-06T17:00:00Z,2026-10-02T09:37:33+00:00
KXNFLTOTAL-26OCT04JACCIN,KXNFLTOTAL,KXNFLTOTAL-26OCT04JACCIN-32,Full Game: over 31.5 points scored?,0.9300,0.9400,0.9300,53113.84,22900.28,active,2026-10-06T17:00:00Z,2026-10-02T09:37:33+00:00
KXNFLTOTAL-26OCT04JACCIN,KXNFLTOTAL,KXNFLTOTAL-26OCT04JACCIN-47,Full Game: over 46.5 points scored?,0.6400,0.6600,0.6600,14008.18,13931.18,active,2026-10-06T17:00:00Z,2026-10-02T09:37:33+00:00
KXNFLTOTAL-26OCT04JACCIN,KXNFLTOTAL,KXNFLTOTAL-26OCT04JACCIN-65,Full Game: over 64.5 points scored?,0.1700,0.1800,0.1800,1700.00,1700.00,active,2026-10-06T17:00:00Z,2026-10-02T09:37:33+00:00
KXNFLTOTAL-26OCT04JACCIN,KXNFLTOTAL,KXNFLTOTAL-26OCT04JACCIN-71,Full Game: over 70.5 points scored?,0.0900,0.1000,0.0800,3554.68,3062.59,active,2026-10-06T17:00:00Z,2026-10-02T09:37:33+00:00
KXNFLTOTAL-26OCT04JACCIN,KXNFLTOTAL,KXNFLTOTAL-26OCT04JACCIN-41,Full Game: over 40.5 points scored?,0.7800,0.8000,0.8000,5248.58,2705.54,active,2026-10-06T17:00:00Z,2026-10-02T09:37:33+00:00
KXNFLTOTAL-26OCT04JACCIN,KXNFLTOTAL,KXNFLTOTAL-26OCT04JACCIN-59,Full Game: over 58.5 points scored?,0.2900,0.3000,0.2900,3893.58,3809.35,active,2026-10-06T17:00:00Z,2026-10-02T09:37:33+00:00
KXNFLTOTAL-26OCT04JACCIN,KXNFLTOTAL,KXNFLTOTAL-26OCT04JACCIN-35,Full Game: over 34.5 points scored?,0.8900,0.9000,0.9000,21227.91,13484.27,active,2026-10-06T17:00:00Z,2026-10-02T09:37:33+00:00
KXNFLTOTAL-26OCT04JACCIN,KXNFLTOTAL,KXNFLTOTAL-26OCT04JACCIN-53,Full Game: over 52.5 points scored?,0.4700,0.4800,0.4700,52.05,52.05,active,2026-10-06T17:00:00Z,2026-10-02T09:37:33+00:00
KXNFLTOTAL-26OCT04JACCIN,KXNFLTOTAL,KXNFLTOTAL-26OCT04JACCIN-51,Full Game: over 50.5 points scored?,0.5300,0.5400,0.5400,4716.47,2731.56,active,2026-10-06T17:00:00Z,2026-10-02T09:37:33+00:00
KXNFLTOTAL-26OCT04JACCIN,KXNFLTOTAL,KXNFLTOTAL-26OCT04JACCIN-52,Full Game: over 51.5 points scored?,0.5000,0.5100,0.5100,14193.52,10839.26,active,2026-10-06T17:00:00Z,2026-10-02T09:37:33+00:00
KXNFLTOTAL-26OCT04JACCIN,KXNFLTOTAL,KXNFLTOTAL-26OCT04JACCIN-50,Full Game: over 49.5 points scored?,0.5700,0.5800,0.5800,317.40,317.40,active,2026-10-06T17:00:00Z,2026-10-02T09:37:33+00:00
KXNFLTOTAL-26OCT04JACCIN,KXNFLTOTAL,KXNFLTOTAL-26OCT04JACCIN-49,Full Game: over 48.5 points scored?,0.6100,0.6200,0.6000,1857.21,1012.00,active,2026-10-06T17:00:00Z,2026-10-02T09:37:33+00:00
KXNFLTOTAL-26OCT04JACCIN,KXNFLTOTAL,KXNFLTOTAL-26OCT04JACCIN-44,Full Game: over 43.5 points scored?,0.7200,0.7400,0.7300,16884.96,15739.78,active,2026-10-06T17:00:00Z,2026-10-02T09:37:33+00:00
KXNFLTOTAL-26OCT04JACCIN,KXNFLTOTAL,KXNFLTOTAL-26OCT04JACCIN-48,Full Game: over 47.5 points scored?,0.6100,0.6200,0.6200,18617.60,13891.35,active,2026-10-06T17:00:00Z,2026-10-02T09:37:33+00:00
KXNFLTOTAL-26OCT04JACCIN,KXNFLTOTAL,KXNFLTOTAL-26OCT04JACCIN-68,Full Game: over 67.5 points scored?,0.1200,0.1300,0.1300,3743.80,3743.80,active,2026-10-06T17:00:00Z,2026-10-02T09:37:33+00:00
KXNFLTOTAL-26OCT04JACCIN,KXNFLTOTAL,KXNFLTOTAL-26OCT04JACCIN-56,Full Game: over 55.5 points scored?,0.3700,0.3900,0.3800,472.54,302.54,active,2026-10-06T17:00:00Z,2026-10-02T09:37:33+00:00
KXNFLTOTAL-26OCT04JACCIN,KXNFLTOTAL,KXNFLTOTAL-26OCT04JACCIN-38,Full Game: over 37.5 points scored?,0.8400,0.8600,0.8600,20060.46,10035.52,active,2026-10-06T17:00:00Z,2026-10-02T09:37:33+00:00
KXNFLTOTAL-26OCT04KCLV,KXNFLTOTAL,KXNFLTOTAL-26OCT04KCLV-45,Full Game: over 44.5 points scored?,0.5900,0.6000,0.6100,201.39,201.39,active,2026-10-06T20:25:00Z,2026-10-02T09:37:33+00:00
KXNFLTOTAL-26OCT04KCLV,KXNFLTOTAL,KXNFLTOTAL-26OCT04KCLV-59,Full Game: over 58.5 points scored?,0.2000,0.2100,0.2100,2367.85,1824.03,active,2026-10-06T20:25:00Z,2026-10-02T09:37:33+00:00
KXNFLTOTAL-26OCT04KCLV,KXNFLTOTAL,KXNFLTOTAL-26OCT04KCLV-56,Full Game: over 55.5 points scored?,0.2700,0.2800,0.2800,219.51,167.87,active,2026-10-06T20:25:00Z,2026-10-02T09:37:33+00:00
KXNFLTOTAL-26OCT04KCLV,KXNFLTOTAL,KXNFLTOTAL-26OCT04KCLV-68,Full Game: over 67.5 points scored?,0.0600,0.0800,0.0800,7330.94,4659.98,active,2026-10-06T20:25:00Z,2026-10-02T09:37:33+00:00
KXNFLTOTAL-26OCT04KCLV,KXNFLTOTAL,KXNFLTOTAL-26OCT04KCLV-32,Full Game: over 31.5 points scored?,0.9000,0.9100,0.9100,868.99,789.50,active,2026-10-06T20:25:00Z,2026-10-02T09:37:33+00:00
KXNFLTOTAL-26OCT04KCLV,KXNFLTOTAL,KXNFLTOTAL-26OCT04KCLV-26,Full Game: over 25.5 points scored?,0.9600,0.9700,0.9600,22823.68,18749.98,active,2026-10-06T20:25:00Z,2026-10-02T09:37:33+00:00
KXNFLTOTAL-26OCT04KCLV,KXNFLTOTAL,KXNFLTOTAL-26OCT04KCLV-65,Full Game: over 64.5 points scored?,0.1100,0.1200,0.1200,6065.96,6019.14,active,2026-10-06T20:25:00Z,2026-10-02T09:37:33+00:00
KXNFLTOTAL-26OCT04KCLV,KXNFLTOTAL,KXNFLTOTAL-26OCT04KCLV-35,Full Game: over 34.5 points scored?,0.8500,0.8700,0.8600,2491.94,2339.00,active,2026-10-06T20:25:00Z,2026-10-02T09:37:33+00:00
KXNFLTOTAL-26OCT04KCLV,KXNFLTOTAL,KXNFLTOTAL-26OCT04KCLV-44,Full Game: over 43.5 points scored?,0.6300,0.6400,0.6400,713.22,503.00,active,2026-10-06T20:25:00Z,2026-10-02T09:37:33+00:00
KXNFLTOTAL-26OCT04KCLV,KXNFLTOTAL,KXNFLTOTAL-26OCT04KCLV-38,Full Game: over 37.5 points scored?,0.7800,0.8000,0.8000,351.19,170.03,active,2026-10-06T20:25:00Z,2026-10-02T09:37:33+00:00
KXNFLTOTAL-26OCT04KCLV,KXNFLTOTAL,KXNFLTOTAL-26OCT04KCLV-41,Full Game: over 40.5 points scored?,0.7100,0.7300,0.7300,163.17,122.58,active,2026-10-06T20:25:00Z,2026-10-02T09:37:33+00:00
KXNFLTOTAL-26OCT04KCLV,KXNFLTOTAL,KXNFLTOTAL-26OCT04KCLV-62,Full Game: over 61.5 points scored?,0.1400,0.1500,0.1600,6078.40,3544.09,active,2026-10-06T20:25:00Z,2026-10-02T09:37:33+00:00
KXNFLTOTAL-26OCT04KCLV,KXNFLTOTAL,KXNFLTOTAL-26OCT04KCLV-29,Full Game: over 28.5 points scored?,0.9400,0.9600,0.9400,2875.87,2776.64,active,2026-10-06T20:25:00Z,2026-10-02T09:37:33+00:00
KXNFLTOTAL-26OCT04KCLV,KXNFLTOTAL,KXNFLTOTAL-26OCT04KCLV-48,Full Game: over 47.5 points scored?,0.4900,0.5000,0.5000,32594.18,27592.74,active,2026-10-06T20:25:00Z,2026-10-02T09:37:33+00:00
KXNFLTOTAL-26OCT04KCLV,KXNFLTOTAL,KXNFLTOTAL-26OCT04KCLV-46,Full Game: over 45.5 points scored?,0.5700,0.5800,0.5800,2055.01,1668.42,active,2026-10-06T20:25:00Z,2026-10-02T09:37:33+00:00
KXNFLTOTAL-26OCT04KCLV,KXNFLTOTAL,KXNFLTOTAL-26OCT04KCLV-53,Full Game: over 52.5 points scored?,0.3500,0.3700,0.3700,2588.02,2547.89,active,2026-10-06T20:25:00Z,2026-10-02T09:37:33+00:00
KXNFLTOTAL-26OCT04KCLV,KXNFLTOTAL,KXNFLTOTAL-26OCT04KCLV-50,Full Game: over 49.5 points scored?,0.4400,0.4500,0.4500,143.76,138.57,active,2026-10-06T20:25:00Z,2026-10-02T09:37:33+00:00
KXNFLTOTAL-26OCT04KCLV,KXNFLTOTAL,KXNFLTOTAL-26OCT04KCLV-47,Full Game: over 46.5 points scored?,0.5400,0.5500,0.5400,14702.12,14582.43,active,2026-10-06T20:25:00Z,2026-10-02T09:37:33+00:00
KXNFLTOTAL-26OCT04KCLV,KXNFLTOTAL,KXNFLTOTAL-26OCT04KCLV-49,Full Game: over 48.5 points scored?,0.4600,0.4700,0.4700,426.96,397.14,active,2026-10-06T20:25:00Z,2026-10-02T09:37:33+00:00
KXNFLTOTAL-26OCT04LACSEA,KXNFLTOTAL,KXNFLTOTAL-26OCT04LACSEA-59,Full Game: over 58.5 points scored?,0.1200,0.1300,0.1300,2090.26,2090.26,active,2026-10-06T20:25:00Z,2026-10-02T09:37:33+00:00
KXNFLTOTAL-26OCT04LACSEA,KXNFLTOTAL,KXNFLTOTAL-26OCT04LACSEA-65,Full Game: over 64.5 points scored?,0.0500,0.0600,0.0600,8151.33,8151.33,active,2026-10-06T20:25:00Z,2026-10-02T09:37:33+00:00
KXNFLTOTAL-26OCT04LACSEA,KXNFLTOTAL,KXNFLTOTAL-26OCT04LACSEA-44,Full Game: over 43.5 points scored?,0.4600,0.4700,0.4600,1773.09,1587.71,active,2026-10-06T20:25:00Z,2026-10-02T09:37:33+00:00
KXNFLTOTAL-26OCT04LACSEA,KXNFLTOTAL,KXNFLTOTAL-26OCT04LACSEA-47,Full Game: over 46.5 points scored?,0.3800,0.4000,0.3900,8287.82,7421.00,active,2026-10-06T20:25:00Z,2026-10-02T09:37:33+00:00
KXNFLTOTAL-26OCT04LACSEA,KXNFLTOTAL,KXNFLTOTAL-26OCT04LACSEA-53,Full Game: over 52.5 points scored?,0.2200,0.2400,0.2300,227.00,227.00,active,2026-10-06T20:25:00Z,2026-10-02T09:37:33+00:00
KXNFLTOTAL-26OCT04LACSEA,KXNFLTOTAL,KXNFLTOTAL-26OCT04LACSEA-62,Full Game: over 61.5 points scored?,0.0800,0.0900,0.0800,20096.53,20096.53,active,2026-10-06T20:25:00Z,2026-10-02T09:37:33+00:00
KXNFLTOTAL-26OCT04LACSEA,KXNFLTOTAL,KXNFLTOTAL-26OCT04LACSEA-56,Full Game: over 55.5 points scored?,0.1700,0.1800,0.1700,1603.00,1582.00,active,2026-10-06T20:25:00Z,2026-10-02T09:37:33+00:00
KXNFLTOTAL-26OCT04LACSEA,KXNFLTOTAL,KXNFLTOTAL-26OCT04LACSEA-32,Full Game: over 31.5 points scored?,0.8200,0.8400,0.8200,65796.63,4181.45,active,2026-10-06T20:25:00Z,2026-10-02T09:37:33+00:00
KXNFLTOTAL-26OCT04LACSEA,KXNFLTOTAL,KXNFLTOTAL-26OCT04LACSEA-29,Full Game: over 28.5 points scored?,0.8900,0.9000,0.8900,20013.58,19371.22,active,2026-10-06T20:25:00Z,2026-10-02T09:37:33+00:00
KXNFLTOTAL-26OCT04LACSEA,KXNFLTOTAL,KXNFLTOTAL-26OCT04LACSEA-35,Full Game: over 34.5 points scored?,0.7500,0.7600,0.7600,4320.20,1680.20,active,2026-10-06T20:25:00Z,2026-10-02T09:37:33+00:00
KXNFLTOTAL-26OCT04LACSEA,KXNFLTOTAL,KXNFLTOTAL-26OCT04LACSEA-38,Full Game: over 37.5 points scored?,0.6600,0.6800,0.6700,4188.44,1688.44,active,2026-10-06T20:25:00Z,2026-10-02T09:37:33+00:00
KXNFLTOTAL-26OCT04LACSEA,KXNFLTOTAL,KXNFLTOTAL-26OCT04LACSEA-41,Full Game: over 40.5 points scored?,0.5800,0.5900,0.5900,17495.46,15723.46,active,2026-10-06T20:25:00Z,2026-10-02T09:37:33+00:00
KXNFLTOTAL-26OCT04LACSEA,KXNFLTOTAL,KXNFLTOTAL-26OCT04LACSEA-23,Full Game: over 22.5 points scored?,0.9600,0.9700,0.9700,21118.87,10368.63,active,2026-10-06T20:25:00Z,2026-10-02T09:37:33+00:00
KXNFLTOTAL-26OCT04LACSEA,KXNFLTOTAL,KXNFLTOTAL-26OCT04LACSEA-26,Full Game: over 25.5 points scored?,0.9300,0.9400,0.9400,36364.78,9582.15,active,2026-10-06T20:25:00Z,2026-10-02T09:37:33+00:00
KXNFLTOTAL-26OCT04LACSEA,KXNFLTOTAL,KXNFLTOTAL-26OCT04LACSEA-46,Full Game: over 45.5 points scored?,0.4200,0.4300,0.4200,371909.22,363975.20,active,2026-10-06T20:25:00Z,2026-10-02T09:37:33+00:00
KXNFLTOTAL-26OCT04LACSEA,KXNFLTOTAL,KXNFLTOTAL-26OCT04LACSEA-50,Full Game: over 49.5 points scored?,0.3100,0.3200,0.3200,371687.15,355387.15,active,2026-10-06T20:25:00Z,2026-10-02T09:37:33+00:00
KXNFLTOTAL-26OCT04LACSEA,KXNFLTOTAL,KXNFLTOTAL-26OCT04LACSEA-45,Full Game: over 44.5 points scored?,0.4300,0.4400,0.4400,1839.22,1697.46,active,2026-10-06T20:25:00Z,2026-10-02T09:37:33+00:00
KXNFLTOTAL-26OCT04LACSEA,KXNFLTOTAL,KXNFLTOTAL-26OCT04LACSEA-42,Full Game: over 41.5 points scored?,0.5400,0.5500,0.5500,13619.81,13611.00,active,2026-10-06T20:25:00Z,2026-10-02T09:37:33+00:00
KXNFLTOTAL-26OCT04LACSEA,KXNFLTOTAL,KXNFLTOTAL-26OCT04LACSEA-43,Full Game: over 42.5 points scored?,0.5000,0.5100,0.5000,4702.89,3873.40,active,2026-10-06T20:25:00Z,2026-10-02T09:37:33+00:00
KXNFLTOTAL-26OCT04LARPHI,KXNFLTOTAL,KXNFLTOTAL-26OCT04LARPHI-31,Full Game: over 30.5 points scored?,0.8300,0.8400,0.8600,15373.98,13421.13,active,2026-10-06T17:00:00Z,2026-10-02T09:37:33+00:00
KXNFLTOTAL-26OCT04LARPHI,KXNFLTOTAL,KXNFLTOTAL-26OCT04LARPHI-34,Full Game: over 33.5 points scored?,0.7700,0.7900,0.7900,33328.16,1791.18,active,2026-10-06T17:00:00Z,2026-10-02T09:37:33+00:00
KXNFLTOTAL-26OCT04LARPHI,KXNFLTOTAL,KXNFLTOTAL-26OCT04LARPHI-64,Full Game: over 63.5 points scored?,0.0500,0.0600,0.0700,6510.61,5285.34,active,2026-10-06T17:00:00Z,2026-10-02T09:37:33+00:00
KXNFLTOTAL-26OCT04LARPHI,KXNFLTOTAL,KXNFLTOTAL-26OCT04LARPHI-48,Full Game: over 47.5 points scored?,0.3500,0.3600,0.3800,721.99,630.99,active,2026-10-06T17:00:00Z,2026-10-02T09:37:33+00:00
KXNFLTOTAL-26OCT04LARPHI,KXNFLTOTAL,KXNFLTOTAL-26OCT04LARPHI-49,Full Game: over 48.5 points scored?,0.3300,0.3400,0.3500,504.99,404.15,active,2026-10-06T17:00:00Z,2026-10-02T09:37:33+00:00
KXNFLTOTAL-26OCT04LARPHI,KXNFLTOTAL,KXNFLTOTAL-26OCT04LARPHI-55,Full Game: over 54.5 points scored?,0.1800,0.2000,0.1900,6639.93,5406.46,active,2026-10-06T17:00:00Z,2026-10-02T09:37:33+00:00
KXNFLTOTAL-26OCT04LARPHI,KXNFLTOTAL,KXNFLTOTAL-26OCT04LARPHI-28,Full Game: over 27.5 points scored?,0.8900,0.9100,0.9100,38110.92,10775.02,active,2026-10-06T17:00:00Z,2026-10-02T09:37:33+00:00
KXNFLTOTAL-26OCT04LARPHI,KXNFLTOTAL,KXNFLTOTAL-26OCT04LARPHI-67,Full Game: over 66.5 points scored?,0.0500,0.0600,0.0500,16124.84,14860.27,active,2026-10-06T17:00:00Z,2026-10-02T09:37:33+00:00
KXNFLTOTAL-26OCT04LARPHI,KXNFLTOTAL,KXNFLTOTAL-26OCT04LARPHI-46,Full Game: over 45.5 points scored?,0.4100,0.4200,0.4300,3876.47,3841.47,active,2026-10-06T17:00:00Z,2026-10-02T09:37:33+00:00
KXNFLTOTAL-26OCT04LARPHI,KXNFLTOTAL,KXNFLTOTAL-26OCT04LARPHI-43,Full Game: over 42.5 points scored?,0.5100,0.5200,0.5200,22243.35,17359.34,active,2026-10-06T17:00:00Z,2026-10-02T09:37:33+00:00
KXNFLTOTAL-26OCT04LARPHI,KXNFLTOTAL,KXNFLTOTAL-26OCT04LARPHI-52,Full Game: over 51.5 points scored?,0.2400,0.2500,0.2500,5021.02,4678.97,active,2026-10-06T17:00:00Z,2026-10-02T09:37:33+00:00
KXNFLTOTAL-26OCT04LARPHI,KXNFLTOTAL,KXNFLTOTAL-26OCT04LARPHI-58,Full Game: over 57.5 points scored?,0.1300,0.1500,0.1400,17283.50,15865.41,active,2026-10-06T17:00:00Z,2026-10-02T09:37:33+00:00
KXNFLTOTAL-26OCT04LARPHI,KXNFLTOTAL,KXNFLTOTAL-26OCT04LARPHI-25,Full Game: over 24.5 points scored?,0.9300,0.9500,0.9500,51311.65,12521.18,active,2026-10-06T17:00:00Z,2026-10-02T09:37:33+00:00
KXNFLTOTAL-26OCT04LARPHI,KXNFLTOTAL,KXNFLTOTAL-26OCT04LARPHI-40,Full Game: over 39.5 points scored?,0.6000,0.6200,0.6300,6116.98,1001.98,active,2026-10-06T17:00:00Z,2026-10-02T09:37:33+00:00
KXNFLTOTAL-26OCT04LARPHI,KXNFLTOTAL,KXNFLTOTAL-26OCT04LARPHI-44,Full Game: over 43.5 points scored?,0.4700,0.4800,0.4800,38745.59,16640.45,active,2026-10-06T17:00:00Z,2026-10-02T09:37:33+00:00
KXNFLTOTAL-26OCT04LARPHI,KXNFLTOTAL,KXNFLTOTAL-26OCT04LARPHI-37,Full Game: over 36.5 points scored?,0.7000,0.7100,0.7100,6387.99,1658.91,active,2026-10-06T17:00:00Z,2026-10-02T09:37:33+00:00
KXNFLTOTAL-26OCT04LARPHI,KXNFLTOTAL,KXNFLTOTAL-26OCT04LARPHI-45,Full Game: over 44.5 points scored?,0.4300,0.4400,0.4400,64506.84,51180.68,active,2026-10-06T17:00:00Z,2026-10-02T09:37:33+00:00
KXNFLTOTAL-26OCT04LARPHI,KXNFLTOTAL,KXNFLTOTAL-26OCT04LARPHI-61,Full Game: over 60.5 points scored?,0.0800,0.0900,0.1000,17538.87,14074.34,active,2026-10-06T17:00:00Z,2026-10-02T09:37:33+00:00
KXNFLTOTAL-26OCT04LARPHI,KXNFLTOTAL,KXNFLTOTAL-26OCT04LARPHI-47,Full Game: over 46.5 points scored?,0.3800,0.3900,0.3900,367042.14,366914.68,active,2026-10-06T17:00:00Z,2026-10-02T09:37:33+00:00
KXNFLTOTAL-26OCT04MIAMIN,KXNFLTOTAL,KXNFLTOTAL-26OCT04MIAMIN-57,Full Game: over 56.5 points scored?,0.0800,0.0900,0.0800,5680.77,5680.77,active,2026-10-06T20:05:00Z,2026-10-02T09:37:33+00:00
KXNFLTOTAL-26OCT04MIAMIN,KXNFLTOTAL,KXNFLTOTAL-26OCT04MIAMIN-54,Full Game: over 53.5 points scored?,0.1200,0.1300,0.1200,17520.54,17369.54,active,2026-10-06T20:05:00Z,2026-10-02T09:37:33+00:00
KXNFLTOTAL-26OCT04MIAMIN,KXNFLTOTAL,KXNFLTOTAL-26OCT04MIAMIN-43,Full Game: over 42.5 points scored?,0.3800,0.3900,0.3900,2807.46,2397.56,active,2026-10-06T20:05:00Z,2026-10-02T09:37:33+00:00
KXNFLTOTAL-26OCT04MIAMIN,KXNFLTOTAL,KXNFLTOTAL-26OCT04MIAMIN-44,Full Game: over 43.5 points scored?,0.3400,0.3600,0.3300,3550.40,3159.40,active,2026-10-06T20:05:00Z,2026-10-02T09:37:33+00:00
KXNFLTOTAL-26OCT04MIAMIN,KXNFLTOTAL,KXNFLTOTAL-26OCT04MIAMIN-63,Full Game: over 62.5 points scored?,0.0300,0.0400,0.0300,3369.91,3239.91,active,2026-10-06T20:05:00Z,2026-10-02T09:37:33+00:00
KXNFLTOTAL-26OCT04MIAMIN,KXNFLTOTAL,KXNFLTOTAL-26OCT04MIAMIN-30,Full Game: over 29.5 points scored?,0.7800,0.7900,0.7800,4636.57,4305.46,active,2026-10-06T20:05:00Z,2026-10-02T09:37:33+00:00
KXNFLTOTAL-26OCT04MIAMIN,KXNFLTOTAL,KXNFLTOTAL-26OCT04MIAMIN-27,Full Game: over 26.5 points scored?,0.8500,0.8700,0.8600,5672.35,5490.62,active,2026-10-06T20:05:00Z,2026-10-02T09:37:33+00:00
KXNFLTOTAL-26OCT04MIAMIN,KXNFLTOTAL,KXNFLTOTAL-26OCT04MIAMIN-60,Full Game: over 59.5 points scored?,0.0500,0.0600,0.0500,4823.34,4818.41,active,2026-10-06T20:05:00Z,2026-10-02T09:37:33+00:00
KXNFLTOTAL-26OCT04MIAMIN,KXNFLTOTAL,KXNFLTOTAL-26OCT04MIAMIN-48,Full Game: over 47.5 points scored?,0.2300,0.2500,0.2500,18593.51,16902.86,active,2026-10-06T20:05:00Z,2026-10-02T09:37:33+00:00
KXNFLTOTAL-26OCT04MIAMIN,KXNFLTOTAL,KXNFLTOTAL-26OCT04MIAMIN-51,Full Game: over 50.5 points scored?,0.1700,0.1900,0.1700,17012.85,17012.85,active,2026-10-06T20:05:00Z,2026-10-02T09:37:33+00:00
KXNFLTOTAL-26OCT04MIAMIN,KXNFLTOTAL,KXNFLTOTAL-26OCT04MIAMIN-24,Full Game: over 23.5 points scored?,0.9000,0.9200,0.9100,19444.85,15651.71,active,2026-10-06T20:05:00Z,2026-10-02T09:37:33+00:00
KXNFLTOTAL-26OCT04MIAMIN,KXNFLTOTAL,KXNFLTOTAL-26OCT04MIAMIN-45,Full Game: over 44.5 points scored?,0.3000,0.3200,0.3200,15351.00,15301.00,active,2026-10-06T20:05:00Z,2026-10-02T09:37:33+00:00
KXNFLTOTAL-26OCT04MIAMIN,KXNFLTOTAL,KXNFLTOTAL-26OCT04MIAMIN-21,Full Game: over 20.5 points scored?,0.9500,0.9600,0.9500,3748.80,3744.28,active,2026-10-06T20:05:00Z,2026-10-02T09:37:33+00:00
KXNFLTOTAL-26OCT04MIAMIN,KXNFLTOTAL,KXNFLTOTAL-26OCT04MIAMIN-41,Full Game: over 40.5 points scored?,0.4300,0.4500,0.4500,644.77,398.89,active,2026-10-06T20:05:00Z,2026-10-02T09:37:33+00:00
KXNFLTOTAL-26OCT04MIAMIN,KXNFLTOTAL,KXNFLTOTAL-26OCT04MIAMIN-40,Full Game: over 39.5 points scored?,0.4700,0.4800,0.4700,4129.37,2965.31,active,2026-10-06T20:05:00Z,2026-10-02T09:37:33+00:00
KXNFLTOTAL-26OCT04MIAMIN,KXNFLTOTAL,KXNFLTOTAL-26OCT04MIAMIN-42,Full Game: over 41.5 points scored?,0.4000,0.4100,0.4100,18017.83,16981.61,active,2026-10-06T20:05:00Z,2026-10-02T09:37:33+00:00
KXNFLTOTAL-26OCT04MIAMIN,KXNFLTOTAL,KXNFLTOTAL-26OCT04MIAMIN-33,Full Game: over 32.5 points scored?,0.7000,0.7100,0.7100,4197.93,1789.33,active,2026-10-06T20:05:00Z,2026-10-02T09:37:33+00:00
KXNFLTOTAL-26OCT04MIAMIN,KXNFLTOTAL,KXNFLTOTAL-26OCT04MIAMIN-36,Full Game: over 35.5 points scored?,0.6000,0.6200,0.6200,143.37,93.37,active,2026-10-06T20:05:00Z,2026-10-02T09:37:33+00:00
KXNFLTOTAL-26OCT04MIAMIN,KXNFLTOTAL,KXNFLTOTAL-26OCT04MIAMIN-39,Full Game: over 38.5 points scored?,0.5000,0.5100,0.5000,14574.72,12660.07,active,2026-10-06T20:05:00Z,2026-10-02T09:37:33+00:00
KXNFLTOTAL-26OCT04NEBUF,KXNFLTOTAL,KXNFLTOTAL-26OCT04NEBUF-37,Full Game: over 36.5 points scored?,0.8300,0.8500,0.8400,4408.77,4267.02,active,2026-10-06T17:00:00Z,2026-10-02T09:37:33+00:00
KXNFLTOTAL-26OCT04NEBUF,KXNFLTOTAL,KXNFLTOTAL-26OCT04NEBUF-61,Full Game: over 60.5 points scored?,0.1900,0.2000,0.1900,126.00,125.00,active,2026-10-06T17:00:00Z,2026-10-02T09:37:33+00:00
KXNFLTOTAL-26OCT04NEBUF,KXNFLTOTAL,KXNFLTOTAL-26OCT04NEBUF-55,Full Game: over 54.5 points scored?,0.3400,0.3500,0.3500,417.03,402.66,active,2026-10-06T17:00:00Z,2026-10-02T09:37:33+00:00
KXNFLTOTAL-26OCT04NEBUF,KXNFLTOTAL,KXNFLTOTAL-26OCT04NEBUF-58,Full Game: over 57.5 points scored?,0.2600,0.2800,0.2700,208.04,208.04,active,2026-10-06T17:00:00Z,2026-10-02T09:37:33+00:00
KXNFLTOTAL-26OCT04NEBUF,KXNFLTOTAL,KXNFLTOTAL-26OCT04NEBUF-67,Full Game: over 66.5 points scored?,0.1000,0.1100,0.0900,11191.28,10966.67,active,2026-10-06T17:00:00Z,2026-10-02T09:37:33+00:00
KXNFLTOTAL-26OCT04NEBUF,KXNFLTOTAL,KXNFLTOTAL-26OCT04NEBUF-64,Full Game: over 63.5 points scored?,0.1300,0.1500,0.0000,0.00,0.00,active,2026-10-06T17:00:00Z,2026-10-02T09:37:33+00:00
KXNFLTOTAL-26OCT04NEBUF,KXNFLTOTAL,KXNFLTOTAL-26OCT04NEBUF-34,Full Game: over 33.5 points scored?,0.8800,0.9000,0.8800,20921.63,20812.63,active,2026-10-06T17:00:00Z,2026-10-02T09:37:33+00:00
KXNFLTOTAL-26OCT04NEBUF,KXNFLTOTAL,KXNFLTOTAL-26OCT04NEBUF-31,Full Game: over 30.5 points scored?,0.9200,0.9400,0.9300,38949.49,10333.86,active,2026-10-06T17:00:00Z,2026-10-02T09:37:33+00:00
KXNFLTOTAL-26OCT04NEBUF,KXNFLTOTAL,KXNFLTOTAL-26OCT04NEBUF-43,Full Game: over 42.5 points scored?,0.6900,0.7100,0.7000,36711.89,15396.21,active,2026-10-06T17:00:00Z,2026-10-02T09:37:33+00:00
KXNFLTOTAL-26OCT04NEBUF,KXNFLTOTAL,KXNFLTOTAL-26OCT04NEBUF-28,Full Game: over 27.5 points scored?,0.9600,0.9700,0.9500,5578.33,5017.77,active,2026-10-06T17:00:00Z,2026-10-02T09:37:33+00:00
KXNFLTOTAL-26OCT04NEBUF,KXNFLTOTAL,KXNFLTOTAL-26OCT04NEBUF-70,Full Game: over 69.5 points scored?,0.0600,0.0700,0.0600,5792.77,5703.05,active,2026-10-06T17:00:00Z,2026-10-02T09:37:33+00:00
KXNFLTOTAL-26OCT04NEBUF,KXNFLTOTAL,KXNFLTOTAL-26OCT04NEBUF-40,Full Game: over 39.5 points scored?,0.7600,0.7800,0.7800,30697.01,15129.01,active,2026-10-06T17:00:00Z,2026-10-02T09:37:33+00:00
KXNFLTOTAL-26OCT04NEBUF,KXNFLTOTAL,KXNFLTOTAL-26OCT04NEBUF-48,Full Game: over 47.5 points scored?,0.5400,0.5500,0.5400,18187.71,12526.00,active,2026-10-06T17:00:00Z,2026-10-02T09:37:33+00:00
KXNFLTOTAL-26OCT04NEBUF,KXNFLTOTAL,KXNFLTOTAL-26OCT04NEBUF-50,Full Game: over 49.5 points scored?,0.4700,0.4800,0.4700,664.92,564.42,active,2026-10-06T17:00:00Z,2026-10-02T09:37:33+00:00
KXNFLTOTAL-26OCT04NEBUF,KXNFLTOTAL,KXNFLTOTAL-26OCT04NEBUF-51,Full Game: over 50.5 points scored?,0.4400,0.4500,0.4100,2.00,2.00,active,2026-10-06T17:00:00Z,2026-10-02T09:37:33+00:00
KXNFLTOTAL-26OCT04NEBUF,KXNFLTOTAL,KXNFLTOTAL-26OCT04NEBUF-52,Full Game: over 51.5 points scored?,0.4100,0.4200,0.3800,1285.43,1260.43,active,2026-10-06T17:00:00Z,2026-10-02T09:37:33+00:00
KXNFLTOTAL-26OCT04NEBUF,KXNFLTOTAL,KXNFLTOTAL-26OCT04NEBUF-46,Full Game: over 45.5 points scored?,0.6000,0.6100,0.6100,216.11,166.11,active,2026-10-06T17:00:00Z,2026-10-02T09:37:33+00:00
KXNFLTOTAL-26OCT04NEBUF,KXNFLTOTAL,KXNFLTOTAL-26OCT04NEBUF-49,Full Game: over 48.5 points scored?,0.5000,0.5100,0.5100,11321.67,9479.27,active,2026-10-06T17:00:00Z,2026-10-02T09:37:33+00:00
KXNFLTOTAL-26OCT04NEBUF,KXNFLTOTAL,KXNFLTOTAL-26OCT04NEBUF-47,Full Game: over 46.5 points scored?,0.5700,0.5800,0.5700,3549.93,1904.33,active,2026-10-06T17:00:00Z,2026-10-02T09:37:33+00:00
KXNFLTOTAL-26OCT04NYJCHI,KXNFLTOTAL,KXNFLTOTAL-26OCT04NYJCHI-55,Full Game: over 54.5 points scored?,0.1800,0.1900,0.1800,3226.37,1829.37,active,2026-10-06T17:00:00Z,2026-10-02T09:37:33+00:00
KXNFLTOTAL-26OCT04NYJCHI,KXNFLTOTAL,KXNFLTOTAL-26OCT04NYJCHI-52,Full Game: over 51.5 points scored?,0.2400,0.2500,0.2300,11279.46,10800.72,active,2026-10-06T17:00:00Z,2026-10-02T09:37:33+00:00
KXNFLTOTAL-26OCT04NYJCHI,KXNFLTOTAL,KXNFLTOTAL-26OCT04NYJCHI-31,Full Game: over 30.5 points scored?,0.8300,0.8400,0.8300,16729.38,1120.44,active,2026-10-06T17:00:00Z,2026-10-02T09:37:33+00:00
KXNFLTOTAL-26OCT04NYJCHI,KXNFLTOTAL,KXNFLTOTAL-26OCT04NYJCHI-34,Full Game: over 33.5 points scored?,0.7700,0.7900,0.7900,78432.36,31282.17,active,2026-10-06T17:00:00Z,2026-10-02T09:37:33+00:00
KXNFLTOTAL-26OCT04NYJCHI,KXNFLTOTAL,KXNFLTOTAL-26OCT04NYJCHI-64,Full Game: over 63.5 points scored?,0.0600,0.0700,0.0700,2697.81,2682.18,active,2026-10-06T17:00:00Z,2026-10-02T09:37:33+00:00
KXNFLTOTAL-26OCT04NYJCHI,KXNFLTOTAL,KXNFLTOTAL-26OCT04NYJCHI-58,Full Game: over 57.5 points scored?,0.1200,0.1300,0.1200,120162.95,77629.59,active,2026-10-06T17:00:00Z,2026-10-02T09:37:33+00:00
KXNFLTOTAL-26OCT04NYJCHI,KXNFLTOTAL,KXNFLTOTAL-26OCT04NYJCHI-28,Full Game: over 27.5 points scored?,0.8900,0.9000,0.9000,8959.51,8419.59,active,2026-10-06T17:00:00Z,2026-10-02T09:37:33+00:00
KXNFLTOTAL-26OCT04NYJCHI,KXNFLTOTAL,KXNFLTOTAL-26OCT04NYJCHI-40,Full Game: over 39.5 points scored?,0.6000,0.6100,0.6200,3363.48,3338.48,active,2026-10-06T17:00:00Z,2026-10-02T09:37:33+00:00
KXNFLTOTAL-26OCT04NYJCHI,KXNFLTOTAL,KXNFLTOTAL-26OCT04NYJCHI-22,Full Game: over 21.5 points scored?,0.9500,0.9600,0.9600,3180.51,3039.24,active,2026-10-06T17:00:00Z,2026-10-02T09:37:33+00:00
KXNFLTOTAL-26OCT04NYJCHI,KXNFLTOTAL,KXNFLTOTAL-26OCT04NYJCHI-25,Full Game: over 24.5 points scored?,0.9300,0.9400,0.9300,32094.70,23648.67,active,2026-10-06T17:00:00Z,2026-10-02T09:37:33+00:00
KXNFLTOTAL-26OCT04NYJCHI,KXNFLTOTAL,KXNFLTOTAL-26OCT04NYJCHI-45,Full Game: over 44.5 points scored?,0.4400,0.4500,0.4400,3737.74,2540.88,active,2026-10-06T17:00:00Z,2026-10-02T09:37:33+00:00
KXNFLTOTAL-26OCT04NYJCHI,KXNFLTOTAL,KXNFLTOTAL-26OCT04NYJCHI-42,Full Game: over 41.5 points scored?,0.5400,0.5500,0.5300,15347.56,14835.69,active,2026-10-06T17:00:00Z,2026-10-02T09:37:33+00:00
KXNFLTOTAL-26OCT04NYJCHI,KXNFLTOTAL,KXNFLTOTAL-26OCT04NYJCHI-37,Full Game: over 36.5 points scored?,0.6900,0.7000,0.6900,18703.25,10717.15,active,2026-10-06T17:00:00Z,2026-10-02T09:37:33+00:00
KXNFLTOTAL-26OCT04NYJCHI,KXNFLTOTAL,KXNFLTOTAL-26OCT04NYJCHI-46,Full Game: over 45.5 points scored?,0.4000,0.4200,0.4300,762.08,685.08,active,2026-10-06T17:00:00Z,2026-10-02T09:37:33+00:00
KXNFLTOTAL-26OCT04NYJCHI,KXNFLTOTAL,KXNFLTOTAL-26OCT04NYJCHI-41,Full Game: over 40.5 points scored?,0.5800,0.5900,0.5700,5271.00,3405.00,active,2026-10-06T17:00:00Z,2026-10-02T09:37:33+00:00
KXNFLTOTAL-26OCT04NYJCHI,KXNFLTOTAL,KXNFLTOTAL-26OCT04NYJCHI-43,Full Game: over 42.5 points scored?,0.5200,0.5300,0.5200,8969.03,5996.24,active,2026-10-06T17:00:00Z,2026-10-02T09:37:33+00:00
KXNFLTOTAL-26OCT04NYJCHI,KXNFLTOTAL,KXNFLTOTAL-26OCT04NYJCHI-44,Full Game: over 43.5 points scored?,0.4700,0.4800,0.4700,12732.78,9789.01,active,2026-10-06T17:00:00Z,2026-10-02T09:37:33+00:00
KXNFLTOTAL-26OCT04NYJCHI,KXNFLTOTAL,KXNFLTOTAL-26OCT04NYJCHI-49,Full Game: over 48.5 points scored?,0.3100,0.3300,0.3300,19637.07,18536.86,active,2026-10-06T17:00:00Z,2026-10-02T09:37:33+00:00
KXNFLTOTAL-26OCT04NYJCHI,KXNFLTOTAL,KXNFLTOTAL-26OCT04NYJCHI-61,Full Game: over 60.5 points scored?,0.0900,0.1000,0.0900,14785.46,12458.50,active,2026-10-06T17:00:00Z,2026-10-02T09:37:33+00:00
KXNFLTOTAL-26OCT04TENBAL,KXNFLTOTAL,KXNFLTOTAL-26OCT04TENBAL-35,Full Game: over 34.5 points scored?,0.7300,0.7400,0.7400,620642.36,610805.57,active,2026-10-06T17:00:00Z,2026-10-02T09:37:33+00:00
KXNFLTOTAL-26OCT04TENBAL,KXNFLTOTAL,KXNFLTOTAL-26OCT04TENBAL-47,Full Game: over 46.5 points scored?,0.3700,0.3900,0.3900,20735.83,19253.59,active,2026-10-06T17:00:00Z,2026-10-02T09:37:33+00:00
KXNFLTOTAL-26OCT04TENBAL,KXNFLTOTAL,KXNFLTOTAL-26OCT04TENBAL-50,Full Game: over 49.5 points scored?,0.3000,0.3100,0.3000,30405.98,325.98,active,2026-10-06T17:00:00Z,2026-10-02T09:37:33+00:00
KXNFLTOTAL-26OCT04TENBAL,KXNFLTOTAL,KXNFLTOTAL-26OCT04TENBAL-56,Full Game: over 55.5 points scored?,0.1500,0.1600,0.1600,33598.40,2161.24,active,2026-10-06T17:00:00Z,2026-10-02T09:37:33+00:00
KXNFLTOTAL-26OCT04TENBAL,KXNFLTOTAL,KXNFLTOTAL-26OCT04TENBAL-29,Full Game: over 28.5 points scored?,0.8800,0.8900,0.8900,4062.03,4012.03,active,2026-10-06T17:00:00Z,2026-10-02T09:37:33+00:00
KXNFLTOTAL-26OCT04TENBAL,KXNFLTOTAL,KXNFLTOTAL-26OCT04TENBAL-46,Full Game: over 45.5 points scored?,0.4000,0.4100,0.4200,3685.91,1804.59,active,2026-10-06T17:00:00Z,2026-10-02T09:37:33+00:00
KXNFLTOTAL-26OCT04TENBAL,KXNFLTOTAL,KXNFLTOTAL-26OCT04TENBAL-59,Full Game: over 58.5 points scored?,0.1100,0.1200,0.1100,7297.00,7105.00,active,2026-10-06T17:00:00Z,2026-10-02T09:37:33+00:00
KXNFLTOTAL-26OCT04TENBAL,KXNFLTOTAL,KXNFLTOTAL-26OCT04TENBAL-53,Full Game: over 52.5 points scored?,0.2300,0.2400,0.2200,31347.89,1065.23,active,2026-10-06T17:00:00Z,2026-10-02T09:37:33+00:00
KXNFLTOTAL-26OCT04TENBAL,KXNFLTOTAL,KXNFLTOTAL-26OCT04TENBAL-32,Full Game: over 31.5 points scored?,0.8200,0.8400,0.8300,4524.00,1736.00,active,2026-10-06T17:00:00Z,2026-10-02T09:37:33+00:00
KXNFLTOTAL-26OCT04TENBAL,KXNFLTOTAL,KXNFLTOTAL-26OCT04TENBAL-62,Full Game: over 61.5 points scored?,0.0800,0.0900,0.0800,9659.79,9636.31,active,2026-10-06T17:00:00Z,2026-10-02T09:37:33+00:00
KXNFLTOTAL-26OCT04TENBAL,KXNFLTOTAL,KXNFLTOTAL-26OCT04TENBAL-26,Full Game: over 25.5 points scored?,0.9300,0.9500,0.9400,2603.20,2553.20,active,2026-10-06T17:00:00Z,2026-10-02T09:37:33+00:00
KXNFLTOTAL-26OCT04TENBAL,KXNFLTOTAL,KXNFLTOTAL-26OCT04TENBAL-23,Full Game: over 22.5 points scored?,0.9400,0.9600,0.9600,22013.58,11827.42,active,2026-10-06T17:00:00Z,2026-10-02T09:37:33+00:00
KXNFLTOTAL-26OCT04TENBAL,KXNFLTOTAL,KXNFLTOTAL-26OCT04TENBAL-44,Full Game: over 43.5 points scored?,0.4600,0.4700,0.4700,62740.92,57245.13,active,2026-10-06T17:00:00Z,2026-10-02T09:37:33+00:00
KXNFLTOTAL-26OCT04TENBAL,KXNFLTOTAL,KXNFLTOTAL-26OCT04TENBAL-42,Full Game: over 41.5 points scored?,0.5300,0.5400,0.5400,198.56,173.56,active,2026-10-06T17:00:00Z,2026-10-02T09:37:33+00:00
KXNFLTOTAL-26OCT04TENBAL,KXNFLTOTAL,KXNFLTOTAL-26OCT04TENBAL-45,Full Game: over 44.5 points scored?,0.4200,0.4300,0.4200,2230.88,2201.88,active,2026-10-06T17:00:00Z,2026-10-02T09:37:33+00:00
KXNFLTOTAL-26OCT04TENBAL,KXNFLTOTAL,KXNFLTOTAL-26OCT04TENBAL-41,Full Game: over 40.5 points scored?,0.5600,0.5700,0.0000,0.00,0.00,active,2026-10-06T17:00:00Z,2026-10-02T09:37:33+00:00
KXNFLTOTAL-26OCT04TENBAL,KXNFLTOTAL,KXNFLTOTAL-26OCT04TENBAL-43,Full Game: over 42.5 points scored?,0.4900,0.5100,0.5100,13062.20,12223.62,active,2026-10-06T17:00:00Z,2026-10-02T09:37:33+00:00
KXNFLTOTAL-26OCT04TENBAL,KXNFLTOTAL,KXNFLTOTAL-26OCT04TENBAL-38,Full Game: over 37.5 points scored?,0.6400,0.6600,0.6600,280.55,105.54,active,2026-10-06T17:00:00Z,2026-10-02T09:37:33+00:00
KXNFLTOTAL-26OCT04TENBAL,KXNFLTOTAL,KXNFLTOTAL-26OCT04TENBAL-65,Full Game: over 64.5 points scored?,0.0600,0.0700,0.0600,8439.68,8418.88,active,2026-10-06T17:00:00Z,2026-10-02T09:37:33+00:00
KXNFLTOTAL-26OCT05ATLNO,KXNFLTOTAL,KXNFLTOTAL-26OCT05ATLNO-55,Full Game: over 54.5 points scored?,0.3000,0.3100,0.2900,115.14,112.18,active,2026-10-08T00:15:00Z,2026-10-02T09:37:33+00:00
KXNFLTOTAL-26OCT05ATLNO,KXNFLTOTAL,KXNFLTOTAL-26OCT05ATLNO-64,Full Game: over 63.5 points scored?,0.1300,0.1400,0.1300,301.62,301.62,active,2026-10-08T00:15:00Z,2026-10-02T09:37:33+00:00
KXNFLTOTAL-26OCT05ATLNO,KXNFLTOTAL,KXNFLTOTAL-26OCT05ATLNO-61,Full Game: over 60.5 points scored?,0.1700,0.1800,0.1800,1053.06,1053.06,active,2026-10-08T00:15:00Z,2026-10-02T09:37:33+00:00
KXNFLTOTAL-26OCT05ATLNO,KXNFLTOTAL,KXNFLTOTAL-26OCT05ATLNO-34,Full Game: over 33.5 points scored?,0.8600,0.8800,0.8700,66.60,66.60,active,2026-10-08T00:15:00Z,2026-10-02T09:37:33+00:00
KXNFLTOTAL-26OCT05ATLNO,KXNFLTOTAL,KXNFLTOTAL-26OCT05ATLNO-31,Full Game: over 30.5 points scored?,0.9100,0.9200,0.9200,155.21,155.21,active,2026-10-08T00:15:00Z,2026-10-02T09:37:33+00:00
KXNFLTOTAL-26OCT05ATLNO,KXNFLTOTAL,KXNFLTOTAL-26OCT05ATLNO-28,Full Game: over 27.5 points scored?,0.9400,0.9500,0.9500,156.05,156.05,active,2026-10-08T00:15:00Z,2026-10-02T09:37:33+00:00
KXNFLTOTAL-26OCT05ATLNO,KXNFLTOTAL,KXNFLTOTAL-26OCT05ATLNO-37,Full Game: over 36.5 points scored?,0.8000,0.8200,0.8200,49.95,49.95,active,2026-10-08T00:15:00Z,2026-10-02T09:37:33+00:00
KXNFLTOTAL-26OCT05ATLNO,KXNFLTOTAL,KXNFLTOTAL-26OCT05ATLNO-67,Full Game: over 66.5 points scored?,0.0800,0.0900,0.0000,0.00,0.00,active,2026-10-08T00:15:00Z,2026-10-02T09:37:33+00:00
KXNFLTOTAL-26OCT05ATLNO,KXNFLTOTAL,KXNFLTOTAL-26OCT05ATLNO-58,Full Game: over 57.5 points scored?,0.2200,0.2400,0.2600,2.00,2.00,active,2026-10-08T00:15:00Z,2026-10-02T09:37:33+00:00
KXNFLTOTAL-26OCT05ATLNO,KXNFLTOTAL,KXNFLTOTAL-26OCT05ATLNO-40,Full Game: over 39.5 points scored?,0.7300,0.7400,0.7500,25.97,25.97,active,2026-10-08T00:15:00Z,2026-10-02T09:37:33+00:00
KXNFLTOTAL-26OCT05ATLNO,KXNFLTOTAL,KXNFLTOTAL-26OCT05ATLNO-43,Full Game: over 42.5 points scored?,0.6600,0.6700,0.6800,167.11,167.11,active,2026-10-08T00:15:00Z,2026-10-02T09:37:33+00:00
KXNFLTOTAL-26OCT05ATLNO,KXNFLTOTAL,KXNFLTOTAL-26OCT05ATLNO-47,Full Game: over 46.5 points scored?,0.5400,0.5500,0.0000,0.00,0.00,active,2026-10-08T00:15:00Z,2026-10-02T09:37:33+00:00
KXNFLTOTAL-26OCT05ATLNO,KXNFLTOTAL,KXNFLTOTAL-26OCT05ATLNO-51,Full Game: over 50.5 points scored?,0.4100,0.4300,0.4400,1.00,1.00,active,2026-10-08T00:15:00Z,2026-10-02T09:37:33+00:00
KXNFLTOTAL-26OCT05ATLNO,KXNFLTOTAL,KXNFLTOTAL-26OCT05ATLNO-52,Full Game: over 51.5 points scored?,0.3800,0.3900,0.0000,0.00,0.00,active,2026-10-08T00:15:00Z,2026-10-02T09:37:33+00:00
KXNFLTOTAL-26OCT05ATLNO,KXNFLTOTAL,KXNFLTOTAL-26OCT05ATLNO-50,Full Game: over 49.5 points scored?,0.4500,0.4600,0.4500,736.56,689.17,active,2026-10-08T00:15:00Z,2026-10-02T09:37:33+00:00
KXNFLTOTAL-26OCT05ATLNO,KXNFLTOTAL,KXNFLTOTAL-26OCT05ATLNO-49,Full Game: over 48.5 points scored?,0.4800,0.4900,0.4900,3877.20,3421.07,active,2026-10-08T00:15:00Z,2026-10-02T09:37:33+00:00
KXNFLTOTAL-26OCT05ATLNO,KXNFLTOTAL,KXNFLTOTAL-26OCT05ATLNO-46,Full Game: over 45.5 points scored?,0.5700,0.5800,0.5800,251.78,239.91,active,2026-10-08T00:15:00Z,2026-10-02T09:37:33+00:00
KXNFLTOTAL-26OCT05ATLNO,KXNFLTOTAL,KXNFLTOTAL-26OCT05ATLNO-48,Full Game: over 47.5 points scored?,0.5200,0.5300,0.5300,2092.80,1677.80,active,2026-10-08T00:15:00Z,2026-10-02T09:37:33+00:00
KXNFLTOTAL-26OCT05ATLNO,KXNFLTOTAL,KXNFLTOTAL-26OCT05ATLNO-70,Full Game: over 69.5 points scored?,0.0500,0.0600,0.0600,2706.16,2706.16,active,2026-10-08T00:15:00Z,2026-10-02T09:37:33+00:00
KXNFLTOTAL-26OCT08TBDAL,KXNFLTOTAL,KXNFLTOTAL-26OCT08TBDAL-47,Full Game: over 46.5 points scored?,0.5000,0.5200,0.5000,21.12,21.12,active,2026-10-11T00:15:00Z,2026-10-02T09:37:33+00:00
KXNFLTOTAL-26OCT08TBDAL,KXNFLTOTAL,KXNFLTOTAL-26OCT08TBDAL-46,Full Game: over 45.5 points scored?,0.5000,0.6200,0.0000,0.00,0.00,active,2026-10-11T00:15:00Z,2026-10-02T09:37:33+00:00
KXNFLTOTAL-26OCT08TBDAL,KXNFLTOTAL,KXNFLTOTAL-26OCT08TBDAL-30,Full Game: over 29.5 points scored?,0.7700,0.9700,0.0000,0.00,0.00,active,2026-10-11T00:15:00Z,2026-10-02T09:37:33+00:00
KXNFLTOTAL-26OCT08TBDAL,KXNFLTOTAL,KXNFLTOTAL-26OCT08TBDAL-48,Full Game: over 47.5 points scored?,0.4800,0.5200,0.0000,0.00,0.00,active,2026-10-11T00:15:00Z,2026-10-02T09:37:33+00:00
KXNFLTOTAL-26OCT08TBDAL,KXNFLTOTAL,KXNFLTOTAL-26OCT08TBDAL-33,Full Game: over 32.5 points scored?,0.7300,0.9400,0.0000,0.00,0.00,active,2026-10-11T00:15:00Z,2026-10-02T09:37:33+00:00
KXNFLTOTAL-26OCT08TBDAL,KXNFLTOTAL,KXNFLTOTAL-26OCT08TBDAL-42,Full Game: over 41.5 points scored?,0.5400,0.7800,0.0000,0.00,0.00,active,2026-10-11T00:15:00Z,2026-10-02T09:37:33+00:00
KXNFLTOTAL-26OCT08TBDAL,KXNFLTOTAL,KXNFLTOTAL-26OCT08TBDAL-63,Full Game: over 62.5 points scored?,0.0500,0.1600,0.0000,0.00,0.00,active,2026-10-11T00:15:00Z,2026-10-02T09:37:33+00:00
KXNFLTOTAL-26OCT08TBDAL,KXNFLTOTAL,KXNFLTOTAL-26OCT08TBDAL-69,Full Game: over 68.5 points scored?,0.0100,0.1100,0.0000,0.00,0.00,active,2026-10-11T00:15:00Z,2026-10-02T09:37:33+00:00
KXNFLTOTAL-26OCT08TBDAL,KXNFLTOTAL,KXNFLTOTAL-26OCT08TBDAL-36,Full Game: over 35.5 points scored?,0.6900,0.8900,0.0000,0.00,0.00,active,2026-10-11T00:15:00Z,2026-10-02T09:37:33+00:00
KXNFLTOTAL-26OCT08TBDAL,KXNFLTOTAL,KXNFLTOTAL-26OCT08TBDAL-49,Full Game: over 48.5 points scored?,0.3200,0.5200,0.0000,0.00,0.00,active,2026-10-11T00:15:00Z,2026-10-02T09:37:33+00:00
KXNFLTOTAL-26OCT08TBDAL,KXNFLTOTAL,KXNFLTOTAL-26OCT08TBDAL-27,Full Game: over 26.5 points scored?,0.7900,0.9900,0.0000,0.00,0.00,active,2026-10-11T00:15:00Z,2026-10-02T09:37:33+00:00
KXNFLTOTAL-26OCT08TBDAL,KXNFLTOTAL,KXNFLTOTAL-26OCT08TBDAL-39,Full Game: over 38.5 points scored?,0.6400,0.8400,0.0000,0.00,0.00,active,2026-10-11T00:15:00Z,2026-10-02T09:37:33+00:00
KXNFLTOTAL-26OCT08TBDAL,KXNFLTOTAL,KXNFLTOTAL-26OCT08TBDAL-54,Full Game: over 53.5 points scored?,0.2000,0.4200,0.0000,0.00,0.00,active,2026-10-11T00:15:00Z,2026-10-02T09:37:33+00:00
KXNFLTOTAL-26OCT08TBDAL,KXNFLTOTAL,KXNFLTOTAL-26OCT08TBDAL-60,Full Game: over 59.5 points scored?,0.1000,0.1600,0.0000,0.00,0.00,active,2026-10-11T00:15:00Z,2026-10-02T09:37:33+00:00
KXNFLTOTAL-26OCT08TBDAL,KXNFLTOTAL,KXNFLTOTAL-26OCT08TBDAL-45,Full Game: over 44.5 points scored?,0.5000,0.7100,0.0000,0.00,0.00,active,2026-10-11T00:15:00Z,2026-10-02T09:37:33+00:00
KXNFLTOTAL-26OCT08TBDAL,KXNFLTOTAL,KXNFLTOTAL-26OCT08TBDAL-50,Full Game: over 49.5 points scored?,0.2900,0.5100,0.0000,0.00,0.00,active,2026-10-11T00:15:00Z,2026-10-02T09:37:33+00:00
KXNFLTOTAL-26OCT08TBDAL,KXNFLTOTAL,KXNFLTOTAL-26OCT08TBDAL-51,Full Game: over 50.5 points scored?,0.2700,0.5100,0.0000,0.00,0.00,active,2026-10-11T00:15:00Z,2026-10-02T09:37:33+00:00
KXNFLTOTAL-26OCT08TBDAL,KXNFLTOTAL,KXNFLTOTAL-26OCT08TBDAL-57,Full Game: over 56.5 points scored?,0.1400,0.2500,0.0000,0.00,0.00,active,2026-10-11T00:15:00Z,2026-10-02T09:37:33+00:00
KXNFLTOTAL-26OCT08TBDAL,KXNFLTOTAL,KXNFLTOTAL-26OCT08TBDAL-66,Full Game: over 65.5 points scored?,0.0300,0.1600,0.0000,0.00,0.00,active,2026-10-11T00:15:00Z,2026-10-02T09:37:33+00:00
KXNFLTEAMPTS-LEAST27,KXNFLTEAMPTS,KXNFLTEAMPTS-LEAST27-TEN,Will Tennessee be the lowest scoring team?,0.0500,0.1100,0.0500,21.29,12.29,active,2027-01-18T15:00:00Z,2026-10-02T09:37:33+00:00
KXNFLTEAMPTS-LEAST27,KXNFLTEAMPTS,KXNFLTEAMPTS-LEAST27-CAR,Will Carolina be the lowest scoring team?,0.0000,0.0800,0.0100,9.00,9.00,active,2027-01-18T15:00:00Z,2026-10-02T09:37:33+00:00
KXNFLTEAMPTS-LEAST27,KXNFLTEAMPTS,KXNFLTEAMPTS-LEAST27-LV,Will Las Vegas be the lowest scoring team?,0.0000,0.0700,0.0100,11.00,11.00,active,2027-01-18T15:00:00Z,2026-10-02T09:37:33+00:00
KXNFLTEAMPTS-LEAST27,KXNFLTEAMPTS,KXNFLTEAMPTS-LEAST27-CLE,Will Cleveland be the lowest scoring team?,0.0200,0.1900,0.2700,389.13,375.58,active,2027-01-18T15:00:00Z,2026-10-02T09:37:33+00:00
KXNFLTEAMPTS-LEAST27,KXNFLTEAMPTS,KXNFLTEAMPTS-LEAST27-KC,Will Kansas City be the lowest scoring team?,0.0000,0.2500,0.0000,0.00,0.00,active,2027-01-18T15:00:00Z,2026-10-02T09:37:33+00:00
KXNFLTEAMPTS-LEAST27,KXNFLTEAMPTS,KXNFLTEAMPTS-LEAST27-MIN,Will Minnesota be the lowest scoring team?,0.0000,0.2500,0.0100,252.18,241.89,active,2027-01-18T15:00:00Z,2026-10-02T09:37:33+00:00
KXNFLTEAMPTS-LEAST27,KXNFLTEAMPTS,KXNFLTEAMPTS-LEAST27-IND,Will Indianapolis be the lowest scoring team?,0.0000,0.3200,0.0000,0.00,0.00,active,2027-01-18T15:00:00Z,2026-10-02T09:37:33+00:00
KXNFLTEAMPTS-LEAST27,KXNFLTEAMPTS,KXNFLTEAMPTS-LEAST27-DEN,Will Denver be the lowest scoring team?,0.0000,0.3400,0.0000,0.00,0.00,active,2027-01-18T15:00:00Z,2026-10-02T09:37:33+00:00
KXNFLTEAMPTS-LEAST27,KXNFLTEAMPTS,KXNFLTEAMPTS-LEAST27-TB,Will Tampa Bay be the lowest scoring team?,0.0000,0.3500,0.0000,0.00,0.00,active,2027-01-18T15:00:00Z,2026-10-02T09:37:33+00:00
KXNFLTEAMPTS-LEAST27,KXNFLTEAMPTS,KXNFLTEAMPTS-LEAST27-WAS,Will Washington be the lowest scoring team?,0.0000,0.3300,0.0100,209.00,100.00,active,2027-01-18T15:00:00Z,2026-10-02T09:37:33+00:00
KXNFLTEAMPTS-LEAST27,KXNFLTEAMPTS,KXNFLTEAMPTS-LEAST27-JAC,Will Jacksonville be the lowest scoring team?,0.0000,0.3500,0.0000,0.00,0.00,active,2027-01-18T15:00:00Z,2026-10-02T09:37:33+00:00
KXNFLTEAMPTS-LEAST27,KXNFLTEAMPTS,KXNFLTEAMPTS-LEAST27-NE,Will New England be the lowest scoring team?,0.0000,0.0900,0.0000,0.00,0.00,active,2027-01-18T15:00:00Z,2026-10-02T09:37:33+00:00
KXNFLTEAMPTS-LEAST27,KXNFLTEAMPTS,KXNFLTEAMPTS-LEAST27-DET,Will Detroit be the lowest scoring team?,0.0000,0.3700,0.0000,0.00,0.00,active,2027-01-18T15:00:00Z,2026-10-02T09:37:33+00:00
KXNFLTEAMPTS-LEAST27,KXNFLTEAMPTS,KXNFLTEAMPTS-LEAST27-CIN,Will Cincinnati be the lowest scoring team?,0.0000,0.3800,0.0000,0.00,0.00,active,2027-01-18T15:00:00Z,2026-10-02T09:37:33+00:00
KXNFLTEAMPTS-LEAST27,KXNFLTEAMPTS,KXNFLTEAMPTS-LEAST27-PHI,Will Philadelphia be the lowest scoring team?,0.0000,0.3800,0.0000,0.00,0.00,active,2027-01-18T15:00:00Z,2026-10-02T09:37:33+00:00
KXNFLTEAMPTS-LEAST27,KXNFLTEAMPTS,KXNFLTEAMPTS-LEAST27-LAC,Will Los Angeles C be the lowest scoring team?,0.0000,0.3800,0.0000,0.00,0.00,active,2027-01-18T15:00:00Z,2026-10-02T09:37:33+00:00
KXNFLTEAMPTS-LEAST27,KXNFLTEAMPTS,KXNFLTEAMPTS-LEAST27-BUF,Will Buffalo be the lowest scoring team?,0.0000,0.3800,0.0000,0.00,0.00,active,2027-01-18T15:00:00Z,2026-10-02T09:37:33+00:00
KXNFLTEAMPTS-LEAST27,KXNFLTEAMPTS,KXNFLTEAMPTS-LEAST27-BAL,Will Baltimore be the lowest scoring team?,0.0000,0.3800,0.0000,0.00,0.00,active,2027-01-18T15:00:00Z,2026-10-02T09:37:33+00:00
KXNFLTEAMPTS-LEAST27,KXNFLTEAMPTS,KXNFLTEAMPTS-LEAST27-SF,Will San Francisco be the lowest scoring team?,0.0000,0.3800,0.0000,0.00,0.00,active,2027-01-18T15:00:00Z,2026-10-02T09:37:33+00:00
KXNFLTEAMPTS-LEAST27,KXNFLTEAMPTS,KXNFLTEAMPTS-LEAST27-LAR,Will Los Angeles R be the lowest scoring team?,0.0000,0.3500,0.0000,0.00,0.00,active,2027-01-18T15:00:00Z,2026-10-02T09:37:33+00:00
KXNFLTEAMPTS-LEAST27,KXNFLTEAMPTS,KXNFLTEAMPTS-LEAST27-DAL,Will Dallas be the lowest scoring team?,0.0000,0.3500,0.0000,0.00,0.00,active,2027-01-18T15:00:00Z,2026-10-02T09:37:33+00:00
KXNFLTEAMPTS-LEAST27,KXNFLTEAMPTS,KXNFLTEAMPTS-LEAST27-GB,Will Green Bay be the lowest scoring team?,0.0000,0.3700,0.0000,0.00,0.00,active,2027-01-18T15:00:00Z,2026-10-02T09:37:33+00:00
KXNFLTEAMPTS-LEAST27,KXNFLTEAMPTS,KXNFLTEAMPTS-LEAST27-SEA,Will Seattle be the lowest scoring team?,0.0000,0.3700,0.0000,0.00,0.00,active,2027-01-18T15:00:00Z,2026-10-02T09:37:33+00:00
KXNFLTEAMPTS-LEAST27,KXNFLTEAMPTS,KXNFLTEAMPTS-LEAST27-CHI,Will Chicago be the lowest scoring team?,0.0000,0.0400,0.0000,0.00,0.00,active,2027-01-18T15:00:00Z,2026-10-02T09:37:33+00:00
KXNFLTEAMPTS-LEAST27,KXNFLTEAMPTS,KXNFLTEAMPTS-LEAST27-HOU,Will Houston be the lowest scoring team?,0.0100,0.0500,0.0100,151.80,150.51,active,2027-01-18T15:00:00Z,2026-10-02T09:37:33+00:00
KXNFLTEAMPTS-LEAST27,KXNFLTEAMPTS,KXNFLTEAMPTS-LEAST27-ARI,Will Arizona be the lowest scoring team?,0.1000,0.1100,0.0200,505.26,474.97,active,2027-01-18T15:00:00Z,2026-10-02T09:37:33+00:00
KXNFLTEAMPTS-LEAST27,KXNFLTEAMPTS,KXNFLTEAMPTS-LEAST27-NO,Will New Orleans be the lowest scoring team?,0.0000,0.0600,0.0100,111.62,101.33,active,2027-01-18T15:00:00Z,2026-10-02T09:37:33+00:00
KXNFLTEAMPTS-LEAST27,KXNFLTEAMPTS,KXNFLTEAMPTS-LEAST27-ATL,Will Atlanta be the lowest scoring team?,0.0100,0.0500,0.0700,536.07,303.40,active,2027-01-18T15:00:00Z,2026-10-02T09:37:33+00:00
KXNFLTEAMPTS-LEAST27,KXNFLTEAMPTS,KXNFLTEAMPTS-LEAST27-NYJ,Will New York J be the lowest scoring team?,0.0400,0.0800,0.2100,341.60,182.82,active,2027-01-18T15:00:00Z,2026-10-02T09:37:33+00:00
KXNFLTEAMPTS-LEAST27,KXNFLTEAMPTS,KXNFLTEAMPTS-LEAST27-PIT,Will Pittsburgh be the lowest scoring team?,0.0100,0.1000,0.0200,508.37,498.08,active,2027-01-18T15:00:00Z,2026-10-02T09:37:33+00:00
KXNFLTEAMPTS-LEAST27,KXNFLTEAMPTS,KXNFLTEAMPTS-LEAST27-MIA,Will Miami be the lowest scoring team?,0.2600,0.7800,0.7400,432.68,251.71,active,2027-01-18T15:00:00Z,2026-10-02T09:37:33+00:00
KXNFLTEAMPTS-LEAST27,KXNFLTEAMPTS,KXNFLTEAMPTS-LEAST27-NYG,Will New York G be the lowest scoring team?,0.0300,0.0500,0.0100,100.51,90.22,active,2027-01-18T15:00:00Z,2026-10-02T09:37:33+00:00
KXNFLTEAMPTS-MOST27,KXNFLTEAMPTS,KXNFLTEAMPTS-MOST27-PIT,Will Pittsburgh be the highest scoring team?,0.0000,0.0100,0.0100,5438.80,3589.86,active,2027-01-18T15:00:00Z,2026-10-02T09:37:33+00:00
KXNFLTEAMPTS-MOST27,KXNFLTEAMPTS,KXNFLTEAMPTS-MOST27-PHI,Will Philadelphia be the highest scoring team?,0.0000,0.0200,0.0200,1029.71,992.21,active,2027-01-18T15:00:00Z,2026-10-02T09:37:33+00:00
KXNFLTEAMPTS-MOST27,KXNFLTEAMPTS,KXNFLTEAMPTS-MOST27-HOU,Will Houston be the highest scoring team?,0.0000,0.0200,0.0200,1644.34,1373.34,active,2027-01-18T15:00:00Z,2026-10-02T09:37:33+00:00
KXNFLTEAMPTS-MOST27,KXNFLTEAMPTS,KXNFLTEAMPTS-MOST27-LAR,Will Los Angeles R be the highest scoring team?,0.0400,0.0500,0.0400,4126.75,3526.82,active,2027-01-18T15:00:00Z,2026-10-02T09:37:33+00:00
KXNFLTEAMPTS-MOST27,KXNFLTEAMPTS,KXNFLTEAMPTS-MOST27-NE,Will New England be the highest scoring team?,0.0200,0.0300,0.0300,3498.92,3074.71,active,2027-01-18T15:00:00Z,2026-10-02T09:37:33+00:00
KXNFLTEAMPTS-MOST27,KXNFLTEAMPTS,KXNFLTEAMPTS-MOST27-NYG,Will New York G be the highest scoring team?,0.0000,0.0200,0.0100,2191.71,2191.71,active,2027-01-18T15:00:00Z,2026-10-02T09:37:33+00:00
KXNFLTEAMPTS-MOST27,KXNFLTEAMPTS,KXNFLTEAMPTS-MOST27-CAR,Will Carolina be the highest scoring team?,0.0000,0.0200,0.0200,2387.32,2006.79,active,2027-01-18T15:00:00Z,2026-10-02T09:37:33+00:00
KXNFLTEAMPTS-MOST27,KXNFLTEAMPTS,KXNFLTEAMPTS-MOST27-MIN,Will Minnesota be the highest scoring team?,0.0000,0.0200,0.0200,2002.67,1979.67,active,2027-01-18T15:00:00Z,2026-10-02T09:37:33+00:00
KXNFLTEAMPTS-MOST27,KXNFLTEAMPTS,KXNFLTEAMPTS-MOST27-TB,Will Tampa Bay be the highest scoring team?,0.0000,0.0100,0.0200,1151.18,1137.04,active,2027-01-18T15:00:00Z,2026-10-02T09:37:33+00:00
KXNFLTEAMPTS-MOST27,KXNFLTEAMPTS,KXNFLTEAMPTS-MOST27-SEA,Will Seattle be the highest scoring team?,0.0000,0.0100,0.0200,1125.79,859.99,active,2027-01-18T15:00:00Z,2026-10-02T09:37:33+00:00
KXNFLTEAMPTS-MOST27,KXNFLTEAMPTS,KXNFLTEAMPTS-MOST27-IND,Will Indianapolis be the highest scoring team?,0.0000,0.0100,0.0100,718.39,643.21,active,2027-01-18T15:00:00Z,2026-10-02T09:37:33+00:00
KXNFLTEAMPTS-MOST27,KXNFLTEAMPTS,KXNFLTEAMPTS-MOST27-ATL,Will Atlanta be the highest scoring team?,0.0000,0.0100,0.0100,305.01,305.01,active,2027-01-18T15:00:00Z,2026-10-02T09:37:33+00:00
KXNFLTEAMPTS-MOST27,KXNFLTEAMPTS,KXNFLTEAMPTS-MOST27-GB,Will Green Bay be the highest scoring team?,0.0000,0.0200,0.0100,1371.25,1194.85,active,2027-01-18T15:00:00Z,2026-10-02T09:37:33+00:00
KXNFLTEAMPTS-MOST27,KXNFLTEAMPTS,KXNFLTEAMPTS-MOST27-KC,Will Kansas City be the highest scoring team?,0.0100,0.0200,0.0200,2212.57,2115.93,active,2027-01-18T15:00:00Z,2026-10-02T09:37:33+00:00
KXNFLTEAMPTS-MOST27,KXNFLTEAMPTS,KXNFLTEAMPTS-MOST27-CLE,Will Cleveland be the highest scoring team?,0.0000,0.0100,0.0100,298.51,198.51,active,2027-01-18T15:00:00Z,2026-10-02T09:37:33+00:00
KXNFLTEAMPTS-MOST27,KXNFLTEAMPTS,KXNFLTEAMPTS-MOST27-ARI,Will Arizona be the highest scoring team?,0.0000,0.0100,0.0100,1089.74,1089.74,active,2027-01-18T15:00:00Z,2026-10-02T09:37:33+00:00
KXNFLTEAMPTS-MOST27,KXNFLTEAMPTS,KXNFLTEAMPTS-MOST27-NYJ,Will New York J be the highest scoring team?,0.0000,0.0100,0.0100,1396.78,1204.39,active,2027-01-18T15:00:00Z,2026-10-02T09:37:33+00:00
KXNFLTEAMPTS-MOST27,KXNFLTEAMPTS,KXNFLTEAMPTS-MOST27-LAC,Will Los Angeles C be the highest scoring team?,0.0200,0.0300,0.0200,7844.04,5988.75,active,2027-01-18T15:00:00Z,2026-10-02T09:37:33+00:00
KXNFLTEAMPTS-MOST27,KXNFLTEAMPTS,KXNFLTEAMPTS-MOST27-NO,Will New Orleans be the highest scoring team?,0.0100,0.0200,0.0200,2341.36,2219.30,active,2027-01-18T15:00:00Z,2026-10-02T09:37:33+00:00
KXNFLTEAMPTS-MOST27,KXNFLTEAMPTS,KXNFLTEAMPTS-MOST27-DET,Will Detroit be the highest scoring team?,0.1000,0.2100,0.1500,5730.65,4375.50,active,2027-01-18T15:00:00Z,2026-10-02T09:37:33+00:00
KXNFLTEAMPTS-MOST27,KXNFLTEAMPTS,KXNFLTEAMPTS-MOST27-BUF,Will Buffalo be the highest scoring team?,0.1400,0.3400,0.2400,5613.00,4817.76,active,2027-01-18T15:00:00Z,2026-10-02T09:37:33+00:00
KXNFLTEAMPTS-MOST27,KXNFLTEAMPTS,KXNFLTEAMPTS-MOST27-BAL,Will Baltimore be the highest scoring team?,0.0800,0.0900,0.2300,4634.96,3667.59,active,2027-01-18T15:00:00Z,2026-10-02T09:37:33+00:00
KXNFLTEAMPTS-MOST27,KXNFLTEAMPTS,KXNFLTEAMPTS-MOST27-DAL,Will Dallas be the highest scoring team?,0.0500,0.0600,0.0500,4943.32,4437.14,active,2027-01-18T15:00:00Z,2026-10-02T09:37:33+00:00
KXNFLTEAMPTS-MOST27,KXNFLTEAMPTS,KXNFLTEAMPTS-MOST27-CHI,Will Chicago be the highest scoring team?,0.0500,0.1600,0.1600,19881.36,15960.38,active,2027-01-18T15:00:00Z,2026-10-02T09:37:33+00:00
KXNFLTEAMPTS-MOST27,KXNFLTEAMPTS,KXNFLTEAMPTS-MOST27-SF,Will San Francisco be the highest scoring team?,0.1000,0.2300,0.2300,2340.33,2211.20,active,2027-01-18T15:00:00Z,2026-10-02T09:37:33+00:00
KXNFLTEAMPTS-MOST27,KXNFLTEAMPTS,KXNFLTEAMPTS-MOST27-TEN,Will Tennessee be the highest scoring team?,0.0000,0.0100,0.0100,93.51,93.51,active,2027-01-18T15:00:00Z,2026-10-02T09:37:33+00:00
KXNFLTEAMPTS-MOST27,KXNFLTEAMPTS,KXNFLTEAMPTS-MOST27-MIA,Will Miami be the highest scoring team?,0.0000,0.0100,0.0100,93.51,93.51,active,2027-01-18T15:00:00Z,2026-10-02T09:37:33+00:00
KXNFLTEAMPTS-MOST27,KXNFLTEAMPTS,KXNFLTEAMPTS-MOST27-WAS,Will Washington be the highest scoring team?,0.0000,0.0100,0.0100,93.51,93.51,active,2027-01-18T15:00:00Z,2026-10-02T09:37:33+00:00
KXNFLTEAMPTS-MOST27,KXNFLTEAMPTS,KXNFLTEAMPTS-MOST27-CIN,Will Cincinnati be the highest scoring team?,0.0300,0.0400,0.0400,3010.40,1956.66,active,2027-01-18T15:00:00Z,2026-10-02T09:37:33+00:00
KXNFLTEAMPTS-MOST27,KXNFLTEAMPTS,KXNFLTEAMPTS-MOST27-DEN,Will Denver be the highest scoring team?,0.0000,0.0100,0.0100,2816.95,2368.06,active,2027-01-18T15:00:00Z,2026-10-02T09:37:33+00:00
KXNFLTEAMPTS-MOST27,KXNFLTEAMPTS,KXNFLTEAMPTS-MOST27-JAC,Will Jacksonville be the highest scoring team?,0.0100,0.0200,0.0200,3867.51,3507.53,active,2027-01-18T15:00:00Z,2026-10-02T09:37:33+00:00
KXNFLTEAMPTS-MOST27,KXNFLTEAMPTS,KXNFLTEAMPTS-MOST27-LV,Will Las Vegas be the highest scoring team?,0.0000,0.0600,0.1500,2144.45,2041.45,active,2027-01-18T15:00:00Z,2026-10-02T09:37:33+00:00
