event,series,ticker,title,yes_bid,yes_ask,last_price,volume,open_interest,status,close_time,pulled_at
KXNFLREC-26SEP27ARISF,KXNFLREC,KXNFLREC-26SEP27ARISF-ARIKBOURNE17-5,Kendrick Bourne: 5+ receptions,0.1300,0.1700,0.1600,42.95,36.95,active,2026-09-29T20:05:00Z,2026-09-26T14:52:17+00:00
KXNFLREC-26SEP27ARISF,KXNFLREC,KXNFLREC-26SEP27ARISF-SFDSAMUEL19-10,Deebo Samuel Sr.: 10+ receptions,0.0000,0.0400,0.0000,0.00,0.00,active,2026-09-29T20:05:00Z,2026-09-26T14:52:17+00:00
KXNFLREC-26SEP27ARISF,KXNFLREC,KXNFLREC-26SEP27ARISF-ARITMCBRIDE85-11,Trey McBride: 11+ receptions,0.1100,0.1600,0.0000,0.00,0.00,active,2026-09-29T20:05:00Z,2026-09-26T14:52:17+00:00
KXNFLREC-26SEP27ARISF,KXNFLREC,KXNFLREC-26SEP27ARISF-SFDSAMUEL19-9,Deebo Samuel Sr.: 9+ receptions,0.0000,0.0600,0.0000,0.00,0.00,active,2026-09-29T20:05:00Z,2026-09-26T14:52:17+00:00
KXNFLREC-26SEP27ARISF,KXNFLREC,KXNFLREC-26SEP27ARISF-SFDSAMUEL19-3,Deebo Samuel Sr.: 3+ receptions,0.7000,0.7600,0.0000,0.00,0.00,active,2026-09-29T20:05:00Z,2026-09-26T14:52:17+00:00
KXNFLREC-26SEP27ARISF,KXNFLREC,KXNFLREC-26SEP27ARISF-SFCMCCAFFREY23-8,Christian McCaffrey: 8+ receptions,0.1000,0.1400,0.1200,48.40,48.40,active,2026-09-29T20:05:00Z,2026-09-26T14:52:17+00:00
KXNFLREC-26SEP27ARISF,KXNFLREC,KXNFLREC-26SEP27ARISF-ARIKBOURNE17-6,Kendrick Bourne: 6+ receptions,0.0200,0.1000,0.0000,0.00,0.00,active,2026-09-29T20:05:00Z,2026-09-26T14:52:17+00:00
KXNFLREC-26SEP27ARISF,KXNFLREC,KXNFLREC-26SEP27ARISF-SFCMCCAFFREY23-10,Christian McCaffrey: 10+ receptions,0.0000,0.0500,0.0000,0.00,0.00,active,2026-09-29T20:05:00Z,2026-09-26T14:52:17+00:00
KXNFLREC-26SEP27ARISF,KXNFLREC,KXNFLREC-26SEP27ARISF-SFDSAMUEL19-7,Deebo Samuel Sr.: 7+ receptions,0.1200,0.1700,0.1500,9.43,9.43,active,2026-09-29T20:05:00Z,2026-09-26T14:52:17+00:00
KXNFLREC-26SEP27ARISF,KXNFLREC,KXNFLREC-26SEP27ARISF-ARIMWILSON14-3,Michael Wilson: 3+ receptions,0.7300,0.7600,0.0000,0.00,0.00,active,2026-09-29T20:05:00Z,2026-09-26T14:52:17+00:00
KXNFLREC-26SEP27ARISF,KXNFLREC,KXNFLREC-26SEP27ARISF-SFGKITTLE85-6,George Kittle: 6+ receptions,0.2200,0.2800,0.0000,0.00,0.00,active,2026-09-29T20:05:00Z,2026-09-26T14:52:17+00:00
KXNFLREC-26SEP27ARISF,KXNFLREC,KXNFLREC-26SEP27ARISF-SFGKITTLE85-4,George Kittle: 4+ receptions,0.5800,0.5900,0.5900,7.00,7.00,active,2026-09-29T20:05:00Z,2026-09-26T14:52:17+00:00
KXNFLREC-26SEP27ARISF,KXNFLREC,KXNFLREC-26SEP27ARISF-SFGKITTLE85-7,George Kittle: 7+ receptions,0.1200,0.1800,0.0000,0.00,0.00,active,2026-09-29T20:05:00Z,2026-09-26T14:52:17+00:00
KXNFLREC-26SEP27ARISF,KXNFLREC,KXNFLREC-26SEP27ARISF-SFGKITTLE85-3,George Kittle: 3+ receptions,0.7300,0.7800,0.0000,0.00,0.00,active,2026-09-29T20:05:00Z,2026-09-26T14:52:17+00:00
KXNFLREC-26SEP27ARISF,KXNFLREC,KXNFLREC-26SEP27ARISF-SFCMCCAFFREY23-6,Christian McCaffrey: 6+ receptions,0.3100,0.3400,0.3100,14.18,14.18,active,2026-09-29T20:05:00Z,2026-09-26T14:52:17+00:00
KXNFLREC-26SEP27ARISF,KXNFLREC,KXNFLREC-26SEP27ARISF-ARIMWILSON14-2,Michael Wilson: 2+ receptions,0.8600,0.9100,0.0000,0.00,0.00,active,2026-09-29T20:05:00Z,2026-09-26T14:52:17+00:00
KXNFLREC-26SEP27ARISF,KXNFLREC,KXNFLREC-26SEP27ARISF-SFDSAMUEL19-4,Deebo Samuel Sr.: 4+ receptions,0.5600,0.5800,0.5700,115.67,115.67,active,2026-09-29T20:05:00Z,2026-09-26T14:52:17+00:00
KXNFLREC-26SEP27ARISF,KXNFLREC,KXNFLREC-26SEP27ARISF-SFDSAMUEL19-6,Deebo Samuel Sr.: 6+ receptions,0.2100,0.2600,0.2500,5.70,5.70,active,2026-09-29T20:05:00Z,2026-09-26T14:52:17+00:00
KXNFLREC-26SEP27ARISF,KXNFLREC,KXNFLREC-26SEP27ARISF-SFCMCCAFFREY23-3,Christian McCaffrey: 3+ receptions,0.7800,0.8400,0.8400,5.00,5.00,active,2026-09-29T20:05:00Z,2026-09-26T14:52:17+00:00
KXNFLREC-26SEP27ARISF,KXNFLREC,KXNFLREC-26SEP27ARISF-ARIKBOURNE17-7,Kendrick Bourne: 7+ receptions,0.0300,0.0600,0.0000,0.00,0.00,active,2026-09-29T20:05:00Z,2026-09-26T14:52:17+00:00
KXNFLREC-26SEP27ARISF,KXNFLREC,KXNFLREC-26SEP27ARISF-ARITMCBRIDE85-14,Trey McBride: 14+ receptions,0.0000,0.0500,0.0000,0.00,0.00,active,2026-09-29T20:05:00Z,2026-09-26T14:52:17+00:00
KXNFLREC-26SEP27ARISF,KXNFLREC,KXNFLREC-26SEP27ARISF-ARIMWILSON14-4,Michael Wilson: 4+ receptions,0.5600,0.5700,0.5700,257.78,257.78,active,2026-09-29T20:05:00Z,2026-09-26T14:52:17+00:00
KXNFLREC-26SEP27ARISF,KXNFLREC,KXNFLREC-26SEP27ARISF-SFCMCCAFFREY23-7,Christian McCaffrey: 7+ receptions,0.1900,0.2200,0.2300,3000.00,3000.00,active,2026-09-29T20:05:00Z,2026-09-26T14:52:17+00:00
KXNFLREC-26SEP27ARISF,KXNFLREC,KXNFLREC-26SEP27ARISF-ARIJLOVE4-3,Jeremiyah Love: 3+ receptions,0.5000,0.5100,0.5000,701.00,701.00,active,2026-09-29T20:05:00Z,2026-09-26T14:52:17+00:00
KXNFLREC-26SEP27ARISF,KXNFLREC,KXNFLREC-26SEP27ARISF-ARIKBOURNE17-4,Kendrick Bourne: 4+ receptions,0.2600,0.2800,0.2800,1242.40,1242.40,active,2026-09-29T20:05:00Z,2026-09-26T14:52:17+00:00
KXNFLREC-26SEP27ARISF,KXNFLREC,KXNFLREC-26SEP27ARISF-SFDSAMUEL19-8,Deebo Samuel Sr.: 8+ receptions,0.0000,0.1000,0.0000,0.00,0.00,active,2026-09-29T20:05:00Z,2026-09-26T14:52:17+00:00
KXNFLREC-26SEP27ARISF,KXNFLREC,KXNFLREC-26SEP27ARISF-ARIMWILSON14-7,Michael Wilson: 7+ receptions,0.1000,0.1400,0.0000,0.00,0.00,active,2026-09-29T20:05:00Z,2026-09-26T14:52:17+00:00
KXNFLREC-26SEP27ARISF,KXNFLREC,KXNFLREC-26SEP27ARISF-ARITMCBRIDE85-4,Trey McBride: 4+ receptions,0.8800,0.9200,0.0000,0.00,0.00,active,2026-09-29T20:05:00Z,2026-09-26T14:52:17+00:00
KXNFLREC-26SEP27ARISF,KXNFLREC,KXNFLREC-26SEP27ARISF-ARIJLOVE4-6,Jeremiyah Love: 6+ receptions,0.0200,0.0800,0.0900,200.00,200.00,active,2026-09-29T20:05:00Z,2026-09-26T14:52:17+00:00
KXNFLREC-26SEP27ARISF,KXNFLREC,KXNFLREC-26SEP27ARISF-ARIJLOVE4-2,Jeremiyah Love: 2+ receptions,0.6900,0.7300,0.0000,0.00,0.00,active,2026-09-29T20:05:00Z,2026-09-26T14:52:17+00:00
KXNFLREC-26SEP27ARISF,KXNFLREC,KXNFLREC-26SEP27ARISF-SFCMCCAFFREY23-4,Christian McCaffrey: 4+ receptions,0.6300,0.7000,0.6800,11.00,11.00,active,2026-09-29T20:05:00Z,2026-09-26T14:52:17+00:00
KXNFLREC-26SEP27ARISF,KXNFLREC,KXNFLREC-26SEP27ARISF-ARIMHARRISON18-5,Marvin Harrison Jr.: 5+ receptions,0.0900,0.1100,0.1300,108.76,108.76,active,2026-09-29T20:05:00Z,2026-09-26T14:52:17+00:00
KXNFLREC-26SEP27ARISF,KXNFLREC,KXNFLREC-26SEP27ARISF-SFCMCCAFFREY23-5,Christian McCaffrey: 5+ receptions,0.5000,0.5200,0.5000,379.66,310.82,active,2026-09-29T20:05:00Z,2026-09-26T14:52:17+00:00
KXNFLREC-26SEP27ARISF,KXNFLREC,KXNFLREC-26SEP27ARISF-SFDSAMUEL19-2,Deebo Samuel Sr.: 2+ receptions,0.8500,0.9100,0.0000,0.00,0.00,active,2026-09-29T20:05:00Z,2026-09-26T14:52:17+00:00
KXNFLREC-26SEP27ARISF,KXNFLREC,KXNFLREC-26SEP27ARISF-ARIJLOVE4-5,Jeremiyah Love: 5+ receptions,0.1200,0.1500,0.1700,3006.00,3000.00,active,2026-09-29T20:05:00Z,2026-09-26T14:52:17+00:00
KXNFLREC-26SEP27ARISF,KXNFLREC,KXNFLREC-26SEP27ARISF-ARIJLOVE4-4,Jeremiyah Love: 4+ receptions,0.2500,0.2900,0.2800,2001.00,2000.00,active,2026-09-29T20:05:00Z,2026-09-26T14:52:17+00:00
KXNFLREC-26SEP27ARISF,KXNFLREC,KXNFLREC-26SEP27ARISF-ARIKBOURNE17-3,Kendrick Bourne: 3+ receptions,0.4800,0.4900,0.4800,3924.54,3924.54,active,2026-09-29T20:05:00Z,2026-09-26T14:52:17+00:00
KXNFLREC-26SEP27ARISF,KXNFLREC,KXNFLREC-26SEP27ARISF-SFGKITTLE85-5,George Kittle: 5+ receptions,0.3900,0.4300,0.4200,63.75,63.75,active,2026-09-29T20:05:00Z,2026-09-26T14:52:17+00:00
KXNFLREC-26SEP27ARISF,KXNFLREC,KXNFLREC-26SEP27ARISF-SFGKITTLE85-8,George Kittle: 8+ receptions,0.0000,0.1100,0.0000,0.00,0.00,active,2026-09-29T20:05:00Z,2026-09-26T14:52:17+00:00
KXNFLREC-26SEP27ARISF,KXNFLREC,KXNFLREC-26SEP27ARISF-ARIMWILSON14-9,Michael Wilson: 9+ receptions,0.0300,0.0500,0.0000,0.00,0.00,active,2026-09-29T20:05:00Z,2026-09-26T14:52:17+00:00
KXNFLREC-26SEP27ARISF,KXNFLREC,KXNFLREC-26SEP27ARISF-ARIMHARRISON18-4,Marvin Harrison Jr.: 4+ receptions,0.2100,0.2400,0.2400,131.57,131.57,active,2026-09-29T20:05:00Z,2026-09-26T14:52:17+00:00
KXNFLREC-26SEP27ARISF,KXNFLREC,KXNFLREC-26SEP27ARISF-SFGKITTLE85-2,George Kittle: 2+ receptions,0.8500,0.9200,0.0000,0.00,0.00,active,2026-09-29T20:05:00Z,2026-09-26T14:52:17+00:00
KXNFLREC-26SEP27ARISF,KXNFLREC,KXNFLREC-26SEP27ARISF-ARIMWILSON14-6,Michael Wilson: 6+ receptions,0.2100,0.2400,0.0000,0.00,0.00,active,2026-09-29T20:05:00Z,2026-09-26T14:52:17+00:00
KXNFLREC-26SEP27ARISF,KXNFLREC,KXNFLREC-26SEP27ARISF-ARIMWILSON14-8,Michael Wilson: 8+ receptions,0.0500,0.0900,0.0000,0.00,0.00,active,2026-09-29T20:05:00Z,2026-09-26T14:52:17+00:00
KXNFLREC-26SEP27ARISF,KXNFLREC,KXNFLREC-26SEP27ARISF-ARIMHARRISON18-7,Marvin Harrison Jr.: 7+ receptions,0.0200,0.0400,0.0400,70.74,70.74,active,2026-09-29T20:05:00Z,2026-09-26T14:52:17+00:00
KXNFLREC-26SEP27ARISF,KXNFLREC,KXNFLREC-26SEP27ARISF-SFGKITTLE85-9,George Kittle: 9+ receptions,0.0000,0.0700,0.0000,0.00,0.00,active,2026-09-29T20:05:00Z,2026-09-26T14:52:17+00:00
KXNFLREC-26SEP27ARISF,KXNFLREC,KXNFLREC-26SEP27ARISF-SFGKITTLE85-10,George Kittle: 10+ receptions,0.0000,0.0500,0.0000,0.00,0.00,active,2026-09-29T20:05:00Z,2026-09-26T14:52:17+00:00
KXNFLREC-26SEP27ARISF,KXNFLREC,KXNFLREC-26SEP27ARISF-ARIMWILSON14-5,Michael Wilson: 5+ receptions,0.3700,0.3800,0.3600,1.00,1.00,active,2026-09-29T20:05:00Z,2026-09-26T14:52:17+00:00
KXNFLREC-26SEP27ARISF,KXNFLREC,KXNFLREC-26SEP27ARISF-ARITMCBRIDE85-9,Trey McBride: 9+ receptions,0.2800,0.3200,0.3200,24.08,24.08,active,2026-09-29T20:05:00Z,2026-09-26T14:52:17+00:00
KXNFLREC-26SEP27ARISF,KXNFLREC,KXNFLREC-26SEP27ARISF-ARIKBOURNE17-2,Kendrick Bourne: 2+ receptions,0.6700,0.7200,0.0000,0.00,0.00,active,2026-09-29T20:05:00Z,2026-09-26T14:52:17+00:00
KXNFLREC-26SEP27ARISF,KXNFLREC,KXNFLREC-26SEP27ARISF-SFCMCCAFFREY23-2,Christian McCaffrey: 2+ receptions,0.8700,0.9200,0.9400,5.00,5.00,active,2026-09-29T20:05:00Z,2026-09-26T14:52:17+00:00
KXNFLREC-26SEP27ARISF,KXNFLREC,KXNFLREC-26SEP27ARISF-ARIMHARRISON18-2,Marvin Harrison Jr.: 2+ receptions,0.6500,0.7000,0.6500,27.32,27.32,active,2026-09-29T20:05:00Z,2026-09-26T14:52:17+00:00
KXNFLREC-26SEP27ARISF,KXNFLREC,KXNFLREC-26SEP27ARISF-SFDSAMUEL19-5,Deebo Samuel Sr.: 5+ receptions,0.3800,0.4000,0.3900,76.42,76.42,active,2026-09-29T20:05:00Z,2026-09-26T14:52:17+00:00
KXNFLREC-26SEP27ARISF,KXNFLREC,KXNFLREC-26SEP27ARISF-ARITMCBRIDE85-7,Trey McBride: 7+ receptions,0.5500,0.5700,0.5800,242.42,242.42,active,2026-09-29T20:05:00Z,2026-09-26T14:52:17+00:00
KXNFLREC-26SEP27ARISF,KXNFLREC,KXNFLREC-26SEP27ARISF-ARITMCBRIDE85-10,Trey McBride: 10+ receptions,0.1800,0.2300,0.1800,1.00,1.00,active,2026-09-29T20:05:00Z,2026-09-26T14:52:17+00:00
KXNFLREC-26SEP27ARISF,KXNFLREC,KXNFLREC-26SEP27ARISF-SFCMCCAFFREY23-9,Christian McCaffrey: 9+ receptions,0.0000,0.0800,0.0000,0.00,0.00,active,2026-09-29T20:05:00Z,2026-09-26T14:52:17+00:00
KXNFLREC-26SEP27ARISF,KXNFLREC,KXNFLREC-26SEP27ARISF-ARIMHARRISON18-6,Marvin Harrison Jr.: 6+ receptions,0.0400,0.0700,0.0700,93.88,93.88,active,2026-09-29T20:05:00Z,2026-09-26T14:52:17+00:00
KXNFLREC-26SEP27ARISF,KXNFLREC,KXNFLREC-26SEP27ARISF-ARITMCBRIDE85-6,Trey McBride: 6+ receptions,0.6900,0.7200,0.7200,20.00,20.00,active,2026-09-29T20:05:00Z,2026-09-26T14:52:17+00:00
KXNFLREC-26SEP27ARISF,KXNFLREC,KXNFLREC-26SEP27ARISF-ARIMHARRISON18-3,Marvin Harrison Jr.: 3+ receptions,0.4100,0.4200,0.4200,375.62,375.62,active,2026-09-29T20:05:00Z,2026-09-26T14:52:17+00:00
KXNFLREC-26SEP27ARISF,KXNFLREC,KXNFLREC-26SEP27ARISF-ARITMCBRIDE85-5,Trey McBride: 5+ receptions,0.8000,0.8300,0.8300,3.54,3.54,active,2026-09-29T20:05:00Z,2026-09-26T14:52:17+00:00
KXNFLREC-26SEP27ARISF,KXNFLREC,KXNFLREC-26SEP27ARISF-ARITMCBRIDE85-8,Trey McBride: 8+ receptions,0.4000,0.4100,0.4100,322.42,322.42,active,2026-09-29T20:05:00Z,2026-09-26T14:52:17+00:00
KXNFLREC-26SEP27ARISF,KXNFLREC,KXNFLREC-26SEP27ARISF-ARITMCBRIDE85-12,Trey McBride: 12+ receptions,0.0200,0.1000,0.0000,0.00,0.00,active,2026-09-29T20:05:00Z,2026-09-26T14:52:17+00:00
KXNFLREC-26SEP27ARISF,KXNFLREC,KXNFLREC-26SEP27ARISF-ARITMCBRIDE85-13,Trey McBride: 13+ receptions,0.0000,0.0700,0.0000,0.00,0.00,active,2026-09-29T20:05:00Z,2026-09-26T14:52:17+00:00
KXNFLREC-26SEP27ARISF,KXNFLREC,KXNFLREC-26SEP27ARISF-ARIJLOVE4-7,Jeremiyah Love: 7+ receptions,0.0200,0.0500,0.0000,0.00,0.00,active,2026-09-29T20:05:00Z,2026-09-26T14:52:17+00:00
KXNFLREC-26SEP27BALDAL,KXNFLREC,KXNFLREC-26SEP27BALDAL-BALMANDREWS89-10,Mark Andrews: 10+ receptions,0.0100,0.0400,0.0000,0.00,0.00,active,2026-09-29T20:25:00Z,2026-09-26T14:52:17+00:00
KXNFLREC-26SEP27BALDAL,KXNFLREC,KXNFLREC-26SEP27BALDAL-BALLWESTER10-3,LaJohntay Wester: 3+ receptions,0.3200,0.3300,0.0000,0.00,0.00,active,2026-09-29T20:25:00Z,2026-09-26T14:52:17+00:00
KXNFLREC-26SEP27BALDAL,KXNFLREC,KXNFLREC-26SEP27BALDAL-DALJFERGUSON87-6,Jake Ferguson: 6+ receptions,0.1700,0.2100,0.0000,0.00,0.00,active,2026-09-29T20:25:00Z,2026-09-26T14:52:17+00:00
KXNFLREC-26SEP27BALDAL,KXNFLREC,KXNFLREC-26SEP27BALDAL-BALRBATEMAN7-5,Rashod Bateman: 5+ receptions,0.2500,0.2800,0.2700,320.09,320.09,active,2026-09-29T20:25:00Z,2026-09-26T14:52:17+00:00
KXNFLREC-26SEP27BALDAL,KXNFLREC,KXNFLREC-26SEP27BALDAL-BALJHILL43-6,Justice Hill: 6+ receptions,0.0200,0.0600,0.0000,0.00,0.00,active,2026-09-29T20:25:00Z,2026-09-26T14:52:17+00:00
KXNFLREC-26SEP27BALDAL,KXNFLREC,KXNFLREC-26SEP27BALDAL-DALRFLOURNOY19-5,Ryan Flournoy: 5+ receptions,0.2500,0.2600,0.0000,0.00,0.00,active,2026-09-29T20:25:00Z,2026-09-26T14:52:17+00:00
KXNFLREC-26SEP27BALDAL,KXNFLREC,KXNFLREC-26SEP27BALDAL-BALJHILL43-2,Justice Hill: 2+ receptions,0.6000,0.6200,0.0000,0.00,0.00,active,2026-09-29T20:25:00Z,2026-09-26T14:52:17+00:00
KXNFLREC-26SEP27BALDAL,KXNFLREC,KXNFLREC-26SEP27BALDAL-DALRFLOURNOY19-6,Ryan Flournoy: 6+ receptions,0.1200,0.1400,0.0000,0.00,0.00,active,2026-09-29T20:25:00Z,2026-09-26T14:52:17+00:00
KXNFLREC-26SEP27BALDAL,KXNFLREC,KXNFLREC-26SEP27BALDAL-DALGPICKENS3-10,George Pickens: 10+ receptions,0.0400,0.0800,0.0000,0.00,0.00,active,2026-09-29T20:25:00Z,2026-09-26T14:52:17+00:00
KXNFLREC-26SEP27BALDAL,KXNFLREC,KXNFLREC-26SEP27BALDAL-DALJFERGUSON87-3,Jake Ferguson: 3+ receptions,0.6800,0.7200,0.7200,43.34,43.34,active,2026-09-29T20:25:00Z,2026-09-26T14:52:17+00:00
KXNFLREC-26SEP27BALDAL,KXNFLREC,KXNFLREC-26SEP27BALDAL-DALGPICKENS3-7,George Pickens: 7+ receptions,0.2600,0.3000,0.0000,0.00,0.00,active,2026-09-29T20:25:00Z,2026-09-26T14:52:17+00:00
KXNFLREC-26SEP27BALDAL,KXNFLREC,KXNFLREC-26SEP27BALDAL-DALJWILLIAMS33-7,Javonte Williams: 7+ receptions,0.0200,0.0700,0.0000,0.00,0.00,active,2026-09-29T20:25:00Z,2026-09-26T14:52:17+00:00
KXNFLREC-26SEP27BALDAL,KXNFLREC,KXNFLREC-26SEP27BALDAL-DALJFERGUSON87-8,Jake Ferguson: 8+ receptions,0.0100,0.0700,0.0000,0.00,0.00,active,2026-09-29T20:25:00Z,2026-09-26T14:52:17+00:00
KXNFLREC-26SEP27BALDAL,KXNFLREC,KXNFLREC-26SEP27BALDAL-DALCLAMB88-4,CeeDee Lamb: 4+ receptions,0.8500,0.9000,0.9000,3.31,3.31,active,2026-09-29T20:25:00Z,2026-09-26T14:52:17+00:00
KXNFLREC-26SEP27BALDAL,KXNFLREC,KXNFLREC-26SEP27BALDAL-BALMANDREWS89-3,Mark Andrews: 3+ receptions,0.7100,0.7600,0.7600,5.00,5.00,active,2026-09-29T20:25:00Z,2026-09-26T14:52:17+00:00
KXNFLREC-26SEP27BALDAL,KXNFLREC,KXNFLREC-26SEP27BALDAL-BALRBATEMAN7-8,Rashod Bateman: 8+ receptions,0.0100,0.0600,0.0000,0.00,0.00,active,2026-09-29T20:25:00Z,2026-09-26T14:52:17+00:00
KXNFLREC-26SEP27BALDAL,KXNFLREC,KXNFLREC-26SEP27BALDAL-BALMANDREWS89-8,Mark Andrews: 8+ receptions,0.0100,0.1000,0.0000,0.00,0.00,active,2026-09-29T20:25:00Z,2026-09-26T14:52:17+00:00
KXNFLREC-26SEP27BALDAL,KXNFLREC,KXNFLREC-26SEP27BALDAL-DALCLAMB88-8,CeeDee Lamb: 8+ receptions,0.3500,0.3700,0.0000,0.00,0.00,active,2026-09-29T20:25:00Z,2026-09-26T14:52:17+00:00
KXNFLREC-26SEP27BALDAL,KXNFLREC,KXNFLREC-26SEP27BALDAL-DALCLAMB88-11,CeeDee Lamb: 11+ receptions,0.0200,0.1100,0.0000,0.00,0.00,active,2026-09-29T20:25:00Z,2026-09-26T14:52:17+00:00
KXNFLREC-26SEP27BALDAL,KXNFLREC,KXNFLREC-26SEP27BALDAL-DALCLAMB88-10,CeeDee Lamb: 10+ receptions,0.1300,0.1700,0.0000,0.00,0.00,active,2026-09-29T20:25:00Z,2026-09-26T14:52:17+00:00
KXNFLREC-26SEP27BALDAL,KXNFLREC,KXNFLREC-26SEP27BALDAL-BALRBATEMAN7-3,Rashod Bateman: 3+ receptions,0.6200,0.6600,0.6500,89.55,89.55,active,2026-09-29T20:25:00Z,2026-09-26T14:52:17+00:00
KXNFLREC-26SEP27BALDAL,KXNFLREC,KXNFLREC-26SEP27BALDAL-DALRFLOURNOY19-4,Ryan Flournoy: 4+ receptions,0.4100,0.4200,0.4000,2259.73,2259.73,active,2026-09-29T20:25:00Z,2026-09-26T14:52:17+00:00
KXNFLREC-26SEP27BALDAL,KXNFLREC,KXNFLREC-26SEP27BALDAL-DALJFERGUSON87-4,Jake Ferguson: 4+ receptions,0.4900,0.5100,0.4900,423.21,423.21,active,2026-09-29T20:25:00Z,2026-09-26T14:52:17+00:00
KXNFLREC-26SEP27BALDAL,KXNFLREC,KXNFLREC-26SEP27BALDAL-BALRBATEMAN7-7,Rashod Bateman: 7+ receptions,0.0700,0.1000,0.0900,390.52,390.52,active,2026-09-29T20:25:00Z,2026-09-26T14:52:17+00:00
KXNFLREC-26SEP27BALDAL,KXNFLREC,KXNFLREC-26SEP27BALDAL-DALJFERGUSON87-7,Jake Ferguson: 7+ receptions,0.0800,0.1200,0.0000,0.00,0.00,active,2026-09-29T20:25:00Z,2026-09-26T14:52:17+00:00
KXNFLREC-26SEP27BALDAL,KXNFLREC,KXNFLREC-26SEP27BALDAL-BALMANDREWS89-7,Mark Andrews: 7+ receptions,0.1200,0.1500,0.1600,900.00,900.00,active,2026-09-29T20:25:00Z,2026-09-26T14:52:17+00:00
KXNFLREC-26SEP27BALDAL,KXNFLREC,KXNFLREC-26SEP27BALDAL-BALLWESTER10-4,LaJohntay Wester: 4+ receptions,0.1500,0.1600,0.1500,23.02,23.02,active,2026-09-29T20:25:00Z,2026-09-26T14:52:17+00:00
KXNFLREC-26SEP27BALDAL,KXNFLREC,KXNFLREC-26SEP27BALDAL-DALRFLOURNOY19-2,Ryan Flournoy: 2+ receptions,0.8000,0.8200,0.7900,32.61,32.61,active,2026-09-29T20:25:00Z,2026-09-26T14:52:17+00:00
KXNFLREC-26SEP27BALDAL,KXNFLREC,KXNFLREC-26SEP27BALDAL-BALLWESTER10-7,LaJohntay Wester: 7+ receptions,0.0000,0.0400,0.0000,0.00,0.00,active,2026-09-29T20:25:00Z,2026-09-26T14:52:17+00:00
KXNFLREC-26SEP27BALDAL,KXNFLREC,KXNFLREC-26SEP27BALDAL-DALJWILLIAMS33-6,Javonte Williams: 6+ receptions,0.0800,0.1200,0.0000,0.00,0.00,active,2026-09-29T20:25:00Z,2026-09-26T14:52:17+00:00
KXNFLREC-26SEP27BALDAL,KXNFLREC,KXNFLREC-26SEP27BALDAL-DALCLAMB88-5,CeeDee Lamb: 5+ receptions,0.7500,0.7900,0.7900,0.86,0.86,active,2026-09-29T20:25:00Z,2026-09-26T14:52:17+00:00
KXNFLREC-26SEP27BALDAL,KXNFLREC,KXNFLREC-26SEP27BALDAL-BALMANDREWS89-4,Mark Andrews: 4+ receptions,0.5800,0.5900,0.5900,133.86,133.86,active,2026-09-29T20:25:00Z,2026-09-26T14:52:17+00:00
KXNFLREC-26SEP27BALDAL,KXNFLREC,KXNFLREC-26SEP27BALDAL-BALMANDREWS89-9,Mark Andrews: 9+ receptions,0.0100,0.0700,0.0000,0.00,0.00,active,2026-09-29T20:25:00Z,2026-09-26T14:52:17+00:00
KXNFLREC-26SEP27BALDAL,KXNFLREC,KXNFLREC-26SEP27BALDAL-DALRFLOURNOY19-8,Ryan Flournoy: 8+ receptions,0.0200,0.0400,0.0000,0.00,0.00,active,2026-09-29T20:25:00Z,2026-09-26T14:52:17+00:00
KXNFLREC-26SEP27BALDAL,KXNFLREC,KXNFLREC-26SEP27BALDAL-BALDHENRY22-5,Derrick Henry: 5+ receptions,0.0100,0.0500,0.0000,0.00,0.00,active,2026-09-29T20:25:00Z,2026-09-26T14:52:17+00:00
KXNFLREC-26SEP27BALDAL,KXNFLREC,KXNFLREC-26SEP27BALDAL-BALDHENRY22-3,Derrick Henry: 3+ receptions,0.1900,0.2100,0.2000,5173.94,5173.94,active,2026-09-29T20:25:00Z,2026-09-26T14:52:17+00:00
KXNFLREC-26SEP27BALDAL,KXNFLREC,KXNFLREC-26SEP27BALDAL-BALLWESTER10-2,LaJohntay Wester: 2+ receptions,0.5400,0.5600,0.5500,2834.89,2825.37,active,2026-09-29T20:25:00Z,2026-09-26T14:52:17+00:00
KXNFLREC-26SEP27BALDAL,KXNFLREC,KXNFLREC-26SEP27BALDAL-DALGPICKENS3-5,George Pickens: 5+ receptions,0.5700,0.6000,0.6100,26.00,26.00,active,2026-09-29T20:25:00Z,2026-09-26T14:52:17+00:00
KXNFLREC-26SEP27BALDAL,KXNFLREC,KXNFLREC-26SEP27BALDAL-BALJHILL43-3,Justice Hill: 3+ receptions,0.3600,0.4000,0.0000,0.00,0.00,active,2026-09-29T20:25:00Z,2026-09-26T14:52:17+00:00
KXNFLREC-26SEP27BALDAL,KXNFLREC,KXNFLREC-26SEP27BALDAL-DALJWILLIAMS33-3,Javonte Williams: 3+ receptions,0.5500,0.5600,0.5600,60.75,60.75,active,2026-09-29T20:25:00Z,2026-09-26T14:52:17+00:00
KXNFLREC-26SEP27BALDAL,KXNFLREC,KXNFLREC-26SEP27BALDAL-BALJHILL43-5,Justice Hill: 5+ receptions,0.0800,0.1100,0.0000,0.00,0.00,active,2026-09-29T20:25:00Z,2026-09-26T14:52:17+00:00
KXNFLREC-26SEP27BALDAL,KXNFLREC,KXNFLREC-26SEP27BALDAL-BALCMOORE17-2,Chris Moore: 2+ receptions,0.3900,0.4100,0.3900,239.94,239.94,active,2026-09-29T20:25:00Z,2026-09-26T14:52:17+00:00
KXNFLREC-26SEP27BALDAL,KXNFLREC,KXNFLREC-26SEP27BALDAL-BALDHENRY22-2,Derrick Henry: 2+ receptions,0.4300,0.4400,0.4400,6493.37,6493.37,active,2026-09-29T20:25:00Z,2026-09-26T14:52:17+00:00
KXNFLREC-26SEP27BALDAL,KXNFLREC,KXNFLREC-26SEP27BALDAL-BALMANDREWS89-6,Mark Andrews: 6+ receptions,0.2200,0.2500,0.2600,107.95,107.95,active,2026-09-29T20:25:00Z,2026-09-26T14:52:17+00:00
KXNFLREC-26SEP27BALDAL,KXNFLREC,KXNFLREC-26SEP27BALDAL-BALLWESTER10-6,LaJohntay Wester: 6+ receptions,0.0100,0.0400,0.0000,0.00,0.00,active,2026-09-29T20:25:00Z,2026-09-26T14:52:17+00:00
KXNFLREC-26SEP27BALDAL,KXNFLREC,KXNFLREC-26SEP27BALDAL-DALCLAMB88-6,CeeDee Lamb: 6+ receptions,0.6400,0.6600,0.6800,50.34,50.34,active,2026-09-29T20:25:00Z,2026-09-26T14:52:17+00:00
KXNFLREC-26SEP27BALDAL,KXNFLREC,KXNFLREC-26SEP27BALDAL-DALRFLOURNOY19-3,Ryan Flournoy: 3+ receptions,0.6000,0.6300,0.6500,28.00,28.00,active,2026-09-29T20:25:00Z,2026-09-26T14:52:17+00:00
KXNFLREC-26SEP27BALDAL,KXNFLREC,KXNFLREC-26SEP27BALDAL-DALRFLOURNOY19-7,Ryan Flournoy: 7+ receptions,0.0500,0.0700,0.0000,0.00,0.00,active,2026-09-29T20:25:00Z,2026-09-26T14:52:17+00:00
KXNFLREC-26SEP27BALDAL,KXNFLREC,KXNFLREC-26SEP27BALDAL-BALMANDREWS89-5,Mark Andrews: 5+ receptions,0.4100,0.4200,0.4300,1282.09,1282.09,active,2026-09-29T20:25:00Z,2026-09-26T14:52:17+00:00
KXNFLREC-26SEP27BALDAL,KXNFLREC,KXNFLREC-26SEP27BALDAL-BALCMOORE17-4,Chris Moore: 4+ receptions,0.0500,0.1000,0.0000,0.00,0.00,active,2026-09-29T20:25:00Z,2026-09-26T14:52:17+00:00
KXNFLREC-26SEP27BALDAL,KXNFLREC,KXNFLREC-26SEP27BALDAL-BALMANDREWS89-2,Mark Andrews: 2+ receptions,0.8500,0.8800,0.9000,41.37,40.37,active,2026-09-29T20:25:00Z,2026-09-26T14:52:17+00:00
KXNFLREC-26SEP27BALDAL,KXNFLREC,KXNFLREC-26SEP27BALDAL-BALLWESTER10-5,LaJohntay Wester: 5+ receptions,0.0700,0.0800,0.0800,1700.00,1700.00,active,2026-09-29T20:25:00Z,2026-09-26T14:52:17+00:00
KXNFLREC-26SEP27BALDAL,KXNFLREC,KXNFLREC-26SEP27BALDAL-DALGPICKENS3-4,George Pickens: 4+ receptions,0.7400,0.7700,0.7700,3.83,3.83,active,2026-09-29T20:25:00Z,2026-09-26T14:52:17+00:00
KXNFLREC-26SEP27BALDAL,KXNFLREC,KXNFLREC-26SEP27BALDAL-DALJFERGUSON87-2,Jake Ferguson: 2+ receptions,0.8400,0.8900,0.8800,11.01,11.01,active,2026-09-29T20:25:00Z,2026-09-26T14:52:17+00:00
KXNFLREC-26SEP27BALDAL,KXNFLREC,KXNFLREC-26SEP27BALDAL-DALJWILLIAMS33-8,Javonte Williams: 8+ receptions,0.0100,0.0400,0.0000,0.00,0.00,active,2026-09-29T20:25:00Z,2026-09-26T14:52:17+00:00
KXNFLREC-26SEP27BALDAL,KXNFLREC,KXNFLREC-26SEP27BALDAL-BALCMOORE17-3,Chris Moore: 3+ receptions,0.1600,0.2200,0.0000,0.00,0.00,active,2026-09-29T20:25:00Z,2026-09-26T14:52:17+00:00
KXNFLREC-26SEP27BALDAL,KXNFLREC,KXNFLREC-26SEP27BALDAL-DALJWILLIAMS33-4,Javonte Williams: 4+ receptions,0.3300,0.3600,0.3600,2.53,2.53,active,2026-09-29T20:25:00Z,2026-09-26T14:52:17+00:00
KXNFLREC-26SEP27BALDAL,KXNFLREC,KXNFLREC-26SEP27BALDAL-DALGPICKENS3-6,George Pickens: 6+ receptions,0.4200,0.4300,0.0000,0.00,0.00,active,2026-09-29T20:25:00Z,2026-09-26T14:52:17+00:00
KXNFLREC-26SEP27BALDAL,KXNFLREC,KXNFLREC-26SEP27BALDAL-BALCMOORE17-5,Chris Moore: 5+ receptions,0.0000,0.0500,0.0000,0.00,0.00,active,2026-09-29T20:25:00Z,2026-09-26T14:52:17+00:00
KXNFLREC-26SEP27BALDAL,KXNFLREC,KXNFLREC-26SEP27BALDAL-DALCLAMB88-7,CeeDee Lamb: 7+ receptions,0.4700,0.4900,0.4800,447.89,447.89,active,2026-09-29T20:25:00Z,2026-09-26T14:52:17+00:00
KXNFLREC-26SEP27BALDAL,KXNFLREC,KXNFLREC-26SEP27BALDAL-BALRBATEMAN7-2,Rashod Bateman: 2+ receptions,0.7900,0.8500,0.8200,9.00,9.00,active,2026-09-29T20:25:00Z,2026-09-26T14:52:17+00:00
KXNFLREC-26SEP27BALDAL,KXNFLREC,KXNFLREC-26SEP27BALDAL-DALCLAMB88-12,CeeDee Lamb: 12+ receptions,0.0200,0.0700,0.0000,0.00,0.00,active,2026-09-29T20:25:00Z,2026-09-26T14:52:17+00:00
KXNFLREC-26SEP27BALDAL,KXNFLREC,KXNFLREC-26SEP27BALDAL-DALJWILLIAMS33-5,Javonte Williams: 5+ receptions,0.1700,0.2200,0.1700,1.00,1.00,active,2026-09-29T20:25:00Z,2026-09-26T14:52:17+00:00
KXNFLREC-26SEP27BALDAL,KXNFLREC,KXNFLREC-26SEP27BALDAL-DALGPICKENS3-3,George Pickens: 3+ receptions,0.8500,0.8900,0.0000,0.00,0.00,active,2026-09-29T20:25:00Z,2026-09-26T14:52:17+00:00
KXNFLREC-26SEP27BALDAL,KXNFLREC,KXNFLREC-26SEP27BALDAL-DALJWILLIAMS33-2,Javonte Williams: 2+ receptions,0.7600,0.7800,0.7800,1.00,1.00,active,2026-09-29T20:25:00Z,2026-09-26T14:52:17+00:00
KXNFLREC-26SEP27BALDAL,KXNFLREC,KXNFLREC-26SEP27BALDAL-BALRBATEMAN7-4,Rashod Bateman: 4+ receptions,0.4500,0.4600,0.4600,83.77,83.77,active,2026-09-29T20:25:00Z,2026-09-26T14:52:17+00:00
KXNFLREC-26SEP27BALDAL,KXNFLREC,KXNFLREC-26SEP27BALDAL-DALCLAMB88-13,CeeDee Lamb: 13+ receptions,0.0000,0.0500,0.0000,0.00,0.00,active,2026-09-29T20:25:00Z,2026-09-26T14:52:17+00:00
KXNFLREC-26SEP27BALDAL,KXNFLREC,KXNFLREC-26SEP27BALDAL-DALJFERGUSON87-5,Jake Ferguson: 5+ receptions,0.3100,0.3400,0.0000,0.00,0.00,active,2026-09-29T20:25:00Z,2026-09-26T14:52:17+00:00
KXNFLREC-26SEP27BALDAL,KXNFLREC,KXNFLREC-26SEP27BALDAL-BALDHENRY22-4,Derrick Henry: 4+ receptions,0.0400,0.0900,0.0000,0.00,0.00,active,2026-09-29T20:25:00Z,2026-09-26T14:52:17+00:00
KXNFLREC-26SEP27BALDAL,KXNFLREC,KXNFLREC-26SEP27BALDAL-BALRBATEMAN7-9,Rashod Bateman: 9+ receptions,0.0000,0.0400,0.0000,0.00,0.00,active,2026-09-29T20:25:00Z,2026-09-26T14:52:17+00:00
KXNFLREC-26SEP27BALDAL,KXNFLREC,KXNFLREC-26SEP27BALDAL-BALRBATEMAN7-6,Rashod Bateman: 6+ receptions,0.1200,0.1500,0.1600,177.25,177.25,active,2026-09-29T20:25:00Z,2026-09-26T14:52:17+00:00
KXNFLREC-26SEP27BALDAL,KXNFLREC,KXNFLREC-26SEP27BALDAL-DALGPICKENS3-8,George Pickens: 8+ receptions,0.1500,0.2000,0.2000,23.66,23.66,active,2026-09-29T20:25:00Z,2026-09-26T14:52:17+00:00
KXNFLREC-26SEP27BALDAL,KXNFLREC,KXNFLREC-26SEP27BALDAL-DALGPICKENS3-9,George Pickens: 9+ receptions,0.0800,0.1200,0.0000,0.00,0.00,active,2026-09-29T20:25:00Z,2026-09-26T14:52:17+00:00
KXNFLREC-26SEP27BALDAL,KXNFLREC,KXNFLREC-26SEP27BALDAL-DALGPICKENS3-11,George Pickens: 11+ receptions,0.0100,0.0500,0.0000,0.00,0.00,active,2026-09-29T20:25:00Z,2026-09-26T14:52:17+00:00
KXNFLREC-26SEP27BALDAL,KXNFLREC,KXNFLREC-26SEP27BALDAL-DALCLAMB88-9,CeeDee Lamb: 9+ receptions,0.2300,0.2500,0.0000,0.00,0.00,active,2026-09-29T20:25:00Z,2026-09-26T14:52:17+00:00
KXNFLREC-26SEP27BALDAL,KXNFLREC,KXNFLREC-26SEP27BALDAL-BALMANDREWS89-11,Mark Andrews: 11+ receptions,0.0000,0.0400,0.0000,0.00,0.00,active,2026-09-29T20:25:00Z,2026-09-26T14:52:17+00:00
KXNFLREC-26SEP27BALDAL,KXNFLREC,KXNFLREC-26SEP27BALDAL-BALJHILL43-4,Justice Hill: 4+ receptions,0.1800,0.2200,0.0000,0.00,0.00,active,2026-09-29T20:25:00Z,2026-09-26T14:52:17+00:00
KXNFLREC-26SEP27BALDAL,KXNFLREC,KXNFLREC-26SEP27BALDAL-DALJFERGUSON87-9,Jake Ferguson: 9+ receptions,0.0100,0.0400,0.0000,0.00,0.00,active,2026-09-29T20:25:00Z,2026-09-26T14:52:17+00:00
KXNFLREC-26SEP27CARCLE,KXNFLREC,KXNFLREC-26SEP27CARCLE-CLEHFANNIN44-2,Harold Fannin Jr.: 2+ receptions,0.8600,0.9000,0.0000,0.00,0.00,active,2026-09-29T17:00:00Z,2026-09-26T14:52:17+00:00
KXNFLREC-26SEP27CARCLE,KXNFLREC,KXNFLREC-26SEP27CARCLE-CLEDBOSTON12-2,Denzel Boston: 2+ receptions,0.8400,0.8700,0.8300,28.79,28.79,active,2026-09-29T17:00:00Z,2026-09-26T14:52:17+00:00
KXNFLREC-26SEP27CARCLE,KXNFLREC,KXNFLREC-26SEP27CARCLE-CLEDBOSTON12-4,Denzel Boston: 4+ receptions,0.4700,0.4800,0.4800,840.99,840.99,active,2026-09-29T17:00:00Z,2026-09-26T14:52:17+00:00
KXNFLREC-26SEP27CARCLE,KXNFLREC,KXNFLREC-26SEP27CARCLE-CLEHFANNIN44-6,Harold Fannin Jr.: 6+ receptions,0.1800,0.2300,0.0000,0.00,0.00,active,2026-09-29T17:00:00Z,2026-09-26T14:52:17+00:00
KXNFLREC-26SEP27CARCLE,KXNFLREC,KXNFLREC-26SEP27CARCLE-CLEQJUDKINS10-4,Quinshon Judkins: 4+ receptions,0.2300,0.2800,0.0000,0.00,0.00,active,2026-09-29T17:00:00Z,2026-09-26T14:52:17+00:00
KXNFLREC-26SEP27CARCLE,KXNFLREC,KXNFLREC-26SEP27CARCLE-CARDWALLER88-6,Darren Waller: 6+ receptions,0.0200,0.0700,0.0000,0.00,0.00,active,2026-09-29T17:00:00Z,2026-09-26T14:52:17+00:00
KXNFLREC-26SEP27CARCLE,KXNFLREC,KXNFLREC-26SEP27CARCLE-CLEHFANNIN44-8,Harold Fannin Jr.: 8+ receptions,0.0400,0.0800,0.0000,0.00,0.00,active,2026-09-29T17:00:00Z,2026-09-26T14:52:17+00:00
KXNFLREC-26SEP27CARCLE,KXNFLREC,KXNFLREC-26SEP27CARCLE-CLEJJEUDY3-4,Jerry Jeudy: 4+ receptions,0.1000,0.1300,0.1300,1121.12,1118.12,active,2026-09-29T17:00:00Z,2026-09-26T14:52:17+00:00
KXNFLREC-26SEP27CARCLE,KXNFLREC,KXNFLREC-26SEP27CARCLE-CARXLEGETTE17-3,Xavier Legette: 3+ receptions,0.1700,0.2100,0.2100,18.00,18.00,active,2026-09-29T17:00:00Z,2026-09-26T14:52:17+00:00
KXNFLREC-26SEP27CARCLE,KXNFLREC,KXNFLREC-26SEP27CARCLE-CLEHFANNIN44-9,Harold Fannin Jr.: 9+ receptions,0.0100,0.0500,0.0000,0.00,0.00,active,2026-09-29T17:00:00Z,2026-09-26T14:52:17+00:00
KXNFLREC-26SEP27CARCLE,KXNFLREC,KXNFLREC-26SEP27CARCLE-CARTMCMILLAN4-8,Tetairoa McMillan: 8+ receptions,0.1000,0.1500,0.0000,0.00,0.00,active,2026-09-29T17:00:00Z,2026-09-26T14:52:17+00:00
KXNFLREC-26SEP27CARCLE,KXNFLREC,KXNFLREC-26SEP27CARCLE-CARDWALLER88-5,Darren Waller: 5+ receptions,0.0200,0.1400,0.0800,8.00,8.00,active,2026-09-29T17:00:00Z,2026-09-26T14:52:17+00:00
KXNFLREC-26SEP27CARCLE,KXNFLREC,KXNFLREC-26SEP27CARCLE-CARXLEGETTE17-4,Xavier Legette: 4+ receptions,0.0300,0.0800,0.1100,3760.00,3760.00,active,2026-09-29T17:00:00Z,2026-09-26T14:52:17+00:00
KXNFLREC-26SEP27CARCLE,KXNFLREC,KXNFLREC-26SEP27CARCLE-CARDWALLER88-4,Darren Waller: 4+ receptions,0.2000,0.2500,0.2100,5.00,5.00,active,2026-09-29T17:00:00Z,2026-09-26T14:52:17+00:00
KXNFLREC-26SEP27CARCLE,KXNFLREC,KXNFLREC-26SEP27CARCLE-CARTMCMILLAN4-9,Tetairoa McMillan: 9+ receptions,0.0500,0.0800,0.0500,3.00,3.00,active,2026-09-29T17:00:00Z,2026-09-26T14:52:17+00:00
KXNFLREC-26SEP27CARCLE,KXNFLREC,KXNFLREC-26SEP27CARCLE-CLEJJEUDY3-2,Jerry Jeudy: 2+ receptions,0.5300,0.5400,0.5400,958.47,958.47,active,2026-09-29T17:00:00Z,2026-09-26T14:52:17+00:00
KXNFLREC-26SEP27CARCLE,KXNFLREC,KXNFLREC-26SEP27CARCLE-CARTMCMILLAN4-3,Tetairoa McMillan: 3+ receptions,0.7900,0.8400,0.0000,0.00,0.00,active,2026-09-29T17:00:00Z,2026-09-26T14:52:17+00:00
KXNFLREC-26SEP27CARCLE,KXNFLREC,KXNFLREC-26SEP27CARCLE-CLEJJEUDY3-3,Jerry Jeudy: 3+ receptions,0.2400,0.2900,0.2800,35.00,35.00,active,2026-09-29T17:00:00Z,2026-09-26T14:52:17+00:00
KXNFLREC-26SEP27CARCLE,KXNFLREC,KXNFLREC-26SEP27CARCLE-CARDWALLER88-3,Darren Waller: 3+ receptions,0.4200,0.4400,0.4300,22.20,22.20,active,2026-09-29T17:00:00Z,2026-09-26T14:52:17+00:00
KXNFLREC-26SEP27CARCLE,KXNFLREC,KXNFLREC-26SEP27CARCLE-CLEQJUDKINS10-3,Quinshon Judkins: 3+ receptions,0.4600,0.4800,0.0000,0.00,0.00,active,2026-09-29T17:00:00Z,2026-09-26T14:52:17+00:00
KXNFLREC-26SEP27CARCLE,KXNFLREC,KXNFLREC-26SEP27CARCLE-CLEDBOSTON12-6,Denzel Boston: 6+ receptions,0.1500,0.1900,0.0000,0.00,0.00,active,2026-09-29T17:00:00Z,2026-09-26T14:52:17+00:00
KXNFLREC-26SEP27CARCLE,KXNFLREC,KXNFLREC-26SEP27CARCLE-CARXLEGETTE17-2,Xavier Legette: 2+ receptions,0.4400,0.4500,0.4600,4626.77,4421.62,active,2026-09-29T17:00:00Z,2026-09-26T14:52:17+00:00
KXNFLREC-26SEP27CARCLE,KXNFLREC,KXNFLREC-26SEP27CARCLE-CLEJJEUDY3-6,Jerry Jeudy: 6+ receptions,0.0000,0.0400,0.0000,0.00,0.00,active,2026-09-29T17:00:00Z,2026-09-26T14:52:17+00:00
KXNFLREC-26SEP27CARCLE,KXNFLREC,KXNFLREC-26SEP27CARCLE-CARTTREMBLE82-6,Tommy Tremble: 6+ receptions,0.0100,0.0400,0.0000,0.00,0.00,active,2026-09-29T17:00:00Z,2026-09-26T14:52:17+00:00
KXNFLREC-26SEP27CARCLE,KXNFLREC,KXNFLREC-26SEP27CARCLE-CARTTREMBLE82-5,Tommy Tremble: 5+ receptions,0.0200,0.0700,0.0000,0.00,0.00,active,2026-09-29T17:00:00Z,2026-09-26T14:52:17+00:00
KXNFLREC-26SEP27CARCLE,KXNFLREC,KXNFLREC-26SEP27CARCLE-CLEQJUDKINS10-6,Quinshon Judkins: 6+ receptions,0.0400,0.0900,0.0000,0.00,0.00,active,2026-09-29T17:00:00Z,2026-09-26T14:52:17+00:00
KXNFLREC-26SEP27CARCLE,KXNFLREC,KXNFLREC-26SEP27CARCLE-CLEHFANNIN44-7,Harold Fannin Jr.: 7+ receptions,0.0900,0.1400,0.0000,0.00,0.00,active,2026-09-29T17:00:00Z,2026-09-26T14:52:17+00:00
KXNFLREC-26SEP27CARCLE,KXNFLREC,KXNFLREC-26SEP27CARCLE-CARTTREMBLE82-3,Tommy Tremble: 3+ receptions,0.2300,0.2900,0.2500,3.00,3.00,active,2026-09-29T17:00:00Z,2026-09-26T14:52:17+00:00
KXNFLREC-26SEP27CARCLE,KXNFLREC,KXNFLREC-26SEP27CARCLE-CARCHUBBARD30-5,Chuba Hubbard: 5+ receptions,0.1000,0.1300,0.0000,0.00,0.00,active,2026-09-29T17:00:00Z,2026-09-26T14:52:17+00:00
KXNFLREC-26SEP27CARCLE,KXNFLREC,KXNFLREC-26SEP27CARCLE-CARCHUBBARD30-3,Chuba Hubbard: 3+ receptions,0.4600,0.4700,0.4700,4457.30,4457.30,active,2026-09-29T17:00:00Z,2026-09-26T14:52:17+00:00
KXNFLREC-26SEP27CARCLE,KXNFLREC,KXNFLREC-26SEP27CARCLE-CARCHUBBARD30-6,Chuba Hubbard: 6+ receptions,0.0300,0.0700,0.0000,0.00,0.00,active,2026-09-29T17:00:00Z,2026-09-26T14:52:17+00:00
KXNFLREC-26SEP27CARCLE,KXNFLREC,KXNFLREC-26SEP27CARCLE-CLEQJUDKINS10-2,Quinshon Judkins: 2+ receptions,0.6800,0.7100,0.6800,74.00,74.00,active,2026-09-29T17:00:00Z,2026-09-26T14:52:17+00:00
KXNFLREC-26SEP27CARCLE,KXNFLREC,KXNFLREC-26SEP27CARCLE-CARTMCMILLAN4-7,Tetairoa McMillan: 7+ receptions,0.1900,0.2200,0.2200,195.54,195.54,active,2026-09-29T17:00:00Z,2026-09-26T14:52:17+00:00
KXNFLREC-26SEP27CARCLE,KXNFLREC,KXNFLREC-26SEP27CARCLE-CARCHUBBARD30-4,Chuba Hubbard: 4+ receptions,0.2200,0.2600,0.2600,98.80,98.80,active,2026-09-29T17:00:00Z,2026-09-26T14:52:17+00:00
KXNFLREC-26SEP27CARCLE,KXNFLREC,KXNFLREC-26SEP27CARCLE-CARTMCMILLAN4-5,Tetairoa McMillan: 5+ receptions,0.5200,0.5300,0.5300,3686.17,3684.17,active,2026-09-29T17:00:00Z,2026-09-26T14:52:17+00:00
KXNFLREC-26SEP27CARCLE,KXNFLREC,KXNFLREC-26SEP27CARCLE-CLEDBOSTON12-8,Denzel Boston: 8+ receptions,0.0200,0.0600,0.0000,0.00,0.00,active,2026-09-29T17:00:00Z,2026-09-26T14:52:17+00:00
KXNFLREC-26SEP27CARCLE,KXNFLREC,KXNFLREC-26SEP27CARCLE-CARCHUBBARD30-2,Chuba Hubbard: 2+ receptions,0.6800,0.7000,0.7000,171.44,171.44,active,2026-09-29T17:00:00Z,2026-09-26T14:52:17+00:00
KXNFLREC-26SEP27CARCLE,KXNFLREC,KXNFLREC-26SEP27CARCLE-CARTMCMILLAN4-6,Tetairoa McMillan: 6+ receptions,0.3100,0.3700,0.2700,1.00,1.00,active,2026-09-29T17:00:00Z,2026-09-26T14:52:17+00:00
KXNFLREC-26SEP27CARCLE,KXNFLREC,KXNFLREC-26SEP27CARCLE-CARTMCMILLAN4-4,Tetairoa McMillan: 4+ receptions,0.6600,0.7000,0.7000,9.52,7.52,active,2026-09-29T17:00:00Z,2026-09-26T14:52:17+00:00
KXNFLREC-26SEP27CARCLE,KXNFLREC,KXNFLREC-26SEP27CARCLE-CARDWALLER88-2,Darren Waller: 2+ receptions,0.6500,0.7000,0.7000,14.06,14.06,active,2026-09-29T17:00:00Z,2026-09-26T14:52:17+00:00
KXNFLREC-26SEP27CARCLE,KXNFLREC,KXNFLREC-26SEP27CARCLE-CARTMCMILLAN4-2,Tetairoa McMillan: 2+ receptions,0.8600,0.9200,0.9200,70.30,70.30,active,2026-09-29T17:00:00Z,2026-09-26T14:52:17+00:00
KXNFLREC-26SEP27CARCLE,KXNFLREC,KXNFLREC-26SEP27CARCLE-CLEHFANNIN44-4,Harold Fannin Jr.: 4+ receptions,0.5400,0.5600,0.5500,258.91,258.91,active,2026-09-29T17:00:00Z,2026-09-26T14:52:17+00:00
KXNFLREC-26SEP27CARCLE,KXNFLREC,KXNFLREC-26SEP27CARCLE-CARTMCMILLAN4-10,Tetairoa McMillan: 10+ receptions,0.0200,0.0600,0.0000,0.00,0.00,active,2026-09-29T17:00:00Z,2026-09-26T14:52:17+00:00
KXNFLREC-26SEP27CARCLE,KXNFLREC,KXNFLREC-26SEP27CARCLE-CLEDBOSTON12-3,Denzel Boston: 3+ receptions,0.6700,0.6900,0.6800,23.00,23.00,active,2026-09-29T17:00:00Z,2026-09-26T14:52:17+00:00
KXNFLREC-26SEP27CARCLE,KXNFLREC,KXNFLREC-26SEP27CARCLE-CLEQJUDKINS10-7,Quinshon Judkins: 7+ receptions,0.0000,0.0500,0.0000,0.00,0.00,active,2026-09-29T17:00:00Z,2026-09-26T14:52:17+00:00
KXNFLREC-26SEP27CARCLE,KXNFLREC,KXNFLREC-26SEP27CARCLE-CLEQJUDKINS10-5,Quinshon Judkins: 5+ receptions,0.1100,0.1500,0.0000,0.00,0.00,active,2026-09-29T17:00:00Z,2026-09-26T14:52:17+00:00
KXNFLREC-26SEP27CARCLE,KXNFLREC,KXNFLREC-26SEP27CARCLE-CLEDBOSTON12-7,Denzel Boston: 7+ receptions,0.0700,0.1000,0.0000,0.00,0.00,active,2026-09-29T17:00:00Z,2026-09-26T14:52:17+00:00
KXNFLREC-26SEP27CARCLE,KXNFLREC,KXNFLREC-26SEP27CARCLE-CLEJJEUDY3-5,Jerry Jeudy: 5+ receptions,0.0000,0.0700,0.0000,0.00,0.00,active,2026-09-29T17:00:00Z,2026-09-26T14:52:17+00:00
KXNFLREC-26SEP27CARCLE,KXNFLREC,KXNFLREC-26SEP27CARCLE-CARDWALLER88-7,Darren Waller: 7+ receptions,0.0100,0.0400,0.0000,0.00,0.00,active,2026-09-29T17:00:00Z,2026-09-26T14:52:17+00:00
KXNFLREC-26SEP27CARCLE,KXNFLREC,KXNFLREC-26SEP27CARCLE-CARXLEGETTE17-5,Xavier Legette: 5+ receptions,0.0100,0.0500,0.0000,0.00,0.00,active,2026-09-29T17:00:00Z,2026-09-26T14:52:17+00:00
KXNFLREC-26SEP27CARCLE,KXNFLREC,KXNFLREC-26SEP27CARCLE-CARTMCMILLAN4-11,Tetairoa McMillan: 11+ receptions,0.0000,0.0500,0.0000,0.00,0.00,active,2026-09-29T17:00:00Z,2026-09-26T14:52:17+00:00
KXNFLREC-26SEP27CARCLE,KXNFLREC,KXNFLREC-26SEP27CARCLE-CLEHFANNIN44-3,Harold Fannin Jr.: 3+ receptions,0.7200,0.7400,0.7000,13.20,13.20,active,2026-09-29T17:00:00Z,2026-09-26T14:52:17+00:00
KXNFLREC-26SEP27CARCLE,KXNFLREC,KXNFLREC-26SEP27CARCLE-CARTTREMBLE82-2,Tommy Tremble: 2+ receptions,0.5100,0.5200,0.0000,0.00,0.00,active,2026-09-29T17:00:00Z,2026-09-26T14:52:17+00:00
KXNFLREC-26SEP27CARCLE,KXNFLREC,KXNFLREC-26SEP27CARCLE-CLEDBOSTON12-5,Denzel Boston: 5+ receptions,0.2900,0.3200,0.0000,0.00,0.00,active,2026-09-29T17:00:00Z,2026-09-26T14:52:17+00:00
KXNFLREC-26SEP27CARCLE,KXNFLREC,KXNFLREC-26SEP27CARCLE-CARTTREMBLE82-4,Tommy Tremble: 4+ receptions,0.1000,0.1400,0.0800,8.00,8.00,active,2026-09-29T17:00:00Z,2026-09-26T14:52:17+00:00
KXNFLREC-26SEP27CARCLE,KXNFLREC,KXNFLREC-26SEP27CARCLE-CLEHFANNIN44-5,Harold Fannin Jr.: 5+ receptions,0.3400,0.3800,0.0000,0.00,0.00,active,2026-09-29T17:00:00Z,2026-09-26T14:52:17+00:00
KXNFLREC-26SEP27CARCLE,KXNFLREC,KXNFLREC-26SEP27CARCLE-CARCHUBBARD30-7,Chuba Hubbard: 7+ receptions,0.0000,0.0400,0.0000,0.00,0.00,active,2026-09-29T17:00:00Z,2026-09-26T14:52:17+00:00
KXNFLREC-26SEP27CINPIT,KXNFLREC,KXNFLREC-26SEP27CINPIT-PITDMETCALF4-6,DK Metcalf: 6+ receptions,0.2700,0.3100,0.0000,0.00,0.00,active,2026-09-29T17:00:00Z,2026-09-26T14:52:17+00:00
KXNFLREC-26SEP27CINPIT,KXNFLREC,KXNFLREC-26SEP27CINPIT-CINMGESICKI88-7,Mike Gesicki: 7+ receptions,0.0100,0.0500,0.0000,0.00,0.00,active,2026-09-29T17:00:00Z,2026-09-26T14:52:17+00:00
KXNFLREC-26SEP27CINPIT,KXNFLREC,KXNFLREC-26SEP27CINPIT-CINTHIGGINS5-4,Tee Higgins: 4+ receptions,0.6200,0.6500,0.6600,2.23,2.23,active,2026-09-29T17:00:00Z,2026-09-26T14:52:17+00:00
KXNFLREC-26SEP27CINPIT,KXNFLREC,KXNFLREC-26SEP27CINPIT-CINTHIGGINS5-6,Tee Higgins: 6+ receptions,0.2600,0.3000,0.0000,0.00,0.00,active,2026-09-29T17:00:00Z,2026-09-26T14:52:17+00:00
KXNFLREC-26SEP27CINPIT,KXNFLREC,KXNFLREC-26SEP27CINPIT-CINSPERINE34-2,Samaje Perine: 2+ receptions,0.4700,0.4800,0.4700,1.30,1.30,active,2026-09-29T17:00:00Z,2026-09-26T14:52:17+00:00
KXNFLREC-26SEP27CINPIT,KXNFLREC,KXNFLREC-26SEP27CINPIT-CINJCHASE1-9,Ja'Marr Chase: 9+ receptions,0.2200,0.2600,0.2600,3.00,3.00,active,2026-09-29T17:00:00Z,2026-09-26T14:52:17+00:00
KXNFLREC-26SEP27CINPIT,KXNFLREC,KXNFLREC-26SEP27CINPIT-CINMGESICKI88-5,Mike Gesicki: 5+ receptions,0.1200,0.1700,0.0000,0.00,0.00,active,2026-09-29T17:00:00Z,2026-09-26T14:52:17+00:00
KXNFLREC-26SEP27CINPIT,KXNFLREC,KXNFLREC-26SEP27CINPIT-CINTHIGGINS5-9,Tee Higgins: 9+ receptions,0.0200,0.0700,0.0000,0.00,0.00,active,2026-09-29T17:00:00Z,2026-09-26T14:52:17+00:00
KXNFLREC-26SEP27CINPIT,KXNFLREC,KXNFLREC-26SEP27CINPIT-PITRWILSON14-4,Roman Wilson: 4+ receptions,0.2000,0.2600,0.0000,0.00,0.00,active,2026-09-29T17:00:00Z,2026-09-26T14:52:17+00:00
KXNFLREC-26SEP27CINPIT,KXNFLREC,KXNFLREC-26SEP27CINPIT-PITDMETCALF4-9,DK Metcalf: 9+ receptions,0.0200,0.0600,0.0000,0.00,0.00,active,2026-09-29T17:00:00Z,2026-09-26T14:52:17+00:00
KXNFLREC-26SEP27CINPIT,KXNFLREC,KXNFLREC-26SEP27CINPIT-PITRWILSON14-2,Roman Wilson: 2+ receptions,0.6400,0.7100,0.0000,0.00,0.00,active,2026-09-29T17:00:00Z,2026-09-26T14:52:17+00:00
KXNFLREC-26SEP27CINPIT,KXNFLREC,KXNFLREC-26SEP27CINPIT-CINMGESICKI88-6,Mike Gesicki: 6+ receptions,0.0500,0.0900,0.0000,0.00,0.00,active,2026-09-29T17:00:00Z,2026-09-26T14:52:17+00:00
KXNFLREC-26SEP27CINPIT,KXNFLREC,KXNFLREC-26SEP27CINPIT-PITPFREIERMUTH88-9,Pat Freiermuth: 9+ receptions,0.0200,0.0400,0.0500,80.00,80.00,active,2026-09-29T17:00:00Z,2026-09-26T14:52:17+00:00
KXNFLREC-26SEP27CINPIT,KXNFLREC,KXNFLREC-26SEP27CINPIT-CINCBROWN30-8,Chase Brown: 8+ receptions,0.0200,0.0600,0.0000,0.00,0.00,active,2026-09-29T17:00:00Z,2026-09-26T14:52:17+00:00
KXNFLREC-26SEP27CINPIT,KXNFLREC,KXNFLREC-26SEP27CINPIT-CINCBROWN30-7,Chase Brown: 7+ receptions,0.0600,0.1000,0.0000,0.00,0.00,active,2026-09-29T17:00:00Z,2026-09-26T14:52:17+00:00
KXNFLREC-26SEP27CINPIT,KXNFLREC,KXNFLREC-26SEP27CINPIT-PITRWILSON14-5,Roman Wilson: 5+ receptions,0.0000,0.1400,0.0000,0.00,0.00,active,2026-09-29T17:00:00Z,2026-09-26T14:52:17+00:00
KXNFLREC-26SEP27CINPIT,KXNFLREC,KXNFLREC-26SEP27CINPIT-PITRWILSON14-6,Roman Wilson: 6+ receptions,0.0000,0.0700,0.0000,0.00,0.00,active,2026-09-29T17:00:00Z,2026-09-26T14:52:17+00:00
KXNFLREC-26SEP27CINPIT,KXNFLREC,KXNFLREC-26SEP27CINPIT-CINMGESICKI88-4,Mike Gesicki: 4+ receptions,0.2800,0.3100,0.0000,0.00,0.00,active,2026-09-29T17:00:00Z,2026-09-26T14:52:17+00:00
KXNFLREC-26SEP27CINPIT,KXNFLREC,KXNFLREC-26SEP27CINPIT-PITPFREIERMUTH88-6,Pat Freiermuth: 6+ receptions,0.2200,0.2300,0.2300,1500.40,1500.40,active,2026-09-29T17:00:00Z,2026-09-26T14:52:17+00:00
KXNFLREC-26SEP27CINPIT,KXNFLREC,KXNFLREC-26SEP27CINPIT-CINTHIGGINS5-5,Tee Higgins: 5+ receptions,0.4500,0.4600,0.4600,4.23,4.23,active,2026-09-29T17:00:00Z,2026-09-26T14:52:17+00:00
KXNFLREC-26SEP27CINPIT,KXNFLREC,KXNFLREC-26SEP27CINPIT-CINJCHASE1-11,Ja'Marr Chase: 11+ receptions,0.0200,0.1200,0.0000,0.00,0.00,active,2026-09-29T17:00:00Z,2026-09-26T14:52:17+00:00
KXNFLREC-26SEP27CINPIT,KXNFLREC,KXNFLREC-26SEP27CINPIT-PITPFREIERMUTH88-8,Pat Freiermuth: 8+ receptions,0.0700,0.0800,0.0800,3071.53,3071.53,active,2026-09-29T17:00:00Z,2026-09-26T14:52:17+00:00
KXNFLREC-26SEP27CINPIT,KXNFLREC,KXNFLREC-26SEP27CINPIT-PITDMETCALF4-4,DK Metcalf: 4+ receptions,0.6300,0.6500,0.0000,0.00,0.00,active,2026-09-29T17:00:00Z,2026-09-26T14:52:17+00:00
KXNFLREC-26SEP27CINPIT,KXNFLREC,KXNFLREC-26SEP27CINPIT-CINSPERINE34-3,Samaje Perine: 3+ receptions,0.1900,0.2500,0.0000,0.00,0.00,active,2026-09-29T17:00:00Z,2026-09-26T14:52:17+00:00
KXNFLREC-26SEP27CINPIT,KXNFLREC,KXNFLREC-26SEP27CINPIT-CINTHIGGINS5-8,Tee Higgins: 8+ receptions,0.0700,0.1100,0.0000,0.00,0.00,active,2026-09-29T17:00:00Z,2026-09-26T14:52:17+00:00
KXNFLREC-26SEP27CINPIT,KXNFLREC,KXNFLREC-26SEP27CINPIT-CINEALL83-3,Erick All Jr.: 3+ receptions,0.0000,0.0900,0.1300,18.12,18.12,active,2026-09-29T17:00:00Z,2026-09-26T14:52:17+00:00
KXNFLREC-26SEP27CINPIT,KXNFLREC,KXNFLREC-26SEP27CINPIT-CINTHIGGINS5-3,Tee Higgins: 3+ receptions,0.7800,0.8200,0.0000,0.00,0.00,active,2026-09-29T17:00:00Z,2026-09-26T14:52:17+00:00
KXNFLREC-26SEP27CINPIT,KXNFLREC,KXNFLREC-26SEP27CINPIT-PITPFREIERMUTH88-7,Pat Freiermuth: 7+ receptions,0.1100,0.1300,0.1300,419.67,419.67,active,2026-09-29T17:00:00Z,2026-09-26T14:52:17+00:00
KXNFLREC-26SEP27CINPIT,KXNFLREC,KXNFLREC-26SEP27CINPIT-CINJCHASE1-10,Ja'Marr Chase: 10+ receptions,0.1300,0.1800,0.1800,17.42,17.42,active,2026-09-29T17:00:00Z,2026-09-26T14:52:17+00:00
KXNFLREC-26SEP27CINPIT,KXNFLREC,KXNFLREC-26SEP27CINPIT-CINJCHASE1-6,Ja'Marr Chase: 6+ receptions,0.6400,0.6700,0.6800,116.00,116.00,active,2026-09-29T17:00:00Z,2026-09-26T14:52:17+00:00
KXNFLREC-26SEP27CINPIT,KXNFLREC,KXNFLREC-26SEP27CINPIT-CINJCHASE1-8,Ja'Marr Chase: 8+ receptions,0.3400,0.3900,0.3300,2.01,2.01,active,2026-09-29T17:00:00Z,2026-09-26T14:52:17+00:00
KXNFLREC-26SEP27CINPIT,KXNFLREC,KXNFLREC-26SEP27CINPIT-CINCBROWN30-2,Chase Brown: 2+ receptions,0.8200,0.8400,0.0000,0.00,0.00,active,2026-09-29T17:00:00Z,2026-09-26T14:52:17+00:00
KXNFLREC-26SEP27CINPIT,KXNFLREC,KXNFLREC-26SEP27CINPIT-CINCBROWN30-5,Chase Brown: 5+ receptions,0.2600,0.2900,0.2900,198.67,198.67,active,2026-09-29T17:00:00Z,2026-09-26T14:52:17+00:00
KXNFLREC-26SEP27CINPIT,KXNFLREC,KXNFLREC-26SEP27CINPIT-CINCBROWN30-4,Chase Brown: 4+ receptions,0.4500,0.4700,0.4700,116.78,116.78,active,2026-09-29T17:00:00Z,2026-09-26T14:52:17+00:00
KXNFLREC-26SEP27CINPIT,KXNFLREC,KXNFLREC-26SEP27CINPIT-CINTHIGGINS5-2,Tee Higgins: 2+ receptions,0.8900,0.9400,0.0000,0.00,0.00,active,2026-09-29T17:00:00Z,2026-09-26T14:52:17+00:00
KXNFLREC-26SEP27CINPIT,KXNFLREC,KXNFLREC-26SEP27CINPIT-CINJCHASE1-4,Ja'Marr Chase: 4+ receptions,0.8600,0.9000,0.0000,0.00,0.00,active,2026-09-29T17:00:00Z,2026-09-26T14:52:17+00:00
KXNFLREC-26SEP27CINPIT,KXNFLREC,KXNFLREC-26SEP27CINPIT-CINTHIGGINS5-7,Tee Higgins: 7+ receptions,0.1400,0.1900,0.0000,0.00,0.00,active,2026-09-29T17:00:00Z,2026-09-26T14:52:17+00:00
KXNFLREC-26SEP27CINPIT,KXNFLREC,KXNFLREC-26SEP27CINPIT-CINMGESICKI88-2,Mike Gesicki: 2+ receptions,0.7100,0.7500,0.7300,141.22,141.22,active,2026-09-29T17:00:00Z,2026-09-26T14:52:17+00:00
KXNFLREC-26SEP27CINPIT,KXNFLREC,KXNFLREC-26SEP27CINPIT-CINJCHASE1-5,Ja'Marr Chase: 5+ receptions,0.7700,0.8000,0.7500,18.50,18.50,active,2026-09-29T17:00:00Z,2026-09-26T14:52:17+00:00
KXNFLREC-26SEP27CINPIT,KXNFLREC,KXNFLREC-26SEP27CINPIT-PITRWILSON14-3,Roman Wilson: 3+ receptions,0.4300,0.4400,0.4400,10.00,10.00,active,2026-09-29T17:00:00Z,2026-09-26T14:52:17+00:00
KXNFLREC-26SEP27CINPIT,KXNFLREC,KXNFLREC-26SEP27CINPIT-CINMGESICKI88-3,Mike Gesicki: 3+ receptions,0.4900,0.5000,0.4900,0.05,0.05,active,2026-09-29T17:00:00Z,2026-09-26T14:52:17+00:00
KXNFLREC-26SEP27CINPIT,KXNFLREC,KXNFLREC-26SEP27CINPIT-PITDMETCALF4-5,DK Metcalf: 5+ receptions,0.4500,0.4600,0.4500,120.58,120.53,active,2026-09-29T17:00:00Z,2026-09-26T14:52:17+00:00
KXNFLREC-26SEP27CINPIT,KXNFLREC,KXNFLREC-26SEP27CINPIT-CINEALL83-2,Erick All Jr.: 2+ receptions,0.1800,0.2200,0.2400,105.13,105.13,active,2026-09-29T17:00:00Z,2026-09-26T14:52:17+00:00
KXNFLREC-26SEP27CINPIT,KXNFLREC,KXNFLREC-26SEP27CINPIT-CINCBROWN30-3,Chase Brown: 3+ receptions,0.6400,0.6800,0.6800,40.17,40.17,active,2026-09-29T17:00:00Z,2026-09-26T14:52:17+00:00
KXNFLREC-26SEP27CINPIT,KXNFLREC,KXNFLREC-26SEP27CINPIT-PITPFREIERMUTH88-4,Pat Freiermuth: 4+ receptions,0.5500,0.5600,0.5600,15571.85,15239.89,active,2026-09-29T17:00:00Z,2026-09-26T14:52:17+00:00
KXNFLREC-26SEP27CINPIT,KXNFLREC,KXNFLREC-26SEP27CINPIT-PITDWASHINGTON80-3,Darnell Washington: 3+ receptions,0.2500,0.2800,0.2400,734.76,696.76,active,2026-09-29T17:00:00Z,2026-09-26T14:52:17+00:00
KXNFLREC-26SEP27CINPIT,KXNFLREC,KXNFLREC-26SEP27CINPIT-CINCBROWN30-6,Chase Brown: 6+ receptions,0.1300,0.1800,0.1700,500.00,500.00,active,2026-09-29T17:00:00Z,2026-09-26T14:52:17+00:00
KXNFLREC-26SEP27CINPIT,KXNFLREC,KXNFLREC-26SEP27CINPIT-PITDMETCALF4-3,DK Metcalf: 3+ receptions,0.7900,0.8100,0.8000,21.00,21.00,active,2026-09-29T17:00:00Z,2026-09-26T14:52:17+00:00
KXNFLREC-26SEP27CINPIT,KXNFLREC,KXNFLREC-26SEP27CINPIT-PITDWASHINGTON80-2,Darnell Washington: 2+ receptions,0.5100,0.5200,0.5100,3642.82,3640.82,active,2026-09-29T17:00:00Z,2026-09-26T14:52:17+00:00
KXNFLREC-26SEP27CINPIT,KXNFLREC,KXNFLREC-26SEP27CINPIT-CINJCHASE1-7,Ja'Marr Chase: 7+ receptions,0.5100,0.5200,0.5100,3902.19,3894.19,active,2026-09-29T17:00:00Z,2026-09-26T14:52:17+00:00
KXNFLREC-26SEP27CINPIT,KXNFLREC,KXNFLREC-26SEP27CINPIT-PITDMETCALF4-8,DK Metcalf: 8+ receptions,0.0800,0.1100,0.1100,23.05,23.05,active,2026-09-29T17:00:00Z,2026-09-26T14:52:17+00:00
KXNFLREC-26SEP27CINPIT,KXNFLREC,KXNFLREC-26SEP27CINPIT-PITDMETCALF4-7,DK Metcalf: 7+ receptions,0.1500,0.1900,0.1800,18.53,18.53,active,2026-09-29T17:00:00Z,2026-09-26T14:52:17+00:00
KXNFLREC-26SEP27CINPIT,KXNFLREC,KXNFLREC-26SEP27CINPIT-CINJCHASE1-12,Ja'Marr Chase: 12+ receptions,0.0200,0.0800,0.0000,0.00,0.00,active,2026-09-29T17:00:00Z,2026-09-26T14:52:17+00:00
KXNFLREC-26SEP27CINPIT,KXNFLREC,KXNFLREC-26SEP27CINPIT-CINEALL83-4,Erick All Jr.: 4+ receptions,0.0000,0.0400,0.0500,18.75,18.75,active,2026-09-29T17:00:00Z,2026-09-26T14:52:17+00:00
KXNFLREC-26SEP27CINPIT,KXNFLREC,KXNFLREC-26SEP27CINPIT-PITPFREIERMUTH88-3,Pat Freiermuth: 3+ receptions,0.7200,0.7400,0.7400,40.45,40.45,active,2026-09-29T17:00:00Z,2026-09-26T14:52:17+00:00
KXNFLREC-26SEP27CINPIT,KXNFLREC,KXNFLREC-26SEP27CINPIT-CINEALL83-1,Erick All Jr.: 1+ receptions,0.5500,0.5600,0.5600,730.39,730.39,active,2026-09-29T17:00:00Z,2026-09-26T14:52:17+00:00
KXNFLREC-26SEP27CINPIT,KXNFLREC,KXNFLREC-26SEP27CINPIT-CINJCHASE1-13,Ja'Marr Chase: 13+ receptions,0.0000,0.0500,0.0000,0.00,0.00,active,2026-09-29T17:00:00Z,2026-09-26T14:52:17+00:00
KXNFLREC-26SEP27CINPIT,KXNFLREC,KXNFLREC-26SEP27CINPIT-PITDWASHINGTON80-6,Darnell Washington: 6+ receptions,0.0000,0.0400,0.0000,0.00,0.00,active,2026-09-29T17:00:00Z,2026-09-26T14:52:17+00:00
KXNFLREC-26SEP27CINPIT,KXNFLREC,KXNFLREC-26SEP27CINPIT-CINSPERINE34-5,Samaje Perine: 5+ receptions,0.0000,0.0500,0.0000,0.00,0.00,active,2026-09-29T17:00:00Z,2026-09-26T14:52:17+00:00
KXNFLREC-26SEP27CINPIT,KXNFLREC,KXNFLREC-26SEP27CINPIT-CINTHIGGINS5-10,Tee Higgins: 10+ receptions,0.0000,0.0400,0.0000,0.00,0.00,active,2026-09-29T17:00:00Z,2026-09-26T14:52:17+00:00
KXNFLREC-26SEP27CINPIT,KXNFLREC,KXNFLREC-26SEP27CINPIT-PITDWASHINGTON80-4,Darnell Washington: 4+ receptions,0.1000,0.1400,0.0000,0.00,0.00,active,2026-09-29T17:00:00Z,2026-09-26T14:52:17+00:00
KXNFLREC-26SEP27CINPIT,KXNFLREC,KXNFLREC-26SEP27CINPIT-PITDMETCALF4-10,DK Metcalf: 10+ receptions,0.0200,0.0400,0.0000,0.00,0.00,active,2026-09-29T17:00:00Z,2026-09-26T14:52:17+00:00
KXNFLREC-26SEP27CINPIT,KXNFLREC,KXNFLREC-26SEP27CINPIT-CINSPERINE34-4,Samaje Perine: 4+ receptions,0.0000,0.1100,0.1000,3.00,3.00,active,2026-09-29T17:00:00Z,2026-09-26T14:52:17+00:00
KXNFLREC-26SEP27CINPIT,KXNFLREC,KXNFLREC-26SEP27CINPIT-PITDWASHINGTON80-5,Darnell Washington: 5+ receptions,0.0400,0.0700,0.0000,0.00,0.00,active,2026-09-29T17:00:00Z,2026-09-26T14:52:17+00:00
KXNFLREC-26SEP27CINPIT,KXNFLREC,KXNFLREC-26SEP27CINPIT-PITPFREIERMUTH88-5,Pat Freiermuth: 5+ receptions,0.3800,0.3900,0.3900,875.09,875.09,active,2026-09-29T17:00:00Z,2026-09-26T14:52:17+00:00
KXNFLREC-26SEP27CINPIT,KXNFLREC,KXNFLREC-26SEP27CINPIT-PITRWILSON14-7,Roman Wilson: 7+ receptions,0.0000,0.0400,0.0000,0.00,0.00,active,2026-09-29T17:00:00Z,2026-09-26T14:52:17+00:00
KXNFLREC-26SEP27CINPIT,KXNFLREC,KXNFLREC-26SEP27CINPIT-PITDMETCALF4-2,DK Metcalf: 2+ receptions,0.8900,0.9200,0.9200,21.00,21.00,active,2026-09-29T17:00:00Z,2026-09-26T14:52:17+00:00
KXNFLREC-26SEP27CINPIT,KXNFLREC,KXNFLREC-26SEP27CINPIT-PITPFREIERMUTH88-10,Pat Freiermuth: 10+ receptions,0.0000,0.0400,0.0400,96.00,96.00,active,2026-09-29T17:00:00Z,2026-09-26T14:52:17+00:00
KXNFLREC-26SEP27CINPIT,KXNFLREC,KXNFLREC-26SEP27CINPIT-PITPFREIERMUTH88-2,Pat Freiermuth: 2+ receptions,0.8600,0.8900,0.8900,2.00,2.00,active,2026-09-29T17:00:00Z,2026-09-26T14:52:17+00:00
KXNFLREC-26SEP27HOUIND,KXNFLREC,KXNFLREC-26SEP27HOUIND-HOUKBOUTTE14-5,Kayshon Boutte: 5+ receptions,0.1400,0.1700,0.1800,151.00,151.00,active,2026-09-29T17:00:00Z,2026-09-26T14:52:17+00:00
KXNFLREC-26SEP27HOUIND,KXNFLREC,KXNFLREC-26SEP27HOUIND-HOUJNOEL13-3,Jaylin Noel: 3+ receptions,0.4200,0.4300,0.4300,1247.03,1247.03,active,2026-09-29T17:00:00Z,2026-09-26T14:52:17+00:00
KXNFLREC-26SEP27HOUIND,KXNFLREC,KXNFLREC-26SEP27HOUIND-HOUKBOUTTE14-2,Kayshon Boutte: 2+ receptions,0.7300,0.7600,0.0000,0.00,0.00,active,2026-09-29T17:00:00Z,2026-09-26T14:52:17+00:00
KXNFLREC-26SEP27HOUIND,KXNFLREC,KXNFLREC-26SEP27HOUIND-HOUJNOEL13-2,Jaylin Noel: 2+ receptions,0.6800,0.7000,0.7000,13.98,13.98,active,2026-09-29T17:00:00Z,2026-09-26T14:52:17+00:00
KXNFLREC-26SEP27HOUIND,KXNFLREC,KXNFLREC-26SEP27HOUIND-INDKALLEN10-5,Keenan Allen: 5+ receptions,0.3000,0.3300,0.0000,0.00,0.00,active,2026-09-29T17:00:00Z,2026-09-26T14:52:17+00:00
KXNFLREC-26SEP27HOUIND,KXNFLREC,KXNFLREC-26SEP27HOUIND-INDTWARREN84-5,Tyler Warren: 5+ receptions,0.5200,0.5300,0.5200,593.56,593.56,active,2026-09-29T17:00:00Z,2026-09-26T14:52:17+00:00
KXNFLREC-26SEP27HOUIND,KXNFLREC,KXNFLREC-26SEP27HOUIND-INDTWARREN84-6,Tyler Warren: 6+ receptions,0.3400,0.3800,0.3700,10.35,10.35,active,2026-09-29T17:00:00Z,2026-09-26T14:52:17+00:00
KXNFLREC-26SEP27HOUIND,KXNFLREC,KXNFLREC-26SEP27HOUIND-INDJDOWNS2-4,Josh Downs: 4+ receptions,0.6800,0.7100,0.7100,50.13,50.13,active,2026-09-29T17:00:00Z,2026-09-26T14:52:17+00:00
KXNFLREC-26SEP27HOUIND,KXNFLREC,KXNFLREC-26SEP27HOUIND-INDLTREADWELL13-5,Laquon Treadwell: 5+ receptions,0.0100,0.0400,0.0000,0.00,0.00,active,2026-09-29T17:00:00Z,2026-09-26T14:52:17+00:00
KXNFLREC-26SEP27HOUIND,KXNFLREC,KXNFLREC-26SEP27HOUIND-INDDSLAYTON11-2,Darius Slayton: 2+ receptions,0.3500,0.3600,0.3600,4875.34,4618.70,active,2026-09-29T17:00:00Z,2026-09-26T14:52:17+00:00
KXNFLREC-26SEP27HOUIND,KXNFLREC,KXNFLREC-26SEP27HOUIND-HOUDMONTGOMERY32-5,David Montgomery: 5+ receptions,0.0100,0.0500,0.0000,0.00,0.00,active,2026-09-29T17:00:00Z,2026-09-26T14:52:17+00:00
KXNFLREC-26SEP27HOUIND,KXNFLREC,KXNFLREC-26SEP27HOUIND-INDTWARREN84-9,Tyler Warren: 9+ receptions,0.0600,0.0900,0.0000,0.00,0.00,active,2026-09-29T17:00:00Z,2026-09-26T14:52:17+00:00
KXNFLREC-26SEP27HOUIND,KXNFLREC,KXNFLREC-26SEP27HOUIND-INDJDOWNS2-9,Josh Downs: 9+ receptions,0.0500,0.0900,0.0000,0.00,0.00,active,2026-09-29T17:00:00Z,2026-09-26T14:52:17+00:00
KXNFLREC-26SEP27HOUIND,KXNFLREC,KXNFLREC-26SEP27HOUIND-HOUXHUTCHINSON19-5,Xavier Hutchinson: 5+ receptions,0.2500,0.2900,0.2800,83.00,83.00,active,2026-09-29T17:00:00Z,2026-09-26T14:52:17+00:00
KXNFLREC-26SEP27HOUIND,KXNFLREC,KXNFLREC-26SEP27HOUIND-HOUWMARKS4-6,Woody Marks: 6+ receptions,0.0200,0.0500,0.0000,0.00,0.00,active,2026-09-29T17:00:00Z,2026-09-26T14:52:17+00:00
KXNFLREC-26SEP27HOUIND,KXNFLREC,KXNFLREC-26SEP27HOUIND-INDJTAYLOR28-7,Jonathan Taylor: 7+ receptions,0.0400,0.0800,0.0000,0.00,0.00,active,2026-09-29T17:00:00Z,2026-09-26T14:52:17+00:00
KXNFLREC-26SEP27HOUIND,KXNFLREC,KXNFLREC-26SEP27HOUIND-INDJDOWNS2-10,Josh Downs: 10+ receptions,0.0200,0.0600,0.0000,0.00,0.00,active,2026-09-29T17:00:00Z,2026-09-26T14:52:17+00:00
KXNFLREC-26SEP27HOUIND,KXNFLREC,KXNFLREC-26SEP27HOUIND-HOUXHUTCHINSON19-7,Xavier Hutchinson: 7+ receptions,0.0700,0.0900,0.0900,250.00,250.00,active,2026-09-29T17:00:00Z,2026-09-26T14:52:17+00:00
KXNFLREC-26SEP27HOUIND,KXNFLREC,KXNFLREC-26SEP27HOUIND-INDKALLEN10-2,Keenan Allen: 2+ receptions,0.8400,0.8800,0.8500,1.01,1.01,active,2026-09-29T17:00:00Z,2026-09-26T14:52:17+00:00
KXNFLREC-26SEP27HOUIND,KXNFLREC,KXNFLREC-26SEP27HOUIND-INDKALLEN10-9,Keenan Allen: 9+ receptions,0.0100,0.0400,0.0000,0.00,0.00,active,2026-09-29T17:00:00Z,2026-09-26T14:52:17+00:00
KXNFLREC-26SEP27HOUIND,KXNFLREC,KXNFLREC-26SEP27HOUIND-INDJTAYLOR28-4,Jonathan Taylor: 4+ receptions,0.3800,0.3900,0.0000,0.00,0.00,active,2026-09-29T17:00:00Z,2026-09-26T14:52:17+00:00
KXNFLREC-26SEP27HOUIND,KXNFLREC,KXNFLREC-26SEP27HOUIND-HOUJNOEL13-7,Jaylin Noel: 7+ receptions,0.0100,0.0400,0.0000,0.00,0.00,active,2026-09-29T17:00:00Z,2026-09-26T14:52:17+00:00
KXNFLREC-26SEP27HOUIND,KXNFLREC,KXNFLREC-26SEP27HOUIND-HOUDSCHULTZ86-10,Dalton Schultz: 10+ receptions,0.0600,0.0900,0.0900,440.41,440.41,active,2026-09-29T17:00:00Z,2026-09-26T14:52:17+00:00
KXNFLREC-26SEP27HOUIND,KXNFLREC,KXNFLREC-26SEP27HOUIND-HOUWMARKS4-2,Woody Marks: 2+ receptions,0.5600,0.5700,0.5600,912.05,912.05,active,2026-09-29T17:00:00Z,2026-09-26T14:52:17+00:00
KXNFLREC-26SEP27HOUIND,KXNFLREC,KXNFLREC-26SEP27HOUIND-HOUWMARKS4-4,Woody Marks: 4+ receptions,0.1700,0.1800,0.0000,0.00,0.00,active,2026-09-29T17:00:00Z,2026-09-26T14:52:17+00:00
KXNFLREC-26SEP27HOUIND,KXNFLREC,KXNFLREC-26SEP27HOUIND-HOUXHUTCHINSON19-4,Xavier Hutchinson: 4+ receptions,0.4500,0.4600,0.4500,134.02,134.02,active,2026-09-29T17:00:00Z,2026-09-26T14:52:17+00:00
KXNFLREC-26SEP27HOUIND,KXNFLREC,KXNFLREC-26SEP27HOUIND-HOUJWAYNE17-4,Jared Wayne: 4+ receptions,0.0600,0.1100,0.0000,0.00,0.00,active,2026-09-29T17:00:00Z,2026-09-26T14:52:17+00:00
KXNFLREC-26SEP27HOUIND,KXNFLREC,KXNFLREC-26SEP27HOUIND-HOUJWAYNE17-5,Jared Wayne: 5+ receptions,0.0200,0.0400,0.0000,0.00,0.00,active,2026-09-29T17:00:00Z,2026-09-26T14:52:17+00:00
KXNFLREC-26SEP27HOUIND,KXNFLREC,KXNFLREC-26SEP27HOUIND-INDJTAYLOR28-5,Jonathan Taylor: 5+ receptions,0.2000,0.2400,0.0000,0.00,0.00,active,2026-09-29T17:00:00Z,2026-09-26T14:52:17+00:00
KXNFLREC-26SEP27HOUIND,KXNFLREC,KXNFLREC-26SEP27HOUIND-INDLTREADWELL13-2,Laquon Treadwell: 2+ receptions,0.4200,0.4300,0.4200,6259.61,6259.61,active,2026-09-29T17:00:00Z,2026-09-26T14:52:17+00:00
KXNFLREC-26SEP27HOUIND,KXNFLREC,KXNFLREC-26SEP27HOUIND-INDJDOWNS2-8,Josh Downs: 8+ receptions,0.1100,0.1500,0.0000,0.00,0.00,active,2026-09-29T17:00:00Z,2026-09-26T14:52:17+00:00
KXNFLREC-26SEP27HOUIND,KXNFLREC,KXNFLREC-26SEP27HOUIND-INDTWARREN84-7,Tyler Warren: 7+ receptions,0.2000,0.2400,0.1900,19.50,19.50,active,2026-09-29T17:00:00Z,2026-09-26T14:52:17+00:00
KXNFLREC-26SEP27HOUIND,KXNFLREC,KXNFLREC-26SEP27HOUIND-INDTWARREN84-10,Tyler Warren: 10+ receptions,0.0200,0.0600,0.0000,0.00,0.00,active,2026-09-29T17:00:00Z,2026-09-26T14:52:17+00:00
KXNFLREC-26SEP27HOUIND,KXNFLREC,KXNFLREC-26SEP27HOUIND-INDKALLEN10-8,Keenan Allen: 8+ receptions,0.0200,0.0600,0.0000,0.00,0.00,active,2026-09-29T17:00:00Z,2026-09-26T14:52:17+00:00
KXNFLREC-26SEP27HOUIND,KXNFLREC,KXNFLREC-26SEP27HOUIND-INDJTAYLOR28-8,Jonathan Taylor: 8+ receptions,0.0100,0.0600,0.0000,0.00,0.00,active,2026-09-29T17:00:00Z,2026-09-26T14:52:17+00:00
KXNFLREC-26SEP27HOUIND,KXNFLREC,KXNFLREC-26SEP27HOUIND-HOUJNOEL13-6,Jaylin Noel: 6+ receptions,0.0200,0.0600,0.0000,0.00,0.00,active,2026-09-29T17:00:00Z,2026-09-26T14:52:17+00:00
KXNFLREC-26SEP27HOUIND,KXNFLREC,KXNFLREC-26SEP27HOUIND-HOUWMARKS4-3,Woody Marks: 3+ receptions,0.3200,0.3300,0.0000,0.00,0.00,active,2026-09-29T17:00:00Z,2026-09-26T14:52:17+00:00
KXNFLREC-26SEP27HOUIND,KXNFLREC,KXNFLREC-26SEP27HOUIND-INDDSLAYTON11-3,Darius Slayton: 3+ receptions,0.1500,0.1800,0.1800,420.12,420.12,active,2026-09-29T17:00:00Z,2026-09-26T14:52:17+00:00
KXNFLREC-26SEP27HOUIND,KXNFLREC,KXNFLREC-26SEP27HOUIND-INDJTAYLOR28-3,Jonathan Taylor: 3+ receptions,0.5700,0.5800,0.5700,1395.67,1395.67,active,2026-09-29T17:00:00Z,2026-09-26T14:52:17+00:00
KXNFLREC-26SEP27HOUIND,KXNFLREC,KXNFLREC-26SEP27HOUIND-INDLTREADWELL13-3,Laquon Treadwell: 3+ receptions,0.1500,0.1900,0.0000,0.00,0.00,active,2026-09-29T17:00:00Z,2026-09-26T14:52:17+00:00
KXNFLREC-26SEP27HOUIND,KXNFLREC,KXNFLREC-26SEP27HOUIND-INDKALLEN10-3,Keenan Allen: 3+ receptions,0.6900,0.7200,0.6800,100.00,100.00,active,2026-09-29T17:00:00Z,2026-09-26T14:52:17+00:00
KXNFLREC-26SEP27HOUIND,KXNFLREC,KXNFLREC-26SEP27HOUIND-HOUDSCHULTZ86-3,Dalton Schultz: 3+ receptions,0.8700,0.8800,0.9000,20.88,20.88,active,2026-09-29T17:00:00Z,2026-09-26T14:52:17+00:00
KXNFLREC-26SEP27HOUIND,KXNFLREC,KXNFLREC-26SEP27HOUIND-INDJDOWNS2-3,Josh Downs: 3+ receptions,0.8200,0.8500,0.8500,49.72,49.71,active,2026-09-29T17:00:00Z,2026-09-26T14:52:17+00:00
KXNFLREC-26SEP27HOUIND,KXNFLREC,KXNFLREC-26SEP27HOUIND-INDDSLAYTON11-4,Darius Slayton: 4+ receptions,0.0500,0.0800,0.0800,587.18,587.18,active,2026-09-29T17:00:00Z,2026-09-26T14:52:17+00:00
KXNFLREC-26SEP27HOUIND,KXNFLREC,KXNFLREC-26SEP27HOUIND-INDTWARREN84-3,Tyler Warren: 3+ receptions,0.8200,0.8400,0.0000,0.00,0.00,active,2026-09-29T17:00:00Z,2026-09-26T14:52:17+00:00
KXNFLREC-26SEP27HOUIND,KXNFLREC,KXNFLREC-26SEP27HOUIND-INDKALLEN10-6,Keenan Allen: 6+ receptions,0.1600,0.1900,0.0000,0.00,0.00,active,2026-09-29T17:00:00Z,2026-09-26T14:52:17+00:00
KXNFLREC-26SEP27HOUIND,KXNFLREC,KXNFLREC-26SEP27HOUIND-HOUJWAYNE17-2,Jared Wayne: 2+ receptions,0.4600,0.4700,0.4600,3250.93,3246.93,active,2026-09-29T17:00:00Z,2026-09-26T14:52:17+00:00
KXNFLREC-26SEP27HOUIND,KXNFLREC,KXNFLREC-26SEP27HOUIND-INDJDOWNS2-11,Josh Downs: 11+ receptions,0.0000,0.0400,0.0000,0.00,0.00,active,2026-09-29T17:00:00Z,2026-09-26T14:52:17+00:00
KXNFLREC-26SEP27HOUIND,KXNFLREC,KXNFLREC-26SEP27HOUIND-INDTWARREN84-4,Tyler Warren: 4+ receptions,0.6900,0.7200,0.0000,0.00,0.00,active,2026-09-29T17:00:00Z,2026-09-26T14:52:17+00:00
KXNFLREC-26SEP27HOUIND,KXNFLREC,KXNFLREC-26SEP27HOUIND-HOUXHUTCHINSON19-2,Xavier Hutchinson: 2+ receptions,0.8200,0.8500,0.8100,10.50,10.50,active,2026-09-29T17:00:00Z,2026-09-26T14:52:17+00:00
KXNFLREC-26SEP27HOUIND,KXNFLREC,KXNFLREC-26SEP27HOUIND-HOUDSCHULTZ86-12,Dalton Schultz: 12+ receptions,0.0000,0.0500,0.0500,56.25,56.25,active,2026-09-29T17:00:00Z,2026-09-26T14:52:17+00:00
KXNFLREC-26SEP27HOUIND,KXNFLREC,KXNFLREC-26SEP27HOUIND-HOUDSCHULTZ86-5,Dalton Schultz: 5+ receptions,0.6000,0.6100,0.6100,116.62,116.62,active,2026-09-29T17:00:00Z,2026-09-26T14:52:17+00:00
KXNFLREC-26SEP27HOUIND,KXNFLREC,KXNFLREC-26SEP27HOUIND-INDLTREADWELL13-4,Laquon Treadwell: 4+ receptions,0.0500,0.0900,0.0000,0.00,0.00,active,2026-09-29T17:00:00Z,2026-09-26T14:52:17+00:00
KXNFLREC-26SEP27HOUIND,KXNFLREC,KXNFLREC-26SEP27HOUIND-HOUJWAYNE17-3,Jared Wayne: 3+ receptions,0.1900,0.2200,0.2000,364.05,364.05,active,2026-09-29T17:00:00Z,2026-09-26T14:52:17+00:00
KXNFLREC-26SEP27HOUIND,KXNFLREC,KXNFLREC-26SEP27HOUIND-HOUKBOUTTE14-4,Kayshon Boutte: 4+ receptions,0.2800,0.3100,0.2700,192.00,189.00,active,2026-09-29T17:00:00Z,2026-09-26T14:52:17+00:00
KXNFLREC-26SEP27HOUIND,KXNFLREC,KXNFLREC-26SEP27HOUIND-HOUDSCHULTZ86-7,Dalton Schultz: 7+ receptions,0.2900,0.3300,0.3200,951.02,951.02,active,2026-09-29T17:00:00Z,2026-09-26T14:52:17+00:00
KXNFLREC-26SEP27HOUIND,KXNFLREC,KXNFLREC-26SEP27HOUIND-INDJDOWNS2-5,Josh Downs: 5+ receptions,0.5200,0.5400,0.5400,1422.18,1422.18,active,2026-09-29T17:00:00Z,2026-09-26T14:52:17+00:00
KXNFLREC-26SEP27HOUIND,KXNFLREC,KXNFLREC-26SEP27HOUIND-INDJDOWNS2-6,Josh Downs: 6+ receptions,0.3300,0.3700,0.3700,60.86,60.86,active,2026-09-29T17:00:00Z,2026-09-26T14:52:17+00:00
KXNFLREC-26SEP27HOUIND,KXNFLREC,KXNFLREC-26SEP27HOUIND-HOUDSCHULTZ86-6,Dalton Schultz: 6+ receptions,0.4400,0.4500,0.4400,3474.87,3452.63,active,2026-09-29T17:00:00Z,2026-09-26T14:52:17+00:00
KXNFLREC-26SEP27HOUIND,KXNFLREC,KXNFLREC-26SEP27HOUIND-HOUDSCHULTZ86-9,Dalton Schultz: 9+ receptions,0.1100,0.1400,0.1400,245.98,245.98,active,2026-09-29T17:00:00Z,2026-09-26T14:52:17+00:00
KXNFLREC-26SEP27HOUIND,KXNFLREC,KXNFLREC-26SEP27HOUIND-HOUDMONTGOMERY32-3,David Montgomery: 3+ receptions,0.1900,0.2300,0.2300,2.00,2.00,active,2026-09-29T17:00:00Z,2026-09-26T14:52:17+00:00
KXNFLREC-26SEP27HOUIND,KXNFLREC,KXNFLREC-26SEP27HOUIND-HOUDSCHULTZ86-8,Dalton Schultz: 8+ receptions,0.1800,0.2100,0.2100,171.81,171.81,active,2026-09-29T17:00:00Z,2026-09-26T14:52:17+00:00
KXNFLREC-26SEP27HOUIND,KXNFLREC,KXNFLREC-26SEP27HOUIND-HOUXHUTCHINSON19-6,Xavier Hutchinson: 6+ receptions,0.1300,0.1800,0.1600,3.00,3.00,active,2026-09-29T17:00:00Z,2026-09-26T14:52:17+00:00
KXNFLREC-26SEP27HOUIND,KXNFLREC,KXNFLREC-26SEP27HOUIND-HOUJNOEL13-4,Jaylin Noel: 4+ receptions,0.2200,0.2500,0.0000,0.00,0.00,active,2026-09-29T17:00:00Z,2026-09-26T14:52:17+00:00
KXNFLREC-26SEP27HOUIND,KXNFLREC,KXNFLREC-26SEP27HOUIND-INDJTAYLOR28-6,Jonathan Taylor: 6+ receptions,0.1100,0.1400,0.0000,0.00,0.00,active,2026-09-29T17:00:00Z,2026-09-26T14:52:17+00:00
KXNFLREC-26SEP27HOUIND,KXNFLREC,KXNFLREC-26SEP27HOUIND-HOUKBOUTTE14-6,Kayshon Boutte: 6+ receptions,0.0500,0.0900,0.0000,0.00,0.00,active,2026-09-29T17:00:00Z,2026-09-26T14:52:17+00:00
KXNFLREC-26SEP27HOUIND,KXNFLREC,KXNFLREC-26SEP27HOUIND-HOUDMONTGOMERY32-2,David Montgomery: 2+ receptions,0.4600,0.4700,0.4700,220.66,220.66,active,2026-09-29T17:00:00Z,2026-09-26T14:52:17+00:00
KXNFLREC-26SEP27HOUIND,KXNFLREC,KXNFLREC-26SEP27HOUIND-HOUDSCHULTZ86-4,Dalton Schultz: 4+ receptions,0.7500,0.7700,0.7500,164.65,164.65,active,2026-09-29T17:00:00Z,2026-09-26T14:52:17+00:00
KXNFLREC-26SEP27HOUIND,KXNFLREC,KXNFLREC-26SEP27HOUIND-HOUDMONTGOMERY32-4,David Montgomery: 4+ receptions,0.0600,0.1100,0.0000,0.00,0.00,active,2026-09-29T17:00:00Z,2026-09-26T14:52:17+00:00
KXNFLREC-26SEP27HOUIND,KXNFLREC,KXNFLREC-26SEP27HOUIND-HOUKBOUTTE14-3,Kayshon Boutte: 3+ receptions,0.5200,0.5300,0.5300,8514.16,8035.92,active,2026-09-29T17:00:00Z,2026-09-26T14:52:17+00:00
KXNFLREC-26SEP27HOUIND,KXNFLREC,KXNFLREC-26SEP27HOUIND-HOUWMARKS4-5,Woody Marks: 5+ receptions,0.0700,0.0800,0.0000,0.00,0.00,active,2026-09-29T17:00:00Z,2026-09-26T14:52:17+00:00
KXNFLREC-26SEP27HOUIND,KXNFLREC,KXNFLREC-26SEP27HOUIND-INDTWARREN84-8,Tyler Warren: 8+ receptions,0.1200,0.1500,0.0000,0.00,0.00,active,2026-09-29T17:00:00Z,2026-09-26T14:52:17+00:00
KXNFLREC-26SEP27HOUIND,KXNFLREC,KXNFLREC-26SEP27HOUIND-HOUXHUTCHINSON19-3,Xavier Hutchinson: 3+ receptions,0.6400,0.6700,0.6700,15.58,15.58,active,2026-09-29T17:00:00Z,2026-09-26T14:52:17+00:00
KXNFLREC-26SEP27HOUIND,KXNFLREC,KXNFLREC-26SEP27HOUIND-INDJTAYLOR28-2,Jonathan Taylor: 2+ receptions,0.7900,0.8000,0.8000,7.00,7.00,active,2026-09-29T17:00:00Z,2026-09-26T14:52:17+00:00
KXNFLREC-26SEP27HOUIND,KXNFLREC,KXNFLREC-26SEP27HOUIND-HOUXHUTCHINSON19-8,Xavier Hutchinson: 8+ receptions,0.0200,0.0500,0.0000,0.00,0.00,active,2026-09-29T17:00:00Z,2026-09-26T14:52:17+00:00
KXNFLREC-26SEP27HOUIND,KXNFLREC,KXNFLREC-26SEP27HOUIND-INDKALLEN10-7,Keenan Allen: 7+ receptions,0.0800,0.1100,0.0000,0.00,0.00,active,2026-09-29T17:00:00Z,2026-09-26T14:52:17+00:00
KXNFLREC-26SEP27HOUIND,KXNFLREC,KXNFLREC-26SEP27HOUIND-INDJDOWNS2-7,Josh Downs: 7+ receptions,0.2000,0.2400,0.1900,1.00,1.00,active,2026-09-29T17:00:00Z,2026-09-26T14:52:17+00:00
KXNFLREC-26SEP27HOUIND,KXNFLREC,KXNFLREC-26SEP27HOUIND-INDKALLEN10-4,Keenan Allen: 4+ receptions,0.5000,0.5100,0.5000,255.26,255.26,active,2026-09-29T17:00:00Z,2026-09-26T14:52:17+00:00
KXNFLREC-26SEP27HOUIND,KXNFLREC,KXNFLREC-26SEP27HOUIND-INDTWARREN84-11,Tyler Warren: 11+ receptions,0.0000,0.0400,0.0000,0.00,0.00,active,2026-09-29T17:00:00Z,2026-09-26T14:52:17+00:00
KXNFLREC-26SEP27HOUIND,KXNFLREC,KXNFLREC-26SEP27HOUIND-HOUDSCHULTZ86-11,Dalton Schultz: 11+ receptions,0.0200,0.0600,0.0000,0.00,0.00,active,2026-09-29T17:00:00Z,2026-09-26T14:52:17+00:00
KXNFLREC-26SEP27HOUIND,KXNFLREC,KXNFLREC-26SEP27HOUIND-HOUJNOEL13-5,Jaylin Noel: 5+ receptions,0.0900,0.1200,0.0000,0.00,0.00,active,2026-09-29T17:00:00Z,2026-09-26T14:52:17+00:00
KXNFLREC-26SEP27HOUIND,KXNFLREC,KXNFLREC-26SEP27HOUIND-HOUKBOUTTE14-7,Kayshon Boutte: 7+ receptions,0.0200,0.0500,0.0000,0.00,0.00,active,2026-09-29T17:00:00Z,2026-09-26T14:52:17+00:00
KXNFLREC-26SEP27KCMIA,KXNFLREC,KXNFLREC-26SEP27KCMIA-KCEJOHNSON10-5,Emmett Johnson: 5+ receptions,0.0100,0.0500,0.0000,0.00,0.00,active,2026-09-29T17:00:00Z,2026-09-26T14:52:17+00:00
KXNFLREC-26SEP27KCMIA,KXNFLREC,KXNFLREC-26SEP27KCMIA-KCRRICE4-4,Rashee Rice: 4+ receptions,0.6000,0.6300,0.6200,5.00,5.00,active,2026-09-29T17:00:00Z,2026-09-26T14:52:17+00:00
KXNFLREC-26SEP27KCMIA,KXNFLREC,KXNFLREC-26SEP27KCMIA-MIAGDULCICH85-3,Greg Dulcich: 3+ receptions,0.4300,0.4400,0.4400,881.40,881.40,active,2026-09-29T17:00:00Z,2026-09-26T14:52:17+00:00
KXNFLREC-26SEP27KCMIA,KXNFLREC,KXNFLREC-26SEP27KCMIA-MIAGDULCICH85-5,Greg Dulcich: 5+ receptions,0.1000,0.1300,0.0000,0.00,0.00,active,2026-09-29T17:00:00Z,2026-09-26T14:52:17+00:00
KXNFLREC-26SEP27KCMIA,KXNFLREC,KXNFLREC-26SEP27KCMIA-KCXWORTHY1-7,Xavier Worthy: 7+ receptions,0.0700,0.1100,0.0000,0.00,0.00,active,2026-09-29T17:00:00Z,2026-09-26T14:52:17+00:00
KXNFLREC-26SEP27KCMIA,KXNFLREC,KXNFLREC-26SEP27KCMIA-KCTKELCE87-9,Travis Kelce: 9+ receptions,0.0500,0.0700,0.0700,22.11,22.11,active,2026-09-29T17:00:00Z,2026-09-26T14:52:17+00:00
KXNFLREC-26SEP27KCMIA,KXNFLREC,KXNFLREC-26SEP27KCMIA-KCTKELCE87-8,Travis Kelce: 8+ receptions,0.0900,0.1200,0.0000,0.00,0.00,active,2026-09-29T17:00:00Z,2026-09-26T14:52:17+00:00
KXNFLREC-26SEP27KCMIA,KXNFLREC,KXNFLREC-26SEP27KCMIA-KCRRICE4-10,Rashee Rice: 10+ receptions,0.0100,0.0400,0.0000,0.00,0.00,active,2026-09-29T17:00:00Z,2026-09-26T14:52:17+00:00
KXNFLREC-26SEP27KCMIA,KXNFLREC,KXNFLREC-26SEP27KCMIA-KCTTHORNTON2-4,Tyquan Thornton: 4+ receptions,0.0500,0.0900,0.0900,20.89,20.89,active,2026-09-29T17:00:00Z,2026-09-26T14:52:17+00:00
KXNFLREC-26SEP27KCMIA,KXNFLREC,KXNFLREC-26SEP27KCMIA-MIACBELL18-5,Chris Bell: 5+ receptions,0.0000,0.0600,0.0000,0.00,0.00,active,2026-09-29T17:00:00Z,2026-09-26T14:52:17+00:00
KXNFLREC-26SEP27KCMIA,KXNFLREC,KXNFLREC-26SEP27KCMIA-KCTKELCE87-3,Travis Kelce: 3+ receptions,0.8000,0.8300,0.8300,76.01,51.01,active,2026-09-29T17:00:00Z,2026-09-26T14:52:17+00:00
KXNFLREC-26SEP27KCMIA,KXNFLREC,KXNFLREC-26SEP27KCMIA-KCXWORTHY1-2,Xavier Worthy: 2+ receptions,0.8400,0.8800,0.8400,11.01,11.01,active,2026-09-29T17:00:00Z,2026-09-26T14:52:17+00:00
KXNFLREC-26SEP27KCMIA,KXNFLREC,KXNFLREC-26SEP27KCMIA-MIAMWASHINGTON6-5,Malik Washington: 5+ receptions,0.3400,0.3500,0.3400,15793.75,15789.75,active,2026-09-29T17:00:00Z,2026-09-26T14:52:17+00:00
KXNFLREC-26SEP27KCMIA,KXNFLREC,KXNFLREC-26SEP27KCMIA-MIACBELL18-3,Chris Bell: 3+ receptions,0.2200,0.2600,0.2600,56.16,56.16,active,2026-09-29T17:00:00Z,2026-09-26T14:52:17+00:00
KXNFLREC-26SEP27KCMIA,KXNFLREC,KXNFLREC-26SEP27KCMIA-KCXWORTHY1-8,Xavier Worthy: 8+ receptions,0.0200,0.0600,0.0000,0.00,0.00,active,2026-09-29T17:00:00Z,2026-09-26T14:52:17+00:00
KXNFLREC-26SEP27KCMIA,KXNFLREC,KXNFLREC-26SEP27KCMIA-MIADACHANE28-4,De'Von Achane: 4+ receptions,0.5200,0.5300,0.5300,2403.59,2403.59,active,2026-09-29T17:00:00Z,2026-09-26T14:52:17+00:00
KXNFLREC-26SEP27KCMIA,KXNFLREC,KXNFLREC-26SEP27KCMIA-KCKWALKER9-5,Kenneth Walker III: 5+ receptions,0.2300,0.2800,0.0000,0.00,0.00,active,2026-09-29T17:00:00Z,2026-09-26T14:52:17+00:00
KXNFLREC-26SEP27KCMIA,KXNFLREC,KXNFLREC-26SEP27KCMIA-KCTKELCE87-7,Travis Kelce: 7+ receptions,0.1600,0.2100,0.0000,0.00,0.00,active,2026-09-29T17:00:00Z,2026-09-26T14:52:17+00:00
KXNFLREC-26SEP27KCMIA,KXNFLREC,KXNFLREC-26SEP27KCMIA-KCKWALKER9-6,Kenneth Walker III: 6+ receptions,0.1200,0.1700,0.0000,0.00,0.00,active,2026-09-29T17:00:00Z,2026-09-26T14:52:17+00:00
KXNFLREC-26SEP27KCMIA,KXNFLREC,KXNFLREC-26SEP27KCMIA-KCKWALKER9-7,Kenneth Walker III: 7+ receptions,0.0500,0.1000,0.0000,0.00,0.00,active,2026-09-29T17:00:00Z,2026-09-26T14:52:17+00:00
KXNFLREC-26SEP27KCMIA,KXNFLREC,KXNFLREC-26SEP27KCMIA-KCTKELCE87-10,Travis Kelce: 10+ receptions,0.0200,0.0500,0.0000,0.00,0.00,active,2026-09-29T17:00:00Z,2026-09-26T14:52:17+00:00
KXNFLREC-26SEP27KCMIA,KXNFLREC,KXNFLREC-26SEP27KCMIA-KCRRICE4-6,Rashee Rice: 6+ receptions,0.2600,0.2800,0.2800,402.36,401.36,active,2026-09-29T17:00:00Z,2026-09-26T14:52:17+00:00
KXNFLREC-26SEP27KCMIA,KXNFLREC,KXNFLREC-26SEP27KCMIA-KCKWALKER9-4,Kenneth Walker III: 4+ receptions,0.4400,0.4500,0.4400,737.44,737.44,active,2026-09-29T17:00:00Z,2026-09-26T14:52:17+00:00
KXNFLREC-26SEP27KCMIA,KXNFLREC,KXNFLREC-26SEP27KCMIA-KCRRICE4-9,Rashee Rice: 9+ receptions,0.0200,0.0600,0.0000,0.00,0.00,active,2026-09-29T17:00:00Z,2026-09-26T14:52:17+00:00
KXNFLREC-26SEP27KCMIA,KXNFLREC,KXNFLREC-26SEP27KCMIA-MIADACHANE28-7,De'Von Achane: 7+ receptions,0.0900,0.1400,0.1300,6.60,6.60,active,2026-09-29T17:00:00Z,2026-09-26T14:52:17+00:00
KXNFLREC-26SEP27KCMIA,KXNFLREC,KXNFLREC-26SEP27KCMIA-MIAMWASHINGTON6-8,Malik Washington: 8+ receptions,0.0200,0.0700,0.0000,0.00,0.00,active,2026-09-29T17:00:00Z,2026-09-26T14:52:17+00:00
KXNFLREC-26SEP27KCMIA,KXNFLREC,KXNFLREC-26SEP27KCMIA-MIAGDULCICH85-2,Greg Dulcich: 2+ receptions,0.6500,0.6900,0.6900,4.00,4.00,active,2026-09-29T17:00:00Z,2026-09-26T14:52:17+00:00
KXNFLREC-26SEP27KCMIA,KXNFLREC,KXNFLREC-26SEP27KCMIA-KCTTHORNTON2-5,Tyquan Thornton: 5+ receptions,0.0100,0.0500,0.0000,0.00,0.00,active,2026-09-29T17:00:00Z,2026-09-26T14:52:17+00:00
KXNFLREC-26SEP27KCMIA,KXNFLREC,KXNFLREC-26SEP27KCMIA-KCXWORTHY1-6,Xavier Worthy: 6+ receptions,0.1500,0.1900,0.0000,0.00,0.00,active,2026-09-29T17:00:00Z,2026-09-26T14:52:17+00:00
KXNFLREC-26SEP27KCMIA,KXNFLREC,KXNFLREC-26SEP27KCMIA-MIACBELL18-4,Chris Bell: 4+ receptions,0.0900,0.1200,0.1200,910.55,910.55,active,2026-09-29T17:00:00Z,2026-09-26T14:52:17+00:00
KXNFLREC-26SEP27KCMIA,KXNFLREC,KXNFLREC-26SEP27KCMIA-MIAMWASHINGTON6-4,Malik Washington: 4+ receptions,0.5300,0.5400,0.5100,202.65,202.65,active,2026-09-29T17:00:00Z,2026-09-26T14:52:17+00:00
KXNFLREC-26SEP27KCMIA,KXNFLREC,KXNFLREC-26SEP27KCMIA-KCRRICE4-2,Rashee Rice: 2+ receptions,0.8900,0.9200,0.0000,0.00,0.00,active,2026-09-29T17:00:00Z,2026-09-26T14:52:17+00:00
KXNFLREC-26SEP27KCMIA,KXNFLREC,KXNFLREC-26SEP27KCMIA-KCTTHORNTON2-3,Tyquan Thornton: 3+ receptions,0.1700,0.2000,0.2100,132.00,131.00,active,2026-09-29T17:00:00Z,2026-09-26T14:52:17+00:00
KXNFLREC-26SEP27KCMIA,KXNFLREC,KXNFLREC-26SEP27KCMIA-KCXWORTHY1-4,Xavier Worthy: 4+ receptions,0.4700,0.4800,0.4700,0.05,0.05,active,2026-09-29T17:00:00Z,2026-09-26T14:52:17+00:00
KXNFLREC-26SEP27KCMIA,KXNFLREC,KXNFLREC-26SEP27KCMIA-KCTKELCE87-5,Travis Kelce: 5+ receptions,0.4700,0.4800,0.4800,2004.78,1881.12,active,2026-09-29T17:00:00Z,2026-09-26T14:52:17+00:00
KXNFLREC-26SEP27KCMIA,KXNFLREC,KXNFLREC-26SEP27KCMIA-MIAMWASHINGTON6-7,Malik Washington: 7+ receptions,0.0900,0.1300,0.0000,0.00,0.00,active,2026-09-29T17:00:00Z,2026-09-26T14:52:17+00:00
KXNFLREC-26SEP27KCMIA,KXNFLREC,KXNFLREC-26SEP27KCMIA-MIADACHANE28-5,De'Von Achane: 5+ receptions,0.3100,0.3600,0.3500,87.66,86.66,active,2026-09-29T17:00:00Z,2026-09-26T14:52:17+00:00
KXNFLREC-26SEP27KCMIA,KXNFLREC,KXNFLREC-26SEP27KCMIA-KCTKELCE87-2,Travis Kelce: 2+ receptions,0.9100,0.9400,0.9200,101.96,75.48,active,2026-09-29T17:00:00Z,2026-09-26T14:52:17+00:00
KXNFLREC-26SEP27KCMIA,KXNFLREC,KXNFLREC-26SEP27KCMIA-KCRRICE4-5,Rashee Rice: 5+ receptions,0.4200,0.4400,0.4200,42.93,42.93,active,2026-09-29T17:00:00Z,2026-09-26T14:52:17+00:00
KXNFLREC-26SEP27KCMIA,KXNFLREC,KXNFLREC-26SEP27KCMIA-KCKWALKER9-3,Kenneth Walker III: 3+ receptions,0.6300,0.6600,0.6500,44.00,44.00,active,2026-09-29T17:00:00Z,2026-09-26T14:52:17+00:00
KXNFLREC-26SEP27KCMIA,KXNFLREC,KXNFLREC-26SEP27KCMIA-KCEJOHNSON10-4,Emmett Johnson: 4+ receptions,0.0700,0.1000,0.0000,0.00,0.00,active,2026-09-29T17:00:00Z,2026-09-26T14:52:17+00:00
KXNFLREC-26SEP27KCMIA,KXNFLREC,KXNFLREC-26SEP27KCMIA-KCEJOHNSON10-3,Emmett Johnson: 3+ receptions,0.1900,0.2300,0.2400,5.53,5.53,active,2026-09-29T17:00:00Z,2026-09-26T14:52:17+00:00
KXNFLREC-26SEP27KCMIA,KXNFLREC,KXNFLREC-26SEP27KCMIA-KCEJOHNSON10-2,Emmett Johnson: 2+ receptions,0.4700,0.4800,0.4700,891.38,891.38,active,2026-09-29T17:00:00Z,2026-09-26T14:52:17+00:00
KXNFLREC-26SEP27KCMIA,KXNFLREC,KXNFLREC-26SEP27KCMIA-KCRRICE4-3,Rashee Rice: 3+ receptions,0.7700,0.8000,0.7900,4.00,4.00,active,2026-09-29T17:00:00Z,2026-09-26T14:52:17+00:00
KXNFLREC-26SEP27KCMIA,KXNFLREC,KXNFLREC-26SEP27KCMIA-MIADACHANE28-2,De'Von Achane: 2+ receptions,0.8400,0.8700,0.8700,0.85,0.85,active,2026-09-29T17:00:00Z,2026-09-26T14:52:17+00:00
KXNFLREC-26SEP27KCMIA,KXNFLREC,KXNFLREC-26SEP27KCMIA-KCTKELCE87-4,Travis Kelce: 4+ receptions,0.6400,0.6800,0.6600,59.23,59.23,active,2026-09-29T17:00:00Z,2026-09-26T14:52:17+00:00
KXNFLREC-26SEP27KCMIA,KXNFLREC,KXNFLREC-26SEP27KCMIA-MIADACHANE28-6,De'Von Achane: 6+ receptions,0.1700,0.2200,0.0000,0.00,0.00,active,2026-09-29T17:00:00Z,2026-09-26T14:52:17+00:00
KXNFLREC-26SEP27KCMIA,KXNFLREC,KXNFLREC-26SEP27KCMIA-MIAMWASHINGTON6-3,Malik Washington: 3+ receptions,0.7000,0.7400,0.0000,0.00,0.00,active,2026-09-29T17:00:00Z,2026-09-26T14:52:17+00:00
KXNFLREC-26SEP27KCMIA,KXNFLREC,KXNFLREC-26SEP27KCMIA-MIAMWASHINGTON6-2,Malik Washington: 2+ receptions,0.8600,0.8800,0.8500,44.00,44.00,active,2026-09-29T17:00:00Z,2026-09-26T14:52:17+00:00
KXNFLREC-26SEP27KCMIA,KXNFLREC,KXNFLREC-26SEP27KCMIA-MIAKCOLEMAN21-2,Kevin Coleman Jr.: 2+ receptions,0.4600,0.4700,0.0000,0.00,0.00,active,2026-09-29T17:00:00Z,2026-09-26T14:52:17+00:00
KXNFLREC-26SEP27KCMIA,KXNFLREC,KXNFLREC-26SEP27KCMIA-MIAMWASHINGTON6-6,Malik Washington: 6+ receptions,0.1800,0.2200,0.0000,0.00,0.00,active,2026-09-29T17:00:00Z,2026-09-26T14:52:17+00:00
KXNFLREC-26SEP27KCMIA,KXNFLREC,KXNFLREC-26SEP27KCMIA-MIADACHANE28-8,De'Von Achane: 8+ receptions,0.0200,0.0900,0.0000,0.00,0.00,active,2026-09-29T17:00:00Z,2026-09-26T14:52:17+00:00
KXNFLREC-26SEP27KCMIA,KXNFLREC,KXNFLREC-26SEP27KCMIA-KCKWALKER9-2,Kenneth Walker III: 2+ receptions,0.8200,0.8300,0.8100,12.01,12.01,active,2026-09-29T17:00:00Z,2026-09-26T14:52:17+00:00
KXNFLREC-26SEP27KCMIA,KXNFLREC,KXNFLREC-26SEP27KCMIA-KCTKELCE87-6,Travis Kelce: 6+ receptions,0.2800,0.3300,0.3300,3028.00,3028.00,active,2026-09-29T17:00:00Z,2026-09-26T14:52:17+00:00
KXNFLREC-26SEP27KCMIA,KXNFLREC,KXNFLREC-26SEP27KCMIA-MIACBELL18-2,Chris Bell: 2+ receptions,0.5100,0.5200,0.5200,185.05,185.05,active,2026-09-29T17:00:00Z,2026-09-26T14:52:17+00:00
KXNFLREC-26SEP27KCMIA,KXNFLREC,KXNFLREC-26SEP27KCMIA-KCXWORTHY1-3,Xavier Worthy: 3+ receptions,0.6800,0.6900,0.0000,0.00,0.00,active,2026-09-29T17:00:00Z,2026-09-26T14:52:17+00:00
KXNFLREC-26SEP27KCMIA,KXNFLREC,KXNFLREC-26SEP27KCMIA-MIAGDULCICH85-4,Greg Dulcich: 4+ receptions,0.2100,0.2500,0.1900,4.00,4.00,active,2026-09-29T17:00:00Z,2026-09-26T14:52:17+00:00
KXNFLREC-26SEP27KCMIA,KXNFLREC,KXNFLREC-26SEP27KCMIA-MIAMWASHINGTON6-9,Malik Washington: 9+ receptions,0.0000,0.0500,0.0000,0.00,0.00,active,2026-09-29T17:00:00Z,2026-09-26T14:52:17+00:00
KXNFLREC-26SEP27KCMIA,KXNFLREC,KXNFLREC-26SEP27KCMIA-MIADACHANE28-3,De'Von Achane: 3+ receptions,0.6900,0.7200,0.0000,0.00,0.00,active,2026-09-29T17:00:00Z,2026-09-26T14:52:17+00:00
KXNFLREC-26SEP27KCMIA,KXNFLREC,KXNFLREC-26SEP27KCMIA-MIAGDULCICH85-6,Greg Dulcich: 6+ receptions,0.0400,0.0700,0.0000,0.00,0.00,active,2026-09-29T17:00:00Z,2026-09-26T14:52:17+00:00
KXNFLREC-26SEP27KCMIA,KXNFLREC,KXNFLREC-26SEP27KCMIA-MIACBELL18-6,Chris Bell: 6+ receptions,0.0000,0.0400,0.0000,0.00,0.00,active,2026-09-29T17:00:00Z,2026-09-26T14:52:17+00:00
KXNFLREC-26SEP27KCMIA,KXNFLREC,KXNFLREC-26SEP27KCMIA-MIAGDULCICH85-7,Greg Dulcich: 7+ receptions,0.0000,0.0400,0.0000,0.00,0.00,active,2026-09-29T17:00:00Z,2026-09-26T14:52:17+00:00
KXNFLREC-26SEP27KCMIA,KXNFLREC,KXNFLREC-26SEP27KCMIA-KCTTHORNTON2-2,Tyquan Thornton: 2+ receptions,0.4100,0.4400,0.4200,21.67,21.67,active,2026-09-29T17:00:00Z,2026-09-26T14:52:17+00:00
KXNFLREC-26SEP27KCMIA,KXNFLREC,KXNFLREC-26SEP27KCMIA-KCRRICE4-7,Rashee Rice: 7+ receptions,0.1300,0.1800,0.1800,13.52,13.52,active,2026-09-29T17:00:00Z,2026-09-26T14:52:17+00:00
KXNFLREC-26SEP27KCMIA,KXNFLREC,KXNFLREC-26SEP27KCMIA-KCRRICE4-8,Rashee Rice: 8+ receptions,0.0600,0.1000,0.0000,0.00,0.00,active,2026-09-29T17:00:00Z,2026-09-26T14:52:17+00:00
KXNFLREC-26SEP27KCMIA,KXNFLREC,KXNFLREC-26SEP27KCMIA-KCXWORTHY1-9,Xavier Worthy: 9+ receptions,0.0000,0.0400,0.0000,0.00,0.00,active,2026-09-29T17:00:00Z,2026-09-26T14:52:17+00:00
KXNFLREC-26SEP27KCMIA,KXNFLREC,KXNFLREC-26SEP27KCMIA-KCKWALKER9-8,Kenneth Walker III: 8+ receptions,0.0100,0.0600,0.0000,0.00,0.00,active,2026-09-29T17:00:00Z,2026-09-26T14:52:17+00:00
KXNFLREC-26SEP27KCMIA,KXNFLREC,KXNFLREC-26SEP27KCMIA-MIADACHANE28-9,De'Von Achane: 9+ receptions,0.0200,0.0500,0.0000,0.00,0.00,active,2026-09-29T17:00:00Z,2026-09-26T14:52:17+00:00
KXNFLREC-26SEP27KCMIA,KXNFLREC,KXNFLREC-26SEP27KCMIA-KCXWORTHY1-5,Xavier Worthy: 5+ receptions,0.2800,0.2900,0.0000,0.00,0.00,active,2026-09-29T17:00:00Z,2026-09-26T14:52:17+00:00
KXNFLREC-26SEP27LACBUF,KXNFLREC,KXNFLREC-26SEP27LACBUF-LACLMCCONKEY15-9,Ladd McConkey: 9+ receptions,0.0700,0.1000,0.0900,2573.43,2573.43,active,2026-09-29T17:00:00Z,2026-09-26T14:52:17+00:00
KXNFLREC-26SEP27LACBUF,KXNFLREC,KXNFLREC-26SEP27LACBUF-LACQJOHNSTON1-8,Quentin Johnston: 8+ receptions,0.0200,0.0500,0.0000,0.00,0.00,active,2026-09-29T17:00:00Z,2026-09-26T14:52:17+00:00
KXNFLREC-26SEP27LACBUF,KXNFLREC,KXNFLREC-26SEP27LACBUF-BUFJCOOK4-3,James Cook III: 3+ receptions,0.2800,0.3200,0.3400,5.90,5.90,active,2026-09-29T17:00:00Z,2026-09-26T14:52:17+00:00
KXNFLREC-26SEP27LACBUF,KXNFLREC,KXNFLREC-26SEP27LACBUF-LACOHAMPTON8-3,Omarion Hampton: 3+ receptions,0.2800,0.3200,0.3200,58.94,58.94,active,2026-09-29T17:00:00Z,2026-09-26T14:52:17+00:00
KXNFLREC-26SEP27LACBUF,KXNFLREC,KXNFLREC-26SEP27LACBUF-BUFKSHAKIR10-10,Khalil Shakir: 10+ receptions,0.0100,0.0400,0.0000,0.00,0.00,active,2026-09-29T17:00:00Z,2026-09-26T14:52:17+00:00
KXNFLREC-26SEP27LACBUF,KXNFLREC,KXNFLREC-26SEP27LACBUF-LACLMCCONKEY15-10,Ladd McConkey: 10+ receptions,0.0200,0.0700,0.0000,0.00,0.00,active,2026-09-29T17:00:00Z,2026-09-26T14:52:17+00:00
KXNFLREC-26SEP27LACBUF,KXNFLREC,KXNFLREC-26SEP27LACBUF-BUFDKNOX88-3,Dawson Knox: 3+ receptions,0.1400,0.1900,0.0000,0.00,0.00,active,2026-09-29T17:00:00Z,2026-09-26T14:52:17+00:00
KXNFLREC-26SEP27LACBUF,KXNFLREC,KXNFLREC-26SEP27LACBUF-LACOGADSDEN86-8,Oronde Gadsden: 8+ receptions,0.0100,0.0600,0.0600,23.45,23.45,active,2026-09-29T17:00:00Z,2026-09-26T14:52:17+00:00
KXNFLREC-26SEP27LACBUF,KXNFLREC,KXNFLREC-26SEP27LACBUF-LACTHARRIS9-2,Tre' Harris: 2+ receptions,0.7500,0.7700,0.7500,22.00,22.00,active,2026-09-29T17:00:00Z,2026-09-26T14:52:17+00:00
KXNFLREC-26SEP27LACBUF,KXNFLREC,KXNFLREC-26SEP27LACBUF-BUFKSHAKIR10-6,Khalil Shakir: 6+ receptions,0.2100,0.2600,0.0000,0.00,0.00,active,2026-09-29T17:00:00Z,2026-09-26T14:52:17+00:00
KXNFLREC-26SEP27LACBUF,KXNFLREC,KXNFLREC-26SEP27LACBUF-LACLMCCONKEY15-8,Ladd McConkey: 8+ receptions,0.1200,0.1600,0.1400,1830.60,1830.60,active,2026-09-29T17:00:00Z,2026-09-26T14:52:17+00:00
KXNFLREC-26SEP27LACBUF,KXNFLREC,KXNFLREC-26SEP27LACBUF-LACLMCCONKEY15-7,Ladd McConkey: 7+ receptions,0.2200,0.2500,0.2500,1565.55,1565.55,active,2026-09-29T17:00:00Z,2026-09-26T14:52:17+00:00
KXNFLREC-26SEP27LACBUF,KXNFLREC,KXNFLREC-26SEP27LACBUF-LACOGADSDEN86-5,Oronde Gadsden: 5+ receptions,0.2500,0.2800,0.2800,86.11,86.11,active,2026-09-29T17:00:00Z,2026-09-26T14:52:17+00:00
KXNFLREC-26SEP27LACBUF,KXNFLREC,KXNFLREC-26SEP27LACBUF-BUFDKINCAID86-9,Dalton Kincaid: 9+ receptions,0.0200,0.0700,0.0000,0.00,0.00,active,2026-09-29T17:00:00Z,2026-09-26T14:52:17+00:00
KXNFLREC-26SEP27LACBUF,KXNFLREC,KXNFLREC-26SEP27LACBUF-LACLMCCONKEY15-4,Ladd McConkey: 4+ receptions,0.7000,0.7100,0.6800,50.47,50.47,active,2026-09-29T17:00:00Z,2026-09-26T14:52:17+00:00
KXNFLREC-26SEP27LACBUF,KXNFLREC,KXNFLREC-26SEP27LACBUF-LACOGADSDEN86-4,Oronde Gadsden: 4+ receptions,0.4300,0.4500,0.4400,1077.05,1077.05,active,2026-09-29T17:00:00Z,2026-09-26T14:52:17+00:00
KXNFLREC-26SEP27LACBUF,KXNFLREC,KXNFLREC-26SEP27LACBUF-BUFKSHAKIR10-4,Khalil Shakir: 4+ receptions,0.5800,0.5900,0.5900,2467.77,2467.77,active,2026-09-29T17:00:00Z,2026-09-26T14:52:17+00:00
KXNFLREC-26SEP27LACBUF,KXNFLREC,KXNFLREC-26SEP27LACBUF-LACTHARRIS9-5,Tre' Harris: 5+ receptions,0.1400,0.1900,0.0000,0.00,0.00,active,2026-09-29T17:00:00Z,2026-09-26T14:52:17+00:00
KXNFLREC-26SEP27LACBUF,KXNFLREC,KXNFLREC-26SEP27LACBUF-BUFJCOOK4-4,James Cook III: 4+ receptions,0.1200,0.1700,0.1600,15.00,15.00,active,2026-09-29T17:00:00Z,2026-09-26T14:52:17+00:00
KXNFLREC-26SEP27LACBUF,KXNFLREC,KXNFLREC-26SEP27LACBUF-LACLMCCONKEY15-3,Ladd McConkey: 3+ receptions,0.8200,0.8500,0.0000,0.00,0.00,active,2026-09-29T17:00:00Z,2026-09-26T14:52:17+00:00
KXNFLREC-26SEP27LACBUF,KXNFLREC,KXNFLREC-26SEP27LACBUF-LACQJOHNSTON1-3,Quentin Johnston: 3+ receptions,0.6000,0.6200,0.5900,0.02,0.02,active,2026-09-29T17:00:00Z,2026-09-26T14:52:17+00:00
KXNFLREC-26SEP27LACBUF,KXNFLREC,KXNFLREC-26SEP27LACBUF-LACOHAMPTON8-2,Omarion Hampton: 2+ receptions,0.5400,0.5600,0.5500,12.05,12.05,active,2026-09-29T17:00:00Z,2026-09-26T14:52:17+00:00
KXNFLREC-26SEP27LACBUF,KXNFLREC,KXNFLREC-26SEP27LACBUF-LACLMCCONKEY15-5,Ladd McConkey: 5+ receptions,0.5300,0.5500,0.5500,9255.16,9255.16,active,2026-09-29T17:00:00Z,2026-09-26T14:52:17+00:00
KXNFLREC-26SEP27LACBUF,KXNFLREC,KXNFLREC-26SEP27LACBUF-LACLMCCONKEY15-6,Ladd McConkey: 6+ receptions,0.3500,0.3900,0.3800,1196.25,1192.18,active,2026-09-29T17:00:00Z,2026-09-26T14:52:17+00:00
KXNFLREC-26SEP27LACBUF,KXNFLREC,KXNFLREC-26SEP27LACBUF-BUFKSHAKIR10-7,Khalil Shakir: 7+ receptions,0.1100,0.1400,0.0000,0.00,0.00,active,2026-09-29T17:00:00Z,2026-09-26T14:52:17+00:00
KXNFLREC-26SEP27LACBUF,KXNFLREC,KXNFLREC-26SEP27LACBUF-LACOHAMPTON8-4,Omarion Hampton: 4+ receptions,0.1200,0.1600,0.1100,32.96,31.96,active,2026-09-29T17:00:00Z,2026-09-26T14:52:17+00:00
KXNFLREC-26SEP27LACBUF,KXNFLREC,KXNFLREC-26SEP27LACBUF-BUFKSHAKIR10-5,Khalil Shakir: 5+ receptions,0.3800,0.4100,0.4300,4.46,4.46,active,2026-09-29T17:00:00Z,2026-09-26T14:52:17+00:00
KXNFLREC-26SEP27LACBUF,KXNFLREC,KXNFLREC-26SEP27LACBUF-LACOGADSDEN86-3,Oronde Gadsden: 3+ receptions,0.6300,0.6700,0.6700,50.44,50.44,active,2026-09-29T17:00:00Z,2026-09-26T14:52:17+00:00
KXNFLREC-26SEP27LACBUF,KXNFLREC,KXNFLREC-26SEP27LACBUF-BUFDKINCAID86-2,Dalton Kincaid: 2+ receptions,0.9000,0.9300,0.9300,10.52,10.52,active,2026-09-29T17:00:00Z,2026-09-26T14:52:17+00:00
KXNFLREC-26SEP27LACBUF,KXNFLREC,KXNFLREC-26SEP27LACBUF-BUFDKINCAID86-5,Dalton Kincaid: 5+ receptions,0.4400,0.4600,0.4600,467.42,467.42,active,2026-09-29T17:00:00Z,2026-09-26T14:52:17+00:00
KXNFLREC-26SEP27LACBUF,KXNFLREC,KXNFLREC-26SEP27LACBUF-LACOGADSDEN86-6,Oronde Gadsden: 6+ receptions,0.1400,0.1600,0.1700,335.20,335.20,active,2026-09-29T17:00:00Z,2026-09-26T14:52:17+00:00
KXNFLREC-26SEP27LACBUF,KXNFLREC,KXNFLREC-26SEP27LACBUF-BUFDKINCAID86-4,Dalton Kincaid: 4+ receptions,0.6200,0.6600,0.6400,99.95,99.95,active,2026-09-29T17:00:00Z,2026-09-26T14:52:17+00:00
KXNFLREC-26SEP27LACBUF,KXNFLREC,KXNFLREC-26SEP27LACBUF-BUFDKINCAID86-6,Dalton Kincaid: 6+ receptions,0.2800,0.3000,0.3000,64.33,64.33,active,2026-09-29T17:00:00Z,2026-09-26T14:52:17+00:00
KXNFLREC-26SEP27LACBUF,KXNFLREC,KXNFLREC-26SEP27LACBUF-BUFDKINCAID86-3,Dalton Kincaid: 3+ receptions,0.7800,0.8100,0.8100,6.20,6.20,active,2026-09-29T17:00:00Z,2026-09-26T14:52:17+00:00
KXNFLREC-26SEP27LACBUF,KXNFLREC,KXNFLREC-26SEP27LACBUF-LACQJOHNSTON1-4,Quentin Johnston: 4+ receptions,0.3800,0.3900,0.3800,1150.34,1150.34,active,2026-09-29T17:00:00Z,2026-09-26T14:52:17+00:00
KXNFLREC-26SEP27LACBUF,KXNFLREC,KXNFLREC-26SEP27LACBUF-LACLMCCONKEY15-2,Ladd McConkey: 2+ receptions,0.9100,0.9300,0.9200,111.67,101.04,active,2026-09-29T17:00:00Z,2026-09-26T14:52:17+00:00
KXNFLREC-26SEP27LACBUF,KXNFLREC,KXNFLREC-26SEP27LACBUF-LACQJOHNSTON1-2,Quentin Johnston: 2+ receptions,0.7900,0.8200,0.7800,34.01,34.01,active,2026-09-29T17:00:00Z,2026-09-26T14:52:17+00:00
KXNFLREC-26SEP27LACBUF,KXNFLREC,KXNFLREC-26SEP27LACBUF-BUFKSHAKIR10-3,Khalil Shakir: 3+ receptions,0.7100,0.7600,0.0000,0.00,0.00,active,2026-09-29T17:00:00Z,2026-09-26T14:52:17+00:00
KXNFLREC-26SEP27LACBUF,KXNFLREC,KXNFLREC-26SEP27LACBUF-BUFKSHAKIR10-2,Khalil Shakir: 2+ receptions,0.8400,0.9100,0.0000,0.00,0.00,active,2026-09-29T17:00:00Z,2026-09-26T14:52:17+00:00
KXNFLREC-26SEP27LACBUF,KXNFLREC,KXNFLREC-26SEP27LACBUF-BUFJCOOK4-2,James Cook III: 2+ receptions,0.5600,0.5800,0.5700,49.16,49.16,active,2026-09-29T17:00:00Z,2026-09-26T14:52:17+00:00
KXNFLREC-26SEP27LACBUF,KXNFLREC,KXNFLREC-26SEP27LACBUF-BUFDKNOX88-5,Dawson Knox: 5+ receptions,0.0000,0.0500,0.0000,0.00,0.00,active,2026-09-29T17:00:00Z,2026-09-26T14:52:17+00:00
KXNFLREC-26SEP27LACBUF,KXNFLREC,KXNFLREC-26SEP27LACBUF-LACTHARRIS9-7,Tre' Harris: 7+ receptions,0.0100,0.0500,0.0000,0.00,0.00,active,2026-09-29T17:00:00Z,2026-09-26T14:52:17+00:00
KXNFLREC-26SEP27LACBUF,KXNFLREC,KXNFLREC-26SEP27LACBUF-BUFJCOOK4-5,James Cook III: 5+ receptions,0.0700,0.0800,0.0000,0.00,0.00,active,2026-09-29T17:00:00Z,2026-09-26T14:52:17+00:00
KXNFLREC-26SEP27LACBUF,KXNFLREC,KXNFLREC-26SEP27LACBUF-LACQJOHNSTON1-7,Quentin Johnston: 7+ receptions,0.0500,0.0700,0.0000,0.00,0.00,active,2026-09-29T17:00:00Z,2026-09-26T14:52:17+00:00
KXNFLREC-26SEP27LACBUF,KXNFLREC,KXNFLREC-26SEP27LACBUF-BUFKSHAKIR10-8,Khalil Shakir: 8+ receptions,0.0200,0.1000,0.0000,0.00,0.00,active,2026-09-29T17:00:00Z,2026-09-26T14:52:17+00:00
KXNFLREC-26SEP27LACBUF,KXNFLREC,KXNFLREC-26SEP27LACBUF-BUFDKNOX88-4,Dawson Knox: 4+ receptions,0.0000,0.0900,0.0000,0.00,0.00,active,2026-09-29T17:00:00Z,2026-09-26T14:52:17+00:00
KXNFLREC-26SEP27LACBUF,KXNFLREC,KXNFLREC-26SEP27LACBUF-LACTHARRIS9-3,Tre' Harris: 3+ receptions,0.5200,0.5300,0.5100,966.35,747.17,active,2026-09-29T17:00:00Z,2026-09-26T14:52:17+00:00
KXNFLREC-26SEP27LACBUF,KXNFLREC,KXNFLREC-26SEP27LACBUF-BUFKSHAKIR10-9,Khalil Shakir: 9+ receptions,0.0200,0.0600,0.0000,0.00,0.00,active,2026-09-29T17:00:00Z,2026-09-26T14:52:17+00:00
KXNFLREC-26SEP27LACBUF,KXNFLREC,KXNFLREC-26SEP27LACBUF-LACTHARRIS9-6,Tre' Harris: 6+ receptions,0.0600,0.0900,0.0000,0.00,0.00,active,2026-09-29T17:00:00Z,2026-09-26T14:52:17+00:00
KXNFLREC-26SEP27LACBUF,KXNFLREC,KXNFLREC-26SEP27LACBUF-LACTHARRIS9-4,Tre' Harris: 4+ receptions,0.3000,0.3300,0.2900,13.51,13.51,active,2026-09-29T17:00:00Z,2026-09-26T14:52:17+00:00
KXNFLREC-26SEP27LACBUF,KXNFLREC,KXNFLREC-26SEP27LACBUF-LACQJOHNSTON1-6,Quentin Johnston: 6+ receptions,0.1200,0.1300,0.0000,0.00,0.00,active,2026-09-29T17:00:00Z,2026-09-26T14:52:17+00:00
KXNFLREC-26SEP27LACBUF,KXNFLREC,KXNFLREC-26SEP27LACBUF-LACOHAMPTON8-6,Omarion Hampton: 6+ receptions,0.0100,0.0400,0.0000,0.00,0.00,active,2026-09-29T17:00:00Z,2026-09-26T14:52:17+00:00
KXNFLREC-26SEP27LACBUF,KXNFLREC,KXNFLREC-26SEP27LACBUF-BUFJCOOK4-6,James Cook III: 6+ receptions,0.0100,0.0400,0.0000,0.00,0.00,active,2026-09-29T17:00:00Z,2026-09-26T14:52:17+00:00
KXNFLREC-26SEP27LACBUF,KXNFLREC,KXNFLREC-26SEP27LACBUF-BUFDKNOX88-2,Dawson Knox: 2+ receptions,0.3800,0.4100,0.3800,0.06,0.06,active,2026-09-29T17:00:00Z,2026-09-26T14:52:17+00:00
KXNFLREC-26SEP27LACBUF,KXNFLREC,KXNFLREC-26SEP27LACBUF-LACOGADSDEN86-7,Oronde Gadsden: 7+ receptions,0.0600,0.0900,0.1000,23.51,23.51,active,2026-09-29T17:00:00Z,2026-09-26T14:52:17+00:00
KXNFLREC-26SEP27LACBUF,KXNFLREC,KXNFLREC-26SEP27LACBUF-BUFDKINCAID86-8,Dalton Kincaid: 8+ receptions,0.1000,0.1200,0.0000,0.00,0.00,active,2026-09-29T17:00:00Z,2026-09-26T14:52:17+00:00
KXNFLREC-26SEP27LACBUF,KXNFLREC,KXNFLREC-26SEP27LACBUF-LACOGADSDEN86-2,Oronde Gadsden: 2+ receptions,0.8200,0.8600,0.8200,1.00,1.00,active,2026-09-29T17:00:00Z,2026-09-26T14:52:17+00:00
KXNFLREC-26SEP27LACBUF,KXNFLREC,KXNFLREC-26SEP27LACBUF-LACOHAMPTON8-5,Omarion Hampton: 5+ receptions,0.0400,0.0800,0.0000,0.00,0.00,active,2026-09-29T17:00:00Z,2026-09-26T14:52:17+00:00
KXNFLREC-26SEP27LACBUF,KXNFLREC,KXNFLREC-26SEP27LACBUF-LACQJOHNSTON1-5,Quentin Johnston: 5+ receptions,0.2300,0.2400,0.2300,25.00,25.00,active,2026-09-29T17:00:00Z,2026-09-26T14:52:17+00:00
KXNFLREC-26SEP27LACBUF,KXNFLREC,KXNFLREC-26SEP27LACBUF-BUFDKINCAID86-7,Dalton Kincaid: 7+ receptions,0.1700,0.1900,0.0000,0.00,0.00,active,2026-09-29T17:00:00Z,2026-09-26T14:52:17+00:00
KXNFLREC-26SEP27LACBUF,KXNFLREC,KXNFLREC-26SEP27LACBUF-BUFDKINCAID86-10,Dalton Kincaid: 10+ receptions,0.0000,0.0500,0.0000,0.00,0.00,active,2026-09-29T17:00:00Z,2026-09-26T14:52:17+00:00
KXNFLREC-26SEP27LARDEN,KXNFLREC,KXNFLREC-26SEP27LARDEN-LARDADAMS17-8,Davante Adams: 8+ receptions,0.2100,0.2500,0.2500,11.40,11.40,active,2026-09-30T00:20:00Z,2026-09-26T14:52:17+00:00
KXNFLREC-26SEP27LARDEN,KXNFLREC,KXNFLREC-26SEP27LARDEN-LARDADAMS17-4,Davante Adams: 4+ receptions,0.7900,0.8200,0.0000,0.00,0.00,active,2026-09-30T00:20:00Z,2026-09-26T14:52:17+00:00
KXNFLREC-26SEP27LARDEN,KXNFLREC,KXNFLREC-26SEP27LARDEN-LARTFERGUSON18-5,Terrance Ferguson: 5+ receptions,0.4000,0.4100,0.4100,1464.20,1464.20,active,2026-09-30T00:20:00Z,2026-09-26T14:52:17+00:00
KXNFLREC-26SEP27LARDEN,KXNFLREC,KXNFLREC-26SEP27LARDEN-DENJWADDLE17-9,Jaylen Waddle: 9+ receptions,0.0600,0.1000,0.0600,6.00,6.00,active,2026-09-30T00:20:00Z,2026-09-26T14:52:17+00:00
KXNFLREC-26SEP27LARDEN,KXNFLREC,KXNFLREC-26SEP27LARDEN-LARTFERGUSON18-6,Terrance Ferguson: 6+ receptions,0.2500,0.2600,0.2600,1323.85,1323.85,active,2026-09-30T00:20:00Z,2026-09-26T14:52:17+00:00
KXNFLREC-26SEP27LARDEN,KXNFLREC,KXNFLREC-26SEP27LARDEN-DENJWADDLE17-7,Jaylen Waddle: 7+ receptions,0.2300,0.2700,0.0000,0.00,0.00,active,2026-09-30T00:20:00Z,2026-09-26T14:52:17+00:00
KXNFLREC-26SEP27LARDEN,KXNFLREC,KXNFLREC-26SEP27LARDEN-DENEENGRAM1-2,Evan Engram: 2+ receptions,0.7300,0.7500,0.7300,66.60,66.60,active,2026-09-30T00:20:00Z,2026-09-26T14:52:17+00:00
KXNFLREC-26SEP27LARDEN,KXNFLREC,KXNFLREC-26SEP27LARDEN-DENEENGRAM1-7,Evan Engram: 7+ receptions,0.0100,0.0500,0.0000,0.00,0.00,active,2026-09-30T00:20:00Z,2026-09-26T14:52:17+00:00
KXNFLREC-26SEP27LARDEN,KXNFLREC,KXNFLREC-26SEP27LARDEN-DENCSUTTON14-5,Courtland Sutton: 5+ receptions,0.2600,0.2900,0.2600,1.00,1.00,active,2026-09-30T00:20:00Z,2026-09-26T14:52:17+00:00
KXNFLREC-26SEP27LARDEN,KXNFLREC,KXNFLREC-26SEP27LARDEN-LARDADAMS17-5,Davante Adams: 5+ receptions,0.6600,0.6900,0.7000,1.90,1.90,active,2026-09-30T00:20:00Z,2026-09-26T14:52:17+00:00
KXNFLREC-26SEP27LARDEN,KXNFLREC,KXNFLREC-26SEP27LARDEN-LARKWILLIAMS23-5,Kyren Williams: 5+ receptions,0.0700,0.1000,0.0000,0.00,0.00,active,2026-09-30T00:20:00Z,2026-09-26T14:52:17+00:00
KXNFLREC-26SEP27LARDEN,KXNFLREC,KXNFLREC-26SEP27LARDEN-DENPBRYANT13-2,Pat Bryant: 2+ receptions,0.7200,0.7500,0.0000,0.00,0.00,active,2026-09-30T00:20:00Z,2026-09-26T14:52:17+00:00
KXNFLREC-26SEP27LARDEN,KXNFLREC,KXNFLREC-26SEP27LARDEN-LARTFERGUSON18-2,Terrance Ferguson: 2+ receptions,0.8700,0.9100,0.8900,95.26,84.63,active,2026-09-30T00:20:00Z,2026-09-26T14:52:17+00:00
KXNFLREC-26SEP27LARDEN,KXNFLREC,KXNFLREC-26SEP27LARDEN-LARDADAMS17-7,Davante Adams: 7+ receptions,0.3400,0.3800,0.3200,22.50,22.50,active,2026-09-30T00:20:00Z,2026-09-26T14:52:17+00:00
KXNFLREC-26SEP27LARDEN,KXNFLREC,KXNFLREC-26SEP27LARDEN-LARTFERGUSON18-4,Terrance Ferguson: 4+ receptions,0.5900,0.6000,0.6000,10891.76,10891.76,active,2026-09-30T00:20:00Z,2026-09-26T14:52:17+00:00
KXNFLREC-26SEP27LARDEN,KXNFLREC,KXNFLREC-26SEP27LARDEN-DENCSUTTON14-2,Courtland Sutton: 2+ receptions,0.8200,0.8600,0.8100,34.50,34.50,active,2026-09-30T00:20:00Z,2026-09-26T14:52:17+00:00
KXNFLREC-26SEP27LARDEN,KXNFLREC,KXNFLREC-26SEP27LARDEN-DENPBRYANT13-5,Pat Bryant: 5+ receptions,0.1400,0.1600,0.1400,401.06,400.06,active,2026-09-30T00:20:00Z,2026-09-26T14:52:17+00:00
KXNFLREC-26SEP27LARDEN,KXNFLREC,KXNFLREC-26SEP27LARDEN-DENEENGRAM1-6,Evan Engram: 6+ receptions,0.0400,0.0900,0.0000,0.00,0.00,active,2026-09-30T00:20:00Z,2026-09-26T14:52:17+00:00
KXNFLREC-26SEP27LARDEN,KXNFLREC,KXNFLREC-26SEP27LARDEN-DENCSUTTON14-8,Courtland Sutton: 8+ receptions,0.0100,0.0600,0.0000,0.00,0.00,active,2026-09-30T00:20:00Z,2026-09-26T14:52:17+00:00
KXNFLREC-26SEP27LARDEN,KXNFLREC,KXNFLREC-26SEP27LARDEN-LARDADAMS17-3,Davante Adams: 3+ receptions,0.8900,0.9200,0.9300,61.21,61.21,active,2026-09-30T00:20:00Z,2026-09-26T14:52:17+00:00
KXNFLREC-26SEP27LARDEN,KXNFLREC,KXNFLREC-26SEP27LARDEN-DENEENGRAM1-3,Evan Engram: 3+ receptions,0.4800,0.5100,0.4800,238.70,238.70,active,2026-09-30T00:20:00Z,2026-09-26T14:52:17+00:00
KXNFLREC-26SEP27LARDEN,KXNFLREC,KXNFLREC-26SEP27LARDEN-DENCSUTTON14-3,Courtland Sutton: 3+ receptions,0.6400,0.6800,0.0000,0.00,0.00,active,2026-09-30T00:20:00Z,2026-09-26T14:52:17+00:00
KXNFLREC-26SEP27LARDEN,KXNFLREC,KXNFLREC-26SEP27LARDEN-DENJWADDLE17-3,Jaylen Waddle: 3+ receptions,0.8300,0.8700,0.8800,62.89,51.54,active,2026-09-30T00:20:00Z,2026-09-26T14:52:17+00:00
KXNFLREC-26SEP27LARDEN,KXNFLREC,KXNFLREC-26SEP27LARDEN-LARDADAMS17-10,Davante Adams: 10+ receptions,0.0600,0.1000,0.0000,0.00,0.00,active,2026-09-30T00:20:00Z,2026-09-26T14:52:17+00:00
KXNFLREC-26SEP27LARDEN,KXNFLREC,KXNFLREC-26SEP27LARDEN-LARTFERGUSON18-3,Terrance Ferguson: 3+ receptions,0.7200,0.7800,0.7700,42.55,40.00,active,2026-09-30T00:20:00Z,2026-09-26T14:52:17+00:00
KXNFLREC-26SEP27LARDEN,KXNFLREC,KXNFLREC-26SEP27LARDEN-DENJWADDLE17-4,Jaylen Waddle: 4+ receptions,0.7100,0.7300,0.7300,12.03,12.03,active,2026-09-30T00:20:00Z,2026-09-26T14:52:17+00:00
KXNFLREC-26SEP27LARDEN,KXNFLREC,KXNFLREC-26SEP27LARDEN-LARDADAMS17-9,Davante Adams: 9+ receptions,0.1200,0.1600,0.1300,3.00,3.00,active,2026-09-30T00:20:00Z,2026-09-26T14:52:17+00:00
KXNFLREC-26SEP27LARDEN,KXNFLREC,KXNFLREC-26SEP27LARDEN-LARKWILLIAMS23-4,Kyren Williams: 4+ receptions,0.1700,0.2200,0.0000,0.00,0.00,active,2026-09-30T00:20:00Z,2026-09-26T14:52:17+00:00
KXNFLREC-26SEP27LARDEN,KXNFLREC,KXNFLREC-26SEP27LARDEN-DENCSUTTON14-6,Courtland Sutton: 6+ receptions,0.1300,0.1700,0.1300,34.17,34.17,active,2026-09-30T00:20:00Z,2026-09-26T14:52:17+00:00
KXNFLREC-26SEP27LARDEN,KXNFLREC,KXNFLREC-26SEP27LARDEN-DENCSUTTON14-7,Courtland Sutton: 7+ receptions,0.0600,0.0900,0.0900,73.00,73.00,active,2026-09-30T00:20:00Z,2026-09-26T14:52:17+00:00
KXNFLREC-26SEP27LARDEN,KXNFLREC,KXNFLREC-26SEP27LARDEN-LARTFERGUSON18-7,Terrance Ferguson: 7+ receptions,0.1100,0.1500,0.1500,56.57,56.57,active,2026-09-30T00:20:00Z,2026-09-26T14:52:17+00:00
KXNFLREC-26SEP27LARDEN,KXNFLREC,KXNFLREC-26SEP27LARDEN-DENCSUTTON14-4,Courtland Sutton: 4+ receptions,0.4300,0.4600,0.4300,95.87,95.87,active,2026-09-30T00:20:00Z,2026-09-26T14:52:17+00:00
KXNFLREC-26SEP27LARDEN,KXNFLREC,KXNFLREC-26SEP27LARDEN-LARKWILLIAMS23-3,Kyren Williams: 3+ receptions,0.3900,0.4100,0.0000,0.00,0.00,active,2026-09-30T00:20:00Z,2026-09-26T14:52:17+00:00
KXNFLREC-26SEP27LARDEN,KXNFLREC,KXNFLREC-26SEP27LARDEN-LARDADAMS17-6,Davante Adams: 6+ receptions,0.5200,0.5300,0.5300,3931.41,3813.45,active,2026-09-30T00:20:00Z,2026-09-26T14:52:17+00:00
KXNFLREC-26SEP27LARDEN,KXNFLREC,KXNFLREC-26SEP27LARDEN-DENJWADDLE17-10,Jaylen Waddle: 10+ receptions,0.0100,0.0600,0.0000,0.00,0.00,active,2026-09-30T00:20:00Z,2026-09-26T14:52:17+00:00
KXNFLREC-26SEP27LARDEN,KXNFLREC,KXNFLREC-26SEP27LARDEN-DENPBRYANT13-7,Pat Bryant: 7+ receptions,0.0100,0.0500,0.0000,0.00,0.00,active,2026-09-30T00:20:00Z,2026-09-26T14:52:17+00:00
KXNFLREC-26SEP27LARDEN,KXNFLREC,KXNFLREC-26SEP27LARDEN-DENPBRYANT13-3,Pat Bryant: 3+ receptions,0.4800,0.5000,0.5000,186.02,93.01,active,2026-09-30T00:20:00Z,2026-09-26T14:52:17+00:00
KXNFLREC-26SEP27LARDEN,KXNFLREC,KXNFLREC-26SEP27LARDEN-DENJWADDLE17-11,Jaylen Waddle: 11+ receptions,0.0000,0.0400,0.0000,0.00,0.00,active,2026-09-30T00:20:00Z,2026-09-26T14:52:17+00:00
KXNFLREC-26SEP27LARDEN,KXNFLREC,KXNFLREC-26SEP27LARDEN-DENPBRYANT13-6,Pat Bryant: 6+ receptions,0.0500,0.0900,0.0000,0.00,0.00,active,2026-09-30T00:20:00Z,2026-09-26T14:52:17+00:00
KXNFLREC-26SEP27LARDEN,KXNFLREC,KXNFLREC-26SEP27LARDEN-LARTFERGUSON18-8,Terrance Ferguson: 8+ receptions,0.0000,0.0900,0.0900,73.11,73.11,active,2026-09-30T00:20:00Z,2026-09-26T14:52:17+00:00
KXNFLREC-26SEP27LARDEN,KXNFLREC,KXNFLREC-26SEP27LARDEN-DENJWADDLE17-6,Jaylen Waddle: 6+ receptions,0.3800,0.4000,0.0000,0.00,0.00,active,2026-09-30T00:20:00Z,2026-09-26T14:52:17+00:00
KXNFLREC-26SEP27LARDEN,KXNFLREC,KXNFLREC-26SEP27LARDEN-LARKWILLIAMS23-2,Kyren Williams: 2+ receptions,0.6300,0.6500,0.6600,73.00,73.00,active,2026-09-30T00:20:00Z,2026-09-26T14:52:17+00:00
KXNFLREC-26SEP27LARDEN,KXNFLREC,KXNFLREC-26SEP27LARDEN-DENJWADDLE17-5,Jaylen Waddle: 5+ receptions,0.5500,0.5600,0.5600,44.30,44.30,active,2026-09-30T00:20:00Z,2026-09-26T14:52:17+00:00
KXNFLREC-26SEP27LARDEN,KXNFLREC,KXNFLREC-26SEP27LARDEN-DENEENGRAM1-5,Evan Engram: 5+ receptions,0.1300,0.1700,0.0000,0.00,0.00,active,2026-09-30T00:20:00Z,2026-09-26T14:52:17+00:00
KXNFLREC-26SEP27LARDEN,KXNFLREC,KXNFLREC-26SEP27LARDEN-LARTFERGUSON18-9,Terrance Ferguson: 9+ receptions,0.0000,0.0600,0.0600,23.45,23.45,active,2026-09-30T00:20:00Z,2026-09-26T14:52:17+00:00
KXNFLREC-26SEP27LARDEN,KXNFLREC,KXNFLREC-26SEP27LARDEN-DENPBRYANT13-4,Pat Bryant: 4+ receptions,0.2700,0.3100,0.0000,0.00,0.00,active,2026-09-30T00:20:00Z,2026-09-26T14:52:17+00:00
KXNFLREC-26SEP27LARDEN,KXNFLREC,KXNFLREC-26SEP27LARDEN-DENEENGRAM1-4,Evan Engram: 4+ receptions,0.2800,0.3000,0.2800,22.00,22.00,active,2026-09-30T00:20:00Z,2026-09-26T14:52:17+00:00
KXNFLREC-26SEP27LARDEN,KXNFLREC,KXNFLREC-26SEP27LARDEN-LARDADAMS17-12,Davante Adams: 12+ receptions,0.0000,0.0500,0.0000,0.00,0.00,active,2026-09-30T00:20:00Z,2026-09-26T14:52:17+00:00
KXNFLREC-26SEP27LARDEN,KXNFLREC,KXNFLREC-26SEP27LARDEN-LARDADAMS17-11,Davante Adams: 11+ receptions,0.0100,0.0700,0.0000,0.00,0.00,active,2026-09-30T00:20:00Z,2026-09-26T14:52:17+00:00
KXNFLREC-26SEP27LARDEN,KXNFLREC,KXNFLREC-26SEP27LARDEN-LARKWILLIAMS23-6,Kyren Williams: 6+ receptions,0.0000,0.0600,0.0000,0.00,0.00,active,2026-09-30T00:20:00Z,2026-09-26T14:52:17+00:00
KXNFLREC-26SEP27LARDEN,KXNFLREC,KXNFLREC-26SEP27LARDEN-DENJWADDLE17-8,Jaylen Waddle: 8+ receptions,0.1300,0.1600,0.1200,3.00,3.00,active,2026-09-30T00:20:00Z,2026-09-26T14:52:17+00:00
KXNFLREC-26SEP27LVNO,KXNFLREC,KXNFLREC-26SEP27LVNO-NOAKAMARA41-2,Alvin Kamara: 2+ receptions,0.7500,0.7800,0.0000,0.00,0.00,active,2026-09-29T20:25:00Z,2026-09-26T14:52:17+00:00
KXNFLREC-26SEP27LVNO,KXNFLREC,KXNFLREC-26SEP27LVNO-LVJNAILOR9-4,Jalen Nailor: 4+ receptions,0.1000,0.2400,0.0000,0.00,0.00,active,2026-09-29T20:25:00Z,2026-09-26T14:52:17+00:00
KXNFLREC-26SEP27LVNO,KXNFLREC,KXNFLREC-26SEP27LVNO-NOCOLAVE12-4,Chris Olave: 4+ receptions,0.8300,0.8500,0.8600,15.22,15.22,active,2026-09-29T20:25:00Z,2026-09-26T14:52:17+00:00
KXNFLREC-26SEP27LVNO,KXNFLREC,KXNFLREC-26SEP27LVNO-LVTTUCKER1-4,Tre Tucker: 4+ receptions,0.4800,0.4900,0.0000,0.00,0.00,active,2026-09-29T20:25:00Z,2026-09-26T14:52:17+00:00
KXNFLREC-26SEP27LVNO,KXNFLREC,KXNFLREC-26SEP27LVNO-LVTTUCKER1-3,Tre Tucker: 3+ receptions,0.6500,0.7100,0.0000,0.00,0.00,active,2026-09-29T20:25:00Z,2026-09-26T14:52:17+00:00
KXNFLREC-26SEP27LVNO,KXNFLREC,KXNFLREC-26SEP27LVNO-LVAJEANTY2-6,Ashton Jeanty: 6+ receptions,0.1900,0.2500,0.2400,11.00,11.00,active,2026-09-29T20:25:00Z,2026-09-26T14:52:17+00:00
KXNFLREC-26SEP27LVNO,KXNFLREC,KXNFLREC-26SEP27LVNO-LVJNAILOR9-6,Jalen Nailor: 6+ receptions,0.0000,0.0700,0.0000,0.00,0.00,active,2026-09-29T20:25:00Z,2026-09-26T14:52:17+00:00
KXNFLREC-26SEP27LVNO,KXNFLREC,KXNFLREC-26SEP27LVNO-NOJJOHNSON83-8,Juwan Johnson: 8+ receptions,0.0100,0.0500,0.0000,0.00,0.00,active,2026-09-29T20:25:00Z,2026-09-26T14:52:17+00:00
KXNFLREC-26SEP27LVNO,KXNFLREC,KXNFLREC-26SEP27LVNO-NODVELE14-6,Devaughn Vele: 6+ receptions,0.2200,0.2700,0.0000,0.00,0.00,active,2026-09-29T20:25:00Z,2026-09-26T14:52:17+00:00
KXNFLREC-26SEP27LVNO,KXNFLREC,KXNFLREC-26SEP27LVNO-LVTTUCKER1-7,Tre Tucker: 7+ receptions,0.0200,0.1200,0.0000,0.00,0.00,active,2026-09-29T20:25:00Z,2026-09-26T14:52:17+00:00
KXNFLREC-26SEP27LVNO,KXNFLREC,KXNFLREC-26SEP27LVNO-NODVELE14-8,Devaughn Vele: 8+ receptions,0.0500,0.0900,0.0000,0.00,0.00,active,2026-09-29T20:25:00Z,2026-09-26T14:52:17+00:00
KXNFLREC-26SEP27LVNO,KXNFLREC,KXNFLREC-26SEP27LVNO-NOCOLAVE12-8,Chris Olave: 8+ receptions,0.2700,0.2900,0.2900,187.32,187.32,active,2026-09-29T20:25:00Z,2026-09-26T14:52:17+00:00
KXNFLREC-26SEP27LVNO,KXNFLREC,KXNFLREC-26SEP27LVNO-LVAJEANTY2-8,Ashton Jeanty: 8+ receptions,0.0500,0.0900,0.0800,9.87,9.87,active,2026-09-29T20:25:00Z,2026-09-26T14:52:17+00:00
KXNFLREC-26SEP27LVNO,KXNFLREC,KXNFLREC-26SEP27LVNO-LVJNAILOR9-2,Jalen Nailor: 2+ receptions,0.6300,0.6800,0.0000,0.00,0.00,active,2026-09-29T20:25:00Z,2026-09-26T14:52:17+00:00
KXNFLREC-26SEP27LVNO,KXNFLREC,KXNFLREC-26SEP27LVNO-LVAJEANTY2-3,Ashton Jeanty: 3+ receptions,0.6900,0.7400,0.0000,0.00,0.00,active,2026-09-29T20:25:00Z,2026-09-26T14:52:17+00:00
KXNFLREC-26SEP27LVNO,KXNFLREC,KXNFLREC-26SEP27LVNO-NOJJOHNSON83-7,Juwan Johnson: 7+ receptions,0.0600,0.0800,0.0000,0.00,0.00,active,2026-09-29T20:25:00Z,2026-09-26T14:52:17+00:00
KXNFLREC-26SEP27LVNO,KXNFLREC,KXNFLREC-26SEP27LVNO-LVAJEANTY2-2,Ashton Jeanty: 2+ receptions,0.8300,0.9000,0.8900,22.00,22.00,active,2026-09-29T20:25:00Z,2026-09-26T14:52:17+00:00
KXNFLREC-26SEP27LVNO,KXNFLREC,KXNFLREC-26SEP27LVNO-NOTETIENNE3-4,Travis Etienne Jr.: 4+ receptions,0.1000,0.1400,0.0000,0.00,0.00,active,2026-09-29T20:25:00Z,2026-09-26T14:52:17+00:00
KXNFLREC-26SEP27LVNO,KXNFLREC,KXNFLREC-26SEP27LVNO-NOCOLAVE12-13,Chris Olave: 13+ receptions,0.0000,0.0400,0.0400,51.53,51.53,active,2026-09-29T20:25:00Z,2026-09-26T14:52:17+00:00
KXNFLREC-26SEP27LVNO,KXNFLREC,KXNFLREC-26SEP27LVNO-NOBLANCE18-3,Bryce Lance: 3+ receptions,0.1700,0.2200,0.0000,0.00,0.00,active,2026-09-29T20:25:00Z,2026-09-26T14:52:17+00:00
KXNFLREC-26SEP27LVNO,KXNFLREC,KXNFLREC-26SEP27LVNO-NODVELE14-10,Devaughn Vele: 10+ receptions,0.0000,0.0400,0.0000,0.00,0.00,active,2026-09-29T20:25:00Z,2026-09-26T14:52:17+00:00
KXNFLREC-26SEP27LVNO,KXNFLREC,KXNFLREC-26SEP27LVNO-LVJNAILOR9-7,Jalen Nailor: 7+ receptions,0.0000,0.0400,0.0000,0.00,0.00,active,2026-09-29T20:25:00Z,2026-09-26T14:52:17+00:00
KXNFLREC-26SEP27LVNO,KXNFLREC,KXNFLREC-26SEP27LVNO-NODVELE14-5,Devaughn Vele: 5+ receptions,0.3900,0.4100,0.4000,160.28,160.28,active,2026-09-29T20:25:00Z,2026-09-26T14:52:17+00:00
KXNFLREC-26SEP27LVNO,KXNFLREC,KXNFLREC-26SEP27LVNO-NOAKAMARA41-3,Alvin Kamara: 3+ receptions,0.5500,0.5700,0.0000,0.00,0.00,active,2026-09-29T20:25:00Z,2026-09-26T14:52:17+00:00
KXNFLREC-26SEP27LVNO,KXNFLREC,KXNFLREC-26SEP27LVNO-NOCOLAVE12-5,Chris Olave: 5+ receptions,0.7100,0.7300,0.7400,8.00,8.00,active,2026-09-29T20:25:00Z,2026-09-26T14:52:17+00:00
KXNFLREC-26SEP27LVNO,KXNFLREC,KXNFLREC-26SEP27LVNO-NOCOLAVE12-6,Chris Olave: 6+ receptions,0.5700,0.5900,0.5900,172.83,172.83,active,2026-09-29T20:25:00Z,2026-09-26T14:52:17+00:00
KXNFLREC-26SEP27LVNO,KXNFLREC,KXNFLREC-26SEP27LVNO-LVAJEANTY2-5,Ashton Jeanty: 5+ receptions,0.3400,0.3800,0.0000,0.00,0.00,active,2026-09-29T20:25:00Z,2026-09-26T14:52:17+00:00
KXNFLREC-26SEP27LVNO,KXNFLREC,KXNFLREC-26SEP27LVNO-NODVELE14-2,Devaughn Vele: 2+ receptions,0.8800,0.9200,0.0000,0.00,0.00,active,2026-09-29T20:25:00Z,2026-09-26T14:52:17+00:00
KXNFLREC-26SEP27LVNO,KXNFLREC,KXNFLREC-26SEP27LVNO-NOCOLAVE12-9,Chris Olave: 9+ receptions,0.1600,0.1800,0.1700,61.79,61.79,active,2026-09-29T20:25:00Z,2026-09-26T14:52:17+00:00
KXNFLREC-26SEP27LVNO,KXNFLREC,KXNFLREC-26SEP27LVNO-NOBLANCE18-5,Bryce Lance: 5+ receptions,0.0000,0.0500,0.0000,0.00,0.00,active,2026-09-29T20:25:00Z,2026-09-26T14:52:17+00:00
KXNFLREC-26SEP27LVNO,KXNFLREC,KXNFLREC-26SEP27LVNO-NOTETIENNE3-6,Travis Etienne Jr.: 6+ receptions,0.0000,0.0400,0.0000,0.00,0.00,active,2026-09-29T20:25:00Z,2026-09-26T14:52:17+00:00
KXNFLREC-26SEP27LVNO,KXNFLREC,KXNFLREC-26SEP27LVNO-NOJJOHNSON83-6,Juwan Johnson: 6+ receptions,0.1300,0.1500,0.0000,0.00,0.00,active,2026-09-29T20:25:00Z,2026-09-26T14:52:17+00:00
KXNFLREC-26SEP27LVNO,KXNFLREC,KXNFLREC-26SEP27LVNO-NOJJOHNSON83-5,Juwan Johnson: 5+ receptions,0.2600,0.2800,0.0000,0.00,0.00,active,2026-09-29T20:25:00Z,2026-09-26T14:52:17+00:00
KXNFLREC-26SEP27LVNO,KXNFLREC,KXNFLREC-26SEP27LVNO-LVTTUCKER1-8,Tre Tucker: 8+ receptions,0.0200,0.0700,0.0000,0.00,0.00,active,2026-09-29T20:25:00Z,2026-09-26T14:52:17+00:00
KXNFLREC-26SEP27LVNO,KXNFLREC,KXNFLREC-26SEP27LVNO-LVTTUCKER1-9,Tre Tucker: 9+ receptions,0.0000,0.0500,0.0000,0.00,0.00,active,2026-09-29T20:25:00Z,2026-09-26T14:52:17+00:00
KXNFLREC-26SEP27LVNO,KXNFLREC,KXNFLREC-26SEP27LVNO-LVAJEANTY2-10,Ashton Jeanty: 10+ receptions,0.0000,0.0400,0.0000,0.00,0.00,active,2026-09-29T20:25:00Z,2026-09-26T14:52:17+00:00
KXNFLREC-26SEP27LVNO,KXNFLREC,KXNFLREC-26SEP27LVNO-NOJJOHNSON83-2,Juwan Johnson: 2+ receptions,0.8200,0.8600,0.8600,11.00,11.00,active,2026-09-29T20:25:00Z,2026-09-26T14:52:17+00:00
KXNFLREC-26SEP27LVNO,KXNFLREC,KXNFLREC-26SEP27LVNO-LVAJEANTY2-7,Ashton Jeanty: 7+ receptions,0.1000,0.1600,0.1500,11.00,11.00,active,2026-09-29T20:25:00Z,2026-09-26T14:52:17+00:00
KXNFLREC-26SEP27LVNO,KXNFLREC,KXNFLREC-26SEP27LVNO-NOAKAMARA41-8,Alvin Kamara: 8+ receptions,0.0000,0.0400,0.0000,0.00,0.00,active,2026-09-29T20:25:00Z,2026-09-26T14:52:17+00:00
KXNFLREC-26SEP27LVNO,KXNFLREC,KXNFLREC-26SEP27LVNO-NOTETIENNE3-3,Travis Etienne Jr.: 3+ receptions,0.2600,0.2900,0.2800,9390.00,9390.00,active,2026-09-29T20:25:00Z,2026-09-26T14:52:17+00:00
KXNFLREC-26SEP27LVNO,KXNFLREC,KXNFLREC-26SEP27LVNO-LVAJEANTY2-4,Ashton Jeanty: 4+ receptions,0.5400,0.5600,0.5600,798.55,798.55,active,2026-09-29T20:25:00Z,2026-09-26T14:52:17+00:00
KXNFLREC-26SEP27LVNO,KXNFLREC,KXNFLREC-26SEP27LVNO-LVTTUCKER1-5,Tre Tucker: 5+ receptions,0.2700,0.3300,0.3300,50.52,50.52,active,2026-09-29T20:25:00Z,2026-09-26T14:52:17+00:00
KXNFLREC-26SEP27LVNO,KXNFLREC,KXNFLREC-26SEP27LVNO-NODVELE14-7,Devaughn Vele: 7+ receptions,0.1200,0.1500,0.0000,0.00,0.00,active,2026-09-29T20:25:00Z,2026-09-26T14:52:17+00:00
KXNFLREC-26SEP27LVNO,KXNFLREC,KXNFLREC-26SEP27LVNO-NOCOLAVE12-10,Chris Olave: 10+ receptions,0.0900,0.1100,0.1100,56.67,56.67,active,2026-09-29T20:25:00Z,2026-09-26T14:52:17+00:00
KXNFLREC-26SEP27LVNO,KXNFLREC,KXNFLREC-26SEP27LVNO-NODVELE14-3,Devaughn Vele: 3+ receptions,0.7600,0.7800,0.0000,0.00,0.00,active,2026-09-29T20:25:00Z,2026-09-26T14:52:17+00:00
KXNFLREC-26SEP27LVNO,KXNFLREC,KXNFLREC-26SEP27LVNO-NOCOLAVE12-12,Chris Olave: 12+ receptions,0.0200,0.0500,0.0500,28.12,28.12,active,2026-09-29T20:25:00Z,2026-09-26T14:52:17+00:00
KXNFLREC-26SEP27LVNO,KXNFLREC,KXNFLREC-26SEP27LVNO-NOTETIENNE3-2,Travis Etienne Jr.: 2+ receptions,0.5400,0.5500,0.5500,619.67,619.67,active,2026-09-29T20:25:00Z,2026-09-26T14:52:17+00:00
KXNFLREC-26SEP27LVNO,KXNFLREC,KXNFLREC-26SEP27LVNO-LVTTUCKER1-2,Tre Tucker: 2+ receptions,0.8100,0.8700,0.0000,0.00,0.00,active,2026-09-29T20:25:00Z,2026-09-26T14:52:17+00:00
KXNFLREC-26SEP27LVNO,KXNFLREC,KXNFLREC-26SEP27LVNO-NODVELE14-9,Devaughn Vele: 9+ receptions,0.0100,0.0500,0.0000,0.00,0.00,active,2026-09-29T20:25:00Z,2026-09-26T14:52:17+00:00
KXNFLREC-26SEP27LVNO,KXNFLREC,KXNFLREC-26SEP27LVNO-NOJJOHNSON83-4,Juwan Johnson: 4+ receptions,0.4500,0.4700,0.4600,118.73,118.73,active,2026-09-29T20:25:00Z,2026-09-26T14:52:17+00:00
KXNFLREC-26SEP27LVNO,KXNFLREC,KXNFLREC-26SEP27LVNO-NOJJOHNSON83-3,Juwan Johnson: 3+ receptions,0.6500,0.6800,0.6700,25.32,25.32,active,2026-09-29T20:25:00Z,2026-09-26T14:52:17+00:00
KXNFLREC-26SEP27LVNO,KXNFLREC,KXNFLREC-26SEP27LVNO-NOTETIENNE3-5,Travis Etienne Jr.: 5+ receptions,0.0000,0.0600,0.0000,0.00,0.00,active,2026-09-29T20:25:00Z,2026-09-26T14:52:17+00:00
KXNFLREC-26SEP27LVNO,KXNFLREC,KXNFLREC-26SEP27LVNO-LVJNAILOR9-5,Jalen Nailor: 5+ receptions,0.0000,0.1300,0.0000,0.00,0.00,active,2026-09-29T20:25:00Z,2026-09-26T14:52:17+00:00
KXNFLREC-26SEP27LVNO,KXNFLREC,KXNFLREC-26SEP27LVNO-NOAKAMARA41-7,Alvin Kamara: 7+ receptions,0.0000,0.0800,0.0000,0.00,0.00,active,2026-09-29T20:25:00Z,2026-09-26T14:52:17+00:00
KXNFLREC-26SEP27LVNO,KXNFLREC,KXNFLREC-26SEP27LVNO-NOAKAMARA41-6,Alvin Kamara: 6+ receptions,0.0000,0.1100,0.0000,0.00,0.00,active,2026-09-29T20:25:00Z,2026-09-26T14:52:17+00:00
KXNFLREC-26SEP27LVNO,KXNFLREC,KXNFLREC-26SEP27LVNO-NOCOLAVE12-7,Chris Olave: 7+ receptions,0.3900,0.4000,0.4000,611.22,611.22,active,2026-09-29T20:25:00Z,2026-09-26T14:52:17+00:00
KXNFLREC-26SEP27LVNO,KXNFLREC,KXNFLREC-26SEP27LVNO-NOCOLAVE12-11,Chris Olave: 11+ receptions,0.0200,0.0700,0.0700,26.82,26.82,active,2026-09-29T20:25:00Z,2026-09-26T14:52:17+00:00
KXNFLREC-26SEP27LVNO,KXNFLREC,KXNFLREC-26SEP27LVNO-LVJNAILOR9-3,Jalen Nailor: 3+ receptions,0.4100,0.4400,0.0000,0.00,0.00,active,2026-09-29T20:25:00Z,2026-09-26T14:52:17+00:00
KXNFLREC-26SEP27LVNO,KXNFLREC,KXNFLREC-26SEP27LVNO-NOAKAMARA41-4,Alvin Kamara: 4+ receptions,0.3600,0.3900,0.0000,0.00,0.00,active,2026-09-29T20:25:00Z,2026-09-26T14:52:17+00:00
KXNFLREC-26SEP27LVNO,KXNFLREC,KXNFLREC-26SEP27LVNO-NOBLANCE18-4,Bryce Lance: 4+ receptions,0.0000,0.0900,0.0000,0.00,0.00,active,2026-09-29T20:25:00Z,2026-09-26T14:52:17+00:00
KXNFLREC-26SEP27LVNO,KXNFLREC,KXNFLREC-26SEP27LVNO-NOBLANCE18-2,Bryce Lance: 2+ receptions,0.4200,0.4700,0.4200,2.00,2.00,active,2026-09-29T20:25:00Z,2026-09-26T14:52:17+00:00
KXNFLREC-26SEP27LVNO,KXNFLREC,KXNFLREC-26SEP27LVNO-NOAKAMARA41-5,Alvin Kamara: 5+ receptions,0.1900,0.2100,0.0000,0.00,0.00,active,2026-09-29T20:25:00Z,2026-09-26T14:52:17+00:00
KXNFLREC-26SEP27LVNO,KXNFLREC,KXNFLREC-26SEP27LVNO-NODVELE14-4,Devaughn Vele: 4+ receptions,0.5700,0.6100,0.5900,11.00,11.00,active,2026-09-29T20:25:00Z,2026-09-26T14:52:17+00:00
KXNFLREC-26SEP27LVNO,KXNFLREC,KXNFLREC-26SEP27LVNO-LVTTUCKER1-6,Tre Tucker: 6+ receptions,0.1500,0.1900,0.1900,3.00,3.00,active,2026-09-29T20:25:00Z,2026-09-26T14:52:17+00:00
KXNFLREC-26SEP27LVNO,KXNFLREC,KXNFLREC-26SEP27LVNO-LVAJEANTY2-9,Ashton Jeanty: 9+ receptions,0.0100,0.0600,0.0000,0.00,0.00,active,2026-09-29T20:25:00Z,2026-09-26T14:52:17+00:00
KXNFLREC-26SEP27MINTB,KXNFLREC,KXNFLREC-26SEP27MINTB-TBCOTTON88-4,Cade Otton: 4+ receptions,0.3700,0.3800,0.3800,4993.46,4602.46,active,2026-09-29T20:05:00Z,2026-09-26T14:52:17+00:00
KXNFLREC-26SEP27MINTB,KXNFLREC,KXNFLREC-26SEP27MINTB-MINJJENNINGS14-5,Jauan Jennings: 5+ receptions,0.0200,0.0500,0.0500,3200.00,3200.00,active,2026-09-29T20:05:00Z,2026-09-26T14:52:17+00:00
KXNFLREC-26SEP27MINTB,KXNFLREC,KXNFLREC-26SEP27MINTB-MINJJEFFERSON18-9,Justin Jefferson: 9+ receptions,0.1400,0.1700,0.0000,0.00,0.00,active,2026-09-29T20:05:00Z,2026-09-26T14:52:17+00:00
KXNFLREC-26SEP27MINTB,KXNFLREC,KXNFLREC-26SEP27MINTB-MINTHOCKENSON87-4,T.J. Hockenson: 4+ receptions,0.4600,0.4700,0.4700,506.86,506.86,active,2026-09-29T20:05:00Z,2026-09-26T14:52:17+00:00
KXNFLREC-26SEP27MINTB,KXNFLREC,KXNFLREC-26SEP27MINTB-TBCOTTON88-8,Cade Otton: 8+ receptions,0.0100,0.0400,0.0000,0.00,0.00,active,2026-09-29T20:05:00Z,2026-09-26T14:52:17+00:00
KXNFLREC-26SEP27MINTB,KXNFLREC,KXNFLREC-26SEP27MINTB-TBEEGBUKA2-6,Emeka Egbuka: 6+ receptions,0.2300,0.2700,0.0000,0.00,0.00,active,2026-09-29T20:05:00Z,2026-09-26T14:52:17+00:00
KXNFLREC-26SEP27MINTB,KXNFLREC,KXNFLREC-26SEP27MINTB-TBJMCMILLAN11-4,Jalen McMillan: 4+ receptions,0.0600,0.0900,0.1000,1.00,1.00,active,2026-09-29T20:05:00Z,2026-09-26T14:52:17+00:00
KXNFLREC-26SEP27MINTB,KXNFLREC,KXNFLREC-26SEP27MINTB-MINJOLIVER84-2,Josh Oliver: 2+ receptions,0.4100,0.4300,0.4200,20.00,20.00,active,2026-09-29T20:05:00Z,2026-09-26T14:52:17+00:00
KXNFLREC-26SEP27MINTB,KXNFLREC,KXNFLREC-26SEP27MINTB-TBCGODWIN14-6,Chris Godwin Jr.: 6+ receptions,0.1100,0.1500,0.0000,0.00,0.00,active,2026-09-29T20:05:00Z,2026-09-26T14:52:17+00:00
KXNFLREC-26SEP27MINTB,KXNFLREC,KXNFLREC-26SEP27MINTB-MINJOLIVER84-5,Josh Oliver: 5+ receptions,0.0100,0.0500,0.0000,0.00,0.00,active,2026-09-29T20:05:00Z,2026-09-26T14:52:17+00:00
KXNFLREC-26SEP27MINTB,KXNFLREC,KXNFLREC-26SEP27MINTB-MINTHOCKENSON87-7,T.J. Hockenson: 7+ receptions,0.0700,0.1100,0.0000,0.00,0.00,active,2026-09-29T20:05:00Z,2026-09-26T14:52:17+00:00
KXNFLREC-26SEP27MINTB,KXNFLREC,KXNFLREC-26SEP27MINTB-MINJADDISON3-7,Jordan Addison: 7+ receptions,0.0400,0.0800,0.0000,0.00,0.00,active,2026-09-29T20:05:00Z,2026-09-26T14:52:17+00:00
KXNFLREC-26SEP27MINTB,KXNFLREC,KXNFLREC-26SEP27MINTB-TBKGAINWELL1-5,Kenny Gainwell: 5+ receptions,0.0500,0.0900,0.0000,0.00,0.00,active,2026-09-29T20:05:00Z,2026-09-26T14:52:17+00:00
KXNFLREC-26SEP27MINTB,KXNFLREC,KXNFLREC-26SEP27MINTB-TBEEGBUKA2-7,Emeka Egbuka: 7+ receptions,0.1200,0.1500,0.0000,0.00,0.00,active,2026-09-29T20:05:00Z,2026-09-26T14:52:17+00:00
KXNFLREC-26SEP27MINTB,KXNFLREC,KXNFLREC-26SEP27MINTB-TBJMCMILLAN11-3,Jalen McMillan: 3+ receptions,0.1800,0.2100,0.0000,0.00,0.00,active,2026-09-29T20:05:00Z,2026-09-26T14:52:17+00:00
KXNFLREC-26SEP27MINTB,KXNFLREC,KXNFLREC-26SEP27MINTB-MINJOLIVER84-4,Josh Oliver: 4+ receptions,0.0500,0.1000,0.0000,0.00,0.00,active,2026-09-29T20:05:00Z,2026-09-26T14:52:17+00:00
KXNFLREC-26SEP27MINTB,KXNFLREC,KXNFLREC-26SEP27MINTB-TBCOTTON88-2,Cade Otton: 2+ receptions,0.7800,0.8200,0.7800,4.00,4.00,active,2026-09-29T20:05:00Z,2026-09-26T14:52:17+00:00
KXNFLREC-26SEP27MINTB,KXNFLREC,KXNFLREC-26SEP27MINTB-MINJJEFFERSON18-10,Justin Jefferson: 10+ receptions,0.0700,0.1300,0.0000,0.00,0.00,active,2026-09-29T20:05:00Z,2026-09-26T14:52:17+00:00
KXNFLREC-26SEP27MINTB,KXNFLREC,KXNFLREC-26SEP27MINTB-MINJADDISON3-4,Jordan Addison: 4+ receptions,0.4000,0.4300,0.0000,0.00,0.00,active,2026-09-29T20:05:00Z,2026-09-26T14:52:17+00:00
KXNFLREC-26SEP27MINTB,KXNFLREC,KXNFLREC-26SEP27MINTB-TBKGAINWELL1-2,Kenny Gainwell: 2+ receptions,0.5700,0.6000,0.5800,41.86,41.86,active,2026-09-29T20:05:00Z,2026-09-26T14:52:17+00:00
KXNFLREC-26SEP27MINTB,KXNFLREC,KXNFLREC-26SEP27MINTB-MINJADDISON3-3,Jordan Addison: 3+ receptions,0.6100,0.6400,0.0000,0.00,0.00,active,2026-09-29T20:05:00Z,2026-09-26T14:52:17+00:00
KXNFLREC-26SEP27MINTB,KXNFLREC,KXNFLREC-26SEP27MINTB-MINJJENNINGS14-2,Jauan Jennings: 2+ receptions,0.4400,0.4800,0.4700,41.01,41.01,active,2026-09-29T20:05:00Z,2026-09-26T14:52:17+00:00
KXNFLREC-26SEP27MINTB,KXNFLREC,KXNFLREC-26SEP27MINTB-MINJJEFFERSON18-3,Justin Jefferson: 3+ receptions,0.8900,0.9300,0.0000,0.00,0.00,active,2026-09-29T20:05:00Z,2026-09-26T14:52:17+00:00
KXNFLREC-26SEP27MINTB,KXNFLREC,KXNFLREC-26SEP27MINTB-MINJJEFFERSON18-8,Justin Jefferson: 8+ receptions,0.2300,0.2800,0.0000,0.00,0.00,active,2026-09-29T20:05:00Z,2026-09-26T14:52:17+00:00
KXNFLREC-26SEP27MINTB,KXNFLREC,KXNFLREC-26SEP27MINTB-TBCOTTON88-6,Cade Otton: 6+ receptions,0.1000,0.1400,0.0000,0.00,0.00,active,2026-09-29T20:05:00Z,2026-09-26T14:52:17+00:00
KXNFLREC-26SEP27MINTB,KXNFLREC,KXNFLREC-26SEP27MINTB-MINJOLIVER84-3,Josh Oliver: 3+ receptions,0.1700,0.2100,0.0000,0.00,0.00,active,2026-09-29T20:05:00Z,2026-09-26T14:52:17+00:00
KXNFLREC-26SEP27MINTB,KXNFLREC,KXNFLREC-26SEP27MINTB-TBBIRVING7-5,Bucky Irving: 5+ receptions,0.1500,0.1900,0.0000,0.00,0.00,active,2026-09-29T20:05:00Z,2026-09-26T14:52:17+00:00
KXNFLREC-26SEP27MINTB,KXNFLREC,KXNFLREC-26SEP27MINTB-TBBIRVING7-2,Bucky Irving: 2+ receptions,0.7400,0.7700,0.7500,13.10,13.10,active,2026-09-29T20:05:00Z,2026-09-26T14:52:17+00:00
KXNFLREC-26SEP27MINTB,KXNFLREC,KXNFLREC-26SEP27MINTB-TBEEGBUKA2-8,Emeka Egbuka: 8+ receptions,0.0600,0.1000,0.1000,84.00,84.00,active,2026-09-29T20:05:00Z,2026-09-26T14:52:17+00:00
KXNFLREC-26SEP27MINTB,KXNFLREC,KXNFLREC-26SEP27MINTB-TBEEGBUKA2-4,Emeka Egbuka: 4+ receptions,0.5700,0.5900,0.5700,618.37,618.37,active,2026-09-29T20:05:00Z,2026-09-26T14:52:17+00:00
KXNFLREC-26SEP27MINTB,KXNFLREC,KXNFLREC-26SEP27MINTB-TBCGODWIN14-2,Chris Godwin Jr.: 2+ receptions,0.8000,0.8400,0.0000,0.00,0.00,active,2026-09-29T20:05:00Z,2026-09-26T14:52:17+00:00
KXNFLREC-26SEP27MINTB,KXNFLREC,KXNFLREC-26SEP27MINTB-MINJJENNINGS14-4,Jauan Jennings: 4+ receptions,0.0700,0.1000,0.1000,3250.00,3250.00,active,2026-09-29T20:05:00Z,2026-09-26T14:52:17+00:00
KXNFLREC-26SEP27MINTB,KXNFLREC,KXNFLREC-26SEP27MINTB-MINAJONES33-6,Aaron Jones Sr.: 6+ receptions,0.0000,0.0500,0.0000,0.00,0.00,active,2026-09-29T20:05:00Z,2026-09-26T14:52:17+00:00
KXNFLREC-26SEP27MINTB,KXNFLREC,KXNFLREC-26SEP27MINTB-TBTHURST17-5,Ted Hurst III: 5+ receptions,0.0800,0.1200,0.0000,0.00,0.00,active,2026-09-29T20:05:00Z,2026-09-26T14:52:17+00:00
KXNFLREC-26SEP27MINTB,KXNFLREC,KXNFLREC-26SEP27MINTB-TBTHURST17-6,Ted Hurst III: 6+ receptions,0.0100,0.0600,0.0000,0.00,0.00,active,2026-09-29T20:05:00Z,2026-09-26T14:52:17+00:00
KXNFLREC-26SEP27MINTB,KXNFLREC,KXNFLREC-26SEP27MINTB-TBJMCMILLAN11-5,Jalen McMillan: 5+ receptions,0.0100,0.0500,0.0000,0.00,0.00,active,2026-09-29T20:05:00Z,2026-09-26T14:52:17+00:00
KXNFLREC-26SEP27MINTB,KXNFLREC,KXNFLREC-26SEP27MINTB-TBBIRVING7-7,Bucky Irving: 7+ receptions,0.0100,0.0600,0.0000,0.00,0.00,active,2026-09-29T20:05:00Z,2026-09-26T14:52:17+00:00
KXNFLREC-26SEP27MINTB,KXNFLREC,KXNFLREC-26SEP27MINTB-MINJADDISON3-5,Jordan Addison: 5+ receptions,0.2100,0.2500,0.2600,12.14,12.14,active,2026-09-29T20:05:00Z,2026-09-26T14:52:17+00:00
KXNFLREC-26SEP27MINTB,KXNFLREC,KXNFLREC-26SEP27MINTB-MINJJEFFERSON18-5,Justin Jefferson: 5+ receptions,0.6700,0.7100,0.0000,0.00,0.00,active,2026-09-29T20:05:00Z,2026-09-26T14:52:17+00:00
KXNFLREC-26SEP27MINTB,KXNFLREC,KXNFLREC-26SEP27MINTB-MINTHOCKENSON87-6,T.J. Hockenson: 6+ receptions,0.1500,0.1900,0.0000,0.00,0.00,active,2026-09-29T20:05:00Z,2026-09-26T14:52:17+00:00
KXNFLREC-26SEP27MINTB,KXNFLREC,KXNFLREC-26SEP27MINTB-TBCOTTON88-7,Cade Otton: 7+ receptions,0.0300,0.0700,0.0000,0.00,0.00,active,2026-09-29T20:05:00Z,2026-09-26T14:52:17+00:00
KXNFLREC-26SEP27MINTB,KXNFLREC,KXNFLREC-26SEP27MINTB-TBBIRVING7-4,Bucky Irving: 4+ receptions,0.3100,0.3400,0.3100,563.30,563.30,active,2026-09-29T20:05:00Z,2026-09-26T14:52:17+00:00
KXNFLREC-26SEP27MINTB,KXNFLREC,KXNFLREC-26SEP27MINTB-MINJJEFFERSON18-6,Justin Jefferson: 6+ receptions,0.5300,0.5500,0.5400,64.54,64.54,active,2026-09-29T20:05:00Z,2026-09-26T14:52:17+00:00
KXNFLREC-26SEP27MINTB,KXNFLREC,KXNFLREC-26SEP27MINTB-MINAJONES33-4,Aaron Jones Sr.: 4+ receptions,0.1500,0.1800,0.1900,919.00,919.00,active,2026-09-29T20:05:00Z,2026-09-26T14:52:17+00:00
KXNFLREC-26SEP27MINTB,KXNFLREC,KXNFLREC-26SEP27MINTB-TBCOTTON88-5,Cade Otton: 5+ receptions,0.2000,0.2400,0.0000,0.00,0.00,active,2026-09-29T20:05:00Z,2026-09-26T14:52:17+00:00
KXNFLREC-26SEP27MINTB,KXNFLREC,KXNFLREC-26SEP27MINTB-MINJJEFFERSON18-7,Justin Jefferson: 7+ receptions,0.3600,0.4100,0.4000,82.99,82.99,active,2026-09-29T20:05:00Z,2026-09-26T14:52:17+00:00
KXNFLREC-26SEP27MINTB,KXNFLREC,KXNFLREC-26SEP27MINTB-TBCGODWIN14-3,Chris Godwin Jr.: 3+ receptions,0.6100,0.6500,0.0000,0.00,0.00,active,2026-09-29T20:05:00Z,2026-09-26T14:52:17+00:00
KXNFLREC-26SEP27MINTB,KXNFLREC,KXNFLREC-26SEP27MINTB-MINTHOCKENSON87-5,T.J. Hockenson: 5+ receptions,0.2900,0.3200,0.0000,0.00,0.00,active,2026-09-29T20:05:00Z,2026-09-26T14:52:17+00:00
KXNFLREC-26SEP27MINTB,KXNFLREC,KXNFLREC-26SEP27MINTB-TBBIRVING7-6,Bucky Irving: 6+ receptions,0.0700,0.1100,0.0000,0.00,0.00,active,2026-09-29T20:05:00Z,2026-09-26T14:52:17+00:00
KXNFLREC-26SEP27MINTB,KXNFLREC,KXNFLREC-26SEP27MINTB-MINTHOCKENSON87-3,T.J. Hockenson: 3+ receptions,0.6800,0.6900,0.0000,0.00,0.00,active,2026-09-29T20:05:00Z,2026-09-26T14:52:17+00:00
KXNFLREC-26SEP27MINTB,KXNFLREC,KXNFLREC-26SEP27MINTB-TBBIRVING7-3,Bucky Irving: 3+ receptions,0.5400,0.5500,0.5400,1750.79,1750.79,active,2026-09-29T20:05:00Z,2026-09-26T14:52:17+00:00
KXNFLREC-26SEP27MINTB,KXNFLREC,KXNFLREC-26SEP27MINTB-TBKGAINWELL1-6,Kenny Gainwell: 6+ receptions,0.0100,0.0500,0.0000,0.00,0.00,active,2026-09-29T20:05:00Z,2026-09-26T14:52:17+00:00
KXNFLREC-26SEP27MINTB,KXNFLREC,KXNFLREC-26SEP27MINTB-MINTHOCKENSON87-9,T.J. Hockenson: 9+ receptions,0.0000,0.0400,0.0000,0.00,0.00,active,2026-09-29T20:05:00Z,2026-09-26T14:52:17+00:00
KXNFLREC-26SEP27MINTB,KXNFLREC,KXNFLREC-26SEP27MINTB-TBCGODWIN14-7,Chris Godwin Jr.: 7+ receptions,0.0400,0.0800,0.0000,0.00,0.00,active,2026-09-29T20:05:00Z,2026-09-26T14:52:17+00:00
KXNFLREC-26SEP27MINTB,KXNFLREC,KXNFLREC-26SEP27MINTB-TBKGAINWELL1-4,Kenny Gainwell: 4+ receptions,0.1500,0.1800,0.0000,0.00,0.00,active,2026-09-29T20:05:00Z,2026-09-26T14:52:17+00:00
KXNFLREC-26SEP27MINTB,KXNFLREC,KXNFLREC-26SEP27MINTB-TBJMCMILLAN11-2,Jalen McMillan: 2+ receptions,0.4000,0.4200,0.4200,207.12,181.12,active,2026-09-29T20:05:00Z,2026-09-26T14:52:17+00:00
KXNFLREC-26SEP27MINTB,KXNFLREC,KXNFLREC-26SEP27MINTB-MINTHOCKENSON87-2,T.J. Hockenson: 2+ receptions,0.8400,0.8800,0.8400,6.00,6.00,active,2026-09-29T20:05:00Z,2026-09-26T14:52:17+00:00
KXNFLREC-26SEP27MINTB,KXNFLREC,KXNFLREC-26SEP27MINTB-TBTHURST17-2,Ted Hurst III: 2+ receptions,0.6300,0.6400,0.6400,826.00,826.00,active,2026-09-29T20:05:00Z,2026-09-26T14:52:17+00:00
KXNFLREC-26SEP27MINTB,KXNFLREC,KXNFLREC-26SEP27MINTB-MINAJONES33-2,Aaron Jones Sr.: 2+ receptions,0.5900,0.6000,0.5900,823.62,779.12,active,2026-09-29T20:05:00Z,2026-09-26T14:52:17+00:00
KXNFLREC-26SEP27MINTB,KXNFLREC,KXNFLREC-26SEP27MINTB-MINJJENNINGS14-3,Jauan Jennings: 3+ receptions,0.2000,0.2300,0.2300,4281.86,4281.86,active,2026-09-29T20:05:00Z,2026-09-26T14:52:17+00:00
KXNFLREC-26SEP27MINTB,KXNFLREC,KXNFLREC-26SEP27MINTB-TBEEGBUKA2-2,Emeka Egbuka: 2+ receptions,0.8800,0.9100,0.9100,15.00,15.00,active,2026-09-29T20:05:00Z,2026-09-26T14:52:17+00:00
KXNFLREC-26SEP27MINTB,KXNFLREC,KXNFLREC-26SEP27MINTB-MINAJONES33-3,Aaron Jones Sr.: 3+ receptions,0.3200,0.3400,0.3500,459.73,419.74,active,2026-09-29T20:05:00Z,2026-09-26T14:52:17+00:00
KXNFLREC-26SEP27MINTB,KXNFLREC,KXNFLREC-26SEP27MINTB-TBEEGBUKA2-5,Emeka Egbuka: 5+ receptions,0.4000,0.4100,0.0000,0.00,0.00,active,2026-09-29T20:05:00Z,2026-09-26T14:52:17+00:00
KXNFLREC-26SEP27MINTB,KXNFLREC,KXNFLREC-26SEP27MINTB-TBKGAINWELL1-3,Kenny Gainwell: 3+ receptions,0.3500,0.3600,0.3600,399.00,399.00,active,2026-09-29T20:05:00Z,2026-09-26T14:52:17+00:00
KXNFLREC-26SEP27MINTB,KXNFLREC,KXNFLREC-26SEP27MINTB-MINAJONES33-5,Aaron Jones Sr.: 5+ receptions,0.0000,0.0900,0.1200,207.00,207.00,active,2026-09-29T20:05:00Z,2026-09-26T14:52:17+00:00
KXNFLREC-26SEP27MINTB,KXNFLREC,KXNFLREC-26SEP27MINTB-MINTHOCKENSON87-8,T.J. Hockenson: 8+ receptions,0.0100,0.0700,0.0000,0.00,0.00,active,2026-09-29T20:05:00Z,2026-09-26T14:52:17+00:00
KXNFLREC-26SEP27MINTB,KXNFLREC,KXNFLREC-26SEP27MINTB-TBEEGBUKA2-10,Emeka Egbuka: 10+ receptions,0.0000,0.0400,0.0000,0.00,0.00,active,2026-09-29T20:05:00Z,2026-09-26T14:52:17+00:00
KXNFLREC-26SEP27MINTB,KXNFLREC,KXNFLREC-26SEP27MINTB-TBEEGBUKA2-9,Emeka Egbuka: 9+ receptions,0.0100,0.0600,0.0000,0.00,0.00,active,2026-09-29T20:05:00Z,2026-09-26T14:52:17+00:00
KXNFLREC-26SEP27MINTB,KXNFLREC,KXNFLREC-26SEP27MINTB-MINJJEFFERSON18-12,Justin Jefferson: 12+ receptions,0.0200,0.0500,0.0000,0.00,0.00,active,2026-09-29T20:05:00Z,2026-09-26T14:52:17+00:00
KXNFLREC-26SEP27MINTB,KXNFLREC,KXNFLREC-26SEP27MINTB-TBTHURST17-7,Ted Hurst III: 7+ receptions,0.0000,0.0400,0.0000,0.00,0.00,active,2026-09-29T20:05:00Z,2026-09-26T14:52:17+00:00
KXNFLREC-26SEP27MINTB,KXNFLREC,KXNFLREC-26SEP27MINTB-MINAJONES33-7,Aaron Jones Sr.: 7+ receptions,0.0000,0.0400,0.0000,0.00,0.00,active,2026-09-29T20:05:00Z,2026-09-26T14:52:17+00:00
KXNFLREC-26SEP27MINTB,KXNFLREC,KXNFLREC-26SEP27MINTB-TBTHURST17-3,Ted Hurst III: 3+ receptions,0.4000,0.4100,0.0000,0.00,0.00,active,2026-09-29T20:05:00Z,2026-09-26T14:52:17+00:00
KXNFLREC-26SEP27MINTB,KXNFLREC,KXNFLREC-26SEP27MINTB-TBCGODWIN14-8,Chris Godwin Jr.: 8+ receptions,0.0200,0.0500,0.0500,154.00,154.00,active,2026-09-29T20:05:00Z,2026-09-26T14:52:17+00:00
KXNFLREC-26SEP27MINTB,KXNFLREC,KXNFLREC-26SEP27MINTB-TBEEGBUKA2-3,Emeka Egbuka: 3+ receptions,0.7600,0.7800,0.7600,3.00,3.00,active,2026-09-29T20:05:00Z,2026-09-26T14:52:17+00:00
KXNFLREC-26SEP27MINTB,KXNFLREC,KXNFLREC-26SEP27MINTB-TBCGODWIN14-5,Chris Godwin Jr.: 5+ receptions,0.2200,0.2600,0.0000,0.00,0.00,active,2026-09-29T20:05:00Z,2026-09-26T14:52:17+00:00
KXNFLREC-26SEP27MINTB,KXNFLREC,KXNFLREC-26SEP27MINTB-MINJJEFFERSON18-4,Justin Jefferson: 4+ receptions,0.8000,0.8400,0.8300,1.00,1.00,active,2026-09-29T20:05:00Z,2026-09-26T14:52:17+00:00
KXNFLREC-26SEP27MINTB,KXNFLREC,KXNFLREC-26SEP27MINTB-TBCGODWIN14-4,Chris Godwin Jr.: 4+ receptions,0.4300,0.4400,0.4400,27.86,27.86,active,2026-09-29T20:05:00Z,2026-09-26T14:52:17+00:00
KXNFLREC-26SEP27MINTB,KXNFLREC,KXNFLREC-26SEP27MINTB-MINJJEFFERSON18-11,Justin Jefferson: 11+ receptions,0.0200,0.0800,0.0000,0.00,0.00,active,2026-09-29T20:05:00Z,2026-09-26T14:52:17+00:00
KXNFLREC-26SEP27MINTB,KXNFLREC,KXNFLREC-26SEP27MINTB-TBCOTTON88-3,Cade Otton: 3+ receptions,0.5800,0.6200,0.0000,0.00,0.00,active,2026-09-29T20:05:00Z,2026-09-26T14:52:17+00:00
KXNFLREC-26SEP27MINTB,KXNFLREC,KXNFLREC-26SEP27MINTB-TBTHURST17-4,Ted Hurst III: 4+ receptions,0.2000,0.2300,0.0000,0.00,0.00,active,2026-09-29T20:05:00Z,2026-09-26T14:52:17+00:00
KXNFLREC-26SEP27MINTB,KXNFLREC,KXNFLREC-26SEP27MINTB-MINJADDISON3-6,Jordan Addison: 6+ receptions,0.1100,0.1400,0.0000,0.00,0.00,active,2026-09-29T20:05:00Z,2026-09-26T14:52:17+00:00
KXNFLREC-26SEP27MINTB,KXNFLREC,KXNFLREC-26SEP27MINTB-MINJADDISON3-2,Jordan Addison: 2+ receptions,0.8000,0.8300,0.0000,0.00,0.00,active,2026-09-29T20:05:00Z,2026-09-26T14:52:17+00:00
KXNFLREC-26SEP27MINTB,KXNFLREC,KXNFLREC-26SEP27MINTB-MINJADDISON3-8,Jordan Addison: 8+ receptions,0.0100,0.0500,0.0000,0.00,0.00,active,2026-09-29T20:05:00Z,2026-09-26T14:52:17+00:00
KXNFLREC-26SEP27NEJAC,KXNFLREC,KXNFLREC-26SEP27NEJAC-NEMHOLLINS13-2,Mack Hollins: 2+ receptions,0.7800,0.8100,0.7700,1.00,1.00,active,2026-09-29T17:00:00Z,2026-09-26T14:52:17+00:00
KXNFLREC-26SEP27NEJAC,KXNFLREC,KXNFLREC-26SEP27NEJAC-JACBTHOMAS7-5,Brian Thomas Jr.: 5+ receptions,0.1900,0.2200,0.0000,0.00,0.00,active,2026-09-29T17:00:00Z,2026-09-26T14:52:17+00:00
KXNFLREC-26SEP27NEJAC,KXNFLREC,KXNFLREC-26SEP27NEJAC-JACJMEYERS3-5,Jakobi Meyers: 5+ receptions,0.2400,0.3000,0.3000,79.43,79.43,active,2026-09-29T17:00:00Z,2026-09-26T14:52:17+00:00
KXNFLREC-26SEP27NEJAC,KXNFLREC,KXNFLREC-26SEP27NEJAC-JACBTHOMAS7-6,Brian Thomas Jr.: 6+ receptions,0.0800,0.1300,0.0000,0.00,0.00,active,2026-09-29T17:00:00Z,2026-09-26T14:52:17+00:00
KXNFLREC-26SEP27NEJAC,KXNFLREC,KXNFLREC-26SEP27NEJAC-NEHHENRY85-7,Hunter Henry: 7+ receptions,0.1000,0.1600,0.0000,0.00,0.00,active,2026-09-29T17:00:00Z,2026-09-26T14:52:17+00:00
KXNFLREC-26SEP27NEJAC,KXNFLREC,KXNFLREC-26SEP27NEJAC-JACBTHOMAS7-7,Brian Thomas Jr.: 7+ receptions,0.0300,0.0800,0.0000,0.00,0.00,active,2026-09-29T17:00:00Z,2026-09-26T14:52:17+00:00
KXNFLREC-26SEP27NEJAC,KXNFLREC,KXNFLREC-26SEP27NEJAC-NEDDOUGLAS3-8,DeMario Douglas: 8+ receptions,0.0100,0.0500,0.0000,0.00,0.00,active,2026-09-29T17:00:00Z,2026-09-26T14:52:17+00:00
KXNFLREC-26SEP27NEJAC,KXNFLREC,KXNFLREC-26SEP27NEJAC-JACBSTRANGE85-7,Brenton Strange: 7+ receptions,0.0100,0.0800,0.0000,0.00,0.00,active,2026-09-29T17:00:00Z,2026-09-26T14:52:17+00:00
KXNFLREC-26SEP27NEJAC,KXNFLREC,KXNFLREC-26SEP27NEJAC-NEDDOUGLAS3-5,DeMario Douglas: 5+ receptions,0.1800,0.2300,0.2300,3.00,3.00,active,2026-09-29T17:00:00Z,2026-09-26T14:52:17+00:00
KXNFLREC-26SEP27NEJAC,KXNFLREC,KXNFLREC-26SEP27NEJAC-NERSTEVENSON38-6,Rhamondre Stevenson: 6+ receptions,0.0100,0.0700,0.0000,0.00,0.00,active,2026-09-29T17:00:00Z,2026-09-26T14:52:17+00:00
KXNFLREC-26SEP27NEJAC,KXNFLREC,KXNFLREC-26SEP27NEJAC-NEDDOUGLAS3-2,DeMario Douglas: 2+ receptions,0.7800,0.8100,0.6600,10.01,10.01,active,2026-09-29T17:00:00Z,2026-09-26T14:52:17+00:00
KXNFLREC-26SEP27NEJAC,KXNFLREC,KXNFLREC-26SEP27NEJAC-NEMHOLLINS13-5,Mack Hollins: 5+ receptions,0.1800,0.2200,0.0000,0.00,0.00,active,2026-09-29T17:00:00Z,2026-09-26T14:52:17+00:00
KXNFLREC-26SEP27NEJAC,KXNFLREC,KXNFLREC-26SEP27NEJAC-NEHHENRY85-6,Hunter Henry: 6+ receptions,0.2100,0.2600,0.0000,0.00,0.00,active,2026-09-29T17:00:00Z,2026-09-26T14:52:17+00:00
KXNFLREC-26SEP27NEJAC,KXNFLREC,KXNFLREC-26SEP27NEJAC-NEHHENRY85-8,Hunter Henry: 8+ receptions,0.0400,0.1000,0.0000,0.00,0.00,active,2026-09-29T17:00:00Z,2026-09-26T14:52:17+00:00
KXNFLREC-26SEP27NEJAC,KXNFLREC,KXNFLREC-26SEP27NEJAC-JACBSTRANGE85-5,Brenton Strange: 5+ receptions,0.1900,0.2400,0.0000,0.00,0.00,active,2026-09-29T17:00:00Z,2026-09-26T14:52:17+00:00
KXNFLREC-26SEP27NEJAC,KXNFLREC,KXNFLREC-26SEP27NEJAC-NEMHOLLINS13-7,Mack Hollins: 7+ receptions,0.0100,0.0600,0.0000,0.00,0.00,active,2026-09-29T17:00:00Z,2026-09-26T14:52:17+00:00
KXNFLREC-26SEP27NEJAC,KXNFLREC,KXNFLREC-26SEP27NEJAC-NERDOUBS87-4,Romeo Doubs: 4+ receptions,0.4100,0.4400,0.4400,21.91,21.91,active,2026-09-29T17:00:00Z,2026-09-26T14:52:17+00:00
KXNFLREC-26SEP27NEJAC,KXNFLREC,KXNFLREC-26SEP27NEJAC-NERDOUBS87-7,Romeo Doubs: 7+ receptions,0.0300,0.0900,0.0000,0.00,0.00,active,2026-09-29T17:00:00Z,2026-09-26T14:52:17+00:00
KXNFLREC-26SEP27NEJAC,KXNFLREC,KXNFLREC-26SEP27NEJAC-NEDDOUGLAS3-4,DeMario Douglas: 4+ receptions,0.3800,0.3900,0.3900,4.00,4.00,active,2026-09-29T17:00:00Z,2026-09-26T14:52:17+00:00
KXNFLREC-26SEP27NEJAC,KXNFLREC,KXNFLREC-26SEP27NEJAC-JACBTHOMAS7-4,Brian Thomas Jr.: 4+ receptions,0.3600,0.4000,0.0000,0.00,0.00,active,2026-09-29T17:00:00Z,2026-09-26T14:52:17+00:00
KXNFLREC-26SEP27NEJAC,KXNFLREC,KXNFLREC-26SEP27NEJAC-JACPWASHINGTON11-9,Parker Washington: 9+ receptions,0.0600,0.1100,0.1100,17.11,17.11,active,2026-09-29T17:00:00Z,2026-09-26T14:52:17+00:00
KXNFLREC-26SEP27NEJAC,KXNFLREC,KXNFLREC-26SEP27NEJAC-JACPWASHINGTON11-3,Parker Washington: 3+ receptions,0.8500,0.8800,0.8600,6.10,6.10,active,2026-09-29T17:00:00Z,2026-09-26T14:52:17+00:00
KXNFLREC-26SEP27NEJAC,KXNFLREC,KXNFLREC-26SEP27NEJAC-JACBSTRANGE85-6,Brenton Strange: 6+ receptions,0.0900,0.1300,0.0900,6.00,6.00,active,2026-09-29T17:00:00Z,2026-09-26T14:52:17+00:00
KXNFLREC-26SEP27NEJAC,KXNFLREC,KXNFLREC-26SEP27NEJAC-JACJMEYERS3-4,Jakobi Meyers: 4+ receptions,0.4500,0.4600,0.4600,0.25,0.25,active,2026-09-29T17:00:00Z,2026-09-26T14:52:17+00:00
KXNFLREC-26SEP27NEJAC,KXNFLREC,KXNFLREC-26SEP27NEJAC-NEMHOLLINS13-6,Mack Hollins: 6+ receptions,0.0800,0.1200,0.0000,0.00,0.00,active,2026-09-29T17:00:00Z,2026-09-26T14:52:17+00:00
KXNFLREC-26SEP27NEJAC,KXNFLREC,KXNFLREC-26SEP27NEJAC-JACPWASHINGTON11-5,Parker Washington: 5+ receptions,0.5900,0.6000,0.6000,6426.52,6411.50,active,2026-09-29T17:00:00Z,2026-09-26T14:52:17+00:00
KXNFLREC-26SEP27NEJAC,KXNFLREC,KXNFLREC-26SEP27NEJAC-JACJMEYERS3-3,Jakobi Meyers: 3+ receptions,0.6200,0.6700,0.0000,0.00,0.00,active,2026-09-29T17:00:00Z,2026-09-26T14:52:17+00:00
KXNFLREC-26SEP27NEJAC,KXNFLREC,KXNFLREC-26SEP27NEJAC-NERSTEVENSON38-3,Rhamondre Stevenson: 3+ receptions,0.4500,0.4600,0.4500,1293.05,1293.05,active,2026-09-29T17:00:00Z,2026-09-26T14:52:17+00:00
KXNFLREC-26SEP27NEJAC,KXNFLREC,KXNFLREC-26SEP27NEJAC-NEHHENRY85-4,Hunter Henry: 4+ receptions,0.5600,0.5800,0.5600,0.02,0.02,active,2026-09-29T17:00:00Z,2026-09-26T14:52:17+00:00
KXNFLREC-26SEP27NEJAC,KXNFLREC,KXNFLREC-26SEP27NEJAC-JACPWASHINGTON11-6,Parker Washington: 6+ receptions,0.4000,0.4100,0.4000,2442.51,2442.51,active,2026-09-29T17:00:00Z,2026-09-26T14:52:17+00:00
KXNFLREC-26SEP27NEJAC,KXNFLREC,KXNFLREC-26SEP27NEJAC-NERDOUBS87-8,Romeo Doubs: 8+ receptions,0.0100,0.0500,0.0000,0.00,0.00,active,2026-09-29T17:00:00Z,2026-09-26T14:52:17+00:00
KXNFLREC-26SEP27NEJAC,KXNFLREC,KXNFLREC-26SEP27NEJAC-JACBTHOMAS7-8,Brian Thomas Jr.: 8+ receptions,0.0100,0.0500,0.0000,0.00,0.00,active,2026-09-29T17:00:00Z,2026-09-26T14:52:17+00:00
KXNFLREC-26SEP27NEJAC,KXNFLREC,KXNFLREC-26SEP27NEJAC-JACBSTRANGE85-8,Brenton Strange: 8+ receptions,0.0100,0.0500,0.0000,0.00,0.00,active,2026-09-29T17:00:00Z,2026-09-26T14:52:17+00:00
KXNFLREC-26SEP27NEJAC,KXNFLREC,KXNFLREC-26SEP27NEJAC-JACBSTRANGE85-4,Brenton Strange: 4+ receptions,0.3800,0.4000,0.4000,1244.60,1244.60,active,2026-09-29T17:00:00Z,2026-09-26T14:52:17+00:00
KXNFLREC-26SEP27NEJAC,KXNFLREC,KXNFLREC-26SEP27NEJAC-JACPWASHINGTON11-8,Parker Washington: 8+ receptions,0.1300,0.1800,0.1800,27.62,27.62,active,2026-09-29T17:00:00Z,2026-09-26T14:52:17+00:00
KXNFLREC-26SEP27NEJAC,KXNFLREC,KXNFLREC-26SEP27NEJAC-JACBTUTEN33-3,Bhayshul Tuten: 3+ receptions,0.2300,0.2800,0.2800,162.70,162.70,active,2026-09-29T17:00:00Z,2026-09-26T14:52:17+00:00
KXNFLREC-26SEP27NEJAC,KXNFLREC,KXNFLREC-26SEP27NEJAC-JACPWASHINGTON11-7,Parker Washington: 7+ receptions,0.2400,0.2700,0.2500,394.39,377.27,active,2026-09-29T17:00:00Z,2026-09-26T14:52:17+00:00
KXNFLREC-26SEP27NEJAC,KXNFLREC,KXNFLREC-26SEP27NEJAC-NEDDOUGLAS3-3,DeMario Douglas: 3+ receptions,0.5700,0.5800,0.5700,67.11,67.11,active,2026-09-29T17:00:00Z,2026-09-26T14:52:17+00:00
KXNFLREC-26SEP27NEJAC,KXNFLREC,KXNFLREC-26SEP27NEJAC-JACBTUTEN33-4,Bhayshul Tuten: 4+ receptions,0.1000,0.1400,0.1400,193.21,193.21,active,2026-09-29T17:00:00Z,2026-09-26T14:52:17+00:00
KXNFLREC-26SEP27NEJAC,KXNFLREC,KXNFLREC-26SEP27NEJAC-JACJMEYERS3-2,Jakobi Meyers: 2+ receptions,0.7900,0.8600,0.0000,0.00,0.00,active,2026-09-29T17:00:00Z,2026-09-26T14:52:17+00:00
KXNFLREC-26SEP27NEJAC,KXNFLREC,KXNFLREC-26SEP27NEJAC-JACBSTRANGE85-3,Brenton Strange: 3+ receptions,0.5900,0.6200,0.6200,84.54,84.54,active,2026-09-29T17:00:00Z,2026-09-26T14:52:17+00:00
KXNFLREC-26SEP27NEJAC,KXNFLREC,KXNFLREC-26SEP27NEJAC-JACBTHOMAS7-3,Brian Thomas Jr.: 3+ receptions,0.5800,0.6000,0.5700,354.02,354.02,active,2026-09-29T17:00:00Z,2026-09-26T14:52:17+00:00
KXNFLREC-26SEP27NEJAC,KXNFLREC,KXNFLREC-26SEP27NEJAC-JACBTUTEN33-2,Bhayshul Tuten: 2+ receptions,0.5100,0.5200,0.5200,5031.16,5031.16,active,2026-09-29T17:00:00Z,2026-09-26T14:52:17+00:00
KXNFLREC-26SEP27NEJAC,KXNFLREC,KXNFLREC-26SEP27NEJAC-NEMHOLLINS13-8,Mack Hollins: 8+ receptions,0.0100,0.0400,0.0000,0.00,0.00,active,2026-09-29T17:00:00Z,2026-09-26T14:52:17+00:00
KXNFLREC-26SEP27NEJAC,KXNFLREC,KXNFLREC-26SEP27NEJAC-NETHENDERSON32-4,TreVeyon Henderson: 4+ receptions,0.0800,0.1200,0.1200,78.49,78.49,active,2026-09-29T17:00:00Z,2026-09-26T14:52:17+00:00
KXNFLREC-26SEP27NEJAC,KXNFLREC,KXNFLREC-26SEP27NEJAC-JACPWASHINGTON11-4,Parker Washington: 4+ receptions,0.7200,0.7500,0.7500,74.93,74.93,active,2026-09-29T17:00:00Z,2026-09-26T14:52:17+00:00
KXNFLREC-26SEP27NEJAC,KXNFLREC,KXNFLREC-26SEP27NEJAC-NETHENDERSON32-2,TreVeyon Henderson: 2+ receptions,0.4900,0.5100,0.5100,592.81,569.51,active,2026-09-29T17:00:00Z,2026-09-26T14:52:17+00:00
KXNFLREC-26SEP27NEJAC,KXNFLREC,KXNFLREC-26SEP27NEJAC-NERSTEVENSON38-5,Rhamondre Stevenson: 5+ receptions,0.1100,0.1400,0.0000,0.00,0.00,active,2026-09-29T17:00:00Z,2026-09-26T14:52:17+00:00
KXNFLREC-26SEP27NEJAC,KXNFLREC,KXNFLREC-26SEP27NEJAC-NEHHENRY85-2,Hunter Henry: 2+ receptions,0.8700,0.9100,0.9200,4.24,4.24,active,2026-09-29T17:00:00Z,2026-09-26T14:52:17+00:00
KXNFLREC-26SEP27NEJAC,KXNFLREC,KXNFLREC-26SEP27NEJAC-JACBSTRANGE85-2,Brenton Strange: 2+ receptions,0.7800,0.8100,0.8200,18.06,18.06,active,2026-09-29T17:00:00Z,2026-09-26T14:52:17+00:00
KXNFLREC-26SEP27NEJAC,KXNFLREC,KXNFLREC-26SEP27NEJAC-JACBTUTEN33-5,Bhayshul Tuten: 5+ receptions,0.0700,0.0800,0.0800,628.45,628.45,active,2026-09-29T17:00:00Z,2026-09-26T14:52:17+00:00
KXNFLREC-26SEP27NEJAC,KXNFLREC,KXNFLREC-26SEP27NEJAC-NERDOUBS87-6,Romeo Doubs: 6+ receptions,0.1100,0.1500,0.0000,0.00,0.00,active,2026-09-29T17:00:00Z,2026-09-26T14:52:17+00:00
KXNFLREC-26SEP27NEJAC,KXNFLREC,KXNFLREC-26SEP27NEJAC-NEHHENRY85-3,Hunter Henry: 3+ receptions,0.7500,0.7600,0.0000,0.00,0.00,active,2026-09-29T17:00:00Z,2026-09-26T14:52:17+00:00
KXNFLREC-26SEP27NEJAC,KXNFLREC,KXNFLREC-26SEP27NEJAC-JACJMEYERS3-7,Jakobi Meyers: 7+ receptions,0.0000,0.1000,0.0000,0.00,0.00,active,2026-09-29T17:00:00Z,2026-09-26T14:52:17+00:00
KXNFLREC-26SEP27NEJAC,KXNFLREC,KXNFLREC-26SEP27NEJAC-JACPWASHINGTON11-10,Parker Washington: 10+ receptions,0.0200,0.0600,0.0700,13.41,13.41,active,2026-09-29T17:00:00Z,2026-09-26T14:52:17+00:00
KXNFLREC-26SEP27NEJAC,KXNFLREC,KXNFLREC-26SEP27NEJAC-NERSTEVENSON38-7,Rhamondre Stevenson: 7+ receptions,0.0100,0.0400,0.0000,0.00,0.00,active,2026-09-29T17:00:00Z,2026-09-26T14:52:17+00:00
KXNFLREC-26SEP27NEJAC,KXNFLREC,KXNFLREC-26SEP27NEJAC-NEHHENRY85-10,Hunter Henry: 10+ receptions,0.0000,0.0400,0.0000,0.00,0.00,active,2026-09-29T17:00:00Z,2026-09-26T14:52:17+00:00
KXNFLREC-26SEP27NEJAC,KXNFLREC,KXNFLREC-26SEP27NEJAC-JACJMEYERS3-6,Jakobi Meyers: 6+ receptions,0.1300,0.1800,0.1600,74.36,74.36,active,2026-09-29T17:00:00Z,2026-09-26T14:52:17+00:00
KXNFLREC-26SEP27NEJAC,KXNFLREC,KXNFLREC-26SEP27NEJAC-NEMHOLLINS13-3,Mack Hollins: 3+ receptions,0.5700,0.5900,0.5700,826.92,826.92,active,2026-09-29T17:00:00Z,2026-09-26T14:52:17+00:00
KXNFLREC-26SEP27NEJAC,KXNFLREC,KXNFLREC-26SEP27NEJAC-NEMHOLLINS13-4,Mack Hollins: 4+ receptions,0.3600,0.3800,0.3800,12.00,12.00,active,2026-09-29T17:00:00Z,2026-09-26T14:52:17+00:00
KXNFLREC-26SEP27NEJAC,KXNFLREC,KXNFLREC-26SEP27NEJAC-NEHHENRY85-9,Hunter Henry: 9+ receptions,0.0100,0.0600,0.0000,0.00,0.00,active,2026-09-29T17:00:00Z,2026-09-26T14:52:17+00:00
KXNFLREC-26SEP27NEJAC,KXNFLREC,KXNFLREC-26SEP27NEJAC-JACPWASHINGTON11-11,Parker Washington: 11+ receptions,0.0000,0.0500,0.0500,18.75,18.75,active,2026-09-29T17:00:00Z,2026-09-26T14:52:17+00:00
KXNFLREC-26SEP27NEJAC,KXNFLREC,KXNFLREC-26SEP27NEJAC-NEDDOUGLAS3-7,DeMario Douglas: 7+ receptions,0.0200,0.0700,0.0000,0.00,0.00,active,2026-09-29T17:00:00Z,2026-09-26T14:52:17+00:00
KXNFLREC-26SEP27NEJAC,KXNFLREC,KXNFLREC-26SEP27NEJAC-JACJMEYERS3-8,Jakobi Meyers: 8+ receptions,0.0000,0.0600,0.0000,0.00,0.00,active,2026-09-29T17:00:00Z,2026-09-26T14:52:17+00:00
KXNFLREC-26SEP27NEJAC,KXNFLREC,KXNFLREC-26SEP27NEJAC-NERDOUBS87-3,Romeo Doubs: 3+ receptions,0.6200,0.6600,0.0000,0.00,0.00,active,2026-09-29T17:00:00Z,2026-09-26T14:52:17+00:00
KXNFLREC-26SEP27NEJAC,KXNFLREC,KXNFLREC-26SEP27NEJAC-JACBTHOMAS7-2,Brian Thomas Jr.: 2+ receptions,0.7800,0.8200,0.0000,0.00,0.00,active,2026-09-29T17:00:00Z,2026-09-26T14:52:17+00:00
KXNFLREC-26SEP27NEJAC,KXNFLREC,KXNFLREC-26SEP27NEJAC-NETHENDERSON32-3,TreVeyon Henderson: 3+ receptions,0.2100,0.2500,0.0000,0.00,0.00,active,2026-09-29T17:00:00Z,2026-09-26T14:52:17+00:00
KXNFLREC-26SEP27NEJAC,KXNFLREC,KXNFLREC-26SEP27NEJAC-NEDDOUGLAS3-6,DeMario Douglas: 6+ receptions,0.0800,0.1300,0.0000,0.00,0.00,active,2026-09-29T17:00:00Z,2026-09-26T14:52:17+00:00
KXNFLREC-26SEP27NEJAC,KXNFLREC,KXNFLREC-26SEP27NEJAC-NERDOUBS87-2,Romeo Doubs: 2+ receptions,0.8100,0.8400,0.8000,1.00,1.00,active,2026-09-29T17:00:00Z,2026-09-26T14:52:17+00:00
KXNFLREC-26SEP27NEJAC,KXNFLREC,KXNFLREC-26SEP27NEJAC-NERSTEVENSON38-2,Rhamondre Stevenson: 2+ receptions,0.6800,0.7100,0.6800,1.00,1.00,active,2026-09-29T17:00:00Z,2026-09-26T14:52:17+00:00
KXNFLREC-26SEP27NEJAC,KXNFLREC,KXNFLREC-26SEP27NEJAC-NERSTEVENSON38-4,Rhamondre Stevenson: 4+ receptions,0.2200,0.2700,0.0000,0.00,0.00,active,2026-09-29T17:00:00Z,2026-09-26T14:52:17+00:00
KXNFLREC-26SEP27NEJAC,KXNFLREC,KXNFLREC-26SEP27NEJAC-NEHHENRY85-5,Hunter Henry: 5+ receptions,0.3800,0.4000,0.3600,3.81,3.81,active,2026-09-29T17:00:00Z,2026-09-26T14:52:17+00:00
KXNFLREC-26SEP27NEJAC,KXNFLREC,KXNFLREC-26SEP27NEJAC-NETHENDERSON32-5,TreVeyon Henderson: 5+ receptions,0.0100,0.0600,0.0000,0.00,0.00,active,2026-09-29T17:00:00Z,2026-09-26T14:52:17+00:00
KXNFLREC-26SEP27NEJAC,KXNFLREC,KXNFLREC-26SEP27NEJAC-NERDOUBS87-5,Romeo Doubs: 5+ receptions,0.2300,0.2600,0.0000,0.00,0.00,active,2026-09-29T17:00:00Z,2026-09-26T14:52:17+00:00
KXNFLREC-26SEP27NYJDET,KXNFLREC,KXNFLREC-26SEP27NYJDET-NYJKSADIQ16-5,Kenyon Sadiq: 5+ receptions,0.1800,0.2200,0.2200,26.93,26.93,active,2026-09-29T17:00:00Z,2026-09-26T14:52:17+00:00
KXNFLREC-26SEP27NYJDET,KXNFLREC,KXNFLREC-26SEP27NYJDET-NYJBHALL20-8,Breece Hall: 8+ receptions,0.0200,0.0500,0.0000,0.00,0.00,active,2026-09-29T17:00:00Z,2026-09-26T14:52:17+00:00
KXNFLREC-26SEP27NYJDET,KXNFLREC,KXNFLREC-26SEP27NYJDET-DETJGIBBS0-5,Jahmyr Gibbs: 5+ receptions,0.4400,0.4500,0.4500,955.07,955.07,active,2026-09-29T17:00:00Z,2026-09-26T14:52:17+00:00
KXNFLREC-26SEP27NYJDET,KXNFLREC,KXNFLREC-26SEP27NYJDET-DETJGIBBS0-8,Jahmyr Gibbs: 8+ receptions,0.0800,0.1200,0.0000,0.00,0.00,active,2026-09-29T17:00:00Z,2026-09-26T14:52:17+00:00
KXNFLREC-26SEP27NYJDET,KXNFLREC,KXNFLREC-26SEP27NYJDET-DETJGIBBS0-3,Jahmyr Gibbs: 3+ receptions,0.7800,0.8100,0.7500,1.00,1.00,active,2026-09-29T17:00:00Z,2026-09-26T14:52:17+00:00
KXNFLREC-26SEP27NYJDET,KXNFLREC,KXNFLREC-26SEP27NYJDET-DETJGIBBS0-6,Jahmyr Gibbs: 6+ receptions,0.2800,0.3200,0.2800,0.08,0.08,active,2026-09-29T17:00:00Z,2026-09-26T14:52:17+00:00
KXNFLREC-26SEP27NYJDET,KXNFLREC,KXNFLREC-26SEP27NYJDET-DETASTBROWN14-13,Amon-Ra St. Brown: 13+ receptions,0.0100,0.0600,0.0000,0.00,0.00,active,2026-09-29T17:00:00Z,2026-09-26T14:52:17+00:00
KXNFLREC-26SEP27NYJDET,KXNFLREC,KXNFLREC-26SEP27NYJDET-DETASTBROWN14-11,Amon-Ra St. Brown: 11+ receptions,0.0800,0.1300,0.0000,0.00,0.00,active,2026-09-29T17:00:00Z,2026-09-26T14:52:17+00:00
KXNFLREC-26SEP27NYJDET,KXNFLREC,KXNFLREC-26SEP27NYJDET-NYJBHALL20-7,Breece Hall: 7+ receptions,0.0200,0.0900,0.0000,0.00,0.00,active,2026-09-29T17:00:00Z,2026-09-26T14:52:17+00:00
KXNFLREC-26SEP27NYJDET,KXNFLREC,KXNFLREC-26SEP27NYJDET-DETITESLAA18-4,Isaac TeSlaa: 4+ receptions,0.0000,0.0900,0.0000,0.00,0.00,active,2026-09-29T17:00:00Z,2026-09-26T14:52:17+00:00
KXNFLREC-26SEP27NYJDET,KXNFLREC,KXNFLREC-26SEP27NYJDET-DETJGIBBS0-9,Jahmyr Gibbs: 9+ receptions,0.0100,0.0700,0.0000,0.00,0.00,active,2026-09-29T17:00:00Z,2026-09-26T14:52:17+00:00
KXNFLREC-26SEP27NYJDET,KXNFLREC,KXNFLREC-26SEP27NYJDET-DETASTBROWN14-6,Amon-Ra St. Brown: 6+ receptions,0.6700,0.7000,0.0000,0.00,0.00,active,2026-09-29T17:00:00Z,2026-09-26T14:52:17+00:00
KXNFLREC-26SEP27NYJDET,KXNFLREC,KXNFLREC-26SEP27NYJDET-DETITESLAA18-3,Isaac TeSlaa: 3+ receptions,0.1400,0.1900,0.0000,0.00,0.00,active,2026-09-29T17:00:00Z,2026-09-26T14:52:17+00:00
KXNFLREC-26SEP27NYJDET,KXNFLREC,KXNFLREC-26SEP27NYJDET-NYJAMITCHELL15-5,Adonai Mitchell: 5+ receptions,0.2800,0.3200,0.2800,0.08,0.08,active,2026-09-29T17:00:00Z,2026-09-26T14:52:17+00:00
KXNFLREC-26SEP27NYJDET,KXNFLREC,KXNFLREC-26SEP27NYJDET-DETJWILLIAMS1-3,Jameson Williams: 3+ receptions,0.7300,0.7500,0.0000,0.00,0.00,active,2026-09-29T17:00:00Z,2026-09-26T14:52:17+00:00
KXNFLREC-26SEP27NYJDET,KXNFLREC,KXNFLREC-26SEP27NYJDET-DETASTBROWN14-12,Amon-Ra St. Brown: 12+ receptions,0.0100,0.0900,0.0000,0.00,0.00,active,2026-09-29T17:00:00Z,2026-09-26T14:52:17+00:00
KXNFLREC-26SEP27NYJDET,KXNFLREC,KXNFLREC-26SEP27NYJDET-NYJIWILLIAMS18-5,Isaiah Williams: 5+ receptions,0.1400,0.1700,0.1700,555.93,555.93,active,2026-09-29T17:00:00Z,2026-09-26T14:52:17+00:00
KXNFLREC-26SEP27NYJDET,KXNFLREC,KXNFLREC-26SEP27NYJDET-DETSLAPORTA87-8,Sam LaPorta: 8+ receptions,0.0800,0.1400,0.0000,0.00,0.00,active,2026-09-29T17:00:00Z,2026-09-26T14:52:17+00:00
KXNFLREC-26SEP27NYJDET,KXNFLREC,KXNFLREC-26SEP27NYJDET-DETASTBROWN14-4,Amon-Ra St. Brown: 4+ receptions,0.8700,0.9200,0.9200,10.63,10.63,active,2026-09-29T17:00:00Z,2026-09-26T14:52:17+00:00
KXNFLREC-26SEP27NYJDET,KXNFLREC,KXNFLREC-26SEP27NYJDET-NYJAMITCHELL15-4,Adonai Mitchell: 4+ receptions,0.5000,0.5100,0.5000,1985.26,1767.00,active,2026-09-29T17:00:00Z,2026-09-26T14:52:17+00:00
KXNFLREC-26SEP27NYJDET,KXNFLREC,KXNFLREC-26SEP27NYJDET-NYJAMITCHELL15-6,Adonai Mitchell: 6+ receptions,0.1500,0.1900,0.0000,0.00,0.00,active,2026-09-29T17:00:00Z,2026-09-26T14:52:17+00:00
KXNFLREC-26SEP27NYJDET,KXNFLREC,KXNFLREC-26SEP27NYJDET-DETITESLAA18-2,Isaac TeSlaa: 2+ receptions,0.3900,0.4200,0.3900,92.38,92.32,active,2026-09-29T17:00:00Z,2026-09-26T14:52:17+00:00
KXNFLREC-26SEP27NYJDET,KXNFLREC,KXNFLREC-26SEP27NYJDET-DETSLAPORTA87-4,Sam LaPorta: 4+ receptions,0.6700,0.6800,0.0000,0.00,0.00,active,2026-09-29T17:00:00Z,2026-09-26T14:52:17+00:00
KXNFLREC-26SEP27NYJDET,KXNFLREC,KXNFLREC-26SEP27NYJDET-NYJKSADIQ16-3,Kenyon Sadiq: 3+ receptions,0.5900,0.6000,0.5700,4260.01,3909.01,active,2026-09-29T17:00:00Z,2026-09-26T14:52:17+00:00
KXNFLREC-26SEP27NYJDET,KXNFLREC,KXNFLREC-26SEP27NYJDET-NYJIWILLIAMS18-7,Isaiah Williams: 7+ receptions,0.0000,0.0600,0.0600,500.09,500.09,active,2026-09-29T17:00:00Z,2026-09-26T14:52:17+00:00
KXNFLREC-26SEP27NYJDET,KXNFLREC,KXNFLREC-26SEP27NYJDET-NYJAMITCHELL15-8,Adonai Mitchell: 8+ receptions,0.0200,0.0700,0.0000,0.00,0.00,active,2026-09-29T17:00:00Z,2026-09-26T14:52:17+00:00
KXNFLREC-26SEP27NYJDET,KXNFLREC,KXNFLREC-26SEP27NYJDET-DETASTBROWN14-10,Amon-Ra St. Brown: 10+ receptions,0.1600,0.2000,0.2000,38.65,38.65,active,2026-09-29T17:00:00Z,2026-09-26T14:52:17+00:00
KXNFLREC-26SEP27NYJDET,KXNFLREC,KXNFLREC-26SEP27NYJDET-NYJIWILLIAMS18-2,Isaiah Williams: 2+ receptions,0.7000,0.7500,0.7000,5.13,5.13,active,2026-09-29T17:00:00Z,2026-09-26T14:52:17+00:00
KXNFLREC-26SEP27NYJDET,KXNFLREC,KXNFLREC-26SEP27NYJDET-NYJGWILSON5-4,Garrett Wilson: 4+ receptions,0.8000,0.8200,0.8200,6.00,6.00,active,2026-09-29T17:00:00Z,2026-09-26T14:52:17+00:00
KXNFLREC-26SEP27NYJDET,KXNFLREC,KXNFLREC-26SEP27NYJDET-DETSLAPORTA87-9,Sam LaPorta: 9+ receptions,0.0300,0.0800,0.0000,0.00,0.00,active,2026-09-29T17:00:00Z,2026-09-26T14:52:17+00:00
KXNFLREC-26SEP27NYJDET,KXNFLREC,KXNFLREC-26SEP27NYJDET-NYJAMITCHELL15-7,Adonai Mitchell: 7+ receptions,0.0200,0.1100,0.0000,0.00,0.00,active,2026-09-29T17:00:00Z,2026-09-26T14:52:17+00:00
KXNFLREC-26SEP27NYJDET,KXNFLREC,KXNFLREC-26SEP27NYJDET-NYJAMITCHELL15-9,Adonai Mitchell: 9+ receptions,0.0100,0.0600,0.0000,0.00,0.00,active,2026-09-29T17:00:00Z,2026-09-26T14:52:17+00:00
KXNFLREC-26SEP27NYJDET,KXNFLREC,KXNFLREC-26SEP27NYJDET-DETJWILLIAMS1-6,Jameson Williams: 6+ receptions,0.1900,0.2300,0.0000,0.00,0.00,active,2026-09-29T17:00:00Z,2026-09-26T14:52:17+00:00
KXNFLREC-26SEP27NYJDET,KXNFLREC,KXNFLREC-26SEP27NYJDET-NYJBHALL20-6,Breece Hall: 6+ receptions,0.1100,0.1600,0.1000,6.00,6.00,active,2026-09-29T17:00:00Z,2026-09-26T14:52:17+00:00
KXNFLREC-26SEP27NYJDET,KXNFLREC,KXNFLREC-26SEP27NYJDET-NYJIWILLIAMS18-4,Isaiah Williams: 4+ receptions,0.3000,0.3200,0.3000,1619.99,1619.92,active,2026-09-29T17:00:00Z,2026-09-26T14:52:17+00:00
KXNFLREC-26SEP27NYJDET,KXNFLREC,KXNFLREC-26SEP27NYJDET-DETSLAPORTA87-6,Sam LaPorta: 6+ receptions,0.3100,0.3400,0.3100,0.07,0.07,active,2026-09-29T17:00:00Z,2026-09-26T14:52:17+00:00
KXNFLREC-26SEP27NYJDET,KXNFLREC,KXNFLREC-26SEP27NYJDET-NYJGWILSON5-7,Garrett Wilson: 7+ receptions,0.3600,0.3900,0.3600,260.67,260.53,active,2026-09-29T17:00:00Z,2026-09-26T14:52:17+00:00
KXNFLREC-26SEP27NYJDET,KXNFLREC,KXNFLREC-26SEP27NYJDET-DETASTBROWN14-7,Amon-Ra St. Brown: 7+ receptions,0.5400,0.5600,0.5500,396.81,396.81,active,2026-09-29T17:00:00Z,2026-09-26T14:52:17+00:00
KXNFLREC-26SEP27NYJDET,KXNFLREC,KXNFLREC-26SEP27NYJDET-DETJGIBBS0-7,Jahmyr Gibbs: 7+ receptions,0.1600,0.2000,0.0000,0.00,0.00,active,2026-09-29T17:00:00Z,2026-09-26T14:52:17+00:00
KXNFLREC-26SEP27NYJDET,KXNFLREC,KXNFLREC-26SEP27NYJDET-DETJWILLIAMS1-7,Jameson Williams: 7+ receptions,0.0900,0.1300,0.0000,0.00,0.00,active,2026-09-29T17:00:00Z,2026-09-26T14:52:17+00:00
KXNFLREC-26SEP27NYJDET,KXNFLREC,KXNFLREC-26SEP27NYJDET-DETASTBROWN14-5,Amon-Ra St. Brown: 5+ receptions,0.7900,0.8200,0.0000,0.00,0.00,active,2026-09-29T17:00:00Z,2026-09-26T14:52:17+00:00
KXNFLREC-26SEP27NYJDET,KXNFLREC,KXNFLREC-26SEP27NYJDET-NYJGWILSON5-6,Garrett Wilson: 6+ receptions,0.5400,0.5500,0.5500,7858.16,7858.16,active,2026-09-29T17:00:00Z,2026-09-26T14:52:17+00:00
KXNFLREC-26SEP27NYJDET,KXNFLREC,KXNFLREC-26SEP27NYJDET-NYJKSADIQ16-4,Kenyon Sadiq: 4+ receptions,0.3300,0.3900,0.3400,34.61,34.55,active,2026-09-29T17:00:00Z,2026-09-26T14:52:17+00:00
KXNFLREC-26SEP27NYJDET,KXNFLREC,KXNFLREC-26SEP27NYJDET-NYJAMITCHELL15-2,Adonai Mitchell: 2+ receptions,0.8100,0.8700,0.0000,0.00,0.00,active,2026-09-29T17:00:00Z,2026-09-26T14:52:17+00:00
KXNFLREC-26SEP27NYJDET,KXNFLREC,KXNFLREC-26SEP27NYJDET-NYJKSADIQ16-2,Kenyon Sadiq: 2+ receptions,0.7800,0.8000,0.0000,0.00,0.00,active,2026-09-29T17:00:00Z,2026-09-26T14:52:17+00:00
KXNFLREC-26SEP27NYJDET,KXNFLREC,KXNFLREC-26SEP27NYJDET-NYJIWILLIAMS18-3,Isaiah Williams: 3+ receptions,0.5000,0.5200,0.5100,6940.09,6436.09,active,2026-09-29T17:00:00Z,2026-09-26T14:52:17+00:00
KXNFLREC-26SEP27NYJDET,KXNFLREC,KXNFLREC-26SEP27NYJDET-DETJWILLIAMS1-2,Jameson Williams: 2+ receptions,0.8600,0.9000,0.0000,0.00,0.00,active,2026-09-29T17:00:00Z,2026-09-26T14:52:17+00:00
KXNFLREC-26SEP27NYJDET,KXNFLREC,KXNFLREC-26SEP27NYJDET-NYJGWILSON5-3,Garrett Wilson: 3+ receptions,0.8900,0.9100,0.0000,0.00,0.00,active,2026-09-29T17:00:00Z,2026-09-26T14:52:17+00:00
KXNFLREC-26SEP27NYJDET,KXNFLREC,KXNFLREC-26SEP27NYJDET-NYJGWILSON5-5,Garrett Wilson: 5+ receptions,0.6600,0.7000,0.6900,27.81,27.81,active,2026-09-29T17:00:00Z,2026-09-26T14:52:17+00:00
KXNFLREC-26SEP27NYJDET,KXNFLREC,KXNFLREC-26SEP27NYJDET-NYJBHALL20-2,Breece Hall: 2+ receptions,0.7800,0.8200,0.8300,43.00,43.00,active,2026-09-29T17:00:00Z,2026-09-26T14:52:17+00:00
KXNFLREC-26SEP27NYJDET,KXNFLREC,KXNFLREC-26SEP27NYJDET-NYJBHALL20-3,Breece Hall: 3+ receptions,0.5900,0.6300,0.6400,163.53,163.53,active,2026-09-29T17:00:00Z,2026-09-26T14:52:17+00:00
KXNFLREC-26SEP27NYJDET,KXNFLREC,KXNFLREC-26SEP27NYJDET-NYJGWILSON5-8,Garrett Wilson: 8+ receptions,0.2300,0.2700,0.2700,243.86,243.86,active,2026-09-29T17:00:00Z,2026-09-26T14:52:17+00:00
KXNFLREC-26SEP27NYJDET,KXNFLREC,KXNFLREC-26SEP27NYJDET-DETITESLAA18-5,Isaac TeSlaa: 5+ receptions,0.0000,0.0400,0.0000,0.00,0.00,active,2026-09-29T17:00:00Z,2026-09-26T14:52:17+00:00
KXNFLREC-26SEP27NYJDET,KXNFLREC,KXNFLREC-26SEP27NYJDET-DETJWILLIAMS1-4,Jameson Williams: 4+ receptions,0.5300,0.5500,0.5300,461.67,461.67,active,2026-09-29T17:00:00Z,2026-09-26T14:52:17+00:00
KXNFLREC-26SEP27NYJDET,KXNFLREC,KXNFLREC-26SEP27NYJDET-DETJGIBBS0-10,Jahmyr Gibbs: 10+ receptions,0.0100,0.0400,0.0000,0.00,0.00,active,2026-09-29T17:00:00Z,2026-09-26T14:52:17+00:00
KXNFLREC-26SEP27NYJDET,KXNFLREC,KXNFLREC-26SEP27NYJDET-DETJWILLIAMS1-5,Jameson Williams: 5+ receptions,0.3500,0.3600,0.3500,28.84,28.84,active,2026-09-29T17:00:00Z,2026-09-26T14:52:17+00:00
KXNFLREC-26SEP27NYJDET,KXNFLREC,KXNFLREC-26SEP27NYJDET-NYJBHALL20-4,Breece Hall: 4+ receptions,0.4000,0.4100,0.4000,45.48,45.48,active,2026-09-29T17:00:00Z,2026-09-26T14:52:17+00:00
KXNFLREC-26SEP27NYJDET,KXNFLREC,KXNFLREC-26SEP27NYJDET-NYJBHALL20-5,Breece Hall: 5+ receptions,0.2200,0.2600,0.0000,0.00,0.00,active,2026-09-29T17:00:00Z,2026-09-26T14:52:17+00:00
KXNFLREC-26SEP27NYJDET,KXNFLREC,KXNFLREC-26SEP27NYJDET-DETSLAPORTA87-2,Sam LaPorta: 2+ receptions,0.9000,0.9300,0.0000,0.00,0.00,active,2026-09-29T17:00:00Z,2026-09-26T14:52:17+00:00
KXNFLREC-26SEP27NYJDET,KXNFLREC,KXNFLREC-26SEP27NYJDET-DETASTBROWN14-8,Amon-Ra St. Brown: 8+ receptions,0.3900,0.4100,0.3900,11.68,11.68,active,2026-09-29T17:00:00Z,2026-09-26T14:52:17+00:00
KXNFLREC-26SEP27NYJDET,KXNFLREC,KXNFLREC-26SEP27NYJDET-DETASTBROWN14-14,Amon-Ra St. Brown: 14+ receptions,0.0000,0.0400,0.0000,0.00,0.00,active,2026-09-29T17:00:00Z,2026-09-26T14:52:17+00:00
KXNFLREC-26SEP27NYJDET,KXNFLREC,KXNFLREC-26SEP27NYJDET-NYJKSADIQ16-8,Kenyon Sadiq: 8+ receptions,0.0000,0.0500,0.0000,0.00,0.00,active,2026-09-29T17:00:00Z,2026-09-26T14:52:17+00:00
KXNFLREC-26SEP27NYJDET,KXNFLREC,KXNFLREC-26SEP27NYJDET-NYJGWILSON5-11,Garrett Wilson: 11+ receptions,0.0200,0.0800,0.0000,0.00,0.00,active,2026-09-29T17:00:00Z,2026-09-26T14:52:17+00:00
KXNFLREC-26SEP27NYJDET,KXNFLREC,KXNFLREC-26SEP27NYJDET-NYJIWILLIAMS18-6,Isaiah Williams: 6+ receptions,0.0000,0.1000,0.0900,1684.90,1684.90,active,2026-09-29T17:00:00Z,2026-09-26T14:52:17+00:00
KXNFLREC-26SEP27NYJDET,KXNFLREC,KXNFLREC-26SEP27NYJDET-DETJWILLIAMS1-8,Jameson Williams: 8+ receptions,0.0400,0.0700,0.0000,0.00,0.00,active,2026-09-29T17:00:00Z,2026-09-26T14:52:17+00:00
KXNFLREC-26SEP27NYJDET,KXNFLREC,KXNFLREC-26SEP27NYJDET-NYJGWILSON5-12,Garrett Wilson: 12+ receptions,0.0000,0.0500,0.0000,0.00,0.00,active,2026-09-29T17:00:00Z,2026-09-26T14:52:17+00:00
KXNFLREC-26SEP27NYJDET,KXNFLREC,KXNFLREC-26SEP27NYJDET-NYJKSADIQ16-6,Kenyon Sadiq: 6+ receptions,0.0000,0.1300,0.0000,0.00,0.00,active,2026-09-29T17:00:00Z,2026-09-26T14:52:17+00:00
KXNFLREC-26SEP27NYJDET,KXNFLREC,KXNFLREC-26SEP27NYJDET-DETSLAPORTA87-5,Sam LaPorta: 5+ receptions,0.4700,0.4800,0.4800,861.10,856.12,active,2026-09-29T17:00:00Z,2026-09-26T14:52:17+00:00
KXNFLREC-26SEP27NYJDET,KXNFLREC,KXNFLREC-26SEP27NYJDET-DETSLAPORTA87-10,Sam LaPorta: 10+ receptions,0.0100,0.0500,0.0000,0.00,0.00,active,2026-09-29T17:00:00Z,2026-09-26T14:52:17+00:00
KXNFLREC-26SEP27NYJDET,KXNFLREC,KXNFLREC-26SEP27NYJDET-DETJWILLIAMS1-9,Jameson Williams: 9+ receptions,0.0200,0.0400,0.0000,0.00,0.00,active,2026-09-29T17:00:00Z,2026-09-26T14:52:17+00:00
KXNFLREC-26SEP27NYJDET,KXNFLREC,KXNFLREC-26SEP27NYJDET-DETASTBROWN14-9,Amon-Ra St. Brown: 9+ receptions,0.2600,0.2900,0.3000,31.21,31.21,active,2026-09-29T17:00:00Z,2026-09-26T14:52:17+00:00
KXNFLREC-26SEP27NYJDET,KXNFLREC,KXNFLREC-26SEP27NYJDET-DETSLAPORTA87-3,Sam LaPorta: 3+ receptions,0.8000,0.8400,0.0000,0.00,0.00,active,2026-09-29T17:00:00Z,2026-09-26T14:52:17+00:00
KXNFLREC-26SEP27NYJDET,KXNFLREC,KXNFLREC-26SEP27NYJDET-NYJKSADIQ16-7,Kenyon Sadiq: 7+ receptions,0.0000,0.0800,0.0000,0.00,0.00,active,2026-09-29T17:00:00Z,2026-09-26T14:52:17+00:00
KXNFLREC-26SEP27NYJDET,KXNFLREC,KXNFLREC-26SEP27NYJDET-NYJGWILSON5-9,Garrett Wilson: 9+ receptions,0.1300,0.1800,0.1700,59.25,59.25,active,2026-09-29T17:00:00Z,2026-09-26T14:52:17+00:00
KXNFLREC-26SEP27NYJDET,KXNFLREC,KXNFLREC-26SEP27NYJDET-DETSLAPORTA87-11,Sam LaPorta: 11+ receptions,0.0000,0.0400,0.0000,0.00,0.00,active,2026-09-29T17:00:00Z,2026-09-26T14:52:17+00:00
KXNFLREC-26SEP27NYJDET,KXNFLREC,KXNFLREC-26SEP27NYJDET-DETJGIBBS0-4,Jahmyr Gibbs: 4+ receptions,0.6200,0.6600,0.6600,53.90,53.90,active,2026-09-29T17:00:00Z,2026-09-26T14:52:17+00:00
KXNFLREC-26SEP27NYJDET,KXNFLREC,KXNFLREC-26SEP27NYJDET-NYJAMITCHELL15-3,Adonai Mitchell: 3+ receptions,0.6500,0.6800,0.7200,64.05,64.05,active,2026-09-29T17:00:00Z,2026-09-26T14:52:17+00:00
KXNFLREC-26SEP27NYJDET,KXNFLREC,KXNFLREC-26SEP27NYJDET-NYJGWILSON5-10,Garrett Wilson: 10+ receptions,0.0700,0.1200,0.1100,25.67,25.67,active,2026-09-29T17:00:00Z,2026-09-26T14:52:17+00:00
KXNFLREC-26SEP27NYJDET,KXNFLREC,KXNFLREC-26SEP27NYJDET-DETSLAPORTA87-7,Sam LaPorta: 7+ receptions,0.1700,0.2100,0.0000,0.00,0.00,active,2026-09-29T17:00:00Z,2026-09-26T14:52:17+00:00
KXNFLREC-26SEP27NYJDET,KXNFLREC,KXNFLREC-26SEP27NYJDET-DETJGIBBS0-2,Jahmyr Gibbs: 2+ receptions,0.8900,0.9400,0.9300,10.52,10.52,active,2026-09-29T17:00:00Z,2026-09-26T14:52:17+00:00
KXNFLREC-26SEP27SEAWAS,KXNFLREC,KXNFLREC-26SEP27SEAWAS-WASSDIGGS3-5,Stefon Diggs: 5+ receptions,0.3800,0.4000,0.3900,4.00,4.00,active,2026-09-29T17:00:00Z,2026-09-26T14:52:17+00:00
KXNFLREC-26SEP27SEAWAS,KXNFLREC,KXNFLREC-26SEP27SEAWAS-WASSDIGGS3-4,Stefon Diggs: 4+ receptions,0.5500,0.5600,0.5600,481.94,481.94,active,2026-09-29T17:00:00Z,2026-09-26T14:52:17+00:00
KXNFLREC-26SEP27SEAWAS,KXNFLREC,KXNFLREC-26SEP27SEAWAS-SEARSHAHEED22-4,Rashid Shaheed: 4+ receptions,0.2400,0.2800,0.2600,12.89,11.89,active,2026-09-29T17:00:00Z,2026-09-26T14:52:17+00:00
KXNFLREC-26SEP27SEAWAS,KXNFLREC,KXNFLREC-26SEP27SEAWAS-WASTMCLAURIN17-7,Terry McLaurin: 7+ receptions,0.0500,0.1000,0.0000,0.00,0.00,active,2026-09-29T17:00:00Z,2026-09-26T14:52:17+00:00
KXNFLREC-26SEP27SEAWAS,KXNFLREC,KXNFLREC-26SEP27SEAWAS-SEATHORTON15-3,Tory Horton: 3+ receptions,0.0000,0.1000,0.0000,0.00,0.00,active,2026-09-29T17:00:00Z,2026-09-26T14:52:17+00:00
KXNFLREC-26SEP27SEAWAS,KXNFLREC,KXNFLREC-26SEP27SEAWAS-WASAWILLIAMS14-6,Antonio Williams: 6+ receptions,0.0000,0.0400,0.0000,0.00,0.00,active,2026-09-29T17:00:00Z,2026-09-26T14:52:17+00:00
KXNFLREC-26SEP27SEAWAS,KXNFLREC,KXNFLREC-26SEP27SEAWAS-SEARSHAHEED22-5,Rashid Shaheed: 5+ receptions,0.1100,0.1300,0.1300,728.02,728.02,active,2026-09-29T17:00:00Z,2026-09-26T14:52:17+00:00
KXNFLREC-26SEP27SEAWAS,KXNFLREC,KXNFLREC-26SEP27SEAWAS-SEACKUPP10-7,Cooper Kupp: 7+ receptions,0.0100,0.0400,0.0000,0.00,0.00,active,2026-09-29T17:00:00Z,2026-09-26T14:52:17+00:00
KXNFLREC-26SEP27SEAWAS,KXNFLREC,KXNFLREC-26SEP27SEAWAS-SEATHORTON15-4,Tory Horton: 4+ receptions,0.0000,0.0400,0.0000,0.00,0.00,active,2026-09-29T17:00:00Z,2026-09-26T14:52:17+00:00
KXNFLREC-26SEP27SEAWAS,KXNFLREC,KXNFLREC-26SEP27SEAWAS-SEAEARROYO18-3,Elijah Arroyo: 3+ receptions,0.0000,0.0800,0.0000,0.00,0.00,active,2026-09-29T17:00:00Z,2026-09-26T14:52:17+00:00
KXNFLREC-26SEP27SEAWAS,KXNFLREC,KXNFLREC-26SEP27SEAWAS-WASSDIGGS3-9,Stefon Diggs: 9+ receptions,0.0100,0.0600,0.0000,0.00,0.00,active,2026-09-29T17:00:00Z,2026-09-26T14:52:17+00:00
KXNFLREC-26SEP27SEAWAS,KXNFLREC,KXNFLREC-26SEP27SEAWAS-SEAABARNER88-4,AJ Barner: 4+ receptions,0.2700,0.3000,0.0000,0.00,0.00,active,2026-09-29T17:00:00Z,2026-09-26T14:52:17+00:00
KXNFLREC-26SEP27SEAWAS,KXNFLREC,KXNFLREC-26SEP27SEAWAS-WASSDIGGS3-2,Stefon Diggs: 2+ receptions,0.8600,0.9100,0.0000,0.00,0.00,active,2026-09-29T17:00:00Z,2026-09-26T14:52:17+00:00
KXNFLREC-26SEP27SEAWAS,KXNFLREC,KXNFLREC-26SEP27SEAWAS-WASAWILLIAMS14-5,Antonio Williams: 5+ receptions,0.0000,0.0900,0.0000,0.00,0.00,active,2026-09-29T17:00:00Z,2026-09-26T14:52:17+00:00
KXNFLREC-26SEP27SEAWAS,KXNFLREC,KXNFLREC-26SEP27SEAWAS-WASTMCLAURIN17-8,Terry McLaurin: 8+ receptions,0.0100,0.0600,0.0000,0.00,0.00,active,2026-09-29T17:00:00Z,2026-09-26T14:52:17+00:00
KXNFLREC-26SEP27SEAWAS,KXNFLREC,KXNFLREC-26SEP27SEAWAS-WASSDIGGS3-8,Stefon Diggs: 8+ receptions,0.0500,0.0900,0.0000,0.00,0.00,active,2026-09-29T17:00:00Z,2026-09-26T14:52:17+00:00
KXNFLREC-26SEP27SEAWAS,KXNFLREC,KXNFLREC-26SEP27SEAWAS-SEAEARROYO18-1,Elijah Arroyo: 1+ receptions,0.5400,0.5800,0.0000,0.00,0.00,active,2026-09-29T17:00:00Z,2026-09-26T14:52:17+00:00
KXNFLREC-26SEP27SEAWAS,KXNFLREC,KXNFLREC-26SEP27SEAWAS-WASTMCLAURIN17-9,Terry McLaurin: 9+ receptions,0.0100,0.0400,0.0000,0.00,0.00,active,2026-09-29T17:00:00Z,2026-09-26T14:52:17+00:00
KXNFLREC-26SEP27SEAWAS,KXNFLREC,KXNFLREC-26SEP27SEAWAS-SEAJSMITHNJIGBA11-7,Jaxon Smith-Njigba: 7+ receptions,0.4900,0.5100,0.5100,2185.84,2185.84,active,2026-09-29T17:00:00Z,2026-09-26T14:52:17+00:00
KXNFLREC-26SEP27SEAWAS,KXNFLREC,KXNFLREC-26SEP27SEAWAS-SEACKUPP10-2,Cooper Kupp: 2+ receptions,0.6200,0.6400,0.6200,409.86,401.86,active,2026-09-29T17:00:00Z,2026-09-26T14:52:17+00:00
KXNFLREC-26SEP27SEAWAS,KXNFLREC,KXNFLREC-26SEP27SEAWAS-SEAJSMITHNJIGBA11-6,Jaxon Smith-Njigba: 6+ receptions,0.6400,0.6700,0.6600,325.12,325.12,active,2026-09-29T17:00:00Z,2026-09-26T14:52:17+00:00
KXNFLREC-26SEP27SEAWAS,KXNFLREC,KXNFLREC-26SEP27SEAWAS-SEARSHAHEED22-2,Rashid Shaheed: 2+ receptions,0.7000,0.7200,0.7100,11.00,11.00,active,2026-09-29T17:00:00Z,2026-09-26T14:52:17+00:00
KXNFLREC-26SEP27SEAWAS,KXNFLREC,KXNFLREC-26SEP27SEAWAS-WASTMCLAURIN17-6,Terry McLaurin: 6+ receptions,0.1300,0.1600,0.0000,0.00,0.00,active,2026-09-29T17:00:00Z,2026-09-26T14:52:17+00:00
KXNFLREC-26SEP27SEAWAS,KXNFLREC,KXNFLREC-26SEP27SEAWAS-SEAEARROYO18-4,Elijah Arroyo: 4+ receptions,0.0000,0.0400,0.0000,0.00,0.00,active,2026-09-29T17:00:00Z,2026-09-26T14:52:17+00:00
KXNFLREC-26SEP27SEAWAS,KXNFLREC,KXNFLREC-26SEP27SEAWAS-SEAABARNER88-2,AJ Barner: 2+ receptions,0.7300,0.7600,0.7000,35.03,35.03,active,2026-09-29T17:00:00Z,2026-09-26T14:52:17+00:00
KXNFLREC-26SEP27SEAWAS,KXNFLREC,KXNFLREC-26SEP27SEAWAS-SEARSHAHEED22-7,Rashid Shaheed: 7+ receptions,0.0000,0.0400,0.0000,0.00,0.00,active,2026-09-29T17:00:00Z,2026-09-26T14:52:17+00:00
KXNFLREC-26SEP27SEAWAS,KXNFLREC,KXNFLREC-26SEP27SEAWAS-WASSDIGGS3-7,Stefon Diggs: 7+ receptions,0.1100,0.1500,0.0000,0.00,0.00,active,2026-09-29T17:00:00Z,2026-09-26T14:52:17+00:00
KXNFLREC-26SEP27SEAWAS,KXNFLREC,KXNFLREC-26SEP27SEAWAS-SEAABARNER88-6,AJ Barner: 6+ receptions,0.0300,0.0900,0.0000,0.00,0.00,active,2026-09-29T17:00:00Z,2026-09-26T14:52:17+00:00
KXNFLREC-26SEP27SEAWAS,KXNFLREC,KXNFLREC-26SEP27SEAWAS-SEAJSMITHNJIGBA11-11,Jaxon Smith-Njigba: 11+ receptions,0.0600,0.1100,0.1100,42.78,42.78,active,2026-09-29T17:00:00Z,2026-09-26T14:52:17+00:00
KXNFLREC-26SEP27SEAWAS,KXNFLREC,KXNFLREC-26SEP27SEAWAS-WASAWILLIAMS14-3,Antonio Williams: 3+ receptions,0.2800,0.3300,0.0000,0.00,0.00,active,2026-09-29T17:00:00Z,2026-09-26T14:52:17+00:00
KXNFLREC-26SEP27SEAWAS,KXNFLREC,KXNFLREC-26SEP27SEAWAS-SEAJSMITHNJIGBA11-5,Jaxon Smith-Njigba: 5+ receptions,0.7700,0.7900,0.7900,8.86,8.86,active,2026-09-29T17:00:00Z,2026-09-26T14:52:17+00:00
KXNFLREC-26SEP27SEAWAS,KXNFLREC,KXNFLREC-26SEP27SEAWAS-SEARSHAHEED22-6,Rashid Shaheed: 6+ receptions,0.0400,0.0700,0.0000,0.00,0.00,active,2026-09-29T17:00:00Z,2026-09-26T14:52:17+00:00
KXNFLREC-26SEP27SEAWAS,KXNFLREC,KXNFLREC-26SEP27SEAWAS-SEACKUPP10-4,Cooper Kupp: 4+ receptions,0.2000,0.2200,0.2400,395.46,395.46,active,2026-09-29T17:00:00Z,2026-09-26T14:52:17+00:00
KXNFLREC-26SEP27SEAWAS,KXNFLREC,KXNFLREC-26SEP27SEAWAS-SEACKUPP10-5,Cooper Kupp: 5+ receptions,0.0200,0.1200,0.0700,4.00,4.00,active,2026-09-29T17:00:00Z,2026-09-26T14:52:17+00:00
KXNFLREC-26SEP27SEAWAS,KXNFLREC,KXNFLREC-26SEP27SEAWAS-SEAABARNER88-3,AJ Barner: 3+ receptions,0.4700,0.4800,0.4800,1966.96,1966.96,active,2026-09-29T17:00:00Z,2026-09-26T14:52:17+00:00
KXNFLREC-26SEP27SEAWAS,KXNFLREC,KXNFLREC-26SEP27SEAWAS-WASAWILLIAMS14-2,Antonio Williams: 2+ receptions,0.5600,0.5800,0.5800,2343.74,2343.74,active,2026-09-29T17:00:00Z,2026-09-26T14:52:17+00:00
KXNFLREC-26SEP27SEAWAS,KXNFLREC,KXNFLREC-26SEP27SEAWAS-SEATHORTON15-2,Tory Horton: 2+ receptions,0.2000,0.2500,0.2000,244.90,244.90,active,2026-09-29T17:00:00Z,2026-09-26T14:52:17+00:00
KXNFLREC-26SEP27SEAWAS,KXNFLREC,KXNFLREC-26SEP27SEAWAS-WASAWILLIAMS14-4,Antonio Williams: 4+ receptions,0.1200,0.1800,0.0000,0.00,0.00,active,2026-09-29T17:00:00Z,2026-09-26T14:52:17+00:00
KXNFLREC-26SEP27SEAWAS,KXNFLREC,KXNFLREC-26SEP27SEAWAS-WASTMCLAURIN17-3,Terry McLaurin: 3+ receptions,0.6500,0.6700,0.6200,2.00,2.00,active,2026-09-29T17:00:00Z,2026-09-26T14:52:17+00:00
KXNFLREC-26SEP27SEAWAS,KXNFLREC,KXNFLREC-26SEP27SEAWAS-SEAJSMITHNJIGBA11-4,Jaxon Smith-Njigba: 4+ receptions,0.8600,0.9000,0.9000,10.86,10.86,active,2026-09-29T17:00:00Z,2026-09-26T14:52:17+00:00
KXNFLREC-26SEP27SEAWAS,KXNFLREC,KXNFLREC-26SEP27SEAWAS-SEAABARNER88-5,AJ Barner: 5+ receptions,0.1300,0.1600,0.0000,0.00,0.00,active,2026-09-29T17:00:00Z,2026-09-26T14:52:17+00:00
KXNFLREC-26SEP27SEAWAS,KXNFLREC,KXNFLREC-26SEP27SEAWAS-WASSDIGGS3-6,Stefon Diggs: 6+ receptions,0.2100,0.2500,0.0000,0.00,0.00,active,2026-09-29T17:00:00Z,2026-09-26T14:52:17+00:00
KXNFLREC-26SEP27SEAWAS,KXNFLREC,KXNFLREC-26SEP27SEAWAS-SEACKUPP10-6,Cooper Kupp: 6+ receptions,0.0200,0.0600,0.0000,0.00,0.00,active,2026-09-29T17:00:00Z,2026-09-26T14:52:17+00:00
KXNFLREC-26SEP27SEAWAS,KXNFLREC,KXNFLREC-26SEP27SEAWAS-WASSDIGGS3-10,Stefon Diggs: 10+ receptions,0.0000,0.0400,0.0000,0.00,0.00,active,2026-09-29T17:00:00Z,2026-09-26T14:52:17+00:00
KXNFLREC-26SEP27SEAWAS,KXNFLREC,KXNFLREC-26SEP27SEAWAS-WASSDIGGS3-3,Stefon Diggs: 3+ receptions,0.7400,0.7600,0.6300,1.03,1.03,active,2026-09-29T17:00:00Z,2026-09-26T14:52:17+00:00
KXNFLREC-26SEP27SEAWAS,KXNFLREC,KXNFLREC-26SEP27SEAWAS-SEAEARROYO18-2,Elijah Arroyo: 2+ receptions,0.1700,0.2200,0.0000,0.00,0.00,active,2026-09-29T17:00:00Z,2026-09-26T14:52:17+00:00
KXNFLREC-26SEP27SEAWAS,KXNFLREC,KXNFLREC-26SEP27SEAWAS-SEACKUPP10-3,Cooper Kupp: 3+ receptions,0.3800,0.3900,0.3900,70.05,70.05,active,2026-09-29T17:00:00Z,2026-09-26T14:52:17+00:00
KXNFLREC-26SEP27SEAWAS,KXNFLREC,KXNFLREC-26SEP27SEAWAS-SEAABARNER88-8,AJ Barner: 8+ receptions,0.0100,0.0400,0.0000,0.00,0.00,active,2026-09-29T17:00:00Z,2026-09-26T14:52:17+00:00
KXNFLREC-26SEP27SEAWAS,KXNFLREC,KXNFLREC-26SEP27SEAWAS-SEAJSMITHNJIGBA11-8,Jaxon Smith-Njigba: 8+ receptions,0.3400,0.3600,0.3600,391.38,391.38,active,2026-09-29T17:00:00Z,2026-09-26T14:52:17+00:00
KXNFLREC-26SEP27SEAWAS,KXNFLREC,KXNFLREC-26SEP27SEAWAS-WASTMCLAURIN17-4,Terry McLaurin: 4+ receptions,0.4400,0.4500,0.4500,34.53,34.53,active,2026-09-29T17:00:00Z,2026-09-26T14:52:17+00:00
KXNFLREC-26SEP27SEAWAS,KXNFLREC,KXNFLREC-26SEP27SEAWAS-SEAJSMITHNJIGBA11-12,Jaxon Smith-Njigba: 12+ receptions,0.0200,0.0700,0.0800,35.23,35.23,active,2026-09-29T17:00:00Z,2026-09-26T14:52:17+00:00
KXNFLREC-26SEP27SEAWAS,KXNFLREC,KXNFLREC-26SEP27SEAWAS-SEAJSMITHNJIGBA11-13,Jaxon Smith-Njigba: 13+ receptions,0.0000,0.0500,0.0500,37.50,37.50,active,2026-09-29T17:00:00Z,2026-09-26T14:52:17+00:00
KXNFLREC-26SEP27SEAWAS,KXNFLREC,KXNFLREC-26SEP27SEAWAS-SEAJSMITHNJIGBA11-9,Jaxon Smith-Njigba: 9+ receptions,0.2300,0.2500,0.2500,233.16,233.16,active,2026-09-29T17:00:00Z,2026-09-26T14:52:17+00:00
KXNFLREC-26SEP27SEAWAS,KXNFLREC,KXNFLREC-26SEP27SEAWAS-SEAABARNER88-7,AJ Barner: 7+ receptions,0.0100,0.0500,0.0000,0.00,0.00,active,2026-09-29T17:00:00Z,2026-09-26T14:52:17+00:00
KXNFLREC-26SEP27SEAWAS,KXNFLREC,KXNFLREC-26SEP27SEAWAS-SEAJSMITHNJIGBA11-10,Jaxon Smith-Njigba: 10+ receptions,0.1400,0.1700,0.1700,312.67,312.67,active,2026-09-29T17:00:00Z,2026-09-26T14:52:17+00:00
KXNFLREC-26SEP27SEAWAS,KXNFLREC,KXNFLREC-26SEP27SEAWAS-SEARSHAHEED22-3,Rashid Shaheed: 3+ receptions,0.4600,0.4800,0.4700,451.71,451.71,active,2026-09-29T17:00:00Z,2026-09-26T14:52:17+00:00
KXNFLREC-26SEP27SEAWAS,KXNFLREC,KXNFLREC-26SEP27SEAWAS-SEAJSMITHNJIGBA11-14,Jaxon Smith-Njigba: 14+ receptions,0.0000,0.0400,0.0000,0.00,0.00,active,2026-09-29T17:00:00Z,2026-09-26T14:52:17+00:00
KXNFLREC-26SEP27SEAWAS,KXNFLREC,KXNFLREC-26SEP27SEAWAS-WASTMCLAURIN17-2,Terry McLaurin: 2+ receptions,0.8100,0.8600,0.0000,0.00,0.00,active,2026-09-29T17:00:00Z,2026-09-26T14:52:17+00:00
KXNFLREC-26SEP27SEAWAS,KXNFLREC,KXNFLREC-26SEP27SEAWAS-WASTMCLAURIN17-5,Terry McLaurin: 5+ receptions,0.2600,0.2900,0.2300,1.00,1.00,active,2026-09-29T17:00:00Z,2026-09-26T14:52:17+00:00
KXNFLREC-26SEP27TENNYG,KXNFLREC,KXNFLREC-26SEP27TENNYG-NYGMFIELDS88-3,Malachi Fields: 3+ receptions,0.3700,0.3900,0.3700,1.32,1.32,active,2026-09-29T17:00:00Z,2026-09-26T14:52:17+00:00
KXNFLREC-26SEP27TENNYG,KXNFLREC,KXNFLREC-26SEP27TENNYG-NYGCSKATTEBO44-2,Cam Skattebo: 2+ receptions,0.6000,0.6100,0.6000,155.15,155.15,active,2026-09-29T17:00:00Z,2026-09-26T14:52:17+00:00
KXNFLREC-26SEP27TENNYG,KXNFLREC,KXNFLREC-26SEP27TENNYG-NYGILIKELY9-3,Isaiah Likely: 3+ receptions,0.7400,0.7500,0.7500,21.70,20.70,active,2026-09-29T17:00:00Z,2026-09-26T14:52:17+00:00
KXNFLREC-26SEP27TENNYG,KXNFLREC,KXNFLREC-26SEP27TENNYG-TENEAYOMANOR5-2,Elic Ayomanor: 2+ receptions,0.4200,0.4400,0.4200,0.05,0.05,active,2026-09-29T17:00:00Z,2026-09-26T14:52:17+00:00
KXNFLREC-26SEP27TENNYG,KXNFLREC,KXNFLREC-26SEP27TENNYG-NYGMNABERS1-9,Malik Nabers: 9+ receptions,0.0400,0.0700,0.0000,0.00,0.00,active,2026-09-29T17:00:00Z,2026-09-26T14:52:17+00:00
KXNFLREC-26SEP27TENNYG,KXNFLREC,KXNFLREC-26SEP27TENNYG-NYGMFIELDS88-4,Malachi Fields: 4+ receptions,0.1900,0.2000,0.0000,0.00,0.00,active,2026-09-29T17:00:00Z,2026-09-26T14:52:17+00:00
KXNFLREC-26SEP27TENNYG,KXNFLREC,KXNFLREC-26SEP27TENNYG-NYGMFIELDS88-5,Malachi Fields: 5+ receptions,0.0800,0.1000,0.0000,0.00,0.00,active,2026-09-29T17:00:00Z,2026-09-26T14:52:17+00:00
KXNFLREC-26SEP27TENNYG,KXNFLREC,KXNFLREC-26SEP27TENNYG-TENTPOLLARD20-4,Tony Pollard: 4+ receptions,0.0000,0.1000,0.0000,0.00,0.00,active,2026-09-29T17:00:00Z,2026-09-26T14:52:17+00:00
KXNFLREC-26SEP27TENNYG,KXNFLREC,KXNFLREC-26SEP27TENNYG-NYGILIKELY9-7,Isaiah Likely: 7+ receptions,0.1100,0.1500,0.1500,33.05,33.05,active,2026-09-29T17:00:00Z,2026-09-26T14:52:17+00:00
KXNFLREC-26SEP27TENNYG,KXNFLREC,KXNFLREC-26SEP27TENNYG-NYGILIKELY9-6,Isaiah Likely: 6+ receptions,0.2100,0.2400,0.2400,326.58,326.58,active,2026-09-29T17:00:00Z,2026-09-26T14:52:17+00:00
KXNFLREC-26SEP27TENNYG,KXNFLREC,KXNFLREC-26SEP27TENNYG-NYGMNABERS1-4,Malik Nabers: 4+ receptions,0.6500,0.6800,0.6700,29.00,29.00,active,2026-09-29T17:00:00Z,2026-09-26T14:52:17+00:00
KXNFLREC-26SEP27TENNYG,KXNFLREC,KXNFLREC-26SEP27TENNYG-NYGMFIELDS88-6,Malachi Fields: 6+ receptions,0.0200,0.0500,0.0000,0.00,0.00,active,2026-09-29T17:00:00Z,2026-09-26T14:52:17+00:00
KXNFLREC-26SEP27TENNYG,KXNFLREC,KXNFLREC-26SEP27TENNYG-NYGDMOONEY17-3,Darnell Mooney: 3+ receptions,0.2200,0.2400,0.0000,0.00,0.00,active,2026-09-29T17:00:00Z,2026-09-26T14:52:17+00:00
KXNFLREC-26SEP27TENNYG,KXNFLREC,KXNFLREC-26SEP27TENNYG-NYGILIKELY9-8,Isaiah Likely: 8+ receptions,0.0500,0.0800,0.0800,46.97,46.97,active,2026-09-29T17:00:00Z,2026-09-26T14:52:17+00:00
KXNFLREC-26SEP27TENNYG,KXNFLREC,KXNFLREC-26SEP27TENNYG-TENCRIDLEY0-5,Calvin Ridley: 5+ receptions,0.0100,0.0400,0.0000,0.00,0.00,active,2026-09-29T17:00:00Z,2026-09-26T14:52:17+00:00
KXNFLREC-26SEP27TENNYG,KXNFLREC,KXNFLREC-26SEP27TENNYG-TENTPOLLARD20-2,Tony Pollard: 2+ receptions,0.3800,0.3900,0.3900,24.05,24.05,active,2026-09-29T17:00:00Z,2026-09-26T14:52:17+00:00
KXNFLREC-26SEP27TENNYG,KXNFLREC,KXNFLREC-26SEP27TENNYG-NYGCSKATTEBO44-5,Cam Skattebo: 5+ receptions,0.0800,0.1100,0.1100,50.00,50.00,active,2026-09-29T17:00:00Z,2026-09-26T14:52:17+00:00
KXNFLREC-26SEP27TENNYG,KXNFLREC,KXNFLREC-26SEP27TENNYG-TENTPOLLARD20-5,Tony Pollard: 5+ receptions,0.0000,0.0600,0.0000,0.00,0.00,active,2026-09-29T17:00:00Z,2026-09-26T14:52:17+00:00
KXNFLREC-26SEP27TENNYG,KXNFLREC,KXNFLREC-26SEP27TENNYG-TENCTATE14-5,Carnell Tate: 5+ receptions,0.2600,0.2800,0.2900,2549.26,2549.26,active,2026-09-29T17:00:00Z,2026-09-26T14:52:17+00:00
KXNFLREC-26SEP27TENNYG,KXNFLREC,KXNFLREC-26SEP27TENNYG-TENCRIDLEY0-4,Calvin Ridley: 4+ receptions,0.0600,0.0900,0.0900,3454.23,3454.23,active,2026-09-29T17:00:00Z,2026-09-26T14:52:17+00:00
KXNFLREC-26SEP27TENNYG,KXNFLREC,KXNFLREC-26SEP27TENNYG-TENGHELM84-3,Gunnar Helm: 3+ receptions,0.5000,0.5100,0.5000,201.02,201.02,active,2026-09-29T17:00:00Z,2026-09-26T14:52:17+00:00
KXNFLREC-26SEP27TENNYG,KXNFLREC,KXNFLREC-26SEP27TENNYG-NYGCSKATTEBO44-4,Cam Skattebo: 4+ receptions,0.1700,0.2000,0.2100,51.42,51.42,active,2026-09-29T17:00:00Z,2026-09-26T14:52:17+00:00
KXNFLREC-26SEP27TENNYG,KXNFLREC,KXNFLREC-26SEP27TENNYG-TENWROBINSON4-7,Wan'Dale Robinson: 7+ receptions,0.0700,0.1000,0.0000,0.00,0.00,active,2026-09-29T17:00:00Z,2026-09-26T14:52:17+00:00
KXNFLREC-26SEP27TENNYG,KXNFLREC,KXNFLREC-26SEP27TENNYG-NYGILIKELY9-5,Isaiah Likely: 5+ receptions,0.3700,0.3900,0.3900,3541.49,3541.49,active,2026-09-29T17:00:00Z,2026-09-26T14:52:17+00:00
KXNFLREC-26SEP27TENNYG,KXNFLREC,KXNFLREC-26SEP27TENNYG-TENCTATE14-6,Carnell Tate: 6+ receptions,0.1400,0.1700,0.1700,3055.58,3055.58,active,2026-09-29T17:00:00Z,2026-09-26T14:52:17+00:00
KXNFLREC-26SEP27TENNYG,KXNFLREC,KXNFLREC-26SEP27TENNYG-NYGMFIELDS88-2,Malachi Fields: 2+ receptions,0.6100,0.6200,0.0000,0.00,0.00,active,2026-09-29T17:00:00Z,2026-09-26T14:52:17+00:00
KXNFLREC-26SEP27TENNYG,KXNFLREC,KXNFLREC-26SEP27TENNYG-NYGMNABERS1-10,Malik Nabers: 10+ receptions,0.0100,0.0500,0.0000,0.00,0.00,active,2026-09-29T17:00:00Z,2026-09-26T14:52:17+00:00
KXNFLREC-26SEP27TENNYG,KXNFLREC,KXNFLREC-26SEP27TENNYG-NYGMNABERS1-8,Malik Nabers: 8+ receptions,0.0900,0.1200,0.1300,34.00,34.00,active,2026-09-29T17:00:00Z,2026-09-26T14:52:17+00:00
KXNFLREC-26SEP27TENNYG,KXNFLREC,KXNFLREC-26SEP27TENNYG-TENEAYOMANOR5-5,Elic Ayomanor: 5+ receptions,0.0100,0.0400,0.0000,0.00,0.00,active,2026-09-29T17:00:00Z,2026-09-26T14:52:17+00:00
KXNFLREC-26SEP27TENNYG,KXNFLREC,KXNFLREC-26SEP27TENNYG-TENEAYOMANOR5-4,Elic Ayomanor: 4+ receptions,0.0400,0.0900,0.0000,0.00,0.00,active,2026-09-29T17:00:00Z,2026-09-26T14:52:17+00:00
KXNFLREC-26SEP27TENNYG,KXNFLREC,KXNFLREC-26SEP27TENNYG-TENWROBINSON4-8,Wan'Dale Robinson: 8+ receptions,0.0100,0.0500,0.0000,0.00,0.00,active,2026-09-29T17:00:00Z,2026-09-26T14:52:17+00:00
KXNFLREC-26SEP27TENNYG,KXNFLREC,KXNFLREC-26SEP27TENNYG-TENTPOLLARD20-3,Tony Pollard: 3+ receptions,0.1400,0.1900,0.1500,0.01,0.01,active,2026-09-29T17:00:00Z,2026-09-26T14:52:17+00:00
KXNFLREC-26SEP27TENNYG,KXNFLREC,KXNFLREC-26SEP27TENNYG-TENCTATE14-2,Carnell Tate: 2+ receptions,0.8100,0.8400,0.0000,0.00,0.00,active,2026-09-29T17:00:00Z,2026-09-26T14:52:17+00:00
KXNFLREC-26SEP27TENNYG,KXNFLREC,KXNFLREC-26SEP27TENNYG-TENCRIDLEY0-3,Calvin Ridley: 3+ receptions,0.1800,0.2100,0.2100,2522.56,2522.56,active,2026-09-29T17:00:00Z,2026-09-26T14:52:17+00:00
KXNFLREC-26SEP27TENNYG,KXNFLREC,KXNFLREC-26SEP27TENNYG-NYGMNABERS1-2,Malik Nabers: 2+ receptions,0.9000,0.9400,0.0000,0.00,0.00,active,2026-09-29T17:00:00Z,2026-09-26T14:52:17+00:00
KXNFLREC-26SEP27TENNYG,KXNFLREC,KXNFLREC-26SEP27TENNYG-TENCTATE14-3,Carnell Tate: 3+ receptions,0.6400,0.6700,0.6800,35.95,35.95,active,2026-09-29T17:00:00Z,2026-09-26T14:52:17+00:00
KXNFLREC-26SEP27TENNYG,KXNFLREC,KXNFLREC-26SEP27TENNYG-TENWROBINSON4-6,Wan'Dale Robinson: 6+ receptions,0.1400,0.1700,0.1700,17.00,17.00,active,2026-09-29T17:00:00Z,2026-09-26T14:52:17+00:00
KXNFLREC-26SEP27TENNYG,KXNFLREC,KXNFLREC-26SEP27TENNYG-TENWROBINSON4-5,Wan'Dale Robinson: 5+ receptions,0.2600,0.3100,0.0000,0.00,0.00,active,2026-09-29T17:00:00Z,2026-09-26T14:52:17+00:00
KXNFLREC-26SEP27TENNYG,KXNFLREC,KXNFLREC-26SEP27TENNYG-NYGILIKELY9-2,Isaiah Likely: 2+ receptions,0.8700,0.9000,0.0000,0.00,0.00,active,2026-09-29T17:00:00Z,2026-09-26T14:52:17+00:00
KXNFLREC-26SEP27TENNYG,KXNFLREC,KXNFLREC-26SEP27TENNYG-TENCTATE14-7,Carnell Tate: 7+ receptions,0.0600,0.0800,0.1000,5239.00,5239.00,active,2026-09-29T17:00:00Z,2026-09-26T14:52:17+00:00
KXNFLREC-26SEP27TENNYG,KXNFLREC,KXNFLREC-26SEP27TENNYG-TENGHELM84-5,Gunnar Helm: 5+ receptions,0.1300,0.1600,0.0000,0.00,0.00,active,2026-09-29T17:00:00Z,2026-09-26T14:52:17+00:00
KXNFLREC-26SEP27TENNYG,KXNFLREC,KXNFLREC-26SEP27TENNYG-NYGMNABERS1-5,Malik Nabers: 5+ receptions,0.4700,0.4900,0.4700,0.05,0.05,active,2026-09-29T17:00:00Z,2026-09-26T14:52:17+00:00
KXNFLREC-26SEP27TENNYG,KXNFLREC,KXNFLREC-26SEP27TENNYG-TENGHELM84-7,Gunnar Helm: 7+ receptions,0.0200,0.0500,0.0000,0.00,0.00,active,2026-09-29T17:00:00Z,2026-09-26T14:52:17+00:00
KXNFLREC-26SEP27TENNYG,KXNFLREC,KXNFLREC-26SEP27TENNYG-TENTPOLLARD20-6,Tony Pollard: 6+ receptions,0.0000,0.0400,0.0000,0.00,0.00,active,2026-09-29T17:00:00Z,2026-09-26T14:52:17+00:00
KXNFLREC-26SEP27TENNYG,KXNFLREC,KXNFLREC-26SEP27TENNYG-TENWROBINSON4-4,Wan'Dale Robinson: 4+ receptions,0.4600,0.4700,0.4600,41.42,41.42,active,2026-09-29T17:00:00Z,2026-09-26T14:52:17+00:00
KXNFLREC-26SEP27TENNYG,KXNFLREC,KXNFLREC-26SEP27TENNYG-TENCTATE14-4,Carnell Tate: 4+ receptions,0.4600,0.4700,0.4700,1248.03,1248.03,active,2026-09-29T17:00:00Z,2026-09-26T14:52:17+00:00
KXNFLREC-26SEP27TENNYG,KXNFLREC,KXNFLREC-26SEP27TENNYG-NYGCSKATTEBO44-6,Cam Skattebo: 6+ receptions,0.0100,0.0600,0.0000,0.00,0.00,active,2026-09-29T17:00:00Z,2026-09-26T14:52:17+00:00
KXNFLREC-26SEP27TENNYG,KXNFLREC,KXNFLREC-26SEP27TENNYG-TENCTATE14-8,Carnell Tate: 8+ receptions,0.0100,0.0500,0.0000,0.00,0.00,active,2026-09-29T17:00:00Z,2026-09-26T14:52:17+00:00
KXNFLREC-26SEP27TENNYG,KXNFLREC,KXNFLREC-26SEP27TENNYG-TENWROBINSON4-9,Wan'Dale Robinson: 9+ receptions,0.0100,0.0400,0.0000,0.00,0.00,active,2026-09-29T17:00:00Z,2026-09-26T14:52:17+00:00
KXNFLREC-26SEP27TENNYG,KXNFLREC,KXNFLREC-26SEP27TENNYG-TENWROBINSON4-3,Wan'Dale Robinson: 3+ receptions,0.6600,0.6900,0.0000,0.00,0.00,active,2026-09-29T17:00:00Z,2026-09-26T14:52:17+00:00
KXNFLREC-26SEP27TENNYG,KXNFLREC,KXNFLREC-26SEP27TENNYG-TENWROBINSON4-2,Wan'Dale Robinson: 2+ receptions,0.8300,0.8600,0.0000,0.00,0.00,active,2026-09-29T17:00:00Z,2026-09-26T14:52:17+00:00
KXNFLREC-26SEP27TENNYG,KXNFLREC,KXNFLREC-26SEP27TENNYG-TENGHELM84-4,Gunnar Helm: 4+ receptions,0.2700,0.3100,0.0000,0.00,0.00,active,2026-09-29T17:00:00Z,2026-09-26T14:52:17+00:00
KXNFLREC-26SEP27TENNYG,KXNFLREC,KXNFLREC-26SEP27TENNYG-NYGCSKATTEBO44-3,Cam Skattebo: 3+ receptions,0.3500,0.3700,0.3800,1279.10,1279.10,active,2026-09-29T17:00:00Z,2026-09-26T14:52:17+00:00
KXNFLREC-26SEP27TENNYG,KXNFLREC,KXNFLREC-26SEP27TENNYG-NYGMNABERS1-3,Malik Nabers: 3+ receptions,0.8000,0.8300,0.0000,0.00,0.00,active,2026-09-29T17:00:00Z,2026-09-26T14:52:17+00:00
KXNFLREC-26SEP27TENNYG,KXNFLREC,KXNFLREC-26SEP27TENNYG-NYGILIKELY9-9,Isaiah Likely: 9+ receptions,0.0100,0.0500,0.0000,0.00,0.00,active,2026-09-29T17:00:00Z,2026-09-26T14:52:17+00:00
KXNFLREC-26SEP27TENNYG,KXNFLREC,KXNFLREC-26SEP27TENNYG-NYGDMOONEY17-4,Darnell Mooney: 4+ receptions,0.1000,0.1100,0.1100,3724.00,3724.00,active,2026-09-29T17:00:00Z,2026-09-26T14:52:17+00:00
KXNFLREC-26SEP27TENNYG,KXNFLREC,KXNFLREC-26SEP27TENNYG-NYGDMOONEY17-2,Darnell Mooney: 2+ receptions,0.4700,0.4800,0.4800,2866.63,2866.63,active,2026-09-29T17:00:00Z,2026-09-26T14:52:17+00:00
KXNFLREC-26SEP27TENNYG,KXNFLREC,KXNFLREC-26SEP27TENNYG-NYGILIKELY9-4,Isaiah Likely: 4+ receptions,0.5700,0.5800,0.5800,1682.78,1682.78,active,2026-09-29T17:00:00Z,2026-09-26T14:52:17+00:00
KXNFLREC-26SEP27TENNYG,KXNFLREC,KXNFLREC-26SEP27TENNYG-TENEAYOMANOR5-3,Elic Ayomanor: 3+ receptions,0.1700,0.2000,0.0000,0.00,0.00,active,2026-09-29T17:00:00Z,2026-09-26T14:52:17+00:00
KXNFLREC-26SEP27TENNYG,KXNFLREC,KXNFLREC-26SEP27TENNYG-TENCRIDLEY0-2,Calvin Ridley: 2+ receptions,0.4200,0.4400,0.4200,1167.23,1167.23,active,2026-09-29T17:00:00Z,2026-09-26T14:52:17+00:00
KXNFLREC-26SEP27TENNYG,KXNFLREC,KXNFLREC-26SEP27TENNYG-NYGDMOONEY17-5,Darnell Mooney: 5+ receptions,0.0300,0.0500,0.0600,309.42,309.42,active,2026-09-29T17:00:00Z,2026-09-26T14:52:17+00:00
KXNFLREC-26SEP27TENNYG,KXNFLREC,KXNFLREC-26SEP27TENNYG-TENGHELM84-6,Gunnar Helm: 6+ receptions,0.0600,0.0900,0.0000,0.00,0.00,active,2026-09-29T17:00:00Z,2026-09-26T14:52:17+00:00
KXNFLREC-26SEP27TENNYG,KXNFLREC,KXNFLREC-26SEP27TENNYG-TENGHELM84-2,Gunnar Helm: 2+ receptions,0.7200,0.7500,0.7200,1.00,1.00,active,2026-09-29T17:00:00Z,2026-09-26T14:52:17+00:00
KXNFLREC-26SEP27TENNYG,KXNFLREC,KXNFLREC-26SEP27TENNYG-NYGMNABERS1-7,Malik Nabers: 7+ receptions,0.1700,0.2100,0.0000,0.00,0.00,active,2026-09-29T17:00:00Z,2026-09-26T14:52:17+00:00
KXNFLREC-26SEP27TENNYG,KXNFLREC,KXNFLREC-26SEP27TENNYG-NYGMNABERS1-6,Malik Nabers: 6+ receptions,0.3000,0.3300,0.0000,0.00,0.00,active,2026-09-29T17:00:00Z,2026-09-26T14:52:17+00:00
KXNFLREC-26SEP28PHICHI,KXNFLREC,KXNFLREC-26SEP28PHICHI-CHILBURDEN10-3,Luther Burden III: 3+ receptions,0.6300,0.6600,0.0000,0.00,0.00,active,2026-10-01T00:15:00Z,2026-09-26T14:52:17+00:00
KXNFLREC-26SEP28PHICHI,KXNFLREC,KXNFLREC-26SEP28PHICHI-CHIRODUNZE15-2,Rome Odunze: 2+ receptions,0.6900,0.7100,0.0000,0.00,0.00,active,2026-10-01T00:15:00Z,2026-09-26T14:52:17+00:00
KXNFLREC-26SEP28PHICHI,KXNFLREC,KXNFLREC-26SEP28PHICHI-CHIDSWIFT4-4,D'Andre Swift: 4+ receptions,0.1100,0.1600,0.0000,0.00,0.00,active,2026-10-01T00:15:00Z,2026-09-26T14:52:17+00:00
KXNFLREC-26SEP28PHICHI,KXNFLREC,KXNFLREC-26SEP28PHICHI-CHIKRAYMOND14-7,Kalif Raymond: 7+ receptions,0.0400,0.0800,0.0000,0.00,0.00,active,2026-10-01T00:15:00Z,2026-09-26T14:52:17+00:00
KXNFLREC-26SEP28PHICHI,KXNFLREC,KXNFLREC-26SEP28PHICHI-CHIDSWIFT4-5,D'Andre Swift: 5+ receptions,0.0400,0.0800,0.0000,0.00,0.00,active,2026-10-01T00:15:00Z,2026-09-26T14:52:17+00:00
KXNFLREC-26SEP28PHICHI,KXNFLREC,KXNFLREC-26SEP28PHICHI-CHILBURDEN10-7,Luther Burden III: 7+ receptions,0.0700,0.1000,0.0000,0.00,0.00,active,2026-10-01T00:15:00Z,2026-09-26T14:52:17+00:00
KXNFLREC-26SEP28PHICHI,KXNFLREC,KXNFLREC-26SEP28PHICHI-CHIKRAYMOND14-4,Kalif Raymond: 4+ receptions,0.3700,0.4100,0.0000,0.00,0.00,active,2026-10-01T00:15:00Z,2026-09-26T14:52:17+00:00
KXNFLREC-26SEP28PHICHI,KXNFLREC,KXNFLREC-26SEP28PHICHI-PHIDWICKS13-8,Dontayvion Wicks: 8+ receptions,0.0000,0.0600,0.0000,0.00,0.00,active,2026-10-01T00:15:00Z,2026-09-26T14:52:17+00:00
KXNFLREC-26SEP28PHICHI,KXNFLREC,KXNFLREC-26SEP28PHICHI-CHICLOVELAND84-2,Colston Loveland: 2+ receptions,0.7600,0.8100,0.0000,0.00,0.00,active,2026-10-01T00:15:00Z,2026-09-26T14:52:17+00:00
KXNFLREC-26SEP28PHICHI,KXNFLREC,KXNFLREC-26SEP28PHICHI-PHIMLEMON9-6,Makai Lemon: 6+ receptions,0.0000,0.1100,0.0000,0.00,0.00,active,2026-10-01T00:15:00Z,2026-09-26T14:52:17+00:00
KXNFLREC-26SEP28PHICHI,KXNFLREC,KXNFLREC-26SEP28PHICHI-PHIDWICKS13-4,Dontayvion Wicks: 4+ receptions,0.3800,0.4200,0.0000,0.00,0.00,active,2026-10-01T00:15:00Z,2026-09-26T14:52:17+00:00
KXNFLREC-26SEP28PHICHI,KXNFLREC,KXNFLREC-26SEP28PHICHI-CHILBURDEN10-4,Luther Burden III: 4+ receptions,0.4500,0.4700,0.0000,0.00,0.00,active,2026-10-01T00:15:00Z,2026-09-26T14:52:17+00:00
KXNFLREC-26SEP28PHICHI,KXNFLREC,KXNFLREC-26SEP28PHICHI-PHISBARKLEY26-4,Saquon Barkley: 4+ receptions,0.1900,0.2500,0.0000,0.00,0.00,active,2026-10-01T00:15:00Z,2026-09-26T14:52:17+00:00
KXNFLREC-26SEP28PHICHI,KXNFLREC,KXNFLREC-26SEP28PHICHI-PHIMLEMON9-7,Makai Lemon: 7+ receptions,0.0000,0.0700,0.0000,0.00,0.00,active,2026-10-01T00:15:00Z,2026-09-26T14:52:17+00:00
KXNFLREC-26SEP28PHICHI,KXNFLREC,KXNFLREC-26SEP28PHICHI-CHILBURDEN10-8,Luther Burden III: 8+ receptions,0.0000,0.0600,0.0000,0.00,0.00,active,2026-10-01T00:15:00Z,2026-09-26T14:52:17+00:00
KXNFLREC-26SEP28PHICHI,KXNFLREC,KXNFLREC-26SEP28PHICHI-CHIKRAYMOND14-5,Kalif Raymond: 5+ receptions,0.2000,0.2500,0.0000,0.00,0.00,active,2026-10-01T00:15:00Z,2026-09-26T14:52:17+00:00
KXNFLREC-26SEP28PHICHI,KXNFLREC,KXNFLREC-26SEP28PHICHI-PHIDWICKS13-7,Dontayvion Wicks: 7+ receptions,0.0000,0.1000,0.0000,0.00,0.00,active,2026-10-01T00:15:00Z,2026-09-26T14:52:17+00:00
KXNFLREC-26SEP28PHICHI,KXNFLREC,KXNFLREC-26SEP28PHICHI-PHISBARKLEY26-2,Saquon Barkley: 2+ receptions,0.6600,0.6800,0.0000,0.00,0.00,active,2026-10-01T00:15:00Z,2026-09-26T14:52:17+00:00
KXNFLREC-26SEP28PHICHI,KXNFLREC,KXNFLREC-26SEP28PHICHI-CHIRODUNZE15-6,Rome Odunze: 6+ receptions,0.0400,0.0800,0.0000,0.00,0.00,active,2026-10-01T00:15:00Z,2026-09-26T14:52:17+00:00
KXNFLREC-26SEP28PHICHI,KXNFLREC,KXNFLREC-26SEP28PHICHI-CHILBURDEN10-6,Luther Burden III: 6+ receptions,0.1300,0.1800,0.0000,0.00,0.00,active,2026-10-01T00:15:00Z,2026-09-26T14:52:17+00:00
KXNFLREC-26SEP28PHICHI,KXNFLREC,KXNFLREC-26SEP28PHICHI-PHIDWICKS13-3,Dontayvion Wicks: 3+ receptions,0.5700,0.6200,0.0000,0.00,0.00,active,2026-10-01T00:15:00Z,2026-09-26T14:52:17+00:00
KXNFLREC-26SEP28PHICHI,KXNFLREC,KXNFLREC-26SEP28PHICHI-CHIKRAYMOND14-6,Kalif Raymond: 6+ receptions,0.1000,0.1500,0.1100,1.00,1.00,active,2026-10-01T00:15:00Z,2026-09-26T14:52:17+00:00
KXNFLREC-26SEP28PHICHI,KXNFLREC,KXNFLREC-26SEP28PHICHI-CHICLOVELAND84-3,Colston Loveland: 3+ receptions,0.5800,0.6200,0.0000,0.00,0.00,active,2026-10-01T00:15:00Z,2026-09-26T14:52:17+00:00
KXNFLREC-26SEP28PHICHI,KXNFLREC,KXNFLREC-26SEP28PHICHI-CHIRODUNZE15-4,Rome Odunze: 4+ receptions,0.2200,0.2800,0.0000,0.00,0.00,active,2026-10-01T00:15:00Z,2026-09-26T14:52:17+00:00
KXNFLREC-26SEP28PHICHI,KXNFLREC,KXNFLREC-26SEP28PHICHI-CHICLOVELAND84-4,Colston Loveland: 4+ receptions,0.4100,0.4300,0.0000,0.00,0.00,active,2026-10-01T00:15:00Z,2026-09-26T14:52:17+00:00
KXNFLREC-26SEP28PHICHI,KXNFLREC,KXNFLREC-26SEP28PHICHI-PHIMLEMON9-4,Makai Lemon: 4+ receptions,0.2800,0.3200,0.3300,109.29,109.29,active,2026-10-01T00:15:00Z,2026-09-26T14:52:17+00:00
KXNFLREC-26SEP28PHICHI,KXNFLREC,KXNFLREC-26SEP28PHICHI-PHIMLEMON9-3,Makai Lemon: 3+ receptions,0.4900,0.5100,0.5100,498.98,498.98,active,2026-10-01T00:15:00Z,2026-09-26T14:52:17+00:00
KXNFLREC-26SEP28PHICHI,KXNFLREC,KXNFLREC-26SEP28PHICHI-CHIDSWIFT4-3,D'Andre Swift: 3+ receptions,0.2600,0.3200,0.0000,0.00,0.00,active,2026-10-01T00:15:00Z,2026-09-26T14:52:17+00:00
KXNFLREC-26SEP28PHICHI,KXNFLREC,KXNFLREC-26SEP28PHICHI-CHICLOVELAND84-6,Colston Loveland: 6+ receptions,0.1100,0.1600,0.0000,0.00,0.00,active,2026-10-01T00:15:00Z,2026-09-26T14:52:17+00:00
KXNFLREC-26SEP28PHICHI,KXNFLREC,KXNFLREC-26SEP28PHICHI-CHILBURDEN10-5,Luther Burden III: 5+ receptions,0.2500,0.2900,0.0000,0.00,0.00,active,2026-10-01T00:15:00Z,2026-09-26T14:52:17+00:00
KXNFLREC-26SEP28PHICHI,KXNFLREC,KXNFLREC-26SEP28PHICHI-PHIMLEMON9-2,Makai Lemon: 2+ receptions,0.6600,0.7200,0.0000,0.00,0.00,active,2026-10-01T00:15:00Z,2026-09-26T14:52:17+00:00
KXNFLREC-26SEP28PHICHI,KXNFLREC,KXNFLREC-26SEP28PHICHI-PHIMLEMON9-5,Makai Lemon: 5+ receptions,0.1500,0.2000,0.2000,338.93,338.93,active,2026-10-01T00:15:00Z,2026-09-26T14:52:17+00:00
KXNFLREC-26SEP28PHICHI,KXNFLREC,KXNFLREC-26SEP28PHICHI-PHIDWICKS13-5,Dontayvion Wicks: 5+ receptions,0.2000,0.2600,0.0000,0.00,0.00,active,2026-10-01T00:15:00Z,2026-09-26T14:52:17+00:00
KXNFLREC-26SEP28PHICHI,KXNFLREC,KXNFLREC-26SEP28PHICHI-PHISBARKLEY26-5,Saquon Barkley: 5+ receptions,0.0900,0.1300,0.0000,0.00,0.00,active,2026-10-01T00:15:00Z,2026-09-26T14:52:17+00:00
KXNFLREC-26SEP28PHICHI,KXNFLREC,KXNFLREC-26SEP28PHICHI-PHISBARKLEY26-7,Saquon Barkley: 7+ receptions,0.0000,0.0400,0.0000,0.00,0.00,active,2026-10-01T00:15:00Z,2026-09-26T14:52:17+00:00
KXNFLREC-26SEP28PHICHI,KXNFLREC,KXNFLREC-26SEP28PHICHI-CHILBURDEN10-9,Luther Burden III: 9+ receptions,0.0000,0.0400,0.0000,0.00,0.00,active,2026-10-01T00:15:00Z,2026-09-26T14:52:17+00:00
KXNFLREC-26SEP28PHICHI,KXNFLREC,KXNFLREC-26SEP28PHICHI-CHICLOVELAND84-8,Colston Loveland: 8+ receptions,0.0000,0.0500,0.0000,0.00,0.00,active,2026-10-01T00:15:00Z,2026-09-26T14:52:17+00:00
KXNFLREC-26SEP28PHICHI,KXNFLREC,KXNFLREC-26SEP28PHICHI-PHIMLEMON9-8,Makai Lemon: 8+ receptions,0.0000,0.0500,0.0000,0.00,0.00,active,2026-10-01T00:15:00Z,2026-09-26T14:52:17+00:00
KXNFLREC-26SEP28PHICHI,KXNFLREC,KXNFLREC-26SEP28PHICHI-PHIDWICKS13-9,Dontayvion Wicks: 9+ receptions,0.0000,0.0400,0.0000,0.00,0.00,active,2026-10-01T00:15:00Z,2026-09-26T14:52:17+00:00
KXNFLREC-26SEP28PHICHI,KXNFLREC,KXNFLREC-26SEP28PHICHI-CHIDSWIFT4-2,D'Andre Swift: 2+ receptions,0.5400,0.5600,0.0000,0.00,0.00,active,2026-10-01T00:15:00Z,2026-09-26T14:52:17+00:00
KXNFLREC-26SEP28PHICHI,KXNFLREC,KXNFLREC-26SEP28PHICHI-CHIKRAYMOND14-8,Kalif Raymond: 8+ receptions,0.0000,0.0500,0.0000,0.00,0.00,active,2026-10-01T00:15:00Z,2026-09-26T14:52:17+00:00
KXNFLREC-26SEP28PHICHI,KXNFLREC,KXNFLREC-26SEP28PHICHI-PHISBARKLEY26-3,Saquon Barkley: 3+ receptions,0.4000,0.4300,0.0000,0.00,0.00,active,2026-10-01T00:15:00Z,2026-09-26T14:52:17+00:00
KXNFLREC-26SEP28PHICHI,KXNFLREC,KXNFLREC-26SEP28PHICHI-PHIDWICKS13-2,Dontayvion Wicks: 2+ receptions,0.7500,0.8200,0.0000,0.00,0.00,active,2026-10-01T00:15:00Z,2026-09-26T14:52:17+00:00
KXNFLREC-26SEP28PHICHI,KXNFLREC,KXNFLREC-26SEP28PHICHI-PHISBARKLEY26-6,Saquon Barkley: 6+ receptions,0.0000,0.0700,0.0000,0.00,0.00,active,2026-10-01T00:15:00Z,2026-09-26T14:52:17+00:00
KXNFLREC-26SEP28PHICHI,KXNFLREC,KXNFLREC-26SEP28PHICHI-CHIRODUNZE15-3,Rome Odunze: 3+ receptions,0.4500,0.4800,0.0000,0.00,0.00,active,2026-10-01T00:15:00Z,2026-09-26T14:52:17+00:00
KXNFLREC-26SEP28PHICHI,KXNFLREC,KXNFLREC-26SEP28PHICHI-PHIDWICKS13-6,Dontayvion Wicks: 6+ receptions,0.1200,0.1600,0.0000,0.00,0.00,active,2026-10-01T00:15:00Z,2026-09-26T14:52:17+00:00
KXNFLREC-26SEP28PHICHI,KXNFLREC,KXNFLREC-26SEP28PHICHI-CHICLOVELAND84-7,Colston Loveland: 7+ receptions,0.0500,0.0900,0.0000,0.00,0.00,active,2026-10-01T00:15:00Z,2026-09-26T14:52:17+00:00
KXNFLREC-26SEP28PHICHI,KXNFLREC,KXNFLREC-26SEP28PHICHI-CHIDSWIFT4-6,D'Andre Swift: 6+ receptions,0.0000,0.0500,0.0000,0.00,0.00,active,2026-10-01T00:15:00Z,2026-09-26T14:52:17+00:00
KXNFLREC-26SEP28PHICHI,KXNFLREC,KXNFLREC-26SEP28PHICHI-CHICLOVELAND84-5,Colston Loveland: 5+ receptions,0.2200,0.2700,0.0000,0.00,0.00,active,2026-10-01T00:15:00Z,2026-09-26T14:52:17+00:00
KXNFLREC-26SEP28PHICHI,KXNFLREC,KXNFLREC-26SEP28PHICHI-CHIRODUNZE15-5,Rome Odunze: 5+ receptions,0.1000,0.1500,0.0000,0.00,0.00,active,2026-10-01T00:15:00Z,2026-09-26T14:52:17+00:00
KXNFLREC-26SEP28PHICHI,KXNFLREC,KXNFLREC-26SEP28PHICHI-CHIRODUNZE15-7,Rome Odunze: 7+ receptions,0.0000,0.0400,0.0000,0.00,0.00,active,2026-10-01T00:15:00Z,2026-09-26T14:52:17+00:00
KXNFLREC-26SEP28PHICHI,KXNFLREC,KXNFLREC-26SEP28PHICHI-CHILBURDEN10-2,Luther Burden III: 2+ receptions,0.8100,0.8400,0.0000,0.00,0.00,active,2026-10-01T00:15:00Z,2026-09-26T14:52:17+00:00
KXNFLREC-26SEP28PHICHI,KXNFLREC,KXNFLREC-26SEP28PHICHI-CHIKRAYMOND14-3,Kalif Raymond: 3+ receptions,0.5800,0.6200,0.0000,0.00,0.00,active,2026-10-01T00:15:00Z,2026-09-26T14:52:17+00:00
KXNFLREC-26SEP28PHICHI,KXNFLREC,KXNFLREC-26SEP28PHICHI-CHIKRAYMOND14-2,Kalif Raymond: 2+ receptions,0.7800,0.8000,0.0000,0.00,0.00,active,2026-10-01T00:15:00Z,2026-09-26T14:52:17+00:00
KXNFLRECYDS-26SEP27ARISF,KXNFLRECYDS,KXNFLRECYDS-26SEP27ARISF-ARITMCBRIDE85-100,Trey McBride: 100+ receiving yards,0.1800,0.2200,0.2200,35.51,35.51,active,2026-09-29T20:05:00Z,2026-09-26T14:52:17+00:00
KXNFLRECYDS-26SEP27ARISF,KXNFLRECYDS,KXNFLRECYDS-26SEP27ARISF-ARITMCBRIDE85-60,Trey McBride: 60+ receiving yards,0.5600,0.5700,0.0000,0.00,0.00,active,2026-09-29T20:05:00Z,2026-09-26T14:52:17+00:00
KXNFLRECYDS-26SEP27ARISF,KXNFLRECYDS,KXNFLRECYDS-26SEP27ARISF-ARIKBOURNE17-60,Kendrick Bourne: 60+ receiving yards,0.1200,0.1300,0.1200,1517.14,1517.14,active,2026-09-29T20:05:00Z,2026-09-26T14:52:17+00:00
KXNFLRECYDS-26SEP27ARISF,KXNFLRECYDS,KXNFLRECYDS-26SEP27ARISF-SFCMCCAFFREY23-50,Christian McCaffrey: 50+ receiving yards,0.3100,0.3500,0.0000,0.00,0.00,active,2026-09-29T20:05:00Z,2026-09-26T14:52:17+00:00
KXNFLRECYDS-26SEP27ARISF,KXNFLRECYDS,KXNFLRECYDS-26SEP27ARISF-SFGKITTLE85-120,George Kittle: 120+ receiving yards,0.0200,0.0600,0.0000,0.00,0.00,active,2026-09-29T20:05:00Z,2026-09-26T14:52:17+00:00
KXNFLRECYDS-26SEP27ARISF,KXNFLRECYDS,KXNFLRECYDS-26SEP27ARISF-SFDSAMUEL19-80,Deebo Samuel Sr.: 80+ receiving yards,0.1000,0.1500,0.0000,0.00,0.00,active,2026-09-29T20:05:00Z,2026-09-26T14:52:17+00:00
KXNFLRECYDS-26SEP27ARISF,KXNFLRECYDS,KXNFLRECYDS-26SEP27ARISF-SFCMCCAFFREY23-90,Christian McCaffrey: 90+ receiving yards,0.0500,0.0900,0.0000,0.00,0.00,active,2026-09-29T20:05:00Z,2026-09-26T14:52:17+00:00
KXNFLRECYDS-26SEP27ARISF,KXNFLRECYDS,KXNFLRECYDS-26SEP27ARISF-ARIJLOVE4-50,Jeremiyah Love: 50+ receiving yards,0.0300,0.0900,0.0000,0.00,0.00,active,2026-09-29T20:05:00Z,2026-09-26T14:52:17+00:00
KXNFLRECYDS-26SEP27ARISF,KXNFLRECYDS,KXNFLRECYDS-26SEP27ARISF-SFDSAMUEL19-110,Deebo Samuel Sr.: 110+ receiving yards,0.0200,0.0600,0.0000,0.00,0.00,active,2026-09-29T20:05:00Z,2026-09-26T14:52:17+00:00
KXNFLRECYDS-26SEP27ARISF,KXNFLRECYDS,KXNFLRECYDS-26SEP27ARISF-ARIMHARRISON18-90,Marvin Harrison Jr.: 90+ receiving yards,0.0600,0.0900,0.0900,397.99,397.99,active,2026-09-29T20:05:00Z,2026-09-26T14:52:17+00:00
KXNFLRECYDS-26SEP27ARISF,KXNFLRECYDS,KXNFLRECYDS-26SEP27ARISF-SFGKITTLE85-90,George Kittle: 90+ receiving yards,0.1000,0.1200,0.1300,166.00,166.00,active,2026-09-29T20:05:00Z,2026-09-26T14:52:17+00:00
KXNFLRECYDS-26SEP27ARISF,KXNFLRECYDS,KXNFLRECYDS-26SEP27ARISF-SFGKITTLE85-60,George Kittle: 60+ receiving yards,0.3000,0.3300,0.3400,140.56,140.56,active,2026-09-29T20:05:00Z,2026-09-26T14:52:17+00:00
KXNFLRECYDS-26SEP27ARISF,KXNFLRECYDS,KXNFLRECYDS-26SEP27ARISF-ARIMWILSON14-120,Michael Wilson: 120+ receiving yards,0.0400,0.0500,0.0500,828.81,828.81,active,2026-09-29T20:05:00Z,2026-09-26T14:52:17+00:00
KXNFLRECYDS-26SEP27ARISF,KXNFLRECYDS,KXNFLRECYDS-26SEP27ARISF-SFGKITTLE85-25,George Kittle: 25+ receiving yards,0.7100,0.7800,0.0000,0.00,0.00,active,2026-09-29T20:05:00Z,2026-09-26T14:52:17+00:00
KXNFLRECYDS-26SEP27ARISF,KXNFLRECYDS,KXNFLRECYDS-26SEP27ARISF-SFDSAMUEL19-25,Deebo Samuel Sr.: 25+ receiving yards,0.6900,0.7200,0.6900,11.00,11.00,active,2026-09-29T20:05:00Z,2026-09-26T14:52:17+00:00
KXNFLRECYDS-26SEP27ARISF,KXNFLRECYDS,KXNFLRECYDS-26SEP27ARISF-ARITALLGEIER22-40,Tyler Allgeier: 40+ receiving yards,0.0300,0.0700,0.0000,0.00,0.00,active,2026-09-29T20:05:00Z,2026-09-26T14:52:17+00:00
KXNFLRECYDS-26SEP27ARISF,KXNFLRECYDS,KXNFLRECYDS-26SEP27ARISF-SFCMCCAFFREY23-15,Christian McCaffrey: 15+ receiving yards,0.8100,0.8500,0.8500,1.00,1.00,active,2026-09-29T20:05:00Z,2026-09-26T14:52:17+00:00
KXNFLRECYDS-26SEP27ARISF,KXNFLRECYDS,KXNFLRECYDS-26SEP27ARISF-SFGKITTLE85-110,George Kittle: 110+ receiving yards,0.0300,0.0700,0.0000,0.00,0.00,active,2026-09-29T20:05:00Z,2026-09-26T14:52:17+00:00
KXNFLRECYDS-26SEP27ARISF,KXNFLRECYDS,KXNFLRECYDS-26SEP27ARISF-SFCMCCAFFREY23-70,Christian McCaffrey: 70+ receiving yards,0.1200,0.1800,0.0000,0.00,0.00,active,2026-09-29T20:05:00Z,2026-09-26T14:52:17+00:00
KXNFLRECYDS-26SEP27ARISF,KXNFLRECYDS,KXNFLRECYDS-26SEP27ARISF-ARIJLOVE4-15,Jeremiyah Love: 15+ receiving yards,0.4900,0.5100,0.5200,2577.74,2576.74,active,2026-09-29T20:05:00Z,2026-09-26T14:52:17+00:00
KXNFLRECYDS-26SEP27ARISF,KXNFLRECYDS,KXNFLRECYDS-26SEP27ARISF-ARITMCBRIDE85-40,Trey McBride: 40+ receiving yards,0.7800,0.8100,0.8100,28.43,28.43,active,2026-09-29T20:05:00Z,2026-09-26T14:52:17+00:00
KXNFLRECYDS-26SEP27ARISF,KXNFLRECYDS,KXNFLRECYDS-26SEP27ARISF-SFCMCCAFFREY23-40,Christian McCaffrey: 40+ receiving yards,0.4900,0.5000,0.5000,4259.82,4259.82,active,2026-09-29T20:05:00Z,2026-09-26T14:52:17+00:00
KXNFLRECYDS-26SEP27ARISF,KXNFLRECYDS,KXNFLRECYDS-26SEP27ARISF-ARIMWILSON14-80,Michael Wilson: 80+ receiving yards,0.1500,0.1800,0.1900,858.43,858.43,active,2026-09-29T20:05:00Z,2026-09-26T14:52:17+00:00
KXNFLRECYDS-26SEP27ARISF,KXNFLRECYDS,KXNFLRECYDS-26SEP27ARISF-ARIMHARRISON18-50,Marvin Harrison Jr.: 50+ receiving yards,0.2700,0.3100,0.3000,413.40,413.40,active,2026-09-29T20:05:00Z,2026-09-26T14:52:17+00:00
KXNFLRECYDS-26SEP27ARISF,KXNFLRECYDS,KXNFLRECYDS-26SEP27ARISF-ARITMCBRIDE85-140,Trey McBride: 140+ receiving yards,0.0500,0.0700,0.0000,0.00,0.00,active,2026-09-29T20:05:00Z,2026-09-26T14:52:17+00:00
KXNFLRECYDS-26SEP27ARISF,KXNFLRECYDS,KXNFLRECYDS-26SEP27ARISF-ARIMWILSON14-25,Michael Wilson: 25+ receiving yards,0.7300,0.7600,0.7700,3.00,3.00,active,2026-09-29T20:05:00Z,2026-09-26T14:52:17+00:00
KXNFLRECYDS-26SEP27ARISF,KXNFLRECYDS,KXNFLRECYDS-26SEP27ARISF-ARIKBOURNE17-25,Kendrick Bourne: 25+ receiving yards,0.4600,0.4900,0.4400,101.25,101.25,active,2026-09-29T20:05:00Z,2026-09-26T14:52:17+00:00
KXNFLRECYDS-26SEP27ARISF,KXNFLRECYDS,KXNFLRECYDS-26SEP27ARISF-SFCMCCAFFREY23-80,Christian McCaffrey: 80+ receiving yards,0.0700,0.1300,0.0000,0.00,0.00,active,2026-09-29T20:05:00Z,2026-09-26T14:52:17+00:00
KXNFLRECYDS-26SEP27ARISF,KXNFLRECYDS,KXNFLRECYDS-26SEP27ARISF-SFCMCCAFFREY23-60,Christian McCaffrey: 60+ receiving yards,0.1800,0.2400,0.0000,0.00,0.00,active,2026-09-29T20:05:00Z,2026-09-26T14:52:17+00:00
KXNFLRECYDS-26SEP27ARISF,KXNFLRECYDS,KXNFLRECYDS-26SEP27ARISF-SFDSAMUEL19-90,Deebo Samuel Sr.: 90+ receiving yards,0.0600,0.1000,0.1000,7.05,7.05,active,2026-09-29T20:05:00Z,2026-09-26T14:52:17+00:00
KXNFLRECYDS-26SEP27ARISF,KXNFLRECYDS,KXNFLRECYDS-26SEP27ARISF-ARIKBOURNE17-70,Kendrick Bourne: 70+ receiving yards,0.0700,0.0900,0.0800,1312.95,1312.95,active,2026-09-29T20:05:00Z,2026-09-26T14:52:17+00:00
KXNFLRECYDS-26SEP27ARISF,KXNFLRECYDS,KXNFLRECYDS-26SEP27ARISF-ARIMHARRISON18-25,Marvin Harrison Jr.: 25+ receiving yards,0.6000,0.6300,0.6300,1896.57,1872.21,active,2026-09-29T20:05:00Z,2026-09-26T14:52:17+00:00
KXNFLRECYDS-26SEP27ARISF,KXNFLRECYDS,KXNFLRECYDS-26SEP27ARISF-SFDSAMUEL19-50,Deebo Samuel Sr.: 50+ receiving yards,0.3400,0.3700,0.3700,100.94,100.94,active,2026-09-29T20:05:00Z,2026-09-26T14:52:17+00:00
KXNFLRECYDS-26SEP27ARISF,KXNFLRECYDS,KXNFLRECYDS-26SEP27ARISF-SFDSAMUEL19-60,Deebo Samuel Sr.: 60+ receiving yards,0.2400,0.2800,0.2700,316.19,316.19,active,2026-09-29T20:05:00Z,2026-09-26T14:52:17+00:00
KXNFLRECYDS-26SEP27ARISF,KXNFLRECYDS,KXNFLRECYDS-26SEP27ARISF-ARIMHARRISON18-60,Marvin Harrison Jr.: 60+ receiving yards,0.1900,0.2300,0.2200,529.11,529.11,active,2026-09-29T20:05:00Z,2026-09-26T14:52:17+00:00
KXNFLRECYDS-26SEP27ARISF,KXNFLRECYDS,KXNFLRECYDS-26SEP27ARISF-ARITALLGEIER22-15,Tyler Allgeier: 15+ receiving yards,0.2500,0.3100,0.0000,0.00,0.00,active,2026-09-29T20:05:00Z,2026-09-26T14:52:17+00:00
KXNFLRECYDS-26SEP27ARISF,KXNFLRECYDS,KXNFLRECYDS-26SEP27ARISF-SFGKITTLE85-80,George Kittle: 80+ receiving yards,0.1500,0.1800,0.1800,208.50,208.50,active,2026-09-29T20:05:00Z,2026-09-26T14:52:17+00:00
KXNFLRECYDS-26SEP27ARISF,KXNFLRECYDS,KXNFLRECYDS-26SEP27ARISF-SFGKITTLE85-50,George Kittle: 50+ receiving yards,0.4300,0.4500,0.4600,314.91,314.91,active,2026-09-29T20:05:00Z,2026-09-26T14:52:17+00:00
KXNFLRECYDS-26SEP27ARISF,KXNFLRECYDS,KXNFLRECYDS-26SEP27ARISF-ARIMHARRISON18-70,Marvin Harrison Jr.: 70+ receiving yards,0.1400,0.1600,0.1600,480.47,480.27,active,2026-09-29T20:05:00Z,2026-09-26T14:52:17+00:00
KXNFLRECYDS-26SEP27ARISF,KXNFLRECYDS,KXNFLRECYDS-26SEP27ARISF-ARIMWILSON14-90,Michael Wilson: 90+ receiving yards,0.1100,0.1300,0.1300,285.87,285.87,active,2026-09-29T20:05:00Z,2026-09-26T14:52:17+00:00
KXNFLRECYDS-26SEP27ARISF,KXNFLRECYDS,KXNFLRECYDS-26SEP27ARISF-ARIJLOVE4-25,Jeremiyah Love: 25+ receiving yards,0.2600,0.2900,0.2900,780.42,780.42,active,2026-09-29T20:05:00Z,2026-09-26T14:52:17+00:00
KXNFLRECYDS-26SEP27ARISF,KXNFLRECYDS,KXNFLRECYDS-26SEP27ARISF-SFDSAMUEL19-40,Deebo Samuel Sr.: 40+ receiving yards,0.5000,0.5200,0.5100,3813.72,3813.72,active,2026-09-29T20:05:00Z,2026-09-26T14:52:17+00:00
KXNFLRECYDS-26SEP27ARISF,KXNFLRECYDS,KXNFLRECYDS-26SEP27ARISF-ARIMWILSON14-110,Michael Wilson: 110+ receiving yards,0.0300,0.0700,0.0700,120.00,120.00,active,2026-09-29T20:05:00Z,2026-09-26T14:52:17+00:00
KXNFLRECYDS-26SEP27ARISF,KXNFLRECYDS,KXNFLRECYDS-26SEP27ARISF-ARIKBOURNE17-50,Kendrick Bourne: 50+ receiving yards,0.1800,0.1900,0.1800,3108.28,3052.14,active,2026-09-29T20:05:00Z,2026-09-26T14:52:17+00:00
KXNFLRECYDS-26SEP27ARISF,KXNFLRECYDS,KXNFLRECYDS-26SEP27ARISF-ARITMCBRIDE85-110,Trey McBride: 110+ receiving yards,0.1100,0.1500,0.0900,22.59,22.59,active,2026-09-29T20:05:00Z,2026-09-26T14:52:17+00:00
KXNFLRECYDS-26SEP27ARISF,KXNFLRECYDS,KXNFLRECYDS-26SEP27ARISF-SFGKITTLE85-100,George Kittle: 100+ receiving yards,0.0600,0.1000,0.0300,1.00,1.00,active,2026-09-29T20:05:00Z,2026-09-26T14:52:17+00:00
KXNFLRECYDS-26SEP27ARISF,KXNFLRECYDS,KXNFLRECYDS-26SEP27ARISF-ARIMWILSON14-100,Michael Wilson: 100+ receiving yards,0.0800,0.0900,0.1000,1599.94,1599.94,active,2026-09-29T20:05:00Z,2026-09-26T14:52:17+00:00
KXNFLRECYDS-26SEP27ARISF,KXNFLRECYDS,KXNFLRECYDS-26SEP27ARISF-SFDSAMUEL19-100,Deebo Samuel Sr.: 100+ receiving yards,0.0400,0.0700,0.0800,120.47,120.47,active,2026-09-29T20:05:00Z,2026-09-26T14:52:17+00:00
KXNFLRECYDS-26SEP27ARISF,KXNFLRECYDS,KXNFLRECYDS-26SEP27ARISF-SFGKITTLE85-70,George Kittle: 70+ receiving yards,0.2000,0.2500,0.0000,0.00,0.00,active,2026-09-29T20:05:00Z,2026-09-26T14:52:17+00:00
KXNFLRECYDS-26SEP27ARISF,KXNFLRECYDS,KXNFLRECYDS-26SEP27ARISF-ARIJLOVE4-40,Jeremiyah Love: 40+ receiving yards,0.1000,0.1300,0.1300,774.50,774.50,active,2026-09-29T20:05:00Z,2026-09-26T14:52:17+00:00
KXNFLRECYDS-26SEP27ARISF,KXNFLRECYDS,KXNFLRECYDS-26SEP27ARISF-ARIMHARRISON18-80,Marvin Harrison Jr.: 80+ receiving yards,0.0900,0.1200,0.1200,297.36,297.36,active,2026-09-29T20:05:00Z,2026-09-26T14:52:17+00:00
KXNFLRECYDS-26SEP27ARISF,KXNFLRECYDS,KXNFLRECYDS-26SEP27ARISF-SFDSAMUEL19-15,Deebo Samuel Sr.: 15+ receiving yards,0.8000,0.8300,0.8300,5.00,5.00,active,2026-09-29T20:05:00Z,2026-09-26T14:52:17+00:00
KXNFLRECYDS-26SEP27ARISF,KXNFLRECYDS,KXNFLRECYDS-26SEP27ARISF-SFCMCCAFFREY23-25,Christian McCaffrey: 25+ receiving yards,0.6900,0.7100,0.7200,50.68,50.68,active,2026-09-29T20:05:00Z,2026-09-26T14:52:17+00:00
KXNFLRECYDS-26SEP27ARISF,KXNFLRECYDS,KXNFLRECYDS-26SEP27ARISF-ARIMWILSON14-70,Michael Wilson: 70+ receiving yards,0.2200,0.2500,0.2500,1086.41,1086.41,active,2026-09-29T20:05:00Z,2026-09-26T14:52:17+00:00
KXNFLRECYDS-26SEP27ARISF,KXNFLRECYDS,KXNFLRECYDS-26SEP27ARISF-ARIKBOURNE17-15,Kendrick Bourne: 15+ receiving yards,0.6200,0.6600,0.6300,26.00,26.00,active,2026-09-29T20:05:00Z,2026-09-26T14:52:17+00:00
KXNFLRECYDS-26SEP27ARISF,KXNFLRECYDS,KXNFLRECYDS-26SEP27ARISF-ARITMCBRIDE85-50,Trey McBride: 50+ receiving yards,0.6900,0.7100,0.7100,244.00,244.00,active,2026-09-29T20:05:00Z,2026-09-26T14:52:17+00:00
KXNFLRECYDS-26SEP27ARISF,KXNFLRECYDS,KXNFLRECYDS-26SEP27ARISF-ARITMCBRIDE85-70,Trey McBride: 70+ receiving yards,0.4500,0.4600,0.4500,752.78,472.21,active,2026-09-29T20:05:00Z,2026-09-26T14:52:17+00:00
KXNFLRECYDS-26SEP27ARISF,KXNFLRECYDS,KXNFLRECYDS-26SEP27ARISF-SFDSAMUEL19-70,Deebo Samuel Sr.: 70+ receiving yards,0.1800,0.2100,0.2100,1686.88,1686.88,active,2026-09-29T20:05:00Z,2026-09-26T14:52:17+00:00
KXNFLRECYDS-26SEP27ARISF,KXNFLRECYDS,KXNFLRECYDS-26SEP27ARISF-ARIMHARRISON18-15,Marvin Harrison Jr.: 15+ receiving yards,0.7500,0.7700,0.7600,22.00,22.00,active,2026-09-29T20:05:00Z,2026-09-26T14:52:17+00:00
KXNFLRECYDS-26SEP27ARISF,KXNFLRECYDS,KXNFLRECYDS-26SEP27ARISF-SFGKITTLE85-15,George Kittle: 15+ receiving yards,0.8300,0.8900,0.8900,1.00,1.00,active,2026-09-29T20:05:00Z,2026-09-26T14:52:17+00:00
KXNFLRECYDS-26SEP27ARISF,KXNFLRECYDS,KXNFLRECYDS-26SEP27ARISF-ARIKBOURNE17-40,Kendrick Bourne: 40+ receiving yards,0.2500,0.2800,0.2700,1737.87,1737.87,active,2026-09-29T20:05:00Z,2026-09-26T14:52:17+00:00
KXNFLRECYDS-26SEP27ARISF,KXNFLRECYDS,KXNFLRECYDS-26SEP27ARISF-SFGKITTLE85-40,George Kittle: 40+ receiving yards,0.5600,0.5900,0.5700,927.16,927.16,active,2026-09-29T20:05:00Z,2026-09-26T14:52:17+00:00
KXNFLRECYDS-26SEP27ARISF,KXNFLRECYDS,KXNFLRECYDS-26SEP27ARISF-ARITMCBRIDE85-130,Trey McBride: 130+ receiving yards,0.0300,0.0900,0.0000,0.00,0.00,active,2026-09-29T20:05:00Z,2026-09-26T14:52:17+00:00
KXNFLRECYDS-26SEP27ARISF,KXNFLRECYDS,KXNFLRECYDS-26SEP27ARISF-ARITALLGEIER22-25,Tyler Allgeier: 25+ receiving yards,0.1000,0.1600,0.0000,0.00,0.00,active,2026-09-29T20:05:00Z,2026-09-26T14:52:17+00:00
KXNFLRECYDS-26SEP27ARISF,KXNFLRECYDS,KXNFLRECYDS-26SEP27ARISF-ARITMCBRIDE85-90,Trey McBride: 90+ receiving yards,0.2600,0.2900,0.2500,26.02,26.02,active,2026-09-29T20:05:00Z,2026-09-26T14:52:17+00:00
KXNFLRECYDS-26SEP27ARISF,KXNFLRECYDS,KXNFLRECYDS-26SEP27ARISF-ARITMCBRIDE85-120,Trey McBride: 120+ receiving yards,0.0600,0.1200,0.0000,0.00,0.00,active,2026-09-29T20:05:00Z,2026-09-26T14:52:17+00:00
KXNFLRECYDS-26SEP27ARISF,KXNFLRECYDS,KXNFLRECYDS-26SEP27ARISF-ARIMWILSON14-50,Michael Wilson: 50+ receiving yards,0.4400,0.4500,0.4500,1195.18,1195.18,active,2026-09-29T20:05:00Z,2026-09-26T14:52:17+00:00
KXNFLRECYDS-26SEP27ARISF,KXNFLRECYDS,KXNFLRECYDS-26SEP27ARISF-ARIMWILSON14-40,Michael Wilson: 40+ receiving yards,0.5500,0.5800,0.5800,363.75,363.75,active,2026-09-29T20:05:00Z,2026-09-26T14:52:17+00:00
KXNFLRECYDS-26SEP27ARISF,KXNFLRECYDS,KXNFLRECYDS-26SEP27ARISF-ARIMWILSON14-60,Michael Wilson: 60+ receiving yards,0.3200,0.3400,0.3400,897.89,897.89,active,2026-09-29T20:05:00Z,2026-09-26T14:52:17+00:00
KXNFLRECYDS-26SEP27ARISF,KXNFLRECYDS,KXNFLRECYDS-26SEP27ARISF-ARIMHARRISON18-40,Marvin Harrison Jr.: 40+ receiving yards,0.3900,0.4200,0.4100,1659.50,1618.50,active,2026-09-29T20:05:00Z,2026-09-26T14:52:17+00:00
KXNFLRECYDS-26SEP27ARISF,KXNFLRECYDS,KXNFLRECYDS-26SEP27ARISF-SFCMCCAFFREY23-100,Christian McCaffrey: 100+ receiving yards,0.0300,0.0600,0.0500,29.37,29.37,active,2026-09-29T20:05:00Z,2026-09-26T14:52:17+00:00
KXNFLRECYDS-26SEP27ARISF,KXNFLRECYDS,KXNFLRECYDS-26SEP27ARISF-ARITMCBRIDE85-80,Trey McBride: 80+ receiving yards,0.3500,0.3700,0.3900,377.29,377.29,active,2026-09-29T20:05:00Z,2026-09-26T14:52:17+00:00
KXNFLRECYDS-26SEP27ARISF,KXNFLRECYDS,KXNFLRECYDS-26SEP27ARISF-ARIJLOVE4-60,Jeremiyah Love: 60+ receiving yards,0.0500,0.0600,0.0000,0.00,0.00,active,2026-09-29T20:05:00Z,2026-09-26T14:52:17+00:00
KXNFLRECYDS-26SEP27BALDAL,KXNFLRECYDS,KXNFLRECYDS-26SEP27BALDAL-BALJHILL43-15,Justice Hill: 15+ receiving yards,0.4600,0.4800,0.0000,0.00,0.00,active,2026-09-29T20:25:00Z,2026-09-26T14:52:17+00:00
KXNFLRECYDS-26SEP27BALDAL,KXNFLRECYDS,KXNFLRECYDS-26SEP27BALDAL-DALGPICKENS3-100,George Pickens: 100+ receiving yards,0.1600,0.1900,0.1900,1137.13,1111.13,active,2026-09-29T20:25:00Z,2026-09-26T14:52:17+00:00
KXNFLRECYDS-26SEP27BALDAL,KXNFLRECYDS,KXNFLRECYDS-26SEP27BALDAL-DALJFERGUSON87-70,Jake Ferguson: 70+ receiving yards,0.0400,0.0900,0.0000,0.00,0.00,active,2026-09-29T20:25:00Z,2026-09-26T14:52:17+00:00
KXNFLRECYDS-26SEP27BALDAL,KXNFLRECYDS,KXNFLRECYDS-26SEP27BALDAL-DALJWILLIAMS33-15,Javonte Williams: 15+ receiving yards,0.5100,0.5200,0.5200,834.22,799.74,active,2026-09-29T20:25:00Z,2026-09-26T14:52:17+00:00
KXNFLRECYDS-26SEP27BALDAL,KXNFLRECYDS,KXNFLRECYDS-26SEP27BALDAL-BALRBATEMAN7-140,Rashod Bateman: 140+ receiving yards,0.0300,0.0400,0.0400,100.27,100.27,active,2026-09-29T20:25:00Z,2026-09-26T14:52:17+00:00
KXNFLRECYDS-26SEP27BALDAL,KXNFLRECYDS,KXNFLRECYDS-26SEP27BALDAL-BALMANDREWS89-130,Mark Andrews: 130+ receiving yards,0.0200,0.0400,0.0400,70.27,70.27,active,2026-09-29T20:25:00Z,2026-09-26T14:52:17+00:00
KXNFLRECYDS-26SEP27BALDAL,KXNFLRECYDS,KXNFLRECYDS-26SEP27BALDAL-BALMANDREWS89-50,Mark Andrews: 50+ receiving yards,0.3400,0.3600,0.4000,1032.13,1032.13,active,2026-09-29T20:25:00Z,2026-09-26T14:52:17+00:00
KXNFLRECYDS-26SEP27BALDAL,KXNFLRECYDS,KXNFLRECYDS-26SEP27BALDAL-BALJHILL43-25,Justice Hill: 25+ receiving yards,0.2700,0.2800,0.0000,0.00,0.00,active,2026-09-29T20:25:00Z,2026-09-26T14:52:17+00:00
KXNFLRECYDS-26SEP27BALDAL,KXNFLRECYDS,KXNFLRECYDS-26SEP27BALDAL-DALGPICKENS3-40,George Pickens: 40+ receiving yards,0.7100,0.7400,0.7400,13.15,13.15,active,2026-09-29T20:25:00Z,2026-09-26T14:52:17+00:00
KXNFLRECYDS-26SEP27BALDAL,KXNFLRECYDS,KXNFLRECYDS-26SEP27BALDAL-DALRFLOURNOY19-40,Ryan Flournoy: 40+ receiving yards,0.3500,0.3600,0.3600,372.20,372.20,active,2026-09-29T20:25:00Z,2026-09-26T14:52:17+00:00
KXNFLRECYDS-26SEP27BALDAL,KXNFLRECYDS,KXNFLRECYDS-26SEP27BALDAL-BALDHENRY22-15,Derrick Henry: 15+ receiving yards,0.3700,0.4000,0.4000,49.74,49.74,active,2026-09-29T20:25:00Z,2026-09-26T14:52:17+00:00
KXNFLRECYDS-26SEP27BALDAL,KXNFLRECYDS,KXNFLRECYDS-26SEP27BALDAL-DALCLAMB88-90,CeeDee Lamb: 90+ receiving yards,0.4200,0.4400,0.4300,42.51,42.51,active,2026-09-29T20:25:00Z,2026-09-26T14:52:17+00:00
KXNFLRECYDS-26SEP27BALDAL,KXNFLRECYDS,KXNFLRECYDS-26SEP27BALDAL-BALRBATEMAN7-50,Rashod Bateman: 50+ receiving yards,0.4000,0.4400,0.4500,277.11,277.11,active,2026-09-29T20:25:00Z,2026-09-26T14:52:17+00:00
KXNFLRECYDS-26SEP27BALDAL,KXNFLRECYDS,KXNFLRECYDS-26SEP27BALDAL-DALCLAMB88-170,CeeDee Lamb: 170+ receiving yards,0.0300,0.0500,0.0500,37.50,37.50,active,2026-09-29T20:25:00Z,2026-09-26T14:52:17+00:00
KXNFLRECYDS-26SEP27BALDAL,KXNFLRECYDS,KXNFLRECYDS-26SEP27BALDAL-DALGPICKENS3-150,George Pickens: 150+ receiving yards,0.0200,0.0500,0.0000,0.00,0.00,active,2026-09-29T20:25:00Z,2026-09-26T14:52:17+00:00
KXNFLRECYDS-26SEP27BALDAL,KXNFLRECYDS,KXNFLRECYDS-26SEP27BALDAL-DALJFERGUSON87-80,Jake Ferguson: 80+ receiving yards,0.0200,0.0600,0.0000,0.00,0.00,active,2026-09-29T20:25:00Z,2026-09-26T14:52:17+00:00
KXNFLRECYDS-26SEP27BALDAL,KXNFLRECYDS,KXNFLRECYDS-26SEP27BALDAL-BALMANDREWS89-100,Mark Andrews: 100+ receiving yards,0.0300,0.0700,0.0800,23.48,23.48,active,2026-09-29T20:25:00Z,2026-09-26T14:52:17+00:00
KXNFLRECYDS-26SEP27BALDAL,KXNFLRECYDS,KXNFLRECYDS-26SEP27BALDAL-DALCLAMB88-150,CeeDee Lamb: 150+ receiving yards,0.0500,0.1000,0.1100,42.78,42.78,active,2026-09-29T20:25:00Z,2026-09-26T14:52:17+00:00
KXNFLRECYDS-26SEP27BALDAL,KXNFLRECYDS,KXNFLRECYDS-26SEP27BALDAL-DALGPICKENS3-130,George Pickens: 130+ receiving yards,0.0400,0.0900,0.0000,0.00,0.00,active,2026-09-29T20:25:00Z,2026-09-26T14:52:17+00:00
KXNFLRECYDS-26SEP27BALDAL,KXNFLRECYDS,KXNFLRECYDS-26SEP27BALDAL-BALMANDREWS89-90,Mark Andrews: 90+ receiving yards,0.0500,0.0900,0.1100,17.11,17.11,active,2026-09-29T20:25:00Z,2026-09-26T14:52:17+00:00
KXNFLRECYDS-26SEP27BALDAL,KXNFLRECYDS,KXNFLRECYDS-26SEP27BALDAL-DALGPICKENS3-140,George Pickens: 140+ receiving yards,0.0300,0.0700,0.0000,0.00,0.00,active,2026-09-29T20:25:00Z,2026-09-26T14:52:17+00:00
KXNFLRECYDS-26SEP27BALDAL,KXNFLRECYDS,KXNFLRECYDS-26SEP27BALDAL-DALRFLOURNOY19-90,Ryan Flournoy: 90+ receiving yards,0.0200,0.0600,0.0000,0.00,0.00,active,2026-09-29T20:25:00Z,2026-09-26T14:52:17+00:00
KXNFLRECYDS-26SEP27BALDAL,KXNFLRECYDS,KXNFLRECYDS-26SEP27BALDAL-DALGPICKENS3-120,George Pickens: 120+ receiving yards,0.0700,0.1200,0.0000,0.00,0.00,active,2026-09-29T20:25:00Z,2026-09-26T14:52:17+00:00
KXNFLRECYDS-26SEP27BALDAL,KXNFLRECYDS,KXNFLRECYDS-26SEP27BALDAL-BALCMOORE17-60,Chris Moore: 60+ receiving yards,0.0700,0.1300,0.0000,0.00,0.00,active,2026-09-29T20:25:00Z,2026-09-26T14:52:17+00:00
KXNFLRECYDS-26SEP27BALDAL,KXNFLRECYDS,KXNFLRECYDS-26SEP27BALDAL-BALLWESTER10-50,LaJohntay Wester: 50+ receiving yards,0.0800,0.1500,0.0000,0.00,0.00,active,2026-09-29T20:25:00Z,2026-09-26T14:52:17+00:00
KXNFLRECYDS-26SEP27BALDAL,KXNFLRECYDS,KXNFLRECYDS-26SEP27BALDAL-BALRBATEMAN7-90,Rashod Bateman: 90+ receiving yards,0.1000,0.1300,0.1500,18.87,18.87,active,2026-09-29T20:25:00Z,2026-09-26T14:52:17+00:00
KXNFLRECYDS-26SEP27BALDAL,KXNFLRECYDS,KXNFLRECYDS-26SEP27BALDAL-BALMANDREWS89-80,Mark Andrews: 80+ receiving yards,0.0800,0.1300,0.1500,12.58,12.58,active,2026-09-29T20:25:00Z,2026-09-26T14:52:17+00:00
KXNFLRECYDS-26SEP27BALDAL,KXNFLRECYDS,KXNFLRECYDS-26SEP27BALDAL-BALDHENRY22-25,Derrick Henry: 25+ receiving yards,0.1900,0.2300,0.2300,20.81,20.81,active,2026-09-29T20:25:00Z,2026-09-26T14:52:17+00:00
KXNFLRECYDS-26SEP27BALDAL,KXNFLRECYDS,KXNFLRECYDS-26SEP27BALDAL-BALRBATEMAN7-120,Rashod Bateman: 120+ receiving yards,0.0200,0.0700,0.0000,0.00,0.00,active,2026-09-29T20:25:00Z,2026-09-26T14:52:17+00:00
KXNFLRECYDS-26SEP27BALDAL,KXNFLRECYDS,KXNFLRECYDS-26SEP27BALDAL-DALRFLOURNOY19-15,Ryan Flournoy: 15+ receiving yards,0.7300,0.7500,0.0000,0.00,0.00,active,2026-09-29T20:25:00Z,2026-09-26T14:52:17+00:00
KXNFLRECYDS-26SEP27BALDAL,KXNFLRECYDS,KXNFLRECYDS-26SEP27BALDAL-BALJHILL43-70,Justice Hill: 70+ receiving yards,0.0200,0.0500,0.0000,0.00,0.00,active,2026-09-29T20:25:00Z,2026-09-26T14:52:17+00:00
KXNFLRECYDS-26SEP27BALDAL,KXNFLRECYDS,KXNFLRECYDS-26SEP27BALDAL-BALMANDREWS89-15,Mark Andrews: 15+ receiving yards,0.7900,0.8400,0.8400,2.17,2.17,active,2026-09-29T20:25:00Z,2026-09-26T14:52:17+00:00
KXNFLRECYDS-26SEP27BALDAL,KXNFLRECYDS,KXNFLRECYDS-26SEP27BALDAL-BALDHENRY22-50,Derrick Henry: 50+ receiving yards,0.0300,0.0600,0.0000,0.00,0.00,active,2026-09-29T20:25:00Z,2026-09-26T14:52:17+00:00
KXNFLRECYDS-26SEP27BALDAL,KXNFLRECYDS,KXNFLRECYDS-26SEP27BALDAL-BALLWESTER10-80,LaJohntay Wester: 80+ receiving yards,0.0200,0.0600,0.0000,0.00,0.00,active,2026-09-29T20:25:00Z,2026-09-26T14:52:17+00:00
KXNFLRECYDS-26SEP27BALDAL,KXNFLRECYDS,KXNFLRECYDS-26SEP27BALDAL-BALRBATEMAN7-110,Rashod Bateman: 110+ receiving yards,0.0200,0.0800,0.0000,0.00,0.00,active,2026-09-29T20:25:00Z,2026-09-26T14:52:17+00:00
KXNFLRECYDS-26SEP27BALDAL,KXNFLRECYDS,KXNFLRECYDS-26SEP27BALDAL-DALJWILLIAMS33-40,Javonte Williams: 40+ receiving yards,0.1300,0.1500,0.1300,3065.84,3065.84,active,2026-09-29T20:25:00Z,2026-09-26T14:52:17+00:00
KXNFLRECYDS-26SEP27BALDAL,KXNFLRECYDS,KXNFLRECYDS-26SEP27BALDAL-BALDHENRY22-10,Derrick Henry: 10+ receiving yards,0.4900,0.5200,0.5200,238.79,238.79,active,2026-09-29T20:25:00Z,2026-09-26T14:52:17+00:00
KXNFLRECYDS-26SEP27BALDAL,KXNFLRECYDS,KXNFLRECYDS-26SEP27BALDAL-DALCLAMB88-110,CeeDee Lamb: 110+ receiving yards,0.2300,0.2800,0.0000,0.00,0.00,active,2026-09-29T20:25:00Z,2026-09-26T14:52:17+00:00
KXNFLRECYDS-26SEP27BALDAL,KXNFLRECYDS,KXNFLRECYDS-26SEP27BALDAL-BALJHILL43-50,Justice Hill: 50+ receiving yards,0.0500,0.0700,0.0000,0.00,0.00,active,2026-09-29T20:25:00Z,2026-09-26T14:52:17+00:00
KXNFLRECYDS-26SEP27BALDAL,KXNFLRECYDS,KXNFLRECYDS-26SEP27BALDAL-BALCMOORE17-70,Chris Moore: 70+ receiving yards,0.0300,0.0900,0.0000,0.00,0.00,active,2026-09-29T20:25:00Z,2026-09-26T14:52:17+00:00
KXNFLRECYDS-26SEP27BALDAL,KXNFLRECYDS,KXNFLRECYDS-26SEP27BALDAL-BALMANDREWS89-110,Mark Andrews: 110+ receiving yards,0.0200,0.0700,0.0700,26.82,26.82,active,2026-09-29T20:25:00Z,2026-09-26T14:52:17+00:00
KXNFLRECYDS-26SEP27BALDAL,KXNFLRECYDS,KXNFLRECYDS-26SEP27BALDAL-BALJHILL43-40,Justice Hill: 40+ receiving yards,0.1100,0.1300,0.0000,0.00,0.00,active,2026-09-29T20:25:00Z,2026-09-26T14:52:17+00:00
KXNFLRECYDS-26SEP27BALDAL,KXNFLRECYDS,KXNFLRECYDS-26SEP27BALDAL-BALLWESTER10-40,LaJohntay Wester: 40+ receiving yards,0.1500,0.1800,0.0000,0.00,0.00,active,2026-09-29T20:25:00Z,2026-09-26T14:52:17+00:00
KXNFLRECYDS-26SEP27BALDAL,KXNFLRECYDS,KXNFLRECYDS-26SEP27BALDAL-BALMANDREWS89-25,Mark Andrews: 25+ receiving yards,0.6600,0.7100,0.7100,28.22,28.22,active,2026-09-29T20:25:00Z,2026-09-26T14:52:17+00:00
KXNFLRECYDS-26SEP27BALDAL,KXNFLRECYDS,KXNFLRECYDS-26SEP27BALDAL-BALRBATEMAN7-25,Rashod Bateman: 25+ receiving yards,0.6600,0.7200,0.0000,0.00,0.00,active,2026-09-29T20:25:00Z,2026-09-26T14:52:17+00:00
KXNFLRECYDS-26SEP27BALDAL,KXNFLRECYDS,KXNFLRECYDS-26SEP27BALDAL-BALMANDREWS89-70,Mark Andrews: 70+ receiving yards,0.1500,0.1800,0.1800,1354.46,1354.46,active,2026-09-29T20:25:00Z,2026-09-26T14:52:17+00:00
KXNFLRECYDS-26SEP27BALDAL,KXNFLRECYDS,KXNFLRECYDS-26SEP27BALDAL-DALRFLOURNOY19-25,Ryan Flournoy: 25+ receiving yards,0.5700,0.5800,0.6100,524.44,524.44,active,2026-09-29T20:25:00Z,2026-09-26T14:52:17+00:00
KXNFLRECYDS-26SEP27BALDAL,KXNFLRECYDS,KXNFLRECYDS-26SEP27BALDAL-DALCLAMB88-120,CeeDee Lamb: 120+ receiving yards,0.1700,0.2100,0.2200,60.33,60.33,active,2026-09-29T20:25:00Z,2026-09-26T14:52:17+00:00
KXNFLRECYDS-26SEP27BALDAL,KXNFLRECYDS,KXNFLRECYDS-26SEP27BALDAL-DALCLAMB88-50,CeeDee Lamb: 50+ receiving yards,0.7700,0.8000,0.0000,0.00,0.00,active,2026-09-29T20:25:00Z,2026-09-26T14:52:17+00:00
KXNFLRECYDS-26SEP27BALDAL,KXNFLRECYDS,KXNFLRECYDS-26SEP27BALDAL-BALCMOORE17-15,Chris Moore: 15+ receiving yards,0.4500,0.5900,0.0000,0.00,0.00,active,2026-09-29T20:25:00Z,2026-09-26T14:52:17+00:00
KXNFLRECYDS-26SEP27BALDAL,KXNFLRECYDS,KXNFLRECYDS-26SEP27BALDAL-BALJHILL43-60,Justice Hill: 60+ receiving yards,0.0200,0.0700,0.0000,0.00,0.00,active,2026-09-29T20:25:00Z,2026-09-26T14:52:17+00:00
KXNFLRECYDS-26SEP27BALDAL,KXNFLRECYDS,KXNFLRECYDS-26SEP27BALDAL-DALCLAMB88-100,CeeDee Lamb: 100+ receiving yards,0.3300,0.3500,0.3400,549.04,511.02,active,2026-09-29T20:25:00Z,2026-09-26T14:52:17+00:00
KXNFLRECYDS-26SEP27BALDAL,KXNFLRECYDS,KXNFLRECYDS-26SEP27BALDAL-BALRBATEMAN7-70,Rashod Bateman: 70+ receiving yards,0.2200,0.2600,0.2600,116.54,116.54,active,2026-09-29T20:25:00Z,2026-09-26T14:52:17+00:00
KXNFLRECYDS-26SEP27BALDAL,KXNFLRECYDS,KXNFLRECYDS-26SEP27BALDAL-BALRBATEMAN7-60,Rashod Bateman: 60+ receiving yards,0.3000,0.3500,0.3000,99.38,98.38,active,2026-09-29T20:25:00Z,2026-09-26T14:52:17+00:00
KXNFLRECYDS-26SEP27BALDAL,KXNFLRECYDS,KXNFLRECYDS-26SEP27BALDAL-DALJWILLIAMS33-25,Javonte Williams: 25+ receiving yards,0.3100,0.3300,0.3300,37.91,37.91,active,2026-09-29T20:25:00Z,2026-09-26T14:52:17+00:00
KXNFLRECYDS-26SEP27BALDAL,KXNFLRECYDS,KXNFLRECYDS-26SEP27BALDAL-BALLWESTER10-70,LaJohntay Wester: 70+ receiving yards,0.0200,0.0700,0.0000,0.00,0.00,active,2026-09-29T20:25:00Z,2026-09-26T14:52:17+00:00
KXNFLRECYDS-26SEP27BALDAL,KXNFLRECYDS,KXNFLRECYDS-26SEP27BALDAL-DALGPICKENS3-70,George Pickens: 70+ receiving yards,0.4100,0.4200,0.4200,834.17,834.17,active,2026-09-29T20:25:00Z,2026-09-26T14:52:17+00:00
KXNFLRECYDS-26SEP27BALDAL,KXNFLRECYDS,KXNFLRECYDS-26SEP27BALDAL-DALRFLOURNOY19-70,Ryan Flournoy: 70+ receiving yards,0.0700,0.1000,0.0000,0.00,0.00,active,2026-09-29T20:25:00Z,2026-09-26T14:52:17+00:00
KXNFLRECYDS-26SEP27BALDAL,KXNFLRECYDS,KXNFLRECYDS-26SEP27BALDAL-DALGPICKENS3-25,George Pickens: 25+ receiving yards,0.8400,0.8800,0.8800,14.12,14.12,active,2026-09-29T20:25:00Z,2026-09-26T14:52:17+00:00
KXNFLRECYDS-26SEP27BALDAL,KXNFLRECYDS,KXNFLRECYDS-26SEP27BALDAL-DALCLAMB88-80,CeeDee Lamb: 80+ receiving yards,0.5100,0.5300,0.5300,542.59,540.59,active,2026-09-29T20:25:00Z,2026-09-26T14:52:17+00:00
KXNFLRECYDS-26SEP27BALDAL,KXNFLRECYDS,KXNFLRECYDS-26SEP27BALDAL-DALJFERGUSON87-40,Jake Ferguson: 40+ receiving yards,0.2800,0.3100,0.3100,176.86,176.86,active,2026-09-29T20:25:00Z,2026-09-26T14:52:17+00:00
KXNFLRECYDS-26SEP27BALDAL,KXNFLRECYDS,KXNFLRECYDS-26SEP27BALDAL-DALCLAMB88-40,CeeDee Lamb: 40+ receiving yards,0.8400,0.8700,0.8700,115.13,115.13,active,2026-09-29T20:25:00Z,2026-09-26T14:52:17+00:00
KXNFLRECYDS-26SEP27BALDAL,KXNFLRECYDS,KXNFLRECYDS-26SEP27BALDAL-BALLWESTER10-25,LaJohntay Wester: 25+ receiving yards,0.3500,0.3800,0.3700,1500.10,1500.10,active,2026-09-29T20:25:00Z,2026-09-26T14:52:17+00:00
KXNFLRECYDS-26SEP27BALDAL,KXNFLRECYDS,KXNFLRECYDS-26SEP27BALDAL-DALRFLOURNOY19-60,Ryan Flournoy: 60+ receiving yards,0.1300,0.1400,0.0000,0.00,0.00,active,2026-09-29T20:25:00Z,2026-09-26T14:52:17+00:00
KXNFLRECYDS-26SEP27BALDAL,KXNFLRECYDS,KXNFLRECYDS-26SEP27BALDAL-DALJFERGUSON87-50,Jake Ferguson: 50+ receiving yards,0.1600,0.2100,0.0000,0.00,0.00,active,2026-09-29T20:25:00Z,2026-09-26T14:52:17+00:00
KXNFLRECYDS-26SEP27BALDAL,KXNFLRECYDS,KXNFLRECYDS-26SEP27BALDAL-DALRFLOURNOY19-80,Ryan Flournoy: 80+ receiving yards,0.0500,0.0700,0.0000,0.00,0.00,active,2026-09-29T20:25:00Z,2026-09-26T14:52:17+00:00
KXNFLRECYDS-26SEP27BALDAL,KXNFLRECYDS,KXNFLRECYDS-26SEP27BALDAL-BALLWESTER10-15,LaJohntay Wester: 15+ receiving yards,0.5200,0.5500,0.5600,2316.64,2316.64,active,2026-09-29T20:25:00Z,2026-09-26T14:52:17+00:00
KXNFLRECYDS-26SEP27BALDAL,KXNFLRECYDS,KXNFLRECYDS-26SEP27BALDAL-BALCMOORE17-90,Chris Moore: 90+ receiving yards,0.0200,0.0500,0.0000,0.00,0.00,active,2026-09-29T20:25:00Z,2026-09-26T14:52:17+00:00
KXNFLRECYDS-26SEP27BALDAL,KXNFLRECYDS,KXNFLRECYDS-26SEP27BALDAL-BALMANDREWS89-60,Mark Andrews: 60+ receiving yards,0.2000,0.2600,0.2500,63.13,63.13,active,2026-09-29T20:25:00Z,2026-09-26T14:52:17+00:00
KXNFLRECYDS-26SEP27BALDAL,KXNFLRECYDS,KXNFLRECYDS-26SEP27BALDAL-BALRBATEMAN7-15,Rashod Bateman: 15+ receiving yards,0.7700,0.8300,0.8400,2.17,2.17,active,2026-09-29T20:25:00Z,2026-09-26T14:52:17+00:00
KXNFLRECYDS-26SEP27BALDAL,KXNFLRECYDS,KXNFLRECYDS-26SEP27BALDAL-BALRBATEMAN7-100,Rashod Bateman: 100+ receiving yards,0.0600,0.1000,0.1100,2542.78,2542.78,active,2026-09-29T20:25:00Z,2026-09-26T14:52:17+00:00
KXNFLRECYDS-26SEP27BALDAL,KXNFLRECYDS,KXNFLRECYDS-26SEP27BALDAL-DALCLAMB88-130,CeeDee Lamb: 130+ receiving yards,0.1100,0.1600,0.0000,0.00,0.00,active,2026-09-29T20:25:00Z,2026-09-26T14:52:17+00:00
KXNFLRECYDS-26SEP27BALDAL,KXNFLRECYDS,KXNFLRECYDS-26SEP27BALDAL-DALCLAMB88-85,CeeDee Lamb: 85+ receiving yards,0.4700,0.4900,0.4900,339.18,339.18,active,2026-09-29T20:25:00Z,2026-09-26T14:52:17+00:00
KXNFLRECYDS-26SEP27BALDAL,KXNFLRECYDS,KXNFLRECYDS-26SEP27BALDAL-BALRBATEMAN7-80,Rashod Bateman: 80+ receiving yards,0.1500,0.1900,0.1900,161.84,161.84,active,2026-09-29T20:25:00Z,2026-09-26T14:52:17+00:00
KXNFLRECYDS-26SEP27BALDAL,KXNFLRECYDS,KXNFLRECYDS-26SEP27BALDAL-BALCMOORE17-20,Chris Moore: 20+ receiving yards,0.4400,0.4700,0.4300,202.09,162.09,active,2026-09-29T20:25:00Z,2026-09-26T14:52:17+00:00
KXNFLRECYDS-26SEP27BALDAL,KXNFLRECYDS,KXNFLRECYDS-26SEP27BALDAL-DALJFERGUSON87-25,Jake Ferguson: 25+ receiving yards,0.5600,0.5800,0.5800,424.84,424.84,active,2026-09-29T20:25:00Z,2026-09-26T14:52:17+00:00
KXNFLRECYDS-26SEP27BALDAL,KXNFLRECYDS,KXNFLRECYDS-26SEP27BALDAL-BALRBATEMAN7-40,Rashod Bateman: 40+ receiving yards,0.5100,0.5300,0.5200,1375.23,1114.68,active,2026-09-29T20:25:00Z,2026-09-26T14:52:17+00:00
KXNFLRECYDS-26SEP27BALDAL,KXNFLRECYDS,KXNFLRECYDS-26SEP27BALDAL-DALCLAMB88-70,CeeDee Lamb: 70+ receiving yards,0.6100,0.6300,0.6300,270.81,269.77,active,2026-09-29T20:25:00Z,2026-09-26T14:52:17+00:00
KXNFLRECYDS-26SEP27BALDAL,KXNFLRECYDS,KXNFLRECYDS-26SEP27BALDAL-DALCLAMB88-60,CeeDee Lamb: 60+ receiving yards,0.6900,0.7200,0.7200,351.63,351.63,active,2026-09-29T20:25:00Z,2026-09-26T14:52:17+00:00
KXNFLRECYDS-26SEP27BALDAL,KXNFLRECYDS,KXNFLRECYDS-26SEP27BALDAL-BALCMOORE17-25,Chris Moore: 25+ receiving yards,0.3800,0.4100,0.4200,1830.70,1830.70,active,2026-09-29T20:25:00Z,2026-09-26T14:52:17+00:00
KXNFLRECYDS-26SEP27BALDAL,KXNFLRECYDS,KXNFLRECYDS-26SEP27BALDAL-BALCMOORE17-40,Chris Moore: 40+ receiving yards,0.2100,0.2600,0.2700,69.68,69.68,active,2026-09-29T20:25:00Z,2026-09-26T14:52:17+00:00
KXNFLRECYDS-26SEP27BALDAL,KXNFLRECYDS,KXNFLRECYDS-26SEP27BALDAL-DALJFERGUSON87-60,Jake Ferguson: 60+ receiving yards,0.1000,0.1300,0.0000,0.00,0.00,active,2026-09-29T20:25:00Z,2026-09-26T14:52:17+00:00
KXNFLRECYDS-26SEP27BALDAL,KXNFLRECYDS,KXNFLRECYDS-26SEP27BALDAL-DALGPICKENS3-110,George Pickens: 110+ receiving yards,0.1100,0.1400,0.0000,0.00,0.00,active,2026-09-29T20:25:00Z,2026-09-26T14:52:17+00:00
KXNFLRECYDS-26SEP27BALDAL,KXNFLRECYDS,KXNFLRECYDS-26SEP27BALDAL-BALMANDREWS89-40,Mark Andrews: 40+ receiving yards,0.4800,0.5000,0.5000,301.40,301.40,active,2026-09-29T20:25:00Z,2026-09-26T14:52:17+00:00
KXNFLRECYDS-26SEP27BALDAL,KXNFLRECYDS,KXNFLRECYDS-26SEP27BALDAL-BALCMOORE17-80,Chris Moore: 80+ receiving yards,0.0500,0.0700,0.0000,0.00,0.00,active,2026-09-29T20:25:00Z,2026-09-26T14:52:17+00:00
KXNFLRECYDS-26SEP27BALDAL,KXNFLRECYDS,KXNFLRECYDS-26SEP27BALDAL-BALRBATEMAN7-130,Rashod Bateman: 130+ receiving yards,0.0300,0.0500,0.0500,76.28,76.28,active,2026-09-29T20:25:00Z,2026-09-26T14:52:17+00:00
KXNFLRECYDS-26SEP27BALDAL,KXNFLRECYDS,KXNFLRECYDS-26SEP27BALDAL-DALRFLOURNOY19-50,Ryan Flournoy: 50+ receiving yards,0.2300,0.2400,0.2400,333.00,333.00,active,2026-09-29T20:25:00Z,2026-09-26T14:52:17+00:00
KXNFLRECYDS-26SEP27BALDAL,KXNFLRECYDS,KXNFLRECYDS-26SEP27BALDAL-DALGPICKENS3-60,George Pickens: 60+ receiving yards,0.5200,0.5300,0.5100,14475.61,13477.12,active,2026-09-29T20:25:00Z,2026-09-26T14:52:17+00:00
KXNFLRECYDS-26SEP27BALDAL,KXNFLRECYDS,KXNFLRECYDS-26SEP27BALDAL-DALJFERGUSON87-15,Jake Ferguson: 15+ receiving yards,0.7400,0.7700,0.0000,0.00,0.00,active,2026-09-29T20:25:00Z,2026-09-26T14:52:17+00:00
KXNFLRECYDS-26SEP27BALDAL,KXNFLRECYDS,KXNFLRECYDS-26SEP27BALDAL-BALDHENRY22-60,Derrick Henry: 60+ receiving yards,0.0200,0.0500,0.0300,129.78,129.78,active,2026-09-29T20:25:00Z,2026-09-26T14:52:17+00:00
KXNFLRECYDS-26SEP27BALDAL,KXNFLRECYDS,KXNFLRECYDS-26SEP27BALDAL-DALGPICKENS3-50,George Pickens: 50+ receiving yards,0.6200,0.6400,0.6300,130.10,123.08,active,2026-09-29T20:25:00Z,2026-09-26T14:52:17+00:00
KXNFLRECYDS-26SEP27BALDAL,KXNFLRECYDS,KXNFLRECYDS-26SEP27BALDAL-DALCLAMB88-160,CeeDee Lamb: 160+ receiving yards,0.0400,0.0600,0.0600,31.27,31.27,active,2026-09-29T20:25:00Z,2026-09-26T14:52:17+00:00
KXNFLRECYDS-26SEP27BALDAL,KXNFLRECYDS,KXNFLRECYDS-26SEP27BALDAL-BALMANDREWS89-120,Mark Andrews: 120+ receiving yards,0.0200,0.0500,0.0600,31.27,31.27,active,2026-09-29T20:25:00Z,2026-09-26T14:52:17+00:00
KXNFLRECYDS-26SEP27BALDAL,KXNFLRECYDS,KXNFLRECYDS-26SEP27BALDAL-DALJWILLIAMS33-50,Javonte Williams: 50+ receiving yards,0.0600,0.0900,0.0000,0.00,0.00,active,2026-09-29T20:25:00Z,2026-09-26T14:52:17+00:00
KXNFLRECYDS-26SEP27BALDAL,KXNFLRECYDS,KXNFLRECYDS-26SEP27BALDAL-BALCMOORE17-50,Chris Moore: 50+ receiving yards,0.1300,0.1900,0.0000,0.00,0.00,active,2026-09-29T20:25:00Z,2026-09-26T14:52:17+00:00
KXNFLRECYDS-26SEP27BALDAL,KXNFLRECYDS,KXNFLRECYDS-26SEP27BALDAL-DALGPICKENS3-90,George Pickens: 90+ receiving yards,0.2300,0.2500,0.2600,38.58,38.58,active,2026-09-29T20:25:00Z,2026-09-26T14:52:17+00:00
KXNFLRECYDS-26SEP27BALDAL,KXNFLRECYDS,KXNFLRECYDS-26SEP27BALDAL-DALGPICKENS3-80,George Pickens: 80+ receiving yards,0.3100,0.3300,0.3300,191.64,191.64,active,2026-09-29T20:25:00Z,2026-09-26T14:52:17+00:00
KXNFLRECYDS-26SEP27BALDAL,KXNFLRECYDS,KXNFLRECYDS-26SEP27BALDAL-DALCLAMB88-140,CeeDee Lamb: 140+ receiving yards,0.0700,0.1300,0.0000,0.00,0.00,active,2026-09-29T20:25:00Z,2026-09-26T14:52:17+00:00
KXNFLRECYDS-26SEP27BALDAL,KXNFLRECYDS,KXNFLRECYDS-26SEP27BALDAL-BALLWESTER10-60,LaJohntay Wester: 60+ receiving yards,0.0400,0.1000,0.0000,0.00,0.00,active,2026-09-29T20:25:00Z,2026-09-26T14:52:17+00:00
KXNFLRECYDS-26SEP27BALDAL,KXNFLRECYDS,KXNFLRECYDS-26SEP27BALDAL-BALDHENRY22-40,Derrick Henry: 40+ receiving yards,0.0600,0.1000,0.0000,0.00,0.00,active,2026-09-29T20:25:00Z,2026-09-26T14:52:17+00:00
KXNFLRECYDS-26SEP27CARCLE,KXNFLRECYDS,KXNFLRECYDS-26SEP27CARCLE-CARCHUBBARD30-25,Chuba Hubbard: 25+ receiving yards,0.2800,0.2900,0.2900,2030.27,2030.27,active,2026-09-29T17:00:00Z,2026-09-26T14:52:17+00:00
KXNFLRECYDS-26SEP27CARCLE,KXNFLRECYDS,KXNFLRECYDS-26SEP27CARCLE-CLEQJUDKINS10-40,Quinshon Judkins: 40+ receiving yards,0.1000,0.1100,0.0900,770.65,770.65,active,2026-09-29T17:00:00Z,2026-09-26T14:52:17+00:00
KXNFLRECYDS-26SEP27CARCLE,KXNFLRECYDS,KXNFLRECYDS-26SEP27CARCLE-CLEHFANNIN44-70,Harold Fannin Jr.: 70+ receiving yards,0.1300,0.1700,0.0000,0.00,0.00,active,2026-09-29T17:00:00Z,2026-09-26T14:52:17+00:00
KXNFLRECYDS-26SEP27CARCLE,KXNFLRECYDS,KXNFLRECYDS-26SEP27CARCLE-CARCHUBBARD30-50,Chuba Hubbard: 50+ receiving yards,0.0600,0.0700,0.0900,3760.00,3760.00,active,2026-09-29T17:00:00Z,2026-09-26T14:52:17+00:00
KXNFLRECYDS-26SEP27CARCLE,KXNFLRECYDS,KXNFLRECYDS-26SEP27CARCLE-CLEQJUDKINS10-50,Quinshon Judkins: 50+ receiving yards,0.0500,0.0600,0.0000,0.00,0.00,active,2026-09-29T17:00:00Z,2026-09-26T14:52:17+00:00
KXNFLRECYDS-26SEP27CARCLE,KXNFLRECYDS,KXNFLRECYDS-26SEP27CARCLE-CARTMCMILLAN4-140,Tetairoa McMillan: 140+ receiving yards,0.0300,0.0700,0.0000,0.00,0.00,active,2026-09-29T17:00:00Z,2026-09-26T14:52:17+00:00
KXNFLRECYDS-26SEP27CARCLE,KXNFLRECYDS,KXNFLRECYDS-26SEP27CARCLE-CARTMCMILLAN4-150,Tetairoa McMillan: 150+ receiving yards,0.0200,0.0400,0.0000,0.00,0.00,active,2026-09-29T17:00:00Z,2026-09-26T14:52:17+00:00
KXNFLRECYDS-26SEP27CARCLE,KXNFLRECYDS,KXNFLRECYDS-26SEP27CARCLE-CLEJJEUDY3-25,Jerry Jeudy: 25+ receiving yards,0.3900,0.4200,0.0000,0.00,0.00,active,2026-09-29T17:00:00Z,2026-09-26T14:52:17+00:00
KXNFLRECYDS-26SEP27CARCLE,KXNFLRECYDS,KXNFLRECYDS-26SEP27CARCLE-CLEHFANNIN44-80,Harold Fannin Jr.: 80+ receiving yards,0.0800,0.1200,0.0000,0.00,0.00,active,2026-09-29T17:00:00Z,2026-09-26T14:52:17+00:00
KXNFLRECYDS-26SEP27CARCLE,KXNFLRECYDS,KXNFLRECYDS-26SEP27CARCLE-CLEHFANNIN44-100,Harold Fannin Jr.: 100+ receiving yards,0.0200,0.0600,0.0000,0.00,0.00,active,2026-09-29T17:00:00Z,2026-09-26T14:52:17+00:00
KXNFLRECYDS-26SEP27CARCLE,KXNFLRECYDS,KXNFLRECYDS-26SEP27CARCLE-CARDWALLER88-15,Darren Waller: 15+ receiving yards,0.5700,0.6200,0.0000,0.00,0.00,active,2026-09-29T17:00:00Z,2026-09-26T14:52:17+00:00
KXNFLRECYDS-26SEP27CARCLE,KXNFLRECYDS,KXNFLRECYDS-26SEP27CARCLE-CARXLEGETTE17-40,Xavier Legette: 40+ receiving yards,0.1000,0.1300,0.1200,602.93,602.93,active,2026-09-29T17:00:00Z,2026-09-26T14:52:17+00:00
KXNFLRECYDS-26SEP27CARCLE,KXNFLRECYDS,KXNFLRECYDS-26SEP27CARCLE-CARXLEGETTE17-25,Xavier Legette: 25+ receiving yards,0.2200,0.2800,0.2700,61.46,61.46,active,2026-09-29T17:00:00Z,2026-09-26T14:52:17+00:00
KXNFLRECYDS-26SEP27CARCLE,KXNFLRECYDS,KXNFLRECYDS-26SEP27CARCLE-CARDWALLER88-25,Darren Waller: 25+ receiving yards,0.3800,0.4300,0.0000,0.00,0.00,active,2026-09-29T17:00:00Z,2026-09-26T14:52:17+00:00
KXNFLRECYDS-26SEP27CARCLE,KXNFLRECYDS,KXNFLRECYDS-26SEP27CARCLE-CLEJJEUDY3-50,Jerry Jeudy: 50+ receiving yards,0.1200,0.1700,0.0900,5.00,5.00,active,2026-09-29T17:00:00Z,2026-09-26T14:52:17+00:00
KXNFLRECYDS-26SEP27CARCLE,KXNFLRECYDS,KXNFLRECYDS-26SEP27CARCLE-CARTMCMILLAN4-110,Tetairoa McMillan: 110+ receiving yards,0.1000,0.1600,0.0000,0.00,0.00,active,2026-09-29T17:00:00Z,2026-09-26T14:52:17+00:00
KXNFLRECYDS-26SEP27CARCLE,KXNFLRECYDS,KXNFLRECYDS-26SEP27CARCLE-CLEJJEUDY3-60,Jerry Jeudy: 60+ receiving yards,0.0700,0.1100,0.0700,6.03,6.03,active,2026-09-29T17:00:00Z,2026-09-26T14:52:17+00:00
KXNFLRECYDS-26SEP27CARCLE,KXNFLRECYDS,KXNFLRECYDS-26SEP27CARCLE-CARDWALLER88-60,Darren Waller: 60+ receiving yards,0.0500,0.1000,0.0000,0.00,0.00,active,2026-09-29T17:00:00Z,2026-09-26T14:52:17+00:00
KXNFLRECYDS-26SEP27CARCLE,KXNFLRECYDS,KXNFLRECYDS-26SEP27CARCLE-CARCHUBBARD30-15,Chuba Hubbard: 15+ receiving yards,0.4800,0.5000,0.5100,4299.14,3682.81,active,2026-09-29T17:00:00Z,2026-09-26T14:52:17+00:00
KXNFLRECYDS-26SEP27CARCLE,KXNFLRECYDS,KXNFLRECYDS-26SEP27CARCLE-CLEDBOSTON12-90,Denzel Boston: 90+ receiving yards,0.1200,0.1700,0.0000,0.00,0.00,active,2026-09-29T17:00:00Z,2026-09-26T14:52:17+00:00
KXNFLRECYDS-26SEP27CARCLE,KXNFLRECYDS,KXNFLRECYDS-26SEP27CARCLE-CARDWALLER88-50,Darren Waller: 50+ receiving yards,0.0900,0.1400,0.0000,0.00,0.00,active,2026-09-29T17:00:00Z,2026-09-26T14:52:17+00:00
KXNFLRECYDS-26SEP27CARCLE,KXNFLRECYDS,KXNFLRECYDS-26SEP27CARCLE-CLEDBOSTON12-50,Denzel Boston: 50+ receiving yards,0.4600,0.4700,0.4800,2167.12,2121.51,active,2026-09-29T17:00:00Z,2026-09-26T14:52:17+00:00
KXNFLRECYDS-26SEP27CARCLE,KXNFLRECYDS,KXNFLRECYDS-26SEP27CARCLE-CLEJJEUDY3-40,Jerry Jeudy: 40+ receiving yards,0.2000,0.2500,0.2500,3.00,3.00,active,2026-09-29T17:00:00Z,2026-09-26T14:52:17+00:00
KXNFLRECYDS-26SEP27CARCLE,KXNFLRECYDS,KXNFLRECYDS-26SEP27CARCLE-CARTTREMBLE82-40,Tommy Tremble: 40+ receiving yards,0.0300,0.0800,0.0800,59.83,59.83,active,2026-09-29T17:00:00Z,2026-09-26T14:52:17+00:00
KXNFLRECYDS-26SEP27CARCLE,KXNFLRECYDS,KXNFLRECYDS-26SEP27CARCLE-CARDWALLER88-70,Darren Waller: 70+ receiving yards,0.0300,0.0600,0.0000,0.00,0.00,active,2026-09-29T17:00:00Z,2026-09-26T14:52:17+00:00
KXNFLRECYDS-26SEP27CARCLE,KXNFLRECYDS,KXNFLRECYDS-26SEP27CARCLE-CLEDBOSTON12-70,Denzel Boston: 70+ receiving yards,0.2600,0.2900,0.2900,99.10,99.10,active,2026-09-29T17:00:00Z,2026-09-26T14:52:17+00:00
KXNFLRECYDS-26SEP27CARCLE,KXNFLRECYDS,KXNFLRECYDS-26SEP27CARCLE-CLEHFANNIN44-90,Harold Fannin Jr.: 90+ receiving yards,0.0400,0.0900,0.0000,0.00,0.00,active,2026-09-29T17:00:00Z,2026-09-26T14:52:17+00:00
KXNFLRECYDS-26SEP27CARCLE,KXNFLRECYDS,KXNFLRECYDS-26SEP27CARCLE-CARXLEGETTE17-60,Xavier Legette: 60+ receiving yards,0.0300,0.0600,0.0000,0.00,0.00,active,2026-09-29T17:00:00Z,2026-09-26T14:52:17+00:00
KXNFLRECYDS-26SEP27CARCLE,KXNFLRECYDS,KXNFLRECYDS-26SEP27CARCLE-CLEQJUDKINS10-25,Quinshon Judkins: 25+ receiving yards,0.2400,0.2500,0.2600,54.30,54.30,active,2026-09-29T17:00:00Z,2026-09-26T14:52:17+00:00
KXNFLRECYDS-26SEP27CARCLE,KXNFLRECYDS,KXNFLRECYDS-26SEP27CARCLE-CARTMCMILLAN4-25,Tetairoa McMillan: 25+ receiving yards,0.8200,0.8700,0.8700,11.22,11.22,active,2026-09-29T17:00:00Z,2026-09-26T14:52:17+00:00
KXNFLRECYDS-26SEP27CARCLE,KXNFLRECYDS,KXNFLRECYDS-26SEP27CARCLE-CLEHFANNIN44-40,Harold Fannin Jr.: 40+ receiving yards,0.4500,0.4800,0.4800,922.65,922.65,active,2026-09-29T17:00:00Z,2026-09-26T14:52:17+00:00
KXNFLRECYDS-26SEP27CARCLE,KXNFLRECYDS,KXNFLRECYDS-26SEP27CARCLE-CLEHFANNIN44-50,Harold Fannin Jr.: 50+ receiving yards,0.3100,0.3400,0.3500,28.68,28.68,active,2026-09-29T17:00:00Z,2026-09-26T14:52:17+00:00
KXNFLRECYDS-26SEP27CARCLE,KXNFLRECYDS,KXNFLRECYDS-26SEP27CARCLE-CLEDBOSTON12-25,Denzel Boston: 25+ receiving yards,0.7500,0.7700,0.7800,44.00,44.00,active,2026-09-29T17:00:00Z,2026-09-26T14:52:17+00:00
KXNFLRECYDS-26SEP27CARCLE,KXNFLRECYDS,KXNFLRECYDS-26SEP27CARCLE-CLEDBOSTON12-60,Denzel Boston: 60+ receiving yards,0.3500,0.3800,0.3900,130.95,130.95,active,2026-09-29T17:00:00Z,2026-09-26T14:52:17+00:00
KXNFLRECYDS-26SEP27CARCLE,KXNFLRECYDS,KXNFLRECYDS-26SEP27CARCLE-CARDWALLER88-40,Darren Waller: 40+ receiving yards,0.1900,0.2200,0.2300,1633.71,1633.71,active,2026-09-29T17:00:00Z,2026-09-26T14:52:17+00:00
KXNFLRECYDS-26SEP27CARCLE,KXNFLRECYDS,KXNFLRECYDS-26SEP27CARCLE-CARTMCMILLAN4-130,Tetairoa McMillan: 130+ receiving yards,0.0400,0.0900,0.0000,0.00,0.00,active,2026-09-29T17:00:00Z,2026-09-26T14:52:17+00:00
KXNFLRECYDS-26SEP27CARCLE,KXNFLRECYDS,KXNFLRECYDS-26SEP27CARCLE-CARCHUBBARD30-40,Chuba Hubbard: 40+ receiving yards,0.1100,0.1200,0.1100,5088.96,5088.96,active,2026-09-29T17:00:00Z,2026-09-26T14:52:17+00:00
KXNFLRECYDS-26SEP27CARCLE,KXNFLRECYDS,KXNFLRECYDS-26SEP27CARCLE-CLEDBOSTON12-80,Denzel Boston: 80+ receiving yards,0.1800,0.2200,0.2200,133.61,133.61,active,2026-09-29T17:00:00Z,2026-09-26T14:52:17+00:00
KXNFLRECYDS-26SEP27CARCLE,KXNFLRECYDS,KXNFLRECYDS-26SEP27CARCLE-CLEDBOSTON12-15,Denzel Boston: 15+ receiving yards,0.8500,0.8800,0.8700,3.00,3.00,active,2026-09-29T17:00:00Z,2026-09-26T14:52:17+00:00
KXNFLRECYDS-26SEP27CARCLE,KXNFLRECYDS,KXNFLRECYDS-26SEP27CARCLE-CARTMCMILLAN4-50,Tetairoa McMillan: 50+ receiving yards,0.5900,0.6400,0.6500,23.12,23.12,active,2026-09-29T17:00:00Z,2026-09-26T14:52:17+00:00
KXNFLRECYDS-26SEP27CARCLE,KXNFLRECYDS,KXNFLRECYDS-26SEP27CARCLE-CARTTREMBLE82-25,Tommy Tremble: 25+ receiving yards,0.1600,0.1800,0.1400,11.00,11.00,active,2026-09-29T17:00:00Z,2026-09-26T14:52:17+00:00
KXNFLRECYDS-26SEP27CARCLE,KXNFLRECYDS,KXNFLRECYDS-26SEP27CARCLE-CLEDBOSTON12-110,Denzel Boston: 110+ receiving yards,0.0500,0.1000,0.0000,0.00,0.00,active,2026-09-29T17:00:00Z,2026-09-26T14:52:17+00:00
KXNFLRECYDS-26SEP27CARCLE,KXNFLRECYDS,KXNFLRECYDS-26SEP27CARCLE-CARTMCMILLAN4-60,Tetairoa McMillan: 60+ receiving yards,0.5300,0.5400,0.5400,3867.35,3867.35,active,2026-09-29T17:00:00Z,2026-09-26T14:52:17+00:00
KXNFLRECYDS-26SEP27CARCLE,KXNFLRECYDS,KXNFLRECYDS-26SEP27CARCLE-CLEHFANNIN44-25,Harold Fannin Jr.: 25+ receiving yards,0.6700,0.7000,0.7100,184.50,184.50,active,2026-09-29T17:00:00Z,2026-09-26T14:52:17+00:00
KXNFLRECYDS-26SEP27CARCLE,KXNFLRECYDS,KXNFLRECYDS-26SEP27CARCLE-CARTMCMILLAN4-70,Tetairoa McMillan: 70+ receiving yards,0.3900,0.4300,0.4300,92.55,92.55,active,2026-09-29T17:00:00Z,2026-09-26T14:52:17+00:00
KXNFLRECYDS-26SEP27CARCLE,KXNFLRECYDS,KXNFLRECYDS-26SEP27CARCLE-CLEDBOSTON12-100,Denzel Boston: 100+ receiving yards,0.0900,0.1100,0.1300,292.20,292.20,active,2026-09-29T17:00:00Z,2026-09-26T14:52:17+00:00
KXNFLRECYDS-26SEP27CARCLE,KXNFLRECYDS,KXNFLRECYDS-26SEP27CARCLE-CLEDBOSTON12-40,Denzel Boston: 40+ receiving yards,0.5700,0.6100,0.6100,102.18,102.18,active,2026-09-29T17:00:00Z,2026-09-26T14:52:17+00:00
KXNFLRECYDS-26SEP27CARCLE,KXNFLRECYDS,KXNFLRECYDS-26SEP27CARCLE-CLEHFANNIN44-15,Harold Fannin Jr.: 15+ receiving yards,0.8100,0.8400,0.8400,1.00,1.00,active,2026-09-29T17:00:00Z,2026-09-26T14:52:17+00:00
KXNFLRECYDS-26SEP27CARCLE,KXNFLRECYDS,KXNFLRECYDS-26SEP27CARCLE-CLEJJEUDY3-15,Jerry Jeudy: 15+ receiving yards,0.5700,0.6000,0.6200,17.00,17.00,active,2026-09-29T17:00:00Z,2026-09-26T14:52:17+00:00
KXNFLRECYDS-26SEP27CARCLE,KXNFLRECYDS,KXNFLRECYDS-26SEP27CARCLE-CARTMCMILLAN4-100,Tetairoa McMillan: 100+ receiving yards,0.1800,0.2000,0.2000,101.02,77.35,active,2026-09-29T17:00:00Z,2026-09-26T14:52:17+00:00
KXNFLRECYDS-26SEP27CARCLE,KXNFLRECYDS,KXNFLRECYDS-26SEP27CARCLE-CARDWALLER88-20,Darren Waller: 20+ receiving yards,0.5100,0.5300,0.5300,4126.13,4106.81,active,2026-09-29T17:00:00Z,2026-09-26T14:52:17+00:00
KXNFLRECYDS-26SEP27CARCLE,KXNFLRECYDS,KXNFLRECYDS-26SEP27CARCLE-CARTMCMILLAN4-40,Tetairoa McMillan: 40+ receiving yards,0.7000,0.7400,0.7400,41.63,41.63,active,2026-09-29T17:00:00Z,2026-09-26T14:52:17+00:00
KXNFLRECYDS-26SEP27CARCLE,KXNFLRECYDS,KXNFLRECYDS-26SEP27CARCLE-CLEJJEUDY3-80,Jerry Jeudy: 80+ receiving yards,0.0500,0.0600,0.0000,0.00,0.00,active,2026-09-29T17:00:00Z,2026-09-26T14:52:17+00:00
KXNFLRECYDS-26SEP27CARCLE,KXNFLRECYDS,KXNFLRECYDS-26SEP27CARCLE-CLEDBOSTON12-120,Denzel Boston: 120+ receiving yards,0.0300,0.0700,0.0000,0.00,0.00,active,2026-09-29T17:00:00Z,2026-09-26T14:52:17+00:00
KXNFLRECYDS-26SEP27CARCLE,KXNFLRECYDS,KXNFLRECYDS-26SEP27CARCLE-CARXLEGETTE17-50,Xavier Legette: 50+ receiving yards,0.0500,0.0900,0.0000,0.00,0.00,active,2026-09-29T17:00:00Z,2026-09-26T14:52:17+00:00
KXNFLRECYDS-26SEP27CARCLE,KXNFLRECYDS,KXNFLRECYDS-26SEP27CARCLE-CARTTREMBLE82-15,Tommy Tremble: 15+ receiving yards,0.3300,0.3600,0.3000,11.00,11.00,active,2026-09-29T17:00:00Z,2026-09-26T14:52:17+00:00
KXNFLRECYDS-26SEP27CARCLE,KXNFLRECYDS,KXNFLRECYDS-26SEP27CARCLE-CLEJJEUDY3-70,Jerry Jeudy: 70+ receiving yards,0.0400,0.0900,0.0000,0.00,0.00,active,2026-09-29T17:00:00Z,2026-09-26T14:52:17+00:00
KXNFLRECYDS-26SEP27CARCLE,KXNFLRECYDS,KXNFLRECYDS-26SEP27CARCLE-CARTMCMILLAN4-120,Tetairoa McMillan: 120+ receiving yards,0.0800,0.1200,0.1300,38.12,38.12,active,2026-09-29T17:00:00Z,2026-09-26T14:52:17+00:00
KXNFLRECYDS-26SEP27CARCLE,KXNFLRECYDS,KXNFLRECYDS-26SEP27CARCLE-CARTTREMBLE82-10,Tommy Tremble: 10+ receiving yards,0.4900,0.5100,0.5100,20.85,20.85,active,2026-09-29T17:00:00Z,2026-09-26T14:52:17+00:00
KXNFLRECYDS-26SEP27CARCLE,KXNFLRECYDS,KXNFLRECYDS-26SEP27CARCLE-CLEQJUDKINS10-15,Quinshon Judkins: 15+ receiving yards,0.4500,0.4600,0.4500,128.71,120.05,active,2026-09-29T17:00:00Z,2026-09-26T14:52:17+00:00
KXNFLRECYDS-26SEP27CARCLE,KXNFLRECYDS,KXNFLRECYDS-26SEP27CARCLE-CARTMCMILLAN4-80,Tetairoa McMillan: 80+ receiving yards,0.3000,0.3400,0.3400,30.11,30.11,active,2026-09-29T17:00:00Z,2026-09-26T14:52:17+00:00
KXNFLRECYDS-26SEP27CARCLE,KXNFLRECYDS,KXNFLRECYDS-26SEP27CARCLE-CARXLEGETTE17-15,Xavier Legette: 15+ receiving yards,0.4700,0.4800,0.4800,8056.87,8056.87,active,2026-09-29T17:00:00Z,2026-09-26T14:52:17+00:00
KXNFLRECYDS-26SEP27CARCLE,KXNFLRECYDS,KXNFLRECYDS-26SEP27CARCLE-CARTMCMILLAN4-90,Tetairoa McMillan: 90+ receiving yards,0.2100,0.2700,0.2000,3.00,3.00,active,2026-09-29T17:00:00Z,2026-09-26T14:52:17+00:00
KXNFLRECYDS-26SEP27CARCLE,KXNFLRECYDS,KXNFLRECYDS-26SEP27CARCLE-CLEHFANNIN44-60,Harold Fannin Jr.: 60+ receiving yards,0.2000,0.2400,0.2100,10.01,10.01,active,2026-09-29T17:00:00Z,2026-09-26T14:52:17+00:00
KXNFLRECYDS-26SEP27CARCLE,KXNFLRECYDS,KXNFLRECYDS-26SEP27CARCLE-CARTTREMBLE82-50,Tommy Tremble: 50+ receiving yards,0.0200,0.0500,0.0000,0.00,0.00,active,2026-09-29T17:00:00Z,2026-09-26T14:52:17+00:00
KXNFLRECYDS-26SEP27CINPIT,KXNFLRECYDS,KXNFLRECYDS-26SEP27CINPIT-PITPFREIERMUTH88-60,Pat Freiermuth: 60+ receiving yards,0.2200,0.2300,0.2300,1041.50,1041.50,active,2026-09-29T17:00:00Z,2026-09-26T14:52:17+00:00
KXNFLRECYDS-26SEP27CINPIT,KXNFLRECYDS,KXNFLRECYDS-26SEP27CINPIT-CINMGESICKI88-70,Mike Gesicki: 70+ receiving yards,0.0200,0.0700,0.0000,0.00,0.00,active,2026-09-29T17:00:00Z,2026-09-26T14:52:17+00:00
KXNFLRECYDS-26SEP27CINPIT,KXNFLRECYDS,KXNFLRECYDS-26SEP27CINPIT-CINTHIGGINS5-90,Tee Higgins: 90+ receiving yards,0.1700,0.1900,0.2000,479.21,479.21,active,2026-09-29T17:00:00Z,2026-09-26T14:52:17+00:00
KXNFLRECYDS-26SEP27CINPIT,KXNFLRECYDS,KXNFLRECYDS-26SEP27CINPIT-CINJCHASE1-140,Ja'Marr Chase: 140+ receiving yards,0.0400,0.0900,0.0000,0.00,0.00,active,2026-09-29T17:00:00Z,2026-09-26T14:52:17+00:00
KXNFLRECYDS-26SEP27CINPIT,KXNFLRECYDS,KXNFLRECYDS-26SEP27CINPIT-CINJCHASE1-40,Ja'Marr Chase: 40+ receiving yards,0.8100,0.8500,0.8500,88.31,84.31,active,2026-09-29T17:00:00Z,2026-09-26T14:52:17+00:00
KXNFLRECYDS-26SEP27CINPIT,KXNFLRECYDS,KXNFLRECYDS-26SEP27CINPIT-PITDWASHINGTON80-40,Darnell Washington: 40+ receiving yards,0.1100,0.1400,0.0000,0.00,0.00,active,2026-09-29T17:00:00Z,2026-09-26T14:52:17+00:00
KXNFLRECYDS-26SEP27CINPIT,KXNFLRECYDS,KXNFLRECYDS-26SEP27CINPIT-CINTHIGGINS5-80,Tee Higgins: 80+ receiving yards,0.2400,0.2700,0.2700,3.52,3.52,active,2026-09-29T17:00:00Z,2026-09-26T14:52:17+00:00
KXNFLRECYDS-26SEP27CINPIT,KXNFLRECYDS,KXNFLRECYDS-26SEP27CINPIT-CINTHIGGINS5-130,Tee Higgins: 130+ receiving yards,0.0300,0.0600,0.0000,0.00,0.00,active,2026-09-29T17:00:00Z,2026-09-26T14:52:17+00:00
KXNFLRECYDS-26SEP27CINPIT,KXNFLRECYDS,KXNFLRECYDS-26SEP27CINPIT-PITRWILSON14-50,Roman Wilson: 50+ receiving yards,0.1200,0.1700,0.0000,0.00,0.00,active,2026-09-29T17:00:00Z,2026-09-26T14:52:17+00:00
KXNFLRECYDS-26SEP27CINPIT,KXNFLRECYDS,KXNFLRECYDS-26SEP27CINPIT-PITPFREIERMUTH88-80,Pat Freiermuth: 80+ receiving yards,0.0900,0.1100,0.1100,129.05,129.05,active,2026-09-29T17:00:00Z,2026-09-26T14:52:17+00:00
KXNFLRECYDS-26SEP27CINPIT,KXNFLRECYDS,KXNFLRECYDS-26SEP27CINPIT-PITRWILSON14-15,Roman Wilson: 15+ receiving yards,0.5300,0.6000,0.0000,0.00,0.00,active,2026-09-29T17:00:00Z,2026-09-26T14:52:17+00:00
KXNFLRECYDS-26SEP27CINPIT,KXNFLRECYDS,KXNFLRECYDS-26SEP27CINPIT-PITRWILSON14-70,Roman Wilson: 70+ receiving yards,0.0300,0.0800,0.0000,0.00,0.00,active,2026-09-29T17:00:00Z,2026-09-26T14:52:17+00:00
KXNFLRECYDS-26SEP27CINPIT,KXNFLRECYDS,KXNFLRECYDS-26SEP27CINPIT-PITDMETCALF4-120,DK Metcalf: 120+ receiving yards,0.0300,0.0600,0.0000,0.00,0.00,active,2026-09-29T17:00:00Z,2026-09-26T14:52:17+00:00
KXNFLRECYDS-26SEP27CINPIT,KXNFLRECYDS,KXNFLRECYDS-26SEP27CINPIT-CINTHIGGINS5-120,Tee Higgins: 120+ receiving yards,0.0300,0.0800,0.0000,0.00,0.00,active,2026-09-29T17:00:00Z,2026-09-26T14:52:17+00:00
KXNFLRECYDS-26SEP27CINPIT,KXNFLRECYDS,KXNFLRECYDS-26SEP27CINPIT-CINJCHASE1-150,Ja'Marr Chase: 150+ receiving yards,0.0300,0.0700,0.0000,0.00,0.00,active,2026-09-29T17:00:00Z,2026-09-26T14:52:17+00:00
KXNFLRECYDS-26SEP27CINPIT,KXNFLRECYDS,KXNFLRECYDS-26SEP27CINPIT-PITPFREIERMUTH88-90,Pat Freiermuth: 90+ receiving yards,0.0600,0.0700,0.0800,1208.90,1208.90,active,2026-09-29T17:00:00Z,2026-09-26T14:52:17+00:00
KXNFLRECYDS-26SEP27CINPIT,KXNFLRECYDS,KXNFLRECYDS-26SEP27CINPIT-CINMGESICKI88-40,Mike Gesicki: 40+ receiving yards,0.2400,0.2600,0.0000,0.00,0.00,active,2026-09-29T17:00:00Z,2026-09-26T14:52:17+00:00
KXNFLRECYDS-26SEP27CINPIT,KXNFLRECYDS,KXNFLRECYDS-26SEP27CINPIT-CINCBROWN30-25,Chase Brown: 25+ receiving yards,0.4300,0.4500,0.4300,2.20,2.20,active,2026-09-29T17:00:00Z,2026-09-26T14:52:17+00:00
KXNFLRECYDS-26SEP27CINPIT,KXNFLRECYDS,KXNFLRECYDS-26SEP27CINPIT-PITDMETCALF4-25,DK Metcalf: 25+ receiving yards,0.7800,0.8200,0.8200,25.00,25.00,active,2026-09-29T17:00:00Z,2026-09-26T14:52:17+00:00
KXNFLRECYDS-26SEP27CINPIT,KXNFLRECYDS,KXNFLRECYDS-26SEP27CINPIT-CINTHIGGINS5-50,Tee Higgins: 50+ receiving yards,0.5500,0.5700,0.5700,1634.53,1629.32,active,2026-09-29T17:00:00Z,2026-09-26T14:52:17+00:00
KXNFLRECYDS-26SEP27CINPIT,KXNFLRECYDS,KXNFLRECYDS-26SEP27CINPIT-PITDWASHINGTON80-15,Darnell Washington: 15+ receiving yards,0.5000,0.5100,0.5100,6758.14,6680.81,active,2026-09-29T17:00:00Z,2026-09-26T14:52:17+00:00
KXNFLRECYDS-26SEP27CINPIT,KXNFLRECYDS,KXNFLRECYDS-26SEP27CINPIT-CINTHIGGINS5-110,Tee Higgins: 110+ receiving yards,0.0600,0.1200,0.0000,0.00,0.00,active,2026-09-29T17:00:00Z,2026-09-26T14:52:17+00:00
KXNFLRECYDS-26SEP27CINPIT,KXNFLRECYDS,KXNFLRECYDS-26SEP27CINPIT-CINCBROWN30-40,Chase Brown: 40+ receiving yards,0.2100,0.2200,0.2100,102.05,98.04,active,2026-09-29T17:00:00Z,2026-09-26T14:52:17+00:00
KXNFLRECYDS-26SEP27CINPIT,KXNFLRECYDS,KXNFLRECYDS-26SEP27CINPIT-CINCBROWN30-50,Chase Brown: 50+ receiving yards,0.1200,0.1400,0.1300,454.25,432.50,active,2026-09-29T17:00:00Z,2026-09-26T14:52:17+00:00
KXNFLRECYDS-26SEP27CINPIT,KXNFLRECYDS,KXNFLRECYDS-26SEP27CINPIT-PITPFREIERMUTH88-35,Pat Freiermuth: 35+ receiving yards,0.5400,0.5500,0.5500,16374.65,15016.68,active,2026-09-29T17:00:00Z,2026-09-26T14:52:17+00:00
KXNFLRECYDS-26SEP27CINPIT,KXNFLRECYDS,KXNFLRECYDS-26SEP27CINPIT-CINJCHASE1-130,Ja'Marr Chase: 130+ receiving yards,0.1000,0.1200,0.1200,729.53,729.53,active,2026-09-29T17:00:00Z,2026-09-26T14:52:17+00:00
KXNFLRECYDS-26SEP27CINPIT,KXNFLRECYDS,KXNFLRECYDS-26SEP27CINPIT-CINTHIGGINS5-40,Tee Higgins: 40+ receiving yards,0.6500,0.6800,0.6800,30.46,24.84,active,2026-09-29T17:00:00Z,2026-09-26T14:52:17+00:00
KXNFLRECYDS-26SEP27CINPIT,KXNFLRECYDS,KXNFLRECYDS-26SEP27CINPIT-PITRWILSON14-80,Roman Wilson: 80+ receiving yards,0.0200,0.0500,0.0000,0.00,0.00,active,2026-09-29T17:00:00Z,2026-09-26T14:52:17+00:00
KXNFLRECYDS-26SEP27CINPIT,KXNFLRECYDS,KXNFLRECYDS-26SEP27CINPIT-PITPFREIERMUTH88-25,Pat Freiermuth: 25+ receiving yards,0.6800,0.7000,0.7000,120.11,98.48,active,2026-09-29T17:00:00Z,2026-09-26T14:52:17+00:00
KXNFLRECYDS-26SEP27CINPIT,KXNFLRECYDS,KXNFLRECYDS-26SEP27CINPIT-CINSPERINE34-25,Samaje Perine: 25+ receiving yards,0.1400,0.1500,0.1500,8089.59,8089.59,active,2026-09-29T17:00:00Z,2026-09-26T14:52:17+00:00
KXNFLRECYDS-26SEP27CINPIT,KXNFLRECYDS,KXNFLRECYDS-26SEP27CINPIT-CINSPERINE34-40,Samaje Perine: 40+ receiving yards,0.0300,0.0700,0.0000,0.00,0.00,active,2026-09-29T17:00:00Z,2026-09-26T14:52:17+00:00
KXNFLRECYDS-26SEP27CINPIT,KXNFLRECYDS,KXNFLRECYDS-26SEP27CINPIT-PITDWASHINGTON80-50,Darnell Washington: 50+ receiving yards,0.0600,0.0800,0.0800,34.35,34.35,active,2026-09-29T17:00:00Z,2026-09-26T14:52:17+00:00
KXNFLRECYDS-26SEP27CINPIT,KXNFLRECYDS,KXNFLRECYDS-26SEP27CINPIT-CINCBROWN30-15,Chase Brown: 15+ receiving yards,0.6500,0.6700,0.6500,91.86,89.05,active,2026-09-29T17:00:00Z,2026-09-26T14:52:17+00:00
KXNFLRECYDS-26SEP27CINPIT,KXNFLRECYDS,KXNFLRECYDS-26SEP27CINPIT-PITPFREIERMUTH88-50,Pat Freiermuth: 50+ receiving yards,0.3200,0.3400,0.3400,613.00,613.00,active,2026-09-29T17:00:00Z,2026-09-26T14:52:17+00:00
KXNFLRECYDS-26SEP27CINPIT,KXNFLRECYDS,KXNFLRECYDS-26SEP27CINPIT-CINMGESICKI88-15,Mike Gesicki: 15+ receiving yards,0.6600,0.6800,0.0000,0.00,0.00,active,2026-09-29T17:00:00Z,2026-09-26T14:52:17+00:00
KXNFLRECYDS-26SEP27CINPIT,KXNFLRECYDS,KXNFLRECYDS-26SEP27CINPIT-CINJCHASE1-70,Ja'Marr Chase: 70+ receiving yards,0.5500,0.5800,0.5800,1289.68,1285.50,active,2026-09-29T17:00:00Z,2026-09-26T14:52:17+00:00
KXNFLRECYDS-26SEP27CINPIT,KXNFLRECYDS,KXNFLRECYDS-26SEP27CINPIT-PITDMETCALF4-90,DK Metcalf: 90+ receiving yards,0.1700,0.1800,0.1700,3.38,3.38,active,2026-09-29T17:00:00Z,2026-09-26T14:52:17+00:00
KXNFLRECYDS-26SEP27CINPIT,KXNFLRECYDS,KXNFLRECYDS-26SEP27CINPIT-PITDMETCALF4-50,DK Metcalf: 50+ receiving yards,0.5400,0.5500,0.5400,3541.54,2430.53,active,2026-09-29T17:00:00Z,2026-09-26T14:52:17+00:00
KXNFLRECYDS-26SEP27CINPIT,KXNFLRECYDS,KXNFLRECYDS-26SEP27CINPIT-PITRWILSON14-60,Roman Wilson: 60+ receiving yards,0.0700,0.1200,0.0000,0.00,0.00,active,2026-09-29T17:00:00Z,2026-09-26T14:52:17+00:00
KXNFLRECYDS-26SEP27CINPIT,KXNFLRECYDS,KXNFLRECYDS-26SEP27CINPIT-PITRWILSON14-40,Roman Wilson: 40+ receiving yards,0.2000,0.2600,0.0000,0.00,0.00,active,2026-09-29T17:00:00Z,2026-09-26T14:52:17+00:00
KXNFLRECYDS-26SEP27CINPIT,KXNFLRECYDS,KXNFLRECYDS-26SEP27CINPIT-PITDMETCALF4-110,DK Metcalf: 110+ receiving yards,0.0500,0.0900,0.0000,0.00,0.00,active,2026-09-29T17:00:00Z,2026-09-26T14:52:17+00:00
KXNFLRECYDS-26SEP27CINPIT,KXNFLRECYDS,KXNFLRECYDS-26SEP27CINPIT-CINCBROWN30-70,Chase Brown: 70+ receiving yards,0.0200,0.0600,0.0000,0.00,0.00,active,2026-09-29T17:00:00Z,2026-09-26T14:52:17+00:00
KXNFLRECYDS-26SEP27CINPIT,KXNFLRECYDS,KXNFLRECYDS-26SEP27CINPIT-CINMGESICKI88-25,Mike Gesicki: 25+ receiving yards,0.4900,0.5000,0.4900,6877.56,5929.69,active,2026-09-29T17:00:00Z,2026-09-26T14:52:17+00:00
KXNFLRECYDS-26SEP27CINPIT,KXNFLRECYDS,KXNFLRECYDS-26SEP27CINPIT-PITDMETCALF4-70,DK Metcalf: 70+ receiving yards,0.3200,0.3300,0.3200,363.00,363.00,active,2026-09-29T17:00:00Z,2026-09-26T14:52:17+00:00
KXNFLRECYDS-26SEP27CINPIT,KXNFLRECYDS,KXNFLRECYDS-26SEP27CINPIT-CINTHIGGINS5-25,Tee Higgins: 25+ receiving yards,0.8000,0.8400,0.8300,14.62,14.62,active,2026-09-29T17:00:00Z,2026-09-26T14:52:17+00:00
KXNFLRECYDS-26SEP27CINPIT,KXNFLRECYDS,KXNFLRECYDS-26SEP27CINPIT-CINMGESICKI88-50,Mike Gesicki: 50+ receiving yards,0.1400,0.1700,0.0000,0.00,0.00,active,2026-09-29T17:00:00Z,2026-09-26T14:52:17+00:00
KXNFLRECYDS-26SEP27CINPIT,KXNFLRECYDS,KXNFLRECYDS-26SEP27CINPIT-PITDWASHINGTON80-25,Darnell Washington: 25+ receiving yards,0.2900,0.3100,0.3000,2060.62,2060.62,active,2026-09-29T17:00:00Z,2026-09-26T14:52:17+00:00
KXNFLRECYDS-26SEP27CINPIT,KXNFLRECYDS,KXNFLRECYDS-26SEP27CINPIT-CINJCHASE1-110,Ja'Marr Chase: 110+ receiving yards,0.1800,0.2200,0.1500,49.01,49.01,active,2026-09-29T17:00:00Z,2026-09-26T14:52:17+00:00
KXNFLRECYDS-26SEP27CINPIT,KXNFLRECYDS,KXNFLRECYDS-26SEP27CINPIT-CINTHIGGINS5-100,Tee Higgins: 100+ receiving yards,0.1200,0.1500,0.1400,833.36,833.36,active,2026-09-29T17:00:00Z,2026-09-26T14:52:17+00:00
KXNFLRECYDS-26SEP27CINPIT,KXNFLRECYDS,KXNFLRECYDS-26SEP27CINPIT-PITDMETCALF4-60,DK Metcalf: 60+ receiving yards,0.4100,0.4200,0.4200,1547.79,1547.79,active,2026-09-29T17:00:00Z,2026-09-26T14:52:17+00:00
KXNFLRECYDS-26SEP27CINPIT,KXNFLRECYDS,KXNFLRECYDS-26SEP27CINPIT-CINJCHASE1-60,Ja'Marr Chase: 60+ receiving yards,0.6400,0.6700,0.6700,37.96,37.96,active,2026-09-29T17:00:00Z,2026-09-26T14:52:17+00:00
KXNFLRECYDS-26SEP27CINPIT,KXNFLRECYDS,KXNFLRECYDS-26SEP27CINPIT-CINTHIGGINS5-60,Tee Higgins: 60+ receiving yards,0.4400,0.4600,0.4600,1132.13,1132.13,active,2026-09-29T17:00:00Z,2026-09-26T14:52:17+00:00
KXNFLRECYDS-26SEP27CINPIT,KXNFLRECYDS,KXNFLRECYDS-26SEP27CINPIT-CINJCHASE1-120,Ja'Marr Chase: 120+ receiving yards,0.1300,0.1700,0.1700,625.08,606.04,active,2026-09-29T17:00:00Z,2026-09-26T14:52:17+00:00
KXNFLRECYDS-26SEP27CINPIT,KXNFLRECYDS,KXNFLRECYDS-26SEP27CINPIT-CINJCHASE1-100,Ja'Marr Chase: 100+ receiving yards,0.2800,0.3000,0.3000,2125.44,2125.44,active,2026-09-29T17:00:00Z,2026-09-26T14:52:17+00:00
KXNFLRECYDS-26SEP27CINPIT,KXNFLRECYDS,KXNFLRECYDS-26SEP27CINPIT-CINJCHASE1-90,Ja'Marr Chase: 90+ receiving yards,0.3500,0.3800,0.3800,886.60,885.60,active,2026-09-29T17:00:00Z,2026-09-26T14:52:17+00:00
KXNFLRECYDS-26SEP27CINPIT,KXNFLRECYDS,KXNFLRECYDS-26SEP27CINPIT-CINEALL83-25,Erick All Jr.: 25+ receiving yards,0.1300,0.1500,0.1300,20.00,20.00,active,2026-09-29T17:00:00Z,2026-09-26T14:52:17+00:00
KXNFLRECYDS-26SEP27CINPIT,KXNFLRECYDS,KXNFLRECYDS-26SEP27CINPIT-CINJCHASE1-80,Ja'Marr Chase: 80+ receiving yards,0.4500,0.4700,0.4700,2120.08,2062.94,active,2026-09-29T17:00:00Z,2026-09-26T14:52:17+00:00
KXNFLRECYDS-26SEP27CINPIT,KXNFLRECYDS,KXNFLRECYDS-26SEP27CINPIT-PITDMETCALF4-40,DK Metcalf: 40+ receiving yards,0.6200,0.6600,0.6400,17.59,12.43,active,2026-09-29T17:00:00Z,2026-09-26T14:52:17+00:00
KXNFLRECYDS-26SEP27CINPIT,KXNFLRECYDS,KXNFLRECYDS-26SEP27CINPIT-CINCBROWN30-60,Chase Brown: 60+ receiving yards,0.0600,0.0900,0.0000,0.00,0.00,active,2026-09-29T17:00:00Z,2026-09-26T14:52:17+00:00
KXNFLRECYDS-26SEP27CINPIT,KXNFLRECYDS,KXNFLRECYDS-26SEP27CINPIT-CINJCHASE1-160,Ja'Marr Chase: 160+ receiving yards,0.0300,0.0500,0.0000,0.00,0.00,active,2026-09-29T17:00:00Z,2026-09-26T14:52:17+00:00
KXNFLRECYDS-26SEP27CINPIT,KXNFLRECYDS,KXNFLRECYDS-26SEP27CINPIT-CINSPERINE34-15,Samaje Perine: 15+ receiving yards,0.2500,0.3100,0.0000,0.00,0.00,active,2026-09-29T17:00:00Z,2026-09-26T14:52:17+00:00
KXNFLRECYDS-26SEP27CINPIT,KXNFLRECYDS,KXNFLRECYDS-26SEP27CINPIT-PITDMETCALF4-130,DK Metcalf: 130+ receiving yards,0.0200,0.0500,0.0000,0.00,0.00,active,2026-09-29T17:00:00Z,2026-09-26T14:52:17+00:00
KXNFLRECYDS-26SEP27CINPIT,KXNFLRECYDS,KXNFLRECYDS-26SEP27CINPIT-CINEALL83-15,Erick All Jr.: 15+ receiving yards,0.2700,0.2800,0.2500,800.00,800.00,active,2026-09-29T17:00:00Z,2026-09-26T14:52:17+00:00
KXNFLRECYDS-26SEP27CINPIT,KXNFLRECYDS,KXNFLRECYDS-26SEP27CINPIT-CINMGESICKI88-80,Mike Gesicki: 80+ receiving yards,0.0200,0.0500,0.0000,0.00,0.00,active,2026-09-29T17:00:00Z,2026-09-26T14:52:17+00:00
KXNFLRECYDS-26SEP27CINPIT,KXNFLRECYDS,KXNFLRECYDS-26SEP27CINPIT-CINEALL83-40,Erick All Jr.: 40+ receiving yards,0.0300,0.0500,0.0000,0.00,0.00,active,2026-09-29T17:00:00Z,2026-09-26T14:52:17+00:00
KXNFLRECYDS-26SEP27CINPIT,KXNFLRECYDS,KXNFLRECYDS-26SEP27CINPIT-PITRWILSON14-25,Roman Wilson: 25+ receiving yards,0.4200,0.4500,0.0000,0.00,0.00,active,2026-09-29T17:00:00Z,2026-09-26T14:52:17+00:00
KXNFLRECYDS-26SEP27CINPIT,KXNFLRECYDS,KXNFLRECYDS-26SEP27CINPIT-CINMGESICKI88-60,Mike Gesicki: 60+ receiving yards,0.0600,0.1100,0.0000,0.00,0.00,active,2026-09-29T17:00:00Z,2026-09-26T14:52:17+00:00
KXNFLRECYDS-26SEP27CINPIT,KXNFLRECYDS,KXNFLRECYDS-26SEP27CINPIT-CINJCHASE1-50,Ja'Marr Chase: 50+ receiving yards,0.7300,0.7700,0.7700,68.24,64.29,active,2026-09-29T17:00:00Z,2026-09-26T14:52:17+00:00
KXNFLRECYDS-26SEP27CINPIT,KXNFLRECYDS,KXNFLRECYDS-26SEP27CINPIT-PITPFREIERMUTH88-15,Pat Freiermuth: 15+ receiving yards,0.8200,0.8300,0.8300,11.01,11.01,active,2026-09-29T17:00:00Z,2026-09-26T14:52:17+00:00
KXNFLRECYDS-26SEP27CINPIT,KXNFLRECYDS,KXNFLRECYDS-26SEP27CINPIT-PITPFREIERMUTH88-40,Pat Freiermuth: 40+ receiving yards,0.4300,0.4400,0.4400,693.76,651.94,active,2026-09-29T17:00:00Z,2026-09-26T14:52:17+00:00
KXNFLRECYDS-26SEP27CINPIT,KXNFLRECYDS,KXNFLRECYDS-26SEP27CINPIT-PITPFREIERMUTH88-70,Pat Freiermuth: 70+ receiving yards,0.1500,0.1600,0.1600,2241.19,2241.19,active,2026-09-29T17:00:00Z,2026-09-26T14:52:17+00:00
KXNFLRECYDS-26SEP27CINPIT,KXNFLRECYDS,KXNFLRECYDS-26SEP27CINPIT-PITDMETCALF4-100,DK Metcalf: 100+ receiving yards,0.1100,0.1300,0.1300,171.00,171.00,active,2026-09-29T17:00:00Z,2026-09-26T14:52:17+00:00
KXNFLRECYDS-26SEP27CINPIT,KXNFLRECYDS,KXNFLRECYDS-26SEP27CINPIT-PITDMETCALF4-80,DK Metcalf: 80+ receiving yards,0.2300,0.2400,0.2500,92.00,92.00,active,2026-09-29T17:00:00Z,2026-09-26T14:52:17+00:00
KXNFLRECYDS-26SEP27CINPIT,KXNFLRECYDS,KXNFLRECYDS-26SEP27CINPIT-CINTHIGGINS5-70,Tee Higgins: 70+ receiving yards,0.3300,0.3500,0.3600,132.93,132.93,active,2026-09-29T17:00:00Z,2026-09-26T14:52:17+00:00
KXNFLRECYDS-26SEP27HOUIND,KXNFLRECYDS,KXNFLRECYDS-26SEP27HOUIND-INDJDOWNS2-70,Josh Downs: 70+ receiving yards,0.2700,0.3000,0.3000,31.21,31.21,active,2026-09-29T17:00:00Z,2026-09-26T14:52:17+00:00
KXNFLRECYDS-26SEP27HOUIND,KXNFLRECYDS,KXNFLRECYDS-26SEP27HOUIND-INDKALLEN10-15,Keenan Allen: 15+ receiving yards,0.7800,0.8000,0.7800,2.00,1.00,active,2026-09-29T17:00:00Z,2026-09-26T14:52:17+00:00
KXNFLRECYDS-26SEP27HOUIND,KXNFLRECYDS,KXNFLRECYDS-26SEP27HOUIND-INDLTREADWELL13-70,Laquon Treadwell: 70+ receiving yards,0.0300,0.0600,0.0000,0.00,0.00,active,2026-09-29T17:00:00Z,2026-09-26T14:52:17+00:00
KXNFLRECYDS-26SEP27HOUIND,KXNFLRECYDS,KXNFLRECYDS-26SEP27HOUIND-HOUJNOEL13-80,Jaylin Noel: 80+ receiving yards,0.0500,0.0900,0.0900,20.89,20.89,active,2026-09-29T17:00:00Z,2026-09-26T14:52:17+00:00
KXNFLRECYDS-26SEP27HOUIND,KXNFLRECYDS,KXNFLRECYDS-26SEP27HOUIND-INDJDOWNS2-100,Josh Downs: 100+ receiving yards,0.0700,0.1200,0.0000,0.00,0.00,active,2026-09-29T17:00:00Z,2026-09-26T14:52:17+00:00
KXNFLRECYDS-26SEP27HOUIND,KXNFLRECYDS,KXNFLRECYDS-26SEP27HOUIND-INDJDOWNS2-120,Josh Downs: 120+ receiving yards,0.0300,0.0600,0.0000,0.00,0.00,active,2026-09-29T17:00:00Z,2026-09-26T14:52:17+00:00
KXNFLRECYDS-26SEP27HOUIND,KXNFLRECYDS,KXNFLRECYDS-26SEP27HOUIND-INDTWARREN84-45,Tyler Warren: 45+ receiving yards,0.5000,0.5200,0.4900,507.03,497.90,active,2026-09-29T17:00:00Z,2026-09-26T14:52:17+00:00
KXNFLRECYDS-26SEP27HOUIND,KXNFLRECYDS,KXNFLRECYDS-26SEP27HOUIND-INDJTAYLOR28-60,Jonathan Taylor: 60+ receiving yards,0.0500,0.1000,0.0000,0.00,0.00,active,2026-09-29T17:00:00Z,2026-09-26T14:52:17+00:00
KXNFLRECYDS-26SEP27HOUIND,KXNFLRECYDS,KXNFLRECYDS-26SEP27HOUIND-HOUJWAYNE17-15,Jared Wayne: 15+ receiving yards,0.5100,0.5300,0.5000,48.30,48.30,active,2026-09-29T17:00:00Z,2026-09-26T14:52:17+00:00
KXNFLRECYDS-26SEP27HOUIND,KXNFLRECYDS,KXNFLRECYDS-26SEP27HOUIND-INDJDOWNS2-90,Josh Downs: 90+ receiving yards,0.1200,0.1600,0.1200,1.00,1.00,active,2026-09-29T17:00:00Z,2026-09-26T14:52:17+00:00
KXNFLRECYDS-26SEP27HOUIND,KXNFLRECYDS,KXNFLRECYDS-26SEP27HOUIND-HOUDMONTGOMERY32-15,David Montgomery: 15+ receiving yards,0.3100,0.3200,0.3200,984.80,984.80,active,2026-09-29T17:00:00Z,2026-09-26T14:52:17+00:00
KXNFLRECYDS-26SEP27HOUIND,KXNFLRECYDS,KXNFLRECYDS-26SEP27HOUIND-INDKALLEN10-25,Keenan Allen: 25+ receiving yards,0.6100,0.6400,0.0000,0.00,0.00,active,2026-09-29T17:00:00Z,2026-09-26T14:52:17+00:00
KXNFLRECYDS-26SEP27HOUIND,KXNFLRECYDS,KXNFLRECYDS-26SEP27HOUIND-INDLTREADWELL13-25,Laquon Treadwell: 25+ receiving yards,0.3600,0.3900,0.3900,75.44,75.44,active,2026-09-29T17:00:00Z,2026-09-26T14:52:17+00:00
KXNFLRECYDS-26SEP27HOUIND,KXNFLRECYDS,KXNFLRECYDS-26SEP27HOUIND-INDDSLAYTON11-60,Darius Slayton: 60+ receiving yards,0.0300,0.0600,0.0000,0.00,0.00,active,2026-09-29T17:00:00Z,2026-09-26T14:52:17+00:00
KXNFLRECYDS-26SEP27HOUIND,KXNFLRECYDS,KXNFLRECYDS-26SEP27HOUIND-INDLTREADWELL13-60,Laquon Treadwell: 60+ receiving yards,0.0600,0.1000,0.0000,0.00,0.00,active,2026-09-29T17:00:00Z,2026-09-26T14:52:17+00:00
KXNFLRECYDS-26SEP27HOUIND,KXNFLRECYDS,KXNFLRECYDS-26SEP27HOUIND-INDJDOWNS2-110,Josh Downs: 110+ receiving yards,0.0500,0.0900,0.0000,0.00,0.00,active,2026-09-29T17:00:00Z,2026-09-26T14:52:17+00:00
KXNFLRECYDS-26SEP27HOUIND,KXNFLRECYDS,KXNFLRECYDS-26SEP27HOUIND-INDJTAYLOR28-15,Jonathan Taylor: 15+ receiving yards,0.6400,0.6700,0.6700,21.88,21.88,active,2026-09-29T17:00:00Z,2026-09-26T14:52:17+00:00
KXNFLRECYDS-26SEP27HOUIND,KXNFLRECYDS,KXNFLRECYDS-26SEP27HOUIND-INDJDOWNS2-80,Josh Downs: 80+ receiving yards,0.1800,0.2100,0.2200,169.56,169.56,active,2026-09-29T17:00:00Z,2026-09-26T14:52:17+00:00
KXNFLRECYDS-26SEP27HOUIND,KXNFLRECYDS,KXNFLRECYDS-26SEP27HOUIND-HOUWMARKS4-25,Woody Marks: 25+ receiving yards,0.2200,0.2300,0.0000,0.00,0.00,active,2026-09-29T17:00:00Z,2026-09-26T14:52:17+00:00
KXNFLRECYDS-26SEP27HOUIND,KXNFLRECYDS,KXNFLRECYDS-26SEP27HOUIND-INDLTREADWELL13-50,Laquon Treadwell: 50+ receiving yards,0.1100,0.1500,0.1500,15.73,15.73,active,2026-09-29T17:00:00Z,2026-09-26T14:52:17+00:00
KXNFLRECYDS-26SEP27HOUIND,KXNFLRECYDS,KXNFLRECYDS-26SEP27HOUIND-HOUJWAYNE17-60,Jared Wayne: 60+ receiving yards,0.0800,0.1000,0.1000,1429.42,1429.42,active,2026-09-29T17:00:00Z,2026-09-26T14:52:17+00:00
KXNFLRECYDS-26SEP27HOUIND,KXNFLRECYDS,KXNFLRECYDS-26SEP27HOUIND-HOUDMONTGOMERY32-50,David Montgomery: 50+ receiving yards,0.0200,0.0400,0.0000,0.00,0.00,active,2026-09-29T17:00:00Z,2026-09-26T14:52:17+00:00
KXNFLRECYDS-26SEP27HOUIND,KXNFLRECYDS,KXNFLRECYDS-26SEP27HOUIND-HOUJNOEL13-70,Jaylin Noel: 70+ receiving yards,0.0900,0.1300,0.1100,71.69,71.69,active,2026-09-29T17:00:00Z,2026-09-26T14:52:17+00:00
KXNFLRECYDS-26SEP27HOUIND,KXNFLRECYDS,KXNFLRECYDS-26SEP27HOUIND-HOUDMONTGOMERY32-40,David Montgomery: 40+ receiving yards,0.0300,0.0700,0.0000,0.00,0.00,active,2026-09-29T17:00:00Z,2026-09-26T14:52:17+00:00
KXNFLRECYDS-26SEP27HOUIND,KXNFLRECYDS,KXNFLRECYDS-26SEP27HOUIND-HOUWMARKS4-40,Woody Marks: 40+ receiving yards,0.0900,0.1000,0.1000,47.03,47.03,active,2026-09-29T17:00:00Z,2026-09-26T14:52:17+00:00
KXNFLRECYDS-26SEP27HOUIND,KXNFLRECYDS,KXNFLRECYDS-26SEP27HOUIND-HOUWMARKS4-50,Woody Marks: 50+ receiving yards,0.0400,0.0600,0.0600,78.18,78.18,active,2026-09-29T17:00:00Z,2026-09-26T14:52:17+00:00
KXNFLRECYDS-26SEP27HOUIND,KXNFLRECYDS,KXNFLRECYDS-26SEP27HOUIND-HOUWMARKS4-15,Woody Marks: 15+ receiving yards,0.4100,0.4300,0.4300,290.42,290.42,active,2026-09-29T17:00:00Z,2026-09-26T14:52:17+00:00
KXNFLRECYDS-26SEP27HOUIND,KXNFLRECYDS,KXNFLRECYDS-26SEP27HOUIND-INDJDOWNS2-25,Josh Downs: 25+ receiving yards,0.7900,0.8200,0.0000,0.00,0.00,active,2026-09-29T17:00:00Z,2026-09-26T14:52:17+00:00
KXNFLRECYDS-26SEP27HOUIND,KXNFLRECYDS,KXNFLRECYDS-26SEP27HOUIND-INDJDOWNS2-60,Josh Downs: 60+ receiving yards,0.3700,0.4000,0.4000,195.10,195.10,active,2026-09-29T17:00:00Z,2026-09-26T14:52:17+00:00
KXNFLRECYDS-26SEP27HOUIND,KXNFLRECYDS,KXNFLRECYDS-26SEP27HOUIND-HOUJNOEL13-15,Jaylin Noel: 15+ receiving yards,0.6900,0.7200,0.0000,0.00,0.00,active,2026-09-29T17:00:00Z,2026-09-26T14:52:17+00:00
KXNFLRECYDS-26SEP27HOUIND,KXNFLRECYDS,KXNFLRECYDS-26SEP27HOUIND-INDDSLAYTON11-40,Darius Slayton: 40+ receiving yards,0.1100,0.1400,0.1400,385.41,385.41,active,2026-09-29T17:00:00Z,2026-09-26T14:52:17+00:00
KXNFLRECYDS-26SEP27HOUIND,KXNFLRECYDS,KXNFLRECYDS-26SEP27HOUIND-INDDSLAYTON11-50,Darius Slayton: 50+ receiving yards,0.0600,0.0900,0.0900,522.28,522.28,active,2026-09-29T17:00:00Z,2026-09-26T14:52:17+00:00
KXNFLRECYDS-26SEP27HOUIND,KXNFLRECYDS,KXNFLRECYDS-26SEP27HOUIND-INDDSLAYTON11-25,Darius Slayton: 25+ receiving yards,0.2500,0.2900,0.2900,190.25,190.25,active,2026-09-29T17:00:00Z,2026-09-26T14:52:17+00:00
KXNFLRECYDS-26SEP27HOUIND,KXNFLRECYDS,KXNFLRECYDS-26SEP27HOUIND-HOUJNOEL13-25,Jaylin Noel: 25+ receiving yards,0.5500,0.5600,0.5600,5969.56,5969.56,active,2026-09-29T17:00:00Z,2026-09-26T14:52:17+00:00
KXNFLRECYDS-26SEP27HOUIND,KXNFLRECYDS,KXNFLRECYDS-26SEP27HOUIND-HOUDSCHULTZ86-50,Dalton Schultz: 50+ receiving yards,0.5400,0.5600,0.5600,5425.57,5392.59,active,2026-09-29T17:00:00Z,2026-09-26T14:52:17+00:00
KXNFLRECYDS-26SEP27HOUIND,KXNFLRECYDS,KXNFLRECYDS-26SEP27HOUIND-HOUDMONTGOMERY32-25,David Montgomery: 25+ receiving yards,0.1400,0.1500,0.1500,9372.45,9372.45,active,2026-09-29T17:00:00Z,2026-09-26T14:52:17+00:00
KXNFLRECYDS-26SEP27HOUIND,KXNFLRECYDS,KXNFLRECYDS-26SEP27HOUIND-INDJTAYLOR28-50,Jonathan Taylor: 50+ receiving yards,0.1000,0.1500,0.0000,0.00,0.00,active,2026-09-29T17:00:00Z,2026-09-26T14:52:17+00:00
KXNFLRECYDS-26SEP27HOUIND,KXNFLRECYDS,KXNFLRECYDS-26SEP27HOUIND-INDKALLEN10-50,Keenan Allen: 50+ receiving yards,0.2400,0.2800,0.0000,0.00,0.00,active,2026-09-29T17:00:00Z,2026-09-26T14:52:17+00:00
KXNFLRECYDS-26SEP27HOUIND,KXNFLRECYDS,KXNFLRECYDS-26SEP27HOUIND-INDLTREADWELL13-40,Laquon Treadwell: 40+ receiving yards,0.1900,0.2200,0.2200,21.77,21.77,active,2026-09-29T17:00:00Z,2026-09-26T14:52:17+00:00
KXNFLRECYDS-26SEP27HOUIND,KXNFLRECYDS,KXNFLRECYDS-26SEP27HOUIND-HOUJWAYNE17-40,Jared Wayne: 40+ receiving yards,0.1700,0.2000,0.2000,2398.71,2398.71,active,2026-09-29T17:00:00Z,2026-09-26T14:52:17+00:00
KXNFLRECYDS-26SEP27HOUIND,KXNFLRECYDS,KXNFLRECYDS-26SEP27HOUIND-INDJTAYLOR28-40,Jonathan Taylor: 40+ receiving yards,0.1900,0.2300,0.2000,38.79,20.62,active,2026-09-29T17:00:00Z,2026-09-26T14:52:17+00:00
KXNFLRECYDS-26SEP27HOUIND,KXNFLRECYDS,KXNFLRECYDS-26SEP27HOUIND-INDJTAYLOR28-20,Jonathan Taylor: 20+ receiving yards,0.5300,0.5400,0.5300,4768.85,4360.21,active,2026-09-29T17:00:00Z,2026-09-26T14:52:17+00:00
KXNFLRECYDS-26SEP27HOUIND,KXNFLRECYDS,KXNFLRECYDS-26SEP27HOUIND-HOUJWAYNE17-50,Jared Wayne: 50+ receiving yards,0.1000,0.1200,0.1000,178.35,178.35,active,2026-09-29T17:00:00Z,2026-09-26T14:52:17+00:00
KXNFLRECYDS-26SEP27HOUIND,KXNFLRECYDS,KXNFLRECYDS-26SEP27HOUIND-INDJDOWNS2-40,Josh Downs: 40+ receiving yards,0.6200,0.6300,0.6100,268.20,268.20,active,2026-09-29T17:00:00Z,2026-09-26T14:52:17+00:00
KXNFLRECYDS-26SEP27HOUIND,KXNFLRECYDS,KXNFLRECYDS-26SEP27HOUIND-INDKALLEN10-60,Keenan Allen: 60+ receiving yards,0.1500,0.1900,0.1900,3.00,3.00,active,2026-09-29T17:00:00Z,2026-09-26T14:52:17+00:00
KXNFLRECYDS-26SEP27HOUIND,KXNFLRECYDS,KXNFLRECYDS-26SEP27HOUIND-HOUJWAYNE17-25,Jared Wayne: 25+ receiving yards,0.3300,0.3500,0.3500,77.30,77.30,active,2026-09-29T17:00:00Z,2026-09-26T14:52:17+00:00
KXNFLRECYDS-26SEP27HOUIND,KXNFLRECYDS,KXNFLRECYDS-26SEP27HOUIND-INDKALLEN10-70,Keenan Allen: 70+ receiving yards,0.1000,0.1300,0.1300,37.00,37.00,active,2026-09-29T17:00:00Z,2026-09-26T14:52:17+00:00
KXNFLRECYDS-26SEP27HOUIND,KXNFLRECYDS,KXNFLRECYDS-26SEP27HOUIND-INDKALLEN10-40,Keenan Allen: 40+ receiving yards,0.3900,0.4000,0.4000,675.96,675.96,active,2026-09-29T17:00:00Z,2026-09-26T14:52:17+00:00
KXNFLRECYDS-26SEP27HOUIND,KXNFLRECYDS,KXNFLRECYDS-26SEP27HOUIND-HOUJNOEL13-40,Jaylin Noel: 40+ receiving yards,0.3300,0.3500,0.3400,370.30,370.30,active,2026-09-29T17:00:00Z,2026-09-26T14:52:17+00:00
KXNFLRECYDS-26SEP27HOUIND,KXNFLRECYDS,KXNFLRECYDS-26SEP27HOUIND-HOUJNOEL13-50,Jaylin Noel: 50+ receiving yards,0.2300,0.2500,0.2400,14.91,14.91,active,2026-09-29T17:00:00Z,2026-09-26T14:52:17+00:00
KXNFLRECYDS-26SEP27HOUIND,KXNFLRECYDS,KXNFLRECYDS-26SEP27HOUIND-HOUXHUTCHINSON19-40,Xavier Hutchinson: 40+ receiving yards,0.4800,0.5100,0.5000,548.25,548.25,active,2026-09-29T17:00:00Z,2026-09-26T14:52:17+00:00
KXNFLRECYDS-26SEP27HOUIND,KXNFLRECYDS,KXNFLRECYDS-26SEP27HOUIND-INDDSLAYTON11-15,Darius Slayton: 15+ receiving yards,0.4300,0.4500,0.4500,2871.08,2871.08,active,2026-09-29T17:00:00Z,2026-09-26T14:52:17+00:00
KXNFLRECYDS-26SEP27HOUIND,KXNFLRECYDS,KXNFLRECYDS-26SEP27HOUIND-INDLTREADWELL13-15,Laquon Treadwell: 15+ receiving yards,0.5300,0.5500,0.5600,251.11,251.11,active,2026-09-29T17:00:00Z,2026-09-26T14:52:17+00:00
KXNFLRECYDS-26SEP27HOUIND,KXNFLRECYDS,KXNFLRECYDS-26SEP27HOUIND-INDKALLEN10-90,Keenan Allen: 90+ receiving yards,0.0300,0.0700,0.0000,0.00,0.00,active,2026-09-29T17:00:00Z,2026-09-26T14:52:17+00:00
KXNFLRECYDS-26SEP27HOUIND,KXNFLRECYDS,KXNFLRECYDS-26SEP27HOUIND-INDKALLEN10-100,Keenan Allen: 100+ receiving yards,0.0200,0.0500,0.0000,0.00,0.00,active,2026-09-29T17:00:00Z,2026-09-26T14:52:17+00:00
KXNFLRECYDS-26SEP27HOUIND,KXNFLRECYDS,KXNFLRECYDS-26SEP27HOUIND-INDJDOWNS2-50,Josh Downs: 50+ receiving yards,0.5000,0.5100,0.5200,394.91,387.91,active,2026-09-29T17:00:00Z,2026-09-26T14:52:17+00:00
KXNFLRECYDS-26SEP27HOUIND,KXNFLRECYDS,KXNFLRECYDS-26SEP27HOUIND-INDJTAYLOR28-25,Jonathan Taylor: 25+ receiving yards,0.4200,0.4500,0.4100,10.00,10.00,active,2026-09-29T17:00:00Z,2026-09-26T14:52:17+00:00
KXNFLRECYDS-26SEP27HOUIND,KXNFLRECYDS,KXNFLRECYDS-26SEP27HOUIND-HOUJNOEL13-60,Jaylin Noel: 60+ receiving yards,0.1500,0.1800,0.1800,62.26,62.26,active,2026-09-29T17:00:00Z,2026-09-26T14:52:17+00:00
KXNFLRECYDS-26SEP27HOUIND,KXNFLRECYDS,KXNFLRECYDS-26SEP27HOUIND-INDJTAYLOR28-70,Jonathan Taylor: 70+ receiving yards,0.0500,0.0700,0.0800,60.62,60.62,active,2026-09-29T17:00:00Z,2026-09-26T14:52:17+00:00
KXNFLRECYDS-26SEP27HOUIND,KXNFLRECYDS,KXNFLRECYDS-26SEP27HOUIND-INDKALLEN10-80,Keenan Allen: 80+ receiving yards,0.0300,0.1000,0.0000,0.00,0.00,active,2026-09-29T17:00:00Z,2026-09-26T14:52:17+00:00
KXNFLRECYDS-26SEP27HOUIND,KXNFLRECYDS,KXNFLRECYDS-26SEP27HOUIND-HOUKBOUTTE14-35,Kayshon Boutte: 35+ receiving yards,0.5300,0.5400,0.5400,629.65,629.65,active,2026-09-29T17:00:00Z,2026-09-26T14:52:17+00:00
KXNFLRECYDS-26SEP27KCMIA,KXNFLRECYDS,KXNFLRECYDS-26SEP27KCMIA-MIAMWASHINGTON6-100,Malik Washington: 100+ receiving yards,0.0500,0.0600,0.0600,2900.00,2900.00,active,2026-09-29T17:00:00Z,2026-09-26T14:52:17+00:00
KXNFLRECYDS-26SEP27KCMIA,KXNFLRECYDS,KXNFLRECYDS-26SEP27KCMIA-KCXWORTHY1-90,Xavier Worthy: 90+ receiving yards,0.0800,0.0900,0.0000,0.00,0.00,active,2026-09-29T17:00:00Z,2026-09-26T14:52:17+00:00
KXNFLRECYDS-26SEP27KCMIA,KXNFLRECYDS,KXNFLRECYDS-26SEP27KCMIA-MIADACHANE28-40,De'Von Achane: 40+ receiving yards,0.2600,0.3000,0.3000,20.36,16.36,active,2026-09-29T17:00:00Z,2026-09-26T14:52:17+00:00
KXNFLRECYDS-26SEP27KCMIA,KXNFLRECYDS,KXNFLRECYDS-26SEP27KCMIA-KCTKELCE87-110,Travis Kelce: 110+ receiving yards,0.0400,0.0800,0.0000,0.00,0.00,active,2026-09-29T17:00:00Z,2026-09-26T14:52:17+00:00
KXNFLRECYDS-26SEP27KCMIA,KXNFLRECYDS,KXNFLRECYDS-26SEP27KCMIA-KCXWORTHY1-15,Xavier Worthy: 15+ receiving yards,0.8100,0.8200,0.8200,28.65,27.65,active,2026-09-29T17:00:00Z,2026-09-26T14:52:17+00:00
KXNFLRECYDS-26SEP27KCMIA,KXNFLRECYDS,KXNFLRECYDS-26SEP27KCMIA-KCTKELCE87-120,Travis Kelce: 120+ receiving yards,0.0500,0.0600,0.0000,0.00,0.00,active,2026-09-29T17:00:00Z,2026-09-26T14:52:17+00:00
KXNFLRECYDS-26SEP27KCMIA,KXNFLRECYDS,KXNFLRECYDS-26SEP27KCMIA-KCKWALKER9-60,Kenneth Walker III: 60+ receiving yards,0.0500,0.0900,0.0900,41.77,41.77,active,2026-09-29T17:00:00Z,2026-09-26T14:52:17+00:00
KXNFLRECYDS-26SEP27KCMIA,KXNFLRECYDS,KXNFLRECYDS-26SEP27KCMIA-KCRRICE4-120,Rashee Rice: 120+ receiving yards,0.0300,0.0600,0.0000,0.00,0.00,active,2026-09-29T17:00:00Z,2026-09-26T14:52:17+00:00
KXNFLRECYDS-26SEP27KCMIA,KXNFLRECYDS,KXNFLRECYDS-26SEP27KCMIA-MIAGDULCICH85-70,Greg Dulcich: 70+ receiving yards,0.0300,0.0800,0.0500,1.00,1.00,active,2026-09-29T17:00:00Z,2026-09-26T14:52:17+00:00
KXNFLRECYDS-26SEP27KCMIA,KXNFLRECYDS,KXNFLRECYDS-26SEP27KCMIA-MIACBELL18-50,Chris Bell: 50+ receiving yards,0.1200,0.1700,0.0000,0.00,0.00,active,2026-09-29T17:00:00Z,2026-09-26T14:52:17+00:00
KXNFLRECYDS-26SEP27KCMIA,KXNFLRECYDS,KXNFLRECYDS-26SEP27KCMIA-MIAKCOLEMAN21-60,Kevin Coleman Jr.: 60+ receiving yards,0.0300,0.0800,0.0000,0.00,0.00,active,2026-09-29T17:00:00Z,2026-09-26T14:52:17+00:00
KXNFLRECYDS-26SEP27KCMIA,KXNFLRECYDS,KXNFLRECYDS-26SEP27KCMIA-MIACBELL18-25,Chris Bell: 25+ receiving yards,0.3700,0.4300,0.0000,0.00,0.00,active,2026-09-29T17:00:00Z,2026-09-26T14:52:17+00:00
KXNFLRECYDS-26SEP27KCMIA,KXNFLRECYDS,KXNFLRECYDS-26SEP27KCMIA-MIACBELL18-15,Chris Bell: 15+ receiving yards,0.4600,0.5900,0.0000,0.00,0.00,active,2026-09-29T17:00:00Z,2026-09-26T14:52:17+00:00
KXNFLRECYDS-26SEP27KCMIA,KXNFLRECYDS,KXNFLRECYDS-26SEP27KCMIA-MIAKCOLEMAN21-40,Kevin Coleman Jr.: 40+ receiving yards,0.1500,0.2000,0.0000,0.00,0.00,active,2026-09-29T17:00:00Z,2026-09-26T14:52:17+00:00
KXNFLRECYDS-26SEP27KCMIA,KXNFLRECYDS,KXNFLRECYDS-26SEP27KCMIA-MIAGDULCICH85-60,Greg Dulcich: 60+ receiving yards,0.0700,0.1100,0.0000,0.00,0.00,active,2026-09-29T17:00:00Z,2026-09-26T14:52:17+00:00
KXNFLRECYDS-26SEP27KCMIA,KXNFLRECYDS,KXNFLRECYDS-26SEP27KCMIA-KCKWALKER9-70,Kenneth Walker III: 70+ receiving yards,0.0500,0.0600,0.0600,266.54,266.54,active,2026-09-29T17:00:00Z,2026-09-26T14:52:17+00:00
KXNFLRECYDS-26SEP27KCMIA,KXNFLRECYDS,KXNFLRECYDS-26SEP27KCMIA-MIACBELL18-60,Chris Bell: 60+ receiving yards,0.0700,0.1100,0.0000,0.00,0.00,active,2026-09-29T17:00:00Z,2026-09-26T14:52:17+00:00
KXNFLRECYDS-26SEP27KCMIA,KXNFLRECYDS,KXNFLRECYDS-26SEP27KCMIA-MIADACHANE28-50,De'Von Achane: 50+ receiving yards,0.1600,0.1900,0.1600,3.00,3.00,active,2026-09-29T17:00:00Z,2026-09-26T14:52:17+00:00
KXNFLRECYDS-26SEP27KCMIA,KXNFLRECYDS,KXNFLRECYDS-26SEP27KCMIA-KCTTHORNTON2-70,Tyquan Thornton: 70+ receiving yards,0.0500,0.1100,0.0000,0.00,0.00,active,2026-09-29T17:00:00Z,2026-09-26T14:52:17+00:00
KXNFLRECYDS-26SEP27KCMIA,KXNFLRECYDS,KXNFLRECYDS-26SEP27KCMIA-KCKWALKER9-40,Kenneth Walker III: 40+ receiving yards,0.2000,0.2300,0.2300,232.76,232.76,active,2026-09-29T17:00:00Z,2026-09-26T14:52:17+00:00
KXNFLRECYDS-26SEP27KCMIA,KXNFLRECYDS,KXNFLRECYDS-26SEP27KCMIA-KCTTHORNTON2-60,Tyquan Thornton: 60+ receiving yards,0.1000,0.1300,0.1300,1066.75,1066.75,active,2026-09-29T17:00:00Z,2026-09-26T14:52:17+00:00
KXNFLRECYDS-26SEP27KCMIA,KXNFLRECYDS,KXNFLRECYDS-26SEP27KCMIA-MIAGDULCICH85-25,Greg Dulcich: 25+ receiving yards,0.4400,0.4700,0.4800,440.29,440.29,active,2026-09-29T17:00:00Z,2026-09-26T14:52:17+00:00
KXNFLRECYDS-26SEP27KCMIA,KXNFLRECYDS,KXNFLRECYDS-26SEP27KCMIA-KCTTHORNTON2-80,Tyquan Thornton: 80+ receiving yards,0.0500,0.0800,0.0000,0.00,0.00,active,2026-09-29T17:00:00Z,2026-09-26T14:52:17+00:00
KXNFLRECYDS-26SEP27KCMIA,KXNFLRECYDS,KXNFLRECYDS-26SEP27KCMIA-KCTKELCE87-90,Travis Kelce: 90+ receiving yards,0.1200,0.1700,0.1600,16.60,16.60,active,2026-09-29T17:00:00Z,2026-09-26T14:52:17+00:00
KXNFLRECYDS-26SEP27KCMIA,KXNFLRECYDS,KXNFLRECYDS-26SEP27KCMIA-KCRRICE4-70,Rashee Rice: 70+ receiving yards,0.2500,0.2700,0.2900,292.40,292.40,active,2026-09-29T17:00:00Z,2026-09-26T14:52:17+00:00
KXNFLRECYDS-26SEP27KCMIA,KXNFLRECYDS,KXNFLRECYDS-26SEP27KCMIA-KCXWORTHY1-80,Xavier Worthy: 80+ receiving yards,0.1100,0.1200,0.1200,2.78,2.78,active,2026-09-29T17:00:00Z,2026-09-26T14:52:17+00:00
KXNFLRECYDS-26SEP27KCMIA,KXNFLRECYDS,KXNFLRECYDS-26SEP27KCMIA-KCXWORTHY1-60,Xavier Worthy: 60+ receiving yards,0.2400,0.2600,0.2500,19.00,19.00,active,2026-09-29T17:00:00Z,2026-09-26T14:52:17+00:00
KXNFLRECYDS-26SEP27KCMIA,KXNFLRECYDS,KXNFLRECYDS-26SEP27KCMIA-KCRRICE4-60,Rashee Rice: 60+ receiving yards,0.3500,0.3600,0.3700,480.47,419.94,active,2026-09-29T17:00:00Z,2026-09-26T14:52:17+00:00
KXNFLRECYDS-26SEP27KCMIA,KXNFLRECYDS,KXNFLRECYDS-26SEP27KCMIA-KCRRICE4-90,Rashee Rice: 90+ receiving yards,0.1100,0.1400,0.1600,141.00,141.00,active,2026-09-29T17:00:00Z,2026-09-26T14:52:17+00:00
KXNFLRECYDS-26SEP27KCMIA,KXNFLRECYDS,KXNFLRECYDS-26SEP27KCMIA-KCTKELCE87-80,Travis Kelce: 80+ receiving yards,0.1900,0.2200,0.0000,0.00,0.00,active,2026-09-29T17:00:00Z,2026-09-26T14:52:17+00:00
KXNFLRECYDS-26SEP27KCMIA,KXNFLRECYDS,KXNFLRECYDS-26SEP27KCMIA-KCRRICE4-100,Rashee Rice: 100+ receiving yards,0.0800,0.1100,0.1100,108.57,108.57,active,2026-09-29T17:00:00Z,2026-09-26T14:52:17+00:00
KXNFLRECYDS-26SEP27KCMIA,KXNFLRECYDS,KXNFLRECYDS-26SEP27KCMIA-KCTKELCE87-50,Travis Kelce: 50+ receiving yards,0.5000,0.5300,0.5300,1030.20,928.17,active,2026-09-29T17:00:00Z,2026-09-26T14:52:17+00:00
KXNFLRECYDS-26SEP27KCMIA,KXNFLRECYDS,KXNFLRECYDS-26SEP27KCMIA-KCRRICE4-110,Rashee Rice: 110+ receiving yards,0.0400,0.0700,0.0800,160.00,160.00,active,2026-09-29T17:00:00Z,2026-09-26T14:52:17+00:00
KXNFLRECYDS-26SEP27KCMIA,KXNFLRECYDS,KXNFLRECYDS-26SEP27KCMIA-KCKWALKER9-50,Kenneth Walker III: 50+ receiving yards,0.1000,0.1400,0.1400,147.75,147.75,active,2026-09-29T17:00:00Z,2026-09-26T14:52:17+00:00
KXNFLRECYDS-26SEP27KCMIA,KXNFLRECYDS,KXNFLRECYDS-26SEP27KCMIA-KCTKELCE87-60,Travis Kelce: 60+ receiving yards,0.3900,0.4200,0.4100,1468.35,1417.77,active,2026-09-29T17:00:00Z,2026-09-26T14:52:17+00:00
KXNFLRECYDS-26SEP27KCMIA,KXNFLRECYDS,KXNFLRECYDS-26SEP27KCMIA-KCTTHORNTON2-40,Tyquan Thornton: 40+ receiving yards,0.2400,0.2700,0.2600,1003.13,1003.13,active,2026-09-29T17:00:00Z,2026-09-26T14:52:17+00:00
KXNFLRECYDS-26SEP27KCMIA,KXNFLRECYDS,KXNFLRECYDS-26SEP27KCMIA-MIAMWASHINGTON6-80,Malik Washington: 80+ receiving yards,0.0900,0.1300,0.1200,300.00,300.00,active,2026-09-29T17:00:00Z,2026-09-26T14:52:17+00:00
KXNFLRECYDS-26SEP27KCMIA,KXNFLRECYDS,KXNFLRECYDS-26SEP27KCMIA-MIACBELL18-70,Chris Bell: 70+ receiving yards,0.0300,0.0700,0.0000,0.00,0.00,active,2026-09-29T17:00:00Z,2026-09-26T14:52:17+00:00
KXNFLRECYDS-26SEP27KCMIA,KXNFLRECYDS,KXNFLRECYDS-26SEP27KCMIA-KCXWORTHY1-70,Xavier Worthy: 70+ receiving yards,0.1700,0.1800,0.0000,0.00,0.00,active,2026-09-29T17:00:00Z,2026-09-26T14:52:17+00:00
KXNFLRECYDS-26SEP27KCMIA,KXNFLRECYDS,KXNFLRECYDS-26SEP27KCMIA-KCEJOHNSON10-50,Emmett Johnson: 50+ receiving yards,0.0300,0.0500,0.0500,598.19,598.19,active,2026-09-29T17:00:00Z,2026-09-26T14:52:17+00:00
KXNFLRECYDS-26SEP27KCMIA,KXNFLRECYDS,KXNFLRECYDS-26SEP27KCMIA-KCTKELCE87-70,Travis Kelce: 70+ receiving yards,0.2800,0.3100,0.3000,1805.41,1776.20,active,2026-09-29T17:00:00Z,2026-09-26T14:52:17+00:00
KXNFLRECYDS-26SEP27KCMIA,KXNFLRECYDS,KXNFLRECYDS-26SEP27KCMIA-KCXWORTHY1-100,Xavier Worthy: 100+ receiving yards,0.0400,0.0500,0.0000,0.00,0.00,active,2026-09-29T17:00:00Z,2026-09-26T14:52:17+00:00
KXNFLRECYDS-26SEP27KCMIA,KXNFLRECYDS,KXNFLRECYDS-26SEP27KCMIA-KCRRICE4-80,Rashee Rice: 80+ receiving yards,0.1700,0.2000,0.2100,13.00,13.00,active,2026-09-29T17:00:00Z,2026-09-26T14:52:17+00:00
KXNFLRECYDS-26SEP27KCMIA,KXNFLRECYDS,KXNFLRECYDS-26SEP27KCMIA-MIAMWASHINGTON6-15,Malik Washington: 15+ receiving yards,0.7900,0.8000,0.7900,2.00,1.00,active,2026-09-29T17:00:00Z,2026-09-26T14:52:17+00:00
KXNFLRECYDS-26SEP27KCMIA,KXNFLRECYDS,KXNFLRECYDS-26SEP27KCMIA-MIAGDULCICH85-50,Greg Dulcich: 50+ receiving yards,0.1300,0.1600,0.0000,0.00,0.00,active,2026-09-29T17:00:00Z,2026-09-26T14:52:17+00:00
KXNFLRECYDS-26SEP27KCMIA,KXNFLRECYDS,KXNFLRECYDS-26SEP27KCMIA-KCTKELCE87-100,Travis Kelce: 100+ receiving yards,0.0800,0.1100,0.1100,340.63,340.63,active,2026-09-29T17:00:00Z,2026-09-26T14:52:17+00:00
KXNFLRECYDS-26SEP27KCMIA,KXNFLRECYDS,KXNFLRECYDS-26SEP27KCMIA-MIAMWASHINGTON6-70,Malik Washington: 70+ receiving yards,0.1400,0.1700,0.1600,339.61,339.61,active,2026-09-29T17:00:00Z,2026-09-26T14:52:17+00:00
KXNFLRECYDS-26SEP27KCMIA,KXNFLRECYDS,KXNFLRECYDS-26SEP27KCMIA-MIAGDULCICH85-40,Greg Dulcich: 40+ receiving yards,0.2300,0.2600,0.1700,16.01,16.01,active,2026-09-29T17:00:00Z,2026-09-26T14:52:17+00:00
KXNFLRECYDS-26SEP27KCMIA,KXNFLRECYDS,KXNFLRECYDS-26SEP27KCMIA-MIADACHANE28-25,De'Von Achane: 25+ receiving yards,0.5200,0.5500,0.5500,1726.40,1722.32,active,2026-09-29T17:00:00Z,2026-09-26T14:52:17+00:00
KXNFLRECYDS-26SEP27KCMIA,KXNFLRECYDS,KXNFLRECYDS-26SEP27KCMIA-MIAMWASHINGTON6-25,Malik Washington: 25+ receiving yards,0.6400,0.6500,0.6700,1.44,1.44,active,2026-09-29T17:00:00Z,2026-09-26T14:52:17+00:00
KXNFLRECYDS-26SEP27KCMIA,KXNFLRECYDS,KXNFLRECYDS-26SEP27KCMIA-MIADACHANE28-60,De'Von Achane: 60+ receiving yards,0.0900,0.1200,0.0000,0.00,0.00,active,2026-09-29T17:00:00Z,2026-09-26T14:52:17+00:00
KXNFLRECYDS-26SEP27KCMIA,KXNFLRECYDS,KXNFLRECYDS-26SEP27KCMIA-MIAMWASHINGTON6-90,Malik Washington: 90+ receiving yards,0.0500,0.0900,0.0000,0.00,0.00,active,2026-09-29T17:00:00Z,2026-09-26T14:52:17+00:00
KXNFLRECYDS-26SEP27KCMIA,KXNFLRECYDS,KXNFLRECYDS-26SEP27KCMIA-MIADACHANE28-15,De'Von Achane: 15+ receiving yards,0.7200,0.7300,0.7300,6.00,6.00,active,2026-09-29T17:00:00Z,2026-09-26T14:52:17+00:00
KXNFLRECYDS-26SEP27KCMIA,KXNFLRECYDS,KXNFLRECYDS-26SEP27KCMIA-MIACBELL18-20,Chris Bell: 20+ receiving yards,0.4800,0.5100,0.5000,968.51,581.89,active,2026-09-29T17:00:00Z,2026-09-26T14:52:17+00:00
KXNFLRECYDS-26SEP27KCMIA,KXNFLRECYDS,KXNFLRECYDS-26SEP27KCMIA-KCTTHORNTON2-15,Tyquan Thornton: 15+ receiving yards,0.5600,0.5900,0.5900,35.46,35.46,active,2026-09-29T17:00:00Z,2026-09-26T14:52:17+00:00
KXNFLRECYDS-26SEP27KCMIA,KXNFLRECYDS,KXNFLRECYDS-26SEP27KCMIA-KCTKELCE87-40,Travis Kelce: 40+ receiving yards,0.6400,0.6600,0.6700,265.80,265.80,active,2026-09-29T17:00:00Z,2026-09-26T14:52:17+00:00
KXNFLRECYDS-26SEP27KCMIA,KXNFLRECYDS,KXNFLRECYDS-26SEP27KCMIA-KCRRICE4-40,Rashee Rice: 40+ receiving yards,0.5800,0.6200,0.6300,3.07,3.07,active,2026-09-29T17:00:00Z,2026-09-26T14:52:17+00:00
KXNFLRECYDS-26SEP27KCMIA,KXNFLRECYDS,KXNFLRECYDS-26SEP27KCMIA-KCEJOHNSON10-15,Emmett Johnson: 15+ receiving yards,0.3800,0.3900,0.4000,3034.49,3034.43,active,2026-09-29T17:00:00Z,2026-09-26T14:52:17+00:00
KXNFLRECYDS-26SEP27KCMIA,KXNFLRECYDS,KXNFLRECYDS-26SEP27KCMIA-KCTTHORNTON2-50,Tyquan Thornton: 50+ receiving yards,0.1800,0.2000,0.1900,1159.00,1159.00,active,2026-09-29T17:00:00Z,2026-09-26T14:52:17+00:00
KXNFLRECYDS-26SEP27KCMIA,KXNFLRECYDS,KXNFLRECYDS-26SEP27KCMIA-KCEJOHNSON10-40,Emmett Johnson: 40+ receiving yards,0.0700,0.0900,0.0800,530.21,530.21,active,2026-09-29T17:00:00Z,2026-09-26T14:52:17+00:00
KXNFLRECYDS-26SEP27KCMIA,KXNFLRECYDS,KXNFLRECYDS-26SEP27KCMIA-KCRRICE4-25,Rashee Rice: 25+ receiving yards,0.7700,0.8000,0.8000,5.00,5.00,active,2026-09-29T17:00:00Z,2026-09-26T14:52:17+00:00
KXNFLRECYDS-26SEP27KCMIA,KXNFLRECYDS,KXNFLRECYDS-26SEP27KCMIA-KCKWALKER9-15,Kenneth Walker III: 15+ receiving yards,0.6700,0.6900,0.6900,58.68,58.68,active,2026-09-29T17:00:00Z,2026-09-26T14:52:17+00:00
KXNFLRECYDS-26SEP27KCMIA,KXNFLRECYDS,KXNFLRECYDS-26SEP27KCMIA-KCTKELCE87-25,Travis Kelce: 25+ receiving yards,0.8100,0.8300,0.8300,114.81,114.81,active,2026-09-29T17:00:00Z,2026-09-26T14:52:17+00:00
KXNFLRECYDS-26SEP27KCMIA,KXNFLRECYDS,KXNFLRECYDS-26SEP27KCMIA-KCRRICE4-50,Rashee Rice: 50+ receiving yards,0.4700,0.4800,0.4800,391.33,391.33,active,2026-09-29T17:00:00Z,2026-09-26T14:52:17+00:00
KXNFLRECYDS-26SEP27KCMIA,KXNFLRECYDS,KXNFLRECYDS-26SEP27KCMIA-KCXWORTHY1-40,Xavier Worthy: 40+ receiving yards,0.4800,0.5000,0.4900,3877.60,3876.55,active,2026-09-29T17:00:00Z,2026-09-26T14:52:17+00:00
KXNFLRECYDS-26SEP27KCMIA,KXNFLRECYDS,KXNFLRECYDS-26SEP27KCMIA-MIAKCOLEMAN21-25,Kevin Coleman Jr.: 25+ receiving yards,0.3000,0.3600,0.0000,0.00,0.00,active,2026-09-29T17:00:00Z,2026-09-26T14:52:17+00:00
KXNFLRECYDS-26SEP27KCMIA,KXNFLRECYDS,KXNFLRECYDS-26SEP27KCMIA-KCXWORTHY1-50,Xavier Worthy: 50+ receiving yards,0.3400,0.3600,0.3500,1777.39,1777.39,active,2026-09-29T17:00:00Z,2026-09-26T14:52:17+00:00
KXNFLRECYDS-26SEP27KCMIA,KXNFLRECYDS,KXNFLRECYDS-26SEP27KCMIA-KCEJOHNSON10-25,Emmett Johnson: 25+ receiving yards,0.1900,0.2200,0.2100,845.85,845.85,active,2026-09-29T17:00:00Z,2026-09-26T14:52:17+00:00
KXNFLRECYDS-26SEP27KCMIA,KXNFLRECYDS,KXNFLRECYDS-26SEP27KCMIA-MIACBELL18-40,Chris Bell: 40+ receiving yards,0.1900,0.2500,0.0000,0.00,0.00,active,2026-09-29T17:00:00Z,2026-09-26T14:52:17+00:00
KXNFLRECYDS-26SEP27KCMIA,KXNFLRECYDS,KXNFLRECYDS-26SEP27KCMIA-MIAMWASHINGTON6-60,Malik Washington: 60+ receiving yards,0.2200,0.2500,0.0000,0.00,0.00,active,2026-09-29T17:00:00Z,2026-09-26T14:52:17+00:00
KXNFLRECYDS-26SEP27KCMIA,KXNFLRECYDS,KXNFLRECYDS-26SEP27KCMIA-MIAMWASHINGTON6-50,Malik Washington: 50+ receiving yards,0.3200,0.3500,0.0000,0.00,0.00,active,2026-09-29T17:00:00Z,2026-09-26T14:52:17+00:00
KXNFLRECYDS-26SEP27KCMIA,KXNFLRECYDS,KXNFLRECYDS-26SEP27KCMIA-KCTTHORNTON2-25,Tyquan Thornton: 25+ receiving yards,0.4300,0.4400,0.4400,364.99,364.94,active,2026-09-29T17:00:00Z,2026-09-26T14:52:17+00:00
KXNFLRECYDS-26SEP27KCMIA,KXNFLRECYDS,KXNFLRECYDS-26SEP27KCMIA-MIAKCOLEMAN21-50,Kevin Coleman Jr.: 50+ receiving yards,0.0800,0.1100,0.1100,40.00,40.00,active,2026-09-29T17:00:00Z,2026-09-26T14:52:17+00:00
KXNFLRECYDS-26SEP27KCMIA,KXNFLRECYDS,KXNFLRECYDS-26SEP27KCMIA-KCKWALKER9-25,Kenneth Walker III: 25+ receiving yards,0.4600,0.4800,0.4800,2532.78,2532.78,active,2026-09-29T17:00:00Z,2026-09-26T14:52:17+00:00
KXNFLRECYDS-26SEP27KCMIA,KXNFLRECYDS,KXNFLRECYDS-26SEP27KCMIA-MIAMWASHINGTON6-40,Malik Washington: 40+ receiving yards,0.4500,0.4800,0.4600,425.33,425.28,active,2026-09-29T17:00:00Z,2026-09-26T14:52:17+00:00
KXNFLRECYDS-26SEP27KCMIA,KXNFLRECYDS,KXNFLRECYDS-26SEP27KCMIA-KCXWORTHY1-25,Xavier Worthy: 25+ receiving yards,0.6800,0.6900,0.6900,5.06,5.06,active,2026-09-29T17:00:00Z,2026-09-26T14:52:17+00:00
KXNFLRECYDS-26SEP27KCMIA,KXNFLRECYDS,KXNFLRECYDS-26SEP27KCMIA-MIAKCOLEMAN21-15,Kevin Coleman Jr.: 15+ receiving yards,0.4800,0.5300,0.0000,0.00,0.00,active,2026-09-29T17:00:00Z,2026-09-26T14:52:17+00:00
KXNFLRECYDS-26SEP27KCMIA,KXNFLRECYDS,KXNFLRECYDS-26SEP27KCMIA-MIADACHANE28-80,De'Von Achane: 80+ receiving yards,0.0200,0.0600,0.0000,0.00,0.00,active,2026-09-29T17:00:00Z,2026-09-26T14:52:17+00:00
KXNFLRECYDS-26SEP27KCMIA,KXNFLRECYDS,KXNFLRECYDS-26SEP27KCMIA-MIAGDULCICH85-15,Greg Dulcich: 15+ receiving yards,0.6300,0.6400,0.6400,5.00,5.00,active,2026-09-29T17:00:00Z,2026-09-26T14:52:17+00:00
KXNFLRECYDS-26SEP27KCMIA,KXNFLRECYDS,KXNFLRECYDS-26SEP27KCMIA-MIADACHANE28-70,De'Von Achane: 70+ receiving yards,0.0500,0.0800,0.0000,0.00,0.00,active,2026-09-29T17:00:00Z,2026-09-26T14:52:17+00:00
KXNFLRECYDS-26SEP27LACBUF,KXNFLRECYDS,KXNFLRECYDS-26SEP27LACBUF-LACLMCCONKEY15-60,Ladd McConkey: 60+ receiving yards,0.4800,0.5000,0.5000,3995.77,3340.77,active,2026-09-29T17:00:00Z,2026-09-26T14:52:17+00:00
KXNFLRECYDS-26SEP27LACBUF,KXNFLRECYDS,KXNFLRECYDS-26SEP27LACBUF-BUFDKINCAID86-120,Dalton Kincaid: 120+ receiving yards,0.0400,0.1000,0.1000,18.81,18.81,active,2026-09-29T17:00:00Z,2026-09-26T14:52:17+00:00
KXNFLRECYDS-26SEP27LACBUF,KXNFLRECYDS,KXNFLRECYDS-26SEP27LACBUF-BUFDKINCAID86-50,Dalton Kincaid: 50+ receiving yards,0.5600,0.5900,0.5800,412.24,412.24,active,2026-09-29T17:00:00Z,2026-09-26T14:52:17+00:00
KXNFLRECYDS-26SEP27LACBUF,KXNFLRECYDS,KXNFLRECYDS-26SEP27LACBUF-LACOHAMPTON8-50,Omarion Hampton: 50+ receiving yards,0.0400,0.0600,0.0600,203.29,203.29,active,2026-09-29T17:00:00Z,2026-09-26T14:52:17+00:00
KXNFLRECYDS-26SEP27LACBUF,KXNFLRECYDS,KXNFLRECYDS-26SEP27LACBUF-LACLMCCONKEY15-40,Ladd McConkey: 40+ receiving yards,0.6800,0.6900,0.6900,74.27,74.27,active,2026-09-29T17:00:00Z,2026-09-26T14:52:17+00:00
KXNFLRECYDS-26SEP27LACBUF,KXNFLRECYDS,KXNFLRECYDS-26SEP27LACBUF-LACLMCCONKEY15-90,Ladd McConkey: 90+ receiving yards,0.2100,0.2300,0.2200,226.67,226.67,active,2026-09-29T17:00:00Z,2026-09-26T14:52:17+00:00
KXNFLRECYDS-26SEP27LACBUF,KXNFLRECYDS,KXNFLRECYDS-26SEP27LACBUF-LACTHARRIS9-25,Tre' Harris: 25+ receiving yards,0.5900,0.6000,0.6000,24.47,24.47,active,2026-09-29T17:00:00Z,2026-09-26T14:52:17+00:00
KXNFLRECYDS-26SEP27LACBUF,KXNFLRECYDS,KXNFLRECYDS-26SEP27LACBUF-LACOHAMPTON8-15,Omarion Hampton: 15+ receiving yards,0.4100,0.4200,0.4200,255.60,233.24,active,2026-09-29T17:00:00Z,2026-09-26T14:52:17+00:00
KXNFLRECYDS-26SEP27LACBUF,KXNFLRECYDS,KXNFLRECYDS-26SEP27LACBUF-LACOHAMPTON8-40,Omarion Hampton: 40+ receiving yards,0.0800,0.0900,0.1000,412.61,412.61,active,2026-09-29T17:00:00Z,2026-09-26T14:52:17+00:00
KXNFLRECYDS-26SEP27LACBUF,KXNFLRECYDS,KXNFLRECYDS-26SEP27LACBUF-LACTHARRIS9-15,Tre' Harris: 15+ receiving yards,0.7500,0.7600,0.0000,0.00,0.00,active,2026-09-29T17:00:00Z,2026-09-26T14:52:17+00:00
KXNFLRECYDS-26SEP27LACBUF,KXNFLRECYDS,KXNFLRECYDS-26SEP27LACBUF-LACLMCCONKEY15-80,Ladd McConkey: 80+ receiving yards,0.2700,0.3000,0.3000,1853.13,1853.13,active,2026-09-29T17:00:00Z,2026-09-26T14:52:17+00:00
KXNFLRECYDS-26SEP27LACBUF,KXNFLRECYDS,KXNFLRECYDS-26SEP27LACBUF-BUFDKNOX88-40,Dawson Knox: 40+ receiving yards,0.0500,0.1100,0.0000,0.00,0.00,active,2026-09-29T17:00:00Z,2026-09-26T14:52:17+00:00
KXNFLRECYDS-26SEP27LACBUF,KXNFLRECYDS,KXNFLRECYDS-26SEP27LACBUF-LACQJOHNSTON1-90,Quentin Johnston: 90+ receiving yards,0.0600,0.1000,0.0000,0.00,0.00,active,2026-09-29T17:00:00Z,2026-09-26T14:52:17+00:00
KXNFLRECYDS-26SEP27LACBUF,KXNFLRECYDS,KXNFLRECYDS-26SEP27LACBUF-BUFDKNOX88-50,Dawson Knox: 50+ receiving yards,0.0200,0.0700,0.0000,0.00,0.00,active,2026-09-29T17:00:00Z,2026-09-26T14:52:17+00:00
KXNFLRECYDS-26SEP27LACBUF,KXNFLRECYDS,KXNFLRECYDS-26SEP27LACBUF-LACQJOHNSTON1-80,Quentin Johnston: 80+ receiving yards,0.1200,0.1300,0.1000,1005.00,1005.00,active,2026-09-29T17:00:00Z,2026-09-26T14:52:17+00:00
KXNFLRECYDS-26SEP27LACBUF,KXNFLRECYDS,KXNFLRECYDS-26SEP27LACBUF-LACLMCCONKEY15-70,Ladd McConkey: 70+ receiving yards,0.3700,0.3900,0.3900,1797.40,1762.43,active,2026-09-29T17:00:00Z,2026-09-26T14:52:17+00:00
KXNFLRECYDS-26SEP27LACBUF,KXNFLRECYDS,KXNFLRECYDS-26SEP27LACBUF-BUFJCOOK4-15,James Cook III: 15+ receiving yards,0.3900,0.4100,0.4000,430.43,430.43,active,2026-09-29T17:00:00Z,2026-09-26T14:52:17+00:00
KXNFLRECYDS-26SEP27LACBUF,KXNFLRECYDS,KXNFLRECYDS-26SEP27LACBUF-LACOGADSDEN86-70,Oronde Gadsden: 70+ receiving yards,0.1300,0.1600,0.1700,338.14,338.14,active,2026-09-29T17:00:00Z,2026-09-26T14:52:17+00:00
KXNFLRECYDS-26SEP27LACBUF,KXNFLRECYDS,KXNFLRECYDS-26SEP27LACBUF-LACLMCCONKEY15-25,Ladd McConkey: 25+ receiving yards,0.8300,0.8500,0.8500,8.14,8.14,active,2026-09-29T17:00:00Z,2026-09-26T14:52:17+00:00
KXNFLRECYDS-26SEP27LACBUF,KXNFLRECYDS,KXNFLRECYDS-26SEP27LACBUF-BUFDKINCAID86-110,Dalton Kincaid: 110+ receiving yards,0.0700,0.1200,0.1300,21.75,21.75,active,2026-09-29T17:00:00Z,2026-09-26T14:52:17+00:00
KXNFLRECYDS-26SEP27LACBUF,KXNFLRECYDS,KXNFLRECYDS-26SEP27LACBUF-BUFDKINCAID86-60,Dalton Kincaid: 60+ receiving yards,0.4700,0.4900,0.4900,1921.20,1910.90,active,2026-09-29T17:00:00Z,2026-09-26T14:52:17+00:00
KXNFLRECYDS-26SEP27LACBUF,KXNFLRECYDS,KXNFLRECYDS-26SEP27LACBUF-LACLMCCONKEY15-130,Ladd McConkey: 130+ receiving yards,0.0400,0.0700,0.0000,0.00,0.00,active,2026-09-29T17:00:00Z,2026-09-26T14:52:17+00:00
KXNFLRECYDS-26SEP27LACBUF,KXNFLRECYDS,KXNFLRECYDS-26SEP27LACBUF-BUFJCOOK4-50,James Cook III: 50+ receiving yards,0.0500,0.0700,0.0700,30.36,30.36,active,2026-09-29T17:00:00Z,2026-09-26T14:52:17+00:00
KXNFLRECYDS-26SEP27LACBUF,KXNFLRECYDS,KXNFLRECYDS-26SEP27LACBUF-LACQJOHNSTON1-70,Quentin Johnston: 70+ receiving yards,0.1700,0.1800,0.1800,517.81,517.81,active,2026-09-29T17:00:00Z,2026-09-26T14:52:17+00:00
KXNFLRECYDS-26SEP27LACBUF,KXNFLRECYDS,KXNFLRECYDS-26SEP27LACBUF-BUFKSHAKIR10-100,Khalil Shakir: 100+ receiving yards,0.0700,0.0800,0.0800,2890.79,2890.79,active,2026-09-29T17:00:00Z,2026-09-26T14:52:17+00:00
KXNFLRECYDS-26SEP27LACBUF,KXNFLRECYDS,KXNFLRECYDS-26SEP27LACBUF-BUFDKNOX88-25,Dawson Knox: 25+ receiving yards,0.1700,0.1800,0.1800,239.00,239.00,active,2026-09-29T17:00:00Z,2026-09-26T14:52:17+00:00
KXNFLRECYDS-26SEP27LACBUF,KXNFLRECYDS,KXNFLRECYDS-26SEP27LACBUF-LACTHARRIS9-70,Tre' Harris: 70+ receiving yards,0.1000,0.1300,0.1300,192.96,192.96,active,2026-09-29T17:00:00Z,2026-09-26T14:52:17+00:00
KXNFLRECYDS-26SEP27LACBUF,KXNFLRECYDS,KXNFLRECYDS-26SEP27LACBUF-LACOGADSDEN86-60,Oronde Gadsden: 60+ receiving yards,0.2200,0.2500,0.2300,2841.57,2841.57,active,2026-09-29T17:00:00Z,2026-09-26T14:52:17+00:00
KXNFLRECYDS-26SEP27LACBUF,KXNFLRECYDS,KXNFLRECYDS-26SEP27LACBUF-LACLMCCONKEY15-55,Ladd McConkey: 55+ receiving yards,0.5500,0.5600,0.5600,23383.35,21751.52,active,2026-09-29T17:00:00Z,2026-09-26T14:52:17+00:00
KXNFLRECYDS-26SEP27LACBUF,KXNFLRECYDS,KXNFLRECYDS-26SEP27LACBUF-LACTHARRIS9-90,Tre' Harris: 90+ receiving yards,0.0300,0.0600,0.0600,218.87,218.87,active,2026-09-29T17:00:00Z,2026-09-26T14:52:17+00:00
KXNFLRECYDS-26SEP27LACBUF,KXNFLRECYDS,KXNFLRECYDS-26SEP27LACBUF-LACTHARRIS9-60,Tre' Harris: 60+ receiving yards,0.1600,0.1900,0.1900,138.55,138.55,active,2026-09-29T17:00:00Z,2026-09-26T14:52:17+00:00
KXNFLRECYDS-26SEP27LACBUF,KXNFLRECYDS,KXNFLRECYDS-26SEP27LACBUF-BUFDKINCAID86-40,Dalton Kincaid: 40+ receiving yards,0.6800,0.7000,0.6900,76.28,76.28,active,2026-09-29T17:00:00Z,2026-09-26T14:52:17+00:00
KXNFLRECYDS-26SEP27LACBUF,KXNFLRECYDS,KXNFLRECYDS-26SEP27LACBUF-BUFKSHAKIR10-80,Khalil Shakir: 80+ receiving yards,0.1100,0.1500,0.1400,4.00,4.00,active,2026-09-29T17:00:00Z,2026-09-26T14:52:17+00:00
KXNFLRECYDS-26SEP27LACBUF,KXNFLRECYDS,KXNFLRECYDS-26SEP27LACBUF-BUFKSHAKIR10-40,Khalil Shakir: 40+ receiving yards,0.5000,0.5200,0.5200,272.09,272.09,active,2026-09-29T17:00:00Z,2026-09-26T14:52:17+00:00
KXNFLRECYDS-26SEP27LACBUF,KXNFLRECYDS,KXNFLRECYDS-26SEP27LACBUF-LACTHARRIS9-50,Tre' Harris: 50+ receiving yards,0.2400,0.2700,0.2700,205.49,205.49,active,2026-09-29T17:00:00Z,2026-09-26T14:52:17+00:00
KXNFLRECYDS-26SEP27LACBUF,KXNFLRECYDS,KXNFLRECYDS-26SEP27LACBUF-LACLMCCONKEY15-50,Ladd McConkey: 50+ receiving yards,0.5800,0.5900,0.5800,4262.79,2384.36,active,2026-09-29T17:00:00Z,2026-09-26T14:52:17+00:00
KXNFLRECYDS-26SEP27LACBUF,KXNFLRECYDS,KXNFLRECYDS-26SEP27LACBUF-LACQJOHNSTON1-60,Quentin Johnston: 60+ receiving yards,0.2400,0.2500,0.2500,169.57,163.55,active,2026-09-29T17:00:00Z,2026-09-26T14:52:17+00:00
KXNFLRECYDS-26SEP27LACBUF,KXNFLRECYDS,KXNFLRECYDS-26SEP27LACBUF-LACTHARRIS9-40,Tre' Harris: 40+ receiving yards,0.3600,0.3900,0.3900,251.32,251.32,active,2026-09-29T17:00:00Z,2026-09-26T14:52:17+00:00
KXNFLRECYDS-26SEP27LACBUF,KXNFLRECYDS,KXNFLRECYDS-26SEP27LACBUF-BUFDKINCAID86-25,Dalton Kincaid: 25+ receiving yards,0.8300,0.8500,0.8500,12.35,12.35,active,2026-09-29T17:00:00Z,2026-09-26T14:52:17+00:00
KXNFLRECYDS-26SEP27LACBUF,KXNFLRECYDS,KXNFLRECYDS-26SEP27LACBUF-LACQJOHNSTON1-50,Quentin Johnston: 50+ receiving yards,0.3300,0.3400,0.3400,1958.82,1958.82,active,2026-09-29T17:00:00Z,2026-09-26T14:52:17+00:00
KXNFLRECYDS-26SEP27LACBUF,KXNFLRECYDS,KXNFLRECYDS-26SEP27LACBUF-BUFDKNOX88-10,Dawson Knox: 10+ receiving yards,0.4600,0.4900,0.4600,29.49,29.49,active,2026-09-29T17:00:00Z,2026-09-26T14:52:17+00:00
KXNFLRECYDS-26SEP27LACBUF,KXNFLRECYDS,KXNFLRECYDS-26SEP27LACBUF-LACOGADSDEN86-25,Oronde Gadsden: 25+ receiving yards,0.6500,0.6800,0.6800,603.12,603.12,active,2026-09-29T17:00:00Z,2026-09-26T14:52:17+00:00
KXNFLRECYDS-26SEP27LACBUF,KXNFLRECYDS,KXNFLRECYDS-26SEP27LACBUF-LACQJOHNSTON1-15,Quentin Johnston: 15+ receiving yards,0.7800,0.8000,0.8000,9.20,8.20,active,2026-09-29T17:00:00Z,2026-09-26T14:52:17+00:00
KXNFLRECYDS-26SEP27LACBUF,KXNFLRECYDS,KXNFLRECYDS-26SEP27LACBUF-LACLMCCONKEY15-100,Ladd McConkey: 100+ receiving yards,0.1600,0.1800,0.1700,637.00,637.00,active,2026-09-29T17:00:00Z,2026-09-26T14:52:17+00:00
KXNFLRECYDS-26SEP27LACBUF,KXNFLRECYDS,KXNFLRECYDS-26SEP27LACBUF-BUFKSHAKIR10-60,Khalil Shakir: 60+ receiving yards,0.2500,0.2900,0.3000,21.00,21.00,active,2026-09-29T17:00:00Z,2026-09-26T14:52:17+00:00
KXNFLRECYDS-26SEP27LACBUF,KXNFLRECYDS,KXNFLRECYDS-26SEP27LACBUF-LACOGADSDEN86-90,Oronde Gadsden: 90+ receiving yards,0.0500,0.0900,0.0000,0.00,0.00,active,2026-09-29T17:00:00Z,2026-09-26T14:52:17+00:00
KXNFLRECYDS-26SEP27LACBUF,KXNFLRECYDS,KXNFLRECYDS-26SEP27LACBUF-BUFKSHAKIR10-90,Khalil Shakir: 90+ receiving yards,0.0600,0.1100,0.0000,0.00,0.00,active,2026-09-29T17:00:00Z,2026-09-26T14:52:17+00:00
KXNFLRECYDS-26SEP27LACBUF,KXNFLRECYDS,KXNFLRECYDS-26SEP27LACBUF-BUFJCOOK4-40,James Cook III: 40+ receiving yards,0.0700,0.0900,0.1000,290.20,290.20,active,2026-09-29T17:00:00Z,2026-09-26T14:52:17+00:00
KXNFLRECYDS-26SEP27LACBUF,KXNFLRECYDS,KXNFLRECYDS-26SEP27LACBUF-BUFKSHAKIR10-70,Khalil Shakir: 70+ receiving yards,0.1600,0.2100,0.0000,0.00,0.00,active,2026-09-29T17:00:00Z,2026-09-26T14:52:17+00:00
KXNFLRECYDS-26SEP27LACBUF,KXNFLRECYDS,KXNFLRECYDS-26SEP27LACBUF-BUFDKNOX88-15,Dawson Knox: 15+ receiving yards,0.2100,0.3500,0.3500,18.04,18.04,active,2026-09-29T17:00:00Z,2026-09-26T14:52:17+00:00
KXNFLRECYDS-26SEP27LACBUF,KXNFLRECYDS,KXNFLRECYDS-26SEP27LACBUF-BUFDKINCAID86-90,Dalton Kincaid: 90+ receiving yards,0.1800,0.2100,0.2100,112.95,112.95,active,2026-09-29T17:00:00Z,2026-09-26T14:52:17+00:00
KXNFLRECYDS-26SEP27LACBUF,KXNFLRECYDS,KXNFLRECYDS-26SEP27LACBUF-BUFDKINCAID86-80,Dalton Kincaid: 80+ receiving yards,0.2600,0.2900,0.2800,276.17,276.17,active,2026-09-29T17:00:00Z,2026-09-26T14:52:17+00:00
KXNFLRECYDS-26SEP27LACBUF,KXNFLRECYDS,KXNFLRECYDS-26SEP27LACBUF-BUFKSHAKIR10-15,Khalil Shakir: 15+ receiving yards,0.8100,0.8400,0.8600,10.19,5.88,active,2026-09-29T17:00:00Z,2026-09-26T14:52:17+00:00
KXNFLRECYDS-26SEP27LACBUF,KXNFLRECYDS,KXNFLRECYDS-26SEP27LACBUF-LACOGADSDEN86-15,Oronde Gadsden: 15+ receiving yards,0.7900,0.8200,0.8300,1.00,1.00,active,2026-09-29T17:00:00Z,2026-09-26T14:52:17+00:00
KXNFLRECYDS-26SEP27LACBUF,KXNFLRECYDS,KXNFLRECYDS-26SEP27LACBUF-BUFDKINCAID86-130,Dalton Kincaid: 130+ receiving yards,0.0500,0.0800,0.0000,0.00,0.00,active,2026-09-29T17:00:00Z,2026-09-26T14:52:17+00:00
KXNFLRECYDS-26SEP27LACBUF,KXNFLRECYDS,KXNFLRECYDS-26SEP27LACBUF-BUFDKINCAID86-70,Dalton Kincaid: 70+ receiving yards,0.3500,0.3700,0.3700,227.97,226.97,active,2026-09-29T17:00:00Z,2026-09-26T14:52:17+00:00
KXNFLRECYDS-26SEP27LACBUF,KXNFLRECYDS,KXNFLRECYDS-26SEP27LACBUF-LACQJOHNSTON1-100,Quentin Johnston: 100+ receiving yards,0.0400,0.0600,0.0600,125.09,125.09,active,2026-09-29T17:00:00Z,2026-09-26T14:52:17+00:00
KXNFLRECYDS-26SEP27LACBUF,KXNFLRECYDS,KXNFLRECYDS-26SEP27LACBUF-BUFKSHAKIR10-50,Khalil Shakir: 50+ receiving yards,0.3700,0.3900,0.4100,156.08,156.08,active,2026-09-29T17:00:00Z,2026-09-26T14:52:17+00:00
KXNFLRECYDS-26SEP27LACBUF,KXNFLRECYDS,KXNFLRECYDS-26SEP27LACBUF-BUFKSHAKIR10-25,Khalil Shakir: 25+ receiving yards,0.6800,0.7400,0.7400,0.99,0.99,active,2026-09-29T17:00:00Z,2026-09-26T14:52:17+00:00
KXNFLRECYDS-26SEP27LACBUF,KXNFLRECYDS,KXNFLRECYDS-26SEP27LACBUF-LACOHAMPTON8-25,Omarion Hampton: 25+ receiving yards,0.2100,0.2200,0.2300,362.90,362.89,active,2026-09-29T17:00:00Z,2026-09-26T14:52:17+00:00
KXNFLRECYDS-26SEP27LACBUF,KXNFLRECYDS,KXNFLRECYDS-26SEP27LACBUF-BUFDKNOX88-60,Dawson Knox: 60+ receiving yards,0.0200,0.0500,0.0000,0.00,0.00,active,2026-09-29T17:00:00Z,2026-09-26T14:52:17+00:00
KXNFLRECYDS-26SEP27LACBUF,KXNFLRECYDS,KXNFLRECYDS-26SEP27LACBUF-BUFKSHAKIR10-110,Khalil Shakir: 110+ receiving yards,0.0200,0.0600,0.0000,0.00,0.00,active,2026-09-29T17:00:00Z,2026-09-26T14:52:17+00:00
KXNFLRECYDS-26SEP27LACBUF,KXNFLRECYDS,KXNFLRECYDS-26SEP27LACBUF-LACQJOHNSTON1-40,Quentin Johnston: 40+ receiving yards,0.4400,0.4600,0.4600,970.74,970.49,active,2026-09-29T17:00:00Z,2026-09-26T14:52:17+00:00
KXNFLRECYDS-26SEP27LACBUF,KXNFLRECYDS,KXNFLRECYDS-26SEP27LACBUF-LACOGADSDEN86-40,Oronde Gadsden: 40+ receiving yards,0.4500,0.4600,0.4600,671.54,650.60,active,2026-09-29T17:00:00Z,2026-09-26T14:52:17+00:00
KXNFLRECYDS-26SEP27LACBUF,KXNFLRECYDS,KXNFLRECYDS-26SEP27LACBUF-BUFJCOOK4-25,James Cook III: 25+ receiving yards,0.2100,0.2300,0.2400,156.26,156.26,active,2026-09-29T17:00:00Z,2026-09-26T14:52:17+00:00
KXNFLRECYDS-26SEP27LACBUF,KXNFLRECYDS,KXNFLRECYDS-26SEP27LACBUF-LACLMCCONKEY15-110,Ladd McConkey: 110+ receiving yards,0.1000,0.1300,0.1100,222.11,222.11,active,2026-09-29T17:00:00Z,2026-09-26T14:52:17+00:00
KXNFLRECYDS-26SEP27LACBUF,KXNFLRECYDS,KXNFLRECYDS-26SEP27LACBUF-LACLMCCONKEY15-120,Ladd McConkey: 120+ receiving yards,0.0700,0.1000,0.0800,1024.67,1024.67,active,2026-09-29T17:00:00Z,2026-09-26T14:52:17+00:00
KXNFLRECYDS-26SEP27LACBUF,KXNFLRECYDS,KXNFLRECYDS-26SEP27LACBUF-LACOGADSDEN86-50,Oronde Gadsden: 50+ receiving yards,0.3100,0.3300,0.3200,145.24,145.24,active,2026-09-29T17:00:00Z,2026-09-26T14:52:17+00:00
KXNFLRECYDS-26SEP27LACBUF,KXNFLRECYDS,KXNFLRECYDS-26SEP27LACBUF-LACQJOHNSTON1-25,Quentin Johnston: 25+ receiving yards,0.6400,0.6700,0.6700,84.16,84.16,active,2026-09-29T17:00:00Z,2026-09-26T14:52:17+00:00
KXNFLRECYDS-26SEP27LACBUF,KXNFLRECYDS,KXNFLRECYDS-26SEP27LACBUF-BUFDKINCAID86-100,Dalton Kincaid: 100+ receiving yards,0.1200,0.1500,0.1400,305.16,305.16,active,2026-09-29T17:00:00Z,2026-09-26T14:52:17+00:00
KXNFLRECYDS-26SEP27LACBUF,KXNFLRECYDS,KXNFLRECYDS-26SEP27LACBUF-LACOGADSDEN86-80,Oronde Gadsden: 80+ receiving yards,0.0800,0.1200,0.1300,10.00,10.00,active,2026-09-29T17:00:00Z,2026-09-26T14:52:17+00:00
KXNFLRECYDS-26SEP27LACBUF,KXNFLRECYDS,KXNFLRECYDS-26SEP27LACBUF-LACOGADSDEN86-100,Oronde Gadsden: 100+ receiving yards,0.0300,0.0600,0.0500,64.32,64.32,active,2026-09-29T17:00:00Z,2026-09-26T14:52:17+00:00
KXNFLRECYDS-26SEP27LACBUF,KXNFLRECYDS,KXNFLRECYDS-26SEP27LACBUF-BUFDKINCAID86-140,Dalton Kincaid: 140+ receiving yards,0.0200,0.0600,0.0600,15.63,15.63,active,2026-09-29T17:00:00Z,2026-09-26T14:52:17+00:00
KXNFLRECYDS-26SEP27LACBUF,KXNFLRECYDS,KXNFLRECYDS-26SEP27LACBUF-LACTHARRIS9-80,Tre' Harris: 80+ receiving yards,0.0500,0.0900,0.0900,104.45,104.45,active,2026-09-29T17:00:00Z,2026-09-26T14:52:17+00:00
KXNFLRECYDS-26SEP27LARDEN,KXNFLRECYDS,KXNFLRECYDS-26SEP27LARDEN-DENEENGRAM1-40,Evan Engram: 40+ receiving yards,0.1800,0.2100,0.2100,9.00,9.00,active,2026-09-30T00:20:00Z,2026-09-26T14:52:17+00:00
KXNFLRECYDS-26SEP27LARDEN,KXNFLRECYDS,KXNFLRECYDS-26SEP27LARDEN-DENCSUTTON14-60,Courtland Sutton: 60+ receiving yards,0.2300,0.2500,0.0000,0.00,0.00,active,2026-09-30T00:20:00Z,2026-09-26T14:52:17+00:00
KXNFLRECYDS-26SEP27LARDEN,KXNFLRECYDS,KXNFLRECYDS-26SEP27LARDEN-DENJWADDLE17-80,Jaylen Waddle: 80+ receiving yards,0.2600,0.2800,0.2700,77.34,77.34,active,2026-09-30T00:20:00Z,2026-09-26T14:52:17+00:00
KXNFLRECYDS-26SEP27LARDEN,KXNFLRECYDS,KXNFLRECYDS-26SEP27LARDEN-LARTFERGUSON18-50,Terrance Ferguson: 50+ receiving yards,0.4700,0.4900,0.4600,905.08,882.08,active,2026-09-30T00:20:00Z,2026-09-26T14:52:17+00:00
KXNFLRECYDS-26SEP27LARDEN,KXNFLRECYDS,KXNFLRECYDS-26SEP27LARDEN-DENPBRYANT13-15,Pat Bryant: 15+ receiving yards,0.6600,0.7000,0.6600,6.00,6.00,active,2026-09-30T00:20:00Z,2026-09-26T14:52:17+00:00
KXNFLRECYDS-26SEP27LARDEN,KXNFLRECYDS,KXNFLRECYDS-26SEP27LARDEN-LARDADAMS17-160,Davante Adams: 160+ receiving yards,0.0300,0.0600,0.0000,0.00,0.00,active,2026-09-30T00:20:00Z,2026-09-26T14:52:17+00:00
KXNFLRECYDS-26SEP27LARDEN,KXNFLRECYDS,KXNFLRECYDS-26SEP27LARDEN-DENCSUTTON14-70,Courtland Sutton: 70+ receiving yards,0.1500,0.1800,0.1500,22.03,22.03,active,2026-09-30T00:20:00Z,2026-09-26T14:52:17+00:00
KXNFLRECYDS-26SEP27LARDEN,KXNFLRECYDS,KXNFLRECYDS-26SEP27LARDEN-DENCSUTTON14-90,Courtland Sutton: 90+ receiving yards,0.0500,0.0900,0.0000,0.00,0.00,active,2026-09-30T00:20:00Z,2026-09-26T14:52:17+00:00
KXNFLRECYDS-26SEP27LARDEN,KXNFLRECYDS,KXNFLRECYDS-26SEP27LARDEN-LARDADAMS17-140,Davante Adams: 140+ receiving yards,0.0500,0.1000,0.0000,0.00,0.00,active,2026-09-30T00:20:00Z,2026-09-26T14:52:17+00:00
KXNFLRECYDS-26SEP27LARDEN,KXNFLRECYDS,KXNFLRECYDS-26SEP27LARDEN-DENPBRYANT13-70,Pat Bryant: 70+ receiving yards,0.0500,0.1000,0.0000,0.00,0.00,active,2026-09-30T00:20:00Z,2026-09-26T14:52:17+00:00
KXNFLRECYDS-26SEP27LARDEN,KXNFLRECYDS,KXNFLRECYDS-26SEP27LARDEN-DENJWADDLE17-40,Jaylen Waddle: 40+ receiving yards,0.6800,0.7100,0.6800,4.00,4.00,active,2026-09-30T00:20:00Z,2026-09-26T14:52:17+00:00
KXNFLRECYDS-26SEP27LARDEN,KXNFLRECYDS,KXNFLRECYDS-26SEP27LARDEN-LARTFERGUSON18-110,Terrance Ferguson: 110+ receiving yards,0.0400,0.1000,0.0000,0.00,0.00,active,2026-09-30T00:20:00Z,2026-09-26T14:52:17+00:00
KXNFLRECYDS-26SEP27LARDEN,KXNFLRECYDS,KXNFLRECYDS-26SEP27LARDEN-LARTFERGUSON18-100,Terrance Ferguson: 100+ receiving yards,0.0700,0.1300,0.0000,0.00,0.00,active,2026-09-30T00:20:00Z,2026-09-26T14:52:17+00:00
KXNFLRECYDS-26SEP27LARDEN,KXNFLRECYDS,KXNFLRECYDS-26SEP27LARDEN-DENEENGRAM1-60,Evan Engram: 60+ receiving yards,0.0300,0.0900,0.0000,0.00,0.00,active,2026-09-30T00:20:00Z,2026-09-26T14:52:17+00:00
KXNFLRECYDS-26SEP27LARDEN,KXNFLRECYDS,KXNFLRECYDS-26SEP27LARDEN-LARKWILLIAMS23-40,Kyren Williams: 40+ receiving yards,0.0500,0.1000,0.0500,1.00,1.00,active,2026-09-30T00:20:00Z,2026-09-26T14:52:17+00:00
KXNFLRECYDS-26SEP27LARDEN,KXNFLRECYDS,KXNFLRECYDS-26SEP27LARDEN-LARKWILLIAMS23-50,Kyren Williams: 50+ receiving yards,0.0300,0.0600,0.0000,0.00,0.00,active,2026-09-30T00:20:00Z,2026-09-26T14:52:17+00:00
KXNFLRECYDS-26SEP27LARDEN,KXNFLRECYDS,KXNFLRECYDS-26SEP27LARDEN-LARTFERGUSON18-130,Terrance Ferguson: 130+ receiving yards,0.0200,0.0600,0.0000,0.00,0.00,active,2026-09-30T00:20:00Z,2026-09-26T14:52:17+00:00
KXNFLRECYDS-26SEP27LARDEN,KXNFLRECYDS,KXNFLRECYDS-26SEP27LARDEN-DENPBRYANT13-80,Pat Bryant: 80+ receiving yards,0.0300,0.0700,0.0000,0.00,0.00,active,2026-09-30T00:20:00Z,2026-09-26T14:52:17+00:00
KXNFLRECYDS-26SEP27LARDEN,KXNFLRECYDS,KXNFLRECYDS-26SEP27LARDEN-DENPBRYANT13-40,Pat Bryant: 40+ receiving yards,0.2600,0.2900,0.2900,3.28,3.28,active,2026-09-30T00:20:00Z,2026-09-26T14:52:17+00:00
KXNFLRECYDS-26SEP27LARDEN,KXNFLRECYDS,KXNFLRECYDS-26SEP27LARDEN-DENJWADDLE17-25,Jaylen Waddle: 25+ receiving yards,0.8300,0.8600,0.0000,0.00,0.00,active,2026-09-30T00:20:00Z,2026-09-26T14:52:17+00:00
KXNFLRECYDS-26SEP27LARDEN,KXNFLRECYDS,KXNFLRECYDS-26SEP27LARDEN-DENEENGRAM1-70,Evan Engram: 70+ receiving yards,0.0200,0.0600,0.0000,0.00,0.00,active,2026-09-30T00:20:00Z,2026-09-26T14:52:17+00:00
KXNFLRECYDS-26SEP27LARDEN,KXNFLRECYDS,KXNFLRECYDS-26SEP27LARDEN-LARDADAMS17-150,Davante Adams: 150+ receiving yards,0.0400,0.0700,0.0700,172.04,172.04,active,2026-09-30T00:20:00Z,2026-09-26T14:52:17+00:00
KXNFLRECYDS-26SEP27LARDEN,KXNFLRECYDS,KXNFLRECYDS-26SEP27LARDEN-LARTFERGUSON18-90,Terrance Ferguson: 90+ receiving yards,0.1200,0.1600,0.0600,1.00,1.00,active,2026-09-30T00:20:00Z,2026-09-26T14:52:17+00:00
KXNFLRECYDS-26SEP27LARDEN,KXNFLRECYDS,KXNFLRECYDS-26SEP27LARDEN-LARTFERGUSON18-25,Terrance Ferguson: 25+ receiving yards,0.7400,0.8100,0.0000,0.00,0.00,active,2026-09-30T00:20:00Z,2026-09-26T14:52:17+00:00
KXNFLRECYDS-26SEP27LARDEN,KXNFLRECYDS,KXNFLRECYDS-26SEP27LARDEN-LARDADAMS17-50,Davante Adams: 50+ receiving yards,0.6900,0.7400,0.0000,0.00,0.00,active,2026-09-30T00:20:00Z,2026-09-26T14:52:17+00:00
KXNFLRECYDS-26SEP27LARDEN,KXNFLRECYDS,KXNFLRECYDS-26SEP27LARDEN-DENCSUTTON14-15,Courtland Sutton: 15+ receiving yards,0.7900,0.8200,0.8200,1.00,1.00,active,2026-09-30T00:20:00Z,2026-09-26T14:52:17+00:00
KXNFLRECYDS-26SEP27LARDEN,KXNFLRECYDS,KXNFLRECYDS-26SEP27LARDEN-DENEENGRAM1-25,Evan Engram: 25+ receiving yards,0.4000,0.4200,0.4300,11.18,11.18,active,2026-09-30T00:20:00Z,2026-09-26T14:52:17+00:00
KXNFLRECYDS-26SEP27LARDEN,KXNFLRECYDS,KXNFLRECYDS-26SEP27LARDEN-LARDADAMS17-120,Davante Adams: 120+ receiving yards,0.1100,0.1700,0.0000,0.00,0.00,active,2026-09-30T00:20:00Z,2026-09-26T14:52:17+00:00
KXNFLRECYDS-26SEP27LARDEN,KXNFLRECYDS,KXNFLRECYDS-26SEP27LARDEN-DENJWADDLE17-50,Jaylen Waddle: 50+ receiving yards,0.5700,0.5900,0.5800,109.92,109.92,active,2026-09-30T00:20:00Z,2026-09-26T14:52:17+00:00
KXNFLRECYDS-26SEP27LARDEN,KXNFLRECYDS,KXNFLRECYDS-26SEP27LARDEN-LARTFERGUSON18-70,Terrance Ferguson: 70+ receiving yards,0.2600,0.3100,0.2900,35.93,35.93,active,2026-09-30T00:20:00Z,2026-09-26T14:52:17+00:00
KXNFLRECYDS-26SEP27LARDEN,KXNFLRECYDS,KXNFLRECYDS-26SEP27LARDEN-LARTFERGUSON18-60,Terrance Ferguson: 60+ receiving yards,0.3400,0.4000,0.0000,0.00,0.00,active,2026-09-30T00:20:00Z,2026-09-26T14:52:17+00:00
KXNFLRECYDS-26SEP27LARDEN,KXNFLRECYDS,KXNFLRECYDS-26SEP27LARDEN-DENCSUTTON14-100,Courtland Sutton: 100+ receiving yards,0.0300,0.0600,0.0000,0.00,0.00,active,2026-09-30T00:20:00Z,2026-09-26T14:52:17+00:00
KXNFLRECYDS-26SEP27LARDEN,KXNFLRECYDS,KXNFLRECYDS-26SEP27LARDEN-DENJWADDLE17-110,Jaylen Waddle: 110+ receiving yards,0.0700,0.1200,0.0000,0.00,0.00,active,2026-09-30T00:20:00Z,2026-09-26T14:52:17+00:00
KXNFLRECYDS-26SEP27LARDEN,KXNFLRECYDS,KXNFLRECYDS-26SEP27LARDEN-LARKWILLIAMS23-15,Kyren Williams: 15+ receiving yards,0.4100,0.4400,0.4400,292.02,292.02,active,2026-09-30T00:20:00Z,2026-09-26T14:52:17+00:00
KXNFLRECYDS-26SEP27LARDEN,KXNFLRECYDS,KXNFLRECYDS-26SEP27LARDEN-DENCSUTTON14-50,Courtland Sutton: 50+ receiving yards,0.3200,0.3500,0.3600,32.19,32.19,active,2026-09-30T00:20:00Z,2026-09-26T14:52:17+00:00
KXNFLRECYDS-26SEP27LARDEN,KXNFLRECYDS,KXNFLRECYDS-26SEP27LARDEN-DENPBRYANT13-50,Pat Bryant: 50+ receiving yards,0.1600,0.1900,0.0000,0.00,0.00,active,2026-09-30T00:20:00Z,2026-09-26T14:52:17+00:00
KXNFLRECYDS-26SEP27LARDEN,KXNFLRECYDS,KXNFLRECYDS-26SEP27LARDEN-DENJWADDLE17-70,Jaylen Waddle: 70+ receiving yards,0.3500,0.3700,0.3500,173.76,88.99,active,2026-09-30T00:20:00Z,2026-09-26T14:52:17+00:00
KXNFLRECYDS-26SEP27LARDEN,KXNFLRECYDS,KXNFLRECYDS-26SEP27LARDEN-DENPBRYANT13-60,Pat Bryant: 60+ receiving yards,0.0900,0.1300,0.0000,0.00,0.00,active,2026-09-30T00:20:00Z,2026-09-26T14:52:17+00:00
KXNFLRECYDS-26SEP27LARDEN,KXNFLRECYDS,KXNFLRECYDS-26SEP27LARDEN-DENEENGRAM1-15,Evan Engram: 15+ receiving yards,0.6100,0.6400,0.0000,0.00,0.00,active,2026-09-30T00:20:00Z,2026-09-26T14:52:17+00:00
KXNFLRECYDS-26SEP27LARDEN,KXNFLRECYDS,KXNFLRECYDS-26SEP27LARDEN-DENPBRYANT13-25,Pat Bryant: 25+ receiving yards,0.4800,0.5000,0.5100,104.26,104.26,active,2026-09-30T00:20:00Z,2026-09-26T14:52:17+00:00
KXNFLRECYDS-26SEP27LARDEN,KXNFLRECYDS,KXNFLRECYDS-26SEP27LARDEN-DENJWADDLE17-90,Jaylen Waddle: 90+ receiving yards,0.1800,0.2200,0.2100,30.05,30.05,active,2026-09-30T00:20:00Z,2026-09-26T14:52:17+00:00
KXNFLRECYDS-26SEP27LARDEN,KXNFLRECYDS,KXNFLRECYDS-26SEP27LARDEN-LARTFERGUSON18-40,Terrance Ferguson: 40+ receiving yards,0.5900,0.6300,0.6300,44.56,44.56,active,2026-09-30T00:20:00Z,2026-09-26T14:52:17+00:00
KXNFLRECYDS-26SEP27LARDEN,KXNFLRECYDS,KXNFLRECYDS-26SEP27LARDEN-LARDADAMS17-70,Davante Adams: 70+ receiving yards,0.5300,0.5500,0.5600,474.91,463.09,active,2026-09-30T00:20:00Z,2026-09-26T14:52:17+00:00
KXNFLRECYDS-26SEP27LARDEN,KXNFLRECYDS,KXNFLRECYDS-26SEP27LARDEN-DENJWADDLE17-60,Jaylen Waddle: 60+ receiving yards,0.4700,0.4900,0.4900,8766.76,8752.76,active,2026-09-30T00:20:00Z,2026-09-26T14:52:17+00:00
KXNFLRECYDS-26SEP27LARDEN,KXNFLRECYDS,KXNFLRECYDS-26SEP27LARDEN-LARKWILLIAMS23-25,Kyren Williams: 25+ receiving yards,0.1900,0.2400,0.2400,69.00,69.00,active,2026-09-30T00:20:00Z,2026-09-26T14:52:17+00:00
KXNFLRECYDS-26SEP27LARDEN,KXNFLRECYDS,KXNFLRECYDS-26SEP27LARDEN-LARDADAMS17-130,Davante Adams: 130+ receiving yards,0.0900,0.1300,0.1300,72.50,72.50,active,2026-09-30T00:20:00Z,2026-09-26T14:52:17+00:00
KXNFLRECYDS-26SEP27LARDEN,KXNFLRECYDS,KXNFLRECYDS-26SEP27LARDEN-DENCSUTTON14-80,Courtland Sutton: 80+ receiving yards,0.0900,0.1100,0.1200,190.00,190.00,active,2026-09-30T00:20:00Z,2026-09-26T14:52:17+00:00
KXNFLRECYDS-26SEP27LARDEN,KXNFLRECYDS,KXNFLRECYDS-26SEP27LARDEN-LARDADAMS17-110,Davante Adams: 110+ receiving yards,0.1800,0.2200,0.2300,84.50,84.50,active,2026-09-30T00:20:00Z,2026-09-26T14:52:17+00:00
KXNFLRECYDS-26SEP27LARDEN,KXNFLRECYDS,KXNFLRECYDS-26SEP27LARDEN-LARDADAMS17-100,Davante Adams: 100+ receiving yards,0.2600,0.2800,0.3000,104.85,104.85,active,2026-09-30T00:20:00Z,2026-09-26T14:52:17+00:00
KXNFLRECYDS-26SEP27LARDEN,KXNFLRECYDS,KXNFLRECYDS-26SEP27LARDEN-LARDADAMS17-60,Davante Adams: 60+ receiving yards,0.6000,0.6400,0.6100,71.37,71.37,active,2026-09-30T00:20:00Z,2026-09-26T14:52:17+00:00
KXNFLRECYDS-26SEP27LARDEN,KXNFLRECYDS,KXNFLRECYDS-26SEP27LARDEN-LARDADAMS17-90,Davante Adams: 90+ receiving yards,0.3300,0.3400,0.3700,69.44,69.44,active,2026-09-30T00:20:00Z,2026-09-26T14:52:17+00:00
KXNFLRECYDS-26SEP27LARDEN,KXNFLRECYDS,KXNFLRECYDS-26SEP27LARDEN-LARDADAMS17-40,Davante Adams: 40+ receiving yards,0.7600,0.8200,0.0000,0.00,0.00,active,2026-09-30T00:20:00Z,2026-09-26T14:52:17+00:00
KXNFLRECYDS-26SEP27LARDEN,KXNFLRECYDS,KXNFLRECYDS-26SEP27LARDEN-DENJWADDLE17-100,Jaylen Waddle: 100+ receiving yards,0.1300,0.1600,0.1600,448.02,447.02,active,2026-09-30T00:20:00Z,2026-09-26T14:52:17+00:00
KXNFLRECYDS-26SEP27LARDEN,KXNFLRECYDS,KXNFLRECYDS-26SEP27LARDEN-LARTFERGUSON18-120,Terrance Ferguson: 120+ receiving yards,0.0200,0.0700,0.0000,0.00,0.00,active,2026-09-30T00:20:00Z,2026-09-26T14:52:17+00:00
KXNFLRECYDS-26SEP27LARDEN,KXNFLRECYDS,KXNFLRECYDS-26SEP27LARDEN-DENEENGRAM1-50,Evan Engram: 50+ receiving yards,0.1000,0.1300,0.0000,0.00,0.00,active,2026-09-30T00:20:00Z,2026-09-26T14:52:17+00:00
KXNFLRECYDS-26SEP27LARDEN,KXNFLRECYDS,KXNFLRECYDS-26SEP27LARDEN-LARDADAMS17-80,Davante Adams: 80+ receiving yards,0.4200,0.4400,0.4700,352.59,310.41,active,2026-09-30T00:20:00Z,2026-09-26T14:52:17+00:00
KXNFLRECYDS-26SEP27LARDEN,KXNFLRECYDS,KXNFLRECYDS-26SEP27LARDEN-DENJWADDLE17-120,Jaylen Waddle: 120+ receiving yards,0.0300,0.0800,0.0000,0.00,0.00,active,2026-09-30T00:20:00Z,2026-09-26T14:52:17+00:00
KXNFLRECYDS-26SEP27LARDEN,KXNFLRECYDS,KXNFLRECYDS-26SEP27LARDEN-DENCSUTTON14-110,Courtland Sutton: 110+ receiving yards,0.0200,0.0400,0.0000,0.00,0.00,active,2026-09-30T00:20:00Z,2026-09-26T14:52:17+00:00
KXNFLRECYDS-26SEP27LARDEN,KXNFLRECYDS,KXNFLRECYDS-26SEP27LARDEN-DENJWADDLE17-130,Jaylen Waddle: 130+ receiving yards,0.0200,0.0600,0.0000,0.00,0.00,active,2026-09-30T00:20:00Z,2026-09-26T14:52:17+00:00
KXNFLRECYDS-26SEP27LARDEN,KXNFLRECYDS,KXNFLRECYDS-26SEP27LARDEN-LARTFERGUSON18-80,Terrance Ferguson: 80+ receiving yards,0.1800,0.2100,0.0000,0.00,0.00,active,2026-09-30T00:20:00Z,2026-09-26T14:52:17+00:00
KXNFLRECYDS-26SEP27LARDEN,KXNFLRECYDS,KXNFLRECYDS-26SEP27LARDEN-DENCSUTTON14-40,Courtland Sutton: 40+ receiving yards,0.4500,0.4700,0.4700,456.25,456.25,active,2026-09-30T00:20:00Z,2026-09-26T14:52:17+00:00
KXNFLRECYDS-26SEP27LARDEN,KXNFLRECYDS,KXNFLRECYDS-26SEP27LARDEN-DENCSUTTON14-25,Courtland Sutton: 25+ receiving yards,0.6500,0.6700,0.0000,0.00,0.00,active,2026-09-30T00:20:00Z,2026-09-26T14:52:17+00:00
KXNFLRECYDS-26SEP27LVNO,KXNFLRECYDS,KXNFLRECYDS-26SEP27LVNO-NOTETIENNE3-15,Travis Etienne Jr.: 15+ receiving yards,0.2800,0.3300,0.3300,21.98,21.98,active,2026-09-29T20:25:00Z,2026-09-26T14:52:17+00:00
KXNFLRECYDS-26SEP27LVNO,KXNFLRECYDS,KXNFLRECYDS-26SEP27LVNO-NOAKAMARA41-40,Alvin Kamara: 40+ receiving yards,0.0700,0.1200,0.0000,0.00,0.00,active,2026-09-29T20:25:00Z,2026-09-26T14:52:17+00:00
KXNFLRECYDS-26SEP27LVNO,KXNFLRECYDS,KXNFLRECYDS-26SEP27LVNO-NODVELE14-80,Devaughn Vele: 80+ receiving yards,0.1700,0.2100,0.2000,27.13,27.13,active,2026-09-29T20:25:00Z,2026-09-26T14:52:17+00:00
KXNFLRECYDS-26SEP27LVNO,KXNFLRECYDS,KXNFLRECYDS-26SEP27LVNO-NOJJOHNSON83-15,Juwan Johnson: 15+ receiving yards,0.7900,0.8200,0.8200,20.00,20.00,active,2026-09-29T20:25:00Z,2026-09-26T14:52:17+00:00
KXNFLRECYDS-26SEP27LVNO,KXNFLRECYDS,KXNFLRECYDS-26SEP27LVNO-NODVELE14-60,Devaughn Vele: 60+ receiving yards,0.3500,0.3800,0.3700,124.89,124.89,active,2026-09-29T20:25:00Z,2026-09-26T14:52:17+00:00
KXNFLRECYDS-26SEP27LVNO,KXNFLRECYDS,KXNFLRECYDS-26SEP27LVNO-NOCOLAVE12-40,Chris Olave: 40+ receiving yards,0.8100,0.8400,0.8400,285.12,285.12,active,2026-09-29T20:25:00Z,2026-09-26T14:52:17+00:00
KXNFLRECYDS-26SEP27LVNO,KXNFLRECYDS,KXNFLRECYDS-26SEP27LVNO-NODVELE14-90,Devaughn Vele: 90+ receiving yards,0.1100,0.1500,0.1500,18.87,18.87,active,2026-09-29T20:25:00Z,2026-09-26T14:52:17+00:00
KXNFLRECYDS-26SEP27LVNO,KXNFLRECYDS,KXNFLRECYDS-26SEP27LVNO-NOTETIENNE3-40,Travis Etienne Jr.: 40+ receiving yards,0.0300,0.0800,0.0000,0.00,0.00,active,2026-09-29T20:25:00Z,2026-09-26T14:52:17+00:00
KXNFLRECYDS-26SEP27LVNO,KXNFLRECYDS,KXNFLRECYDS-26SEP27LVNO-LVJNAILOR9-15,Jalen Nailor: 15+ receiving yards,0.6300,0.6400,0.0000,0.00,0.00,active,2026-09-29T20:25:00Z,2026-09-26T14:52:17+00:00
KXNFLRECYDS-26SEP27LVNO,KXNFLRECYDS,KXNFLRECYDS-26SEP27LVNO-NOJJOHNSON83-90,Juwan Johnson: 90+ receiving yards,0.0200,0.0800,0.0000,0.00,0.00,active,2026-09-29T20:25:00Z,2026-09-26T14:52:17+00:00
KXNFLRECYDS-26SEP27LVNO,KXNFLRECYDS,KXNFLRECYDS-26SEP27LVNO-NOAKAMARA41-50,Alvin Kamara: 50+ receiving yards,0.0300,0.0700,0.0000,0.00,0.00,active,2026-09-29T20:25:00Z,2026-09-26T14:52:17+00:00
KXNFLRECYDS-26SEP27LVNO,KXNFLRECYDS,KXNFLRECYDS-26SEP27LVNO-NOJJOHNSON83-80,Juwan Johnson: 80+ receiving yards,0.0600,0.1100,0.0000,0.00,0.00,active,2026-09-29T20:25:00Z,2026-09-26T14:52:17+00:00
KXNFLRECYDS-26SEP27LVNO,KXNFLRECYDS,KXNFLRECYDS-26SEP27LVNO-NOJJOHNSON83-100,Juwan Johnson: 100+ receiving yards,0.0200,0.0500,0.0000,0.00,0.00,active,2026-09-29T20:25:00Z,2026-09-26T14:52:17+00:00
KXNFLRECYDS-26SEP27LVNO,KXNFLRECYDS,KXNFLRECYDS-26SEP27LVNO-NODVELE14-120,Devaughn Vele: 120+ receiving yards,0.0300,0.0600,0.0600,31.27,31.27,active,2026-09-29T20:25:00Z,2026-09-26T14:52:17+00:00
KXNFLRECYDS-26SEP27LVNO,KXNFLRECYDS,KXNFLRECYDS-26SEP27LVNO-LVJNAILOR9-60,Jalen Nailor: 60+ receiving yards,0.0900,0.1400,0.0000,0.00,0.00,active,2026-09-29T20:25:00Z,2026-09-26T14:52:17+00:00
KXNFLRECYDS-26SEP27LVNO,KXNFLRECYDS,KXNFLRECYDS-26SEP27LVNO-NOBLANCE18-50,Bryce Lance: 50+ receiving yards,0.0700,0.1200,0.0000,0.00,0.00,active,2026-09-29T20:25:00Z,2026-09-26T14:52:17+00:00
KXNFLRECYDS-26SEP27LVNO,KXNFLRECYDS,KXNFLRECYDS-26SEP27LVNO-LVAJEANTY2-50,Ashton Jeanty: 50+ receiving yards,0.1000,0.1500,0.0000,0.00,0.00,active,2026-09-29T20:25:00Z,2026-09-26T14:52:17+00:00
KXNFLRECYDS-26SEP27LVNO,KXNFLRECYDS,KXNFLRECYDS-26SEP27LVNO-NOAKAMARA41-25,Alvin Kamara: 25+ receiving yards,0.2300,0.2800,0.3000,3.17,3.17,active,2026-09-29T20:25:00Z,2026-09-26T14:52:17+00:00
KXNFLRECYDS-26SEP27LVNO,KXNFLRECYDS,KXNFLRECYDS-26SEP27LVNO-NOAKAMARA41-60,Alvin Kamara: 60+ receiving yards,0.0200,0.0500,0.0500,56.25,56.25,active,2026-09-29T20:25:00Z,2026-09-26T14:52:17+00:00
KXNFLRECYDS-26SEP27LVNO,KXNFLRECYDS,KXNFLRECYDS-26SEP27LVNO-NOJJOHNSON83-25,Juwan Johnson: 25+ receiving yards,0.6500,0.6800,0.6800,68.55,68.55,active,2026-09-29T20:25:00Z,2026-09-26T14:52:17+00:00
KXNFLRECYDS-26SEP27LVNO,KXNFLRECYDS,KXNFLRECYDS-26SEP27LVNO-NOCOLAVE12-80,Chris Olave: 80+ receiving yards,0.4600,0.4900,0.4800,718.60,718.60,active,2026-09-29T20:25:00Z,2026-09-26T14:52:17+00:00
KXNFLRECYDS-26SEP27LVNO,KXNFLRECYDS,KXNFLRECYDS-26SEP27LVNO-NOAKAMARA41-15,Alvin Kamara: 15+ receiving yards,0.4900,0.5200,0.5200,566.20,566.20,active,2026-09-29T20:25:00Z,2026-09-26T14:52:17+00:00
KXNFLRECYDS-26SEP27LVNO,KXNFLRECYDS,KXNFLRECYDS-26SEP27LVNO-LVTTUCKER1-70,Tre Tucker: 70+ receiving yards,0.1800,0.2400,0.2100,65.72,65.72,active,2026-09-29T20:25:00Z,2026-09-26T14:52:17+00:00
KXNFLRECYDS-26SEP27LVNO,KXNFLRECYDS,KXNFLRECYDS-26SEP27LVNO-LVTTUCKER1-100,Tre Tucker: 100+ receiving yards,0.0700,0.0900,0.0900,1917.05,1917.05,active,2026-09-29T20:25:00Z,2026-09-26T14:52:17+00:00
KXNFLRECYDS-26SEP27LVNO,KXNFLRECYDS,KXNFLRECYDS-26SEP27LVNO-NOCOLAVE12-90,Chris Olave: 90+ receiving yards,0.3700,0.3900,0.3900,223.93,223.93,active,2026-09-29T20:25:00Z,2026-09-26T14:52:17+00:00
KXNFLRECYDS-26SEP27LVNO,KXNFLRECYDS,KXNFLRECYDS-26SEP27LVNO-NOTETIENNE3-25,Travis Etienne Jr.: 25+ receiving yards,0.1200,0.1700,0.0000,0.00,0.00,active,2026-09-29T20:25:00Z,2026-09-26T14:52:17+00:00
KXNFLRECYDS-26SEP27LVNO,KXNFLRECYDS,KXNFLRECYDS-26SEP27LVNO-LVJNAILOR9-70,Jalen Nailor: 70+ receiving yards,0.0500,0.1000,0.0000,0.00,0.00,active,2026-09-29T20:25:00Z,2026-09-26T14:52:17+00:00
KXNFLRECYDS-26SEP27LVNO,KXNFLRECYDS,KXNFLRECYDS-26SEP27LVNO-LVTTUCKER1-90,Tre Tucker: 90+ receiving yards,0.0600,0.1200,0.0000,0.00,0.00,active,2026-09-29T20:25:00Z,2026-09-26T14:52:17+00:00
KXNFLRECYDS-26SEP27LVNO,KXNFLRECYDS,KXNFLRECYDS-26SEP27LVNO-NOBLANCE18-60,Bryce Lance: 60+ receiving yards,0.0300,0.0800,0.0000,0.00,0.00,active,2026-09-29T20:25:00Z,2026-09-26T14:52:17+00:00
KXNFLRECYDS-26SEP27LVNO,KXNFLRECYDS,KXNFLRECYDS-26SEP27LVNO-NOCOLAVE12-140,Chris Olave: 140+ receiving yards,0.0700,0.1100,0.1000,36.59,36.59,active,2026-09-29T20:25:00Z,2026-09-26T14:52:17+00:00
KXNFLRECYDS-26SEP27LVNO,KXNFLRECYDS,KXNFLRECYDS-26SEP27LVNO-LVJNAILOR9-90,Jalen Nailor: 90+ receiving yards,0.0300,0.0500,0.0500,25.00,25.00,active,2026-09-29T20:25:00Z,2026-09-26T14:52:17+00:00
KXNFLRECYDS-26SEP27LVNO,KXNFLRECYDS,KXNFLRECYDS-26SEP27LVNO-LVTTUCKER1-110,Tre Tucker: 110+ receiving yards,0.0200,0.0700,0.0000,0.00,0.00,active,2026-09-29T20:25:00Z,2026-09-26T14:52:17+00:00
KXNFLRECYDS-26SEP27LVNO,KXNFLRECYDS,KXNFLRECYDS-26SEP27LVNO-NOCOLAVE12-50,Chris Olave: 50+ receiving yards,0.7200,0.7600,0.7500,17.66,17.66,active,2026-09-29T20:25:00Z,2026-09-26T14:52:17+00:00
KXNFLRECYDS-26SEP27LVNO,KXNFLRECYDS,KXNFLRECYDS-26SEP27LVNO-LVAJEANTY2-80,Ashton Jeanty: 80+ receiving yards,0.0200,0.0600,0.0000,0.00,0.00,active,2026-09-29T20:25:00Z,2026-09-26T14:52:17+00:00
KXNFLRECYDS-26SEP27LVNO,KXNFLRECYDS,KXNFLRECYDS-26SEP27LVNO-LVAJEANTY2-60,Ashton Jeanty: 60+ receiving yards,0.0500,0.1000,0.0000,0.00,0.00,active,2026-09-29T20:25:00Z,2026-09-26T14:52:17+00:00
KXNFLRECYDS-26SEP27LVNO,KXNFLRECYDS,KXNFLRECYDS-26SEP27LVNO-NOJJOHNSON83-35,Juwan Johnson: 35+ receiving yards,0.5000,0.5200,0.5200,12117.92,11908.98,active,2026-09-29T20:25:00Z,2026-09-26T14:52:17+00:00
KXNFLRECYDS-26SEP27LVNO,KXNFLRECYDS,KXNFLRECYDS-26SEP27LVNO-NOCOLAVE12-100,Chris Olave: 100+ receiving yards,0.2800,0.3100,0.3100,304.09,304.09,active,2026-09-29T20:25:00Z,2026-09-26T14:52:17+00:00
KXNFLRECYDS-26SEP27LVNO,KXNFLRECYDS,KXNFLRECYDS-26SEP27LVNO-LVJNAILOR9-50,Jalen Nailor: 50+ receiving yards,0.1500,0.2000,0.1400,39.00,39.00,active,2026-09-29T20:25:00Z,2026-09-26T14:52:17+00:00
KXNFLRECYDS-26SEP27LVNO,KXNFLRECYDS,KXNFLRECYDS-26SEP27LVNO-NODVELE14-70,Devaughn Vele: 70+ receiving yards,0.2500,0.2800,0.2900,9.85,9.85,active,2026-09-29T20:25:00Z,2026-09-26T14:52:17+00:00
KXNFLRECYDS-26SEP27LVNO,KXNFLRECYDS,KXNFLRECYDS-26SEP27LVNO-NOCOLAVE12-120,Chris Olave: 120+ receiving yards,0.1400,0.1800,0.1800,235.50,235.50,active,2026-09-29T20:25:00Z,2026-09-26T14:52:17+00:00
KXNFLRECYDS-26SEP27LVNO,KXNFLRECYDS,KXNFLRECYDS-26SEP27LVNO-NOCOLAVE12-130,Chris Olave: 130+ receiving yards,0.1000,0.1400,0.1300,35.45,35.45,active,2026-09-29T20:25:00Z,2026-09-26T14:52:17+00:00
KXNFLRECYDS-26SEP27LVNO,KXNFLRECYDS,KXNFLRECYDS-26SEP27LVNO-NODVELE14-100,Devaughn Vele: 100+ receiving yards,0.0700,0.1100,0.1200,15.87,15.87,active,2026-09-29T20:25:00Z,2026-09-26T14:52:17+00:00
KXNFLRECYDS-26SEP27LVNO,KXNFLRECYDS,KXNFLRECYDS-26SEP27LVNO-NOJJOHNSON83-40,Juwan Johnson: 40+ receiving yards,0.4200,0.4500,0.4500,197.59,197.59,active,2026-09-29T20:25:00Z,2026-09-26T14:52:17+00:00
KXNFLRECYDS-26SEP27LVNO,KXNFLRECYDS,KXNFLRECYDS-26SEP27LVNO-NOCOLAVE12-150,Chris Olave: 150+ receiving yards,0.0600,0.0800,0.0900,73.97,73.97,active,2026-09-29T20:25:00Z,2026-09-26T14:52:17+00:00
KXNFLRECYDS-26SEP27LVNO,KXNFLRECYDS,KXNFLRECYDS-26SEP27LVNO-NOJJOHNSON83-60,Juwan Johnson: 60+ receiving yards,0.1900,0.2200,0.2200,128.44,128.44,active,2026-09-29T20:25:00Z,2026-09-26T14:52:17+00:00
KXNFLRECYDS-26SEP27LVNO,KXNFLRECYDS,KXNFLRECYDS-26SEP27LVNO-NOJJOHNSON83-70,Juwan Johnson: 70+ receiving yards,0.1100,0.1600,0.1400,29.00,29.00,active,2026-09-29T20:25:00Z,2026-09-26T14:52:17+00:00
KXNFLRECYDS-26SEP27LVNO,KXNFLRECYDS,KXNFLRECYDS-26SEP27LVNO-NODVELE14-50,Devaughn Vele: 50+ receiving yards,0.4700,0.4900,0.5000,805.36,805.36,active,2026-09-29T20:25:00Z,2026-09-26T14:52:17+00:00
KXNFLRECYDS-26SEP27LVNO,KXNFLRECYDS,KXNFLRECYDS-26SEP27LVNO-LVAJEANTY2-15,Ashton Jeanty: 15+ receiving yards,0.6100,0.6300,0.0000,0.00,0.00,active,2026-09-29T20:25:00Z,2026-09-26T14:52:17+00:00
KXNFLRECYDS-26SEP27LVNO,KXNFLRECYDS,KXNFLRECYDS-26SEP27LVNO-NOCOLAVE12-60,Chris Olave: 60+ receiving yards,0.6400,0.6800,0.6800,27.31,27.31,active,2026-09-29T20:25:00Z,2026-09-26T14:52:17+00:00
KXNFLRECYDS-26SEP27LVNO,KXNFLRECYDS,KXNFLRECYDS-26SEP27LVNO-NOCOLAVE12-110,Chris Olave: 110+ receiving yards,0.2100,0.2400,0.2400,264.53,256.54,active,2026-09-29T20:25:00Z,2026-09-26T14:52:17+00:00
KXNFLRECYDS-26SEP27LVNO,KXNFLRECYDS,KXNFLRECYDS-26SEP27LVNO-NOBLANCE18-15,Bryce Lance: 15+ receiving yards,0.4800,0.5000,0.5400,0.17,0.17,active,2026-09-29T20:25:00Z,2026-09-26T14:52:17+00:00
KXNFLRECYDS-26SEP27LVNO,KXNFLRECYDS,KXNFLRECYDS-26SEP27LVNO-NOJJOHNSON83-50,Juwan Johnson: 50+ receiving yards,0.3100,0.3200,0.3200,17821.92,17821.92,active,2026-09-29T20:25:00Z,2026-09-26T14:52:17+00:00
KXNFLRECYDS-26SEP27LVNO,KXNFLRECYDS,KXNFLRECYDS-26SEP27LVNO-LVAJEANTY2-40,Ashton Jeanty: 40+ receiving yards,0.1800,0.2300,0.2200,77.13,77.13,active,2026-09-29T20:25:00Z,2026-09-26T14:52:17+00:00
KXNFLRECYDS-26SEP27LVNO,KXNFLRECYDS,KXNFLRECYDS-26SEP27LVNO-LVTTUCKER1-60,Tre Tucker: 60+ receiving yards,0.3000,0.3200,0.3200,1238.97,1238.77,active,2026-09-29T20:25:00Z,2026-09-26T14:52:17+00:00
KXNFLRECYDS-26SEP27LVNO,KXNFLRECYDS,KXNFLRECYDS-26SEP27LVNO-LVTTUCKER1-40,Tre Tucker: 40+ receiving yards,0.4900,0.5300,0.5500,1867.21,1867.21,active,2026-09-29T20:25:00Z,2026-09-26T14:52:17+00:00
KXNFLRECYDS-26SEP27LVNO,KXNFLRECYDS,KXNFLRECYDS-26SEP27LVNO-NOCOLAVE12-160,Chris Olave: 160+ receiving yards,0.0300,0.0600,0.0600,109.45,109.45,active,2026-09-29T20:25:00Z,2026-09-26T14:52:17+00:00
KXNFLRECYDS-26SEP27LVNO,KXNFLRECYDS,KXNFLRECYDS-26SEP27LVNO-NOCOLAVE12-70,Chris Olave: 70+ receiving yards,0.5500,0.5800,0.5700,169.85,169.85,active,2026-09-29T20:25:00Z,2026-09-26T14:52:17+00:00
KXNFLRECYDS-26SEP27LVNO,KXNFLRECYDS,KXNFLRECYDS-26SEP27LVNO-LVTTUCKER1-80,Tre Tucker: 80+ receiving yards,0.1600,0.1800,0.1800,1287.11,1287.11,active,2026-09-29T20:25:00Z,2026-09-26T14:52:17+00:00
KXNFLRECYDS-26SEP27LVNO,KXNFLRECYDS,KXNFLRECYDS-26SEP27LVNO-LVTTUCKER1-120,Tre Tucker: 120+ receiving yards,0.0200,0.0400,0.0000,0.00,0.00,active,2026-09-29T20:25:00Z,2026-09-26T14:52:17+00:00
KXNFLRECYDS-26SEP27LVNO,KXNFLRECYDS,KXNFLRECYDS-26SEP27LVNO-LVTTUCKER1-50,Tre Tucker: 50+ receiving yards,0.3700,0.4200,0.3900,177.90,177.90,active,2026-09-29T20:25:00Z,2026-09-26T14:52:17+00:00
KXNFLRECYDS-26SEP27LVNO,KXNFLRECYDS,KXNFLRECYDS-26SEP27LVNO-LVTTUCKER1-25,Tre Tucker: 25+ receiving yards,0.6800,0.7300,0.7400,19.62,19.62,active,2026-09-29T20:25:00Z,2026-09-26T14:52:17+00:00
KXNFLRECYDS-26SEP27LVNO,KXNFLRECYDS,KXNFLRECYDS-26SEP27LVNO-NOBLANCE18-40,Bryce Lance: 40+ receiving yards,0.1300,0.1900,0.0000,0.00,0.00,active,2026-09-29T20:25:00Z,2026-09-26T14:52:17+00:00
KXNFLRECYDS-26SEP27LVNO,KXNFLRECYDS,KXNFLRECYDS-26SEP27LVNO-LVTTUCKER1-15,Tre Tucker: 15+ receiving yards,0.7900,0.8600,0.8300,11.00,11.00,active,2026-09-29T20:25:00Z,2026-09-26T14:52:17+00:00
KXNFLRECYDS-26SEP27LVNO,KXNFLRECYDS,KXNFLRECYDS-26SEP27LVNO-LVJNAILOR9-25,Jalen Nailor: 25+ receiving yards,0.4700,0.4900,0.4900,0.19,0.19,active,2026-09-29T20:25:00Z,2026-09-26T14:52:17+00:00
KXNFLRECYDS-26SEP27LVNO,KXNFLRECYDS,KXNFLRECYDS-26SEP27LVNO-LVJNAILOR9-80,Jalen Nailor: 80+ receiving yards,0.0300,0.0600,0.0000,0.00,0.00,active,2026-09-29T20:25:00Z,2026-09-26T14:52:17+00:00
KXNFLRECYDS-26SEP27LVNO,KXNFLRECYDS,KXNFLRECYDS-26SEP27LVNO-LVAJEANTY2-70,Ashton Jeanty: 70+ receiving yards,0.0200,0.0700,0.0000,0.00,0.00,active,2026-09-29T20:25:00Z,2026-09-26T14:52:17+00:00
KXNFLRECYDS-26SEP27LVNO,KXNFLRECYDS,KXNFLRECYDS-26SEP27LVNO-NOBLANCE18-70,Bryce Lance: 70+ receiving yards,0.0200,0.0600,0.0000,0.00,0.00,active,2026-09-29T20:25:00Z,2026-09-26T14:52:17+00:00
KXNFLRECYDS-26SEP27LVNO,KXNFLRECYDS,KXNFLRECYDS-26SEP27LVNO-LVAJEANTY2-25,Ashton Jeanty: 25+ receiving yards,0.4000,0.4500,0.4500,97.62,97.62,active,2026-09-29T20:25:00Z,2026-09-26T14:52:17+00:00
KXNFLRECYDS-26SEP27LVNO,KXNFLRECYDS,KXNFLRECYDS-26SEP27LVNO-NODVELE14-25,Devaughn Vele: 25+ receiving yards,0.7700,0.8000,0.8000,6.00,6.00,active,2026-09-29T20:25:00Z,2026-09-26T14:52:17+00:00
KXNFLRECYDS-26SEP27LVNO,KXNFLRECYDS,KXNFLRECYDS-26SEP27LVNO-LVJNAILOR9-40,Jalen Nailor: 40+ receiving yards,0.2400,0.3000,0.2800,2.00,2.00,active,2026-09-29T20:25:00Z,2026-09-26T14:52:17+00:00
KXNFLRECYDS-26SEP27LVNO,KXNFLRECYDS,KXNFLRECYDS-26SEP27LVNO-NODVELE14-110,Devaughn Vele: 110+ receiving yards,0.0400,0.0800,0.0900,21.23,21.23,active,2026-09-29T20:25:00Z,2026-09-26T14:52:17+00:00
KXNFLRECYDS-26SEP27LVNO,KXNFLRECYDS,KXNFLRECYDS-26SEP27LVNO-NODVELE14-40,Devaughn Vele: 40+ receiving yards,0.5900,0.6200,0.6200,4.14,4.14,active,2026-09-29T20:25:00Z,2026-09-26T14:52:17+00:00
KXNFLRECYDS-26SEP27LVNO,KXNFLRECYDS,KXNFLRECYDS-26SEP27LVNO-NOBLANCE18-25,Bryce Lance: 25+ receiving yards,0.3000,0.3400,0.0000,0.00,0.00,active,2026-09-29T20:25:00Z,2026-09-26T14:52:17+00:00
KXNFLRECYDS-26SEP27LVNO,KXNFLRECYDS,KXNFLRECYDS-26SEP27LVNO-NOCOLAVE12-170,Chris Olave: 170+ receiving yards,0.0200,0.0500,0.0000,0.00,0.00,active,2026-09-29T20:25:00Z,2026-09-26T14:52:17+00:00
KXNFLRECYDS-26SEP27MINTB,KXNFLRECYDS,KXNFLRECYDS-26SEP27MINTB-TBEEGBUKA2-70,Emeka Egbuka: 70+ receiving yards,0.2700,0.2900,0.0000,0.00,0.00,active,2026-09-29T20:05:00Z,2026-09-26T14:52:17+00:00
KXNFLRECYDS-26SEP27MINTB,KXNFLRECYDS,KXNFLRECYDS-26SEP27MINTB-TBCGODWIN14-80,Chris Godwin Jr.: 80+ receiving yards,0.0800,0.1200,0.0000,0.00,0.00,active,2026-09-29T20:05:00Z,2026-09-26T14:52:17+00:00
KXNFLRECYDS-26SEP27MINTB,KXNFLRECYDS,KXNFLRECYDS-26SEP27MINTB-MINJADDISON3-90,Jordan Addison: 90+ receiving yards,0.0600,0.1000,0.0000,0.00,0.00,active,2026-09-29T20:05:00Z,2026-09-26T14:52:17+00:00
KXNFLRECYDS-26SEP27MINTB,KXNFLRECYDS,KXNFLRECYDS-26SEP27MINTB-TBKGAINWELL1-25,Kenny Gainwell: 25+ receiving yards,0.1900,0.2000,0.2000,167.92,167.92,active,2026-09-29T20:05:00Z,2026-09-26T14:52:17+00:00
KXNFLRECYDS-26SEP27MINTB,KXNFLRECYDS,KXNFLRECYDS-26SEP27MINTB-MINJADDISON3-60,Jordan Addison: 60+ receiving yards,0.2400,0.2500,0.2300,162.19,162.19,active,2026-09-29T20:05:00Z,2026-09-26T14:52:17+00:00
KXNFLRECYDS-26SEP27MINTB,KXNFLRECYDS,KXNFLRECYDS-26SEP27MINTB-TBKGAINWELL1-50,Kenny Gainwell: 50+ receiving yards,0.0500,0.0600,0.0600,234.56,234.56,active,2026-09-29T20:05:00Z,2026-09-26T14:52:17+00:00
KXNFLRECYDS-26SEP27MINTB,KXNFLRECYDS,KXNFLRECYDS-26SEP27MINTB-MINJADDISON3-100,Jordan Addison: 100+ receiving yards,0.0400,0.0700,0.0700,811.18,811.18,active,2026-09-29T20:05:00Z,2026-09-26T14:52:17+00:00
KXNFLRECYDS-26SEP27MINTB,KXNFLRECYDS,KXNFLRECYDS-26SEP27MINTB-MINTHOCKENSON87-25,T.J. Hockenson: 25+ receiving yards,0.6000,0.6200,0.6200,78.55,78.55,active,2026-09-29T20:05:00Z,2026-09-26T14:52:17+00:00
KXNFLRECYDS-26SEP27MINTB,KXNFLRECYDS,KXNFLRECYDS-26SEP27MINTB-TBJMCMILLAN11-40,Jalen McMillan: 40+ receiving yards,0.1400,0.1700,0.1600,33.00,33.00,active,2026-09-29T20:05:00Z,2026-09-26T14:52:17+00:00
KXNFLRECYDS-26SEP27MINTB,KXNFLRECYDS,KXNFLRECYDS-26SEP27MINTB-TBTHURST17-15,Ted Hurst III: 15+ receiving yards,0.6400,0.6600,0.0000,0.00,0.00,active,2026-09-29T20:05:00Z,2026-09-26T14:52:17+00:00
KXNFLRECYDS-26SEP27MINTB,KXNFLRECYDS,KXNFLRECYDS-26SEP27MINTB-TBJMCMILLAN11-60,Jalen McMillan: 60+ receiving yards,0.0500,0.1000,0.0000,0.00,0.00,active,2026-09-29T20:05:00Z,2026-09-26T14:52:17+00:00
KXNFLRECYDS-26SEP27MINTB,KXNFLRECYDS,KXNFLRECYDS-26SEP27MINTB-TBEEGBUKA2-25,Emeka Egbuka: 25+ receiving yards,0.7600,0.8000,0.0000,0.00,0.00,active,2026-09-29T20:05:00Z,2026-09-26T14:52:17+00:00
KXNFLRECYDS-26SEP27MINTB,KXNFLRECYDS,KXNFLRECYDS-26SEP27MINTB-TBCGODWIN14-25,Chris Godwin Jr.: 25+ receiving yards,0.6300,0.6500,0.0000,0.00,0.00,active,2026-09-29T20:05:00Z,2026-09-26T14:52:17+00:00
KXNFLRECYDS-26SEP27MINTB,KXNFLRECYDS,KXNFLRECYDS-26SEP27MINTB-TBCGODWIN14-70,Chris Godwin Jr.: 70+ receiving yards,0.1400,0.1700,0.0000,0.00,0.00,active,2026-09-29T20:05:00Z,2026-09-26T14:52:17+00:00
KXNFLRECYDS-26SEP27MINTB,KXNFLRECYDS,KXNFLRECYDS-26SEP27MINTB-TBJMCMILLAN11-70,Jalen McMillan: 70+ receiving yards,0.0200,0.0700,0.0000,0.00,0.00,active,2026-09-29T20:05:00Z,2026-09-26T14:52:17+00:00
KXNFLRECYDS-26SEP27MINTB,KXNFLRECYDS,KXNFLRECYDS-26SEP27MINTB-MINAJONES33-50,Aaron Jones Sr.: 50+ receiving yards,0.0400,0.0900,0.0000,0.00,0.00,active,2026-09-29T20:05:00Z,2026-09-26T14:52:17+00:00
KXNFLRECYDS-26SEP27MINTB,KXNFLRECYDS,KXNFLRECYDS-26SEP27MINTB-MINJOLIVER84-40,Josh Oliver: 40+ receiving yards,0.0600,0.1100,0.0000,0.00,0.00,active,2026-09-29T20:05:00Z,2026-09-26T14:52:17+00:00
KXNFLRECYDS-26SEP27MINTB,KXNFLRECYDS,KXNFLRECYDS-26SEP27MINTB-TBKGAINWELL1-15,Kenny Gainwell: 15+ receiving yards,0.3700,0.3800,0.3800,11508.81,11508.81,active,2026-09-29T20:05:00Z,2026-09-26T14:52:17+00:00
KXNFLRECYDS-26SEP27MINTB,KXNFLRECYDS,KXNFLRECYDS-26SEP27MINTB-TBTHURST17-80,Ted Hurst III: 80+ receiving yards,0.0300,0.0800,0.0000,0.00,0.00,active,2026-09-29T20:05:00Z,2026-09-26T14:52:17+00:00
KXNFLRECYDS-26SEP27MINTB,KXNFLRECYDS,KXNFLRECYDS-26SEP27MINTB-TBCGODWIN14-60,Chris Godwin Jr.: 60+ receiving yards,0.2100,0.2400,0.0000,0.00,0.00,active,2026-09-29T20:05:00Z,2026-09-26T14:52:17+00:00
KXNFLRECYDS-26SEP27MINTB,KXNFLRECYDS,KXNFLRECYDS-26SEP27MINTB-TBTHURST17-60,Ted Hurst III: 60+ receiving yards,0.1000,0.1400,0.0000,0.00,0.00,active,2026-09-29T20:05:00Z,2026-09-26T14:52:17+00:00
KXNFLRECYDS-26SEP27MINTB,KXNFLRECYDS,KXNFLRECYDS-26SEP27MINTB-TBJMCMILLAN11-25,Jalen McMillan: 25+ receiving yards,0.2900,0.3400,0.3200,43.46,43.46,active,2026-09-29T20:05:00Z,2026-09-26T14:52:17+00:00
KXNFLRECYDS-26SEP27MINTB,KXNFLRECYDS,KXNFLRECYDS-26SEP27MINTB-TBCOTTON88-40,Cade Otton: 40+ receiving yards,0.2800,0.3100,0.3000,8.03,8.03,active,2026-09-29T20:05:00Z,2026-09-26T14:52:17+00:00
KXNFLRECYDS-26SEP27MINTB,KXNFLRECYDS,KXNFLRECYDS-26SEP27MINTB-MINTHOCKENSON87-40,T.J. Hockenson: 40+ receiving yards,0.3300,0.3600,0.3600,66.89,66.89,active,2026-09-29T20:05:00Z,2026-09-26T14:52:17+00:00
KXNFLRECYDS-26SEP27MINTB,KXNFLRECYDS,KXNFLRECYDS-26SEP27MINTB-MINJADDISON3-25,Jordan Addison: 25+ receiving yards,0.6500,0.6700,0.6500,162.99,162.99,active,2026-09-29T20:05:00Z,2026-09-26T14:52:17+00:00
KXNFLRECYDS-26SEP27MINTB,KXNFLRECYDS,KXNFLRECYDS-26SEP27MINTB-MINJJEFFERSON18-150,Justin Jefferson: 150+ receiving yards,0.0300,0.0600,0.0500,100.00,100.00,active,2026-09-29T20:05:00Z,2026-09-26T14:52:17+00:00
KXNFLRECYDS-26SEP27MINTB,KXNFLRECYDS,KXNFLRECYDS-26SEP27MINTB-MINJJEFFERSON18-140,Justin Jefferson: 140+ receiving yards,0.0300,0.0800,0.0000,0.00,0.00,active,2026-09-29T20:05:00Z,2026-09-26T14:52:17+00:00
KXNFLRECYDS-26SEP27MINTB,KXNFLRECYDS,KXNFLRECYDS-26SEP27MINTB-TBTHURST17-25,Ted Hurst III: 25+ receiving yards,0.4800,0.5000,0.4600,18.00,18.00,active,2026-09-29T20:05:00Z,2026-09-26T14:52:17+00:00
KXNFLRECYDS-26SEP27MINTB,KXNFLRECYDS,KXNFLRECYDS-26SEP27MINTB-TBTHURST17-70,Ted Hurst III: 70+ receiving yards,0.0600,0.1100,0.0000,0.00,0.00,active,2026-09-29T20:05:00Z,2026-09-26T14:52:17+00:00
KXNFLRECYDS-26SEP27MINTB,KXNFLRECYDS,KXNFLRECYDS-26SEP27MINTB-TBCOTTON88-70,Cade Otton: 70+ receiving yards,0.0400,0.1000,0.0000,0.00,0.00,active,2026-09-29T20:05:00Z,2026-09-26T14:52:17+00:00
KXNFLRECYDS-26SEP27MINTB,KXNFLRECYDS,KXNFLRECYDS-26SEP27MINTB-MINJJEFFERSON18-120,Justin Jefferson: 120+ receiving yards,0.0600,0.1400,0.0000,0.00,0.00,active,2026-09-29T20:05:00Z,2026-09-26T14:52:17+00:00
KXNFLRECYDS-26SEP27MINTB,KXNFLRECYDS,KXNFLRECYDS-26SEP27MINTB-MINJJEFFERSON18-50,Justin Jefferson: 50+ receiving yards,0.7000,0.7200,0.7200,97.54,97.54,active,2026-09-29T20:05:00Z,2026-09-26T14:52:17+00:00
KXNFLRECYDS-26SEP27MINTB,KXNFLRECYDS,KXNFLRECYDS-26SEP27MINTB-MINJJENNINGS14-50,Jauan Jennings: 50+ receiving yards,0.0600,0.0900,0.0700,3201.00,3201.00,active,2026-09-29T20:05:00Z,2026-09-26T14:52:17+00:00
KXNFLRECYDS-26SEP27MINTB,KXNFLRECYDS,KXNFLRECYDS-26SEP27MINTB-TBTHURST17-40,Ted Hurst III: 40+ receiving yards,0.2500,0.2900,0.0000,0.00,0.00,active,2026-09-29T20:05:00Z,2026-09-26T14:52:17+00:00
KXNFLRECYDS-26SEP27MINTB,KXNFLRECYDS,KXNFLRECYDS-26SEP27MINTB-TBEEGBUKA2-110,Emeka Egbuka: 110+ receiving yards,0.0400,0.1000,0.0000,0.00,0.00,active,2026-09-29T20:05:00Z,2026-09-26T14:52:17+00:00
KXNFLRECYDS-26SEP27MINTB,KXNFLRECYDS,KXNFLRECYDS-26SEP27MINTB-TBCGODWIN14-90,Chris Godwin Jr.: 90+ receiving yards,0.0500,0.0900,0.0000,0.00,0.00,active,2026-09-29T20:05:00Z,2026-09-26T14:52:17+00:00
KXNFLRECYDS-26SEP27MINTB,KXNFLRECYDS,KXNFLRECYDS-26SEP27MINTB-TBEEGBUKA2-50,Emeka Egbuka: 50+ receiving yards,0.4800,0.5000,0.4700,171.87,144.87,active,2026-09-29T20:05:00Z,2026-09-26T14:52:17+00:00
KXNFLRECYDS-26SEP27MINTB,KXNFLRECYDS,KXNFLRECYDS-26SEP27MINTB-TBJMCMILLAN11-15,Jalen McMillan: 15+ receiving yards,0.4800,0.5000,0.5000,1375.62,1366.65,active,2026-09-29T20:05:00Z,2026-09-26T14:52:17+00:00
KXNFLRECYDS-26SEP27MINTB,KXNFLRECYDS,KXNFLRECYDS-26SEP27MINTB-MINTHOCKENSON87-15,T.J. Hockenson: 15+ receiving yards,0.7600,0.7900,0.7900,3.00,3.00,active,2026-09-29T20:05:00Z,2026-09-26T14:52:17+00:00
KXNFLRECYDS-26SEP27MINTB,KXNFLRECYDS,KXNFLRECYDS-26SEP27MINTB-MINJJEFFERSON18-80,Justin Jefferson: 80+ receiving yards,0.4000,0.4100,0.4000,1193.85,1160.72,active,2026-09-29T20:05:00Z,2026-09-26T14:52:17+00:00
KXNFLRECYDS-26SEP27MINTB,KXNFLRECYDS,KXNFLRECYDS-26SEP27MINTB-TBCGODWIN14-40,Chris Godwin Jr.: 40+ receiving yards,0.4200,0.4500,0.4500,105.41,105.41,active,2026-09-29T20:05:00Z,2026-09-26T14:52:17+00:00
KXNFLRECYDS-26SEP27MINTB,KXNFLRECYDS,KXNFLRECYDS-26SEP27MINTB-MINJADDISON3-15,Jordan Addison: 15+ receiving yards,0.7800,0.8100,0.0000,0.00,0.00,active,2026-09-29T20:05:00Z,2026-09-26T14:52:17+00:00
KXNFLRECYDS-26SEP27MINTB,KXNFLRECYDS,KXNFLRECYDS-26SEP27MINTB-TBEEGBUKA2-80,Emeka Egbuka: 80+ receiving yards,0.1900,0.2200,0.0000,0.00,0.00,active,2026-09-29T20:05:00Z,2026-09-26T14:52:17+00:00
KXNFLRECYDS-26SEP27MINTB,KXNFLRECYDS,KXNFLRECYDS-26SEP27MINTB-MINJADDISON3-80,Jordan Addison: 80+ receiving yards,0.1000,0.1300,0.0000,0.00,0.00,active,2026-09-29T20:05:00Z,2026-09-26T14:52:17+00:00
KXNFLRECYDS-26SEP27MINTB,KXNFLRECYDS,KXNFLRECYDS-26SEP27MINTB-TBCOTTON88-25,Cade Otton: 25+ receiving yards,0.5300,0.5600,0.5300,39.28,39.28,active,2026-09-29T20:05:00Z,2026-09-26T14:52:17+00:00
KXNFLRECYDS-26SEP27MINTB,KXNFLRECYDS,KXNFLRECYDS-26SEP27MINTB-TBCGODWIN14-50,Chris Godwin Jr.: 50+ receiving yards,0.3100,0.3300,0.0000,0.00,0.00,active,2026-09-29T20:05:00Z,2026-09-26T14:52:17+00:00
KXNFLRECYDS-26SEP27MINTB,KXNFLRECYDS,KXNFLRECYDS-26SEP27MINTB-MINJADDISON3-70,Jordan Addison: 70+ receiving yards,0.1600,0.1800,0.0000,0.00,0.00,active,2026-09-29T20:05:00Z,2026-09-26T14:52:17+00:00
KXNFLRECYDS-26SEP27MINTB,KXNFLRECYDS,KXNFLRECYDS-26SEP27MINTB-TBBIRVING7-25,Bucky Irving: 25+ receiving yards,0.3100,0.3200,0.3100,131.09,131.09,active,2026-09-29T20:05:00Z,2026-09-26T14:52:17+00:00
KXNFLRECYDS-26SEP27MINTB,KXNFLRECYDS,KXNFLRECYDS-26SEP27MINTB-TBBIRVING7-15,Bucky Irving: 15+ receiving yards,0.5200,0.5300,0.5300,1149.90,1149.90,active,2026-09-29T20:05:00Z,2026-09-26T14:52:17+00:00
KXNFLRECYDS-26SEP27MINTB,KXNFLRECYDS,KXNFLRECYDS-26SEP27MINTB-MINJOLIVER84-25,Josh Oliver: 25+ receiving yards,0.2000,0.2300,0.0000,0.00,0.00,active,2026-09-29T20:05:00Z,2026-09-26T14:52:17+00:00
KXNFLRECYDS-26SEP27MINTB,KXNFLRECYDS,KXNFLRECYDS-26SEP27MINTB-MINJOLIVER84-15,Josh Oliver: 15+ receiving yards,0.3900,0.4200,0.4200,4.57,4.57,active,2026-09-29T20:05:00Z,2026-09-26T14:52:17+00:00
KXNFLRECYDS-26SEP27MINTB,KXNFLRECYDS,KXNFLRECYDS-26SEP27MINTB-TBBIRVING7-50,Bucky Irving: 50+ receiving yards,0.0700,0.1000,0.0000,0.00,0.00,active,2026-09-29T20:05:00Z,2026-09-26T14:52:17+00:00
KXNFLRECYDS-26SEP27MINTB,KXNFLRECYDS,KXNFLRECYDS-26SEP27MINTB-MINJJEFFERSON18-40,Justin Jefferson: 40+ receiving yards,0.7800,0.8300,0.8200,29.03,29.03,active,2026-09-29T20:05:00Z,2026-09-26T14:52:17+00:00
KXNFLRECYDS-26SEP27MINTB,KXNFLRECYDS,KXNFLRECYDS-26SEP27MINTB-TBEEGBUKA2-40,Emeka Egbuka: 40+ receiving yards,0.5800,0.6300,0.6300,15.47,15.47,active,2026-09-29T20:05:00Z,2026-09-26T14:52:17+00:00
KXNFLRECYDS-26SEP27MINTB,KXNFLRECYDS,KXNFLRECYDS-26SEP27MINTB-MINTHOCKENSON87-60,T.J. Hockenson: 60+ receiving yards,0.1200,0.1400,0.1600,123.84,123.84,active,2026-09-29T20:05:00Z,2026-09-26T14:52:17+00:00
KXNFLRECYDS-26SEP27MINTB,KXNFLRECYDS,KXNFLRECYDS-26SEP27MINTB-TBCOTTON88-15,Cade Otton: 15+ receiving yards,0.7100,0.7400,0.7400,25.12,25.12,active,2026-09-29T20:05:00Z,2026-09-26T14:52:17+00:00
KXNFLRECYDS-26SEP27MINTB,KXNFLRECYDS,KXNFLRECYDS-26SEP27MINTB-TBBIRVING7-40,Bucky Irving: 40+ receiving yards,0.1300,0.1400,0.0000,0.00,0.00,active,2026-09-29T20:05:00Z,2026-09-26T14:52:17+00:00
KXNFLRECYDS-26SEP27MINTB,KXNFLRECYDS,KXNFLRECYDS-26SEP27MINTB-TBEEGBUKA2-60,Emeka Egbuka: 60+ receiving yards,0.3600,0.3800,0.0000,0.00,0.00,active,2026-09-29T20:05:00Z,2026-09-26T14:52:17+00:00
KXNFLRECYDS-26SEP27MINTB,KXNFLRECYDS,KXNFLRECYDS-26SEP27MINTB-MINJADDISON3-40,Jordan Addison: 40+ receiving yards,0.4500,0.4700,0.4500,1863.21,1847.74,active,2026-09-29T20:05:00Z,2026-09-26T14:52:17+00:00
KXNFLRECYDS-26SEP27MINTB,KXNFLRECYDS,KXNFLRECYDS-26SEP27MINTB-MINJADDISON3-50,Jordan Addison: 50+ receiving yards,0.3300,0.3400,0.3400,28.99,28.99,active,2026-09-29T20:05:00Z,2026-09-26T14:52:17+00:00
KXNFLRECYDS-26SEP27MINTB,KXNFLRECYDS,KXNFLRECYDS-26SEP27MINTB-TBEEGBUKA2-120,Emeka Egbuka: 120+ receiving yards,0.0400,0.0600,0.0700,115.00,115.00,active,2026-09-29T20:05:00Z,2026-09-26T14:52:17+00:00
KXNFLRECYDS-26SEP27MINTB,KXNFLRECYDS,KXNFLRECYDS-26SEP27MINTB-MINJJEFFERSON18-90,Justin Jefferson: 90+ receiving yards,0.3100,0.3400,0.3300,869.29,822.28,active,2026-09-29T20:05:00Z,2026-09-26T14:52:17+00:00
KXNFLRECYDS-26SEP27MINTB,KXNFLRECYDS,KXNFLRECYDS-26SEP27MINTB-TBCGODWIN14-100,Chris Godwin Jr.: 100+ receiving yards,0.0300,0.0500,0.0700,116.00,116.00,active,2026-09-29T20:05:00Z,2026-09-26T14:52:17+00:00
KXNFLRECYDS-26SEP27MINTB,KXNFLRECYDS,KXNFLRECYDS-26SEP27MINTB-MINJJENNINGS14-25,Jauan Jennings: 25+ receiving yards,0.2900,0.3200,0.3200,2000.00,2000.00,active,2026-09-29T20:05:00Z,2026-09-26T14:52:17+00:00
KXNFLRECYDS-26SEP27MINTB,KXNFLRECYDS,KXNFLRECYDS-26SEP27MINTB-MINJJENNINGS14-40,Jauan Jennings: 40+ receiving yards,0.1200,0.1500,0.1400,3834.74,3834.74,active,2026-09-29T20:05:00Z,2026-09-26T14:52:17+00:00
KXNFLRECYDS-26SEP27MINTB,KXNFLRECYDS,KXNFLRECYDS-26SEP27MINTB-MINJJEFFERSON18-100,Justin Jefferson: 100+ receiving yards,0.2300,0.2600,0.2400,2216.32,2206.67,active,2026-09-29T20:05:00Z,2026-09-26T14:52:17+00:00
KXNFLRECYDS-26SEP27MINTB,KXNFLRECYDS,KXNFLRECYDS-26SEP27MINTB-MINJJEFFERSON18-70,Justin Jefferson: 70+ receiving yards,0.5100,0.5300,0.5200,3206.30,3206.30,active,2026-09-29T20:05:00Z,2026-09-26T14:52:17+00:00
KXNFLRECYDS-26SEP27MINTB,KXNFLRECYDS,KXNFLRECYDS-26SEP27MINTB-TBCOTTON88-80,Cade Otton: 80+ receiving yards,0.0200,0.0700,0.0000,0.00,0.00,active,2026-09-29T20:05:00Z,2026-09-26T14:52:17+00:00
KXNFLRECYDS-26SEP27MINTB,KXNFLRECYDS,KXNFLRECYDS-26SEP27MINTB-TBEEGBUKA2-90,Emeka Egbuka: 90+ receiving yards,0.1400,0.1600,0.1600,4.00,4.00,active,2026-09-29T20:05:00Z,2026-09-26T14:52:17+00:00
KXNFLRECYDS-26SEP27MINTB,KXNFLRECYDS,KXNFLRECYDS-26SEP27MINTB-MINJJEFFERSON18-110,Justin Jefferson: 110+ receiving yards,0.1400,0.1900,0.0000,0.00,0.00,active,2026-09-29T20:05:00Z,2026-09-26T14:52:17+00:00
KXNFLRECYDS-26SEP27MINTB,KXNFLRECYDS,KXNFLRECYDS-26SEP27MINTB-MINJJEFFERSON18-130,Justin Jefferson: 130+ receiving yards,0.0600,0.0900,0.1000,525.95,525.95,active,2026-09-29T20:05:00Z,2026-09-26T14:52:17+00:00
KXNFLRECYDS-26SEP27MINTB,KXNFLRECYDS,KXNFLRECYDS-26SEP27MINTB-MINTHOCKENSON87-50,T.J. Hockenson: 50+ receiving yards,0.2100,0.2300,0.2400,290.40,289.40,active,2026-09-29T20:05:00Z,2026-09-26T14:52:17+00:00
KXNFLRECYDS-26SEP27MINTB,KXNFLRECYDS,KXNFLRECYDS-26SEP27MINTB-TBJMCMILLAN11-50,Jalen McMillan: 50+ receiving yards,0.0800,0.1300,0.1000,48.00,48.00,active,2026-09-29T20:05:00Z,2026-09-26T14:52:17+00:00
KXNFLRECYDS-26SEP27MINTB,KXNFLRECYDS,KXNFLRECYDS-26SEP27MINTB-TBTHURST17-50,Ted Hurst III: 50+ receiving yards,0.1600,0.2000,0.1500,32.00,32.00,active,2026-09-29T20:05:00Z,2026-09-26T14:52:17+00:00
KXNFLRECYDS-26SEP27MINTB,KXNFLRECYDS,KXNFLRECYDS-26SEP27MINTB-TBKGAINWELL1-40,Kenny Gainwell: 40+ receiving yards,0.0800,0.0900,0.0900,156.68,156.68,active,2026-09-29T20:05:00Z,2026-09-26T14:52:17+00:00
KXNFLRECYDS-26SEP27MINTB,KXNFLRECYDS,KXNFLRECYDS-26SEP27MINTB-MINAJONES33-40,Aaron Jones Sr.: 40+ receiving yards,0.0800,0.1300,0.0000,0.00,0.00,active,2026-09-29T20:05:00Z,2026-09-26T14:52:17+00:00
KXNFLRECYDS-26SEP27MINTB,KXNFLRECYDS,KXNFLRECYDS-26SEP27MINTB-MINJJEFFERSON18-60,Justin Jefferson: 60+ receiving yards,0.6100,0.6300,0.6300,101.70,101.70,active,2026-09-29T20:05:00Z,2026-09-26T14:52:17+00:00
KXNFLRECYDS-26SEP27MINTB,KXNFLRECYDS,KXNFLRECYDS-26SEP27MINTB-TBEEGBUKA2-100,Emeka Egbuka: 100+ receiving yards,0.0900,0.1200,0.1200,99.29,99.29,active,2026-09-29T20:05:00Z,2026-09-26T14:52:17+00:00
KXNFLRECYDS-26SEP27MINTB,KXNFLRECYDS,KXNFLRECYDS-26SEP27MINTB-MINTHOCKENSON87-80,T.J. Hockenson: 80+ receiving yards,0.0300,0.0700,0.0000,0.00,0.00,active,2026-09-29T20:05:00Z,2026-09-26T14:52:17+00:00
KXNFLRECYDS-26SEP27MINTB,KXNFLRECYDS,KXNFLRECYDS-26SEP27MINTB-MINJJENNINGS14-15,Jauan Jennings: 15+ receiving yards,0.4900,0.5100,0.5100,2518.95,2518.95,active,2026-09-29T20:05:00Z,2026-09-26T14:52:17+00:00
KXNFLRECYDS-26SEP27MINTB,KXNFLRECYDS,KXNFLRECYDS-26SEP27MINTB-TBCGODWIN14-15,Chris Godwin Jr.: 15+ receiving yards,0.7800,0.8000,0.8100,25.00,25.00,active,2026-09-29T20:05:00Z,2026-09-26T14:52:17+00:00
KXNFLRECYDS-26SEP27MINTB,KXNFLRECYDS,KXNFLRECYDS-26SEP27MINTB-MINAJONES33-25,Aaron Jones Sr.: 25+ receiving yards,0.1500,0.2700,0.2300,11.00,11.00,active,2026-09-29T20:05:00Z,2026-09-26T14:52:17+00:00
KXNFLRECYDS-26SEP27MINTB,KXNFLRECYDS,KXNFLRECYDS-26SEP27MINTB-TBCOTTON88-60,Cade Otton: 60+ receiving yards,0.0900,0.1400,0.0000,0.00,0.00,active,2026-09-29T20:05:00Z,2026-09-26T14:52:17+00:00
KXNFLRECYDS-26SEP27MINTB,KXNFLRECYDS,KXNFLRECYDS-26SEP27MINTB-MINTHOCKENSON87-70,T.J. Hockenson: 70+ receiving yards,0.0500,0.1000,0.1100,45.02,45.02,active,2026-09-29T20:05:00Z,2026-09-26T14:52:17+00:00
KXNFLRECYDS-26SEP27MINTB,KXNFLRECYDS,KXNFLRECYDS-26SEP27MINTB-MINJJENNINGS14-60,Jauan Jennings: 60+ receiving yards,0.0500,0.0600,0.0600,3200.00,3200.00,active,2026-09-29T20:05:00Z,2026-09-26T14:52:17+00:00
KXNFLRECYDS-26SEP27MINTB,KXNFLRECYDS,KXNFLRECYDS-26SEP27MINTB-MINAJONES33-15,Aaron Jones Sr.: 15+ receiving yards,0.4000,0.4300,0.0000,0.00,0.00,active,2026-09-29T20:05:00Z,2026-09-26T14:52:17+00:00
KXNFLRECYDS-26SEP27MINTB,KXNFLRECYDS,KXNFLRECYDS-26SEP27MINTB-TBBIRVING7-60,Bucky Irving: 60+ receiving yards,0.0200,0.0600,0.0000,0.00,0.00,active,2026-09-29T20:05:00Z,2026-09-26T14:52:17+00:00
KXNFLRECYDS-26SEP27MINTB,KXNFLRECYDS,KXNFLRECYDS-26SEP27MINTB-MINJOLIVER84-50,Josh Oliver: 50+ receiving yards,0.0300,0.0600,0.0000,0.00,0.00,active,2026-09-29T20:05:00Z,2026-09-26T14:52:17+00:00
KXNFLRECYDS-26SEP27MINTB,KXNFLRECYDS,KXNFLRECYDS-26SEP27MINTB-TBCOTTON88-50,Cade Otton: 50+ receiving yards,0.1600,0.2000,0.1800,3.00,3.00,active,2026-09-29T20:05:00Z,2026-09-26T14:52:17+00:00
KXNFLRECYDS-26SEP27NEJAC,KXNFLRECYDS,KXNFLRECYDS-26SEP27NEJAC-NERDOUBS87-25,Romeo Doubs: 25+ receiving yards,0.7100,0.7400,0.0000,0.00,0.00,active,2026-09-29T17:00:00Z,2026-09-26T14:52:17+00:00
KXNFLRECYDS-26SEP27NEJAC,KXNFLRECYDS,KXNFLRECYDS-26SEP27NEJAC-JACJMEYERS3-50,Jakobi Meyers: 50+ receiving yards,0.2700,0.3100,0.2800,30.00,30.00,active,2026-09-29T17:00:00Z,2026-09-26T14:52:17+00:00
KXNFLRECYDS-26SEP27NEJAC,KXNFLRECYDS,KXNFLRECYDS-26SEP27NEJAC-NERSTEVENSON38-25,Rhamondre Stevenson: 25+ receiving yards,0.2700,0.2800,0.2900,32.01,32.01,active,2026-09-29T17:00:00Z,2026-09-26T14:52:17+00:00
KXNFLRECYDS-26SEP27NEJAC,KXNFLRECYDS,KXNFLRECYDS-26SEP27NEJAC-JACBTUTEN33-15,Bhayshul Tuten: 15+ receiving yards,0.3700,0.3800,0.0000,0.00,0.00,active,2026-09-29T17:00:00Z,2026-09-26T14:52:17+00:00
KXNFLRECYDS-26SEP27NEJAC,KXNFLRECYDS,KXNFLRECYDS-26SEP27NEJAC-JACBTHOMAS7-40,Brian Thomas Jr.: 40+ receiving yards,0.4400,0.4500,0.4500,741.44,741.44,active,2026-09-29T17:00:00Z,2026-09-26T14:52:17+00:00
KXNFLRECYDS-26SEP27NEJAC,KXNFLRECYDS,KXNFLRECYDS-26SEP27NEJAC-NEMHOLLINS13-90,Mack Hollins: 90+ receiving yards,0.0400,0.0800,0.0000,0.00,0.00,active,2026-09-29T17:00:00Z,2026-09-26T14:52:17+00:00
KXNFLRECYDS-26SEP27NEJAC,KXNFLRECYDS,KXNFLRECYDS-26SEP27NEJAC-NEHHENRY85-90,Hunter Henry: 90+ receiving yards,0.0600,0.1100,0.0000,0.00,0.00,active,2026-09-29T17:00:00Z,2026-09-26T14:52:17+00:00
KXNFLRECYDS-26SEP27NEJAC,KXNFLRECYDS,KXNFLRECYDS-26SEP27NEJAC-NERDOUBS87-110,Romeo Doubs: 110+ receiving yards,0.0200,0.0700,0.0000,0.00,0.00,active,2026-09-29T17:00:00Z,2026-09-26T14:52:17+00:00
KXNFLRECYDS-26SEP27NEJAC,KXNFLRECYDS,KXNFLRECYDS-26SEP27NEJAC-NEHHENRY85-100,Hunter Henry: 100+ receiving yards,0.0200,0.0800,0.0000,0.00,0.00,active,2026-09-29T17:00:00Z,2026-09-26T14:52:17+00:00
KXNFLRECYDS-26SEP27NEJAC,KXNFLRECYDS,KXNFLRECYDS-26SEP27NEJAC-JACBSTRANGE85-80,Brenton Strange: 80+ receiving yards,0.0300,0.0700,0.0000,0.00,0.00,active,2026-09-29T17:00:00Z,2026-09-26T14:52:17+00:00
KXNFLRECYDS-26SEP27NEJAC,KXNFLRECYDS,KXNFLRECYDS-26SEP27NEJAC-NEHHENRY85-50,Hunter Henry: 50+ receiving yards,0.3800,0.4100,0.3800,5.95,5.95,active,2026-09-29T17:00:00Z,2026-09-26T14:52:17+00:00
KXNFLRECYDS-26SEP27NEJAC,KXNFLRECYDS,KXNFLRECYDS-26SEP27NEJAC-NEMHOLLINS13-60,Mack Hollins: 60+ receiving yards,0.1900,0.2200,0.2100,721.00,721.00,active,2026-09-29T17:00:00Z,2026-09-26T14:52:17+00:00
KXNFLRECYDS-26SEP27NEJAC,KXNFLRECYDS,KXNFLRECYDS-26SEP27NEJAC-JACJMEYERS3-100,Jakobi Meyers: 100+ receiving yards,0.0200,0.0600,0.0000,0.00,0.00,active,2026-09-29T17:00:00Z,2026-09-26T14:52:17+00:00
KXNFLRECYDS-26SEP27NEJAC,KXNFLRECYDS,KXNFLRECYDS-26SEP27NEJAC-JACJMEYERS3-80,Jakobi Meyers: 80+ receiving yards,0.0600,0.1000,0.0900,20.89,20.89,active,2026-09-29T17:00:00Z,2026-09-26T14:52:17+00:00
KXNFLRECYDS-26SEP27NEJAC,KXNFLRECYDS,KXNFLRECYDS-26SEP27NEJAC-NEMHOLLINS13-70,Mack Hollins: 70+ receiving yards,0.1100,0.1500,0.1500,200.00,200.00,active,2026-09-29T17:00:00Z,2026-09-26T14:52:17+00:00
KXNFLRECYDS-26SEP27NEJAC,KXNFLRECYDS,KXNFLRECYDS-26SEP27NEJAC-NERSTEVENSON38-40,Rhamondre Stevenson: 40+ receiving yards,0.1100,0.1200,0.1200,730.24,730.24,active,2026-09-29T17:00:00Z,2026-09-26T14:52:17+00:00
KXNFLRECYDS-26SEP27NEJAC,KXNFLRECYDS,KXNFLRECYDS-26SEP27NEJAC-NETHENDERSON32-15,TreVeyon Henderson: 15+ receiving yards,0.3500,0.3700,0.3700,746.33,746.33,active,2026-09-29T17:00:00Z,2026-09-26T14:52:17+00:00
KXNFLRECYDS-26SEP27NEJAC,KXNFLRECYDS,KXNFLRECYDS-26SEP27NEJAC-NERDOUBS87-70,Romeo Doubs: 70+ receiving yards,0.2100,0.2400,0.2400,1815.00,1815.00,active,2026-09-29T17:00:00Z,2026-09-26T14:52:17+00:00
KXNFLRECYDS-26SEP27NEJAC,KXNFLRECYDS,KXNFLRECYDS-26SEP27NEJAC-JACPWASHINGTON11-80,Parker Washington: 80+ receiving yards,0.3500,0.3700,0.3600,1227.06,1227.06,active,2026-09-29T17:00:00Z,2026-09-26T14:52:17+00:00
KXNFLRECYDS-26SEP27NEJAC,KXNFLRECYDS,KXNFLRECYDS-26SEP27NEJAC-JACBTUTEN33-25,Bhayshul Tuten: 25+ receiving yards,0.2000,0.2100,0.0000,0.00,0.00,active,2026-09-29T17:00:00Z,2026-09-26T14:52:17+00:00
KXNFLRECYDS-26SEP27NEJAC,KXNFLRECYDS,KXNFLRECYDS-26SEP27NEJAC-JACJMEYERS3-25,Jakobi Meyers: 25+ receiving yards,0.6500,0.6600,0.6700,451.10,77.28,active,2026-09-29T17:00:00Z,2026-09-26T14:52:17+00:00
KXNFLRECYDS-26SEP27NEJAC,KXNFLRECYDS,KXNFLRECYDS-26SEP27NEJAC-JACBSTRANGE85-90,Brenton Strange: 90+ receiving yards,0.0200,0.0500,0.0000,0.00,0.00,active,2026-09-29T17:00:00Z,2026-09-26T14:52:17+00:00
KXNFLRECYDS-26SEP27NEJAC,KXNFLRECYDS,KXNFLRECYDS-26SEP27NEJAC-JACPWASHINGTON11-100,Parker Washington: 100+ receiving yards,0.1800,0.2100,0.1800,466.67,466.67,active,2026-09-29T17:00:00Z,2026-09-26T14:52:17+00:00
KXNFLRECYDS-26SEP27NEJAC,KXNFLRECYDS,KXNFLRECYDS-26SEP27NEJAC-JACBTHOMAS7-90,Brian Thomas Jr.: 90+ receiving yards,0.0600,0.1000,0.0000,0.00,0.00,active,2026-09-29T17:00:00Z,2026-09-26T14:52:17+00:00
KXNFLRECYDS-26SEP27NEJAC,KXNFLRECYDS,KXNFLRECYDS-26SEP27NEJAC-NEHHENRY85-80,Hunter Henry: 80+ receiving yards,0.1000,0.1500,0.0000,0.00,0.00,active,2026-09-29T17:00:00Z,2026-09-26T14:52:17+00:00
KXNFLRECYDS-26SEP27NEJAC,KXNFLRECYDS,KXNFLRECYDS-26SEP27NEJAC-NERDOUBS87-100,Romeo Doubs: 100+ receiving yards,0.0600,0.0900,0.0700,200.00,200.00,active,2026-09-29T17:00:00Z,2026-09-26T14:52:17+00:00
KXNFLRECYDS-26SEP27NEJAC,KXNFLRECYDS,KXNFLRECYDS-26SEP27NEJAC-JACPWASHINGTON11-50,Parker Washington: 50+ receiving yards,0.6300,0.6700,0.6600,63.11,63.11,active,2026-09-29T17:00:00Z,2026-09-26T14:52:17+00:00
KXNFLRECYDS-26SEP27NEJAC,KXNFLRECYDS,KXNFLRECYDS-26SEP27NEJAC-JACBTHOMAS7-15,Brian Thomas Jr.: 15+ receiving yards,0.7700,0.8100,0.8100,24.00,20.00,active,2026-09-29T17:00:00Z,2026-09-26T14:52:17+00:00
KXNFLRECYDS-26SEP27NEJAC,KXNFLRECYDS,KXNFLRECYDS-26SEP27NEJAC-JACJMEYERS3-15,Jakobi Meyers: 15+ receiving yards,0.7900,0.8000,0.7900,287.08,140.54,active,2026-09-29T17:00:00Z,2026-09-26T14:52:17+00:00
KXNFLRECYDS-26SEP27NEJAC,KXNFLRECYDS,KXNFLRECYDS-26SEP27NEJAC-NERDOUBS87-15,Romeo Doubs: 15+ receiving yards,0.8300,0.8500,0.8600,14.00,14.00,active,2026-09-29T17:00:00Z,2026-09-26T14:52:17+00:00
KXNFLRECYDS-26SEP27NEJAC,KXNFLRECYDS,KXNFLRECYDS-26SEP27NEJAC-NEDDOUGLAS3-70,DeMario Douglas: 70+ receiving yards,0.0800,0.1100,0.0000,0.00,0.00,active,2026-09-29T17:00:00Z,2026-09-26T14:52:17+00:00
KXNFLRECYDS-26SEP27NEJAC,KXNFLRECYDS,KXNFLRECYDS-26SEP27NEJAC-NERDOUBS87-80,Romeo Doubs: 80+ receiving yards,0.1500,0.1800,0.1700,2279.00,2279.00,active,2026-09-29T17:00:00Z,2026-09-26T14:52:17+00:00
KXNFLRECYDS-26SEP27NEJAC,KXNFLRECYDS,KXNFLRECYDS-26SEP27NEJAC-JACJMEYERS3-70,Jakobi Meyers: 70+ receiving yards,0.1200,0.1400,0.1400,209.43,207.43,active,2026-09-29T17:00:00Z,2026-09-26T14:52:17+00:00
KXNFLRECYDS-26SEP27NEJAC,KXNFLRECYDS,KXNFLRECYDS-26SEP27NEJAC-JACBTHOMAS7-50,Brian Thomas Jr.: 50+ receiving yards,0.3300,0.3600,0.3600,906.00,906.00,active,2026-09-29T17:00:00Z,2026-09-26T14:52:17+00:00
KXNFLRECYDS-26SEP27NEJAC,KXNFLRECYDS,KXNFLRECYDS-26SEP27NEJAC-NERDOUBS87-40,Romeo Doubs: 40+ receiving yards,0.5300,0.5500,0.5500,1882.63,1881.63,active,2026-09-29T17:00:00Z,2026-09-26T14:52:17+00:00
KXNFLRECYDS-26SEP27NEJAC,KXNFLRECYDS,KXNFLRECYDS-26SEP27NEJAC-NEHHENRY85-40,Hunter Henry: 40+ receiving yards,0.5100,0.5200,0.5200,138.86,138.86,active,2026-09-29T17:00:00Z,2026-09-26T14:52:17+00:00
KXNFLRECYDS-26SEP27NEJAC,KXNFLRECYDS,KXNFLRECYDS-26SEP27NEJAC-JACJMEYERS3-40,Jakobi Meyers: 40+ receiving yards,0.4000,0.4100,0.4100,773.93,773.93,active,2026-09-29T17:00:00Z,2026-09-26T14:52:17+00:00
KXNFLRECYDS-26SEP27NEJAC,KXNFLRECYDS,KXNFLRECYDS-26SEP27NEJAC-NEMHOLLINS13-50,Mack Hollins: 50+ receiving yards,0.2800,0.3000,0.2700,1224.04,1224.04,active,2026-09-29T17:00:00Z,2026-09-26T14:52:17+00:00
KXNFLRECYDS-26SEP27NEJAC,KXNFLRECYDS,KXNFLRECYDS-26SEP27NEJAC-NEMHOLLINS13-15,Mack Hollins: 15+ receiving yards,0.7600,0.7900,0.7900,397.05,55.67,active,2026-09-29T17:00:00Z,2026-09-26T14:52:17+00:00
KXNFLRECYDS-26SEP27NEJAC,KXNFLRECYDS,KXNFLRECYDS-26SEP27NEJAC-JACJMEYERS3-35,Jakobi Meyers: 35+ receiving yards,0.4900,0.5100,0.5000,283.16,282.11,active,2026-09-29T17:00:00Z,2026-09-26T14:52:17+00:00
KXNFLRECYDS-26SEP27NEJAC,KXNFLRECYDS,KXNFLRECYDS-26SEP27NEJAC-JACBTUTEN33-50,Bhayshul Tuten: 50+ receiving yards,0.0300,0.0700,0.0000,0.00,0.00,active,2026-09-29T17:00:00Z,2026-09-26T14:52:17+00:00
KXNFLRECYDS-26SEP27NEJAC,KXNFLRECYDS,KXNFLRECYDS-26SEP27NEJAC-NETHENDERSON32-25,TreVeyon Henderson: 25+ receiving yards,0.1900,0.2000,0.2000,894.46,894.46,active,2026-09-29T17:00:00Z,2026-09-26T14:52:17+00:00
KXNFLRECYDS-26SEP27NEJAC,KXNFLRECYDS,KXNFLRECYDS-26SEP27NEJAC-JACPWASHINGTON11-110,Parker Washington: 110+ receiving yards,0.1300,0.1700,0.1500,31.50,31.50,active,2026-09-29T17:00:00Z,2026-09-26T14:52:17+00:00
KXNFLRECYDS-26SEP27NEJAC,KXNFLRECYDS,KXNFLRECYDS-26SEP27NEJAC-NEDDOUGLAS3-40,DeMario Douglas: 40+ receiving yards,0.3300,0.3600,0.3600,16.00,16.00,active,2026-09-29T17:00:00Z,2026-09-26T14:52:17+00:00
KXNFLRECYDS-26SEP27NEJAC,KXNFLRECYDS,KXNFLRECYDS-26SEP27NEJAC-NEMHOLLINS13-40,Mack Hollins: 40+ receiving yards,0.4000,0.4300,0.4000,5.06,5.06,active,2026-09-29T17:00:00Z,2026-09-26T14:52:17+00:00
KXNFLRECYDS-26SEP27NEJAC,KXNFLRECYDS,KXNFLRECYDS-26SEP27NEJAC-JACPWASHINGTON11-90,Parker Washington: 90+ receiving yards,0.2500,0.2800,0.2800,274.47,274.47,active,2026-09-29T17:00:00Z,2026-09-26T14:52:17+00:00
KXNFLRECYDS-26SEP27NEJAC,KXNFLRECYDS,KXNFLRECYDS-26SEP27NEJAC-JACBTHOMAS7-60,Brian Thomas Jr.: 60+ receiving yards,0.2300,0.2500,0.2400,785.12,785.12,active,2026-09-29T17:00:00Z,2026-09-26T14:52:17+00:00
KXNFLRECYDS-26SEP27NEJAC,KXNFLRECYDS,KXNFLRECYDS-26SEP27NEJAC-JACBTHOMAS7-80,Brian Thomas Jr.: 80+ receiving yards,0.1000,0.1300,0.1100,836.18,836.18,active,2026-09-29T17:00:00Z,2026-09-26T14:52:17+00:00
KXNFLRECYDS-26SEP27NEJAC,KXNFLRECYDS,KXNFLRECYDS-26SEP27NEJAC-JACBTHOMAS7-70,Brian Thomas Jr.: 70+ receiving yards,0.1600,0.1900,0.1600,808.00,808.00,active,2026-09-29T17:00:00Z,2026-09-26T14:52:17+00:00
KXNFLRECYDS-26SEP27NEJAC,KXNFLRECYDS,KXNFLRECYDS-26SEP27NEJAC-JACBTUTEN33-40,Bhayshul Tuten: 40+ receiving yards,0.0700,0.0900,0.0000,0.00,0.00,active,2026-09-29T17:00:00Z,2026-09-26T14:52:17+00:00
KXNFLRECYDS-26SEP27NEJAC,KXNFLRECYDS,KXNFLRECYDS-26SEP27NEJAC-NERDOUBS87-50,Romeo Doubs: 50+ receiving yards,0.4000,0.4300,0.4000,1172.44,1171.39,active,2026-09-29T17:00:00Z,2026-09-26T14:52:17+00:00
KXNFLRECYDS-26SEP27NEJAC,KXNFLRECYDS,KXNFLRECYDS-26SEP27NEJAC-NEDDOUGLAS3-15,DeMario Douglas: 15+ receiving yards,0.7200,0.7600,0.0000,0.00,0.00,active,2026-09-29T17:00:00Z,2026-09-26T14:52:17+00:00
KXNFLRECYDS-26SEP27NEJAC,KXNFLRECYDS,KXNFLRECYDS-26SEP27NEJAC-NERDOUBS87-60,Romeo Doubs: 60+ receiving yards,0.3000,0.3300,0.3200,2081.93,2081.93,active,2026-09-29T17:00:00Z,2026-09-26T14:52:17+00:00
KXNFLRECYDS-26SEP27NEJAC,KXNFLRECYDS,KXNFLRECYDS-26SEP27NEJAC-JACBTHOMAS7-100,Brian Thomas Jr.: 100+ receiving yards,0.0400,0.0700,0.0700,1033.00,1033.00,active,2026-09-29T17:00:00Z,2026-09-26T14:52:17+00:00
KXNFLRECYDS-26SEP27NEJAC,KXNFLRECYDS,KXNFLRECYDS-26SEP27NEJAC-NEHHENRY85-70,Hunter Henry: 70+ receiving yards,0.1700,0.2100,0.0000,0.00,0.00,active,2026-09-29T17:00:00Z,2026-09-26T14:52:17+00:00
KXNFLRECYDS-26SEP27NEJAC,KXNFLRECYDS,KXNFLRECYDS-26SEP27NEJAC-JACPWASHINGTON11-70,Parker Washington: 70+ receiving yards,0.4200,0.4600,0.4600,2857.61,2849.56,active,2026-09-29T17:00:00Z,2026-09-26T14:52:17+00:00
KXNFLRECYDS-26SEP27NEJAC,KXNFLRECYDS,KXNFLRECYDS-26SEP27NEJAC-JACBSTRANGE85-40,Brenton Strange: 40+ receiving yards,0.2800,0.3200,0.3200,101.29,101.29,active,2026-09-29T17:00:00Z,2026-09-26T14:52:17+00:00
KXNFLRECYDS-26SEP27NEJAC,KXNFLRECYDS,KXNFLRECYDS-26SEP27NEJAC-NETHENDERSON32-40,TreVeyon Henderson: 40+ receiving yards,0.0600,0.0900,0.0800,1000.00,1000.00,active,2026-09-29T17:00:00Z,2026-09-26T14:52:17+00:00
KXNFLRECYDS-26SEP27NEJAC,KXNFLRECYDS,KXNFLRECYDS-26SEP27NEJAC-JACPWASHINGTON11-25,Parker Washington: 25+ receiving yards,0.8500,0.9000,0.8900,16.00,16.00,active,2026-09-29T17:00:00Z,2026-09-26T14:52:17+00:00
KXNFLRECYDS-26SEP27NEJAC,KXNFLRECYDS,KXNFLRECYDS-26SEP27NEJAC-NEMHOLLINS13-25,Mack Hollins: 25+ receiving yards,0.6200,0.6400,0.6300,1211.77,1211.77,active,2026-09-29T17:00:00Z,2026-09-26T14:52:17+00:00
KXNFLRECYDS-26SEP27NEJAC,KXNFLRECYDS,KXNFLRECYDS-26SEP27NEJAC-JACBTUTEN33-10,Bhayshul Tuten: 10+ receiving yards,0.5100,0.5200,0.5200,4295.87,4295.87,active,2026-09-29T17:00:00Z,2026-09-26T14:52:17+00:00
KXNFLRECYDS-26SEP27NEJAC,KXNFLRECYDS,KXNFLRECYDS-26SEP27NEJAC-NEHHENRY85-15,Hunter Henry: 15+ receiving yards,0.8400,0.8600,0.8600,7.62,7.62,active,2026-09-29T17:00:00Z,2026-09-26T14:52:17+00:00
KXNFLRECYDS-26SEP27NEJAC,KXNFLRECYDS,KXNFLRECYDS-26SEP27NEJAC-JACBSTRANGE85-25,Brenton Strange: 25+ receiving yards,0.5400,0.5600,0.5400,0.02,0.02,active,2026-09-29T17:00:00Z,2026-09-26T14:52:17+00:00
KXNFLRECYDS-26SEP27NEJAC,KXNFLRECYDS,KXNFLRECYDS-26SEP27NEJAC-NEHHENRY85-110,Hunter Henry: 110+ receiving yards,0.0200,0.0600,0.0000,0.00,0.00,active,2026-09-29T17:00:00Z,2026-09-26T14:52:17+00:00
KXNFLRECYDS-26SEP27NEJAC,KXNFLRECYDS,KXNFLRECYDS-26SEP27NEJAC-NEDDOUGLAS3-50,DeMario Douglas: 50+ receiving yards,0.2200,0.2500,0.2100,2.00,2.00,active,2026-09-29T17:00:00Z,2026-09-26T14:52:17+00:00
KXNFLRECYDS-26SEP27NEJAC,KXNFLRECYDS,KXNFLRECYDS-26SEP27NEJAC-JACBTHOMAS7-110,Brian Thomas Jr.: 110+ receiving yards,0.0500,0.0600,0.0000,0.00,0.00,active,2026-09-29T17:00:00Z,2026-09-26T14:52:17+00:00
KXNFLRECYDS-26SEP27NEJAC,KXNFLRECYDS,KXNFLRECYDS-26SEP27NEJAC-JACBSTRANGE85-15,Brenton Strange: 15+ receiving yards,0.7200,0.7400,0.0000,0.00,0.00,active,2026-09-29T17:00:00Z,2026-09-26T14:52:17+00:00
KXNFLRECYDS-26SEP27NEJAC,KXNFLRECYDS,KXNFLRECYDS-26SEP27NEJAC-JACPWASHINGTON11-130,Parker Washington: 130+ receiving yards,0.0400,0.1000,0.0000,0.00,0.00,active,2026-09-29T17:00:00Z,2026-09-26T14:52:17+00:00
KXNFLRECYDS-26SEP27NEJAC,KXNFLRECYDS,KXNFLRECYDS-26SEP27NEJAC-JACPWASHINGTON11-140,Parker Washington: 140+ receiving yards,0.0300,0.0800,0.0000,0.00,0.00,active,2026-09-29T17:00:00Z,2026-09-26T14:52:17+00:00
KXNFLRECYDS-26SEP27NEJAC,KXNFLRECYDS,KXNFLRECYDS-26SEP27NEJAC-JACJMEYERS3-60,Jakobi Meyers: 60+ receiving yards,0.1700,0.2100,0.0000,0.00,0.00,active,2026-09-29T17:00:00Z,2026-09-26T14:52:17+00:00
KXNFLRECYDS-26SEP27NEJAC,KXNFLRECYDS,KXNFLRECYDS-26SEP27NEJAC-JACPWASHINGTON11-120,Parker Washington: 120+ receiving yards,0.0700,0.1300,0.0000,0.00,0.00,active,2026-09-29T17:00:00Z,2026-09-26T14:52:17+00:00
KXNFLRECYDS-26SEP27NEJAC,KXNFLRECYDS,KXNFLRECYDS-26SEP27NEJAC-JACBSTRANGE85-60,Brenton Strange: 60+ receiving yards,0.0900,0.1400,0.0000,0.00,0.00,active,2026-09-29T17:00:00Z,2026-09-26T14:52:17+00:00
KXNFLRECYDS-26SEP27NEJAC,KXNFLRECYDS,KXNFLRECYDS-26SEP27NEJAC-NEDDOUGLAS3-90,DeMario Douglas: 90+ receiving yards,0.0200,0.0600,0.0000,0.00,0.00,active,2026-09-29T17:00:00Z,2026-09-26T14:52:17+00:00
KXNFLRECYDS-26SEP27NEJAC,KXNFLRECYDS,KXNFLRECYDS-26SEP27NEJAC-NEMHOLLINS13-80,Mack Hollins: 80+ receiving yards,0.0700,0.1100,0.0000,0.00,0.00,active,2026-09-29T17:00:00Z,2026-09-26T14:52:17+00:00
KXNFLRECYDS-26SEP27NEJAC,KXNFLRECYDS,KXNFLRECYDS-26SEP27NEJAC-JACPWASHINGTON11-150,Parker Washington: 150+ receiving yards,0.0200,0.0600,0.0000,0.00,0.00,active,2026-09-29T17:00:00Z,2026-09-26T14:52:17+00:00
KXNFLRECYDS-26SEP27NEJAC,KXNFLRECYDS,KXNFLRECYDS-26SEP27NEJAC-NEDDOUGLAS3-80,DeMario Douglas: 80+ receiving yards,0.0400,0.0800,0.0000,0.00,0.00,active,2026-09-29T17:00:00Z,2026-09-26T14:52:17+00:00
KXNFLRECYDS-26SEP27NEJAC,KXNFLRECYDS,KXNFLRECYDS-26SEP27NEJAC-NEDDOUGLAS3-25,DeMario Douglas: 25+ receiving yards,0.5500,0.5900,0.5500,0.02,0.02,active,2026-09-29T17:00:00Z,2026-09-26T14:52:17+00:00
KXNFLRECYDS-26SEP27NEJAC,KXNFLRECYDS,KXNFLRECYDS-26SEP27NEJAC-NEHHENRY85-60,Hunter Henry: 60+ receiving yards,0.2600,0.3000,0.0000,0.00,0.00,active,2026-09-29T17:00:00Z,2026-09-26T14:52:17+00:00
KXNFLRECYDS-26SEP27NEJAC,KXNFLRECYDS,KXNFLRECYDS-26SEP27NEJAC-NERSTEVENSON38-15,Rhamondre Stevenson: 15+ receiving yards,0.4800,0.5000,0.5000,126.37,125.37,active,2026-09-29T17:00:00Z,2026-09-26T14:52:17+00:00
KXNFLRECYDS-26SEP27NEJAC,KXNFLRECYDS,KXNFLRECYDS-26SEP27NEJAC-JACBSTRANGE85-50,Brenton Strange: 50+ receiving yards,0.1700,0.2100,0.1200,17.01,17.01,active,2026-09-29T17:00:00Z,2026-09-26T14:52:17+00:00
KXNFLRECYDS-26SEP27NEJAC,KXNFLRECYDS,KXNFLRECYDS-26SEP27NEJAC-JACBTHOMAS7-25,Brian Thomas Jr.: 25+ receiving yards,0.6500,0.6800,0.0000,0.00,0.00,active,2026-09-29T17:00:00Z,2026-09-26T14:52:17+00:00
KXNFLRECYDS-26SEP27NEJAC,KXNFLRECYDS,KXNFLRECYDS-26SEP27NEJAC-NEDDOUGLAS3-60,DeMario Douglas: 60+ receiving yards,0.1400,0.1600,0.0000,0.00,0.00,active,2026-09-29T17:00:00Z,2026-09-26T14:52:17+00:00
KXNFLRECYDS-26SEP27NEJAC,KXNFLRECYDS,KXNFLRECYDS-26SEP27NEJAC-JACBSTRANGE85-70,Brenton Strange: 70+ receiving yards,0.0500,0.1000,0.0000,0.00,0.00,active,2026-09-29T17:00:00Z,2026-09-26T14:52:17+00:00
KXNFLRECYDS-26SEP27NEJAC,KXNFLRECYDS,KXNFLRECYDS-26SEP27NEJAC-NERSTEVENSON38-50,Rhamondre Stevenson: 50+ receiving yards,0.0600,0.0700,0.0000,0.00,0.00,active,2026-09-29T17:00:00Z,2026-09-26T14:52:17+00:00
KXNFLRECYDS-26SEP27NEJAC,KXNFLRECYDS,KXNFLRECYDS-26SEP27NEJAC-NEHHENRY85-25,Hunter Henry: 25+ receiving yards,0.7200,0.7300,0.0000,0.00,0.00,active,2026-09-29T17:00:00Z,2026-09-26T14:52:17+00:00
KXNFLRECYDS-26SEP27NEJAC,KXNFLRECYDS,KXNFLRECYDS-26SEP27NEJAC-JACPWASHINGTON11-40,Parker Washington: 40+ receiving yards,0.7300,0.7700,0.7700,21.00,21.00,active,2026-09-29T17:00:00Z,2026-09-26T14:52:17+00:00
KXNFLRECYDS-26SEP27NEJAC,KXNFLRECYDS,KXNFLRECYDS-26SEP27NEJAC-JACPWASHINGTON11-60,Parker Washington: 60+ receiving yards,0.5400,0.5700,0.5700,13997.17,13997.17,active,2026-09-29T17:00:00Z,2026-09-26T14:52:17+00:00
KXNFLRECYDS-26SEP27NEJAC,KXNFLRECYDS,KXNFLRECYDS-26SEP27NEJAC-JACJMEYERS3-90,Jakobi Meyers: 90+ receiving yards,0.0400,0.0700,0.0000,0.00,0.00,active,2026-09-29T17:00:00Z,2026-09-26T14:52:17+00:00
KXNFLRECYDS-26SEP27NEJAC,KXNFLRECYDS,KXNFLRECYDS-26SEP27NEJAC-NERDOUBS87-90,Romeo Doubs: 90+ receiving yards,0.0900,0.1200,0.1000,200.00,200.00,active,2026-09-29T17:00:00Z,2026-09-26T14:52:17+00:00
KXNFLRECYDS-26SEP27NYJDET,KXNFLRECYDS,KXNFLRECYDS-26SEP27NYJDET-DETSLAPORTA87-80,Sam LaPorta: 80+ receiving yards,0.1400,0.1700,0.0000,0.00,0.00,active,2026-09-29T17:00:00Z,2026-09-26T14:52:17+00:00
KXNFLRECYDS-26SEP27NYJDET,KXNFLRECYDS,KXNFLRECYDS-26SEP27NYJDET-DETASTBROWN14-80,Amon-Ra St. Brown: 80+ receiving yards,0.4600,0.4800,0.4600,1133.72,1085.45,active,2026-09-29T17:00:00Z,2026-09-26T14:52:17+00:00
KXNFLRECYDS-26SEP27NYJDET,KXNFLRECYDS,KXNFLRECYDS-26SEP27NYJDET-DETJGIBBS0-15,Jahmyr Gibbs: 15+ receiving yards,0.8200,0.8300,0.8300,5001.00,5001.00,active,2026-09-29T17:00:00Z,2026-09-26T14:52:17+00:00
KXNFLRECYDS-26SEP27NYJDET,KXNFLRECYDS,KXNFLRECYDS-26SEP27NYJDET-NYJGWILSON5-140,Garrett Wilson: 140+ receiving yards,0.0500,0.0800,0.0800,1378.71,1378.71,active,2026-09-29T17:00:00Z,2026-09-26T14:52:17+00:00
KXNFLRECYDS-26SEP27NYJDET,KXNFLRECYDS,KXNFLRECYDS-26SEP27NYJDET-DETJWILLIAMS1-40,Jameson Williams: 40+ receiving yards,0.6400,0.6800,0.6700,94.81,94.81,active,2026-09-29T17:00:00Z,2026-09-26T14:52:17+00:00
KXNFLRECYDS-26SEP27NYJDET,KXNFLRECYDS,KXNFLRECYDS-26SEP27NYJDET-NYJIWILLIAMS18-70,Isaiah Williams: 70+ receiving yards,0.0400,0.0900,0.0000,0.00,0.00,active,2026-09-29T17:00:00Z,2026-09-26T14:52:17+00:00
KXNFLRECYDS-26SEP27NYJDET,KXNFLRECYDS,KXNFLRECYDS-26SEP27NYJDET-DETITESLAA18-60,Isaac TeSlaa: 60+ receiving yards,0.0300,0.0800,0.0000,0.00,0.00,active,2026-09-29T17:00:00Z,2026-09-26T14:52:17+00:00
KXNFLRECYDS-26SEP27NYJDET,KXNFLRECYDS,KXNFLRECYDS-26SEP27NYJDET-DETITESLAA18-25,Isaac TeSlaa: 25+ receiving yards,0.3000,0.3500,0.2900,0.07,0.07,active,2026-09-29T17:00:00Z,2026-09-26T14:52:17+00:00
KXNFLRECYDS-26SEP27NYJDET,KXNFLRECYDS,KXNFLRECYDS-26SEP27NYJDET-NYJBHALL20-70,Breece Hall: 70+ receiving yards,0.0200,0.0700,0.0000,0.00,0.00,active,2026-09-29T17:00:00Z,2026-09-26T14:52:17+00:00
KXNFLRECYDS-26SEP27NYJDET,KXNFLRECYDS,KXNFLRECYDS-26SEP27NYJDET-NYJAMITCHELL15-90,Adonai Mitchell: 90+ receiving yards,0.1000,0.1400,0.1500,90.31,90.31,active,2026-09-29T17:00:00Z,2026-09-26T14:52:17+00:00
KXNFLRECYDS-26SEP27NYJDET,KXNFLRECYDS,KXNFLRECYDS-26SEP27NYJDET-NYJIWILLIAMS18-60,Isaiah Williams: 60+ receiving yards,0.0800,0.1400,0.0000,0.00,0.00,active,2026-09-29T17:00:00Z,2026-09-26T14:52:17+00:00
KXNFLRECYDS-26SEP27NYJDET,KXNFLRECYDS,KXNFLRECYDS-26SEP27NYJDET-DETITESLAA18-40,Isaac TeSlaa: 40+ receiving yards,0.1400,0.1900,0.1800,52.53,52.53,active,2026-09-29T17:00:00Z,2026-09-26T14:52:17+00:00
KXNFLRECYDS-26SEP27NYJDET,KXNFLRECYDS,KXNFLRECYDS-26SEP27NYJDET-NYJBHALL20-60,Breece Hall: 60+ receiving yards,0.0400,0.1000,0.0000,0.00,0.00,active,2026-09-29T17:00:00Z,2026-09-26T14:52:17+00:00
KXNFLRECYDS-26SEP27NYJDET,KXNFLRECYDS,KXNFLRECYDS-26SEP27NYJDET-DETJGIBBS0-70,Jahmyr Gibbs: 70+ receiving yards,0.0900,0.1400,0.1300,55.00,55.00,active,2026-09-29T17:00:00Z,2026-09-26T14:52:17+00:00
KXNFLRECYDS-26SEP27NYJDET,KXNFLRECYDS,KXNFLRECYDS-26SEP27NYJDET-NYJBHALL20-50,Breece Hall: 50+ receiving yards,0.0800,0.1300,0.1300,36.25,36.25,active,2026-09-29T17:00:00Z,2026-09-26T14:52:17+00:00
KXNFLRECYDS-26SEP27NYJDET,KXNFLRECYDS,KXNFLRECYDS-26SEP27NYJDET-NYJGWILSON5-80,Garrett Wilson: 80+ receiving yards,0.3900,0.4100,0.4100,3073.98,3073.98,active,2026-09-29T17:00:00Z,2026-09-26T14:52:17+00:00
KXNFLRECYDS-26SEP27NYJDET,KXNFLRECYDS,KXNFLRECYDS-26SEP27NYJDET-NYJAMITCHELL15-80,Adonai Mitchell: 80+ receiving yards,0.1700,0.1900,0.1900,1186.85,1139.51,active,2026-09-29T17:00:00Z,2026-09-26T14:52:17+00:00
KXNFLRECYDS-26SEP27NYJDET,KXNFLRECYDS,KXNFLRECYDS-26SEP27NYJDET-NYJAMITCHELL15-120,Adonai Mitchell: 120+ receiving yards,0.0300,0.0700,0.0700,67.06,67.06,active,2026-09-29T17:00:00Z,2026-09-26T14:52:17+00:00
KXNFLRECYDS-26SEP27NYJDET,KXNFLRECYDS,KXNFLRECYDS-26SEP27NYJDET-DETASTBROWN14-130,Amon-Ra St. Brown: 130+ receiving yards,0.0700,0.1300,0.0000,0.00,0.00,active,2026-09-29T17:00:00Z,2026-09-26T14:52:17+00:00
KXNFLRECYDS-26SEP27NYJDET,KXNFLRECYDS,KXNFLRECYDS-26SEP27NYJDET-NYJAMITCHELL15-60,Adonai Mitchell: 60+ receiving yards,0.3200,0.3500,0.3500,808.73,808.73,active,2026-09-29T17:00:00Z,2026-09-26T14:52:17+00:00
KXNFLRECYDS-26SEP27NYJDET,KXNFLRECYDS,KXNFLRECYDS-26SEP27NYJDET-DETJGIBBS0-50,Jahmyr Gibbs: 50+ receiving yards,0.2600,0.3100,0.3000,11.35,6.35,active,2026-09-29T17:00:00Z,2026-09-26T14:52:17+00:00
KXNFLRECYDS-26SEP27NYJDET,KXNFLRECYDS,KXNFLRECYDS-26SEP27NYJDET-NYJAMITCHELL15-110,Adonai Mitchell: 110+ receiving yards,0.0200,0.0900,0.0000,0.00,0.00,active,2026-09-29T17:00:00Z,2026-09-26T14:52:17+00:00
KXNFLRECYDS-26SEP27NYJDET,KXNFLRECYDS,KXNFLRECYDS-26SEP27NYJDET-DETASTBROWN14-50,Amon-Ra St. Brown: 50+ receiving yards,0.7500,0.7700,0.7700,14.04,14.04,active,2026-09-29T17:00:00Z,2026-09-26T14:52:17+00:00
KXNFLRECYDS-26SEP27NYJDET,KXNFLRECYDS,KXNFLRECYDS-26SEP27NYJDET-NYJIWILLIAMS18-50,Isaiah Williams: 50+ receiving yards,0.1800,0.2000,0.2000,114.20,114.20,active,2026-09-29T17:00:00Z,2026-09-26T14:52:17+00:00
KXNFLRECYDS-26SEP27NYJDET,KXNFLRECYDS,KXNFLRECYDS-26SEP27NYJDET-DETJWILLIAMS1-120,Jameson Williams: 120+ receiving yards,0.0300,0.0800,0.0900,11.49,11.49,active,2026-09-29T17:00:00Z,2026-09-26T14:52:17+00:00
KXNFLRECYDS-26SEP27NYJDET,KXNFLRECYDS,KXNFLRECYDS-26SEP27NYJDET-NYJBHALL20-15,Breece Hall: 15+ receiving yards,0.6400,0.6700,0.6600,6900.32,6900.32,active,2026-09-29T17:00:00Z,2026-09-26T14:52:17+00:00
KXNFLRECYDS-26SEP27NYJDET,KXNFLRECYDS,KXNFLRECYDS-26SEP27NYJDET-DETJWILLIAMS1-60,Jameson Williams: 60+ receiving yards,0.4200,0.4300,0.4300,754.57,753.57,active,2026-09-29T17:00:00Z,2026-09-26T14:52:17+00:00
KXNFLRECYDS-26SEP27NYJDET,KXNFLRECYDS,KXNFLRECYDS-26SEP27NYJDET-DETJWILLIAMS1-70,Jameson Williams: 70+ receiving yards,0.3300,0.3500,0.3500,415.42,415.42,active,2026-09-29T17:00:00Z,2026-09-26T14:52:17+00:00
KXNFLRECYDS-26SEP27NYJDET,KXNFLRECYDS,KXNFLRECYDS-26SEP27NYJDET-NYJKSADIQ16-40,Kenyon Sadiq: 40+ receiving yards,0.3000,0.3300,0.3000,257.77,257.70,active,2026-09-29T17:00:00Z,2026-09-26T14:52:17+00:00
KXNFLRECYDS-26SEP27NYJDET,KXNFLRECYDS,KXNFLRECYDS-26SEP27NYJDET-DETSLAPORTA87-70,Sam LaPorta: 70+ receiving yards,0.2200,0.2400,0.2100,31.34,31.34,active,2026-09-29T17:00:00Z,2026-09-26T14:52:17+00:00
KXNFLRECYDS-26SEP27NYJDET,KXNFLRECYDS,KXNFLRECYDS-26SEP27NYJDET-NYJAMITCHELL15-40,Adonai Mitchell: 40+ receiving yards,0.5400,0.5700,0.6000,1271.19,1270.19,active,2026-09-29T17:00:00Z,2026-09-26T14:52:17+00:00
KXNFLRECYDS-26SEP27NYJDET,KXNFLRECYDS,KXNFLRECYDS-26SEP27NYJDET-DETSLAPORTA87-25,Sam LaPorta: 25+ receiving yards,0.7800,0.8000,0.7900,5506.00,5506.00,active,2026-09-29T17:00:00Z,2026-09-26T14:52:17+00:00
KXNFLRECYDS-26SEP27NYJDET,KXNFLRECYDS,KXNFLRECYDS-26SEP27NYJDET-DETSLAPORTA87-50,Sam LaPorta: 50+ receiving yards,0.4300,0.4500,0.4300,136.16,136.16,active,2026-09-29T17:00:00Z,2026-09-26T14:52:17+00:00
KXNFLRECYDS-26SEP27NYJDET,KXNFLRECYDS,KXNFLRECYDS-26SEP27NYJDET-NYJAMITCHELL15-25,Adonai Mitchell: 25+ receiving yards,0.7000,0.7500,0.7900,12.34,12.34,active,2026-09-29T17:00:00Z,2026-09-26T14:52:17+00:00
KXNFLRECYDS-26SEP27NYJDET,KXNFLRECYDS,KXNFLRECYDS-26SEP27NYJDET-DETJWILLIAMS1-90,Jameson Williams: 90+ receiving yards,0.1800,0.2000,0.2000,257.51,257.51,active,2026-09-29T17:00:00Z,2026-09-26T14:52:17+00:00
KXNFLRECYDS-26SEP27NYJDET,KXNFLRECYDS,KXNFLRECYDS-26SEP27NYJDET-DETASTBROWN14-120,Amon-Ra St. Brown: 120+ receiving yards,0.1300,0.1800,0.1200,5.02,5.02,active,2026-09-29T17:00:00Z,2026-09-26T14:52:17+00:00
KXNFLRECYDS-26SEP27NYJDET,KXNFLRECYDS,KXNFLRECYDS-26SEP27NYJDET-DETASTBROWN14-110,Amon-Ra St. Brown: 110+ receiving yards,0.1900,0.2300,0.1500,12.03,12.03,active,2026-09-29T17:00:00Z,2026-09-26T14:52:17+00:00
KXNFLRECYDS-26SEP27NYJDET,KXNFLRECYDS,KXNFLRECYDS-26SEP27NYJDET-NYJGWILSON5-70,Garrett Wilson: 70+ receiving yards,0.5000,0.5100,0.5000,16867.44,16823.78,active,2026-09-29T17:00:00Z,2026-09-26T14:52:17+00:00
KXNFLRECYDS-26SEP27NYJDET,KXNFLRECYDS,KXNFLRECYDS-26SEP27NYJDET-DETJGIBBS0-40,Jahmyr Gibbs: 40+ receiving yards,0.4000,0.4300,0.4000,1504.79,683.02,active,2026-09-29T17:00:00Z,2026-09-26T14:52:17+00:00
KXNFLRECYDS-26SEP27NYJDET,KXNFLRECYDS,KXNFLRECYDS-26SEP27NYJDET-DETJWILLIAMS1-110,Jameson Williams: 110+ receiving yards,0.0500,0.1200,0.0000,0.00,0.00,active,2026-09-29T17:00:00Z,2026-09-26T14:52:17+00:00
KXNFLRECYDS-26SEP27NYJDET,KXNFLRECYDS,KXNFLRECYDS-26SEP27NYJDET-NYJAMITCHELL15-50,Adonai Mitchell: 50+ receiving yards,0.4400,0.4500,0.4400,8455.21,7976.94,active,2026-09-29T17:00:00Z,2026-09-26T14:52:17+00:00
KXNFLRECYDS-26SEP27NYJDET,KXNFLRECYDS,KXNFLRECYDS-26SEP27NYJDET-NYJIWILLIAMS18-40,Isaiah Williams: 40+ receiving yards,0.2800,0.3000,0.2900,161.54,161.54,active,2026-09-29T17:00:00Z,2026-09-26T14:52:17+00:00
KXNFLRECYDS-26SEP27NYJDET,KXNFLRECYDS,KXNFLRECYDS-26SEP27NYJDET-NYJAMITCHELL15-70,Adonai Mitchell: 70+ receiving yards,0.2500,0.2600,0.2800,2481.94,2446.72,active,2026-09-29T17:00:00Z,2026-09-26T14:52:17+00:00
KXNFLRECYDS-26SEP27NYJDET,KXNFLRECYDS,KXNFLRECYDS-26SEP27NYJDET-DETJGIBBS0-60,Jahmyr Gibbs: 60+ receiving yards,0.1800,0.2100,0.2000,436.20,436.20,active,2026-09-29T17:00:00Z,2026-09-26T14:52:17+00:00
KXNFLRECYDS-26SEP27NYJDET,KXNFLRECYDS,KXNFLRECYDS-26SEP27NYJDET-NYJGWILSON5-50,Garrett Wilson: 50+ receiving yards,0.6800,0.7200,0.7200,94.33,94.33,active,2026-09-29T17:00:00Z,2026-09-26T14:52:17+00:00
KXNFLRECYDS-26SEP27NYJDET,KXNFLRECYDS,KXNFLRECYDS-26SEP27NYJDET-NYJGWILSON5-40,Garrett Wilson: 40+ receiving yards,0.7900,0.8100,0.8000,5031.00,5031.00,active,2026-09-29T17:00:00Z,2026-09-26T14:52:17+00:00
KXNFLRECYDS-26SEP27NYJDET,KXNFLRECYDS,KXNFLRECYDS-26SEP27NYJDET-DETJGIBBS0-80,Jahmyr Gibbs: 80+ receiving yards,0.0400,0.1000,0.0000,0.00,0.00,active,2026-09-29T17:00:00Z,2026-09-26T14:52:17+00:00
KXNFLRECYDS-26SEP27NYJDET,KXNFLRECYDS,KXNFLRECYDS-26SEP27NYJDET-DETJWILLIAMS1-100,Jameson Williams: 100+ receiving yards,0.1300,0.1500,0.1400,1295.98,1295.98,active,2026-09-29T17:00:00Z,2026-09-26T14:52:17+00:00
KXNFLRECYDS-26SEP27NYJDET,KXNFLRECYDS,KXNFLRECYDS-26SEP27NYJDET-DETJGIBBS0-25,Jahmyr Gibbs: 25+ receiving yards,0.6600,0.6800,0.6900,86.41,86.41,active,2026-09-29T17:00:00Z,2026-09-26T14:52:17+00:00
KXNFLRECYDS-26SEP27NYJDET,KXNFLRECYDS,KXNFLRECYDS-26SEP27NYJDET-DETSLAPORTA87-60,Sam LaPorta: 60+ receiving yards,0.3100,0.3300,0.2700,1000.00,1000.00,active,2026-09-29T17:00:00Z,2026-09-26T14:52:17+00:00
KXNFLRECYDS-26SEP27NYJDET,KXNFLRECYDS,KXNFLRECYDS-26SEP27NYJDET-DETASTBROWN14-40,Amon-Ra St. Brown: 40+ receiving yards,0.8400,0.8600,0.8600,5169.87,5147.43,active,2026-09-29T17:00:00Z,2026-09-26T14:52:17+00:00
KXNFLRECYDS-26SEP27NYJDET,KXNFLRECYDS,KXNFLRECYDS-26SEP27NYJDET-DETASTBROWN14-70,Amon-Ra St. Brown: 70+ receiving yards,0.5600,0.5900,0.5900,1427.37,1427.37,active,2026-09-29T17:00:00Z,2026-09-26T14:52:17+00:00
KXNFLRECYDS-26SEP27NYJDET,KXNFLRECYDS,KXNFLRECYDS-26SEP27NYJDET-NYJBHALL20-40,Breece Hall: 40+ receiving yards,0.1800,0.2300,0.2200,91.79,91.79,active,2026-09-29T17:00:00Z,2026-09-26T14:52:17+00:00
KXNFLRECYDS-26SEP27NYJDET,KXNFLRECYDS,KXNFLRECYDS-26SEP27NYJDET-NYJGWILSON5-110,Garrett Wilson: 110+ receiving yards,0.1300,0.1900,0.1900,613.37,613.37,active,2026-09-29T17:00:00Z,2026-09-26T14:52:17+00:00
KXNFLRECYDS-26SEP27NYJDET,KXNFLRECYDS,KXNFLRECYDS-26SEP27NYJDET-DETASTBROWN14-60,Amon-Ra St. Brown: 60+ receiving yards,0.6500,0.6700,0.6700,96.80,96.80,active,2026-09-29T17:00:00Z,2026-09-26T14:52:17+00:00
KXNFLRECYDS-26SEP27NYJDET,KXNFLRECYDS,KXNFLRECYDS-26SEP27NYJDET-NYJKSADIQ16-25,Kenyon Sadiq: 25+ receiving yards,0.5400,0.5600,0.5500,6711.20,6711.20,active,2026-09-29T17:00:00Z,2026-09-26T14:52:17+00:00
KXNFLRECYDS-26SEP27NYJDET,KXNFLRECYDS,KXNFLRECYDS-26SEP27NYJDET-NYJBHALL20-25,Breece Hall: 25+ receiving yards,0.4100,0.4600,0.4100,329.43,304.67,active,2026-09-29T17:00:00Z,2026-09-26T14:52:17+00:00
KXNFLRECYDS-26SEP27NYJDET,KXNFLRECYDS,KXNFLRECYDS-26SEP27NYJDET-NYJGWILSON5-90,Garrett Wilson: 90+ receiving yards,0.3100,0.3300,0.3300,2313.61,2278.55,active,2026-09-29T17:00:00Z,2026-09-26T14:52:17+00:00
KXNFLRECYDS-26SEP27NYJDET,KXNFLRECYDS,KXNFLRECYDS-26SEP27NYJDET-NYJGWILSON5-130,Garrett Wilson: 130+ receiving yards,0.0400,0.1100,0.0000,0.00,0.00,active,2026-09-29T17:00:00Z,2026-09-26T14:52:17+00:00
KXNFLRECYDS-26SEP27NYJDET,KXNFLRECYDS,KXNFLRECYDS-26SEP27NYJDET-DETJGIBBS0-90,Jahmyr Gibbs: 90+ receiving yards,0.0300,0.0600,0.0700,110.84,110.84,active,2026-09-29T17:00:00Z,2026-09-26T14:52:17+00:00
KXNFLRECYDS-26SEP27NYJDET,KXNFLRECYDS,KXNFLRECYDS-26SEP27NYJDET-DETITESLAA18-50,Isaac TeSlaa: 50+ receiving yards,0.0600,0.1300,0.0000,0.00,0.00,active,2026-09-29T17:00:00Z,2026-09-26T14:52:17+00:00
KXNFLRECYDS-26SEP27NYJDET,KXNFLRECYDS,KXNFLRECYDS-26SEP27NYJDET-DETSLAPORTA87-40,Sam LaPorta: 40+ receiving yards,0.5600,0.5900,0.6000,107.77,107.77,active,2026-09-29T17:00:00Z,2026-09-26T14:52:17+00:00
KXNFLRECYDS-26SEP27NYJDET,KXNFLRECYDS,KXNFLRECYDS-26SEP27NYJDET-NYJIWILLIAMS18-25,Isaiah Williams: 25+ receiving yards,0.5100,0.5300,0.5100,6091.99,6085.81,active,2026-09-29T17:00:00Z,2026-09-26T14:52:17+00:00
KXNFLRECYDS-26SEP27NYJDET,KXNFLRECYDS,KXNFLRECYDS-26SEP27NYJDET-NYJAMITCHELL15-100,Adonai Mitchell: 100+ receiving yards,0.0900,0.1100,0.1100,406.18,406.18,active,2026-09-29T17:00:00Z,2026-09-26T14:52:17+00:00
KXNFLRECYDS-26SEP27NYJDET,KXNFLRECYDS,KXNFLRECYDS-26SEP27NYJDET-DETSLAPORTA87-110,Sam LaPorta: 110+ receiving yards,0.0500,0.0600,0.0000,0.00,0.00,active,2026-09-29T17:00:00Z,2026-09-26T14:52:17+00:00
KXNFLRECYDS-26SEP27NYJDET,KXNFLRECYDS,KXNFLRECYDS-26SEP27NYJDET-DETSLAPORTA87-90,Sam LaPorta: 90+ receiving yards,0.0800,0.1200,0.0000,0.00,0.00,active,2026-09-29T17:00:00Z,2026-09-26T14:52:17+00:00
KXNFLRECYDS-26SEP27NYJDET,KXNFLRECYDS,KXNFLRECYDS-26SEP27NYJDET-NYJKSADIQ16-70,Kenyon Sadiq: 70+ receiving yards,0.0700,0.1000,0.0900,905.04,905.04,active,2026-09-29T17:00:00Z,2026-09-26T14:52:17+00:00
KXNFLRECYDS-26SEP27NYJDET,KXNFLRECYDS,KXNFLRECYDS-26SEP27NYJDET-DETITESLAA18-15,Isaac TeSlaa: 15+ receiving yards,0.5100,0.5300,0.5100,177.45,177.45,active,2026-09-29T17:00:00Z,2026-09-26T14:52:17+00:00
KXNFLRECYDS-26SEP27NYJDET,KXNFLRECYDS,KXNFLRECYDS-26SEP27NYJDET-NYJGWILSON5-60,Garrett Wilson: 60+ receiving yards,0.6100,0.6300,0.6200,51234.89,51023.80,active,2026-09-29T17:00:00Z,2026-09-26T14:52:17+00:00
KXNFLRECYDS-26SEP27NYJDET,KXNFLRECYDS,KXNFLRECYDS-26SEP27NYJDET-NYJKSADIQ16-50,Kenyon Sadiq: 50+ receiving yards,0.1900,0.2200,0.2200,694.95,684.95,active,2026-09-29T17:00:00Z,2026-09-26T14:52:17+00:00
KXNFLRECYDS-26SEP27NYJDET,KXNFLRECYDS,KXNFLRECYDS-26SEP27NYJDET-DETASTBROWN14-90,Amon-Ra St. Brown: 90+ receiving yards,0.3500,0.3800,0.3800,692.24,690.70,active,2026-09-29T17:00:00Z,2026-09-26T14:52:17+00:00
KXNFLRECYDS-26SEP27NYJDET,KXNFLRECYDS,KXNFLRECYDS-26SEP27NYJDET-NYJAMITCHELL15-45,Adonai Mitchell: 45+ receiving yards,0.5000,0.5100,0.5400,4204.24,3135.48,active,2026-09-29T17:00:00Z,2026-09-26T14:52:17+00:00
KXNFLRECYDS-26SEP27NYJDET,KXNFLRECYDS,KXNFLRECYDS-26SEP27NYJDET-DETJWILLIAMS1-25,Jameson Williams: 25+ receiving yards,0.8000,0.8300,0.8300,5041.00,5033.00,active,2026-09-29T17:00:00Z,2026-09-26T14:52:17+00:00
KXNFLRECYDS-26SEP27NYJDET,KXNFLRECYDS,KXNFLRECYDS-26SEP27NYJDET-NYJIWILLIAMS18-15,Isaiah Williams: 15+ receiving yards,0.6600,0.6900,0.7000,1665.89,1662.89,active,2026-09-29T17:00:00Z,2026-09-26T14:52:17+00:00
KXNFLRECYDS-26SEP27NYJDET,KXNFLRECYDS,KXNFLRECYDS-26SEP27NYJDET-NYJKSADIQ16-15,Kenyon Sadiq: 15+ receiving yards,0.6800,0.6900,0.0000,0.00,0.00,active,2026-09-29T17:00:00Z,2026-09-26T14:52:17+00:00
KXNFLRECYDS-26SEP27NYJDET,KXNFLRECYDS,KXNFLRECYDS-26SEP27NYJDET-NYJKSADIQ16-90,Kenyon Sadiq: 90+ receiving yards,0.0200,0.0500,0.0000,0.00,0.00,active,2026-09-29T17:00:00Z,2026-09-26T14:52:17+00:00
KXNFLRECYDS-26SEP27NYJDET,KXNFLRECYDS,KXNFLRECYDS-26SEP27NYJDET-DETASTBROWN14-140,Amon-Ra St. Brown: 140+ receiving yards,0.0400,0.1000,0.0000,0.00,0.00,active,2026-09-29T17:00:00Z,2026-09-26T14:52:17+00:00
KXNFLRECYDS-26SEP27NYJDET,KXNFLRECYDS,KXNFLRECYDS-26SEP27NYJDET-DETJWILLIAMS1-55,Jameson Williams: 55+ receiving yards,0.4900,0.5100,0.4900,1648.25,1636.62,active,2026-09-29T17:00:00Z,2026-09-26T14:52:17+00:00
KXNFLRECYDS-26SEP27NYJDET,KXNFLRECYDS,KXNFLRECYDS-26SEP27NYJDET-DETJWILLIAMS1-50,Jameson Williams: 50+ receiving yards,0.5500,0.5700,0.5600,58.66,58.66,active,2026-09-29T17:00:00Z,2026-09-26T14:52:17+00:00
KXNFLRECYDS-26SEP27NYJDET,KXNFLRECYDS,KXNFLRECYDS-26SEP27NYJDET-DETSLAPORTA87-100,Sam LaPorta: 100+ receiving yards,0.0500,0.0900,0.0800,35.23,35.23,active,2026-09-29T17:00:00Z,2026-09-26T14:52:17+00:00
KXNFLRECYDS-26SEP27NYJDET,KXNFLRECYDS,KXNFLRECYDS-26SEP27NYJDET-NYJAMITCHELL15-15,Adonai Mitchell: 15+ receiving yards,0.8100,0.8500,0.8400,2136.84,2091.05,active,2026-09-29T17:00:00Z,2026-09-26T14:52:17+00:00
KXNFLRECYDS-26SEP27NYJDET,KXNFLRECYDS,KXNFLRECYDS-26SEP27NYJDET-DETASTBROWN14-150,Amon-Ra St. Brown: 150+ receiving yards,0.0400,0.0700,0.0800,106.00,106.00,active,2026-09-29T17:00:00Z,2026-09-26T14:52:17+00:00
KXNFLRECYDS-26SEP27NYJDET,KXNFLRECYDS,KXNFLRECYDS-26SEP27NYJDET-DETASTBROWN14-160,Amon-Ra St. Brown: 160+ receiving yards,0.0200,0.0600,0.0000,0.00,0.00,active,2026-09-29T17:00:00Z,2026-09-26T14:52:17+00:00
KXNFLRECYDS-26SEP27NYJDET,KXNFLRECYDS,KXNFLRECYDS-26SEP27NYJDET-NYJGWILSON5-100,Garrett Wilson: 100+ receiving yards,0.2300,0.2600,0.2600,2682.92,2670.92,active,2026-09-29T17:00:00Z,2026-09-26T14:52:17+00:00
KXNFLRECYDS-26SEP27NYJDET,KXNFLRECYDS,KXNFLRECYDS-26SEP27NYJDET-NYJGWILSON5-120,Garrett Wilson: 120+ receiving yards,0.0600,0.1400,0.0000,0.00,0.00,active,2026-09-29T17:00:00Z,2026-09-26T14:52:17+00:00
KXNFLRECYDS-26SEP27NYJDET,KXNFLRECYDS,KXNFLRECYDS-26SEP27NYJDET-DETJWILLIAMS1-80,Jameson Williams: 80+ receiving yards,0.2400,0.2700,0.2600,57.03,55.03,active,2026-09-29T17:00:00Z,2026-09-26T14:52:17+00:00
KXNFLRECYDS-26SEP27NYJDET,KXNFLRECYDS,KXNFLRECYDS-26SEP27NYJDET-DETASTBROWN14-100,Amon-Ra St. Brown: 100+ receiving yards,0.2700,0.3000,0.2900,631.09,615.95,active,2026-09-29T17:00:00Z,2026-09-26T14:52:17+00:00
KXNFLRECYDS-26SEP27NYJDET,KXNFLRECYDS,KXNFLRECYDS-26SEP27NYJDET-NYJKSADIQ16-80,Kenyon Sadiq: 80+ receiving yards,0.0300,0.0700,0.0000,0.00,0.00,active,2026-09-29T17:00:00Z,2026-09-26T14:52:17+00:00
KXNFLRECYDS-26SEP27NYJDET,KXNFLRECYDS,KXNFLRECYDS-26SEP27NYJDET-DETJWILLIAMS1-130,Jameson Williams: 130+ receiving yards,0.0200,0.0600,0.0000,0.00,0.00,active,2026-09-29T17:00:00Z,2026-09-26T14:52:17+00:00
KXNFLRECYDS-26SEP27NYJDET,KXNFLRECYDS,KXNFLRECYDS-26SEP27NYJDET-NYJKSADIQ16-60,Kenyon Sadiq: 60+ receiving yards,0.1100,0.1500,0.1200,198.20,198.20,active,2026-09-29T17:00:00Z,2026-09-26T14:52:17+00:00
KXNFLRECYDS-26SEP27SEAWAS,KXNFLRECYDS,KXNFLRECYDS-26SEP27SEAWAS-WASTMCLAURIN17-60,Terry McLaurin: 60+ receiving yards,0.2900,0.3200,0.3100,3.07,3.07,active,2026-09-29T17:00:00Z,2026-09-26T14:52:17+00:00
KXNFLRECYDS-26SEP27SEAWAS,KXNFLRECYDS,KXNFLRECYDS-26SEP27SEAWAS-SEAJSMITHNJIGBA11-80,Jaxon Smith-Njigba: 80+ receiving yards,0.6000,0.6200,0.6200,1290.43,1289.42,active,2026-09-29T17:00:00Z,2026-09-26T14:52:17+00:00
KXNFLRECYDS-26SEP27SEAWAS,KXNFLRECYDS,KXNFLRECYDS-26SEP27SEAWAS-SEACKUPP10-80,Cooper Kupp: 80+ receiving yards,0.0200,0.0600,0.0000,0.00,0.00,active,2026-09-29T17:00:00Z,2026-09-26T14:52:17+00:00
KXNFLRECYDS-26SEP27SEAWAS,KXNFLRECYDS,KXNFLRECYDS-26SEP27SEAWAS-WASTMCLAURIN17-50,Terry McLaurin: 50+ receiving yards,0.3900,0.4200,0.4200,7.00,7.00,active,2026-09-29T17:00:00Z,2026-09-26T14:52:17+00:00
KXNFLRECYDS-26SEP27SEAWAS,KXNFLRECYDS,KXNFLRECYDS-26SEP27SEAWAS-WASTMCLAURIN17-25,Terry McLaurin: 25+ receiving yards,0.7000,0.7300,0.0000,0.00,0.00,active,2026-09-29T17:00:00Z,2026-09-26T14:52:17+00:00
KXNFLRECYDS-26SEP27SEAWAS,KXNFLRECYDS,KXNFLRECYDS-26SEP27SEAWAS-SEAJSMITHNJIGBA11-170,Jaxon Smith-Njigba: 170+ receiving yards,0.0600,0.0900,0.0800,1204.54,1204.54,active,2026-09-29T17:00:00Z,2026-09-26T14:52:17+00:00
KXNFLRECYDS-26SEP27SEAWAS,KXNFLRECYDS,KXNFLRECYDS-26SEP27SEAWAS-SEATHORTON15-15,Tory Horton: 15+ receiving yards,0.2400,0.2700,0.2600,352.88,352.88,active,2026-09-29T17:00:00Z,2026-09-26T14:52:17+00:00
KXNFLRECYDS-26SEP27SEAWAS,KXNFLRECYDS,KXNFLRECYDS-26SEP27SEAWAS-WASTMCLAURIN17-100,Terry McLaurin: 100+ receiving yards,0.0500,0.0800,0.0000,0.00,0.00,active,2026-09-29T17:00:00Z,2026-09-26T14:52:17+00:00
KXNFLRECYDS-26SEP27SEAWAS,KXNFLRECYDS,KXNFLRECYDS-26SEP27SEAWAS-SEAABARNER88-60,AJ Barner: 60+ receiving yards,0.0400,0.0900,0.1000,9.40,9.40,active,2026-09-29T17:00:00Z,2026-09-26T14:52:17+00:00
KXNFLRECYDS-26SEP27SEAWAS,KXNFLRECYDS,KXNFLRECYDS-26SEP27SEAWAS-SEAEARROYO18-25,Elijah Arroyo: 25+ receiving yards,0.0900,0.1500,0.0000,0.00,0.00,active,2026-09-29T17:00:00Z,2026-09-26T14:52:17+00:00
KXNFLRECYDS-26SEP27SEAWAS,KXNFLRECYDS,KXNFLRECYDS-26SEP27SEAWAS-SEACKUPP10-60,Cooper Kupp: 60+ receiving yards,0.0600,0.1200,0.0000,0.00,0.00,active,2026-09-29T17:00:00Z,2026-09-26T14:52:17+00:00
KXNFLRECYDS-26SEP27SEAWAS,KXNFLRECYDS,KXNFLRECYDS-26SEP27SEAWAS-SEATHORTON15-25,Tory Horton: 25+ receiving yards,0.0900,0.1500,0.0000,0.00,0.00,active,2026-09-29T17:00:00Z,2026-09-26T14:52:17+00:00
KXNFLRECYDS-26SEP27SEAWAS,KXNFLRECYDS,KXNFLRECYDS-26SEP27SEAWAS-WASSDIGGS3-90,Stefon Diggs: 90+ receiving yards,0.0500,0.0600,0.0700,5139.00,5139.00,active,2026-09-29T17:00:00Z,2026-09-26T14:52:17+00:00
KXNFLRECYDS-26SEP27SEAWAS,KXNFLRECYDS,KXNFLRECYDS-26SEP27SEAWAS-SEARSHAHEED22-15,Rashid Shaheed: 15+ receiving yards,0.7000,0.7200,0.7000,34.86,34.86,active,2026-09-29T17:00:00Z,2026-09-26T14:52:17+00:00
KXNFLRECYDS-26SEP27SEAWAS,KXNFLRECYDS,KXNFLRECYDS-26SEP27SEAWAS-WASSDIGGS3-100,Stefon Diggs: 100+ receiving yards,0.0200,0.0500,0.0500,4700.00,4700.00,active,2026-09-29T17:00:00Z,2026-09-26T14:52:17+00:00
KXNFLRECYDS-26SEP27SEAWAS,KXNFLRECYDS,KXNFLRECYDS-26SEP27SEAWAS-WASAWILLIAMS14-50,Antonio Williams: 50+ receiving yards,0.0600,0.0900,0.1000,4000.00,4000.00,active,2026-09-29T17:00:00Z,2026-09-26T14:52:17+00:00
KXNFLRECYDS-26SEP27SEAWAS,KXNFLRECYDS,KXNFLRECYDS-26SEP27SEAWAS-WASRWHITE1-15,Rachaad White: 15+ receiving yards,0.5400,0.5500,0.5600,191.10,191.10,active,2026-09-29T17:00:00Z,2026-09-26T14:52:17+00:00
KXNFLRECYDS-26SEP27SEAWAS,KXNFLRECYDS,KXNFLRECYDS-26SEP27SEAWAS-SEAEARROYO18-15,Elijah Arroyo: 15+ receiving yards,0.1300,0.2700,0.0000,0.00,0.00,active,2026-09-29T17:00:00Z,2026-09-26T14:52:17+00:00
KXNFLRECYDS-26SEP27SEAWAS,KXNFLRECYDS,KXNFLRECYDS-26SEP27SEAWAS-SEAJSMITHNJIGBA11-180,Jaxon Smith-Njigba: 180+ receiving yards,0.0500,0.0700,0.0700,3520.20,3520.20,active,2026-09-29T17:00:00Z,2026-09-26T14:52:17+00:00
KXNFLRECYDS-26SEP27SEAWAS,KXNFLRECYDS,KXNFLRECYDS-26SEP27SEAWAS-SEACKUPP10-40,Cooper Kupp: 40+ receiving yards,0.1900,0.2500,0.2400,80.42,80.42,active,2026-09-29T17:00:00Z,2026-09-26T14:52:17+00:00
KXNFLRECYDS-26SEP27SEAWAS,KXNFLRECYDS,KXNFLRECYDS-26SEP27SEAWAS-SEAJSMITHNJIGBA11-50,Jaxon Smith-Njigba: 50+ receiving yards,0.8200,0.8500,0.8400,130.89,130.89,active,2026-09-29T17:00:00Z,2026-09-26T14:52:17+00:00
KXNFLRECYDS-26SEP27SEAWAS,KXNFLRECYDS,KXNFLRECYDS-26SEP27SEAWAS-SEAJSMITHNJIGBA11-60,Jaxon Smith-Njigba: 60+ receiving yards,0.7400,0.7700,0.7800,107.85,107.85,active,2026-09-29T17:00:00Z,2026-09-26T14:52:17+00:00
KXNFLRECYDS-26SEP27SEAWAS,KXNFLRECYDS,KXNFLRECYDS-26SEP27SEAWAS-SEARSHAHEED22-90,Rashid Shaheed: 90+ receiving yards,0.0500,0.0600,0.0700,6382.20,6382.20,active,2026-09-29T17:00:00Z,2026-09-26T14:52:17+00:00
KXNFLRECYDS-26SEP27SEAWAS,KXNFLRECYDS,KXNFLRECYDS-26SEP27SEAWAS-WASTMCLAURIN17-90,Terry McLaurin: 90+ receiving yards,0.0800,0.1100,0.0000,0.00,0.00,active,2026-09-29T17:00:00Z,2026-09-26T14:52:17+00:00
KXNFLRECYDS-26SEP27SEAWAS,KXNFLRECYDS,KXNFLRECYDS-26SEP27SEAWAS-SEATHORTON15-40,Tory Horton: 40+ receiving yards,0.0200,0.0800,0.0000,0.00,0.00,active,2026-09-29T17:00:00Z,2026-09-26T14:52:17+00:00
KXNFLRECYDS-26SEP27SEAWAS,KXNFLRECYDS,KXNFLRECYDS-26SEP27SEAWAS-SEAJSMITHNJIGBA11-140,Jaxon Smith-Njigba: 140+ receiving yards,0.1600,0.1900,0.1800,801.52,735.99,active,2026-09-29T17:00:00Z,2026-09-26T14:52:17+00:00
KXNFLRECYDS-26SEP27SEAWAS,KXNFLRECYDS,KXNFLRECYDS-26SEP27SEAWAS-WASAWILLIAMS14-15,Antonio Williams: 15+ receiving yards,0.5000,0.5100,0.5400,1945.00,1945.00,active,2026-09-29T17:00:00Z,2026-09-26T14:52:17+00:00
KXNFLRECYDS-26SEP27SEAWAS,KXNFLRECYDS,KXNFLRECYDS-26SEP27SEAWAS-WASTMCLAURIN17-15,Terry McLaurin: 15+ receiving yards,0.8200,0.8300,0.8200,2.00,1.00,active,2026-09-29T17:00:00Z,2026-09-26T14:52:17+00:00
KXNFLRECYDS-26SEP27SEAWAS,KXNFLRECYDS,KXNFLRECYDS-26SEP27SEAWAS-SEAJSMITHNJIGBA11-130,Jaxon Smith-Njigba: 130+ receiving yards,0.2200,0.2500,0.2500,1301.02,1298.02,active,2026-09-29T17:00:00Z,2026-09-26T14:52:17+00:00
KXNFLRECYDS-26SEP27SEAWAS,KXNFLRECYDS,KXNFLRECYDS-26SEP27SEAWAS-SEARSHAHEED22-40,Rashid Shaheed: 40+ receiving yards,0.3300,0.3600,0.3600,1667.49,1666.49,active,2026-09-29T17:00:00Z,2026-09-26T14:52:17+00:00
KXNFLRECYDS-26SEP27SEAWAS,KXNFLRECYDS,KXNFLRECYDS-26SEP27SEAWAS-WASAWILLIAMS14-25,Antonio Williams: 25+ receiving yards,0.2800,0.3300,0.3200,2760.00,2760.00,active,2026-09-29T17:00:00Z,2026-09-26T14:52:17+00:00
KXNFLRECYDS-26SEP27SEAWAS,KXNFLRECYDS,KXNFLRECYDS-26SEP27SEAWAS-SEAJSMITHNJIGBA11-100,Jaxon Smith-Njigba: 100+ receiving yards,0.4200,0.4400,0.4400,4487.43,4470.61,active,2026-09-29T17:00:00Z,2026-09-26T14:52:17+00:00
KXNFLRECYDS-26SEP27SEAWAS,KXNFLRECYDS,KXNFLRECYDS-26SEP27SEAWAS-SEAABARNER88-40,AJ Barner: 40+ receiving yards,0.1800,0.2300,0.2300,4.12,4.12,active,2026-09-29T17:00:00Z,2026-09-26T14:52:17+00:00
KXNFLRECYDS-26SEP27SEAWAS,KXNFLRECYDS,KXNFLRECYDS-26SEP27SEAWAS-WASTMCLAURIN17-40,Terry McLaurin: 40+ receiving yards,0.5100,0.5400,0.5300,153.11,153.11,active,2026-09-29T17:00:00Z,2026-09-26T14:52:17+00:00
KXNFLRECYDS-26SEP27SEAWAS,KXNFLRECYDS,KXNFLRECYDS-26SEP27SEAWAS-WASTMCLAURIN17-80,Terry McLaurin: 80+ receiving yards,0.1400,0.1500,0.1500,33.00,33.00,active,2026-09-29T17:00:00Z,2026-09-26T14:52:17+00:00
KXNFLRECYDS-26SEP27SEAWAS,KXNFLRECYDS,KXNFLRECYDS-26SEP27SEAWAS-WASSDIGGS3-25,Stefon Diggs: 25+ receiving yards,0.6400,0.6600,0.0000,0.00,0.00,active,2026-09-29T17:00:00Z,2026-09-26T14:52:17+00:00
KXNFLRECYDS-26SEP27SEAWAS,KXNFLRECYDS,KXNFLRECYDS-26SEP27SEAWAS-WASTMCLAURIN17-70,Terry McLaurin: 70+ receiving yards,0.2000,0.2200,0.2300,230.27,230.27,active,2026-09-29T17:00:00Z,2026-09-26T14:52:17+00:00
KXNFLRECYDS-26SEP27SEAWAS,KXNFLRECYDS,KXNFLRECYDS-26SEP27SEAWAS-SEARSHAHEED22-50,Rashid Shaheed: 50+ receiving yards,0.2200,0.2500,0.2500,948.54,948.54,active,2026-09-29T17:00:00Z,2026-09-26T14:52:17+00:00
KXNFLRECYDS-26SEP27SEAWAS,KXNFLRECYDS,KXNFLRECYDS-26SEP27SEAWAS-SEAABARNER88-25,AJ Barner: 25+ receiving yards,0.4100,0.4500,0.4400,56.85,56.85,active,2026-09-29T17:00:00Z,2026-09-26T14:52:17+00:00
KXNFLRECYDS-26SEP27SEAWAS,KXNFLRECYDS,KXNFLRECYDS-26SEP27SEAWAS-SEAJSMITHNJIGBA11-70,Jaxon Smith-Njigba: 70+ receiving yards,0.6700,0.6900,0.6900,7677.82,7677.82,active,2026-09-29T17:00:00Z,2026-09-26T14:52:17+00:00
KXNFLRECYDS-26SEP27SEAWAS,KXNFLRECYDS,KXNFLRECYDS-26SEP27SEAWAS-SEARSHAHEED22-70,Rashid Shaheed: 70+ receiving yards,0.0800,0.1100,0.0800,6774.69,4678.66,active,2026-09-29T17:00:00Z,2026-09-26T14:52:17+00:00
KXNFLRECYDS-26SEP27SEAWAS,KXNFLRECYDS,KXNFLRECYDS-26SEP27SEAWAS-SEACKUPP10-25,Cooper Kupp: 25+ receiving yards,0.4000,0.4500,0.4500,57.79,57.79,active,2026-09-29T17:00:00Z,2026-09-26T14:52:17+00:00
KXNFLRECYDS-26SEP27SEAWAS,KXNFLRECYDS,KXNFLRECYDS-26SEP27SEAWAS-SEARSHAHEED22-25,Rashid Shaheed: 25+ receiving yards,0.5500,0.5700,0.5700,1595.02,1595.02,active,2026-09-29T17:00:00Z,2026-09-26T14:52:17+00:00
KXNFLRECYDS-26SEP27SEAWAS,KXNFLRECYDS,KXNFLRECYDS-26SEP27SEAWAS-SEAJSMITHNJIGBA11-150,Jaxon Smith-Njigba: 150+ receiving yards,0.1100,0.1400,0.1500,4588.49,4558.49,active,2026-09-29T17:00:00Z,2026-09-26T14:52:17+00:00
KXNFLRECYDS-26SEP27SEAWAS,KXNFLRECYDS,KXNFLRECYDS-26SEP27SEAWAS-WASRWHITE1-25,Rachaad White: 25+ receiving yards,0.3000,0.3200,0.3300,134.12,134.12,active,2026-09-29T17:00:00Z,2026-09-26T14:52:17+00:00
KXNFLRECYDS-26SEP27SEAWAS,KXNFLRECYDS,KXNFLRECYDS-26SEP27SEAWAS-WASSDIGGS3-40,Stefon Diggs: 40+ receiving yards,0.4200,0.4300,0.4500,479.26,437.37,active,2026-09-29T17:00:00Z,2026-09-26T14:52:17+00:00
KXNFLRECYDS-26SEP27SEAWAS,KXNFLRECYDS,KXNFLRECYDS-26SEP27SEAWAS-WASSDIGGS3-60,Stefon Diggs: 60+ receiving yards,0.1800,0.2100,0.2000,2563.00,2563.00,active,2026-09-29T17:00:00Z,2026-09-26T14:52:17+00:00
KXNFLRECYDS-26SEP27SEAWAS,KXNFLRECYDS,KXNFLRECYDS-26SEP27SEAWAS-WASAWILLIAMS14-40,Antonio Williams: 40+ receiving yards,0.1200,0.1500,0.1400,1022.00,1022.00,active,2026-09-29T17:00:00Z,2026-09-26T14:52:17+00:00
KXNFLRECYDS-26SEP27SEAWAS,KXNFLRECYDS,KXNFLRECYDS-26SEP27SEAWAS-SEAJSMITHNJIGBA11-110,Jaxon Smith-Njigba: 110+ receiving yards,0.3400,0.3600,0.3700,2010.48,1959.48,active,2026-09-29T17:00:00Z,2026-09-26T14:52:17+00:00
KXNFLRECYDS-26SEP27SEAWAS,KXNFLRECYDS,KXNFLRECYDS-26SEP27SEAWAS-WASSDIGGS3-50,Stefon Diggs: 50+ receiving yards,0.2800,0.3100,0.3000,796.09,796.09,active,2026-09-29T17:00:00Z,2026-09-26T14:52:17+00:00
KXNFLRECYDS-26SEP27SEAWAS,KXNFLRECYDS,KXNFLRECYDS-26SEP27SEAWAS-SEARSHAHEED22-80,Rashid Shaheed: 80+ receiving yards,0.0500,0.1000,0.0000,0.00,0.00,active,2026-09-29T17:00:00Z,2026-09-26T14:52:17+00:00
KXNFLRECYDS-26SEP27SEAWAS,KXNFLRECYDS,KXNFLRECYDS-26SEP27SEAWAS-WASSDIGGS3-70,Stefon Diggs: 70+ receiving yards,0.1100,0.1500,0.1400,990.00,990.00,active,2026-09-29T17:00:00Z,2026-09-26T14:52:17+00:00
KXNFLRECYDS-26SEP27SEAWAS,KXNFLRECYDS,KXNFLRECYDS-26SEP27SEAWAS-WASRWHITE1-40,Rachaad White: 40+ receiving yards,0.1200,0.1500,0.1600,147.57,147.57,active,2026-09-29T17:00:00Z,2026-09-26T14:52:17+00:00
KXNFLRECYDS-26SEP27SEAWAS,KXNFLRECYDS,KXNFLRECYDS-26SEP27SEAWAS-WASRWHITE1-50,Rachaad White: 50+ receiving yards,0.0500,0.0900,0.0900,200.55,200.55,active,2026-09-29T17:00:00Z,2026-09-26T14:52:17+00:00
KXNFLRECYDS-26SEP27SEAWAS,KXNFLRECYDS,KXNFLRECYDS-26SEP27SEAWAS-WASSDIGGS3-80,Stefon Diggs: 80+ receiving yards,0.0600,0.0900,0.0800,5598.99,5587.00,active,2026-09-29T17:00:00Z,2026-09-26T14:52:17+00:00
KXNFLRECYDS-26SEP27SEAWAS,KXNFLRECYDS,KXNFLRECYDS-26SEP27SEAWAS-SEARSHAHEED22-60,Rashid Shaheed: 60+ receiving yards,0.1600,0.1800,0.1700,740.74,740.74,active,2026-09-29T17:00:00Z,2026-09-26T14:52:17+00:00
KXNFLRECYDS-26SEP27SEAWAS,KXNFLRECYDS,KXNFLRECYDS-26SEP27SEAWAS-SEACKUPP10-50,Cooper Kupp: 50+ receiving yards,0.1300,0.1600,0.1500,131.74,131.74,active,2026-09-29T17:00:00Z,2026-09-26T14:52:17+00:00
KXNFLRECYDS-26SEP27SEAWAS,KXNFLRECYDS,KXNFLRECYDS-26SEP27SEAWAS-SEACKUPP10-15,Cooper Kupp: 15+ receiving yards,0.5900,0.6000,0.0000,0.00,0.00,active,2026-09-29T17:00:00Z,2026-09-26T14:52:17+00:00
KXNFLRECYDS-26SEP27SEAWAS,KXNFLRECYDS,KXNFLRECYDS-26SEP27SEAWAS-SEAJSMITHNJIGBA11-90,Jaxon Smith-Njigba: 90+ receiving yards,0.5200,0.5300,0.5200,5494.06,5422.34,active,2026-09-29T17:00:00Z,2026-09-26T14:52:17+00:00
KXNFLRECYDS-26SEP27SEAWAS,KXNFLRECYDS,KXNFLRECYDS-26SEP27SEAWAS-WASRWHITE1-60,Rachaad White: 60+ receiving yards,0.0300,0.0500,0.0000,0.00,0.00,active,2026-09-29T17:00:00Z,2026-09-26T14:52:17+00:00
KXNFLRECYDS-26SEP27SEAWAS,KXNFLRECYDS,KXNFLRECYDS-26SEP27SEAWAS-WASSDIGGS3-15,Stefon Diggs: 15+ receiving yards,0.7900,0.8100,0.8100,12.90,12.90,active,2026-09-29T17:00:00Z,2026-09-26T14:52:17+00:00
KXNFLRECYDS-26SEP27SEAWAS,KXNFLRECYDS,KXNFLRECYDS-26SEP27SEAWAS-SEAJSMITHNJIGBA11-120,Jaxon Smith-Njigba: 120+ receiving yards,0.2900,0.3200,0.3200,2238.36,2230.32,active,2026-09-29T17:00:00Z,2026-09-26T14:52:17+00:00
KXNFLRECYDS-26SEP27SEAWAS,KXNFLRECYDS,KXNFLRECYDS-26SEP27SEAWAS-SEACKUPP10-70,Cooper Kupp: 70+ receiving yards,0.0300,0.0900,0.0000,0.00,0.00,active,2026-09-29T17:00:00Z,2026-09-26T14:52:17+00:00
KXNFLRECYDS-26SEP27SEAWAS,KXNFLRECYDS,KXNFLRECYDS-26SEP27SEAWAS-SEAEARROYO18-5,Elijah Arroyo: 5+ receiving yards,0.4800,0.5100,0.0000,0.00,0.00,active,2026-09-29T17:00:00Z,2026-09-26T14:52:17+00:00
KXNFLRECYDS-26SEP27SEAWAS,KXNFLRECYDS,KXNFLRECYDS-26SEP27SEAWAS-SEAEARROYO18-40,Elijah Arroyo: 40+ receiving yards,0.0500,0.0700,0.0000,0.00,0.00,active,2026-09-29T17:00:00Z,2026-09-26T14:52:17+00:00
KXNFLRECYDS-26SEP27SEAWAS,KXNFLRECYDS,KXNFLRECYDS-26SEP27SEAWAS-SEAABARNER88-70,AJ Barner: 70+ receiving yards,0.0200,0.0600,0.0700,13.41,13.41,active,2026-09-29T17:00:00Z,2026-09-26T14:52:17+00:00
KXNFLRECYDS-26SEP27SEAWAS,KXNFLRECYDS,KXNFLRECYDS-26SEP27SEAWAS-SEATHORTON15-50,Tory Horton: 50+ receiving yards,0.0200,0.0500,0.0000,0.00,0.00,active,2026-09-29T17:00:00Z,2026-09-26T14:52:17+00:00
KXNFLRECYDS-26SEP27SEAWAS,KXNFLRECYDS,KXNFLRECYDS-26SEP27SEAWAS-SEAABARNER88-50,AJ Barner: 50+ receiving yards,0.1000,0.1400,0.1400,6.73,6.73,active,2026-09-29T17:00:00Z,2026-09-26T14:52:17+00:00
KXNFLRECYDS-26SEP27SEAWAS,KXNFLRECYDS,KXNFLRECYDS-26SEP27SEAWAS-SEAJSMITHNJIGBA11-160,Jaxon Smith-Njigba: 160+ receiving yards,0.1000,0.1200,0.1200,1167.88,1167.88,active,2026-09-29T17:00:00Z,2026-09-26T14:52:17+00:00
KXNFLRECYDS-26SEP27SEAWAS,KXNFLRECYDS,KXNFLRECYDS-26SEP27SEAWAS-WASAWILLIAMS14-60,Antonio Williams: 60+ receiving yards,0.0500,0.0600,0.0000,0.00,0.00,active,2026-09-29T17:00:00Z,2026-09-26T14:52:17+00:00
KXNFLRECYDS-26SEP27SEAWAS,KXNFLRECYDS,KXNFLRECYDS-26SEP27SEAWAS-SEAABARNER88-15,AJ Barner: 15+ receiving yards,0.6300,0.6600,0.6600,7.39,7.39,active,2026-09-29T17:00:00Z,2026-09-26T14:52:17+00:00
KXNFLRECYDS-26SEP27SEAWAS,KXNFLRECYDS,KXNFLRECYDS-26SEP27SEAWAS-WASTMCLAURIN17-110,Terry McLaurin: 110+ receiving yards,0.0200,0.0600,0.0000,0.00,0.00,active,2026-09-29T17:00:00Z,2026-09-26T14:52:17+00:00
KXNFLRECYDS-26SEP27TENNYG,KXNFLRECYDS,KXNFLRECYDS-26SEP27TENNYG-NYGDMOONEY17-80,Darnell Mooney: 80+ receiving yards,0.0400,0.0600,0.0400,676.15,659.12,active,2026-09-29T17:00:00Z,2026-09-26T14:52:17+00:00
KXNFLRECYDS-26SEP27TENNYG,KXNFLRECYDS,KXNFLRECYDS-26SEP27TENNYG-NYGCSKATTEBO44-25,Cam Skattebo: 25+ receiving yards,0.2300,0.2400,0.1600,1.00,1.00,active,2026-09-29T17:00:00Z,2026-09-26T14:52:17+00:00
KXNFLRECYDS-26SEP27TENNYG,KXNFLRECYDS,KXNFLRECYDS-26SEP27TENNYG-NYGMFIELDS88-15,Malachi Fields: 15+ receiving yards,0.6400,0.6700,0.0000,0.00,0.00,active,2026-09-29T17:00:00Z,2026-09-26T14:52:17+00:00
KXNFLRECYDS-26SEP27TENNYG,KXNFLRECYDS,KXNFLRECYDS-26SEP27TENNYG-TENGHELM84-40,Gunnar Helm: 40+ receiving yards,0.1900,0.2200,0.0000,0.00,0.00,active,2026-09-29T17:00:00Z,2026-09-26T14:52:17+00:00
KXNFLRECYDS-26SEP27TENNYG,KXNFLRECYDS,KXNFLRECYDS-26SEP27TENNYG-TENTPOLLARD20-25,Tony Pollard: 25+ receiving yards,0.0800,0.1400,0.0000,0.00,0.00,active,2026-09-29T17:00:00Z,2026-09-26T14:52:17+00:00
KXNFLRECYDS-26SEP27TENNYG,KXNFLRECYDS,KXNFLRECYDS-26SEP27TENNYG-TENWROBINSON4-15,Wan'Dale Robinson: 15+ receiving yards,0.7400,0.7700,0.0000,0.00,0.00,active,2026-09-29T17:00:00Z,2026-09-26T14:52:17+00:00
KXNFLRECYDS-26SEP27TENNYG,KXNFLRECYDS,KXNFLRECYDS-26SEP27TENNYG-NYGILIKELY9-40,Isaiah Likely: 40+ receiving yards,0.5000,0.5100,0.5000,1383.28,1162.26,active,2026-09-29T17:00:00Z,2026-09-26T14:52:17+00:00
KXNFLRECYDS-26SEP27TENNYG,KXNFLRECYDS,KXNFLRECYDS-26SEP27TENNYG-NYGMNABERS1-60,Malik Nabers: 60+ receiving yards,0.4300,0.4500,0.4400,684.69,682.60,active,2026-09-29T17:00:00Z,2026-09-26T14:52:17+00:00
KXNFLRECYDS-26SEP27TENNYG,KXNFLRECYDS,KXNFLRECYDS-26SEP27TENNYG-NYGMNABERS1-70,Malik Nabers: 70+ receiving yards,0.3400,0.3700,0.3600,283.85,283.85,active,2026-09-29T17:00:00Z,2026-09-26T14:52:17+00:00
KXNFLRECYDS-26SEP27TENNYG,KXNFLRECYDS,KXNFLRECYDS-26SEP27TENNYG-NYGDMOONEY17-15,Darnell Mooney: 15+ receiving yards,0.5400,0.5700,0.5600,2285.84,2285.84,active,2026-09-29T17:00:00Z,2026-09-26T14:52:17+00:00
KXNFLRECYDS-26SEP27TENNYG,KXNFLRECYDS,KXNFLRECYDS-26SEP27TENNYG-NYGMNABERS1-40,Malik Nabers: 40+ receiving yards,0.6600,0.6900,0.0000,0.00,0.00,active,2026-09-29T17:00:00Z,2026-09-26T14:52:17+00:00
KXNFLRECYDS-26SEP27TENNYG,KXNFLRECYDS,KXNFLRECYDS-26SEP27TENNYG-NYGILIKELY9-60,Isaiah Likely: 60+ receiving yards,0.2500,0.2800,0.2900,6.29,4.28,active,2026-09-29T17:00:00Z,2026-09-26T14:52:17+00:00
KXNFLRECYDS-26SEP27TENNYG,KXNFLRECYDS,KXNFLRECYDS-26SEP27TENNYG-NYGCSKATTEBO44-50,Cam Skattebo: 50+ receiving yards,0.0400,0.0700,0.0000,0.00,0.00,active,2026-09-29T17:00:00Z,2026-09-26T14:52:17+00:00
KXNFLRECYDS-26SEP27TENNYG,KXNFLRECYDS,KXNFLRECYDS-26SEP27TENNYG-TENEAYOMANOR5-40,Elic Ayomanor: 40+ receiving yards,0.1600,0.1700,0.0000,0.00,0.00,active,2026-09-29T17:00:00Z,2026-09-26T14:52:17+00:00
KXNFLRECYDS-26SEP27TENNYG,KXNFLRECYDS,KXNFLRECYDS-26SEP27TENNYG-TENCRIDLEY0-70,Calvin Ridley: 70+ receiving yards,0.0200,0.0500,0.0000,0.00,0.00,active,2026-09-29T17:00:00Z,2026-09-26T14:52:17+00:00
KXNFLRECYDS-26SEP27TENNYG,KXNFLRECYDS,KXNFLRECYDS-26SEP27TENNYG-TENEAYOMANOR5-70,Elic Ayomanor: 70+ receiving yards,0.0200,0.0400,0.0000,0.00,0.00,active,2026-09-29T17:00:00Z,2026-09-26T14:52:17+00:00
KXNFLRECYDS-26SEP27TENNYG,KXNFLRECYDS,KXNFLRECYDS-26SEP27TENNYG-TENCTATE14-100,Carnell Tate: 100+ receiving yards,0.0500,0.0700,0.0700,3585.00,3585.00,active,2026-09-29T17:00:00Z,2026-09-26T14:52:17+00:00
KXNFLRECYDS-26SEP27TENNYG,KXNFLRECYDS,KXNFLRECYDS-26SEP27TENNYG-NYGMFIELDS88-70,Malachi Fields: 70+ receiving yards,0.0500,0.1000,0.0000,0.00,0.00,active,2026-09-29T17:00:00Z,2026-09-26T14:52:17+00:00
KXNFLRECYDS-26SEP27TENNYG,KXNFLRECYDS,KXNFLRECYDS-26SEP27TENNYG-TENWROBINSON4-25,Wan'Dale Robinson: 25+ receiving yards,0.5800,0.6100,0.6100,0.15,0.15,active,2026-09-29T17:00:00Z,2026-09-26T14:52:17+00:00
KXNFLRECYDS-26SEP27TENNYG,KXNFLRECYDS,KXNFLRECYDS-26SEP27TENNYG-NYGMNABERS1-120,Malik Nabers: 120+ receiving yards,0.0200,0.0900,0.0000,0.00,0.00,active,2026-09-29T17:00:00Z,2026-09-26T14:52:17+00:00
KXNFLRECYDS-26SEP27TENNYG,KXNFLRECYDS,KXNFLRECYDS-26SEP27TENNYG-NYGILIKELY9-110,Isaiah Likely: 110+ receiving yards,0.0200,0.0600,0.0000,0.00,0.00,active,2026-09-29T17:00:00Z,2026-09-26T14:52:17+00:00
KXNFLRECYDS-26SEP27TENNYG,KXNFLRECYDS,KXNFLRECYDS-26SEP27TENNYG-NYGILIKELY9-100,Isaiah Likely: 100+ receiving yards,0.0300,0.0800,0.0000,0.00,0.00,active,2026-09-29T17:00:00Z,2026-09-26T14:52:17+00:00
KXNFLRECYDS-26SEP27TENNYG,KXNFLRECYDS,KXNFLRECYDS-26SEP27TENNYG-TENTPOLLARD20-15,Tony Pollard: 15+ receiving yards,0.2200,0.2800,0.2700,0.35,0.35,active,2026-09-29T17:00:00Z,2026-09-26T14:52:17+00:00
KXNFLRECYDS-26SEP27TENNYG,KXNFLRECYDS,KXNFLRECYDS-26SEP27TENNYG-TENCTATE14-110,Carnell Tate: 110+ receiving yards,0.0200,0.0400,0.0500,3200.00,3200.00,active,2026-09-29T17:00:00Z,2026-09-26T14:52:17+00:00
KXNFLRECYDS-26SEP27TENNYG,KXNFLRECYDS,KXNFLRECYDS-26SEP27TENNYG-TENEAYOMANOR5-15,Elic Ayomanor: 15+ receiving yards,0.4800,0.5000,0.5000,1044.10,1000.62,active,2026-09-29T17:00:00Z,2026-09-26T14:52:17+00:00
KXNFLRECYDS-26SEP27TENNYG,KXNFLRECYDS,KXNFLRECYDS-26SEP27TENNYG-NYGMFIELDS88-60,Malachi Fields: 60+ receiving yards,0.0900,0.1500,0.0000,0.00,0.00,active,2026-09-29T17:00:00Z,2026-09-26T14:52:17+00:00
KXNFLRECYDS-26SEP27TENNYG,KXNFLRECYDS,KXNFLRECYDS-26SEP27TENNYG-TENCTATE14-50,Carnell Tate: 50+ receiving yards,0.3500,0.3700,0.3700,701.62,701.62,active,2026-09-29T17:00:00Z,2026-09-26T14:52:17+00:00
KXNFLRECYDS-26SEP27TENNYG,KXNFLRECYDS,KXNFLRECYDS-26SEP27TENNYG-NYGILIKELY9-25,Isaiah Likely: 25+ receiving yards,0.6900,0.7300,0.7300,13.43,13.43,active,2026-09-29T17:00:00Z,2026-09-26T14:52:17+00:00
KXNFLRECYDS-26SEP27TENNYG,KXNFLRECYDS,KXNFLRECYDS-26SEP27TENNYG-TENCTATE14-90,Carnell Tate: 90+ receiving yards,0.0800,0.1000,0.0800,3817.00,3802.00,active,2026-09-29T17:00:00Z,2026-09-26T14:52:17+00:00
KXNFLRECYDS-26SEP27TENNYG,KXNFLRECYDS,KXNFLRECYDS-26SEP27TENNYG-TENCTATE14-25,Carnell Tate: 25+ receiving yards,0.6800,0.7000,0.6900,759.99,759.99,active,2026-09-29T17:00:00Z,2026-09-26T14:52:17+00:00
KXNFLRECYDS-26SEP27TENNYG,KXNFLRECYDS,KXNFLRECYDS-26SEP27TENNYG-NYGDMOONEY17-40,Darnell Mooney: 40+ receiving yards,0.2000,0.2100,0.2100,5269.77,5269.77,active,2026-09-29T17:00:00Z,2026-09-26T14:52:17+00:00
KXNFLRECYDS-26SEP27TENNYG,KXNFLRECYDS,KXNFLRECYDS-26SEP27TENNYG-NYGMNABERS1-100,Malik Nabers: 100+ receiving yards,0.1200,0.1700,0.1600,42.47,42.47,active,2026-09-29T17:00:00Z,2026-09-26T14:52:17+00:00
KXNFLRECYDS-26SEP27TENNYG,KXNFLRECYDS,KXNFLRECYDS-26SEP27TENNYG-NYGMNABERS1-80,Malik Nabers: 80+ receiving yards,0.2400,0.2900,0.2800,93.00,92.00,active,2026-09-29T17:00:00Z,2026-09-26T14:52:17+00:00
KXNFLRECYDS-26SEP27TENNYG,KXNFLRECYDS,KXNFLRECYDS-26SEP27TENNYG-TENCTATE14-40,Carnell Tate: 40+ receiving yards,0.4800,0.5000,0.5000,1606.38,1394.94,active,2026-09-29T17:00:00Z,2026-09-26T14:52:17+00:00
KXNFLRECYDS-26SEP27TENNYG,KXNFLRECYDS,KXNFLRECYDS-26SEP27TENNYG-NYGCSKATTEBO44-60,Cam Skattebo: 60+ receiving yards,0.0200,0.0500,0.0000,0.00,0.00,active,2026-09-29T17:00:00Z,2026-09-26T14:52:17+00:00
KXNFLRECYDS-26SEP27TENNYG,KXNFLRECYDS,KXNFLRECYDS-26SEP27TENNYG-TENWROBINSON4-60,Wan'Dale Robinson: 60+ receiving yards,0.1600,0.1800,0.1700,45.00,45.00,active,2026-09-29T17:00:00Z,2026-09-26T14:52:17+00:00
KXNFLRECYDS-26SEP27TENNYG,KXNFLRECYDS,KXNFLRECYDS-26SEP27TENNYG-NYGMNABERS1-110,Malik Nabers: 110+ receiving yards,0.0600,0.1300,0.0000,0.00,0.00,active,2026-09-29T17:00:00Z,2026-09-26T14:52:17+00:00
KXNFLRECYDS-26SEP27TENNYG,KXNFLRECYDS,KXNFLRECYDS-26SEP27TENNYG-TENGHELM84-70,Gunnar Helm: 70+ receiving yards,0.0200,0.0600,0.0000,0.00,0.00,active,2026-09-29T17:00:00Z,2026-09-26T14:52:17+00:00
KXNFLRECYDS-26SEP27TENNYG,KXNFLRECYDS,KXNFLRECYDS-26SEP27TENNYG-TENGHELM84-60,Gunnar Helm: 60+ receiving yards,0.0500,0.0900,0.0000,0.00,0.00,active,2026-09-29T17:00:00Z,2026-09-26T14:52:17+00:00
KXNFLRECYDS-26SEP27TENNYG,KXNFLRECYDS,KXNFLRECYDS-26SEP27TENNYG-NYGMNABERS1-25,Malik Nabers: 25+ receiving yards,0.8100,0.8300,0.0000,0.00,0.00,active,2026-09-29T17:00:00Z,2026-09-26T14:52:17+00:00
KXNFLRECYDS-26SEP27TENNYG,KXNFLRECYDS,KXNFLRECYDS-26SEP27TENNYG-TENWROBINSON4-80,Wan'Dale Robinson: 80+ receiving yards,0.0500,0.0800,0.0000,0.00,0.00,active,2026-09-29T17:00:00Z,2026-09-26T14:52:17+00:00
KXNFLRECYDS-26SEP27TENNYG,KXNFLRECYDS,KXNFLRECYDS-26SEP27TENNYG-TENWROBINSON4-50,Wan'Dale Robinson: 50+ receiving yards,0.2500,0.2600,0.2600,75.36,75.36,active,2026-09-29T17:00:00Z,2026-09-26T14:52:17+00:00
KXNFLRECYDS-26SEP27TENNYG,KXNFLRECYDS,KXNFLRECYDS-26SEP27TENNYG-TENGHELM84-15,Gunnar Helm: 15+ receiving yards,0.6100,0.6400,0.6600,3.00,3.00,active,2026-09-29T17:00:00Z,2026-09-26T14:52:17+00:00
KXNFLRECYDS-26SEP27TENNYG,KXNFLRECYDS,KXNFLRECYDS-26SEP27TENNYG-NYGILIKELY9-50,Isaiah Likely: 50+ receiving yards,0.3600,0.3900,0.4400,6.00,6.00,active,2026-09-29T17:00:00Z,2026-09-26T14:52:17+00:00
KXNFLRECYDS-26SEP27TENNYG,KXNFLRECYDS,KXNFLRECYDS-26SEP27TENNYG-NYGCSKATTEBO44-15,Cam Skattebo: 15+ receiving yards,0.4200,0.4400,0.4200,35.32,35.32,active,2026-09-29T17:00:00Z,2026-09-26T14:52:17+00:00
KXNFLRECYDS-26SEP27TENNYG,KXNFLRECYDS,KXNFLRECYDS-26SEP27TENNYG-NYGMFIELDS88-50,Malachi Fields: 50+ receiving yards,0.1700,0.2000,0.2100,124.89,124.89,active,2026-09-29T17:00:00Z,2026-09-26T14:52:17+00:00
KXNFLRECYDS-26SEP27TENNYG,KXNFLRECYDS,KXNFLRECYDS-26SEP27TENNYG-TENEAYOMANOR5-50,Elic Ayomanor: 50+ receiving yards,0.0700,0.1000,0.0000,0.00,0.00,active,2026-09-29T17:00:00Z,2026-09-26T14:52:17+00:00
KXNFLRECYDS-26SEP27TENNYG,KXNFLRECYDS,KXNFLRECYDS-26SEP27TENNYG-NYGILIKELY9-90,Isaiah Likely: 90+ receiving yards,0.0600,0.1100,0.0000,0.00,0.00,active,2026-09-29T17:00:00Z,2026-09-26T14:52:17+00:00
KXNFLRECYDS-26SEP27TENNYG,KXNFLRECYDS,KXNFLRECYDS-26SEP27TENNYG-TENCRIDLEY0-60,Calvin Ridley: 60+ receiving yards,0.0400,0.0700,0.0000,0.00,0.00,active,2026-09-29T17:00:00Z,2026-09-26T14:52:17+00:00
KXNFLRECYDS-26SEP27TENNYG,KXNFLRECYDS,KXNFLRECYDS-26SEP27TENNYG-NYGILIKELY9-70,Isaiah Likely: 70+ receiving yards,0.1600,0.2000,0.0000,0.00,0.00,active,2026-09-29T17:00:00Z,2026-09-26T14:52:17+00:00
KXNFLRECYDS-26SEP27TENNYG,KXNFLRECYDS,KXNFLRECYDS-26SEP27TENNYG-TENCRIDLEY0-25,Calvin Ridley: 25+ receiving yards,0.3100,0.3300,0.3300,20.00,20.00,active,2026-09-29T17:00:00Z,2026-09-26T14:52:17+00:00
KXNFLRECYDS-26SEP27TENNYG,KXNFLRECYDS,KXNFLRECYDS-26SEP27TENNYG-NYGILIKELY9-80,Isaiah Likely: 80+ receiving yards,0.1200,0.1400,0.1100,110.00,110.00,active,2026-09-29T17:00:00Z,2026-09-26T14:52:17+00:00
KXNFLRECYDS-26SEP27TENNYG,KXNFLRECYDS,KXNFLRECYDS-26SEP27TENNYG-NYGMNABERS1-90,Malik Nabers: 90+ receiving yards,0.1700,0.2200,0.0000,0.00,0.00,active,2026-09-29T17:00:00Z,2026-09-26T14:52:17+00:00
KXNFLRECYDS-26SEP27TENNYG,KXNFLRECYDS,KXNFLRECYDS-26SEP27TENNYG-NYGMNABERS1-50,Malik Nabers: 50+ receiving yards,0.5500,0.5800,0.5500,512.88,512.88,active,2026-09-29T17:00:00Z,2026-09-26T14:52:17+00:00
KXNFLRECYDS-26SEP27TENNYG,KXNFLRECYDS,KXNFLRECYDS-26SEP27TENNYG-NYGDMOONEY17-25,Darnell Mooney: 25+ receiving yards,0.3600,0.3900,0.3900,1162.24,1162.24,active,2026-09-29T17:00:00Z,2026-09-26T14:52:17+00:00
KXNFLRECYDS-26SEP27TENNYG,KXNFLRECYDS,KXNFLRECYDS-26SEP27TENNYG-NYGDMOONEY17-50,Darnell Mooney: 50+ receiving yards,0.1200,0.1400,0.1400,993.25,993.25,active,2026-09-29T17:00:00Z,2026-09-26T14:52:17+00:00
KXNFLRECYDS-26SEP27TENNYG,KXNFLRECYDS,KXNFLRECYDS-26SEP27TENNYG-NYGDMOONEY17-60,Darnell Mooney: 60+ receiving yards,0.0800,0.1000,0.1000,5705.58,5704.58,active,2026-09-29T17:00:00Z,2026-09-26T14:52:17+00:00
KXNFLRECYDS-26SEP27TENNYG,KXNFLRECYDS,KXNFLRECYDS-26SEP27TENNYG-NYGDMOONEY17-70,Darnell Mooney: 70+ receiving yards,0.0600,0.0800,0.0800,102.00,102.00,active,2026-09-29T17:00:00Z,2026-09-26T14:52:17+00:00
KXNFLRECYDS-26SEP27TENNYG,KXNFLRECYDS,KXNFLRECYDS-26SEP27TENNYG-TENWROBINSON4-40,Wan'Dale Robinson: 40+ receiving yards,0.3600,0.3800,0.3800,59.55,59.55,active,2026-09-29T17:00:00Z,2026-09-26T14:52:17+00:00
KXNFLRECYDS-26SEP27TENNYG,KXNFLRECYDS,KXNFLRECYDS-26SEP27TENNYG-TENCRIDLEY0-50,Calvin Ridley: 50+ receiving yards,0.0800,0.1200,0.0000,0.00,0.00,active,2026-09-29T17:00:00Z,2026-09-26T14:52:17+00:00
KXNFLRECYDS-26SEP27TENNYG,KXNFLRECYDS,KXNFLRECYDS-26SEP27TENNYG-TENCTATE14-60,Carnell Tate: 60+ receiving yards,0.2500,0.2700,0.2700,611.85,611.85,active,2026-09-29T17:00:00Z,2026-09-26T14:52:17+00:00
KXNFLRECYDS-26SEP27TENNYG,KXNFLRECYDS,KXNFLRECYDS-26SEP27TENNYG-NYGMFIELDS88-25,Malachi Fields: 25+ receiving yards,0.4700,0.4900,0.4700,1632.07,1466.07,active,2026-09-29T17:00:00Z,2026-09-26T14:52:17+00:00
KXNFLRECYDS-26SEP27TENNYG,KXNFLRECYDS,KXNFLRECYDS-26SEP27TENNYG-NYGMFIELDS88-40,Malachi Fields: 40+ receiving yards,0.2600,0.3000,0.2600,324.37,312.37,active,2026-09-29T17:00:00Z,2026-09-26T14:52:17+00:00
KXNFLRECYDS-26SEP27TENNYG,KXNFLRECYDS,KXNFLRECYDS-26SEP27TENNYG-TENCTATE14-70,Carnell Tate: 70+ receiving yards,0.1700,0.1900,0.1900,1990.44,1990.44,active,2026-09-29T17:00:00Z,2026-09-26T14:52:17+00:00
KXNFLRECYDS-26SEP27TENNYG,KXNFLRECYDS,KXNFLRECYDS-26SEP27TENNYG-TENCRIDLEY0-15,Calvin Ridley: 15+ receiving yards,0.4700,0.5000,0.5000,2559.18,2559.18,active,2026-09-29T17:00:00Z,2026-09-26T14:52:17+00:00
KXNFLRECYDS-26SEP27TENNYG,KXNFLRECYDS,KXNFLRECYDS-26SEP27TENNYG-NYGMFIELDS88-80,Malachi Fields: 80+ receiving yards,0.0300,0.0600,0.0600,399.65,399.65,active,2026-09-29T17:00:00Z,2026-09-26T14:52:17+00:00
KXNFLRECYDS-26SEP27TENNYG,KXNFLRECYDS,KXNFLRECYDS-26SEP27TENNYG-TENGHELM84-25,Gunnar Helm: 25+ receiving yards,0.4100,0.4400,0.4400,769.36,769.36,active,2026-09-29T17:00:00Z,2026-09-26T14:52:17+00:00
KXNFLRECYDS-26SEP27TENNYG,KXNFLRECYDS,KXNFLRECYDS-26SEP27TENNYG-TENCTATE14-15,Carnell Tate: 15+ receiving yards,0.8000,0.8100,0.8300,1.00,1.00,active,2026-09-29T17:00:00Z,2026-09-26T14:52:17+00:00
KXNFLRECYDS-26SEP27TENNYG,KXNFLRECYDS,KXNFLRECYDS-26SEP27TENNYG-TENTPOLLARD20-40,Tony Pollard: 40+ receiving yards,0.0200,0.0700,0.0000,0.00,0.00,active,2026-09-29T17:00:00Z,2026-09-26T14:52:17+00:00
KXNFLRECYDS-26SEP27TENNYG,KXNFLRECYDS,KXNFLRECYDS-26SEP27TENNYG-TENEAYOMANOR5-25,Elic Ayomanor: 25+ receiving yards,0.3100,0.3200,0.3200,230.94,230.94,active,2026-09-29T17:00:00Z,2026-09-26T14:52:17+00:00
KXNFLRECYDS-26SEP27TENNYG,KXNFLRECYDS,KXNFLRECYDS-26SEP27TENNYG-TENGHELM84-80,Gunnar Helm: 80+ receiving yards,0.0200,0.0400,0.0000,0.00,0.00,active,2026-09-29T17:00:00Z,2026-09-26T14:52:17+00:00
KXNFLRECYDS-26SEP27TENNYG,KXNFLRECYDS,KXNFLRECYDS-26SEP27TENNYG-NYGMNABERS1-130,Malik Nabers: 130+ receiving yards,0.0300,0.0700,0.0700,60.00,60.00,active,2026-09-29T17:00:00Z,2026-09-26T14:52:17+00:00
KXNFLRECYDS-26SEP27TENNYG,KXNFLRECYDS,KXNFLRECYDS-26SEP27TENNYG-TENCRIDLEY0-40,Calvin Ridley: 40+ receiving yards,0.1400,0.1800,0.1700,1.00,1.00,active,2026-09-29T17:00:00Z,2026-09-26T14:52:17+00:00
KXNFLRECYDS-26SEP27TENNYG,KXNFLRECYDS,KXNFLRECYDS-26SEP27TENNYG-NYGILIKELY9-15,Isaiah Likely: 15+ receiving yards,0.8300,0.8500,0.8600,1.00,1.00,active,2026-09-29T17:00:00Z,2026-09-26T14:52:17+00:00
KXNFLRECYDS-26SEP27TENNYG,KXNFLRECYDS,KXNFLRECYDS-26SEP27TENNYG-NYGCSKATTEBO44-40,Cam Skattebo: 40+ receiving yards,0.0900,0.1100,0.0000,0.00,0.00,active,2026-09-29T17:00:00Z,2026-09-26T14:52:17+00:00
KXNFLRECYDS-26SEP27TENNYG,KXNFLRECYDS,KXNFLRECYDS-26SEP27TENNYG-TENGHELM84-50,Gunnar Helm: 50+ receiving yards,0.1000,0.1400,0.0000,0.00,0.00,active,2026-09-29T17:00:00Z,2026-09-26T14:52:17+00:00
KXNFLRECYDS-26SEP27TENNYG,KXNFLRECYDS,KXNFLRECYDS-26SEP27TENNYG-TENWROBINSON4-70,Wan'Dale Robinson: 70+ receiving yards,0.1000,0.1200,0.1000,65.05,65.04,active,2026-09-29T17:00:00Z,2026-09-26T14:52:17+00:00
KXNFLRECYDS-26SEP27TENNYG,KXNFLRECYDS,KXNFLRECYDS-26SEP27TENNYG-TENEAYOMANOR5-60,Elic Ayomanor: 60+ receiving yards,0.0500,0.0700,0.0000,0.00,0.00,active,2026-09-29T17:00:00Z,2026-09-26T14:52:17+00:00
KXNFLRECYDS-26SEP27TENNYG,KXNFLRECYDS,KXNFLRECYDS-26SEP27TENNYG-TENCTATE14-80,Carnell Tate: 80+ receiving yards,0.1200,0.1400,0.1400,4258.00,4258.00,active,2026-09-29T17:00:00Z,2026-09-26T14:52:17+00:00
KXNFLRECYDS-26SEP27TENNYG,KXNFLRECYDS,KXNFLRECYDS-26SEP27TENNYG-TENWROBINSON4-90,Wan'Dale Robinson: 90+ receiving yards,0.0300,0.0600,0.0000,0.00,0.00,active,2026-09-29T17:00:00Z,2026-09-26T14:52:17+00:00
KXNFLRECYDS-26SEP28PHICHI,KXNFLRECYDS,KXNFLRECYDS-26SEP28PHICHI-PHIDSMITH6-160,DeVonta Smith: 160+ receiving yards,0.0200,0.0500,0.0000,0.00,0.00,active,2026-10-01T00:15:00Z,2026-09-26T14:52:17+00:00
KXNFLRECYDS-26SEP28PHICHI,KXNFLRECYDS,KXNFLRECYDS-26SEP28PHICHI-CHIRODUNZE15-15,Rome Odunze: 15+ receiving yards,0.6300,0.7000,0.7100,14.00,14.00,active,2026-10-01T00:15:00Z,2026-09-26T14:52:17+00:00
KXNFLRECYDS-26SEP28PHICHI,KXNFLRECYDS,KXNFLRECYDS-26SEP28PHICHI-CHICLOVELAND84-40,Colston Loveland: 40+ receiving yards,0.4000,0.4100,0.4100,225.92,225.92,active,2026-10-01T00:15:00Z,2026-09-26T14:52:17+00:00
KXNFLRECYDS-26SEP28PHICHI,KXNFLRECYDS,KXNFLRECYDS-26SEP28PHICHI-PHISBARKLEY26-15,Saquon Barkley: 15+ receiving yards,0.4200,0.4800,0.0000,0.00,0.00,active,2026-10-01T00:15:00Z,2026-09-26T14:52:17+00:00
KXNFLRECYDS-26SEP28PHICHI,KXNFLRECYDS,KXNFLRECYDS-26SEP28PHICHI-PHIDSMITH6-130,DeVonta Smith: 130+ receiving yards,0.0600,0.1100,0.0000,0.00,0.00,active,2026-10-01T00:15:00Z,2026-09-26T14:52:17+00:00
KXNFLRECYDS-26SEP28PHICHI,KXNFLRECYDS,KXNFLRECYDS-26SEP28PHICHI-CHICLOVELAND84-90,Colston Loveland: 90+ receiving yards,0.0500,0.0800,0.0800,322.94,322.94,active,2026-10-01T00:15:00Z,2026-09-26T14:52:17+00:00
KXNFLRECYDS-26SEP28PHICHI,KXNFLRECYDS,KXNFLRECYDS-26SEP28PHICHI-PHIMLEMON9-60,Makai Lemon: 60+ receiving yards,0.1200,0.1700,0.0000,0.00,0.00,active,2026-10-01T00:15:00Z,2026-09-26T14:52:17+00:00
KXNFLRECYDS-26SEP28PHICHI,KXNFLRECYDS,KXNFLRECYDS-26SEP28PHICHI-CHICLOVELAND84-50,Colston Loveland: 50+ receiving yards,0.2500,0.3000,0.2500,66.10,64.79,active,2026-10-01T00:15:00Z,2026-09-26T14:52:17+00:00
KXNFLRECYDS-26SEP28PHICHI,KXNFLRECYDS,KXNFLRECYDS-26SEP28PHICHI-CHIDSWIFT4-40,D'Andre Swift: 40+ receiving yards,0.0500,0.1000,0.0000,0.00,0.00,active,2026-10-01T00:15:00Z,2026-09-26T14:52:17+00:00
KXNFLRECYDS-26SEP28PHICHI,KXNFLRECYDS,KXNFLRECYDS-26SEP28PHICHI-PHIDSMITH6-140,DeVonta Smith: 140+ receiving yards,0.0400,0.0900,0.0000,0.00,0.00,active,2026-10-01T00:15:00Z,2026-09-26T14:52:17+00:00
KXNFLRECYDS-26SEP28PHICHI,KXNFLRECYDS,KXNFLRECYDS-26SEP28PHICHI-CHILBURDEN10-60,Luther Burden III: 60+ receiving yards,0.1500,0.2000,0.1600,0.03,0.03,active,2026-10-01T00:15:00Z,2026-09-26T14:52:17+00:00
KXNFLRECYDS-26SEP28PHICHI,KXNFLRECYDS,KXNFLRECYDS-26SEP28PHICHI-PHIDSMITH6-110,DeVonta Smith: 110+ receiving yards,0.1600,0.2100,0.2100,37.74,37.74,active,2026-10-01T00:15:00Z,2026-09-26T14:52:17+00:00
KXNFLRECYDS-26SEP28PHICHI,KXNFLRECYDS,KXNFLRECYDS-26SEP28PHICHI-CHIDSWIFT4-50,D'Andre Swift: 50+ receiving yards,0.0300,0.0700,0.0000,0.00,0.00,active,2026-10-01T00:15:00Z,2026-09-26T14:52:17+00:00
KXNFLRECYDS-26SEP28PHICHI,KXNFLRECYDS,KXNFLRECYDS-26SEP28PHICHI-CHILBURDEN10-40,Luther Burden III: 40+ receiving yards,0.4000,0.4100,0.4100,49.54,39.54,active,2026-10-01T00:15:00Z,2026-09-26T14:52:17+00:00
KXNFLRECYDS-26SEP28PHICHI,KXNFLRECYDS,KXNFLRECYDS-26SEP28PHICHI-CHICLOVELAND84-80,Colston Loveland: 80+ receiving yards,0.0400,0.1100,0.1100,87.50,87.50,active,2026-10-01T00:15:00Z,2026-09-26T14:52:17+00:00
KXNFLRECYDS-26SEP28PHICHI,KXNFLRECYDS,KXNFLRECYDS-26SEP28PHICHI-CHIKRAYMOND14-25,Kalif Raymond: 25+ receiving yards,0.4700,0.5100,0.9900,14.00,14.00,active,2026-10-01T00:15:00Z,2026-09-26T14:52:17+00:00
KXNFLRECYDS-26SEP28PHICHI,KXNFLRECYDS,KXNFLRECYDS-26SEP28PHICHI-CHIRODUNZE15-60,Rome Odunze: 60+ receiving yards,0.1000,0.1400,0.0000,0.00,0.00,active,2026-10-01T00:15:00Z,2026-09-26T14:52:17+00:00
KXNFLRECYDS-26SEP28PHICHI,KXNFLRECYDS,KXNFLRECYDS-26SEP28PHICHI-PHIDSMITH6-90,DeVonta Smith: 90+ receiving yards,0.2900,0.3400,0.3500,19.11,19.11,active,2026-10-01T00:15:00Z,2026-09-26T14:52:17+00:00
KXNFLRECYDS-26SEP28PHICHI,KXNFLRECYDS,KXNFLRECYDS-26SEP28PHICHI-CHIRODUNZE15-50,Rome Odunze: 50+ receiving yards,0.1700,0.2200,0.2200,4.12,4.12,active,2026-10-01T00:15:00Z,2026-09-26T14:52:17+00:00
KXNFLRECYDS-26SEP28PHICHI,KXNFLRECYDS,KXNFLRECYDS-26SEP28PHICHI-PHISBARKLEY26-40,Saquon Barkley: 40+ receiving yards,0.0500,0.1200,0.0000,0.00,0.00,active,2026-10-01T00:15:00Z,2026-09-26T14:52:17+00:00
KXNFLRECYDS-26SEP28PHICHI,KXNFLRECYDS,KXNFLRECYDS-26SEP28PHICHI-CHIKRAYMOND14-70,Kalif Raymond: 70+ receiving yards,0.0400,0.0900,0.0000,0.00,0.00,active,2026-10-01T00:15:00Z,2026-09-26T14:52:17+00:00
KXNFLRECYDS-26SEP28PHICHI,KXNFLRECYDS,KXNFLRECYDS-26SEP28PHICHI-CHIDSWIFT4-15,D'Andre Swift: 15+ receiving yards,0.3700,0.4000,0.0000,0.00,0.00,active,2026-10-01T00:15:00Z,2026-09-26T14:52:17+00:00
KXNFLRECYDS-26SEP28PHICHI,KXNFLRECYDS,KXNFLRECYDS-26SEP28PHICHI-CHIRODUNZE15-90,Rome Odunze: 90+ receiving yards,0.0200,0.0500,0.0500,381.05,381.05,active,2026-10-01T00:15:00Z,2026-09-26T14:52:17+00:00
KXNFLRECYDS-26SEP28PHICHI,KXNFLRECYDS,KXNFLRECYDS-26SEP28PHICHI-PHIDWICKS13-50,Dontayvion Wicks: 50+ receiving yards,0.4100,0.4400,0.4400,2606.07,2606.07,active,2026-10-01T00:15:00Z,2026-09-26T14:52:17+00:00
KXNFLRECYDS-26SEP28PHICHI,KXNFLRECYDS,KXNFLRECYDS-26SEP28PHICHI-CHILBURDEN10-70,Luther Burden III: 70+ receiving yards,0.1000,0.1400,0.0800,173.43,173.43,active,2026-10-01T00:15:00Z,2026-09-26T14:52:17+00:00
KXNFLRECYDS-26SEP28PHICHI,KXNFLRECYDS,KXNFLRECYDS-26SEP28PHICHI-CHIRODUNZE15-70,Rome Odunze: 70+ receiving yards,0.0500,0.1100,0.0000,0.00,0.00,active,2026-10-01T00:15:00Z,2026-09-26T14:52:17+00:00
KXNFLRECYDS-26SEP28PHICHI,KXNFLRECYDS,KXNFLRECYDS-26SEP28PHICHI-PHIDSMITH6-150,DeVonta Smith: 150+ receiving yards,0.0200,0.0700,0.0000,0.00,0.00,active,2026-10-01T00:15:00Z,2026-09-26T14:52:17+00:00
KXNFLRECYDS-26SEP28PHICHI,KXNFLRECYDS,KXNFLRECYDS-26SEP28PHICHI-PHIMLEMON9-40,Makai Lemon: 40+ receiving yards,0.3200,0.3500,0.3300,786.53,786.53,active,2026-10-01T00:15:00Z,2026-09-26T14:52:17+00:00
KXNFLRECYDS-26SEP28PHICHI,KXNFLRECYDS,KXNFLRECYDS-26SEP28PHICHI-PHIMLEMON9-50,Makai Lemon: 50+ receiving yards,0.2400,0.2600,0.2200,656.84,656.84,active,2026-10-01T00:15:00Z,2026-09-26T14:52:17+00:00
KXNFLRECYDS-26SEP28PHICHI,KXNFLRECYDS,KXNFLRECYDS-26SEP28PHICHI-PHIDSMITH6-50,DeVonta Smith: 50+ receiving yards,0.6600,0.7300,0.7300,2.32,2.32,active,2026-10-01T00:15:00Z,2026-09-26T14:52:17+00:00
KXNFLRECYDS-26SEP28PHICHI,KXNFLRECYDS,KXNFLRECYDS-26SEP28PHICHI-PHIDWICKS13-110,Dontayvion Wicks: 110+ receiving yards,0.0400,0.0900,0.0000,0.00,0.00,active,2026-10-01T00:15:00Z,2026-09-26T14:52:17+00:00
KXNFLRECYDS-26SEP28PHICHI,KXNFLRECYDS,KXNFLRECYDS-26SEP28PHICHI-CHILBURDEN10-25,Luther Burden III: 25+ receiving yards,0.5600,0.6200,0.6100,16.00,16.00,active,2026-10-01T00:15:00Z,2026-09-26T14:52:17+00:00
KXNFLRECYDS-26SEP28PHICHI,KXNFLRECYDS,KXNFLRECYDS-26SEP28PHICHI-PHISBARKLEY26-50,Saquon Barkley: 50+ receiving yards,0.0300,0.0700,0.0000,0.00,0.00,active,2026-10-01T00:15:00Z,2026-09-26T14:52:17+00:00
KXNFLRECYDS-26SEP28PHICHI,KXNFLRECYDS,KXNFLRECYDS-26SEP28PHICHI-PHIMLEMON9-70,Makai Lemon: 70+ receiving yards,0.0800,0.1300,0.0000,0.00,0.00,active,2026-10-01T00:15:00Z,2026-09-26T14:52:17+00:00
KXNFLRECYDS-26SEP28PHICHI,KXNFLRECYDS,KXNFLRECYDS-26SEP28PHICHI-PHIMLEMON9-80,Makai Lemon: 80+ receiving yards,0.0400,0.1000,0.0000,0.00,0.00,active,2026-10-01T00:15:00Z,2026-09-26T14:52:17+00:00
KXNFLRECYDS-26SEP28PHICHI,KXNFLRECYDS,KXNFLRECYDS-26SEP28PHICHI-CHIKRAYMOND14-50,Kalif Raymond: 50+ receiving yards,0.1400,0.1900,0.1800,2.00,2.00,active,2026-10-01T00:15:00Z,2026-09-26T14:52:17+00:00
KXNFLRECYDS-26SEP28PHICHI,KXNFLRECYDS,KXNFLRECYDS-26SEP28PHICHI-CHICLOVELAND84-25,Colston Loveland: 25+ receiving yards,0.5800,0.6200,0.6400,78.96,76.83,active,2026-10-01T00:15:00Z,2026-09-26T14:52:17+00:00
KXNFLRECYDS-26SEP28PHICHI,KXNFLRECYDS,KXNFLRECYDS-26SEP28PHICHI-PHIDWICKS13-40,Dontayvion Wicks: 40+ receiving yards,0.5300,0.5400,0.5400,4265.75,4263.75,active,2026-10-01T00:15:00Z,2026-09-26T14:52:17+00:00
KXNFLRECYDS-26SEP28PHICHI,KXNFLRECYDS,KXNFLRECYDS-26SEP28PHICHI-PHIDSMITH6-40,DeVonta Smith: 40+ receiving yards,0.7700,0.8100,0.8200,98.02,92.62,active,2026-10-01T00:15:00Z,2026-09-26T14:52:17+00:00
KXNFLRECYDS-26SEP28PHICHI,KXNFLRECYDS,KXNFLRECYDS-26SEP28PHICHI-CHILBURDEN10-80,Luther Burden III: 80+ receiving yards,0.0600,0.1000,0.0000,0.00,0.00,active,2026-10-01T00:15:00Z,2026-09-26T14:52:17+00:00
KXNFLRECYDS-26SEP28PHICHI,KXNFLRECYDS,KXNFLRECYDS-26SEP28PHICHI-PHIDWICKS13-60,Dontayvion Wicks: 60+ receiving yards,0.3200,0.3400,0.3400,1111.46,1111.46,active,2026-10-01T00:15:00Z,2026-09-26T14:52:17+00:00
KXNFLRECYDS-26SEP28PHICHI,KXNFLRECYDS,KXNFLRECYDS-26SEP28PHICHI-PHIMLEMON9-90,Makai Lemon: 90+ receiving yards,0.0200,0.0800,0.0000,0.00,0.00,active,2026-10-01T00:15:00Z,2026-09-26T14:52:17+00:00
KXNFLRECYDS-26SEP28PHICHI,KXNFLRECYDS,KXNFLRECYDS-26SEP28PHICHI-PHIDWICKS13-15,Dontayvion Wicks: 15+ receiving yards,0.7800,0.8300,0.8300,1.00,1.00,active,2026-10-01T00:15:00Z,2026-09-26T14:52:17+00:00
KXNFLRECYDS-26SEP28PHICHI,KXNFLRECYDS,KXNFLRECYDS-26SEP28PHICHI-PHIMLEMON9-15,Makai Lemon: 15+ receiving yards,0.6600,0.7000,0.6300,7.00,7.00,active,2026-10-01T00:15:00Z,2026-09-26T14:52:17+00:00
KXNFLRECYDS-26SEP28PHICHI,KXNFLRECYDS,KXNFLRECYDS-26SEP28PHICHI-PHIDWICKS13-70,Dontayvion Wicks: 70+ receiving yards,0.2400,0.2600,0.2600,890.54,890.54,active,2026-10-01T00:15:00Z,2026-09-26T14:52:17+00:00
KXNFLRECYDS-26SEP28PHICHI,KXNFLRECYDS,KXNFLRECYDS-26SEP28PHICHI-CHIRODUNZE15-25,Rome Odunze: 25+ receiving yards,0.5000,0.5100,0.5000,20.09,20.09,active,2026-10-01T00:15:00Z,2026-09-26T14:52:17+00:00
KXNFLRECYDS-26SEP28PHICHI,KXNFLRECYDS,KXNFLRECYDS-26SEP28PHICHI-CHILBURDEN10-90,Luther Burden III: 90+ receiving yards,0.0300,0.0700,0.0700,5.00,5.00,active,2026-10-01T00:15:00Z,2026-09-26T14:52:17+00:00
KXNFLRECYDS-26SEP28PHICHI,KXNFLRECYDS,KXNFLRECYDS-26SEP28PHICHI-CHIKRAYMOND14-60,Kalif Raymond: 60+ receiving yards,0.0700,0.1300,0.0000,0.00,0.00,active,2026-10-01T00:15:00Z,2026-09-26T14:52:17+00:00
KXNFLRECYDS-26SEP28PHICHI,KXNFLRECYDS,KXNFLRECYDS-26SEP28PHICHI-PHIDWICKS13-90,Dontayvion Wicks: 90+ receiving yards,0.0900,0.1500,0.0000,0.00,0.00,active,2026-10-01T00:15:00Z,2026-09-26T14:52:17+00:00
KXNFLRECYDS-26SEP28PHICHI,KXNFLRECYDS,KXNFLRECYDS-26SEP28PHICHI-CHICLOVELAND84-60,Colston Loveland: 60+ receiving yards,0.1800,0.2000,0.2100,290.46,290.46,active,2026-10-01T00:15:00Z,2026-09-26T14:52:17+00:00
KXNFLRECYDS-26SEP28PHICHI,KXNFLRECYDS,KXNFLRECYDS-26SEP28PHICHI-CHIRODUNZE15-80,Rome Odunze: 80+ receiving yards,0.0300,0.0800,0.0000,0.00,0.00,active,2026-10-01T00:15:00Z,2026-09-26T14:52:17+00:00
KXNFLRECYDS-26SEP28PHICHI,KXNFLRECYDS,KXNFLRECYDS-26SEP28PHICHI-PHIDWICKS13-80,Dontayvion Wicks: 80+ receiving yards,0.1500,0.1700,0.1700,106.53,106.53,active,2026-10-01T00:15:00Z,2026-09-26T14:52:17+00:00
KXNFLRECYDS-26SEP28PHICHI,KXNFLRECYDS,KXNFLRECYDS-26SEP28PHICHI-PHIDSMITH6-60,DeVonta Smith: 60+ receiving yards,0.5800,0.6400,0.6400,1.51,1.51,active,2026-10-01T00:15:00Z,2026-09-26T14:52:17+00:00
KXNFLRECYDS-26SEP28PHICHI,KXNFLRECYDS,KXNFLRECYDS-26SEP28PHICHI-PHIMLEMON9-25,Makai Lemon: 25+ receiving yards,0.5500,0.5600,0.5600,8300.17,8300.17,active,2026-10-01T00:15:00Z,2026-09-26T14:52:17+00:00
KXNFLRECYDS-26SEP28PHICHI,KXNFLRECYDS,KXNFLRECYDS-26SEP28PHICHI-CHIKRAYMOND14-40,Kalif Raymond: 40+ receiving yards,0.2300,0.2900,0.0000,0.00,0.00,active,2026-10-01T00:15:00Z,2026-09-26T14:52:17+00:00
KXNFLRECYDS-26SEP28PHICHI,KXNFLRECYDS,KXNFLRECYDS-26SEP28PHICHI-PHISBARKLEY26-25,Saquon Barkley: 25+ receiving yards,0.2200,0.2700,0.2700,1.83,1.83,active,2026-10-01T00:15:00Z,2026-09-26T14:52:17+00:00
KXNFLRECYDS-26SEP28PHICHI,KXNFLRECYDS,KXNFLRECYDS-26SEP28PHICHI-CHIDSWIFT4-25,D'Andre Swift: 25+ receiving yards,0.2000,0.2200,0.0000,0.00,0.00,active,2026-10-01T00:15:00Z,2026-09-26T14:52:17+00:00
KXNFLRECYDS-26SEP28PHICHI,KXNFLRECYDS,KXNFLRECYDS-26SEP28PHICHI-CHIKRAYMOND14-80,Kalif Raymond: 80+ receiving yards,0.0200,0.0600,0.0000,0.00,0.00,active,2026-10-01T00:15:00Z,2026-09-26T14:52:17+00:00
KXNFLRECYDS-26SEP28PHICHI,KXNFLRECYDS,KXNFLRECYDS-26SEP28PHICHI-PHIDWICKS13-100,Dontayvion Wicks: 100+ receiving yards,0.0600,0.1200,0.0000,0.00,0.00,active,2026-10-01T00:15:00Z,2026-09-26T14:52:17+00:00
KXNFLRECYDS-26SEP28PHICHI,KXNFLRECYDS,KXNFLRECYDS-26SEP28PHICHI-CHICLOVELAND84-15,Colston Loveland: 15+ receiving yards,0.7100,0.7600,0.7000,159.66,159.66,active,2026-10-01T00:15:00Z,2026-09-26T14:52:17+00:00
KXNFLRECYDS-26SEP28PHICHI,KXNFLRECYDS,KXNFLRECYDS-26SEP28PHICHI-PHIDSMITH6-120,DeVonta Smith: 120+ receiving yards,0.1000,0.1500,0.1600,29.51,29.51,active,2026-10-01T00:15:00Z,2026-09-26T14:52:17+00:00
KXNFLRECYDS-26SEP28PHICHI,KXNFLRECYDS,KXNFLRECYDS-26SEP28PHICHI-CHICLOVELAND84-100,Colston Loveland: 100+ receiving yards,0.0300,0.0500,0.0500,317.75,317.75,active,2026-10-01T00:15:00Z,2026-09-26T14:52:17+00:00
KXNFLRECYDS-26SEP28PHICHI,KXNFLRECYDS,KXNFLRECYDS-26SEP28PHICHI-CHIKRAYMOND14-15,Kalif Raymond: 15+ receiving yards,0.6400,0.7000,0.0000,0.00,0.00,active,2026-10-01T00:15:00Z,2026-09-26T14:52:17+00:00
KXNFLRECYDS-26SEP28PHICHI,KXNFLRECYDS,KXNFLRECYDS-26SEP28PHICHI-PHIDSMITH6-70,DeVonta Smith: 70+ receiving yards,0.4700,0.5400,0.5400,50.06,50.06,active,2026-10-01T00:15:00Z,2026-09-26T14:52:17+00:00
KXNFLRECYDS-26SEP28PHICHI,KXNFLRECYDS,KXNFLRECYDS-26SEP28PHICHI-PHIDSMITH6-100,DeVonta Smith: 100+ receiving yards,0.2200,0.2700,0.2800,21.39,21.39,active,2026-10-01T00:15:00Z,2026-09-26T14:52:17+00:00
KXNFLRECYDS-26SEP28PHICHI,KXNFLRECYDS,KXNFLRECYDS-26SEP28PHICHI-CHICLOVELAND84-70,Colston Loveland: 70+ receiving yards,0.1000,0.1500,0.1500,80.08,80.08,active,2026-10-01T00:15:00Z,2026-09-26T14:52:17+00:00
KXNFLRECYDS-26SEP28PHICHI,KXNFLRECYDS,KXNFLRECYDS-26SEP28PHICHI-CHILBURDEN10-15,Luther Burden III: 15+ receiving yards,0.6300,0.7400,0.0000,0.00,0.00,active,2026-10-01T00:15:00Z,2026-09-26T14:52:17+00:00
KXNFLRECYDS-26SEP28PHICHI,KXNFLRECYDS,KXNFLRECYDS-26SEP28PHICHI-CHILBURDEN10-50,Luther Burden III: 50+ receiving yards,0.2400,0.2800,0.3000,15.88,15.88,active,2026-10-01T00:15:00Z,2026-09-26T14:52:17+00:00
KXNFLRECYDS-26SEP28PHICHI,KXNFLRECYDS,KXNFLRECYDS-26SEP28PHICHI-PHIDWICKS13-25,Dontayvion Wicks: 25+ receiving yards,0.6600,0.7300,0.7300,14.01,14.01,active,2026-10-01T00:15:00Z,2026-09-26T14:52:17+00:00
KXNFLRECYDS-26SEP28PHICHI,KXNFLRECYDS,KXNFLRECYDS-26SEP28PHICHI-CHIRODUNZE15-40,Rome Odunze: 40+ receiving yards,0.2600,0.3200,0.0000,0.00,0.00,active,2026-10-01T00:15:00Z,2026-09-26T14:52:17+00:00
KXNFLRECYDS-26SEP28PHICHI,KXNFLRECYDS,KXNFLRECYDS-26SEP28PHICHI-PHIDSMITH6-80,DeVonta Smith: 80+ receiving yards,0.3800,0.4300,0.4500,21.37,21.37,active,2026-10-01T00:15:00Z,2026-09-26T14:52:17+00:00
KXNFLRSHYDS-26SEP27ARISF,KXNFLRSHYDS,KXNFLRSHYDS-26SEP27ARISF-ARITALLGEIER22-60,Tyler Allgeier: 60+ rushing yards,0.1500,0.1800,0.1800,40.00,40.00,active,2026-09-29T20:05:00Z,2026-09-26T14:52:17+00:00
KXNFLRSHYDS-26SEP27ARISF,KXNFLRSHYDS,KXNFLRSHYDS-26SEP27ARISF-ARIJBRISSETT7-25,Jacoby Brissett: 25+ rushing yards,0.1200,0.1300,0.1300,273.76,273.76,active,2026-09-29T20:05:00Z,2026-09-26T14:52:17+00:00
KXNFLRSHYDS-26SEP27ARISF,KXNFLRSHYDS,KXNFLRSHYDS-26SEP27ARISF-ARIJBRISSETT7-30,Jacoby Brissett: 30+ rushing yards,0.0400,0.0800,0.0000,0.00,0.00,active,2026-09-29T20:05:00Z,2026-09-26T14:52:17+00:00
KXNFLRSHYDS-26SEP27ARISF,KXNFLRSHYDS,KXNFLRSHYDS-26SEP27ARISF-SFCMCCAFFREY23-80,Christian McCaffrey: 80+ rushing yards,0.2100,0.2400,0.2400,188.56,188.56,active,2026-09-29T20:05:00Z,2026-09-26T14:52:17+00:00
KXNFLRSHYDS-26SEP27ARISF,KXNFLRSHYDS,KXNFLRSHYDS-26SEP27ARISF-SFCMCCAFFREY23-110,Christian McCaffrey: 110+ rushing yards,0.0600,0.0900,0.1000,91.00,91.00,active,2026-09-29T20:05:00Z,2026-09-26T14:52:17+00:00
KXNFLRSHYDS-26SEP27ARISF,KXNFLRSHYDS,KXNFLRSHYDS-26SEP27ARISF-ARITALLGEIER22-80,Tyler Allgeier: 80+ rushing yards,0.0400,0.0800,0.0000,0.00,0.00,active,2026-09-29T20:05:00Z,2026-09-26T14:52:17+00:00
KXNFLRSHYDS-26SEP27ARISF,KXNFLRSHYDS,KXNFLRSHYDS-26SEP27ARISF-SFBPURDY13-50,Brock Purdy: 50+ rushing yards,0.0400,0.0700,0.0000,0.00,0.00,active,2026-09-29T20:05:00Z,2026-09-26T14:52:17+00:00
KXNFLRSHYDS-26SEP27ARISF,KXNFLRSHYDS,KXNFLRSHYDS-26SEP27ARISF-ARIJBRISSETT7-15,Jacoby Brissett: 15+ rushing yards,0.2400,0.2600,0.0000,0.00,0.00,active,2026-09-29T20:05:00Z,2026-09-26T14:52:17+00:00
KXNFLRSHYDS-26SEP27ARISF,KXNFLRSHYDS,KXNFLRSHYDS-26SEP27ARISF-SFBPURDY13-30,Brock Purdy: 30+ rushing yards,0.2000,0.2300,0.0000,0.00,0.00,active,2026-09-29T20:05:00Z,2026-09-26T14:52:17+00:00
KXNFLRSHYDS-26SEP27ARISF,KXNFLRSHYDS,KXNFLRSHYDS-26SEP27ARISF-SFBPURDY13-40,Brock Purdy: 40+ rushing yards,0.0900,0.1200,0.0000,0.00,0.00,active,2026-09-29T20:05:00Z,2026-09-26T14:52:17+00:00
KXNFLRSHYDS-26SEP27ARISF,KXNFLRSHYDS,KXNFLRSHYDS-26SEP27ARISF-ARITALLGEIER22-40,Tyler Allgeier: 40+ rushing yards,0.3600,0.3800,0.3800,17.01,17.01,active,2026-09-29T20:05:00Z,2026-09-26T14:52:17+00:00
KXNFLRSHYDS-26SEP27ARISF,KXNFLRSHYDS,KXNFLRSHYDS-26SEP27ARISF-SFCMCCAFFREY23-120,Christian McCaffrey: 120+ rushing yards,0.0500,0.0700,0.0700,237.50,237.50,active,2026-09-29T20:05:00Z,2026-09-26T14:52:17+00:00
KXNFLRSHYDS-26SEP27ARISF,KXNFLRSHYDS,KXNFLRSHYDS-26SEP27ARISF-ARITALLGEIER22-50,Tyler Allgeier: 50+ rushing yards,0.2500,0.2700,0.2800,128.06,128.06,active,2026-09-29T20:05:00Z,2026-09-26T14:52:17+00:00
KXNFLRSHYDS-26SEP27ARISF,KXNFLRSHYDS,KXNFLRSHYDS-26SEP27ARISF-ARIJLOVE4-80,Jeremiyah Love: 80+ rushing yards,0.0900,0.1100,0.1100,713.68,713.68,active,2026-09-29T20:05:00Z,2026-09-26T14:52:17+00:00
KXNFLRSHYDS-26SEP27ARISF,KXNFLRSHYDS,KXNFLRSHYDS-26SEP27ARISF-SFCMCCAFFREY23-50,Christian McCaffrey: 50+ rushing yards,0.5500,0.5800,0.5900,193.98,192.98,active,2026-09-29T20:05:00Z,2026-09-26T14:52:17+00:00
KXNFLRSHYDS-26SEP27ARISF,KXNFLRSHYDS,KXNFLRSHYDS-26SEP27ARISF-ARIJLOVE4-70,Jeremiyah Love: 70+ rushing yards,0.1300,0.1400,0.1600,44.85,44.85,active,2026-09-29T20:05:00Z,2026-09-26T14:52:17+00:00
KXNFLRSHYDS-26SEP27ARISF,KXNFLRSHYDS,KXNFLRSHYDS-26SEP27ARISF-SFCMCCAFFREY23-90,Christian McCaffrey: 90+ rushing yards,0.1400,0.1700,0.1300,70.00,70.00,active,2026-09-29T20:05:00Z,2026-09-26T14:52:17+00:00
KXNFLRSHYDS-26SEP27ARISF,KXNFLRSHYDS,KXNFLRSHYDS-26SEP27ARISF-ARIJLOVE4-40,Jeremiyah Love: 40+ rushing yards,0.4600,0.4800,0.4800,1203.11,1203.11,active,2026-09-29T20:05:00Z,2026-09-26T14:52:17+00:00
KXNFLRSHYDS-26SEP27ARISF,KXNFLRSHYDS,KXNFLRSHYDS-26SEP27ARISF-ARIJLOVE4-25,Jeremiyah Love: 25+ rushing yards,0.7200,0.7300,0.7300,161.41,135.21,active,2026-09-29T20:05:00Z,2026-09-26T14:52:17+00:00
KXNFLRSHYDS-26SEP27ARISF,KXNFLRSHYDS,KXNFLRSHYDS-26SEP27ARISF-SFCMCCAFFREY23-40,Christian McCaffrey: 40+ rushing yards,0.6800,0.7300,0.7100,108.99,107.41,active,2026-09-29T20:05:00Z,2026-09-26T14:52:17+00:00
KXNFLRSHYDS-26SEP27ARISF,KXNFLRSHYDS,KXNFLRSHYDS-26SEP27ARISF-SFCMCCAFFREY23-55,Christian McCaffrey: 55+ rushing yards,0.5100,0.5300,0.5300,1329.69,1143.65,active,2026-09-29T20:05:00Z,2026-09-26T14:52:17+00:00
KXNFLRSHYDS-26SEP27ARISF,KXNFLRSHYDS,KXNFLRSHYDS-26SEP27ARISF-SFCMCCAFFREY23-60,Christian McCaffrey: 60+ rushing yards,0.4300,0.4500,0.4600,330.93,330.93,active,2026-09-29T20:05:00Z,2026-09-26T14:52:17+00:00
KXNFLRSHYDS-26SEP27ARISF,KXNFLRSHYDS,KXNFLRSHYDS-26SEP27ARISF-ARIJLOVE4-60,Jeremiyah Love: 60+ rushing yards,0.2000,0.2200,0.2200,232.09,232.09,active,2026-09-29T20:05:00Z,2026-09-26T14:52:17+00:00
KXNFLRSHYDS-26SEP27ARISF,KXNFLRSHYDS,KXNFLRSHYDS-26SEP27ARISF-ARITALLGEIER22-30,Tyler Allgeier: 30+ rushing yards,0.5300,0.5500,0.5500,947.61,947.61,active,2026-09-29T20:05:00Z,2026-09-26T14:52:17+00:00
KXNFLRSHYDS-26SEP27ARISF,KXNFLRSHYDS,KXNFLRSHYDS-26SEP27ARISF-SFBPURDY13-25,Brock Purdy: 25+ rushing yards,0.3100,0.3200,0.3100,117.80,117.80,active,2026-09-29T20:05:00Z,2026-09-26T14:52:17+00:00
KXNFLRSHYDS-26SEP27ARISF,KXNFLRSHYDS,KXNFLRSHYDS-26SEP27ARISF-ARIJBRISSETT7-20,Jacoby Brissett: 20+ rushing yards,0.1500,0.1800,0.1700,4.00,4.00,active,2026-09-29T20:05:00Z,2026-09-26T14:52:17+00:00
KXNFLRSHYDS-26SEP27ARISF,KXNFLRSHYDS,KXNFLRSHYDS-26SEP27ARISF-SFBPURDY13-20,Brock Purdy: 20+ rushing yards,0.4100,0.4400,0.4300,122.98,122.98,active,2026-09-29T20:05:00Z,2026-09-26T14:52:17+00:00
KXNFLRSHYDS-26SEP27ARISF,KXNFLRSHYDS,KXNFLRSHYDS-26SEP27ARISF-SFCMCCAFFREY23-100,Christian McCaffrey: 100+ rushing yards,0.1100,0.1200,0.1000,5430.32,5374.32,active,2026-09-29T20:05:00Z,2026-09-26T14:52:17+00:00
KXNFLRSHYDS-26SEP27ARISF,KXNFLRSHYDS,KXNFLRSHYDS-26SEP27ARISF-ARITALLGEIER22-70,Tyler Allgeier: 70+ rushing yards,0.0900,0.1200,0.1200,59.00,59.00,active,2026-09-29T20:05:00Z,2026-09-26T14:52:17+00:00
KXNFLRSHYDS-26SEP27ARISF,KXNFLRSHYDS,KXNFLRSHYDS-26SEP27ARISF-ARIJLOVE4-90,Jeremiyah Love: 90+ rushing yards,0.0400,0.0600,0.0800,11.74,11.74,active,2026-09-29T20:05:00Z,2026-09-26T14:52:17+00:00
KXNFLRSHYDS-26SEP27ARISF,KXNFLRSHYDS,KXNFLRSHYDS-26SEP27ARISF-SFCMCCAFFREY23-70,Christian McCaffrey: 70+ rushing yards,0.3100,0.3300,0.3300,782.95,780.12,active,2026-09-29T20:05:00Z,2026-09-26T14:52:17+00:00
KXNFLRSHYDS-26SEP27ARISF,KXNFLRSHYDS,KXNFLRSHYDS-26SEP27ARISF-ARIJBRISSETT7-10,Jacoby Brissett: 10+ rushing yards,0.4200,0.4300,0.4400,17.21,17.21,active,2026-09-29T20:05:00Z,2026-09-26T14:52:17+00:00
KXNFLRSHYDS-26SEP27ARISF,KXNFLRSHYDS,KXNFLRSHYDS-26SEP27ARISF-ARIJLOVE4-100,Jeremiyah Love: 100+ rushing yards,0.0300,0.0500,0.0500,666.28,666.28,active,2026-09-29T20:05:00Z,2026-09-26T14:52:17+00:00
KXNFLRSHYDS-26SEP27ARISF,KXNFLRSHYDS,KXNFLRSHYDS-26SEP27ARISF-SFBPURDY13-60,Brock Purdy: 60+ rushing yards,0.0200,0.0400,0.0000,0.00,0.00,active,2026-09-29T20:05:00Z,2026-09-26T14:52:17+00:00
KXNFLRSHYDS-26SEP27ARISF,KXNFLRSHYDS,KXNFLRSHYDS-26SEP27ARISF-SFBPURDY13-15,Brock Purdy: 15+ rushing yards,0.5300,0.5700,0.5700,100.75,100.75,active,2026-09-29T20:05:00Z,2026-09-26T14:52:17+00:00
KXNFLRSHYDS-26SEP27ARISF,KXNFLRSHYDS,KXNFLRSHYDS-26SEP27ARISF-ARITALLGEIER22-25,Tyler Allgeier: 25+ rushing yards,0.6300,0.6500,0.6400,100.00,100.00,active,2026-09-29T20:05:00Z,2026-09-26T14:52:17+00:00
KXNFLRSHYDS-26SEP27ARISF,KXNFLRSHYDS,KXNFLRSHYDS-26SEP27ARISF-ARIJLOVE4-20,Jeremiyah Love: 20+ rushing yards,0.7900,0.8000,0.0000,0.00,0.00,active,2026-09-29T20:05:00Z,2026-09-26T14:52:17+00:00
KXNFLRSHYDS-26SEP27ARISF,KXNFLRSHYDS,KXNFLRSHYDS-26SEP27ARISF-SFBPURDY13-10,Brock Purdy: 10+ rushing yards,0.6500,0.6900,0.0000,0.00,0.00,active,2026-09-29T20:05:00Z,2026-09-26T14:52:17+00:00
KXNFLRSHYDS-26SEP27ARISF,KXNFLRSHYDS,KXNFLRSHYDS-26SEP27ARISF-ARITALLGEIER22-90,Tyler Allgeier: 90+ rushing yards,0.0200,0.0500,0.0000,0.00,0.00,active,2026-09-29T20:05:00Z,2026-09-26T14:52:17+00:00
KXNFLRSHYDS-26SEP27ARISF,KXNFLRSHYDS,KXNFLRSHYDS-26SEP27ARISF-SFCMCCAFFREY23-30,Christian McCaffrey: 30+ rushing yards,0.8100,0.8400,0.8500,99.12,95.12,active,2026-09-29T20:05:00Z,2026-09-26T14:52:17+00:00
KXNFLRSHYDS-26SEP27ARISF,KXNFLRSHYDS,KXNFLRSHYDS-26SEP27ARISF-ARITALLGEIER22-20,Tyler Allgeier: 20+ rushing yards,0.7200,0.7400,0.7300,50.00,50.00,active,2026-09-29T20:05:00Z,2026-09-26T14:52:17+00:00
KXNFLRSHYDS-26SEP27ARISF,KXNFLRSHYDS,KXNFLRSHYDS-26SEP27ARISF-ARITALLGEIER22-15,Tyler Allgeier: 15+ rushing yards,0.8100,0.8200,0.8100,50.00,50.00,active,2026-09-29T20:05:00Z,2026-09-26T14:52:17+00:00
KXNFLRSHYDS-26SEP27ARISF,KXNFLRSHYDS,KXNFLRSHYDS-26SEP27ARISF-ARIJLOVE4-30,Jeremiyah Love: 30+ rushing yards,0.6300,0.6500,0.6500,133.47,126.08,active,2026-09-29T20:05:00Z,2026-09-26T14:52:17+00:00
KXNFLRSHYDS-26SEP27ARISF,KXNFLRSHYDS,KXNFLRSHYDS-26SEP27ARISF-ARIJLOVE4-50,Jeremiyah Love: 50+ rushing yards,0.3100,0.3300,0.3400,1362.67,1362.67,active,2026-09-29T20:05:00Z,2026-09-26T14:52:17+00:00
KXNFLRSHYDS-26SEP27BALDAL,KXNFLRSHYDS,KXNFLRSHYDS-26SEP27BALDAL-BALLJACKSON8-90,Lamar Jackson: 90+ rushing yards,0.0600,0.0800,0.0800,536.28,536.28,active,2026-09-29T20:25:00Z,2026-09-26T14:52:17+00:00
KXNFLRSHYDS-26SEP27BALDAL,KXNFLRSHYDS,KXNFLRSHYDS-26SEP27BALDAL-BALDHENRY22-110,Derrick Henry: 110+ rushing yards,0.3100,0.3400,0.3400,896.38,896.38,active,2026-09-29T20:25:00Z,2026-09-26T14:52:17+00:00
KXNFLRSHYDS-26SEP27BALDAL,KXNFLRSHYDS,KXNFLRSHYDS-26SEP27BALDAL-BALDHENRY22-50,Derrick Henry: 50+ rushing yards,0.8400,0.8600,0.8600,393.72,382.08,active,2026-09-29T20:25:00Z,2026-09-26T14:52:17+00:00
KXNFLRSHYDS-26SEP27BALDAL,KXNFLRSHYDS,KXNFLRSHYDS-26SEP27BALDAL-BALDHENRY22-150,Derrick Henry: 150+ rushing yards,0.1100,0.1300,0.1300,283.12,283.12,active,2026-09-29T20:25:00Z,2026-09-26T14:52:17+00:00
KXNFLRSHYDS-26SEP27BALDAL,KXNFLRSHYDS,KXNFLRSHYDS-26SEP27BALDAL-BALJHILL43-20,Justice Hill: 20+ rushing yards,0.3300,0.3600,0.3700,57.63,57.63,active,2026-09-29T20:25:00Z,2026-09-26T14:52:17+00:00
KXNFLRSHYDS-26SEP27BALDAL,KXNFLRSHYDS,KXNFLRSHYDS-26SEP27BALDAL-DALJWILLIAMS33-90,Javonte Williams: 90+ rushing yards,0.1700,0.2000,0.2000,12.10,12.10,active,2026-09-29T20:25:00Z,2026-09-26T14:52:17+00:00
KXNFLRSHYDS-26SEP27BALDAL,KXNFLRSHYDS,KXNFLRSHYDS-26SEP27BALDAL-BALLJACKSON8-70,Lamar Jackson: 70+ rushing yards,0.1400,0.1500,0.1500,2553.61,2553.61,active,2026-09-29T20:25:00Z,2026-09-26T14:52:17+00:00
KXNFLRSHYDS-26SEP27BALDAL,KXNFLRSHYDS,KXNFLRSHYDS-26SEP27BALDAL-DALDPRESCOTT4-40,Dak Prescott: 40+ rushing yards,0.0500,0.0700,0.0000,0.00,0.00,active,2026-09-29T20:25:00Z,2026-09-26T14:52:17+00:00
KXNFLRSHYDS-26SEP27BALDAL,KXNFLRSHYDS,KXNFLRSHYDS-26SEP27BALDAL-DALEDEMERCADO31-30,Emari Demercado: 30+ rushing yards,0.0600,0.1000,0.0000,0.00,0.00,active,2026-09-29T20:25:00Z,2026-09-26T14:52:17+00:00
KXNFLRSHYDS-26SEP27BALDAL,KXNFLRSHYDS,KXNFLRSHYDS-26SEP27BALDAL-DALEDEMERCADO31-10,Emari Demercado: 10+ rushing yards,0.4000,0.4200,0.0000,0.00,0.00,active,2026-09-29T20:25:00Z,2026-09-26T14:52:17+00:00
KXNFLRSHYDS-26SEP27BALDAL,KXNFLRSHYDS,KXNFLRSHYDS-26SEP27BALDAL-BALDHENRY22-180,Derrick Henry: 180+ rushing yards,0.0300,0.0600,0.0000,0.00,0.00,active,2026-09-29T20:25:00Z,2026-09-26T14:52:17+00:00
KXNFLRSHYDS-26SEP27BALDAL,KXNFLRSHYDS,KXNFLRSHYDS-26SEP27BALDAL-BALJHILL43-50,Justice Hill: 50+ rushing yards,0.0300,0.0600,0.0000,0.00,0.00,active,2026-09-29T20:25:00Z,2026-09-26T14:52:17+00:00
KXNFLRSHYDS-26SEP27BALDAL,KXNFLRSHYDS,KXNFLRSHYDS-26SEP27BALDAL-BALJHILL43-40,Justice Hill: 40+ rushing yards,0.0800,0.1100,0.1200,30.06,30.06,active,2026-09-29T20:25:00Z,2026-09-26T14:52:17+00:00
KXNFLRSHYDS-26SEP27BALDAL,KXNFLRSHYDS,KXNFLRSHYDS-26SEP27BALDAL-DALEDEMERCADO31-40,Emari Demercado: 40+ rushing yards,0.0300,0.0500,0.0000,0.00,0.00,active,2026-09-29T20:25:00Z,2026-09-26T14:52:17+00:00
KXNFLRSHYDS-26SEP27BALDAL,KXNFLRSHYDS,KXNFLRSHYDS-26SEP27BALDAL-BALDHENRY22-170,Derrick Henry: 170+ rushing yards,0.0600,0.0800,0.0700,393.97,393.97,active,2026-09-29T20:25:00Z,2026-09-26T14:52:17+00:00
KXNFLRSHYDS-26SEP27BALDAL,KXNFLRSHYDS,KXNFLRSHYDS-26SEP27BALDAL-DALEDEMERCADO31-20,Emari Demercado: 20+ rushing yards,0.1500,0.1900,0.0000,0.00,0.00,active,2026-09-29T20:25:00Z,2026-09-26T14:52:17+00:00
KXNFLRSHYDS-26SEP27BALDAL,KXNFLRSHYDS,KXNFLRSHYDS-26SEP27BALDAL-BALDHENRY22-130,Derrick Henry: 130+ rushing yards,0.1900,0.2100,0.2200,435.93,435.93,active,2026-09-29T20:25:00Z,2026-09-26T14:52:17+00:00
KXNFLRSHYDS-26SEP27BALDAL,KXNFLRSHYDS,KXNFLRSHYDS-26SEP27BALDAL-BALJHILL43-25,Justice Hill: 25+ rushing yards,0.2400,0.2700,0.2800,34.00,34.00,active,2026-09-29T20:25:00Z,2026-09-26T14:52:17+00:00
KXNFLRSHYDS-26SEP27BALDAL,KXNFLRSHYDS,KXNFLRSHYDS-26SEP27BALDAL-BALJHILL43-15,Justice Hill: 15+ rushing yards,0.4700,0.4900,0.4900,51.13,51.13,active,2026-09-29T20:25:00Z,2026-09-26T14:52:17+00:00
KXNFLRSHYDS-26SEP27BALDAL,KXNFLRSHYDS,KXNFLRSHYDS-26SEP27BALDAL-DALJWILLIAMS33-50,Javonte Williams: 50+ rushing yards,0.5900,0.6200,0.0000,0.00,0.00,active,2026-09-29T20:25:00Z,2026-09-26T14:52:17+00:00
KXNFLRSHYDS-26SEP27BALDAL,KXNFLRSHYDS,KXNFLRSHYDS-26SEP27BALDAL-BALDHENRY22-160,Derrick Henry: 160+ rushing yards,0.0700,0.1000,0.1000,148.87,148.87,active,2026-09-29T20:25:00Z,2026-09-26T14:52:17+00:00
KXNFLRSHYDS-26SEP27BALDAL,KXNFLRSHYDS,KXNFLRSHYDS-26SEP27BALDAL-BALJHILL43-10,Justice Hill: 10+ rushing yards,0.5900,0.6300,0.0000,0.00,0.00,active,2026-09-29T20:25:00Z,2026-09-26T14:52:17+00:00
KXNFLRSHYDS-26SEP27BALDAL,KXNFLRSHYDS,KXNFLRSHYDS-26SEP27BALDAL-BALJHILL43-30,Justice Hill: 30+ rushing yards,0.1600,0.1900,0.2000,71.01,71.01,active,2026-09-29T20:25:00Z,2026-09-26T14:52:17+00:00
KXNFLRSHYDS-26SEP27BALDAL,KXNFLRSHYDS,KXNFLRSHYDS-26SEP27BALDAL-BALDHENRY22-60,Derrick Henry: 60+ rushing yards,0.7700,0.7800,0.7800,232.44,192.44,active,2026-09-29T20:25:00Z,2026-09-26T14:52:17+00:00
KXNFLRSHYDS-26SEP27BALDAL,KXNFLRSHYDS,KXNFLRSHYDS-26SEP27BALDAL-DALJWILLIAMS33-130,Javonte Williams: 130+ rushing yards,0.0300,0.0500,0.0000,0.00,0.00,active,2026-09-29T20:25:00Z,2026-09-26T14:52:17+00:00
KXNFLRSHYDS-26SEP27BALDAL,KXNFLRSHYDS,KXNFLRSHYDS-26SEP27BALDAL-BALLJACKSON8-80,Lamar Jackson: 80+ rushing yards,0.0900,0.1100,0.1000,358.10,358.10,active,2026-09-29T20:25:00Z,2026-09-26T14:52:17+00:00
KXNFLRSHYDS-26SEP27BALDAL,KXNFLRSHYDS,KXNFLRSHYDS-26SEP27BALDAL-BALDHENRY22-140,Derrick Henry: 140+ rushing yards,0.1400,0.1600,0.1600,664.60,664.60,active,2026-09-29T20:25:00Z,2026-09-26T14:52:17+00:00
KXNFLRSHYDS-26SEP27BALDAL,KXNFLRSHYDS,KXNFLRSHYDS-26SEP27BALDAL-DALJWILLIAMS33-40,Javonte Williams: 40+ rushing yards,0.7200,0.7300,0.0000,0.00,0.00,active,2026-09-29T20:25:00Z,2026-09-26T14:52:17+00:00
KXNFLRSHYDS-26SEP27BALDAL,KXNFLRSHYDS,KXNFLRSHYDS-26SEP27BALDAL-BALDHENRY22-70,Derrick Henry: 70+ rushing yards,0.6900,0.7000,0.7100,1401.86,1388.87,active,2026-09-29T20:25:00Z,2026-09-26T14:52:17+00:00
KXNFLRSHYDS-26SEP27BALDAL,KXNFLRSHYDS,KXNFLRSHYDS-26SEP27BALDAL-DALEDEMERCADO31-15,Emari Demercado: 15+ rushing yards,0.2300,0.2800,0.0000,0.00,0.00,active,2026-09-29T20:25:00Z,2026-09-26T14:52:17+00:00
KXNFLRSHYDS-26SEP27BALDAL,KXNFLRSHYDS,KXNFLRSHYDS-26SEP27BALDAL-BALLJACKSON8-40,Lamar Jackson: 40+ rushing yards,0.5000,0.5100,0.5100,16119.73,15737.18,active,2026-09-29T20:25:00Z,2026-09-26T14:52:17+00:00
KXNFLRSHYDS-26SEP27BALDAL,KXNFLRSHYDS,KXNFLRSHYDS-26SEP27BALDAL-BALDHENRY22-120,Derrick Henry: 120+ rushing yards,0.2600,0.2800,0.2700,543.54,541.52,active,2026-09-29T20:25:00Z,2026-09-26T14:52:17+00:00
KXNFLRSHYDS-26SEP27BALDAL,KXNFLRSHYDS,KXNFLRSHYDS-26SEP27BALDAL-DALJWILLIAMS33-120,Javonte Williams: 120+ rushing yards,0.0500,0.0700,0.0000,0.00,0.00,active,2026-09-29T20:25:00Z,2026-09-26T14:52:17+00:00
KXNFLRSHYDS-26SEP27BALDAL,KXNFLRSHYDS,KXNFLRSHYDS-26SEP27BALDAL-DALDPRESCOTT4-30,Dak Prescott: 30+ rushing yards,0.1300,0.1400,0.0000,0.00,0.00,active,2026-09-29T20:25:00Z,2026-09-26T14:52:17+00:00
KXNFLRSHYDS-26SEP27BALDAL,KXNFLRSHYDS,KXNFLRSHYDS-26SEP27BALDAL-BALLJACKSON8-50,Lamar Jackson: 50+ rushing yards,0.3300,0.3500,0.3500,2345.75,2325.75,active,2026-09-29T20:25:00Z,2026-09-26T14:52:17+00:00
KXNFLRSHYDS-26SEP27BALDAL,KXNFLRSHYDS,KXNFLRSHYDS-26SEP27BALDAL-DALDPRESCOTT4-25,Dak Prescott: 25+ rushing yards,0.2000,0.2200,0.0000,0.00,0.00,active,2026-09-29T20:25:00Z,2026-09-26T14:52:17+00:00
KXNFLRSHYDS-26SEP27BALDAL,KXNFLRSHYDS,KXNFLRSHYDS-26SEP27BALDAL-DALDPRESCOTT4-15,Dak Prescott: 15+ rushing yards,0.4300,0.4500,0.4400,240.39,227.98,active,2026-09-29T20:25:00Z,2026-09-26T14:52:17+00:00
KXNFLRSHYDS-26SEP27BALDAL,KXNFLRSHYDS,KXNFLRSHYDS-26SEP27BALDAL-BALDHENRY22-80,Derrick Henry: 80+ rushing yards,0.6000,0.6200,0.6100,1176.08,1109.56,active,2026-09-29T20:25:00Z,2026-09-26T14:52:17+00:00
KXNFLRSHYDS-26SEP27BALDAL,KXNFLRSHYDS,KXNFLRSHYDS-26SEP27BALDAL-BALLJACKSON8-30,Lamar Jackson: 30+ rushing yards,0.6600,0.6800,0.6700,1709.01,1694.43,active,2026-09-29T20:25:00Z,2026-09-26T14:52:17+00:00
KXNFLRSHYDS-26SEP27BALDAL,KXNFLRSHYDS,KXNFLRSHYDS-26SEP27BALDAL-BALDHENRY22-90,Derrick Henry: 90+ rushing yards,0.5100,0.5200,0.5200,8243.94,7779.86,active,2026-09-29T20:25:00Z,2026-09-26T14:52:17+00:00
KXNFLRSHYDS-26SEP27BALDAL,KXNFLRSHYDS,KXNFLRSHYDS-26SEP27BALDAL-DALJWILLIAMS33-100,Javonte Williams: 100+ rushing yards,0.1100,0.1500,0.0000,0.00,0.00,active,2026-09-29T20:25:00Z,2026-09-26T14:52:17+00:00
KXNFLRSHYDS-26SEP27BALDAL,KXNFLRSHYDS,KXNFLRSHYDS-26SEP27BALDAL-DALJWILLIAMS33-80,Javonte Williams: 80+ rushing yards,0.2500,0.2800,0.2500,15.00,15.00,active,2026-09-29T20:25:00Z,2026-09-26T14:52:17+00:00
KXNFLRSHYDS-26SEP27BALDAL,KXNFLRSHYDS,KXNFLRSHYDS-26SEP27BALDAL-DALJWILLIAMS33-110,Javonte Williams: 110+ rushing yards,0.0700,0.1100,0.0000,0.00,0.00,active,2026-09-29T20:25:00Z,2026-09-26T14:52:17+00:00
KXNFLRSHYDS-26SEP27BALDAL,KXNFLRSHYDS,KXNFLRSHYDS-26SEP27BALDAL-DALJWILLIAMS33-60,Javonte Williams: 60+ rushing yards,0.4600,0.4700,0.4600,1190.13,1172.52,active,2026-09-29T20:25:00Z,2026-09-26T14:52:17+00:00
KXNFLRSHYDS-26SEP27BALDAL,KXNFLRSHYDS,KXNFLRSHYDS-26SEP27BALDAL-BALLJACKSON8-20,Lamar Jackson: 20+ rushing yards,0.8000,0.8200,0.8200,114.37,113.37,active,2026-09-29T20:25:00Z,2026-09-26T14:52:17+00:00
KXNFLRSHYDS-26SEP27BALDAL,KXNFLRSHYDS,KXNFLRSHYDS-26SEP27BALDAL-BALDHENRY22-190,Derrick Henry: 190+ rushing yards,0.0200,0.0500,0.0000,0.00,0.00,active,2026-09-29T20:25:00Z,2026-09-26T14:52:17+00:00
KXNFLRSHYDS-26SEP27BALDAL,KXNFLRSHYDS,KXNFLRSHYDS-26SEP27BALDAL-DALJWILLIAMS33-70,Javonte Williams: 70+ rushing yards,0.3400,0.3700,0.3500,0.20,0.20,active,2026-09-29T20:25:00Z,2026-09-26T14:52:17+00:00
KXNFLRSHYDS-26SEP27BALDAL,KXNFLRSHYDS,KXNFLRSHYDS-26SEP27BALDAL-BALDHENRY22-100,Derrick Henry: 100+ rushing yards,0.4100,0.4300,0.4300,12563.16,12543.16,active,2026-09-29T20:25:00Z,2026-09-26T14:52:17+00:00
KXNFLRSHYDS-26SEP27BALDAL,KXNFLRSHYDS,KXNFLRSHYDS-26SEP27BALDAL-DALDPRESCOTT4-10,Dak Prescott: 10+ rushing yards,0.5900,0.6100,0.6200,60.54,60.54,active,2026-09-29T20:25:00Z,2026-09-26T14:52:17+00:00
KXNFLRSHYDS-26SEP27BALDAL,KXNFLRSHYDS,KXNFLRSHYDS-26SEP27BALDAL-DALEDEMERCADO31-25,Emari Demercado: 25+ rushing yards,0.1200,0.1400,0.1400,525.28,525.28,active,2026-09-29T20:25:00Z,2026-09-26T14:52:17+00:00
KXNFLRSHYDS-26SEP27BALDAL,KXNFLRSHYDS,KXNFLRSHYDS-26SEP27BALDAL-BALLJACKSON8-60,Lamar Jackson: 60+ rushing yards,0.2200,0.2400,0.2400,990.58,989.58,active,2026-09-29T20:25:00Z,2026-09-26T14:52:17+00:00
KXNFLRSHYDS-26SEP27BALDAL,KXNFLRSHYDS,KXNFLRSHYDS-26SEP27BALDAL-DALDPRESCOTT4-20,Dak Prescott: 20+ rushing yards,0.3000,0.3100,0.3300,14.47,14.47,active,2026-09-29T20:25:00Z,2026-09-26T14:52:17+00:00
KXNFLRSHYDS-26SEP27BALDAL,KXNFLRSHYDS,KXNFLRSHYDS-26SEP27BALDAL-BALLJACKSON8-25,Lamar Jackson: 25+ rushing yards,0.7300,0.7500,0.7400,66.68,66.68,active,2026-09-29T20:25:00Z,2026-09-26T14:52:17+00:00
KXNFLRSHYDS-26SEP27BALDAL,KXNFLRSHYDS,KXNFLRSHYDS-26SEP27BALDAL-DALJWILLIAMS33-30,Javonte Williams: 30+ rushing yards,0.8300,0.8500,0.8500,10.00,10.00,active,2026-09-29T20:25:00Z,2026-09-26T14:52:17+00:00
KXNFLRSHYDS-26SEP27BALDAL,KXNFLRSHYDS,KXNFLRSHYDS-26SEP27BALDAL-BALLJACKSON8-15,Lamar Jackson: 15+ rushing yards,0.8600,0.8800,0.8800,27.21,27.21,active,2026-09-29T20:25:00Z,2026-09-26T14:52:17+00:00
KXNFLRSHYDS-26SEP27CARCLE,KXNFLRSHYDS,KXNFLRSHYDS-26SEP27CARCLE-CLEQJUDKINS10-90,Quinshon Judkins: 90+ rushing yards,0.2000,0.2100,0.2100,448.00,448.00,active,2026-09-29T17:00:00Z,2026-09-26T14:52:17+00:00
KXNFLRSHYDS-26SEP27CARCLE,KXNFLRSHYDS,KXNFLRSHYDS-26SEP27CARCLE-CLERSANDERS23-25,Raheim Sanders: 25+ rushing yards,0.1200,0.1300,0.1200,367.00,367.00,active,2026-09-29T17:00:00Z,2026-09-26T14:52:17+00:00
KXNFLRSHYDS-26SEP27CARCLE,KXNFLRSHYDS,KXNFLRSHYDS-26SEP27CARCLE-CLEQJUDKINS10-120,Quinshon Judkins: 120+ rushing yards,0.0600,0.0900,0.0000,0.00,0.00,active,2026-09-29T17:00:00Z,2026-09-26T14:52:17+00:00
KXNFLRSHYDS-26SEP27CARCLE,KXNFLRSHYDS,KXNFLRSHYDS-26SEP27CARCLE-CARCHUBBARD30-150,Chuba Hubbard: 150+ rushing yards,0.0300,0.0500,0.0600,46.91,46.91,active,2026-09-29T17:00:00Z,2026-09-26T14:52:17+00:00
KXNFLRSHYDS-26SEP27CARCLE,KXNFLRSHYDS,KXNFLRSHYDS-26SEP27CARCLE-CARCHUBBARD30-60,Chuba Hubbard: 60+ rushing yards,0.6200,0.6300,0.6300,42.25,42.25,active,2026-09-29T17:00:00Z,2026-09-26T14:52:17+00:00
KXNFLRSHYDS-26SEP27CARCLE,KXNFLRSHYDS,KXNFLRSHYDS-26SEP27CARCLE-CLEDWATSON4-50,Deshaun Watson: 50+ rushing yards,0.1100,0.1400,0.0000,0.00,0.00,active,2026-09-29T17:00:00Z,2026-09-26T14:52:17+00:00
KXNFLRSHYDS-26SEP27CARCLE,KXNFLRSHYDS,KXNFLRSHYDS-26SEP27CARCLE-CLEQJUDKINS10-110,Quinshon Judkins: 110+ rushing yards,0.1000,0.1100,0.0000,0.00,0.00,active,2026-09-29T17:00:00Z,2026-09-26T14:52:17+00:00
KXNFLRSHYDS-26SEP27CARCLE,KXNFLRSHYDS,KXNFLRSHYDS-26SEP27CARCLE-CLERSANDERS23-30,Raheim Sanders: 30+ rushing yards,0.0400,0.0800,0.0000,0.00,0.00,active,2026-09-29T17:00:00Z,2026-09-26T14:52:17+00:00
KXNFLRSHYDS-26SEP27CARCLE,KXNFLRSHYDS,KXNFLRSHYDS-26SEP27CARCLE-CARCHUBBARD30-40,Chuba Hubbard: 40+ rushing yards,0.8200,0.8300,0.8400,29.00,24.00,active,2026-09-29T17:00:00Z,2026-09-26T14:52:17+00:00
KXNFLRSHYDS-26SEP27CARCLE,KXNFLRSHYDS,KXNFLRSHYDS-26SEP27CARCLE-CARBYOUNG9-10,Bryce Young: 10+ rushing yards,0.6300,0.6500,0.6200,70.00,70.00,active,2026-09-29T17:00:00Z,2026-09-26T14:52:17+00:00
KXNFLRSHYDS-26SEP27CARCLE,KXNFLRSHYDS,KXNFLRSHYDS-26SEP27CARCLE-CLERSANDERS23-40,Raheim Sanders: 40+ rushing yards,0.0200,0.0500,0.0000,0.00,0.00,active,2026-09-29T17:00:00Z,2026-09-26T14:52:17+00:00
KXNFLRSHYDS-26SEP27CARCLE,KXNFLRSHYDS,KXNFLRSHYDS-26SEP27CARCLE-CLEDWATSON4-70,Deshaun Watson: 70+ rushing yards,0.0300,0.0500,0.0000,0.00,0.00,active,2026-09-29T17:00:00Z,2026-09-26T14:52:17+00:00
KXNFLRSHYDS-26SEP27CARCLE,KXNFLRSHYDS,KXNFLRSHYDS-26SEP27CARCLE-CLEDWATSON4-10,Deshaun Watson: 10+ rushing yards,0.8300,0.8400,0.8300,56.59,56.59,active,2026-09-29T17:00:00Z,2026-09-26T14:52:17+00:00
KXNFLRSHYDS-26SEP27CARCLE,KXNFLRSHYDS,KXNFLRSHYDS-26SEP27CARCLE-CLEQJUDKINS10-40,Quinshon Judkins: 40+ rushing yards,0.7300,0.7500,0.7500,57.95,56.93,active,2026-09-29T17:00:00Z,2026-09-26T14:52:17+00:00
KXNFLRSHYDS-26SEP27CARCLE,KXNFLRSHYDS,KXNFLRSHYDS-26SEP27CARCLE-CLERSANDERS23-50,Raheim Sanders: 50+ rushing yards,0.0200,0.0300,0.0000,0.00,0.00,active,2026-09-29T17:00:00Z,2026-09-26T14:52:17+00:00
KXNFLRSHYDS-26SEP27CARCLE,KXNFLRSHYDS,KXNFLRSHYDS-26SEP27CARCLE-CARBYOUNG9-40,Bryce Young: 40+ rushing yards,0.0600,0.1000,0.0000,0.00,0.00,active,2026-09-29T17:00:00Z,2026-09-26T14:52:17+00:00
KXNFLRSHYDS-26SEP27CARCLE,KXNFLRSHYDS,KXNFLRSHYDS-26SEP27CARCLE-CARADILLON28-10,AJ Dillon: 10+ rushing yards,0.5700,0.6000,0.0000,0.00,0.00,active,2026-09-29T17:00:00Z,2026-09-26T14:52:17+00:00
KXNFLRSHYDS-26SEP27CARCLE,KXNFLRSHYDS,KXNFLRSHYDS-26SEP27CARCLE-CARADILLON28-25,AJ Dillon: 25+ rushing yards,0.2000,0.2600,0.0000,0.00,0.00,active,2026-09-29T17:00:00Z,2026-09-26T14:52:17+00:00
KXNFLRSHYDS-26SEP27CARCLE,KXNFLRSHYDS,KXNFLRSHYDS-26SEP27CARCLE-CARADILLON28-30,AJ Dillon: 30+ rushing yards,0.1400,0.1900,0.0000,0.00,0.00,active,2026-09-29T17:00:00Z,2026-09-26T14:52:17+00:00
KXNFLRSHYDS-26SEP27CARCLE,KXNFLRSHYDS,KXNFLRSHYDS-26SEP27CARCLE-CARADILLON28-15,AJ Dillon: 15+ rushing yards,0.4200,0.4700,0.0000,0.00,0.00,active,2026-09-29T17:00:00Z,2026-09-26T14:52:17+00:00
KXNFLRSHYDS-26SEP27CARCLE,KXNFLRSHYDS,KXNFLRSHYDS-26SEP27CARCLE-CARBYOUNG9-15,Bryce Young: 15+ rushing yards,0.4900,0.5100,0.5100,58.02,58.02,active,2026-09-29T17:00:00Z,2026-09-26T14:52:17+00:00
KXNFLRSHYDS-26SEP27CARCLE,KXNFLRSHYDS,KXNFLRSHYDS-26SEP27CARCLE-CLEDWATSON4-40,Deshaun Watson: 40+ rushing yards,0.2300,0.2500,0.0000,0.00,0.00,active,2026-09-29T17:00:00Z,2026-09-26T14:52:17+00:00
KXNFLRSHYDS-26SEP27CARCLE,KXNFLRSHYDS,KXNFLRSHYDS-26SEP27CARCLE-CARBYOUNG9-50,Bryce Young: 50+ rushing yards,0.0300,0.0600,0.0000,0.00,0.00,active,2026-09-29T17:00:00Z,2026-09-26T14:52:17+00:00
KXNFLRSHYDS-26SEP27CARCLE,KXNFLRSHYDS,KXNFLRSHYDS-26SEP27CARCLE-CARADILLON28-50,AJ Dillon: 50+ rushing yards,0.0200,0.0700,0.0000,0.00,0.00,active,2026-09-29T17:00:00Z,2026-09-26T14:52:17+00:00
KXNFLRSHYDS-26SEP27CARCLE,KXNFLRSHYDS,KXNFLRSHYDS-26SEP27CARCLE-CARADILLON28-60,AJ Dillon: 60+ rushing yards,0.0100,0.0500,0.0000,0.00,0.00,active,2026-09-29T17:00:00Z,2026-09-26T14:52:17+00:00
KXNFLRSHYDS-26SEP27CARCLE,KXNFLRSHYDS,KXNFLRSHYDS-26SEP27CARCLE-CARADILLON28-20,AJ Dillon: 20+ rushing yards,0.3000,0.3500,0.0000,0.00,0.00,active,2026-09-29T17:00:00Z,2026-09-26T14:52:17+00:00
KXNFLRSHYDS-26SEP27CARCLE,KXNFLRSHYDS,KXNFLRSHYDS-26SEP27CARCLE-CARCHUBBARD30-50,Chuba Hubbard: 50+ rushing yards,0.7200,0.7400,0.0000,0.00,0.00,active,2026-09-29T17:00:00Z,2026-09-26T14:52:17+00:00
KXNFLRSHYDS-26SEP27CARCLE,KXNFLRSHYDS,KXNFLRSHYDS-26SEP27CARCLE-CARCHUBBARD30-100,Chuba Hubbard: 100+ rushing yards,0.2100,0.2300,0.2500,19.00,19.00,active,2026-09-29T17:00:00Z,2026-09-26T14:52:17+00:00
KXNFLRSHYDS-26SEP27CARCLE,KXNFLRSHYDS,KXNFLRSHYDS-26SEP27CARCLE-CLERSANDERS23-10,Raheim Sanders: 10+ rushing yards,0.4200,0.4400,0.4600,231.83,231.83,active,2026-09-29T17:00:00Z,2026-09-26T14:52:17+00:00
KXNFLRSHYDS-26SEP27CARCLE,KXNFLRSHYDS,KXNFLRSHYDS-26SEP27CARCLE-CARCHUBBARD30-90,Chuba Hubbard: 90+ rushing yards,0.3000,0.3200,0.3200,74.14,74.14,active,2026-09-29T17:00:00Z,2026-09-26T14:52:17+00:00
KXNFLRSHYDS-26SEP27CARCLE,KXNFLRSHYDS,KXNFLRSHYDS-26SEP27CARCLE-CLEDWATSON4-15,Deshaun Watson: 15+ rushing yards,0.7300,0.7500,0.7500,49.10,40.00,active,2026-09-29T17:00:00Z,2026-09-26T14:52:17+00:00
KXNFLRSHYDS-26SEP27CARCLE,KXNFLRSHYDS,KXNFLRSHYDS-26SEP27CARCLE-CARADILLON28-40,AJ Dillon: 40+ rushing yards,0.0600,0.1100,0.0000,0.00,0.00,active,2026-09-29T17:00:00Z,2026-09-26T14:52:17+00:00
KXNFLRSHYDS-26SEP27CARCLE,KXNFLRSHYDS,KXNFLRSHYDS-26SEP27CARCLE-CARBYOUNG9-30,Bryce Young: 30+ rushing yards,0.1700,0.1900,0.0000,0.00,0.00,active,2026-09-29T17:00:00Z,2026-09-26T14:52:17+00:00
KXNFLRSHYDS-26SEP27CARCLE,KXNFLRSHYDS,KXNFLRSHYDS-26SEP27CARCLE-CLEQJUDKINS10-100,Quinshon Judkins: 100+ rushing yards,0.1400,0.1600,0.1600,229.98,229.98,active,2026-09-29T17:00:00Z,2026-09-26T14:52:17+00:00
KXNFLRSHYDS-26SEP27CARCLE,KXNFLRSHYDS,KXNFLRSHYDS-26SEP27CARCLE-CLEDWATSON4-25,Deshaun Watson: 25+ rushing yards,0.4900,0.5100,0.5100,1306.34,1306.34,active,2026-09-29T17:00:00Z,2026-09-26T14:52:17+00:00
KXNFLRSHYDS-26SEP27CARCLE,KXNFLRSHYDS,KXNFLRSHYDS-26SEP27CARCLE-CLEQJUDKINS10-80,Quinshon Judkins: 80+ rushing yards,0.2800,0.2900,0.2900,110.74,110.74,active,2026-09-29T17:00:00Z,2026-09-26T14:52:17+00:00
KXNFLRSHYDS-26SEP27CARCLE,KXNFLRSHYDS,KXNFLRSHYDS-26SEP27CARCLE-CLEQJUDKINS10-70,Quinshon Judkins: 70+ rushing yards,0.3700,0.3900,0.3900,1314.78,1299.65,active,2026-09-29T17:00:00Z,2026-09-26T14:52:17+00:00
KXNFLRSHYDS-26SEP27CARCLE,KXNFLRSHYDS,KXNFLRSHYDS-26SEP27CARCLE-CARBYOUNG9-20,Bryce Young: 20+ rushing yards,0.3500,0.3600,0.0000,0.00,0.00,active,2026-09-29T17:00:00Z,2026-09-26T14:52:17+00:00
KXNFLRSHYDS-26SEP27CARCLE,KXNFLRSHYDS,KXNFLRSHYDS-26SEP27CARCLE-CARCHUBBARD30-140,Chuba Hubbard: 140+ rushing yards,0.0300,0.0600,0.0000,0.00,0.00,active,2026-09-29T17:00:00Z,2026-09-26T14:52:17+00:00
KXNFLRSHYDS-26SEP27CARCLE,KXNFLRSHYDS,KXNFLRSHYDS-26SEP27CARCLE-CLEQJUDKINS10-50,Quinshon Judkins: 50+ rushing yards,0.6100,0.6500,0.6400,401.67,401.67,active,2026-09-29T17:00:00Z,2026-09-26T14:52:17+00:00
KXNFLRSHYDS-26SEP27CARCLE,KXNFLRSHYDS,KXNFLRSHYDS-26SEP27CARCLE-CLEDWATSON4-30,Deshaun Watson: 30+ rushing yards,0.3900,0.4100,0.4200,744.55,744.55,active,2026-09-29T17:00:00Z,2026-09-26T14:52:17+00:00
KXNFLRSHYDS-26SEP27CARCLE,KXNFLRSHYDS,KXNFLRSHYDS-26SEP27CARCLE-CLERSANDERS23-60,Raheim Sanders: 60+ rushing yards,0.0100,0.0300,0.0000,0.00,0.00,active,2026-09-29T17:00:00Z,2026-09-26T14:52:17+00:00
KXNFLRSHYDS-26SEP27CARCLE,KXNFLRSHYDS,KXNFLRSHYDS-26SEP27CARCLE-CLEDWATSON4-20,Deshaun Watson: 20+ rushing yards,0.6100,0.6300,0.6100,526.72,526.72,active,2026-09-29T17:00:00Z,2026-09-26T14:52:17+00:00
KXNFLRSHYDS-26SEP27CARCLE,KXNFLRSHYDS,KXNFLRSHYDS-26SEP27CARCLE-CLEQJUDKINS10-60,Quinshon Judkins: 60+ rushing yards,0.4900,0.5100,0.5100,6117.06,6117.06,active,2026-09-29T17:00:00Z,2026-09-26T14:52:17+00:00
KXNFLRSHYDS-26SEP27CARCLE,KXNFLRSHYDS,KXNFLRSHYDS-26SEP27CARCLE-CARCHUBBARD30-80,Chuba Hubbard: 80+ rushing yards,0.3900,0.4000,0.4100,25.71,25.71,active,2026-09-29T17:00:00Z,2026-09-26T14:52:17+00:00
KXNFLRSHYDS-26SEP27CARCLE,KXNFLRSHYDS,KXNFLRSHYDS-26SEP27CARCLE-CARCHUBBARD30-70,Chuba Hubbard: 70+ rushing yards,0.4900,0.5000,0.5200,3785.48,3755.65,active,2026-09-29T17:00:00Z,2026-09-26T14:52:17+00:00
KXNFLRSHYDS-26SEP27CARCLE,KXNFLRSHYDS,KXNFLRSHYDS-26SEP27CARCLE-CARCHUBBARD30-130,Chuba Hubbard: 130+ rushing yards,0.0700,0.0900,0.1000,18.81,18.81,active,2026-09-29T17:00:00Z,2026-09-26T14:52:17+00:00
KXNFLRSHYDS-26SEP27CARCLE,KXNFLRSHYDS,KXNFLRSHYDS-26SEP27CARCLE-CLERSANDERS23-15,Raheim Sanders: 15+ rushing yards,0.2300,0.2800,0.0000,0.00,0.00,active,2026-09-29T17:00:00Z,2026-09-26T14:52:17+00:00
KXNFLRSHYDS-26SEP27CARCLE,KXNFLRSHYDS,KXNFLRSHYDS-26SEP27CARCLE-CLERSANDERS23-20,Raheim Sanders: 20+ rushing yards,0.1500,0.1800,0.1900,139.42,139.42,active,2026-09-29T17:00:00Z,2026-09-26T14:52:17+00:00
KXNFLRSHYDS-26SEP27CARCLE,KXNFLRSHYDS,KXNFLRSHYDS-26SEP27CARCLE-CARCHUBBARD30-120,Chuba Hubbard: 120+ rushing yards,0.1000,0.1200,0.1300,14.50,14.50,active,2026-09-29T17:00:00Z,2026-09-26T14:52:17+00:00
KXNFLRSHYDS-26SEP27CARCLE,KXNFLRSHYDS,KXNFLRSHYDS-26SEP27CARCLE-CLEQJUDKINS10-30,Quinshon Judkins: 30+ rushing yards,0.8300,0.8600,0.8600,14.00,14.00,active,2026-09-29T17:00:00Z,2026-09-26T14:52:17+00:00
KXNFLRSHYDS-26SEP27CARCLE,KXNFLRSHYDS,KXNFLRSHYDS-26SEP27CARCLE-CARCHUBBARD30-110,Chuba Hubbard: 110+ rushing yards,0.1500,0.1800,0.1800,10.50,10.50,active,2026-09-29T17:00:00Z,2026-09-26T14:52:17+00:00
KXNFLRSHYDS-26SEP27CARCLE,KXNFLRSHYDS,KXNFLRSHYDS-26SEP27CARCLE-CARBYOUNG9-25,Bryce Young: 25+ rushing yards,0.2500,0.2600,0.0000,0.00,0.00,active,2026-09-29T17:00:00Z,2026-09-26T14:52:17+00:00
KXNFLRSHYDS-26SEP27CARCLE,KXNFLRSHYDS,KXNFLRSHYDS-26SEP27CARCLE-CLEDWATSON4-60,Deshaun Watson: 60+ rushing yards,0.0500,0.0900,0.0000,0.00,0.00,active,2026-09-29T17:00:00Z,2026-09-26T14:52:17+00:00
KXNFLRSHYDS-26SEP27CINPIT,KXNFLRSHYDS,KXNFLRSHYDS-26SEP27CINPIT-CINCBROWN30-60,Chase Brown: 60+ rushing yards,0.5400,0.5600,0.5500,272.61,251.65,active,2026-09-29T17:00:00Z,2026-09-26T14:52:17+00:00
KXNFLRSHYDS-26SEP27CINPIT,KXNFLRSHYDS,KXNFLRSHYDS-26SEP27CINPIT-CINCBROWN30-120,Chase Brown: 120+ rushing yards,0.0700,0.0800,0.0000,0.00,0.00,active,2026-09-29T17:00:00Z,2026-09-26T14:52:17+00:00
KXNFLRSHYDS-26SEP27CINPIT,KXNFLRSHYDS,KXNFLRSHYDS-26SEP27CINPIT-CINJBURROW9-20,Joe Burrow: 20+ rushing yards,0.1300,0.1400,0.0000,0.00,0.00,active,2026-09-29T17:00:00Z,2026-09-26T14:52:17+00:00
KXNFLRSHYDS-26SEP27CINPIT,KXNFLRSHYDS,KXNFLRSHYDS-26SEP27CINPIT-CINSPERINE34-10,Samaje Perine: 10+ rushing yards,0.6200,0.6400,0.6300,161.46,161.46,active,2026-09-29T17:00:00Z,2026-09-26T14:52:17+00:00
KXNFLRSHYDS-26SEP27CINPIT,KXNFLRSHYDS,KXNFLRSHYDS-26SEP27CINPIT-CINJBURROW9-30,Joe Burrow: 30+ rushing yards,0.0300,0.0700,0.0000,0.00,0.00,active,2026-09-29T17:00:00Z,2026-09-26T14:52:17+00:00
KXNFLRSHYDS-26SEP27CINPIT,KXNFLRSHYDS,KXNFLRSHYDS-26SEP27CINPIT-CINJBURROW9-25,Joe Burrow: 25+ rushing yards,0.0700,0.0900,0.0000,0.00,0.00,active,2026-09-29T17:00:00Z,2026-09-26T14:52:17+00:00
KXNFLRSHYDS-26SEP27CINPIT,KXNFLRSHYDS,KXNFLRSHYDS-26SEP27CINPIT-PITARODGERS8-15,Aaron Rodgers: 15+ rushing yards,0.0900,0.1000,0.0900,1382.55,1382.55,active,2026-09-29T17:00:00Z,2026-09-26T14:52:17+00:00
KXNFLRSHYDS-26SEP27CINPIT,KXNFLRSHYDS,KXNFLRSHYDS-26SEP27CINPIT-CINJBURROW9-10,Joe Burrow: 10+ rushing yards,0.3500,0.3600,0.3600,16.18,16.18,active,2026-09-29T17:00:00Z,2026-09-26T14:52:17+00:00
KXNFLRSHYDS-26SEP27CINPIT,KXNFLRSHYDS,KXNFLRSHYDS-26SEP27CINPIT-CINSPERINE34-50,Samaje Perine: 50+ rushing yards,0.0300,0.0600,0.0000,0.00,0.00,active,2026-09-29T17:00:00Z,2026-09-26T14:52:17+00:00
KXNFLRSHYDS-26SEP27CINPIT,KXNFLRSHYDS,KXNFLRSHYDS-26SEP27CINPIT-CINJBURROW9-15,Joe Burrow: 15+ rushing yards,0.2100,0.2300,0.2200,97.27,97.27,active,2026-09-29T17:00:00Z,2026-09-26T14:52:17+00:00
KXNFLRSHYDS-26SEP27CINPIT,KXNFLRSHYDS,KXNFLRSHYDS-26SEP27CINPIT-CINSPERINE34-25,Samaje Perine: 25+ rushing yards,0.2500,0.2700,0.0000,0.00,0.00,active,2026-09-29T17:00:00Z,2026-09-26T14:52:17+00:00
KXNFLRSHYDS-26SEP27CINPIT,KXNFLRSHYDS,KXNFLRSHYDS-26SEP27CINPIT-CINSPERINE34-30,Samaje Perine: 30+ rushing yards,0.1800,0.2000,0.0000,0.00,0.00,active,2026-09-29T17:00:00Z,2026-09-26T14:52:17+00:00
KXNFLRSHYDS-26SEP27CINPIT,KXNFLRSHYDS,KXNFLRSHYDS-26SEP27CINPIT-PITARODGERS8-10,Aaron Rodgers: 10+ rushing yards,0.1800,0.1900,0.1800,4047.14,4046.67,active,2026-09-29T17:00:00Z,2026-09-26T14:52:17+00:00
KXNFLRSHYDS-26SEP27CINPIT,KXNFLRSHYDS,KXNFLRSHYDS-26SEP27CINPIT-CINCBROWN30-70,Chase Brown: 70+ rushing yards,0.4200,0.4400,0.4300,383.53,383.53,active,2026-09-29T17:00:00Z,2026-09-26T14:52:17+00:00
KXNFLRSHYDS-26SEP27CINPIT,KXNFLRSHYDS,KXNFLRSHYDS-26SEP27CINPIT-CINSPERINE34-20,Samaje Perine: 20+ rushing yards,0.3500,0.3800,0.3700,12.94,12.94,active,2026-09-29T17:00:00Z,2026-09-26T14:52:17+00:00
KXNFLRSHYDS-26SEP27CINPIT,KXNFLRSHYDS,KXNFLRSHYDS-26SEP27CINPIT-CINCBROWN30-40,Chase Brown: 40+ rushing yards,0.7700,0.7900,0.7900,42.57,42.57,active,2026-09-29T17:00:00Z,2026-09-26T14:52:17+00:00
KXNFLRSHYDS-26SEP27CINPIT,KXNFLRSHYDS,KXNFLRSHYDS-26SEP27CINPIT-CINCBROWN30-90,Chase Brown: 90+ rushing yards,0.2300,0.2400,0.2400,176.93,176.93,active,2026-09-29T17:00:00Z,2026-09-26T14:52:17+00:00
KXNFLRSHYDS-26SEP27CINPIT,KXNFLRSHYDS,KXNFLRSHYDS-26SEP27CINPIT-CINCBROWN30-100,Chase Brown: 100+ rushing yards,0.1600,0.1800,0.1800,153.96,153.96,active,2026-09-29T17:00:00Z,2026-09-26T14:52:17+00:00
KXNFLRSHYDS-26SEP27CINPIT,KXNFLRSHYDS,KXNFLRSHYDS-26SEP27CINPIT-CINCBROWN30-50,Chase Brown: 50+ rushing yards,0.6600,0.6800,0.6700,159.30,159.30,active,2026-09-29T17:00:00Z,2026-09-26T14:52:17+00:00
KXNFLRSHYDS-26SEP27CINPIT,KXNFLRSHYDS,KXNFLRSHYDS-26SEP27CINPIT-CINSPERINE34-40,Samaje Perine: 40+ rushing yards,0.0700,0.1100,0.0000,0.00,0.00,active,2026-09-29T17:00:00Z,2026-09-26T14:52:17+00:00
KXNFLRSHYDS-26SEP27CINPIT,KXNFLRSHYDS,KXNFLRSHYDS-26SEP27CINPIT-CINCBROWN30-130,Chase Brown: 130+ rushing yards,0.0400,0.0500,0.0000,0.00,0.00,active,2026-09-29T17:00:00Z,2026-09-26T14:52:17+00:00
KXNFLRSHYDS-26SEP27CINPIT,KXNFLRSHYDS,KXNFLRSHYDS-26SEP27CINPIT-CINCBROWN30-80,Chase Brown: 80+ rushing yards,0.3100,0.3300,0.3200,52.91,52.91,active,2026-09-29T17:00:00Z,2026-09-26T14:52:17+00:00
KXNFLRSHYDS-26SEP27CINPIT,KXNFLRSHYDS,KXNFLRSHYDS-26SEP27CINPIT-PITARODGERS8-20,Aaron Rodgers: 20+ rushing yards,0.0500,0.0600,0.0600,874.83,874.83,active,2026-09-29T17:00:00Z,2026-09-26T14:52:17+00:00
KXNFLRSHYDS-26SEP27CINPIT,KXNFLRSHYDS,KXNFLRSHYDS-26SEP27CINPIT-CINCBROWN30-110,Chase Brown: 110+ rushing yards,0.1100,0.1200,0.0000,0.00,0.00,active,2026-09-29T17:00:00Z,2026-09-26T14:52:17+00:00
KXNFLRSHYDS-26SEP27CINPIT,KXNFLRSHYDS,KXNFLRSHYDS-26SEP27CINPIT-CINSPERINE34-15,Samaje Perine: 15+ rushing yards,0.4800,0.5000,0.5100,37.95,37.95,active,2026-09-29T17:00:00Z,2026-09-26T14:52:17+00:00
KXNFLRSHYDS-26SEP27HOUIND,KXNFLRSHYDS,KXNFLRSHYDS-26SEP27HOUIND-HOUDMONTGOMERY32-40,David Montgomery: 40+ rushing yards,0.6200,0.6400,0.6300,49.47,49.47,active,2026-09-29T17:00:00Z,2026-09-26T14:52:17+00:00
KXNFLRSHYDS-26SEP27HOUIND,KXNFLRSHYDS,KXNFLRSHYDS-26SEP27HOUIND-HOUDMONTGOMERY32-80,David Montgomery: 80+ rushing yards,0.1700,0.1900,0.1900,118.93,84.94,active,2026-09-29T17:00:00Z,2026-09-26T14:52:17+00:00
KXNFLRSHYDS-26SEP27HOUIND,KXNFLRSHYDS,KXNFLRSHYDS-26SEP27HOUIND-HOUWMARKS4-30,Woody Marks: 30+ rushing yards,0.4400,0.4500,0.4500,4180.43,4180.43,active,2026-09-29T17:00:00Z,2026-09-26T14:52:17+00:00
KXNFLRSHYDS-26SEP27HOUIND,KXNFLRSHYDS,KXNFLRSHYDS-26SEP27HOUIND-HOUWMARKS4-60,Woody Marks: 60+ rushing yards,0.1000,0.1200,0.1200,39.52,39.52,active,2026-09-29T17:00:00Z,2026-09-26T14:52:17+00:00
KXNFLRSHYDS-26SEP27HOUIND,KXNFLRSHYDS,KXNFLRSHYDS-26SEP27HOUIND-HOUDMONTGOMERY32-30,David Montgomery: 30+ rushing yards,0.7600,0.7800,0.7700,23.78,23.78,active,2026-09-29T17:00:00Z,2026-09-26T14:52:17+00:00
KXNFLRSHYDS-26SEP27HOUIND,KXNFLRSHYDS,KXNFLRSHYDS-26SEP27HOUIND-INDDJONES17-40,Daniel Jones: 40+ rushing yards,0.0400,0.0700,0.0000,0.00,0.00,active,2026-09-29T17:00:00Z,2026-09-26T14:52:17+00:00
KXNFLRSHYDS-26SEP27HOUIND,KXNFLRSHYDS,KXNFLRSHYDS-26SEP27HOUIND-HOUCSTROUD7-40,C.J. Stroud: 40+ rushing yards,0.0400,0.0700,0.0000,0.00,0.00,active,2026-09-29T17:00:00Z,2026-09-26T14:52:17+00:00
KXNFLRSHYDS-26SEP27HOUIND,KXNFLRSHYDS,KXNFLRSHYDS-26SEP27HOUIND-HOUWMARKS4-15,Woody Marks: 15+ rushing yards,0.7500,0.7700,0.0000,0.00,0.00,active,2026-09-29T17:00:00Z,2026-09-26T14:52:17+00:00
KXNFLRSHYDS-26SEP27HOUIND,KXNFLRSHYDS,KXNFLRSHYDS-26SEP27HOUIND-HOUWMARKS4-70,Woody Marks: 70+ rushing yards,0.0600,0.0700,0.0000,0.00,0.00,active,2026-09-29T17:00:00Z,2026-09-26T14:52:17+00:00
KXNFLRSHYDS-26SEP27HOUIND,KXNFLRSHYDS,KXNFLRSHYDS-26SEP27HOUIND-HOUDMONTGOMERY32-70,David Montgomery: 70+ rushing yards,0.2400,0.2700,0.2700,359.52,359.52,active,2026-09-29T17:00:00Z,2026-09-26T14:52:17+00:00
KXNFLRSHYDS-26SEP27HOUIND,KXNFLRSHYDS,KXNFLRSHYDS-26SEP27HOUIND-HOUDMONTGOMERY32-60,David Montgomery: 60+ rushing yards,0.3500,0.3600,0.0000,0.00,0.00,active,2026-09-29T17:00:00Z,2026-09-26T14:52:17+00:00
KXNFLRSHYDS-26SEP27HOUIND,KXNFLRSHYDS,KXNFLRSHYDS-26SEP27HOUIND-HOUCSTROUD7-10,C.J. Stroud: 10+ rushing yards,0.5200,0.5300,0.5200,841.34,832.34,active,2026-09-29T17:00:00Z,2026-09-26T14:52:17+00:00
KXNFLRSHYDS-26SEP27HOUIND,KXNFLRSHYDS,KXNFLRSHYDS-26SEP27HOUIND-HOUWMARKS4-25,Woody Marks: 25+ rushing yards,0.5600,0.5800,0.5800,2149.12,2149.12,active,2026-09-29T17:00:00Z,2026-09-26T14:52:17+00:00
KXNFLRSHYDS-26SEP27HOUIND,KXNFLRSHYDS,KXNFLRSHYDS-26SEP27HOUIND-INDJTAYLOR28-80,Jonathan Taylor: 80+ rushing yards,0.5000,0.5200,0.5200,686.61,686.61,active,2026-09-29T17:00:00Z,2026-09-26T14:52:17+00:00
KXNFLRSHYDS-26SEP27HOUIND,KXNFLRSHYDS,KXNFLRSHYDS-26SEP27HOUIND-HOUCSTROUD7-30,C.J. Stroud: 30+ rushing yards,0.1100,0.1300,0.0000,0.00,0.00,active,2026-09-29T17:00:00Z,2026-09-26T14:52:17+00:00
KXNFLRSHYDS-26SEP27HOUIND,KXNFLRSHYDS,KXNFLRSHYDS-26SEP27HOUIND-HOUDMONTGOMERY32-100,David Montgomery: 100+ rushing yards,0.0600,0.0900,0.0900,52.57,52.57,active,2026-09-29T17:00:00Z,2026-09-26T14:52:17+00:00
KXNFLRSHYDS-26SEP27HOUIND,KXNFLRSHYDS,KXNFLRSHYDS-26SEP27HOUIND-INDJTAYLOR28-50,Jonathan Taylor: 50+ rushing yards,0.7900,0.8100,0.8100,186.59,124.59,active,2026-09-29T17:00:00Z,2026-09-26T14:52:17+00:00
KXNFLRSHYDS-26SEP27HOUIND,KXNFLRSHYDS,KXNFLRSHYDS-26SEP27HOUIND-INDJTAYLOR28-100,Jonathan Taylor: 100+ rushing yards,0.3100,0.3300,0.3100,293.61,278.99,active,2026-09-29T17:00:00Z,2026-09-26T14:52:17+00:00
KXNFLRSHYDS-26SEP27HOUIND,KXNFLRSHYDS,KXNFLRSHYDS-26SEP27HOUIND-INDDJONES17-30,Daniel Jones: 30+ rushing yards,0.0900,0.1100,0.0000,0.00,0.00,active,2026-09-29T17:00:00Z,2026-09-26T14:52:17+00:00
KXNFLRSHYDS-26SEP27HOUIND,KXNFLRSHYDS,KXNFLRSHYDS-26SEP27HOUIND-INDJTAYLOR28-70,Jonathan Taylor: 70+ rushing yards,0.6000,0.6100,0.6100,11.97,11.97,active,2026-09-29T17:00:00Z,2026-09-26T14:52:17+00:00
KXNFLRSHYDS-26SEP27HOUIND,KXNFLRSHYDS,KXNFLRSHYDS-26SEP27HOUIND-HOUCSTROUD7-15,C.J. Stroud: 15+ rushing yards,0.3600,0.3800,0.0000,0.00,0.00,active,2026-09-29T17:00:00Z,2026-09-26T14:52:17+00:00
KXNFLRSHYDS-26SEP27HOUIND,KXNFLRSHYDS,KXNFLRSHYDS-26SEP27HOUIND-INDDJONES17-20,Daniel Jones: 20+ rushing yards,0.2300,0.2500,0.2300,153.62,153.62,active,2026-09-29T17:00:00Z,2026-09-26T14:52:17+00:00
KXNFLRSHYDS-26SEP27HOUIND,KXNFLRSHYDS,KXNFLRSHYDS-26SEP27HOUIND-HOUDMONTGOMERY32-50,David Montgomery: 50+ rushing yards,0.4900,0.5100,0.5100,4112.12,4010.64,active,2026-09-29T17:00:00Z,2026-09-26T14:52:17+00:00
KXNFLRSHYDS-26SEP27HOUIND,KXNFLRSHYDS,KXNFLRSHYDS-26SEP27HOUIND-HOUCSTROUD7-20,C.J. Stroud: 20+ rushing yards,0.2500,0.2600,0.0000,0.00,0.00,active,2026-09-29T17:00:00Z,2026-09-26T14:52:17+00:00
KXNFLRSHYDS-26SEP27HOUIND,KXNFLRSHYDS,KXNFLRSHYDS-26SEP27HOUIND-HOUWMARKS4-40,Woody Marks: 40+ rushing yards,0.2800,0.3000,0.3000,47.57,47.57,active,2026-09-29T17:00:00Z,2026-09-26T14:52:17+00:00
KXNFLRSHYDS-26SEP27HOUIND,KXNFLRSHYDS,KXNFLRSHYDS-26SEP27HOUIND-INDJTAYLOR28-130,Jonathan Taylor: 130+ rushing yards,0.1200,0.1400,0.1300,453.33,453.33,active,2026-09-29T17:00:00Z,2026-09-26T14:52:17+00:00
KXNFLRSHYDS-26SEP27HOUIND,KXNFLRSHYDS,KXNFLRSHYDS-26SEP27HOUIND-HOUWMARKS4-50,Woody Marks: 50+ rushing yards,0.1700,0.1900,0.1900,774.07,774.07,active,2026-09-29T17:00:00Z,2026-09-26T14:52:17+00:00
KXNFLRSHYDS-26SEP27HOUIND,KXNFLRSHYDS,KXNFLRSHYDS-26SEP27HOUIND-INDJTAYLOR28-60,Jonathan Taylor: 60+ rushing yards,0.7000,0.7200,0.7300,24.00,24.00,active,2026-09-29T17:00:00Z,2026-09-26T14:52:17+00:00
KXNFLRSHYDS-26SEP27HOUIND,KXNFLRSHYDS,KXNFLRSHYDS-26SEP27HOUIND-HOUWMARKS4-20,Woody Marks: 20+ rushing yards,0.6500,0.6700,0.6700,10.29,9.29,active,2026-09-29T17:00:00Z,2026-09-26T14:52:17+00:00
KXNFLRSHYDS-26SEP27HOUIND,KXNFLRSHYDS,KXNFLRSHYDS-26SEP27HOUIND-INDJTAYLOR28-120,Jonathan Taylor: 120+ rushing yards,0.1800,0.1900,0.1800,26.26,26.26,active,2026-09-29T17:00:00Z,2026-09-26T14:52:17+00:00
KXNFLRSHYDS-26SEP27HOUIND,KXNFLRSHYDS,KXNFLRSHYDS-26SEP27HOUIND-HOUDMONTGOMERY32-25,David Montgomery: 25+ rushing yards,0.8200,0.8400,0.8300,23.90,23.90,active,2026-09-29T17:00:00Z,2026-09-26T14:52:17+00:00
KXNFLRSHYDS-26SEP27HOUIND,KXNFLRSHYDS,KXNFLRSHYDS-26SEP27HOUIND-INDDJONES17-15,Daniel Jones: 15+ rushing yards,0.3300,0.3500,0.3400,12.00,12.00,active,2026-09-29T17:00:00Z,2026-09-26T14:52:17+00:00
KXNFLRSHYDS-26SEP27HOUIND,KXNFLRSHYDS,KXNFLRSHYDS-26SEP27HOUIND-INDDJONES17-25,Daniel Jones: 25+ rushing yards,0.1500,0.1600,0.1500,2025.23,2025.23,active,2026-09-29T17:00:00Z,2026-09-26T14:52:17+00:00
KXNFLRSHYDS-26SEP27HOUIND,KXNFLRSHYDS,KXNFLRSHYDS-26SEP27HOUIND-HOUWMARKS4-80,Woody Marks: 80+ rushing yards,0.0200,0.0600,0.0600,47.47,47.47,active,2026-09-29T17:00:00Z,2026-09-26T14:52:17+00:00
KXNFLRSHYDS-26SEP27HOUIND,KXNFLRSHYDS,KXNFLRSHYDS-26SEP27HOUIND-HOUCSTROUD7-25,C.J. Stroud: 25+ rushing yards,0.1700,0.1900,0.1900,576.33,576.33,active,2026-09-29T17:00:00Z,2026-09-26T14:52:17+00:00
KXNFLRSHYDS-26SEP27HOUIND,KXNFLRSHYDS,KXNFLRSHYDS-26SEP27HOUIND-HOUDMONTGOMERY32-90,David Montgomery: 90+ rushing yards,0.1000,0.1300,0.0000,0.00,0.00,active,2026-09-29T17:00:00Z,2026-09-26T14:52:17+00:00
KXNFLRSHYDS-26SEP27HOUIND,KXNFLRSHYDS,KXNFLRSHYDS-26SEP27HOUIND-INDJTAYLOR28-170,Jonathan Taylor: 170+ rushing yards,0.0200,0.0400,0.0000,0.00,0.00,active,2026-09-29T17:00:00Z,2026-09-26T14:52:17+00:00
KXNFLRSHYDS-26SEP27HOUIND,KXNFLRSHYDS,KXNFLRSHYDS-26SEP27HOUIND-INDJTAYLOR28-110,Jonathan Taylor: 110+ rushing yards,0.2400,0.2500,0.0000,0.00,0.00,active,2026-09-29T17:00:00Z,2026-09-26T14:52:17+00:00
KXNFLRSHYDS-26SEP27HOUIND,KXNFLRSHYDS,KXNFLRSHYDS-26SEP27HOUIND-INDJTAYLOR28-150,Jonathan Taylor: 150+ rushing yards,0.0600,0.0800,0.0000,0.00,0.00,active,2026-09-29T17:00:00Z,2026-09-26T14:52:17+00:00
KXNFLRSHYDS-26SEP27HOUIND,KXNFLRSHYDS,KXNFLRSHYDS-26SEP27HOUIND-INDJTAYLOR28-90,Jonathan Taylor: 90+ rushing yards,0.4000,0.4200,0.4200,1666.81,1626.87,active,2026-09-29T17:00:00Z,2026-09-26T14:52:17+00:00
KXNFLRSHYDS-26SEP27HOUIND,KXNFLRSHYDS,KXNFLRSHYDS-26SEP27HOUIND-INDDJONES17-10,Daniel Jones: 10+ rushing yards,0.5000,0.5100,0.4800,451.39,351.39,active,2026-09-29T17:00:00Z,2026-09-26T14:52:17+00:00
KXNFLRSHYDS-26SEP27HOUIND,KXNFLRSHYDS,KXNFLRSHYDS-26SEP27HOUIND-HOUDMONTGOMERY32-110,David Montgomery: 110+ rushing yards,0.0400,0.0600,0.0000,0.00,0.00,active,2026-09-29T17:00:00Z,2026-09-26T14:52:17+00:00
KXNFLRSHYDS-26SEP27HOUIND,KXNFLRSHYDS,KXNFLRSHYDS-26SEP27HOUIND-INDJTAYLOR28-140,Jonathan Taylor: 140+ rushing yards,0.0900,0.1000,0.1000,47.03,47.03,active,2026-09-29T17:00:00Z,2026-09-26T14:52:17+00:00
KXNFLRSHYDS-26SEP27HOUIND,KXNFLRSHYDS,KXNFLRSHYDS-26SEP27HOUIND-INDJTAYLOR28-160,Jonathan Taylor: 160+ rushing yards,0.0400,0.0600,0.0600,78.18,78.18,active,2026-09-29T17:00:00Z,2026-09-26T14:52:17+00:00
KXNFLRSHYDS-26SEP27KCMIA,KXNFLRSHYDS,KXNFLRSHYDS-26SEP27KCMIA-KCPMAHOMES15-25,Patrick Mahomes: 25+ rushing yards,0.3200,0.3300,0.3300,60.34,60.34,active,2026-09-29T17:00:00Z,2026-09-26T14:52:17+00:00
KXNFLRSHYDS-26SEP27KCMIA,KXNFLRSHYDS,KXNFLRSHYDS-26SEP27KCMIA-MIAOGORDON0-30,Ollie Gordon II: 30+ rushing yards,0.0700,0.1100,0.0000,0.00,0.00,active,2026-09-29T17:00:00Z,2026-09-26T14:52:17+00:00
KXNFLRSHYDS-26SEP27KCMIA,KXNFLRSHYDS,KXNFLRSHYDS-26SEP27KCMIA-MIAOGORDON0-40,Ollie Gordon II: 40+ rushing yards,0.0200,0.0600,0.0000,0.00,0.00,active,2026-09-29T17:00:00Z,2026-09-26T14:52:17+00:00
KXNFLRSHYDS-26SEP27KCMIA,KXNFLRSHYDS,KXNFLRSHYDS-26SEP27KCMIA-MIAOGORDON0-10,Ollie Gordon II: 10+ rushing yards,0.3500,0.4700,0.0000,0.00,0.00,active,2026-09-29T17:00:00Z,2026-09-26T14:52:17+00:00
KXNFLRSHYDS-26SEP27KCMIA,KXNFLRSHYDS,KXNFLRSHYDS-26SEP27KCMIA-MIAOGORDON0-25,Ollie Gordon II: 25+ rushing yards,0.1100,0.1400,0.0000,0.00,0.00,active,2026-09-29T17:00:00Z,2026-09-26T14:52:17+00:00
KXNFLRSHYDS-26SEP27KCMIA,KXNFLRSHYDS,KXNFLRSHYDS-26SEP27KCMIA-MIAMWILLIS2-70,Malik Willis: 70+ rushing yards,0.0800,0.0900,0.1000,4.08,4.08,active,2026-09-29T17:00:00Z,2026-09-26T14:52:17+00:00
KXNFLRSHYDS-26SEP27KCMIA,KXNFLRSHYDS,KXNFLRSHYDS-26SEP27KCMIA-KCPMAHOMES15-10,Patrick Mahomes: 10+ rushing yards,0.6700,0.7100,0.7100,161.37,161.37,active,2026-09-29T17:00:00Z,2026-09-26T14:52:17+00:00
KXNFLRSHYDS-26SEP27KCMIA,KXNFLRSHYDS,KXNFLRSHYDS-26SEP27KCMIA-MIAOGORDON0-15,Ollie Gordon II: 15+ rushing yards,0.2800,0.3200,0.0000,0.00,0.00,active,2026-09-29T17:00:00Z,2026-09-26T14:52:17+00:00
KXNFLRSHYDS-26SEP27KCMIA,KXNFLRSHYDS,KXNFLRSHYDS-26SEP27KCMIA-KCKWALKER9-85,Kenneth Walker III: 85+ rushing yards,0.4800,0.5000,0.5000,14842.17,14583.78,active,2026-09-29T17:00:00Z,2026-09-26T14:52:17+00:00
KXNFLRSHYDS-26SEP27KCMIA,KXNFLRSHYDS,KXNFLRSHYDS-26SEP27KCMIA-MIAMWILLIS2-40,Malik Willis: 40+ rushing yards,0.3800,0.4000,0.3700,57.74,49.74,active,2026-09-29T17:00:00Z,2026-09-26T14:52:17+00:00
KXNFLRSHYDS-26SEP27KCMIA,KXNFLRSHYDS,KXNFLRSHYDS-26SEP27KCMIA-KCPMAHOMES15-20,Patrick Mahomes: 20+ rushing yards,0.4200,0.4300,0.4400,3368.38,3274.09,active,2026-09-29T17:00:00Z,2026-09-26T14:52:17+00:00
KXNFLRSHYDS-26SEP27KCMIA,KXNFLRSHYDS,KXNFLRSHYDS-26SEP27KCMIA-KCEJOHNSON10-25,Emmett Johnson: 25+ rushing yards,0.5700,0.5800,0.5800,17990.92,17430.13,active,2026-09-29T17:00:00Z,2026-09-26T14:52:17+00:00
KXNFLRSHYDS-26SEP27KCMIA,KXNFLRSHYDS,KXNFLRSHYDS-26SEP27KCMIA-MIAMWILLIS2-50,Malik Willis: 50+ rushing yards,0.2300,0.2500,0.2400,6.52,6.52,active,2026-09-29T17:00:00Z,2026-09-26T14:52:17+00:00
KXNFLRSHYDS-26SEP27KCMIA,KXNFLRSHYDS,KXNFLRSHYDS-26SEP27KCMIA-KCPMAHOMES15-50,Patrick Mahomes: 50+ rushing yards,0.0500,0.0700,0.0000,0.00,0.00,active,2026-09-29T17:00:00Z,2026-09-26T14:52:17+00:00
KXNFLRSHYDS-26SEP27KCMIA,KXNFLRSHYDS,KXNFLRSHYDS-26SEP27KCMIA-KCPMAHOMES15-40,Patrick Mahomes: 40+ rushing yards,0.1200,0.1300,0.1200,650.49,650.49,active,2026-09-29T17:00:00Z,2026-09-26T14:52:17+00:00
KXNFLRSHYDS-26SEP27KCMIA,KXNFLRSHYDS,KXNFLRSHYDS-26SEP27KCMIA-KCPMAHOMES15-15,Patrick Mahomes: 15+ rushing yards,0.5500,0.5800,0.5700,1250.24,1248.24,active,2026-09-29T17:00:00Z,2026-09-26T14:52:17+00:00
KXNFLRSHYDS-26SEP27KCMIA,KXNFLRSHYDS,KXNFLRSHYDS-26SEP27KCMIA-MIAOGORDON0-20,Ollie Gordon II: 20+ rushing yards,0.1800,0.2100,0.0000,0.00,0.00,active,2026-09-29T17:00:00Z,2026-09-26T14:52:17+00:00
KXNFLRSHYDS-26SEP27KCMIA,KXNFLRSHYDS,KXNFLRSHYDS-26SEP27KCMIA-MIADACHANE28-60,De'Von Achane: 60+ rushing yards,0.5000,0.5100,0.5100,1819.08,1819.08,active,2026-09-29T17:00:00Z,2026-09-26T14:52:17+00:00
KXNFLRSHYDS-26SEP27KCMIA,KXNFLRSHYDS,KXNFLRSHYDS-26SEP27KCMIA-MIAMWILLIS2-30,Malik Willis: 30+ rushing yards,0.5600,0.5700,0.5700,12.34,11.52,active,2026-09-29T17:00:00Z,2026-09-26T14:52:17+00:00
KXNFLRSHYDS-26SEP27KCMIA,KXNFLRSHYDS,KXNFLRSHYDS-26SEP27KCMIA-MIAMWILLIS2-60,Malik Willis: 60+ rushing yards,0.1300,0.1600,0.0000,0.00,0.00,active,2026-09-29T17:00:00Z,2026-09-26T14:52:17+00:00
KXNFLRSHYDS-26SEP27KCMIA,KXNFLRSHYDS,KXNFLRSHYDS-26SEP27KCMIA-MIAMWILLIS2-80,Malik Willis: 80+ rushing yards,0.0300,0.0600,0.0000,0.00,0.00,active,2026-09-29T17:00:00Z,2026-09-26T14:52:17+00:00
KXNFLRSHYDS-26SEP27KCMIA,KXNFLRSHYDS,KXNFLRSHYDS-26SEP27KCMIA-KCPMAHOMES15-60,Patrick Mahomes: 60+ rushing yards,0.0300,0.0500,0.0000,0.00,0.00,active,2026-09-29T17:00:00Z,2026-09-26T14:52:17+00:00
KXNFLRSHYDS-26SEP27KCMIA,KXNFLRSHYDS,KXNFLRSHYDS-26SEP27KCMIA-KCPMAHOMES15-30,Patrick Mahomes: 30+ rushing yards,0.2400,0.2500,0.2600,158.41,158.41,active,2026-09-29T17:00:00Z,2026-09-26T14:52:17+00:00
KXNFLRSHYDS-26SEP27KCMIA,KXNFLRSHYDS,KXNFLRSHYDS-26SEP27KCMIA-MIAMWILLIS2-20,Malik Willis: 20+ rushing yards,0.7500,0.7600,0.6900,11.00,11.00,active,2026-09-29T17:00:00Z,2026-09-26T14:52:17+00:00
KXNFLRSHYDS-26SEP27KCMIA,KXNFLRSHYDS,KXNFLRSHYDS-26SEP27KCMIA-MIAMWILLIS2-15,Malik Willis: 15+ rushing yards,0.8300,0.8400,0.8500,15.00,15.00,active,2026-09-29T17:00:00Z,2026-09-26T14:52:17+00:00
KXNFLRSHYDS-26SEP27KCMIA,KXNFLRSHYDS,KXNFLRSHYDS-26SEP27KCMIA-MIAMWILLIS2-25,Malik Willis: 25+ rushing yards,0.6600,0.6700,0.0000,0.00,0.00,active,2026-09-29T17:00:00Z,2026-09-26T14:52:17+00:00
KXNFLRSHYDS-26SEP27LACBUF,KXNFLRSHYDS,KXNFLRSHYDS-26SEP27LACBUF-LACOHAMPTON8-60,Omarion Hampton: 60+ rushing yards,0.4500,0.4600,0.4500,3111.93,2976.21,active,2026-09-29T17:00:00Z,2026-09-26T14:52:17+00:00
KXNFLRSHYDS-26SEP27LACBUF,KXNFLRSHYDS,KXNFLRSHYDS-26SEP27LACBUF-LACOHAMPTON8-120,Omarion Hampton: 120+ rushing yards,0.0500,0.0700,0.0000,0.00,0.00,active,2026-09-29T17:00:00Z,2026-09-26T14:52:17+00:00
KXNFLRSHYDS-26SEP27LACBUF,KXNFLRSHYDS,KXNFLRSHYDS-26SEP27LACBUF-BUFJALLEN17-70,Josh Allen: 70+ rushing yards,0.0900,0.1000,0.1100,510.76,510.76,active,2026-09-29T17:00:00Z,2026-09-26T14:52:17+00:00
KXNFLRSHYDS-26SEP27LACBUF,KXNFLRSHYDS,KXNFLRSHYDS-26SEP27LACBUF-LACJHERBERT10-50,Justin Herbert: 50+ rushing yards,0.0700,0.0800,0.0700,205.51,205.51,active,2026-09-29T17:00:00Z,2026-09-26T14:52:17+00:00
KXNFLRSHYDS-26SEP27LACBUF,KXNFLRSHYDS,KXNFLRSHYDS-26SEP27LACBUF-BUFJALLEN17-80,Josh Allen: 80+ rushing yards,0.0500,0.0700,0.0000,0.00,0.00,active,2026-09-29T17:00:00Z,2026-09-26T14:52:17+00:00
KXNFLRSHYDS-26SEP27LACBUF,KXNFLRSHYDS,KXNFLRSHYDS-26SEP27LACBUF-BUFJCOOK4-120,James Cook III: 120+ rushing yards,0.1500,0.1700,0.1800,311.19,311.19,active,2026-09-29T17:00:00Z,2026-09-26T14:52:17+00:00
KXNFLRSHYDS-26SEP27LACBUF,KXNFLRSHYDS,KXNFLRSHYDS-26SEP27LACBUF-LACKMITCHELL34-30,Keaton Mitchell: 30+ rushing yards,0.1900,0.2100,0.0000,0.00,0.00,active,2026-09-29T17:00:00Z,2026-09-26T14:52:17+00:00
KXNFLRSHYDS-26SEP27LACBUF,KXNFLRSHYDS,KXNFLRSHYDS-26SEP27LACBUF-LACKMITCHELL34-60,Keaton Mitchell: 60+ rushing yards,0.0200,0.0400,0.0000,0.00,0.00,active,2026-09-29T17:00:00Z,2026-09-26T14:52:17+00:00
KXNFLRSHYDS-26SEP27LACBUF,KXNFLRSHYDS,KXNFLRSHYDS-26SEP27LACBUF-LACKMITCHELL34-50,Keaton Mitchell: 50+ rushing yards,0.0500,0.0700,0.0000,0.00,0.00,active,2026-09-29T17:00:00Z,2026-09-26T14:52:17+00:00
KXNFLRSHYDS-26SEP27LACBUF,KXNFLRSHYDS,KXNFLRSHYDS-26SEP27LACBUF-LACJHERBERT10-60,Justin Herbert: 60+ rushing yards,0.0300,0.0500,0.0000,0.00,0.00,active,2026-09-29T17:00:00Z,2026-09-26T14:52:17+00:00
KXNFLRSHYDS-26SEP27LACBUF,KXNFLRSHYDS,KXNFLRSHYDS-26SEP27LACBUF-LACOHAMPTON8-100,Omarion Hampton: 100+ rushing yards,0.1200,0.1500,0.1400,7.00,7.00,active,2026-09-29T17:00:00Z,2026-09-26T14:52:17+00:00
KXNFLRSHYDS-26SEP27LACBUF,KXNFLRSHYDS,KXNFLRSHYDS-26SEP27LACBUF-LACOHAMPTON8-90,Omarion Hampton: 90+ rushing yards,0.1700,0.2000,0.2100,59.96,42.93,active,2026-09-29T17:00:00Z,2026-09-26T14:52:17+00:00
KXNFLRSHYDS-26SEP27LACBUF,KXNFLRSHYDS,KXNFLRSHYDS-26SEP27LACBUF-BUFJCOOK4-150,James Cook III: 150+ rushing yards,0.0600,0.0700,0.0600,647.91,647.91,active,2026-09-29T17:00:00Z,2026-09-26T14:52:17+00:00
KXNFLRSHYDS-26SEP27LACBUF,KXNFLRSHYDS,KXNFLRSHYDS-26SEP27LACBUF-LACKMITCHELL34-20,Keaton Mitchell: 20+ rushing yards,0.3600,0.3700,0.3500,114.00,114.00,active,2026-09-29T17:00:00Z,2026-09-26T14:52:17+00:00
KXNFLRSHYDS-26SEP27LACBUF,KXNFLRSHYDS,KXNFLRSHYDS-26SEP27LACBUF-BUFJCOOK4-160,James Cook III: 160+ rushing yards,0.0300,0.0500,0.0000,0.00,0.00,active,2026-09-29T17:00:00Z,2026-09-26T14:52:17+00:00
KXNFLRSHYDS-26SEP27LACBUF,KXNFLRSHYDS,KXNFLRSHYDS-26SEP27LACBUF-LACJHERBERT10-20,Justin Herbert: 20+ rushing yards,0.5000,0.5100,0.5200,700.81,700.81,active,2026-09-29T17:00:00Z,2026-09-26T14:52:17+00:00
KXNFLRSHYDS-26SEP27LACBUF,KXNFLRSHYDS,KXNFLRSHYDS-26SEP27LACBUF-BUFJALLEN17-60,Josh Allen: 60+ rushing yards,0.1500,0.1700,0.1700,572.66,559.64,active,2026-09-29T17:00:00Z,2026-09-26T14:52:17+00:00
KXNFLRSHYDS-26SEP27LACBUF,KXNFLRSHYDS,KXNFLRSHYDS-26SEP27LACBUF-LACJHERBERT10-40,Justin Herbert: 40+ rushing yards,0.1400,0.1500,0.1500,276.69,271.69,active,2026-09-29T17:00:00Z,2026-09-26T14:52:17+00:00
KXNFLRSHYDS-26SEP27LACBUF,KXNFLRSHYDS,KXNFLRSHYDS-26SEP27LACBUF-BUFJCOOK4-50,James Cook III: 50+ rushing yards,0.7600,0.8100,0.8100,234.85,170.67,active,2026-09-29T17:00:00Z,2026-09-26T14:52:17+00:00
KXNFLRSHYDS-26SEP27LACBUF,KXNFLRSHYDS,KXNFLRSHYDS-26SEP27LACBUF-BUFJALLEN17-40,Josh Allen: 40+ rushing yards,0.3900,0.4000,0.4000,1667.89,1568.92,active,2026-09-29T17:00:00Z,2026-09-26T14:52:17+00:00
KXNFLRSHYDS-26SEP27LACBUF,KXNFLRSHYDS,KXNFLRSHYDS-26SEP27LACBUF-LACOHAMPTON8-40,Omarion Hampton: 40+ rushing yards,0.7100,0.7300,0.7400,60.30,60.30,active,2026-09-29T17:00:00Z,2026-09-26T14:52:17+00:00
KXNFLRSHYDS-26SEP27LACBUF,KXNFLRSHYDS,KXNFLRSHYDS-26SEP27LACBUF-BUFJCOOK4-100,James Cook III: 100+ rushing yards,0.3000,0.3100,0.3200,6167.46,6165.45,active,2026-09-29T17:00:00Z,2026-09-26T14:52:17+00:00
KXNFLRSHYDS-26SEP27LACBUF,KXNFLRSHYDS,KXNFLRSHYDS-26SEP27LACBUF-BUFJALLEN17-50,Josh Allen: 50+ rushing yards,0.2400,0.2600,0.2600,990.19,972.61,active,2026-09-29T17:00:00Z,2026-09-26T14:52:17+00:00
KXNFLRSHYDS-26SEP27LACBUF,KXNFLRSHYDS,KXNFLRSHYDS-26SEP27LACBUF-BUFJALLEN17-90,Josh Allen: 90+ rushing yards,0.0500,0.0600,0.0600,93.81,93.81,active,2026-09-29T17:00:00Z,2026-09-26T14:52:17+00:00
KXNFLRSHYDS-26SEP27LACBUF,KXNFLRSHYDS,KXNFLRSHYDS-26SEP27LACBUF-BUFJALLEN17-15,Josh Allen: 15+ rushing yards,0.8200,0.8400,0.8400,1076.69,1076.69,active,2026-09-29T17:00:00Z,2026-09-26T14:52:17+00:00
KXNFLRSHYDS-26SEP27LACBUF,KXNFLRSHYDS,KXNFLRSHYDS-26SEP27LACBUF-BUFJCOOK4-60,James Cook III: 60+ rushing yards,0.6700,0.7100,0.7200,97.91,97.91,active,2026-09-29T17:00:00Z,2026-09-26T14:52:17+00:00
KXNFLRSHYDS-26SEP27LACBUF,KXNFLRSHYDS,KXNFLRSHYDS-26SEP27LACBUF-LACKMITCHELL34-10,Keaton Mitchell: 10+ rushing yards,0.6200,0.6300,0.0000,0.00,0.00,active,2026-09-29T17:00:00Z,2026-09-26T14:52:17+00:00
KXNFLRSHYDS-26SEP27LACBUF,KXNFLRSHYDS,KXNFLRSHYDS-26SEP27LACBUF-LACKMITCHELL34-25,Keaton Mitchell: 25+ rushing yards,0.2600,0.2800,0.0000,0.00,0.00,active,2026-09-29T17:00:00Z,2026-09-26T14:52:17+00:00
KXNFLRSHYDS-26SEP27LACBUF,KXNFLRSHYDS,KXNFLRSHYDS-26SEP27LACBUF-LACKMITCHELL34-40,Keaton Mitchell: 40+ rushing yards,0.1000,0.1200,0.0000,0.00,0.00,active,2026-09-29T17:00:00Z,2026-09-26T14:52:17+00:00
KXNFLRSHYDS-26SEP27LACBUF,KXNFLRSHYDS,KXNFLRSHYDS-26SEP27LACBUF-LACOHAMPTON8-50,Omarion Hampton: 50+ rushing yards,0.5900,0.6100,0.6000,114.68,112.14,active,2026-09-29T17:00:00Z,2026-09-26T14:52:17+00:00
KXNFLRSHYDS-26SEP27LACBUF,KXNFLRSHYDS,KXNFLRSHYDS-26SEP27LACBUF-LACOHAMPTON8-110,Omarion Hampton: 110+ rushing yards,0.0700,0.1100,0.0000,0.00,0.00,active,2026-09-29T17:00:00Z,2026-09-26T14:52:17+00:00
KXNFLRSHYDS-26SEP27LACBUF,KXNFLRSHYDS,KXNFLRSHYDS-26SEP27LACBUF-LACOHAMPTON8-70,Omarion Hampton: 70+ rushing yards,0.3300,0.3600,0.3300,171.25,164.25,active,2026-09-29T17:00:00Z,2026-09-26T14:52:17+00:00
KXNFLRSHYDS-26SEP27LACBUF,KXNFLRSHYDS,KXNFLRSHYDS-26SEP27LACBUF-LACOHAMPTON8-80,Omarion Hampton: 80+ rushing yards,0.2500,0.2800,0.3000,62.70,61.70,active,2026-09-29T17:00:00Z,2026-09-26T14:52:17+00:00
KXNFLRSHYDS-26SEP27LACBUF,KXNFLRSHYDS,KXNFLRSHYDS-26SEP27LACBUF-BUFJALLEN17-25,Josh Allen: 25+ rushing yards,0.6500,0.6700,0.6700,438.11,438.11,active,2026-09-29T17:00:00Z,2026-09-26T14:52:17+00:00
KXNFLRSHYDS-26SEP27LACBUF,KXNFLRSHYDS,KXNFLRSHYDS-26SEP27LACBUF-BUFJCOOK4-70,James Cook III: 70+ rushing yards,0.5900,0.6300,0.6100,337.81,337.81,active,2026-09-29T17:00:00Z,2026-09-26T14:52:17+00:00
KXNFLRSHYDS-26SEP27LACBUF,KXNFLRSHYDS,KXNFLRSHYDS-26SEP27LACBUF-LACOHAMPTON8-30,Omarion Hampton: 30+ rushing yards,0.8300,0.8500,0.8500,222.24,220.22,active,2026-09-29T17:00:00Z,2026-09-26T14:52:17+00:00
KXNFLRSHYDS-26SEP27LACBUF,KXNFLRSHYDS,KXNFLRSHYDS-26SEP27LACBUF-BUFJALLEN17-20,Josh Allen: 20+ rushing yards,0.7300,0.7500,0.7500,2884.65,1565.61,active,2026-09-29T17:00:00Z,2026-09-26T14:52:17+00:00
KXNFLRSHYDS-26SEP27LACBUF,KXNFLRSHYDS,KXNFLRSHYDS-26SEP27LACBUF-BUFJCOOK4-80,James Cook III: 80+ rushing yards,0.4900,0.5000,0.5000,1584.47,1557.65,active,2026-09-29T17:00:00Z,2026-09-26T14:52:17+00:00
KXNFLRSHYDS-26SEP27LACBUF,KXNFLRSHYDS,KXNFLRSHYDS-26SEP27LACBUF-BUFJCOOK4-90,James Cook III: 90+ rushing yards,0.3700,0.4000,0.4100,92.16,92.16,active,2026-09-29T17:00:00Z,2026-09-26T14:52:17+00:00
KXNFLRSHYDS-26SEP27LACBUF,KXNFLRSHYDS,KXNFLRSHYDS-26SEP27LACBUF-LACJHERBERT10-25,Justin Herbert: 25+ rushing yards,0.3700,0.3900,0.3900,339.74,339.74,active,2026-09-29T17:00:00Z,2026-09-26T14:52:17+00:00
KXNFLRSHYDS-26SEP27LACBUF,KXNFLRSHYDS,KXNFLRSHYDS-26SEP27LACBUF-LACOHAMPTON8-130,Omarion Hampton: 130+ rushing yards,0.0500,0.0600,0.0000,0.00,0.00,active,2026-09-29T17:00:00Z,2026-09-26T14:52:17+00:00
KXNFLRSHYDS-26SEP27LACBUF,KXNFLRSHYDS,KXNFLRSHYDS-26SEP27LACBUF-BUFJCOOK4-140,James Cook III: 140+ rushing yards,0.0600,0.0900,0.0900,20.89,20.89,active,2026-09-29T17:00:00Z,2026-09-26T14:52:17+00:00
KXNFLRSHYDS-26SEP27LACBUF,KXNFLRSHYDS,KXNFLRSHYDS-26SEP27LACBUF-LACJHERBERT10-10,Justin Herbert: 10+ rushing yards,0.7400,0.7500,0.7500,6.55,6.55,active,2026-09-29T17:00:00Z,2026-09-26T14:52:17+00:00
KXNFLRSHYDS-26SEP27LACBUF,KXNFLRSHYDS,KXNFLRSHYDS-26SEP27LACBUF-LACJHERBERT10-30,Justin Herbert: 30+ rushing yards,0.2700,0.2900,0.3000,34.24,34.24,active,2026-09-29T17:00:00Z,2026-09-26T14:52:17+00:00
KXNFLRSHYDS-26SEP27LACBUF,KXNFLRSHYDS,KXNFLRSHYDS-26SEP27LACBUF-BUFJCOOK4-110,James Cook III: 110+ rushing yards,0.2100,0.2300,0.2000,10.00,10.00,active,2026-09-29T17:00:00Z,2026-09-26T14:52:17+00:00
KXNFLRSHYDS-26SEP27LACBUF,KXNFLRSHYDS,KXNFLRSHYDS-26SEP27LACBUF-LACJHERBERT10-15,Justin Herbert: 15+ rushing yards,0.6200,0.6300,0.6400,98.19,98.19,active,2026-09-29T17:00:00Z,2026-09-26T14:52:17+00:00
KXNFLRSHYDS-26SEP27LACBUF,KXNFLRSHYDS,KXNFLRSHYDS-26SEP27LACBUF-LACKMITCHELL34-15,Keaton Mitchell: 15+ rushing yards,0.4800,0.5000,0.5000,2519.21,2519.21,active,2026-09-29T17:00:00Z,2026-09-26T14:52:17+00:00
KXNFLRSHYDS-26SEP27LACBUF,KXNFLRSHYDS,KXNFLRSHYDS-26SEP27LACBUF-BUFJCOOK4-130,James Cook III: 130+ rushing yards,0.1000,0.1200,0.1200,200.00,200.00,active,2026-09-29T17:00:00Z,2026-09-26T14:52:17+00:00
KXNFLRSHYDS-26SEP27LACBUF,KXNFLRSHYDS,KXNFLRSHYDS-26SEP27LACBUF-BUFJALLEN17-30,Josh Allen: 30+ rushing yards,0.5700,0.5800,0.5800,2605.99,2424.95,active,2026-09-29T17:00:00Z,2026-09-26T14:52:17+00:00
KXNFLRSHYDS-26SEP27LARDEN,KXNFLRSHYDS,KXNFLRSHYDS-26SEP27LARDEN-LARKWILLIAMS23-100,Kyren Williams: 100+ rushing yards,0.1100,0.1200,0.1200,4708.00,4708.00,active,2026-09-30T00:20:00Z,2026-09-26T14:52:17+00:00
KXNFLRSHYDS-26SEP27LARDEN,KXNFLRSHYDS,KXNFLRSHYDS-26SEP27LARDEN-LARBCORUM24-80,Blake Corum: 80+ rushing yards,0.1400,0.1600,0.0000,0.00,0.00,active,2026-09-30T00:20:00Z,2026-09-26T14:52:17+00:00
KXNFLRSHYDS-26SEP27LARDEN,KXNFLRSHYDS,KXNFLRSHYDS-26SEP27LARDEN-DENJDOBBINS27-100,J.K. Dobbins: 100+ rushing yards,0.0700,0.1100,0.0000,0.00,0.00,active,2026-09-30T00:20:00Z,2026-09-26T14:52:17+00:00
KXNFLRSHYDS-26SEP27LARDEN,KXNFLRSHYDS,KXNFLRSHYDS-26SEP27LARDEN-DENRHARVEY12-30,RJ Harvey: 30+ rushing yards,0.2700,0.2900,0.0000,0.00,0.00,active,2026-09-30T00:20:00Z,2026-09-26T14:52:17+00:00
KXNFLRSHYDS-26SEP27LARDEN,KXNFLRSHYDS,KXNFLRSHYDS-26SEP27LARDEN-LARBCORUM24-60,Blake Corum: 60+ rushing yards,0.3200,0.3300,0.3300,398.30,398.30,active,2026-09-30T00:20:00Z,2026-09-26T14:52:17+00:00
KXNFLRSHYDS-26SEP27LARDEN,KXNFLRSHYDS,KXNFLRSHYDS-26SEP27LARDEN-LARBCORUM24-25,Blake Corum: 25+ rushing yards,0.8000,0.8100,0.0000,0.00,0.00,active,2026-09-30T00:20:00Z,2026-09-26T14:52:17+00:00
KXNFLRSHYDS-26SEP27LARDEN,KXNFLRSHYDS,KXNFLRSHYDS-26SEP27LARDEN-DENRHARVEY12-70,RJ Harvey: 70+ rushing yards,0.0200,0.0400,0.0000,0.00,0.00,active,2026-09-30T00:20:00Z,2026-09-26T14:52:17+00:00
KXNFLRSHYDS-26SEP27LARDEN,KXNFLRSHYDS,KXNFLRSHYDS-26SEP27LARDEN-LARBCORUM24-110,Blake Corum: 110+ rushing yards,0.0300,0.0500,0.0000,0.00,0.00,active,2026-09-30T00:20:00Z,2026-09-26T14:52:17+00:00
KXNFLRSHYDS-26SEP27LARDEN,KXNFLRSHYDS,KXNFLRSHYDS-26SEP27LARDEN-DENJDOBBINS27-30,J.K. Dobbins: 30+ rushing yards,0.7400,0.7800,0.7900,31.18,31.18,active,2026-09-30T00:20:00Z,2026-09-26T14:52:17+00:00
KXNFLRSHYDS-26SEP27LARDEN,KXNFLRSHYDS,KXNFLRSHYDS-26SEP27LARDEN-LARBCORUM24-100,Blake Corum: 100+ rushing yards,0.0600,0.0800,0.0000,0.00,0.00,active,2026-09-30T00:20:00Z,2026-09-26T14:52:17+00:00
KXNFLRSHYDS-26SEP27LARDEN,KXNFLRSHYDS,KXNFLRSHYDS-26SEP27LARDEN-DENRHARVEY12-50,RJ Harvey: 50+ rushing yards,0.0700,0.1100,0.1100,60.22,60.22,active,2026-09-30T00:20:00Z,2026-09-26T14:52:17+00:00
KXNFLRSHYDS-26SEP27LARDEN,KXNFLRSHYDS,KXNFLRSHYDS-26SEP27LARDEN-DENJDOBBINS27-70,J.K. Dobbins: 70+ rushing yards,0.2500,0.2800,0.2900,80.61,80.61,active,2026-09-30T00:20:00Z,2026-09-26T14:52:17+00:00
KXNFLRSHYDS-26SEP27LARDEN,KXNFLRSHYDS,KXNFLRSHYDS-26SEP27LARDEN-DENRHARVEY12-20,RJ Harvey: 20+ rushing yards,0.4900,0.5100,0.5100,1045.26,1045.26,active,2026-09-30T00:20:00Z,2026-09-26T14:52:17+00:00
KXNFLRSHYDS-26SEP27LARDEN,KXNFLRSHYDS,KXNFLRSHYDS-26SEP27LARDEN-LARBCORUM24-90,Blake Corum: 90+ rushing yards,0.0800,0.1100,0.0800,1.00,1.00,active,2026-09-30T00:20:00Z,2026-09-26T14:52:17+00:00
KXNFLRSHYDS-26SEP27LARDEN,KXNFLRSHYDS,KXNFLRSHYDS-26SEP27LARDEN-LARKWILLIAMS23-90,Kyren Williams: 90+ rushing yards,0.1400,0.1600,0.1600,45.00,45.00,active,2026-09-30T00:20:00Z,2026-09-26T14:52:17+00:00
KXNFLRSHYDS-26SEP27LARDEN,KXNFLRSHYDS,KXNFLRSHYDS-26SEP27LARDEN-LARBCORUM24-40,Blake Corum: 40+ rushing yards,0.6100,0.6200,0.6200,368.34,351.84,active,2026-09-30T00:20:00Z,2026-09-26T14:52:17+00:00
KXNFLRSHYDS-26SEP27LARDEN,KXNFLRSHYDS,KXNFLRSHYDS-26SEP27LARDEN-DENBNIX10-50,Bo Nix: 50+ rushing yards,0.0400,0.0700,0.0300,3.00,2.00,active,2026-09-30T00:20:00Z,2026-09-26T14:52:17+00:00
KXNFLRSHYDS-26SEP27LARDEN,KXNFLRSHYDS,KXNFLRSHYDS-26SEP27LARDEN-DENJDOBBINS27-25,J.K. Dobbins: 25+ rushing yards,0.7200,0.8400,0.0000,0.00,0.00,active,2026-09-30T00:20:00Z,2026-09-26T14:52:17+00:00
KXNFLRSHYDS-26SEP27LARDEN,KXNFLRSHYDS,KXNFLRSHYDS-26SEP27LARDEN-LARMSTAFFORD9-10,Matthew Stafford: 10+ rushing yards,0.1100,0.1300,0.1300,661.59,661.59,active,2026-09-30T00:20:00Z,2026-09-26T14:52:17+00:00
KXNFLRSHYDS-26SEP27LARDEN,KXNFLRSHYDS,KXNFLRSHYDS-26SEP27LARDEN-DENBNIX10-40,Bo Nix: 40+ rushing yards,0.1000,0.1200,0.1000,40.00,34.00,active,2026-09-30T00:20:00Z,2026-09-26T14:52:17+00:00
KXNFLRSHYDS-26SEP27LARDEN,KXNFLRSHYDS,KXNFLRSHYDS-26SEP27LARDEN-DENJDOBBINS27-80,J.K. Dobbins: 80+ rushing yards,0.1800,0.2100,0.0700,10.00,10.00,active,2026-09-30T00:20:00Z,2026-09-26T14:52:17+00:00
KXNFLRSHYDS-26SEP27LARDEN,KXNFLRSHYDS,KXNFLRSHYDS-26SEP27LARDEN-DENJDOBBINS27-90,J.K. Dobbins: 90+ rushing yards,0.1100,0.1400,0.0000,0.00,0.00,active,2026-09-30T00:20:00Z,2026-09-26T14:52:17+00:00
KXNFLRSHYDS-26SEP27LARDEN,KXNFLRSHYDS,KXNFLRSHYDS-26SEP27LARDEN-DENRHARVEY12-25,RJ Harvey: 25+ rushing yards,0.3600,0.3900,0.3900,5.00,5.00,active,2026-09-30T00:20:00Z,2026-09-26T14:52:17+00:00
KXNFLRSHYDS-26SEP27LARDEN,KXNFLRSHYDS,KXNFLRSHYDS-26SEP27LARDEN-LARKWILLIAMS23-40,Kyren Williams: 40+ rushing yards,0.6800,0.7000,0.7000,37.01,37.01,active,2026-09-30T00:20:00Z,2026-09-26T14:52:17+00:00
KXNFLRSHYDS-26SEP27LARDEN,KXNFLRSHYDS,KXNFLRSHYDS-26SEP27LARDEN-DENJDOBBINS27-40,J.K. Dobbins: 40+ rushing yards,0.6200,0.6600,0.6700,14.48,14.48,active,2026-09-30T00:20:00Z,2026-09-26T14:52:17+00:00
KXNFLRSHYDS-26SEP27LARDEN,KXNFLRSHYDS,KXNFLRSHYDS-26SEP27LARDEN-DENJDOBBINS27-50,J.K. Dobbins: 50+ rushing yards,0.4800,0.5300,0.5200,272.57,272.57,active,2026-09-30T00:20:00Z,2026-09-26T14:52:17+00:00
KXNFLRSHYDS-26SEP27LARDEN,KXNFLRSHYDS,KXNFLRSHYDS-26SEP27LARDEN-LARBCORUM24-30,Blake Corum: 30+ rushing yards,0.7400,0.7500,0.0000,0.00,0.00,active,2026-09-30T00:20:00Z,2026-09-26T14:52:17+00:00
KXNFLRSHYDS-26SEP27LARDEN,KXNFLRSHYDS,KXNFLRSHYDS-26SEP27LARDEN-DENBNIX10-15,Bo Nix: 15+ rushing yards,0.5500,0.5600,0.5400,10.39,10.39,active,2026-09-30T00:20:00Z,2026-09-26T14:52:17+00:00
KXNFLRSHYDS-26SEP27LARDEN,KXNFLRSHYDS,KXNFLRSHYDS-26SEP27LARDEN-LARKWILLIAMS23-80,Kyren Williams: 80+ rushing yards,0.2100,0.2200,0.0000,0.00,0.00,active,2026-09-30T00:20:00Z,2026-09-26T14:52:17+00:00
KXNFLRSHYDS-26SEP27LARDEN,KXNFLRSHYDS,KXNFLRSHYDS-26SEP27LARDEN-LARKWILLIAMS23-110,Kyren Williams: 110+ rushing yards,0.0500,0.0800,0.0000,0.00,0.00,active,2026-09-30T00:20:00Z,2026-09-26T14:52:17+00:00
KXNFLRSHYDS-26SEP27LARDEN,KXNFLRSHYDS,KXNFLRSHYDS-26SEP27LARDEN-LARKWILLIAMS23-30,Kyren Williams: 30+ rushing yards,0.8000,0.8100,0.8300,11.76,11.76,active,2026-09-30T00:20:00Z,2026-09-26T14:52:17+00:00
KXNFLRSHYDS-26SEP27LARDEN,KXNFLRSHYDS,KXNFLRSHYDS-26SEP27LARDEN-LARKWILLIAMS23-70,Kyren Williams: 70+ rushing yards,0.3000,0.3100,0.3100,192.28,192.28,active,2026-09-30T00:20:00Z,2026-09-26T14:52:17+00:00
KXNFLRSHYDS-26SEP27LARDEN,KXNFLRSHYDS,KXNFLRSHYDS-26SEP27LARDEN-LARKWILLIAMS23-60,Kyren Williams: 60+ rushing yards,0.4200,0.4300,0.4200,1103.50,1003.50,active,2026-09-30T00:20:00Z,2026-09-26T14:52:17+00:00
KXNFLRSHYDS-26SEP27LARDEN,KXNFLRSHYDS,KXNFLRSHYDS-26SEP27LARDEN-DENBNIX10-20,Bo Nix: 20+ rushing yards,0.4100,0.4200,0.4100,178.81,165.31,active,2026-09-30T00:20:00Z,2026-09-26T14:52:17+00:00
KXNFLRSHYDS-26SEP27LARDEN,KXNFLRSHYDS,KXNFLRSHYDS-26SEP27LARDEN-DENBNIX10-25,Bo Nix: 25+ rushing yards,0.3000,0.3100,0.2700,21.95,15.95,active,2026-09-30T00:20:00Z,2026-09-26T14:52:17+00:00
KXNFLRSHYDS-26SEP27LARDEN,KXNFLRSHYDS,KXNFLRSHYDS-26SEP27LARDEN-DENBNIX10-10,Bo Nix: 10+ rushing yards,0.6900,0.7000,0.6800,19.00,19.00,active,2026-09-30T00:20:00Z,2026-09-26T14:52:17+00:00
KXNFLRSHYDS-26SEP27LARDEN,KXNFLRSHYDS,KXNFLRSHYDS-26SEP27LARDEN-DENRHARVEY12-15,RJ Harvey: 15+ rushing yards,0.6000,0.6400,0.0000,0.00,0.00,active,2026-09-30T00:20:00Z,2026-09-26T14:52:17+00:00
KXNFLRSHYDS-26SEP27LARDEN,KXNFLRSHYDS,KXNFLRSHYDS-26SEP27LARDEN-DENRHARVEY12-10,RJ Harvey: 10+ rushing yards,0.7200,0.7600,0.0000,0.00,0.00,active,2026-09-30T00:20:00Z,2026-09-26T14:52:17+00:00
KXNFLRSHYDS-26SEP27LARDEN,KXNFLRSHYDS,KXNFLRSHYDS-26SEP27LARDEN-LARKWILLIAMS23-130,Kyren Williams: 130+ rushing yards,0.0200,0.0400,0.0000,0.00,0.00,active,2026-09-30T00:20:00Z,2026-09-26T14:52:17+00:00
KXNFLRSHYDS-26SEP27LARDEN,KXNFLRSHYDS,KXNFLRSHYDS-26SEP27LARDEN-DENBNIX10-60,Bo Nix: 60+ rushing yards,0.0300,0.0500,0.0500,26.22,26.22,active,2026-09-30T00:20:00Z,2026-09-26T14:52:17+00:00
KXNFLRSHYDS-26SEP27LARDEN,KXNFLRSHYDS,KXNFLRSHYDS-26SEP27LARDEN-DENJDOBBINS27-110,J.K. Dobbins: 110+ rushing yards,0.0500,0.0800,0.0000,0.00,0.00,active,2026-09-30T00:20:00Z,2026-09-26T14:52:17+00:00
KXNFLRSHYDS-26SEP27LARDEN,KXNFLRSHYDS,KXNFLRSHYDS-26SEP27LARDEN-DENRHARVEY12-60,RJ Harvey: 60+ rushing yards,0.0300,0.0600,0.0000,0.00,0.00,active,2026-09-30T00:20:00Z,2026-09-26T14:52:17+00:00
KXNFLRSHYDS-26SEP27LARDEN,KXNFLRSHYDS,KXNFLRSHYDS-26SEP27LARDEN-DENJDOBBINS27-60,J.K. Dobbins: 60+ rushing yards,0.3500,0.3900,0.0000,0.00,0.00,active,2026-09-30T00:20:00Z,2026-09-26T14:52:17+00:00
KXNFLRSHYDS-26SEP27LARDEN,KXNFLRSHYDS,KXNFLRSHYDS-26SEP27LARDEN-LARMSTAFFORD9-15,Matthew Stafford: 15+ rushing yards,0.0300,0.0600,0.0700,202.00,201.00,active,2026-09-30T00:20:00Z,2026-09-26T14:52:17+00:00
KXNFLRSHYDS-26SEP27LARDEN,KXNFLRSHYDS,KXNFLRSHYDS-26SEP27LARDEN-LARKWILLIAMS23-120,Kyren Williams: 120+ rushing yards,0.0300,0.0500,0.0000,0.00,0.00,active,2026-09-30T00:20:00Z,2026-09-26T14:52:17+00:00
KXNFLRSHYDS-26SEP27LARDEN,KXNFLRSHYDS,KXNFLRSHYDS-26SEP27LARDEN-LARBCORUM24-70,Blake Corum: 70+ rushing yards,0.2200,0.2300,0.2300,23.00,23.00,active,2026-09-30T00:20:00Z,2026-09-26T14:52:17+00:00
KXNFLRSHYDS-26SEP27LARDEN,KXNFLRSHYDS,KXNFLRSHYDS-26SEP27LARDEN-DENBNIX10-30,Bo Nix: 30+ rushing yards,0.2200,0.2300,0.2200,25.35,25.35,active,2026-09-30T00:20:00Z,2026-09-26T14:52:17+00:00
KXNFLRSHYDS-26SEP27LARDEN,KXNFLRSHYDS,KXNFLRSHYDS-26SEP27LARDEN-DENRHARVEY12-40,RJ Harvey: 40+ rushing yards,0.1400,0.1700,0.0000,0.00,0.00,active,2026-09-30T00:20:00Z,2026-09-26T14:52:17+00:00
KXNFLRSHYDS-26SEP27LARDEN,KXNFLRSHYDS,KXNFLRSHYDS-26SEP27LARDEN-LARBCORUM24-50,Blake Corum: 50+ rushing yards,0.4500,0.4600,0.4700,3483.26,3226.12,active,2026-09-30T00:20:00Z,2026-09-26T14:52:17+00:00
KXNFLRSHYDS-26SEP27LARDEN,KXNFLRSHYDS,KXNFLRSHYDS-26SEP27LARDEN-LARKWILLIAMS23-50,Kyren Williams: 50+ rushing yards,0.5700,0.5800,0.5800,1905.71,1900.71,active,2026-09-30T00:20:00Z,2026-09-26T14:52:17+00:00
KXNFLRSHYDS-26SEP27LARDEN,KXNFLRSHYDS,KXNFLRSHYDS-26SEP27LARDEN-DENJDOBBINS27-120,J.K. Dobbins: 120+ rushing yards,0.0300,0.0500,0.0000,0.00,0.00,active,2026-09-30T00:20:00Z,2026-09-26T14:52:17+00:00
KXNFLRSHYDS-26SEP27LVNO,KXNFLRSHYDS,KXNFLRSHYDS-26SEP27LVNO-NOTSHOUGH6-20,Tyler Shough: 20+ rushing yards,0.3900,0.4000,0.4000,118.64,118.64,active,2026-09-29T20:25:00Z,2026-09-26T14:52:17+00:00
KXNFLRSHYDS-26SEP27LVNO,KXNFLRSHYDS,KXNFLRSHYDS-26SEP27LVNO-NOAKAMARA41-70,Alvin Kamara: 70+ rushing yards,0.0500,0.0700,0.0700,26.82,26.82,active,2026-09-29T20:25:00Z,2026-09-26T14:52:17+00:00
KXNFLRSHYDS-26SEP27LVNO,KXNFLRSHYDS,KXNFLRSHYDS-26SEP27LVNO-NOTETIENNE3-70,Travis Etienne Jr.: 70+ rushing yards,0.1200,0.1500,0.1200,8.00,8.00,active,2026-09-29T20:25:00Z,2026-09-26T14:52:17+00:00
KXNFLRSHYDS-26SEP27LVNO,KXNFLRSHYDS,KXNFLRSHYDS-26SEP27LVNO-NOTETIENNE3-40,Travis Etienne Jr.: 40+ rushing yards,0.4400,0.4800,0.0000,0.00,0.00,active,2026-09-29T20:25:00Z,2026-09-26T14:52:17+00:00
KXNFLRSHYDS-26SEP27LVNO,KXNFLRSHYDS,KXNFLRSHYDS-26SEP27LVNO-LVAJEANTY2-50,Ashton Jeanty: 50+ rushing yards,0.6800,0.7300,0.0000,0.00,0.00,active,2026-09-29T20:25:00Z,2026-09-26T14:52:17+00:00
KXNFLRSHYDS-26SEP27LVNO,KXNFLRSHYDS,KXNFLRSHYDS-26SEP27LVNO-NOAKAMARA41-25,Alvin Kamara: 25+ rushing yards,0.5200,0.5700,0.5200,50.33,50.33,active,2026-09-29T20:25:00Z,2026-09-26T14:52:17+00:00
KXNFLRSHYDS-26SEP27LVNO,KXNFLRSHYDS,KXNFLRSHYDS-26SEP27LVNO-NOTSHOUGH6-10,Tyler Shough: 10+ rushing yards,0.6300,0.6600,0.6400,11.00,11.00,active,2026-09-29T20:25:00Z,2026-09-26T14:52:17+00:00
KXNFLRSHYDS-26SEP27LVNO,KXNFLRSHYDS,KXNFLRSHYDS-26SEP27LVNO-NOAKAMARA41-60,Alvin Kamara: 60+ rushing yards,0.0700,0.1000,0.0000,0.00,0.00,active,2026-09-29T20:25:00Z,2026-09-26T14:52:17+00:00
KXNFLRSHYDS-26SEP27LVNO,KXNFLRSHYDS,KXNFLRSHYDS-26SEP27LVNO-LVAJEANTY2-140,Ashton Jeanty: 140+ rushing yards,0.0200,0.0400,0.0000,0.00,0.00,active,2026-09-29T20:25:00Z,2026-09-26T14:52:17+00:00
KXNFLRSHYDS-26SEP27LVNO,KXNFLRSHYDS,KXNFLRSHYDS-26SEP27LVNO-NOTSHOUGH6-40,Tyler Shough: 40+ rushing yards,0.0700,0.1000,0.0000,0.00,0.00,active,2026-09-29T20:25:00Z,2026-09-26T14:52:17+00:00
KXNFLRSHYDS-26SEP27LVNO,KXNFLRSHYDS,KXNFLRSHYDS-26SEP27LVNO-NOTETIENNE3-20,Travis Etienne Jr.: 20+ rushing yards,0.7700,0.8000,0.0000,0.00,0.00,active,2026-09-29T20:25:00Z,2026-09-26T14:52:17+00:00
KXNFLRSHYDS-26SEP27LVNO,KXNFLRSHYDS,KXNFLRSHYDS-26SEP27LVNO-NOTETIENNE3-90,Travis Etienne Jr.: 90+ rushing yards,0.0400,0.0700,0.0000,0.00,0.00,active,2026-09-29T20:25:00Z,2026-09-26T14:52:17+00:00
KXNFLRSHYDS-26SEP27LVNO,KXNFLRSHYDS,KXNFLRSHYDS-26SEP27LVNO-LVAJEANTY2-120,Ashton Jeanty: 120+ rushing yards,0.0700,0.1000,0.0800,7.00,7.00,active,2026-09-29T20:25:00Z,2026-09-26T14:52:17+00:00
KXNFLRSHYDS-26SEP27LVNO,KXNFLRSHYDS,KXNFLRSHYDS-26SEP27LVNO-NOTSHOUGH6-30,Tyler Shough: 30+ rushing yards,0.1800,0.1900,0.1200,1.00,1.00,active,2026-09-29T20:25:00Z,2026-09-26T14:52:17+00:00
KXNFLRSHYDS-26SEP27LVNO,KXNFLRSHYDS,KXNFLRSHYDS-26SEP27LVNO-LVAJEANTY2-100,Ashton Jeanty: 100+ rushing yards,0.1900,0.2100,0.2100,1386.47,1386.47,active,2026-09-29T20:25:00Z,2026-09-26T14:52:17+00:00
KXNFLRSHYDS-26SEP27LVNO,KXNFLRSHYDS,KXNFLRSHYDS-26SEP27LVNO-NOTETIENNE3-25,Travis Etienne Jr.: 25+ rushing yards,0.6900,0.7300,0.0000,0.00,0.00,active,2026-09-29T20:25:00Z,2026-09-26T14:52:17+00:00
KXNFLRSHYDS-26SEP27LVNO,KXNFLRSHYDS,KXNFLRSHYDS-26SEP27LVNO-NOTETIENNE3-30,Travis Etienne Jr.: 30+ rushing yards,0.6100,0.6600,0.0000,0.00,0.00,active,2026-09-29T20:25:00Z,2026-09-26T14:52:17+00:00
KXNFLRSHYDS-26SEP27LVNO,KXNFLRSHYDS,KXNFLRSHYDS-26SEP27LVNO-NOAKAMARA41-50,Alvin Kamara: 50+ rushing yards,0.1400,0.1800,0.0000,0.00,0.00,active,2026-09-29T20:25:00Z,2026-09-26T14:52:17+00:00
KXNFLRSHYDS-26SEP27LVNO,KXNFLRSHYDS,KXNFLRSHYDS-26SEP27LVNO-LVAJEANTY2-110,Ashton Jeanty: 110+ rushing yards,0.1200,0.1600,0.0000,0.00,0.00,active,2026-09-29T20:25:00Z,2026-09-26T14:52:17+00:00
KXNFLRSHYDS-26SEP27LVNO,KXNFLRSHYDS,KXNFLRSHYDS-26SEP27LVNO-LVAJEANTY2-40,Ashton Jeanty: 40+ rushing yards,0.7900,0.8400,0.8300,45.00,45.00,active,2026-09-29T20:25:00Z,2026-09-26T14:52:17+00:00
KXNFLRSHYDS-26SEP27LVNO,KXNFLRSHYDS,KXNFLRSHYDS-26SEP27LVNO-NOAKAMARA41-20,Alvin Kamara: 20+ rushing yards,0.6300,0.6600,0.6900,0.14,0.14,active,2026-09-29T20:25:00Z,2026-09-26T14:52:17+00:00
KXNFLRSHYDS-26SEP27LVNO,KXNFLRSHYDS,KXNFLRSHYDS-26SEP27LVNO-NOTSHOUGH6-50,Tyler Shough: 50+ rushing yards,0.0400,0.0600,0.0000,0.00,0.00,active,2026-09-29T20:25:00Z,2026-09-26T14:52:17+00:00
KXNFLRSHYDS-26SEP27LVNO,KXNFLRSHYDS,KXNFLRSHYDS-26SEP27LVNO-LVAJEANTY2-130,Ashton Jeanty: 130+ rushing yards,0.0400,0.0700,0.0000,0.00,0.00,active,2026-09-29T20:25:00Z,2026-09-26T14:52:17+00:00
KXNFLRSHYDS-26SEP27LVNO,KXNFLRSHYDS,KXNFLRSHYDS-26SEP27LVNO-NOTETIENNE3-50,Travis Etienne Jr.: 50+ rushing yards,0.3000,0.3300,0.0000,0.00,0.00,active,2026-09-29T20:25:00Z,2026-09-26T14:52:17+00:00
KXNFLRSHYDS-26SEP27LVNO,KXNFLRSHYDS,KXNFLRSHYDS-26SEP27LVNO-LVAJEANTY2-80,Ashton Jeanty: 80+ rushing yards,0.3500,0.3800,0.3900,261.25,261.25,active,2026-09-29T20:25:00Z,2026-09-26T14:52:17+00:00
KXNFLRSHYDS-26SEP27LVNO,KXNFLRSHYDS,KXNFLRSHYDS-26SEP27LVNO-NOAKAMARA41-40,Alvin Kamara: 40+ rushing yards,0.2500,0.2900,0.0000,0.00,0.00,active,2026-09-29T20:25:00Z,2026-09-26T14:52:17+00:00
KXNFLRSHYDS-26SEP27LVNO,KXNFLRSHYDS,KXNFLRSHYDS-26SEP27LVNO-NOTETIENNE3-60,Travis Etienne Jr.: 60+ rushing yards,0.1900,0.2200,0.0000,0.00,0.00,active,2026-09-29T20:25:00Z,2026-09-26T14:52:17+00:00
KXNFLRSHYDS-26SEP27LVNO,KXNFLRSHYDS,KXNFLRSHYDS-26SEP27LVNO-NOTETIENNE3-100,Travis Etienne Jr.: 100+ rushing yards,0.0500,0.0600,0.0000,0.00,0.00,active,2026-09-29T20:25:00Z,2026-09-26T14:52:17+00:00
KXNFLRSHYDS-26SEP27LVNO,KXNFLRSHYDS,KXNFLRSHYDS-26SEP27LVNO-LVAJEANTY2-60,Ashton Jeanty: 60+ rushing yards,0.5800,0.6200,0.6300,50.27,50.27,active,2026-09-29T20:25:00Z,2026-09-26T14:52:17+00:00
KXNFLRSHYDS-26SEP27LVNO,KXNFLRSHYDS,KXNFLRSHYDS-26SEP27LVNO-NOAKAMARA41-30,Alvin Kamara: 30+ rushing yards,0.4300,0.4600,0.4500,130.82,127.82,active,2026-09-29T20:25:00Z,2026-09-26T14:52:17+00:00
KXNFLRSHYDS-26SEP27LVNO,KXNFLRSHYDS,KXNFLRSHYDS-26SEP27LVNO-LVAJEANTY2-90,Ashton Jeanty: 90+ rushing yards,0.2600,0.2800,0.2800,190.15,190.15,active,2026-09-29T20:25:00Z,2026-09-26T14:52:17+00:00
KXNFLRSHYDS-26SEP27LVNO,KXNFLRSHYDS,KXNFLRSHYDS-26SEP27LVNO-NOAKAMARA41-15,Alvin Kamara: 15+ rushing yards,0.7300,0.7800,0.0000,0.00,0.00,active,2026-09-29T20:25:00Z,2026-09-26T14:52:17+00:00
KXNFLRSHYDS-26SEP27LVNO,KXNFLRSHYDS,KXNFLRSHYDS-26SEP27LVNO-LVAJEANTY2-70,Ashton Jeanty: 70+ rushing yards,0.4900,0.5000,0.5000,776.98,776.98,active,2026-09-29T20:25:00Z,2026-09-26T14:52:17+00:00
KXNFLRSHYDS-26SEP27LVNO,KXNFLRSHYDS,KXNFLRSHYDS-26SEP27LVNO-NOTSHOUGH6-60,Tyler Shough: 60+ rushing yards,0.0200,0.0400,0.0000,0.00,0.00,active,2026-09-29T20:25:00Z,2026-09-26T14:52:17+00:00
KXNFLRSHYDS-26SEP27LVNO,KXNFLRSHYDS,KXNFLRSHYDS-26SEP27LVNO-NOTSHOUGH6-15,Tyler Shough: 15+ rushing yards,0.5000,0.5100,0.5100,271.15,271.15,active,2026-09-29T20:25:00Z,2026-09-26T14:52:17+00:00
KXNFLRSHYDS-26SEP27LVNO,KXNFLRSHYDS,KXNFLRSHYDS-26SEP27LVNO-NOTETIENNE3-80,Travis Etienne Jr.: 80+ rushing yards,0.0700,0.0900,0.0700,16.00,16.00,active,2026-09-29T20:25:00Z,2026-09-26T14:52:17+00:00
KXNFLRSHYDS-26SEP27LVNO,KXNFLRSHYDS,KXNFLRSHYDS-26SEP27LVNO-NOTSHOUGH6-25,Tyler Shough: 25+ rushing yards,0.2800,0.2900,0.2800,383.01,383.01,active,2026-09-29T20:25:00Z,2026-09-26T14:52:17+00:00
KXNFLRSHYDS-26SEP27MINTB,KXNFLRSHYDS,KXNFLRSHYDS-26SEP27MINTB-MINKMURRAY1-25,Kyler Murray: 25+ rushing yards,0.4000,0.4200,0.4200,1047.12,1047.12,active,2026-09-29T20:05:00Z,2026-09-26T14:52:17+00:00
KXNFLRSHYDS-26SEP27MINTB,KXNFLRSHYDS,KXNFLRSHYDS-26SEP27MINTB-TBKGAINWELL1-40,Kenny Gainwell: 40+ rushing yards,0.1300,0.1600,0.0000,0.00,0.00,active,2026-09-29T20:05:00Z,2026-09-26T14:52:17+00:00
KXNFLRSHYDS-26SEP27MINTB,KXNFLRSHYDS,KXNFLRSHYDS-26SEP27MINTB-TBBIRVING7-110,Bucky Irving: 110+ rushing yards,0.0700,0.0900,0.0000,0.00,0.00,active,2026-09-29T20:05:00Z,2026-09-26T14:52:17+00:00
KXNFLRSHYDS-26SEP27MINTB,KXNFLRSHYDS,KXNFLRSHYDS-26SEP27MINTB-MINAJONES33-100,Aaron Jones Sr.: 100+ rushing yards,0.0700,0.1000,0.0000,0.00,0.00,active,2026-09-29T20:05:00Z,2026-09-26T14:52:17+00:00
KXNFLRSHYDS-26SEP27MINTB,KXNFLRSHYDS,KXNFLRSHYDS-26SEP27MINTB-MINKMURRAY1-10,Kyler Murray: 10+ rushing yards,0.7600,0.7800,0.8000,43.13,43.13,active,2026-09-29T20:05:00Z,2026-09-26T14:52:17+00:00
KXNFLRSHYDS-26SEP27MINTB,KXNFLRSHYDS,KXNFLRSHYDS-26SEP27MINTB-TBBIRVING7-100,Bucky Irving: 100+ rushing yards,0.1100,0.1300,0.0000,0.00,0.00,active,2026-09-29T20:05:00Z,2026-09-26T14:52:17+00:00
KXNFLRSHYDS-26SEP27MINTB,KXNFLRSHYDS,KXNFLRSHYDS-26SEP27MINTB-MINAJONES33-120,Aaron Jones Sr.: 120+ rushing yards,0.0300,0.0500,0.0000,0.00,0.00,active,2026-09-29T20:05:00Z,2026-09-26T14:52:17+00:00
KXNFLRSHYDS-26SEP27MINTB,KXNFLRSHYDS,KXNFLRSHYDS-26SEP27MINTB-MINAJONES33-110,Aaron Jones Sr.: 110+ rushing yards,0.0400,0.0600,0.0000,0.00,0.00,active,2026-09-29T20:05:00Z,2026-09-26T14:52:17+00:00
KXNFLRSHYDS-26SEP27MINTB,KXNFLRSHYDS,KXNFLRSHYDS-26SEP27MINTB-TBBIRVING7-80,Bucky Irving: 80+ rushing yards,0.2500,0.2600,0.0000,0.00,0.00,active,2026-09-29T20:05:00Z,2026-09-26T14:52:17+00:00
KXNFLRSHYDS-26SEP27MINTB,KXNFLRSHYDS,KXNFLRSHYDS-26SEP27MINTB-TBBIRVING7-120,Bucky Irving: 120+ rushing yards,0.0500,0.0600,0.0700,116.00,116.00,active,2026-09-29T20:05:00Z,2026-09-26T14:52:17+00:00
KXNFLRSHYDS-26SEP27MINTB,KXNFLRSHYDS,KXNFLRSHYDS-26SEP27MINTB-TBBIRVING7-40,Bucky Irving: 40+ rushing yards,0.7100,0.7400,0.7400,19.95,19.95,active,2026-09-29T20:05:00Z,2026-09-26T14:52:17+00:00
KXNFLRSHYDS-26SEP27MINTB,KXNFLRSHYDS,KXNFLRSHYDS-26SEP27MINTB-MINKMURRAY1-15,Kyler Murray: 15+ rushing yards,0.6400,0.6700,0.6500,1.00,1.00,active,2026-09-29T20:05:00Z,2026-09-26T14:52:17+00:00
KXNFLRSHYDS-26SEP27MINTB,KXNFLRSHYDS,KXNFLRSHYDS-26SEP27MINTB-TBBIRVING7-70,Bucky Irving: 70+ rushing yards,0.3400,0.3600,0.3500,167.27,167.27,active,2026-09-29T20:05:00Z,2026-09-26T14:52:17+00:00
KXNFLRSHYDS-26SEP27MINTB,KXNFLRSHYDS,KXNFLRSHYDS-26SEP27MINTB-TBBIRVING7-60,Bucky Irving: 60+ rushing yards,0.4600,0.4800,0.4700,829.76,829.76,active,2026-09-29T20:05:00Z,2026-09-26T14:52:17+00:00
KXNFLRSHYDS-26SEP27MINTB,KXNFLRSHYDS,KXNFLRSHYDS-26SEP27MINTB-TBBIRVING7-25,Bucky Irving: 25+ rushing yards,0.8700,0.8900,0.0000,0.00,0.00,active,2026-09-29T20:05:00Z,2026-09-26T14:52:17+00:00
KXNFLRSHYDS-26SEP27MINTB,KXNFLRSHYDS,KXNFLRSHYDS-26SEP27MINTB-TBBMAYFIELD6-50,Baker Mayfield: 50+ rushing yards,0.0300,0.0500,0.0000,0.00,0.00,active,2026-09-29T20:05:00Z,2026-09-26T14:52:17+00:00
KXNFLRSHYDS-26SEP27MINTB,KXNFLRSHYDS,KXNFLRSHYDS-26SEP27MINTB-TBBMAYFIELD6-40,Baker Mayfield: 40+ rushing yards,0.1000,0.1100,0.0000,0.00,0.00,active,2026-09-29T20:05:00Z,2026-09-26T14:52:17+00:00
KXNFLRSHYDS-26SEP27MINTB,KXNFLRSHYDS,KXNFLRSHYDS-26SEP27MINTB-TBBMAYFIELD6-30,Baker Mayfield: 30+ rushing yards,0.2100,0.2200,0.2200,230.28,228.74,active,2026-09-29T20:05:00Z,2026-09-26T14:52:17+00:00
KXNFLRSHYDS-26SEP27MINTB,KXNFLRSHYDS,KXNFLRSHYDS-26SEP27MINTB-MINKMURRAY1-50,Kyler Murray: 50+ rushing yards,0.0800,0.1000,0.1000,3982.11,3982.11,active,2026-09-29T20:05:00Z,2026-09-26T14:52:17+00:00
KXNFLRSHYDS-26SEP27MINTB,KXNFLRSHYDS,KXNFLRSHYDS-26SEP27MINTB-MINKMURRAY1-20,Kyler Murray: 20+ rushing yards,0.5400,0.5500,0.5500,5891.93,5876.93,active,2026-09-29T20:05:00Z,2026-09-26T14:52:17+00:00
KXNFLRSHYDS-26SEP27MINTB,KXNFLRSHYDS,KXNFLRSHYDS-26SEP27MINTB-MINAJONES33-80,Aaron Jones Sr.: 80+ rushing yards,0.1700,0.2100,0.2300,7.00,7.00,active,2026-09-29T20:05:00Z,2026-09-26T14:52:17+00:00
KXNFLRSHYDS-26SEP27MINTB,KXNFLRSHYDS,KXNFLRSHYDS-26SEP27MINTB-TBBMAYFIELD6-15,Baker Mayfield: 15+ rushing yards,0.5500,0.5700,0.5700,462.74,431.74,active,2026-09-29T20:05:00Z,2026-09-26T14:52:17+00:00
KXNFLRSHYDS-26SEP27MINTB,KXNFLRSHYDS,KXNFLRSHYDS-26SEP27MINTB-TBBMAYFIELD6-10,Baker Mayfield: 10+ rushing yards,0.6900,0.7100,0.7100,42.18,42.18,active,2026-09-29T20:05:00Z,2026-09-26T14:52:17+00:00
KXNFLRSHYDS-26SEP27MINTB,KXNFLRSHYDS,KXNFLRSHYDS-26SEP27MINTB-TBKGAINWELL1-15,Kenny Gainwell: 15+ rushing yards,0.5900,0.6100,0.6200,962.35,962.35,active,2026-09-29T20:05:00Z,2026-09-26T14:52:17+00:00
KXNFLRSHYDS-26SEP27MINTB,KXNFLRSHYDS,KXNFLRSHYDS-26SEP27MINTB-MINAJONES33-70,Aaron Jones Sr.: 70+ rushing yards,0.2600,0.2800,0.2600,143.32,143.32,active,2026-09-29T20:05:00Z,2026-09-26T14:52:17+00:00
KXNFLRSHYDS-26SEP27MINTB,KXNFLRSHYDS,KXNFLRSHYDS-26SEP27MINTB-MINAJONES33-90,Aaron Jones Sr.: 90+ rushing yards,0.1000,0.1400,0.0000,0.00,0.00,active,2026-09-29T20:05:00Z,2026-09-26T14:52:17+00:00
KXNFLRSHYDS-26SEP27MINTB,KXNFLRSHYDS,KXNFLRSHYDS-26SEP27MINTB-MINAJONES33-30,Aaron Jones Sr.: 30+ rushing yards,0.7500,0.8000,0.0000,0.00,0.00,active,2026-09-29T20:05:00Z,2026-09-26T14:52:17+00:00
KXNFLRSHYDS-26SEP27MINTB,KXNFLRSHYDS,KXNFLRSHYDS-26SEP27MINTB-MINAJONES33-50,Aaron Jones Sr.: 50+ rushing yards,0.4900,0.5400,0.0000,0.00,0.00,active,2026-09-29T20:05:00Z,2026-09-26T14:52:17+00:00
KXNFLRSHYDS-26SEP27MINTB,KXNFLRSHYDS,KXNFLRSHYDS-26SEP27MINTB-MINAJONES33-40,Aaron Jones Sr.: 40+ rushing yards,0.6200,0.6800,0.0000,0.00,0.00,active,2026-09-29T20:05:00Z,2026-09-26T14:52:17+00:00
KXNFLRSHYDS-26SEP27MINTB,KXNFLRSHYDS,KXNFLRSHYDS-26SEP27MINTB-MINAJONES33-60,Aaron Jones Sr.: 60+ rushing yards,0.3700,0.3800,0.3900,2310.98,2271.01,active,2026-09-29T20:05:00Z,2026-09-26T14:52:17+00:00
KXNFLRSHYDS-26SEP27MINTB,KXNFLRSHYDS,KXNFLRSHYDS-26SEP27MINTB-TBKGAINWELL1-60,Kenny Gainwell: 60+ rushing yards,0.0500,0.0600,0.0000,0.00,0.00,active,2026-09-29T20:05:00Z,2026-09-26T14:52:17+00:00
KXNFLRSHYDS-26SEP27MINTB,KXNFLRSHYDS,KXNFLRSHYDS-26SEP27MINTB-MINAJONES33-130,Aaron Jones Sr.: 130+ rushing yards,0.0200,0.0400,0.0300,31.43,31.43,active,2026-09-29T20:05:00Z,2026-09-26T14:52:17+00:00
KXNFLRSHYDS-26SEP27MINTB,KXNFLRSHYDS,KXNFLRSHYDS-26SEP27MINTB-TBBMAYFIELD6-20,Baker Mayfield: 20+ rushing yards,0.4100,0.4200,0.4300,417.17,417.17,active,2026-09-29T20:05:00Z,2026-09-26T14:52:17+00:00
KXNFLRSHYDS-26SEP27MINTB,KXNFLRSHYDS,KXNFLRSHYDS-26SEP27MINTB-MINKMURRAY1-40,Kyler Murray: 40+ rushing yards,0.1600,0.1700,0.1900,2001.00,2001.00,active,2026-09-29T20:05:00Z,2026-09-26T14:52:17+00:00
KXNFLRSHYDS-26SEP27MINTB,KXNFLRSHYDS,KXNFLRSHYDS-26SEP27MINTB-TBBIRVING7-30,Bucky Irving: 30+ rushing yards,0.8300,0.8400,0.0000,0.00,0.00,active,2026-09-29T20:05:00Z,2026-09-26T14:52:17+00:00
KXNFLRSHYDS-26SEP27MINTB,KXNFLRSHYDS,KXNFLRSHYDS-26SEP27MINTB-TBKGAINWELL1-10,Kenny Gainwell: 10+ rushing yards,0.7200,0.7300,0.7100,110.08,110.08,active,2026-09-29T20:05:00Z,2026-09-26T14:52:17+00:00
KXNFLRSHYDS-26SEP27MINTB,KXNFLRSHYDS,KXNFLRSHYDS-26SEP27MINTB-MINKMURRAY1-30,Kyler Murray: 30+ rushing yards,0.3000,0.3200,0.3200,750.54,750.54,active,2026-09-29T20:05:00Z,2026-09-26T14:52:17+00:00
KXNFLRSHYDS-26SEP27MINTB,KXNFLRSHYDS,KXNFLRSHYDS-26SEP27MINTB-TBKGAINWELL1-30,Kenny Gainwell: 30+ rushing yards,0.2600,0.2700,0.2700,882.24,882.24,active,2026-09-29T20:05:00Z,2026-09-26T14:52:17+00:00
KXNFLRSHYDS-26SEP27MINTB,KXNFLRSHYDS,KXNFLRSHYDS-26SEP27MINTB-TBBIRVING7-90,Bucky Irving: 90+ rushing yards,0.1700,0.1800,0.0000,0.00,0.00,active,2026-09-29T20:05:00Z,2026-09-26T14:52:17+00:00
KXNFLRSHYDS-26SEP27MINTB,KXNFLRSHYDS,KXNFLRSHYDS-26SEP27MINTB-TBBIRVING7-50,Bucky Irving: 50+ rushing yards,0.6000,0.6100,0.6000,2525.78,2525.78,active,2026-09-29T20:05:00Z,2026-09-26T14:52:17+00:00
KXNFLRSHYDS-26SEP27MINTB,KXNFLRSHYDS,KXNFLRSHYDS-26SEP27MINTB-TBBMAYFIELD6-25,Baker Mayfield: 25+ rushing yards,0.2900,0.3100,0.3100,126.07,126.07,active,2026-09-29T20:05:00Z,2026-09-26T14:52:17+00:00
KXNFLRSHYDS-26SEP27MINTB,KXNFLRSHYDS,KXNFLRSHYDS-26SEP27MINTB-TBKGAINWELL1-20,Kenny Gainwell: 20+ rushing yards,0.4500,0.4600,0.4500,2149.99,2149.99,active,2026-09-29T20:05:00Z,2026-09-26T14:52:17+00:00
KXNFLRSHYDS-26SEP27MINTB,KXNFLRSHYDS,KXNFLRSHYDS-26SEP27MINTB-TBKGAINWELL1-25,Kenny Gainwell: 25+ rushing yards,0.3400,0.3600,0.0000,0.00,0.00,active,2026-09-29T20:05:00Z,2026-09-26T14:52:17+00:00
KXNFLRSHYDS-26SEP27MINTB,KXNFLRSHYDS,KXNFLRSHYDS-26SEP27MINTB-TBKGAINWELL1-50,Kenny Gainwell: 50+ rushing yards,0.0600,0.0900,0.0000,0.00,0.00,active,2026-09-29T20:05:00Z,2026-09-26T14:52:17+00:00
KXNFLRSHYDS-26SEP27MINTB,KXNFLRSHYDS,KXNFLRSHYDS-26SEP27MINTB-MINKMURRAY1-60,Kyler Murray: 60+ rushing yards,0.0500,0.0600,0.0600,6201.00,6201.00,active,2026-09-29T20:05:00Z,2026-09-26T14:52:17+00:00
KXNFLRSHYDS-26SEP27NEJAC,KXNFLRSHYDS,KXNFLRSHYDS-26SEP27NEJAC-JACCRODRIGUEZ24-60,Chris Rodriguez Jr.: 60+ rushing yards,0.0500,0.0900,0.1000,44.80,44.80,active,2026-09-29T17:00:00Z,2026-09-26T14:52:17+00:00
KXNFLRSHYDS-26SEP27NEJAC,KXNFLRSHYDS,KXNFLRSHYDS-26SEP27NEJAC-NERSTEVENSON38-90,Rhamondre Stevenson: 90+ rushing yards,0.0400,0.0700,0.0000,0.00,0.00,active,2026-09-29T17:00:00Z,2026-09-26T14:52:17+00:00
KXNFLRSHYDS-26SEP27NEJAC,KXNFLRSHYDS,KXNFLRSHYDS-26SEP27NEJAC-NERSTEVENSON38-100,Rhamondre Stevenson: 100+ rushing yards,0.0200,0.0400,0.0000,0.00,0.00,active,2026-09-29T17:00:00Z,2026-09-26T14:52:17+00:00
KXNFLRSHYDS-26SEP27NEJAC,KXNFLRSHYDS,KXNFLRSHYDS-26SEP27NEJAC-JACCRODRIGUEZ24-50,Chris Rodriguez Jr.: 50+ rushing yards,0.1300,0.1400,0.1300,469.85,469.85,active,2026-09-29T17:00:00Z,2026-09-26T14:52:17+00:00
KXNFLRSHYDS-26SEP27NEJAC,KXNFLRSHYDS,KXNFLRSHYDS-26SEP27NEJAC-NERSTEVENSON38-80,Rhamondre Stevenson: 80+ rushing yards,0.0700,0.1000,0.0000,0.00,0.00,active,2026-09-29T17:00:00Z,2026-09-26T14:52:17+00:00
KXNFLRSHYDS-26SEP27NEJAC,KXNFLRSHYDS,KXNFLRSHYDS-26SEP27NEJAC-JACCRODRIGUEZ24-30,Chris Rodriguez Jr.: 30+ rushing yards,0.3000,0.3200,0.3100,58.02,58.02,active,2026-09-29T17:00:00Z,2026-09-26T14:52:17+00:00
KXNFLRSHYDS-26SEP27NEJAC,KXNFLRSHYDS,KXNFLRSHYDS-26SEP27NEJAC-NEDMAYE10-70,Drake Maye: 70+ rushing yards,0.0300,0.0600,0.0000,0.00,0.00,active,2026-09-29T17:00:00Z,2026-09-26T14:52:17+00:00
KXNFLRSHYDS-26SEP27NEJAC,KXNFLRSHYDS,KXNFLRSHYDS-26SEP27NEJAC-JACBTUTEN33-70,Bhayshul Tuten: 70+ rushing yards,0.2900,0.3000,0.0000,0.00,0.00,active,2026-09-29T17:00:00Z,2026-09-26T14:52:17+00:00
KXNFLRSHYDS-26SEP27NEJAC,KXNFLRSHYDS,KXNFLRSHYDS-26SEP27NEJAC-JACBTUTEN33-50,Bhayshul Tuten: 50+ rushing yards,0.5300,0.5500,0.5200,188.99,178.99,active,2026-09-29T17:00:00Z,2026-09-26T14:52:17+00:00
KXNFLRSHYDS-26SEP27NEJAC,KXNFLRSHYDS,KXNFLRSHYDS-26SEP27NEJAC-NERSTEVENSON38-30,Rhamondre Stevenson: 30+ rushing yards,0.6000,0.6200,0.6100,614.77,614.77,active,2026-09-29T17:00:00Z,2026-09-26T14:52:17+00:00
KXNFLRSHYDS-26SEP27NEJAC,KXNFLRSHYDS,KXNFLRSHYDS-26SEP27NEJAC-NEDMAYE10-30,Drake Maye: 30+ rushing yards,0.4200,0.4400,0.4400,47.95,47.95,active,2026-09-29T17:00:00Z,2026-09-26T14:52:17+00:00
KXNFLRSHYDS-26SEP27NEJAC,KXNFLRSHYDS,KXNFLRSHYDS-26SEP27NEJAC-JACBTUTEN33-30,Bhayshul Tuten: 30+ rushing yards,0.7900,0.8100,0.8000,15.81,15.81,active,2026-09-29T17:00:00Z,2026-09-26T14:52:17+00:00
KXNFLRSHYDS-26SEP27NEJAC,KXNFLRSHYDS,KXNFLRSHYDS-26SEP27NEJAC-JACBTUTEN33-120,Bhayshul Tuten: 120+ rushing yards,0.0300,0.0500,0.0600,1.00,1.00,active,2026-09-29T17:00:00Z,2026-09-26T14:52:17+00:00
KXNFLRSHYDS-26SEP27NEJAC,KXNFLRSHYDS,KXNFLRSHYDS-26SEP27NEJAC-NERSTEVENSON38-20,Rhamondre Stevenson: 20+ rushing yards,0.7800,0.7900,0.8100,10.00,10.00,active,2026-09-29T17:00:00Z,2026-09-26T14:52:17+00:00
KXNFLRSHYDS-26SEP27NEJAC,KXNFLRSHYDS,KXNFLRSHYDS-26SEP27NEJAC-NEDMAYE10-60,Drake Maye: 60+ rushing yards,0.0700,0.1000,0.0000,0.00,0.00,active,2026-09-29T17:00:00Z,2026-09-26T14:52:17+00:00
KXNFLRSHYDS-26SEP27NEJAC,KXNFLRSHYDS,KXNFLRSHYDS-26SEP27NEJAC-JACTLAWRENCE16-50,Trevor Lawrence: 50+ rushing yards,0.0300,0.0600,0.0000,0.00,0.00,active,2026-09-29T17:00:00Z,2026-09-26T14:52:17+00:00
KXNFLRSHYDS-26SEP27NEJAC,KXNFLRSHYDS,KXNFLRSHYDS-26SEP27NEJAC-NETHENDERSON32-100,TreVeyon Henderson: 100+ rushing yards,0.0500,0.0800,0.0700,157.00,157.00,active,2026-09-29T17:00:00Z,2026-09-26T14:52:17+00:00
KXNFLRSHYDS-26SEP27NEJAC,KXNFLRSHYDS,KXNFLRSHYDS-26SEP27NEJAC-JACCRODRIGUEZ24-15,Chris Rodriguez Jr.: 15+ rushing yards,0.6300,0.6400,0.6300,98.00,98.00,active,2026-09-29T17:00:00Z,2026-09-26T14:52:17+00:00
KXNFLRSHYDS-26SEP27NEJAC,KXNFLRSHYDS,KXNFLRSHYDS-26SEP27NEJAC-JACTLAWRENCE16-15,Trevor Lawrence: 15+ rushing yards,0.5200,0.5500,0.5300,249.42,249.42,active,2026-09-29T17:00:00Z,2026-09-26T14:52:17+00:00
KXNFLRSHYDS-26SEP27NEJAC,KXNFLRSHYDS,KXNFLRSHYDS-26SEP27NEJAC-JACBTUTEN33-40,Bhayshul Tuten: 40+ rushing yards,0.6700,0.6800,0.6800,12.41,12.41,active,2026-09-29T17:00:00Z,2026-09-26T14:52:17+00:00
KXNFLRSHYDS-26SEP27NEJAC,KXNFLRSHYDS,KXNFLRSHYDS-26SEP27NEJAC-NERSTEVENSON38-40,Rhamondre Stevenson: 40+ rushing yards,0.4500,0.4700,0.4400,4485.53,4440.99,active,2026-09-29T17:00:00Z,2026-09-26T14:52:17+00:00
KXNFLRSHYDS-26SEP27NEJAC,KXNFLRSHYDS,KXNFLRSHYDS-26SEP27NEJAC-JACCRODRIGUEZ24-25,Chris Rodriguez Jr.: 25+ rushing yards,0.4000,0.4200,0.0000,0.00,0.00,active,2026-09-29T17:00:00Z,2026-09-26T14:52:17+00:00
KXNFLRSHYDS-26SEP27NEJAC,KXNFLRSHYDS,KXNFLRSHYDS-26SEP27NEJAC-NETHENDERSON32-50,TreVeyon Henderson: 50+ rushing yards,0.3700,0.3900,0.3900,196.44,157.58,active,2026-09-29T17:00:00Z,2026-09-26T14:52:17+00:00
KXNFLRSHYDS-26SEP27NEJAC,KXNFLRSHYDS,KXNFLRSHYDS-26SEP27NEJAC-NEDMAYE10-10,Drake Maye: 10+ rushing yards,0.8500,0.8700,0.8700,20.00,20.00,active,2026-09-29T17:00:00Z,2026-09-26T14:52:17+00:00
KXNFLRSHYDS-26SEP27NEJAC,KXNFLRSHYDS,KXNFLRSHYDS-26SEP27NEJAC-NEDMAYE10-50,Drake Maye: 50+ rushing yards,0.1300,0.1500,0.0000,0.00,0.00,active,2026-09-29T17:00:00Z,2026-09-26T14:52:17+00:00
KXNFLRSHYDS-26SEP27NEJAC,KXNFLRSHYDS,KXNFLRSHYDS-26SEP27NEJAC-JACTLAWRENCE16-40,Trevor Lawrence: 40+ rushing yards,0.0900,0.1100,0.1200,36.00,36.00,active,2026-09-29T17:00:00Z,2026-09-26T14:52:17+00:00
KXNFLRSHYDS-26SEP27NEJAC,KXNFLRSHYDS,KXNFLRSHYDS-26SEP27NEJAC-NEDMAYE10-20,Drake Maye: 20+ rushing yards,0.6400,0.6600,0.6500,10.40,3.50,active,2026-09-29T17:00:00Z,2026-09-26T14:52:17+00:00
KXNFLRSHYDS-26SEP27NEJAC,KXNFLRSHYDS,KXNFLRSHYDS-26SEP27NEJAC-JACCRODRIGUEZ24-10,Chris Rodriguez Jr.: 10+ rushing yards,0.7500,0.7700,0.0000,0.00,0.00,active,2026-09-29T17:00:00Z,2026-09-26T14:52:17+00:00
KXNFLRSHYDS-26SEP27NEJAC,KXNFLRSHYDS,KXNFLRSHYDS-26SEP27NEJAC-JACTLAWRENCE16-20,Trevor Lawrence: 20+ rushing yards,0.3900,0.4000,0.4000,43.08,43.08,active,2026-09-29T17:00:00Z,2026-09-26T14:52:17+00:00
KXNFLRSHYDS-26SEP27NEJAC,KXNFLRSHYDS,KXNFLRSHYDS-26SEP27NEJAC-JACTLAWRENCE16-25,Trevor Lawrence: 25+ rushing yards,0.2900,0.3000,0.2800,121.02,121.02,active,2026-09-29T17:00:00Z,2026-09-26T14:52:17+00:00
KXNFLRSHYDS-26SEP27NEJAC,KXNFLRSHYDS,KXNFLRSHYDS-26SEP27NEJAC-NETHENDERSON32-80,TreVeyon Henderson: 80+ rushing yards,0.1000,0.1300,0.0000,0.00,0.00,active,2026-09-29T17:00:00Z,2026-09-26T14:52:17+00:00
KXNFLRSHYDS-26SEP27NEJAC,KXNFLRSHYDS,KXNFLRSHYDS-26SEP27NEJAC-NETHENDERSON32-90,TreVeyon Henderson: 90+ rushing yards,0.0600,0.1000,0.0000,0.00,0.00,active,2026-09-29T17:00:00Z,2026-09-26T14:52:17+00:00
KXNFLRSHYDS-26SEP27NEJAC,KXNFLRSHYDS,KXNFLRSHYDS-26SEP27NEJAC-NEDMAYE10-25,Drake Maye: 25+ rushing yards,0.5200,0.5500,0.5400,955.48,954.48,active,2026-09-29T17:00:00Z,2026-09-26T14:52:17+00:00
KXNFLRSHYDS-26SEP27NEJAC,KXNFLRSHYDS,KXNFLRSHYDS-26SEP27NEJAC-JACTLAWRENCE16-30,Trevor Lawrence: 30+ rushing yards,0.2100,0.2200,0.2200,120.00,120.00,active,2026-09-29T17:00:00Z,2026-09-26T14:52:17+00:00
KXNFLRSHYDS-26SEP27NEJAC,KXNFLRSHYDS,KXNFLRSHYDS-26SEP27NEJAC-JACBTUTEN33-80,Bhayshul Tuten: 80+ rushing yards,0.2000,0.2100,0.0000,0.00,0.00,active,2026-09-29T17:00:00Z,2026-09-26T14:52:17+00:00
KXNFLRSHYDS-26SEP27NEJAC,KXNFLRSHYDS,KXNFLRSHYDS-26SEP27NEJAC-NETHENDERSON32-70,TreVeyon Henderson: 70+ rushing yards,0.1800,0.2000,0.2000,438.96,438.96,active,2026-09-29T17:00:00Z,2026-09-26T14:52:17+00:00
KXNFLRSHYDS-26SEP27NEJAC,KXNFLRSHYDS,KXNFLRSHYDS-26SEP27NEJAC-JACBTUTEN33-55,Bhayshul Tuten: 55+ rushing yards,0.4600,0.4800,0.4900,153.13,94.22,active,2026-09-29T17:00:00Z,2026-09-26T14:52:17+00:00
KXNFLRSHYDS-26SEP27NEJAC,KXNFLRSHYDS,KXNFLRSHYDS-26SEP27NEJAC-NETHENDERSON32-60,TreVeyon Henderson: 60+ rushing yards,0.2500,0.2700,0.2600,311.52,311.52,active,2026-09-29T17:00:00Z,2026-09-26T14:52:17+00:00
KXNFLRSHYDS-26SEP27NEJAC,KXNFLRSHYDS,KXNFLRSHYDS-26SEP27NEJAC-NEDMAYE10-15,Drake Maye: 15+ rushing yards,0.7400,0.7600,0.7700,72.40,72.40,active,2026-09-29T17:00:00Z,2026-09-26T14:52:17+00:00
KXNFLRSHYDS-26SEP27NEJAC,KXNFLRSHYDS,KXNFLRSHYDS-26SEP27NEJAC-NETHENDERSON32-20,TreVeyon Henderson: 20+ rushing yards,0.8100,0.8200,0.8000,275.40,266.40,active,2026-09-29T17:00:00Z,2026-09-26T14:52:17+00:00
KXNFLRSHYDS-26SEP27NEJAC,KXNFLRSHYDS,KXNFLRSHYDS-26SEP27NEJAC-JACBTUTEN33-60,Bhayshul Tuten: 60+ rushing yards,0.4000,0.4200,0.4400,6.00,6.00,active,2026-09-29T17:00:00Z,2026-09-26T14:52:17+00:00
KXNFLRSHYDS-26SEP27NEJAC,KXNFLRSHYDS,KXNFLRSHYDS-26SEP27NEJAC-JACCRODRIGUEZ24-40,Chris Rodriguez Jr.: 40+ rushing yards,0.1800,0.2100,0.2100,624.35,624.35,active,2026-09-29T17:00:00Z,2026-09-26T14:52:17+00:00
KXNFLRSHYDS-26SEP27NEJAC,KXNFLRSHYDS,KXNFLRSHYDS-26SEP27NEJAC-JACBTUTEN33-90,Bhayshul Tuten: 90+ rushing yards,0.1300,0.1500,0.1400,10.00,10.00,active,2026-09-29T17:00:00Z,2026-09-26T14:52:17+00:00
KXNFLRSHYDS-26SEP27NEJAC,KXNFLRSHYDS,KXNFLRSHYDS-26SEP27NEJAC-JACTLAWRENCE16-10,Trevor Lawrence: 10+ rushing yards,0.6800,0.6900,0.6700,272.00,272.00,active,2026-09-29T17:00:00Z,2026-09-26T14:52:17+00:00
KXNFLRSHYDS-26SEP27NEJAC,KXNFLRSHYDS,KXNFLRSHYDS-26SEP27NEJAC-NERSTEVENSON38-60,Rhamondre Stevenson: 60+ rushing yards,0.2000,0.2200,0.2200,38.00,38.00,active,2026-09-29T17:00:00Z,2026-09-26T14:52:17+00:00
KXNFLRSHYDS-26SEP27NEJAC,KXNFLRSHYDS,KXNFLRSHYDS-26SEP27NEJAC-NETHENDERSON32-40,TreVeyon Henderson: 40+ rushing yards,0.5300,0.5400,0.5400,5993.34,5981.90,active,2026-09-29T17:00:00Z,2026-09-26T14:52:17+00:00
KXNFLRSHYDS-26SEP27NEJAC,KXNFLRSHYDS,KXNFLRSHYDS-26SEP27NEJAC-NERSTEVENSON38-50,Rhamondre Stevenson: 50+ rushing yards,0.3100,0.3300,0.3300,72.00,72.00,active,2026-09-29T17:00:00Z,2026-09-26T14:52:17+00:00
KXNFLRSHYDS-26SEP27NEJAC,KXNFLRSHYDS,KXNFLRSHYDS-26SEP27NEJAC-NERSTEVENSON38-70,Rhamondre Stevenson: 70+ rushing yards,0.1200,0.1400,0.1500,48.00,48.00,active,2026-09-29T17:00:00Z,2026-09-26T14:52:17+00:00
KXNFLRSHYDS-26SEP27NEJAC,KXNFLRSHYDS,KXNFLRSHYDS-26SEP27NEJAC-NETHENDERSON32-30,TreVeyon Henderson: 30+ rushing yards,0.6500,0.6600,0.6600,4.38,4.38,active,2026-09-29T17:00:00Z,2026-09-26T14:52:17+00:00
KXNFLRSHYDS-26SEP27NEJAC,KXNFLRSHYDS,KXNFLRSHYDS-26SEP27NEJAC-JACBTUTEN33-100,Bhayshul Tuten: 100+ rushing yards,0.0800,0.1100,0.0000,0.00,0.00,active,2026-09-29T17:00:00Z,2026-09-26T14:52:17+00:00
KXNFLRSHYDS-26SEP27NEJAC,KXNFLRSHYDS,KXNFLRSHYDS-26SEP27NEJAC-NERSTEVENSON38-25,Rhamondre Stevenson: 25+ rushing yards,0.6900,0.7000,0.0000,0.00,0.00,active,2026-09-29T17:00:00Z,2026-09-26T14:52:17+00:00
KXNFLRSHYDS-26SEP27NEJAC,KXNFLRSHYDS,KXNFLRSHYDS-26SEP27NEJAC-JACCRODRIGUEZ24-20,Chris Rodriguez Jr.: 20+ rushing yards,0.5000,0.5200,0.5200,393.61,356.78,active,2026-09-29T17:00:00Z,2026-09-26T14:52:17+00:00
KXNFLRSHYDS-26SEP27NEJAC,KXNFLRSHYDS,KXNFLRSHYDS-26SEP27NEJAC-NETHENDERSON32-25,TreVeyon Henderson: 25+ rushing yards,0.7300,0.7400,0.0000,0.00,0.00,active,2026-09-29T17:00:00Z,2026-09-26T14:52:17+00:00
KXNFLRSHYDS-26SEP27NEJAC,KXNFLRSHYDS,KXNFLRSHYDS-26SEP27NEJAC-NEDMAYE10-40,Drake Maye: 40+ rushing yards,0.2400,0.2700,0.2300,62.66,60.65,active,2026-09-29T17:00:00Z,2026-09-26T14:52:17+00:00
KXNFLRSHYDS-26SEP27NEJAC,KXNFLRSHYDS,KXNFLRSHYDS-26SEP27NEJAC-JACBTUTEN33-110,Bhayshul Tuten: 110+ rushing yards,0.0500,0.0700,0.0000,0.00,0.00,active,2026-09-29T17:00:00Z,2026-09-26T14:52:17+00:00
KXNFLRSHYDS-26SEP27NEJAC,KXNFLRSHYDS,KXNFLRSHYDS-26SEP27NEJAC-JACCRODRIGUEZ24-70,Chris Rodriguez Jr.: 70+ rushing yards,0.0200,0.0600,0.0000,0.00,0.00,active,2026-09-29T17:00:00Z,2026-09-26T14:52:17+00:00
KXNFLRSHYDS-26SEP27NYJDET,KXNFLRSHYDS,KXNFLRSHYDS-26SEP27NYJDET-DETJGOFF16-25,Jared Goff: 25+ rushing yards,0.0300,0.0500,0.0000,0.00,0.00,active,2026-09-29T17:00:00Z,2026-09-26T14:52:17+00:00
KXNFLRSHYDS-26SEP27NYJDET,KXNFLRSHYDS,KXNFLRSHYDS-26SEP27NYJDET-DETSVAKI33-40,Sione Vaki: 40+ rushing yards,0.0500,0.0800,0.0000,0.00,0.00,active,2026-09-29T17:00:00Z,2026-09-26T14:52:17+00:00
KXNFLRSHYDS-26SEP27NYJDET,KXNFLRSHYDS,KXNFLRSHYDS-26SEP27NYJDET-DETJGIBBS0-160,Jahmyr Gibbs: 160+ rushing yards,0.0600,0.0800,0.0700,214.86,214.86,active,2026-09-29T17:00:00Z,2026-09-26T14:52:17+00:00
KXNFLRSHYDS-26SEP27NYJDET,KXNFLRSHYDS,KXNFLRSHYDS-26SEP27NYJDET-DETJGOFF16-20,Jared Goff: 20+ rushing yards,0.0500,0.0800,0.0000,0.00,0.00,active,2026-09-29T17:00:00Z,2026-09-26T14:52:17+00:00
KXNFLRSHYDS-26SEP27NYJDET,KXNFLRSHYDS,KXNFLRSHYDS-26SEP27NYJDET-NYJBHALL20-120,Breece Hall: 120+ rushing yards,0.0400,0.0600,0.0600,38.27,38.27,active,2026-09-29T17:00:00Z,2026-09-26T14:52:17+00:00
KXNFLRSHYDS-26SEP27NYJDET,KXNFLRSHYDS,KXNFLRSHYDS-26SEP27NYJDET-DETJGIBBS0-70,Jahmyr Gibbs: 70+ rushing yards,0.6700,0.6900,0.7000,427.46,427.46,active,2026-09-29T17:00:00Z,2026-09-26T14:52:17+00:00
KXNFLRSHYDS-26SEP27NYJDET,KXNFLRSHYDS,KXNFLRSHYDS-26SEP27NYJDET-NYJBALLEN0-40,Braelon Allen: 40+ rushing yards,0.1100,0.1400,0.0000,0.00,0.00,active,2026-09-29T17:00:00Z,2026-09-26T14:52:17+00:00
KXNFLRSHYDS-26SEP27NYJDET,KXNFLRSHYDS,KXNFLRSHYDS-26SEP27NYJDET-DETJGOFF16-15,Jared Goff: 15+ rushing yards,0.0800,0.1000,0.0000,0.00,0.00,active,2026-09-29T17:00:00Z,2026-09-26T14:52:17+00:00
KXNFLRSHYDS-26SEP27NYJDET,KXNFLRSHYDS,KXNFLRSHYDS-26SEP27NYJDET-NYJBALLEN0-50,Braelon Allen: 50+ rushing yards,0.0500,0.0800,0.0000,0.00,0.00,active,2026-09-29T17:00:00Z,2026-09-26T14:52:17+00:00
KXNFLRSHYDS-26SEP27NYJDET,KXNFLRSHYDS,KXNFLRSHYDS-26SEP27NYJDET-NYJBHALL20-50,Breece Hall: 50+ rushing yards,0.5900,0.6100,0.6200,91.13,91.13,active,2026-09-29T17:00:00Z,2026-09-26T14:52:17+00:00
KXNFLRSHYDS-26SEP27NYJDET,KXNFLRSHYDS,KXNFLRSHYDS-26SEP27NYJDET-DETJGIBBS0-130,Jahmyr Gibbs: 130+ rushing yards,0.1700,0.1800,0.1800,404.98,404.98,active,2026-09-29T17:00:00Z,2026-09-26T14:52:17+00:00
KXNFLRSHYDS-26SEP27NYJDET,KXNFLRSHYDS,KXNFLRSHYDS-26SEP27NYJDET-DETJGOFF16-10,Jared Goff: 10+ rushing yards,0.1500,0.1800,0.0000,0.00,0.00,active,2026-09-29T17:00:00Z,2026-09-26T14:52:17+00:00
KXNFLRSHYDS-26SEP27NYJDET,KXNFLRSHYDS,KXNFLRSHYDS-26SEP27NYJDET-NYJGSMITH7-30,Geno Smith: 30+ rushing yards,0.0900,0.1200,0.0000,0.00,0.00,active,2026-09-29T17:00:00Z,2026-09-26T14:52:17+00:00
KXNFLRSHYDS-26SEP27NYJDET,KXNFLRSHYDS,KXNFLRSHYDS-26SEP27NYJDET-DETSVAKI33-20,Sione Vaki: 20+ rushing yards,0.2400,0.2700,0.0000,0.00,0.00,active,2026-09-29T17:00:00Z,2026-09-26T14:52:17+00:00
KXNFLRSHYDS-26SEP27NYJDET,KXNFLRSHYDS,KXNFLRSHYDS-26SEP27NYJDET-DETSVAKI33-30,Sione Vaki: 30+ rushing yards,0.1000,0.1400,0.0000,0.00,0.00,active,2026-09-29T17:00:00Z,2026-09-26T14:52:17+00:00
KXNFLRSHYDS-26SEP27NYJDET,KXNFLRSHYDS,KXNFLRSHYDS-26SEP27NYJDET-DETJGIBBS0-80,Jahmyr Gibbs: 80+ rushing yards,0.5800,0.5900,0.5900,2294.50,2143.46,active,2026-09-29T17:00:00Z,2026-09-26T14:52:17+00:00
KXNFLRSHYDS-26SEP27NYJDET,KXNFLRSHYDS,KXNFLRSHYDS-26SEP27NYJDET-NYJBHALL20-110,Breece Hall: 110+ rushing yards,0.0700,0.0900,0.1000,18.81,18.81,active,2026-09-29T17:00:00Z,2026-09-26T14:52:17+00:00
KXNFLRSHYDS-26SEP27NYJDET,KXNFLRSHYDS,KXNFLRSHYDS-26SEP27NYJDET-DETSVAKI33-25,Sione Vaki: 25+ rushing yards,0.1500,0.1900,0.0000,0.00,0.00,active,2026-09-29T17:00:00Z,2026-09-26T14:52:17+00:00
KXNFLRSHYDS-26SEP27NYJDET,KXNFLRSHYDS,KXNFLRSHYDS-26SEP27NYJDET-NYJBHALL20-130,Breece Hall: 130+ rushing yards,0.0300,0.0400,0.0500,75.01,75.01,active,2026-09-29T17:00:00Z,2026-09-26T14:52:17+00:00
KXNFLRSHYDS-26SEP27NYJDET,KXNFLRSHYDS,KXNFLRSHYDS-26SEP27NYJDET-NYJBALLEN0-60,Braelon Allen: 60+ rushing yards,0.0200,0.0500,0.0000,0.00,0.00,active,2026-09-29T17:00:00Z,2026-09-26T14:52:17+00:00
KXNFLRSHYDS-26SEP27NYJDET,KXNFLRSHYDS,KXNFLRSHYDS-26SEP27NYJDET-NYJGSMITH7-50,Geno Smith: 50+ rushing yards,0.0200,0.0400,0.0000,0.00,0.00,active,2026-09-29T17:00:00Z,2026-09-26T14:52:17+00:00
KXNFLRSHYDS-26SEP27NYJDET,KXNFLRSHYDS,KXNFLRSHYDS-26SEP27NYJDET-NYJBHALL20-30,Breece Hall: 30+ rushing yards,0.8000,0.8400,0.8400,15.00,15.00,active,2026-09-29T17:00:00Z,2026-09-26T14:52:17+00:00
KXNFLRSHYDS-26SEP27NYJDET,KXNFLRSHYDS,KXNFLRSHYDS-26SEP27NYJDET-NYJBALLEN0-20,Braelon Allen: 20+ rushing yards,0.4100,0.4500,0.0000,0.00,0.00,active,2026-09-29T17:00:00Z,2026-09-26T14:52:17+00:00
KXNFLRSHYDS-26SEP27NYJDET,KXNFLRSHYDS,KXNFLRSHYDS-26SEP27NYJDET-DETSVAKI33-10,Sione Vaki: 10+ rushing yards,0.4900,0.5400,0.5100,14.00,14.00,active,2026-09-29T17:00:00Z,2026-09-26T14:52:17+00:00
KXNFLRSHYDS-26SEP27NYJDET,KXNFLRSHYDS,KXNFLRSHYDS-26SEP27NYJDET-NYJBHALL20-100,Breece Hall: 100+ rushing yards,0.1100,0.1300,0.1400,3749.33,3749.33,active,2026-09-29T17:00:00Z,2026-09-26T14:52:17+00:00
KXNFLRSHYDS-26SEP27NYJDET,KXNFLRSHYDS,KXNFLRSHYDS-26SEP27NYJDET-NYJGSMITH7-25,Geno Smith: 25+ rushing yards,0.1700,0.2000,0.2000,20.00,20.00,active,2026-09-29T17:00:00Z,2026-09-26T14:52:17+00:00
KXNFLRSHYDS-26SEP27NYJDET,KXNFLRSHYDS,KXNFLRSHYDS-26SEP27NYJDET-DETJGIBBS0-90,Jahmyr Gibbs: 90+ rushing yards,0.4900,0.5000,0.4900,4406.55,3715.35,active,2026-09-29T17:00:00Z,2026-09-26T14:52:17+00:00
KXNFLRSHYDS-26SEP27NYJDET,KXNFLRSHYDS,KXNFLRSHYDS-26SEP27NYJDET-NYJBHALL20-80,Breece Hall: 80+ rushing yards,0.2400,0.2700,0.2700,2050.25,2050.25,active,2026-09-29T17:00:00Z,2026-09-26T14:52:17+00:00
KXNFLRSHYDS-26SEP27NYJDET,KXNFLRSHYDS,KXNFLRSHYDS-26SEP27NYJDET-NYJBHALL20-40,Breece Hall: 40+ rushing yards,0.6800,0.7300,0.7300,6.18,6.18,active,2026-09-29T17:00:00Z,2026-09-26T14:52:17+00:00
KXNFLRSHYDS-26SEP27NYJDET,KXNFLRSHYDS,KXNFLRSHYDS-26SEP27NYJDET-NYJBHALL20-60,Breece Hall: 60+ rushing yards,0.4600,0.4700,0.4700,111.38,111.38,active,2026-09-29T17:00:00Z,2026-09-26T14:52:17+00:00
KXNFLRSHYDS-26SEP27NYJDET,KXNFLRSHYDS,KXNFLRSHYDS-26SEP27NYJDET-DETJGIBBS0-150,Jahmyr Gibbs: 150+ rushing yards,0.0800,0.1000,0.0000,0.00,0.00,active,2026-09-29T17:00:00Z,2026-09-26T14:52:17+00:00
KXNFLRSHYDS-26SEP27NYJDET,KXNFLRSHYDS,KXNFLRSHYDS-26SEP27NYJDET-DETJGIBBS0-120,Jahmyr Gibbs: 120+ rushing yards,0.2200,0.2400,0.2400,884.06,884.06,active,2026-09-29T17:00:00Z,2026-09-26T14:52:17+00:00
KXNFLRSHYDS-26SEP27NYJDET,KXNFLRSHYDS,KXNFLRSHYDS-26SEP27NYJDET-DETJGIBBS0-100,Jahmyr Gibbs: 100+ rushing yards,0.3800,0.4000,0.3800,491.60,406.72,active,2026-09-29T17:00:00Z,2026-09-26T14:52:17+00:00
KXNFLRSHYDS-26SEP27NYJDET,KXNFLRSHYDS,KXNFLRSHYDS-26SEP27NYJDET-DETJGIBBS0-110,Jahmyr Gibbs: 110+ rushing yards,0.3000,0.3100,0.3100,1964.26,1643.46,active,2026-09-29T17:00:00Z,2026-09-26T14:52:17+00:00
KXNFLRSHYDS-26SEP27NYJDET,KXNFLRSHYDS,KXNFLRSHYDS-26SEP27NYJDET-DETSVAKI33-50,Sione Vaki: 50+ rushing yards,0.0200,0.0500,0.0000,0.00,0.00,active,2026-09-29T17:00:00Z,2026-09-26T14:52:17+00:00
KXNFLRSHYDS-26SEP27NYJDET,KXNFLRSHYDS,KXNFLRSHYDS-26SEP27NYJDET-DETJGIBBS0-50,Jahmyr Gibbs: 50+ rushing yards,0.8300,0.8500,0.8600,272.47,272.47,active,2026-09-29T17:00:00Z,2026-09-26T14:52:17+00:00
KXNFLRSHYDS-26SEP27NYJDET,KXNFLRSHYDS,KXNFLRSHYDS-26SEP27NYJDET-NYJBHALL20-70,Breece Hall: 70+ rushing yards,0.3400,0.3500,0.3400,954.31,954.25,active,2026-09-29T17:00:00Z,2026-09-26T14:52:17+00:00
KXNFLRSHYDS-26SEP27NYJDET,KXNFLRSHYDS,KXNFLRSHYDS-26SEP27NYJDET-NYJBALLEN0-10,Braelon Allen: 10+ rushing yards,0.6800,0.7200,0.7400,2.00,2.00,active,2026-09-29T17:00:00Z,2026-09-26T14:52:17+00:00
KXNFLRSHYDS-26SEP27NYJDET,KXNFLRSHYDS,KXNFLRSHYDS-26SEP27NYJDET-NYJBALLEN0-30,Braelon Allen: 30+ rushing yards,0.2100,0.2500,0.0000,0.00,0.00,active,2026-09-29T17:00:00Z,2026-09-26T14:52:17+00:00
KXNFLRSHYDS-26SEP27NYJDET,KXNFLRSHYDS,KXNFLRSHYDS-26SEP27NYJDET-NYJGSMITH7-15,Geno Smith: 15+ rushing yards,0.3700,0.4200,0.3700,0.06,0.06,active,2026-09-29T17:00:00Z,2026-09-26T14:52:17+00:00
KXNFLRSHYDS-26SEP27NYJDET,KXNFLRSHYDS,KXNFLRSHYDS-26SEP27NYJDET-NYJGSMITH7-20,Geno Smith: 20+ rushing yards,0.2500,0.2800,0.0000,0.00,0.00,active,2026-09-29T17:00:00Z,2026-09-26T14:52:17+00:00
KXNFLRSHYDS-26SEP27NYJDET,KXNFLRSHYDS,KXNFLRSHYDS-26SEP27NYJDET-DETJGIBBS0-60,Jahmyr Gibbs: 60+ rushing yards,0.7400,0.7600,0.7500,375.37,372.37,active,2026-09-29T17:00:00Z,2026-09-26T14:52:17+00:00
KXNFLRSHYDS-26SEP27NYJDET,KXNFLRSHYDS,KXNFLRSHYDS-26SEP27NYJDET-NYJBHALL20-90,Breece Hall: 90+ rushing yards,0.1700,0.1800,0.1900,2536.24,2536.24,active,2026-09-29T17:00:00Z,2026-09-26T14:52:17+00:00
KXNFLRSHYDS-26SEP27NYJDET,KXNFLRSHYDS,KXNFLRSHYDS-26SEP27NYJDET-NYJGSMITH7-10,Geno Smith: 10+ rushing yards,0.5200,0.5600,0.0000,0.00,0.00,active,2026-09-29T17:00:00Z,2026-09-26T14:52:17+00:00
KXNFLRSHYDS-26SEP27NYJDET,KXNFLRSHYDS,KXNFLRSHYDS-26SEP27NYJDET-NYJGSMITH7-40,Geno Smith: 40+ rushing yards,0.0600,0.0800,0.0000,0.00,0.00,active,2026-09-29T17:00:00Z,2026-09-26T14:52:17+00:00
KXNFLRSHYDS-26SEP27NYJDET,KXNFLRSHYDS,KXNFLRSHYDS-26SEP27NYJDET-DETSVAKI33-15,Sione Vaki: 15+ rushing yards,0.3300,0.3700,0.0000,0.00,0.00,active,2026-09-29T17:00:00Z,2026-09-26T14:52:17+00:00
KXNFLRSHYDS-26SEP27NYJDET,KXNFLRSHYDS,KXNFLRSHYDS-26SEP27NYJDET-DETJGIBBS0-140,Jahmyr Gibbs: 140+ rushing yards,0.1200,0.1300,0.1400,3766.79,3766.79,active,2026-09-29T17:00:00Z,2026-09-26T14:52:17+00:00
KXNFLRSHYDS-26SEP27NYJDET,KXNFLRSHYDS,KXNFLRSHYDS-26SEP27NYJDET-NYJBALLEN0-15,Braelon Allen: 15+ rushing yards,0.5400,0.5600,0.5600,3.44,3.44,active,2026-09-29T17:00:00Z,2026-09-26T14:52:17+00:00
KXNFLRSHYDS-26SEP27NYJDET,KXNFLRSHYDS,KXNFLRSHYDS-26SEP27NYJDET-NYJBALLEN0-25,Braelon Allen: 25+ rushing yards,0.3000,0.3300,0.3000,0.07,0.07,active,2026-09-29T17:00:00Z,2026-09-26T14:52:17+00:00
KXNFLRSHYDS-26SEP27SEAWAS,KXNFLRSHYDS,KXNFLRSHYDS-26SEP27SEAWAS-WASMMARIOTA8-10,Marcus Mariota: 10+ rushing yards,0.7600,0.7700,0.0000,0.00,0.00,active,2026-09-29T17:00:00Z,2026-09-26T14:52:17+00:00
KXNFLRSHYDS-26SEP27SEAWAS,KXNFLRSHYDS,KXNFLRSHYDS-26SEP27SEAWAS-SEAEWILSON23-80,Emanuel Wilson: 80+ rushing yards,0.0400,0.0600,0.0000,0.00,0.00,active,2026-09-29T17:00:00Z,2026-09-26T14:52:17+00:00
KXNFLRSHYDS-26SEP27SEAWAS,KXNFLRSHYDS,KXNFLRSHYDS-26SEP27SEAWAS-SEAEWILSON23-15,Emanuel Wilson: 15+ rushing yards,0.7100,0.7600,0.0000,0.00,0.00,active,2026-09-29T17:00:00Z,2026-09-26T14:52:17+00:00
KXNFLRSHYDS-26SEP27SEAWAS,KXNFLRSHYDS,KXNFLRSHYDS-26SEP27SEAWAS-WASRWHITE1-20,Rachaad White: 20+ rushing yards,0.4400,0.4700,0.0000,0.00,0.00,active,2026-09-29T17:00:00Z,2026-09-26T14:52:17+00:00
KXNFLRSHYDS-26SEP27SEAWAS,KXNFLRSHYDS,KXNFLRSHYDS-26SEP27SEAWAS-WASRWHITE1-25,Rachaad White: 25+ rushing yards,0.3400,0.3700,0.3700,2007.00,2007.00,active,2026-09-29T17:00:00Z,2026-09-26T14:52:17+00:00
KXNFLRSHYDS-26SEP27SEAWAS,KXNFLRSHYDS,KXNFLRSHYDS-26SEP27SEAWAS-WASMMARIOTA8-15,Marcus Mariota: 15+ rushing yards,0.6600,0.6800,0.0000,0.00,0.00,active,2026-09-29T17:00:00Z,2026-09-26T14:52:17+00:00
KXNFLRSHYDS-26SEP27SEAWAS,KXNFLRSHYDS,KXNFLRSHYDS-26SEP27SEAWAS-WASMMARIOTA8-50,Marcus Mariota: 50+ rushing yards,0.0800,0.1100,0.0000,0.00,0.00,active,2026-09-29T17:00:00Z,2026-09-26T14:52:17+00:00
KXNFLRSHYDS-26SEP27SEAWAS,KXNFLRSHYDS,KXNFLRSHYDS-26SEP27SEAWAS-SEAEWILSON23-25,Emanuel Wilson: 25+ rushing yards,0.5400,0.5900,0.0000,0.00,0.00,active,2026-09-29T17:00:00Z,2026-09-26T14:52:17+00:00
KXNFLRSHYDS-26SEP27SEAWAS,KXNFLRSHYDS,KXNFLRSHYDS-26SEP27SEAWAS-WASJCROSKEYMERRITT22-20,Jacory Croskey-Merritt: 20+ rushing yards,0.8000,0.8200,0.8300,6.00,6.00,active,2026-09-29T17:00:00Z,2026-09-26T14:52:17+00:00
KXNFLRSHYDS-26SEP27SEAWAS,KXNFLRSHYDS,KXNFLRSHYDS-26SEP27SEAWAS-SEAJPRICE8-110,Jadarian Price: 110+ rushing yards,0.0500,0.0600,0.0000,0.00,0.00,active,2026-09-29T17:00:00Z,2026-09-26T14:52:17+00:00
KXNFLRSHYDS-26SEP27SEAWAS,KXNFLRSHYDS,KXNFLRSHYDS-26SEP27SEAWAS-SEAJPRICE8-120,Jadarian Price: 120+ rushing yards,0.0300,0.0500,0.0000,0.00,0.00,active,2026-09-29T17:00:00Z,2026-09-26T14:52:17+00:00
KXNFLRSHYDS-26SEP27SEAWAS,KXNFLRSHYDS,KXNFLRSHYDS-26SEP27SEAWAS-WASMMARIOTA8-40,Marcus Mariota: 40+ rushing yards,0.1600,0.2000,0.0000,0.00,0.00,active,2026-09-29T17:00:00Z,2026-09-26T14:52:17+00:00
KXNFLRSHYDS-26SEP27SEAWAS,KXNFLRSHYDS,KXNFLRSHYDS-26SEP27SEAWAS-WASRWHITE1-60,Rachaad White: 60+ rushing yards,0.0200,0.0500,0.0000,0.00,0.00,active,2026-09-29T17:00:00Z,2026-09-26T14:52:17+00:00
KXNFLRSHYDS-26SEP27SEAWAS,KXNFLRSHYDS,KXNFLRSHYDS-26SEP27SEAWAS-WASMMARIOTA8-20,Marcus Mariota: 20+ rushing yards,0.5400,0.5700,0.5300,413.38,413.38,active,2026-09-29T17:00:00Z,2026-09-26T14:52:17+00:00
KXNFLRSHYDS-26SEP27SEAWAS,KXNFLRSHYDS,KXNFLRSHYDS-26SEP27SEAWAS-WASRWHITE1-10,Rachaad White: 10+ rushing yards,0.7000,0.7400,0.0000,0.00,0.00,active,2026-09-29T17:00:00Z,2026-09-26T14:52:17+00:00
KXNFLRSHYDS-26SEP27SEAWAS,KXNFLRSHYDS,KXNFLRSHYDS-26SEP27SEAWAS-WASJCROSKEYMERRITT22-40,Jacory Croskey-Merritt: 40+ rushing yards,0.4700,0.4800,0.4700,2954.27,2879.69,active,2026-09-29T17:00:00Z,2026-09-26T14:52:17+00:00
KXNFLRSHYDS-26SEP27SEAWAS,KXNFLRSHYDS,KXNFLRSHYDS-26SEP27SEAWAS-SEAEWILSON23-30,Emanuel Wilson: 30+ rushing yards,0.4600,0.5000,0.5100,0.18,0.18,active,2026-09-29T17:00:00Z,2026-09-26T14:52:17+00:00
KXNFLRSHYDS-26SEP27SEAWAS,KXNFLRSHYDS,KXNFLRSHYDS-26SEP27SEAWAS-SEAEWILSON23-70,Emanuel Wilson: 70+ rushing yards,0.0800,0.1100,0.1100,52.00,52.00,active,2026-09-29T17:00:00Z,2026-09-26T14:52:17+00:00
KXNFLRSHYDS-26SEP27SEAWAS,KXNFLRSHYDS,KXNFLRSHYDS-26SEP27SEAWAS-SEAJPRICE8-90,Jadarian Price: 90+ rushing yards,0.1200,0.1400,0.0000,0.00,0.00,active,2026-09-29T17:00:00Z,2026-09-26T14:52:17+00:00
KXNFLRSHYDS-26SEP27SEAWAS,KXNFLRSHYDS,KXNFLRSHYDS-26SEP27SEAWAS-SEAJPRICE8-100,Jadarian Price: 100+ rushing yards,0.0700,0.0900,0.0000,0.00,0.00,active,2026-09-29T17:00:00Z,2026-09-26T14:52:17+00:00
KXNFLRSHYDS-26SEP27SEAWAS,KXNFLRSHYDS,KXNFLRSHYDS-26SEP27SEAWAS-SEAJPRICE8-80,Jadarian Price: 80+ rushing yards,0.1800,0.2200,0.2100,4.00,4.00,active,2026-09-29T17:00:00Z,2026-09-26T14:52:17+00:00
KXNFLRSHYDS-26SEP27SEAWAS,KXNFLRSHYDS,KXNFLRSHYDS-26SEP27SEAWAS-WASMMARIOTA8-25,Marcus Mariota: 25+ rushing yards,0.4200,0.4700,0.4400,6.00,6.00,active,2026-09-29T17:00:00Z,2026-09-26T14:52:17+00:00
KXNFLRSHYDS-26SEP27SEAWAS,KXNFLRSHYDS,KXNFLRSHYDS-26SEP27SEAWAS-WASRWHITE1-30,Rachaad White: 30+ rushing yards,0.2500,0.2700,0.2600,173.00,173.00,active,2026-09-29T17:00:00Z,2026-09-26T14:52:17+00:00
KXNFLRSHYDS-26SEP27SEAWAS,KXNFLRSHYDS,KXNFLRSHYDS-26SEP27SEAWAS-WASJCROSKEYMERRITT22-25,Jacory Croskey-Merritt: 25+ rushing yards,0.7300,0.7400,0.7500,3.00,3.00,active,2026-09-29T17:00:00Z,2026-09-26T14:52:17+00:00
KXNFLRSHYDS-26SEP27SEAWAS,KXNFLRSHYDS,KXNFLRSHYDS-26SEP27SEAWAS-WASRWHITE1-50,Rachaad White: 50+ rushing yards,0.0600,0.0800,0.0900,3780.00,3780.00,active,2026-09-29T17:00:00Z,2026-09-26T14:52:17+00:00
KXNFLRSHYDS-26SEP27SEAWAS,KXNFLRSHYDS,KXNFLRSHYDS-26SEP27SEAWAS-WASRWHITE1-40,Rachaad White: 40+ rushing yards,0.1300,0.1500,0.1500,767.00,767.00,active,2026-09-29T17:00:00Z,2026-09-26T14:52:17+00:00
KXNFLRSHYDS-26SEP27SEAWAS,KXNFLRSHYDS,KXNFLRSHYDS-26SEP27SEAWAS-SEAEWILSON23-10,Emanuel Wilson: 10+ rushing yards,0.8300,0.8600,0.8500,2000.00,2000.00,active,2026-09-29T17:00:00Z,2026-09-26T14:52:17+00:00
KXNFLRSHYDS-26SEP27SEAWAS,KXNFLRSHYDS,KXNFLRSHYDS-26SEP27SEAWAS-SEAEWILSON23-50,Emanuel Wilson: 50+ rushing yards,0.2000,0.2300,0.2300,19.00,19.00,active,2026-09-29T17:00:00Z,2026-09-26T14:52:17+00:00
KXNFLRSHYDS-26SEP27SEAWAS,KXNFLRSHYDS,KXNFLRSHYDS-26SEP27SEAWAS-WASRWHITE1-15,Rachaad White: 15+ rushing yards,0.6000,0.6200,0.6100,281.00,281.00,active,2026-09-29T17:00:00Z,2026-09-26T14:52:17+00:00
KXNFLRSHYDS-26SEP27SEAWAS,KXNFLRSHYDS,KXNFLRSHYDS-26SEP27SEAWAS-WASJCROSKEYMERRITT22-50,Jacory Croskey-Merritt: 50+ rushing yards,0.3300,0.3500,0.3200,16.80,16.80,active,2026-09-29T17:00:00Z,2026-09-26T14:52:17+00:00
KXNFLRSHYDS-26SEP27SEAWAS,KXNFLRSHYDS,KXNFLRSHYDS-26SEP27SEAWAS-SEAJPRICE8-70,Jadarian Price: 70+ rushing yards,0.2600,0.3000,0.3000,2000.00,2000.00,active,2026-09-29T17:00:00Z,2026-09-26T14:52:17+00:00
KXNFLRSHYDS-26SEP27SEAWAS,KXNFLRSHYDS,KXNFLRSHYDS-26SEP27SEAWAS-SEAJPRICE8-50,Jadarian Price: 50+ rushing yards,0.5000,0.5300,0.5100,3986.72,3986.72,active,2026-09-29T17:00:00Z,2026-09-26T14:52:17+00:00
KXNFLRSHYDS-26SEP27SEAWAS,KXNFLRSHYDS,KXNFLRSHYDS-26SEP27SEAWAS-WASMMARIOTA8-60,Marcus Mariota: 60+ rushing yards,0.0300,0.0600,0.0500,4.00,4.00,active,2026-09-29T17:00:00Z,2026-09-26T14:52:17+00:00
KXNFLRSHYDS-26SEP27SEAWAS,KXNFLRSHYDS,KXNFLRSHYDS-26SEP27SEAWAS-SEAJPRICE8-30,Jadarian Price: 30+ rushing yards,0.7300,0.7700,0.0000,0.00,0.00,active,2026-09-29T17:00:00Z,2026-09-26T14:52:17+00:00
KXNFLRSHYDS-26SEP27SEAWAS,KXNFLRSHYDS,KXNFLRSHYDS-26SEP27SEAWAS-SEAJPRICE8-25,Jadarian Price: 25+ rushing yards,0.7900,0.8300,0.8500,25.00,25.00,active,2026-09-29T17:00:00Z,2026-09-26T14:52:17+00:00
KXNFLRSHYDS-26SEP27SEAWAS,KXNFLRSHYDS,KXNFLRSHYDS-26SEP27SEAWAS-SEAEWILSON23-60,Emanuel Wilson: 60+ rushing yards,0.1300,0.1600,0.1600,43.00,43.00,active,2026-09-29T17:00:00Z,2026-09-26T14:52:17+00:00
KXNFLRSHYDS-26SEP27SEAWAS,KXNFLRSHYDS,KXNFLRSHYDS-26SEP27SEAWAS-WASJCROSKEYMERRITT22-100,Jacory Croskey-Merritt: 100+ rushing yards,0.0500,0.0600,0.0600,500.00,500.00,active,2026-09-29T17:00:00Z,2026-09-26T14:52:17+00:00
KXNFLRSHYDS-26SEP27SEAWAS,KXNFLRSHYDS,KXNFLRSHYDS-26SEP27SEAWAS-WASJCROSKEYMERRITT22-70,Jacory Croskey-Merritt: 70+ rushing yards,0.1300,0.1600,0.1600,31.00,31.00,active,2026-09-29T17:00:00Z,2026-09-26T14:52:17+00:00
KXNFLRSHYDS-26SEP27SEAWAS,KXNFLRSHYDS,KXNFLRSHYDS-26SEP27SEAWAS-WASJCROSKEYMERRITT22-90,Jacory Croskey-Merritt: 90+ rushing yards,0.0500,0.0700,0.0000,0.00,0.00,active,2026-09-29T17:00:00Z,2026-09-26T14:52:17+00:00
KXNFLRSHYDS-26SEP27SEAWAS,KXNFLRSHYDS,KXNFLRSHYDS-26SEP27SEAWAS-SEAEWILSON23-40,Emanuel Wilson: 40+ rushing yards,0.3200,0.3400,0.0000,0.00,0.00,active,2026-09-29T17:00:00Z,2026-09-26T14:52:17+00:00
KXNFLRSHYDS-26SEP27SEAWAS,KXNFLRSHYDS,KXNFLRSHYDS-26SEP27SEAWAS-WASMMARIOTA8-30,Marcus Mariota: 30+ rushing yards,0.3200,0.3500,0.3900,12.38,12.38,active,2026-09-29T17:00:00Z,2026-09-26T14:52:17+00:00
KXNFLRSHYDS-26SEP27SEAWAS,KXNFLRSHYDS,KXNFLRSHYDS-26SEP27SEAWAS-SEAJPRICE8-60,Jadarian Price: 60+ rushing yards,0.3900,0.4100,0.4100,12.00,12.00,active,2026-09-29T17:00:00Z,2026-09-26T14:52:17+00:00
KXNFLRSHYDS-26SEP27SEAWAS,KXNFLRSHYDS,KXNFLRSHYDS-26SEP27SEAWAS-SEAEWILSON23-20,Emanuel Wilson: 20+ rushing yards,0.6300,0.6700,0.0000,0.00,0.00,active,2026-09-29T17:00:00Z,2026-09-26T14:52:17+00:00
KXNFLRSHYDS-26SEP27SEAWAS,KXNFLRSHYDS,KXNFLRSHYDS-26SEP27SEAWAS-SEAJPRICE8-40,Jadarian Price: 40+ rushing yards,0.6100,0.6400,0.0000,0.00,0.00,active,2026-09-29T17:00:00Z,2026-09-26T14:52:17+00:00
KXNFLRSHYDS-26SEP27SEAWAS,KXNFLRSHYDS,KXNFLRSHYDS-26SEP27SEAWAS-WASJCROSKEYMERRITT22-30,Jacory Croskey-Merritt: 30+ rushing yards,0.6400,0.6700,0.6800,0.19,0.19,active,2026-09-29T17:00:00Z,2026-09-26T14:52:17+00:00
KXNFLRSHYDS-26SEP27SEAWAS,KXNFLRSHYDS,KXNFLRSHYDS-26SEP27SEAWAS-WASJCROSKEYMERRITT22-60,Jacory Croskey-Merritt: 60+ rushing yards,0.2200,0.2400,0.2300,37.00,36.00,active,2026-09-29T17:00:00Z,2026-09-26T14:52:17+00:00
KXNFLRSHYDS-26SEP27SEAWAS,KXNFLRSHYDS,KXNFLRSHYDS-26SEP27SEAWAS-WASJCROSKEYMERRITT22-80,Jacory Croskey-Merritt: 80+ rushing yards,0.0800,0.1100,0.0000,0.00,0.00,active,2026-09-29T17:00:00Z,2026-09-26T14:52:17+00:00
KXNFLRSHYDS-26SEP27TENNYG,KXNFLRSHYDS,KXNFLRSHYDS-26SEP27TENNYG-NYGJWINSTON19-30,Jameis Winston: 30+ rushing yards,0.0600,0.0700,0.0000,0.00,0.00,active,2026-09-29T17:00:00Z,2026-09-26T14:52:17+00:00
KXNFLRSHYDS-26SEP27TENNYG,KXNFLRSHYDS,KXNFLRSHYDS-26SEP27TENNYG-TENCWARD1-40,Cam Ward: 40+ rushing yards,0.0500,0.0900,0.0000,0.00,0.00,active,2026-09-29T17:00:00Z,2026-09-26T14:52:17+00:00
KXNFLRSHYDS-26SEP27TENNYG,KXNFLRSHYDS,KXNFLRSHYDS-26SEP27TENNYG-NYGJWINSTON19-25,Jameis Winston: 25+ rushing yards,0.1000,0.1100,0.0000,0.00,0.00,active,2026-09-29T17:00:00Z,2026-09-26T14:52:17+00:00
KXNFLRSHYDS-26SEP27TENNYG,KXNFLRSHYDS,KXNFLRSHYDS-26SEP27TENNYG-NYGJWINSTON19-15,Jameis Winston: 15+ rushing yards,0.2400,0.2500,0.0000,0.00,0.00,active,2026-09-29T17:00:00Z,2026-09-26T14:52:17+00:00
KXNFLRSHYDS-26SEP27TENNYG,KXNFLRSHYDS,KXNFLRSHYDS-26SEP27TENNYG-TENTPOLLARD20-60,Tony Pollard: 60+ rushing yards,0.3500,0.3900,0.3900,74.59,74.59,active,2026-09-29T17:00:00Z,2026-09-26T14:52:17+00:00
KXNFLRSHYDS-26SEP27TENNYG,KXNFLRSHYDS,KXNFLRSHYDS-26SEP27TENNYG-TENCWARD1-15,Cam Ward: 15+ rushing yards,0.4000,0.4200,0.4200,500.00,500.00,active,2026-09-29T17:00:00Z,2026-09-26T14:52:17+00:00
KXNFLRSHYDS-26SEP27TENNYG,KXNFLRSHYDS,KXNFLRSHYDS-26SEP27TENNYG-TENTPOLLARD20-100,Tony Pollard: 100+ rushing yards,0.0700,0.1100,0.0000,0.00,0.00,active,2026-09-29T17:00:00Z,2026-09-26T14:52:17+00:00
KXNFLRSHYDS-26SEP27TENNYG,KXNFLRSHYDS,KXNFLRSHYDS-26SEP27TENNYG-TENCWARD1-20,Cam Ward: 20+ rushing yards,0.2800,0.3000,0.2900,804.00,804.00,active,2026-09-29T17:00:00Z,2026-09-26T14:52:17+00:00
KXNFLRSHYDS-26SEP27TENNYG,KXNFLRSHYDS,KXNFLRSHYDS-26SEP27TENNYG-TENTPOLLARD20-120,Tony Pollard: 120+ rushing yards,0.0300,0.0500,0.0000,0.00,0.00,active,2026-09-29T17:00:00Z,2026-09-26T14:52:17+00:00
KXNFLRSHYDS-26SEP27TENNYG,KXNFLRSHYDS,KXNFLRSHYDS-26SEP27TENNYG-TENTPOLLARD20-70,Tony Pollard: 70+ rushing yards,0.2700,0.2900,0.0000,0.00,0.00,active,2026-09-29T17:00:00Z,2026-09-26T14:52:17+00:00
KXNFLRSHYDS-26SEP27TENNYG,KXNFLRSHYDS,KXNFLRSHYDS-26SEP27TENNYG-TENTPOLLARD20-90,Tony Pollard: 90+ rushing yards,0.1100,0.1500,0.0000,0.00,0.00,active,2026-09-29T17:00:00Z,2026-09-26T14:52:17+00:00
KXNFLRSHYDS-26SEP27TENNYG,KXNFLRSHYDS,KXNFLRSHYDS-26SEP27TENNYG-TENTPOLLARD20-110,Tony Pollard: 110+ rushing yards,0.0400,0.0800,0.0000,0.00,0.00,active,2026-09-29T17:00:00Z,2026-09-26T14:52:17+00:00
KXNFLRSHYDS-26SEP27TENNYG,KXNFLRSHYDS,KXNFLRSHYDS-26SEP27TENNYG-TENTPOLLARD20-50,Tony Pollard: 50+ rushing yards,0.5100,0.5200,0.5300,335.80,335.80,active,2026-09-29T17:00:00Z,2026-09-26T14:52:17+00:00
KXNFLRSHYDS-26SEP27TENNYG,KXNFLRSHYDS,KXNFLRSHYDS-26SEP27TENNYG-TENCWARD1-50,Cam Ward: 50+ rushing yards,0.0200,0.0500,0.0000,0.00,0.00,active,2026-09-29T17:00:00Z,2026-09-26T14:52:17+00:00
KXNFLRSHYDS-26SEP27TENNYG,KXNFLRSHYDS,KXNFLRSHYDS-26SEP27TENNYG-TENTPOLLARD20-30,Tony Pollard: 30+ rushing yards,0.7300,0.7800,0.7700,44.16,44.16,active,2026-09-29T17:00:00Z,2026-09-26T14:52:17+00:00
KXNFLRSHYDS-26SEP27TENNYG,KXNFLRSHYDS,KXNFLRSHYDS-26SEP27TENNYG-NYGJWINSTON19-20,Jameis Winston: 20+ rushing yards,0.1500,0.1600,0.0000,0.00,0.00,active,2026-09-29T17:00:00Z,2026-09-26T14:52:17+00:00
KXNFLRSHYDS-26SEP27TENNYG,KXNFLRSHYDS,KXNFLRSHYDS-26SEP27TENNYG-NYGCSKATTEBO44-100,Cam Skattebo: 100+ rushing yards,0.1100,0.1300,0.1300,4569.62,4569.62,active,2026-09-29T17:00:00Z,2026-09-26T14:52:17+00:00
KXNFLRSHYDS-26SEP27TENNYG,KXNFLRSHYDS,KXNFLRSHYDS-26SEP27TENNYG-TENTPOLLARD20-80,Tony Pollard: 80+ rushing yards,0.1800,0.2000,0.0000,0.00,0.00,active,2026-09-29T17:00:00Z,2026-09-26T14:52:17+00:00
KXNFLRSHYDS-26SEP27TENNYG,KXNFLRSHYDS,KXNFLRSHYDS-26SEP27TENNYG-TENCWARD1-10,Cam Ward: 10+ rushing yards,0.5500,0.5700,0.5700,1313.25,1313.25,active,2026-09-29T17:00:00Z,2026-09-26T14:52:17+00:00
KXNFLRSHYDS-26SEP27TENNYG,KXNFLRSHYDS,KXNFLRSHYDS-26SEP27TENNYG-NYGCSKATTEBO44-80,Cam Skattebo: 80+ rushing yards,0.2500,0.2600,0.2600,3956.04,3343.60,active,2026-09-29T17:00:00Z,2026-09-26T14:52:17+00:00
KXNFLRSHYDS-26SEP27TENNYG,KXNFLRSHYDS,KXNFLRSHYDS-26SEP27TENNYG-NYGCSKATTEBO44-60,Cam Skattebo: 60+ rushing yards,0.4700,0.4800,0.4800,11715.39,8876.00,active,2026-09-29T17:00:00Z,2026-09-26T14:52:17+00:00
KXNFLRSHYDS-26SEP27TENNYG,KXNFLRSHYDS,KXNFLRSHYDS-26SEP27TENNYG-NYGCSKATTEBO44-40,Cam Skattebo: 40+ rushing yards,0.7000,0.7300,0.7300,8.03,8.03,active,2026-09-29T17:00:00Z,2026-09-26T14:52:17+00:00
KXNFLRSHYDS-26SEP27TENNYG,KXNFLRSHYDS,KXNFLRSHYDS-26SEP27TENNYG-NYGCSKATTEBO44-90,Cam Skattebo: 90+ rushing yards,0.1700,0.1900,0.1900,2990.49,2990.49,active,2026-09-29T17:00:00Z,2026-09-26T14:52:17+00:00
KXNFLRSHYDS-26SEP27TENNYG,KXNFLRSHYDS,KXNFLRSHYDS-26SEP27TENNYG-NYGCSKATTEBO44-110,Cam Skattebo: 110+ rushing yards,0.0700,0.0900,0.0900,3200.00,3200.00,active,2026-09-29T17:00:00Z,2026-09-26T14:52:17+00:00
KXNFLRSHYDS-26SEP27TENNYG,KXNFLRSHYDS,KXNFLRSHYDS-26SEP27TENNYG-TENTPOLLARD20-40,Tony Pollard: 40+ rushing yards,0.6300,0.6500,0.6600,122.40,122.40,active,2026-09-29T17:00:00Z,2026-09-26T14:52:17+00:00
KXNFLRSHYDS-26SEP27TENNYG,KXNFLRSHYDS,KXNFLRSHYDS-26SEP27TENNYG-NYGJWINSTON19-10,Jameis Winston: 10+ rushing yards,0.3800,0.3900,0.3800,1580.83,1580.83,active,2026-09-29T17:00:00Z,2026-09-26T14:52:17+00:00
KXNFLRSHYDS-26SEP27TENNYG,KXNFLRSHYDS,KXNFLRSHYDS-26SEP27TENNYG-TENTPOLLARD20-25,Tony Pollard: 25+ rushing yards,0.7800,0.8300,0.0000,0.00,0.00,active,2026-09-29T17:00:00Z,2026-09-26T14:52:17+00:00
KXNFLRSHYDS-26SEP27TENNYG,KXNFLRSHYDS,KXNFLRSHYDS-26SEP27TENNYG-NYGCSKATTEBO44-30,Cam Skattebo: 30+ rushing yards,0.8100,0.8300,0.8400,26.00,26.00,active,2026-09-29T17:00:00Z,2026-09-26T14:52:17+00:00
KXNFLRSHYDS-26SEP27TENNYG,KXNFLRSHYDS,KXNFLRSHYDS-26SEP27TENNYG-TENCWARD1-25,Cam Ward: 25+ rushing yards,0.1900,0.2100,0.2000,1052.00,1052.00,active,2026-09-29T17:00:00Z,2026-09-26T14:52:17+00:00
KXNFLRSHYDS-26SEP27TENNYG,KXNFLRSHYDS,KXNFLRSHYDS-26SEP27TENNYG-TENCWARD1-30,Cam Ward: 30+ rushing yards,0.1300,0.1400,0.1400,798.00,798.00,active,2026-09-29T17:00:00Z,2026-09-26T14:52:17+00:00
KXNFLRSHYDS-26SEP27TENNYG,KXNFLRSHYDS,KXNFLRSHYDS-26SEP27TENNYG-NYGCSKATTEBO44-120,Cam Skattebo: 120+ rushing yards,0.0500,0.0600,0.0600,3953.00,3953.00,active,2026-09-29T17:00:00Z,2026-09-26T14:52:17+00:00
KXNFLRSHYDS-26SEP27TENNYG,KXNFLRSHYDS,KXNFLRSHYDS-26SEP27TENNYG-NYGCSKATTEBO44-70,Cam Skattebo: 70+ rushing yards,0.3500,0.3700,0.3700,3314.22,2796.52,active,2026-09-29T17:00:00Z,2026-09-26T14:52:17+00:00
KXNFLRSHYDS-26SEP27TENNYG,KXNFLRSHYDS,KXNFLRSHYDS-26SEP27TENNYG-NYGCSKATTEBO44-50,Cam Skattebo: 50+ rushing yards,0.5800,0.6000,0.6000,2241.84,2237.84,active,2026-09-29T17:00:00Z,2026-09-26T14:52:17+00:00
KXNFLRSHYDS-26SEP28PHICHI,KXNFLRSHYDS,KXNFLRSHYDS-26SEP28PHICHI-PHIJHURTS1-25,Jalen Hurts: 25+ rushing yards,0.4800,0.5000,0.5000,289.56,278.20,active,2026-10-01T00:15:00Z,2026-09-26T14:52:17+00:00
KXNFLRSHYDS-26SEP28PHICHI,KXNFLRSHYDS,KXNFLRSHYDS-26SEP28PHICHI-CHIDSWIFT4-40,D'Andre Swift: 40+ rushing yards,0.6800,0.7400,0.7400,24.12,23.12,active,2026-10-01T00:15:00Z,2026-09-26T14:52:17+00:00
KXNFLRSHYDS-26SEP28PHICHI,KXNFLRSHYDS,KXNFLRSHYDS-26SEP28PHICHI-PHISBARKLEY26-80,Saquon Barkley: 80+ rushing yards,0.3700,0.4200,0.4300,4.47,4.47,active,2026-10-01T00:15:00Z,2026-09-26T14:52:17+00:00
KXNFLRSHYDS-26SEP28PHICHI,KXNFLRSHYDS,KXNFLRSHYDS-26SEP28PHICHI-PHISBARKLEY26-40,Saquon Barkley: 40+ rushing yards,0.8000,0.8500,0.0000,0.00,0.00,active,2026-10-01T00:15:00Z,2026-09-26T14:52:17+00:00
KXNFLRSHYDS-26SEP28PHICHI,KXNFLRSHYDS,KXNFLRSHYDS-26SEP28PHICHI-CHIDSWIFT4-140,D'Andre Swift: 140+ rushing yards,0.0200,0.0600,0.0000,0.00,0.00,active,2026-10-01T00:15:00Z,2026-09-26T14:52:17+00:00
KXNFLRSHYDS-26SEP28PHICHI,KXNFLRSHYDS,KXNFLRSHYDS-26SEP28PHICHI-PHISBARKLEY26-90,Saquon Barkley: 90+ rushing yards,0.2700,0.3300,0.3300,71.40,71.40,active,2026-10-01T00:15:00Z,2026-09-26T14:52:17+00:00
KXNFLRSHYDS-26SEP28PHICHI,KXNFLRSHYDS,KXNFLRSHYDS-26SEP28PHICHI-CHIKMONANGAI25-90,Kyle Monangai: 90+ rushing yards,0.0200,0.0900,0.0000,0.00,0.00,active,2026-10-01T00:15:00Z,2026-09-26T14:52:17+00:00
KXNFLRSHYDS-26SEP28PHICHI,KXNFLRSHYDS,KXNFLRSHYDS-26SEP28PHICHI-CHIDSWIFT4-120,D'Andre Swift: 120+ rushing yards,0.0400,0.0900,0.0000,0.00,0.00,active,2026-10-01T00:15:00Z,2026-09-26T14:52:17+00:00
KXNFLRSHYDS-26SEP28PHICHI,KXNFLRSHYDS,KXNFLRSHYDS-26SEP28PHICHI-PHISBARKLEY26-100,Saquon Barkley: 100+ rushing yards,0.1900,0.2500,0.2000,11.00,11.00,active,2026-10-01T00:15:00Z,2026-09-26T14:52:17+00:00
KXNFLRSHYDS-26SEP28PHICHI,KXNFLRSHYDS,KXNFLRSHYDS-26SEP28PHICHI-PHISBARKLEY26-70,Saquon Barkley: 70+ rushing yards,0.4800,0.5300,0.4800,66.51,66.51,active,2026-10-01T00:15:00Z,2026-09-26T14:52:17+00:00
KXNFLRSHYDS-26SEP28PHICHI,KXNFLRSHYDS,KXNFLRSHYDS-26SEP28PHICHI-PHISBARKLEY26-50,Saquon Barkley: 50+ rushing yards,0.7000,0.7600,0.0000,0.00,0.00,active,2026-10-01T00:15:00Z,2026-09-26T14:52:17+00:00
KXNFLRSHYDS-26SEP28PHICHI,KXNFLRSHYDS,KXNFLRSHYDS-26SEP28PHICHI-CHIDSWIFT4-110,D'Andre Swift: 110+ rushing yards,0.0800,0.1200,0.1100,18.01,18.01,active,2026-10-01T00:15:00Z,2026-09-26T14:52:17+00:00
KXNFLRSHYDS-26SEP28PHICHI,KXNFLRSHYDS,KXNFLRSHYDS-26SEP28PHICHI-PHIJHURTS1-40,Jalen Hurts: 40+ rushing yards,0.2000,0.2400,0.2500,17.40,17.40,active,2026-10-01T00:15:00Z,2026-09-26T14:52:17+00:00
KXNFLRSHYDS-26SEP28PHICHI,KXNFLRSHYDS,KXNFLRSHYDS-26SEP28PHICHI-CHIKMONANGAI25-80,Kyle Monangai: 80+ rushing yards,0.0700,0.1200,0.0000,0.00,0.00,active,2026-10-01T00:15:00Z,2026-09-26T14:52:17+00:00
KXNFLRSHYDS-26SEP28PHICHI,KXNFLRSHYDS,KXNFLRSHYDS-26SEP28PHICHI-PHIJHURTS1-60,Jalen Hurts: 60+ rushing yards,0.0400,0.0900,0.0500,6.00,6.00,active,2026-10-01T00:15:00Z,2026-09-26T14:52:17+00:00
KXNFLRSHYDS-26SEP28PHICHI,KXNFLRSHYDS,KXNFLRSHYDS-26SEP28PHICHI-CHIDSWIFT4-50,D'Andre Swift: 50+ rushing yards,0.5600,0.6300,0.6500,8.00,8.00,active,2026-10-01T00:15:00Z,2026-09-26T14:52:17+00:00
KXNFLRSHYDS-26SEP28PHICHI,KXNFLRSHYDS,KXNFLRSHYDS-26SEP28PHICHI-PHIJHURTS1-15,Jalen Hurts: 15+ rushing yards,0.7100,0.7300,0.7200,1.00,1.00,active,2026-10-01T00:15:00Z,2026-09-26T14:52:17+00:00
KXNFLRSHYDS-26SEP28PHICHI,KXNFLRSHYDS,KXNFLRSHYDS-26SEP28PHICHI-CHIKMONANGAI25-60,Kyle Monangai: 60+ rushing yards,0.2500,0.2600,0.0000,0.00,0.00,active,2026-10-01T00:15:00Z,2026-09-26T14:52:17+00:00
KXNFLRSHYDS-26SEP28PHICHI,KXNFLRSHYDS,KXNFLRSHYDS-26SEP28PHICHI-PHISBARKLEY26-60,Saquon Barkley: 60+ rushing yards,0.5900,0.6600,0.0000,0.00,0.00,active,2026-10-01T00:15:00Z,2026-09-26T14:52:17+00:00
KXNFLRSHYDS-26SEP28PHICHI,KXNFLRSHYDS,KXNFLRSHYDS-26SEP28PHICHI-PHIJHURTS1-30,Jalen Hurts: 30+ rushing yards,0.3600,0.3900,0.3900,858.79,858.79,active,2026-10-01T00:15:00Z,2026-09-26T14:52:17+00:00
KXNFLRSHYDS-26SEP28PHICHI,KXNFLRSHYDS,KXNFLRSHYDS-26SEP28PHICHI-PHISBARKLEY26-110,Saquon Barkley: 110+ rushing yards,0.1400,0.1600,0.0000,0.00,0.00,active,2026-10-01T00:15:00Z,2026-09-26T14:52:17+00:00
KXNFLRSHYDS-26SEP28PHICHI,KXNFLRSHYDS,KXNFLRSHYDS-26SEP28PHICHI-CHIDSWIFT4-70,D'Andre Swift: 70+ rushing yards,0.3400,0.3600,0.3400,1027.26,1014.50,active,2026-10-01T00:15:00Z,2026-09-26T14:52:17+00:00
KXNFLRSHYDS-26SEP28PHICHI,KXNFLRSHYDS,KXNFLRSHYDS-26SEP28PHICHI-PHISBARKLEY26-130,Saquon Barkley: 130+ rushing yards,0.0500,0.1000,0.0000,0.00,0.00,active,2026-10-01T00:15:00Z,2026-09-26T14:52:17+00:00
KXNFLRSHYDS-26SEP28PHICHI,KXNFLRSHYDS,KXNFLRSHYDS-26SEP28PHICHI-CHIKMONANGAI25-100,Kyle Monangai: 100+ rushing yards,0.0500,0.0600,0.0000,0.00,0.00,active,2026-10-01T00:15:00Z,2026-09-26T14:52:17+00:00
KXNFLRSHYDS-26SEP28PHICHI,KXNFLRSHYDS,KXNFLRSHYDS-26SEP28PHICHI-PHISBARKLEY26-120,Saquon Barkley: 120+ rushing yards,0.0700,0.1300,0.0000,0.00,0.00,active,2026-10-01T00:15:00Z,2026-09-26T14:52:17+00:00
KXNFLRSHYDS-26SEP28PHICHI,KXNFLRSHYDS,KXNFLRSHYDS-26SEP28PHICHI-PHISBARKLEY26-150,Saquon Barkley: 150+ rushing yards,0.0100,0.0600,0.0000,0.00,0.00,active,2026-10-01T00:15:00Z,2026-09-26T14:52:17+00:00
KXNFLRSHYDS-26SEP28PHICHI,KXNFLRSHYDS,KXNFLRSHYDS-26SEP28PHICHI-PHIJHURTS1-70,Jalen Hurts: 70+ rushing yards,0.0100,0.0600,0.0000,0.00,0.00,active,2026-10-01T00:15:00Z,2026-09-26T14:52:17+00:00
KXNFLRSHYDS-26SEP28PHICHI,KXNFLRSHYDS,KXNFLRSHYDS-26SEP28PHICHI-CHIKMONANGAI25-25,Kyle Monangai: 25+ rushing yards,0.7200,0.7500,0.0000,0.00,0.00,active,2026-10-01T00:15:00Z,2026-09-26T14:52:17+00:00
KXNFLRSHYDS-26SEP28PHICHI,KXNFLRSHYDS,KXNFLRSHYDS-26SEP28PHICHI-CHIDSWIFT4-150,D'Andre Swift: 150+ rushing yards,0.0100,0.0400,0.0000,0.00,0.00,active,2026-10-01T00:15:00Z,2026-09-26T14:52:17+00:00
KXNFLRSHYDS-26SEP28PHICHI,KXNFLRSHYDS,KXNFLRSHYDS-26SEP28PHICHI-CHIDSWIFT4-100,D'Andre Swift: 100+ rushing yards,0.1200,0.1600,0.0000,0.00,0.00,active,2026-10-01T00:15:00Z,2026-09-26T14:52:17+00:00
KXNFLRSHYDS-26SEP28PHICHI,KXNFLRSHYDS,KXNFLRSHYDS-26SEP28PHICHI-CHIKMONANGAI25-70,Kyle Monangai: 70+ rushing yards,0.1300,0.1800,0.1300,11.00,11.00,active,2026-10-01T00:15:00Z,2026-09-26T14:52:17+00:00
KXNFLRSHYDS-26SEP28PHICHI,KXNFLRSHYDS,KXNFLRSHYDS-26SEP28PHICHI-CHIKMONANGAI25-40,Kyle Monangai: 40+ rushing yards,0.4900,0.5300,0.5300,31.71,31.71,active,2026-10-01T00:15:00Z,2026-09-26T14:52:17+00:00
KXNFLRSHYDS-26SEP28PHICHI,KXNFLRSHYDS,KXNFLRSHYDS-26SEP28PHICHI-CHIKMONANGAI25-20,Kyle Monangai: 20+ rushing yards,0.7700,0.8100,0.0000,0.00,0.00,active,2026-10-01T00:15:00Z,2026-09-26T14:52:17+00:00
KXNFLRSHYDS-26SEP28PHICHI,KXNFLRSHYDS,KXNFLRSHYDS-26SEP28PHICHI-CHIDSWIFT4-60,D'Andre Swift: 60+ rushing yards,0.4700,0.4800,0.4700,1476.89,1450.51,active,2026-10-01T00:15:00Z,2026-09-26T14:52:17+00:00
KXNFLRSHYDS-26SEP28PHICHI,KXNFLRSHYDS,KXNFLRSHYDS-26SEP28PHICHI-PHISBARKLEY26-140,Saquon Barkley: 140+ rushing yards,0.0200,0.0800,0.0000,0.00,0.00,active,2026-10-01T00:15:00Z,2026-09-26T14:52:17+00:00
KXNFLRSHYDS-26SEP28PHICHI,KXNFLRSHYDS,KXNFLRSHYDS-26SEP28PHICHI-CHIKMONANGAI25-30,Kyle Monangai: 30+ rushing yards,0.6400,0.6800,0.0000,0.00,0.00,active,2026-10-01T00:15:00Z,2026-09-26T14:52:17+00:00
KXNFLRSHYDS-26SEP28PHICHI,KXNFLRSHYDS,KXNFLRSHYDS-26SEP28PHICHI-CHIKMONANGAI25-50,Kyle Monangai: 50+ rushing yards,0.3500,0.3800,0.0000,0.00,0.00,active,2026-10-01T00:15:00Z,2026-09-26T14:52:17+00:00
KXNFLRSHYDS-26SEP28PHICHI,KXNFLRSHYDS,KXNFLRSHYDS-26SEP28PHICHI-CHIDSWIFT4-80,D'Andre Swift: 80+ rushing yards,0.2500,0.2800,0.3600,6.31,6.31,active,2026-10-01T00:15:00Z,2026-09-26T14:52:17+00:00
KXNFLRSHYDS-26SEP28PHICHI,KXNFLRSHYDS,KXNFLRSHYDS-26SEP28PHICHI-CHIDSWIFT4-130,D'Andre Swift: 130+ rushing yards,0.0100,0.0700,0.0000,0.00,0.00,active,2026-10-01T00:15:00Z,2026-09-26T14:52:17+00:00
KXNFLRSHYDS-26SEP28PHICHI,KXNFLRSHYDS,KXNFLRSHYDS-26SEP28PHICHI-PHIJHURTS1-20,Jalen Hurts: 20+ rushing yards,0.5900,0.6200,0.5600,61.54,58.45,active,2026-10-01T00:15:00Z,2026-09-26T14:52:17+00:00
KXNFLRSHYDS-26SEP28PHICHI,KXNFLRSHYDS,KXNFLRSHYDS-26SEP28PHICHI-CHIDSWIFT4-90,D'Andre Swift: 90+ rushing yards,0.1700,0.2100,0.0000,0.00,0.00,active,2026-10-01T00:15:00Z,2026-09-26T14:52:17+00:00
KXNFLRSHYDS-26SEP28PHICHI,KXNFLRSHYDS,KXNFLRSHYDS-26SEP28PHICHI-PHIJHURTS1-10,Jalen Hurts: 10+ rushing yards,0.8200,0.8400,0.8500,17.04,17.04,active,2026-10-01T00:15:00Z,2026-09-26T14:52:17+00:00
KXNFLRSHYDS-26SEP28PHICHI,KXNFLRSHYDS,KXNFLRSHYDS-26SEP28PHICHI-PHIJHURTS1-50,Jalen Hurts: 50+ rushing yards,0.0900,0.1400,0.1500,29.87,29.87,active,2026-10-01T00:15:00Z,2026-09-26T14:52:17+00:00
KXNFLPASSYDS-26SEP27ARISF,KXNFLPASSYDS,KXNFLPASSYDS-26SEP27ARISF-SFBPURDY13-200,Brock Purdy: 200+ passing yards,0.7100,0.7200,0.7300,216.37,210.37,active,2026-09-29T20:05:00Z,2026-09-26T14:52:17+00:00
KXNFLPASSYDS-26SEP27ARISF,KXNFLPASSYDS,KXNFLPASSYDS-26SEP27ARISF-SFBPURDY13-350,Brock Purdy: 350+ passing yards,0.0500,0.0600,0.0700,2026.82,2026.82,active,2026-09-29T20:05:00Z,2026-09-26T14:52:17+00:00
KXNFLPASSYDS-26SEP27ARISF,KXNFLPASSYDS,KXNFLPASSYDS-26SEP27ARISF-SFBPURDY13-250,Brock Purdy: 250+ passing yards,0.4200,0.4300,0.4400,1577.11,1560.93,active,2026-09-29T20:05:00Z,2026-09-26T14:52:17+00:00
KXNFLPASSYDS-26SEP27ARISF,KXNFLPASSYDS,KXNFLPASSYDS-26SEP27ARISF-SFBPURDY13-175,Brock Purdy: 175+ passing yards,0.8200,0.8300,0.8300,469.56,469.56,active,2026-09-29T20:05:00Z,2026-09-26T14:52:17+00:00
KXNFLPASSYDS-26SEP27ARISF,KXNFLPASSYDS,KXNFLPASSYDS-26SEP27ARISF-SFBPURDY13-225,Brock Purdy: 225+ passing yards,0.5800,0.5900,0.5900,379.33,379.33,active,2026-09-29T20:05:00Z,2026-09-26T14:52:17+00:00
KXNFLPASSYDS-26SEP27ARISF,KXNFLPASSYDS,KXNFLPASSYDS-26SEP27ARISF-SFBPURDY13-275,Brock Purdy: 275+ passing yards,0.2700,0.2900,0.3000,4224.36,4224.19,active,2026-09-29T20:05:00Z,2026-09-26T14:52:17+00:00
KXNFLPASSYDS-26SEP27ARISF,KXNFLPASSYDS,KXNFLPASSYDS-26SEP27ARISF-ARIJBRISSETT7-250,Jacoby Brissett: 250+ passing yards,0.3300,0.3600,0.3600,264.68,254.68,active,2026-09-29T20:05:00Z,2026-09-26T14:52:17+00:00
KXNFLPASSYDS-26SEP27ARISF,KXNFLPASSYDS,KXNFLPASSYDS-26SEP27ARISF-ARIJBRISSETT7-175,Jacoby Brissett: 175+ passing yards,0.7700,0.7900,0.7700,442.00,442.00,active,2026-09-29T20:05:00Z,2026-09-26T14:52:17+00:00
KXNFLPASSYDS-26SEP27ARISF,KXNFLPASSYDS,KXNFLPASSYDS-26SEP27ARISF-SFBPURDY13-325,Brock Purdy: 325+ passing yards,0.0800,0.1200,0.0000,0.00,0.00,active,2026-09-29T20:05:00Z,2026-09-26T14:52:17+00:00
KXNFLPASSYDS-26SEP27ARISF,KXNFLPASSYDS,KXNFLPASSYDS-26SEP27ARISF-ARIJBRISSETT7-275,Jacoby Brissett: 275+ passing yards,0.2200,0.2500,0.2500,124.50,124.50,active,2026-09-29T20:05:00Z,2026-09-26T14:52:17+00:00
KXNFLPASSYDS-26SEP27ARISF,KXNFLPASSYDS,KXNFLPASSYDS-26SEP27ARISF-ARIJBRISSETT7-325,Jacoby Brissett: 325+ passing yards,0.0600,0.0900,0.0900,119.67,119.67,active,2026-09-29T20:05:00Z,2026-09-26T14:52:17+00:00
KXNFLPASSYDS-26SEP27ARISF,KXNFLPASSYDS,KXNFLPASSYDS-26SEP27ARISF-ARIJBRISSETT7-300,Jacoby Brissett: 300+ passing yards,0.1300,0.1600,0.1200,357.31,356.75,active,2026-09-29T20:05:00Z,2026-09-26T14:52:17+00:00
KXNFLPASSYDS-26SEP27ARISF,KXNFLPASSYDS,KXNFLPASSYDS-26SEP27ARISF-ARIJBRISSETT7-350,Jacoby Brissett: 350+ passing yards,0.0500,0.0600,0.0000,0.00,0.00,active,2026-09-29T20:05:00Z,2026-09-26T14:52:17+00:00
KXNFLPASSYDS-26SEP27ARISF,KXNFLPASSYDS,KXNFLPASSYDS-26SEP27ARISF-ARIJBRISSETT7-225,Jacoby Brissett: 225+ passing yards,0.5100,0.5200,0.5200,649.69,493.39,active,2026-09-29T20:05:00Z,2026-09-26T14:52:17+00:00
KXNFLPASSYDS-26SEP27ARISF,KXNFLPASSYDS,KXNFLPASSYDS-26SEP27ARISF-ARIJBRISSETT7-150,Jacoby Brissett: 150+ passing yards,0.8600,0.8800,0.8700,559.99,559.99,active,2026-09-29T20:05:00Z,2026-09-26T14:52:17+00:00
KXNFLPASSYDS-26SEP27ARISF,KXNFLPASSYDS,KXNFLPASSYDS-26SEP27ARISF-SFBPURDY13-150,Brock Purdy: 150+ passing yards,0.8900,0.9000,0.9000,100.46,99.44,active,2026-09-29T20:05:00Z,2026-09-26T14:52:17+00:00
KXNFLPASSYDS-26SEP27ARISF,KXNFLPASSYDS,KXNFLPASSYDS-26SEP27ARISF-ARIJBRISSETT7-200,Jacoby Brissett: 200+ passing yards,0.6400,0.6700,0.6700,42.11,42.11,active,2026-09-29T20:05:00Z,2026-09-26T14:52:17+00:00
KXNFLPASSYDS-26SEP27ARISF,KXNFLPASSYDS,KXNFLPASSYDS-26SEP27ARISF-SFBPURDY13-300,Brock Purdy: 300+ passing yards,0.1600,0.2000,0.1800,161.50,161.50,active,2026-09-29T20:05:00Z,2026-09-26T14:52:17+00:00
KXNFLPASSYDS-26SEP27BALDAL,KXNFLPASSYDS,KXNFLPASSYDS-26SEP27BALDAL-DALDPRESCOTT4-375,Dak Prescott: 375+ passing yards,0.0500,0.0900,0.0700,12.00,11.00,active,2026-09-29T20:25:00Z,2026-09-26T14:52:17+00:00
KXNFLPASSYDS-26SEP27BALDAL,KXNFLPASSYDS,KXNFLPASSYDS-26SEP27BALDAL-BALLJACKSON8-175,Lamar Jackson: 175+ passing yards,0.8200,0.8300,0.8300,53.88,53.88,active,2026-09-29T20:25:00Z,2026-09-26T14:52:17+00:00
KXNFLPASSYDS-26SEP27BALDAL,KXNFLPASSYDS,KXNFLPASSYDS-26SEP27BALDAL-DALDPRESCOTT4-175,Dak Prescott: 175+ passing yards,0.8900,0.9000,0.9100,492.98,492.98,active,2026-09-29T20:25:00Z,2026-09-26T14:52:17+00:00
KXNFLPASSYDS-26SEP27BALDAL,KXNFLPASSYDS,KXNFLPASSYDS-26SEP27BALDAL-DALDPRESCOTT4-400,Dak Prescott: 400+ passing yards,0.0200,0.0400,0.0100,699.60,374.80,active,2026-09-29T20:25:00Z,2026-09-26T14:52:17+00:00
KXNFLPASSYDS-26SEP27BALDAL,KXNFLPASSYDS,KXNFLPASSYDS-26SEP27BALDAL-DALDPRESCOTT4-300,Dak Prescott: 300+ passing yards,0.2900,0.3200,0.3200,424.62,424.62,active,2026-09-29T20:25:00Z,2026-09-26T14:52:17+00:00
KXNFLPASSYDS-26SEP27BALDAL,KXNFLPASSYDS,KXNFLPASSYDS-26SEP27BALDAL-BALLJACKSON8-225,Lamar Jackson: 225+ passing yards,0.5800,0.6000,0.5800,146.63,140.11,active,2026-09-29T20:25:00Z,2026-09-26T14:52:17+00:00
KXNFLPASSYDS-26SEP27BALDAL,KXNFLPASSYDS,KXNFLPASSYDS-26SEP27BALDAL-DALDPRESCOTT4-225,Dak Prescott: 225+ passing yards,0.7200,0.7400,0.7200,385.15,373.52,active,2026-09-29T20:25:00Z,2026-09-26T14:52:17+00:00
KXNFLPASSYDS-26SEP27BALDAL,KXNFLPASSYDS,KXNFLPASSYDS-26SEP27BALDAL-BALLJACKSON8-275,Lamar Jackson: 275+ passing yards,0.2900,0.3200,0.3200,73.00,73.00,active,2026-09-29T20:25:00Z,2026-09-26T14:52:17+00:00
KXNFLPASSYDS-26SEP27BALDAL,KXNFLPASSYDS,KXNFLPASSYDS-26SEP27BALDAL-DALDPRESCOTT4-350,Dak Prescott: 350+ passing yards,0.1000,0.1300,0.1400,85.57,85.57,active,2026-09-29T20:25:00Z,2026-09-26T14:52:17+00:00
KXNFLPASSYDS-26SEP27BALDAL,KXNFLPASSYDS,KXNFLPASSYDS-26SEP27BALDAL-DALDPRESCOTT4-250,Dak Prescott: 250+ passing yards,0.5700,0.5900,0.6000,331.19,331.19,active,2026-09-29T20:25:00Z,2026-09-26T14:52:17+00:00
KXNFLPASSYDS-26SEP27BALDAL,KXNFLPASSYDS,KXNFLPASSYDS-26SEP27BALDAL-BALLJACKSON8-250,Lamar Jackson: 250+ passing yards,0.4300,0.4600,0.4600,1190.65,1182.59,active,2026-09-29T20:25:00Z,2026-09-26T14:52:17+00:00
KXNFLPASSYDS-26SEP27BALDAL,KXNFLPASSYDS,KXNFLPASSYDS-26SEP27BALDAL-BALLJACKSON8-300,Lamar Jackson: 300+ passing yards,0.1900,0.2200,0.1500,115.62,85.60,active,2026-09-29T20:25:00Z,2026-09-26T14:52:17+00:00
KXNFLPASSYDS-26SEP27BALDAL,KXNFLPASSYDS,KXNFLPASSYDS-26SEP27BALDAL-BALLJACKSON8-200,Lamar Jackson: 200+ passing yards,0.7200,0.7300,0.7300,422.62,422.62,active,2026-09-29T20:25:00Z,2026-09-26T14:52:17+00:00
KXNFLPASSYDS-26SEP27BALDAL,KXNFLPASSYDS,KXNFLPASSYDS-26SEP27BALDAL-BALLJACKSON8-150,Lamar Jackson: 150+ passing yards,0.8900,0.9000,0.9000,63.03,63.02,active,2026-09-29T20:25:00Z,2026-09-26T14:52:17+00:00
KXNFLPASSYDS-26SEP27BALDAL,KXNFLPASSYDS,KXNFLPASSYDS-26SEP27BALDAL-DALDPRESCOTT4-325,Dak Prescott: 325+ passing yards,0.1800,0.2100,0.2200,31.48,31.48,active,2026-09-29T20:25:00Z,2026-09-26T14:52:17+00:00
KXNFLPASSYDS-26SEP27BALDAL,KXNFLPASSYDS,KXNFLPASSYDS-26SEP27BALDAL-DALDPRESCOTT4-275,Dak Prescott: 275+ passing yards,0.4500,0.4600,0.4600,1556.22,1544.98,active,2026-09-29T20:25:00Z,2026-09-26T14:52:17+00:00
KXNFLPASSYDS-26SEP27BALDAL,KXNFLPASSYDS,KXNFLPASSYDS-26SEP27BALDAL-BALLJACKSON8-350,Lamar Jackson: 350+ passing yards,0.0500,0.0800,0.0800,93.87,93.87,active,2026-09-29T20:25:00Z,2026-09-26T14:52:17+00:00
KXNFLPASSYDS-26SEP27BALDAL,KXNFLPASSYDS,KXNFLPASSYDS-26SEP27BALDAL-BALLJACKSON8-375,Lamar Jackson: 375+ passing yards,0.0500,0.0600,0.0000,0.00,0.00,active,2026-09-29T20:25:00Z,2026-09-26T14:52:17+00:00
KXNFLPASSYDS-26SEP27BALDAL,KXNFLPASSYDS,KXNFLPASSYDS-26SEP27BALDAL-DALDPRESCOTT4-200,Dak Prescott: 200+ passing yards,0.8200,0.8400,0.8400,52.94,52.94,active,2026-09-29T20:25:00Z,2026-09-26T14:52:17+00:00
KXNFLPASSYDS-26SEP27BALDAL,KXNFLPASSYDS,KXNFLPASSYDS-26SEP27BALDAL-BALLJACKSON8-325,Lamar Jackson: 325+ passing yards,0.1000,0.1400,0.1400,460.81,429.81,active,2026-09-29T20:25:00Z,2026-09-26T14:52:17+00:00
KXNFLPASSYDS-26SEP27CARCLE,KXNFLPASSYDS,KXNFLPASSYDS-26SEP27CARCLE-CLEDWATSON4-325,Deshaun Watson: 325+ passing yards,0.0100,0.0500,0.0100,137.13,137.13,active,2026-09-29T17:00:00Z,2026-09-26T14:52:17+00:00
KXNFLPASSYDS-26SEP27CARCLE,KXNFLPASSYDS,KXNFLPASSYDS-26SEP27CARCLE-CARBYOUNG9-325,Bryce Young: 325+ passing yards,0.0800,0.1000,0.1000,1020.44,970.55,active,2026-09-29T17:00:00Z,2026-09-26T14:52:17+00:00
KXNFLPASSYDS-26SEP27CARCLE,KXNFLPASSYDS,KXNFLPASSYDS-26SEP27CARCLE-CLEDWATSON4-275,Deshaun Watson: 275+ passing yards,0.0800,0.1100,0.0900,110.46,109.61,active,2026-09-29T17:00:00Z,2026-09-26T14:52:17+00:00
KXNFLPASSYDS-26SEP27CARCLE,KXNFLPASSYDS,KXNFLPASSYDS-26SEP27CARCLE-CLEDWATSON4-150,Deshaun Watson: 150+ passing yards,0.7500,0.7600,0.7300,9.00,9.00,active,2026-09-29T17:00:00Z,2026-09-26T14:52:17+00:00
KXNFLPASSYDS-26SEP27CARCLE,KXNFLPASSYDS,KXNFLPASSYDS-26SEP27CARCLE-CLEDWATSON4-250,Deshaun Watson: 250+ passing yards,0.1600,0.1900,0.1700,831.33,831.33,active,2026-09-29T17:00:00Z,2026-09-26T14:52:17+00:00
KXNFLPASSYDS-26SEP27CARCLE,KXNFLPASSYDS,KXNFLPASSYDS-26SEP27CARCLE-CLEDWATSON4-300,Deshaun Watson: 300+ passing yards,0.0500,0.0600,0.0000,0.00,0.00,active,2026-09-29T17:00:00Z,2026-09-26T14:52:17+00:00
KXNFLPASSYDS-26SEP27CARCLE,KXNFLPASSYDS,KXNFLPASSYDS-26SEP27CARCLE-CLEDWATSON4-200,Deshaun Watson: 200+ passing yards,0.4300,0.4600,0.4600,261.30,240.06,active,2026-09-29T17:00:00Z,2026-09-26T14:52:17+00:00
KXNFLPASSYDS-26SEP27CARCLE,KXNFLPASSYDS,KXNFLPASSYDS-26SEP27CARCLE-CLEDWATSON4-125,Deshaun Watson: 125+ passing yards,0.8200,0.8400,0.8100,579.70,566.70,active,2026-09-29T17:00:00Z,2026-09-26T14:52:17+00:00
KXNFLPASSYDS-26SEP27CARCLE,KXNFLPASSYDS,KXNFLPASSYDS-26SEP27CARCLE-CARBYOUNG9-250,Bryce Young: 250+ passing yards,0.3300,0.3600,0.3600,303.78,303.78,active,2026-09-29T17:00:00Z,2026-09-26T14:52:17+00:00
KXNFLPASSYDS-26SEP27CARCLE,KXNFLPASSYDS,KXNFLPASSYDS-26SEP27CARCLE-CARBYOUNG9-225,Bryce Young: 225+ passing yards,0.4700,0.4900,0.4900,2015.72,1940.55,active,2026-09-29T17:00:00Z,2026-09-26T14:52:17+00:00
KXNFLPASSYDS-26SEP27CARCLE,KXNFLPASSYDS,KXNFLPASSYDS-26SEP27CARCLE-CARBYOUNG9-200,Bryce Young: 200+ passing yards,0.6300,0.6500,0.6500,253.42,253.42,active,2026-09-29T17:00:00Z,2026-09-26T14:52:17+00:00
KXNFLPASSYDS-26SEP27CARCLE,KXNFLPASSYDS,KXNFLPASSYDS-26SEP27CARCLE-CARBYOUNG9-300,Bryce Young: 300+ passing yards,0.1200,0.1500,0.1400,574.77,557.74,active,2026-09-29T17:00:00Z,2026-09-26T14:52:17+00:00
KXNFLPASSYDS-26SEP27CARCLE,KXNFLPASSYDS,KXNFLPASSYDS-26SEP27CARCLE-CARBYOUNG9-275,Bryce Young: 275+ passing yards,0.2000,0.2300,0.2300,312.68,312.68,active,2026-09-29T17:00:00Z,2026-09-26T14:52:17+00:00
KXNFLPASSYDS-26SEP27CARCLE,KXNFLPASSYDS,KXNFLPASSYDS-26SEP27CARCLE-CARBYOUNG9-175,Bryce Young: 175+ passing yards,0.7500,0.7700,0.7600,273.94,273.94,active,2026-09-29T17:00:00Z,2026-09-26T14:52:17+00:00
KXNFLPASSYDS-26SEP27CARCLE,KXNFLPASSYDS,KXNFLPASSYDS-26SEP27CARCLE-CLEDWATSON4-175,Deshaun Watson: 175+ passing yards,0.5900,0.6200,0.0000,0.00,0.00,active,2026-09-29T17:00:00Z,2026-09-26T14:52:17+00:00
KXNFLPASSYDS-26SEP27CARCLE,KXNFLPASSYDS,KXNFLPASSYDS-26SEP27CARCLE-CARBYOUNG9-350,Bryce Young: 350+ passing yards,0.0500,0.0600,0.0700,60.00,60.00,active,2026-09-29T17:00:00Z,2026-09-26T14:52:17+00:00
KXNFLPASSYDS-26SEP27CARCLE,KXNFLPASSYDS,KXNFLPASSYDS-26SEP27CARCLE-CARBYOUNG9-150,Bryce Young: 150+ passing yards,0.8600,0.8700,0.8700,400.00,372.01,active,2026-09-29T17:00:00Z,2026-09-26T14:52:17+00:00
KXNFLPASSYDS-26SEP27CARCLE,KXNFLPASSYDS,KXNFLPASSYDS-26SEP27CARCLE-CLEDWATSON4-225,Deshaun Watson: 225+ passing yards,0.2700,0.3200,0.3100,80.77,80.77,active,2026-09-29T17:00:00Z,2026-09-26T14:52:17+00:00
KXNFLPASSYDS-26SEP27CINPIT,KXNFLPASSYDS,KXNFLPASSYDS-26SEP27CINPIT-CINJBURROW9-275,Joe Burrow: 275+ passing yards,0.3600,0.3800,0.3800,497.95,443.28,active,2026-09-29T17:00:00Z,2026-09-26T14:52:17+00:00
KXNFLPASSYDS-26SEP27CINPIT,KXNFLPASSYDS,KXNFLPASSYDS-26SEP27CINPIT-CINJBURROW9-250,Joe Burrow: 250+ passing yards,0.5200,0.5400,0.5300,2461.94,2213.23,active,2026-09-29T17:00:00Z,2026-09-26T14:52:17+00:00
KXNFLPASSYDS-26SEP27CINPIT,KXNFLPASSYDS,KXNFLPASSYDS-26SEP27CINPIT-CINJBURROW9-200,Joe Burrow: 200+ passing yards,0.7800,0.7900,0.7900,3815.74,1847.43,active,2026-09-29T17:00:00Z,2026-09-26T14:52:17+00:00
KXNFLPASSYDS-26SEP27CINPIT,KXNFLPASSYDS,KXNFLPASSYDS-26SEP27CINPIT-CINJBURROW9-175,Joe Burrow: 175+ passing yards,0.8700,0.8800,0.8900,3477.59,1792.28,active,2026-09-29T17:00:00Z,2026-09-26T14:52:17+00:00
KXNFLPASSYDS-26SEP27CINPIT,KXNFLPASSYDS,KXNFLPASSYDS-26SEP27CINPIT-CINJBURROW9-350,Joe Burrow: 350+ passing yards,0.0800,0.1000,0.1100,1293.65,1293.65,active,2026-09-29T17:00:00Z,2026-09-26T14:52:17+00:00
KXNFLPASSYDS-26SEP27CINPIT,KXNFLPASSYDS,KXNFLPASSYDS-26SEP27CINPIT-CINJBURROW9-300,Joe Burrow: 300+ passing yards,0.2300,0.2600,0.2400,673.82,673.82,active,2026-09-29T17:00:00Z,2026-09-26T14:52:17+00:00
KXNFLPASSYDS-26SEP27CINPIT,KXNFLPASSYDS,KXNFLPASSYDS-26SEP27CINPIT-CINJBURROW9-325,Joe Burrow: 325+ passing yards,0.1300,0.1600,0.1400,753.63,753.63,active,2026-09-29T17:00:00Z,2026-09-26T14:52:17+00:00
KXNFLPASSYDS-26SEP27CINPIT,KXNFLPASSYDS,KXNFLPASSYDS-26SEP27CINPIT-CINJBURROW9-225,Joe Burrow: 225+ passing yards,0.6600,0.6700,0.6700,4163.61,2342.46,active,2026-09-29T17:00:00Z,2026-09-26T14:52:17+00:00
KXNFLPASSYDS-26SEP27CINPIT,KXNFLPASSYDS,KXNFLPASSYDS-26SEP27CINPIT-PITARODGERS8-225,Aaron Rodgers: 225+ passing yards,0.4600,0.4800,0.4500,362.87,362.87,active,2026-09-29T17:00:00Z,2026-09-26T14:52:17+00:00
KXNFLPASSYDS-26SEP27HOUIND,KXNFLPASSYDS,KXNFLPASSYDS-26SEP27HOUIND-HOUCSTROUD7-200,C.J. Stroud: 200+ passing yards,0.7200,0.7400,0.7500,240.41,240.41,active,2026-09-29T17:00:00Z,2026-09-26T14:52:17+00:00
KXNFLPASSYDS-26SEP27HOUIND,KXNFLPASSYDS,KXNFLPASSYDS-26SEP27HOUIND-HOUCSTROUD7-250,C.J. Stroud: 250+ passing yards,0.4400,0.4500,0.4500,2204.61,2036.01,active,2026-09-29T17:00:00Z,2026-09-26T14:52:17+00:00
KXNFLPASSYDS-26SEP27HOUIND,KXNFLPASSYDS,KXNFLPASSYDS-26SEP27HOUIND-HOUCSTROUD7-225,C.J. Stroud: 225+ passing yards,0.5800,0.6000,0.6000,2985.56,2837.38,active,2026-09-29T17:00:00Z,2026-09-26T14:52:17+00:00
KXNFLPASSYDS-26SEP27HOUIND,KXNFLPASSYDS,KXNFLPASSYDS-26SEP27HOUIND-INDDJONES17-300,Daniel Jones: 300+ passing yards,0.0700,0.0900,0.1000,123.90,123.90,active,2026-09-29T17:00:00Z,2026-09-26T14:52:17+00:00
KXNFLPASSYDS-26SEP27HOUIND,KXNFLPASSYDS,KXNFLPASSYDS-26SEP27HOUIND-HOUCSTROUD7-325,C.J. Stroud: 325+ passing yards,0.1200,0.1400,0.1400,230.07,213.57,active,2026-09-29T17:00:00Z,2026-09-26T14:52:17+00:00
KXNFLPASSYDS-26SEP27HOUIND,KXNFLPASSYDS,KXNFLPASSYDS-26SEP27HOUIND-HOUCSTROUD7-275,C.J. Stroud: 275+ passing yards,0.3000,0.3300,0.3200,2089.47,2089.47,active,2026-09-29T17:00:00Z,2026-09-26T14:52:17+00:00
KXNFLPASSYDS-26SEP27HOUIND,KXNFLPASSYDS,KXNFLPASSYDS-26SEP27HOUIND-INDDJONES17-250,Daniel Jones: 250+ passing yards,0.2600,0.2800,0.0000,0.00,0.00,active,2026-09-29T17:00:00Z,2026-09-26T14:52:17+00:00
KXNFLPASSYDS-26SEP27HOUIND,KXNFLPASSYDS,KXNFLPASSYDS-26SEP27HOUIND-HOUCSTROUD7-150,C.J. Stroud: 150+ passing yards,0.9000,0.9100,0.8900,88.04,73.01,active,2026-09-29T17:00:00Z,2026-09-26T14:52:17+00:00
KXNFLPASSYDS-26SEP27HOUIND,KXNFLPASSYDS,KXNFLPASSYDS-26SEP27HOUIND-INDDJONES17-150,Daniel Jones: 150+ passing yards,0.8300,0.8500,0.8500,260.18,260.18,active,2026-09-29T17:00:00Z,2026-09-26T14:52:17+00:00
KXNFLPASSYDS-26SEP27HOUIND,KXNFLPASSYDS,KXNFLPASSYDS-26SEP27HOUIND-INDDJONES17-200,Daniel Jones: 200+ passing yards,0.5600,0.5900,0.5800,407.20,407.20,active,2026-09-29T17:00:00Z,2026-09-26T14:52:17+00:00
KXNFLPASSYDS-26SEP27HOUIND,KXNFLPASSYDS,KXNFLPASSYDS-26SEP27HOUIND-INDDJONES17-275,Daniel Jones: 275+ passing yards,0.1500,0.2000,0.0000,0.00,0.00,active,2026-09-29T17:00:00Z,2026-09-26T14:52:17+00:00
KXNFLPASSYDS-26SEP27HOUIND,KXNFLPASSYDS,KXNFLPASSYDS-26SEP27HOUIND-INDDJONES17-175,Daniel Jones: 175+ passing yards,0.7100,0.7400,0.7500,13.95,13.95,active,2026-09-29T17:00:00Z,2026-09-26T14:52:17+00:00
KXNFLPASSYDS-26SEP27HOUIND,KXNFLPASSYDS,KXNFLPASSYDS-26SEP27HOUIND-INDDJONES17-325,Daniel Jones: 325+ passing yards,0.0500,0.0700,0.0500,9.00,9.00,active,2026-09-29T17:00:00Z,2026-09-26T14:52:17+00:00
KXNFLPASSYDS-26SEP27HOUIND,KXNFLPASSYDS,KXNFLPASSYDS-26SEP27HOUIND-INDDJONES17-225,Daniel Jones: 225+ passing yards,0.4000,0.4100,0.4000,5745.56,5727.20,active,2026-09-29T17:00:00Z,2026-09-26T14:52:17+00:00
KXNFLPASSYDS-26SEP27HOUIND,KXNFLPASSYDS,KXNFLPASSYDS-26SEP27HOUIND-HOUCSTROUD7-350,C.J. Stroud: 350+ passing yards,0.0600,0.0700,0.0500,7.03,7.02,active,2026-09-29T17:00:00Z,2026-09-26T14:52:17+00:00
KXNFLPASSYDS-26SEP27HOUIND,KXNFLPASSYDS,KXNFLPASSYDS-26SEP27HOUIND-HOUCSTROUD7-300,C.J. Stroud: 300+ passing yards,0.1800,0.2000,0.1900,3273.84,3273.84,active,2026-09-29T17:00:00Z,2026-09-26T14:52:17+00:00
KXNFLPASSYDS-26SEP27HOUIND,KXNFLPASSYDS,KXNFLPASSYDS-26SEP27HOUIND-INDDJONES17-350,Daniel Jones: 350+ passing yards,0.0100,0.0300,0.0500,50.00,50.00,active,2026-09-29T17:00:00Z,2026-09-26T14:52:17+00:00
KXNFLPASSYDS-26SEP27HOUIND,KXNFLPASSYDS,KXNFLPASSYDS-26SEP27HOUIND-HOUCSTROUD7-175,C.J. Stroud: 175+ passing yards,0.8300,0.8600,0.8500,115.56,110.56,active,2026-09-29T17:00:00Z,2026-09-26T14:52:17+00:00
KXNFLPASSYDS-26SEP27KCMIA,KXNFLPASSYDS,KXNFLPASSYDS-26SEP27KCMIA-MIAMWILLIS2-200,Malik Willis: 200+ passing yards,0.3400,0.3800,0.3400,0.06,0.06,active,2026-09-29T17:00:00Z,2026-09-26T14:52:17+00:00
KXNFLPASSYDS-26SEP27KCMIA,KXNFLPASSYDS,KXNFLPASSYDS-26SEP27KCMIA-KCPMAHOMES15-350,Patrick Mahomes: 350+ passing yards,0.0500,0.0600,0.0700,2071.03,2071.03,active,2026-09-29T17:00:00Z,2026-09-26T14:52:17+00:00
KXNFLPASSYDS-26SEP27KCMIA,KXNFLPASSYDS,KXNFLPASSYDS-26SEP27KCMIA-KCPMAHOMES15-325,Patrick Mahomes: 325+ passing yards,0.0800,0.1100,0.1100,179.35,179.35,active,2026-09-29T17:00:00Z,2026-09-26T14:52:17+00:00
KXNFLPASSYDS-26SEP27KCMIA,KXNFLPASSYDS,KXNFLPASSYDS-26SEP27KCMIA-KCPMAHOMES15-275,Patrick Mahomes: 275+ passing yards,0.2700,0.2900,0.2900,4142.02,3195.02,active,2026-09-29T17:00:00Z,2026-09-26T14:52:17+00:00
KXNFLPASSYDS-26SEP27KCMIA,KXNFLPASSYDS,KXNFLPASSYDS-26SEP27KCMIA-KCPMAHOMES15-300,Patrick Mahomes: 300+ passing yards,0.1500,0.1800,0.1800,929.51,872.38,active,2026-09-29T17:00:00Z,2026-09-26T14:52:17+00:00
KXNFLPASSYDS-26SEP27KCMIA,KXNFLPASSYDS,KXNFLPASSYDS-26SEP27KCMIA-KCPMAHOMES15-150,Patrick Mahomes: 150+ passing yards,0.9000,0.9100,0.9100,330.97,329.88,active,2026-09-29T17:00:00Z,2026-09-26T14:52:17+00:00
KXNFLPASSYDS-26SEP27KCMIA,KXNFLPASSYDS,KXNFLPASSYDS-26SEP27KCMIA-KCPMAHOMES15-175,Patrick Mahomes: 175+ passing yards,0.8200,0.8300,0.8400,503.34,499.77,active,2026-09-29T17:00:00Z,2026-09-26T14:52:17+00:00
KXNFLPASSYDS-26SEP27KCMIA,KXNFLPASSYDS,KXNFLPASSYDS-26SEP27KCMIA-MIAMWILLIS2-225,Malik Willis: 225+ passing yards,0.2000,0.2400,0.2400,168.41,164.46,active,2026-09-29T17:00:00Z,2026-09-26T14:52:17+00:00
KXNFLPASSYDS-26SEP27KCMIA,KXNFLPASSYDS,KXNFLPASSYDS-26SEP27KCMIA-KCPMAHOMES15-250,Patrick Mahomes: 250+ passing yards,0.4100,0.4200,0.4200,7099.35,6110.24,active,2026-09-29T17:00:00Z,2026-09-26T14:52:17+00:00
KXNFLPASSYDS-26SEP27KCMIA,KXNFLPASSYDS,KXNFLPASSYDS-26SEP27KCMIA-MIAMWILLIS2-150,Malik Willis: 150+ passing yards,0.6700,0.7000,0.7000,151.41,151.41,active,2026-09-29T17:00:00Z,2026-09-26T14:52:17+00:00
KXNFLPASSYDS-26SEP27KCMIA,KXNFLPASSYDS,KXNFLPASSYDS-26SEP27KCMIA-MIAMWILLIS2-175,Malik Willis: 175+ passing yards,0.5000,0.5400,0.5300,903.64,895.52,active,2026-09-29T17:00:00Z,2026-09-26T14:52:17+00:00
KXNFLPASSYDS-26SEP27KCMIA,KXNFLPASSYDS,KXNFLPASSYDS-26SEP27KCMIA-MIAMWILLIS2-250,Malik Willis: 250+ passing yards,0.1000,0.1400,0.1300,1.01,1.01,active,2026-09-29T17:00:00Z,2026-09-26T14:52:17+00:00
KXNFLPASSYDS-26SEP27KCMIA,KXNFLPASSYDS,KXNFLPASSYDS-26SEP27KCMIA-KCPMAHOMES15-200,Patrick Mahomes: 200+ passing yards,0.7000,0.7200,0.7200,3835.90,3586.18,active,2026-09-29T17:00:00Z,2026-09-26T14:52:17+00:00
KXNFLPASSYDS-26SEP27KCMIA,KXNFLPASSYDS,KXNFLPASSYDS-26SEP27KCMIA-KCPMAHOMES15-225,Patrick Mahomes: 225+ passing yards,0.5600,0.5900,0.5800,7657.45,6652.27,active,2026-09-29T17:00:00Z,2026-09-26T14:52:17+00:00
KXNFLPASSYDS-26SEP27KCMIA,KXNFLPASSYDS,KXNFLPASSYDS-26SEP27KCMIA-MIAMWILLIS2-125,Malik Willis: 125+ passing yards,0.7800,0.8200,0.8100,285.32,285.32,active,2026-09-29T17:00:00Z,2026-09-26T14:52:17+00:00
KXNFLPASSYDS-26SEP27KCMIA,KXNFLPASSYDS,KXNFLPASSYDS-26SEP27KCMIA-MIAMWILLIS2-275,Malik Willis: 275+ passing yards,0.0600,0.1000,0.0600,38.01,38.01,active,2026-09-29T17:00:00Z,2026-09-26T14:52:17+00:00
KXNFLPASSYDS-26SEP27LACBUF,KXNFLPASSYDS,KXNFLPASSYDS-26SEP27LACBUF-LACJHERBERT10-275,Justin Herbert: 275+ passing yards,0.2400,0.2500,0.2500,1552.46,1552.46,active,2026-09-29T17:00:00Z,2026-09-26T14:52:17+00:00
KXNFLPASSYDS-26SEP27LACBUF,KXNFLPASSYDS,KXNFLPASSYDS-26SEP27LACBUF-BUFJALLEN17-325,Josh Allen: 325+ passing yards,0.1100,0.1300,0.1300,252.63,250.62,active,2026-09-29T17:00:00Z,2026-09-26T14:52:17+00:00
KXNFLPASSYDS-26SEP27LACBUF,KXNFLPASSYDS,KXNFLPASSYDS-26SEP27LACBUF-LACJHERBERT10-300,Justin Herbert: 300+ passing yards,0.1300,0.1600,0.1600,1819.95,1802.91,active,2026-09-29T17:00:00Z,2026-09-26T14:52:17+00:00
KXNFLPASSYDS-26SEP27LACBUF,KXNFLPASSYDS,KXNFLPASSYDS-26SEP27LACBUF-LACJHERBERT10-225,Justin Herbert: 225+ passing yards,0.5100,0.5200,0.5200,8663.13,7237.52,active,2026-09-29T17:00:00Z,2026-09-26T14:52:17+00:00
KXNFLPASSYDS-26SEP27LACBUF,KXNFLPASSYDS,KXNFLPASSYDS-26SEP27LACBUF-LACJHERBERT10-150,Justin Herbert: 150+ passing yards,0.8600,0.8700,0.8800,294.15,257.73,active,2026-09-29T17:00:00Z,2026-09-26T14:52:17+00:00
KXNFLPASSYDS-26SEP27LACBUF,KXNFLPASSYDS,KXNFLPASSYDS-26SEP27LACBUF-LACJHERBERT10-175,Justin Herbert: 175+ passing yards,0.7700,0.7800,0.7800,325.50,325.50,active,2026-09-29T17:00:00Z,2026-09-26T14:52:17+00:00
KXNFLPASSYDS-26SEP27LACBUF,KXNFLPASSYDS,KXNFLPASSYDS-26SEP27LACBUF-BUFJALLEN17-175,Josh Allen: 175+ passing yards,0.8200,0.8300,0.8400,533.54,533.54,active,2026-09-29T17:00:00Z,2026-09-26T14:52:17+00:00
KXNFLPASSYDS-26SEP27LACBUF,KXNFLPASSYDS,KXNFLPASSYDS-26SEP27LACBUF-LACJHERBERT10-250,Justin Herbert: 250+ passing yards,0.3500,0.3700,0.3800,821.30,799.42,active,2026-09-29T17:00:00Z,2026-09-26T14:52:17+00:00
KXNFLPASSYDS-26SEP27LACBUF,KXNFLPASSYDS,KXNFLPASSYDS-26SEP27LACBUF-BUFJALLEN17-275,Josh Allen: 275+ passing yards,0.2900,0.3200,0.3200,1330.17,1330.17,active,2026-09-29T17:00:00Z,2026-09-26T14:52:17+00:00
KXNFLPASSYDS-26SEP27LACBUF,KXNFLPASSYDS,KXNFLPASSYDS-26SEP27LACBUF-LACJHERBERT10-200,Justin Herbert: 200+ passing yards,0.6400,0.6700,0.6800,6375.94,6313.34,active,2026-09-29T17:00:00Z,2026-09-26T14:52:17+00:00
KXNFLPASSYDS-26SEP27LACBUF,KXNFLPASSYDS,KXNFLPASSYDS-26SEP27LACBUF-BUFJALLEN17-300,Josh Allen: 300+ passing yards,0.1800,0.2100,0.2100,2189.28,2072.10,active,2026-09-29T17:00:00Z,2026-09-26T14:52:17+00:00
KXNFLPASSYDS-26SEP27LACBUF,KXNFLPASSYDS,KXNFLPASSYDS-26SEP27LACBUF-BUFJALLEN17-200,Josh Allen: 200+ passing yards,0.7100,0.7300,0.7100,2027.03,1989.39,active,2026-09-29T17:00:00Z,2026-09-26T14:52:17+00:00
KXNFLPASSYDS-26SEP27LACBUF,KXNFLPASSYDS,KXNFLPASSYDS-26SEP27LACBUF-BUFJALLEN17-150,Josh Allen: 150+ passing yards,0.9000,0.9100,0.9000,301.19,223.93,active,2026-09-29T17:00:00Z,2026-09-26T14:52:17+00:00
KXNFLPASSYDS-26SEP27LACBUF,KXNFLPASSYDS,KXNFLPASSYDS-26SEP27LACBUF-BUFJALLEN17-225,Josh Allen: 225+ passing yards,0.5800,0.6000,0.6100,2233.06,2191.64,active,2026-09-29T17:00:00Z,2026-09-26T14:52:17+00:00
KXNFLPASSYDS-26SEP27LACBUF,KXNFLPASSYDS,KXNFLPASSYDS-26SEP27LACBUF-LACJHERBERT10-325,Justin Herbert: 325+ passing yards,0.0900,0.1100,0.1100,121.94,121.94,active,2026-09-29T17:00:00Z,2026-09-26T14:52:17+00:00
KXNFLPASSYDS-26SEP27LACBUF,KXNFLPASSYDS,KXNFLPASSYDS-26SEP27LACBUF-LACJHERBERT10-350,Justin Herbert: 350+ passing yards,0.0400,0.0600,0.0600,6291.61,6291.61,active,2026-09-29T17:00:00Z,2026-09-26T14:52:17+00:00
KXNFLPASSYDS-26SEP27LACBUF,KXNFLPASSYDS,KXNFLPASSYDS-26SEP27LACBUF-BUFJALLEN17-250,Josh Allen: 250+ passing yards,0.4300,0.4500,0.4500,7156.75,6860.78,active,2026-09-29T17:00:00Z,2026-09-26T14:52:17+00:00
KXNFLPASSYDS-26SEP27LACBUF,KXNFLPASSYDS,KXNFLPASSYDS-26SEP27LACBUF-BUFJALLEN17-350,Josh Allen: 350+ passing yards,0.0600,0.0800,0.0700,533.22,533.22,active,2026-09-29T17:00:00Z,2026-09-26T14:52:17+00:00
KXNFLPASSYDS-26SEP27LARDEN,KXNFLPASSYDS,KXNFLPASSYDS-26SEP27LARDEN-DENBNIX10-225,Bo Nix: 225+ passing yards,0.4400,0.4500,0.4500,705.64,705.64,active,2026-09-30T00:20:00Z,2026-09-26T14:52:17+00:00
KXNFLPASSYDS-26SEP27LARDEN,KXNFLPASSYDS,KXNFLPASSYDS-26SEP27LARDEN-DENBNIX10-200,Bo Nix: 200+ passing yards,0.5800,0.5900,0.5800,313.15,313.15,active,2026-09-30T00:20:00Z,2026-09-26T14:52:17+00:00
KXNFLPASSYDS-26SEP27LARDEN,KXNFLPASSYDS,KXNFLPASSYDS-26SEP27LARDEN-LARMSTAFFORD9-150,Matthew Stafford: 150+ passing yards,0.9000,0.9200,0.9200,6.50,6.50,active,2026-09-30T00:20:00Z,2026-09-26T14:52:17+00:00
KXNFLPASSYDS-26SEP27LARDEN,KXNFLPASSYDS,KXNFLPASSYDS-26SEP27LARDEN-LARMSTAFFORD9-175,Matthew Stafford: 175+ passing yards,0.8300,0.8500,0.8400,68.56,66.56,active,2026-09-30T00:20:00Z,2026-09-26T14:52:17+00:00
KXNFLPASSYDS-26SEP27LARDEN,KXNFLPASSYDS,KXNFLPASSYDS-26SEP27LARDEN-LARMSTAFFORD9-250,Matthew Stafford: 250+ passing yards,0.4400,0.4500,0.4400,1581.46,1462.09,active,2026-09-30T00:20:00Z,2026-09-26T14:52:17+00:00
KXNFLPASSYDS-26SEP27LARDEN,KXNFLPASSYDS,KXNFLPASSYDS-26SEP27LARDEN-DENBNIX10-325,Bo Nix: 325+ passing yards,0.0500,0.0800,0.0000,0.00,0.00,active,2026-09-30T00:20:00Z,2026-09-26T14:52:17+00:00
KXNFLPASSYDS-26SEP27LARDEN,KXNFLPASSYDS,KXNFLPASSYDS-26SEP27LARDEN-LARMSTAFFORD9-350,Matthew Stafford: 350+ passing yards,0.0500,0.0700,0.0700,1323.43,1323.43,active,2026-09-30T00:20:00Z,2026-09-26T14:52:17+00:00
KXNFLPASSYDS-26SEP27LARDEN,KXNFLPASSYDS,KXNFLPASSYDS-26SEP27LARDEN-DENBNIX10-150,Bo Nix: 150+ passing yards,0.8300,0.8400,0.8300,12.00,12.00,active,2026-09-30T00:20:00Z,2026-09-26T14:52:17+00:00
KXNFLPASSYDS-26SEP27LARDEN,KXNFLPASSYDS,KXNFLPASSYDS-26SEP27LARDEN-DENBNIX10-175,Bo Nix: 175+ passing yards,0.7100,0.7200,0.7300,7.72,7.72,active,2026-09-30T00:20:00Z,2026-09-26T14:52:17+00:00
KXNFLPASSYDS-26SEP27LARDEN,KXNFLPASSYDS,KXNFLPASSYDS-26SEP27LARDEN-LARMSTAFFORD9-325,Matthew Stafford: 325+ passing yards,0.1100,0.1400,0.1300,209.95,209.94,active,2026-09-30T00:20:00Z,2026-09-26T14:52:17+00:00
KXNFLPASSYDS-26SEP27LARDEN,KXNFLPASSYDS,KXNFLPASSYDS-26SEP27LARDEN-LARMSTAFFORD9-225,Matthew Stafford: 225+ passing yards,0.5800,0.6200,0.6200,781.45,776.45,active,2026-09-30T00:20:00Z,2026-09-26T14:52:17+00:00
KXNFLPASSYDS-26SEP27LARDEN,KXNFLPASSYDS,KXNFLPASSYDS-26SEP27LARDEN-LARMSTAFFORD9-200,Matthew Stafford: 200+ passing yards,0.7200,0.7500,0.7300,86.39,86.39,active,2026-09-30T00:20:00Z,2026-09-26T14:52:17+00:00
KXNFLPASSYDS-26SEP27LARDEN,KXNFLPASSYDS,KXNFLPASSYDS-26SEP27LARDEN-DENBNIX10-275,Bo Nix: 275+ passing yards,0.1500,0.1900,0.2000,16.06,16.06,active,2026-09-30T00:20:00Z,2026-09-26T14:52:17+00:00
KXNFLPASSYDS-26SEP27LARDEN,KXNFLPASSYDS,KXNFLPASSYDS-26SEP27LARDEN-DENBNIX10-300,Bo Nix: 300+ passing yards,0.0800,0.0900,0.0800,5759.00,5759.00,active,2026-09-30T00:20:00Z,2026-09-26T14:52:17+00:00
KXNFLPASSYDS-26SEP27LARDEN,KXNFLPASSYDS,KXNFLPASSYDS-26SEP27LARDEN-LARMSTAFFORD9-300,Matthew Stafford: 300+ passing yards,0.1700,0.2100,0.1900,87.27,87.27,active,2026-09-30T00:20:00Z,2026-09-26T14:52:17+00:00
KXNFLPASSYDS-26SEP27LARDEN,KXNFLPASSYDS,KXNFLPASSYDS-26SEP27LARDEN-LARMSTAFFORD9-275,Matthew Stafford: 275+ passing yards,0.2900,0.3300,0.3300,88.15,88.15,active,2026-09-30T00:20:00Z,2026-09-26T14:52:17+00:00
KXNFLPASSYDS-26SEP27LARDEN,KXNFLPASSYDS,KXNFLPASSYDS-26SEP27LARDEN-DENBNIX10-250,Bo Nix: 250+ passing yards,0.2500,0.2700,0.2700,3377.69,3352.69,active,2026-09-30T00:20:00Z,2026-09-26T14:52:17+00:00
KXNFLPASSYDS-26SEP27LARDEN,KXNFLPASSYDS,KXNFLPASSYDS-26SEP27LARDEN-DENBNIX10-350,Bo Nix: 350+ passing yards,0.0200,0.0300,0.0200,2357.08,1902.05,active,2026-09-30T00:20:00Z,2026-09-26T14:52:17+00:00
KXNFLPASSYDS-26SEP27LVNO,KXNFLPASSYDS,KXNFLPASSYDS-26SEP27LVNO-NOTSHOUGH6-325,Tyler Shough: 325+ passing yards,0.1500,0.1800,0.1600,817.31,815.28,active,2026-09-29T20:25:00Z,2026-09-26T14:52:17+00:00
KXNFLPASSYDS-26SEP27LVNO,KXNFLPASSYDS,KXNFLPASSYDS-26SEP27LVNO-LVKCOUSINS8-200,Kirk Cousins: 200+ passing yards,0.5600,0.5900,0.5900,1767.19,1740.33,active,2026-09-29T20:25:00Z,2026-09-26T14:52:17+00:00
KXNFLPASSYDS-26SEP27LVNO,KXNFLPASSYDS,KXNFLPASSYDS-26SEP27LVNO-NOTSHOUGH6-300,Tyler Shough: 300+ passing yards,0.2300,0.2600,0.2600,367.28,367.28,active,2026-09-29T20:25:00Z,2026-09-26T14:52:17+00:00
KXNFLPASSYDS-26SEP27LVNO,KXNFLPASSYDS,KXNFLPASSYDS-26SEP27LVNO-NOTSHOUGH6-350,Tyler Shough: 350+ passing yards,0.0700,0.1000,0.1000,173.74,173.74,active,2026-09-29T20:25:00Z,2026-09-26T14:52:17+00:00
KXNFLPASSYDS-26SEP27LVNO,KXNFLPASSYDS,KXNFLPASSYDS-26SEP27LVNO-NOTSHOUGH6-375,Tyler Shough: 375+ passing yards,0.0500,0.0700,0.0000,0.00,0.00,active,2026-09-29T20:25:00Z,2026-09-26T14:52:17+00:00
KXNFLPASSYDS-26SEP27LVNO,KXNFLPASSYDS,KXNFLPASSYDS-26SEP27LVNO-NOTSHOUGH6-225,Tyler Shough: 225+ passing yards,0.6500,0.6800,0.6700,716.87,681.17,active,2026-09-29T20:25:00Z,2026-09-26T14:52:17+00:00
KXNFLPASSYDS-26SEP27LVNO,KXNFLPASSYDS,KXNFLPASSYDS-26SEP27LVNO-NOTSHOUGH6-250,Tyler Shough: 250+ passing yards,0.5100,0.5400,0.5400,493.90,465.81,active,2026-09-29T20:25:00Z,2026-09-26T14:52:17+00:00
KXNFLPASSYDS-26SEP27LVNO,KXNFLPASSYDS,KXNFLPASSYDS-26SEP27LVNO-NOTSHOUGH6-275,Tyler Shough: 275+ passing yards,0.3600,0.3900,0.3800,1286.01,1156.79,active,2026-09-29T20:25:00Z,2026-09-26T14:52:17+00:00
KXNFLPASSYDS-26SEP27LVNO,KXNFLPASSYDS,KXNFLPASSYDS-26SEP27LVNO-NOTSHOUGH6-175,Tyler Shough: 175+ passing yards,0.8600,0.8900,0.8900,249.72,249.72,active,2026-09-29T20:25:00Z,2026-09-26T14:52:17+00:00
KXNFLPASSYDS-26SEP27LVNO,KXNFLPASSYDS,KXNFLPASSYDS-26SEP27LVNO-NOTSHOUGH6-200,Tyler Shough: 200+ passing yards,0.7700,0.8000,0.8000,19.32,19.32,active,2026-09-29T20:25:00Z,2026-09-26T14:52:17+00:00
KXNFLPASSYDS-26SEP27MINTB,KXNFLPASSYDS,KXNFLPASSYDS-26SEP27MINTB-MINKMURRAY1-350,Kyler Murray: 350+ passing yards,0.0100,0.0300,0.0500,50.00,50.00,active,2026-09-29T20:05:00Z,2026-09-26T14:52:17+00:00
KXNFLPASSYDS-26SEP27MINTB,KXNFLPASSYDS,KXNFLPASSYDS-26SEP27MINTB-TBBMAYFIELD6-325,Baker Mayfield: 325+ passing yards,0.0500,0.0800,0.0000,0.00,0.00,active,2026-09-29T20:05:00Z,2026-09-26T14:52:17+00:00
KXNFLPASSYDS-26SEP27MINTB,KXNFLPASSYDS,KXNFLPASSYDS-26SEP27MINTB-MINKMURRAY1-225,Kyler Murray: 225+ passing yards,0.3900,0.4200,0.4300,864.44,863.44,active,2026-09-29T20:05:00Z,2026-09-26T14:52:17+00:00
KXNFLPASSYDS-26SEP27MINTB,KXNFLPASSYDS,KXNFLPASSYDS-26SEP27MINTB-TBBMAYFIELD6-350,Baker Mayfield: 350+ passing yards,0.0200,0.0400,0.0400,242.03,242.03,active,2026-09-29T20:05:00Z,2026-09-26T14:52:17+00:00
KXNFLPASSYDS-26SEP27MINTB,KXNFLPASSYDS,KXNFLPASSYDS-26SEP27MINTB-MINKMURRAY1-250,Kyler Murray: 250+ passing yards,0.2600,0.2800,0.2800,7050.26,7050.26,active,2026-09-29T20:05:00Z,2026-09-26T14:52:17+00:00
KXNFLPASSYDS-26SEP27MINTB,KXNFLPASSYDS,KXNFLPASSYDS-26SEP27MINTB-TBBMAYFIELD6-175,Baker Mayfield: 175+ passing yards,0.7200,0.7500,0.7500,1384.97,1384.97,active,2026-09-29T20:05:00Z,2026-09-26T14:52:17+00:00
KXNFLPASSYDS-26SEP27MINTB,KXNFLPASSYDS,KXNFLPASSYDS-26SEP27MINTB-TBBMAYFIELD6-275,Baker Mayfield: 275+ passing yards,0.1700,0.2000,0.2100,36.03,23.02,active,2026-09-29T20:05:00Z,2026-09-26T14:52:17+00:00
KXNFLPASSYDS-26SEP27MINTB,KXNFLPASSYDS,KXNFLPASSYDS-26SEP27MINTB-MINKMURRAY1-150,Kyler Murray: 150+ passing yards,0.8200,0.8400,0.8400,27.02,27.02,active,2026-09-29T20:05:00Z,2026-09-26T14:52:17+00:00
KXNFLPASSYDS-26SEP27MINTB,KXNFLPASSYDS,KXNFLPASSYDS-26SEP27MINTB-MINKMURRAY1-325,Kyler Murray: 325+ passing yards,0.0500,0.0800,0.0800,168.11,168.11,active,2026-09-29T20:05:00Z,2026-09-26T14:52:17+00:00
KXNFLPASSYDS-26SEP27MINTB,KXNFLPASSYDS,KXNFLPASSYDS-26SEP27MINTB-MINKMURRAY1-275,Kyler Murray: 275+ passing yards,0.1700,0.1900,0.1900,3195.11,3187.10,active,2026-09-29T20:05:00Z,2026-09-26T14:52:17+00:00
KXNFLPASSYDS-26SEP27MINTB,KXNFLPASSYDS,KXNFLPASSYDS-26SEP27MINTB-MINKMURRAY1-200,Kyler Murray: 200+ passing yards,0.5800,0.5900,0.5900,990.38,990.38,active,2026-09-29T20:05:00Z,2026-09-26T14:52:17+00:00
KXNFLPASSYDS-26SEP27MINTB,KXNFLPASSYDS,KXNFLPASSYDS-26SEP27MINTB-MINKMURRAY1-175,Kyler Murray: 175+ passing yards,0.7000,0.7200,0.7200,19.32,19.32,active,2026-09-29T20:05:00Z,2026-09-26T14:52:17+00:00
KXNFLPASSYDS-26SEP27MINTB,KXNFLPASSYDS,KXNFLPASSYDS-26SEP27MINTB-TBBMAYFIELD6-150,Baker Mayfield: 150+ passing yards,0.8400,0.8600,0.8600,124.88,118.49,active,2026-09-29T20:05:00Z,2026-09-26T14:52:17+00:00
KXNFLPASSYDS-26SEP27MINTB,KXNFLPASSYDS,KXNFLPASSYDS-26SEP27MINTB-TBBMAYFIELD6-300,Baker Mayfield: 300+ passing yards,0.1000,0.1100,0.1000,70.50,64.68,active,2026-09-29T20:05:00Z,2026-09-26T14:52:17+00:00
KXNFLPASSYDS-26SEP27MINTB,KXNFLPASSYDS,KXNFLPASSYDS-26SEP27MINTB-TBBMAYFIELD6-250,Baker Mayfield: 250+ passing yards,0.2800,0.3200,0.3200,50.74,50.74,active,2026-09-29T20:05:00Z,2026-09-26T14:52:17+00:00
KXNFLPASSYDS-26SEP27MINTB,KXNFLPASSYDS,KXNFLPASSYDS-26SEP27MINTB-MINKMURRAY1-300,Kyler Murray: 300+ passing yards,0.0800,0.0900,0.0900,8176.23,8175.23,active,2026-09-29T20:05:00Z,2026-09-26T14:52:17+00:00
KXNFLPASSYDS-26SEP27MINTB,KXNFLPASSYDS,KXNFLPASSYDS-26SEP27MINTB-TBBMAYFIELD6-225,Baker Mayfield: 225+ passing yards,0.4200,0.4300,0.4300,1433.35,1080.44,active,2026-09-29T20:05:00Z,2026-09-26T14:52:17+00:00
KXNFLPASSYDS-26SEP27MINTB,KXNFLPASSYDS,KXNFLPASSYDS-26SEP27MINTB-TBBMAYFIELD6-200,Baker Mayfield: 200+ passing yards,0.5800,0.6100,0.5900,218.00,218.00,active,2026-09-29T20:05:00Z,2026-09-26T14:52:17+00:00
KXNFLPASSYDS-26SEP27NEJAC,KXNFLPASSYDS,KXNFLPASSYDS-26SEP27NEJAC-NEDMAYE10-325,Drake Maye: 325+ passing yards,0.0600,0.0800,0.0600,3418.75,3418.75,active,2026-09-29T17:00:00Z,2026-09-26T14:52:17+00:00
KXNFLPASSYDS-26SEP27NEJAC,KXNFLPASSYDS,KXNFLPASSYDS-26SEP27NEJAC-NEDMAYE10-150,Drake Maye: 150+ passing yards,0.8600,0.8800,0.8700,3.70,3.70,active,2026-09-29T17:00:00Z,2026-09-26T14:52:17+00:00
KXNFLPASSYDS-26SEP27NEJAC,KXNFLPASSYDS,KXNFLPASSYDS-26SEP27NEJAC-NEDMAYE10-350,Drake Maye: 350+ passing yards,0.0300,0.0600,0.0500,4061.09,4061.09,active,2026-09-29T17:00:00Z,2026-09-26T14:52:17+00:00
KXNFLPASSYDS-26SEP27NEJAC,KXNFLPASSYDS,KXNFLPASSYDS-26SEP27NEJAC-JACTLAWRENCE16-300,Trevor Lawrence: 300+ passing yards,0.1500,0.1600,0.1700,2811.01,2804.00,active,2026-09-29T17:00:00Z,2026-09-26T14:52:17+00:00
KXNFLPASSYDS-26SEP27NEJAC,KXNFLPASSYDS,KXNFLPASSYDS-26SEP27NEJAC-NEDMAYE10-225,Drake Maye: 225+ passing yards,0.4600,0.4800,0.4800,1292.39,1274.08,active,2026-09-29T17:00:00Z,2026-09-26T14:52:17+00:00
KXNFLPASSYDS-26SEP27NEJAC,KXNFLPASSYDS,KXNFLPASSYDS-26SEP27NEJAC-NEDMAYE10-200,Drake Maye: 200+ passing yards,0.6400,0.6600,0.6500,554.85,528.81,active,2026-09-29T17:00:00Z,2026-09-26T14:52:17+00:00
KXNFLPASSYDS-26SEP27NEJAC,KXNFLPASSYDS,KXNFLPASSYDS-26SEP27NEJAC-JACTLAWRENCE16-325,Trevor Lawrence: 325+ passing yards,0.0900,0.1000,0.0800,3591.18,3589.18,active,2026-09-29T17:00:00Z,2026-09-26T14:52:17+00:00
KXNFLPASSYDS-26SEP27NEJAC,KXNFLPASSYDS,KXNFLPASSYDS-26SEP27NEJAC-JACTLAWRENCE16-175,Trevor Lawrence: 175+ passing yards,0.7600,0.7700,0.0000,0.00,0.00,active,2026-09-29T17:00:00Z,2026-09-26T14:52:17+00:00
KXNFLPASSYDS-26SEP27NEJAC,KXNFLPASSYDS,KXNFLPASSYDS-26SEP27NEJAC-JACTLAWRENCE16-275,Trevor Lawrence: 275+ passing yards,0.2200,0.2500,0.2600,2932.00,2932.00,active,2026-09-29T17:00:00Z,2026-09-26T14:52:17+00:00
KXNFLPASSYDS-26SEP27NEJAC,KXNFLPASSYDS,KXNFLPASSYDS-26SEP27NEJAC-NEDMAYE10-300,Drake Maye: 300+ passing yards,0.1100,0.1400,0.1300,4912.41,4903.41,active,2026-09-29T17:00:00Z,2026-09-26T14:52:17+00:00
KXNFLPASSYDS-26SEP27NEJAC,KXNFLPASSYDS,KXNFLPASSYDS-26SEP27NEJAC-JACTLAWRENCE16-225,Trevor Lawrence: 225+ passing yards,0.4900,0.5000,0.5000,3979.15,3958.16,active,2026-09-29T17:00:00Z,2026-09-26T14:52:17+00:00
KXNFLPASSYDS-26SEP27NEJAC,KXNFLPASSYDS,KXNFLPASSYDS-26SEP27NEJAC-NEDMAYE10-175,Drake Maye: 175+ passing yards,0.7500,0.7800,0.7700,1.02,1.02,active,2026-09-29T17:00:00Z,2026-09-26T14:52:17+00:00
KXNFLPASSYDS-26SEP27NEJAC,KXNFLPASSYDS,KXNFLPASSYDS-26SEP27NEJAC-JACTLAWRENCE16-250,Trevor Lawrence: 250+ passing yards,0.3600,0.3700,0.3700,1102.30,1102.30,active,2026-09-29T17:00:00Z,2026-09-26T14:52:17+00:00
KXNFLPASSYDS-26SEP27NEJAC,KXNFLPASSYDS,KXNFLPASSYDS-26SEP27NEJAC-NEDMAYE10-250,Drake Maye: 250+ passing yards,0.3300,0.3500,0.3500,1075.08,1068.27,active,2026-09-29T17:00:00Z,2026-09-26T14:52:17+00:00
KXNFLPASSYDS-26SEP27NEJAC,KXNFLPASSYDS,KXNFLPASSYDS-26SEP27NEJAC-JACTLAWRENCE16-350,Trevor Lawrence: 350+ passing yards,0.0500,0.0600,0.0600,27.00,27.00,active,2026-09-29T17:00:00Z,2026-09-26T14:52:17+00:00
KXNFLPASSYDS-26SEP27NEJAC,KXNFLPASSYDS,KXNFLPASSYDS-26SEP27NEJAC-JACTLAWRENCE16-150,Trevor Lawrence: 150+ passing yards,0.8700,0.8800,0.8800,32.76,32.76,active,2026-09-29T17:00:00Z,2026-09-26T14:52:17+00:00
KXNFLPASSYDS-26SEP27NEJAC,KXNFLPASSYDS,KXNFLPASSYDS-26SEP27NEJAC-JACTLAWRENCE16-200,Trevor Lawrence: 200+ passing yards,0.6400,0.6600,0.6500,60.90,60.90,active,2026-09-29T17:00:00Z,2026-09-26T14:52:17+00:00
KXNFLPASSYDS-26SEP27NEJAC,KXNFLPASSYDS,KXNFLPASSYDS-26SEP27NEJAC-NEDMAYE10-275,Drake Maye: 275+ passing yards,0.2100,0.2400,0.2300,2643.14,2642.00,active,2026-09-29T17:00:00Z,2026-09-26T14:52:17+00:00
KXNFLPASSYDS-26SEP27NYJDET,KXNFLPASSYDS,KXNFLPASSYDS-26SEP27NYJDET-NYJGSMITH7-200,Geno Smith: 200+ passing yards,0.6400,0.6800,0.6700,73.89,73.89,active,2026-09-29T17:00:00Z,2026-09-26T14:52:17+00:00
KXNFLPASSYDS-26SEP27NYJDET,KXNFLPASSYDS,KXNFLPASSYDS-26SEP27NYJDET-DETJGOFF16-375,Jared Goff: 375+ passing yards,0.0500,0.0800,0.0000,0.00,0.00,active,2026-09-29T17:00:00Z,2026-09-26T14:52:17+00:00
KXNFLPASSYDS-26SEP27NYJDET,KXNFLPASSYDS,KXNFLPASSYDS-26SEP27NYJDET-NYJGSMITH7-350,Geno Smith: 350+ passing yards,0.0400,0.0500,0.0400,311.59,311.59,active,2026-09-29T17:00:00Z,2026-09-26T14:52:17+00:00
KXNFLPASSYDS-26SEP27NYJDET,KXNFLPASSYDS,KXNFLPASSYDS-26SEP27NYJDET-NYJGSMITH7-150,Geno Smith: 150+ passing yards,0.8700,0.8800,0.8700,847.26,847.26,active,2026-09-29T17:00:00Z,2026-09-26T14:52:17+00:00
KXNFLPASSYDS-26SEP27NYJDET,KXNFLPASSYDS,KXNFLPASSYDS-26SEP27NYJDET-NYJGSMITH7-300,Geno Smith: 300+ passing yards,0.1300,0.1500,0.1500,2679.77,2679.77,active,2026-09-29T17:00:00Z,2026-09-26T14:52:17+00:00
KXNFLPASSYDS-26SEP27NYJDET,KXNFLPASSYDS,KXNFLPASSYDS-26SEP27NYJDET-NYJGSMITH7-250,Geno Smith: 250+ passing yards,0.3600,0.3700,0.3700,6291.44,6286.44,active,2026-09-29T17:00:00Z,2026-09-26T14:52:17+00:00
KXNFLPASSYDS-26SEP27NYJDET,KXNFLPASSYDS,KXNFLPASSYDS-26SEP27NYJDET-DETJGOFF16-275,Jared Goff: 275+ passing yards,0.3900,0.4200,0.3900,210.77,210.77,active,2026-09-29T17:00:00Z,2026-09-26T14:52:17+00:00
KXNFLPASSYDS-26SEP27NYJDET,KXNFLPASSYDS,KXNFLPASSYDS-26SEP27NYJDET-DETJGOFF16-175,Jared Goff: 175+ passing yards,0.8800,0.9000,0.9000,68.02,68.02,active,2026-09-29T17:00:00Z,2026-09-26T14:52:17+00:00
KXNFLPASSYDS-26SEP27NYJDET,KXNFLPASSYDS,KXNFLPASSYDS-26SEP27NYJDET-DETJGOFF16-400,Jared Goff: 400+ passing yards,0.0200,0.0300,0.0300,70.18,60.09,active,2026-09-29T17:00:00Z,2026-09-26T14:52:17+00:00
KXNFLPASSYDS-26SEP27NYJDET,KXNFLPASSYDS,KXNFLPASSYDS-26SEP27NYJDET-NYJGSMITH7-225,Geno Smith: 225+ passing yards,0.5200,0.5300,0.5200,7023.18,7004.86,active,2026-09-29T17:00:00Z,2026-09-26T14:52:17+00:00
KXNFLPASSYDS-26SEP27NYJDET,KXNFLPASSYDS,KXNFLPASSYDS-26SEP27NYJDET-DETJGOFF16-225,Jared Goff: 225+ passing yards,0.6800,0.7100,0.0000,0.00,0.00,active,2026-09-29T17:00:00Z,2026-09-26T14:52:17+00:00
KXNFLPASSYDS-26SEP27NYJDET,KXNFLPASSYDS,KXNFLPASSYDS-26SEP27NYJDET-NYJGSMITH7-175,Geno Smith: 175+ passing yards,0.7700,0.8000,0.7900,0.16,0.16,active,2026-09-29T17:00:00Z,2026-09-26T14:52:17+00:00
KXNFLPASSYDS-26SEP27NYJDET,KXNFLPASSYDS,KXNFLPASSYDS-26SEP27NYJDET-DETJGOFF16-250,Jared Goff: 250+ passing yards,0.5400,0.5700,0.5600,236.67,226.42,active,2026-09-29T17:00:00Z,2026-09-26T14:52:17+00:00
KXNFLPASSYDS-26SEP27NYJDET,KXNFLPASSYDS,KXNFLPASSYDS-26SEP27NYJDET-NYJGSMITH7-325,Geno Smith: 325+ passing yards,0.0800,0.1000,0.0800,330.13,330.13,active,2026-09-29T17:00:00Z,2026-09-26T14:52:17+00:00
KXNFLPASSYDS-26SEP27NYJDET,KXNFLPASSYDS,KXNFLPASSYDS-26SEP27NYJDET-NYJGSMITH7-275,Geno Smith: 275+ passing yards,0.2500,0.2600,0.2600,1673.05,1667.03,active,2026-09-29T17:00:00Z,2026-09-26T14:52:17+00:00
KXNFLPASSYDS-26SEP27NYJDET,KXNFLPASSYDS,KXNFLPASSYDS-26SEP27NYJDET-DETJGOFF16-200,Jared Goff: 200+ passing yards,0.8000,0.8200,0.8200,6.38,6.38,active,2026-09-29T17:00:00Z,2026-09-26T14:52:17+00:00
KXNFLPASSYDS-26SEP27NYJDET,KXNFLPASSYDS,KXNFLPASSYDS-26SEP27NYJDET-DETJGOFF16-350,Jared Goff: 350+ passing yards,0.0800,0.1000,0.0900,94.55,94.55,active,2026-09-29T17:00:00Z,2026-09-26T14:52:17+00:00
KXNFLPASSYDS-26SEP27NYJDET,KXNFLPASSYDS,KXNFLPASSYDS-26SEP27NYJDET-DETJGOFF16-300,Jared Goff: 300+ passing yards,0.2800,0.2900,0.2900,247.23,247.23,active,2026-09-29T17:00:00Z,2026-09-26T14:52:17+00:00
KXNFLPASSYDS-26SEP27NYJDET,KXNFLPASSYDS,KXNFLPASSYDS-26SEP27NYJDET-DETJGOFF16-325,Jared Goff: 325+ passing yards,0.1500,0.1900,0.1900,120.00,120.00,active,2026-09-29T17:00:00Z,2026-09-26T14:52:17+00:00
KXNFLPASSYDS-26SEP27SEAWAS,KXNFLPASSYDS,KXNFLPASSYDS-26SEP27SEAWAS-WASMMARIOTA8-275,Marcus Mariota: 275+ passing yards,0.0500,0.0800,0.0000,0.00,0.00,active,2026-09-29T17:00:00Z,2026-09-26T14:52:17+00:00
KXNFLPASSYDS-26SEP27SEAWAS,KXNFLPASSYDS,KXNFLPASSYDS-26SEP27SEAWAS-WASMMARIOTA8-225,Marcus Mariota: 225+ passing yards,0.1800,0.2100,0.2100,2518.00,2518.00,active,2026-09-29T17:00:00Z,2026-09-26T14:52:17+00:00
KXNFLPASSYDS-26SEP27SEAWAS,KXNFLPASSYDS,KXNFLPASSYDS-26SEP27SEAWAS-WASMMARIOTA8-300,Marcus Mariota: 300+ passing yards,0.0100,0.0300,0.0300,1475.00,1475.00,active,2026-09-29T17:00:00Z,2026-09-26T14:52:17+00:00
KXNFLPASSYDS-26SEP27SEAWAS,KXNFLPASSYDS,KXNFLPASSYDS-26SEP27SEAWAS-WASMMARIOTA8-175,Marcus Mariota: 175+ passing yards,0.4400,0.4500,0.4400,4366.73,4311.86,active,2026-09-29T17:00:00Z,2026-09-26T14:52:17+00:00
KXNFLPASSYDS-26SEP27SEAWAS,KXNFLPASSYDS,KXNFLPASSYDS-26SEP27SEAWAS-SEASDARNOLD14-150,Sam Darnold: 150+ passing yards,0.8400,0.8600,0.8600,378.28,378.26,active,2026-09-29T17:00:00Z,2026-09-26T14:52:17+00:00
KXNFLPASSYDS-26SEP27SEAWAS,KXNFLPASSYDS,KXNFLPASSYDS-26SEP27SEAWAS-WASMMARIOTA8-250,Marcus Mariota: 250+ passing yards,0.0900,0.1000,0.0900,5541.24,5541.24,active,2026-09-29T17:00:00Z,2026-09-26T14:52:17+00:00
KXNFLPASSYDS-26SEP27SEAWAS,KXNFLPASSYDS,KXNFLPASSYDS-26SEP27SEAWAS-WASMMARIOTA8-200,Marcus Mariota: 200+ passing yards,0.3000,0.3200,0.3100,2800.64,2800.64,active,2026-09-29T17:00:00Z,2026-09-26T14:52:17+00:00
KXNFLPASSYDS-26SEP27SEAWAS,KXNFLPASSYDS,KXNFLPASSYDS-26SEP27SEAWAS-SEASDARNOLD14-200,Sam Darnold: 200+ passing yards,0.6100,0.6400,0.6600,330.98,330.98,active,2026-09-29T17:00:00Z,2026-09-26T14:52:17+00:00
KXNFLPASSYDS-26SEP27SEAWAS,KXNFLPASSYDS,KXNFLPASSYDS-26SEP27SEAWAS-SEASDARNOLD14-225,Sam Darnold: 225+ passing yards,0.4600,0.5000,0.4800,1354.79,1253.09,active,2026-09-29T17:00:00Z,2026-09-26T14:52:17+00:00
KXNFLPASSYDS-26SEP27SEAWAS,KXNFLPASSYDS,KXNFLPASSYDS-26SEP27SEAWAS-SEASDARNOLD14-300,Sam Darnold: 300+ passing yards,0.1000,0.1300,0.1300,1460.22,1460.22,active,2026-09-29T17:00:00Z,2026-09-26T14:52:17+00:00
KXNFLPASSYDS-26SEP27SEAWAS,KXNFLPASSYDS,KXNFLPASSYDS-26SEP27SEAWAS-WASMMARIOTA8-150,Marcus Mariota: 150+ passing yards,0.6100,0.6400,0.6300,223.25,223.25,active,2026-09-29T17:00:00Z,2026-09-26T14:52:17+00:00
KXNFLPASSYDS-26SEP27SEAWAS,KXNFLPASSYDS,KXNFLPASSYDS-26SEP27SEAWAS-SEASDARNOLD14-250,Sam Darnold: 250+ passing yards,0.3100,0.3400,0.3500,344.20,344.20,active,2026-09-29T17:00:00Z,2026-09-26T14:52:17+00:00
KXNFLPASSYDS-26SEP27SEAWAS,KXNFLPASSYDS,KXNFLPASSYDS-26SEP27SEAWAS-WASMMARIOTA8-125,Marcus Mariota: 125+ passing yards,0.7300,0.7700,0.7700,54.30,54.30,active,2026-09-29T17:00:00Z,2026-09-26T14:52:17+00:00
KXNFLPASSYDS-26SEP27SEAWAS,KXNFLPASSYDS,KXNFLPASSYDS-26SEP27SEAWAS-SEASDARNOLD14-175,Sam Darnold: 175+ passing yards,0.7400,0.7600,0.7500,411.36,366.49,active,2026-09-29T17:00:00Z,2026-09-26T14:52:17+00:00
KXNFLPASSYDS-26SEP27SEAWAS,KXNFLPASSYDS,KXNFLPASSYDS-26SEP27SEAWAS-SEASDARNOLD14-275,Sam Darnold: 275+ passing yards,0.2000,0.2300,0.2400,616.56,616.56,active,2026-09-29T17:00:00Z,2026-09-26T14:52:17+00:00
KXNFLPASSYDS-26SEP27SEAWAS,KXNFLPASSYDS,KXNFLPASSYDS-26SEP27SEAWAS-SEASDARNOLD14-325,Sam Darnold: 325+ passing yards,0.0600,0.0700,0.0800,585.74,585.74,active,2026-09-29T17:00:00Z,2026-09-26T14:52:17+00:00
KXNFLPASSYDS-26SEP27SEAWAS,KXNFLPASSYDS,KXNFLPASSYDS-26SEP27SEAWAS-SEASDARNOLD14-350,Sam Darnold: 350+ passing yards,0.0500,0.0600,0.0600,813.48,813.48,active,2026-09-29T17:00:00Z,2026-09-26T14:52:17+00:00
KXNFLPASSYDS-26SEP27TENNYG,KXNFLPASSYDS,KXNFLPASSYDS-26SEP27TENNYG-TENCWARD1-325,Cam Ward: 325+ passing yards,0.0100,0.0500,0.0500,50.00,50.00,active,2026-09-29T17:00:00Z,2026-09-26T14:52:17+00:00
KXNFLPASSYDS-26SEP27TENNYG,KXNFLPASSYDS,KXNFLPASSYDS-26SEP27TENNYG-TENCWARD1-300,Cam Ward: 300+ passing yards,0.0300,0.0500,0.0500,58.00,50.00,active,2026-09-29T17:00:00Z,2026-09-26T14:52:17+00:00
KXNFLPASSYDS-26SEP27TENNYG,KXNFLPASSYDS,KXNFLPASSYDS-26SEP27TENNYG-TENCWARD1-200,Cam Ward: 200+ passing yards,0.4100,0.4200,0.4300,1161.05,1120.42,active,2026-09-29T17:00:00Z,2026-09-26T14:52:17+00:00
KXNFLPASSYDS-26SEP27TENNYG,KXNFLPASSYDS,KXNFLPASSYDS-26SEP27TENNYG-TENCWARD1-275,Cam Ward: 275+ passing yards,0.0700,0.1100,0.0800,14.00,14.00,active,2026-09-29T17:00:00Z,2026-09-26T14:52:17+00:00
KXNFLPASSYDS-26SEP27TENNYG,KXNFLPASSYDS,KXNFLPASSYDS-26SEP27TENNYG-TENCWARD1-175,Cam Ward: 175+ passing yards,0.5500,0.5800,0.5500,867.28,867.28,active,2026-09-29T17:00:00Z,2026-09-26T14:52:17+00:00
KXNFLPASSYDS-26SEP27TENNYG,KXNFLPASSYDS,KXNFLPASSYDS-26SEP27TENNYG-TENCWARD1-225,Cam Ward: 225+ passing yards,0.2400,0.2800,0.2600,2089.30,2063.00,active,2026-09-29T17:00:00Z,2026-09-26T14:52:17+00:00
KXNFLPASSYDS-26SEP27TENNYG,KXNFLPASSYDS,KXNFLPASSYDS-26SEP27TENNYG-NYGJWINSTON19-200,Jameis Winston: 200+ passing yards,0.5000,0.5200,0.5000,4019.27,3854.52,active,2026-09-29T17:00:00Z,2026-09-26T14:52:17+00:00
KXNFLPASSYDS-26SEP27TENNYG,KXNFLPASSYDS,KXNFLPASSYDS-26SEP27TENNYG-TENCWARD1-125,Cam Ward: 125+ passing yards,0.8100,0.8400,0.8100,10.00,10.00,active,2026-09-29T17:00:00Z,2026-09-26T14:52:17+00:00
KXNFLPASSYDS-26SEP27TENNYG,KXNFLPASSYDS,KXNFLPASSYDS-26SEP27TENNYG-TENCWARD1-250,Cam Ward: 250+ passing yards,0.1400,0.1600,0.1800,4000.00,4000.00,active,2026-09-29T17:00:00Z,2026-09-26T14:52:17+00:00
KXNFLPASSYDS-26SEP27TENNYG,KXNFLPASSYDS,KXNFLPASSYDS-26SEP27TENNYG-TENCWARD1-150,Cam Ward: 150+ passing yards,0.7100,0.7200,0.7200,685.48,685.48,active,2026-09-29T17:00:00Z,2026-09-26T14:52:17+00:00
KXNFLPASSYDS-26SEP28PHICHI,KXNFLPASSYDS,KXNFLPASSYDS-26SEP28PHICHI-PHIJHURTS1-150,Jalen Hurts: 150+ passing yards,0.8400,0.8500,0.0000,0.00,0.00,active,2026-10-01T00:15:00Z,2026-09-26T14:52:17+00:00
KXNFLPASSYDS-26SEP28PHICHI,KXNFLPASSYDS,KXNFLPASSYDS-26SEP28PHICHI-PHIJHURTS1-325,Jalen Hurts: 325+ passing yards,0.0800,0.0900,0.1000,42.27,42.27,active,2026-10-01T00:15:00Z,2026-09-26T14:52:17+00:00
KXNFLPASSYDS-26SEP28PHICHI,KXNFLPASSYDS,KXNFLPASSYDS-26SEP28PHICHI-CHICKEENUM11-275,Case Keenum: 275+ passing yards,0.0500,0.1000,0.0000,0.00,0.00,active,2026-10-01T00:15:00Z,2026-09-26T14:52:17+00:00
KXNFLPASSYDS-26SEP28PHICHI,KXNFLPASSYDS,KXNFLPASSYDS-26SEP28PHICHI-PHIJHURTS1-350,Jalen Hurts: 350+ passing yards,0.0200,0.0400,0.0500,50.00,50.00,active,2026-10-01T00:15:00Z,2026-09-26T14:52:17+00:00
KXNFLPASSYDS-26SEP28PHICHI,KXNFLPASSYDS,KXNFLPASSYDS-26SEP28PHICHI-PHIJHURTS1-250,Jalen Hurts: 250+ passing yards,0.3000,0.3300,0.3300,81.11,81.11,active,2026-10-01T00:15:00Z,2026-09-26T14:52:17+00:00
KXNFLPASSYDS-26SEP28PHICHI,KXNFLPASSYDS,KXNFLPASSYDS-26SEP28PHICHI-CHICKEENUM11-225,Case Keenum: 225+ passing yards,0.1500,0.2300,0.0000,0.00,0.00,active,2026-10-01T00:15:00Z,2026-09-26T14:52:17+00:00
KXNFLPASSYDS-26SEP28PHICHI,KXNFLPASSYDS,KXNFLPASSYDS-26SEP28PHICHI-CHICKEENUM11-175,Case Keenum: 175+ passing yards,0.4100,0.4500,0.4700,2.05,2.05,active,2026-10-01T00:15:00Z,2026-09-26T14:52:17+00:00
KXNFLPASSYDS-26SEP28PHICHI,KXNFLPASSYDS,KXNFLPASSYDS-26SEP28PHICHI-PHIJHURTS1-175,Jalen Hurts: 175+ passing yards,0.7400,0.7500,0.7700,0.16,0.16,active,2026-10-01T00:15:00Z,2026-09-26T14:52:17+00:00
KXNFLPASSYDS-26SEP28PHICHI,KXNFLPASSYDS,KXNFLPASSYDS-26SEP28PHICHI-PHIJHURTS1-275,Jalen Hurts: 275+ passing yards,0.1700,0.2200,0.1600,15.98,12.98,active,2026-10-01T00:15:00Z,2026-09-26T14:52:17+00:00
KXNFLPASSYDS-26SEP28PHICHI,KXNFLPASSYDS,KXNFLPASSYDS-26SEP28PHICHI-PHIJHURTS1-200,Jalen Hurts: 200+ passing yards,0.6000,0.6300,0.5700,77.97,77.97,active,2026-10-01T00:15:00Z,2026-09-26T14:52:17+00:00
KXNFLPASSYDS-26SEP28PHICHI,KXNFLPASSYDS,KXNFLPASSYDS-26SEP28PHICHI-CHICKEENUM11-250,Case Keenum: 250+ passing yards,0.0700,0.1000,0.0000,0.00,0.00,active,2026-10-01T00:15:00Z,2026-09-26T14:52:17+00:00
KXNFLPASSYDS-26SEP28PHICHI,KXNFLPASSYDS,KXNFLPASSYDS-26SEP28PHICHI-PHIJHURTS1-300,Jalen Hurts: 300+ passing yards,0.0900,0.1300,0.0000,0.00,0.00,active,2026-10-01T00:15:00Z,2026-09-26T14:52:17+00:00
KXNFLPASSYDS-26SEP28PHICHI,KXNFLPASSYDS,KXNFLPASSYDS-26SEP28PHICHI-CHICKEENUM11-150,Case Keenum: 150+ passing yards,0.5500,0.6000,0.0000,0.00,0.00,active,2026-10-01T00:15:00Z,2026-09-26T14:52:17+00:00
KXNFLPASSYDS-26SEP28PHICHI,KXNFLPASSYDS,KXNFLPASSYDS-26SEP28PHICHI-CHICKEENUM11-200,Case Keenum: 200+ passing yards,0.1800,0.3100,0.0000,0.00,0.00,active,2026-10-01T00:15:00Z,2026-09-26T14:52:17+00:00
KXNFLPASSYDS-26SEP28PHICHI,KXNFLPASSYDS,KXNFLPASSYDS-26SEP28PHICHI-PHIJHURTS1-225,Jalen Hurts: 225+ passing yards,0.4400,0.4700,0.4800,160.78,156.41,active,2026-10-01T00:15:00Z,2026-09-26T14:52:17+00:00
KXNFLPASSTDS-26SEP27ARISF,KXNFLPASSTDS,KXNFLPASSTDS-26SEP27ARISF-SFBPURDY13-4,Brock Purdy: 4+ passing touchdowns,0.0900,0.1000,0.1000,4499.81,4499.81,active,2026-09-29T20:05:00Z,2026-09-26T14:52:17+00:00
KXNFLPASSTDS-26SEP27ARISF,KXNFLPASSTDS,KXNFLPASSTDS-26SEP27ARISF-SFBPURDY13-5,Brock Purdy: 5+ passing touchdowns,0.0000,0.0500,0.0000,0.00,0.00,active,2026-09-29T20:05:00Z,2026-09-26T14:52:17+00:00
KXNFLPASSTDS-26SEP27ARISF,KXNFLPASSTDS,KXNFLPASSTDS-26SEP27ARISF-SFBPURDY13-2,Brock Purdy: 2+ passing touchdowns,0.5600,0.5700,0.5700,3975.36,3944.17,active,2026-09-29T20:05:00Z,2026-09-26T14:52:17+00:00
KXNFLPASSTDS-26SEP27ARISF,KXNFLPASSTDS,KXNFLPASSTDS-26SEP27ARISF-SFBPURDY13-1,Brock Purdy: 1+ passing touchdowns,0.8600,0.8800,0.8800,127.04,127.04,active,2026-09-29T20:05:00Z,2026-09-26T14:52:17+00:00
KXNFLPASSTDS-26SEP27ARISF,KXNFLPASSTDS,KXNFLPASSTDS-26SEP27ARISF-SFBPURDY13-3,Brock Purdy: 3+ passing touchdowns,0.2600,0.2800,0.2900,5110.84,5108.84,active,2026-09-29T20:05:00Z,2026-09-26T14:52:17+00:00
KXNFLPASSTDS-26SEP27ARISF,KXNFLPASSTDS,KXNFLPASSTDS-26SEP27ARISF-ARIJBRISSETT7-2,Jacoby Brissett: 2+ passing touchdowns,0.3300,0.3500,0.3500,53.62,53.62,active,2026-09-29T20:05:00Z,2026-09-26T14:52:17+00:00
KXNFLPASSTDS-26SEP27BALDAL,KXNFLPASSTDS,KXNFLPASSTDS-26SEP27BALDAL-BALLJACKSON8-2,Lamar Jackson: 2+ passing touchdowns,0.5500,0.5700,0.5700,97.59,93.22,active,2026-09-29T20:25:00Z,2026-09-26T14:52:17+00:00
KXNFLPASSTDS-26SEP27BALDAL,KXNFLPASSTDS,KXNFLPASSTDS-26SEP27BALDAL-BALLJACKSON8-3,Lamar Jackson: 3+ passing touchdowns,0.2600,0.2700,0.2700,438.69,438.69,active,2026-09-29T20:25:00Z,2026-09-26T14:52:17+00:00
KXNFLPASSTDS-26SEP27BALDAL,KXNFLPASSTDS,KXNFLPASSTDS-26SEP27BALDAL-BALLJACKSON8-1,Lamar Jackson: 1+ passing touchdowns,0.8500,0.8700,0.8700,42.21,42.21,active,2026-09-29T20:25:00Z,2026-09-26T14:52:17+00:00
KXNFLPASSTDS-26SEP27BALDAL,KXNFLPASSTDS,KXNFLPASSTDS-26SEP27BALDAL-DALDPRESCOTT4-4,Dak Prescott: 4+ passing touchdowns,0.0700,0.0800,0.0700,753.62,753.62,active,2026-09-29T20:25:00Z,2026-09-26T14:52:17+00:00
KXNFLPASSTDS-26SEP27BALDAL,KXNFLPASSTDS,KXNFLPASSTDS-26SEP27BALDAL-DALDPRESCOTT4-1,Dak Prescott: 1+ passing touchdowns,0.8400,0.8700,0.8700,94.25,94.25,active,2026-09-29T20:25:00Z,2026-09-26T14:52:17+00:00
KXNFLPASSTDS-26SEP27BALDAL,KXNFLPASSTDS,KXNFLPASSTDS-26SEP27BALDAL-BALLJACKSON8-5,Lamar Jackson: 5+ passing touchdowns,0.0000,0.0400,0.0000,0.00,0.00,active,2026-09-29T20:25:00Z,2026-09-26T14:52:17+00:00
KXNFLPASSTDS-26SEP27BALDAL,KXNFLPASSTDS,KXNFLPASSTDS-26SEP27BALDAL-DALDPRESCOTT4-2,Dak Prescott: 2+ passing touchdowns,0.5500,0.5600,0.5500,1794.37,1763.79,active,2026-09-29T20:25:00Z,2026-09-26T14:52:17+00:00
KXNFLPASSTDS-26SEP27BALDAL,KXNFLPASSTDS,KXNFLPASSTDS-26SEP27BALDAL-DALDPRESCOTT4-3,Dak Prescott: 3+ passing touchdowns,0.2500,0.2600,0.2600,1021.33,1021.33,active,2026-09-29T20:25:00Z,2026-09-26T14:52:17+00:00
KXNFLPASSTDS-26SEP27BALDAL,KXNFLPASSTDS,KXNFLPASSTDS-26SEP27BALDAL-BALLJACKSON8-4,Lamar Jackson: 4+ passing touchdowns,0.0800,0.1000,0.0900,371.22,371.22,active,2026-09-29T20:25:00Z,2026-09-26T14:52:17+00:00
KXNFLPASSTDS-26SEP27BALDAL,KXNFLPASSTDS,KXNFLPASSTDS-26SEP27BALDAL-DALDPRESCOTT4-5,Dak Prescott: 5+ passing touchdowns,0.0300,0.0400,0.0400,234.25,234.25,active,2026-09-29T20:25:00Z,2026-09-26T14:52:17+00:00
KXNFLPASSTDS-26SEP27CARCLE,KXNFLPASSTDS,KXNFLPASSTDS-26SEP27CARCLE-CLEDWATSON4-4,Deshaun Watson: 4+ passing touchdowns,0.0200,0.0400,0.0400,1.00,1.00,active,2026-09-29T17:00:00Z,2026-09-26T14:52:17+00:00
KXNFLPASSTDS-26SEP27CARCLE,KXNFLPASSTDS,KXNFLPASSTDS-26SEP27CARCLE-CLEDWATSON4-2,Deshaun Watson: 2+ passing touchdowns,0.3300,0.3400,0.3300,80.05,80.05,active,2026-09-29T17:00:00Z,2026-09-26T14:52:17+00:00
KXNFLPASSTDS-26SEP27CARCLE,KXNFLPASSTDS,KXNFLPASSTDS-26SEP27CARCLE-CLEDWATSON4-1,Deshaun Watson: 1+ passing touchdowns,0.7000,0.7200,0.7000,1.13,1.13,active,2026-09-29T17:00:00Z,2026-09-26T14:52:17+00:00
KXNFLPASSTDS-26SEP27CARCLE,KXNFLPASSTDS,KXNFLPASSTDS-26SEP27CARCLE-CLEDWATSON4-3,Deshaun Watson: 3+ passing touchdowns,0.0900,0.1200,0.1000,368.76,368.76,active,2026-09-29T17:00:00Z,2026-09-26T14:52:17+00:00
KXNFLPASSTDS-26SEP27CARCLE,KXNFLPASSTDS,KXNFLPASSTDS-26SEP27CARCLE-CARBYOUNG9-2,Bryce Young: 2+ passing touchdowns,0.4300,0.4400,0.4500,662.03,662.03,active,2026-09-29T17:00:00Z,2026-09-26T14:52:17+00:00
KXNFLPASSTDS-26SEP27CARCLE,KXNFLPASSTDS,KXNFLPASSTDS-26SEP27CARCLE-CARBYOUNG9-1,Bryce Young: 1+ passing touchdowns,0.7600,0.7900,0.7900,6.22,6.22,active,2026-09-29T17:00:00Z,2026-09-26T14:52:17+00:00
KXNFLPASSTDS-26SEP27CARCLE,KXNFLPASSTDS,KXNFLPASSTDS-26SEP27CARCLE-CARBYOUNG9-4,Bryce Young: 4+ passing touchdowns,0.0400,0.0500,0.0500,786.42,786.42,active,2026-09-29T17:00:00Z,2026-09-26T14:52:17+00:00
KXNFLPASSTDS-26SEP27CARCLE,KXNFLPASSTDS,KXNFLPASSTDS-26SEP27CARCLE-CARBYOUNG9-3,Bryce Young: 3+ passing touchdowns,0.1600,0.1700,0.1600,994.29,936.29,active,2026-09-29T17:00:00Z,2026-09-26T14:52:17+00:00
KXNFLPASSTDS-26SEP27CINPIT,KXNFLPASSTDS,KXNFLPASSTDS-26SEP27CINPIT-PITARODGERS8-3,Aaron Rodgers: 3+ passing touchdowns,0.1100,0.1200,0.1200,20.53,20.53,active,2026-09-29T17:00:00Z,2026-09-26T14:52:17+00:00
KXNFLPASSTDS-26SEP27CINPIT,KXNFLPASSTDS,KXNFLPASSTDS-26SEP27CINPIT-CINJBURROW9-4,Joe Burrow: 4+ passing touchdowns,0.0400,0.0500,0.0500,597.86,597.86,active,2026-09-29T17:00:00Z,2026-09-26T14:52:17+00:00
KXNFLPASSTDS-26SEP27CINPIT,KXNFLPASSTDS,KXNFLPASSTDS-26SEP27CINPIT-PITARODGERS8-4,Aaron Rodgers: 4+ passing touchdowns,0.0200,0.0400,0.0400,117.12,117.12,active,2026-09-29T17:00:00Z,2026-09-26T14:52:17+00:00
KXNFLPASSTDS-26SEP27CINPIT,KXNFLPASSTDS,KXNFLPASSTDS-26SEP27CINPIT-PITARODGERS8-1,Aaron Rodgers: 1+ passing touchdowns,0.7100,0.7400,0.7400,90.86,53.66,active,2026-09-29T17:00:00Z,2026-09-26T14:52:17+00:00
KXNFLPASSTDS-26SEP27CINPIT,KXNFLPASSTDS,KXNFLPASSTDS-26SEP27CINPIT-CINJBURROW9-3,Joe Burrow: 3+ passing touchdowns,0.1900,0.2000,0.2000,172.99,172.99,active,2026-09-29T17:00:00Z,2026-09-26T14:52:17+00:00
KXNFLPASSTDS-26SEP27CINPIT,KXNFLPASSTDS,KXNFLPASSTDS-26SEP27CINPIT-CINJBURROW9-2,Joe Burrow: 2+ passing touchdowns,0.4800,0.4900,0.4900,3401.62,3344.47,active,2026-09-29T17:00:00Z,2026-09-26T14:52:17+00:00
KXNFLPASSTDS-26SEP27CINPIT,KXNFLPASSTDS,KXNFLPASSTDS-26SEP27CINPIT-PITARODGERS8-2,Aaron Rodgers: 2+ passing touchdowns,0.3300,0.3400,0.3500,5644.39,5644.39,active,2026-09-29T17:00:00Z,2026-09-26T14:52:17+00:00
KXNFLPASSTDS-26SEP27CINPIT,KXNFLPASSTDS,KXNFLPASSTDS-26SEP27CINPIT-CINJBURROW9-1,Joe Burrow: 1+ passing touchdowns,0.8000,0.8300,0.8400,64.21,64.21,active,2026-09-29T17:00:00Z,2026-09-26T14:52:17+00:00
KXNFLPASSTDS-26SEP27HOUIND,KXNFLPASSTDS,KXNFLPASSTDS-26SEP27HOUIND-HOUCSTROUD7-2,C.J. Stroud: 2+ passing touchdowns,0.4000,0.4200,0.4200,596.95,596.95,active,2026-09-29T17:00:00Z,2026-09-26T14:52:17+00:00
KXNFLPASSTDS-26SEP27HOUIND,KXNFLPASSTDS,KXNFLPASSTDS-26SEP27HOUIND-HOUCSTROUD7-3,C.J. Stroud: 3+ passing touchdowns,0.1300,0.1400,0.1400,261.18,256.59,active,2026-09-29T17:00:00Z,2026-09-26T14:52:17+00:00
KXNFLPASSTDS-26SEP27HOUIND,KXNFLPASSTDS,KXNFLPASSTDS-26SEP27HOUIND-HOUCSTROUD7-1,C.J. Stroud: 1+ passing touchdowns,0.7600,0.7900,0.7800,60.05,53.66,active,2026-09-29T17:00:00Z,2026-09-26T14:52:17+00:00
KXNFLPASSTDS-26SEP27HOUIND,KXNFLPASSTDS,KXNFLPASSTDS-26SEP27HOUIND-INDDJONES17-3,Daniel Jones: 3+ passing touchdowns,0.1200,0.1300,0.1100,240.50,240.50,active,2026-09-29T17:00:00Z,2026-09-26T14:52:17+00:00
KXNFLPASSTDS-26SEP27HOUIND,KXNFLPASSTDS,KXNFLPASSTDS-26SEP27HOUIND-HOUCSTROUD7-4,C.J. Stroud: 4+ passing touchdowns,0.0300,0.0400,0.0400,227.00,227.00,active,2026-09-29T17:00:00Z,2026-09-26T14:52:17+00:00
KXNFLPASSTDS-26SEP27HOUIND,KXNFLPASSTDS,KXNFLPASSTDS-26SEP27HOUIND-INDDJONES17-2,Daniel Jones: 2+ passing touchdowns,0.3500,0.3600,0.3600,10.63,10.63,active,2026-09-29T17:00:00Z,2026-09-26T14:52:17+00:00
KXNFLPASSTDS-26SEP27HOUIND,KXNFLPASSTDS,KXNFLPASSTDS-26SEP27HOUIND-INDDJONES17-1,Daniel Jones: 1+ passing touchdowns,0.7200,0.7400,0.7300,24.41,17.78,active,2026-09-29T17:00:00Z,2026-09-26T14:52:17+00:00
KXNFLPASSTDS-26SEP27HOUIND,KXNFLPASSTDS,KXNFLPASSTDS-26SEP27HOUIND-INDDJONES17-4,Daniel Jones: 4+ passing touchdowns,0.0200,0.0500,0.0000,0.00,0.00,active,2026-09-29T17:00:00Z,2026-09-26T14:52:17+00:00
KXNFLPASSTDS-26SEP27KCMIA,KXNFLPASSTDS,KXNFLPASSTDS-26SEP27KCMIA-MIAMWILLIS2-1,Malik Willis: 1+ passing touchdowns,0.6200,0.6300,0.6400,165.19,165.10,active,2026-09-29T17:00:00Z,2026-09-26T14:52:17+00:00
KXNFLPASSTDS-26SEP27KCMIA,KXNFLPASSTDS,KXNFLPASSTDS-26SEP27KCMIA-KCPMAHOMES15-4,Patrick Mahomes: 4+ passing touchdowns,0.1100,0.1200,0.1200,684.87,684.87,active,2026-09-29T17:00:00Z,2026-09-26T14:52:17+00:00
KXNFLPASSTDS-26SEP27KCMIA,KXNFLPASSTDS,KXNFLPASSTDS-26SEP27KCMIA-KCPMAHOMES15-3,Patrick Mahomes: 3+ passing touchdowns,0.3200,0.3300,0.3300,9991.15,9991.08,active,2026-09-29T17:00:00Z,2026-09-26T14:52:17+00:00
KXNFLPASSTDS-26SEP27KCMIA,KXNFLPASSTDS,KXNFLPASSTDS-26SEP27KCMIA-KCPMAHOMES15-1,Patrick Mahomes: 1+ passing touchdowns,0.8800,0.9000,0.9000,657.87,645.94,active,2026-09-29T17:00:00Z,2026-09-26T14:52:17+00:00
KXNFLPASSTDS-26SEP27KCMIA,KXNFLPASSTDS,KXNFLPASSTDS-26SEP27KCMIA-KCPMAHOMES15-5,Patrick Mahomes: 5+ passing touchdowns,0.0400,0.0500,0.0500,620.25,620.25,active,2026-09-29T17:00:00Z,2026-09-26T14:52:17+00:00
KXNFLPASSTDS-26SEP27KCMIA,KXNFLPASSTDS,KXNFLPASSTDS-26SEP27KCMIA-KCPMAHOMES15-2,Patrick Mahomes: 2+ passing touchdowns,0.6300,0.6400,0.6400,6075.06,5960.02,active,2026-09-29T17:00:00Z,2026-09-26T14:52:17+00:00
KXNFLPASSTDS-26SEP27LACBUF,KXNFLPASSTDS,KXNFLPASSTDS-26SEP27LACBUF-BUFJALLEN17-4,Josh Allen: 4+ passing touchdowns,0.0800,0.0900,0.0900,3360.75,3150.75,active,2026-09-29T17:00:00Z,2026-09-26T14:52:17+00:00
KXNFLPASSTDS-26SEP27LACBUF,KXNFLPASSTDS,KXNFLPASSTDS-26SEP27LACBUF-LACJHERBERT10-1,Justin Herbert: 1+ passing touchdowns,0.7400,0.7700,0.7700,114.78,77.13,active,2026-09-29T17:00:00Z,2026-09-26T14:52:17+00:00
KXNFLPASSTDS-26SEP27LACBUF,KXNFLPASSTDS,KXNFLPASSTDS-26SEP27LACBUF-LACJHERBERT10-2,Justin Herbert: 2+ passing touchdowns,0.3900,0.4200,0.4200,1956.33,1956.27,active,2026-09-29T17:00:00Z,2026-09-26T14:52:17+00:00
KXNFLPASSTDS-26SEP27LACBUF,KXNFLPASSTDS,KXNFLPASSTDS-26SEP27LACBUF-BUFJALLEN17-2,Josh Allen: 2+ passing touchdowns,0.5700,0.5800,0.5800,7369.10,7217.64,active,2026-09-29T17:00:00Z,2026-09-26T14:52:17+00:00
KXNFLPASSTDS-26SEP27LACBUF,KXNFLPASSTDS,KXNFLPASSTDS-26SEP27LACBUF-BUFJALLEN17-3,Josh Allen: 3+ passing touchdowns,0.2600,0.2700,0.2700,5031.51,5031.51,active,2026-09-29T17:00:00Z,2026-09-26T14:52:17+00:00
KXNFLPASSTDS-26SEP27LACBUF,KXNFLPASSTDS,KXNFLPASSTDS-26SEP27LACBUF-LACJHERBERT10-4,Justin Herbert: 4+ passing touchdowns,0.0300,0.0400,0.0400,214.00,214.00,active,2026-09-29T17:00:00Z,2026-09-26T14:52:17+00:00
KXNFLPASSTDS-26SEP27LACBUF,KXNFLPASSTDS,KXNFLPASSTDS-26SEP27LACBUF-BUFJALLEN17-1,Josh Allen: 1+ passing touchdowns,0.8600,0.8700,0.8800,836.45,770.92,active,2026-09-29T17:00:00Z,2026-09-26T14:52:17+00:00
KXNFLPASSTDS-26SEP27LACBUF,KXNFLPASSTDS,KXNFLPASSTDS-26SEP27LACBUF-LACJHERBERT10-3,Justin Herbert: 3+ passing touchdowns,0.1400,0.1500,0.1500,1071.22,1063.42,active,2026-09-29T17:00:00Z,2026-09-26T14:52:17+00:00
KXNFLPASSTDS-26SEP27LACBUF,KXNFLPASSTDS,KXNFLPASSTDS-26SEP27LACBUF-BUFJALLEN17-5,Josh Allen: 5+ passing touchdowns,0.0000,0.0500,0.0000,0.00,0.00,active,2026-09-29T17:00:00Z,2026-09-26T14:52:17+00:00
KXNFLPASSTDS-26SEP27LARDEN,KXNFLPASSTDS,KXNFLPASSTDS-26SEP27LARDEN-DENBNIX10-1,Bo Nix: 1+ passing touchdowns,0.7500,0.7800,0.7600,57.84,51.53,active,2026-09-30T00:20:00Z,2026-09-26T14:52:17+00:00
KXNFLPASSTDS-26SEP27LARDEN,KXNFLPASSTDS,KXNFLPASSTDS-26SEP27LARDEN-LARMSTAFFORD9-1,Matthew Stafford: 1+ passing touchdowns,0.8100,0.8300,0.8300,397.14,385.52,active,2026-09-30T00:20:00Z,2026-09-26T14:52:17+00:00
KXNFLPASSTDS-26SEP27LARDEN,KXNFLPASSTDS,KXNFLPASSTDS-26SEP27LARDEN-DENBNIX10-3,Bo Nix: 3+ passing touchdowns,0.1400,0.1600,0.1400,227.62,227.62,active,2026-09-30T00:20:00Z,2026-09-26T14:52:17+00:00
KXNFLPASSTDS-26SEP27LARDEN,KXNFLPASSTDS,KXNFLPASSTDS-26SEP27LARDEN-LARMSTAFFORD9-4,Matthew Stafford: 4+ passing touchdowns,0.0700,0.0800,0.0700,59.00,57.00,active,2026-09-30T00:20:00Z,2026-09-26T14:52:17+00:00
KXNFLPASSTDS-26SEP27LARDEN,KXNFLPASSTDS,KXNFLPASSTDS-26SEP27LARDEN-LARMSTAFFORD9-3,Matthew Stafford: 3+ passing touchdowns,0.2100,0.2200,0.2200,4457.35,4457.35,active,2026-09-30T00:20:00Z,2026-09-26T14:52:17+00:00
KXNFLPASSTDS-26SEP27LARDEN,KXNFLPASSTDS,KXNFLPASSTDS-26SEP27LARDEN-DENBNIX10-2,Bo Nix: 2+ passing touchdowns,0.4100,0.4200,0.4200,514.85,514.85,active,2026-09-30T00:20:00Z,2026-09-26T14:52:17+00:00
KXNFLPASSTDS-26SEP27LARDEN,KXNFLPASSTDS,KXNFLPASSTDS-26SEP27LARDEN-LARMSTAFFORD9-2,Matthew Stafford: 2+ passing touchdowns,0.4900,0.5000,0.5000,465.64,465.64,active,2026-09-30T00:20:00Z,2026-09-26T14:52:17+00:00
KXNFLPASSTDS-26SEP27LARDEN,KXNFLPASSTDS,KXNFLPASSTDS-26SEP27LARDEN-DENBNIX10-4,Bo Nix: 4+ passing touchdowns,0.0200,0.0500,0.0000,0.00,0.00,active,2026-09-30T00:20:00Z,2026-09-26T14:52:17+00:00
KXNFLPASSTDS-26SEP27LARDEN,KXNFLPASSTDS,KXNFLPASSTDS-26SEP27LARDEN-LARMSTAFFORD9-5,Matthew Stafford: 5+ passing touchdowns,0.0000,0.0400,0.0000,0.00,0.00,active,2026-09-30T00:20:00Z,2026-09-26T14:52:17+00:00
KXNFLPASSTDS-26SEP27LVNO,KXNFLPASSTDS,KXNFLPASSTDS-26SEP27LVNO-LVKCOUSINS8-4,Kirk Cousins: 4+ passing touchdowns,0.0200,0.0400,0.0300,1124.52,1124.52,active,2026-09-29T20:25:00Z,2026-09-26T14:52:17+00:00
KXNFLPASSTDS-26SEP27LVNO,KXNFLPASSTDS,KXNFLPASSTDS-26SEP27LVNO-NOTSHOUGH6-4,Tyler Shough: 4+ passing touchdowns,0.0400,0.0700,0.0700,245.55,245.55,active,2026-09-29T20:25:00Z,2026-09-26T14:52:17+00:00
KXNFLPASSTDS-26SEP27LVNO,KXNFLPASSTDS,KXNFLPASSTDS-26SEP27LVNO-LVKCOUSINS8-1,Kirk Cousins: 1+ passing touchdowns,0.7400,0.7500,0.7500,85.37,78.98,active,2026-09-29T20:25:00Z,2026-09-26T14:52:17+00:00
KXNFLPASSTDS-26SEP27LVNO,KXNFLPASSTDS,KXNFLPASSTDS-26SEP27LVNO-LVKCOUSINS8-3,Kirk Cousins: 3+ passing touchdowns,0.1300,0.1400,0.1300,2708.11,2704.11,active,2026-09-29T20:25:00Z,2026-09-26T14:52:17+00:00
KXNFLPASSTDS-26SEP27LVNO,KXNFLPASSTDS,KXNFLPASSTDS-26SEP27LVNO-LVKCOUSINS8-2,Kirk Cousins: 2+ passing touchdowns,0.3800,0.3900,0.3900,1014.77,1013.77,active,2026-09-29T20:25:00Z,2026-09-26T14:52:17+00:00
KXNFLPASSTDS-26SEP27LVNO,KXNFLPASSTDS,KXNFLPASSTDS-26SEP27LVNO-NOTSHOUGH6-3,Tyler Shough: 3+ passing touchdowns,0.1600,0.1800,0.1600,1660.25,1660.25,active,2026-09-29T20:25:00Z,2026-09-26T14:52:17+00:00
KXNFLPASSTDS-26SEP27LVNO,KXNFLPASSTDS,KXNFLPASSTDS-26SEP27LVNO-NOTSHOUGH6-2,Tyler Shough: 2+ passing touchdowns,0.4500,0.4600,0.4600,652.24,652.24,active,2026-09-29T20:25:00Z,2026-09-26T14:52:17+00:00
KXNFLPASSTDS-26SEP27LVNO,KXNFLPASSTDS,KXNFLPASSTDS-26SEP27LVNO-NOTSHOUGH6-1,Tyler Shough: 1+ passing touchdowns,0.7800,0.8100,0.8100,20.10,20.10,active,2026-09-29T20:25:00Z,2026-09-26T14:52:17+00:00
KXNFLPASSTDS-26SEP27MINTB,KXNFLPASSTDS,KXNFLPASSTDS-26SEP27MINTB-TBBMAYFIELD6-1,Baker Mayfield: 1+ passing touchdowns,0.7400,0.7700,0.7400,20.62,14.31,active,2026-09-29T20:05:00Z,2026-09-26T14:52:17+00:00
KXNFLPASSTDS-26SEP27MINTB,KXNFLPASSTDS,KXNFLPASSTDS-26SEP27MINTB-MINKMURRAY1-2,Kyler Murray: 2+ passing touchdowns,0.4000,0.4100,0.4100,56.69,56.69,active,2026-09-29T20:05:00Z,2026-09-26T14:52:17+00:00
KXNFLPASSTDS-26SEP27MINTB,KXNFLPASSTDS,KXNFLPASSTDS-26SEP27MINTB-TBBMAYFIELD6-4,Baker Mayfield: 4+ passing touchdowns,0.0300,0.0500,0.0500,331.37,331.37,active,2026-09-29T20:05:00Z,2026-09-26T14:52:17+00:00
KXNFLPASSTDS-26SEP27MINTB,KXNFLPASSTDS,KXNFLPASSTDS-26SEP27MINTB-MINKMURRAY1-4,Kyler Murray: 4+ passing touchdowns,0.0200,0.0500,0.0000,0.00,0.00,active,2026-09-29T20:05:00Z,2026-09-26T14:52:17+00:00
KXNFLPASSTDS-26SEP27MINTB,KXNFLPASSTDS,KXNFLPASSTDS-26SEP27MINTB-MINKMURRAY1-1,Kyler Murray: 1+ passing touchdowns,0.7500,0.7800,0.7500,22.00,21.00,active,2026-09-29T20:05:00Z,2026-09-26T14:52:17+00:00
KXNFLPASSTDS-26SEP27MINTB,KXNFLPASSTDS,KXNFLPASSTDS-26SEP27MINTB-TBBMAYFIELD6-2,Baker Mayfield: 2+ passing touchdowns,0.3800,0.4000,0.4000,97.68,97.68,active,2026-09-29T20:05:00Z,2026-09-26T14:52:17+00:00
KXNFLPASSTDS-26SEP27MINTB,KXNFLPASSTDS,KXNFLPASSTDS-26SEP27MINTB-TBBMAYFIELD6-3,Baker Mayfield: 3+ passing touchdowns,0.1300,0.1400,0.1400,344.95,344.95,active,2026-09-29T20:05:00Z,2026-09-26T14:52:17+00:00
KXNFLPASSTDS-26SEP27MINTB,KXNFLPASSTDS,KXNFLPASSTDS-26SEP27MINTB-MINKMURRAY1-3,Kyler Murray: 3+ passing touchdowns,0.1300,0.1500,0.1400,716.32,716.32,active,2026-09-29T20:05:00Z,2026-09-26T14:52:17+00:00
KXNFLPASSTDS-26SEP27NEJAC,KXNFLPASSTDS,KXNFLPASSTDS-26SEP27NEJAC-NEDMAYE10-4,Drake Maye: 4+ passing touchdowns,0.0300,0.0400,0.0400,173.42,173.42,active,2026-09-29T17:00:00Z,2026-09-26T14:52:17+00:00
KXNFLPASSTDS-26SEP27NEJAC,KXNFLPASSTDS,KXNFLPASSTDS-26SEP27NEJAC-NEDMAYE10-2,Drake Maye: 2+ passing touchdowns,0.3800,0.3900,0.3900,1199.13,947.41,active,2026-09-29T17:00:00Z,2026-09-26T14:52:17+00:00
KXNFLPASSTDS-26SEP27NEJAC,KXNFLPASSTDS,KXNFLPASSTDS-26SEP27NEJAC-JACTLAWRENCE16-2,Trevor Lawrence: 2+ passing touchdowns,0.4900,0.5000,0.5000,129.41,129.36,active,2026-09-29T17:00:00Z,2026-09-26T14:52:17+00:00
KXNFLPASSTDS-26SEP27NEJAC,KXNFLPASSTDS,KXNFLPASSTDS-26SEP27NEJAC-JACTLAWRENCE16-4,Trevor Lawrence: 4+ passing touchdowns,0.0500,0.0600,0.0600,244.00,244.00,active,2026-09-29T17:00:00Z,2026-09-26T14:52:17+00:00
KXNFLPASSTDS-26SEP27NEJAC,KXNFLPASSTDS,KXNFLPASSTDS-26SEP27NEJAC-NEDMAYE10-3,Drake Maye: 3+ passing touchdowns,0.1200,0.1400,0.1300,255.19,255.19,active,2026-09-29T17:00:00Z,2026-09-26T14:52:17+00:00
KXNFLPASSTDS-26SEP27NEJAC,KXNFLPASSTDS,KXNFLPASSTDS-26SEP27NEJAC-NEDMAYE10-1,Drake Maye: 1+ passing touchdowns,0.7300,0.7700,0.7500,36.31,19.31,active,2026-09-29T17:00:00Z,2026-09-26T14:52:17+00:00
KXNFLPASSTDS-26SEP27NEJAC,KXNFLPASSTDS,KXNFLPASSTDS-26SEP27NEJAC-JACTLAWRENCE16-3,Trevor Lawrence: 3+ passing touchdowns,0.2000,0.2100,0.2100,193.76,193.76,active,2026-09-29T17:00:00Z,2026-09-26T14:52:17+00:00
KXNFLPASSTDS-26SEP27NEJAC,KXNFLPASSTDS,KXNFLPASSTDS-26SEP27NEJAC-JACTLAWRENCE16-1,Trevor Lawrence: 1+ passing touchdowns,0.8000,0.8400,0.8300,9.16,9.16,active,2026-09-29T17:00:00Z,2026-09-26T14:52:17+00:00
KXNFLPASSTDS-26SEP27NYJDET,KXNFLPASSTDS,KXNFLPASSTDS-26SEP27NYJDET-DETJGOFF16-4,Jared Goff: 4+ passing touchdowns,0.1000,0.1100,0.1100,273.01,273.01,active,2026-09-29T17:00:00Z,2026-09-26T14:52:17+00:00
KXNFLPASSTDS-26SEP27NYJDET,KXNFLPASSTDS,KXNFLPASSTDS-26SEP27NYJDET-DETJGOFF16-3,Jared Goff: 3+ passing touchdowns,0.3100,0.3200,0.3100,398.66,383.75,active,2026-09-29T17:00:00Z,2026-09-26T14:52:17+00:00
KXNFLPASSTDS-26SEP27NYJDET,KXNFLPASSTDS,KXNFLPASSTDS-26SEP27NYJDET-NYJGSMITH7-3,Geno Smith: 3+ passing touchdowns,0.1300,0.1400,0.1400,355.74,355.74,active,2026-09-29T17:00:00Z,2026-09-26T14:52:17+00:00
KXNFLPASSTDS-26SEP27NYJDET,KXNFLPASSTDS,KXNFLPASSTDS-26SEP27NYJDET-NYJGSMITH7-1,Geno Smith: 1+ passing touchdowns,0.7300,0.7500,0.7400,32.35,25.88,active,2026-09-29T17:00:00Z,2026-09-26T14:52:17+00:00
KXNFLPASSTDS-26SEP27NYJDET,KXNFLPASSTDS,KXNFLPASSTDS-26SEP27NYJDET-DETJGOFF16-2,Jared Goff: 2+ passing touchdowns,0.6200,0.6300,0.6200,709.01,621.31,active,2026-09-29T17:00:00Z,2026-09-26T14:52:17+00:00
KXNFLPASSTDS-26SEP27NYJDET,KXNFLPASSTDS,KXNFLPASSTDS-26SEP27NYJDET-DETJGOFF16-1,Jared Goff: 1+ passing touchdowns,0.8700,0.9000,0.9000,455.05,443.25,active,2026-09-29T17:00:00Z,2026-09-26T14:52:17+00:00
KXNFLPASSTDS-26SEP27NYJDET,KXNFLPASSTDS,KXNFLPASSTDS-26SEP27NYJDET-NYJGSMITH7-4,Geno Smith: 4+ passing touchdowns,0.0200,0.0500,0.0400,268.00,268.00,active,2026-09-29T17:00:00Z,2026-09-26T14:52:17+00:00
KXNFLPASSTDS-26SEP27NYJDET,KXNFLPASSTDS,KXNFLPASSTDS-26SEP27NYJDET-NYJGSMITH7-2,Geno Smith: 2+ passing touchdowns,0.3900,0.4000,0.3900,1644.89,1644.89,active,2026-09-29T17:00:00Z,2026-09-26T14:52:17+00:00
KXNFLPASSTDS-26SEP27NYJDET,KXNFLPASSTDS,KXNFLPASSTDS-26SEP27NYJDET-DETJGOFF16-5,Jared Goff: 5+ passing touchdowns,0.0400,0.0600,0.0500,49.00,49.00,active,2026-09-29T17:00:00Z,2026-09-26T14:52:17+00:00
KXNFLPASSTDS-26SEP27SEAWAS,KXNFLPASSTDS,KXNFLPASSTDS-26SEP27SEAWAS-SEASDARNOLD14-4,Sam Darnold: 4+ passing touchdowns,0.0500,0.0600,0.0600,5835.22,5835.22,active,2026-09-29T17:00:00Z,2026-09-26T14:52:17+00:00
KXNFLPASSTDS-26SEP27SEAWAS,KXNFLPASSTDS,KXNFLPASSTDS-26SEP27SEAWAS-SEASDARNOLD14-2,Sam Darnold: 2+ passing touchdowns,0.4500,0.4600,0.4600,12221.01,7764.90,active,2026-09-29T17:00:00Z,2026-09-26T14:52:17+00:00
KXNFLPASSTDS-26SEP27SEAWAS,KXNFLPASSTDS,KXNFLPASSTDS-26SEP27SEAWAS-WASMMARIOTA8-2,Marcus Mariota: 2+ passing touchdowns,0.2200,0.2300,0.2300,88.10,88.10,active,2026-09-29T17:00:00Z,2026-09-26T14:52:17+00:00
KXNFLPASSTDS-26SEP27SEAWAS,KXNFLPASSTDS,KXNFLPASSTDS-26SEP27SEAWAS-SEASDARNOLD14-3,Sam Darnold: 3+ passing touchdowns,0.1700,0.1800,0.1800,4045.95,4045.95,active,2026-09-29T17:00:00Z,2026-09-26T14:52:17+00:00
KXNFLPASSTDS-26SEP27SEAWAS,KXNFLPASSTDS,KXNFLPASSTDS-26SEP27SEAWAS-WASMMARIOTA8-1,Marcus Mariota: 1+ passing touchdowns,0.6000,0.6200,0.6000,1213.66,1213.66,active,2026-09-29T17:00:00Z,2026-09-26T14:52:17+00:00
KXNFLPASSTDS-26SEP27SEAWAS,KXNFLPASSTDS,KXNFLPASSTDS-26SEP27SEAWAS-SEASDARNOLD14-1,Sam Darnold: 1+ passing touchdowns,0.7900,0.8200,0.8200,779.12,619.11,active,2026-09-29T17:00:00Z,2026-09-26T14:52:17+00:00
KXNFLPASSTDS-26SEP27SEAWAS,KXNFLPASSTDS,KXNFLPASSTDS-26SEP27SEAWAS-WASMMARIOTA8-3,Marcus Mariota: 3+ passing touchdowns,0.0400,0.0700,0.0000,0.00,0.00,active,2026-09-29T17:00:00Z,2026-09-26T14:52:17+00:00
KXNFLPASSTDS-26SEP27TENNYG,KXNFLPASSTDS,KXNFLPASSTDS-26SEP27TENNYG-TENCWARD1-4,Cam Ward: 4+ passing touchdowns,0.0000,0.0400,0.0000,0.00,0.00,active,2026-09-29T17:00:00Z,2026-09-26T14:52:17+00:00
KXNFLPASSTDS-26SEP27TENNYG,KXNFLPASSTDS,KXNFLPASSTDS-26SEP27TENNYG-NYGJWINSTON19-3,Jameis Winston: 3+ passing touchdowns,0.0800,0.0900,0.1000,6296.79,6296.79,active,2026-09-29T17:00:00Z,2026-09-26T14:52:17+00:00
KXNFLPASSTDS-26SEP27TENNYG,KXNFLPASSTDS,KXNFLPASSTDS-26SEP27TENNYG-TENCWARD1-3,Cam Ward: 3+ passing touchdowns,0.0600,0.0700,0.0600,166.00,166.00,active,2026-09-29T17:00:00Z,2026-09-26T14:52:17+00:00
KXNFLPASSTDS-26SEP27TENNYG,KXNFLPASSTDS,KXNFLPASSTDS-26SEP27TENNYG-TENCWARD1-1,Cam Ward: 1+ passing touchdowns,0.6100,0.6400,0.6200,948.30,948.30,active,2026-09-29T17:00:00Z,2026-09-26T14:52:17+00:00
KXNFLPASSTDS-26SEP27TENNYG,KXNFLPASSTDS,KXNFLPASSTDS-26SEP27TENNYG-TENCWARD1-2,Cam Ward: 2+ passing touchdowns,0.2200,0.2400,0.2400,573.70,573.70,active,2026-09-29T17:00:00Z,2026-09-26T14:52:17+00:00
KXNFLPASSTDS-26SEP27TENNYG,KXNFLPASSTDS,KXNFLPASSTDS-26SEP27TENNYG-NYGJWINSTON19-2,Jameis Winston: 2+ passing touchdowns,0.2800,0.3000,0.3100,1864.32,1864.32,active,2026-09-29T17:00:00Z,2026-09-26T14:52:17+00:00
KXNFLPASSTDS-26SEP27TENNYG,KXNFLPASSTDS,KXNFLPASSTDS-26SEP27TENNYG-NYGJWINSTON19-1,Jameis Winston: 1+ passing touchdowns,0.6800,0.6900,0.6900,673.81,669.81,active,2026-09-29T17:00:00Z,2026-09-26T14:52:17+00:00
KXNFLPASSTDS-26SEP27TENNYG,KXNFLPASSTDS,KXNFLPASSTDS-26SEP27TENNYG-NYGJWINSTON19-4,Jameis Winston: 4+ passing touchdowns,0.0200,0.0300,0.0200,7091.24,7091.24,active,2026-09-29T17:00:00Z,2026-09-26T14:52:17+00:00
KXNFLPASSTDS-26SEP28PHICHI,KXNFLPASSTDS,KXNFLPASSTDS-26SEP28PHICHI-CHICKEENUM11-2,Case Keenum: 2+ passing touchdowns,0.1900,0.2400,0.0000,0.00,0.00,active,2026-10-01T00:15:00Z,2026-09-26T14:52:17+00:00
KXNFLPASSTDS-26SEP28PHICHI,KXNFLPASSTDS,KXNFLPASSTDS-26SEP28PHICHI-PHIJHURTS1-2,Jalen Hurts: 2+ passing touchdowns,0.4000,0.4200,0.4200,316.24,309.38,active,2026-10-01T00:15:00Z,2026-09-26T14:52:17+00:00
KXNFLPASSTDS-26SEP28PHICHI,KXNFLPASSTDS,KXNFLPASSTDS-26SEP28PHICHI-CHICKEENUM11-1,Case Keenum: 1+ passing touchdowns,0.5700,0.6000,0.0000,0.00,0.00,active,2026-10-01T00:15:00Z,2026-09-26T14:52:17+00:00
KXNFLPASSTDS-26SEP28PHICHI,KXNFLPASSTDS,KXNFLPASSTDS-26SEP28PHICHI-CHICKEENUM11-3,Case Keenum: 3+ passing touchdowns,0.0000,0.0800,0.0000,0.00,0.00,active,2026-10-01T00:15:00Z,2026-09-26T14:52:17+00:00
KXNFLPASSTDS-26SEP28PHICHI,KXNFLPASSTDS,KXNFLPASSTDS-26SEP28PHICHI-PHIJHURTS1-1,Jalen Hurts: 1+ passing touchdowns,0.7500,0.7900,0.7800,73.26,73.26,active,2026-10-01T00:15:00Z,2026-09-26T14:52:17+00:00
KXNFLPASSTDS-26SEP28PHICHI,KXNFLPASSTDS,KXNFLPASSTDS-26SEP28PHICHI-PHIJHURTS1-3,Jalen Hurts: 3+ passing touchdowns,0.1500,0.1600,0.1600,186.09,186.09,active,2026-10-01T00:15:00Z,2026-09-26T14:52:17+00:00
KXNFLPASSTDS-26SEP28PHICHI,KXNFLPASSTDS,KXNFLPASSTDS-26SEP28PHICHI-PHIJHURTS1-4,Jalen Hurts: 4+ passing touchdowns,0.0100,0.0600,0.0000,0.00,0.00,active,2026-10-01T00:15:00Z,2026-09-26T14:52:17+00:00
KXNFLTD-26SEP27ARISF,KXNFLTD,KXNFLTD-26SEP27ARISF-SFBPURDY13-2,Brock Purdy: 2+ touchdowns,0.0200,0.0400,0.0400,6452.62,6335.50,active,2026-09-29T20:05:00Z,2026-09-26T14:52:17+00:00
KXNFLTD-26SEP27ARISF,KXNFLTD,KXNFLTD-26SEP27ARISF-SFGKITTLE85-2,George Kittle: 2+ touchdowns,0.0500,0.0600,0.0500,3662.28,3627.28,active,2026-09-29T20:05:00Z,2026-09-26T14:52:17+00:00
KXNFLTD-26SEP27ARISF,KXNFLTD,KXNFLTD-26SEP27ARISF-ARIJLOVE4-2,Jeremiyah Love: 2+ touchdowns,0.0600,0.0700,0.0700,5612.03,5612.03,active,2026-09-29T20:05:00Z,2026-09-26T14:52:17+00:00
KXNFLTD-26SEP27ARISF,KXNFLTD,KXNFLTD-26SEP27ARISF-ARIHLONG89-1,Hunter Long: 1+ touchdowns,0.0400,0.0500,0.0400,219.00,139.00,active,2026-09-29T20:05:00Z,2026-09-26T14:52:17+00:00
KXNFLTD-26SEP27ARISF,KXNFLTD,KXNFLTD-26SEP27ARISF-SFSFDST-1,SF 49ers D/ST: 1+ touchdowns,0.1100,0.1300,0.1300,1168.65,1168.65,active,2026-09-29T20:05:00Z,2026-09-26T14:52:17+00:00
KXNFLTD-26SEP27ARISF,KXNFLTD,KXNFLTD-26SEP27ARISF-SFLFARRELL89-1,Luke Farrell: 1+ touchdowns,0.0800,0.0900,0.0900,1952.28,1952.28,active,2026-09-29T20:05:00Z,2026-09-26T14:52:17+00:00
KXNFLTD-26SEP27ARISF,KXNFLTD,KXNFLTD-26SEP27ARISF-ARIJBRISSETT7-1,Jacoby Brissett: 1+ touchdowns,0.0900,0.1000,0.1100,56.21,56.21,active,2026-09-29T20:05:00Z,2026-09-26T14:52:17+00:00
KXNFLTD-26SEP27ARISF,KXNFLTD,KXNFLTD-26SEP27ARISF-SFJCOWING4-1,Jacob Cowing: 1+ touchdowns,0.1000,0.1100,0.1100,399.72,399.72,active,2026-09-29T20:05:00Z,2026-09-26T14:52:17+00:00
KXNFLTD-26SEP27ARISF,KXNFLTD,KXNFLTD-26SEP27ARISF-SFCMCCAFFREY23-3,Christian McCaffrey: 3+ touchdowns,0.0800,0.0900,0.0700,811.89,811.89,active,2026-09-29T20:05:00Z,2026-09-26T14:52:17+00:00
KXNFLTD-26SEP27ARISF,KXNFLTD,KXNFLTD-26SEP27ARISF-SFDSAMUEL19-2,Deebo Samuel Sr.: 2+ touchdowns,0.0500,0.0700,0.0600,2107.49,2107.49,active,2026-09-29T20:05:00Z,2026-09-26T14:52:17+00:00
KXNFLTD-26SEP27ARISF,KXNFLTD,KXNFLTD-26SEP27ARISF-SFKHODGE86-1,KhaDarel Hodge: 1+ touchdowns,0.0700,0.1000,0.0900,1012.02,1012.02,active,2026-09-29T20:05:00Z,2026-09-26T14:52:17+00:00
KXNFLTD-26SEP27ARISF,KXNFLTD,KXNFLTD-26SEP27ARISF-ARIMWILSON14-2,Michael Wilson: 2+ touchdowns,0.0200,0.0300,0.0300,1011.37,1011.37,active,2026-09-29T20:05:00Z,2026-09-26T14:52:17+00:00
KXNFLTD-26SEP27ARISF,KXNFLTD,KXNFLTD-26SEP27ARISF-SFLFARRELL89-2,Luke Farrell: 2+ touchdowns,0.0000,0.0100,0.0100,4716.87,4716.87,active,2026-09-29T20:05:00Z,2026-09-26T14:52:17+00:00
KXNFLTD-26SEP27ARISF,KXNFLTD,KXNFLTD-26SEP27ARISF-SFBPURDY13-3,Brock Purdy: 3+ touchdowns,0.0000,0.0100,0.0200,1785.87,1785.87,active,2026-09-29T20:05:00Z,2026-09-26T14:52:17+00:00
KXNFLTD-26SEP27ARISF,KXNFLTD,KXNFLTD-26SEP27ARISF-ARIMWILSON14-1,Michael Wilson: 1+ touchdowns,0.2400,0.2500,0.2500,23461.21,23461.21,active,2026-09-29T20:05:00Z,2026-09-26T14:52:17+00:00
KXNFLTD-26SEP27ARISF,KXNFLTD,KXNFLTD-26SEP27ARISF-ARITALLGEIER22-1,Tyler Allgeier: 1+ touchdowns,0.2800,0.2900,0.2900,565.07,520.07,active,2026-09-29T20:05:00Z,2026-09-26T14:52:17+00:00
KXNFLTD-26SEP27ARISF,KXNFLTD,KXNFLTD-26SEP27ARISF-SFGKITTLE85-1,George Kittle: 1+ touchdowns,0.3200,0.3300,0.3400,7794.70,7753.43,active,2026-09-29T20:05:00Z,2026-09-26T14:52:17+00:00
KXNFLTD-26SEP27ARISF,KXNFLTD,KXNFLTD-26SEP27ARISF-ARIJLOVE4-1,Jeremiyah Love: 1+ touchdowns,0.3300,0.3500,0.3500,3202.72,3007.60,active,2026-09-29T20:05:00Z,2026-09-26T14:52:17+00:00
KXNFLTD-26SEP27ARISF,KXNFLTD,KXNFLTD-26SEP27ARISF-ARITALLGEIER22-2,Tyler Allgeier: 2+ touchdowns,0.0500,0.0700,0.0500,19.00,19.00,active,2026-09-29T20:05:00Z,2026-09-26T14:52:17+00:00
KXNFLTD-26SEP27ARISF,KXNFLTD,KXNFLTD-26SEP27ARISF-ARITMCBRIDE85-3,Trey McBride: 3+ touchdowns,0.0000,0.0100,0.0100,573.37,573.37,active,2026-09-29T20:05:00Z,2026-09-26T14:52:17+00:00
KXNFLTD-26SEP27ARISF,KXNFLTD,KXNFLTD-26SEP27ARISF-ARIMHARRISON18-1,Marvin Harrison Jr.: 1+ touchdowns,0.1800,0.1900,0.1900,2956.91,2832.40,active,2026-09-29T20:05:00Z,2026-09-26T14:52:17+00:00
KXNFLTD-26SEP27ARISF,KXNFLTD,KXNFLTD-26SEP27ARISF-SFDSAMUEL19-1,Deebo Samuel Sr.: 1+ touchdowns,0.3300,0.3400,0.3500,2037.90,2037.90,active,2026-09-29T20:05:00Z,2026-09-26T14:52:17+00:00
KXNFLTD-26SEP27ARISF,KXNFLTD,KXNFLTD-26SEP27ARISF-ARIJBRISSETT7-2,Jacoby Brissett: 2+ touchdowns,0.0000,0.0100,0.0100,690.64,690.64,active,2026-09-29T20:05:00Z,2026-09-26T14:52:17+00:00
KXNFLTD-26SEP27ARISF,KXNFLTD,KXNFLTD-26SEP27ARISF-SFKJUSZCZYK44-1,Kyle Juszczyk: 1+ touchdowns,0.1000,0.1200,0.1200,5214.51,5214.51,active,2026-09-29T20:05:00Z,2026-09-26T14:52:17+00:00
KXNFLTD-26SEP27ARISF,KXNFLTD,KXNFLTD-26SEP27ARISF-ARITMCBRIDE85-1,Trey McBride: 1+ touchdowns,0.3100,0.3200,0.3200,11871.16,11859.23,active,2026-09-29T20:05:00Z,2026-09-26T14:52:17+00:00
KXNFLTD-26SEP27ARISF,KXNFLTD,KXNFLTD-26SEP27ARISF-ARITMCBRIDE85-2,Trey McBride: 2+ touchdowns,0.0500,0.0600,0.0600,9807.65,9807.65,active,2026-09-29T20:05:00Z,2026-09-26T14:52:17+00:00
KXNFLTD-26SEP27ARISF,KXNFLTD,KXNFLTD-26SEP27ARISF-SFBPURDY13-1,Brock Purdy: 1+ touchdowns,0.2300,0.2400,0.2400,4461.80,4457.80,active,2026-09-29T20:05:00Z,2026-09-26T14:52:17+00:00
KXNFLTD-26SEP27ARISF,KXNFLTD,KXNFLTD-26SEP27ARISF-SFKBLACK26-1,Kaelon Black: 1+ touchdowns,0.2200,0.2300,0.2300,3923.49,3923.49,active,2026-09-29T20:05:00Z,2026-09-26T14:52:17+00:00
KXNFLTD-26SEP27ARISF,KXNFLTD,KXNFLTD-26SEP27ARISF-SFKBLACK26-2,Kaelon Black: 2+ touchdowns,0.0200,0.0300,0.0400,23.42,23.42,active,2026-09-29T20:05:00Z,2026-09-26T14:52:17+00:00
KXNFLTD-26SEP27ARISF,KXNFLTD,KXNFLTD-26SEP27ARISF-SFCMCCAFFREY23-2,Christian McCaffrey: 2+ touchdowns,0.2800,0.3000,0.2900,3289.31,3009.32,active,2026-09-29T20:05:00Z,2026-09-26T14:52:17+00:00
KXNFLTD-26SEP27ARISF,KXNFLTD,KXNFLTD-26SEP27ARISF-SFCMCCAFFREY23-1,Christian McCaffrey: 1+ touchdowns,0.6600,0.6700,0.6700,4121.88,2861.47,active,2026-09-29T20:05:00Z,2026-09-26T14:52:17+00:00
KXNFLTD-26SEP27ARISF,KXNFLTD,KXNFLTD-26SEP27ARISF-SFDSAMUEL19-3,Deebo Samuel Sr.: 3+ touchdowns,0.0000,0.0100,0.0100,1352.75,1352.75,active,2026-09-29T20:05:00Z,2026-09-26T14:52:17+00:00
KXNFLTD-26SEP27ARISF,KXNFLTD,KXNFLTD-26SEP27ARISF-SFJCOWING4-2,Jacob Cowing: 2+ touchdowns,0.0000,0.0100,0.0100,1696.00,1696.00,active,2026-09-29T20:05:00Z,2026-09-26T14:52:17+00:00
KXNFLTD-26SEP27ARISF,KXNFLTD,KXNFLTD-26SEP27ARISF-SFKHODGE86-2,KhaDarel Hodge: 2+ touchdowns,0.0100,0.0200,0.0000,0.00,0.00,active,2026-09-29T20:05:00Z,2026-09-26T14:52:17+00:00
KXNFLTD-26SEP27ARISF,KXNFLTD,KXNFLTD-26SEP27ARISF-ARIMHARRISON18-2,Marvin Harrison Jr.: 2+ touchdowns,0.0200,0.0300,0.0300,1895.45,1895.45,active,2026-09-29T20:05:00Z,2026-09-26T14:52:17+00:00
KXNFLTD-26SEP27ARISF,KXNFLTD,KXNFLTD-26SEP27ARISF-ARITALLGEIER22-3,Tyler Allgeier: 3+ touchdowns,0.0100,0.0200,0.0000,0.00,0.00,active,2026-09-29T20:05:00Z,2026-09-26T14:52:17+00:00
KXNFLTD-26SEP27ARISF,KXNFLTD,KXNFLTD-26SEP27ARISF-ARIKBOURNE17-2,Kendrick Bourne: 2+ touchdowns,0.0000,0.0100,0.0100,1812.49,1812.49,active,2026-09-29T20:05:00Z,2026-09-26T14:52:17+00:00
KXNFLTD-26SEP27ARISF,KXNFLTD,KXNFLTD-26SEP27ARISF-ARIARIDST-1,ARI Cardinals D/ST: 1+ touchdowns,0.0900,0.1200,0.0000,0.00,0.00,active,2026-09-29T20:05:00Z,2026-09-26T14:52:17+00:00
KXNFLTD-26SEP27ARISF,KXNFLTD,KXNFLTD-26SEP27ARISF-SFGKITTLE85-3,George Kittle: 3+ touchdowns,0.0100,0.0200,0.0100,300.00,300.00,active,2026-09-29T20:05:00Z,2026-09-26T14:52:17+00:00
KXNFLTD-26SEP27ARISF,KXNFLTD,KXNFLTD-26SEP27ARISF-ARIJLOVE4-3,Jeremiyah Love: 3+ touchdowns,0.0100,0.0200,0.0200,1.87,1.87,active,2026-09-29T20:05:00Z,2026-09-26T14:52:17+00:00
KXNFLTD-26SEP27ARISF,KXNFLTD,KXNFLTD-26SEP27ARISF-ARIKBOURNE17-1,Kendrick Bourne: 1+ touchdowns,0.1100,0.1200,0.1200,7537.33,7537.33,active,2026-09-29T20:05:00Z,2026-09-26T14:52:17+00:00
KXNFLTD-26SEP27ARISF,KXNFLTD,KXNFLTD-26SEP27ARISF-SFKJUSZCZYK44-2,Kyle Juszczyk: 2+ touchdowns,0.0000,0.0100,0.0200,5075.71,5075.71,active,2026-09-29T20:05:00Z,2026-09-26T14:52:17+00:00
KXNFLTD-26SEP27ARISF,KXNFLTD,KXNFLTD-26SEP27ARISF-ARIEHIGGINS84-1,Elijah Higgins: 1+ touchdowns,0.0500,0.0600,0.0500,10765.83,10765.83,active,2026-09-29T20:05:00Z,2026-09-26T14:52:17+00:00
KXNFLTD-26SEP27ARISF,KXNFLTD,KXNFLTD-26SEP27ARISF-SFKBLACK26-3,Kaelon Black: 3+ touchdowns,0.0100,0.0200,0.0100,201.87,201.87,active,2026-09-29T20:05:00Z,2026-09-26T14:52:17+00:00
KXNFLTD-26SEP27BALDAL,KXNFLTD,KXNFLTD-26SEP27BALDAL-BALMHIBNER88-1,Matt Hibner: 1+ touchdowns,0.0500,0.0600,0.0600,306.24,306.24,active,2026-09-29T20:25:00Z,2026-09-26T14:52:17+00:00
KXNFLTD-26SEP27BALDAL,KXNFLTD,KXNFLTD-26SEP27BALDAL-BALLJACKSON8-2,Lamar Jackson: 2+ touchdowns,0.0400,0.0500,0.0500,5079.33,5079.33,active,2026-09-29T20:25:00Z,2026-09-26T14:52:17+00:00
KXNFLTD-26SEP27BALDAL,KXNFLTD,KXNFLTD-26SEP27BALDAL-DALGPICKENS3-2,George Pickens: 2+ touchdowns,0.0600,0.0700,0.0700,3090.81,3090.81,active,2026-09-29T20:25:00Z,2026-09-26T14:52:17+00:00
KXNFLTD-26SEP27BALDAL,KXNFLTD,KXNFLTD-26SEP27BALDAL-BALJHILL43-1,Justice Hill: 1+ touchdowns,0.1400,0.1500,0.1700,7036.25,7029.96,active,2026-09-29T20:25:00Z,2026-09-26T14:52:17+00:00
KXNFLTD-26SEP27BALDAL,KXNFLTD,KXNFLTD-26SEP27BALDAL-DALBSPANNFORD89-1,Brevyn Spann-Ford: 1+ touchdowns,0.0500,0.0600,0.0700,1508.40,1508.40,active,2026-09-29T20:25:00Z,2026-09-26T14:52:17+00:00
KXNFLTD-26SEP27BALDAL,KXNFLTD,KXNFLTD-26SEP27BALDAL-DALJWILLIAMS33-2,Javonte Williams: 2+ touchdowns,0.1700,0.2000,0.2000,83.67,83.67,active,2026-09-29T20:25:00Z,2026-09-26T14:52:17+00:00
KXNFLTD-26SEP27BALDAL,KXNFLTD,KXNFLTD-26SEP27BALDAL-BALDSMYTHE80-1,Durham Smythe: 1+ touchdowns,0.0900,0.1000,0.1100,37.54,37.54,active,2026-09-29T20:25:00Z,2026-09-26T14:52:17+00:00
KXNFLTD-26SEP27BALDAL,KXNFLTD,KXNFLTD-26SEP27BALDAL-BALJHILL43-2,Justice Hill: 2+ touchdowns,0.0100,0.0200,0.0000,0.00,0.00,active,2026-09-29T20:25:00Z,2026-09-26T14:52:17+00:00
KXNFLTD-26SEP27BALDAL,KXNFLTD,KXNFLTD-26SEP27BALDAL-BALCMOORE17-1,Chris Moore: 1+ touchdowns,0.1500,0.1600,0.1600,670.63,662.57,active,2026-09-29T20:25:00Z,2026-09-26T14:52:17+00:00
KXNFLTD-26SEP27BALDAL,KXNFLTD,KXNFLTD-26SEP27BALDAL-DALDPRESCOTT4-2,Dak Prescott: 2+ touchdowns,0.0100,0.0200,0.0200,15256.72,15256.72,active,2026-09-29T20:25:00Z,2026-09-26T14:52:17+00:00
KXNFLTD-26SEP27BALDAL,KXNFLTD,KXNFLTD-26SEP27BALDAL-BALESARRATT13-1,Elijah Sarratt: 1+ touchdowns,0.0800,0.0900,0.1000,2246.49,2246.49,active,2026-09-29T20:25:00Z,2026-09-26T14:52:17+00:00
KXNFLTD-26SEP27BALDAL,KXNFLTD,KXNFLTD-26SEP27BALDAL-DALJWILLIAMS33-3,Javonte Williams: 3+ touchdowns,0.0400,0.0500,0.0400,122.04,122.04,active,2026-09-29T20:25:00Z,2026-09-26T14:52:17+00:00
KXNFLTD-26SEP27BALDAL,KXNFLTD,KXNFLTD-26SEP27BALDAL-BALDWALKER81-1,Devontez Walker: 1+ touchdowns,0.1000,0.1100,0.1100,4201.44,4201.44,active,2026-09-29T20:25:00Z,2026-09-26T14:52:17+00:00
KXNFLTD-26SEP27BALDAL,KXNFLTD,KXNFLTD-26SEP27BALDAL-BALBALDST-1,BAL Ravens D/ST: 1+ touchdowns,0.1100,0.1300,0.1400,26.25,26.25,active,2026-09-29T20:25:00Z,2026-09-26T14:52:17+00:00
KXNFLTD-26SEP27BALDAL,KXNFLTD,KXNFLTD-26SEP27BALDAL-DALDALDST-1,DAL Cowboys D/ST: 1+ touchdowns,0.0900,0.1100,0.1300,170.62,170.62,active,2026-09-29T20:25:00Z,2026-09-26T14:52:17+00:00
KXNFLTD-26SEP27BALDAL,KXNFLTD,KXNFLTD-26SEP27BALDAL-BALDHENRY22-1,Derrick Henry: 1+ touchdowns,0.6600,0.6700,0.6700,26425.03,26303.46,active,2026-09-29T20:25:00Z,2026-09-26T14:52:17+00:00
KXNFLTD-26SEP27BALDAL,KXNFLTD,KXNFLTD-26SEP27BALDAL-BALMANDREWS89-1,Mark Andrews: 1+ touchdowns,0.4000,0.4200,0.4200,1140.41,1136.41,active,2026-09-29T20:25:00Z,2026-09-26T14:52:17+00:00
KXNFLTD-26SEP27BALDAL,KXNFLTD,KXNFLTD-26SEP27BALDAL-BALLWESTER10-1,LaJohntay Wester: 1+ touchdowns,0.1900,0.2000,0.2000,1425.27,1421.27,active,2026-09-29T20:25:00Z,2026-09-26T14:52:17+00:00
KXNFLTD-26SEP27BALDAL,KXNFLTD,KXNFLTD-26SEP27BALDAL-BALRBATEMAN7-2,Rashod Bateman: 2+ touchdowns,0.0500,0.0600,0.0600,302.59,302.59,active,2026-09-29T20:25:00Z,2026-09-26T14:52:17+00:00
KXNFLTD-26SEP27BALDAL,KXNFLTD,KXNFLTD-26SEP27BALDAL-DALEDEMERCADO31-2,Emari Demercado: 2+ touchdowns,0.0100,0.0200,0.0000,0.00,0.00,active,2026-09-29T20:25:00Z,2026-09-26T14:52:17+00:00
KXNFLTD-26SEP27BALDAL,KXNFLTD,KXNFLTD-26SEP27BALDAL-DALCLAMB88-1,CeeDee Lamb: 1+ touchdowns,0.4200,0.4300,0.4300,4668.33,4631.51,active,2026-09-29T20:25:00Z,2026-09-26T14:52:17+00:00
KXNFLTD-26SEP27BALDAL,KXNFLTD,KXNFLTD-26SEP27BALDAL-DALRFLOURNOY19-1,Ryan Flournoy: 1+ touchdowns,0.1800,0.1900,0.1800,14478.29,14478.29,active,2026-09-29T20:25:00Z,2026-09-26T14:52:17+00:00
KXNFLTD-26SEP27BALDAL,KXNFLTD,KXNFLTD-26SEP27BALDAL-BALDHENRY22-3,Derrick Henry: 3+ touchdowns,0.0700,0.0800,0.0800,2634.08,2583.08,active,2026-09-29T20:25:00Z,2026-09-26T14:52:17+00:00
KXNFLTD-26SEP27BALDAL,KXNFLTD,KXNFLTD-26SEP27BALDAL-DALKTURPIN9-1,KaVontae Turpin: 1+ touchdowns,0.0700,0.0900,0.0900,2347.50,2347.50,active,2026-09-29T20:25:00Z,2026-09-26T14:52:17+00:00
KXNFLTD-26SEP27BALDAL,KXNFLTD,KXNFLTD-26SEP27BALDAL-DALDPRESCOTT4-1,Dak Prescott: 1+ touchdowns,0.1100,0.1200,0.1200,1882.58,1766.82,active,2026-09-29T20:25:00Z,2026-09-26T14:52:17+00:00
KXNFLTD-26SEP27BALDAL,KXNFLTD,KXNFLTD-26SEP27BALDAL-DALEDEMERCADO31-1,Emari Demercado: 1+ touchdowns,0.1100,0.1200,0.0800,2.00,2.00,active,2026-09-29T20:25:00Z,2026-09-26T14:52:17+00:00
KXNFLTD-26SEP27BALDAL,KXNFLTD,KXNFLTD-26SEP27BALDAL-BALDSMYTHE80-2,Durham Smythe: 2+ touchdowns,0.0000,0.0100,0.0100,300.00,300.00,active,2026-09-29T20:25:00Z,2026-09-26T14:52:17+00:00
KXNFLTD-26SEP27BALDAL,KXNFLTD,KXNFLTD-26SEP27BALDAL-BALESARRATT13-2,Elijah Sarratt: 2+ touchdowns,0.0000,0.0100,0.0100,393.51,393.51,active,2026-09-29T20:25:00Z,2026-09-26T14:52:17+00:00
KXNFLTD-26SEP27BALDAL,KXNFLTD,KXNFLTD-26SEP27BALDAL-DALJFERGUSON87-1,Jake Ferguson: 1+ touchdowns,0.2500,0.2600,0.2600,3090.83,3090.83,active,2026-09-29T20:25:00Z,2026-09-26T14:52:17+00:00
KXNFLTD-26SEP27BALDAL,KXNFLTD,KXNFLTD-26SEP27BALDAL-BALDHENRY22-2,Derrick Henry: 2+ touchdowns,0.2800,0.2900,0.2900,6542.82,6509.98,active,2026-09-29T20:25:00Z,2026-09-26T14:52:17+00:00
KXNFLTD-26SEP27BALDAL,KXNFLTD,KXNFLTD-26SEP27BALDAL-DALJFERGUSON87-2,Jake Ferguson: 2+ touchdowns,0.0300,0.0400,0.0400,1812.79,1812.79,active,2026-09-29T20:25:00Z,2026-09-26T14:52:17+00:00
KXNFLTD-26SEP27BALDAL,KXNFLTD,KXNFLTD-26SEP27BALDAL-DALCLAMB88-2,CeeDee Lamb: 2+ touchdowns,0.0900,0.1000,0.1000,8822.53,8822.53,active,2026-09-29T20:25:00Z,2026-09-26T14:52:17+00:00
KXNFLTD-26SEP27BALDAL,KXNFLTD,KXNFLTD-26SEP27BALDAL-DALJFERGUSON87-3,Jake Ferguson: 3+ touchdowns,0.0000,0.0100,0.0100,550.00,550.00,active,2026-09-29T20:25:00Z,2026-09-26T14:52:17+00:00
KXNFLTD-26SEP27BALDAL,KXNFLTD,KXNFLTD-26SEP27BALDAL-DALGPICKENS3-3,George Pickens: 3+ touchdowns,0.0100,0.0200,0.0000,0.00,0.00,active,2026-09-29T20:25:00Z,2026-09-26T14:52:17+00:00
KXNFLTD-26SEP27BALDAL,KXNFLTD,KXNFLTD-26SEP27BALDAL-BALMANDREWS89-3,Mark Andrews: 3+ touchdowns,0.0100,0.0200,0.0000,0.00,0.00,active,2026-09-29T20:25:00Z,2026-09-26T14:52:17+00:00
KXNFLTD-26SEP27BALDAL,KXNFLTD,KXNFLTD-26SEP27BALDAL-BALLWESTER10-2,LaJohntay Wester: 2+ touchdowns,0.0200,0.0300,0.0200,3.00,3.00,active,2026-09-29T20:25:00Z,2026-09-26T14:52:17+00:00
KXNFLTD-26SEP27BALDAL,KXNFLTD,KXNFLTD-26SEP27BALDAL-DALRFLOURNOY19-2,Ryan Flournoy: 2+ touchdowns,0.0100,0.0200,0.0200,50.00,50.00,active,2026-09-29T20:25:00Z,2026-09-26T14:52:17+00:00
KXNFLTD-26SEP27BALDAL,KXNFLTD,KXNFLTD-26SEP27BALDAL-BALCMOORE17-2,Chris Moore: 2+ touchdowns,0.0200,0.0300,0.0000,0.00,0.00,active,2026-09-29T20:25:00Z,2026-09-26T14:52:17+00:00
KXNFLTD-26SEP27BALDAL,KXNFLTD,KXNFLTD-26SEP27BALDAL-BALRBATEMAN7-1,Rashod Bateman: 1+ touchdowns,0.3500,0.3600,0.3600,429.89,428.89,active,2026-09-29T20:25:00Z,2026-09-26T14:52:17+00:00
KXNFLTD-26SEP27BALDAL,KXNFLTD,KXNFLTD-26SEP27BALDAL-DALJWILLIAMS33-1,Javonte Williams: 1+ touchdowns,0.5600,0.5700,0.5700,512.78,484.50,active,2026-09-29T20:25:00Z,2026-09-26T14:52:17+00:00
KXNFLTD-26SEP27BALDAL,KXNFLTD,KXNFLTD-26SEP27BALDAL-BALDWALKER81-2,Devontez Walker: 2+ touchdowns,0.0100,0.0200,0.0000,0.00,0.00,active,2026-09-29T20:25:00Z,2026-09-26T14:52:17+00:00
KXNFLTD-26SEP27BALDAL,KXNFLTD,KXNFLTD-26SEP27BALDAL-BALLJACKSON8-3,Lamar Jackson: 3+ touchdowns,0.0000,0.0100,0.0200,2235.78,2235.78,active,2026-09-29T20:25:00Z,2026-09-26T14:52:17+00:00
KXNFLTD-26SEP27BALDAL,KXNFLTD,KXNFLTD-26SEP27BALDAL-DALKTURPIN9-2,KaVontae Turpin: 2+ touchdowns,0.0000,0.0100,0.0100,300.00,300.00,active,2026-09-29T20:25:00Z,2026-09-26T14:52:17+00:00
KXNFLTD-26SEP27BALDAL,KXNFLTD,KXNFLTD-26SEP27BALDAL-BALRBATEMAN7-3,Rashod Bateman: 3+ touchdowns,0.0100,0.0200,0.0000,0.00,0.00,active,2026-09-29T20:25:00Z,2026-09-26T14:52:17+00:00
KXNFLTD-26SEP27BALDAL,KXNFLTD,KXNFLTD-26SEP27BALDAL-DALCLAMB88-3,CeeDee Lamb: 3+ touchdowns,0.0100,0.0200,0.0200,2217.42,2216.61,active,2026-09-29T20:25:00Z,2026-09-26T14:52:17+00:00
KXNFLTD-26SEP27BALDAL,KXNFLTD,KXNFLTD-26SEP27BALDAL-DALGPICKENS3-1,George Pickens: 1+ touchdowns,0.3500,0.3600,0.3600,19040.88,19036.95,active,2026-09-29T20:25:00Z,2026-09-26T14:52:17+00:00
KXNFLTD-26SEP27BALDAL,KXNFLTD,KXNFLTD-26SEP27BALDAL-BALMANDREWS89-2,Mark Andrews: 2+ touchdowns,0.0800,0.1000,0.1000,167.31,167.31,active,2026-09-29T20:25:00Z,2026-09-26T14:52:17+00:00
KXNFLTD-26SEP27BALDAL,KXNFLTD,KXNFLTD-26SEP27BALDAL-BALLJACKSON8-1,Lamar Jackson: 1+ touchdowns,0.3000,0.3100,0.3100,5532.84,5532.84,active,2026-09-29T20:25:00Z,2026-09-26T14:52:17+00:00
KXNFLTD-26SEP27BALDAL,KXNFLTD,KXNFLTD-26SEP27BALDAL-DALHLUEPKE30-1,Hunter Luepke: 1+ touchdowns,0.0600,0.0700,0.0700,3.35,3.35,active,2026-09-29T20:25:00Z,2026-09-26T14:52:17+00:00
KXNFLTD-26SEP27CARCLE,KXNFLTD,KXNFLTD-26SEP27CARCLE-CLEHFANNIN44-2,Harold Fannin Jr.: 2+ touchdowns,0.0300,0.0400,0.0000,0.00,0.00,active,2026-09-29T17:00:00Z,2026-09-26T14:52:17+00:00
KXNFLTD-26SEP27CARCLE,KXNFLTD,KXNFLTD-26SEP27CARCLE-CLERSANDERS23-2,Raheim Sanders: 2+ touchdowns,0.0000,0.0100,0.0100,450.00,450.00,active,2026-09-29T17:00:00Z,2026-09-26T14:52:17+00:00
KXNFLTD-26SEP27CARCLE,KXNFLTD,KXNFLTD-26SEP27CARCLE-CARDWALLER88-1,Darren Waller: 1+ touchdowns,0.2000,0.2100,0.2100,9908.68,9908.68,active,2026-09-29T17:00:00Z,2026-09-26T14:52:17+00:00
KXNFLTD-26SEP27CARCLE,KXNFLTD,KXNFLTD-26SEP27CARCLE-CLEJMCLAUGHLIN38-2,Jaleel McLaughlin: 2+ touchdowns,0.0000,0.0100,0.0100,300.00,300.00,active,2026-09-29T17:00:00Z,2026-09-26T14:52:17+00:00
KXNFLTD-26SEP27CARCLE,KXNFLTD,KXNFLTD-26SEP27CARCLE-CARTTREMBLE82-1,Tommy Tremble: 1+ touchdowns,0.1000,0.1100,0.0600,8.01,8.01,active,2026-09-29T17:00:00Z,2026-09-26T14:52:17+00:00
KXNFLTD-26SEP27CARCLE,KXNFLTD,KXNFLTD-26SEP27CARCLE-CARJSANDERS0-1,Ja'Tavion Sanders: 1+ touchdowns,0.0600,0.0700,0.0900,96.00,96.00,active,2026-09-29T17:00:00Z,2026-09-26T14:52:17+00:00
KXNFLTD-26SEP27CARCLE,KXNFLTD,KXNFLTD-26SEP27CARCLE-CARTMCMILLAN4-1,Tetairoa McMillan: 1+ touchdowns,0.3200,0.3300,0.3200,3555.09,3549.51,active,2026-09-29T17:00:00Z,2026-09-26T14:52:17+00:00
KXNFLTD-26SEP27CARCLE,KXNFLTD,KXNFLTD-26SEP27CARCLE-CLEHFANNIN44-1,Harold Fannin Jr.: 1+ touchdowns,0.2400,0.2500,0.2400,112.76,112.76,active,2026-09-29T17:00:00Z,2026-09-26T14:52:17+00:00
KXNFLTD-26SEP27CARCLE,KXNFLTD,KXNFLTD-26SEP27CARCLE-CLEJJEUDY3-1,Jerry Jeudy: 1+ touchdowns,0.1500,0.1600,0.1500,14.95,14.95,active,2026-09-29T17:00:00Z,2026-09-26T14:52:17+00:00
KXNFLTD-26SEP27CARCLE,KXNFLTD,KXNFLTD-26SEP27CARCLE-CARCHUBBARD30-1,Chuba Hubbard: 1+ touchdowns,0.4900,0.5000,0.5000,8476.04,8461.04,active,2026-09-29T17:00:00Z,2026-09-26T14:52:17+00:00
KXNFLTD-26SEP27CARCLE,KXNFLTD,KXNFLTD-26SEP27CARCLE-CARJCOKER18-2,Jalen Coker: 2+ touchdowns,0.0300,0.0400,0.0400,2012.14,2011.14,active,2026-09-29T17:00:00Z,2026-09-26T14:52:17+00:00
KXNFLTD-26SEP27CARCLE,KXNFLTD,KXNFLTD-26SEP27CARCLE-CARJCOKER18-1,Jalen Coker: 1+ touchdowns,0.2700,0.2800,0.2800,29433.59,29231.49,active,2026-09-29T17:00:00Z,2026-09-26T14:52:17+00:00
KXNFLTD-26SEP27CARCLE,KXNFLTD,KXNFLTD-26SEP27CARCLE-CARCHUBBARD30-2,Chuba Hubbard: 2+ touchdowns,0.1500,0.1600,0.1600,3833.76,3833.76,active,2026-09-29T17:00:00Z,2026-09-26T14:52:17+00:00
KXNFLTD-26SEP27CARCLE,KXNFLTD,KXNFLTD-26SEP27CARCLE-CARJMETCHIE13-2,John Metchie III: 2+ touchdowns,0.0100,0.0200,0.0000,0.00,0.00,active,2026-09-29T17:00:00Z,2026-09-26T14:52:17+00:00
KXNFLTD-26SEP27CARCLE,KXNFLTD,KXNFLTD-26SEP27CARCLE-CARDWALLER88-2,Darren Waller: 2+ touchdowns,0.0200,0.0300,0.0300,7569.57,7569.57,active,2026-09-29T17:00:00Z,2026-09-26T14:52:17+00:00
KXNFLTD-26SEP27CARCLE,KXNFLTD,KXNFLTD-26SEP27CARCLE-CLEQJUDKINS10-3,Quinshon Judkins: 3+ touchdowns,0.0100,0.0200,0.0300,135.60,135.60,active,2026-09-29T17:00:00Z,2026-09-26T14:52:17+00:00
KXNFLTD-26SEP27CARCLE,KXNFLTD,KXNFLTD-26SEP27CARCLE-CLEQJUDKINS10-1,Quinshon Judkins: 1+ touchdowns,0.4200,0.4300,0.4200,7512.18,7510.54,active,2026-09-29T17:00:00Z,2026-09-26T14:52:17+00:00
KXNFLTD-26SEP27CARCLE,KXNFLTD,KXNFLTD-26SEP27CARCLE-CARMEVANS84-1,Mitchell Evans: 1+ touchdowns,0.0800,0.0900,0.0800,4687.30,4687.30,active,2026-09-29T17:00:00Z,2026-09-26T14:52:17+00:00
KXNFLTD-26SEP27CARCLE,KXNFLTD,KXNFLTD-26SEP27CARCLE-CLEQJUDKINS10-2,Quinshon Judkins: 2+ touchdowns,0.1000,0.1100,0.1100,5605.69,5602.69,active,2026-09-29T17:00:00Z,2026-09-26T14:52:17+00:00
KXNFLTD-26SEP27CARCLE,KXNFLTD,KXNFLTD-26SEP27CARCLE-CARADILLON28-1,AJ Dillon: 1+ touchdowns,0.1000,0.1100,0.1100,3266.50,3265.50,active,2026-09-29T17:00:00Z,2026-09-26T14:52:17+00:00
KXNFLTD-26SEP27CARCLE,KXNFLTD,KXNFLTD-26SEP27CARCLE-CARBTREMAYNE87-1,Brycen Tremayne: 1+ touchdowns,0.0300,0.0600,0.0300,102.87,102.87,active,2026-09-29T17:00:00Z,2026-09-26T14:52:17+00:00
KXNFLTD-26SEP27CARCLE,KXNFLTD,KXNFLTD-26SEP27CARCLE-CLEJMCLAUGHLIN38-1,Jaleel McLaughlin: 1+ touchdowns,0.0400,0.0500,0.0400,230.87,230.87,active,2026-09-29T17:00:00Z,2026-09-26T14:52:17+00:00
KXNFLTD-26SEP27CARCLE,KXNFLTD,KXNFLTD-26SEP27CARCLE-CARBYOUNG9-1,Bryce Young: 1+ touchdowns,0.1400,0.1500,0.1500,2786.57,2784.57,active,2026-09-29T17:00:00Z,2026-09-26T14:52:17+00:00
KXNFLTD-26SEP27CARCLE,KXNFLTD,KXNFLTD-26SEP27CARCLE-CLEDWATSON4-1,Deshaun Watson: 1+ touchdowns,0.1700,0.1800,0.1700,2379.04,2378.02,active,2026-09-29T17:00:00Z,2026-09-26T14:52:17+00:00
KXNFLTD-26SEP27CARCLE,KXNFLTD,KXNFLTD-26SEP27CARCLE-CLECLEDST-1,CLE Browns D/ST: 1+ touchdowns,0.1000,0.1300,0.1200,335.01,335.01,active,2026-09-29T17:00:00Z,2026-09-26T14:52:17+00:00
KXNFLTD-26SEP27CARCLE,KXNFLTD,KXNFLTD-26SEP27CARCLE-CLEDBOSTON12-1,Denzel Boston: 1+ touchdowns,0.2900,0.3000,0.2900,5261.00,5261.00,active,2026-09-29T17:00:00Z,2026-09-26T14:52:17+00:00
KXNFLTD-26SEP27CARCLE,KXNFLTD,KXNFLTD-26SEP27CARCLE-CLEDBOSTON12-3,Denzel Boston: 3+ touchdowns,0.0000,0.0100,0.0100,488.75,488.75,active,2026-09-29T17:00:00Z,2026-09-26T14:52:17+00:00
KXNFLTD-26SEP27CARCLE,KXNFLTD,KXNFLTD-26SEP27CARCLE-CLEJJEUDY3-2,Jerry Jeudy: 2+ touchdowns,0.0100,0.0200,0.0000,0.00,0.00,active,2026-09-29T17:00:00Z,2026-09-26T14:52:17+00:00
KXNFLTD-26SEP27CARCLE,KXNFLTD,KXNFLTD-26SEP27CARCLE-CARCHUBBARD30-3,Chuba Hubbard: 3+ touchdowns,0.0200,0.0300,0.0400,212.98,212.98,active,2026-09-29T17:00:00Z,2026-09-26T14:52:17+00:00
KXNFLTD-26SEP27CARCLE,KXNFLTD,KXNFLTD-26SEP27CARCLE-CLEDBOSTON12-2,Denzel Boston: 2+ touchdowns,0.0400,0.0500,0.0500,3349.82,3349.82,active,2026-09-29T17:00:00Z,2026-09-26T14:52:17+00:00
KXNFLTD-26SEP27CARCLE,KXNFLTD,KXNFLTD-26SEP27CARCLE-CARJMETCHIE13-1,John Metchie III: 1+ touchdowns,0.0900,0.1100,0.1000,1325.35,1325.35,active,2026-09-29T17:00:00Z,2026-09-26T14:52:17+00:00
KXNFLTD-26SEP27CARCLE,KXNFLTD,KXNFLTD-26SEP27CARCLE-CARCARDST-1,CAR Panthers D/ST: 1+ touchdowns,0.1200,0.1300,0.1200,722.09,722.09,active,2026-09-29T17:00:00Z,2026-09-26T14:52:17+00:00
KXNFLTD-26SEP27CARCLE,KXNFLTD,KXNFLTD-26SEP27CARCLE-CLERSANDERS23-1,Raheim Sanders: 1+ touchdowns,0.1100,0.1200,0.1100,84.35,82.35,active,2026-09-29T17:00:00Z,2026-09-26T14:52:17+00:00
KXNFLTD-26SEP27CARCLE,KXNFLTD,KXNFLTD-26SEP27CARCLE-CARBYOUNG9-2,Bryce Young: 2+ touchdowns,0.0100,0.0200,0.0200,22538.83,22238.83,active,2026-09-29T17:00:00Z,2026-09-26T14:52:17+00:00
KXNFLTD-26SEP27CARCLE,KXNFLTD,KXNFLTD-26SEP27CARCLE-CARTTREMBLE82-2,Tommy Tremble: 2+ touchdowns,0.0100,0.0200,0.0000,0.00,0.00,active,2026-09-29T17:00:00Z,2026-09-26T14:52:17+00:00
KXNFLTD-26SEP27CARCLE,KXNFLTD,KXNFLTD-26SEP27CARCLE-CARXLEGETTE17-2,Xavier Legette: 2+ touchdowns,0.0100,0.0200,0.0000,0.00,0.00,active,2026-09-29T17:00:00Z,2026-09-26T14:52:17+00:00
KXNFLTD-26SEP27CARCLE,KXNFLTD,KXNFLTD-26SEP27CARCLE-CLEDWATSON4-2,Deshaun Watson: 2+ touchdowns,0.0100,0.0200,0.0400,42.16,42.16,active,2026-09-29T17:00:00Z,2026-09-26T14:52:17+00:00
KXNFLTD-26SEP27CARCLE,KXNFLTD,KXNFLTD-26SEP27CARCLE-CARADILLON28-2,AJ Dillon: 2+ touchdowns,0.0100,0.0200,0.0000,0.00,0.00,active,2026-09-29T17:00:00Z,2026-09-26T14:52:17+00:00
KXNFLTD-26SEP27CARCLE,KXNFLTD,KXNFLTD-26SEP27CARCLE-CARMEVANS84-2,Mitchell Evans: 2+ touchdowns,0.0000,0.0100,0.0100,1065.06,1065.06,active,2026-09-29T17:00:00Z,2026-09-26T14:52:17+00:00
KXNFLTD-26SEP27CARCLE,KXNFLTD,KXNFLTD-26SEP27CARCLE-CLEBWHITEHEART86-1,Blake Whiteheart: 1+ touchdowns,0.0400,0.0700,0.0000,0.00,0.00,active,2026-09-29T17:00:00Z,2026-09-26T14:52:17+00:00
KXNFLTD-26SEP27CARCLE,KXNFLTD,KXNFLTD-26SEP27CARCLE-CARTMCMILLAN4-3,Tetairoa McMillan: 3+ touchdowns,0.0000,0.0100,0.0100,346.75,346.75,active,2026-09-29T17:00:00Z,2026-09-26T14:52:17+00:00
KXNFLTD-26SEP27CARCLE,KXNFLTD,KXNFLTD-26SEP27CARCLE-CARTMCMILLAN4-2,Tetairoa McMillan: 2+ touchdowns,0.0500,0.0600,0.0600,935.90,935.90,active,2026-09-29T17:00:00Z,2026-09-26T14:52:17+00:00
KXNFLTD-26SEP27CARCLE,KXNFLTD,KXNFLTD-26SEP27CARCLE-CARXLEGETTE17-1,Xavier Legette: 1+ touchdowns,0.1300,0.1400,0.1300,499.42,464.78,active,2026-09-29T17:00:00Z,2026-09-26T14:52:17+00:00
KXNFLTD-26SEP27CINPIT,KXNFLTD,KXNFLTD-26SEP27CINPIT-CINAIOSIVAS80-2,Andrei Iosivas: 2+ touchdowns,0.0100,0.5300,0.0000,0.00,0.00,inactive,2026-09-29T17:00:00Z,2026-09-26T14:52:17+00:00
KXNFLTD-26SEP27CINPIT,KXNFLTD,KXNFLTD-26SEP27CINPIT-CINJCHASE1-1,Ja'Marr Chase: 1+ touchdowns,0.4000,0.4100,0.4100,8353.22,8157.02,active,2026-09-29T17:00:00Z,2026-09-26T14:52:17+00:00
KXNFLTD-26SEP27CINPIT,KXNFLTD,KXNFLTD-26SEP27CINPIT-PITPFREIERMUTH88-2,Pat Freiermuth: 2+ touchdowns,0.0100,0.0200,0.0200,2382.89,2382.89,active,2026-09-29T17:00:00Z,2026-09-26T14:52:17+00:00
KXNFLTD-26SEP27CINPIT,KXNFLTD,KXNFLTD-26SEP27CINPIT-PITDMETCALF4-1,DK Metcalf: 1+ touchdowns,0.2900,0.3000,0.3100,5181.26,5181.26,active,2026-09-29T17:00:00Z,2026-09-26T14:52:17+00:00
KXNFLTD-26SEP27CINPIT,KXNFLTD,KXNFLTD-26SEP27CINPIT-CINMGESICKI88-2,Mike Gesicki: 2+ touchdowns,0.0100,0.0200,0.0200,8338.04,8338.04,active,2026-09-29T17:00:00Z,2026-09-26T14:52:17+00:00
KXNFLTD-26SEP27CINPIT,KXNFLTD,KXNFLTD-26SEP27CINPIT-PITRWILSON14-1,Roman Wilson: 1+ touchdowns,0.1100,0.1200,0.1500,1214.42,1214.42,active,2026-09-29T17:00:00Z,2026-09-26T14:52:17+00:00
KXNFLTD-26SEP27CINPIT,KXNFLTD,KXNFLTD-26SEP27CINPIT-CINCBROWN30-1,Chase Brown: 1+ touchdowns,0.4800,0.4900,0.4900,2302.71,2282.75,active,2026-09-29T17:00:00Z,2026-09-26T14:52:17+00:00
KXNFLTD-26SEP27CINPIT,KXNFLTD,KXNFLTD-26SEP27CINPIT-CINJBURROW9-1,Joe Burrow: 1+ touchdowns,0.1000,0.1100,0.1100,2613.78,2272.75,active,2026-09-29T17:00:00Z,2026-09-26T14:52:17+00:00
KXNFLTD-26SEP27CINPIT,KXNFLTD,KXNFLTD-26SEP27CINPIT-PITRWILSON14-2,Roman Wilson: 2+ touchdowns,0.0100,0.0200,0.0000,0.00,0.00,active,2026-09-29T17:00:00Z,2026-09-26T14:52:17+00:00
KXNFLTD-26SEP27CINPIT,KXNFLTD,KXNFLTD-26SEP27CINPIT-PITARODGERS8-1,Aaron Rodgers: 1+ touchdowns,0.0500,0.0700,0.0600,2366.08,2287.90,active,2026-09-29T17:00:00Z,2026-09-26T14:52:17+00:00
KXNFLTD-26SEP27CINPIT,KXNFLTD,KXNFLTD-26SEP27CINPIT-PITPFREIERMUTH88-1,Pat Freiermuth: 1+ touchdowns,0.2100,0.2200,0.2200,27913.08,27913.08,active,2026-09-29T17:00:00Z,2026-09-26T14:52:17+00:00
KXNFLTD-26SEP27CINPIT,KXNFLTD,KXNFLTD-26SEP27CINPIT-CINEALL83-1,Erick All Jr.: 1+ touchdowns,0.0700,0.0800,0.0800,669.21,669.21,active,2026-09-29T17:00:00Z,2026-09-26T14:52:17+00:00
KXNFLTD-26SEP27CINPIT,KXNFLTD,KXNFLTD-26SEP27CINPIT-PITJWARREN30-2,Jaylen Warren: 2+ touchdowns,0.0900,0.1000,0.1000,3352.41,3351.41,active,2026-09-29T17:00:00Z,2026-09-26T14:52:17+00:00
KXNFLTD-26SEP27CINPIT,KXNFLTD,KXNFLTD-26SEP27CINPIT-CINCINDST-1,CIN Bengals D/ST: 1+ touchdowns,0.1100,0.1300,0.1100,592.28,592.28,active,2026-09-29T17:00:00Z,2026-09-26T14:52:17+00:00
KXNFLTD-26SEP27CINPIT,KXNFLTD,KXNFLTD-26SEP27CINPIT-CINDMEYERS81-1,Dohnte Meyers: 1+ touchdowns,0.0900,0.1000,0.1000,692.92,692.92,active,2026-09-29T17:00:00Z,2026-09-26T14:52:17+00:00
KXNFLTD-26SEP27CINPIT,KXNFLTD,KXNFLTD-26SEP27CINPIT-CINTHIGGINS5-3,Tee Higgins: 3+ touchdowns,0.0000,0.0100,0.0100,323.37,323.37,active,2026-09-29T17:00:00Z,2026-09-26T14:52:17+00:00
KXNFLTD-26SEP27CINPIT,KXNFLTD,KXNFLTD-26SEP27CINPIT-PITDMETCALF4-2,DK Metcalf: 2+ touchdowns,0.0400,0.0500,0.0500,1317.77,1317.77,active,2026-09-29T17:00:00Z,2026-09-26T14:52:17+00:00
KXNFLTD-26SEP27CINPIT,KXNFLTD,KXNFLTD-26SEP27CINPIT-CINDSAMPLE89-2,Drew Sample: 2+ touchdowns,0.0000,0.0100,0.0100,300.00,300.00,active,2026-09-29T17:00:00Z,2026-09-26T14:52:17+00:00
KXNFLTD-26SEP27CINPIT,KXNFLTD,KXNFLTD-26SEP27CINPIT-PITDWASHINGTON80-2,Darnell Washington: 2+ touchdowns,0.0000,0.0100,0.0100,300.00,300.00,active,2026-09-29T17:00:00Z,2026-09-26T14:52:17+00:00
KXNFLTD-26SEP27CINPIT,KXNFLTD,KXNFLTD-26SEP27CINPIT-PITPITDST-1,PIT Steelers D/ST: 1+ touchdowns,0.1000,0.1300,0.1300,14.50,14.50,active,2026-09-29T17:00:00Z,2026-09-26T14:52:17+00:00
KXNFLTD-26SEP27CINPIT,KXNFLTD,KXNFLTD-26SEP27CINPIT-CINSPERINE34-2,Samaje Perine: 2+ touchdowns,0.0100,0.0200,0.0000,0.00,0.00,active,2026-09-29T17:00:00Z,2026-09-26T14:52:17+00:00
KXNFLTD-26SEP27CINPIT,KXNFLTD,KXNFLTD-26SEP27CINPIT-CINTHIGGINS5-1,Tee Higgins: 1+ touchdowns,0.3300,0.3400,0.3400,12135.51,12060.94,active,2026-09-29T17:00:00Z,2026-09-26T14:52:17+00:00
KXNFLTD-26SEP27CINPIT,KXNFLTD,KXNFLTD-26SEP27CINPIT-CINEALL83-2,Erick All Jr.: 2+ touchdowns,0.0000,0.0100,0.0100,300.00,300.00,active,2026-09-29T17:00:00Z,2026-09-26T14:52:17+00:00
KXNFLTD-26SEP27CINPIT,KXNFLTD,KXNFLTD-26SEP27CINPIT-PITJWARREN30-1,Jaylen Warren: 1+ touchdowns,0.4200,0.4300,0.4300,1695.06,1658.00,active,2026-09-29T17:00:00Z,2026-09-26T14:52:17+00:00
KXNFLTD-26SEP27CINPIT,KXNFLTD,KXNFLTD-26SEP27CINPIT-CINDMEYERS81-2,Dohnte Meyers: 2+ touchdowns,0.0000,0.0100,0.0100,300.00,300.00,active,2026-09-29T17:00:00Z,2026-09-26T14:52:17+00:00
KXNFLTD-26SEP27CINPIT,KXNFLTD,KXNFLTD-26SEP27CINPIT-PITEHEIDENREICH29-2,Eli Heidenreich: 2+ touchdowns,0.0000,0.0100,0.0100,1469.19,1469.19,active,2026-09-29T17:00:00Z,2026-09-26T14:52:17+00:00
KXNFLTD-26SEP27CINPIT,KXNFLTD,KXNFLTD-26SEP27CINPIT-PITDMETCALF4-3,DK Metcalf: 3+ touchdowns,0.0000,0.0100,0.0100,908.16,908.16,active,2026-09-29T17:00:00Z,2026-09-26T14:52:17+00:00
KXNFLTD-26SEP27CINPIT,KXNFLTD,KXNFLTD-26SEP27CINPIT-PITEHEIDENREICH29-1,Eli Heidenreich: 1+ touchdowns,0.1100,0.1200,0.1200,10713.19,10713.19,active,2026-09-29T17:00:00Z,2026-09-26T14:52:17+00:00
KXNFLTD-26SEP27CINPIT,KXNFLTD,KXNFLTD-26SEP27CINPIT-CINJCHASE1-2,Ja'Marr Chase: 2+ touchdowns,0.0900,0.1000,0.1000,11566.49,11528.60,active,2026-09-29T17:00:00Z,2026-09-26T14:52:17+00:00
KXNFLTD-26SEP27CINPIT,KXNFLTD,KXNFLTD-26SEP27CINPIT-CINCBROWN30-3,Chase Brown: 3+ touchdowns,0.0200,0.0300,0.0300,149.12,149.12,active,2026-09-29T17:00:00Z,2026-09-26T14:52:17+00:00
KXNFLTD-26SEP27CINPIT,KXNFLTD,KXNFLTD-26SEP27CINPIT-CINAIOSIVAS80-1,Andrei Iosivas: 1+ touchdowns,0.0800,0.2600,0.1400,51.26,51.26,inactive,2026-09-29T17:00:00Z,2026-09-26T14:52:17+00:00
KXNFLTD-26SEP27CINPIT,KXNFLTD,KXNFLTD-26SEP27CINPIT-CINDSAMPLE89-1,Drew Sample: 1+ touchdowns,0.1000,0.1100,0.1100,128.56,128.56,active,2026-09-29T17:00:00Z,2026-09-26T14:52:17+00:00
KXNFLTD-26SEP27CINPIT,KXNFLTD,KXNFLTD-26SEP27CINPIT-CINJCHASE1-3,Ja'Marr Chase: 3+ touchdowns,0.0100,0.0200,0.0200,511.47,511.47,active,2026-09-29T17:00:00Z,2026-09-26T14:52:17+00:00
KXNFLTD-26SEP27CINPIT,KXNFLTD,KXNFLTD-26SEP27CINPIT-PITDWASHINGTON80-1,Darnell Washington: 1+ touchdowns,0.1000,0.1100,0.1100,23218.00,23218.00,active,2026-09-29T17:00:00Z,2026-09-26T14:52:17+00:00
KXNFLTD-26SEP27CINPIT,KXNFLTD,KXNFLTD-26SEP27CINPIT-CINTHIGGINS5-2,Tee Higgins: 2+ touchdowns,0.0500,0.0600,0.0600,1563.87,1563.87,active,2026-09-29T17:00:00Z,2026-09-26T14:52:17+00:00
KXNFLTD-26SEP27CINPIT,KXNFLTD,KXNFLTD-26SEP27CINPIT-CINCYOUNG86-1,Colbie Young: 1+ touchdowns,0.0500,0.0600,0.0600,2804.84,2779.84,active,2026-09-29T17:00:00Z,2026-09-26T14:52:17+00:00
KXNFLTD-26SEP27CINPIT,KXNFLTD,KXNFLTD-26SEP27CINPIT-PITGBERNARD17-2,Germie Bernard: 2+ touchdowns,0.0100,0.0200,0.0000,0.00,0.00,active,2026-09-29T17:00:00Z,2026-09-26T14:52:17+00:00
KXNFLTD-26SEP27CINPIT,KXNFLTD,KXNFLTD-26SEP27CINPIT-CINJBURROW9-2,Joe Burrow: 2+ touchdowns,0.0000,0.0100,0.0100,1948.83,1480.93,active,2026-09-29T17:00:00Z,2026-09-26T14:52:17+00:00
KXNFLTD-26SEP27CINPIT,KXNFLTD,KXNFLTD-26SEP27CINPIT-PITGBERNARD17-1,Germie Bernard: 1+ touchdowns,0.1300,0.1400,0.1400,68.20,68.20,active,2026-09-29T17:00:00Z,2026-09-26T14:52:17+00:00
KXNFLTD-26SEP27CINPIT,KXNFLTD,KXNFLTD-26SEP27CINPIT-CINCBROWN30-2,Chase Brown: 2+ touchdowns,0.1200,0.1300,0.1400,1705.63,1700.63,active,2026-09-29T17:00:00Z,2026-09-26T14:52:17+00:00
KXNFLTD-26SEP27CINPIT,KXNFLTD,KXNFLTD-26SEP27CINPIT-CINSPERINE34-1,Samaje Perine: 1+ touchdowns,0.1600,0.1700,0.1600,313.67,313.67,active,2026-09-29T17:00:00Z,2026-09-26T14:52:17+00:00
KXNFLTD-26SEP27CINPIT,KXNFLTD,KXNFLTD-26SEP27CINPIT-CINMGESICKI88-1,Mike Gesicki: 1+ touchdowns,0.1600,0.1700,0.1700,10437.37,10436.85,active,2026-09-29T17:00:00Z,2026-09-26T14:52:17+00:00
KXNFLTD-26SEP27HOUIND,KXNFLTD,KXNFLTD-26SEP27HOUIND-HOUJNOEL13-1,Jaylin Noel: 1+ touchdowns,0.1600,0.1700,0.1700,41.05,41.05,active,2026-09-29T17:00:00Z,2026-09-26T14:52:17+00:00
KXNFLTD-26SEP27HOUIND,KXNFLTD,KXNFLTD-26SEP27HOUIND-INDMALIECOX81-1,Mo Alie-Cox: 1+ touchdowns,0.0500,0.0600,0.0500,681.88,480.88,active,2026-09-29T17:00:00Z,2026-09-26T14:52:17+00:00
KXNFLTD-26SEP27HOUIND,KXNFLTD,KXNFLTD-26SEP27HOUIND-INDJDOWNS2-2,Josh Downs: 2+ touchdowns,0.0200,0.0300,0.0000,0.00,0.00,active,2026-09-29T17:00:00Z,2026-09-26T14:52:17+00:00
KXNFLTD-26SEP27HOUIND,KXNFLTD,KXNFLTD-26SEP27HOUIND-HOUXHUTCHINSON19-2,Xavier Hutchinson: 2+ touchdowns,0.0100,0.0200,0.0200,111.00,111.00,active,2026-09-29T17:00:00Z,2026-09-26T14:52:17+00:00
KXNFLTD-26SEP27HOUIND,KXNFLTD,KXNFLTD-26SEP27HOUIND-INDLTREADWELL13-2,Laquon Treadwell: 2+ touchdowns,0.0000,0.0100,0.0100,688.00,688.00,active,2026-09-29T17:00:00Z,2026-09-26T14:52:17+00:00
KXNFLTD-26SEP27HOUIND,KXNFLTD,KXNFLTD-26SEP27HOUIND-HOUKBOUTTE14-1,Kayshon Boutte: 1+ touchdowns,0.2200,0.2300,0.2300,51.98,51.98,active,2026-09-29T17:00:00Z,2026-09-26T14:52:17+00:00
KXNFLTD-26SEP27HOUIND,KXNFLTD,KXNFLTD-26SEP27HOUIND-INDJTAYLOR28-2,Jonathan Taylor: 2+ touchdowns,0.1600,0.1700,0.1700,2643.58,2560.19,active,2026-09-29T17:00:00Z,2026-09-26T14:52:17+00:00
KXNFLTD-26SEP27HOUIND,KXNFLTD,KXNFLTD-26SEP27HOUIND-HOUCSTROUD7-1,C.J. Stroud: 1+ touchdowns,0.0900,0.1100,0.1000,2404.58,2404.58,active,2026-09-29T17:00:00Z,2026-09-26T14:52:17+00:00
KXNFLTD-26SEP27HOUIND,KXNFLTD,KXNFLTD-26SEP27HOUIND-INDINDDST-1,IND Colts D/ST: 1+ touchdowns,0.0900,0.1100,0.0000,0.00,0.00,active,2026-09-29T17:00:00Z,2026-09-26T14:52:17+00:00
KXNFLTD-26SEP27HOUIND,KXNFLTD,KXNFLTD-26SEP27HOUIND-INDDJONES17-1,Daniel Jones: 1+ touchdowns,0.1100,0.1200,0.1100,2087.00,2087.00,active,2026-09-29T17:00:00Z,2026-09-26T14:52:17+00:00
KXNFLTD-26SEP27HOUIND,KXNFLTD,KXNFLTD-26SEP27HOUIND-INDDGIDDENS21-1,DJ Giddens: 1+ touchdowns,0.0500,0.0700,0.0400,1049.52,1049.52,active,2026-09-29T17:00:00Z,2026-09-26T14:52:17+00:00
KXNFLTD-26SEP27HOUIND,KXNFLTD,KXNFLTD-26SEP27HOUIND-HOUHOUDST-1,HOU Texans D/ST: 1+ touchdowns,0.0900,0.1100,0.1200,440.18,367.68,active,2026-09-29T17:00:00Z,2026-09-26T14:52:17+00:00
KXNFLTD-26SEP27HOUIND,KXNFLTD,KXNFLTD-26SEP27HOUIND-HOUXHUTCHINSON19-1,Xavier Hutchinson: 1+ touchdowns,0.2000,0.2200,0.2100,324.25,324.25,active,2026-09-29T17:00:00Z,2026-09-26T14:52:17+00:00
KXNFLTD-26SEP27HOUIND,KXNFLTD,KXNFLTD-26SEP27HOUIND-HOUDSCHULTZ86-2,Dalton Schultz: 2+ touchdowns,0.0400,0.0500,0.0500,351.00,351.00,active,2026-09-29T17:00:00Z,2026-09-26T14:52:17+00:00
KXNFLTD-26SEP27HOUIND,KXNFLTD,KXNFLTD-26SEP27HOUIND-HOUDMONTGOMERY32-1,David Montgomery: 1+ touchdowns,0.4600,0.4700,0.4700,6020.62,5954.76,active,2026-09-29T17:00:00Z,2026-09-26T14:52:17+00:00
KXNFLTD-26SEP27HOUIND,KXNFLTD,KXNFLTD-26SEP27HOUIND-HOUDSCHULTZ86-1,Dalton Schultz: 1+ touchdowns,0.2900,0.3000,0.3000,1971.34,1970.32,active,2026-09-29T17:00:00Z,2026-09-26T14:52:17+00:00
KXNFLTD-26SEP27HOUIND,KXNFLTD,KXNFLTD-26SEP27HOUIND-INDJDOWNS2-1,Josh Downs: 1+ touchdowns,0.2400,0.2500,0.2500,2066.52,2066.52,active,2026-09-29T17:00:00Z,2026-09-26T14:52:17+00:00
KXNFLTD-26SEP27HOUIND,KXNFLTD,KXNFLTD-26SEP27HOUIND-HOUJWAYNE17-1,Jared Wayne: 1+ touchdowns,0.1000,0.1100,0.1100,4471.39,4471.39,active,2026-09-29T17:00:00Z,2026-09-26T14:52:17+00:00
KXNFLTD-26SEP27HOUIND,KXNFLTD,KXNFLTD-26SEP27HOUIND-HOUKBOUTTE14-3,Kayshon Boutte: 3+ touchdowns,0.0100,0.0200,0.0000,0.00,0.00,active,2026-09-29T17:00:00Z,2026-09-26T14:52:17+00:00
KXNFLTD-26SEP27HOUIND,KXNFLTD,KXNFLTD-26SEP27HOUIND-INDJTAYLOR28-3,Jonathan Taylor: 3+ touchdowns,0.0300,0.0400,0.0500,2459.38,2459.38,active,2026-09-29T17:00:00Z,2026-09-26T14:52:17+00:00
KXNFLTD-26SEP27HOUIND,KXNFLTD,KXNFLTD-26SEP27HOUIND-INDDSLAYTON11-1,Darius Slayton: 1+ touchdowns,0.1100,0.1300,0.1300,341.77,341.77,active,2026-09-29T17:00:00Z,2026-09-26T14:52:17+00:00
KXNFLTD-26SEP27HOUIND,KXNFLTD,KXNFLTD-26SEP27HOUIND-INDKALLEN10-1,Keenan Allen: 1+ touchdowns,0.1800,0.1900,0.1400,0.01,0.01,active,2026-09-29T17:00:00Z,2026-09-26T14:52:17+00:00
KXNFLTD-26SEP27HOUIND,KXNFLTD,KXNFLTD-26SEP27HOUIND-INDJTAYLOR28-1,Jonathan Taylor: 1+ touchdowns,0.5500,0.5600,0.5600,7821.75,7786.51,active,2026-09-29T17:00:00Z,2026-09-26T14:52:17+00:00
KXNFLTD-26SEP27HOUIND,KXNFLTD,KXNFLTD-26SEP27HOUIND-HOUDMONTGOMERY32-2,David Montgomery: 2+ touchdowns,0.1100,0.1200,0.1200,708.75,708.75,active,2026-09-29T17:00:00Z,2026-09-26T14:52:17+00:00
KXNFLTD-26SEP27HOUIND,KXNFLTD,KXNFLTD-26SEP27HOUIND-INDSMCGOWAN20-2,Seth McGowan: 2+ touchdowns,0.0000,0.0100,0.0100,450.79,450.79,active,2026-09-29T17:00:00Z,2026-09-26T14:52:17+00:00
KXNFLTD-26SEP27HOUIND,KXNFLTD,KXNFLTD-26SEP27HOUIND-HOUCSTROUD7-2,C.J. Stroud: 2+ touchdowns,0.0000,0.0100,0.0100,393.51,393.51,active,2026-09-29T17:00:00Z,2026-09-26T14:52:17+00:00
KXNFLTD-26SEP27HOUIND,KXNFLTD,KXNFLTD-26SEP27HOUIND-INDSMCGOWAN20-1,Seth McGowan: 1+ touchdowns,0.0800,0.0900,0.0000,0.00,0.00,active,2026-09-29T17:00:00Z,2026-09-26T14:52:17+00:00
KXNFLTD-26SEP27HOUIND,KXNFLTD,KXNFLTD-26SEP27HOUIND-HOUDSCHULTZ86-3,Dalton Schultz: 3+ touchdowns,0.0000,0.0100,0.0100,800.00,800.00,active,2026-09-29T17:00:00Z,2026-09-26T14:52:17+00:00
KXNFLTD-26SEP27HOUIND,KXNFLTD,KXNFLTD-26SEP27HOUIND-HOUWMARKS4-3,Woody Marks: 3+ touchdowns,0.0000,0.0100,0.0100,549.79,549.79,active,2026-09-29T17:00:00Z,2026-09-26T14:52:17+00:00
KXNFLTD-26SEP27HOUIND,KXNFLTD,KXNFLTD-26SEP27HOUIND-HOUJNOEL13-2,Jaylin Noel: 2+ touchdowns,0.0100,0.0200,0.0200,116.00,116.00,active,2026-09-29T17:00:00Z,2026-09-26T14:52:17+00:00
KXNFLTD-26SEP27HOUIND,KXNFLTD,KXNFLTD-26SEP27HOUIND-HOUWMARKS4-2,Woody Marks: 2+ touchdowns,0.0300,0.0400,0.0000,0.00,0.00,active,2026-09-29T17:00:00Z,2026-09-26T14:52:17+00:00
KXNFLTD-26SEP27HOUIND,KXNFLTD,KXNFLTD-26SEP27HOUIND-INDDOGLETREE85-1,Drew Ogletree: 1+ touchdowns,0.0500,0.0600,0.0600,137.00,137.00,active,2026-09-29T17:00:00Z,2026-09-26T14:52:17+00:00
KXNFLTD-26SEP27HOUIND,KXNFLTD,KXNFLTD-26SEP27HOUIND-INDTWARREN84-2,Tyler Warren: 2+ touchdowns,0.0300,0.0400,0.0400,621.10,621.10,active,2026-09-29T17:00:00Z,2026-09-26T14:52:17+00:00
KXNFLTD-26SEP27HOUIND,KXNFLTD,KXNFLTD-26SEP27HOUIND-INDKALLEN10-2,Keenan Allen: 2+ touchdowns,0.0100,0.0200,0.0000,0.00,0.00,active,2026-09-29T17:00:00Z,2026-09-26T14:52:17+00:00
KXNFLTD-26SEP27HOUIND,KXNFLTD,KXNFLTD-26SEP27HOUIND-HOUWMARKS4-1,Woody Marks: 1+ touchdowns,0.2500,0.2600,0.2600,185.38,185.38,active,2026-09-29T17:00:00Z,2026-09-26T14:52:17+00:00
KXNFLTD-26SEP27HOUIND,KXNFLTD,KXNFLTD-26SEP27HOUIND-HOUFMOREAU87-1,Foster Moreau: 1+ touchdowns,0.0700,0.0800,0.0800,1640.19,1640.19,active,2026-09-29T17:00:00Z,2026-09-26T14:52:17+00:00
KXNFLTD-26SEP27HOUIND,KXNFLTD,KXNFLTD-26SEP27HOUIND-INDLTREADWELL13-1,Laquon Treadwell: 1+ touchdowns,0.1000,0.1100,0.1100,81.12,81.12,active,2026-09-29T17:00:00Z,2026-09-26T14:52:17+00:00
KXNFLTD-26SEP27HOUIND,KXNFLTD,KXNFLTD-26SEP27HOUIND-INDDJONES17-2,Daniel Jones: 2+ touchdowns,0.0100,0.0200,0.0000,0.00,0.00,active,2026-09-29T17:00:00Z,2026-09-26T14:52:17+00:00
KXNFLTD-26SEP27HOUIND,KXNFLTD,KXNFLTD-26SEP27HOUIND-HOUJWAYNE17-2,Jared Wayne: 2+ touchdowns,0.0000,0.0100,0.0100,1948.02,1948.02,active,2026-09-29T17:00:00Z,2026-09-26T14:52:17+00:00
KXNFLTD-26SEP27HOUIND,KXNFLTD,KXNFLTD-26SEP27HOUIND-HOUKBOUTTE14-2,Kayshon Boutte: 2+ touchdowns,0.0300,0.0400,0.0400,19.00,19.00,active,2026-09-29T17:00:00Z,2026-09-26T14:52:17+00:00
KXNFLTD-26SEP27HOUIND,KXNFLTD,KXNFLTD-26SEP27HOUIND-HOUDMONTGOMERY32-3,David Montgomery: 3+ touchdowns,0.0100,0.0200,0.0200,1110.21,1110.21,active,2026-09-29T17:00:00Z,2026-09-26T14:52:17+00:00
KXNFLTD-26SEP27HOUIND,KXNFLTD,KXNFLTD-26SEP27HOUIND-INDTWARREN84-1,Tyler Warren: 1+ touchdowns,0.2600,0.2700,0.2700,3068.77,3016.75,active,2026-09-29T17:00:00Z,2026-09-26T14:52:17+00:00
KXNFLTD-26SEP27HOUIND,KXNFLTD,KXNFLTD-26SEP27HOUIND-INDDSLAYTON11-2,Darius Slayton: 2+ touchdowns,0.0100,0.0200,0.0000,0.00,0.00,active,2026-09-29T17:00:00Z,2026-09-26T14:52:17+00:00
KXNFLTD-26SEP27HOUIND,KXNFLTD,KXNFLTD-26SEP27HOUIND-INDTWARREN84-3,Tyler Warren: 3+ touchdowns,0.0000,0.0100,0.0100,596.75,596.75,active,2026-09-29T17:00:00Z,2026-09-26T14:52:17+00:00
KXNFLTD-26SEP27KCMIA,KXNFLTD,KXNFLTD-26SEP27KCMIA-KCTKELCE87-2,Travis Kelce: 2+ touchdowns,0.0700,0.0800,0.0800,14397.43,14386.43,active,2026-09-29T17:00:00Z,2026-09-26T14:52:17+00:00
KXNFLTD-26SEP27KCMIA,KXNFLTD,KXNFLTD-26SEP27KCMIA-MIAMWASHINGTON6-2,Malik Washington: 2+ touchdowns,0.0200,0.0300,0.0300,399.80,399.80,active,2026-09-29T17:00:00Z,2026-09-26T14:52:17+00:00
KXNFLTD-26SEP27KCMIA,KXNFLTD,KXNFLTD-26SEP27KCMIA-KCXWORTHY1-1,Xavier Worthy: 1+ touchdowns,0.3200,0.3300,0.3200,1765.82,1725.29,active,2026-09-29T17:00:00Z,2026-09-26T14:52:17+00:00
KXNFLTD-26SEP27KCMIA,KXNFLTD,KXNFLTD-26SEP27KCMIA-KCEJOHNSON10-1,Emmett Johnson: 1+ touchdowns,0.2000,0.2100,0.2100,10672.18,9639.31,active,2026-09-29T17:00:00Z,2026-09-26T14:52:17+00:00
KXNFLTD-26SEP27KCMIA,KXNFLTD,KXNFLTD-26SEP27KCMIA-MIACBELL18-2,Chris Bell: 2+ touchdowns,0.0100,0.0200,0.0200,233.95,233.95,active,2026-09-29T17:00:00Z,2026-09-26T14:52:17+00:00
KXNFLTD-26SEP27KCMIA,KXNFLTD,KXNFLTD-26SEP27KCMIA-KCEJOHNSON10-2,Emmett Johnson: 2+ touchdowns,0.0200,0.0300,0.0300,1985.03,1985.03,active,2026-09-29T17:00:00Z,2026-09-26T14:52:17+00:00
KXNFLTD-26SEP27KCMIA,KXNFLTD,KXNFLTD-26SEP27KCMIA-MIADACHANE28-2,De'Von Achane: 2+ touchdowns,0.0800,0.0900,0.1000,1729.81,1729.81,active,2026-09-29T17:00:00Z,2026-09-26T14:52:17+00:00
KXNFLTD-26SEP27KCMIA,KXNFLTD,KXNFLTD-26SEP27KCMIA-MIAMWILLIS2-2,Malik Willis: 2+ touchdowns,0.0200,0.0300,0.0300,191.66,191.66,active,2026-09-29T17:00:00Z,2026-09-26T14:52:17+00:00
KXNFLTD-26SEP27KCMIA,KXNFLTD,KXNFLTD-26SEP27KCMIA-MIACBELL18-1,Chris Bell: 1+ touchdowns,0.1100,0.1200,0.0000,0.00,0.00,active,2026-09-29T17:00:00Z,2026-09-26T14:52:17+00:00
KXNFLTD-26SEP27KCMIA,KXNFLTD,KXNFLTD-26SEP27KCMIA-MIAOGORDON0-1,Ollie Gordon II: 1+ touchdowns,0.1100,0.1200,0.1200,624.18,624.18,active,2026-09-29T17:00:00Z,2026-09-26T14:52:17+00:00
KXNFLTD-26SEP27KCMIA,KXNFLTD,KXNFLTD-26SEP27KCMIA-MIADACHANE28-1,De'Von Achane: 1+ touchdowns,0.4100,0.4200,0.4200,2077.90,2063.36,active,2026-09-29T17:00:00Z,2026-09-26T14:52:17+00:00
KXNFLTD-26SEP27KCMIA,KXNFLTD,KXNFLTD-26SEP27KCMIA-KCJROYALS11-1,Jalen Royals: 1+ touchdowns,0.0700,0.0800,0.0700,2040.06,2040.06,active,2026-09-29T17:00:00Z,2026-09-26T14:52:17+00:00
KXNFLTD-26SEP27KCMIA,KXNFLTD,KXNFLTD-26SEP27KCMIA-KCRRICE4-2,Rashee Rice: 2+ touchdowns,0.0900,0.1000,0.1000,11343.88,11343.88,active,2026-09-29T17:00:00Z,2026-09-26T14:52:17+00:00
KXNFLTD-26SEP27KCMIA,KXNFLTD,KXNFLTD-26SEP27KCMIA-MIAMWILLIS2-1,Malik Willis: 1+ touchdowns,0.2000,0.2100,0.2100,896.23,896.13,active,2026-09-29T17:00:00Z,2026-09-26T14:52:17+00:00
KXNFLTD-26SEP27KCMIA,KXNFLTD,KXNFLTD-26SEP27KCMIA-MIAOGORDON0-2,Ollie Gordon II: 2+ touchdowns,0.0100,0.0200,0.0000,0.00,0.00,active,2026-09-29T17:00:00Z,2026-09-26T14:52:17+00:00
KXNFLTD-26SEP27KCMIA,KXNFLTD,KXNFLTD-26SEP27KCMIA-KCRRICE4-1,Rashee Rice: 1+ touchdowns,0.3800,0.3900,0.3900,8848.13,8387.65,active,2026-09-29T17:00:00Z,2026-09-26T14:52:17+00:00
KXNFLTD-26SEP27KCMIA,KXNFLTD,KXNFLTD-26SEP27KCMIA-KCKWALKER9-1,Kenneth Walker III: 1+ touchdowns,0.6300,0.6400,0.6400,15804.48,14793.27,active,2026-09-29T17:00:00Z,2026-09-26T14:52:17+00:00
KXNFLTD-26SEP27KCMIA,KXNFLTD,KXNFLTD-26SEP27KCMIA-MIAMIADST-1,MIA Dolphins D/ST: 1+ touchdowns,0.1000,0.1100,0.1200,34.10,34.10,active,2026-09-29T17:00:00Z,2026-09-26T14:52:17+00:00
KXNFLTD-26SEP27KCMIA,KXNFLTD,KXNFLTD-26SEP27KCMIA-KCJROYALS11-2,Jalen Royals: 2+ touchdowns,0.0000,0.0100,0.0100,379.00,379.00,active,2026-09-29T17:00:00Z,2026-09-26T14:52:17+00:00
KXNFLTD-26SEP27KCMIA,KXNFLTD,KXNFLTD-26SEP27KCMIA-KCPMAHOMES15-1,Patrick Mahomes: 1+ touchdowns,0.2000,0.2100,0.2100,35468.81,30303.83,active,2026-09-29T17:00:00Z,2026-09-26T14:52:17+00:00
KXNFLTD-26SEP27KCMIA,KXNFLTD,KXNFLTD-26SEP27KCMIA-MIAKCOLEMAN21-2,Kevin Coleman Jr.: 2+ touchdowns,0.0000,0.0100,0.0100,300.00,300.00,active,2026-09-29T17:00:00Z,2026-09-26T14:52:17+00:00
KXNFLTD-26SEP27KCMIA,KXNFLTD,KXNFLTD-26SEP27KCMIA-KCTTHORNTON2-2,Tyquan Thornton: 2+ touchdowns,0.0100,0.0200,0.0200,1771.93,1771.93,active,2026-09-29T17:00:00Z,2026-09-26T14:52:17+00:00
KXNFLTD-26SEP27KCMIA,KXNFLTD,KXNFLTD-26SEP27KCMIA-KCNGRAY83-1,Noah Gray: 1+ touchdowns,0.1100,0.1200,0.1300,1380.45,1380.45,active,2026-09-29T17:00:00Z,2026-09-26T14:52:17+00:00
KXNFLTD-26SEP27KCMIA,KXNFLTD,KXNFLTD-26SEP27KCMIA-MIAGDULCICH85-1,Greg Dulcich: 1+ touchdowns,0.1500,0.1600,0.1700,139.11,139.11,active,2026-09-29T17:00:00Z,2026-09-26T14:52:17+00:00
KXNFLTD-26SEP27KCMIA,KXNFLTD,KXNFLTD-26SEP27KCMIA-KCKWALKER9-2,Kenneth Walker III: 2+ touchdowns,0.2300,0.2400,0.2500,10854.68,10783.48,active,2026-09-29T17:00:00Z,2026-09-26T14:52:17+00:00
KXNFLTD-26SEP27KCMIA,KXNFLTD,KXNFLTD-26SEP27KCMIA-MIAMWASHINGTON6-3,Malik Washington: 3+ touchdowns,0.0000,0.0100,0.0100,554.15,554.15,active,2026-09-29T17:00:00Z,2026-09-26T14:52:17+00:00
KXNFLTD-26SEP27KCMIA,KXNFLTD,KXNFLTD-26SEP27KCMIA-MIAMWASHINGTON6-1,Malik Washington: 1+ touchdowns,0.2100,0.2200,0.2200,178.21,178.21,active,2026-09-29T17:00:00Z,2026-09-26T14:52:17+00:00
KXNFLTD-26SEP27KCMIA,KXNFLTD,KXNFLTD-26SEP27KCMIA-KCXWORTHY1-3,Xavier Worthy: 3+ touchdowns,0.0000,0.0100,0.0100,459.35,459.35,active,2026-09-29T17:00:00Z,2026-09-26T14:52:17+00:00
KXNFLTD-26SEP27KCMIA,KXNFLTD,KXNFLTD-26SEP27KCMIA-KCTKELCE87-1,Travis Kelce: 1+ touchdowns,0.3500,0.3600,0.3600,13910.34,12139.37,active,2026-09-29T17:00:00Z,2026-09-26T14:52:17+00:00
KXNFLTD-26SEP27KCMIA,KXNFLTD,KXNFLTD-26SEP27KCMIA-MIADACHANE28-3,De'Von Achane: 3+ touchdowns,0.0100,0.0200,0.0200,426.09,426.09,active,2026-09-29T17:00:00Z,2026-09-26T14:52:17+00:00
KXNFLTD-26SEP27KCMIA,KXNFLTD,KXNFLTD-26SEP27KCMIA-KCKWALKER9-3,Kenneth Walker III: 3+ touchdowns,0.0600,0.0700,0.0600,2457.27,2457.27,active,2026-09-29T17:00:00Z,2026-09-26T14:52:17+00:00
KXNFLTD-26SEP27KCMIA,KXNFLTD,KXNFLTD-26SEP27KCMIA-KCJBRININGSTOOL88-1,Jake Briningstool: 1+ touchdowns,0.0400,0.0500,0.0500,486.00,486.00,active,2026-09-29T17:00:00Z,2026-09-26T14:52:17+00:00
KXNFLTD-26SEP27KCMIA,KXNFLTD,KXNFLTD-26SEP27KCMIA-MIAGDULCICH85-2,Greg Dulcich: 2+ touchdowns,0.0100,0.0200,0.0000,0.00,0.00,active,2026-09-29T17:00:00Z,2026-09-26T14:52:17+00:00
KXNFLTD-26SEP27KCMIA,KXNFLTD,KXNFLTD-26SEP27KCMIA-KCKCDST-1,KC Chiefs D/ST: 1+ touchdowns,0.1100,0.1300,0.1300,967.85,967.62,active,2026-09-29T17:00:00Z,2026-09-26T14:52:17+00:00
KXNFLTD-26SEP27KCMIA,KXNFLTD,KXNFLTD-26SEP27KCMIA-KCCALLEN13-1,Cyrus Allen: 1+ touchdowns,0.0400,0.0500,0.0500,1871.09,1859.67,active,2026-09-29T17:00:00Z,2026-09-26T14:52:17+00:00
KXNFLTD-26SEP27KCMIA,KXNFLTD,KXNFLTD-26SEP27KCMIA-KCTTHORNTON2-1,Tyquan Thornton: 1+ touchdowns,0.1600,0.1700,0.1700,4423.98,4423.98,active,2026-09-29T17:00:00Z,2026-09-26T14:52:17+00:00
KXNFLTD-26SEP27KCMIA,KXNFLTD,KXNFLTD-26SEP27KCMIA-KCNGRAY83-2,Noah Gray: 2+ touchdowns,0.0100,0.0200,0.0000,0.00,0.00,active,2026-09-29T17:00:00Z,2026-09-26T14:52:17+00:00
KXNFLTD-26SEP27KCMIA,KXNFLTD,KXNFLTD-26SEP27KCMIA-MIAJTOLBERT1-1,Jalen Tolbert: 1+ touchdowns,0.0500,0.0600,0.0600,32.19,32.19,active,2026-09-29T17:00:00Z,2026-09-26T14:52:17+00:00
KXNFLTD-26SEP27KCMIA,KXNFLTD,KXNFLTD-26SEP27KCMIA-KCTKELCE87-3,Travis Kelce: 3+ touchdowns,0.0100,0.0200,0.0200,729.91,729.91,active,2026-09-29T17:00:00Z,2026-09-26T14:52:17+00:00
KXNFLTD-26SEP27KCMIA,KXNFLTD,KXNFLTD-26SEP27KCMIA-KCRRICE4-3,Rashee Rice: 3+ touchdowns,0.0100,0.0200,0.0200,1246.75,1246.75,active,2026-09-29T17:00:00Z,2026-09-26T14:52:17+00:00
KXNFLTD-26SEP27KCMIA,KXNFLTD,KXNFLTD-26SEP27KCMIA-MIAKCOLEMAN21-1,Kevin Coleman Jr.: 1+ touchdowns,0.0900,0.1000,0.1000,7632.80,7632.80,active,2026-09-29T17:00:00Z,2026-09-26T14:52:17+00:00
KXNFLTD-26SEP27KCMIA,KXNFLTD,KXNFLTD-26SEP27KCMIA-KCBSMITH24-1,Brashard Smith: 1+ touchdowns,0.0300,0.0400,0.0400,330.16,330.16,active,2026-09-29T17:00:00Z,2026-09-26T14:52:17+00:00
KXNFLTD-26SEP27KCMIA,KXNFLTD,KXNFLTD-26SEP27KCMIA-MIAWKACMAREK89-1,Will Kacmarek: 1+ touchdowns,0.0600,0.0800,0.0800,345.01,345.01,active,2026-09-29T17:00:00Z,2026-09-26T14:52:17+00:00
KXNFLTD-26SEP27KCMIA,KXNFLTD,KXNFLTD-26SEP27KCMIA-KCXWORTHY1-2,Xavier Worthy: 2+ touchdowns,0.0500,0.0600,0.0600,10340.84,10340.84,active,2026-09-29T17:00:00Z,2026-09-26T14:52:17+00:00
KXNFLTD-26SEP27KCMIA,KXNFLTD,KXNFLTD-26SEP27KCMIA-KCPMAHOMES15-2,Patrick Mahomes: 2+ touchdowns,0.0100,0.0200,0.0200,22165.96,20707.15,active,2026-09-29T17:00:00Z,2026-09-26T14:52:17+00:00
KXNFLTD-26SEP27LACBUF,KXNFLTD,KXNFLTD-26SEP27LACBUF-LACJHERBERT10-1,Justin Herbert: 1+ touchdowns,0.1500,0.1600,0.1600,2116.98,2085.52,active,2026-09-29T17:00:00Z,2026-09-26T14:52:17+00:00
KXNFLTD-26SEP27LACBUF,KXNFLTD,KXNFLTD-26SEP27LACBUF-BUFTJOHNSON26-2,Ty Johnson: 2+ touchdowns,0.0100,0.0200,0.0000,0.00,0.00,active,2026-09-29T17:00:00Z,2026-09-26T14:52:17+00:00
KXNFLTD-26SEP27LACBUF,KXNFLTD,KXNFLTD-26SEP27LACBUF-LACOHAMPTON8-3,Omarion Hampton: 3+ touchdowns,0.0100,0.0300,0.0200,757.10,757.10,active,2026-09-29T17:00:00Z,2026-09-26T14:52:17+00:00
KXNFLTD-26SEP27LACBUF,KXNFLTD,KXNFLTD-26SEP27LACBUF-LACOHAMPTON8-2,Omarion Hampton: 2+ touchdowns,0.1400,0.1500,0.1500,6148.18,6115.72,active,2026-09-29T17:00:00Z,2026-09-26T14:52:17+00:00
KXNFLTD-26SEP27LACBUF,KXNFLTD,KXNFLTD-26SEP27LACBUF-LACOGADSDEN86-3,Oronde Gadsden: 3+ touchdowns,0.0100,0.0200,0.0000,0.00,0.00,active,2026-09-29T17:00:00Z,2026-09-26T14:52:17+00:00
KXNFLTD-26SEP27LACBUF,KXNFLTD,KXNFLTD-26SEP27LACBUF-LACKMITCHELL34-1,Keaton Mitchell: 1+ touchdowns,0.1300,0.1400,0.1400,237.27,237.27,active,2026-09-29T17:00:00Z,2026-09-26T14:52:17+00:00
KXNFLTD-26SEP27LACBUF,KXNFLTD,KXNFLTD-26SEP27LACBUF-BUFBUFDST-1,BUF Bills D/ST: 1+ touchdowns,0.1000,0.1200,0.1200,352.79,310.01,active,2026-09-29T17:00:00Z,2026-09-26T14:52:17+00:00
KXNFLTD-26SEP27LACBUF,KXNFLTD,KXNFLTD-26SEP27LACBUF-LACOGADSDEN86-1,Oronde Gadsden: 1+ touchdowns,0.2400,0.2500,0.2500,5709.36,5709.36,active,2026-09-29T17:00:00Z,2026-09-26T14:52:17+00:00
KXNFLTD-26SEP27LACBUF,KXNFLTD,KXNFLTD-26SEP27LACBUF-BUFRDAVIS7-1,Ray Davis: 1+ touchdowns,0.0600,0.0700,0.0700,177.00,177.00,active,2026-09-29T17:00:00Z,2026-09-26T14:52:17+00:00
KXNFLTD-26SEP27LACBUF,KXNFLTD,KXNFLTD-26SEP27LACBUF-BUFJALLEN17-3,Josh Allen: 3+ touchdowns,0.0300,0.0400,0.0400,16987.94,16756.94,active,2026-09-29T17:00:00Z,2026-09-26T14:52:17+00:00
KXNFLTD-26SEP27LACBUF,KXNFLTD,KXNFLTD-26SEP27LACBUF-BUFTJOHNSON26-1,Ty Johnson: 1+ touchdowns,0.1400,0.1600,0.1600,484.54,484.54,active,2026-09-29T17:00:00Z,2026-09-26T14:52:17+00:00
KXNFLTD-26SEP27LACBUF,KXNFLTD,KXNFLTD-26SEP27LACBUF-LACQJOHNSTON1-1,Quentin Johnston: 1+ touchdowns,0.2300,0.2400,0.2400,21757.52,21757.52,active,2026-09-29T17:00:00Z,2026-09-26T14:52:17+00:00
KXNFLTD-26SEP27LACBUF,KXNFLTD,KXNFLTD-26SEP27LACBUF-LACOGADSDEN86-2,Oronde Gadsden: 2+ touchdowns,0.0200,0.0300,0.0300,23035.41,23035.41,active,2026-09-29T17:00:00Z,2026-09-26T14:52:17+00:00
KXNFLTD-26SEP27LACBUF,KXNFLTD,KXNFLTD-26SEP27LACBUF-BUFKSHAKIR10-2,Khalil Shakir: 2+ touchdowns,0.0400,0.0500,0.0500,548.25,548.25,active,2026-09-29T17:00:00Z,2026-09-26T14:52:17+00:00
KXNFLTD-26SEP27LACBUF,KXNFLTD,KXNFLTD-26SEP27LACBUF-BUFJCOOK4-1,James Cook III: 1+ touchdowns,0.5800,0.5900,0.5900,5331.27,5036.10,active,2026-09-29T17:00:00Z,2026-09-26T14:52:17+00:00
KXNFLTD-26SEP27LACBUF,KXNFLTD,KXNFLTD-26SEP27LACBUF-BUFDKNOX88-1,Dawson Knox: 1+ touchdowns,0.1300,0.1400,0.1400,14420.18,14420.17,active,2026-09-29T17:00:00Z,2026-09-26T14:52:17+00:00
KXNFLTD-26SEP27LACBUF,KXNFLTD,KXNFLTD-26SEP27LACBUF-LACLMCCONKEY15-2,Ladd McConkey: 2+ touchdowns,0.0400,0.0500,0.0500,630.62,630.62,active,2026-09-29T17:00:00Z,2026-09-26T14:52:17+00:00
KXNFLTD-26SEP27LACBUF,KXNFLTD,KXNFLTD-26SEP27LACBUF-LACOHAMPTON8-1,Omarion Hampton: 1+ touchdowns,0.4900,0.5000,0.5000,20835.37,20217.44,active,2026-09-29T17:00:00Z,2026-09-26T14:52:17+00:00
KXNFLTD-26SEP27LACBUF,KXNFLTD,KXNFLTD-26SEP27LACBUF-BUFJHAWES85-1,Jackson Hawes: 1+ touchdowns,0.0700,0.0800,0.0800,3462.84,3462.84,active,2026-09-29T17:00:00Z,2026-09-26T14:52:17+00:00
KXNFLTD-26SEP27LACBUF,KXNFLTD,KXNFLTD-26SEP27LACBUF-LACLMCCONKEY15-3,Ladd McConkey: 3+ touchdowns,0.0000,0.0100,0.0100,323.37,323.37,active,2026-09-29T17:00:00Z,2026-09-26T14:52:17+00:00
KXNFLTD-26SEP27LACBUF,KXNFLTD,KXNFLTD-26SEP27LACBUF-LACJHERBERT10-2,Justin Herbert: 2+ touchdowns,0.0100,0.0200,0.0000,0.00,0.00,active,2026-09-29T17:00:00Z,2026-09-26T14:52:17+00:00
KXNFLTD-26SEP27LACBUF,KXNFLTD,KXNFLTD-26SEP27LACBUF-BUFDKINCAID86-3,Dalton Kincaid: 3+ touchdowns,0.0000,0.0100,0.0100,713.65,713.65,active,2026-09-29T17:00:00Z,2026-09-26T14:52:17+00:00
KXNFLTD-26SEP27LACBUF,KXNFLTD,KXNFLTD-26SEP27LACBUF-BUFKSHAKIR10-3,Khalil Shakir: 3+ touchdowns,0.0000,0.0100,0.0100,776.00,776.00,active,2026-09-29T17:00:00Z,2026-09-26T14:52:17+00:00
KXNFLTD-26SEP27LACBUF,KXNFLTD,KXNFLTD-26SEP27LACBUF-BUFJHAWES85-2,Jackson Hawes: 2+ touchdowns,0.0000,0.0100,0.0100,300.00,300.00,active,2026-09-29T17:00:00Z,2026-09-26T14:52:17+00:00
KXNFLTD-26SEP27LACBUF,KXNFLTD,KXNFLTD-26SEP27LACBUF-BUFRDAVIS7-2,Ray Davis: 2+ touchdowns,0.0000,0.0100,0.0000,0.00,0.00,active,2026-09-29T17:00:00Z,2026-09-26T14:52:17+00:00
KXNFLTD-26SEP27LACBUF,KXNFLTD,KXNFLTD-26SEP27LACBUF-BUFKCOLEMAN0-1,Keon Coleman: 1+ touchdowns,0.1900,0.2000,0.2000,1641.01,1527.81,active,2026-09-29T17:00:00Z,2026-09-26T14:52:17+00:00
KXNFLTD-26SEP27LACBUF,KXNFLTD,KXNFLTD-26SEP27LACBUF-BUFKSHAKIR10-1,Khalil Shakir: 1+ touchdowns,0.2800,0.3000,0.3000,939.25,939.25,active,2026-09-29T17:00:00Z,2026-09-26T14:52:17+00:00
KXNFLTD-26SEP27LACBUF,KXNFLTD,KXNFLTD-26SEP27LACBUF-BUFJCOOK4-2,James Cook III: 2+ touchdowns,0.1900,0.2000,0.2100,3144.89,3139.89,active,2026-09-29T17:00:00Z,2026-09-26T14:52:17+00:00
KXNFLTD-26SEP27LACBUF,KXNFLTD,KXNFLTD-26SEP27LACBUF-BUFSBELL13-1,Skyler Bell: 1+ touchdowns,0.0800,0.0900,0.0900,1371.95,1371.95,active,2026-09-29T17:00:00Z,2026-09-26T14:52:17+00:00
KXNFLTD-26SEP27LACBUF,KXNFLTD,KXNFLTD-26SEP27LACBUF-LACTHARRIS9-1,Tre' Harris: 1+ touchdowns,0.1600,0.1700,0.1700,58.89,58.89,active,2026-09-29T17:00:00Z,2026-09-26T14:52:17+00:00
KXNFLTD-26SEP27LACBUF,KXNFLTD,KXNFLTD-26SEP27LACBUF-BUFJALLEN17-1,Josh Allen: 1+ touchdowns,0.5400,0.5500,0.5500,34170.69,33960.92,active,2026-09-29T17:00:00Z,2026-09-26T14:52:17+00:00
KXNFLTD-26SEP27LACBUF,KXNFLTD,KXNFLTD-26SEP27LACBUF-LACQJOHNSTON1-2,Quentin Johnston: 2+ touchdowns,0.0200,0.0300,0.0300,212.00,212.00,active,2026-09-29T17:00:00Z,2026-09-26T14:52:17+00:00
KXNFLTD-26SEP27LACBUF,KXNFLTD,KXNFLTD-26SEP27LACBUF-BUFJALLEN17-2,Josh Allen: 2+ touchdowns,0.1600,0.1700,0.1700,40314.64,39834.45,active,2026-09-29T17:00:00Z,2026-09-26T14:52:17+00:00
KXNFLTD-26SEP27LACBUF,KXNFLTD,KXNFLTD-26SEP27LACBUF-LACLMCCONKEY15-1,Ladd McConkey: 1+ touchdowns,0.2900,0.3000,0.3000,9755.26,9732.69,active,2026-09-29T17:00:00Z,2026-09-26T14:52:17+00:00
KXNFLTD-26SEP27LACBUF,KXNFLTD,KXNFLTD-26SEP27LACBUF-BUFJPALMER5-1,Joshua Palmer: 1+ touchdowns,0.1900,0.2000,0.2000,4005.45,3864.73,active,2026-09-29T17:00:00Z,2026-09-26T14:52:17+00:00
KXNFLTD-26SEP27LACBUF,KXNFLTD,KXNFLTD-26SEP27LACBUF-LACKMITCHELL34-2,Keaton Mitchell: 2+ touchdowns,0.0100,0.0200,0.0000,0.00,0.00,active,2026-09-29T17:00:00Z,2026-09-26T14:52:17+00:00
KXNFLTD-26SEP27LACBUF,KXNFLTD,KXNFLTD-26SEP27LACBUF-BUFSBELL13-2,Skyler Bell: 2+ touchdowns,0.0000,0.0100,0.0100,1309.00,1309.00,active,2026-09-29T17:00:00Z,2026-09-26T14:52:17+00:00
KXNFLTD-26SEP27LACBUF,KXNFLTD,KXNFLTD-26SEP27LACBUF-BUFJCOOK4-3,James Cook III: 3+ touchdowns,0.0500,0.0600,0.0600,85.90,85.90,active,2026-09-29T17:00:00Z,2026-09-26T14:52:17+00:00
KXNFLTD-26SEP27LACBUF,KXNFLTD,KXNFLTD-26SEP27LACBUF-LACLACDST-1,LA Chargers D/ST: 1+ touchdowns,0.0900,0.1000,0.1000,103.46,103.46,active,2026-09-29T17:00:00Z,2026-09-26T14:52:17+00:00
KXNFLTD-26SEP27LACBUF,KXNFLTD,KXNFLTD-26SEP27LACBUF-BUFDKNOX88-2,Dawson Knox: 2+ touchdowns,0.0100,0.0200,0.0000,0.00,0.00,active,2026-09-29T17:00:00Z,2026-09-26T14:52:17+00:00
KXNFLTD-26SEP27LACBUF,KXNFLTD,KXNFLTD-26SEP27LACBUF-LACDDAVIS12-1,Derius Davis: 1+ touchdowns,0.0500,0.0600,0.0500,142.71,142.71,active,2026-09-29T17:00:00Z,2026-09-26T14:52:17+00:00
KXNFLTD-26SEP27LACBUF,KXNFLTD,KXNFLTD-26SEP27LACBUF-LACTHARRIS9-2,Tre' Harris: 2+ touchdowns,0.0100,0.0200,0.0000,0.00,0.00,active,2026-09-29T17:00:00Z,2026-09-26T14:52:17+00:00
KXNFLTD-26SEP27LACBUF,KXNFLTD,KXNFLTD-26SEP27LACBUF-BUFJPALMER5-2,Joshua Palmer: 2+ touchdowns,0.0100,0.0200,0.0200,14445.19,14445.19,active,2026-09-29T17:00:00Z,2026-09-26T14:52:17+00:00
KXNFLTD-26SEP27LACBUF,KXNFLTD,KXNFLTD-26SEP27LACBUF-LACKVIDAL28-1,Kimani Vidal: 1+ touchdowns,0.0600,0.0700,0.0700,102.45,102.45,active,2026-09-29T17:00:00Z,2026-09-26T14:52:17+00:00
KXNFLTD-26SEP27LACBUF,KXNFLTD,KXNFLTD-26SEP27LACBUF-BUFDKINCAID86-1,Dalton Kincaid: 1+ touchdowns,0.3200,0.3300,0.3300,15068.34,14421.28,active,2026-09-29T17:00:00Z,2026-09-26T14:52:17+00:00
KXNFLTD-26SEP27LACBUF,KXNFLTD,KXNFLTD-26SEP27LACBUF-BUFDKINCAID86-2,Dalton Kincaid: 2+ touchdowns,0.0400,0.0500,0.0500,2296.13,2296.13,active,2026-09-29T17:00:00Z,2026-09-26T14:52:17+00:00
KXNFLTD-26SEP27LACBUF,KXNFLTD,KXNFLTD-26SEP27LACBUF-LACMVALDESSCANTLING13-1,Marquez Valdes-Scantling: 1+ touchdowns,0.0600,0.0700,0.0700,162.63,162.63,active,2026-09-29T17:00:00Z,2026-09-26T14:52:17+00:00
KXNFLTD-26SEP27LACBUF,KXNFLTD,KXNFLTD-26SEP27LACBUF-BUFKCOLEMAN0-2,Keon Coleman: 2+ touchdowns,0.0200,0.0300,0.0300,391.56,391.56,active,2026-09-29T17:00:00Z,2026-09-26T14:52:17+00:00
KXNFLTD-26SEP27LARDEN,KXNFLTD,KXNFLTD-26SEP27LARDEN-DENRHARVEY12-1,RJ Harvey: 1+ touchdowns,0.2300,0.2400,0.2400,10976.15,10976.15,active,2026-09-30T00:20:00Z,2026-09-26T14:52:17+00:00
KXNFLTD-26SEP27LARDEN,KXNFLTD,KXNFLTD-26SEP27LARDEN-LARMSTAFFORD9-1,Matthew Stafford: 1+ touchdowns,0.0300,0.0400,0.0400,4824.82,4600.68,active,2026-09-30T00:20:00Z,2026-09-26T14:52:17+00:00
KXNFLTD-26SEP27LARDEN,KXNFLTD,KXNFLTD-26SEP27LARDEN-LARDADAMS17-2,Davante Adams: 2+ touchdowns,0.1000,0.1100,0.1100,11084.17,11084.17,active,2026-09-30T00:20:00Z,2026-09-26T14:52:17+00:00
KXNFLTD-26SEP27LARDEN,KXNFLTD,KXNFLTD-26SEP27LARDEN-DENCSUTTON14-3,Courtland Sutton: 3+ touchdowns,0.0000,0.0100,0.0100,549.93,549.93,active,2026-09-30T00:20:00Z,2026-09-26T14:52:17+00:00
KXNFLTD-26SEP27LARDEN,KXNFLTD,KXNFLTD-26SEP27LARDEN-LARBCORUM24-2,Blake Corum: 2+ touchdowns,0.0300,0.0400,0.0300,485.37,485.37,active,2026-09-30T00:20:00Z,2026-09-26T14:52:17+00:00
KXNFLTD-26SEP27LARDEN,KXNFLTD,KXNFLTD-26SEP27LARDEN-DENCSUTTON14-1,Courtland Sutton: 1+ touchdowns,0.2400,0.2500,0.2500,936.05,936.05,active,2026-09-30T00:20:00Z,2026-09-26T14:52:17+00:00
KXNFLTD-26SEP27LARDEN,KXNFLTD,KXNFLTD-26SEP27LARDEN-DENATRAUTMAN82-1,Adam Trautman: 1+ touchdowns,0.0800,0.0900,0.0800,245.00,245.00,active,2026-09-30T00:20:00Z,2026-09-26T14:52:17+00:00
KXNFLTD-26SEP27LARDEN,KXNFLTD,KXNFLTD-26SEP27LARDEN-DENJWADDLE17-1,Jaylen Waddle: 1+ touchdowns,0.2800,0.2900,0.2900,943.46,909.68,active,2026-09-30T00:20:00Z,2026-09-26T14:52:17+00:00
KXNFLTD-26SEP27LARDEN,KXNFLTD,KXNFLTD-26SEP27LARDEN-DENPBRYANT13-1,Pat Bryant: 1+ touchdowns,0.1600,0.1700,0.1700,268.25,268.25,active,2026-09-30T00:20:00Z,2026-09-26T14:52:17+00:00
KXNFLTD-26SEP27LARDEN,KXNFLTD,KXNFLTD-26SEP27LARDEN-DENTFRANKLIN11-1,Troy Franklin: 1+ touchdowns,0.1000,0.1100,0.1000,1792.40,1792.40,active,2026-09-30T00:20:00Z,2026-09-26T14:52:17+00:00
KXNFLTD-26SEP27LARDEN,KXNFLTD,KXNFLTD-26SEP27LARDEN-LARXSMITH19-1,Xavier Smith: 1+ touchdowns,0.0700,0.0900,0.1000,28.20,28.20,active,2026-09-30T00:20:00Z,2026-09-26T14:52:17+00:00
KXNFLTD-26SEP27LARDEN,KXNFLTD,KXNFLTD-26SEP27LARDEN-DENJWADDLE17-2,Jaylen Waddle: 2+ touchdowns,0.0400,0.0500,0.0400,337.30,337.30,active,2026-09-30T00:20:00Z,2026-09-26T14:52:17+00:00
KXNFLTD-26SEP27LARDEN,KXNFLTD,KXNFLTD-26SEP27LARDEN-DENJDOBBINS27-2,J.K. Dobbins: 2+ touchdowns,0.0800,0.0900,0.0900,180.00,180.00,active,2026-09-30T00:20:00Z,2026-09-26T14:52:17+00:00
KXNFLTD-26SEP27LARDEN,KXNFLTD,KXNFLTD-26SEP27LARDEN-DENJDOBBINS27-1,J.K. Dobbins: 1+ touchdowns,0.3700,0.3800,0.3800,377.87,377.87,active,2026-09-30T00:20:00Z,2026-09-26T14:52:17+00:00
KXNFLTD-26SEP27LARDEN,KXNFLTD,KXNFLTD-26SEP27LARDEN-LARKWILLIAMS23-1,Kyren Williams: 1+ touchdowns,0.5000,0.5100,0.5100,1552.11,1516.08,active,2026-09-30T00:20:00Z,2026-09-26T14:52:17+00:00
KXNFLTD-26SEP27LARDEN,KXNFLTD,KXNFLTD-26SEP27LARDEN-DENDENDST-1,DEN Broncos D/ST: 1+ touchdowns,0.0900,0.1100,0.1200,63.65,63.65,active,2026-09-30T00:20:00Z,2026-09-26T14:52:17+00:00
KXNFLTD-26SEP27LARDEN,KXNFLTD,KXNFLTD-26SEP27LARDEN-LARLARDST-1,LA Rams D/ST: 1+ touchdowns,0.1000,0.1100,0.1100,156.56,156.56,active,2026-09-30T00:20:00Z,2026-09-26T14:52:17+00:00
KXNFLTD-26SEP27LARDEN,KXNFLTD,KXNFLTD-26SEP27LARDEN-LARDALLEN87-1,Davis Allen: 1+ touchdowns,0.0700,0.0800,0.0800,413.38,413.38,active,2026-09-30T00:20:00Z,2026-09-26T14:52:17+00:00
KXNFLTD-26SEP27LARDEN,KXNFLTD,KXNFLTD-26SEP27LARDEN-LARDADAMS17-1,Davante Adams: 1+ touchdowns,0.4500,0.4600,0.4600,14803.08,13770.76,active,2026-09-30T00:20:00Z,2026-09-26T14:52:17+00:00
KXNFLTD-26SEP27LARDEN,KXNFLTD,KXNFLTD-26SEP27LARDEN-LARKWILLIAMS23-2,Kyren Williams: 2+ touchdowns,0.1200,0.1400,0.1400,1216.62,1216.62,active,2026-09-30T00:20:00Z,2026-09-26T14:52:17+00:00
KXNFLTD-26SEP27LARDEN,KXNFLTD,KXNFLTD-26SEP27LARDEN-LARTFERGUSON18-3,Terrance Ferguson: 3+ touchdowns,0.0000,0.0100,0.0100,550.00,550.00,active,2026-09-30T00:20:00Z,2026-09-26T14:52:17+00:00
KXNFLTD-26SEP27LARDEN,KXNFLTD,KXNFLTD-26SEP27LARDEN-DENJDOBBINS27-3,J.K. Dobbins: 3+ touchdowns,0.0100,0.0200,0.0000,0.00,0.00,active,2026-09-30T00:20:00Z,2026-09-26T14:52:17+00:00
KXNFLTD-26SEP27LARDEN,KXNFLTD,KXNFLTD-26SEP27LARDEN-DENEENGRAM1-1,Evan Engram: 1+ touchdowns,0.1700,0.1800,0.1800,107.30,107.30,active,2026-09-30T00:20:00Z,2026-09-26T14:52:17+00:00
KXNFLTD-26SEP27LARDEN,KXNFLTD,KXNFLTD-26SEP27LARDEN-DENPBRYANT13-2,Pat Bryant: 2+ touchdowns,0.0100,0.0200,0.0000,0.00,0.00,active,2026-09-30T00:20:00Z,2026-09-26T14:52:17+00:00
KXNFLTD-26SEP27LARDEN,KXNFLTD,KXNFLTD-26SEP27LARDEN-LARBCORUM24-1,Blake Corum: 1+ touchdowns,0.2400,0.2500,0.2500,8699.31,8699.31,active,2026-09-30T00:20:00Z,2026-09-26T14:52:17+00:00
KXNFLTD-26SEP27LARDEN,KXNFLTD,KXNFLTD-26SEP27LARDEN-LARXSMITH19-2,Xavier Smith: 2+ touchdowns,0.0000,0.0100,0.0100,595.61,595.61,active,2026-09-30T00:20:00Z,2026-09-26T14:52:17+00:00
KXNFLTD-26SEP27LARDEN,KXNFLTD,KXNFLTD-26SEP27LARDEN-LARDALLEN87-2,Davis Allen: 2+ touchdowns,0.0000,0.0100,0.0100,555.00,555.00,active,2026-09-30T00:20:00Z,2026-09-26T14:52:17+00:00
KXNFLTD-26SEP27LARDEN,KXNFLTD,KXNFLTD-26SEP27LARDEN-LARTHIGBEE89-1,Tyler Higbee: 1+ touchdowns,0.1600,0.1700,0.1500,4751.04,4751.04,active,2026-09-30T00:20:00Z,2026-09-26T14:52:17+00:00
KXNFLTD-26SEP27LARDEN,KXNFLTD,KXNFLTD-26SEP27LARDEN-DENJWADDLE17-3,Jaylen Waddle: 3+ touchdowns,0.0000,0.0100,0.0100,416.88,416.88,active,2026-09-30T00:20:00Z,2026-09-26T14:52:17+00:00
KXNFLTD-26SEP27LARDEN,KXNFLTD,KXNFLTD-26SEP27LARDEN-DENBNIX10-2,Bo Nix: 2+ touchdowns,0.0100,0.0200,0.0200,189.50,189.50,active,2026-09-30T00:20:00Z,2026-09-26T14:52:17+00:00
KXNFLTD-26SEP27LARDEN,KXNFLTD,KXNFLTD-26SEP27LARDEN-DENATRAUTMAN82-2,Adam Trautman: 2+ touchdowns,0.0000,0.0100,0.0100,300.00,300.00,active,2026-09-30T00:20:00Z,2026-09-26T14:52:17+00:00
KXNFLTD-26SEP27LARDEN,KXNFLTD,KXNFLTD-26SEP27LARDEN-LARBCORUM24-3,Blake Corum: 3+ touchdowns,0.0000,0.0100,0.0100,550.00,550.00,active,2026-09-30T00:20:00Z,2026-09-26T14:52:17+00:00
KXNFLTD-26SEP27LARDEN,KXNFLTD,KXNFLTD-26SEP27LARDEN-LARKMUMPFIELD4-1,Konata Mumpfield: 1+ touchdowns,0.1000,0.1100,0.1300,36.23,36.23,active,2026-09-30T00:20:00Z,2026-09-26T14:52:17+00:00
KXNFLTD-26SEP27LARDEN,KXNFLTD,KXNFLTD-26SEP27LARDEN-LARKMUMPFIELD4-2,Konata Mumpfield: 2+ touchdowns,0.0100,0.0200,0.0000,0.00,0.00,active,2026-09-30T00:20:00Z,2026-09-26T14:52:17+00:00
KXNFLTD-26SEP27LARDEN,KXNFLTD,KXNFLTD-26SEP27LARDEN-LARTFERGUSON18-2,Terrance Ferguson: 2+ touchdowns,0.0400,0.0500,0.0500,242.00,242.00,active,2026-09-30T00:20:00Z,2026-09-26T14:52:17+00:00
KXNFLTD-26SEP27LARDEN,KXNFLTD,KXNFLTD-26SEP27LARDEN-DENTFRANKLIN11-2,Troy Franklin: 2+ touchdowns,0.0000,0.0100,0.0100,863.00,863.00,active,2026-09-30T00:20:00Z,2026-09-26T14:52:17+00:00
KXNFLTD-26SEP27LARDEN,KXNFLTD,KXNFLTD-26SEP27LARDEN-LARTHIGBEE89-2,Tyler Higbee: 2+ touchdowns,0.0200,0.0300,0.0200,9139.72,9139.72,active,2026-09-30T00:20:00Z,2026-09-26T14:52:17+00:00
KXNFLTD-26SEP27LARDEN,KXNFLTD,KXNFLTD-26SEP27LARDEN-DENCSUTTON14-2,Courtland Sutton: 2+ touchdowns,0.0300,0.0400,0.0400,464.00,464.00,active,2026-09-30T00:20:00Z,2026-09-26T14:52:17+00:00
KXNFLTD-26SEP27LARDEN,KXNFLTD,KXNFLTD-26SEP27LARDEN-LARDADAMS17-3,Davante Adams: 3+ touchdowns,0.0100,0.0200,0.0200,27.44,27.44,active,2026-09-30T00:20:00Z,2026-09-26T14:52:17+00:00
KXNFLTD-26SEP27LARDEN,KXNFLTD,KXNFLTD-26SEP27LARDEN-LARKWILLIAMS23-3,Kyren Williams: 3+ touchdowns,0.0200,0.0300,0.0300,116.00,116.00,active,2026-09-30T00:20:00Z,2026-09-26T14:52:17+00:00
KXNFLTD-26SEP27LARDEN,KXNFLTD,KXNFLTD-26SEP27LARDEN-DENEENGRAM1-2,Evan Engram: 2+ touchdowns,0.0200,0.0300,0.0000,0.00,0.00,active,2026-09-30T00:20:00Z,2026-09-26T14:52:17+00:00
KXNFLTD-26SEP27LARDEN,KXNFLTD,KXNFLTD-26SEP27LARDEN-DENRHARVEY12-2,RJ Harvey: 2+ touchdowns,0.0200,0.0300,0.0300,93.63,93.63,active,2026-09-30T00:20:00Z,2026-09-26T14:52:17+00:00
KXNFLTD-26SEP27LARDEN,KXNFLTD,KXNFLTD-26SEP27LARDEN-LARTFERGUSON18-1,Terrance Ferguson: 1+ touchdowns,0.2600,0.2700,0.2700,5044.99,5044.99,active,2026-09-30T00:20:00Z,2026-09-26T14:52:17+00:00
KXNFLTD-26SEP27LARDEN,KXNFLTD,KXNFLTD-26SEP27LARDEN-DENBNIX10-1,Bo Nix: 1+ touchdowns,0.1500,0.1600,0.1600,9723.74,9687.21,active,2026-09-30T00:20:00Z,2026-09-26T14:52:17+00:00
KXNFLTD-26SEP27LVNO,KXNFLTD,KXNFLTD-26SEP27LVNO-LVJBECH18-2,Jack Bech: 2+ touchdowns,0.0100,0.0200,0.0200,2005.87,2005.87,active,2026-09-29T20:25:00Z,2026-09-26T14:52:17+00:00
KXNFLTD-26SEP27LVNO,KXNFLTD,KXNFLTD-26SEP27LVNO-NOBLANCE18-1,Bryce Lance: 1+ touchdowns,0.1200,0.1300,0.1300,381.71,357.32,active,2026-09-29T20:25:00Z,2026-09-26T14:52:17+00:00
KXNFLTD-26SEP27LVNO,KXNFLTD,KXNFLTD-26SEP27LVNO-LVMMAYER87-1,Michael Mayer: 1+ touchdowns,0.2000,0.2100,0.1900,28367.52,26834.52,active,2026-09-29T20:25:00Z,2026-09-26T14:52:17+00:00
KXNFLTD-26SEP27LVNO,KXNFLTD,KXNFLTD-26SEP27LVNO-LVAJEANTY2-3,Ashton Jeanty: 3+ touchdowns,0.0300,0.0400,0.0400,1055.15,1055.15,active,2026-09-29T20:25:00Z,2026-09-26T14:52:17+00:00
KXNFLTD-26SEP27LVNO,KXNFLTD,KXNFLTD-26SEP27LVNO-NODVELE14-1,Devaughn Vele: 1+ touchdowns,0.2300,0.2400,0.2400,28993.92,28993.92,active,2026-09-29T20:25:00Z,2026-09-26T14:52:17+00:00
KXNFLTD-26SEP27LVNO,KXNFLTD,KXNFLTD-26SEP27LVNO-LVKCOUSINS8-1,Kirk Cousins: 1+ touchdowns,0.0300,0.0400,0.0400,17612.30,17612.30,active,2026-09-29T20:25:00Z,2026-09-26T14:52:17+00:00
KXNFLTD-26SEP27LVNO,KXNFLTD,KXNFLTD-26SEP27LVNO-LVDYOUNG81-1,Dareke Young: 1+ touchdowns,0.0500,0.0600,0.0700,129.31,129.31,active,2026-09-29T20:25:00Z,2026-09-26T14:52:17+00:00
KXNFLTD-26SEP27LVNO,KXNFLTD,KXNFLTD-26SEP27LVNO-NOODELP4-1,Oscar Delp: 1+ touchdowns,0.0400,0.0500,0.0300,580.35,555.35,active,2026-09-29T20:25:00Z,2026-09-26T14:52:17+00:00
KXNFLTD-26SEP27LVNO,KXNFLTD,KXNFLTD-26SEP27LVNO-LVMMAYER87-2,Michael Mayer: 2+ touchdowns,0.0100,0.0200,0.0200,11081.26,11081.26,active,2026-09-29T20:25:00Z,2026-09-26T14:52:17+00:00
KXNFLTD-26SEP27LVNO,KXNFLTD,KXNFLTD-26SEP27LVNO-NONFANT87-1,Noah Fant: 1+ touchdowns,0.1000,0.1200,0.1200,255.52,255.52,active,2026-09-29T20:25:00Z,2026-09-26T14:52:17+00:00
KXNFLTD-26SEP27LVNO,KXNFLTD,KXNFLTD-26SEP27LVNO-NODVELE14-2,Devaughn Vele: 2+ touchdowns,0.0200,0.0300,0.0300,780.34,780.34,active,2026-09-29T20:25:00Z,2026-09-26T14:52:17+00:00
KXNFLTD-26SEP27LVNO,KXNFLTD,KXNFLTD-26SEP27LVNO-LVLVDST-1,LV Raiders D/ST: 1+ touchdowns,0.0900,0.1100,0.1000,819.56,819.56,active,2026-09-29T20:25:00Z,2026-09-26T14:52:17+00:00
KXNFLTD-26SEP27LVNO,KXNFLTD,KXNFLTD-26SEP27LVNO-NONODST-1,NO Saints D/ST: 1+ touchdowns,0.0900,0.1100,0.1300,527.76,527.76,active,2026-09-29T20:25:00Z,2026-09-26T14:52:17+00:00
KXNFLTD-26SEP27LVNO,KXNFLTD,KXNFLTD-26SEP27LVNO-NOTSHOUGH6-1,Tyler Shough: 1+ touchdowns,0.2200,0.2300,0.2300,3005.16,3003.49,active,2026-09-29T20:25:00Z,2026-09-26T14:52:17+00:00
KXNFLTD-26SEP27LVNO,KXNFLTD,KXNFLTD-26SEP27LVNO-NOAKAMARA41-2,Alvin Kamara: 2+ touchdowns,0.0400,0.0500,0.0400,2512.53,2499.12,active,2026-09-29T20:25:00Z,2026-09-26T14:52:17+00:00
KXNFLTD-26SEP27LVNO,KXNFLTD,KXNFLTD-26SEP27LVNO-NOCDONALDSON43-2,CJ Donaldson: 2+ touchdowns,0.0000,0.0100,0.0100,300.00,300.00,active,2026-09-29T20:25:00Z,2026-09-26T14:52:17+00:00
KXNFLTD-26SEP27LVNO,KXNFLTD,KXNFLTD-26SEP27LVNO-NOTETIENNE3-2,Travis Etienne Jr.: 2+ touchdowns,0.0600,0.0700,0.0600,42.00,42.00,active,2026-09-29T20:25:00Z,2026-09-26T14:52:17+00:00
KXNFLTD-26SEP27LVNO,KXNFLTD,KXNFLTD-26SEP27LVNO-NOAKAMARA41-1,Alvin Kamara: 1+ touchdowns,0.2900,0.3200,0.3200,1026.79,992.79,active,2026-09-29T20:25:00Z,2026-09-26T14:52:17+00:00
KXNFLTD-26SEP27LVNO,KXNFLTD,KXNFLTD-26SEP27LVNO-NOJJOHNSON83-1,Juwan Johnson: 1+ touchdowns,0.2200,0.2300,0.2300,5266.36,5266.36,active,2026-09-29T20:25:00Z,2026-09-26T14:52:17+00:00
KXNFLTD-26SEP27LVNO,KXNFLTD,KXNFLTD-26SEP27LVNO-LVJNAILOR9-1,Jalen Nailor: 1+ touchdowns,0.1400,0.1700,0.0000,0.00,0.00,active,2026-09-29T20:25:00Z,2026-09-26T14:52:17+00:00
KXNFLTD-26SEP27LVNO,KXNFLTD,KXNFLTD-26SEP27LVNO-LVTTUCKER1-1,Tre Tucker: 1+ touchdowns,0.2100,0.2300,0.2300,2018.67,2017.67,active,2026-09-29T20:25:00Z,2026-09-26T14:52:17+00:00
KXNFLTD-26SEP27LVNO,KXNFLTD,KXNFLTD-26SEP27LVNO-LVMWASHINGTON30-1,Mike Washington Jr.: 1+ touchdowns,0.1300,0.1400,0.1500,1416.61,1361.61,active,2026-09-29T20:25:00Z,2026-09-26T14:52:17+00:00
KXNFLTD-26SEP27LVNO,KXNFLTD,KXNFLTD-26SEP27LVNO-NOTETIENNE3-3,Travis Etienne Jr.: 3+ touchdowns,0.0100,0.0200,0.0000,0.00,0.00,active,2026-09-29T20:25:00Z,2026-09-26T14:52:17+00:00
KXNFLTD-26SEP27LVNO,KXNFLTD,KXNFLTD-26SEP27LVNO-LVAJEANTY2-2,Ashton Jeanty: 2+ touchdowns,0.1200,0.1300,0.1300,7877.16,7877.16,active,2026-09-29T20:25:00Z,2026-09-26T14:52:17+00:00
KXNFLTD-26SEP27LVNO,KXNFLTD,KXNFLTD-26SEP27LVNO-NOTETIENNE3-1,Travis Etienne Jr.: 1+ touchdowns,0.3600,0.3700,0.3600,469.28,467.28,active,2026-09-29T20:25:00Z,2026-09-26T14:52:17+00:00
KXNFLTD-26SEP27LVNO,KXNFLTD,KXNFLTD-26SEP27LVNO-NOCOLAVE12-1,Chris Olave: 1+ touchdowns,0.3700,0.3800,0.3800,7566.73,7541.51,active,2026-09-29T20:25:00Z,2026-09-26T14:52:17+00:00
KXNFLTD-26SEP27LVNO,KXNFLTD,KXNFLTD-26SEP27LVNO-NOCOLAVE12-2,Chris Olave: 2+ touchdowns,0.0600,0.0700,0.0700,7099.15,7087.41,active,2026-09-29T20:25:00Z,2026-09-26T14:52:17+00:00
KXNFLTD-26SEP27LVNO,KXNFLTD,KXNFLTD-26SEP27LVNO-NOCDONALDSON43-1,CJ Donaldson: 1+ touchdowns,0.0700,0.0900,0.0600,116.76,116.76,active,2026-09-29T20:25:00Z,2026-09-26T14:52:17+00:00
KXNFLTD-26SEP27LVNO,KXNFLTD,KXNFLTD-26SEP27LVNO-LVJNAILOR9-2,Jalen Nailor: 2+ touchdowns,0.0100,0.0200,0.0000,0.00,0.00,active,2026-09-29T20:25:00Z,2026-09-26T14:52:17+00:00
KXNFLTD-26SEP27LVNO,KXNFLTD,KXNFLTD-26SEP27LVNO-LVJBECH18-1,Jack Bech: 1+ touchdowns,0.1100,0.1200,0.1200,23467.83,23467.83,active,2026-09-29T20:25:00Z,2026-09-26T14:52:17+00:00
KXNFLTD-26SEP27LVNO,KXNFLTD,KXNFLTD-26SEP27LVNO-LVMWASHINGTON30-2,Mike Washington Jr.: 2+ touchdowns,0.0100,0.0200,0.0200,1169.75,1169.75,active,2026-09-29T20:25:00Z,2026-09-26T14:52:17+00:00
KXNFLTD-26SEP27LVNO,KXNFLTD,KXNFLTD-26SEP27LVNO-NONFANT87-2,Noah Fant: 2+ touchdowns,0.0100,0.0200,0.0000,0.00,0.00,active,2026-09-29T20:25:00Z,2026-09-26T14:52:17+00:00
KXNFLTD-26SEP27LVNO,KXNFLTD,KXNFLTD-26SEP27LVNO-NOBLANCE18-2,Bryce Lance: 2+ touchdowns,0.0100,0.0200,0.0000,0.00,0.00,active,2026-09-29T20:25:00Z,2026-09-26T14:52:17+00:00
KXNFLTD-26SEP27LVNO,KXNFLTD,KXNFLTD-26SEP27LVNO-LVMBENSON19-1,Malik Benson: 1+ touchdowns,0.0500,0.0600,0.0300,10.09,10.09,active,2026-09-29T20:25:00Z,2026-09-26T14:52:17+00:00
KXNFLTD-26SEP27LVNO,KXNFLTD,KXNFLTD-26SEP27LVNO-LVTTUCKER1-2,Tre Tucker: 2+ touchdowns,0.0200,0.0300,0.0400,731.48,731.48,active,2026-09-29T20:25:00Z,2026-09-26T14:52:17+00:00
KXNFLTD-26SEP27LVNO,KXNFLTD,KXNFLTD-26SEP27LVNO-NOAKAMARA41-3,Alvin Kamara: 3+ touchdowns,0.0100,0.0200,0.0000,0.00,0.00,active,2026-09-29T20:25:00Z,2026-09-26T14:52:17+00:00
KXNFLTD-26SEP27LVNO,KXNFLTD,KXNFLTD-26SEP27LVNO-NOCOLAVE12-3,Chris Olave: 3+ touchdowns,0.0100,0.0200,0.0000,0.00,0.00,active,2026-09-29T20:25:00Z,2026-09-26T14:52:17+00:00
KXNFLTD-26SEP27LVNO,KXNFLTD,KXNFLTD-26SEP27LVNO-NOTSHOUGH6-2,Tyler Shough: 2+ touchdowns,0.0200,0.0300,0.0300,3098.33,3088.33,active,2026-09-29T20:25:00Z,2026-09-26T14:52:17+00:00
KXNFLTD-26SEP27LVNO,KXNFLTD,KXNFLTD-26SEP27LVNO-NOKMILLER5-1,Kendre Miller: 1+ touchdowns,0.0600,0.0800,0.0800,212.90,108.45,active,2026-09-29T20:25:00Z,2026-09-26T14:52:17+00:00
KXNFLTD-26SEP27LVNO,KXNFLTD,KXNFLTD-26SEP27LVNO-LVAJEANTY2-1,Ashton Jeanty: 1+ touchdowns,0.4800,0.4900,0.4900,4626.16,4606.80,active,2026-09-29T20:25:00Z,2026-09-26T14:52:17+00:00
KXNFLTD-26SEP27LVNO,KXNFLTD,KXNFLTD-26SEP27LVNO-NOJJOHNSON83-2,Juwan Johnson: 2+ touchdowns,0.0200,0.0300,0.0000,0.00,0.00,active,2026-09-29T20:25:00Z,2026-09-26T14:52:17+00:00
KXNFLTD-26SEP27MINTB,KXNFLTD,KXNFLTD-26SEP27MINTB-MINJADDISON3-1,Jordan Addison: 1+ touchdowns,0.2400,0.2500,0.2500,4432.17,4432.17,active,2026-09-29T20:05:00Z,2026-09-26T14:52:17+00:00
KXNFLTD-26SEP27MINTB,KXNFLTD,KXNFLTD-26SEP27MINTB-TBCGODWIN14-2,Chris Godwin Jr.: 2+ touchdowns,0.0200,0.0300,0.0000,0.00,0.00,active,2026-09-29T20:05:00Z,2026-09-26T14:52:17+00:00
KXNFLTD-26SEP27MINTB,KXNFLTD,KXNFLTD-26SEP27MINTB-MINMPRICE4-1,Myles Price: 1+ touchdowns,0.0300,0.0500,0.0500,1032.69,1027.69,active,2026-09-29T20:05:00Z,2026-09-26T14:52:17+00:00
KXNFLTD-26SEP27MINTB,KXNFLTD,KXNFLTD-26SEP27MINTB-MINDDALLAS31-2,DeeJay Dallas: 2+ touchdowns,0.0000,0.0100,0.0100,312.00,312.00,active,2026-09-29T20:05:00Z,2026-09-26T14:52:17+00:00
KXNFLTD-26SEP27MINTB,KXNFLTD,KXNFLTD-26SEP27MINTB-MINJOLIVER84-1,Josh Oliver: 1+ touchdowns,0.1100,0.1200,0.1200,240.00,235.98,active,2026-09-29T20:05:00Z,2026-09-26T14:52:17+00:00
KXNFLTD-26SEP27MINTB,KXNFLTD,KXNFLTD-26SEP27MINTB-MINAJONES33-3,Aaron Jones Sr.: 3+ touchdowns,0.0200,0.0300,0.0000,0.00,0.00,active,2026-09-29T20:05:00Z,2026-09-26T14:52:17+00:00
KXNFLTD-26SEP27MINTB,KXNFLTD,KXNFLTD-26SEP27MINTB-TBBMAYFIELD6-2,Baker Mayfield: 2+ touchdowns,0.0100,0.0200,0.0200,2441.68,2441.68,active,2026-09-29T20:05:00Z,2026-09-26T14:52:17+00:00
KXNFLTD-26SEP27MINTB,KXNFLTD,KXNFLTD-26SEP27MINTB-TBKJOHNSON19-1,Kameron Johnson: 1+ touchdowns,0.0600,0.0700,0.0700,401.90,401.90,active,2026-09-29T20:05:00Z,2026-09-26T14:52:17+00:00
KXNFLTD-26SEP27MINTB,KXNFLTD,KXNFLTD-26SEP27MINTB-MINJADDISON3-2,Jordan Addison: 2+ touchdowns,0.0300,0.0400,0.0400,1374.46,1374.46,active,2026-09-29T20:05:00Z,2026-09-26T14:52:17+00:00
KXNFLTD-26SEP27MINTB,KXNFLTD,KXNFLTD-26SEP27MINTB-TBCOTTON88-1,Cade Otton: 1+ touchdowns,0.1700,0.1800,0.1800,67.94,63.94,active,2026-09-29T20:05:00Z,2026-09-26T14:52:17+00:00
KXNFLTD-26SEP27MINTB,KXNFLTD,KXNFLTD-26SEP27MINTB-TBTHURST17-1,Ted Hurst III: 1+ touchdowns,0.1600,0.1700,0.1700,352.03,348.03,active,2026-09-29T20:05:00Z,2026-09-26T14:52:17+00:00
KXNFLTD-26SEP27MINTB,KXNFLTD,KXNFLTD-26SEP27MINTB-TBBIRVING7-1,Bucky Irving: 1+ touchdowns,0.3800,0.3900,0.3900,2603.18,2591.48,active,2026-09-29T20:05:00Z,2026-09-26T14:52:17+00:00
KXNFLTD-26SEP27MINTB,KXNFLTD,KXNFLTD-26SEP27MINTB-TBCGODWIN14-1,Chris Godwin Jr.: 1+ touchdowns,0.1900,0.2000,0.2100,522.32,522.32,active,2026-09-29T20:05:00Z,2026-09-26T14:52:17+00:00
KXNFLTD-26SEP27MINTB,KXNFLTD,KXNFLTD-26SEP27MINTB-MINAJONES33-2,Aaron Jones Sr.: 2+ touchdowns,0.1300,0.1400,0.1400,616.55,616.55,active,2026-09-29T20:05:00Z,2026-09-26T14:52:17+00:00
KXNFLTD-26SEP27MINTB,KXNFLTD,KXNFLTD-26SEP27MINTB-MINJADDISON3-3,Jordan Addison: 3+ touchdowns,0.0100,0.0200,0.0200,308.45,308.45,active,2026-09-29T20:05:00Z,2026-09-26T14:52:17+00:00
KXNFLTD-26SEP27MINTB,KXNFLTD,KXNFLTD-26SEP27MINTB-MINMINDST-1,MIN Vikings D/ST: 1+ touchdowns,0.0900,0.1200,0.1200,1446.15,1446.15,active,2026-09-29T20:05:00Z,2026-09-26T14:52:17+00:00
KXNFLTD-26SEP27MINTB,KXNFLTD,KXNFLTD-26SEP27MINTB-TBSTUCKER44-1,Sean Tucker: 1+ touchdowns,0.0700,0.0800,0.0700,92.00,92.00,active,2026-09-29T20:05:00Z,2026-09-26T14:52:17+00:00
KXNFLTD-26SEP27MINTB,KXNFLTD,KXNFLTD-26SEP27MINTB-MINDCLAIBORNE21-1,Demond Claiborne: 1+ touchdowns,0.0500,0.0600,0.0500,326.64,326.64,active,2026-09-29T20:05:00Z,2026-09-26T14:52:17+00:00
KXNFLTD-26SEP27MINTB,KXNFLTD,KXNFLTD-26SEP27MINTB-TBEEGBUKA2-2,Emeka Egbuka: 2+ touchdowns,0.0300,0.0400,0.0400,362.42,362.42,active,2026-09-29T20:05:00Z,2026-09-26T14:52:17+00:00
KXNFLTD-26SEP27MINTB,KXNFLTD,KXNFLTD-26SEP27MINTB-MINAJONES33-1,Aaron Jones Sr.: 1+ touchdowns,0.4600,0.4800,0.4800,816.52,758.56,active,2026-09-29T20:05:00Z,2026-09-26T14:52:17+00:00
KXNFLTD-26SEP27MINTB,KXNFLTD,KXNFLTD-26SEP27MINTB-TBKGAINWELL1-2,Kenny Gainwell: 2+ touchdowns,0.0300,0.0400,0.0400,238.25,238.25,active,2026-09-29T20:05:00Z,2026-09-26T14:52:17+00:00
KXNFLTD-26SEP27MINTB,KXNFLTD,KXNFLTD-26SEP27MINTB-TBBIRVING7-2,Bucky Irving: 2+ touchdowns,0.0700,0.0900,0.0900,552.33,552.33,active,2026-09-29T20:05:00Z,2026-09-26T14:52:17+00:00
KXNFLTD-26SEP27MINTB,KXNFLTD,KXNFLTD-26SEP27MINTB-MINKMURRAY1-2,Kyler Murray: 2+ touchdowns,0.0200,0.0300,0.0300,2285.88,2285.88,active,2026-09-29T20:05:00Z,2026-09-26T14:52:17+00:00
KXNFLTD-26SEP27MINTB,KXNFLTD,KXNFLTD-26SEP27MINTB-MINKMURRAY1-1,Kyler Murray: 1+ touchdowns,0.2000,0.2100,0.2100,5229.44,5229.44,active,2026-09-29T20:05:00Z,2026-09-26T14:52:17+00:00
KXNFLTD-26SEP27MINTB,KXNFLTD,KXNFLTD-26SEP27MINTB-TBTJOHNSON15-1,Tez Johnson: 1+ touchdowns,0.0900,0.1000,0.1000,174.26,174.26,active,2026-09-29T20:05:00Z,2026-09-26T14:52:17+00:00
KXNFLTD-26SEP27MINTB,KXNFLTD,KXNFLTD-26SEP27MINTB-MINJJEFFERSON18-1,Justin Jefferson: 1+ touchdowns,0.3600,0.3700,0.3700,15592.82,15567.61,active,2026-09-29T20:05:00Z,2026-09-26T14:52:17+00:00
KXNFLTD-26SEP27MINTB,KXNFLTD,KXNFLTD-26SEP27MINTB-MINDDALLAS31-1,DeeJay Dallas: 1+ touchdowns,0.0700,0.1100,0.1100,85.57,85.57,active,2026-09-29T20:05:00Z,2026-09-26T14:52:17+00:00
KXNFLTD-26SEP27MINTB,KXNFLTD,KXNFLTD-26SEP27MINTB-TBBMAYFIELD6-1,Baker Mayfield: 1+ touchdowns,0.1100,0.1200,0.1200,5843.06,5803.82,active,2026-09-29T20:05:00Z,2026-09-26T14:52:17+00:00
KXNFLTD-26SEP27MINTB,KXNFLTD,KXNFLTD-26SEP27MINTB-MINJJEFFERSON18-2,Justin Jefferson: 2+ touchdowns,0.0600,0.0700,0.0700,12480.27,12467.27,active,2026-09-29T20:05:00Z,2026-09-26T14:52:17+00:00
KXNFLTD-26SEP27MINTB,KXNFLTD,KXNFLTD-26SEP27MINTB-MINTHOCKENSON87-1,T.J. Hockenson: 1+ touchdowns,0.2000,0.2100,0.2100,1481.73,1481.73,active,2026-09-29T20:05:00Z,2026-09-26T14:52:17+00:00
KXNFLTD-26SEP27MINTB,KXNFLTD,KXNFLTD-26SEP27MINTB-TBEEGBUKA2-1,Emeka Egbuka: 1+ touchdowns,0.2600,0.2700,0.2800,3885.47,3874.47,active,2026-09-29T20:05:00Z,2026-09-26T14:52:17+00:00
KXNFLTD-26SEP27MINTB,KXNFLTD,KXNFLTD-26SEP27MINTB-MINJJENNINGS14-1,Jauan Jennings: 1+ touchdowns,0.1300,0.1500,0.1400,67.37,67.37,active,2026-09-29T20:05:00Z,2026-09-26T14:52:17+00:00
KXNFLTD-26SEP27MINTB,KXNFLTD,KXNFLTD-26SEP27MINTB-MINTHOCKENSON87-2,T.J. Hockenson: 2+ touchdowns,0.0200,0.0300,0.0000,0.00,0.00,active,2026-09-29T20:05:00Z,2026-09-26T14:52:17+00:00
KXNFLTD-26SEP27MINTB,KXNFLTD,KXNFLTD-26SEP27MINTB-TBTBDST-1,TB Buccaneers D/ST: 1+ touchdowns,0.1000,0.1300,0.0000,0.00,0.00,active,2026-09-29T20:05:00Z,2026-09-26T14:52:17+00:00
KXNFLTD-26SEP27MINTB,KXNFLTD,KXNFLTD-26SEP27MINTB-TBCOTTON88-2,Cade Otton: 2+ touchdowns,0.0100,0.0200,0.0000,0.00,0.00,active,2026-09-29T20:05:00Z,2026-09-26T14:52:17+00:00
KXNFLTD-26SEP27MINTB,KXNFLTD,KXNFLTD-26SEP27MINTB-TBEEGBUKA2-3,Emeka Egbuka: 3+ touchdowns,0.0100,0.0200,0.0000,0.00,0.00,active,2026-09-29T20:05:00Z,2026-09-26T14:52:17+00:00
KXNFLTD-26SEP27MINTB,KXNFLTD,KXNFLTD-26SEP27MINTB-MINJOLIVER84-2,Josh Oliver: 2+ touchdowns,0.0100,0.0200,0.0000,0.00,0.00,active,2026-09-29T20:05:00Z,2026-09-26T14:52:17+00:00
KXNFLTD-26SEP27MINTB,KXNFLTD,KXNFLTD-26SEP27MINTB-TBSTUCKER44-2,Sean Tucker: 2+ touchdowns,0.0000,0.0100,0.0100,300.00,300.00,active,2026-09-29T20:05:00Z,2026-09-26T14:52:17+00:00
KXNFLTD-26SEP27MINTB,KXNFLTD,KXNFLTD-26SEP27MINTB-MINJJEFFERSON18-3,Justin Jefferson: 3+ touchdowns,0.0100,0.0200,0.0200,116.97,116.97,active,2026-09-29T20:05:00Z,2026-09-26T14:52:17+00:00
KXNFLTD-26SEP27MINTB,KXNFLTD,KXNFLTD-26SEP27MINTB-MINJJENNINGS14-2,Jauan Jennings: 2+ touchdowns,0.0100,0.0200,0.0000,0.00,0.00,active,2026-09-29T20:05:00Z,2026-09-26T14:52:17+00:00
KXNFLTD-26SEP27MINTB,KXNFLTD,KXNFLTD-26SEP27MINTB-TBJMCMILLAN11-2,Jalen McMillan: 2+ touchdowns,0.0100,0.0200,0.0000,0.00,0.00,active,2026-09-29T20:05:00Z,2026-09-26T14:52:17+00:00
KXNFLTD-26SEP27MINTB,KXNFLTD,KXNFLTD-26SEP27MINTB-TBTHURST17-2,Ted Hurst III: 2+ touchdowns,0.0100,0.0200,0.0000,0.00,0.00,active,2026-09-29T20:05:00Z,2026-09-26T14:52:17+00:00
KXNFLTD-26SEP27MINTB,KXNFLTD,KXNFLTD-26SEP27MINTB-TBBIRVING7-3,Bucky Irving: 3+ touchdowns,0.0100,0.0200,0.0000,0.00,0.00,active,2026-09-29T20:05:00Z,2026-09-26T14:52:17+00:00
KXNFLTD-26SEP27MINTB,KXNFLTD,KXNFLTD-26SEP27MINTB-TBKGAINWELL1-1,Kenny Gainwell: 1+ touchdowns,0.2100,0.2200,0.2200,62.00,62.00,active,2026-09-29T20:05:00Z,2026-09-26T14:52:17+00:00
KXNFLTD-26SEP27MINTB,KXNFLTD,KXNFLTD-26SEP27MINTB-TBJMCMILLAN11-1,Jalen McMillan: 1+ touchdowns,0.1100,0.1200,0.1200,28.00,25.00,active,2026-09-29T20:05:00Z,2026-09-26T14:52:17+00:00
KXNFLTD-26SEP27NEJAC,KXNFLTD,KXNFLTD-26SEP27NEJAC-NETHENDERSON32-3,TreVeyon Henderson: 3+ touchdowns,0.0100,0.0200,0.0200,145.04,145.04,active,2026-09-29T17:00:00Z,2026-09-26T14:52:17+00:00
KXNFLTD-26SEP27NEJAC,KXNFLTD,KXNFLTD-26SEP27NEJAC-JACTLAWRENCE16-2,Trevor Lawrence: 2+ touchdowns,0.0200,0.0300,0.0300,661.14,661.14,active,2026-09-29T17:00:00Z,2026-09-26T14:52:17+00:00
KXNFLTD-26SEP27NEJAC,KXNFLTD,KXNFLTD-26SEP27NEJAC-NECKINER9-1,Corey Kiner: 1+ touchdowns,0.0300,0.0500,0.0400,2047.04,2047.04,active,2026-09-29T17:00:00Z,2026-09-26T14:52:17+00:00
KXNFLTD-26SEP27NEJAC,KXNFLTD,KXNFLTD-26SEP27NEJAC-JACCRODRIGUEZ24-2,Chris Rodriguez Jr.: 2+ touchdowns,0.0300,0.0400,0.0000,0.00,0.00,active,2026-09-29T17:00:00Z,2026-09-26T14:52:17+00:00
KXNFLTD-26SEP27NEJAC,KXNFLTD,KXNFLTD-26SEP27NEJAC-NEHHENRY85-3,Hunter Henry: 3+ touchdowns,0.0000,0.0100,0.0100,864.16,767.41,active,2026-09-29T17:00:00Z,2026-09-26T14:52:17+00:00
KXNFLTD-26SEP27NEJAC,KXNFLTD,KXNFLTD-26SEP27NEJAC-JACJCAMERON19-1,Josh Cameron: 1+ touchdowns,0.0500,0.0600,0.0600,21.72,21.72,active,2026-09-29T17:00:00Z,2026-09-26T14:52:17+00:00
KXNFLTD-26SEP27NEJAC,KXNFLTD,KXNFLTD-26SEP27NEJAC-JACBTUTEN33-2,Bhayshul Tuten: 2+ touchdowns,0.0500,0.0600,0.0700,398.99,398.99,active,2026-09-29T17:00:00Z,2026-09-26T14:52:17+00:00
KXNFLTD-26SEP27NEJAC,KXNFLTD,KXNFLTD-26SEP27NEJAC-NETHENDERSON32-1,TreVeyon Henderson: 1+ touchdowns,0.3100,0.3200,0.3100,3584.47,3583.47,active,2026-09-29T17:00:00Z,2026-09-26T14:52:17+00:00
KXNFLTD-26SEP27NEJAC,KXNFLTD,KXNFLTD-26SEP27NEJAC-NEHHENRY85-1,Hunter Henry: 1+ touchdowns,0.2600,0.2700,0.2700,1173.03,1155.42,active,2026-09-29T17:00:00Z,2026-09-26T14:52:17+00:00
KXNFLTD-26SEP27NEJAC,KXNFLTD,KXNFLTD-26SEP27NEJAC-JACNBOERKIRCHER87-1,Nate Boerkircher: 1+ touchdowns,0.0700,0.0800,0.0800,664.00,664.00,active,2026-09-29T17:00:00Z,2026-09-26T14:52:17+00:00
KXNFLTD-26SEP27NEJAC,KXNFLTD,KXNFLTD-26SEP27NEJAC-JACAABDULLAH20-2,Ameer Abdullah: 2+ touchdowns,0.0000,0.0100,0.0100,300.00,300.00,active,2026-09-29T17:00:00Z,2026-09-26T14:52:17+00:00
KXNFLTD-26SEP27NEJAC,KXNFLTD,KXNFLTD-26SEP27NEJAC-NERSTEVENSON38-3,Rhamondre Stevenson: 3+ touchdowns,0.0100,0.0200,0.0200,20.27,20.27,active,2026-09-29T17:00:00Z,2026-09-26T14:52:17+00:00
KXNFLTD-26SEP27NEJAC,KXNFLTD,KXNFLTD-26SEP27NEJAC-NEDDOUGLAS3-2,DeMario Douglas: 2+ touchdowns,0.0100,0.0200,0.0000,0.00,0.00,active,2026-09-29T17:00:00Z,2026-09-26T14:52:17+00:00
KXNFLTD-26SEP27NEJAC,KXNFLTD,KXNFLTD-26SEP27NEJAC-JACCWILLIAMS18-1,CJ Williams: 1+ touchdowns,0.0500,0.0600,0.0200,1029.53,1029.53,active,2026-09-29T17:00:00Z,2026-09-26T14:52:17+00:00
KXNFLTD-26SEP27NEJAC,KXNFLTD,KXNFLTD-26SEP27NEJAC-NECLATU36-1,Cameron Latu: 1+ touchdowns,0.0300,0.0400,0.0500,776.41,776.41,active,2026-09-29T17:00:00Z,2026-09-26T14:52:17+00:00
KXNFLTD-26SEP27NEJAC,KXNFLTD,KXNFLTD-26SEP27NEJAC-NEMHOLLINS13-1,Mack Hollins: 1+ touchdowns,0.1800,0.1900,0.1900,200.11,200.11,active,2026-09-29T17:00:00Z,2026-09-26T14:52:17+00:00
KXNFLTD-26SEP27NEJAC,KXNFLTD,KXNFLTD-26SEP27NEJAC-JACAABDULLAH20-1,Ameer Abdullah: 1+ touchdowns,0.0600,0.0700,0.0600,253.07,228.07,active,2026-09-29T17:00:00Z,2026-09-26T14:52:17+00:00
KXNFLTD-26SEP27NEJAC,KXNFLTD,KXNFLTD-26SEP27NEJAC-JACTLAWRENCE16-1,Trevor Lawrence: 1+ touchdowns,0.2100,0.2200,0.2200,4315.70,4315.70,active,2026-09-29T17:00:00Z,2026-09-26T14:52:17+00:00
KXNFLTD-26SEP27NEJAC,KXNFLTD,KXNFLTD-26SEP27NEJAC-JACBSTRANGE85-2,Brenton Strange: 2+ touchdowns,0.0200,0.0300,0.0000,0.00,0.00,active,2026-09-29T17:00:00Z,2026-09-26T14:52:17+00:00
KXNFLTD-26SEP27NEJAC,KXNFLTD,KXNFLTD-26SEP27NEJAC-JACJACDST-1,JAC Jaguars D/ST: 1+ touchdowns,0.0200,0.0900,0.1100,191.00,191.00,active,2026-09-29T17:00:00Z,2026-09-26T14:52:17+00:00
KXNFLTD-26SEP27NEJAC,KXNFLTD,KXNFLTD-26SEP27NEJAC-NEMHOLLINS13-2,Mack Hollins: 2+ touchdowns,0.0100,0.0200,0.0200,18.00,18.00,active,2026-09-29T17:00:00Z,2026-09-26T14:52:17+00:00
KXNFLTD-26SEP27NEJAC,KXNFLTD,KXNFLTD-26SEP27NEJAC-JACLALLEN5-1,LeQuint Allen Jr.: 1+ touchdowns,0.0500,0.0600,0.0600,2845.10,2795.10,active,2026-09-29T17:00:00Z,2026-09-26T14:52:17+00:00
KXNFLTD-26SEP27NEJAC,KXNFLTD,KXNFLTD-26SEP27NEJAC-NEDDOUGLAS3-1,DeMario Douglas: 1+ touchdowns,0.1700,0.1800,0.1800,237.14,236.13,active,2026-09-29T17:00:00Z,2026-09-26T14:52:17+00:00
KXNFLTD-26SEP27NEJAC,KXNFLTD,KXNFLTD-26SEP27NEJAC-NERDOUBS87-2,Romeo Doubs: 2+ touchdowns,0.0200,0.0300,0.0200,317.13,317.13,active,2026-09-29T17:00:00Z,2026-09-26T14:52:17+00:00
KXNFLTD-26SEP27NEJAC,KXNFLTD,KXNFLTD-26SEP27NEJAC-JACBSTRANGE85-1,Brenton Strange: 1+ touchdowns,0.2000,0.2200,0.2100,815.90,815.90,active,2026-09-29T17:00:00Z,2026-09-26T14:52:17+00:00
KXNFLTD-26SEP27NEJAC,KXNFLTD,KXNFLTD-26SEP27NEJAC-NENEDST-1,NE Patriots D/ST: 1+ touchdowns,0.0900,0.1100,0.1100,553.44,553.44,active,2026-09-29T17:00:00Z,2026-09-26T14:52:17+00:00
KXNFLTD-26SEP27NEJAC,KXNFLTD,KXNFLTD-26SEP27NEJAC-JACCRODRIGUEZ24-3,Chris Rodriguez Jr.: 3+ touchdowns,0.0000,0.0100,0.0100,544.05,544.05,active,2026-09-29T17:00:00Z,2026-09-26T14:52:17+00:00
KXNFLTD-26SEP27NEJAC,KXNFLTD,KXNFLTD-26SEP27NEJAC-NERSTEVENSON38-2,Rhamondre Stevenson: 2+ touchdowns,0.0700,0.0800,0.0600,676.40,676.40,active,2026-09-29T17:00:00Z,2026-09-26T14:52:17+00:00
KXNFLTD-26SEP27NEJAC,KXNFLTD,KXNFLTD-26SEP27NEJAC-JACPWASHINGTON11-2,Parker Washington: 2+ touchdowns,0.0600,0.0700,0.0700,128.34,128.34,active,2026-09-29T17:00:00Z,2026-09-26T14:52:17+00:00
KXNFLTD-26SEP27NEJAC,KXNFLTD,KXNFLTD-26SEP27NEJAC-NEDMAYE10-1,Drake Maye: 1+ touchdowns,0.2200,0.2300,0.2300,653.87,653.87,active,2026-09-29T17:00:00Z,2026-09-26T14:52:17+00:00
KXNFLTD-26SEP27NEJAC,KXNFLTD,KXNFLTD-26SEP27NEJAC-JACCRODRIGUEZ24-1,Chris Rodriguez Jr.: 1+ touchdowns,0.2300,0.2500,0.2400,151.93,151.93,active,2026-09-29T17:00:00Z,2026-09-26T14:52:17+00:00
KXNFLTD-26SEP27NEJAC,KXNFLTD,KXNFLTD-26SEP27NEJAC-JACBTHOMAS7-1,Brian Thomas Jr.: 1+ touchdowns,0.2000,0.2100,0.2100,8210.16,8210.16,active,2026-09-29T17:00:00Z,2026-09-26T14:52:17+00:00
KXNFLTD-26SEP27NEJAC,KXNFLTD,KXNFLTD-26SEP27NEJAC-JACPWASHINGTON11-3,Parker Washington: 3+ touchdowns,0.0100,0.0200,0.0000,0.00,0.00,active,2026-09-29T17:00:00Z,2026-09-26T14:52:17+00:00
KXNFLTD-26SEP27NEJAC,KXNFLTD,KXNFLTD-26SEP27NEJAC-JACBTUTEN33-1,Bhayshul Tuten: 1+ touchdowns,0.3600,0.3700,0.3700,3054.33,3041.98,active,2026-09-29T17:00:00Z,2026-09-26T14:52:17+00:00
KXNFLTD-26SEP27NEJAC,KXNFLTD,KXNFLTD-26SEP27NEJAC-JACPWASHINGTON11-1,Parker Washington: 1+ touchdowns,0.3300,0.3400,0.3300,8275.82,7794.53,active,2026-09-29T17:00:00Z,2026-09-26T14:52:17+00:00
KXNFLTD-26SEP27NEJAC,KXNFLTD,KXNFLTD-26SEP27NEJAC-NERSTEVENSON38-1,Rhamondre Stevenson: 1+ touchdowns,0.3400,0.3500,0.3500,877.67,877.67,active,2026-09-29T17:00:00Z,2026-09-26T14:52:17+00:00
KXNFLTD-26SEP27NEJAC,KXNFLTD,KXNFLTD-26SEP27NEJAC-NERDOUBS87-1,Romeo Doubs: 1+ touchdowns,0.2300,0.2400,0.2400,34757.27,34757.27,active,2026-09-29T17:00:00Z,2026-09-26T14:52:17+00:00
KXNFLTD-26SEP27NEJAC,KXNFLTD,KXNFLTD-26SEP27NEJAC-JACNBOERKIRCHER87-2,Nate Boerkircher: 2+ touchdowns,0.0000,0.0100,0.0100,565.00,565.00,active,2026-09-29T17:00:00Z,2026-09-26T14:52:17+00:00
KXNFLTD-26SEP27NEJAC,KXNFLTD,KXNFLTD-26SEP27NEJAC-JACJMEYERS3-2,Jakobi Meyers: 2+ touchdowns,0.0300,0.0400,0.0000,0.00,0.00,active,2026-09-29T17:00:00Z,2026-09-26T14:52:17+00:00
KXNFLTD-26SEP27NEJAC,KXNFLTD,KXNFLTD-26SEP27NEJAC-JACBTUTEN33-3,Bhayshul Tuten: 3+ touchdowns,0.0100,0.0200,0.0200,43.00,43.00,active,2026-09-29T17:00:00Z,2026-09-26T14:52:17+00:00
KXNFLTD-26SEP27NEJAC,KXNFLTD,KXNFLTD-26SEP27NEJAC-NETHENDERSON32-2,TreVeyon Henderson: 2+ touchdowns,0.0500,0.0600,0.0700,149.45,149.45,active,2026-09-29T17:00:00Z,2026-09-26T14:52:17+00:00
KXNFLTD-26SEP27NEJAC,KXNFLTD,KXNFLTD-26SEP27NEJAC-NEHHENRY85-2,Hunter Henry: 2+ touchdowns,0.0300,0.0400,0.0400,554.46,554.46,active,2026-09-29T17:00:00Z,2026-09-26T14:52:17+00:00
KXNFLTD-26SEP27NEJAC,KXNFLTD,KXNFLTD-26SEP27NEJAC-JACTHUNTER12-1,Travis Hunter: 1+ touchdowns,0.0600,0.0700,0.0700,8188.54,7900.54,active,2026-09-29T17:00:00Z,2026-09-26T14:52:17+00:00
KXNFLTD-26SEP27NEJAC,KXNFLTD,KXNFLTD-26SEP27NEJAC-NEKWILLIAMS18-1,Kyle Williams: 1+ touchdowns,0.0700,0.0800,0.0700,190.86,180.96,active,2026-09-29T17:00:00Z,2026-09-26T14:52:17+00:00
KXNFLTD-26SEP27NEJAC,KXNFLTD,KXNFLTD-26SEP27NEJAC-JACJMEYERS3-1,Jakobi Meyers: 1+ touchdowns,0.2400,0.2500,0.2500,706.70,706.70,active,2026-09-29T17:00:00Z,2026-09-26T14:52:17+00:00
KXNFLTD-26SEP27NEJAC,KXNFLTD,KXNFLTD-26SEP27NEJAC-NEDMAYE10-2,Drake Maye: 2+ touchdowns,0.0300,0.0400,0.0400,994.38,994.38,active,2026-09-29T17:00:00Z,2026-09-26T14:52:17+00:00
KXNFLTD-26SEP27NEJAC,KXNFLTD,KXNFLTD-26SEP27NEJAC-NECLATU36-2,Cameron Latu: 2+ touchdowns,0.0100,0.0200,0.0200,50.00,50.00,active,2026-09-29T17:00:00Z,2026-09-26T14:52:17+00:00
KXNFLTD-26SEP27NEJAC,KXNFLTD,KXNFLTD-26SEP27NEJAC-NEECHISM86-1,Efton Chism III: 1+ touchdowns,0.0500,0.0600,0.0600,473.12,473.12,active,2026-09-29T17:00:00Z,2026-09-26T14:52:17+00:00
KXNFLTD-26SEP27NEJAC,KXNFLTD,KXNFLTD-26SEP27NEJAC-JACBTHOMAS7-2,Brian Thomas Jr.: 2+ touchdowns,0.0200,0.0300,0.0400,6.09,6.09,active,2026-09-29T17:00:00Z,2026-09-26T14:52:17+00:00
KXNFLTD-26SEP27NYJDET,KXNFLTD,KXNFLTD-26SEP27NYJDET-DETASTBROWN14-1,Amon-Ra St. Brown: 1+ touchdowns,0.5000,0.5100,0.5100,8296.68,8296.68,active,2026-09-29T17:00:00Z,2026-09-26T14:52:17+00:00
KXNFLTD-26SEP27NYJDET,KXNFLTD,KXNFLTD-26SEP27NYJDET-NYJIWILLIAMS18-2,Isaiah Williams: 2+ touchdowns,0.0100,0.0200,0.0300,1617.28,1617.28,active,2026-09-29T17:00:00Z,2026-09-26T14:52:17+00:00
KXNFLTD-26SEP27NYJDET,KXNFLTD,KXNFLTD-26SEP27NYJDET-NYJAMITCHELL15-1,Adonai Mitchell: 1+ touchdowns,0.2200,0.2300,0.2300,2166.17,2083.67,active,2026-09-29T17:00:00Z,2026-09-26T14:52:17+00:00
KXNFLTD-26SEP27NYJDET,KXNFLTD,KXNFLTD-26SEP27NYJDET-NYJBALLEN0-2,Braelon Allen: 2+ touchdowns,0.0200,0.0300,0.0200,5030.61,5030.61,active,2026-09-29T17:00:00Z,2026-09-26T14:52:17+00:00
KXNFLTD-26SEP27NYJDET,KXNFLTD,KXNFLTD-26SEP27NYJDET-DETITESLAA18-1,Isaac TeSlaa: 1+ touchdowns,0.1600,0.1700,0.1600,2743.66,2742.66,active,2026-09-29T17:00:00Z,2026-09-26T14:52:17+00:00
KXNFLTD-26SEP27NYJDET,KXNFLTD,KXNFLTD-26SEP27NYJDET-NYJBALLEN0-1,Braelon Allen: 1+ touchdowns,0.2000,0.2100,0.2000,3793.47,3793.47,active,2026-09-29T17:00:00Z,2026-09-26T14:52:17+00:00
KXNFLTD-26SEP27NYJDET,KXNFLTD,KXNFLTD-26SEP27NYJDET-DETJGOFF16-1,Jared Goff: 1+ touchdowns,0.0400,0.0500,0.0500,4219.40,4215.40,active,2026-09-29T17:00:00Z,2026-09-26T14:52:17+00:00
KXNFLTD-26SEP27NYJDET,KXNFLTD,KXNFLTD-26SEP27NYJDET-NYJGWILSON5-2,Garrett Wilson: 2+ touchdowns,0.0400,0.0500,0.0600,408.53,403.54,active,2026-09-29T17:00:00Z,2026-09-26T14:52:17+00:00
KXNFLTD-26SEP27NYJDET,KXNFLTD,KXNFLTD-26SEP27NYJDET-DETSVAKI33-2,Sione Vaki: 2+ touchdowns,0.0100,0.0200,0.0000,0.00,0.00,active,2026-09-29T17:00:00Z,2026-09-26T14:52:17+00:00
KXNFLTD-26SEP27NYJDET,KXNFLTD,KXNFLTD-26SEP27NYJDET-NYJKSADIQ16-2,Kenyon Sadiq: 2+ touchdowns,0.0100,0.0200,0.0200,9100.66,9100.66,active,2026-09-29T17:00:00Z,2026-09-26T14:52:17+00:00
KXNFLTD-26SEP27NYJDET,KXNFLTD,KXNFLTD-26SEP27NYJDET-DETBWRIGHT89-1,Brock Wright: 1+ touchdowns,0.0500,0.0600,0.0500,374.33,363.88,active,2026-09-29T17:00:00Z,2026-09-26T14:52:17+00:00
KXNFLTD-26SEP27NYJDET,KXNFLTD,KXNFLTD-26SEP27NYJDET-DETDETDST-1,DET Lions D/ST: 1+ touchdowns,0.1100,0.1300,0.1100,99.19,70.00,active,2026-09-29T17:00:00Z,2026-09-26T14:52:17+00:00
KXNFLTD-26SEP27NYJDET,KXNFLTD,KXNFLTD-26SEP27NYJDET-NYJGWILSON5-3,Garrett Wilson: 3+ touchdowns,0.0000,0.0100,0.0100,323.37,323.37,active,2026-09-29T17:00:00Z,2026-09-26T14:52:17+00:00
KXNFLTD-26SEP27NYJDET,KXNFLTD,KXNFLTD-26SEP27NYJDET-DETBWRIGHT89-2,Brock Wright: 2+ touchdowns,0.0100,0.0200,0.0200,99.00,99.00,active,2026-09-29T17:00:00Z,2026-09-26T14:52:17+00:00
KXNFLTD-26SEP27NYJDET,KXNFLTD,KXNFLTD-26SEP27NYJDET-NYJAMITCHELL15-2,Adonai Mitchell: 2+ touchdowns,0.0200,0.0300,0.0300,1126.80,1126.80,active,2026-09-29T17:00:00Z,2026-09-26T14:52:17+00:00
KXNFLTD-26SEP27NYJDET,KXNFLTD,KXNFLTD-26SEP27NYJDET-NYJGWILSON5-1,Garrett Wilson: 1+ touchdowns,0.3200,0.3300,0.3300,10334.03,10334.03,active,2026-09-29T17:00:00Z,2026-09-26T14:52:17+00:00
KXNFLTD-26SEP27NYJDET,KXNFLTD,KXNFLTD-26SEP27NYJDET-NYJKSADIQ16-1,Kenyon Sadiq: 1+ touchdowns,0.1800,0.1900,0.1900,17919.82,17919.82,active,2026-09-29T17:00:00Z,2026-09-26T14:52:17+00:00
KXNFLTD-26SEP27NYJDET,KXNFLTD,KXNFLTD-26SEP27NYJDET-NYJJRUCKERT89-2,Jeremy Ruckert: 2+ touchdowns,0.0000,0.0100,0.0100,550.00,550.00,active,2026-09-29T17:00:00Z,2026-09-26T14:52:17+00:00
KXNFLTD-26SEP27NYJDET,KXNFLTD,KXNFLTD-26SEP27NYJDET-DETSLAPORTA87-1,Sam LaPorta: 1+ touchdowns,0.3100,0.3200,0.3200,4184.12,4183.11,active,2026-09-29T17:00:00Z,2026-09-26T14:52:17+00:00
KXNFLTD-26SEP27NYJDET,KXNFLTD,KXNFLTD-26SEP27NYJDET-DETJGIBBS0-2,Jahmyr Gibbs: 2+ touchdowns,0.3200,0.3300,0.3400,4425.45,4250.99,active,2026-09-29T17:00:00Z,2026-09-26T14:52:17+00:00
KXNFLTD-26SEP27NYJDET,KXNFLTD,KXNFLTD-26SEP27NYJDET-DETJWILLIAMS1-2,Jameson Williams: 2+ touchdowns,0.0500,0.0600,0.0600,974.30,974.30,active,2026-09-29T17:00:00Z,2026-09-26T14:52:17+00:00
KXNFLTD-26SEP27NYJDET,KXNFLTD,KXNFLTD-26SEP27NYJDET-NYJBHALL20-1,Breece Hall: 1+ touchdowns,0.4300,0.4400,0.4400,7044.86,7044.86,active,2026-09-29T17:00:00Z,2026-09-26T14:52:17+00:00
KXNFLTD-26SEP27NYJDET,KXNFLTD,KXNFLTD-26SEP27NYJDET-DETASTBROWN14-2,Amon-Ra St. Brown: 2+ touchdowns,0.1300,0.1400,0.1400,5645.49,5643.49,active,2026-09-29T17:00:00Z,2026-09-26T14:52:17+00:00
KXNFLTD-26SEP27NYJDET,KXNFLTD,KXNFLTD-26SEP27NYJDET-DETSVAKI33-1,Sione Vaki: 1+ touchdowns,0.1000,0.1100,0.1000,1160.69,1160.49,active,2026-09-29T17:00:00Z,2026-09-26T14:52:17+00:00
KXNFLTD-26SEP27NYJDET,KXNFLTD,KXNFLTD-26SEP27NYJDET-NYJGSMITH7-2,Geno Smith: 2+ touchdowns,0.0000,0.0100,0.0200,628.60,628.60,active,2026-09-29T17:00:00Z,2026-09-26T14:52:17+00:00
KXNFLTD-26SEP27NYJDET,KXNFLTD,KXNFLTD-26SEP27NYJDET-DETJGIBBS0-1,Jahmyr Gibbs: 1+ touchdowns,0.7100,0.7200,0.7200,7661.01,7504.74,active,2026-09-29T17:00:00Z,2026-09-26T14:52:17+00:00
KXNFLTD-26SEP27NYJDET,KXNFLTD,KXNFLTD-26SEP27NYJDET-DETJWILLIAMS1-1,Jameson Williams: 1+ touchdowns,0.3300,0.3400,0.3400,2857.27,2853.26,active,2026-09-29T17:00:00Z,2026-09-26T14:52:17+00:00
KXNFLTD-26SEP27NYJDET,KXNFLTD,KXNFLTD-26SEP27NYJDET-DETJGIBBS0-3,Jahmyr Gibbs: 3+ touchdowns,0.0900,0.1200,0.1200,5632.63,5351.65,active,2026-09-29T17:00:00Z,2026-09-26T14:52:17+00:00
KXNFLTD-26SEP27NYJDET,KXNFLTD,KXNFLTD-26SEP27NYJDET-NYJIWILLIAMS18-1,Isaiah Williams: 1+ touchdowns,0.1200,0.1300,0.1300,6062.22,6062.05,active,2026-09-29T17:00:00Z,2026-09-26T14:52:17+00:00
KXNFLTD-26SEP27NYJDET,KXNFLTD,KXNFLTD-26SEP27NYJDET-NYJGSMITH7-1,Geno Smith: 1+ touchdowns,0.0900,0.1000,0.1000,5214.04,5214.04,active,2026-09-29T17:00:00Z,2026-09-26T14:52:17+00:00
KXNFLTD-26SEP27NYJDET,KXNFLTD,KXNFLTD-26SEP27NYJDET-DETJWILLIAMS1-3,Jameson Williams: 3+ touchdowns,0.0100,0.0200,0.0000,0.00,0.00,active,2026-09-29T17:00:00Z,2026-09-26T14:52:17+00:00
KXNFLTD-26SEP27NYJDET,KXNFLTD,KXNFLTD-26SEP27NYJDET-DETSLAPORTA87-2,Sam LaPorta: 2+ touchdowns,0.0400,0.0600,0.0600,601.72,601.72,active,2026-09-29T17:00:00Z,2026-09-26T14:52:17+00:00
KXNFLTD-26SEP27NYJDET,KXNFLTD,KXNFLTD-26SEP27NYJDET-NYJBHALL20-2,Breece Hall: 2+ touchdowns,0.1000,0.1100,0.1100,7388.15,7318.93,active,2026-09-29T17:00:00Z,2026-09-26T14:52:17+00:00
KXNFLTD-26SEP27NYJDET,KXNFLTD,KXNFLTD-26SEP27NYJDET-NYJJWOODS86-1,Jelani Woods: 1+ touchdowns,0.0500,0.0700,0.0600,390.94,390.94,active,2026-09-29T17:00:00Z,2026-09-26T14:52:17+00:00
KXNFLTD-26SEP27NYJDET,KXNFLTD,KXNFLTD-26SEP27NYJDET-DETSLAPORTA87-3,Sam LaPorta: 3+ touchdowns,0.0000,0.0100,0.0100,804.67,804.67,active,2026-09-29T17:00:00Z,2026-09-26T14:52:17+00:00
KXNFLTD-26SEP27NYJDET,KXNFLTD,KXNFLTD-26SEP27NYJDET-NYJBHALL20-3,Breece Hall: 3+ touchdowns,0.0100,0.0200,0.0200,75.00,75.00,active,2026-09-29T17:00:00Z,2026-09-26T14:52:17+00:00
KXNFLTD-26SEP27NYJDET,KXNFLTD,KXNFLTD-26SEP27NYJDET-DETITESLAA18-2,Isaac TeSlaa: 2+ touchdowns,0.0100,0.0200,0.0200,347.00,347.00,active,2026-09-29T17:00:00Z,2026-09-26T14:52:17+00:00
KXNFLTD-26SEP27NYJDET,KXNFLTD,KXNFLTD-26SEP27NYJDET-DETASTBROWN14-3,Amon-Ra St. Brown: 3+ touchdowns,0.0100,0.0200,0.0200,763.06,763.06,active,2026-09-29T17:00:00Z,2026-09-26T14:52:17+00:00
KXNFLTD-26SEP27NYJDET,KXNFLTD,KXNFLTD-26SEP27NYJDET-NYJJRUCKERT89-1,Jeremy Ruckert: 1+ touchdowns,0.0800,0.1000,0.1000,47.03,47.03,active,2026-09-29T17:00:00Z,2026-09-26T14:52:17+00:00
KXNFLTD-26SEP27NYJDET,KXNFLTD,KXNFLTD-26SEP27NYJDET-NYJNYJDST-1,NY Jets D/ST: 1+ touchdowns,0.0800,0.1100,0.1100,42.78,42.78,active,2026-09-29T17:00:00Z,2026-09-26T14:52:17+00:00
KXNFLTD-26SEP27SEAWAS,KXNFLTD,KXNFLTD-26SEP27SEAWAS-SEAABARNER88-1,AJ Barner: 1+ touchdowns,0.2200,0.2300,0.2300,4359.82,4357.82,active,2026-09-29T17:00:00Z,2026-09-26T14:52:17+00:00
KXNFLTD-26SEP27SEAWAS,KXNFLTD,KXNFLTD-26SEP27SEAWAS-SEATHORTON15-1,Tory Horton: 1+ touchdowns,0.0800,0.0900,0.0900,2952.64,2952.64,active,2026-09-29T17:00:00Z,2026-09-26T14:52:17+00:00
KXNFLTD-26SEP27SEAWAS,KXNFLTD,KXNFLTD-26SEP27SEAWAS-SEAESAUBERT81-1,Eric Saubert: 1+ touchdowns,0.0500,0.0600,0.0000,0.00,0.00,active,2026-09-29T17:00:00Z,2026-09-26T14:52:17+00:00
KXNFLTD-26SEP27SEAWAS,KXNFLTD,KXNFLTD-26SEP27SEAWAS-WASRWHITE1-2,Rachaad White: 2+ touchdowns,0.0100,0.0200,0.0200,40.00,40.00,active,2026-09-29T17:00:00Z,2026-09-26T14:52:17+00:00
KXNFLTD-26SEP27SEAWAS,KXNFLTD,KXNFLTD-26SEP27SEAWAS-WASDBROWN6-1,Dyami Brown: 1+ touchdowns,0.0800,0.0900,0.1000,120.40,120.40,active,2026-09-29T17:00:00Z,2026-09-26T14:52:17+00:00
KXNFLTD-26SEP27SEAWAS,KXNFLTD,KXNFLTD-26SEP27SEAWAS-WASJBATES87-1,John Bates: 1+ touchdowns,0.0500,0.0600,0.0600,41.00,41.00,active,2026-09-29T17:00:00Z,2026-09-26T14:52:17+00:00
KXNFLTD-26SEP27SEAWAS,KXNFLTD,KXNFLTD-26SEP27SEAWAS-WASKALLEN31-1,Kaytron Allen: 1+ touchdowns,0.0600,0.0700,0.0600,155.11,155.11,active,2026-09-29T17:00:00Z,2026-09-26T14:52:17+00:00
KXNFLTD-26SEP27SEAWAS,KXNFLTD,KXNFLTD-26SEP27SEAWAS-SEAEARROYO18-1,Elijah Arroyo: 1+ touchdowns,0.1000,0.1100,0.1100,2304.51,2304.51,active,2026-09-29T17:00:00Z,2026-09-26T14:52:17+00:00
KXNFLTD-26SEP27SEAWAS,KXNFLTD,KXNFLTD-26SEP27SEAWAS-WASMMARIOTA8-1,Marcus Mariota: 1+ touchdowns,0.1100,0.1200,0.1200,1820.73,1820.73,active,2026-09-29T17:00:00Z,2026-09-26T14:52:17+00:00
KXNFLTD-26SEP27SEAWAS,KXNFLTD,KXNFLTD-26SEP27SEAWAS-WASTMCLAURIN17-2,Terry McLaurin: 2+ touchdowns,0.0200,0.0300,0.0300,114.02,114.02,active,2026-09-29T17:00:00Z,2026-09-26T14:52:17+00:00
KXNFLTD-26SEP27SEAWAS,KXNFLTD,KXNFLTD-26SEP27SEAWAS-SEAJSMITHNJIGBA11-3,Jaxon Smith-Njigba: 3+ touchdowns,0.0100,0.0200,0.0200,52077.85,51224.01,active,2026-09-29T17:00:00Z,2026-09-26T14:52:17+00:00
KXNFLTD-26SEP27SEAWAS,KXNFLTD,KXNFLTD-26SEP27SEAWAS-WASSDIGGS3-2,Stefon Diggs: 2+ touchdowns,0.0100,0.0200,0.0200,10268.92,10268.92,active,2026-09-29T17:00:00Z,2026-09-26T14:52:17+00:00
KXNFLTD-26SEP27SEAWAS,KXNFLTD,KXNFLTD-26SEP27SEAWAS-SEARSHAHEED22-1,Rashid Shaheed: 1+ touchdowns,0.1900,0.2100,0.2100,2166.94,1536.20,active,2026-09-29T17:00:00Z,2026-09-26T14:52:17+00:00
KXNFLTD-26SEP27SEAWAS,KXNFLTD,KXNFLTD-26SEP27SEAWAS-SEACKUPP10-1,Cooper Kupp: 1+ touchdowns,0.1600,0.1700,0.1700,3533.25,3522.25,active,2026-09-29T17:00:00Z,2026-09-26T14:52:17+00:00
KXNFLTD-26SEP27SEAWAS,KXNFLTD,KXNFLTD-26SEP27SEAWAS-SEAEARROYO18-2,Elijah Arroyo: 2+ touchdowns,0.0000,0.0100,0.0100,543.00,543.00,active,2026-09-29T17:00:00Z,2026-09-26T14:52:17+00:00
KXNFLTD-26SEP27SEAWAS,KXNFLTD,KXNFLTD-26SEP27SEAWAS-SEAJPRICE8-2,Jadarian Price: 2+ touchdowns,0.0500,0.0600,0.0800,1784.96,1784.96,active,2026-09-29T17:00:00Z,2026-09-26T14:52:17+00:00
KXNFLTD-26SEP27SEAWAS,KXNFLTD,KXNFLTD-26SEP27SEAWAS-SEAEWILSON23-1,Emanuel Wilson: 1+ touchdowns,0.2600,0.2700,0.2700,2055.34,2055.34,active,2026-09-29T17:00:00Z,2026-09-26T14:52:17+00:00
KXNFLTD-26SEP27SEAWAS,KXNFLTD,KXNFLTD-26SEP27SEAWAS-WASWASDST-1,WAS Commanders D/ST: 1+ touchdowns,0.0700,0.1100,0.1200,1029.00,1029.00,active,2026-09-29T17:00:00Z,2026-09-26T14:52:17+00:00
KXNFLTD-26SEP27SEAWAS,KXNFLTD,KXNFLTD-26SEP27SEAWAS-SEAGHOLANI36-1,George Holani: 1+ touchdowns,0.1600,0.1800,0.1700,312.59,312.59,active,2026-09-29T17:00:00Z,2026-09-26T14:52:17+00:00
KXNFLTD-26SEP27SEAWAS,KXNFLTD,KXNFLTD-26SEP27SEAWAS-SEAEWILSON23-2,Emanuel Wilson: 2+ touchdowns,0.0300,0.0500,0.0500,2444.53,2444.53,active,2026-09-29T17:00:00Z,2026-09-26T14:52:17+00:00
KXNFLTD-26SEP27SEAWAS,KXNFLTD,KXNFLTD-26SEP27SEAWAS-SEASDARNOLD14-1,Sam Darnold: 1+ touchdowns,0.0800,0.0900,0.0800,1248.92,1095.49,active,2026-09-29T17:00:00Z,2026-09-26T14:52:17+00:00
KXNFLTD-26SEP27SEAWAS,KXNFLTD,KXNFLTD-26SEP27SEAWAS-WASBSINNOTT82-2,Ben Sinnott: 2+ touchdowns,0.0000,0.0100,0.0100,300.00,300.00,active,2026-09-29T17:00:00Z,2026-09-26T14:52:17+00:00
KXNFLTD-26SEP27SEAWAS,KXNFLTD,KXNFLTD-26SEP27SEAWAS-WASKALLEN31-2,Kaytron Allen: 2+ touchdowns,0.0000,0.0100,0.0100,300.00,300.00,active,2026-09-29T17:00:00Z,2026-09-26T14:52:17+00:00
KXNFLTD-26SEP27SEAWAS,KXNFLTD,KXNFLTD-26SEP27SEAWAS-WASDBROWN6-2,Dyami Brown: 2+ touchdowns,0.0000,0.0100,0.0100,346.00,346.00,active,2026-09-29T17:00:00Z,2026-09-26T14:52:17+00:00
KXNFLTD-26SEP27SEAWAS,KXNFLTD,KXNFLTD-26SEP27SEAWAS-SEATHORTON15-2,Tory Horton: 2+ touchdowns,0.0000,0.0100,0.0100,348.00,348.00,active,2026-09-29T17:00:00Z,2026-09-26T14:52:17+00:00
KXNFLTD-26SEP27SEAWAS,KXNFLTD,KXNFLTD-26SEP27SEAWAS-SEAJSMITHNJIGBA11-1,Jaxon Smith-Njigba: 1+ touchdowns,0.4700,0.4800,0.4800,42144.24,41975.23,active,2026-09-29T17:00:00Z,2026-09-26T14:52:17+00:00
KXNFLTD-26SEP27SEAWAS,KXNFLTD,KXNFLTD-26SEP27SEAWAS-SEAEWILSON23-3,Emanuel Wilson: 3+ touchdowns,0.0000,0.0100,0.0100,300.00,300.00,active,2026-09-29T17:00:00Z,2026-09-26T14:52:17+00:00
KXNFLTD-26SEP27SEAWAS,KXNFLTD,KXNFLTD-26SEP27SEAWAS-SEAJSMITHNJIGBA11-2,Jaxon Smith-Njigba: 2+ touchdowns,0.1100,0.1200,0.1200,62818.92,61131.63,active,2026-09-29T17:00:00Z,2026-09-26T14:52:17+00:00
KXNFLTD-26SEP27SEAWAS,KXNFLTD,KXNFLTD-26SEP27SEAWAS-SEAJPRICE8-3,Jadarian Price: 3+ touchdowns,0.0100,0.0200,0.0000,0.00,0.00,active,2026-09-29T17:00:00Z,2026-09-26T14:52:17+00:00
KXNFLTD-26SEP27SEAWAS,KXNFLTD,KXNFLTD-26SEP27SEAWAS-WASBSINNOTT82-1,Ben Sinnott: 1+ touchdowns,0.0900,0.1000,0.1000,4930.04,4930.04,active,2026-09-29T17:00:00Z,2026-09-26T14:52:17+00:00
KXNFLTD-26SEP27SEAWAS,KXNFLTD,KXNFLTD-26SEP27SEAWAS-SEASEADST-1,SEA Seahawks D/ST: 1+ touchdowns,0.1200,0.1300,0.1300,7147.35,7019.53,active,2026-09-29T17:00:00Z,2026-09-26T14:52:17+00:00
KXNFLTD-26SEP27SEAWAS,KXNFLTD,KXNFLTD-26SEP27SEAWAS-WASAWILLIAMS14-2,Antonio Williams: 2+ touchdowns,0.0000,0.0100,0.0100,300.00,300.00,active,2026-09-29T17:00:00Z,2026-09-26T14:52:17+00:00
KXNFLTD-26SEP27SEAWAS,KXNFLTD,KXNFLTD-26SEP27SEAWAS-WASMMARIOTA8-2,Marcus Mariota: 2+ touchdowns,0.0000,0.0100,0.0100,602.67,602.67,active,2026-09-29T17:00:00Z,2026-09-26T14:52:17+00:00
KXNFLTD-26SEP27SEAWAS,KXNFLTD,KXNFLTD-26SEP27SEAWAS-SEACKUPP10-2,Cooper Kupp: 2+ touchdowns,0.0100,0.0200,0.0200,178.65,178.65,active,2026-09-29T17:00:00Z,2026-09-26T14:52:17+00:00
KXNFLTD-26SEP27SEAWAS,KXNFLTD,KXNFLTD-26SEP27SEAWAS-SEASDARNOLD14-2,Sam Darnold: 2+ touchdowns,0.0000,0.0100,0.0100,906.00,906.00,active,2026-09-29T17:00:00Z,2026-09-26T14:52:17+00:00
KXNFLTD-26SEP27SEAWAS,KXNFLTD,KXNFLTD-26SEP27SEAWAS-SEARSHAHEED22-2,Rashid Shaheed: 2+ touchdowns,0.0200,0.0300,0.0400,271.00,271.00,active,2026-09-29T17:00:00Z,2026-09-26T14:52:17+00:00
KXNFLTD-26SEP27SEAWAS,KXNFLTD,KXNFLTD-26SEP27SEAWAS-WASJCROSKEYMERRITT22-3,Jacory Croskey-Merritt: 3+ touchdowns,0.0000,0.0100,0.0100,300.00,300.00,active,2026-09-29T17:00:00Z,2026-09-26T14:52:17+00:00
KXNFLTD-26SEP27SEAWAS,KXNFLTD,KXNFLTD-26SEP27SEAWAS-SEAGHOLANI36-2,George Holani: 2+ touchdowns,0.0200,0.0300,0.0300,18.00,18.00,active,2026-09-29T17:00:00Z,2026-09-26T14:52:17+00:00
KXNFLTD-26SEP27SEAWAS,KXNFLTD,KXNFLTD-26SEP27SEAWAS-WASJCROSKEYMERRITT22-2,Jacory Croskey-Merritt: 2+ touchdowns,0.0300,0.0400,0.0500,236.61,236.61,active,2026-09-29T17:00:00Z,2026-09-26T14:52:17+00:00
KXNFLTD-26SEP27SEAWAS,KXNFLTD,KXNFLTD-26SEP27SEAWAS-WASSDIGGS3-1,Stefon Diggs: 1+ touchdowns,0.1900,0.2000,0.2000,8334.24,8316.10,active,2026-09-29T17:00:00Z,2026-09-26T14:52:17+00:00
KXNFLTD-26SEP27SEAWAS,KXNFLTD,KXNFLTD-26SEP27SEAWAS-SEAGHOLANI36-3,George Holani: 3+ touchdowns,0.0000,0.0100,0.0100,300.00,300.00,active,2026-09-29T17:00:00Z,2026-09-26T14:52:17+00:00
KXNFLTD-26SEP27SEAWAS,KXNFLTD,KXNFLTD-26SEP27SEAWAS-WASJCROSKEYMERRITT22-1,Jacory Croskey-Merritt: 1+ touchdowns,0.2600,0.2700,0.2700,352.44,352.44,active,2026-09-29T17:00:00Z,2026-09-26T14:52:17+00:00
KXNFLTD-26SEP27SEAWAS,KXNFLTD,KXNFLTD-26SEP27SEAWAS-WASTMCLAURIN17-1,Terry McLaurin: 1+ touchdowns,0.2000,0.2100,0.2100,8106.64,7917.25,active,2026-09-29T17:00:00Z,2026-09-26T14:52:17+00:00
KXNFLTD-26SEP27SEAWAS,KXNFLTD,KXNFLTD-26SEP27SEAWAS-SEAJPRICE8-1,Jadarian Price: 1+ touchdowns,0.3500,0.3600,0.3600,2614.79,2601.48,active,2026-09-29T17:00:00Z,2026-09-26T14:52:17+00:00
KXNFLTD-26SEP27SEAWAS,KXNFLTD,KXNFLTD-26SEP27SEAWAS-SEAABARNER88-2,AJ Barner: 2+ touchdowns,0.0200,0.0300,0.0300,12159.55,12159.55,active,2026-09-29T17:00:00Z,2026-09-26T14:52:17+00:00
KXNFLTD-26SEP27SEAWAS,KXNFLTD,KXNFLTD-26SEP27SEAWAS-WASAWILLIAMS14-1,Antonio Williams: 1+ touchdowns,0.1000,0.1100,0.1000,392.68,392.68,active,2026-09-29T17:00:00Z,2026-09-26T14:52:17+00:00
KXNFLTD-26SEP27SEAWAS,KXNFLTD,KXNFLTD-26SEP27SEAWAS-WASRWHITE1-1,Rachaad White: 1+ touchdowns,0.1900,0.2100,0.2100,437.31,437.31,active,2026-09-29T17:00:00Z,2026-09-26T14:52:17+00:00
KXNFLTD-26SEP27TENNYG,KXNFLTD,KXNFLTD-26SEP27TENNYG-TENEAYOMANOR5-1,Elic Ayomanor: 1+ touchdowns,0.1200,0.1300,0.1300,3627.17,3627.17,active,2026-09-29T17:00:00Z,2026-09-26T14:52:17+00:00
KXNFLTD-26SEP27TENNYG,KXNFLTD,KXNFLTD-26SEP27TENNYG-NYGTJOHNSON84-1,Theo Johnson: 1+ touchdowns,0.0900,0.1000,0.0900,6381.83,6381.83,active,2026-09-29T17:00:00Z,2026-09-26T14:52:17+00:00
KXNFLTD-26SEP27TENNYG,KXNFLTD,KXNFLTD-26SEP27TENNYG-NYGDSINGLETARY26-1,Devin Singletary: 1+ touchdowns,0.1200,0.1300,0.1200,484.68,473.68,active,2026-09-29T17:00:00Z,2026-09-26T14:52:17+00:00
KXNFLTD-26SEP27TENNYG,KXNFLTD,KXNFLTD-26SEP27TENNYG-NYGILIKELY9-1,Isaiah Likely: 1+ touchdowns,0.2200,0.2300,0.2300,18163.49,18140.87,active,2026-09-29T17:00:00Z,2026-09-26T14:52:17+00:00
KXNFLTD-26SEP27TENNYG,KXNFLTD,KXNFLTD-26SEP27TENNYG-TENCRIDLEY0-1,Calvin Ridley: 1+ touchdowns,0.0800,0.0900,0.0900,932.96,922.96,active,2026-09-29T17:00:00Z,2026-09-26T14:52:17+00:00
KXNFLTD-26SEP27TENNYG,KXNFLTD,KXNFLTD-26SEP27TENNYG-TENGHELM84-1,Gunnar Helm: 1+ touchdowns,0.1500,0.1600,0.1500,687.87,686.86,active,2026-09-29T17:00:00Z,2026-09-26T14:52:17+00:00
KXNFLTD-26SEP27TENNYG,KXNFLTD,KXNFLTD-26SEP27TENNYG-NYGCSKATTEBO44-3,Cam Skattebo: 3+ touchdowns,0.0100,0.0200,0.0300,98.32,98.32,active,2026-09-29T17:00:00Z,2026-09-26T14:52:17+00:00
KXNFLTD-26SEP27TENNYG,KXNFLTD,KXNFLTD-26SEP27TENNYG-NYGNHARRIS23-2,Najee Harris: 2+ touchdowns,0.0100,0.0200,0.0200,233.95,233.95,active,2026-09-29T17:00:00Z,2026-09-26T14:52:17+00:00
KXNFLTD-26SEP27TENNYG,KXNFLTD,KXNFLTD-26SEP27TENNYG-NYGNYGDST-1,NY Giants D/ST: 1+ touchdowns,0.1000,0.1300,0.1300,238.51,238.51,active,2026-09-29T17:00:00Z,2026-09-26T14:52:17+00:00
KXNFLTD-26SEP27TENNYG,KXNFLTD,KXNFLTD-26SEP27TENNYG-NYGJWINSTON19-2,Jameis Winston: 2+ touchdowns,0.0100,0.0200,0.0200,701.85,701.85,active,2026-09-29T17:00:00Z,2026-09-26T14:52:17+00:00
KXNFLTD-26SEP27TENNYG,KXNFLTD,KXNFLTD-26SEP27TENNYG-TENTENDST-1,TEN Titans D/ST: 1+ touchdowns,0.0900,0.1200,0.1200,775.22,775.22,active,2026-09-29T17:00:00Z,2026-09-26T14:52:17+00:00
KXNFLTD-26SEP27TENNYG,KXNFLTD,KXNFLTD-26SEP27TENNYG-NYGMNABERS1-1,Malik Nabers: 1+ touchdowns,0.2700,0.2800,0.2800,910.15,893.15,active,2026-09-29T17:00:00Z,2026-09-26T14:52:17+00:00
KXNFLTD-26SEP27TENNYG,KXNFLTD,KXNFLTD-26SEP27TENNYG-TENTPOLLARD20-1,Tony Pollard: 1+ touchdowns,0.3700,0.3900,0.3800,54.34,54.34,active,2026-09-29T17:00:00Z,2026-09-26T14:52:17+00:00
KXNFLTD-26SEP27TENNYG,KXNFLTD,KXNFLTD-26SEP27TENNYG-NYGJWINSTON19-1,Jameis Winston: 1+ touchdowns,0.1300,0.1400,0.1400,2994.89,2731.16,active,2026-09-29T17:00:00Z,2026-09-26T14:52:17+00:00
KXNFLTD-26SEP27TENNYG,KXNFLTD,KXNFLTD-26SEP27TENNYG-TENCWARD1-1,Cam Ward: 1+ touchdowns,0.1500,0.1600,0.1600,9007.45,8992.44,active,2026-09-29T17:00:00Z,2026-09-26T14:52:17+00:00
KXNFLTD-26SEP27TENNYG,KXNFLTD,KXNFLTD-26SEP27TENNYG-TENCRIDLEY0-2,Calvin Ridley: 2+ touchdowns,0.0000,0.0100,0.0100,300.00,300.00,active,2026-09-29T17:00:00Z,2026-09-26T14:52:17+00:00
KXNFLTD-26SEP27TENNYG,KXNFLTD,KXNFLTD-26SEP27TENNYG-NYGDSINGLETARY26-2,Devin Singletary: 2+ touchdowns,0.0100,0.0200,0.0000,0.00,0.00,active,2026-09-29T17:00:00Z,2026-09-26T14:52:17+00:00
KXNFLTD-26SEP27TENNYG,KXNFLTD,KXNFLTD-26SEP27TENNYG-TENTPOLLARD20-2,Tony Pollard: 2+ touchdowns,0.0500,0.0800,0.0000,0.00,0.00,active,2026-09-29T17:00:00Z,2026-09-26T14:52:17+00:00
KXNFLTD-26SEP27TENNYG,KXNFLTD,KXNFLTD-26SEP27TENNYG-TENWROBINSON4-1,Wan'Dale Robinson: 1+ touchdowns,0.1500,0.1600,0.1600,136.97,136.96,active,2026-09-29T17:00:00Z,2026-09-26T14:52:17+00:00
KXNFLTD-26SEP27TENNYG,KXNFLTD,KXNFLTD-26SEP27TENNYG-NYGCSKATTEBO44-1,Cam Skattebo: 1+ touchdowns,0.4500,0.4600,0.4600,5398.50,5295.02,active,2026-09-29T17:00:00Z,2026-09-26T14:52:17+00:00
KXNFLTD-26SEP27TENNYG,KXNFLTD,KXNFLTD-26SEP27TENNYG-NYGDMOONEY17-2,Darnell Mooney: 2+ touchdowns,0.0000,0.0100,0.0200,1585.34,1585.34,active,2026-09-29T17:00:00Z,2026-09-26T14:52:17+00:00
KXNFLTD-26SEP27TENNYG,KXNFLTD,KXNFLTD-26SEP27TENNYG-NYGMNABERS1-2,Malik Nabers: 2+ touchdowns,0.0300,0.0400,0.0400,1734.76,1734.76,active,2026-09-29T17:00:00Z,2026-09-26T14:52:17+00:00
KXNFLTD-26SEP27TENNYG,KXNFLTD,KXNFLTD-26SEP27TENNYG-TENTPOLLARD20-3,Tony Pollard: 3+ touchdowns,0.0100,0.0200,0.0000,0.00,0.00,active,2026-09-29T17:00:00Z,2026-09-26T14:52:17+00:00
KXNFLTD-26SEP27TENNYG,KXNFLTD,KXNFLTD-26SEP27TENNYG-TENJCHESTNUT36-1,Julius Chestnut: 1+ touchdowns,0.0300,0.0600,0.0300,259.33,259.33,active,2026-09-29T17:00:00Z,2026-09-26T14:52:17+00:00
KXNFLTD-26SEP27TENNYG,KXNFLTD,KXNFLTD-26SEP27TENNYG-TENCTATE14-1,Carnell Tate: 1+ touchdowns,0.1900,0.2000,0.2000,1608.97,1478.12,active,2026-09-29T17:00:00Z,2026-09-26T14:52:17+00:00
KXNFLTD-26SEP27TENNYG,KXNFLTD,KXNFLTD-26SEP27TENNYG-NYGMFIELDS88-1,Malachi Fields: 1+ touchdowns,0.1300,0.1400,0.1400,16123.29,16106.17,active,2026-09-29T17:00:00Z,2026-09-26T14:52:17+00:00
KXNFLTD-26SEP27TENNYG,KXNFLTD,KXNFLTD-26SEP27TENNYG-TENNSINGLETON32-2,Nicholas Singleton: 2+ touchdowns,0.0000,0.0100,0.0100,2701.94,2451.94,active,2026-09-29T17:00:00Z,2026-09-26T14:52:17+00:00
KXNFLTD-26SEP27TENNYG,KXNFLTD,KXNFLTD-26SEP27TENNYG-NYGCSKATTEBO44-2,Cam Skattebo: 2+ touchdowns,0.1100,0.1200,0.1100,8450.95,8364.38,active,2026-09-29T17:00:00Z,2026-09-26T14:52:17+00:00
KXNFLTD-26SEP27TENNYG,KXNFLTD,KXNFLTD-26SEP27TENNYG-TENNSINGLETON32-3,Nicholas Singleton: 3+ touchdowns,0.0000,0.0100,0.0100,300.00,300.00,active,2026-09-29T17:00:00Z,2026-09-26T14:52:17+00:00
KXNFLTD-26SEP27TENNYG,KXNFLTD,KXNFLTD-26SEP27TENNYG-TENEAYOMANOR5-2,Elic Ayomanor: 2+ touchdowns,0.0100,0.0200,0.0200,1273.75,1273.75,active,2026-09-29T17:00:00Z,2026-09-26T14:52:17+00:00
KXNFLTD-26SEP27TENNYG,KXNFLTD,KXNFLTD-26SEP27TENNYG-TENJCHESTNUT36-2,Julius Chestnut: 2+ touchdowns,0.0100,0.0200,0.0100,323.80,323.80,active,2026-09-29T17:00:00Z,2026-09-26T14:52:17+00:00
KXNFLTD-26SEP27TENNYG,KXNFLTD,KXNFLTD-26SEP27TENNYG-NYGMFIELDS88-2,Malachi Fields: 2+ touchdowns,0.0100,0.0200,0.0000,0.00,0.00,active,2026-09-29T17:00:00Z,2026-09-26T14:52:17+00:00
KXNFLTD-26SEP27TENNYG,KXNFLTD,KXNFLTD-26SEP27TENNYG-NYGTTRACY29-2,Tyrone Tracy Jr.: 2+ touchdowns,0.0000,0.0100,0.0100,300.00,300.00,active,2026-09-29T17:00:00Z,2026-09-26T14:52:17+00:00
KXNFLTD-26SEP27TENNYG,KXNFLTD,KXNFLTD-26SEP27TENNYG-TENCWARD1-2,Cam Ward: 2+ touchdowns,0.0100,0.0200,0.0200,354.95,354.95,active,2026-09-29T17:00:00Z,2026-09-26T14:52:17+00:00
KXNFLTD-26SEP27TENNYG,KXNFLTD,KXNFLTD-26SEP27TENNYG-TENWROBINSON4-2,Wan'Dale Robinson: 2+ touchdowns,0.0100,0.0200,0.0000,0.00,0.00,active,2026-09-29T17:00:00Z,2026-09-26T14:52:17+00:00
KXNFLTD-26SEP27TENNYG,KXNFLTD,KXNFLTD-26SEP27TENNYG-NYGNHARRIS23-1,Najee Harris: 1+ touchdowns,0.1100,0.1200,0.1200,7059.38,7033.37,active,2026-09-29T17:00:00Z,2026-09-26T14:52:17+00:00
KXNFLTD-26SEP27TENNYG,KXNFLTD,KXNFLTD-26SEP27TENNYG-NYGTJOHNSON84-2,Theo Johnson: 2+ touchdowns,0.0000,0.0100,0.0100,1328.00,1328.00,active,2026-09-29T17:00:00Z,2026-09-26T14:52:17+00:00
KXNFLTD-26SEP27TENNYG,KXNFLTD,KXNFLTD-26SEP27TENNYG-NYGMNABERS1-3,Malik Nabers: 3+ touchdowns,0.0000,0.0100,0.0100,604.37,604.37,active,2026-09-29T17:00:00Z,2026-09-26T14:52:17+00:00
KXNFLTD-26SEP27TENNYG,KXNFLTD,KXNFLTD-26SEP27TENNYG-TENGHELM84-2,Gunnar Helm: 2+ touchdowns,0.0100,0.0200,0.0100,10382.19,10382.19,active,2026-09-29T17:00:00Z,2026-09-26T14:52:17+00:00
KXNFLTD-26SEP27TENNYG,KXNFLTD,KXNFLTD-26SEP27TENNYG-TENCTATE14-2,Carnell Tate: 2+ touchdowns,0.0200,0.0300,0.0300,1517.71,1517.71,active,2026-09-29T17:00:00Z,2026-09-26T14:52:17+00:00
KXNFLTD-26SEP27TENNYG,KXNFLTD,KXNFLTD-26SEP27TENNYG-NYGILIKELY9-2,Isaiah Likely: 2+ touchdowns,0.0200,0.0300,0.0300,2603.95,2603.95,active,2026-09-29T17:00:00Z,2026-09-26T14:52:17+00:00
KXNFLTD-26SEP27TENNYG,KXNFLTD,KXNFLTD-26SEP27TENNYG-NYGTTRACY29-1,Tyrone Tracy Jr.: 1+ touchdowns,0.0400,0.0500,0.0500,236.84,236.84,active,2026-09-29T17:00:00Z,2026-09-26T14:52:17+00:00
KXNFLTD-26SEP27TENNYG,KXNFLTD,KXNFLTD-26SEP27TENNYG-NYGDMOONEY17-1,Darnell Mooney: 1+ touchdowns,0.1000,0.1100,0.1100,5940.59,5932.59,active,2026-09-29T17:00:00Z,2026-09-26T14:52:17+00:00
KXNFLTD-26SEP27TENNYG,KXNFLTD,KXNFLTD-26SEP27TENNYG-TENNSINGLETON32-1,Nicholas Singleton: 1+ touchdowns,0.0900,0.1000,0.1000,10341.55,9754.37,active,2026-09-29T17:00:00Z,2026-09-26T14:52:17+00:00
KXNFLTD-26SEP27TENNYG,KXNFLTD,KXNFLTD-26SEP27TENNYG-TENCDIKE17-1,Chimere Dike: 1+ touchdowns,0.0600,0.0700,0.0700,304.00,304.00,active,2026-09-29T17:00:00Z,2026-09-26T14:52:17+00:00
KXNFLTD-26SEP28PHICHI,KXNFLTD,KXNFLTD-26SEP28PHICHI-PHISBARKLEY26-1,Saquon Barkley: 1+ touchdowns,0.4800,0.5000,0.4800,1330.69,1246.95,active,2026-10-01T00:15:00Z,2026-09-26T14:52:17+00:00
KXNFLTD-26SEP28PHICHI,KXNFLTD,KXNFLTD-26SEP28PHICHI-PHIMBROWN0-1,Hollywood Brown: 1+ touchdowns,0.0600,0.0700,0.0800,201.24,201.24,active,2026-10-01T00:15:00Z,2026-09-26T14:52:17+00:00
KXNFLTD-26SEP28PHICHI,KXNFLTD,KXNFLTD-26SEP28PHICHI-PHIMLEMON9-1,Makai Lemon: 1+ touchdowns,0.1500,0.1600,0.1600,3542.92,3542.92,active,2026-10-01T00:15:00Z,2026-09-26T14:52:17+00:00
KXNFLTD-26SEP28PHICHI,KXNFLTD,KXNFLTD-26SEP28PHICHI-PHIDSMITH6-2,DeVonta Smith: 2+ touchdowns,0.0500,0.0600,0.0600,112.82,112.82,active,2026-10-01T00:15:00Z,2026-09-26T14:52:17+00:00
KXNFLTD-26SEP28PHICHI,KXNFLTD,KXNFLTD-26SEP28PHICHI-CHILBURDEN10-1,Luther Burden III: 1+ touchdowns,0.1900,0.2000,0.2000,260.07,260.07,active,2026-10-01T00:15:00Z,2026-09-26T14:52:17+00:00
KXNFLTD-26SEP28PHICHI,KXNFLTD,KXNFLTD-26SEP28PHICHI-PHIBCOVEY85-1,Britain Covey: 1+ touchdowns,0.0300,0.0500,0.0500,39.00,39.00,active,2026-10-01T00:15:00Z,2026-09-26T14:52:17+00:00
KXNFLTD-26SEP28PHICHI,KXNFLTD,KXNFLTD-26SEP28PHICHI-CHIKMONANGAI25-2,Kyle Monangai: 2+ touchdowns,0.0300,0.0500,0.0000,0.00,0.00,active,2026-10-01T00:15:00Z,2026-09-26T14:52:17+00:00
KXNFLTD-26SEP28PHICHI,KXNFLTD,KXNFLTD-26SEP28PHICHI-CHICKEENUM11-2,Case Keenum: 2+ touchdowns,0.0000,0.0200,0.0100,657.83,657.83,active,2026-10-01T00:15:00Z,2026-09-26T14:52:17+00:00
KXNFLTD-26SEP28PHICHI,KXNFLTD,KXNFLTD-26SEP28PHICHI-PHIDWICKS13-1,Dontayvion Wicks: 1+ touchdowns,0.2100,0.2200,0.2100,2504.02,2396.27,active,2026-10-01T00:15:00Z,2026-09-26T14:52:17+00:00
KXNFLTD-26SEP28PHICHI,KXNFLTD,KXNFLTD-26SEP28PHICHI-PHIJHURTS1-3,Jalen Hurts: 3+ touchdowns,0.0100,0.0200,0.0200,495.00,495.00,active,2026-10-01T00:15:00Z,2026-09-26T14:52:17+00:00
KXNFLTD-26SEP28PHICHI,KXNFLTD,KXNFLTD-26SEP28PHICHI-PHIJHURTS1-2,Jalen Hurts: 2+ touchdowns,0.0700,0.0800,0.0800,1468.71,1468.71,active,2026-10-01T00:15:00Z,2026-09-26T14:52:17+00:00
KXNFLTD-26SEP28PHICHI,KXNFLTD,KXNFLTD-26SEP28PHICHI-CHICKMET85-2,Cole Kmet: 2+ touchdowns,0.0100,0.0200,0.0200,77.00,77.00,active,2026-10-01T00:15:00Z,2026-09-26T14:52:17+00:00
KXNFLTD-26SEP28PHICHI,KXNFLTD,KXNFLTD-26SEP28PHICHI-PHISBARKLEY26-2,Saquon Barkley: 2+ touchdowns,0.1000,0.1300,0.1300,141.54,141.54,active,2026-10-01T00:15:00Z,2026-09-26T14:52:17+00:00
KXNFLTD-26SEP28PHICHI,KXNFLTD,KXNFLTD-26SEP28PHICHI-CHICKEENUM11-1,Case Keenum: 1+ touchdowns,0.0800,0.0900,0.0900,561.04,561.04,active,2026-10-01T00:15:00Z,2026-09-26T14:52:17+00:00
KXNFLTD-26SEP28PHICHI,KXNFLTD,KXNFLTD-26SEP28PHICHI-CHICKMET85-1,Cole Kmet: 1+ touchdowns,0.1000,0.1100,0.1100,887.70,887.70,active,2026-10-01T00:15:00Z,2026-09-26T14:52:17+00:00
KXNFLTD-26SEP28PHICHI,KXNFLTD,KXNFLTD-26SEP28PHICHI-PHIJHURTS1-1,Jalen Hurts: 1+ touchdowns,0.3600,0.3700,0.3700,2774.04,2646.81,active,2026-10-01T00:15:00Z,2026-09-26T14:52:17+00:00
KXNFLTD-26SEP28PHICHI,KXNFLTD,KXNFLTD-26SEP28PHICHI-CHILBURDEN10-2,Luther Burden III: 2+ touchdowns,0.0100,0.0200,0.0000,0.00,0.00,active,2026-10-01T00:15:00Z,2026-09-26T14:52:17+00:00
KXNFLTD-26SEP28PHICHI,KXNFLTD,KXNFLTD-26SEP28PHICHI-CHIRODUNZE15-2,Rome Odunze: 2+ touchdowns,0.0100,0.0200,0.0000,0.00,0.00,active,2026-10-01T00:15:00Z,2026-09-26T14:52:17+00:00
KXNFLTD-26SEP28PHICHI,KXNFLTD,KXNFLTD-26SEP28PHICHI-CHIRODUNZE15-1,Rome Odunze: 1+ touchdowns,0.1600,0.1700,0.1700,1246.38,1246.38,active,2026-10-01T00:15:00Z,2026-09-26T14:52:17+00:00
KXNFLTD-26SEP28PHICHI,KXNFLTD,KXNFLTD-26SEP28PHICHI-PHIDSMITH6-1,DeVonta Smith: 1+ touchdowns,0.3300,0.3400,0.3400,1118.33,1118.33,active,2026-10-01T00:15:00Z,2026-09-26T14:52:17+00:00
KXNFLTD-26SEP28PHICHI,KXNFLTD,KXNFLTD-26SEP28PHICHI-PHIDCOOPER80-1,Darius Cooper: 1+ touchdowns,0.0600,0.0700,0.0700,5268.53,5240.53,active,2026-10-01T00:15:00Z,2026-09-26T14:52:17+00:00
KXNFLTD-26SEP28PHICHI,KXNFLTD,KXNFLTD-26SEP28PHICHI-PHIPHIDST-1,PHI Eagles D/ST: 1+ touchdowns,0.1100,0.1300,0.1300,389.00,389.00,active,2026-10-01T00:15:00Z,2026-09-26T14:52:17+00:00
KXNFLTD-26SEP28PHICHI,KXNFLTD,KXNFLTD-26SEP28PHICHI-CHIDSWIFT4-2,D'Andre Swift: 2+ touchdowns,0.1100,0.1200,0.1200,550.55,549.55,active,2026-10-01T00:15:00Z,2026-09-26T14:52:17+00:00
KXNFLTD-26SEP28PHICHI,KXNFLTD,KXNFLTD-26SEP28PHICHI-CHIDSWIFT4-1,D'Andre Swift: 1+ touchdowns,0.4500,0.4600,0.4600,1693.26,1626.21,active,2026-10-01T00:15:00Z,2026-09-26T14:52:17+00:00
KXNFLTD-26SEP28PHICHI,KXNFLTD,KXNFLTD-26SEP28PHICHI-CHICHIDST-1,CHI Bears D/ST: 1+ touchdowns,0.1000,0.1200,0.1200,60.24,60.24,active,2026-10-01T00:15:00Z,2026-09-26T14:52:17+00:00
KXNFLTD-26SEP28PHICHI,KXNFLTD,KXNFLTD-26SEP28PHICHI-PHIJMUNDT83-1,Johnny Mundt: 1+ touchdowns,0.1000,0.1200,0.1100,2262.78,2092.78,active,2026-10-01T00:15:00Z,2026-09-26T14:52:17+00:00
KXNFLTD-26SEP28PHICHI,KXNFLTD,KXNFLTD-26SEP28PHICHI-CHIKMONANGAI25-1,Kyle Monangai: 1+ touchdowns,0.2600,0.2900,0.3000,36.53,36.53,active,2026-10-01T00:15:00Z,2026-09-26T14:52:17+00:00
KXNFLTD-26SEP28PHICHI,KXNFLTD,KXNFLTD-26SEP28PHICHI-CHIRJOHNSON23-1,Roschon Johnson: 1+ touchdowns,0.0300,0.0400,0.0000,0.00,0.00,active,2026-10-01T00:15:00Z,2026-09-26T14:52:17+00:00
KXNFLTD-26SEP28PHICHI,KXNFLTD,KXNFLTD-26SEP28PHICHI-CHIDSWIFT4-3,D'Andre Swift: 3+ touchdowns,0.0200,0.0300,0.0000,0.00,0.00,active,2026-10-01T00:15:00Z,2026-09-26T14:52:17+00:00
KXNFLTD-26SEP28PHICHI,KXNFLTD,KXNFLTD-26SEP28PHICHI-PHISBARKLEY26-3,Saquon Barkley: 3+ touchdowns,0.0200,0.0400,0.0000,0.00,0.00,active,2026-10-01T00:15:00Z,2026-09-26T14:52:17+00:00
KXNFLTD-26SEP28PHICHI,KXNFLTD,KXNFLTD-26SEP28PHICHI-CHICLOVELAND84-2,Colston Loveland: 2+ touchdowns,0.0200,0.0300,0.0300,1412.27,1412.27,active,2026-10-01T00:15:00Z,2026-09-26T14:52:17+00:00
KXNFLTD-26SEP28PHICHI,KXNFLTD,KXNFLTD-26SEP28PHICHI-PHIEMOORE19-1,Elijah Moore: 1+ touchdowns,0.0200,0.0600,0.0000,0.00,0.00,active,2026-10-01T00:15:00Z,2026-09-26T14:52:17+00:00
KXNFLTD-26SEP28PHICHI,KXNFLTD,KXNFLTD-26SEP28PHICHI-PHIJMUNDT83-2,Johnny Mundt: 2+ touchdowns,0.0100,0.0200,0.0000,0.00,0.00,active,2026-10-01T00:15:00Z,2026-09-26T14:52:17+00:00
KXNFLTD-26SEP28PHICHI,KXNFLTD,KXNFLTD-26SEP28PHICHI-PHIMLEMON9-2,Makai Lemon: 2+ touchdowns,0.0100,0.0300,0.0000,0.00,0.00,active,2026-10-01T00:15:00Z,2026-09-26T14:52:17+00:00
KXNFLTD-26SEP28PHICHI,KXNFLTD,KXNFLTD-26SEP28PHICHI-CHIKRAYMOND14-2,Kalif Raymond: 2+ touchdowns,0.0100,0.0200,0.0000,0.00,0.00,active,2026-10-01T00:15:00Z,2026-09-26T14:52:17+00:00
KXNFLTD-26SEP28PHICHI,KXNFLTD,KXNFLTD-26SEP28PHICHI-PHIDWICKS13-2,Dontayvion Wicks: 2+ touchdowns,0.0200,0.0400,0.0400,177.54,177.54,active,2026-10-01T00:15:00Z,2026-09-26T14:52:17+00:00
KXNFLTD-26SEP28PHICHI,KXNFLTD,KXNFLTD-26SEP28PHICHI-CHICLOVELAND84-1,Colston Loveland: 1+ touchdowns,0.1900,0.2000,0.2000,4271.80,4271.80,active,2026-10-01T00:15:00Z,2026-09-26T14:52:17+00:00
KXNFLTD-26SEP28PHICHI,KXNFLTD,KXNFLTD-26SEP28PHICHI-CHIKRAYMOND14-1,Kalif Raymond: 1+ touchdowns,0.1200,0.1400,0.1300,203.00,203.00,active,2026-10-01T00:15:00Z,2026-09-26T14:52:17+00:00
KXNFLTD-26SEP28PHICHI,KXNFLTD,KXNFLTD-26SEP28PHICHI-CHIKMONANGAI25-3,Kyle Monangai: 3+ touchdowns,0.0000,0.0200,0.0100,564.25,564.25,active,2026-10-01T00:15:00Z,2026-09-26T14:52:17+00:00
KXNFLRRYDS-26SEP27ARISF,KXNFLRRYDS,KXNFLRRYDS-26SEP27ARISF-SFCMCCAFFREY23-150,Christian McCaffrey: 150+ rushing and receiving yards combined,0.0900,0.1400,0.0000,0.00,0.00,active,2026-09-29T20:05:00Z,2026-09-26T14:52:17+00:00
KXNFLRRYDS-26SEP27ARISF,KXNFLRRYDS,KXNFLRRYDS-26SEP27ARISF-SFCMCCAFFREY23-100,Christian McCaffrey: 100+ rushing and receiving yards combined,0.4800,0.5200,0.5200,157.99,157.99,active,2026-09-29T20:05:00Z,2026-09-26T14:52:17+00:00
KXNFLRRYDS-26SEP27ARISF,KXNFLRRYDS,KXNFLRRYDS-26SEP27ARISF-ARITALLGEIER22-40,Tyler Allgeier: 40+ rushing and receiving yards combined,0.5600,0.5800,0.0000,0.00,0.00,active,2026-09-29T20:05:00Z,2026-09-26T14:52:17+00:00
KXNFLRRYDS-26SEP27ARISF,KXNFLRRYDS,KXNFLRRYDS-26SEP27ARISF-ARIJLOVE4-85,Jeremiyah Love: 85+ rushing and receiving yards combined,0.1900,0.2200,0.2300,82.50,82.50,active,2026-09-29T20:05:00Z,2026-09-26T14:52:17+00:00
KXNFLRRYDS-26SEP27ARISF,KXNFLRRYDS,KXNFLRRYDS-26SEP27ARISF-SFCMCCAFFREY23-125,Christian McCaffrey: 125+ rushing and receiving yards combined,0.2000,0.2900,0.3000,348.62,348.62,active,2026-09-29T20:05:00Z,2026-09-26T14:52:17+00:00
KXNFLRRYDS-26SEP27ARISF,KXNFLRRYDS,KXNFLRRYDS-26SEP27ARISF-ARIJLOVE4-60,Jeremiyah Love: 60+ rushing and receiving yards combined,0.4400,0.4800,0.4800,157.01,157.01,active,2026-09-29T20:05:00Z,2026-09-26T14:52:17+00:00
KXNFLRRYDS-26SEP27ARISF,KXNFLRRYDS,KXNFLRRYDS-26SEP27ARISF-ARIJLOVE4-110,Jeremiyah Love: 110+ rushing and receiving yards combined,0.0500,0.1000,0.0000,0.00,0.00,active,2026-09-29T20:05:00Z,2026-09-26T14:52:17+00:00
KXNFLRRYDS-26SEP27ARISF,KXNFLRRYDS,KXNFLRRYDS-26SEP27ARISF-ARITALLGEIER22-65,Tyler Allgeier: 65+ rushing and receiving yards combined,0.2300,0.2700,0.0000,0.00,0.00,active,2026-09-29T20:05:00Z,2026-09-26T14:52:17+00:00
KXNFLRRYDS-26SEP27ARISF,KXNFLRRYDS,KXNFLRRYDS-26SEP27ARISF-ARITALLGEIER22-90,Tyler Allgeier: 90+ rushing and receiving yards combined,0.0600,0.1000,0.0000,0.00,0.00,active,2026-09-29T20:05:00Z,2026-09-26T14:52:17+00:00
KXNFLRRYDS-26SEP27BALDAL,KXNFLRRYDS,KXNFLRRYDS-26SEP27BALDAL-BALDHENRY22-135,Derrick Henry: 135+ rushing and receiving yards combined,0.2600,0.2900,0.2800,136.95,136.95,active,2026-09-29T20:25:00Z,2026-09-26T14:52:17+00:00
KXNFLRRYDS-26SEP27BALDAL,KXNFLRRYDS,KXNFLRRYDS-26SEP27BALDAL-BALDHENRY22-110,Derrick Henry: 110+ rushing and receiving yards combined,0.4300,0.4800,0.0000,0.00,0.00,active,2026-09-29T20:25:00Z,2026-09-26T14:52:17+00:00
KXNFLRRYDS-26SEP27BALDAL,KXNFLRRYDS,KXNFLRRYDS-26SEP27BALDAL-DALJWILLIAMS33-130,Javonte Williams: 130+ rushing and receiving yards combined,0.0900,0.1200,0.0000,0.00,0.00,active,2026-09-29T20:25:00Z,2026-09-26T14:52:17+00:00
KXNFLRRYDS-26SEP27BALDAL,KXNFLRRYDS,KXNFLRRYDS-26SEP27BALDAL-DALJWILLIAMS33-105,Javonte Williams: 105+ rushing and receiving yards combined,0.2300,0.2800,0.0000,0.00,0.00,active,2026-09-29T20:25:00Z,2026-09-26T14:52:17+00:00
KXNFLRRYDS-26SEP27BALDAL,KXNFLRRYDS,KXNFLRRYDS-26SEP27BALDAL-DALJWILLIAMS33-80,Javonte Williams: 80+ rushing and receiving yards combined,0.4700,0.5000,0.0000,0.00,0.00,active,2026-09-29T20:25:00Z,2026-09-26T14:52:17+00:00
KXNFLRRYDS-26SEP27BALDAL,KXNFLRRYDS,KXNFLRRYDS-26SEP27BALDAL-BALDHENRY22-160,Derrick Henry: 160+ rushing and receiving yards combined,0.1000,0.1700,0.0000,0.00,0.00,active,2026-09-29T20:25:00Z,2026-09-26T14:52:17+00:00
KXNFLRRYDS-26SEP27CARCLE,KXNFLRRYDS,KXNFLRRYDS-26SEP27CARCLE-CARCHUBBARD30-115,Chuba Hubbard: 115+ rushing and receiving yards combined,0.2500,0.3000,0.2900,64.48,64.48,active,2026-09-29T17:00:00Z,2026-09-26T14:52:17+00:00
KXNFLRRYDS-26SEP27CARCLE,KXNFLRRYDS,KXNFLRRYDS-26SEP27CARCLE-CLEQJUDKINS10-95,Quinshon Judkins: 95+ rushing and receiving yards combined,0.3200,0.3500,0.3500,241.44,241.44,active,2026-09-29T17:00:00Z,2026-09-26T14:52:17+00:00
KXNFLRRYDS-26SEP27CARCLE,KXNFLRRYDS,KXNFLRRYDS-26SEP27CARCLE-CLEQJUDKINS10-120,Quinshon Judkins: 120+ rushing and receiving yards combined,0.1300,0.1600,0.1500,93.46,93.46,active,2026-09-29T17:00:00Z,2026-09-26T14:52:17+00:00
KXNFLRRYDS-26SEP27CARCLE,KXNFLRRYDS,KXNFLRRYDS-26SEP27CARCLE-CLEQJUDKINS10-70,Quinshon Judkins: 70+ rushing and receiving yards combined,0.5700,0.5900,0.5700,221.16,215.85,active,2026-09-29T17:00:00Z,2026-09-26T14:52:17+00:00
KXNFLRRYDS-26SEP27CARCLE,KXNFLRRYDS,KXNFLRRYDS-26SEP27CARCLE-CARCHUBBARD30-140,Chuba Hubbard: 140+ rushing and receiving yards combined,0.1000,0.1300,0.1400,32.00,32.00,active,2026-09-29T17:00:00Z,2026-09-26T14:52:17+00:00
KXNFLRRYDS-26SEP27CARCLE,KXNFLRRYDS,KXNFLRRYDS-26SEP27CARCLE-CARCHUBBARD30-90,Chuba Hubbard: 90+ rushing and receiving yards combined,0.4800,0.4900,0.5100,104.33,104.33,active,2026-09-29T17:00:00Z,2026-09-26T14:52:17+00:00
KXNFLRRYDS-26SEP27CINPIT,KXNFLRRYDS,KXNFLRRYDS-26SEP27CINPIT-CINSPERINE34-55,Samaje Perine: 55+ rushing and receiving yards combined,0.0200,0.3100,0.0000,0.00,0.00,active,2026-09-29T17:00:00Z,2026-09-26T14:52:17+00:00
KXNFLRRYDS-26SEP27CINPIT,KXNFLRRYDS,KXNFLRRYDS-26SEP27CINPIT-CINSPERINE34-30,Samaje Perine: 30+ rushing and receiving yards combined,0.2900,0.4400,0.4300,45.44,45.44,active,2026-09-29T17:00:00Z,2026-09-26T14:52:17+00:00
KXNFLRRYDS-26SEP27CINPIT,KXNFLRRYDS,KXNFLRRYDS-26SEP27CINPIT-CINCBROWN30-90,Chase Brown: 90+ rushing and receiving yards combined,0.4800,0.5000,0.4800,6.61,6.61,active,2026-09-29T17:00:00Z,2026-09-26T14:52:17+00:00
KXNFLRRYDS-26SEP27CINPIT,KXNFLRRYDS,KXNFLRRYDS-26SEP27CINPIT-CINCBROWN30-140,Chase Brown: 140+ rushing and receiving yards combined,0.1000,0.1300,0.0000,0.00,0.00,active,2026-09-29T17:00:00Z,2026-09-26T14:52:17+00:00
KXNFLRRYDS-26SEP27CINPIT,KXNFLRRYDS,KXNFLRRYDS-26SEP27CINPIT-CINSPERINE34-80,Samaje Perine: 80+ rushing and receiving yards combined,0.0100,0.0500,0.0000,0.00,0.00,active,2026-09-29T17:00:00Z,2026-09-26T14:52:17+00:00
KXNFLRRYDS-26SEP27CINPIT,KXNFLRRYDS,KXNFLRRYDS-26SEP27CINPIT-CINCBROWN30-115,Chase Brown: 115+ rushing and receiving yards combined,0.2500,0.3000,0.0000,0.00,0.00,active,2026-09-29T17:00:00Z,2026-09-26T14:52:17+00:00
KXNFLRRYDS-26SEP27HOUIND,KXNFLRRYDS,KXNFLRRYDS-26SEP27HOUIND-HOUWMARKS4-40,Woody Marks: 40+ rushing and receiving yards combined,0.5300,0.5700,0.5300,52.64,51.64,active,2026-09-29T17:00:00Z,2026-09-26T14:52:17+00:00
KXNFLRRYDS-26SEP27HOUIND,KXNFLRRYDS,KXNFLRRYDS-26SEP27HOUIND-INDJTAYLOR28-160,Jonathan Taylor: 160+ rushing and receiving yards combined,0.1200,0.1600,0.1500,36.46,36.46,active,2026-09-29T17:00:00Z,2026-09-26T14:52:17+00:00
KXNFLRRYDS-26SEP27HOUIND,KXNFLRRYDS,KXNFLRRYDS-26SEP27HOUIND-INDJTAYLOR28-135,Jonathan Taylor: 135+ rushing and receiving yards combined,0.2600,0.2900,0.2800,449.00,449.00,active,2026-09-29T17:00:00Z,2026-09-26T14:52:17+00:00
KXNFLRRYDS-26SEP27HOUIND,KXNFLRRYDS,KXNFLRRYDS-26SEP27HOUIND-HOUDMONTGOMERY32-60,David Montgomery: 60+ rushing and receiving yards combined,0.5000,0.5200,0.5100,1535.11,1535.11,active,2026-09-29T17:00:00Z,2026-09-26T14:52:17+00:00
KXNFLRRYDS-26SEP27HOUIND,KXNFLRRYDS,KXNFLRRYDS-26SEP27HOUIND-INDJTAYLOR28-110,Jonathan Taylor: 110+ rushing and receiving yards combined,0.4700,0.4900,0.4700,509.30,508.30,active,2026-09-29T17:00:00Z,2026-09-26T14:52:17+00:00
KXNFLRRYDS-26SEP27HOUIND,KXNFLRRYDS,KXNFLRRYDS-26SEP27HOUIND-HOUDMONTGOMERY32-110,David Montgomery: 110+ rushing and receiving yards combined,0.0800,0.1000,0.1100,864.00,864.00,active,2026-09-29T17:00:00Z,2026-09-26T14:52:17+00:00
KXNFLRRYDS-26SEP27HOUIND,KXNFLRRYDS,KXNFLRRYDS-26SEP27HOUIND-HOUWMARKS4-65,Woody Marks: 65+ rushing and receiving yards combined,0.2200,0.2600,0.0000,0.00,0.00,active,2026-09-29T17:00:00Z,2026-09-26T14:52:17+00:00
KXNFLRRYDS-26SEP27HOUIND,KXNFLRRYDS,KXNFLRRYDS-26SEP27HOUIND-HOUWMARKS4-90,Woody Marks: 90+ rushing and receiving yards combined,0.0600,0.0900,0.0000,0.00,0.00,active,2026-09-29T17:00:00Z,2026-09-26T14:52:17+00:00
KXNFLRRYDS-26SEP27HOUIND,KXNFLRRYDS,KXNFLRRYDS-26SEP27HOUIND-HOUDMONTGOMERY32-85,David Montgomery: 85+ rushing and receiving yards combined,0.2200,0.2600,0.2400,87.00,87.00,active,2026-09-29T17:00:00Z,2026-09-26T14:52:17+00:00
KXNFLRRYDS-26SEP27KCMIA,KXNFLRRYDS,KXNFLRRYDS-26SEP27KCMIA-MIADACHANE28-140,De'Von Achane: 140+ rushing and receiving yards combined,0.1100,0.1700,0.1700,10.00,10.00,active,2026-09-29T17:00:00Z,2026-09-26T14:52:17+00:00
KXNFLRRYDS-26SEP27KCMIA,KXNFLRRYDS,KXNFLRRYDS-26SEP27KCMIA-KCEJOHNSON10-90,Emmett Johnson: 90+ rushing and receiving yards combined,0.0700,0.0900,0.0900,313.37,313.37,active,2026-09-29T17:00:00Z,2026-09-26T14:52:17+00:00
KXNFLRRYDS-26SEP27KCMIA,KXNFLRRYDS,KXNFLRRYDS-26SEP27KCMIA-MIADACHANE28-115,De'Von Achane: 115+ rushing and receiving yards combined,0.2700,0.3100,0.0000,0.00,0.00,active,2026-09-29T17:00:00Z,2026-09-26T14:52:17+00:00
KXNFLRRYDS-26SEP27KCMIA,KXNFLRRYDS,KXNFLRRYDS-26SEP27KCMIA-KCKWALKER9-110,Kenneth Walker III: 110+ rushing and receiving yards combined,0.5000,0.5200,0.5200,3535.06,3535.06,active,2026-09-29T17:00:00Z,2026-09-26T14:52:17+00:00
KXNFLRRYDS-26SEP27KCMIA,KXNFLRRYDS,KXNFLRRYDS-26SEP27KCMIA-MIADACHANE28-90,De'Von Achane: 90+ rushing and receiving yards combined,0.5100,0.5400,0.5400,757.32,757.32,active,2026-09-29T17:00:00Z,2026-09-26T14:52:17+00:00
KXNFLRRYDS-26SEP27KCMIA,KXNFLRRYDS,KXNFLRRYDS-26SEP27KCMIA-KCEJOHNSON10-65,Emmett Johnson: 65+ rushing and receiving yards combined,0.2100,0.2500,0.2400,962.43,962.43,active,2026-09-29T17:00:00Z,2026-09-26T14:52:17+00:00
KXNFLRRYDS-26SEP27KCMIA,KXNFLRRYDS,KXNFLRRYDS-26SEP27KCMIA-KCKWALKER9-160,Kenneth Walker III: 160+ rushing and receiving yards combined,0.1300,0.1700,0.1700,1223.60,1223.60,active,2026-09-29T17:00:00Z,2026-09-26T14:52:17+00:00
KXNFLRRYDS-26SEP27KCMIA,KXNFLRRYDS,KXNFLRRYDS-26SEP27KCMIA-KCKWALKER9-135,Kenneth Walker III: 135+ rushing and receiving yards combined,0.2900,0.3200,0.3100,1097.29,1085.37,active,2026-09-29T17:00:00Z,2026-09-26T14:52:17+00:00
KXNFLRRYDS-26SEP27KCMIA,KXNFLRRYDS,KXNFLRRYDS-26SEP27KCMIA-KCEJOHNSON10-40,Emmett Johnson: 40+ rushing and receiving yards combined,0.5500,0.5600,0.5600,1572.36,1572.36,active,2026-09-29T17:00:00Z,2026-09-26T14:52:17+00:00
KXNFLRRYDS-26SEP27LACBUF,KXNFLRRYDS,KXNFLRRYDS-26SEP27LACBUF-LACOHAMPTON8-80,Omarion Hampton: 80+ rushing and receiving yards combined,0.4200,0.4400,0.4400,603.04,603.04,active,2026-09-29T17:00:00Z,2026-09-26T14:52:17+00:00
KXNFLRRYDS-26SEP27LACBUF,KXNFLRRYDS,KXNFLRRYDS-26SEP27LACBUF-LACOHAMPTON8-130,Omarion Hampton: 130+ rushing and receiving yards combined,0.0700,0.1000,0.1300,350.00,350.00,active,2026-09-29T17:00:00Z,2026-09-26T14:52:17+00:00
KXNFLRRYDS-26SEP27LACBUF,KXNFLRRYDS,KXNFLRRYDS-26SEP27LACBUF-BUFJCOOK4-125,James Cook III: 125+ rushing and receiving yards combined,0.2000,0.2700,0.2700,116.13,116.13,active,2026-09-29T17:00:00Z,2026-09-26T14:52:17+00:00
KXNFLRRYDS-26SEP27LACBUF,KXNFLRRYDS,KXNFLRRYDS-26SEP27LACBUF-LACOHAMPTON8-105,Omarion Hampton: 105+ rushing and receiving yards combined,0.2000,0.2400,0.0000,0.00,0.00,active,2026-09-29T17:00:00Z,2026-09-26T14:52:17+00:00
KXNFLRRYDS-26SEP27LACBUF,KXNFLRRYDS,KXNFLRRYDS-26SEP27LACBUF-BUFJCOOK4-100,James Cook III: 100+ rushing and receiving yards combined,0.4500,0.4700,0.4500,314.22,313.22,active,2026-09-29T17:00:00Z,2026-09-26T14:52:17+00:00
KXNFLRRYDS-26SEP27LACBUF,KXNFLRRYDS,KXNFLRRYDS-26SEP27LACBUF-BUFJCOOK4-150,James Cook III: 150+ rushing and receiving yards combined,0.0900,0.1300,0.1300,102.00,102.00,active,2026-09-29T17:00:00Z,2026-09-26T14:52:17+00:00
KXNFLRRYDS-26SEP27LARDEN,KXNFLRRYDS,KXNFLRRYDS-26SEP27LARDEN-LARKWILLIAMS23-70,Kyren Williams: 70+ rushing and receiving yards combined,0.4800,0.4900,0.0000,0.00,0.00,active,2026-09-30T00:20:00Z,2026-09-26T14:52:17+00:00
KXNFLRRYDS-26SEP27LARDEN,KXNFLRRYDS,KXNFLRRYDS-26SEP27LARDEN-LARKWILLIAMS23-120,Kyren Williams: 120+ rushing and receiving yards combined,0.0800,0.1100,0.0000,0.00,0.00,active,2026-09-30T00:20:00Z,2026-09-26T14:52:17+00:00
KXNFLRRYDS-26SEP27LARDEN,KXNFLRRYDS,KXNFLRRYDS-26SEP27LARDEN-LARKWILLIAMS23-95,Kyren Williams: 95+ rushing and receiving yards combined,0.2200,0.2800,0.0000,0.00,0.00,active,2026-09-30T00:20:00Z,2026-09-26T14:52:17+00:00
KXNFLRRYDS-26SEP27LVNO,KXNFLRRYDS,KXNFLRRYDS-26SEP27LVNO-NOAKAMARA41-75,Alvin Kamara: 75+ rushing and receiving yards combined,0.0100,0.1700,0.1700,8.53,8.53,active,2026-09-29T20:25:00Z,2026-09-26T14:52:17+00:00
KXNFLRRYDS-26SEP27LVNO,KXNFLRRYDS,KXNFLRRYDS-26SEP27LVNO-NOTETIENNE3-100,Travis Etienne Jr.: 100+ rushing and receiving yards combined,0.0400,0.1000,0.0000,0.00,0.00,active,2026-09-29T20:25:00Z,2026-09-26T14:52:17+00:00
KXNFLRRYDS-26SEP27LVNO,KXNFLRRYDS,KXNFLRRYDS-26SEP27LVNO-NOAKAMARA41-100,Alvin Kamara: 100+ rushing and receiving yards combined,0.0100,0.0700,0.0000,0.00,0.00,active,2026-09-29T20:25:00Z,2026-09-26T14:52:17+00:00
KXNFLRRYDS-26SEP27LVNO,KXNFLRRYDS,KXNFLRRYDS-26SEP27LVNO-NOAKAMARA41-50,Alvin Kamara: 50+ rushing and receiving yards combined,0.3900,0.4500,0.0000,0.00,0.00,active,2026-09-29T20:25:00Z,2026-09-26T14:52:17+00:00
KXNFLRRYDS-26SEP27LVNO,KXNFLRRYDS,KXNFLRRYDS-26SEP27LVNO-LVAJEANTY2-140,Ashton Jeanty: 140+ rushing and receiving yards combined,0.1300,0.1900,0.1800,108.33,108.33,active,2026-09-29T20:25:00Z,2026-09-26T14:52:17+00:00
KXNFLRRYDS-26SEP27LVNO,KXNFLRRYDS,KXNFLRRYDS-26SEP27LVNO-NOTETIENNE3-75,Travis Etienne Jr.: 75+ rushing and receiving yards combined,0.2200,0.2700,0.2500,14.37,14.37,active,2026-09-29T20:25:00Z,2026-09-26T14:52:17+00:00
KXNFLRRYDS-26SEP27LVNO,KXNFLRRYDS,KXNFLRRYDS-26SEP27LVNO-LVAJEANTY2-115,Ashton Jeanty: 115+ rushing and receiving yards combined,0.1600,0.4900,0.5500,17.59,17.59,active,2026-09-29T20:25:00Z,2026-09-26T14:52:17+00:00
KXNFLRRYDS-26SEP27LVNO,KXNFLRRYDS,KXNFLRRYDS-26SEP27LVNO-NOTETIENNE3-50,Travis Etienne Jr.: 50+ rushing and receiving yards combined,0.4000,0.5400,0.0000,0.00,0.00,active,2026-09-29T20:25:00Z,2026-09-26T14:52:17+00:00
KXNFLRRYDS-26SEP27LVNO,KXNFLRRYDS,KXNFLRRYDS-26SEP27LVNO-LVAJEANTY2-90,Ashton Jeanty: 90+ rushing and receiving yards combined,0.5500,0.5900,0.5500,176.10,174.10,active,2026-09-29T20:25:00Z,2026-09-26T14:52:17+00:00
KXNFLRRYDS-26SEP27MINTB,KXNFLRRYDS,KXNFLRRYDS-26SEP27MINTB-TBBIRVING7-130,Bucky Irving: 130+ rushing and receiving yards combined,0.0800,0.1200,0.0000,0.00,0.00,active,2026-09-29T20:05:00Z,2026-09-26T14:52:17+00:00
KXNFLRRYDS-26SEP27MINTB,KXNFLRRYDS,KXNFLRRYDS-26SEP27MINTB-TBKGAINWELL1-30,Kenny Gainwell: 30+ rushing and receiving yards combined,0.3900,0.5700,0.0000,0.00,0.00,active,2026-09-29T20:05:00Z,2026-09-26T14:52:17+00:00
KXNFLRRYDS-26SEP27MINTB,KXNFLRRYDS,KXNFLRRYDS-26SEP27MINTB-TBBIRVING7-105,Bucky Irving: 105+ rushing and receiving yards combined,0.2100,0.2700,0.0000,0.00,0.00,active,2026-09-29T20:05:00Z,2026-09-26T14:52:17+00:00
KXNFLRRYDS-26SEP27MINTB,KXNFLRRYDS,KXNFLRRYDS-26SEP27MINTB-TBKGAINWELL1-55,Kenny Gainwell: 55+ rushing and receiving yards combined,0.1100,0.3800,0.4100,29.45,29.45,active,2026-09-29T20:05:00Z,2026-09-26T14:52:17+00:00
KXNFLRRYDS-26SEP27MINTB,KXNFLRRYDS,KXNFLRRYDS-26SEP27MINTB-TBKGAINWELL1-80,Kenny Gainwell: 80+ rushing and receiving yards combined,0.0200,0.0800,0.0800,73.39,73.39,active,2026-09-29T20:05:00Z,2026-09-26T14:52:17+00:00
KXNFLRRYDS-26SEP27MINTB,KXNFLRRYDS,KXNFLRRYDS-26SEP27MINTB-TBBIRVING7-80,Bucky Irving: 80+ rushing and receiving yards combined,0.4500,0.4800,0.4700,926.21,919.21,active,2026-09-29T20:05:00Z,2026-09-26T14:52:17+00:00
KXNFLRRYDS-26SEP27NEJAC,KXNFLRRYDS,KXNFLRRYDS-26SEP27NEJAC-JACBTUTEN33-70,Bhayshul Tuten: 70+ rushing and receiving yards combined,0.4500,0.4800,0.4700,33.24,33.24,active,2026-09-29T17:00:00Z,2026-09-26T14:52:17+00:00
KXNFLRRYDS-26SEP27NEJAC,KXNFLRRYDS,KXNFLRRYDS-26SEP27NEJAC-NERSTEVENSON38-60,Rhamondre Stevenson: 60+ rushing and receiving yards combined,0.4300,0.4500,0.4700,102.00,102.00,active,2026-09-29T17:00:00Z,2026-09-26T14:52:17+00:00
KXNFLRRYDS-26SEP27NEJAC,KXNFLRRYDS,KXNFLRRYDS-26SEP27NEJAC-NERSTEVENSON38-85,Rhamondre Stevenson: 85+ rushing and receiving yards combined,0.1800,0.2300,0.0000,0.00,0.00,active,2026-09-29T17:00:00Z,2026-09-26T14:52:17+00:00
KXNFLRRYDS-26SEP27NEJAC,KXNFLRRYDS,KXNFLRRYDS-26SEP27NEJAC-NETHENDERSON32-75,TreVeyon Henderson: 75+ rushing and receiving yards combined,0.2500,0.2800,0.2800,3.40,3.40,active,2026-09-29T17:00:00Z,2026-09-26T14:52:17+00:00
KXNFLRRYDS-26SEP27NEJAC,KXNFLRRYDS,KXNFLRRYDS-26SEP27NEJAC-NETHENDERSON32-100,TreVeyon Henderson: 100+ rushing and receiving yards combined,0.0800,0.1300,0.1300,33.33,33.33,active,2026-09-29T17:00:00Z,2026-09-26T14:52:17+00:00
KXNFLRRYDS-26SEP27NEJAC,KXNFLRRYDS,KXNFLRRYDS-26SEP27NEJAC-JACBTUTEN33-95,Bhayshul Tuten: 95+ rushing and receiving yards combined,0.2100,0.2500,0.0000,0.00,0.00,active,2026-09-29T17:00:00Z,2026-09-26T14:52:17+00:00
KXNFLRRYDS-26SEP27NEJAC,KXNFLRRYDS,KXNFLRRYDS-26SEP27NEJAC-JACBTUTEN33-120,Bhayshul Tuten: 120+ rushing and receiving yards combined,0.0700,0.1200,0.0000,0.00,0.00,active,2026-09-29T17:00:00Z,2026-09-26T14:52:17+00:00
KXNFLRRYDS-26SEP27NEJAC,KXNFLRRYDS,KXNFLRRYDS-26SEP27NEJAC-NERSTEVENSON38-110,Rhamondre Stevenson: 110+ rushing and receiving yards combined,0.0800,0.0900,0.0000,0.00,0.00,active,2026-09-29T17:00:00Z,2026-09-26T14:52:17+00:00
KXNFLRRYDS-26SEP27NEJAC,KXNFLRRYDS,KXNFLRRYDS-26SEP27NEJAC-NETHENDERSON32-50,TreVeyon Henderson: 50+ rushing and receiving yards combined,0.5500,0.5600,0.5700,8.51,8.51,active,2026-09-29T17:00:00Z,2026-09-26T14:52:17+00:00
KXNFLRRYDS-26SEP27NYJDET,KXNFLRRYDS,KXNFLRRYDS-26SEP27NYJDET-DETJGIBBS0-180,Jahmyr Gibbs: 180+ rushing and receiving yards combined,0.1000,0.1600,0.1400,53.22,53.22,active,2026-09-29T17:00:00Z,2026-09-26T14:52:17+00:00
KXNFLRRYDS-26SEP27NYJDET,KXNFLRRYDS,KXNFLRRYDS-26SEP27NYJDET-DETJGIBBS0-155,Jahmyr Gibbs: 155+ rushing and receiving yards combined,0.2800,0.3200,0.3200,260.09,260.09,active,2026-09-29T17:00:00Z,2026-09-26T14:52:17+00:00
KXNFLRRYDS-26SEP27NYJDET,KXNFLRRYDS,KXNFLRRYDS-26SEP27NYJDET-NYJBHALL20-130,Breece Hall: 130+ rushing and receiving yards combined,0.0900,0.1600,0.1600,29.51,29.51,active,2026-09-29T17:00:00Z,2026-09-26T14:52:17+00:00
KXNFLRRYDS-26SEP27NYJDET,KXNFLRRYDS,KXNFLRRYDS-26SEP27NYJDET-DETJGIBBS0-130,Jahmyr Gibbs: 130+ rushing and receiving yards combined,0.4800,0.5000,0.4900,401.56,400.56,active,2026-09-29T17:00:00Z,2026-09-26T14:52:17+00:00
KXNFLRRYDS-26SEP27NYJDET,KXNFLRRYDS,KXNFLRRYDS-26SEP27NYJDET-NYJBHALL20-80,Breece Hall: 80+ rushing and receiving yards combined,0.5400,0.5800,0.5400,161.37,159.37,active,2026-09-29T17:00:00Z,2026-09-26T14:52:17+00:00
KXNFLRRYDS-26SEP27NYJDET,KXNFLRRYDS,KXNFLRRYDS-26SEP27NYJDET-NYJBHALL20-105,Breece Hall: 105+ rushing and receiving yards combined,0.1300,0.4600,0.3900,21.50,21.50,active,2026-09-29T17:00:00Z,2026-09-26T14:52:17+00:00
KXNFLRRYDS-26SEP27SEAWAS,KXNFLRRYDS,KXNFLRRYDS-26SEP27SEAWAS-WASRWHITE1-65,Rachaad White: 65+ rushing and receiving yards combined,0.1600,0.2000,0.2000,22.00,22.00,active,2026-09-29T17:00:00Z,2026-09-26T14:52:17+00:00
KXNFLRRYDS-26SEP27SEAWAS,KXNFLRRYDS,KXNFLRRYDS-26SEP27SEAWAS-WASRWHITE1-90,Rachaad White: 90+ rushing and receiving yards combined,0.0200,0.0700,0.0000,0.00,0.00,active,2026-09-29T17:00:00Z,2026-09-26T14:52:17+00:00
KXNFLRRYDS-26SEP27SEAWAS,KXNFLRRYDS,KXNFLRRYDS-26SEP27SEAWAS-WASRWHITE1-40,Rachaad White: 40+ rushing and receiving yards combined,0.4600,0.4900,0.0000,0.00,0.00,active,2026-09-29T17:00:00Z,2026-09-26T14:52:17+00:00
KXNFLRRYDS-26SEP27TENNYG,KXNFLRRYDS,KXNFLRRYDS-26SEP27TENNYG-NYGCSKATTEBO44-120,Cam Skattebo: 120+ rushing and receiving yards combined,0.1100,0.1300,0.1300,1341.46,1341.46,active,2026-09-29T17:00:00Z,2026-09-26T14:52:17+00:00
KXNFLRRYDS-26SEP27TENNYG,KXNFLRRYDS,KXNFLRRYDS-26SEP27TENNYG-TENTPOLLARD20-85,Tony Pollard: 85+ rushing and receiving yards combined,0.0700,0.2900,0.0000,0.00,0.00,active,2026-09-29T17:00:00Z,2026-09-26T14:52:17+00:00
KXNFLRRYDS-26SEP27TENNYG,KXNFLRRYDS,KXNFLRRYDS-26SEP27TENNYG-TENTPOLLARD20-110,Tony Pollard: 110+ rushing and receiving yards combined,0.0700,0.1300,0.0000,0.00,0.00,active,2026-09-29T17:00:00Z,2026-09-26T14:52:17+00:00
KXNFLRRYDS-26SEP27TENNYG,KXNFLRRYDS,KXNFLRRYDS-26SEP27TENNYG-NYGCSKATTEBO44-95,Cam Skattebo: 95+ rushing and receiving yards combined,0.2700,0.3000,0.3000,2058.00,2058.00,active,2026-09-29T17:00:00Z,2026-09-26T14:52:17+00:00
KXNFLRRYDS-26SEP27TENNYG,KXNFLRRYDS,KXNFLRRYDS-26SEP27TENNYG-TENTPOLLARD20-60,Tony Pollard: 60+ rushing and receiving yards combined,0.4800,0.5200,0.5100,11.00,11.00,active,2026-09-29T17:00:00Z,2026-09-26T14:52:17+00:00
KXNFLRRYDS-26SEP27TENNYG,KXNFLRRYDS,KXNFLRRYDS-26SEP27TENNYG-NYGCSKATTEBO44-70,Cam Skattebo: 70+ rushing and receiving yards combined,0.5400,0.5700,0.5400,2993.00,2991.00,active,2026-09-29T17:00:00Z,2026-09-26T14:52:17+00:00
KXNFLRRYDS-26SEP28PHICHI,KXNFLRRYDS,KXNFLRRYDS-26SEP28PHICHI-CHIDSWIFT4-70,D'Andre Swift: 70+ rushing and receiving yards combined,0.4200,0.5200,0.0000,0.00,0.00,active,2026-10-01T00:15:00Z,2026-09-26T14:52:17+00:00
KXNFLRRYDS-26SEP28PHICHI,KXNFLRRYDS,KXNFLRRYDS-26SEP28PHICHI-PHISBARKLEY26-115,Saquon Barkley: 115+ rushing and receiving yards combined,0.2500,0.3000,0.4400,3.00,3.00,active,2026-10-01T00:15:00Z,2026-09-26T14:52:17+00:00
KXNFLRRYDS-26SEP28PHICHI,KXNFLRRYDS,KXNFLRRYDS-26SEP28PHICHI-CHIDSWIFT4-120,D'Andre Swift: 120+ rushing and receiving yards combined,0.1000,0.1600,0.1600,39.00,39.00,active,2026-10-01T00:15:00Z,2026-09-26T14:52:17+00:00
KXNFLRRYDS-26SEP28PHICHI,KXNFLRRYDS,KXNFLRRYDS-26SEP28PHICHI-CHIDSWIFT4-95,D'Andre Swift: 95+ rushing and receiving yards combined,0.1300,0.3100,0.0000,0.00,0.00,active,2026-10-01T00:15:00Z,2026-09-26T14:52:17+00:00
KXNFLRRYDS-26SEP28PHICHI,KXNFLRRYDS,KXNFLRRYDS-26SEP28PHICHI-PHISBARKLEY26-140,Saquon Barkley: 140+ rushing and receiving yards combined,0.1100,0.1400,0.1100,1.01,1.01,active,2026-10-01T00:15:00Z,2026-09-26T14:52:17+00:00
KXNFLRRYDS-26SEP28PHICHI,KXNFLRRYDS,KXNFLRRYDS-26SEP28PHICHI-PHISBARKLEY26-90,Saquon Barkley: 90+ rushing and receiving yards combined,0.4700,0.5200,0.4700,1.00,1.00,active,2026-10-01T00:15:00Z,2026-09-26T14:52:17+00:00
KXNFLGAME-26OCT01PITCLE,KXNFLGAME,KXNFLGAME-26OCT01PITCLE-CLE,Cleveland wins,0.4400,0.4500,0.4500,3585.93,3453.71,active,2026-10-04T00:15:00Z,2026-09-26T14:52:17+00:00
KXNFLGAME-26OCT01PITCLE,KXNFLGAME,KXNFLGAME-26OCT01PITCLE-PIT,Pittsburgh wins,0.5500,0.5700,0.5700,3938.29,3464.62,active,2026-10-04T00:15:00Z,2026-09-26T14:52:17+00:00
KXNFLGAME-26OCT04ARINYG,KXNFLGAME,KXNFLGAME-26OCT04ARINYG-NYG,New York G wins,0.5500,0.5700,0.5700,1186.47,1092.66,active,2026-10-06T17:00:00Z,2026-09-26T14:52:17+00:00
KXNFLGAME-26OCT04ARINYG,KXNFLGAME,KXNFLGAME-26OCT04ARINYG-ARI,Arizona wins,0.4400,0.4600,0.4600,4554.07,4396.43,active,2026-10-06T17:00:00Z,2026-09-26T14:52:17+00:00
KXNFLGAME-26OCT04DALHOU,KXNFLGAME,KXNFLGAME-26OCT04DALHOU-HOU,Houston wins,0.5600,0.5900,0.5600,1914.40,1764.37,active,2026-10-06T17:00:00Z,2026-09-26T14:52:17+00:00
KXNFLGAME-26OCT04DALHOU,KXNFLGAME,KXNFLGAME-26OCT04DALHOU-DAL,Dallas wins,0.4100,0.4400,0.4400,12295.77,11167.69,active,2026-10-06T17:00:00Z,2026-09-26T14:52:17+00:00
KXNFLGAME-26OCT04DENSF,KXNFLGAME,KXNFLGAME-26OCT04DENSF-DEN,Denver wins,0.4100,0.4200,0.4200,4736.14,4493.56,active,2026-10-06T20:25:00Z,2026-09-26T14:52:17+00:00
KXNFLGAME-26OCT04DENSF,KXNFLGAME,KXNFLGAME-26OCT04DENSF-SF,San Francisco wins,0.5900,0.6000,0.5800,6262.19,4915.26,active,2026-10-06T20:25:00Z,2026-09-26T14:52:17+00:00
KXNFLGAME-26OCT04DETCAR,KXNFLGAME,KXNFLGAME-26OCT04DETCAR-CAR,Carolina wins,0.4300,0.4500,0.4500,870.82,867.00,active,2026-10-07T00:20:00Z,2026-09-26T14:52:17+00:00
KXNFLGAME-26OCT04DETCAR,KXNFLGAME,KXNFLGAME-26OCT04DETCAR-DET,Detroit wins,0.5500,0.5800,0.5800,796.61,687.03,active,2026-10-07T00:20:00Z,2026-09-26T14:52:17+00:00
KXNFLGAME-26OCT04GBTB,KXNFLGAME,KXNFLGAME-26OCT04GBTB-GB,Green Bay wins,0.5300,0.5400,0.5400,16761.61,14590.49,active,2026-10-06T17:00:00Z,2026-09-26T14:52:17+00:00
KXNFLGAME-26OCT04GBTB,KXNFLGAME,KXNFLGAME-26OCT04GBTB-TB,Tampa Bay wins,0.4700,0.4900,0.4900,5722.26,4784.74,active,2026-10-06T17:00:00Z,2026-09-26T14:52:17+00:00
KXNFLGAME-26OCT04INDWAS,KXNFLGAME,KXNFLGAME-26OCT04INDWAS-WAS,Washington wins,0.3200,0.3500,0.3500,1130.41,1075.76,active,2026-10-06T13:30:00Z,2026-09-26T14:52:17+00:00
KXNFLGAME-26OCT04INDWAS,KXNFLGAME,KXNFLGAME-26OCT04INDWAS-IND,Indianapolis wins,0.6700,0.6800,0.6800,2077.64,1742.70,active,2026-10-06T13:30:00Z,2026-09-26T14:52:17+00:00
KXNFLGAME-26OCT04JACCIN,KXNFLGAME,KXNFLGAME-26OCT04JACCIN-JAC,Jacksonville wins,0.4100,0.4400,0.4400,1771.00,1708.81,active,2026-10-06T17:00:00Z,2026-09-26T14:52:17+00:00
KXNFLGAME-26OCT04JACCIN,KXNFLGAME,KXNFLGAME-26OCT04JACCIN-CIN,Cincinnati wins,0.5700,0.5900,0.5900,3246.13,3188.02,active,2026-10-06T17:00:00Z,2026-09-26T14:52:17+00:00
KXNFLGAME-26OCT04KCLV,KXNFLGAME,KXNFLGAME-26OCT04KCLV-LV,Las Vegas wins,0.3100,0.3300,0.3300,9846.98,8738.93,active,2026-10-06T20:25:00Z,2026-09-26T14:52:17+00:00
KXNFLGAME-26OCT04KCLV,KXNFLGAME,KXNFLGAME-26OCT04KCLV-KC,Kansas City wins,0.6800,0.7000,0.6800,5079.35,4765.18,active,2026-10-06T20:25:00Z,2026-09-26T14:52:17+00:00
KXNFLGAME-26OCT04LACSEA,KXNFLGAME,KXNFLGAME-26OCT04LACSEA-SEA,Seattle wins,0.7300,0.7600,0.7600,1247.38,1236.80,active,2026-10-06T20:25:00Z,2026-09-26T14:52:17+00:00
KXNFLGAME-26OCT04LACSEA,KXNFLGAME,KXNFLGAME-26OCT04LACSEA-LAC,Los Angeles C wins,0.2500,0.2700,0.2700,4295.42,4147.37,active,2026-10-06T20:25:00Z,2026-09-26T14:52:17+00:00
KXNFLGAME-26OCT04LARPHI,KXNFLGAME,KXNFLGAME-26OCT04LARPHI-LAR,Los Angeles R wins,0.5700,0.5800,0.5800,2329.88,2168.76,active,2026-10-06T17:00:00Z,2026-09-26T14:52:17+00:00
KXNFLGAME-26OCT04LARPHI,KXNFLGAME,KXNFLGAME-26OCT04LARPHI-PHI,Philadelphia wins,0.4200,0.4400,0.4400,6166.38,5765.05,active,2026-10-06T17:00:00Z,2026-09-26T14:52:17+00:00
KXNFLGAME-26OCT04MIAMIN,KXNFLGAME,KXNFLGAME-26OCT04MIAMIN-MIA,Miami wins,0.1500,0.1700,0.1800,7695.08,6211.96,active,2026-10-06T20:05:00Z,2026-09-26T14:52:17+00:00
KXNFLGAME-26OCT04MIAMIN,KXNFLGAME,KXNFLGAME-26OCT04MIAMIN-MIN,Minnesota wins,0.8300,0.8500,0.8500,9078.82,7421.88,active,2026-10-06T20:05:00Z,2026-09-26T14:52:17+00:00
KXNFLGAME-26OCT04NEBUF,KXNFLGAME,KXNFLGAME-26OCT04NEBUF-NE,New England wins,0.3000,0.3200,0.2900,3548.13,2874.42,active,2026-10-06T17:00:00Z,2026-09-26T14:52:17+00:00
KXNFLGAME-26OCT04NEBUF,KXNFLGAME,KXNFLGAME-26OCT04NEBUF-BUF,Buffalo wins,0.6800,0.7100,0.7100,3033.36,2143.32,active,2026-10-06T17:00:00Z,2026-09-26T14:52:17+00:00
KXNFLGAME-26OCT04NYJCHI,KXNFLGAME,KXNFLGAME-26OCT04NYJCHI-NYJ,New York J wins,0.3700,0.3900,0.3900,1702.97,1562.12,active,2026-10-06T17:00:00Z,2026-09-26T14:52:17+00:00
KXNFLGAME-26OCT04NYJCHI,KXNFLGAME,KXNFLGAME-26OCT04NYJCHI-CHI,Chicago wins,0.6200,0.6400,0.6400,1980.58,1869.53,active,2026-10-06T17:00:00Z,2026-09-26T14:52:17+00:00
KXNFLGAME-26OCT04TENBAL,KXNFLGAME,KXNFLGAME-26OCT04TENBAL-BAL,Baltimore wins,0.8300,0.8500,0.8500,10291.59,8502.91,active,2026-10-06T17:00:00Z,2026-09-26T14:52:17+00:00
KXNFLGAME-26OCT04TENBAL,KXNFLGAME,KXNFLGAME-26OCT04TENBAL-TEN,Tennessee wins,0.1500,0.1700,0.1700,10782.69,8909.13,active,2026-10-06T17:00:00Z,2026-09-26T14:52:17+00:00
KXNFLGAME-26OCT05ATLNO,KXNFLGAME,KXNFLGAME-26OCT05ATLNO-NO,New Orleans wins,0.5900,0.6000,0.6000,6137.78,5418.72,active,2026-10-08T00:15:00Z,2026-09-26T14:52:17+00:00
KXNFLGAME-26OCT05ATLNO,KXNFLGAME,KXNFLGAME-26OCT05ATLNO-ATL,Atlanta wins,0.4000,0.4100,0.4000,17353.60,12115.28,active,2026-10-08T00:15:00Z,2026-09-26T14:52:17+00:00
KXNFLGAME-26SEP27ARISF,KXNFLGAME,KXNFLGAME-26SEP27ARISF-ARI,Arizona wins,0.2200,0.2300,0.2300,108567.12,86514.55,active,2026-09-29T20:05:00Z,2026-09-26T14:52:17+00:00
KXNFLGAME-26SEP27ARISF,KXNFLGAME,KXNFLGAME-26SEP27ARISF-SF,San Francisco wins,0.7700,0.7800,0.7800,204845.89,181165.05,active,2026-09-29T20:05:00Z,2026-09-26T14:52:17+00:00
KXNFLGAME-26SEP27BALDAL,KXNFLGAME,KXNFLGAME-26SEP27BALDAL-BAL,Baltimore wins,0.6200,0.6300,0.6200,103579.50,95562.32,active,2026-09-29T20:25:00Z,2026-09-26T14:52:17+00:00
KXNFLGAME-26SEP27BALDAL,KXNFLGAME,KXNFLGAME-26SEP27BALDAL-DAL,Dallas wins,0.3700,0.3800,0.3800,284696.41,263102.80,active,2026-09-29T20:25:00Z,2026-09-26T14:52:17+00:00
KXNFLGAME-26SEP27CARCLE,KXNFLGAME,KXNFLGAME-26SEP27CARCLE-CLE,Cleveland wins,0.4400,0.4500,0.4500,40694.27,37630.38,active,2026-09-29T17:00:00Z,2026-09-26T14:52:17+00:00
KXNFLGAME-26SEP27CARCLE,KXNFLGAME,KXNFLGAME-26SEP27CARCLE-CAR,Carolina wins,0.5600,0.5700,0.5700,168988.38,151143.14,active,2026-09-29T17:00:00Z,2026-09-26T14:52:17+00:00
KXNFLGAME-26SEP27CINPIT,KXNFLGAME,KXNFLGAME-26SEP27CINPIT-CIN,Cincinnati wins,0.6100,0.6200,0.6200,288681.64,277454.41,active,2026-09-29T17:00:00Z,2026-09-26T14:52:17+00:00
KXNFLGAME-26SEP27CINPIT,KXNFLGAME,KXNFLGAME-26SEP27CINPIT-PIT,Pittsburgh wins,0.3800,0.3900,0.3900,122587.36,110599.42,active,2026-09-29T17:00:00Z,2026-09-26T14:52:17+00:00
KXNFLGAME-26SEP27HOUIND,KXNFLGAME,KXNFLGAME-26SEP27HOUIND-IND,Indianapolis wins,0.4600,0.4700,0.4700,92677.57,83819.89,active,2026-09-29T17:00:00Z,2026-09-26T14:52:17+00:00
KXNFLGAME-26SEP27HOUIND,KXNFLGAME,KXNFLGAME-26SEP27HOUIND-HOU,Houston wins,0.5300,0.5400,0.5400,89464.92,79505.61,active,2026-09-29T17:00:00Z,2026-09-26T14:52:17+00:00
KXNFLGAME-26SEP27KCMIA,KXNFLGAME,KXNFLGAME-26SEP27KCMIA-KC,Kansas City wins,0.8500,0.8600,0.8600,1134165.96,971387.98,active,2026-09-29T17:00:00Z,2026-09-26T14:52:17+00:00
KXNFLGAME-26SEP27KCMIA,KXNFLGAME,KXNFLGAME-26SEP27KCMIA-MIA,Miami wins,0.1400,0.1500,0.1500,439283.83,357962.43,active,2026-09-29T17:00:00Z,2026-09-26T14:52:17+00:00
KXNFLGAME-26SEP27LACBUF,KXNFLGAME,KXNFLGAME-26SEP27LACBUF-LAC,Los Angeles C wins,0.2400,0.2500,0.2500,204895.41,174523.64,active,2026-09-29T17:00:00Z,2026-09-26T14:52:17+00:00
KXNFLGAME-26SEP27LACBUF,KXNFLGAME,KXNFLGAME-26SEP27LACBUF-BUF,Buffalo wins,0.7500,0.7600,0.7600,307513.40,262711.76,active,2026-09-29T17:00:00Z,2026-09-26T14:52:17+00:00
KXNFLGAME-26SEP27LARDEN,KXNFLGAME,KXNFLGAME-26SEP27LARDEN-LAR,Los Angeles R wins,0.5400,0.5500,0.5500,105305.21,95026.82,active,2026-09-30T00:20:00Z,2026-09-26T14:52:17+00:00
KXNFLGAME-26SEP27LARDEN,KXNFLGAME,KXNFLGAME-26SEP27LARDEN-DEN,Denver wins,0.4500,0.4600,0.4600,145186.19,132535.20,active,2026-09-30T00:20:00Z,2026-09-26T14:52:17+00:00
KXNFLGAME-26SEP27LVNO,KXNFLGAME,KXNFLGAME-26SEP27LVNO-NO,New Orleans wins,0.6100,0.6200,0.6100,119520.75,102682.25,active,2026-09-29T20:25:00Z,2026-09-26T14:52:17+00:00
KXNFLGAME-26SEP27LVNO,KXNFLGAME,KXNFLGAME-26SEP27LVNO-LV,Las Vegas wins,0.3800,0.3900,0.3900,719652.45,670289.84,active,2026-09-29T20:25:00Z,2026-09-26T14:52:17+00:00
KXNFLGAME-26SEP27MINTB,KXNFLGAME,KXNFLGAME-26SEP27MINTB-TB,Tampa Bay wins,0.4700,0.4800,0.4800,96318.43,89477.04,active,2026-09-29T20:05:00Z,2026-09-26T14:52:17+00:00
KXNFLGAME-26SEP27MINTB,KXNFLGAME,KXNFLGAME-26SEP27MINTB-MIN,Minnesota wins,0.5200,0.5300,0.5300,187889.33,164259.35,active,2026-09-29T20:05:00Z,2026-09-26T14:52:17+00:00
KXNFLGAME-26SEP27NEJAC,KXNFLGAME,KXNFLGAME-26SEP27NEJAC-NE,New England wins,0.4000,0.4100,0.4100,230950.86,216221.73,active,2026-09-29T17:00:00Z,2026-09-26T14:52:17+00:00
KXNFLGAME-26SEP27NEJAC,KXNFLGAME,KXNFLGAME-26SEP27NEJAC-JAC,Jacksonville wins,0.5900,0.6000,0.6000,87959.69,80586.10,active,2026-09-29T17:00:00Z,2026-09-26T14:52:17+00:00
KXNFLGAME-26SEP27NYJDET,KXNFLGAME,KXNFLGAME-26SEP27NYJDET-NYJ,New York J wins,0.2700,0.2800,0.2800,141949.71,123741.04,active,2026-09-29T17:00:00Z,2026-09-26T14:52:17+00:00
KXNFLGAME-26SEP27NYJDET,KXNFLGAME,KXNFLGAME-26SEP27NYJDET-DET,Detroit wins,0.7200,0.7300,0.7300,85526.54,77155.34,active,2026-09-29T17:00:00Z,2026-09-26T14:52:17+00:00
KXNFLGAME-26SEP27SEAWAS,KXNFLGAME,KXNFLGAME-26SEP27SEAWAS-WAS,Washington wins,0.2400,0.2500,0.2500,117744.09,99611.82,active,2026-09-29T17:00:00Z,2026-09-26T14:52:17+00:00
KXNFLGAME-26SEP27SEAWAS,KXNFLGAME,KXNFLGAME-26SEP27SEAWAS-SEA,Seattle wins,0.7600,0.7700,0.7700,600357.14,492345.97,active,2026-09-29T17:00:00Z,2026-09-26T14:52:17+00:00
KXNFLGAME-26SEP27TENNYG,KXNFLGAME,KXNFLGAME-26SEP27TENNYG-NYG,New York G wins,0.5500,0.5600,0.5600,61711.84,48793.69,active,2026-09-29T17:00:00Z,2026-09-26T14:52:17+00:00
KXNFLGAME-26SEP27TENNYG,KXNFLGAME,KXNFLGAME-26SEP27TENNYG-TEN,Tennessee wins,0.4400,0.4500,0.4500,238381.18,202314.68,active,2026-09-29T17:00:00Z,2026-09-26T14:52:17+00:00
KXNFLGAME-26SEP28PHICHI,KXNFLGAME,KXNFLGAME-26SEP28PHICHI-PHI,Philadelphia wins,0.6800,0.6900,0.6900,505085.49,456349.40,active,2026-10-01T00:15:00Z,2026-09-26T14:52:17+00:00
KXNFLGAME-26SEP28PHICHI,KXNFLGAME,KXNFLGAME-26SEP28PHICHI-CHI,Chicago wins,0.3100,0.3200,0.3100,151362.69,121035.63,active,2026-10-01T00:15:00Z,2026-09-26T14:52:17+00:00
KXNFLSPREAD-26OCT01PITCLE,KXNFLSPREAD,KXNFLSPREAD-26OCT01PITCLE-CLE4,CLE Browns wins by over 3.5 points?,0.2900,0.3500,0.0000,0.00,0.00,active,2026-10-04T00:15:00Z,2026-09-26T14:52:17+00:00
KXNFLSPREAD-26OCT01PITCLE,KXNFLSPREAD,KXNFLSPREAD-26OCT01PITCLE-CLE15,CLE Browns wins by over 14.5 points?,0.0700,0.1200,0.0000,0.00,0.00,active,2026-10-04T00:15:00Z,2026-09-26T14:52:17+00:00
KXNFLSPREAD-26OCT01PITCLE,KXNFLSPREAD,KXNFLSPREAD-26OCT01PITCLE-PIT11,PIT Steelers wins by over 10.5 points?,0.2000,0.2500,0.0000,0.00,0.00,active,2026-10-04T00:15:00Z,2026-09-26T14:52:17+00:00
KXNFLSPREAD-26OCT01PITCLE,KXNFLSPREAD,KXNFLSPREAD-26OCT01PITCLE-PIT17,PIT Steelers wins by over 16.5 points?,0.0900,0.1400,0.0000,0.00,0.00,active,2026-10-04T00:15:00Z,2026-09-26T14:52:17+00:00
KXNFLSPREAD-26OCT01PITCLE,KXNFLSPREAD,KXNFLSPREAD-26OCT01PITCLE-CLE5,CLE Browns wins by over 4.5 points?,0.2600,0.3200,0.0000,0.00,0.00,active,2026-10-04T00:15:00Z,2026-09-26T14:52:17+00:00
KXNFLSPREAD-26OCT01PITCLE,KXNFLSPREAD,KXNFLSPREAD-26OCT01PITCLE-PIT10,PIT Steelers wins by over 9.5 points?,0.2300,0.2800,0.0000,0.00,0.00,active,2026-10-04T00:15:00Z,2026-09-26T14:52:17+00:00
KXNFLSPREAD-26OCT01PITCLE,KXNFLSPREAD,KXNFLSPREAD-26OCT01PITCLE-CLE7,CLE Browns wins by over 6.5 points?,0.2100,0.2700,0.0000,0.00,0.00,active,2026-10-04T00:15:00Z,2026-09-26T14:52:17+00:00
KXNFLSPREAD-26OCT01PITCLE,KXNFLSPREAD,KXNFLSPREAD-26OCT01PITCLE-PIT18,PIT Steelers wins by over 17.5 points?,0.0800,0.1200,0.0000,0.00,0.00,active,2026-10-04T00:15:00Z,2026-09-26T14:52:17+00:00
KXNFLSPREAD-26OCT01PITCLE,KXNFLSPREAD,KXNFLSPREAD-26OCT01PITCLE-PIT3,PIT Steelers wins by over 2.5 points?,0.4900,0.5100,0.5000,2182.30,2147.89,active,2026-10-04T00:15:00Z,2026-09-26T14:52:17+00:00
KXNFLSPREAD-26OCT01PITCLE,KXNFLSPREAD,KXNFLSPREAD-26OCT01PITCLE-CLE11,CLE Browns wins by over 10.5 points?,0.1200,0.2000,0.0000,0.00,0.00,active,2026-10-04T00:15:00Z,2026-09-26T14:52:17+00:00
KXNFLSPREAD-26OCT01PITCLE,KXNFLSPREAD,KXNFLSPREAD-26OCT01PITCLE-PIT6,PIT Steelers wins by over 5.5 points?,0.3400,0.3900,0.0000,0.00,0.00,active,2026-10-04T00:15:00Z,2026-09-26T14:52:17+00:00
KXNFLSPREAD-26OCT01PITCLE,KXNFLSPREAD,KXNFLSPREAD-26OCT01PITCLE-CLE6,CLE Browns wins by over 5.5 points?,0.2500,0.3100,0.0000,0.00,0.00,active,2026-10-04T00:15:00Z,2026-09-26T14:52:17+00:00
KXNFLSPREAD-26OCT01PITCLE,KXNFLSPREAD,KXNFLSPREAD-26OCT01PITCLE-CLE3,CLE Browns wins by over 2.5 points?,0.3600,0.4300,0.0000,0.00,0.00,active,2026-10-04T00:15:00Z,2026-09-26T14:52:17+00:00
KXNFLSPREAD-26OCT01PITCLE,KXNFLSPREAD,KXNFLSPREAD-26OCT01PITCLE-PIT5,PIT Steelers wins by over 4.5 points?,0.3700,0.4100,0.4800,0.10,0.10,active,2026-10-04T00:15:00Z,2026-09-26T14:52:17+00:00
KXNFLSPREAD-26OCT01PITCLE,KXNFLSPREAD,KXNFLSPREAD-26OCT01PITCLE-CLE10,CLE Browns wins by over 9.5 points?,0.1500,0.2100,0.0000,0.00,0.00,active,2026-10-04T00:15:00Z,2026-09-26T14:52:17+00:00
KXNFLSPREAD-26OCT01PITCLE,KXNFLSPREAD,KXNFLSPREAD-26OCT01PITCLE-CLE2,CLE Browns wins by over 1.5 points?,0.3900,0.4300,0.0000,0.00,0.00,active,2026-10-04T00:15:00Z,2026-09-26T14:52:17+00:00
KXNFLSPREAD-26OCT01PITCLE,KXNFLSPREAD,KXNFLSPREAD-26OCT01PITCLE-PIT2,PIT Steelers wins by over 1.5 points?,0.4900,0.5500,0.0000,0.00,0.00,active,2026-10-04T00:15:00Z,2026-09-26T14:52:17+00:00
KXNFLSPREAD-26OCT01PITCLE,KXNFLSPREAD,KXNFLSPREAD-26OCT01PITCLE-CLE8,CLE Browns wins by over 7.5 points?,0.1800,0.2400,0.0000,0.00,0.00,active,2026-10-04T00:15:00Z,2026-09-26T14:52:17+00:00
KXNFLSPREAD-26OCT01PITCLE,KXNFLSPREAD,KXNFLSPREAD-26OCT01PITCLE-CLE14,CLE Browns wins by over 13.5 points?,0.0900,0.1400,0.0000,0.00,0.00,active,2026-10-04T00:15:00Z,2026-09-26T14:52:17+00:00
KXNFLSPREAD-26OCT01PITCLE,KXNFLSPREAD,KXNFLSPREAD-26OCT01PITCLE-PIT4,PIT Steelers wins by over 3.5 points?,0.4100,0.4600,0.4500,10.00,10.00,active,2026-10-04T00:15:00Z,2026-09-26T14:52:17+00:00
KXNFLSPREAD-26OCT01PITCLE,KXNFLSPREAD,KXNFLSPREAD-26OCT01PITCLE-PIT7,PIT Steelers wins by over 6.5 points?,0.3000,0.3600,0.0000,0.00,0.00,active,2026-10-04T00:15:00Z,2026-09-26T14:52:17+00:00
KXNFLSPREAD-26OCT01PITCLE,KXNFLSPREAD,KXNFLSPREAD-26OCT01PITCLE-PIT21,PIT Steelers wins by over 20.5 points?,0.0500,0.0900,0.0000,0.00,0.00,active,2026-10-04T00:15:00Z,2026-09-26T14:52:17+00:00
KXNFLSPREAD-26OCT01PITCLE,KXNFLSPREAD,KXNFLSPREAD-26OCT01PITCLE-PIT15,PIT Steelers wins by over 14.5 points?,0.1200,0.1700,0.0000,0.00,0.00,active,2026-10-04T00:15:00Z,2026-09-26T14:52:17+00:00
KXNFLSPREAD-26OCT01PITCLE,KXNFLSPREAD,KXNFLSPREAD-26OCT01PITCLE-PIT14,PIT Steelers wins by over 13.5 points?,0.1400,0.1800,0.0000,0.00,0.00,active,2026-10-04T00:15:00Z,2026-09-26T14:52:17+00:00
KXNFLSPREAD-26OCT01PITCLE,KXNFLSPREAD,KXNFLSPREAD-26OCT01PITCLE-PIT8,PIT Steelers wins by over 7.5 points?,0.2600,0.3300,0.0000,0.00,0.00,active,2026-10-04T00:15:00Z,2026-09-26T14:52:17+00:00
KXNFLSPREAD-26SEP27ARISF,KXNFLSPREAD,KXNFLSPREAD-26SEP27ARISF-ARI4,ARI Cardinals wins by over 3.5 points?,0.1300,0.1400,0.1300,3063.25,3063.25,active,2026-09-29T20:05:00Z,2026-09-26T14:52:17+00:00
KXNFLSPREAD-26SEP27ARISF,KXNFLSPREAD,KXNFLSPREAD-26SEP27ARISF-ARI15,ARI Cardinals wins by over 14.5 points?,0.0300,0.0400,0.0300,188.55,188.55,active,2026-09-29T20:05:00Z,2026-09-26T14:52:17+00:00
KXNFLSPREAD-26SEP27ARISF,KXNFLSPREAD,KXNFLSPREAD-26SEP27ARISF-SF3,SF 49ers wins by over 2.5 points?,0.7400,0.7600,0.7600,1180.86,1180.86,active,2026-09-29T20:05:00Z,2026-09-26T14:52:17+00:00
KXNFLSPREAD-26SEP27ARISF,KXNFLSPREAD,KXNFLSPREAD-26SEP27ARISF-SF28,SF 49ers wins by over 27.5 points?,0.0700,0.0900,0.0900,1026.14,833.19,active,2026-09-29T20:05:00Z,2026-09-26T14:52:17+00:00
KXNFLSPREAD-26SEP27ARISF,KXNFLSPREAD,KXNFLSPREAD-26SEP27ARISF-SF11,SF 49ers wins by over 10.5 points?,0.4200,0.4300,0.4200,4915.16,4914.04,active,2026-09-29T20:05:00Z,2026-09-26T14:52:17+00:00
KXNFLSPREAD-26SEP27ARISF,KXNFLSPREAD,KXNFLSPREAD-26SEP27ARISF-ARI2,ARI Cardinals wins by over 1.5 points?,0.1900,0.2000,0.2000,1332.73,1332.73,active,2026-09-29T20:05:00Z,2026-09-26T14:52:17+00:00
KXNFLSPREAD-26SEP27ARISF,KXNFLSPREAD,KXNFLSPREAD-26SEP27ARISF-SF6,SF 49ers wins by over 5.5 points?,0.6100,0.6300,0.6200,1219.78,850.90,active,2026-09-29T20:05:00Z,2026-09-26T14:52:17+00:00
KXNFLSPREAD-26SEP27ARISF,KXNFLSPREAD,KXNFLSPREAD-26SEP27ARISF-SF14,SF 49ers wins by over 13.5 points?,0.3700,0.3800,0.3800,7143.68,6815.88,active,2026-09-29T20:05:00Z,2026-09-26T14:52:17+00:00
KXNFLSPREAD-26SEP27ARISF,KXNFLSPREAD,KXNFLSPREAD-26SEP27ARISF-ARI8,ARI Cardinals wins by over 7.5 points?,0.0800,0.0900,0.0800,11847.37,11090.17,active,2026-09-29T20:05:00Z,2026-09-26T14:52:17+00:00
KXNFLSPREAD-26SEP27ARISF,KXNFLSPREAD,KXNFLSPREAD-26SEP27ARISF-SF10,SF 49ers wins by over 9.5 points?,0.4600,0.4700,0.4700,10197.83,7695.98,active,2026-09-29T20:05:00Z,2026-09-26T14:52:17+00:00
KXNFLSPREAD-26SEP27ARISF,KXNFLSPREAD,KXNFLSPREAD-26SEP27ARISF-SF5,SF 49ers wins by over 4.5 points?,0.6300,0.6400,0.6400,1266.04,1251.46,active,2026-09-29T20:05:00Z,2026-09-26T14:52:17+00:00
KXNFLSPREAD-26SEP27ARISF,KXNFLSPREAD,KXNFLSPREAD-26SEP27ARISF-SF7,SF 49ers wins by over 6.5 points?,0.5800,0.5900,0.5900,36788.30,36732.68,active,2026-09-29T20:05:00Z,2026-09-26T14:52:17+00:00
KXNFLSPREAD-26SEP27ARISF,KXNFLSPREAD,KXNFLSPREAD-26SEP27ARISF-ARI14,ARI Cardinals wins by over 13.5 points?,0.0300,0.0400,0.0400,13.98,13.49,active,2026-09-29T20:05:00Z,2026-09-26T14:52:17+00:00
KXNFLSPREAD-26SEP27ARISF,KXNFLSPREAD,KXNFLSPREAD-26SEP27ARISF-SF8,SF 49ers wins by over 7.5 points?,0.5100,0.5200,0.5200,20973.18,20912.40,active,2026-09-29T20:05:00Z,2026-09-26T14:52:17+00:00
KXNFLSPREAD-26SEP27ARISF,KXNFLSPREAD,KXNFLSPREAD-26SEP27ARISF-SF9,SF 49ers wins by over 8.5 points?,0.4700,0.4800,0.4700,229251.36,207628.71,active,2026-09-29T20:05:00Z,2026-09-26T14:52:17+00:00
KXNFLSPREAD-26SEP27ARISF,KXNFLSPREAD,KXNFLSPREAD-26SEP27ARISF-SF4,SF 49ers wins by over 3.5 points?,0.6600,0.6700,0.6700,2603.83,2423.83,active,2026-09-29T20:05:00Z,2026-09-26T14:52:17+00:00
KXNFLSPREAD-26SEP27ARISF,KXNFLSPREAD,KXNFLSPREAD-26SEP27ARISF-ARI6,ARI Cardinals wins by over 5.5 points?,0.1100,0.1200,0.1100,5070.93,4755.93,active,2026-09-29T20:05:00Z,2026-09-26T14:52:17+00:00
KXNFLSPREAD-26SEP27ARISF,KXNFLSPREAD,KXNFLSPREAD-26SEP27ARISF-ARI11,ARI Cardinals wins by over 10.5 points?,0.0400,0.0500,0.0400,6076.71,6075.71,active,2026-09-29T20:05:00Z,2026-09-26T14:52:17+00:00
KXNFLSPREAD-26SEP27ARISF,KXNFLSPREAD,KXNFLSPREAD-26SEP27ARISF-SF21,SF 49ers wins by over 20.5 points?,0.2000,0.2100,0.2200,922.72,916.63,active,2026-09-29T20:05:00Z,2026-09-26T14:52:17+00:00
KXNFLSPREAD-26SEP27ARISF,KXNFLSPREAD,KXNFLSPREAD-26SEP27ARISF-ARI10,ARI Cardinals wins by over 9.5 points?,0.0500,0.0600,0.0600,27216.90,26765.90,active,2026-09-29T20:05:00Z,2026-09-26T14:52:17+00:00
KXNFLSPREAD-26SEP27ARISF,KXNFLSPREAD,KXNFLSPREAD-26SEP27ARISF-ARI7,ARI Cardinals wins by over 6.5 points?,0.0900,0.1000,0.0900,4144.43,4144.43,active,2026-09-29T20:05:00Z,2026-09-26T14:52:17+00:00
KXNFLSPREAD-26SEP27ARISF,KXNFLSPREAD,KXNFLSPREAD-26SEP27ARISF-SF17,SF 49ers wins by over 16.5 points?,0.2900,0.3100,0.3100,404.10,404.10,active,2026-09-29T20:05:00Z,2026-09-26T14:52:17+00:00
KXNFLSPREAD-26SEP27ARISF,KXNFLSPREAD,KXNFLSPREAD-26SEP27ARISF-ARI5,ARI Cardinals wins by over 4.5 points?,0.1100,0.1300,0.1300,5997.28,5997.28,active,2026-09-29T20:05:00Z,2026-09-26T14:52:17+00:00
KXNFLSPREAD-26SEP27ARISF,KXNFLSPREAD,KXNFLSPREAD-26SEP27ARISF-SF18,SF 49ers wins by over 17.5 points?,0.2700,0.2800,0.2800,573.23,573.23,active,2026-09-29T20:05:00Z,2026-09-26T14:52:17+00:00
KXNFLSPREAD-26SEP27ARISF,KXNFLSPREAD,KXNFLSPREAD-26SEP27ARISF-SF15,SF 49ers wins by over 14.5 points?,0.3100,0.3200,0.3200,2165.60,2119.45,active,2026-09-29T20:05:00Z,2026-09-26T14:52:17+00:00
KXNFLSPREAD-26SEP27ARISF,KXNFLSPREAD,KXNFLSPREAD-26SEP27ARISF-SF24,SF 49ers wins by over 23.5 points?,0.1500,0.1600,0.1600,1917.27,1851.27,active,2026-09-29T20:05:00Z,2026-09-26T14:52:17+00:00
KXNFLSPREAD-26SEP27ARISF,KXNFLSPREAD,KXNFLSPREAD-26SEP27ARISF-ARI3,ARI Cardinals wins by over 2.5 points?,0.1800,0.1900,0.1900,1602.07,1602.07,active,2026-09-29T20:05:00Z,2026-09-26T14:52:17+00:00
KXNFLSPREAD-26SEP27ARISF,KXNFLSPREAD,KXNFLSPREAD-26SEP27ARISF-SF2,SF 49ers wins by over 1.5 points?,0.7500,0.7600,0.7700,162.17,162.17,active,2026-09-29T20:05:00Z,2026-09-26T14:52:17+00:00
KXNFLSPREAD-26SEP27BALDAL,KXNFLSPREAD,KXNFLSPREAD-26SEP27BALDAL-DAL11,DAL Cowboys wins by over 10.5 points?,0.1000,0.1100,0.1200,172.13,172.13,active,2026-09-29T20:25:00Z,2026-09-26T14:52:17+00:00
KXNFLSPREAD-26SEP27BALDAL,KXNFLSPREAD,KXNFLSPREAD-26SEP27BALDAL-BAL10,BAL Ravens wins by over 9.5 points?,0.2900,0.3000,0.3000,633.16,617.30,active,2026-09-29T20:25:00Z,2026-09-26T14:52:17+00:00
KXNFLSPREAD-26SEP27BALDAL,KXNFLSPREAD,KXNFLSPREAD-26SEP27BALDAL-BAL11,BAL Ravens wins by over 10.5 points?,0.2600,0.2700,0.2700,921.50,921.50,active,2026-09-29T20:25:00Z,2026-09-26T14:52:17+00:00
KXNFLSPREAD-26SEP27BALDAL,KXNFLSPREAD,KXNFLSPREAD-26SEP27BALDAL-DAL8,DAL Cowboys wins by over 7.5 points?,0.1500,0.1700,0.1700,126.20,126.20,active,2026-09-29T20:25:00Z,2026-09-26T14:52:17+00:00
KXNFLSPREAD-26SEP27BALDAL,KXNFLSPREAD,KXNFLSPREAD-26SEP27BALDAL-BAL17,BAL Ravens wins by over 16.5 points?,0.1500,0.1600,0.1500,68.27,68.27,active,2026-09-29T20:25:00Z,2026-09-26T14:52:17+00:00
KXNFLSPREAD-26SEP27BALDAL,KXNFLSPREAD,KXNFLSPREAD-26SEP27BALDAL-DAL3,DAL Cowboys wins by over 2.5 points?,0.3300,0.3400,0.3400,942.25,942.25,active,2026-09-29T20:25:00Z,2026-09-26T14:52:17+00:00
KXNFLSPREAD-26SEP27BALDAL,KXNFLSPREAD,KXNFLSPREAD-26SEP27BALDAL-BAL14,BAL Ravens wins by over 13.5 points?,0.2100,0.2200,0.2200,113.38,113.38,active,2026-09-29T20:25:00Z,2026-09-26T14:52:17+00:00
KXNFLSPREAD-26SEP27BALDAL,KXNFLSPREAD,KXNFLSPREAD-26SEP27BALDAL-DAL7,DAL Cowboys wins by over 6.5 points?,0.1900,0.2100,0.2100,881.23,872.21,active,2026-09-29T20:25:00Z,2026-09-26T14:52:17+00:00
KXNFLSPREAD-26SEP27BALDAL,KXNFLSPREAD,KXNFLSPREAD-26SEP27BALDAL-DAL15,DAL Cowboys wins by over 14.5 points?,0.0600,0.0800,0.0700,455.17,443.04,active,2026-09-29T20:25:00Z,2026-09-26T14:52:17+00:00
KXNFLSPREAD-26SEP27BALDAL,KXNFLSPREAD,KXNFLSPREAD-26SEP27BALDAL-DAL5,DAL Cowboys wins by over 4.5 points?,0.2300,0.2500,0.2500,1851.59,1722.79,active,2026-09-29T20:25:00Z,2026-09-26T14:52:17+00:00
KXNFLSPREAD-26SEP27BALDAL,KXNFLSPREAD,KXNFLSPREAD-26SEP27BALDAL-DAL2,DAL Cowboys wins by over 1.5 points?,0.3500,0.3700,0.3700,428.87,425.48,active,2026-09-29T20:25:00Z,2026-09-26T14:52:17+00:00
KXNFLSPREAD-26SEP27BALDAL,KXNFLSPREAD,KXNFLSPREAD-26SEP27BALDAL-BAL7,BAL Ravens wins by over 6.5 points?,0.3800,0.4000,0.4000,1383.69,1344.47,active,2026-09-29T20:25:00Z,2026-09-26T14:52:17+00:00
KXNFLSPREAD-26SEP27BALDAL,KXNFLSPREAD,KXNFLSPREAD-26SEP27BALDAL-BAL15,BAL Ravens wins by over 14.5 points?,0.1800,0.1900,0.1900,147.11,147.11,active,2026-09-29T20:25:00Z,2026-09-26T14:52:17+00:00
KXNFLSPREAD-26SEP27BALDAL,KXNFLSPREAD,KXNFLSPREAD-26SEP27BALDAL-BAL6,BAL Ravens wins by over 5.5 points?,0.4200,0.4300,0.4300,2006.67,1899.15,active,2026-09-29T20:25:00Z,2026-09-26T14:52:17+00:00
KXNFLSPREAD-26SEP27BALDAL,KXNFLSPREAD,KXNFLSPREAD-26SEP27BALDAL-BAL21,BAL Ravens wins by over 20.5 points?,0.0900,0.1000,0.1000,157.48,157.48,active,2026-09-29T20:25:00Z,2026-09-26T14:52:17+00:00
KXNFLSPREAD-26SEP27BALDAL,KXNFLSPREAD,KXNFLSPREAD-26SEP27BALDAL-BAL2,BAL Ravens wins by over 1.5 points?,0.5900,0.6000,0.6100,348.47,328.32,active,2026-09-29T20:25:00Z,2026-09-26T14:52:17+00:00
KXNFLSPREAD-26SEP27BALDAL,KXNFLSPREAD,KXNFLSPREAD-26SEP27BALDAL-BAL4,BAL Ravens wins by over 3.5 points?,0.4800,0.4900,0.4900,41062.59,39875.09,active,2026-09-29T20:25:00Z,2026-09-26T14:52:17+00:00
KXNFLSPREAD-26SEP27BALDAL,KXNFLSPREAD,KXNFLSPREAD-26SEP27BALDAL-BAL18,BAL Ravens wins by over 17.5 points?,0.1200,0.1400,0.1200,16.35,16.35,active,2026-09-29T20:25:00Z,2026-09-26T14:52:17+00:00
KXNFLSPREAD-26SEP27BALDAL,KXNFLSPREAD,KXNFLSPREAD-26SEP27BALDAL-BAL3,BAL Ravens wins by over 2.5 points?,0.5800,0.5900,0.5900,26823.47,26225.50,active,2026-09-29T20:25:00Z,2026-09-26T14:52:17+00:00
KXNFLSPREAD-26SEP27BALDAL,KXNFLSPREAD,KXNFLSPREAD-26SEP27BALDAL-BAL5,BAL Ravens wins by over 4.5 points?,0.4500,0.4600,0.4500,13507.09,13252.52,active,2026-09-29T20:25:00Z,2026-09-26T14:52:17+00:00
KXNFLSPREAD-26SEP27BALDAL,KXNFLSPREAD,KXNFLSPREAD-26SEP27BALDAL-BAL8,BAL Ravens wins by over 7.5 points?,0.3200,0.3400,0.3300,546.01,495.95,active,2026-09-29T20:25:00Z,2026-09-26T14:52:17+00:00
KXNFLSPREAD-26SEP27BALDAL,KXNFLSPREAD,KXNFLSPREAD-26SEP27BALDAL-DAL6,DAL Cowboys wins by over 5.5 points?,0.2100,0.2300,0.2300,41.25,41.25,active,2026-09-29T20:25:00Z,2026-09-26T14:52:17+00:00
KXNFLSPREAD-26SEP27BALDAL,KXNFLSPREAD,KXNFLSPREAD-26SEP27BALDAL-DAL14,DAL Cowboys wins by over 13.5 points?,0.0800,0.0900,0.0900,522.28,522.28,active,2026-09-29T20:25:00Z,2026-09-26T14:52:17+00:00
KXNFLSPREAD-26SEP27BALDAL,KXNFLSPREAD,KXNFLSPREAD-26SEP27BALDAL-DAL10,DAL Cowboys wins by over 9.5 points?,0.1300,0.1400,0.1500,957.86,957.86,active,2026-09-29T20:25:00Z,2026-09-26T14:52:17+00:00
KXNFLSPREAD-26SEP27BALDAL,KXNFLSPREAD,KXNFLSPREAD-26SEP27BALDAL-DAL4,DAL Cowboys wins by over 3.5 points?,0.2500,0.2600,0.2600,351.66,322.84,active,2026-09-29T20:25:00Z,2026-09-26T14:52:17+00:00
KXNFLSPREAD-26SEP27CARCLE,KXNFLSPREAD,KXNFLSPREAD-26SEP27CARCLE-CAR10,CAR Panthers wins by over 9.5 points?,0.2500,0.2600,0.2600,4063.19,4043.19,active,2026-09-29T17:00:00Z,2026-09-26T14:52:17+00:00
KXNFLSPREAD-26SEP27CARCLE,KXNFLSPREAD,KXNFLSPREAD-26SEP27CARCLE-CAR21,CAR Panthers wins by over 20.5 points?,0.0700,0.0800,0.0800,1722.29,1720.29,active,2026-09-29T17:00:00Z,2026-09-26T14:52:17+00:00
KXNFLSPREAD-26SEP27CARCLE,KXNFLSPREAD,KXNFLSPREAD-26SEP27CARCLE-CLE2,CLE Browns wins by over 1.5 points?,0.4200,0.4300,0.4300,815.72,783.99,active,2026-09-29T17:00:00Z,2026-09-26T14:52:17+00:00
KXNFLSPREAD-26SEP27CARCLE,KXNFLSPREAD,KXNFLSPREAD-26SEP27CARCLE-CLE6,CLE Browns wins by over 5.5 points?,0.2600,0.2800,0.2600,2.00,2.00,active,2026-09-29T17:00:00Z,2026-09-26T14:52:17+00:00
KXNFLSPREAD-26SEP27CARCLE,KXNFLSPREAD,KXNFLSPREAD-26SEP27CARCLE-CAR15,CAR Panthers wins by over 14.5 points?,0.1400,0.1500,0.1500,3815.99,3556.99,active,2026-09-29T17:00:00Z,2026-09-26T14:52:17+00:00
KXNFLSPREAD-26SEP27CARCLE,KXNFLSPREAD,KXNFLSPREAD-26SEP27CARCLE-CAR4,CAR Panthers wins by over 3.5 points?,0.4000,0.4100,0.4000,16013.21,15117.63,active,2026-09-29T17:00:00Z,2026-09-26T14:52:17+00:00
KXNFLSPREAD-26SEP27CARCLE,KXNFLSPREAD,KXNFLSPREAD-26SEP27CARCLE-CLE11,CLE Browns wins by over 10.5 points?,0.1300,0.1600,0.0000,0.00,0.00,active,2026-09-29T17:00:00Z,2026-09-26T14:52:17+00:00
KXNFLSPREAD-26SEP27CARCLE,KXNFLSPREAD,KXNFLSPREAD-26SEP27CARCLE-CAR7,CAR Panthers wins by over 6.5 points?,0.3200,0.3300,0.3300,7682.93,7095.17,active,2026-09-29T17:00:00Z,2026-09-26T14:52:17+00:00
KXNFLSPREAD-26SEP27CARCLE,KXNFLSPREAD,KXNFLSPREAD-26SEP27CARCLE-CAR11,CAR Panthers wins by over 10.5 points?,0.2100,0.2200,0.2400,1158.67,1158.67,active,2026-09-29T17:00:00Z,2026-09-26T14:52:17+00:00
KXNFLSPREAD-26SEP27CARCLE,KXNFLSPREAD,KXNFLSPREAD-26SEP27CARCLE-CAR14,CAR Panthers wins by over 13.5 points?,0.1800,0.1900,0.1900,928.99,928.99,active,2026-09-29T17:00:00Z,2026-09-26T14:52:17+00:00
KXNFLSPREAD-26SEP27CARCLE,KXNFLSPREAD,KXNFLSPREAD-26SEP27CARCLE-CAR3,CAR Panthers wins by over 2.5 points?,0.4800,0.4900,0.4900,86225.80,59372.19,active,2026-09-29T17:00:00Z,2026-09-26T14:52:17+00:00
KXNFLSPREAD-26SEP27CARCLE,KXNFLSPREAD,KXNFLSPREAD-26SEP27CARCLE-CLE10,CLE Browns wins by over 9.5 points?,0.1600,0.1800,0.1700,315.55,315.55,active,2026-09-29T17:00:00Z,2026-09-26T14:52:17+00:00
KXNFLSPREAD-26SEP27CARCLE,KXNFLSPREAD,KXNFLSPREAD-26SEP27CARCLE-CAR6,CAR Panthers wins by over 5.5 points?,0.3600,0.3700,0.3700,4635.83,4221.64,active,2026-09-29T17:00:00Z,2026-09-26T14:52:17+00:00
KXNFLSPREAD-26SEP27CARCLE,KXNFLSPREAD,KXNFLSPREAD-26SEP27CARCLE-CLE14,CLE Browns wins by over 13.5 points?,0.1100,0.1200,0.1100,324.82,324.82,active,2026-09-29T17:00:00Z,2026-09-26T14:52:17+00:00
KXNFLSPREAD-26SEP27CARCLE,KXNFLSPREAD,KXNFLSPREAD-26SEP27CARCLE-CLE15,CLE Browns wins by over 14.5 points?,0.0900,0.1000,0.0800,755.15,728.53,active,2026-09-29T17:00:00Z,2026-09-26T14:52:17+00:00
KXNFLSPREAD-26SEP27CARCLE,KXNFLSPREAD,KXNFLSPREAD-26SEP27CARCLE-CAR5,CAR Panthers wins by over 4.5 points?,0.3700,0.3800,0.4000,825.83,825.83,active,2026-09-29T17:00:00Z,2026-09-26T14:52:17+00:00
KXNFLSPREAD-26SEP27CARCLE,KXNFLSPREAD,KXNFLSPREAD-26SEP27CARCLE-CAR2,CAR Panthers wins by over 1.5 points?,0.5100,0.5200,0.5200,2808.19,2808.19,active,2026-09-29T17:00:00Z,2026-09-26T14:52:17+00:00
KXNFLSPREAD-26SEP27CARCLE,KXNFLSPREAD,KXNFLSPREAD-26SEP27CARCLE-CLE8,CLE Browns wins by over 7.5 points?,0.1900,0.2100,0.1800,16.89,16.89,active,2026-09-29T17:00:00Z,2026-09-26T14:52:17+00:00
KXNFLSPREAD-26SEP27CARCLE,KXNFLSPREAD,KXNFLSPREAD-26SEP27CARCLE-CLE5,CLE Browns wins by over 4.5 points?,0.2800,0.3000,0.0000,0.00,0.00,active,2026-09-29T17:00:00Z,2026-09-26T14:52:17+00:00
KXNFLSPREAD-26SEP27CARCLE,KXNFLSPREAD,KXNFLSPREAD-26SEP27CARCLE-CLE7,CLE Browns wins by over 6.5 points?,0.2500,0.2600,0.2500,692.86,692.86,active,2026-09-29T17:00:00Z,2026-09-26T14:52:17+00:00
KXNFLSPREAD-26SEP27CARCLE,KXNFLSPREAD,KXNFLSPREAD-26SEP27CARCLE-CAR8,CAR Panthers wins by over 7.5 points?,0.2800,0.2900,0.2900,858.05,572.07,active,2026-09-29T17:00:00Z,2026-09-26T14:52:17+00:00
KXNFLSPREAD-26SEP27CARCLE,KXNFLSPREAD,KXNFLSPREAD-26SEP27CARCLE-CAR17,CAR Panthers wins by over 16.5 points?,0.1200,0.1300,0.1300,1889.00,1766.00,active,2026-09-29T17:00:00Z,2026-09-26T14:52:17+00:00
KXNFLSPREAD-26SEP27CARCLE,KXNFLSPREAD,KXNFLSPREAD-26SEP27CARCLE-CLE3,CLE Browns wins by over 2.5 points?,0.3800,0.3900,0.3900,187.84,187.84,active,2026-09-29T17:00:00Z,2026-09-26T14:52:17+00:00
KXNFLSPREAD-26SEP27CARCLE,KXNFLSPREAD,KXNFLSPREAD-26SEP27CARCLE-CLE4,CLE Browns wins by over 3.5 points?,0.3200,0.3400,0.3200,55.27,55.27,active,2026-09-29T17:00:00Z,2026-09-26T14:52:17+00:00
KXNFLSPREAD-26SEP27CARCLE,KXNFLSPREAD,KXNFLSPREAD-26SEP27CARCLE-CAR18,CAR Panthers wins by over 17.5 points?,0.1000,0.1100,0.1100,1088.42,1088.42,active,2026-09-29T17:00:00Z,2026-09-26T14:52:17+00:00
KXNFLSPREAD-26SEP27CINPIT,KXNFLSPREAD,KXNFLSPREAD-26SEP27CINPIT-PIT3,PIT Steelers wins by over 2.5 points?,0.3300,0.3500,0.3500,1958.15,1944.10,active,2026-09-29T17:00:00Z,2026-09-26T14:52:17+00:00
KXNFLSPREAD-26SEP27CINPIT,KXNFLSPREAD,KXNFLSPREAD-26SEP27CINPIT-PIT11,PIT Steelers wins by over 10.5 points?,0.1100,0.1300,0.0000,0.00,0.00,active,2026-09-29T17:00:00Z,2026-09-26T14:52:17+00:00
KXNFLSPREAD-26SEP27CINPIT,KXNFLSPREAD,KXNFLSPREAD-26SEP27CINPIT-CIN8,CIN Bengals wins by over 7.5 points?,0.3300,0.3500,0.3500,1237.18,1178.83,active,2026-09-29T17:00:00Z,2026-09-26T14:52:17+00:00
KXNFLSPREAD-26SEP27CINPIT,KXNFLSPREAD,KXNFLSPREAD-26SEP27CINPIT-CIN21,CIN Bengals wins by over 20.5 points?,0.0900,0.1000,0.1000,541.36,541.36,active,2026-09-29T17:00:00Z,2026-09-26T14:52:17+00:00
KXNFLSPREAD-26SEP27CINPIT,KXNFLSPREAD,KXNFLSPREAD-26SEP27CINPIT-PIT15,PIT Steelers wins by over 14.5 points?,0.0700,0.0800,0.0700,1183.35,1183.35,active,2026-09-29T17:00:00Z,2026-09-26T14:52:17+00:00
KXNFLSPREAD-26SEP27CINPIT,KXNFLSPREAD,KXNFLSPREAD-26SEP27CINPIT-PIT10,PIT Steelers wins by over 9.5 points?,0.1300,0.1500,0.0000,0.00,0.00,active,2026-09-29T17:00:00Z,2026-09-26T14:52:17+00:00
KXNFLSPREAD-26SEP27CINPIT,KXNFLSPREAD,KXNFLSPREAD-26SEP27CINPIT-CIN11,CIN Bengals wins by over 10.5 points?,0.2700,0.2800,0.2800,81.09,80.61,active,2026-09-29T17:00:00Z,2026-09-26T14:52:17+00:00
KXNFLSPREAD-26SEP27CINPIT,KXNFLSPREAD,KXNFLSPREAD-26SEP27CINPIT-PIT2,PIT Steelers wins by over 1.5 points?,0.3500,0.3600,0.3600,16.02,16.02,active,2026-09-29T17:00:00Z,2026-09-26T14:52:17+00:00
KXNFLSPREAD-26SEP27CINPIT,KXNFLSPREAD,KXNFLSPREAD-26SEP27CINPIT-PIT5,PIT Steelers wins by over 4.5 points?,0.2400,0.2600,0.2400,67.81,56.41,active,2026-09-29T17:00:00Z,2026-09-26T14:52:17+00:00
KXNFLSPREAD-26SEP27CINPIT,KXNFLSPREAD,KXNFLSPREAD-26SEP27CINPIT-PIT8,PIT Steelers wins by over 7.5 points?,0.1500,0.1800,0.0000,0.00,0.00,active,2026-09-29T17:00:00Z,2026-09-26T14:52:17+00:00
KXNFLSPREAD-26SEP27CINPIT,KXNFLSPREAD,KXNFLSPREAD-26SEP27CINPIT-PIT14,PIT Steelers wins by over 13.5 points?,0.0800,0.0900,0.0000,0.00,0.00,active,2026-09-29T17:00:00Z,2026-09-26T14:52:17+00:00
KXNFLSPREAD-26SEP27CINPIT,KXNFLSPREAD,KXNFLSPREAD-26SEP27CINPIT-CIN2,CIN Bengals wins by over 1.5 points?,0.5800,0.5900,0.5800,1837.35,1744.91,active,2026-09-29T17:00:00Z,2026-09-26T14:52:17+00:00
KXNFLSPREAD-26SEP27CINPIT,KXNFLSPREAD,KXNFLSPREAD-26SEP27CINPIT-CIN15,CIN Bengals wins by over 14.5 points?,0.1800,0.1900,0.1900,127.67,127.67,active,2026-09-29T17:00:00Z,2026-09-26T14:52:17+00:00
KXNFLSPREAD-26SEP27CINPIT,KXNFLSPREAD,KXNFLSPREAD-26SEP27CINPIT-CIN5,CIN Bengals wins by over 4.5 points?,0.4300,0.4400,0.4300,3781.65,3531.18,active,2026-09-29T17:00:00Z,2026-09-26T14:52:17+00:00
KXNFLSPREAD-26SEP27CINPIT,KXNFLSPREAD,KXNFLSPREAD-26SEP27CINPIT-PIT6,PIT Steelers wins by over 5.5 points?,0.2100,0.2400,0.0000,0.00,0.00,active,2026-09-29T17:00:00Z,2026-09-26T14:52:17+00:00
KXNFLSPREAD-26SEP27CINPIT,KXNFLSPREAD,KXNFLSPREAD-26SEP27CINPIT-CIN7,CIN Bengals wins by over 6.5 points?,0.3900,0.4000,0.3900,7505.43,7018.42,active,2026-09-29T17:00:00Z,2026-09-26T14:52:17+00:00
KXNFLSPREAD-26SEP27CINPIT,KXNFLSPREAD,KXNFLSPREAD-26SEP27CINPIT-CIN18,CIN Bengals wins by over 17.5 points?,0.1300,0.1400,0.0000,0.00,0.00,active,2026-09-29T17:00:00Z,2026-09-26T14:52:17+00:00
KXNFLSPREAD-26SEP27CINPIT,KXNFLSPREAD,KXNFLSPREAD-26SEP27CINPIT-PIT4,PIT Steelers wins by over 3.5 points?,0.2700,0.2800,0.2700,282.70,282.70,active,2026-09-29T17:00:00Z,2026-09-26T14:52:17+00:00
KXNFLSPREAD-26SEP27CINPIT,KXNFLSPREAD,KXNFLSPREAD-26SEP27CINPIT-CIN17,CIN Bengals wins by over 16.5 points?,0.1500,0.1600,0.1700,27.79,27.79,active,2026-09-29T17:00:00Z,2026-09-26T14:52:17+00:00
KXNFLSPREAD-26SEP27CINPIT,KXNFLSPREAD,KXNFLSPREAD-26SEP27CINPIT-CIN3,CIN Bengals wins by over 2.5 points?,0.5600,0.5700,0.5700,11373.76,10119.78,active,2026-09-29T17:00:00Z,2026-09-26T14:52:17+00:00
KXNFLSPREAD-26SEP27CINPIT,KXNFLSPREAD,KXNFLSPREAD-26SEP27CINPIT-CIN14,CIN Bengals wins by over 13.5 points?,0.2100,0.2200,0.2200,2222.95,2222.95,active,2026-09-29T17:00:00Z,2026-09-26T14:52:17+00:00
KXNFLSPREAD-26SEP27CINPIT,KXNFLSPREAD,KXNFLSPREAD-26SEP27CINPIT-PIT7,PIT Steelers wins by over 6.5 points?,0.2000,0.2100,0.2100,255.68,231.68,active,2026-09-29T17:00:00Z,2026-09-26T14:52:17+00:00
KXNFLSPREAD-26SEP27CINPIT,KXNFLSPREAD,KXNFLSPREAD-26SEP27CINPIT-CIN6,CIN Bengals wins by over 5.5 points?,0.4100,0.4200,0.4300,2662.66,2530.77,active,2026-09-29T17:00:00Z,2026-09-26T14:52:17+00:00
KXNFLSPREAD-26SEP27CINPIT,KXNFLSPREAD,KXNFLSPREAD-26SEP27CINPIT-CIN4,CIN Bengals wins by over 3.5 points?,0.4700,0.4800,0.4800,165960.23,139594.28,active,2026-09-29T17:00:00Z,2026-09-26T14:52:17+00:00
KXNFLSPREAD-26SEP27CINPIT,KXNFLSPREAD,KXNFLSPREAD-26SEP27CINPIT-CIN10,CIN Bengals wins by over 9.5 points?,0.2900,0.3000,0.3000,1663.51,1663.51,active,2026-09-29T17:00:00Z,2026-09-26T14:52:17+00:00
KXNFLSPREAD-26SEP27HOUIND,KXNFLSPREAD,KXNFLSPREAD-26SEP27HOUIND-IND6,IND Colts wins by over 5.5 points?,0.2900,0.3000,0.3000,29.07,29.07,active,2026-09-29T17:00:00Z,2026-09-26T14:52:17+00:00
KXNFLSPREAD-26SEP27HOUIND,KXNFLSPREAD,KXNFLSPREAD-26SEP27HOUIND-HOU17,HOU Texans wins by over 16.5 points?,0.1100,0.1200,0.0000,0.00,0.00,active,2026-09-29T17:00:00Z,2026-09-26T14:52:17+00:00
KXNFLSPREAD-26SEP27HOUIND,KXNFLSPREAD,KXNFLSPREAD-26SEP27HOUIND-HOU15,HOU Texans wins by over 14.5 points?,0.1200,0.1400,0.0000,0.00,0.00,active,2026-09-29T17:00:00Z,2026-09-26T14:52:17+00:00
KXNFLSPREAD-26SEP27HOUIND,KXNFLSPREAD,KXNFLSPREAD-26SEP27HOUIND-HOU2,HOU Texans wins by over 1.5 points?,0.5000,0.5100,0.5100,19727.46,19273.47,active,2026-09-29T17:00:00Z,2026-09-26T14:52:17+00:00
KXNFLSPREAD-26SEP27HOUIND,KXNFLSPREAD,KXNFLSPREAD-26SEP27HOUIND-HOU10,HOU Texans wins by over 9.5 points?,0.2200,0.2300,0.2400,182.26,182.26,active,2026-09-29T17:00:00Z,2026-09-26T14:52:17+00:00
KXNFLSPREAD-26SEP27HOUIND,KXNFLSPREAD,KXNFLSPREAD-26SEP27HOUIND-HOU3,HOU Texans wins by over 2.5 points?,0.4700,0.4800,0.4800,55529.02,48222.01,active,2026-09-29T17:00:00Z,2026-09-26T14:52:17+00:00
KXNFLSPREAD-26SEP27HOUIND,KXNFLSPREAD,KXNFLSPREAD-26SEP27HOUIND-IND8,IND Colts wins by over 7.5 points?,0.2100,0.2200,0.2200,19.86,19.86,active,2026-09-29T17:00:00Z,2026-09-26T14:52:17+00:00
KXNFLSPREAD-26SEP27HOUIND,KXNFLSPREAD,KXNFLSPREAD-26SEP27HOUIND-IND3,IND Colts wins by over 2.5 points?,0.4100,0.4200,0.4200,1046.25,1038.02,active,2026-09-29T17:00:00Z,2026-09-26T14:52:17+00:00
KXNFLSPREAD-26SEP27HOUIND,KXNFLSPREAD,KXNFLSPREAD-26SEP27HOUIND-IND15,IND Colts wins by over 14.5 points?,0.0900,0.1100,0.1000,2.00,2.00,active,2026-09-29T17:00:00Z,2026-09-26T14:52:17+00:00
KXNFLSPREAD-26SEP27HOUIND,KXNFLSPREAD,KXNFLSPREAD-26SEP27HOUIND-HOU21,HOU Texans wins by over 20.5 points?,0.0500,0.0700,0.0000,0.00,0.00,active,2026-09-29T17:00:00Z,2026-09-26T14:52:17+00:00
KXNFLSPREAD-26SEP27HOUIND,KXNFLSPREAD,KXNFLSPREAD-26SEP27HOUIND-HOU8,HOU Texans wins by over 7.5 points?,0.2700,0.2800,0.2700,177.04,168.04,active,2026-09-29T17:00:00Z,2026-09-26T14:52:17+00:00
KXNFLSPREAD-26SEP27HOUIND,KXNFLSPREAD,KXNFLSPREAD-26SEP27HOUIND-HOU5,HOU Texans wins by over 4.5 points?,0.3600,0.3700,0.3700,5529.83,5529.83,active,2026-09-29T17:00:00Z,2026-09-26T14:52:17+00:00
KXNFLSPREAD-26SEP27HOUIND,KXNFLSPREAD,KXNFLSPREAD-26SEP27HOUIND-IND14,IND Colts wins by over 13.5 points?,0.1100,0.1300,0.1200,3.00,3.00,active,2026-09-29T17:00:00Z,2026-09-26T14:52:17+00:00
KXNFLSPREAD-26SEP27HOUIND,KXNFLSPREAD,KXNFLSPREAD-26SEP27HOUIND-IND2,IND Colts wins by over 1.5 points?,0.4300,0.4400,0.4400,10386.91,10232.95,active,2026-09-29T17:00:00Z,2026-09-26T14:52:17+00:00
KXNFLSPREAD-26SEP27HOUIND,KXNFLSPREAD,KXNFLSPREAD-26SEP27HOUIND-IND5,IND Colts wins by over 4.5 points?,0.3000,0.3200,0.2800,167.65,167.65,active,2026-09-29T17:00:00Z,2026-09-26T14:52:17+00:00
KXNFLSPREAD-26SEP27HOUIND,KXNFLSPREAD,KXNFLSPREAD-26SEP27HOUIND-IND7,IND Colts wins by over 6.5 points?,0.2600,0.2700,0.2600,622.39,622.39,active,2026-09-29T17:00:00Z,2026-09-26T14:52:17+00:00
KXNFLSPREAD-26SEP27HOUIND,KXNFLSPREAD,KXNFLSPREAD-26SEP27HOUIND-HOU7,HOU Texans wins by over 6.5 points?,0.3200,0.3300,0.3300,346.42,279.20,active,2026-09-29T17:00:00Z,2026-09-26T14:52:17+00:00
KXNFLSPREAD-26SEP27HOUIND,KXNFLSPREAD,KXNFLSPREAD-26SEP27HOUIND-HOU18,HOU Texans wins by over 17.5 points?,0.0800,0.1000,0.0000,0.00,0.00,active,2026-09-29T17:00:00Z,2026-09-26T14:52:17+00:00
KXNFLSPREAD-26SEP27HOUIND,KXNFLSPREAD,KXNFLSPREAD-26SEP27HOUIND-HOU4,HOU Texans wins by over 3.5 points?,0.3800,0.3900,0.3800,25265.54,23842.22,active,2026-09-29T17:00:00Z,2026-09-26T14:52:17+00:00
KXNFLSPREAD-26SEP27HOUIND,KXNFLSPREAD,KXNFLSPREAD-26SEP27HOUIND-HOU6,HOU Texans wins by over 5.5 points?,0.3400,0.3600,0.3700,435.17,424.67,active,2026-09-29T17:00:00Z,2026-09-26T14:52:17+00:00
KXNFLSPREAD-26SEP27HOUIND,KXNFLSPREAD,KXNFLSPREAD-26SEP27HOUIND-IND4,IND Colts wins by over 3.5 points?,0.3200,0.3300,0.3200,8884.05,8884.05,active,2026-09-29T17:00:00Z,2026-09-26T14:52:17+00:00
KXNFLSPREAD-26SEP27HOUIND,KXNFLSPREAD,KXNFLSPREAD-26SEP27HOUIND-IND10,IND Colts wins by over 9.5 points?,0.1700,0.1900,0.0000,0.00,0.00,active,2026-09-29T17:00:00Z,2026-09-26T14:52:17+00:00
KXNFLSPREAD-26SEP27HOUIND,KXNFLSPREAD,KXNFLSPREAD-26SEP27HOUIND-HOU14,HOU Texans wins by over 13.5 points?,0.1500,0.1700,0.0000,0.00,0.00,active,2026-09-29T17:00:00Z,2026-09-26T14:52:17+00:00
KXNFLSPREAD-26SEP27HOUIND,KXNFLSPREAD,KXNFLSPREAD-26SEP27HOUIND-HOU11,HOU Texans wins by over 10.5 points?,0.1900,0.2100,0.0000,0.00,0.00,active,2026-09-29T17:00:00Z,2026-09-26T14:52:17+00:00
KXNFLSPREAD-26SEP27HOUIND,KXNFLSPREAD,KXNFLSPREAD-26SEP27HOUIND-IND11,IND Colts wins by over 10.5 points?,0.1500,0.1700,0.1500,1.00,1.00,active,2026-09-29T17:00:00Z,2026-09-26T14:52:17+00:00
KXNFLSPREAD-26SEP27KCMIA,KXNFLSPREAD,KXNFLSPREAD-26SEP27KCMIA-KC21,KC Chiefs wins by over 20.5 points?,0.2400,0.2500,0.2500,2578.93,2503.73,active,2026-09-29T17:00:00Z,2026-09-26T14:52:17+00:00
KXNFLSPREAD-26SEP27KCMIA,KXNFLSPREAD,KXNFLSPREAD-26SEP27KCMIA-MIA7,MIA Dolphins wins by over 6.5 points?,0.0600,0.0700,0.0700,7082.03,6487.57,active,2026-09-29T17:00:00Z,2026-09-26T14:52:17+00:00
KXNFLSPREAD-26SEP27KCMIA,KXNFLSPREAD,KXNFLSPREAD-26SEP27KCMIA-KC17,KC Chiefs wins by over 16.5 points?,0.3400,0.3500,0.3500,2096.45,2095.12,active,2026-09-29T17:00:00Z,2026-09-26T14:52:17+00:00
KXNFLSPREAD-26SEP27KCMIA,KXNFLSPREAD,KXNFLSPREAD-26SEP27KCMIA-MIA5,MIA Dolphins wins by over 4.5 points?,0.0800,0.0900,0.0900,2037.07,2037.07,active,2026-09-29T17:00:00Z,2026-09-26T14:52:17+00:00
KXNFLSPREAD-26SEP27KCMIA,KXNFLSPREAD,KXNFLSPREAD-26SEP27KCMIA-KC18,KC Chiefs wins by over 17.5 points?,0.2900,0.3000,0.3000,4442.18,4262.18,active,2026-09-29T17:00:00Z,2026-09-26T14:52:17+00:00
KXNFLSPREAD-26SEP27KCMIA,KXNFLSPREAD,KXNFLSPREAD-26SEP27KCMIA-KC31,KC Chiefs wins by over 30.5 points?,0.0600,0.0700,0.0800,8427.10,8197.28,active,2026-09-29T17:00:00Z,2026-09-26T14:52:17+00:00
KXNFLSPREAD-26SEP27KCMIA,KXNFLSPREAD,KXNFLSPREAD-26SEP27KCMIA-MIA6,MIA Dolphins wins by over 5.5 points?,0.0800,0.0900,0.0800,4580.61,4546.68,active,2026-09-29T17:00:00Z,2026-09-26T14:52:17+00:00
KXNFLSPREAD-26SEP27KCMIA,KXNFLSPREAD,KXNFLSPREAD-26SEP27KCMIA-KC5,KC Chiefs wins by over 4.5 points?,0.7200,0.7300,0.7300,600.59,583.59,active,2026-09-29T17:00:00Z,2026-09-26T14:52:17+00:00
KXNFLSPREAD-26SEP27KCMIA,KXNFLSPREAD,KXNFLSPREAD-26SEP27KCMIA-KC2,KC Chiefs wins by over 1.5 points?,0.8100,0.8200,0.8100,971.97,969.48,active,2026-09-29T17:00:00Z,2026-09-26T14:52:17+00:00
KXNFLSPREAD-26SEP27KCMIA,KXNFLSPREAD,KXNFLSPREAD-26SEP27KCMIA-MIA8,MIA Dolphins wins by over 7.5 points?,0.0400,0.0600,0.0000,0.00,0.00,active,2026-09-29T17:00:00Z,2026-09-26T14:52:17+00:00
KXNFLSPREAD-26SEP27KCMIA,KXNFLSPREAD,KXNFLSPREAD-26SEP27KCMIA-MIA2,MIA Dolphins wins by over 1.5 points?,0.1400,0.1600,0.1500,1540.66,1533.91,active,2026-09-29T17:00:00Z,2026-09-26T14:52:17+00:00
KXNFLSPREAD-26SEP27KCMIA,KXNFLSPREAD,KXNFLSPREAD-26SEP27KCMIA-MIA11,MIA Dolphins wins by over 10.5 points?,0.0200,0.0300,0.0300,2440.14,2402.67,active,2026-09-29T17:00:00Z,2026-09-26T14:52:17+00:00
KXNFLSPREAD-26SEP27KCMIA,KXNFLSPREAD,KXNFLSPREAD-26SEP27KCMIA-KC24,KC Chiefs wins by over 23.5 points?,0.1800,0.1900,0.1800,4406.13,3680.99,active,2026-09-29T17:00:00Z,2026-09-26T14:52:17+00:00
KXNFLSPREAD-26SEP27KCMIA,KXNFLSPREAD,KXNFLSPREAD-26SEP27KCMIA-MIA3,MIA Dolphins wins by over 2.5 points?,0.1300,0.1400,0.1400,4163.16,4156.48,active,2026-09-29T17:00:00Z,2026-09-26T14:52:17+00:00
KXNFLSPREAD-26SEP27KCMIA,KXNFLSPREAD,KXNFLSPREAD-26SEP27KCMIA-MIA4,MIA Dolphins wins by over 3.5 points?,0.0900,0.1000,0.0900,1786.68,1460.62,active,2026-09-29T17:00:00Z,2026-09-26T14:52:17+00:00
KXNFLSPREAD-26SEP27KCMIA,KXNFLSPREAD,KXNFLSPREAD-26SEP27KCMIA-KC14,KC Chiefs wins by over 13.5 points?,0.4100,0.4200,0.4100,19169.84,15666.69,active,2026-09-29T17:00:00Z,2026-09-26T14:52:17+00:00
KXNFLSPREAD-26SEP27KCMIA,KXNFLSPREAD,KXNFLSPREAD-26SEP27KCMIA-KC11,KC Chiefs wins by over 10.5 points?,0.4900,0.5000,0.5000,511323.22,485813.19,active,2026-09-29T17:00:00Z,2026-09-26T14:52:17+00:00
KXNFLSPREAD-26SEP27KCMIA,KXNFLSPREAD,KXNFLSPREAD-26SEP27KCMIA-KC10,KC Chiefs wins by over 9.5 points?,0.5300,0.5400,0.5400,30137.97,27934.78,active,2026-09-29T17:00:00Z,2026-09-26T14:52:17+00:00
KXNFLSPREAD-26SEP27KCMIA,KXNFLSPREAD,KXNFLSPREAD-26SEP27KCMIA-KC3,KC Chiefs wins by over 2.5 points?,0.7900,0.8000,0.8000,2376.01,2211.02,active,2026-09-29T17:00:00Z,2026-09-26T14:52:17+00:00
KXNFLSPREAD-26SEP27KCMIA,KXNFLSPREAD,KXNFLSPREAD-26SEP27KCMIA-KC7,KC Chiefs wins by over 6.5 points?,0.6600,0.6700,0.6700,30448.29,29631.77,active,2026-09-29T17:00:00Z,2026-09-26T14:52:17+00:00
KXNFLSPREAD-26SEP27KCMIA,KXNFLSPREAD,KXNFLSPREAD-26SEP27KCMIA-MIA10,MIA Dolphins wins by over 9.5 points?,0.0300,0.0400,0.0400,6022.20,6022.20,active,2026-09-29T17:00:00Z,2026-09-26T14:52:17+00:00
KXNFLSPREAD-26SEP27KCMIA,KXNFLSPREAD,KXNFLSPREAD-26SEP27KCMIA-KC28,KC Chiefs wins by over 27.5 points?,0.1100,0.1200,0.1100,2818.24,2818.24,active,2026-09-29T17:00:00Z,2026-09-26T14:52:17+00:00
KXNFLSPREAD-26SEP27KCMIA,KXNFLSPREAD,KXNFLSPREAD-26SEP27KCMIA-KC4,KC Chiefs wins by over 3.5 points?,0.7200,0.7300,0.7300,7357.13,7049.19,active,2026-09-29T17:00:00Z,2026-09-26T14:52:17+00:00
KXNFLSPREAD-26SEP27KCMIA,KXNFLSPREAD,KXNFLSPREAD-26SEP27KCMIA-KC6,KC Chiefs wins by over 5.5 points?,0.7000,0.7100,0.7100,4665.33,4406.13,active,2026-09-29T17:00:00Z,2026-09-26T14:52:17+00:00
KXNFLSPREAD-26SEP27KCMIA,KXNFLSPREAD,KXNFLSPREAD-26SEP27KCMIA-KC8,KC Chiefs wins by over 7.5 points?,0.5900,0.6000,0.6000,6843.53,6334.39,active,2026-09-29T17:00:00Z,2026-09-26T14:52:17+00:00
KXNFLSPREAD-26SEP27KCMIA,KXNFLSPREAD,KXNFLSPREAD-26SEP27KCMIA-KC15,KC Chiefs wins by over 14.5 points?,0.3700,0.3800,0.3800,6260.73,5834.98,active,2026-09-29T17:00:00Z,2026-09-26T14:52:17+00:00
KXNFLSPREAD-26SEP27LACBUF,KXNFLSPREAD,KXNFLSPREAD-26SEP27LACBUF-BUF11,BUF Bills wins by over 10.5 points?,0.3800,0.3900,0.3900,2415.32,2026.92,active,2026-09-29T17:00:00Z,2026-09-26T14:52:17+00:00
KXNFLSPREAD-26SEP27LACBUF,KXNFLSPREAD,KXNFLSPREAD-26SEP27LACBUF-BUF21,BUF Bills wins by over 20.5 points?,0.1800,0.1900,0.1900,1104.31,1077.31,active,2026-09-29T17:00:00Z,2026-09-26T14:52:17+00:00
KXNFLSPREAD-26SEP27LACBUF,KXNFLSPREAD,KXNFLSPREAD-26SEP27LACBUF-LAC10,LA Chargers wins by over 9.5 points?,0.0700,0.0800,0.0700,2463.91,2463.91,active,2026-09-29T17:00:00Z,2026-09-26T14:52:17+00:00
KXNFLSPREAD-26SEP27LACBUF,KXNFLSPREAD,KXNFLSPREAD-26SEP27LACBUF-BUF24,BUF Bills wins by over 23.5 points?,0.1100,0.1300,0.1400,333.23,333.23,active,2026-09-29T17:00:00Z,2026-09-26T14:52:17+00:00
KXNFLSPREAD-26SEP27LACBUF,KXNFLSPREAD,KXNFLSPREAD-26SEP27LACBUF-LAC7,LA Chargers wins by over 6.5 points?,0.1100,0.1200,0.1200,1651.93,1549.93,active,2026-09-29T17:00:00Z,2026-09-26T14:52:17+00:00
KXNFLSPREAD-26SEP27LACBUF,KXNFLSPREAD,KXNFLSPREAD-26SEP27LACBUF-BUF15,BUF Bills wins by over 14.5 points?,0.2700,0.2800,0.2800,1589.70,1170.61,active,2026-09-29T17:00:00Z,2026-09-26T14:52:17+00:00
KXNFLSPREAD-26SEP27LACBUF,KXNFLSPREAD,KXNFLSPREAD-26SEP27LACBUF-BUF10,BUF Bills wins by over 9.5 points?,0.4300,0.4400,0.4400,7538.25,6536.69,active,2026-09-29T17:00:00Z,2026-09-26T14:52:17+00:00
KXNFLSPREAD-26SEP27LACBUF,KXNFLSPREAD,KXNFLSPREAD-26SEP27LACBUF-BUF5,BUF Bills wins by over 4.5 points?,0.6000,0.6100,0.6000,1390.14,1390.14,active,2026-09-29T17:00:00Z,2026-09-26T14:52:17+00:00
KXNFLSPREAD-26SEP27LACBUF,KXNFLSPREAD,KXNFLSPREAD-26SEP27LACBUF-LAC5,LA Chargers wins by over 4.5 points?,0.1300,0.1600,0.0000,0.00,0.00,active,2026-09-29T17:00:00Z,2026-09-26T14:52:17+00:00
KXNFLSPREAD-26SEP27LACBUF,KXNFLSPREAD,KXNFLSPREAD-26SEP27LACBUF-BUF8,BUF Bills wins by over 7.5 points?,0.4700,0.4800,0.4800,97772.04,89341.32,active,2026-09-29T17:00:00Z,2026-09-26T14:52:17+00:00
KXNFLSPREAD-26SEP27LACBUF,KXNFLSPREAD,KXNFLSPREAD-26SEP27LACBUF-LAC8,LA Chargers wins by over 7.5 points?,0.0900,0.1000,0.0900,1158.28,1154.97,active,2026-09-29T17:00:00Z,2026-09-26T14:52:17+00:00
KXNFLSPREAD-26SEP27LACBUF,KXNFLSPREAD,KXNFLSPREAD-26SEP27LACBUF-BUF28,BUF Bills wins by over 27.5 points?,0.0700,0.0800,0.0700,2867.35,2651.86,active,2026-09-29T17:00:00Z,2026-09-26T14:52:17+00:00
KXNFLSPREAD-26SEP27LACBUF,KXNFLSPREAD,KXNFLSPREAD-26SEP27LACBUF-BUF2,BUF Bills wins by over 1.5 points?,0.7200,0.7400,0.7400,260.38,260.38,active,2026-09-29T17:00:00Z,2026-09-26T14:52:17+00:00
KXNFLSPREAD-26SEP27LACBUF,KXNFLSPREAD,KXNFLSPREAD-26SEP27LACBUF-BUF14,BUF Bills wins by over 13.5 points?,0.3300,0.3400,0.3500,7448.29,6069.86,active,2026-09-29T17:00:00Z,2026-09-26T14:52:17+00:00
KXNFLSPREAD-26SEP27LACBUF,KXNFLSPREAD,KXNFLSPREAD-26SEP27LACBUF-BUF17,BUF Bills wins by over 16.5 points?,0.2500,0.2700,0.2700,353.28,341.64,active,2026-09-29T17:00:00Z,2026-09-26T14:52:17+00:00
KXNFLSPREAD-26SEP27LACBUF,KXNFLSPREAD,KXNFLSPREAD-26SEP27LACBUF-LAC2,LA Chargers wins by over 1.5 points?,0.2200,0.2300,0.2200,116.16,113.64,active,2026-09-29T17:00:00Z,2026-09-26T14:52:17+00:00
KXNFLSPREAD-26SEP27LACBUF,KXNFLSPREAD,KXNFLSPREAD-26SEP27LACBUF-LAC3,LA Chargers wins by over 2.5 points?,0.2000,0.2200,0.2000,1420.27,1420.27,active,2026-09-29T17:00:00Z,2026-09-26T14:52:17+00:00
KXNFLSPREAD-26SEP27LACBUF,KXNFLSPREAD,KXNFLSPREAD-26SEP27LACBUF-BUF3,BUF Bills wins by over 2.5 points?,0.7100,0.7200,0.7200,1191.51,1191.51,active,2026-09-29T17:00:00Z,2026-09-26T14:52:17+00:00
KXNFLSPREAD-26SEP27LACBUF,KXNFLSPREAD,KXNFLSPREAD-26SEP27LACBUF-BUF7,BUF Bills wins by over 6.5 points?,0.5500,0.5600,0.5600,45227.81,42123.80,active,2026-09-29T17:00:00Z,2026-09-26T14:52:17+00:00
KXNFLSPREAD-26SEP27LACBUF,KXNFLSPREAD,KXNFLSPREAD-26SEP27LACBUF-LAC14,LA Chargers wins by over 13.5 points?,0.0300,0.0400,0.0400,1173.33,1163.14,active,2026-09-29T17:00:00Z,2026-09-26T14:52:17+00:00
KXNFLSPREAD-26SEP27LACBUF,KXNFLSPREAD,KXNFLSPREAD-26SEP27LACBUF-BUF6,BUF Bills wins by over 5.5 points?,0.5800,0.5900,0.5900,3607.06,3577.34,active,2026-09-29T17:00:00Z,2026-09-26T14:52:17+00:00
KXNFLSPREAD-26SEP27LACBUF,KXNFLSPREAD,KXNFLSPREAD-26SEP27LACBUF-BUF18,BUF Bills wins by over 17.5 points?,0.2200,0.2400,0.2200,479.29,454.31,active,2026-09-29T17:00:00Z,2026-09-26T14:52:17+00:00
KXNFLSPREAD-26SEP27LACBUF,KXNFLSPREAD,KXNFLSPREAD-26SEP27LACBUF-BUF4,BUF Bills wins by over 3.5 points?,0.6300,0.6400,0.6400,2679.34,2154.69,active,2026-09-29T17:00:00Z,2026-09-26T14:52:17+00:00
KXNFLSPREAD-26SEP27LACBUF,KXNFLSPREAD,KXNFLSPREAD-26SEP27LACBUF-LAC4,LA Chargers wins by over 3.5 points?,0.1600,0.1700,0.1700,1547.62,1547.62,active,2026-09-29T17:00:00Z,2026-09-26T14:52:17+00:00
KXNFLSPREAD-26SEP27LACBUF,KXNFLSPREAD,KXNFLSPREAD-26SEP27LACBUF-LAC11,LA Chargers wins by over 10.5 points?,0.0600,0.0700,0.0800,2023.93,2023.93,active,2026-09-29T17:00:00Z,2026-09-26T14:52:17+00:00
KXNFLSPREAD-26SEP27LACBUF,KXNFLSPREAD,KXNFLSPREAD-26SEP27LACBUF-LAC15,LA Chargers wins by over 14.5 points?,0.0300,0.0400,0.0300,815.35,547.83,active,2026-09-29T17:00:00Z,2026-09-26T14:52:17+00:00
KXNFLSPREAD-26SEP27LACBUF,KXNFLSPREAD,KXNFLSPREAD-26SEP27LACBUF-LAC6,LA Chargers wins by over 5.5 points?,0.1300,0.1400,0.1500,2256.86,2256.86,active,2026-09-29T17:00:00Z,2026-09-26T14:52:17+00:00
KXNFLSPREAD-26SEP27LARDEN,KXNFLSPREAD,KXNFLSPREAD-26SEP27LARDEN-LAR6,LA Rams wins by over 5.5 points?,0.3400,0.3600,0.3600,393.45,393.45,active,2026-09-30T00:20:00Z,2026-09-26T14:52:17+00:00
KXNFLSPREAD-26SEP27LARDEN,KXNFLSPREAD,KXNFLSPREAD-26SEP27LARDEN-DEN4,DEN Broncos wins by over 3.5 points?,0.3100,0.3200,0.3100,102102.09,102102.09,active,2026-09-30T00:20:00Z,2026-09-26T14:52:17+00:00
KXNFLSPREAD-26SEP27LARDEN,KXNFLSPREAD,KXNFLSPREAD-26SEP27LARDEN-LAR15,LA Rams wins by over 14.5 points?,0.1300,0.1500,0.0000,0.00,0.00,active,2026-09-30T00:20:00Z,2026-09-26T14:52:17+00:00
KXNFLSPREAD-26SEP27LARDEN,KXNFLSPREAD,KXNFLSPREAD-26SEP27LARDEN-LAR8,LA Rams wins by over 7.5 points?,0.2700,0.2800,0.2700,349.10,349.10,active,2026-09-30T00:20:00Z,2026-09-26T14:52:17+00:00
KXNFLSPREAD-26SEP27LARDEN,KXNFLSPREAD,KXNFLSPREAD-26SEP27LARDEN-LAR3,LA Rams wins by over 2.5 points?,0.4800,0.4900,0.4800,29136.59,20902.34,active,2026-09-30T00:20:00Z,2026-09-26T14:52:17+00:00
KXNFLSPREAD-26SEP27LARDEN,KXNFLSPREAD,KXNFLSPREAD-26SEP27LARDEN-LAR4,LA Rams wins by over 3.5 points?,0.3900,0.4000,0.3900,41995.66,40976.10,active,2026-09-30T00:20:00Z,2026-09-26T14:52:17+00:00
KXNFLSPREAD-26SEP27LARDEN,KXNFLSPREAD,KXNFLSPREAD-26SEP27LARDEN-LAR11,LA Rams wins by over 10.5 points?,0.2100,0.2200,0.2300,429.43,429.43,active,2026-09-30T00:20:00Z,2026-09-26T14:52:17+00:00
KXNFLSPREAD-26SEP27LARDEN,KXNFLSPREAD,KXNFLSPREAD-26SEP27LARDEN-DEN11,DEN Broncos wins by over 10.5 points?,0.1400,0.1600,0.0000,0.00,0.00,active,2026-09-30T00:20:00Z,2026-09-26T14:52:17+00:00
KXNFLSPREAD-26SEP27LARDEN,KXNFLSPREAD,KXNFLSPREAD-26SEP27LARDEN-LAR14,LA Rams wins by over 13.5 points?,0.1600,0.1700,0.1700,1844.91,1643.91,active,2026-09-30T00:20:00Z,2026-09-26T14:52:17+00:00
KXNFLSPREAD-26SEP27LARDEN,KXNFLSPREAD,KXNFLSPREAD-26SEP27LARDEN-LAR18,LA Rams wins by over 17.5 points?,0.1000,0.1100,0.1000,853.01,853.01,active,2026-09-30T00:20:00Z,2026-09-26T14:52:17+00:00
KXNFLSPREAD-26SEP27LARDEN,KXNFLSPREAD,KXNFLSPREAD-26SEP27LARDEN-LAR2,LA Rams wins by over 1.5 points?,0.5200,0.5300,0.5200,459.36,444.36,active,2026-09-30T00:20:00Z,2026-09-26T14:52:17+00:00
KXNFLSPREAD-26SEP27LARDEN,KXNFLSPREAD,KXNFLSPREAD-26SEP27LARDEN-DEN7,DEN Broncos wins by over 6.5 points?,0.2500,0.2600,0.2700,1302.81,1224.81,active,2026-09-30T00:20:00Z,2026-09-26T14:52:17+00:00
KXNFLSPREAD-26SEP27LARDEN,KXNFLSPREAD,KXNFLSPREAD-26SEP27LARDEN-DEN14,DEN Broncos wins by over 13.5 points?,0.1100,0.1300,0.1100,408.00,408.00,active,2026-09-30T00:20:00Z,2026-09-26T14:52:17+00:00
KXNFLSPREAD-26SEP27LARDEN,KXNFLSPREAD,KXNFLSPREAD-26SEP27LARDEN-DEN8,DEN Broncos wins by over 7.5 points?,0.2000,0.2200,0.2200,129.14,129.14,active,2026-09-30T00:20:00Z,2026-09-26T14:52:17+00:00
KXNFLSPREAD-26SEP27LARDEN,KXNFLSPREAD,KXNFLSPREAD-26SEP27LARDEN-DEN5,DEN Broncos wins by over 4.5 points?,0.2900,0.3200,0.3100,379.20,379.20,active,2026-09-30T00:20:00Z,2026-09-26T14:52:17+00:00
KXNFLSPREAD-26SEP27LARDEN,KXNFLSPREAD,KXNFLSPREAD-26SEP27LARDEN-DEN15,DEN Broncos wins by over 14.5 points?,0.0900,0.1100,0.0000,0.00,0.00,active,2026-09-30T00:20:00Z,2026-09-26T14:52:17+00:00
KXNFLSPREAD-26SEP27LARDEN,KXNFLSPREAD,KXNFLSPREAD-26SEP27LARDEN-LAR21,LA Rams wins by over 20.5 points?,0.0600,0.0700,0.0800,2434.00,2217.00,active,2026-09-30T00:20:00Z,2026-09-26T14:52:17+00:00
KXNFLSPREAD-26SEP27LARDEN,KXNFLSPREAD,KXNFLSPREAD-26SEP27LARDEN-DEN3,DEN Broncos wins by over 2.5 points?,0.4000,0.4200,0.4100,765.71,454.03,active,2026-09-30T00:20:00Z,2026-09-26T14:52:17+00:00
KXNFLSPREAD-26SEP27LARDEN,KXNFLSPREAD,KXNFLSPREAD-26SEP27LARDEN-DEN10,DEN Broncos wins by over 9.5 points?,0.1700,0.1900,0.1600,6.00,6.00,active,2026-09-30T00:20:00Z,2026-09-26T14:52:17+00:00
KXNFLSPREAD-26SEP27LARDEN,KXNFLSPREAD,KXNFLSPREAD-26SEP27LARDEN-LAR17,LA Rams wins by over 16.5 points?,0.1100,0.1200,0.1200,34.00,34.00,active,2026-09-30T00:20:00Z,2026-09-26T14:52:17+00:00
KXNFLSPREAD-26SEP27LARDEN,KXNFLSPREAD,KXNFLSPREAD-26SEP27LARDEN-LAR5,LA Rams wins by over 4.5 points?,0.3700,0.3800,0.3800,125.16,125.16,active,2026-09-30T00:20:00Z,2026-09-26T14:52:17+00:00
KXNFLSPREAD-26SEP27LARDEN,KXNFLSPREAD,KXNFLSPREAD-26SEP27LARDEN-LAR7,LA Rams wins by over 6.5 points?,0.3200,0.3300,0.3300,1174.65,1169.65,active,2026-09-30T00:20:00Z,2026-09-26T14:52:17+00:00
KXNFLSPREAD-26SEP27LARDEN,KXNFLSPREAD,KXNFLSPREAD-26SEP27LARDEN-DEN2,DEN Broncos wins by over 1.5 points?,0.4200,0.4300,0.4300,71.20,71.20,active,2026-09-30T00:20:00Z,2026-09-26T14:52:17+00:00
KXNFLSPREAD-26SEP27LARDEN,KXNFLSPREAD,KXNFLSPREAD-26SEP27LARDEN-LAR10,LA Rams wins by over 9.5 points?,0.2300,0.2400,0.2400,606.22,568.22,active,2026-09-30T00:20:00Z,2026-09-26T14:52:17+00:00
KXNFLSPREAD-26SEP27LARDEN,KXNFLSPREAD,KXNFLSPREAD-26SEP27LARDEN-DEN6,DEN Broncos wins by over 5.5 points?,0.2800,0.2900,0.3500,84.14,84.14,active,2026-09-30T00:20:00Z,2026-09-26T14:52:17+00:00
KXNFLSPREAD-26SEP27LVNO,KXNFLSPREAD,KXNFLSPREAD-26SEP27LVNO-NO14,NO Saints wins by over 13.5 points?,0.2000,0.2100,0.2100,1023.90,1023.90,active,2026-09-29T20:25:00Z,2026-09-26T14:52:17+00:00
KXNFLSPREAD-26SEP27LVNO,KXNFLSPREAD,KXNFLSPREAD-26SEP27LVNO-NO21,NO Saints wins by over 20.5 points?,0.0900,0.1000,0.0800,2862.55,2851.93,active,2026-09-29T20:25:00Z,2026-09-26T14:52:17+00:00
KXNFLSPREAD-26SEP27LVNO,KXNFLSPREAD,KXNFLSPREAD-26SEP27LVNO-LV10,LV Raiders wins by over 9.5 points?,0.1300,0.1400,0.1400,730.50,730.50,active,2026-09-29T20:25:00Z,2026-09-26T14:52:17+00:00
KXNFLSPREAD-26SEP27LVNO,KXNFLSPREAD,KXNFLSPREAD-26SEP27LVNO-NO15,NO Saints wins by over 14.5 points?,0.1700,0.1800,0.1700,507.86,507.86,active,2026-09-29T20:25:00Z,2026-09-26T14:52:17+00:00
KXNFLSPREAD-26SEP27LVNO,KXNFLSPREAD,KXNFLSPREAD-26SEP27LVNO-LV8,LV Raiders wins by over 7.5 points?,0.1600,0.1800,0.1700,2672.96,2330.56,active,2026-09-29T20:25:00Z,2026-09-26T14:52:17+00:00
KXNFLSPREAD-26SEP27LVNO,KXNFLSPREAD,KXNFLSPREAD-26SEP27LVNO-NO18,NO Saints wins by over 17.5 points?,0.1200,0.1400,0.1200,253.09,252.09,active,2026-09-29T20:25:00Z,2026-09-26T14:52:17+00:00
KXNFLSPREAD-26SEP27LVNO,KXNFLSPREAD,KXNFLSPREAD-26SEP27LVNO-LV4,LV Raiders wins by over 3.5 points?,0.2500,0.2600,0.2800,3496.33,3139.84,active,2026-09-29T20:25:00Z,2026-09-26T14:52:17+00:00
KXNFLSPREAD-26SEP27LVNO,KXNFLSPREAD,KXNFLSPREAD-26SEP27LVNO-NO3,NO Saints wins by over 2.5 points?,0.5600,0.5700,0.5700,12636.26,12287.25,active,2026-09-29T20:25:00Z,2026-09-26T14:52:17+00:00
KXNFLSPREAD-26SEP27LVNO,KXNFLSPREAD,KXNFLSPREAD-26SEP27LVNO-LV2,LV Raiders wins by over 1.5 points?,0.3500,0.3600,0.3700,376.18,376.18,active,2026-09-29T20:25:00Z,2026-09-26T14:52:17+00:00
KXNFLSPREAD-26SEP27LVNO,KXNFLSPREAD,KXNFLSPREAD-26SEP27LVNO-LV7,LV Raiders wins by over 6.5 points?,0.2000,0.2100,0.2100,6098.16,6045.51,active,2026-09-29T20:25:00Z,2026-09-26T14:52:17+00:00
KXNFLSPREAD-26SEP27LVNO,KXNFLSPREAD,KXNFLSPREAD-26SEP27LVNO-LV5,LV Raiders wins by over 4.5 points?,0.2300,0.2500,0.2600,329.81,329.81,active,2026-09-29T20:25:00Z,2026-09-26T14:52:17+00:00
KXNFLSPREAD-26SEP27LVNO,KXNFLSPREAD,KXNFLSPREAD-26SEP27LVNO-LV6,LV Raiders wins by over 5.5 points?,0.2200,0.2300,0.2400,546.80,546.80,active,2026-09-29T20:25:00Z,2026-09-26T14:52:17+00:00
KXNFLSPREAD-26SEP27LVNO,KXNFLSPREAD,KXNFLSPREAD-26SEP27LVNO-NO6,NO Saints wins by over 5.5 points?,0.4100,0.4200,0.4200,3153.76,3108.28,active,2026-09-29T20:25:00Z,2026-09-26T14:52:17+00:00
KXNFLSPREAD-26SEP27LVNO,KXNFLSPREAD,KXNFLSPREAD-26SEP27LVNO-NO8,NO Saints wins by over 7.5 points?,0.3100,0.3300,0.3100,725.64,662.92,active,2026-09-29T20:25:00Z,2026-09-26T14:52:17+00:00
KXNFLSPREAD-26SEP27LVNO,KXNFLSPREAD,KXNFLSPREAD-26SEP27LVNO-NO4,NO Saints wins by over 3.5 points?,0.4700,0.4800,0.4800,75837.51,64552.79,active,2026-09-29T20:25:00Z,2026-09-26T14:52:17+00:00
KXNFLSPREAD-26SEP27LVNO,KXNFLSPREAD,KXNFLSPREAD-26SEP27LVNO-NO10,NO Saints wins by over 9.5 points?,0.2800,0.3000,0.3000,407.53,407.53,active,2026-09-29T20:25:00Z,2026-09-26T14:52:17+00:00
KXNFLSPREAD-26SEP27LVNO,KXNFLSPREAD,KXNFLSPREAD-26SEP27LVNO-NO7,NO Saints wins by over 6.5 points?,0.3800,0.3900,0.3900,2768.46,2759.91,active,2026-09-29T20:25:00Z,2026-09-26T14:52:17+00:00
KXNFLSPREAD-26SEP27LVNO,KXNFLSPREAD,KXNFLSPREAD-26SEP27LVNO-LV11,LV Raiders wins by over 10.5 points?,0.1000,0.1200,0.1200,1102.08,1091.34,active,2026-09-29T20:25:00Z,2026-09-26T14:52:17+00:00
KXNFLSPREAD-26SEP27LVNO,KXNFLSPREAD,KXNFLSPREAD-26SEP27LVNO-LV3,LV Raiders wins by over 2.5 points?,0.3400,0.3500,0.3400,2487.20,2444.28,active,2026-09-29T20:25:00Z,2026-09-26T14:52:17+00:00
KXNFLSPREAD-26SEP27LVNO,KXNFLSPREAD,KXNFLSPREAD-26SEP27LVNO-NO17,NO Saints wins by over 16.5 points?,0.1400,0.1600,0.2000,23.67,23.67,active,2026-09-29T20:25:00Z,2026-09-26T14:52:17+00:00
KXNFLSPREAD-26SEP27LVNO,KXNFLSPREAD,KXNFLSPREAD-26SEP27LVNO-NO2,NO Saints wins by over 1.5 points?,0.5800,0.6000,0.5800,145.18,145.18,active,2026-09-29T20:25:00Z,2026-09-26T14:52:17+00:00
KXNFLSPREAD-26SEP27LVNO,KXNFLSPREAD,KXNFLSPREAD-26SEP27LVNO-NO11,NO Saints wins by over 10.5 points?,0.2600,0.2700,0.2600,152.66,152.66,active,2026-09-29T20:25:00Z,2026-09-26T14:52:17+00:00
KXNFLSPREAD-26SEP27LVNO,KXNFLSPREAD,KXNFLSPREAD-26SEP27LVNO-LV15,LV Raiders wins by over 14.5 points?,0.0600,0.0700,0.0700,4306.03,4254.23,active,2026-09-29T20:25:00Z,2026-09-26T14:52:17+00:00
KXNFLSPREAD-26SEP27LVNO,KXNFLSPREAD,KXNFLSPREAD-26SEP27LVNO-LV14,LV Raiders wins by over 13.5 points?,0.0800,0.0900,0.1000,4266.62,4246.36,active,2026-09-29T20:25:00Z,2026-09-26T14:52:17+00:00
KXNFLSPREAD-26SEP27LVNO,KXNFLSPREAD,KXNFLSPREAD-26SEP27LVNO-NO5,NO Saints wins by over 4.5 points?,0.4300,0.4400,0.4500,1411.81,1234.62,active,2026-09-29T20:25:00Z,2026-09-26T14:52:17+00:00
KXNFLSPREAD-26SEP27MINTB,KXNFLSPREAD,KXNFLSPREAD-26SEP27MINTB-TB14,TB Buccaneers wins by over 13.5 points?,0.1100,0.1200,0.0000,0.00,0.00,active,2026-09-29T20:05:00Z,2026-09-26T14:52:17+00:00
KXNFLSPREAD-26SEP27MINTB,KXNFLSPREAD,KXNFLSPREAD-26SEP27MINTB-TB5,TB Buccaneers wins by over 4.5 points?,0.3200,0.3300,0.3300,91.19,91.19,active,2026-09-29T20:05:00Z,2026-09-26T14:52:17+00:00
KXNFLSPREAD-26SEP27MINTB,KXNFLSPREAD,KXNFLSPREAD-26SEP27MINTB-TB8,TB Buccaneers wins by over 7.5 points?,0.2100,0.2200,0.2100,845.00,845.00,active,2026-09-29T20:05:00Z,2026-09-26T14:52:17+00:00
KXNFLSPREAD-26SEP27MINTB,KXNFLSPREAD,KXNFLSPREAD-26SEP27MINTB-TB6,TB Buccaneers wins by over 5.5 points?,0.3000,0.3100,0.3000,185.18,185.18,active,2026-09-29T20:05:00Z,2026-09-26T14:52:17+00:00
KXNFLSPREAD-26SEP27MINTB,KXNFLSPREAD,KXNFLSPREAD-26SEP27MINTB-TB7,TB Buccaneers wins by over 6.5 points?,0.2700,0.2800,0.2800,1715.84,1715.84,active,2026-09-29T20:05:00Z,2026-09-26T14:52:17+00:00
KXNFLSPREAD-26SEP27MINTB,KXNFLSPREAD,KXNFLSPREAD-26SEP27MINTB-MIN10,MIN Vikings wins by over 9.5 points?,0.2200,0.2300,0.2300,1256.25,967.47,active,2026-09-29T20:05:00Z,2026-09-26T14:52:17+00:00
KXNFLSPREAD-26SEP27MINTB,KXNFLSPREAD,KXNFLSPREAD-26SEP27MINTB-TB15,TB Buccaneers wins by over 14.5 points?,0.1000,0.1100,0.0000,0.00,0.00,active,2026-09-29T20:05:00Z,2026-09-26T14:52:17+00:00
KXNFLSPREAD-26SEP27MINTB,KXNFLSPREAD,KXNFLSPREAD-26SEP27MINTB-MIN2,MIN Vikings wins by over 1.5 points?,0.4800,0.4900,0.4900,49498.50,44339.08,active,2026-09-29T20:05:00Z,2026-09-26T14:52:17+00:00
KXNFLSPREAD-26SEP27MINTB,KXNFLSPREAD,KXNFLSPREAD-26SEP27MINTB-MIN14,MIN Vikings wins by over 13.5 points?,0.1400,0.1600,0.2400,3833.43,3833.43,active,2026-09-29T20:05:00Z,2026-09-26T14:52:17+00:00
KXNFLSPREAD-26SEP27MINTB,KXNFLSPREAD,KXNFLSPREAD-26SEP27MINTB-TB4,TB Buccaneers wins by over 3.5 points?,0.3500,0.3600,0.3600,492.87,492.87,active,2026-09-29T20:05:00Z,2026-09-26T14:52:17+00:00
KXNFLSPREAD-26SEP27MINTB,KXNFLSPREAD,KXNFLSPREAD-26SEP27MINTB-MIN8,MIN Vikings wins by over 7.5 points?,0.2600,0.2700,0.2600,1147.36,1035.38,active,2026-09-29T20:05:00Z,2026-09-26T14:52:17+00:00
KXNFLSPREAD-26SEP27MINTB,KXNFLSPREAD,KXNFLSPREAD-26SEP27MINTB-MIN6,MIN Vikings wins by over 5.5 points?,0.3400,0.3600,0.3500,1596.36,1590.90,active,2026-09-29T20:05:00Z,2026-09-26T14:52:17+00:00
KXNFLSPREAD-26SEP27MINTB,KXNFLSPREAD,KXNFLSPREAD-26SEP27MINTB-MIN15,MIN Vikings wins by over 14.5 points?,0.1200,0.1300,0.1300,2596.34,2523.84,active,2026-09-29T20:05:00Z,2026-09-26T14:52:17+00:00
KXNFLSPREAD-26SEP27MINTB,KXNFLSPREAD,KXNFLSPREAD-26SEP27MINTB-MIN11,MIN Vikings wins by over 10.5 points?,0.1900,0.2000,0.2000,1164.77,1164.77,active,2026-09-29T20:05:00Z,2026-09-26T14:52:17+00:00
KXNFLSPREAD-26SEP27MINTB,KXNFLSPREAD,KXNFLSPREAD-26SEP27MINTB-MIN3,MIN Vikings wins by over 2.5 points?,0.4500,0.4600,0.4600,8151.83,7015.43,active,2026-09-29T20:05:00Z,2026-09-26T14:52:17+00:00
KXNFLSPREAD-26SEP27MINTB,KXNFLSPREAD,KXNFLSPREAD-26SEP27MINTB-MIN5,MIN Vikings wins by over 4.5 points?,0.3500,0.3600,0.3600,1057.89,1057.89,active,2026-09-29T20:05:00Z,2026-09-26T14:52:17+00:00
KXNFLSPREAD-26SEP27MINTB,KXNFLSPREAD,KXNFLSPREAD-26SEP27MINTB-TB3,TB Buccaneers wins by over 2.5 points?,0.4200,0.4300,0.4300,985.22,985.22,active,2026-09-29T20:05:00Z,2026-09-26T14:52:17+00:00
KXNFLSPREAD-26SEP27MINTB,KXNFLSPREAD,KXNFLSPREAD-26SEP27MINTB-MIN4,MIN Vikings wins by over 3.5 points?,0.3700,0.3800,0.3800,27683.26,25406.82,active,2026-09-29T20:05:00Z,2026-09-26T14:52:17+00:00
KXNFLSPREAD-26SEP27MINTB,KXNFLSPREAD,KXNFLSPREAD-26SEP27MINTB-MIN17,MIN Vikings wins by over 16.5 points?,0.1000,0.1200,0.1000,3392.16,3289.16,active,2026-09-29T20:05:00Z,2026-09-26T14:52:17+00:00
KXNFLSPREAD-26SEP27MINTB,KXNFLSPREAD,KXNFLSPREAD-26SEP27MINTB-TB2,TB Buccaneers wins by over 1.5 points?,0.4500,0.4600,0.4600,950.18,950.18,active,2026-09-29T20:05:00Z,2026-09-26T14:52:17+00:00
KXNFLSPREAD-26SEP27MINTB,KXNFLSPREAD,KXNFLSPREAD-26SEP27MINTB-MIN7,MIN Vikings wins by over 6.5 points?,0.3000,0.3200,0.3200,2330.32,2330.32,active,2026-09-29T20:05:00Z,2026-09-26T14:52:17+00:00
KXNFLSPREAD-26SEP27MINTB,KXNFLSPREAD,KXNFLSPREAD-26SEP27MINTB-MIN18,MIN Vikings wins by over 17.5 points?,0.0800,0.1000,0.0900,1416.14,1272.14,active,2026-09-29T20:05:00Z,2026-09-26T14:52:17+00:00
KXNFLSPREAD-26SEP27MINTB,KXNFLSPREAD,KXNFLSPREAD-26SEP27MINTB-TB11,TB Buccaneers wins by over 10.5 points?,0.1500,0.1700,0.1600,59.02,59.02,active,2026-09-29T20:05:00Z,2026-09-26T14:52:17+00:00
KXNFLSPREAD-26SEP27MINTB,KXNFLSPREAD,KXNFLSPREAD-26SEP27MINTB-MIN21,MIN Vikings wins by over 20.5 points?,0.0500,0.0600,0.0600,2586.71,2564.71,active,2026-09-29T20:05:00Z,2026-09-26T14:52:17+00:00
KXNFLSPREAD-26SEP27MINTB,KXNFLSPREAD,KXNFLSPREAD-26SEP27MINTB-TB10,TB Buccaneers wins by over 9.5 points?,0.1700,0.1900,0.0000,0.00,0.00,active,2026-09-29T20:05:00Z,2026-09-26T14:52:17+00:00
KXNFLSPREAD-26SEP27NEJAC,KXNFLSPREAD,KXNFLSPREAD-26SEP27NEJAC-JAC6,JAC Jaguars wins by over 5.5 points?,0.3800,0.4000,0.4000,675.02,675.02,active,2026-09-29T17:00:00Z,2026-09-26T14:52:17+00:00
KXNFLSPREAD-26SEP27NEJAC,KXNFLSPREAD,KXNFLSPREAD-26SEP27NEJAC-NE4,NE Patriots wins by over 3.5 points?,0.2900,0.3000,0.3100,728.08,609.57,active,2026-09-29T17:00:00Z,2026-09-26T14:52:17+00:00
KXNFLSPREAD-26SEP27NEJAC,KXNFLSPREAD,KXNFLSPREAD-26SEP27NEJAC-JAC3,JAC Jaguars wins by over 2.5 points?,0.5300,0.5400,0.5400,78492.22,73657.51,active,2026-09-29T17:00:00Z,2026-09-26T14:52:17+00:00
KXNFLSPREAD-26SEP27NEJAC,KXNFLSPREAD,KXNFLSPREAD-26SEP27NEJAC-NE14,NE Patriots wins by over 13.5 points?,0.1000,0.1100,0.1100,4291.65,4291.65,active,2026-09-29T17:00:00Z,2026-09-26T14:52:17+00:00
KXNFLSPREAD-26SEP27NEJAC,KXNFLSPREAD,KXNFLSPREAD-26SEP27NEJAC-JAC14,JAC Jaguars wins by over 13.5 points?,0.1700,0.1900,0.1700,31.62,30.41,active,2026-09-29T17:00:00Z,2026-09-26T14:52:17+00:00
KXNFLSPREAD-26SEP27NEJAC,KXNFLSPREAD,KXNFLSPREAD-26SEP27NEJAC-NE2,NE Patriots wins by over 1.5 points?,0.3900,0.4000,0.4000,908.18,908.18,active,2026-09-29T17:00:00Z,2026-09-26T14:52:17+00:00
KXNFLSPREAD-26SEP27NEJAC,KXNFLSPREAD,KXNFLSPREAD-26SEP27NEJAC-JAC18,JAC Jaguars wins by over 17.5 points?,0.1000,0.1100,0.1000,1216.50,1216.50,active,2026-09-29T17:00:00Z,2026-09-26T14:52:17+00:00
KXNFLSPREAD-26SEP27NEJAC,KXNFLSPREAD,KXNFLSPREAD-26SEP27NEJAC-NE11,NE Patriots wins by over 10.5 points?,0.1200,0.1300,0.1200,125.09,124.09,active,2026-09-29T17:00:00Z,2026-09-26T14:52:17+00:00
KXNFLSPREAD-26SEP27NEJAC,KXNFLSPREAD,KXNFLSPREAD-26SEP27NEJAC-NE10,NE Patriots wins by over 9.5 points?,0.1400,0.1600,0.1600,1497.94,1497.94,active,2026-09-29T17:00:00Z,2026-09-26T14:52:17+00:00
KXNFLSPREAD-26SEP27NEJAC,KXNFLSPREAD,KXNFLSPREAD-26SEP27NEJAC-NE5,NE Patriots wins by over 4.5 points?,0.2700,0.2800,0.2700,510.46,510.46,active,2026-09-29T17:00:00Z,2026-09-26T14:52:17+00:00
KXNFLSPREAD-26SEP27NEJAC,KXNFLSPREAD,KXNFLSPREAD-26SEP27NEJAC-JAC7,JAC Jaguars wins by over 6.5 points?,0.3400,0.3500,0.3600,449.24,449.24,active,2026-09-29T17:00:00Z,2026-09-26T14:52:17+00:00
KXNFLSPREAD-26SEP27NEJAC,KXNFLSPREAD,KXNFLSPREAD-26SEP27NEJAC-JAC2,JAC Jaguars wins by over 1.5 points?,0.5600,0.5700,0.5700,3368.54,3230.49,active,2026-09-29T17:00:00Z,2026-09-26T14:52:17+00:00
KXNFLSPREAD-26SEP27NEJAC,KXNFLSPREAD,KXNFLSPREAD-26SEP27NEJAC-NE6,NE Patriots wins by over 5.5 points?,0.2400,0.2600,0.2600,196.09,196.09,active,2026-09-29T17:00:00Z,2026-09-26T14:52:17+00:00
KXNFLSPREAD-26SEP27NEJAC,KXNFLSPREAD,KXNFLSPREAD-26SEP27NEJAC-JAC4,JAC Jaguars wins by over 3.5 points?,0.4300,0.4400,0.4400,11972.64,8721.59,active,2026-09-29T17:00:00Z,2026-09-26T14:52:17+00:00
KXNFLSPREAD-26SEP27NEJAC,KXNFLSPREAD,KXNFLSPREAD-26SEP27NEJAC-NE3,NE Patriots wins by over 2.5 points?,0.3600,0.3700,0.3600,3446.18,3446.18,active,2026-09-29T17:00:00Z,2026-09-26T14:52:17+00:00
KXNFLSPREAD-26SEP27NEJAC,KXNFLSPREAD,KXNFLSPREAD-26SEP27NEJAC-JAC8,JAC Jaguars wins by over 7.5 points?,0.2900,0.3100,0.2900,194.50,194.50,active,2026-09-29T17:00:00Z,2026-09-26T14:52:17+00:00
KXNFLSPREAD-26SEP27NEJAC,KXNFLSPREAD,KXNFLSPREAD-26SEP27NEJAC-NE7,NE Patriots wins by over 6.5 points?,0.2300,0.2400,0.2300,832.81,791.81,active,2026-09-29T17:00:00Z,2026-09-26T14:52:17+00:00
KXNFLSPREAD-26SEP27NEJAC,KXNFLSPREAD,KXNFLSPREAD-26SEP27NEJAC-JAC17,JAC Jaguars wins by over 16.5 points?,0.1200,0.1300,0.1000,5.51,5.51,active,2026-09-29T17:00:00Z,2026-09-26T14:52:17+00:00
KXNFLSPREAD-26SEP27NEJAC,KXNFLSPREAD,KXNFLSPREAD-26SEP27NEJAC-JAC11,JAC Jaguars wins by over 10.5 points?,0.2200,0.2300,0.2300,18.33,18.33,active,2026-09-29T17:00:00Z,2026-09-26T14:52:17+00:00
KXNFLSPREAD-26SEP27NEJAC,KXNFLSPREAD,KXNFLSPREAD-26SEP27NEJAC-JAC21,JAC Jaguars wins by over 20.5 points?,0.0700,0.0800,0.0700,4096.97,4067.19,active,2026-09-29T17:00:00Z,2026-09-26T14:52:17+00:00
KXNFLSPREAD-26SEP27NEJAC,KXNFLSPREAD,KXNFLSPREAD-26SEP27NEJAC-JAC5,JAC Jaguars wins by over 4.5 points?,0.4000,0.4100,0.4000,700.21,445.71,active,2026-09-29T17:00:00Z,2026-09-26T14:52:17+00:00
KXNFLSPREAD-26SEP27NEJAC,KXNFLSPREAD,KXNFLSPREAD-26SEP27NEJAC-NE8,NE Patriots wins by over 7.5 points?,0.1800,0.1900,0.2100,155.17,155.17,active,2026-09-29T17:00:00Z,2026-09-26T14:52:17+00:00
KXNFLSPREAD-26SEP27NEJAC,KXNFLSPREAD,KXNFLSPREAD-26SEP27NEJAC-NE15,NE Patriots wins by over 14.5 points?,0.0700,0.0900,0.0000,0.00,0.00,active,2026-09-29T17:00:00Z,2026-09-26T14:52:17+00:00
KXNFLSPREAD-26SEP27NEJAC,KXNFLSPREAD,KXNFLSPREAD-26SEP27NEJAC-JAC10,JAC Jaguars wins by over 9.5 points?,0.2500,0.2600,0.2600,276.58,276.58,active,2026-09-29T17:00:00Z,2026-09-26T14:52:17+00:00
KXNFLSPREAD-26SEP27NEJAC,KXNFLSPREAD,KXNFLSPREAD-26SEP27NEJAC-JAC15,JAC Jaguars wins by over 14.5 points?,0.1400,0.1600,0.0800,5.40,5.40,active,2026-09-29T17:00:00Z,2026-09-26T14:52:17+00:00
KXNFLSPREAD-26SEP27NYJDET,KXNFLSPREAD,KXNFLSPREAD-26SEP27NYJDET-DET18,DET Lions wins by over 17.5 points?,0.1900,0.2100,0.0000,0.00,0.00,active,2026-09-29T17:00:00Z,2026-09-26T14:52:17+00:00
KXNFLSPREAD-26SEP27NYJDET,KXNFLSPREAD,KXNFLSPREAD-26SEP27NYJDET-DET2,DET Lions wins by over 1.5 points?,0.6900,0.7000,0.6900,277.93,247.16,active,2026-09-29T17:00:00Z,2026-09-26T14:52:17+00:00
KXNFLSPREAD-26SEP27NYJDET,KXNFLSPREAD,KXNFLSPREAD-26SEP27NYJDET-NYJ11,NY Jets wins by over 10.5 points?,0.0600,0.0700,0.0300,8.00,8.00,active,2026-09-29T17:00:00Z,2026-09-26T14:52:17+00:00
KXNFLSPREAD-26SEP27NYJDET,KXNFLSPREAD,KXNFLSPREAD-26SEP27NYJDET-DET3,DET Lions wins by over 2.5 points?,0.6800,0.6900,0.6900,302.31,302.31,active,2026-09-29T17:00:00Z,2026-09-26T14:52:17+00:00
KXNFLSPREAD-26SEP27NYJDET,KXNFLSPREAD,KXNFLSPREAD-26SEP27NYJDET-DET15,DET Lions wins by over 14.5 points?,0.2400,0.2500,0.2400,798.87,798.87,active,2026-09-29T17:00:00Z,2026-09-26T14:52:17+00:00
KXNFLSPREAD-26SEP27NYJDET,KXNFLSPREAD,KXNFLSPREAD-26SEP27NYJDET-DET24,DET Lions wins by over 23.5 points?,0.1000,0.1100,0.1100,1296.58,1296.58,active,2026-09-29T17:00:00Z,2026-09-26T14:52:17+00:00
KXNFLSPREAD-26SEP27NYJDET,KXNFLSPREAD,KXNFLSPREAD-26SEP27NYJDET-NYJ10,NY Jets wins by over 9.5 points?,0.0700,0.0800,0.0800,63.00,63.00,active,2026-09-29T17:00:00Z,2026-09-26T14:52:17+00:00
KXNFLSPREAD-26SEP27NYJDET,KXNFLSPREAD,KXNFLSPREAD-26SEP27NYJDET-NYJ6,NY Jets wins by over 5.5 points?,0.1500,0.1600,0.1400,1430.68,1417.68,active,2026-09-29T17:00:00Z,2026-09-26T14:52:17+00:00
KXNFLSPREAD-26SEP27NYJDET,KXNFLSPREAD,KXNFLSPREAD-26SEP27NYJDET-NYJ5,NY Jets wins by over 4.5 points?,0.1500,0.1600,0.0000,0.00,0.00,active,2026-09-29T17:00:00Z,2026-09-26T14:52:17+00:00
KXNFLSPREAD-26SEP27NYJDET,KXNFLSPREAD,KXNFLSPREAD-26SEP27NYJDET-NYJ2,NY Jets wins by over 1.5 points?,0.2400,0.2600,0.2500,3.80,3.80,active,2026-09-29T17:00:00Z,2026-09-26T14:52:17+00:00
KXNFLSPREAD-26SEP27NYJDET,KXNFLSPREAD,KXNFLSPREAD-26SEP27NYJDET-DET7,DET Lions wins by over 6.5 points?,0.5000,0.5100,0.5100,92492.19,85729.98,active,2026-09-29T17:00:00Z,2026-09-26T14:52:17+00:00
KXNFLSPREAD-26SEP27NYJDET,KXNFLSPREAD,KXNFLSPREAD-26SEP27NYJDET-DET21,DET Lions wins by over 20.5 points?,0.1400,0.1500,0.1500,2371.14,2371.14,active,2026-09-29T17:00:00Z,2026-09-26T14:52:17+00:00
KXNFLSPREAD-26SEP27NYJDET,KXNFLSPREAD,KXNFLSPREAD-26SEP27NYJDET-NYJ14,NY Jets wins by over 13.5 points?,0.0400,0.0500,0.0500,1513.04,1496.04,active,2026-09-29T17:00:00Z,2026-09-26T14:52:17+00:00
KXNFLSPREAD-26SEP27NYJDET,KXNFLSPREAD,KXNFLSPREAD-26SEP27NYJDET-NYJ4,NY Jets wins by over 3.5 points?,0.1700,0.1900,0.1700,50.07,50.07,active,2026-09-29T17:00:00Z,2026-09-26T14:52:17+00:00
KXNFLSPREAD-26SEP27NYJDET,KXNFLSPREAD,KXNFLSPREAD-26SEP27NYJDET-DET6,DET Lions wins by over 5.5 points?,0.5400,0.5500,0.5500,14728.96,14626.63,active,2026-09-29T17:00:00Z,2026-09-26T14:52:17+00:00
KXNFLSPREAD-26SEP27NYJDET,KXNFLSPREAD,KXNFLSPREAD-26SEP27NYJDET-DET8,DET Lions wins by over 7.5 points?,0.4200,0.4300,0.4300,5627.43,5198.82,active,2026-09-29T17:00:00Z,2026-09-26T14:52:17+00:00
KXNFLSPREAD-26SEP27NYJDET,KXNFLSPREAD,KXNFLSPREAD-26SEP27NYJDET-NYJ3,NY Jets wins by over 2.5 points?,0.2200,0.2300,0.2200,994.94,788.67,active,2026-09-29T17:00:00Z,2026-09-26T14:52:17+00:00
KXNFLSPREAD-26SEP27NYJDET,KXNFLSPREAD,KXNFLSPREAD-26SEP27NYJDET-DET14,DET Lions wins by over 13.5 points?,0.2900,0.3100,0.3100,260.62,260.62,active,2026-09-29T17:00:00Z,2026-09-26T14:52:17+00:00
KXNFLSPREAD-26SEP27NYJDET,KXNFLSPREAD,KXNFLSPREAD-26SEP27NYJDET-DET4,DET Lions wins by over 3.5 points?,0.5900,0.6000,0.5900,620.04,596.63,active,2026-09-29T17:00:00Z,2026-09-26T14:52:17+00:00
KXNFLSPREAD-26SEP27NYJDET,KXNFLSPREAD,KXNFLSPREAD-26SEP27NYJDET-NYJ8,NY Jets wins by over 7.5 points?,0.0900,0.1000,0.0000,0.00,0.00,active,2026-09-29T17:00:00Z,2026-09-26T14:52:17+00:00
KXNFLSPREAD-26SEP27NYJDET,KXNFLSPREAD,KXNFLSPREAD-26SEP27NYJDET-DET11,DET Lions wins by over 10.5 points?,0.3500,0.3700,0.3700,431.86,431.86,active,2026-09-29T17:00:00Z,2026-09-26T14:52:17+00:00
KXNFLSPREAD-26SEP27NYJDET,KXNFLSPREAD,KXNFLSPREAD-26SEP27NYJDET-DET17,DET Lions wins by over 16.5 points?,0.2200,0.2400,0.0000,0.00,0.00,active,2026-09-29T17:00:00Z,2026-09-26T14:52:17+00:00
KXNFLSPREAD-26SEP27NYJDET,KXNFLSPREAD,KXNFLSPREAD-26SEP27NYJDET-NYJ7,NY Jets wins by over 6.5 points?,0.1300,0.1400,0.1400,4862.24,4862.24,active,2026-09-29T17:00:00Z,2026-09-26T14:52:17+00:00
KXNFLSPREAD-26SEP27NYJDET,KXNFLSPREAD,KXNFLSPREAD-26SEP27NYJDET-DET28,DET Lions wins by over 27.5 points?,0.0500,0.0600,0.0600,1648.96,1544.40,active,2026-09-29T17:00:00Z,2026-09-26T14:52:17+00:00
KXNFLSPREAD-26SEP27NYJDET,KXNFLSPREAD,KXNFLSPREAD-26SEP27NYJDET-NYJ15,NY Jets wins by over 14.5 points?,0.0300,0.0400,0.0500,1869.91,1820.09,active,2026-09-29T17:00:00Z,2026-09-26T14:52:17+00:00
KXNFLSPREAD-26SEP27NYJDET,KXNFLSPREAD,KXNFLSPREAD-26SEP27NYJDET-DET5,DET Lions wins by over 4.5 points?,0.5600,0.5700,0.5700,397.20,352.49,active,2026-09-29T17:00:00Z,2026-09-26T14:52:17+00:00
KXNFLSPREAD-26SEP27NYJDET,KXNFLSPREAD,KXNFLSPREAD-26SEP27NYJDET-DET10,DET Lions wins by over 9.5 points?,0.3900,0.4000,0.4000,555.65,531.01,active,2026-09-29T17:00:00Z,2026-09-26T14:52:17+00:00
KXNFLSPREAD-26SEP27SEAWAS,KXNFLSPREAD,KXNFLSPREAD-26SEP27SEAWAS-SEA17,SEA Seahawks wins by over 16.5 points?,0.2700,0.2800,0.2800,2820.83,2820.83,active,2026-09-29T17:00:00Z,2026-09-26T14:52:17+00:00
KXNFLSPREAD-26SEP27SEAWAS,KXNFLSPREAD,KXNFLSPREAD-26SEP27SEAWAS-SEA21,SEA Seahawks wins by over 20.5 points?,0.1800,0.1900,0.1900,19745.09,19744.09,active,2026-09-29T17:00:00Z,2026-09-26T14:52:17+00:00
KXNFLSPREAD-26SEP27SEAWAS,KXNFLSPREAD,KXNFLSPREAD-26SEP27SEAWAS-WAS3,WAS Commanders wins by over 2.5 points?,0.2000,0.2100,0.2100,261.40,261.40,active,2026-09-29T17:00:00Z,2026-09-26T14:52:17+00:00
KXNFLSPREAD-26SEP27SEAWAS,KXNFLSPREAD,KXNFLSPREAD-26SEP27SEAWAS-SEA24,SEA Seahawks wins by over 23.5 points?,0.1100,0.1300,0.1300,1268.71,1268.51,active,2026-09-29T17:00:00Z,2026-09-26T14:52:17+00:00
KXNFLSPREAD-26SEP27SEAWAS,KXNFLSPREAD,KXNFLSPREAD-26SEP27SEAWAS-WAS10,WAS Commanders wins by over 9.5 points?,0.0700,0.0800,0.0800,52.73,40.22,active,2026-09-29T17:00:00Z,2026-09-26T14:52:17+00:00
KXNFLSPREAD-26SEP27SEAWAS,KXNFLSPREAD,KXNFLSPREAD-26SEP27SEAWAS-SEA10,SEA Seahawks wins by over 9.5 points?,0.4500,0.4600,0.4600,13812.82,13086.86,active,2026-09-29T17:00:00Z,2026-09-26T14:52:17+00:00
KXNFLSPREAD-26SEP27SEAWAS,KXNFLSPREAD,KXNFLSPREAD-26SEP27SEAWAS-WAS8,WAS Commanders wins by over 7.5 points?,0.0700,0.0900,0.0700,605.85,557.31,active,2026-09-29T17:00:00Z,2026-09-26T14:52:17+00:00
KXNFLSPREAD-26SEP27SEAWAS,KXNFLSPREAD,KXNFLSPREAD-26SEP27SEAWAS-WAS5,WAS Commanders wins by over 4.5 points?,0.1300,0.1400,0.1800,44.24,44.24,active,2026-09-29T17:00:00Z,2026-09-26T14:52:17+00:00
KXNFLSPREAD-26SEP27SEAWAS,KXNFLSPREAD,KXNFLSPREAD-26SEP27SEAWAS-WAS11,WAS Commanders wins by over 10.5 points?,0.0500,0.0600,0.0600,31.06,31.06,active,2026-09-29T17:00:00Z,2026-09-26T14:52:17+00:00
KXNFLSPREAD-26SEP27SEAWAS,KXNFLSPREAD,KXNFLSPREAD-26SEP27SEAWAS-WAS6,WAS Commanders wins by over 5.5 points?,0.1200,0.1300,0.1300,65.14,65.14,active,2026-09-29T17:00:00Z,2026-09-26T14:52:17+00:00
KXNFLSPREAD-26SEP27SEAWAS,KXNFLSPREAD,KXNFLSPREAD-26SEP27SEAWAS-SEA6,SEA Seahawks wins by over 5.5 points?,0.6100,0.6200,0.6200,2999.08,2999.08,active,2026-09-29T17:00:00Z,2026-09-26T14:52:17+00:00
KXNFLSPREAD-26SEP27SEAWAS,KXNFLSPREAD,KXNFLSPREAD-26SEP27SEAWAS-SEA7,SEA Seahawks wins by over 6.5 points?,0.5700,0.5800,0.5700,115705.31,110993.26,active,2026-09-29T17:00:00Z,2026-09-26T14:52:17+00:00
KXNFLSPREAD-26SEP27SEAWAS,KXNFLSPREAD,KXNFLSPREAD-26SEP27SEAWAS-SEA4,SEA Seahawks wins by over 3.5 points?,0.6400,0.6500,0.6500,1596.91,1596.91,active,2026-09-29T17:00:00Z,2026-09-26T14:52:17+00:00
KXNFLSPREAD-26SEP27SEAWAS,KXNFLSPREAD,KXNFLSPREAD-26SEP27SEAWAS-SEA2,SEA Seahawks wins by over 1.5 points?,0.7300,0.7600,0.7500,177.49,177.49,active,2026-09-29T17:00:00Z,2026-09-26T14:52:17+00:00
KXNFLSPREAD-26SEP27SEAWAS,KXNFLSPREAD,KXNFLSPREAD-26SEP27SEAWAS-SEA8,SEA Seahawks wins by over 7.5 points?,0.5000,0.5100,0.5000,111629.30,98044.12,active,2026-09-29T17:00:00Z,2026-09-26T14:52:17+00:00
KXNFLSPREAD-26SEP27SEAWAS,KXNFLSPREAD,KXNFLSPREAD-26SEP27SEAWAS-SEA3,SEA Seahawks wins by over 2.5 points?,0.7200,0.7300,0.7300,12278.22,12099.86,active,2026-09-29T17:00:00Z,2026-09-26T14:52:17+00:00
KXNFLSPREAD-26SEP27SEAWAS,KXNFLSPREAD,KXNFLSPREAD-26SEP27SEAWAS-SEA14,SEA Seahawks wins by over 13.5 points?,0.3500,0.3600,0.3600,13175.35,12775.87,active,2026-09-29T17:00:00Z,2026-09-26T14:52:17+00:00
KXNFLSPREAD-26SEP27SEAWAS,KXNFLSPREAD,KXNFLSPREAD-26SEP27SEAWAS-WAS2,WAS Commanders wins by over 1.5 points?,0.2000,0.2100,0.2100,5134.13,4534.53,active,2026-09-29T17:00:00Z,2026-09-26T14:52:17+00:00
KXNFLSPREAD-26SEP27SEAWAS,KXNFLSPREAD,KXNFLSPREAD-26SEP27SEAWAS-SEA28,SEA Seahawks wins by over 27.5 points?,0.0700,0.0800,0.0700,8471.48,7743.17,active,2026-09-29T17:00:00Z,2026-09-26T14:52:17+00:00
KXNFLSPREAD-26SEP27SEAWAS,KXNFLSPREAD,KXNFLSPREAD-26SEP27SEAWAS-SEA18,SEA Seahawks wins by over 17.5 points?,0.2400,0.2500,0.2500,7291.03,6837.25,active,2026-09-29T17:00:00Z,2026-09-26T14:52:17+00:00
KXNFLSPREAD-26SEP27SEAWAS,KXNFLSPREAD,KXNFLSPREAD-26SEP27SEAWAS-WAS7,WAS Commanders wins by over 6.5 points?,0.1000,0.1100,0.1100,270.15,270.04,active,2026-09-29T17:00:00Z,2026-09-26T14:52:17+00:00
KXNFLSPREAD-26SEP27SEAWAS,KXNFLSPREAD,KXNFLSPREAD-26SEP27SEAWAS-SEA11,SEA Seahawks wins by over 10.5 points?,0.4000,0.4100,0.4100,5593.59,4585.87,active,2026-09-29T17:00:00Z,2026-09-26T14:52:17+00:00
KXNFLSPREAD-26SEP27SEAWAS,KXNFLSPREAD,KXNFLSPREAD-26SEP27SEAWAS-WAS4,WAS Commanders wins by over 3.5 points?,0.1400,0.1500,0.2000,24.73,21.09,active,2026-09-29T17:00:00Z,2026-09-26T14:52:17+00:00
KXNFLSPREAD-26SEP27SEAWAS,KXNFLSPREAD,KXNFLSPREAD-26SEP27SEAWAS-WAS15,WAS Commanders wins by over 14.5 points?,0.0300,0.0400,0.0300,2204.05,2153.08,active,2026-09-29T17:00:00Z,2026-09-26T14:52:17+00:00
KXNFLSPREAD-26SEP27SEAWAS,KXNFLSPREAD,KXNFLSPREAD-26SEP27SEAWAS-SEA5,SEA Seahawks wins by over 4.5 points?,0.6200,0.6400,0.6300,823.16,823.06,active,2026-09-29T17:00:00Z,2026-09-26T14:52:17+00:00
KXNFLSPREAD-26SEP27SEAWAS,KXNFLSPREAD,KXNFLSPREAD-26SEP27SEAWAS-SEA15,SEA Seahawks wins by over 14.5 points?,0.2900,0.3000,0.3000,3004.38,2935.98,active,2026-09-29T17:00:00Z,2026-09-26T14:52:17+00:00
KXNFLSPREAD-26SEP27SEAWAS,KXNFLSPREAD,KXNFLSPREAD-26SEP27SEAWAS-WAS14,WAS Commanders wins by over 13.5 points?,0.0400,0.0500,0.0300,5.14,5.14,active,2026-09-29T17:00:00Z,2026-09-26T14:52:17+00:00
KXNFLSPREAD-26SEP27TENNYG,KXNFLSPREAD,KXNFLSPREAD-26SEP27TENNYG-TEN3,TEN Titans wins by over 2.5 points?,0.3900,0.4000,0.4100,4554.15,4511.32,active,2026-09-29T17:00:00Z,2026-09-26T14:52:17+00:00
KXNFLSPREAD-26SEP27TENNYG,KXNFLSPREAD,KXNFLSPREAD-26SEP27TENNYG-TEN15,TEN Titans wins by over 14.5 points?,0.0900,0.1100,0.0800,1310.87,978.92,active,2026-09-29T17:00:00Z,2026-09-26T14:52:17+00:00
KXNFLSPREAD-26SEP27TENNYG,KXNFLSPREAD,KXNFLSPREAD-26SEP27TENNYG-NYG4,NY Giants wins by over 3.5 points?,0.4000,0.4100,0.4000,25105.55,21118.56,active,2026-09-29T17:00:00Z,2026-09-26T14:52:17+00:00
KXNFLSPREAD-26SEP27TENNYG,KXNFLSPREAD,KXNFLSPREAD-26SEP27TENNYG-NYG5,NY Giants wins by over 4.5 points?,0.3800,0.3900,0.3800,4538.82,4025.04,active,2026-09-29T17:00:00Z,2026-09-26T14:52:17+00:00
KXNFLSPREAD-26SEP27TENNYG,KXNFLSPREAD,KXNFLSPREAD-26SEP27TENNYG-NYG3,NY Giants wins by over 2.5 points?,0.4900,0.5000,0.5000,26355.34,23695.87,active,2026-09-29T17:00:00Z,2026-09-26T14:52:17+00:00
KXNFLSPREAD-26SEP27TENNYG,KXNFLSPREAD,KXNFLSPREAD-26SEP27TENNYG-NYG24,NY Giants wins by over 23.5 points?,0.0500,0.0600,0.0600,1270.62,1244.40,active,2026-09-29T17:00:00Z,2026-09-26T14:52:17+00:00
KXNFLSPREAD-26SEP27TENNYG,KXNFLSPREAD,KXNFLSPREAD-26SEP27TENNYG-NYG11,NY Giants wins by over 10.5 points?,0.2000,0.2300,0.2200,635.33,385.43,active,2026-09-29T17:00:00Z,2026-09-26T14:52:17+00:00
KXNFLSPREAD-26SEP27TENNYG,KXNFLSPREAD,KXNFLSPREAD-26SEP27TENNYG-TEN8,TEN Titans wins by over 7.5 points?,0.2000,0.2100,0.2000,1022.29,1022.29,active,2026-09-29T17:00:00Z,2026-09-26T14:52:17+00:00
KXNFLSPREAD-26SEP27TENNYG,KXNFLSPREAD,KXNFLSPREAD-26SEP27TENNYG-NYG10,NY Giants wins by over 9.5 points?,0.2300,0.2500,0.2400,272.78,269.78,active,2026-09-29T17:00:00Z,2026-09-26T14:52:17+00:00
KXNFLSPREAD-26SEP27TENNYG,KXNFLSPREAD,KXNFLSPREAD-26SEP27TENNYG-TEN2,TEN Titans wins by over 1.5 points?,0.4100,0.4200,0.4300,1744.88,1612.79,active,2026-09-29T17:00:00Z,2026-09-26T14:52:17+00:00
KXNFLSPREAD-26SEP27TENNYG,KXNFLSPREAD,KXNFLSPREAD-26SEP27TENNYG-NYG14,NY Giants wins by over 13.5 points?,0.1700,0.1900,0.1800,71.26,71.26,active,2026-09-29T17:00:00Z,2026-09-26T14:52:17+00:00
KXNFLSPREAD-26SEP27TENNYG,KXNFLSPREAD,KXNFLSPREAD-26SEP27TENNYG-NYG18,NY Giants wins by over 17.5 points?,0.0900,0.1200,0.0000,0.00,0.00,active,2026-09-29T17:00:00Z,2026-09-26T14:52:17+00:00
KXNFLSPREAD-26SEP27TENNYG,KXNFLSPREAD,KXNFLSPREAD-26SEP27TENNYG-TEN14,TEN Titans wins by over 13.5 points?,0.1000,0.1200,0.1200,1629.68,1346.76,active,2026-09-29T17:00:00Z,2026-09-26T14:52:17+00:00
KXNFLSPREAD-26SEP27TENNYG,KXNFLSPREAD,KXNFLSPREAD-26SEP27TENNYG-NYG17,NY Giants wins by over 16.5 points?,0.1100,0.1300,0.1400,95.54,95.54,active,2026-09-29T17:00:00Z,2026-09-26T14:52:17+00:00
KXNFLSPREAD-26SEP27TENNYG,KXNFLSPREAD,KXNFLSPREAD-26SEP27TENNYG-NYG15,NY Giants wins by over 14.5 points?,0.1400,0.1600,0.1600,833.97,833.97,active,2026-09-29T17:00:00Z,2026-09-26T14:52:17+00:00
KXNFLSPREAD-26SEP27TENNYG,KXNFLSPREAD,KXNFLSPREAD-26SEP27TENNYG-TEN11,TEN Titans wins by over 10.5 points?,0.1400,0.1600,0.0000,0.00,0.00,active,2026-09-29T17:00:00Z,2026-09-26T14:52:17+00:00
KXNFLSPREAD-26SEP27TENNYG,KXNFLSPREAD,KXNFLSPREAD-26SEP27TENNYG-TEN5,TEN Titans wins by over 4.5 points?,0.2900,0.3100,0.3100,1906.01,1901.84,active,2026-09-29T17:00:00Z,2026-09-26T14:52:17+00:00
KXNFLSPREAD-26SEP27TENNYG,KXNFLSPREAD,KXNFLSPREAD-26SEP27TENNYG-NYG7,NY Giants wins by over 6.5 points?,0.3500,0.3600,0.3600,12916.66,9937.02,active,2026-09-29T17:00:00Z,2026-09-26T14:52:17+00:00
KXNFLSPREAD-26SEP27TENNYG,KXNFLSPREAD,KXNFLSPREAD-26SEP27TENNYG-TEN7,TEN Titans wins by over 6.5 points?,0.2500,0.2600,0.2600,3333.08,3177.66,active,2026-09-29T17:00:00Z,2026-09-26T14:52:17+00:00
KXNFLSPREAD-26SEP27TENNYG,KXNFLSPREAD,KXNFLSPREAD-26SEP27TENNYG-NYG6,NY Giants wins by over 5.5 points?,0.3600,0.3700,0.3700,8661.73,7952.36,active,2026-09-29T17:00:00Z,2026-09-26T14:52:17+00:00
KXNFLSPREAD-26SEP27TENNYG,KXNFLSPREAD,KXNFLSPREAD-26SEP27TENNYG-TEN6,TEN Titans wins by over 5.5 points?,0.2800,0.3000,0.3000,2166.74,2157.22,active,2026-09-29T17:00:00Z,2026-09-26T14:52:17+00:00
KXNFLSPREAD-26SEP27TENNYG,KXNFLSPREAD,KXNFLSPREAD-26SEP27TENNYG-TEN10,TEN Titans wins by over 9.5 points?,0.1800,0.1900,0.1900,3652.45,3111.45,active,2026-09-29T17:00:00Z,2026-09-26T14:52:17+00:00
KXNFLSPREAD-26SEP27TENNYG,KXNFLSPREAD,KXNFLSPREAD-26SEP27TENNYG-TEN4,TEN Titans wins by over 3.5 points?,0.3100,0.3200,0.3200,2047.00,2032.82,active,2026-09-29T17:00:00Z,2026-09-26T14:52:17+00:00
KXNFLSPREAD-26SEP27TENNYG,KXNFLSPREAD,KXNFLSPREAD-26SEP27TENNYG-NYG21,NY Giants wins by over 20.5 points?,0.0700,0.0800,0.0800,2177.71,2177.71,active,2026-09-29T17:00:00Z,2026-09-26T14:52:17+00:00
KXNFLSPREAD-26SEP27TENNYG,KXNFLSPREAD,KXNFLSPREAD-26SEP27TENNYG-NYG2,NY Giants wins by over 1.5 points?,0.5200,0.5400,0.5400,1616.06,1594.05,active,2026-09-29T17:00:00Z,2026-09-26T14:52:17+00:00
KXNFLSPREAD-26SEP27TENNYG,KXNFLSPREAD,KXNFLSPREAD-26SEP27TENNYG-NYG28,NY Giants wins by over 27.5 points?,0.0300,0.0400,0.0400,344.61,318.40,active,2026-09-29T17:00:00Z,2026-09-26T14:52:17+00:00
KXNFLSPREAD-26SEP27TENNYG,KXNFLSPREAD,KXNFLSPREAD-26SEP27TENNYG-NYG8,NY Giants wins by over 7.5 points?,0.2700,0.2800,0.2800,3415.20,2982.34,active,2026-09-29T17:00:00Z,2026-09-26T14:52:17+00:00
KXNFLSPREAD-26SEP28PHICHI,KXNFLSPREAD,KXNFLSPREAD-26SEP28PHICHI-CHI8,CHI Bears wins by over 7.5 points?,0.1200,0.1400,0.0000,0.00,0.00,active,2026-10-01T00:15:00Z,2026-09-26T14:52:17+00:00
KXNFLSPREAD-26SEP28PHICHI,KXNFLSPREAD,KXNFLSPREAD-26SEP28PHICHI-CHI15,CHI Bears wins by over 14.5 points?,0.0500,0.0600,0.0700,2429.08,1983.31,active,2026-10-01T00:15:00Z,2026-09-26T14:52:17+00:00
KXNFLSPREAD-26SEP28PHICHI,KXNFLSPREAD,KXNFLSPREAD-26SEP28PHICHI-PHI7,PHI Eagles wins by over 6.5 points?,0.4300,0.4400,0.4400,7386.38,7343.51,active,2026-10-01T00:15:00Z,2026-09-26T14:52:17+00:00
KXNFLSPREAD-26SEP28PHICHI,KXNFLSPREAD,KXNFLSPREAD-26SEP28PHICHI-CHI2,CHI Bears wins by over 1.5 points?,0.3000,0.3100,0.3100,58.18,57.18,active,2026-10-01T00:15:00Z,2026-09-26T14:52:17+00:00
KXNFLSPREAD-26SEP28PHICHI,KXNFLSPREAD,KXNFLSPREAD-26SEP28PHICHI-PHI17,PHI Eagles wins by over 16.5 points?,0.1800,0.1900,0.2300,51.64,49.38,active,2026-10-01T00:15:00Z,2026-09-26T14:52:17+00:00
KXNFLSPREAD-26SEP28PHICHI,KXNFLSPREAD,KXNFLSPREAD-26SEP28PHICHI-PHI8,PHI Eagles wins by over 7.5 points?,0.3700,0.3800,0.3700,1289.19,1248.91,active,2026-10-01T00:15:00Z,2026-09-26T14:52:17+00:00
KXNFLSPREAD-26SEP28PHICHI,KXNFLSPREAD,KXNFLSPREAD-26SEP28PHICHI-CHI11,CHI Bears wins by over 10.5 points?,0.0800,0.1000,0.0000,0.00,0.00,active,2026-10-01T00:15:00Z,2026-09-26T14:52:17+00:00
KXNFLSPREAD-26SEP28PHICHI,KXNFLSPREAD,KXNFLSPREAD-26SEP28PHICHI-PHI18,PHI Eagles wins by over 17.5 points?,0.1600,0.1700,0.1800,97.66,94.66,active,2026-10-01T00:15:00Z,2026-09-26T14:52:17+00:00
KXNFLSPREAD-26SEP28PHICHI,KXNFLSPREAD,KXNFLSPREAD-26SEP28PHICHI-CHI4,CHI Bears wins by over 3.5 points?,0.2200,0.2300,0.2400,1043.57,551.13,active,2026-10-01T00:15:00Z,2026-09-26T14:52:17+00:00
KXNFLSPREAD-26SEP28PHICHI,KXNFLSPREAD,KXNFLSPREAD-26SEP28PHICHI-PHI14,PHI Eagles wins by over 13.5 points?,0.2400,0.2700,0.2600,3164.92,1631.92,active,2026-10-01T00:15:00Z,2026-09-26T14:52:17+00:00
KXNFLSPREAD-26SEP28PHICHI,KXNFLSPREAD,KXNFLSPREAD-26SEP28PHICHI-PHI15,PHI Eagles wins by over 14.5 points?,0.2100,0.2200,0.2200,567.28,500.28,active,2026-10-01T00:15:00Z,2026-09-26T14:52:17+00:00
KXNFLSPREAD-26SEP28PHICHI,KXNFLSPREAD,KXNFLSPREAD-26SEP28PHICHI-PHI5,PHI Eagles wins by over 4.5 points?,0.5000,0.5100,0.5000,50184.64,40416.84,active,2026-10-01T00:15:00Z,2026-09-26T14:52:17+00:00
KXNFLSPREAD-26SEP28PHICHI,KXNFLSPREAD,KXNFLSPREAD-26SEP28PHICHI-CHI5,CHI Bears wins by over 4.5 points?,0.2000,0.2200,0.2100,91.61,91.61,active,2026-10-01T00:15:00Z,2026-09-26T14:52:17+00:00
KXNFLSPREAD-26SEP28PHICHI,KXNFLSPREAD,KXNFLSPREAD-26SEP28PHICHI-CHI6,CHI Bears wins by over 5.5 points?,0.1700,0.2000,0.2000,71.01,71.01,active,2026-10-01T00:15:00Z,2026-09-26T14:52:17+00:00
KXNFLSPREAD-26SEP28PHICHI,KXNFLSPREAD,KXNFLSPREAD-26SEP28PHICHI-CHI3,CHI Bears wins by over 2.5 points?,0.2700,0.2900,0.2900,1473.42,1473.42,active,2026-10-01T00:15:00Z,2026-09-26T14:52:17+00:00
KXNFLSPREAD-26SEP28PHICHI,KXNFLSPREAD,KXNFLSPREAD-26SEP28PHICHI-PHI3,PHI Eagles wins by over 2.5 points?,0.6300,0.6400,0.6400,22201.94,22170.19,active,2026-10-01T00:15:00Z,2026-09-26T14:52:17+00:00
KXNFLSPREAD-26SEP28PHICHI,KXNFLSPREAD,KXNFLSPREAD-26SEP28PHICHI-CHI14,CHI Bears wins by over 13.5 points?,0.0600,0.0700,0.0700,291.05,291.05,active,2026-10-01T00:15:00Z,2026-09-26T14:52:17+00:00
KXNFLSPREAD-26SEP28PHICHI,KXNFLSPREAD,KXNFLSPREAD-26SEP28PHICHI-PHI11,PHI Eagles wins by over 10.5 points?,0.2900,0.3000,0.2900,390.39,381.35,active,2026-10-01T00:15:00Z,2026-09-26T14:52:17+00:00
KXNFLSPREAD-26SEP28PHICHI,KXNFLSPREAD,KXNFLSPREAD-26SEP28PHICHI-PHI2,PHI Eagles wins by over 1.5 points?,0.6300,0.6500,0.6500,15655.95,15655.95,active,2026-10-01T00:15:00Z,2026-09-26T14:52:17+00:00
KXNFLSPREAD-26SEP28PHICHI,KXNFLSPREAD,KXNFLSPREAD-26SEP28PHICHI-CHI7,CHI Bears wins by over 6.5 points?,0.1700,0.1800,0.1800,123.72,123.72,active,2026-10-01T00:15:00Z,2026-09-26T14:52:17+00:00
KXNFLSPREAD-26SEP28PHICHI,KXNFLSPREAD,KXNFLSPREAD-26SEP28PHICHI-PHI6,PHI Eagles wins by over 5.5 points?,0.4700,0.4800,0.4800,5235.30,5026.32,active,2026-10-01T00:15:00Z,2026-09-26T14:52:17+00:00
KXNFLSPREAD-26SEP28PHICHI,KXNFLSPREAD,KXNFLSPREAD-26SEP28PHICHI-CHI10,CHI Bears wins by over 9.5 points?,0.1000,0.1100,0.1800,3.00,2.00,active,2026-10-01T00:15:00Z,2026-09-26T14:52:17+00:00
KXNFLSPREAD-26SEP28PHICHI,KXNFLSPREAD,KXNFLSPREAD-26SEP28PHICHI-PHI21,PHI Eagles wins by over 20.5 points?,0.1100,0.1300,0.1200,2005.98,984.98,active,2026-10-01T00:15:00Z,2026-09-26T14:52:17+00:00
KXNFLSPREAD-26SEP28PHICHI,KXNFLSPREAD,KXNFLSPREAD-26SEP28PHICHI-PHI4,PHI Eagles wins by over 3.5 points?,0.5400,0.5500,0.5500,170449.06,107009.35,active,2026-10-01T00:15:00Z,2026-09-26T14:52:17+00:00
KXNFLSPREAD-26SEP28PHICHI,KXNFLSPREAD,KXNFLSPREAD-26SEP28PHICHI-PHI10,PHI Eagles wins by over 9.5 points?,0.3400,0.3500,0.3400,3880.16,1992.00,active,2026-10-01T00:15:00Z,2026-09-26T14:52:17+00:00
KXNFLTOTAL-26OCT01PITCLE,KXNFLTOTAL,KXNFLTOTAL-26OCT01PITCLE-41,Full Game: over 40.5 points scored?,0.4100,0.4500,0.0000,0.00,0.00,active,2026-10-04T00:15:00Z,2026-09-26T14:52:17+00:00
KXNFLTOTAL-26OCT01PITCLE,KXNFLTOTAL,KXNFLTOTAL-26OCT01PITCLE-39,Full Game: over 38.5 points scored?,0.4700,0.4800,0.4500,768.03,768.03,active,2026-10-04T00:15:00Z,2026-09-26T14:52:17+00:00
KXNFLTOTAL-26OCT01PITCLE,KXNFLTOTAL,KXNFLTOTAL-26OCT01PITCLE-38,Full Game: over 37.5 points scored?,0.4800,0.4900,0.4800,309.36,309.36,active,2026-10-04T00:15:00Z,2026-09-26T14:52:17+00:00
KXNFLTOTAL-26OCT01PITCLE,KXNFLTOTAL,KXNFLTOTAL-26OCT01PITCLE-18,Full Game: over 17.5 points scored?,0.9300,0.9700,0.9600,294.58,294.58,active,2026-10-04T00:15:00Z,2026-09-26T14:52:17+00:00
KXNFLTOTAL-26OCT01PITCLE,KXNFLTOTAL,KXNFLTOTAL-26OCT01PITCLE-30,Full Game: over 29.5 points scored?,0.7000,0.7800,0.7200,37.00,37.00,active,2026-10-04T00:15:00Z,2026-09-26T14:52:17+00:00
KXNFLTOTAL-26OCT01PITCLE,KXNFLTOTAL,KXNFLTOTAL-26OCT01PITCLE-21,Full Game: over 20.5 points scored?,0.9200,0.9600,0.9400,109.00,101.00,active,2026-10-04T00:15:00Z,2026-09-26T14:52:17+00:00
KXNFLTOTAL-26OCT01PITCLE,KXNFLTOTAL,KXNFLTOTAL-26OCT01PITCLE-33,Full Game: over 32.5 points scored?,0.6300,0.7000,0.6400,3.28,3.28,active,2026-10-04T00:15:00Z,2026-09-26T14:52:17+00:00
KXNFLTOTAL-26OCT01PITCLE,KXNFLTOTAL,KXNFLTOTAL-26OCT01PITCLE-40,Full Game: over 39.5 points scored?,0.4200,0.4600,0.0000,0.00,0.00,active,2026-10-04T00:15:00Z,2026-09-26T14:52:17+00:00
KXNFLTOTAL-26OCT01PITCLE,KXNFLTOTAL,KXNFLTOTAL-26OCT01PITCLE-54,Full Game: over 53.5 points scored?,0.1100,0.1900,0.0000,0.00,0.00,active,2026-10-04T00:15:00Z,2026-09-26T14:52:17+00:00
KXNFLTOTAL-26OCT01PITCLE,KXNFLTOTAL,KXNFLTOTAL-26OCT01PITCLE-42,Full Game: over 41.5 points scored?,0.3600,0.4200,0.0000,0.00,0.00,active,2026-10-04T00:15:00Z,2026-09-26T14:52:17+00:00
KXNFLTOTAL-26OCT01PITCLE,KXNFLTOTAL,KXNFLTOTAL-26OCT01PITCLE-57,Full Game: over 56.5 points scored?,0.0800,0.1600,0.0000,0.00,0.00,active,2026-10-04T00:15:00Z,2026-09-26T14:52:17+00:00
KXNFLTOTAL-26OCT01PITCLE,KXNFLTOTAL,KXNFLTOTAL-26OCT01PITCLE-60,Full Game: over 59.5 points scored?,0.0500,0.1300,0.0000,0.00,0.00,active,2026-10-04T00:15:00Z,2026-09-26T14:52:17+00:00
KXNFLTOTAL-26OCT01PITCLE,KXNFLTOTAL,KXNFLTOTAL-26OCT01PITCLE-45,Full Game: over 44.5 points scored?,0.2800,0.3400,0.2900,4.00,4.00,active,2026-10-04T00:15:00Z,2026-09-26T14:52:17+00:00
KXNFLTOTAL-26OCT01PITCLE,KXNFLTOTAL,KXNFLTOTAL-26OCT01PITCLE-24,Full Game: over 23.5 points scored?,0.8300,0.9000,0.8500,118.00,118.00,active,2026-10-04T00:15:00Z,2026-09-26T14:52:17+00:00
KXNFLTOTAL-26OCT01PITCLE,KXNFLTOTAL,KXNFLTOTAL-26OCT01PITCLE-51,Full Game: over 50.5 points scored?,0.1600,0.2200,0.0000,0.00,0.00,active,2026-10-04T00:15:00Z,2026-09-26T14:52:17+00:00
KXNFLTOTAL-26OCT01PITCLE,KXNFLTOTAL,KXNFLTOTAL-26OCT01PITCLE-36,Full Game: over 35.5 points scored?,0.5400,0.6200,0.5600,20.00,20.00,active,2026-10-04T00:15:00Z,2026-09-26T14:52:17+00:00
KXNFLTOTAL-26OCT01PITCLE,KXNFLTOTAL,KXNFLTOTAL-26OCT01PITCLE-37,Full Game: over 36.5 points scored?,0.5100,0.5900,0.5300,4.08,4.08,active,2026-10-04T00:15:00Z,2026-09-26T14:52:17+00:00
KXNFLTOTAL-26OCT01PITCLE,KXNFLTOTAL,KXNFLTOTAL-26OCT01PITCLE-27,Full Game: over 26.5 points scored?,0.8100,0.8500,0.0000,0.00,0.00,active,2026-10-04T00:15:00Z,2026-09-26T14:52:17+00:00
KXNFLTOTAL-26OCT01PITCLE,KXNFLTOTAL,KXNFLTOTAL-26OCT01PITCLE-48,Full Game: over 47.5 points scored?,0.2100,0.2800,0.0000,0.00,0.00,active,2026-10-04T00:15:00Z,2026-09-26T14:52:17+00:00
KXNFLTOTAL-26SEP27ARISF,KXNFLTOTAL,KXNFLTOTAL-26SEP27ARISF-30,Full Game: over 29.5 points scored?,0.9300,0.9400,0.9300,495.81,495.81,active,2026-09-29T20:05:00Z,2026-09-26T14:52:17+00:00
KXNFLTOTAL-26SEP27ARISF,KXNFLTOTAL,KXNFLTOTAL-26SEP27ARISF-49,Full Game: over 48.5 points scored?,0.4700,0.4800,0.4800,4145.60,4062.31,active,2026-09-29T20:05:00Z,2026-09-26T14:52:17+00:00
KXNFLTOTAL-26SEP27ARISF,KXNFLTOTAL,KXNFLTOTAL-26SEP27ARISF-36,Full Game: over 35.5 points scored?,0.8400,0.8500,0.8400,148.57,148.57,active,2026-09-29T20:05:00Z,2026-09-26T14:52:17+00:00
KXNFLTOTAL-26SEP27ARISF,KXNFLTOTAL,KXNFLTOTAL-26SEP27ARISF-51,Full Game: over 50.5 points scored?,0.4200,0.4300,0.4200,260.01,260.01,active,2026-09-29T20:05:00Z,2026-09-26T14:52:17+00:00
KXNFLTOTAL-26SEP27ARISF,KXNFLTOTAL,KXNFLTOTAL-26SEP27ARISF-69,Full Game: over 68.5 points scored?,0.0700,0.0800,0.0700,8241.86,8111.22,active,2026-09-29T20:05:00Z,2026-09-26T14:52:17+00:00
KXNFLTOTAL-26SEP27ARISF,KXNFLTOTAL,KXNFLTOTAL-26SEP27ARISF-63,Full Game: over 62.5 points scored?,0.1500,0.1600,0.1500,2965.45,2964.45,active,2026-09-29T20:05:00Z,2026-09-26T14:52:17+00:00
KXNFLTOTAL-26SEP27ARISF,KXNFLTOTAL,KXNFLTOTAL-26SEP27ARISF-46,Full Game: over 45.5 points scored?,0.5800,0.5900,0.0000,0.00,0.00,active,2026-09-29T20:05:00Z,2026-09-26T14:52:17+00:00
KXNFLTOTAL-26SEP27ARISF,KXNFLTOTAL,KXNFLTOTAL-26SEP27ARISF-39,Full Game: over 38.5 points scored?,0.7800,0.7900,0.0000,0.00,0.00,active,2026-09-29T20:05:00Z,2026-09-26T14:52:17+00:00
KXNFLTOTAL-26SEP27ARISF,KXNFLTOTAL,KXNFLTOTAL-26SEP27ARISF-54,Full Game: over 53.5 points scored?,0.3300,0.3500,0.3400,1.71,1.71,active,2026-09-29T20:05:00Z,2026-09-26T14:52:17+00:00
KXNFLTOTAL-26SEP27ARISF,KXNFLTOTAL,KXNFLTOTAL-26SEP27ARISF-60,Full Game: over 59.5 points scored?,0.1900,0.2000,0.2000,1447.71,1441.78,active,2026-09-29T20:05:00Z,2026-09-26T14:52:17+00:00
KXNFLTOTAL-26SEP27ARISF,KXNFLTOTAL,KXNFLTOTAL-26SEP27ARISF-50,Full Game: over 49.5 points scored?,0.4400,0.4600,0.4500,562.52,562.52,active,2026-09-29T20:05:00Z,2026-09-26T14:52:17+00:00
KXNFLTOTAL-26SEP27ARISF,KXNFLTOTAL,KXNFLTOTAL-26SEP27ARISF-47,Full Game: over 46.5 points scored?,0.5500,0.5600,0.5600,266.67,266.67,active,2026-09-29T20:05:00Z,2026-09-26T14:52:17+00:00
KXNFLTOTAL-26SEP27ARISF,KXNFLTOTAL,KXNFLTOTAL-26SEP27ARISF-33,Full Game: over 32.5 points scored?,0.9000,0.9100,0.8900,79.35,68.95,active,2026-09-29T20:05:00Z,2026-09-26T14:52:17+00:00
KXNFLTOTAL-26SEP27ARISF,KXNFLTOTAL,KXNFLTOTAL-26SEP27ARISF-66,Full Game: over 65.5 points scored?,0.0900,0.1000,0.1000,3352.65,3352.65,active,2026-09-29T20:05:00Z,2026-09-26T14:52:17+00:00
KXNFLTOTAL-26SEP27ARISF,KXNFLTOTAL,KXNFLTOTAL-26SEP27ARISF-48,Full Game: over 47.5 points scored?,0.5200,0.5300,0.5300,5384.10,4197.40,active,2026-09-29T20:05:00Z,2026-09-26T14:52:17+00:00
KXNFLTOTAL-26SEP27ARISF,KXNFLTOTAL,KXNFLTOTAL-26SEP27ARISF-42,Full Game: over 41.5 points scored?,0.6900,0.7000,0.6800,1468.12,418.00,active,2026-09-29T20:05:00Z,2026-09-26T14:52:17+00:00
KXNFLTOTAL-26SEP27ARISF,KXNFLTOTAL,KXNFLTOTAL-26SEP27ARISF-57,Full Game: over 56.5 points scored?,0.2600,0.2800,0.2600,2.00,2.00,active,2026-09-29T20:05:00Z,2026-09-26T14:52:17+00:00
KXNFLTOTAL-26SEP27ARISF,KXNFLTOTAL,KXNFLTOTAL-26SEP27ARISF-27,Full Game: over 26.5 points scored?,0.9500,0.9700,0.9700,281.75,280.75,active,2026-09-29T20:05:00Z,2026-09-26T14:52:17+00:00
KXNFLTOTAL-26SEP27ARISF,KXNFLTOTAL,KXNFLTOTAL-26SEP27ARISF-45,Full Game: over 44.5 points scored?,0.6100,0.6200,0.6200,3.00,3.00,active,2026-09-29T20:05:00Z,2026-09-26T14:52:17+00:00
KXNFLTOTAL-26SEP27BALDAL,KXNFLTOTAL,KXNFLTOTAL-26SEP27BALDAL-62,Full Game: over 61.5 points scored?,0.2800,0.2900,0.2800,3.00,3.00,active,2026-09-29T20:25:00Z,2026-09-26T14:52:17+00:00
KXNFLTOTAL-26SEP27BALDAL,KXNFLTOTAL,KXNFLTOTAL-26SEP27BALDAL-38,Full Game: over 37.5 points scored?,0.8700,0.8900,0.8700,93.46,86.73,active,2026-09-29T20:25:00Z,2026-09-26T14:52:17+00:00
KXNFLTOTAL-26SEP27BALDAL,KXNFLTOTAL,KXNFLTOTAL-26SEP27BALDAL-55,Full Game: over 54.5 points scored?,0.4600,0.4700,0.4400,215.03,215.03,active,2026-09-29T20:25:00Z,2026-09-26T14:52:17+00:00
KXNFLTOTAL-26SEP27BALDAL,KXNFLTOTAL,KXNFLTOTAL-26SEP27BALDAL-52,Full Game: over 51.5 points scored?,0.5500,0.5600,0.5600,16033.59,13885.73,active,2026-09-29T20:25:00Z,2026-09-26T14:52:17+00:00
KXNFLTOTAL-26SEP27BALDAL,KXNFLTOTAL,KXNFLTOTAL-26SEP27BALDAL-74,Full Game: over 73.5 points scored?,0.0800,0.0900,0.0800,3799.43,3777.15,active,2026-09-29T20:25:00Z,2026-09-26T14:52:17+00:00
KXNFLTOTAL-26SEP27BALDAL,KXNFLTOTAL,KXNFLTOTAL-26SEP27BALDAL-41,Full Game: over 40.5 points scored?,0.8300,0.8500,0.8200,33.74,33.74,active,2026-09-29T20:25:00Z,2026-09-26T14:52:17+00:00
KXNFLTOTAL-26SEP27BALDAL,KXNFLTOTAL,KXNFLTOTAL-26SEP27BALDAL-47,Full Game: over 46.5 points scored?,0.6800,0.6900,0.6800,205.12,204.74,active,2026-09-29T20:25:00Z,2026-09-26T14:52:17+00:00
KXNFLTOTAL-26SEP27BALDAL,KXNFLTOTAL,KXNFLTOTAL-26SEP27BALDAL-54,Full Game: over 53.5 points scored?,0.4900,0.5000,0.4900,8516.52,7419.45,active,2026-09-29T20:25:00Z,2026-09-26T14:52:17+00:00
KXNFLTOTAL-26SEP27BALDAL,KXNFLTOTAL,KXNFLTOTAL-26SEP27BALDAL-59,Full Game: over 58.5 points scored?,0.3400,0.3500,0.3400,359.36,359.36,active,2026-09-29T20:25:00Z,2026-09-26T14:52:17+00:00
KXNFLTOTAL-26SEP27BALDAL,KXNFLTOTAL,KXNFLTOTAL-26SEP27BALDAL-32,Full Game: over 31.5 points scored?,0.9500,0.9600,0.9500,441.41,374.01,active,2026-09-29T20:25:00Z,2026-09-26T14:52:17+00:00
KXNFLTOTAL-26SEP27BALDAL,KXNFLTOTAL,KXNFLTOTAL-26SEP27BALDAL-53,Full Game: over 52.5 points scored?,0.5300,0.5400,0.5400,58052.50,57072.19,active,2026-09-29T20:25:00Z,2026-09-26T14:52:17+00:00
KXNFLTOTAL-26SEP27BALDAL,KXNFLTOTAL,KXNFLTOTAL-26SEP27BALDAL-51,Full Game: over 50.5 points scored?,0.5900,0.6000,0.6000,481.23,461.23,active,2026-09-29T20:25:00Z,2026-09-26T14:52:17+00:00
KXNFLTOTAL-26SEP27BALDAL,KXNFLTOTAL,KXNFLTOTAL-26SEP27BALDAL-35,Full Game: over 34.5 points scored?,0.9200,0.9300,0.8500,50.00,50.00,active,2026-09-29T20:25:00Z,2026-09-26T14:52:17+00:00
KXNFLTOTAL-26SEP27BALDAL,KXNFLTOTAL,KXNFLTOTAL-26SEP27BALDAL-44,Full Game: over 43.5 points scored?,0.7700,0.7800,0.7700,13.00,13.00,active,2026-09-29T20:25:00Z,2026-09-26T14:52:17+00:00
KXNFLTOTAL-26SEP27BALDAL,KXNFLTOTAL,KXNFLTOTAL-26SEP27BALDAL-68,Full Game: over 67.5 points scored?,0.1600,0.1700,0.1400,3941.79,3857.51,active,2026-09-29T20:25:00Z,2026-09-26T14:52:17+00:00
KXNFLTOTAL-26SEP27BALDAL,KXNFLTOTAL,KXNFLTOTAL-26SEP27BALDAL-56,Full Game: over 55.5 points scored?,0.4200,0.4300,0.4200,824.15,822.48,active,2026-09-29T20:25:00Z,2026-09-26T14:52:17+00:00
KXNFLTOTAL-26SEP27BALDAL,KXNFLTOTAL,KXNFLTOTAL-26SEP27BALDAL-50,Full Game: over 49.5 points scored?,0.6100,0.6200,0.6100,161.58,161.58,active,2026-09-29T20:25:00Z,2026-09-26T14:52:17+00:00
KXNFLTOTAL-26SEP27BALDAL,KXNFLTOTAL,KXNFLTOTAL-26SEP27BALDAL-65,Full Game: over 64.5 points scored?,0.2200,0.2300,0.2200,312.71,311.71,active,2026-09-29T20:25:00Z,2026-09-26T14:52:17+00:00
KXNFLTOTAL-26SEP27BALDAL,KXNFLTOTAL,KXNFLTOTAL-26SEP27BALDAL-71,Full Game: over 70.5 points scored?,0.1100,0.1200,0.0000,0.00,0.00,active,2026-09-29T20:25:00Z,2026-09-26T14:52:17+00:00
KXNFLTOTAL-26SEP27CARCLE,KXNFLTOTAL,KXNFLTOTAL-26SEP27CARCLE-40,Full Game: over 39.5 points scored?,0.5900,0.6000,0.6000,368.53,344.22,active,2026-09-29T17:00:00Z,2026-09-26T14:52:17+00:00
KXNFLTOTAL-26SEP27CARCLE,KXNFLTOTAL,KXNFLTOTAL-26SEP27CARCLE-26,Full Game: over 25.5 points scored?,0.9200,0.9300,0.9100,60.00,60.00,active,2026-09-29T17:00:00Z,2026-09-26T14:52:17+00:00
KXNFLTOTAL-26SEP27CARCLE,KXNFLTOTAL,KXNFLTOTAL-26SEP27CARCLE-62,Full Game: over 61.5 points scored?,0.0700,0.0800,0.0700,6493.53,6382.27,active,2026-09-29T17:00:00Z,2026-09-26T14:52:17+00:00
KXNFLTOTAL-26SEP27CARCLE,KXNFLTOTAL,KXNFLTOTAL-26SEP27CARCLE-35,Full Game: over 34.5 points scored?,0.7300,0.7400,0.7300,77.78,77.78,active,2026-09-29T17:00:00Z,2026-09-26T14:52:17+00:00
KXNFLTOTAL-26SEP27CARCLE,KXNFLTOTAL,KXNFLTOTAL-26SEP27CARCLE-41,Full Game: over 40.5 points scored?,0.5600,0.5700,0.5600,18034.60,17386.13,active,2026-09-29T17:00:00Z,2026-09-26T14:52:17+00:00
KXNFLTOTAL-26SEP27CARCLE,KXNFLTOTAL,KXNFLTOTAL-26SEP27CARCLE-39,Full Game: over 38.5 points scored?,0.6100,0.6300,0.0000,0.00,0.00,active,2026-09-29T17:00:00Z,2026-09-26T14:52:17+00:00
KXNFLTOTAL-26SEP27CARCLE,KXNFLTOTAL,KXNFLTOTAL-26SEP27CARCLE-53,Full Game: over 52.5 points scored?,0.2100,0.2200,0.2000,200.95,200.95,active,2026-09-29T17:00:00Z,2026-09-26T14:52:17+00:00
KXNFLTOTAL-26SEP27CARCLE,KXNFLTOTAL,KXNFLTOTAL-26SEP27CARCLE-38,Full Game: over 37.5 points scored?,0.6300,0.6400,0.6400,4534.80,4534.80,active,2026-09-29T17:00:00Z,2026-09-26T14:52:17+00:00
KXNFLTOTAL-26SEP27CARCLE,KXNFLTOTAL,KXNFLTOTAL-26SEP27CARCLE-42,Full Game: over 41.5 points scored?,0.5200,0.5300,0.5300,21372.86,15785.71,active,2026-09-29T17:00:00Z,2026-09-26T14:52:17+00:00
KXNFLTOTAL-26SEP27CARCLE,KXNFLTOTAL,KXNFLTOTAL-26SEP27CARCLE-43,Full Game: over 42.5 points scored?,0.4900,0.5000,0.5000,31865.18,31598.48,active,2026-09-29T17:00:00Z,2026-09-26T14:52:17+00:00
KXNFLTOTAL-26SEP27CARCLE,KXNFLTOTAL,KXNFLTOTAL-26SEP27CARCLE-20,Full Game: over 19.5 points scored?,0.9700,0.9900,0.9600,2142.34,2142.34,active,2026-09-29T17:00:00Z,2026-09-26T14:52:17+00:00
KXNFLTOTAL-26SEP27CARCLE,KXNFLTOTAL,KXNFLTOTAL-26SEP27CARCLE-56,Full Game: over 55.5 points scored?,0.1500,0.1600,0.1500,13993.69,13992.69,active,2026-09-29T17:00:00Z,2026-09-26T14:52:17+00:00
KXNFLTOTAL-26SEP27CARCLE,KXNFLTOTAL,KXNFLTOTAL-26SEP27CARCLE-47,Full Game: over 46.5 points scored?,0.3600,0.3800,0.3800,802.05,563.99,active,2026-09-29T17:00:00Z,2026-09-26T14:52:17+00:00
KXNFLTOTAL-26SEP27CARCLE,KXNFLTOTAL,KXNFLTOTAL-26SEP27CARCLE-44,Full Game: over 43.5 points scored?,0.4600,0.4700,0.4700,24721.61,24434.18,active,2026-09-29T17:00:00Z,2026-09-26T14:52:17+00:00
KXNFLTOTAL-26SEP27CARCLE,KXNFLTOTAL,KXNFLTOTAL-26SEP27CARCLE-59,Full Game: over 58.5 points scored?,0.1000,0.1100,0.1000,6223.80,6223.80,active,2026-09-29T17:00:00Z,2026-09-26T14:52:17+00:00
KXNFLTOTAL-26SEP27CARCLE,KXNFLTOTAL,KXNFLTOTAL-26SEP27CARCLE-32,Full Game: over 31.5 points scored?,0.8000,0.8200,0.0000,0.00,0.00,active,2026-09-29T17:00:00Z,2026-09-26T14:52:17+00:00
KXNFLTOTAL-26SEP27CARCLE,KXNFLTOTAL,KXNFLTOTAL-26SEP27CARCLE-29,Full Game: over 28.5 points scored?,0.8700,0.8800,0.8700,116.25,116.25,active,2026-09-29T17:00:00Z,2026-09-26T14:52:17+00:00
KXNFLTOTAL-26SEP27CARCLE,KXNFLTOTAL,KXNFLTOTAL-26SEP27CARCLE-23,Full Game: over 22.5 points scored?,0.9500,0.9700,0.9500,462.89,462.89,active,2026-09-29T17:00:00Z,2026-09-26T14:52:17+00:00
KXNFLTOTAL-26SEP27CARCLE,KXNFLTOTAL,KXNFLTOTAL-26SEP27CARCLE-50,Full Game: over 49.5 points scored?,0.2900,0.3000,0.3000,447.93,446.93,active,2026-09-29T17:00:00Z,2026-09-26T14:52:17+00:00
KXNFLTOTAL-26SEP27CINPIT,KXNFLTOTAL,KXNFLTOTAL-26SEP27CINPIT-56,Full Game: over 55.5 points scored?,0.1600,0.1800,0.0000,0.00,0.00,active,2026-09-29T17:00:00Z,2026-09-26T14:52:17+00:00
KXNFLTOTAL-26SEP27CINPIT,KXNFLTOTAL,KXNFLTOTAL-26SEP27CINPIT-35,Full Game: over 34.5 points scored?,0.7400,0.7600,0.7500,11.17,11.17,active,2026-09-29T17:00:00Z,2026-09-26T14:52:17+00:00
KXNFLTOTAL-26SEP27CINPIT,KXNFLTOTAL,KXNFLTOTAL-26SEP27CINPIT-62,Full Game: over 61.5 points scored?,0.0800,0.0900,0.0800,13467.40,13465.24,active,2026-09-29T17:00:00Z,2026-09-26T14:52:17+00:00
KXNFLTOTAL-26SEP27CINPIT,KXNFLTOTAL,KXNFLTOTAL-26SEP27CINPIT-32,Full Game: over 31.5 points scored?,0.8100,0.8300,0.8200,27.78,27.78,active,2026-09-29T17:00:00Z,2026-09-26T14:52:17+00:00
KXNFLTOTAL-26SEP27CINPIT,KXNFLTOTAL,KXNFLTOTAL-26SEP27CINPIT-38,Full Game: over 37.5 points scored?,0.6500,0.6600,0.6600,1014.39,1014.39,active,2026-09-29T17:00:00Z,2026-09-26T14:52:17+00:00
KXNFLTOTAL-26SEP27CINPIT,KXNFLTOTAL,KXNFLTOTAL-26SEP27CINPIT-50,Full Game: over 49.5 points scored?,0.3000,0.3100,0.2900,833.15,833.15,active,2026-09-29T17:00:00Z,2026-09-26T14:52:17+00:00
KXNFLTOTAL-26SEP27CINPIT,KXNFLTOTAL,KXNFLTOTAL-26SEP27CINPIT-53,Full Game: over 52.5 points scored?,0.2200,0.2300,0.2200,1.34,1.34,active,2026-09-29T17:00:00Z,2026-09-26T14:52:17+00:00
KXNFLTOTAL-26SEP27CINPIT,KXNFLTOTAL,KXNFLTOTAL-26SEP27CINPIT-47,Full Game: over 46.5 points scored?,0.3700,0.3800,0.3700,185.10,95.18,active,2026-09-29T17:00:00Z,2026-09-26T14:52:17+00:00
KXNFLTOTAL-26SEP27CINPIT,KXNFLTOTAL,KXNFLTOTAL-26SEP27CINPIT-42,Full Game: over 41.5 points scored?,0.5300,0.5400,0.5200,130.59,130.59,active,2026-09-29T17:00:00Z,2026-09-26T14:52:17+00:00
KXNFLTOTAL-26SEP27CINPIT,KXNFLTOTAL,KXNFLTOTAL-26SEP27CINPIT-45,Full Game: over 44.5 points scored?,0.4200,0.4300,0.4200,258.16,258.16,active,2026-09-29T17:00:00Z,2026-09-26T14:52:17+00:00
KXNFLTOTAL-26SEP27CINPIT,KXNFLTOTAL,KXNFLTOTAL-26SEP27CINPIT-65,Full Game: over 64.5 points scored?,0.0500,0.0600,0.0600,15595.22,15585.22,active,2026-09-29T17:00:00Z,2026-09-26T14:52:17+00:00
KXNFLTOTAL-26SEP27CINPIT,KXNFLTOTAL,KXNFLTOTAL-26SEP27CINPIT-23,Full Game: over 22.5 points scored?,0.9500,0.9600,0.9500,596.35,596.35,active,2026-09-29T17:00:00Z,2026-09-26T14:52:17+00:00
KXNFLTOTAL-26SEP27CINPIT,KXNFLTOTAL,KXNFLTOTAL-26SEP27CINPIT-44,Full Game: over 43.5 points scored?,0.4400,0.4500,0.4400,5390.89,5387.89,active,2026-09-29T17:00:00Z,2026-09-26T14:52:17+00:00
KXNFLTOTAL-26SEP27CINPIT,KXNFLTOTAL,KXNFLTOTAL-26SEP27CINPIT-43,Full Game: over 42.5 points scored?,0.4900,0.5000,0.4900,175150.58,159424.88,active,2026-09-29T17:00:00Z,2026-09-26T14:52:17+00:00
KXNFLTOTAL-26SEP27CINPIT,KXNFLTOTAL,KXNFLTOTAL-26SEP27CINPIT-41,Full Game: over 40.5 points scored?,0.5600,0.5800,0.5700,56.03,56.03,active,2026-09-29T17:00:00Z,2026-09-26T14:52:17+00:00
KXNFLTOTAL-26SEP27CINPIT,KXNFLTOTAL,KXNFLTOTAL-26SEP27CINPIT-26,Full Game: over 25.5 points scored?,0.9200,0.9300,0.9300,479.61,479.61,active,2026-09-29T17:00:00Z,2026-09-26T14:52:17+00:00
KXNFLTOTAL-26SEP27CINPIT,KXNFLTOTAL,KXNFLTOTAL-26SEP27CINPIT-46,Full Game: over 45.5 points scored?,0.3900,0.4000,0.3900,858.72,750.88,active,2026-09-29T17:00:00Z,2026-09-26T14:52:17+00:00
KXNFLTOTAL-26SEP27CINPIT,KXNFLTOTAL,KXNFLTOTAL-26SEP27CINPIT-29,Full Game: over 28.5 points scored?,0.8800,0.8900,0.8800,65.00,65.00,active,2026-09-29T17:00:00Z,2026-09-26T14:52:17+00:00
KXNFLTOTAL-26SEP27CINPIT,KXNFLTOTAL,KXNFLTOTAL-26SEP27CINPIT-59,Full Game: over 58.5 points scored?,0.1200,0.1300,0.1000,4325.54,4325.54,active,2026-09-29T17:00:00Z,2026-09-26T14:52:17+00:00
KXNFLTOTAL-26SEP27HOUIND,KXNFLTOTAL,KXNFLTOTAL-26SEP27HOUIND-67,Full Game: over 66.5 points scored?,0.0300,0.0400,0.0400,13504.63,13504.63,active,2026-09-29T17:00:00Z,2026-09-26T14:52:17+00:00
KXNFLTOTAL-26SEP27HOUIND,KXNFLTOTAL,KXNFLTOTAL-26SEP27HOUIND-46,Full Game: over 45.5 points scored?,0.3800,0.3900,0.3900,1083.60,1082.60,active,2026-09-29T17:00:00Z,2026-09-26T14:52:17+00:00
KXNFLTOTAL-26SEP27HOUIND,KXNFLTOTAL,KXNFLTOTAL-26SEP27HOUIND-47,Full Game: over 46.5 points scored?,0.3800,0.3900,0.4000,12.99,12.99,active,2026-09-29T17:00:00Z,2026-09-26T14:52:17+00:00
KXNFLTOTAL-26SEP27HOUIND,KXNFLTOTAL,KXNFLTOTAL-26SEP27HOUIND-44,Full Game: over 43.5 points scored?,0.4500,0.4600,0.4500,2461.28,2422.13,active,2026-09-29T17:00:00Z,2026-09-26T14:52:17+00:00
KXNFLTOTAL-26SEP27HOUIND,KXNFLTOTAL,KXNFLTOTAL-26SEP27HOUIND-31,Full Game: over 30.5 points scored?,0.8300,0.8400,0.0000,0.00,0.00,active,2026-09-29T17:00:00Z,2026-09-26T14:52:17+00:00
KXNFLTOTAL-26SEP27HOUIND,KXNFLTOTAL,KXNFLTOTAL-26SEP27HOUIND-48,Full Game: over 47.5 points scored?,0.3400,0.3500,0.5000,7.72,7.72,active,2026-09-29T17:00:00Z,2026-09-26T14:52:17+00:00
KXNFLTOTAL-26SEP27HOUIND,KXNFLTOTAL,KXNFLTOTAL-26SEP27HOUIND-43,Full Game: over 42.5 points scored?,0.5000,0.5100,0.5100,3086.98,2794.01,active,2026-09-29T17:00:00Z,2026-09-26T14:52:17+00:00
KXNFLTOTAL-26SEP27HOUIND,KXNFLTOTAL,KXNFLTOTAL-26SEP27HOUIND-45,Full Game: over 44.5 points scored?,0.4300,0.4400,0.4400,106.72,66.08,active,2026-09-29T17:00:00Z,2026-09-26T14:52:17+00:00
KXNFLTOTAL-26SEP27HOUIND,KXNFLTOTAL,KXNFLTOTAL-26SEP27HOUIND-40,Full Game: over 39.5 points scored?,0.5800,0.5900,0.6000,43.53,43.53,active,2026-09-29T17:00:00Z,2026-09-26T14:52:17+00:00
KXNFLTOTAL-26SEP27HOUIND,KXNFLTOTAL,KXNFLTOTAL-26SEP27HOUIND-58,Full Game: over 57.5 points scored?,0.1300,0.1400,0.1400,1693.62,1692.62,active,2026-09-29T17:00:00Z,2026-09-26T14:52:17+00:00
KXNFLTOTAL-26SEP27HOUIND,KXNFLTOTAL,KXNFLTOTAL-26SEP27HOUIND-37,Full Game: over 36.5 points scored?,0.6800,0.7000,0.0000,0.00,0.00,active,2026-09-29T17:00:00Z,2026-09-26T14:52:17+00:00
KXNFLTOTAL-26SEP27HOUIND,KXNFLTOTAL,KXNFLTOTAL-26SEP27HOUIND-34,Full Game: over 33.5 points scored?,0.7600,0.7800,0.7700,17.44,17.44,active,2026-09-29T17:00:00Z,2026-09-26T14:52:17+00:00
KXNFLTOTAL-26SEP27HOUIND,KXNFLTOTAL,KXNFLTOTAL-26SEP27HOUIND-64,Full Game: over 63.5 points scored?,0.0500,0.0600,0.0500,18986.80,18986.80,active,2026-09-29T17:00:00Z,2026-09-26T14:52:17+00:00
KXNFLTOTAL-26SEP27HOUIND,KXNFLTOTAL,KXNFLTOTAL-26SEP27HOUIND-28,Full Game: over 27.5 points scored?,0.8900,0.9100,0.9100,21.49,21.49,active,2026-09-29T17:00:00Z,2026-09-26T14:52:17+00:00
KXNFLTOTAL-26SEP27HOUIND,KXNFLTOTAL,KXNFLTOTAL-26SEP27HOUIND-49,Full Game: over 48.5 points scored?,0.3100,0.3200,0.3200,23.00,23.00,active,2026-09-29T17:00:00Z,2026-09-26T14:52:17+00:00
KXNFLTOTAL-26SEP27HOUIND,KXNFLTOTAL,KXNFLTOTAL-26SEP27HOUIND-52,Full Game: over 51.5 points scored?,0.2400,0.2500,0.2200,1041.89,1040.63,active,2026-09-29T17:00:00Z,2026-09-26T14:52:17+00:00
KXNFLTOTAL-26SEP27HOUIND,KXNFLTOTAL,KXNFLTOTAL-26SEP27HOUIND-25,Full Game: over 24.5 points scored?,0.9300,0.9500,0.9400,503.41,503.41,active,2026-09-29T17:00:00Z,2026-09-26T14:52:17+00:00
KXNFLTOTAL-26SEP27HOUIND,KXNFLTOTAL,KXNFLTOTAL-26SEP27HOUIND-55,Full Game: over 54.5 points scored?,0.1900,0.2000,0.1900,2.00,2.00,active,2026-09-29T17:00:00Z,2026-09-26T14:52:17+00:00
KXNFLTOTAL-26SEP27HOUIND,KXNFLTOTAL,KXNFLTOTAL-26SEP27HOUIND-61,Full Game: over 60.5 points scored?,0.1000,0.1100,0.1000,9646.75,9641.75,active,2026-09-29T17:00:00Z,2026-09-26T14:52:17+00:00
KXNFLTOTAL-26SEP27KCMIA,KXNFLTOTAL,KXNFLTOTAL-26SEP27KCMIA-61,Full Game: over 60.5 points scored?,0.1200,0.1400,0.1400,13167.00,13167.00,active,2026-09-29T17:00:00Z,2026-09-26T14:52:17+00:00
KXNFLTOTAL-26SEP27KCMIA,KXNFLTOTAL,KXNFLTOTAL-26SEP27KCMIA-64,Full Game: over 63.5 points scored?,0.0800,0.1000,0.0900,20514.09,20309.38,active,2026-09-29T17:00:00Z,2026-09-26T14:52:17+00:00
KXNFLTOTAL-26SEP27KCMIA,KXNFLTOTAL,KXNFLTOTAL-26SEP27KCMIA-67,Full Game: over 66.5 points scored?,0.0500,0.0600,0.0600,2075.42,1842.76,active,2026-09-29T17:00:00Z,2026-09-26T14:52:17+00:00
KXNFLTOTAL-26SEP27KCMIA,KXNFLTOTAL,KXNFLTOTAL-26SEP27KCMIA-37,Full Game: over 36.5 points scored?,0.7600,0.7800,0.7800,532.03,530.91,active,2026-09-29T17:00:00Z,2026-09-26T14:52:17+00:00
KXNFLTOTAL-26SEP27KCMIA,KXNFLTOTAL,KXNFLTOTAL-26SEP27KCMIA-49,Full Game: over 48.5 points scored?,0.4100,0.4200,0.4100,1811.47,1811.47,active,2026-09-29T17:00:00Z,2026-09-26T14:52:17+00:00
KXNFLTOTAL-26SEP27KCMIA,KXNFLTOTAL,KXNFLTOTAL-26SEP27KCMIA-55,Full Game: over 54.5 points scored?,0.2500,0.2600,0.2400,65.78,65.78,active,2026-09-29T17:00:00Z,2026-09-26T14:52:17+00:00
KXNFLTOTAL-26SEP27KCMIA,KXNFLTOTAL,KXNFLTOTAL-26SEP27KCMIA-34,Full Game: over 33.5 points scored?,0.8200,0.8400,0.8400,35.41,35.41,active,2026-09-29T17:00:00Z,2026-09-26T14:52:17+00:00
KXNFLTOTAL-26SEP27KCMIA,KXNFLTOTAL,KXNFLTOTAL-26SEP27KCMIA-44,Full Game: over 43.5 points scored?,0.5600,0.5700,0.5600,3429.78,3398.53,active,2026-09-29T17:00:00Z,2026-09-26T14:52:17+00:00
KXNFLTOTAL-26SEP27KCMIA,KXNFLTOTAL,KXNFLTOTAL-26SEP27KCMIA-40,Full Game: over 39.5 points scored?,0.6800,0.6900,0.7000,1106.21,572.94,active,2026-09-29T17:00:00Z,2026-09-26T14:52:17+00:00
KXNFLTOTAL-26SEP27KCMIA,KXNFLTOTAL,KXNFLTOTAL-26SEP27KCMIA-46,Full Game: over 45.5 points scored?,0.4800,0.4900,0.4900,6724.47,4704.67,active,2026-09-29T17:00:00Z,2026-09-26T14:52:17+00:00
KXNFLTOTAL-26SEP27KCMIA,KXNFLTOTAL,KXNFLTOTAL-26SEP27KCMIA-48,Full Game: over 47.5 points scored?,0.4100,0.4300,0.4400,61.53,43.91,active,2026-09-29T17:00:00Z,2026-09-26T14:52:17+00:00
KXNFLTOTAL-26SEP27KCMIA,KXNFLTOTAL,KXNFLTOTAL-26SEP27KCMIA-28,Full Game: over 27.5 points scored?,0.9300,0.9400,0.9600,170.30,170.30,active,2026-09-29T17:00:00Z,2026-09-26T14:52:17+00:00
KXNFLTOTAL-26SEP27KCMIA,KXNFLTOTAL,KXNFLTOTAL-26SEP27KCMIA-58,Full Game: over 57.5 points scored?,0.1700,0.1900,0.0000,0.00,0.00,active,2026-09-29T17:00:00Z,2026-09-26T14:52:17+00:00
KXNFLTOTAL-26SEP27KCMIA,KXNFLTOTAL,KXNFLTOTAL-26SEP27KCMIA-52,Full Game: over 51.5 points scored?,0.3000,0.3100,0.3200,499.19,424.00,active,2026-09-29T17:00:00Z,2026-09-26T14:52:17+00:00
KXNFLTOTAL-26SEP27KCMIA,KXNFLTOTAL,KXNFLTOTAL-26SEP27KCMIA-45,Full Game: over 44.5 points scored?,0.5200,0.5300,0.5300,669.29,665.10,active,2026-09-29T17:00:00Z,2026-09-26T14:52:17+00:00
KXNFLTOTAL-26SEP27KCMIA,KXNFLTOTAL,KXNFLTOTAL-26SEP27KCMIA-25,Full Game: over 24.5 points scored?,0.9500,0.9600,0.9600,498.97,498.97,active,2026-09-29T17:00:00Z,2026-09-26T14:52:17+00:00
KXNFLTOTAL-26SEP27KCMIA,KXNFLTOTAL,KXNFLTOTAL-26SEP27KCMIA-31,Full Game: over 30.5 points scored?,0.8800,0.9000,0.9000,323.79,281.01,active,2026-09-29T17:00:00Z,2026-09-26T14:52:17+00:00
KXNFLTOTAL-26SEP27KCMIA,KXNFLTOTAL,KXNFLTOTAL-26SEP27KCMIA-43,Full Game: over 42.5 points scored?,0.5900,0.6000,0.6000,274.87,274.87,active,2026-09-29T17:00:00Z,2026-09-26T14:52:17+00:00
KXNFLTOTAL-26SEP27KCMIA,KXNFLTOTAL,KXNFLTOTAL-26SEP27KCMIA-47,Full Game: over 46.5 points scored?,0.4600,0.4700,0.4600,2889.46,2692.03,active,2026-09-29T17:00:00Z,2026-09-26T14:52:17+00:00
KXNFLTOTAL-26SEP27LACBUF,KXNFLTOTAL,KXNFLTOTAL-26SEP27LACBUF-49,Full Game: over 48.5 points scored?,0.5500,0.5600,0.5600,2820.54,2820.54,active,2026-09-29T17:00:00Z,2026-09-26T14:52:17+00:00
KXNFLTOTAL-26SEP27LACBUF,KXNFLTOTAL,KXNFLTOTAL-26SEP27LACBUF-69,Full Game: over 68.5 points scored?,0.0900,0.1000,0.0900,5457.34,5457.34,active,2026-09-29T17:00:00Z,2026-09-26T14:52:17+00:00
KXNFLTOTAL-26SEP27LACBUF,KXNFLTOTAL,KXNFLTOTAL-26SEP27LACBUF-57,Full Game: over 56.5 points scored?,0.3100,0.3200,0.3200,98.21,98.21,active,2026-09-29T17:00:00Z,2026-09-26T14:52:17+00:00
KXNFLTOTAL-26SEP27LACBUF,KXNFLTOTAL,KXNFLTOTAL-26SEP27LACBUF-33,Full Game: over 32.5 points scored?,0.9200,0.9300,0.9300,55.00,55.00,active,2026-09-29T17:00:00Z,2026-09-26T14:52:17+00:00
KXNFLTOTAL-26SEP27LACBUF,KXNFLTOTAL,KXNFLTOTAL-26SEP27LACBUF-54,Full Game: over 53.5 points scored?,0.3900,0.4000,0.3900,144.01,144.01,active,2026-09-29T17:00:00Z,2026-09-26T14:52:17+00:00
KXNFLTOTAL-26SEP27LACBUF,KXNFLTOTAL,KXNFLTOTAL-26SEP27LACBUF-63,Full Game: over 62.5 points scored?,0.1800,0.1900,0.1800,3057.69,3057.69,active,2026-09-29T17:00:00Z,2026-09-26T14:52:17+00:00
KXNFLTOTAL-26SEP27LACBUF,KXNFLTOTAL,KXNFLTOTAL-26SEP27LACBUF-42,Full Game: over 41.5 points scored?,0.7400,0.7600,0.0000,0.00,0.00,active,2026-09-29T17:00:00Z,2026-09-26T14:52:17+00:00
KXNFLTOTAL-26SEP27LACBUF,KXNFLTOTAL,KXNFLTOTAL-26SEP27LACBUF-53,Full Game: over 52.5 points scored?,0.4200,0.4300,0.4200,113.00,113.00,active,2026-09-29T17:00:00Z,2026-09-26T14:52:17+00:00
KXNFLTOTAL-26SEP27LACBUF,KXNFLTOTAL,KXNFLTOTAL-26SEP27LACBUF-39,Full Game: over 38.5 points scored?,0.8100,0.8200,0.8300,190.15,104.59,active,2026-09-29T17:00:00Z,2026-09-26T14:52:17+00:00
KXNFLTOTAL-26SEP27LACBUF,KXNFLTOTAL,KXNFLTOTAL-26SEP27LACBUF-45,Full Game: over 44.5 points scored?,0.6600,0.6700,0.6700,129.99,129.99,active,2026-09-29T17:00:00Z,2026-09-26T14:52:17+00:00
KXNFLTOTAL-26SEP27LACBUF,KXNFLTOTAL,KXNFLTOTAL-26SEP27LACBUF-48,Full Game: over 47.5 points scored?,0.5800,0.5900,0.5900,147.50,127.03,active,2026-09-29T17:00:00Z,2026-09-26T14:52:17+00:00
KXNFLTOTAL-26SEP27LACBUF,KXNFLTOTAL,KXNFLTOTAL-26SEP27LACBUF-36,Full Game: over 35.5 points scored?,0.8700,0.8900,0.9000,341.70,93.13,active,2026-09-29T17:00:00Z,2026-09-26T14:52:17+00:00
KXNFLTOTAL-26SEP27LACBUF,KXNFLTOTAL,KXNFLTOTAL-26SEP27LACBUF-50,Full Game: over 49.5 points scored?,0.5200,0.5300,0.5300,5531.83,4920.09,active,2026-09-29T17:00:00Z,2026-09-26T14:52:17+00:00
KXNFLTOTAL-26SEP27LACBUF,KXNFLTOTAL,KXNFLTOTAL-26SEP27LACBUF-51,Full Game: over 50.5 points scored?,0.4700,0.4800,0.4800,7143.77,6394.83,active,2026-09-29T17:00:00Z,2026-09-26T14:52:17+00:00
KXNFLTOTAL-26SEP27LACBUF,KXNFLTOTAL,KXNFLTOTAL-26SEP27LACBUF-60,Full Game: over 59.5 points scored?,0.2400,0.2500,0.2500,262.10,261.10,active,2026-09-29T17:00:00Z,2026-09-26T14:52:17+00:00
KXNFLTOTAL-26SEP27LACBUF,KXNFLTOTAL,KXNFLTOTAL-26SEP27LACBUF-30,Full Game: over 29.5 points scored?,0.9500,0.9600,0.9500,950.62,680.66,active,2026-09-29T17:00:00Z,2026-09-26T14:52:17+00:00
KXNFLTOTAL-26SEP27LACBUF,KXNFLTOTAL,KXNFLTOTAL-26SEP27LACBUF-72,Full Game: over 71.5 points scored?,0.0500,0.0600,0.0500,5004.80,4551.31,active,2026-09-29T17:00:00Z,2026-09-26T14:52:17+00:00
KXNFLTOTAL-26SEP27LACBUF,KXNFLTOTAL,KXNFLTOTAL-26SEP27LACBUF-66,Full Game: over 65.5 points scored?,0.1300,0.1500,0.1400,322.71,322.71,active,2026-09-29T17:00:00Z,2026-09-26T14:52:17+00:00
KXNFLTOTAL-26SEP27LACBUF,KXNFLTOTAL,KXNFLTOTAL-26SEP27LACBUF-52,Full Game: over 51.5 points scored?,0.4400,0.4500,0.4600,2358.93,2347.90,active,2026-09-29T17:00:00Z,2026-09-26T14:52:17+00:00
KXNFLTOTAL-26SEP27LARDEN,KXNFLTOTAL,KXNFLTOTAL-26SEP27LARDEN-43,Full Game: over 42.5 points scored?,0.5500,0.5600,0.5500,601.71,534.13,active,2026-09-30T00:20:00Z,2026-09-26T14:52:17+00:00
KXNFLTOTAL-26SEP27LARDEN,KXNFLTOTAL,KXNFLTOTAL-26SEP27LARDEN-64,Full Game: over 63.5 points scored?,0.0800,0.0900,0.0900,5253.30,5253.30,active,2026-09-30T00:20:00Z,2026-09-26T14:52:17+00:00
KXNFLTOTAL-26SEP27LARDEN,KXNFLTOTAL,KXNFLTOTAL-26SEP27LARDEN-44,Full Game: over 43.5 points scored?,0.5100,0.5300,0.5100,218.05,213.05,active,2026-09-30T00:20:00Z,2026-09-26T14:52:17+00:00
KXNFLTOTAL-26SEP27LARDEN,KXNFLTOTAL,KXNFLTOTAL-26SEP27LARDEN-48,Full Game: over 47.5 points scored?,0.4000,0.4100,0.4000,329.89,322.53,active,2026-09-30T00:20:00Z,2026-09-26T14:52:17+00:00
KXNFLTOTAL-26SEP27LARDEN,KXNFLTOTAL,KXNFLTOTAL-26SEP27LARDEN-58,Full Game: over 57.5 points scored?,0.1600,0.1800,0.0000,0.00,0.00,active,2026-09-30T00:20:00Z,2026-09-26T14:52:17+00:00
KXNFLTOTAL-26SEP27LARDEN,KXNFLTOTAL,KXNFLTOTAL-26SEP27LARDEN-28,Full Game: over 27.5 points scored?,0.9100,0.9300,0.9200,662.83,380.00,active,2026-09-30T00:20:00Z,2026-09-26T14:52:17+00:00
KXNFLTOTAL-26SEP27LARDEN,KXNFLTOTAL,KXNFLTOTAL-26SEP27LARDEN-25,Full Game: over 24.5 points scored?,0.9500,0.9600,0.9500,777.61,773.61,active,2026-09-30T00:20:00Z,2026-09-26T14:52:17+00:00
KXNFLTOTAL-26SEP27LARDEN,KXNFLTOTAL,KXNFLTOTAL-26SEP27LARDEN-67,Full Game: over 66.5 points scored?,0.0500,0.0600,0.0600,5323.11,4988.79,active,2026-09-30T00:20:00Z,2026-09-26T14:52:17+00:00
KXNFLTOTAL-26SEP27LARDEN,KXNFLTOTAL,KXNFLTOTAL-26SEP27LARDEN-34,Full Game: over 33.5 points scored?,0.8000,0.8100,0.8100,47.00,47.00,active,2026-09-30T00:20:00Z,2026-09-26T14:52:17+00:00
KXNFLTOTAL-26SEP27LARDEN,KXNFLTOTAL,KXNFLTOTAL-26SEP27LARDEN-46,Full Game: over 45.5 points scored?,0.4400,0.4500,0.4400,1353.73,1146.79,active,2026-09-30T00:20:00Z,2026-09-26T14:52:17+00:00
KXNFLTOTAL-26SEP27LARDEN,KXNFLTOTAL,KXNFLTOTAL-26SEP27LARDEN-31,Full Game: over 30.5 points scored?,0.8600,0.8700,0.8700,82.44,82.44,active,2026-09-30T00:20:00Z,2026-09-26T14:52:17+00:00
KXNFLTOTAL-26SEP27LARDEN,KXNFLTOTAL,KXNFLTOTAL-26SEP27LARDEN-45,Full Game: over 44.5 points scored?,0.4700,0.4800,0.4700,4006.22,3310.89,active,2026-09-30T00:20:00Z,2026-09-26T14:52:17+00:00
KXNFLTOTAL-26SEP27LARDEN,KXNFLTOTAL,KXNFLTOTAL-26SEP27LARDEN-52,Full Game: over 51.5 points scored?,0.2800,0.2900,0.3000,997.55,997.55,active,2026-09-30T00:20:00Z,2026-09-26T14:52:17+00:00
KXNFLTOTAL-26SEP27LARDEN,KXNFLTOTAL,KXNFLTOTAL-26SEP27LARDEN-40,Full Game: over 39.5 points scored?,0.6400,0.6600,0.6600,300.87,299.87,active,2026-09-30T00:20:00Z,2026-09-26T14:52:17+00:00
KXNFLTOTAL-26SEP27LARDEN,KXNFLTOTAL,KXNFLTOTAL-26SEP27LARDEN-47,Full Game: over 46.5 points scored?,0.4100,0.4200,0.4100,595.86,416.92,active,2026-09-30T00:20:00Z,2026-09-26T14:52:17+00:00
KXNFLTOTAL-26SEP27LARDEN,KXNFLTOTAL,KXNFLTOTAL-26SEP27LARDEN-37,Full Game: over 36.5 points scored?,0.7300,0.7400,0.7500,1808.59,1751.78,active,2026-09-30T00:20:00Z,2026-09-26T14:52:17+00:00
KXNFLTOTAL-26SEP27LARDEN,KXNFLTOTAL,KXNFLTOTAL-26SEP27LARDEN-49,Full Game: over 48.5 points scored?,0.3700,0.3800,0.3700,793.04,793.04,active,2026-09-30T00:20:00Z,2026-09-26T14:52:17+00:00
KXNFLTOTAL-26SEP27LARDEN,KXNFLTOTAL,KXNFLTOTAL-26SEP27LARDEN-55,Full Game: over 54.5 points scored?,0.2300,0.2400,0.2300,1955.90,1955.90,active,2026-09-30T00:20:00Z,2026-09-26T14:52:17+00:00
KXNFLTOTAL-26SEP27LARDEN,KXNFLTOTAL,KXNFLTOTAL-26SEP27LARDEN-61,Full Game: over 60.5 points scored?,0.1300,0.1400,0.1400,727.17,727.17,active,2026-09-30T00:20:00Z,2026-09-26T14:52:17+00:00
KXNFLTOTAL-26SEP27LVNO,KXNFLTOTAL,KXNFLTOTAL-26SEP27LVNO-33,Full Game: over 32.5 points scored?,0.8200,0.8400,0.0000,0.00,0.00,active,2026-09-29T20:25:00Z,2026-09-26T14:52:17+00:00
KXNFLTOTAL-26SEP27LVNO,KXNFLTOTAL,KXNFLTOTAL-26SEP27LVNO-30,Full Game: over 29.5 points scored?,0.8700,0.8900,0.9100,63.47,58.47,active,2026-09-29T20:25:00Z,2026-09-26T14:52:17+00:00
KXNFLTOTAL-26SEP27LVNO,KXNFLTOTAL,KXNFLTOTAL-26SEP27LVNO-27,Full Game: over 26.5 points scored?,0.9200,0.9300,0.9200,374.02,374.02,active,2026-09-29T20:25:00Z,2026-09-26T14:52:17+00:00
KXNFLTOTAL-26SEP27LVNO,KXNFLTOTAL,KXNFLTOTAL-26SEP27LVNO-24,Full Game: over 23.5 points scored?,0.9500,0.9600,0.9700,494.54,494.54,active,2026-09-29T20:25:00Z,2026-09-26T14:52:17+00:00
KXNFLTOTAL-26SEP27LVNO,KXNFLTOTAL,KXNFLTOTAL-26SEP27LVNO-36,Full Game: over 35.5 points scored?,0.7500,0.7600,0.7600,143.31,143.31,active,2026-09-29T20:25:00Z,2026-09-26T14:52:17+00:00
KXNFLTOTAL-26SEP27LVNO,KXNFLTOTAL,KXNFLTOTAL-26SEP27LVNO-46,Full Game: over 45.5 points scored?,0.4300,0.4400,0.4400,1905.36,1894.43,active,2026-09-29T20:25:00Z,2026-09-26T14:52:17+00:00
KXNFLTOTAL-26SEP27LVNO,KXNFLTOTAL,KXNFLTOTAL-26SEP27LVNO-66,Full Game: over 65.5 points scored?,0.0500,0.0600,0.0600,3684.94,3684.94,active,2026-09-29T20:25:00Z,2026-09-26T14:52:17+00:00
KXNFLTOTAL-26SEP27LVNO,KXNFLTOTAL,KXNFLTOTAL-26SEP27LVNO-60,Full Game: over 59.5 points scored?,0.1200,0.1300,0.1300,2682.10,2682.10,active,2026-09-29T20:25:00Z,2026-09-26T14:52:17+00:00
KXNFLTOTAL-26SEP27LVNO,KXNFLTOTAL,KXNFLTOTAL-26SEP27LVNO-54,Full Game: over 53.5 points scored?,0.2400,0.2500,0.2300,650.54,650.54,active,2026-09-29T20:25:00Z,2026-09-26T14:52:17+00:00
KXNFLTOTAL-26SEP27LVNO,KXNFLTOTAL,KXNFLTOTAL-26SEP27LVNO-42,Full Game: over 41.5 points scored?,0.5700,0.5800,0.5700,10485.16,9984.68,active,2026-09-29T20:25:00Z,2026-09-26T14:52:17+00:00
KXNFLTOTAL-26SEP27LVNO,KXNFLTOTAL,KXNFLTOTAL-26SEP27LVNO-63,Full Game: over 62.5 points scored?,0.0900,0.1000,0.0900,3933.72,3931.54,active,2026-09-29T20:25:00Z,2026-09-26T14:52:17+00:00
KXNFLTOTAL-26SEP27LVNO,KXNFLTOTAL,KXNFLTOTAL-26SEP27LVNO-45,Full Game: over 44.5 points scored?,0.4600,0.4700,0.4700,189993.10,188325.34,active,2026-09-29T20:25:00Z,2026-09-26T14:52:17+00:00
KXNFLTOTAL-26SEP27LVNO,KXNFLTOTAL,KXNFLTOTAL-26SEP27LVNO-44,Full Game: over 43.5 points scored?,0.5100,0.5200,0.5200,234687.28,232844.77,active,2026-09-29T20:25:00Z,2026-09-26T14:52:17+00:00
KXNFLTOTAL-26SEP27LVNO,KXNFLTOTAL,KXNFLTOTAL-26SEP27LVNO-43,Full Game: over 42.5 points scored?,0.5400,0.5500,0.5500,12106.73,11501.77,active,2026-09-29T20:25:00Z,2026-09-26T14:52:17+00:00
KXNFLTOTAL-26SEP27LVNO,KXNFLTOTAL,KXNFLTOTAL-26SEP27LVNO-51,Full Game: over 50.5 points scored?,0.3100,0.3200,0.3200,176.91,176.91,active,2026-09-29T20:25:00Z,2026-09-26T14:52:17+00:00
KXNFLTOTAL-26SEP27LVNO,KXNFLTOTAL,KXNFLTOTAL-26SEP27LVNO-39,Full Game: over 38.5 points scored?,0.6600,0.6800,0.6800,1785.15,992.92,active,2026-09-29T20:25:00Z,2026-09-26T14:52:17+00:00
KXNFLTOTAL-26SEP27LVNO,KXNFLTOTAL,KXNFLTOTAL-26SEP27LVNO-57,Full Game: over 56.5 points scored?,0.1800,0.1900,0.1900,104.43,104.43,active,2026-09-29T20:25:00Z,2026-09-26T14:52:17+00:00
KXNFLTOTAL-26SEP27LVNO,KXNFLTOTAL,KXNFLTOTAL-26SEP27LVNO-47,Full Game: over 46.5 points scored?,0.4100,0.4200,0.4200,151.88,151.88,active,2026-09-29T20:25:00Z,2026-09-26T14:52:17+00:00
KXNFLTOTAL-26SEP27LVNO,KXNFLTOTAL,KXNFLTOTAL-26SEP27LVNO-48,Full Game: over 47.5 points scored?,0.3800,0.3900,0.3900,245.89,245.89,active,2026-09-29T20:25:00Z,2026-09-26T14:52:17+00:00
KXNFLTOTAL-26SEP27MINTB,KXNFLTOTAL,KXNFLTOTAL-26SEP27MINTB-64,Full Game: over 63.5 points scored?,0.0500,0.0600,0.0600,5774.45,5774.45,active,2026-09-29T20:05:00Z,2026-09-26T14:52:17+00:00
KXNFLTOTAL-26SEP27MINTB,KXNFLTOTAL,KXNFLTOTAL-26SEP27MINTB-61,Full Game: over 60.5 points scored?,0.0800,0.0900,0.0900,6163.08,6163.08,active,2026-09-29T20:05:00Z,2026-09-26T14:52:17+00:00
KXNFLTOTAL-26SEP27MINTB,KXNFLTOTAL,KXNFLTOTAL-26SEP27MINTB-28,Full Game: over 27.5 points scored?,0.8900,0.9000,0.8900,71.17,62.23,active,2026-09-29T20:05:00Z,2026-09-26T14:52:17+00:00
KXNFLTOTAL-26SEP27MINTB,KXNFLTOTAL,KXNFLTOTAL-26SEP27MINTB-34,Full Game: over 33.5 points scored?,0.7500,0.7600,0.7500,26.47,26.47,active,2026-09-29T20:05:00Z,2026-09-26T14:52:17+00:00
KXNFLTOTAL-26SEP27MINTB,KXNFLTOTAL,KXNFLTOTAL-26SEP27MINTB-31,Full Game: over 30.5 points scored?,0.8300,0.8400,0.8200,1.16,0.58,active,2026-09-29T20:05:00Z,2026-09-26T14:52:17+00:00
KXNFLTOTAL-26SEP27MINTB,KXNFLTOTAL,KXNFLTOTAL-26SEP27MINTB-45,Full Game: over 44.5 points scored?,0.4200,0.4300,0.4200,300.92,300.92,active,2026-09-29T20:05:00Z,2026-09-26T14:52:17+00:00
KXNFLTOTAL-26SEP27MINTB,KXNFLTOTAL,KXNFLTOTAL-26SEP27MINTB-48,Full Game: over 47.5 points scored?,0.3400,0.3600,0.3600,57.08,57.08,active,2026-09-29T20:05:00Z,2026-09-26T14:52:17+00:00
KXNFLTOTAL-26SEP27MINTB,KXNFLTOTAL,KXNFLTOTAL-26SEP27MINTB-67,Full Game: over 66.5 points scored?,0.0400,0.0500,0.0400,751.78,751.78,active,2026-09-29T20:05:00Z,2026-09-26T14:52:17+00:00
KXNFLTOTAL-26SEP27MINTB,KXNFLTOTAL,KXNFLTOTAL-26SEP27MINTB-58,Full Game: over 57.5 points scored?,0.1200,0.1300,0.0000,0.00,0.00,active,2026-09-29T20:05:00Z,2026-09-26T14:52:17+00:00
KXNFLTOTAL-26SEP27MINTB,KXNFLTOTAL,KXNFLTOTAL-26SEP27MINTB-40,Full Game: over 39.5 points scored?,0.5800,0.6000,0.5900,9.29,4.73,active,2026-09-29T20:05:00Z,2026-09-26T14:52:17+00:00
KXNFLTOTAL-26SEP27MINTB,KXNFLTOTAL,KXNFLTOTAL-26SEP27MINTB-43,Full Game: over 42.5 points scored?,0.4900,0.5000,0.5000,3456.27,2846.75,active,2026-09-29T20:05:00Z,2026-09-26T14:52:17+00:00
KXNFLTOTAL-26SEP27MINTB,KXNFLTOTAL,KXNFLTOTAL-26SEP27MINTB-44,Full Game: over 43.5 points scored?,0.4500,0.4700,0.4500,202.69,183.74,active,2026-09-29T20:05:00Z,2026-09-26T14:52:17+00:00
KXNFLTOTAL-26SEP27MINTB,KXNFLTOTAL,KXNFLTOTAL-26SEP27MINTB-47,Full Game: over 46.5 points scored?,0.3700,0.3900,0.4000,23.80,23.80,active,2026-09-29T20:05:00Z,2026-09-26T14:52:17+00:00
KXNFLTOTAL-26SEP27MINTB,KXNFLTOTAL,KXNFLTOTAL-26SEP27MINTB-49,Full Game: over 48.5 points scored?,0.3100,0.3300,0.0000,0.00,0.00,active,2026-09-29T20:05:00Z,2026-09-26T14:52:17+00:00
KXNFLTOTAL-26SEP27MINTB,KXNFLTOTAL,KXNFLTOTAL-26SEP27MINTB-46,Full Game: over 45.5 points scored?,0.3900,0.4000,0.4000,128.11,128.11,active,2026-09-29T20:05:00Z,2026-09-26T14:52:17+00:00
KXNFLTOTAL-26SEP27MINTB,KXNFLTOTAL,KXNFLTOTAL-26SEP27MINTB-37,Full Game: over 36.5 points scored?,0.6800,0.6900,0.6800,62.74,37.00,active,2026-09-29T20:05:00Z,2026-09-26T14:52:17+00:00
KXNFLTOTAL-26SEP27MINTB,KXNFLTOTAL,KXNFLTOTAL-26SEP27MINTB-52,Full Game: over 51.5 points scored?,0.2300,0.2400,0.2400,80.39,80.39,active,2026-09-29T20:05:00Z,2026-09-26T14:52:17+00:00
KXNFLTOTAL-26SEP27MINTB,KXNFLTOTAL,KXNFLTOTAL-26SEP27MINTB-55,Full Game: over 54.5 points scored?,0.1800,0.1900,0.1700,1520.27,1497.03,active,2026-09-29T20:05:00Z,2026-09-26T14:52:17+00:00
KXNFLTOTAL-26SEP27MINTB,KXNFLTOTAL,KXNFLTOTAL-26SEP27MINTB-25,Full Game: over 24.5 points scored?,0.9300,0.9400,0.9300,1495.13,1471.68,active,2026-09-29T20:05:00Z,2026-09-26T14:52:17+00:00
KXNFLTOTAL-26SEP27NEJAC,KXNFLTOTAL,KXNFLTOTAL-26SEP27NEJAC-46,Full Game: over 45.5 points scored?,0.5200,0.5300,0.5200,71500.59,69047.29,active,2026-09-29T17:00:00Z,2026-09-26T14:52:17+00:00
KXNFLTOTAL-26SEP27NEJAC,KXNFLTOTAL,KXNFLTOTAL-26SEP27NEJAC-60,Full Game: over 59.5 points scored?,0.1600,0.1700,0.1600,3678.35,3677.35,active,2026-09-29T17:00:00Z,2026-09-26T14:52:17+00:00
KXNFLTOTAL-26SEP27NEJAC,KXNFLTOTAL,KXNFLTOTAL-26SEP27NEJAC-30,Full Game: over 29.5 points scored?,0.9100,0.9200,0.9100,805.10,805.10,active,2026-09-29T17:00:00Z,2026-09-26T14:52:17+00:00
KXNFLTOTAL-26SEP27NEJAC,KXNFLTOTAL,KXNFLTOTAL-26SEP27NEJAC-63,Full Game: over 62.5 points scored?,0.1100,0.1200,0.1100,1631.97,1630.97,active,2026-09-29T17:00:00Z,2026-09-26T14:52:17+00:00
KXNFLTOTAL-26SEP27NEJAC,KXNFLTOTAL,KXNFLTOTAL-26SEP27NEJAC-47,Full Game: over 46.5 points scored?,0.4800,0.4900,0.4800,59256.90,59227.45,active,2026-09-29T17:00:00Z,2026-09-26T14:52:17+00:00
KXNFLTOTAL-26SEP27NEJAC,KXNFLTOTAL,KXNFLTOTAL-26SEP27NEJAC-24,Full Game: over 23.5 points scored?,0.9600,0.9700,0.9700,570.82,570.82,active,2026-09-29T17:00:00Z,2026-09-26T14:52:17+00:00
KXNFLTOTAL-26SEP27NEJAC,KXNFLTOTAL,KXNFLTOTAL-26SEP27NEJAC-36,Full Game: over 35.5 points scored?,0.8000,0.8100,0.8100,45.74,41.00,active,2026-09-29T17:00:00Z,2026-09-26T14:52:17+00:00
KXNFLTOTAL-26SEP27NEJAC,KXNFLTOTAL,KXNFLTOTAL-26SEP27NEJAC-27,Full Game: over 26.5 points scored?,0.9400,0.9500,0.9400,2251.82,2251.82,active,2026-09-29T17:00:00Z,2026-09-26T14:52:17+00:00
KXNFLTOTAL-26SEP27NEJAC,KXNFLTOTAL,KXNFLTOTAL-26SEP27NEJAC-43,Full Game: over 42.5 points scored?,0.6100,0.6200,0.6200,8.00,8.00,active,2026-09-29T17:00:00Z,2026-09-26T14:52:17+00:00
KXNFLTOTAL-26SEP27NEJAC,KXNFLTOTAL,KXNFLTOTAL-26SEP27NEJAC-66,Full Game: over 65.5 points scored?,0.0700,0.0800,0.0800,12818.49,9217.80,active,2026-09-29T17:00:00Z,2026-09-26T14:52:17+00:00
KXNFLTOTAL-26SEP27NEJAC,KXNFLTOTAL,KXNFLTOTAL-26SEP27NEJAC-45,Full Game: over 44.5 points scored?,0.5500,0.5600,0.5500,13769.54,12607.14,active,2026-09-29T17:00:00Z,2026-09-26T14:52:17+00:00
KXNFLTOTAL-26SEP27NEJAC,KXNFLTOTAL,KXNFLTOTAL-26SEP27NEJAC-48,Full Game: over 47.5 points scored?,0.4400,0.4600,0.4600,54.47,54.47,active,2026-09-29T17:00:00Z,2026-09-26T14:52:17+00:00
KXNFLTOTAL-26SEP27NEJAC,KXNFLTOTAL,KXNFLTOTAL-26SEP27NEJAC-39,Full Game: over 38.5 points scored?,0.7200,0.7300,0.7100,89.35,89.35,active,2026-09-29T17:00:00Z,2026-09-26T14:52:17+00:00
KXNFLTOTAL-26SEP27NEJAC,KXNFLTOTAL,KXNFLTOTAL-26SEP27NEJAC-44,Full Game: over 43.5 points scored?,0.5800,0.5900,0.5800,48.17,48.17,active,2026-09-29T17:00:00Z,2026-09-26T14:52:17+00:00
KXNFLTOTAL-26SEP27NEJAC,KXNFLTOTAL,KXNFLTOTAL-26SEP27NEJAC-51,Full Game: over 50.5 points scored?,0.3600,0.3700,0.3600,179.77,179.77,active,2026-09-29T17:00:00Z,2026-09-26T14:52:17+00:00
KXNFLTOTAL-26SEP27NEJAC,KXNFLTOTAL,KXNFLTOTAL-26SEP27NEJAC-33,Full Game: over 32.5 points scored?,0.8400,0.8500,0.0000,0.00,0.00,active,2026-09-29T17:00:00Z,2026-09-26T14:52:17+00:00
KXNFLTOTAL-26SEP27NEJAC,KXNFLTOTAL,KXNFLTOTAL-26SEP27NEJAC-57,Full Game: over 56.5 points scored?,0.2200,0.2300,0.2200,12.48,12.48,active,2026-09-29T17:00:00Z,2026-09-26T14:52:17+00:00
KXNFLTOTAL-26SEP27NEJAC,KXNFLTOTAL,KXNFLTOTAL-26SEP27NEJAC-42,Full Game: over 41.5 points scored?,0.6400,0.6500,0.6500,286.03,286.03,active,2026-09-29T17:00:00Z,2026-09-26T14:52:17+00:00
KXNFLTOTAL-26SEP27NEJAC,KXNFLTOTAL,KXNFLTOTAL-26SEP27NEJAC-54,Full Game: over 53.5 points scored?,0.2900,0.3000,0.3000,81.58,81.58,active,2026-09-29T17:00:00Z,2026-09-26T14:52:17+00:00
KXNFLTOTAL-26SEP27NYJDET,KXNFLTOTAL,KXNFLTOTAL-26SEP27NYJDET-52,Full Game: over 51.5 points scored?,0.3900,0.4100,0.4000,23.00,23.00,active,2026-09-29T17:00:00Z,2026-09-26T14:52:17+00:00
KXNFLTOTAL-26SEP27NYJDET,KXNFLTOTAL,KXNFLTOTAL-26SEP27NYJDET-64,Full Game: over 63.5 points scored?,0.1300,0.1400,0.1300,297.28,297.28,active,2026-09-29T17:00:00Z,2026-09-26T14:52:17+00:00
KXNFLTOTAL-26SEP27NYJDET,KXNFLTOTAL,KXNFLTOTAL-26SEP27NYJDET-70,Full Game: over 69.5 points scored?,0.0500,0.0700,0.0500,13490.07,13037.19,active,2026-09-29T17:00:00Z,2026-09-26T14:52:17+00:00
KXNFLTOTAL-26SEP27NYJDET,KXNFLTOTAL,KXNFLTOTAL-26SEP27NYJDET-48,Full Game: over 47.5 points scored?,0.5200,0.5300,0.5300,15189.92,12671.34,active,2026-09-29T17:00:00Z,2026-09-26T14:52:17+00:00
KXNFLTOTAL-26SEP27NYJDET,KXNFLTOTAL,KXNFLTOTAL-26SEP27NYJDET-40,Full Game: over 39.5 points scored?,0.7500,0.7600,0.7700,21.00,21.00,active,2026-09-29T17:00:00Z,2026-09-26T14:52:17+00:00
KXNFLTOTAL-26SEP27NYJDET,KXNFLTOTAL,KXNFLTOTAL-26SEP27NYJDET-31,Full Game: over 30.5 points scored?,0.9200,0.9300,0.9200,558.72,558.72,active,2026-09-29T17:00:00Z,2026-09-26T14:52:17+00:00
KXNFLTOTAL-26SEP27NYJDET,KXNFLTOTAL,KXNFLTOTAL-26SEP27NYJDET-67,Full Game: over 66.5 points scored?,0.0900,0.1000,0.0900,6322.22,6322.22,active,2026-09-29T17:00:00Z,2026-09-26T14:52:17+00:00
KXNFLTOTAL-26SEP27NYJDET,KXNFLTOTAL,KXNFLTOTAL-26SEP27NYJDET-34,Full Game: over 33.5 points scored?,0.8700,0.8900,0.8500,150.00,150.00,active,2026-09-29T17:00:00Z,2026-09-26T14:52:17+00:00
KXNFLTOTAL-26SEP27NYJDET,KXNFLTOTAL,KXNFLTOTAL-26SEP27NYJDET-37,Full Game: over 36.5 points scored?,0.8200,0.8400,0.0000,0.00,0.00,active,2026-09-29T17:00:00Z,2026-09-26T14:52:17+00:00
KXNFLTOTAL-26SEP27NYJDET,KXNFLTOTAL,KXNFLTOTAL-26SEP27NYJDET-50,Full Game: over 49.5 points scored?,0.4500,0.4700,0.4700,804.08,804.08,active,2026-09-29T17:00:00Z,2026-09-26T14:52:17+00:00
KXNFLTOTAL-26SEP27NYJDET,KXNFLTOTAL,KXNFLTOTAL-26SEP27NYJDET-46,Full Game: over 45.5 points scored?,0.6000,0.6100,0.6100,652.06,652.06,active,2026-09-29T17:00:00Z,2026-09-26T14:52:17+00:00
KXNFLTOTAL-26SEP27NYJDET,KXNFLTOTAL,KXNFLTOTAL-26SEP27NYJDET-49,Full Game: over 48.5 points scored?,0.4900,0.5000,0.5000,70214.66,69522.62,active,2026-09-29T17:00:00Z,2026-09-26T14:52:17+00:00
KXNFLTOTAL-26SEP27NYJDET,KXNFLTOTAL,KXNFLTOTAL-26SEP27NYJDET-55,Full Game: over 54.5 points scored?,0.3100,0.3200,0.3100,753.00,753.00,active,2026-09-29T17:00:00Z,2026-09-26T14:52:17+00:00
KXNFLTOTAL-26SEP27NYJDET,KXNFLTOTAL,KXNFLTOTAL-26SEP27NYJDET-43,Full Game: over 42.5 points scored?,0.6700,0.6800,0.6700,48.70,48.70,active,2026-09-29T17:00:00Z,2026-09-26T14:52:17+00:00
KXNFLTOTAL-26SEP27NYJDET,KXNFLTOTAL,KXNFLTOTAL-26SEP27NYJDET-51,Full Game: over 50.5 points scored?,0.4200,0.4300,0.4300,441.51,441.51,active,2026-09-29T17:00:00Z,2026-09-26T14:52:17+00:00
KXNFLTOTAL-26SEP27NYJDET,KXNFLTOTAL,KXNFLTOTAL-26SEP27NYJDET-47,Full Game: over 46.5 points scored?,0.5600,0.5700,0.5600,572.43,572.43,active,2026-09-29T17:00:00Z,2026-09-26T14:52:17+00:00
KXNFLTOTAL-26SEP27NYJDET,KXNFLTOTAL,KXNFLTOTAL-26SEP27NYJDET-58,Full Game: over 57.5 points scored?,0.2400,0.2500,0.2200,1.00,1.00,active,2026-09-29T17:00:00Z,2026-09-26T14:52:17+00:00
KXNFLTOTAL-26SEP27NYJDET,KXNFLTOTAL,KXNFLTOTAL-26SEP27NYJDET-28,Full Game: over 27.5 points scored?,0.9500,0.9700,0.9500,1148.98,1148.98,active,2026-09-29T17:00:00Z,2026-09-26T14:52:17+00:00
KXNFLTOTAL-26SEP27NYJDET,KXNFLTOTAL,KXNFLTOTAL-26SEP27NYJDET-61,Full Game: over 60.5 points scored?,0.1900,0.2000,0.2000,396.19,396.19,active,2026-09-29T17:00:00Z,2026-09-26T14:52:17+00:00
KXNFLTOTAL-26SEP27SEAWAS,KXNFLTOTAL,KXNFLTOTAL-26SEP27SEAWAS-38,Full Game: over 37.5 points scored?,0.5800,0.5900,0.5900,6.57,6.57,active,2026-09-29T17:00:00Z,2026-09-26T14:52:17+00:00
KXNFLTOTAL-26SEP27SEAWAS,KXNFLTOTAL,KXNFLTOTAL-26SEP27SEAWAS-29,Full Game: over 28.5 points scored?,0.8400,0.8600,0.8600,197.26,197.26,active,2026-09-29T17:00:00Z,2026-09-26T14:52:17+00:00
KXNFLTOTAL-26SEP27SEAWAS,KXNFLTOTAL,KXNFLTOTAL-26SEP27SEAWAS-44,Full Game: over 43.5 points scored?,0.3700,0.3900,0.3700,254.51,223.76,active,2026-09-29T17:00:00Z,2026-09-26T14:52:17+00:00
KXNFLTOTAL-26SEP27SEAWAS,KXNFLTOTAL,KXNFLTOTAL-26SEP27SEAWAS-32,Full Game: over 31.5 points scored?,0.7600,0.7700,0.7800,6.30,6.30,active,2026-09-29T17:00:00Z,2026-09-26T14:52:17+00:00
KXNFLTOTAL-26SEP27SEAWAS,KXNFLTOTAL,KXNFLTOTAL-26SEP27SEAWAS-41,Full Game: over 40.5 points scored?,0.4700,0.4800,0.4700,349340.77,346132.35,active,2026-09-29T17:00:00Z,2026-09-26T14:52:17+00:00
KXNFLTOTAL-26SEP27SEAWAS,KXNFLTOTAL,KXNFLTOTAL-26SEP27SEAWAS-50,Full Game: over 49.5 points scored?,0.2200,0.2300,0.2300,700.38,572.57,active,2026-09-29T17:00:00Z,2026-09-26T14:52:17+00:00
KXNFLTOTAL-26SEP27SEAWAS,KXNFLTOTAL,KXNFLTOTAL-26SEP27SEAWAS-23,Full Game: over 22.5 points scored?,0.9400,0.9500,0.9400,95.09,95.09,active,2026-09-29T17:00:00Z,2026-09-26T14:52:17+00:00
KXNFLTOTAL-26SEP27SEAWAS,KXNFLTOTAL,KXNFLTOTAL-26SEP27SEAWAS-26,Full Game: over 25.5 points scored?,0.9000,0.9100,0.9000,71.74,50.87,active,2026-09-29T17:00:00Z,2026-09-26T14:52:17+00:00
KXNFLTOTAL-26SEP27SEAWAS,KXNFLTOTAL,KXNFLTOTAL-26SEP27SEAWAS-62,Full Game: over 61.5 points scored?,0.0400,0.0500,0.0400,19604.29,19603.29,active,2026-09-29T17:00:00Z,2026-09-26T14:52:17+00:00
KXNFLTOTAL-26SEP27SEAWAS,KXNFLTOTAL,KXNFLTOTAL-26SEP27SEAWAS-47,Full Game: over 46.5 points scored?,0.3000,0.3100,0.3000,236.88,236.88,active,2026-09-29T17:00:00Z,2026-09-26T14:52:17+00:00
KXNFLTOTAL-26SEP27SEAWAS,KXNFLTOTAL,KXNFLTOTAL-26SEP27SEAWAS-42,Full Game: over 41.5 points scored?,0.4300,0.4500,0.4300,4515.83,4410.12,active,2026-09-29T17:00:00Z,2026-09-26T14:52:17+00:00
KXNFLTOTAL-26SEP27SEAWAS,KXNFLTOTAL,KXNFLTOTAL-26SEP27SEAWAS-39,Full Game: over 38.5 points scored?,0.5500,0.5600,0.5600,18927.20,16729.60,active,2026-09-29T17:00:00Z,2026-09-26T14:52:17+00:00
KXNFLTOTAL-26SEP27SEAWAS,KXNFLTOTAL,KXNFLTOTAL-26SEP27SEAWAS-40,Full Game: over 39.5 points scored?,0.5100,0.5200,0.5100,2812.74,2766.74,active,2026-09-29T17:00:00Z,2026-09-26T14:52:17+00:00
KXNFLTOTAL-26SEP27SEAWAS,KXNFLTOTAL,KXNFLTOTAL-26SEP27SEAWAS-35,Full Game: over 34.5 points scored?,0.6700,0.6800,0.6900,24.98,24.98,active,2026-09-29T17:00:00Z,2026-09-26T14:52:17+00:00
KXNFLTOTAL-26SEP27SEAWAS,KXNFLTOTAL,KXNFLTOTAL-26SEP27SEAWAS-43,Full Game: over 42.5 points scored?,0.4100,0.4200,0.4100,316.46,233.15,active,2026-09-29T17:00:00Z,2026-09-26T14:52:17+00:00
KXNFLTOTAL-26SEP27SEAWAS,KXNFLTOTAL,KXNFLTOTAL-26SEP27SEAWAS-56,Full Game: over 55.5 points scored?,0.1300,0.1400,0.1400,26823.88,26823.88,active,2026-09-29T17:00:00Z,2026-09-26T14:52:17+00:00
KXNFLTOTAL-26SEP27SEAWAS,KXNFLTOTAL,KXNFLTOTAL-26SEP27SEAWAS-53,Full Game: over 52.5 points scored?,0.1600,0.1700,0.0000,0.00,0.00,active,2026-09-29T17:00:00Z,2026-09-26T14:52:17+00:00
KXNFLTOTAL-26SEP27SEAWAS,KXNFLTOTAL,KXNFLTOTAL-26SEP27SEAWAS-20,Full Game: over 19.5 points scored?,0.9500,0.9700,0.9700,703.02,703.02,active,2026-09-29T17:00:00Z,2026-09-26T14:52:17+00:00
KXNFLTOTAL-26SEP27SEAWAS,KXNFLTOTAL,KXNFLTOTAL-26SEP27SEAWAS-59,Full Game: over 58.5 points scored?,0.0800,0.0900,0.0800,30800.00,30800.00,active,2026-09-29T17:00:00Z,2026-09-26T14:52:17+00:00
KXNFLTOTAL-26SEP27TENNYG,KXNFLTOTAL,KXNFLTOTAL-26SEP27TENNYG-59,Full Game: over 58.5 points scored?,0.0600,0.0700,0.0600,20378.16,20374.16,active,2026-09-29T17:00:00Z,2026-09-26T14:52:17+00:00
KXNFLTOTAL-26SEP27TENNYG,KXNFLTOTAL,KXNFLTOTAL-26SEP27TENNYG-65,Full Game: over 64.5 points scored?,0.0200,0.0300,0.0500,26452.72,26452.72,active,2026-09-29T17:00:00Z,2026-09-26T14:52:17+00:00
KXNFLTOTAL-26SEP27TENNYG,KXNFLTOTAL,KXNFLTOTAL-26SEP27TENNYG-35,Full Game: over 34.5 points scored?,0.5900,0.6000,0.5900,1330.62,1245.90,active,2026-09-29T17:00:00Z,2026-09-26T14:52:17+00:00
KXNFLTOTAL-26SEP27TENNYG,KXNFLTOTAL,KXNFLTOTAL-26SEP27TENNYG-47,Full Game: over 46.5 points scored?,0.2400,0.2500,0.2500,122.70,122.70,active,2026-09-29T17:00:00Z,2026-09-26T14:52:17+00:00
KXNFLTOTAL-26SEP27TENNYG,KXNFLTOTAL,KXNFLTOTAL-26SEP27TENNYG-43,Full Game: over 42.5 points scored?,0.3500,0.3600,0.3500,8038.29,6370.73,active,2026-09-29T17:00:00Z,2026-09-26T14:52:17+00:00
KXNFLTOTAL-26SEP27TENNYG,KXNFLTOTAL,KXNFLTOTAL-26SEP27TENNYG-62,Full Game: over 61.5 points scored?,0.0400,0.0500,0.0500,16543.37,16483.37,active,2026-09-29T17:00:00Z,2026-09-26T14:52:17+00:00
KXNFLTOTAL-26SEP27TENNYG,KXNFLTOTAL,KXNFLTOTAL-26SEP27TENNYG-41,Full Game: over 40.5 points scored?,0.4000,0.4100,0.4000,3947.36,3695.16,active,2026-09-29T17:00:00Z,2026-09-26T14:52:17+00:00
KXNFLTOTAL-26SEP27TENNYG,KXNFLTOTAL,KXNFLTOTAL-26SEP27TENNYG-38,Full Game: over 37.5 points scored?,0.5000,0.5100,0.5100,527817.20,522917.06,active,2026-09-29T17:00:00Z,2026-09-26T14:52:17+00:00
KXNFLTOTAL-26SEP27TENNYG,KXNFLTOTAL,KXNFLTOTAL-26SEP27TENNYG-56,Full Game: over 55.5 points scored?,0.0900,0.1000,0.0900,2895.06,2776.00,active,2026-09-29T17:00:00Z,2026-09-26T14:52:17+00:00
KXNFLTOTAL-26SEP27TENNYG,KXNFLTOTAL,KXNFLTOTAL-26SEP27TENNYG-53,Full Game: over 52.5 points scored?,0.1300,0.1400,0.0000,0.00,0.00,active,2026-09-29T17:00:00Z,2026-09-26T14:52:17+00:00
KXNFLTOTAL-26SEP27TENNYG,KXNFLTOTAL,KXNFLTOTAL-26SEP27TENNYG-26,Full Game: over 25.5 points scored?,0.8500,0.8600,0.8600,789.75,780.75,active,2026-09-29T17:00:00Z,2026-09-26T14:52:17+00:00
KXNFLTOTAL-26SEP27TENNYG,KXNFLTOTAL,KXNFLTOTAL-26SEP27TENNYG-44,Full Game: over 43.5 points scored?,0.3200,0.3300,0.3400,4823.77,2986.28,active,2026-09-29T17:00:00Z,2026-09-26T14:52:17+00:00
KXNFLTOTAL-26SEP27TENNYG,KXNFLTOTAL,KXNFLTOTAL-26SEP27TENNYG-32,Full Game: over 31.5 points scored?,0.6900,0.7000,0.6900,2101.13,2101.13,active,2026-09-29T17:00:00Z,2026-09-26T14:52:17+00:00
KXNFLTOTAL-26SEP27TENNYG,KXNFLTOTAL,KXNFLTOTAL-26SEP27TENNYG-46,Full Game: over 45.5 points scored?,0.2700,0.2800,0.2800,115.85,115.85,active,2026-09-29T17:00:00Z,2026-09-26T14:52:17+00:00
KXNFLTOTAL-26SEP27TENNYG,KXNFLTOTAL,KXNFLTOTAL-26SEP27TENNYG-42,Full Game: over 41.5 points scored?,0.3700,0.3800,0.3700,2459.15,2439.15,active,2026-09-29T17:00:00Z,2026-09-26T14:52:17+00:00
KXNFLTOTAL-26SEP27TENNYG,KXNFLTOTAL,KXNFLTOTAL-26SEP27TENNYG-29,Full Game: over 28.5 points scored?,0.7900,0.8000,0.7900,1768.46,1768.46,active,2026-09-29T17:00:00Z,2026-09-26T14:52:17+00:00
KXNFLTOTAL-26SEP27TENNYG,KXNFLTOTAL,KXNFLTOTAL-26SEP27TENNYG-50,Full Game: over 49.5 points scored?,0.1900,0.2000,0.2000,178.61,177.95,active,2026-09-29T17:00:00Z,2026-09-26T14:52:17+00:00
KXNFLTOTAL-26SEP27TENNYG,KXNFLTOTAL,KXNFLTOTAL-26SEP27TENNYG-23,Full Game: over 22.5 points scored?,0.8900,0.9000,0.9000,2872.26,2872.26,active,2026-09-29T17:00:00Z,2026-09-26T14:52:17+00:00
KXNFLTOTAL-26SEP27TENNYG,KXNFLTOTAL,KXNFLTOTAL-26SEP27TENNYG-45,Full Game: over 44.5 points scored?,0.2900,0.3000,0.2900,1227.19,1027.19,active,2026-09-29T17:00:00Z,2026-09-26T14:52:17+00:00
KXNFLTOTAL-26SEP28PHICHI,KXNFLTOTAL,KXNFLTOTAL-26SEP28PHICHI-47,Full Game: over 46.5 points scored?,0.3600,0.3700,0.3700,2.00,2.00,active,2026-10-01T00:15:00Z,2026-09-26T14:52:17+00:00
KXNFLTOTAL-26SEP28PHICHI,KXNFLTOTAL,KXNFLTOTAL-26SEP28PHICHI-43,Full Game: over 42.5 points scored?,0.4500,0.4600,0.4600,2266.00,1663.61,active,2026-10-01T00:15:00Z,2026-09-26T14:52:17+00:00
KXNFLTOTAL-26SEP28PHICHI,KXNFLTOTAL,KXNFLTOTAL-26SEP28PHICHI-39,Full Game: over 38.5 points scored?,0.5900,0.6100,0.6000,441.05,256.81,active,2026-10-01T00:15:00Z,2026-09-26T14:52:17+00:00
KXNFLTOTAL-26SEP28PHICHI,KXNFLTOTAL,KXNFLTOTAL-26SEP28PHICHI-51,Full Game: over 50.5 points scored?,0.2400,0.2500,0.2800,50.00,50.00,active,2026-10-01T00:15:00Z,2026-09-26T14:52:17+00:00
KXNFLTOTAL-26SEP28PHICHI,KXNFLTOTAL,KXNFLTOTAL-26SEP28PHICHI-33,Full Game: over 32.5 points scored?,0.7600,0.7800,0.0000,0.00,0.00,active,2026-10-01T00:15:00Z,2026-09-26T14:52:17+00:00
KXNFLTOTAL-26SEP28PHICHI,KXNFLTOTAL,KXNFLTOTAL-26SEP28PHICHI-27,Full Game: over 26.5 points scored?,0.8900,0.9000,0.9100,132.16,116.16,active,2026-10-01T00:15:00Z,2026-09-26T14:52:17+00:00
KXNFLTOTAL-26SEP28PHICHI,KXNFLTOTAL,KXNFLTOTAL-26SEP28PHICHI-60,Full Game: over 59.5 points scored?,0.0700,0.0900,0.0700,214.30,214.30,active,2026-10-01T00:15:00Z,2026-09-26T14:52:17+00:00
KXNFLTOTAL-26SEP28PHICHI,KXNFLTOTAL,KXNFLTOTAL-26SEP28PHICHI-54,Full Game: over 53.5 points scored?,0.1800,0.1900,0.0000,0.00,0.00,active,2026-10-01T00:15:00Z,2026-09-26T14:52:17+00:00
KXNFLTOTAL-26SEP28PHICHI,KXNFLTOTAL,KXNFLTOTAL-26SEP28PHICHI-48,Full Game: over 47.5 points scored?,0.3100,0.3200,0.3200,135.00,116.00,active,2026-10-01T00:15:00Z,2026-09-26T14:52:17+00:00
KXNFLTOTAL-26SEP28PHICHI,KXNFLTOTAL,KXNFLTOTAL-26SEP28PHICHI-57,Full Game: over 56.5 points scored?,0.1300,0.1400,0.1200,1871.96,1869.96,active,2026-10-01T00:15:00Z,2026-09-26T14:52:17+00:00
KXNFLTOTAL-26SEP28PHICHI,KXNFLTOTAL,KXNFLTOTAL-26SEP28PHICHI-42,Full Game: over 41.5 points scored?,0.4800,0.4900,0.4900,3404.68,3223.89,active,2026-10-01T00:15:00Z,2026-09-26T14:52:17+00:00
KXNFLTOTAL-26SEP28PHICHI,KXNFLTOTAL,KXNFLTOTAL-26SEP28PHICHI-45,Full Game: over 44.5 points scored?,0.3900,0.4100,0.3900,4430.23,3603.63,active,2026-10-01T00:15:00Z,2026-09-26T14:52:17+00:00
KXNFLTOTAL-26SEP28PHICHI,KXNFLTOTAL,KXNFLTOTAL-26SEP28PHICHI-66,Full Game: over 65.5 points scored?,0.0400,0.0500,0.0300,843.47,843.47,active,2026-10-01T00:15:00Z,2026-09-26T14:52:17+00:00
KXNFLTOTAL-26SEP28PHICHI,KXNFLTOTAL,KXNFLTOTAL-26SEP28PHICHI-44,Full Game: over 43.5 points scored?,0.4100,0.4200,0.4100,6524.42,5976.88,active,2026-10-01T00:15:00Z,2026-09-26T14:52:17+00:00
KXNFLTOTAL-26SEP28PHICHI,KXNFLTOTAL,KXNFLTOTAL-26SEP28PHICHI-63,Full Game: over 62.5 points scored?,0.0500,0.0600,0.0600,13180.62,13154.73,active,2026-10-01T00:15:00Z,2026-09-26T14:52:17+00:00
KXNFLTOTAL-26SEP28PHICHI,KXNFLTOTAL,KXNFLTOTAL-26SEP28PHICHI-24,Full Game: over 23.5 points scored?,0.9300,0.9500,0.9600,131.08,131.08,active,2026-10-01T00:15:00Z,2026-09-26T14:52:17+00:00
KXNFLTOTAL-26SEP28PHICHI,KXNFLTOTAL,KXNFLTOTAL-26SEP28PHICHI-36,Full Game: over 35.5 points scored?,0.6800,0.6900,0.7000,228.72,228.72,active,2026-10-01T00:15:00Z,2026-09-26T14:52:17+00:00
KXNFLTOTAL-26SEP28PHICHI,KXNFLTOTAL,KXNFLTOTAL-26SEP28PHICHI-46,Full Game: over 45.5 points scored?,0.3600,0.3800,0.3600,1503.44,1503.44,active,2026-10-01T00:15:00Z,2026-09-26T14:52:17+00:00
KXNFLTOTAL-26SEP28PHICHI,KXNFLTOTAL,KXNFLTOTAL-26SEP28PHICHI-30,Full Game: over 29.5 points scored?,0.8400,0.8600,0.8500,105.82,105.82,active,2026-10-01T00:15:00Z,2026-09-26T14:52:17+00:00
KXNFLTEAMPTS-LEAST27,KXNFLTEAMPTS,KXNFLTEAMPTS-LEAST27-SEA,Will Seattle be the lowest scoring team?,0.0000,0.8500,0.0000,0.00,0.00,active,2027-01-18T15:00:00Z,2026-09-26T14:52:17+00:00
KXNFLTEAMPTS-LEAST27,KXNFLTEAMPTS,KXNFLTEAMPTS-LEAST27-MIA,Will Miami be the lowest scoring team?,0.3200,0.4800,0.3200,415.43,234.46,active,2027-01-18T15:00:00Z,2026-09-26T14:52:17+00:00
KXNFLTEAMPTS-LEAST27,KXNFLTEAMPTS,KXNFLTEAMPTS-LEAST27-DET,Will Detroit be the lowest scoring team?,0.0000,0.8500,0.0000,0.00,0.00,active,2027-01-18T15:00:00Z,2026-09-26T14:52:17+00:00
KXNFLTEAMPTS-LEAST27,KXNFLTEAMPTS,KXNFLTEAMPTS-LEAST27-PIT,Will Pittsburgh be the lowest scoring team?,0.0200,0.2000,0.0200,508.37,498.08,active,2027-01-18T15:00:00Z,2026-09-26T14:52:17+00:00
KXNFLTEAMPTS-LEAST27,KXNFLTEAMPTS,KXNFLTEAMPTS-LEAST27-HOU,Will Houston be the lowest scoring team?,0.0100,0.1500,0.0100,151.80,150.51,active,2027-01-18T15:00:00Z,2026-09-26T14:52:17+00:00
KXNFLTEAMPTS-LEAST27,KXNFLTEAMPTS,KXNFLTEAMPTS-LEAST27-MIN,Will Minnesota be the lowest scoring team?,0.0000,0.8000,0.0100,252.18,241.89,active,2027-01-18T15:00:00Z,2026-09-26T14:52:17+00:00
KXNFLTEAMPTS-LEAST27,KXNFLTEAMPTS,KXNFLTEAMPTS-LEAST27-NO,Will New Orleans be the lowest scoring team?,0.0000,0.5000,0.0100,111.62,101.33,active,2027-01-18T15:00:00Z,2026-09-26T14:52:17+00:00
KXNFLTEAMPTS-LEAST27,KXNFLTEAMPTS,KXNFLTEAMPTS-LEAST27-DAL,Will Dallas be the lowest scoring team?,0.0000,0.8500,0.0000,0.00,0.00,active,2027-01-18T15:00:00Z,2026-09-26T14:52:17+00:00
KXNFLTEAMPTS-LEAST27,KXNFLTEAMPTS,KXNFLTEAMPTS-LEAST27-NE,Will New England be the lowest scoring team?,0.0000,0.8500,0.0000,0.00,0.00,active,2027-01-18T15:00:00Z,2026-09-26T14:52:17+00:00
KXNFLTEAMPTS-LEAST27,KXNFLTEAMPTS,KXNFLTEAMPTS-LEAST27-LAR,Will Los Angeles R be the lowest scoring team?,0.0000,0.8500,0.0000,0.00,0.00,active,2027-01-18T15:00:00Z,2026-09-26T14:52:17+00:00
KXNFLTEAMPTS-LEAST27,KXNFLTEAMPTS,KXNFLTEAMPTS-LEAST27-CAR,Will Carolina be the lowest scoring team?,0.0000,0.1000,0.0100,9.00,9.00,active,2027-01-18T15:00:00Z,2026-09-26T14:52:17+00:00
KXNFLTEAMPTS-LEAST27,KXNFLTEAMPTS,KXNFLTEAMPTS-LEAST27-ARI,Will Arizona be the lowest scoring team?,0.1000,0.3300,0.0200,505.26,474.97,active,2027-01-18T15:00:00Z,2026-09-26T14:52:17+00:00
KXNFLTEAMPTS-LEAST27,KXNFLTEAMPTS,KXNFLTEAMPTS-LEAST27-NYG,Will New York G be the lowest scoring team?,0.0500,0.8100,0.0100,100.51,90.22,active,2027-01-18T15:00:00Z,2026-09-26T14:52:17+00:00
KXNFLTEAMPTS-LEAST27,KXNFLTEAMPTS,KXNFLTEAMPTS-LEAST27-WAS,Will Washington be the lowest scoring team?,0.0000,0.8500,0.0100,209.00,100.00,active,2027-01-18T15:00:00Z,2026-09-26T14:52:17+00:00
KXNFLTEAMPTS-LEAST27,KXNFLTEAMPTS,KXNFLTEAMPTS-LEAST27-NYJ,Will New York J be the lowest scoring team?,0.0600,0.8400,0.2100,341.60,182.82,active,2027-01-18T15:00:00Z,2026-09-26T14:52:17+00:00
KXNFLTEAMPTS-LEAST27,KXNFLTEAMPTS,KXNFLTEAMPTS-LEAST27-SF,Will San Francisco be the lowest scoring team?,0.0000,0.8500,0.0000,0.00,0.00,active,2027-01-18T15:00:00Z,2026-09-26T14:52:17+00:00
KXNFLTEAMPTS-LEAST27,KXNFLTEAMPTS,KXNFLTEAMPTS-LEAST27-LAC,Will Los Angeles C be the lowest scoring team?,0.0000,0.8500,0.0000,0.00,0.00,active,2027-01-18T15:00:00Z,2026-09-26T14:52:17+00:00
KXNFLTEAMPTS-LEAST27,KXNFLTEAMPTS,KXNFLTEAMPTS-LEAST27-BAL,Will Baltimore be the lowest scoring team?,0.0000,0.8500,0.0000,0.00,0.00,active,2027-01-18T15:00:00Z,2026-09-26T14:52:17+00:00
KXNFLTEAMPTS-LEAST27,KXNFLTEAMPTS,KXNFLTEAMPTS-LEAST27-BUF,Will Buffalo be the lowest scoring team?,0.0000,0.8500,0.0000,0.00,0.00,active,2027-01-18T15:00:00Z,2026-09-26T14:52:17+00:00
KXNFLTEAMPTS-LEAST27,KXNFLTEAMPTS,KXNFLTEAMPTS-LEAST27-PHI,Will Philadelphia be the lowest scoring team?,0.0000,0.8500,0.0000,0.00,0.00,active,2027-01-18T15:00:00Z,2026-09-26T14:52:17+00:00
KXNFLTEAMPTS-LEAST27,KXNFLTEAMPTS,KXNFLTEAMPTS-LEAST27-DEN,Will Denver be the lowest scoring team?,0.0000,0.8500,0.0000,0.00,0.00,active,2027-01-18T15:00:00Z,2026-09-26T14:52:17+00:00
KXNFLTEAMPTS-LEAST27,KXNFLTEAMPTS,KXNFLTEAMPTS-LEAST27-KC,Will Kansas City be the lowest scoring team?,0.0000,0.8000,0.0000,0.00,0.00,active,2027-01-18T15:00:00Z,2026-09-26T14:52:17+00:00
KXNFLTEAMPTS-LEAST27,KXNFLTEAMPTS,KXNFLTEAMPTS-LEAST27-TB,Will Tampa Bay be the lowest scoring team?,0.0000,0.8500,0.0000,0.00,0.00,active,2027-01-18T15:00:00Z,2026-09-26T14:52:17+00:00
KXNFLTEAMPTS-LEAST27,KXNFLTEAMPTS,KXNFLTEAMPTS-LEAST27-GB,Will Green Bay be the lowest scoring team?,0.0000,0.8500,0.0000,0.00,0.00,active,2027-01-18T15:00:00Z,2026-09-26T14:52:17+00:00
KXNFLTEAMPTS-LEAST27,KXNFLTEAMPTS,KXNFLTEAMPTS-LEAST27-JAC,Will Jacksonville be the lowest scoring team?,0.0000,0.8500,0.0000,0.00,0.00,active,2027-01-18T15:00:00Z,2026-09-26T14:52:17+00:00
KXNFLTEAMPTS-LEAST27,KXNFLTEAMPTS,KXNFLTEAMPTS-LEAST27-CIN,Will Cincinnati be the lowest scoring team?,0.0000,0.8500,0.0000,0.00,0.00,active,2027-01-18T15:00:00Z,2026-09-26T14:52:17+00:00
KXNFLTEAMPTS-LEAST27,KXNFLTEAMPTS,KXNFLTEAMPTS-LEAST27-LV,Will Las Vegas be the lowest scoring team?,0.0100,0.1000,0.0100,11.00,11.00,active,2027-01-18T15:00:00Z,2026-09-26T14:52:17+00:00
KXNFLTEAMPTS-LEAST27,KXNFLTEAMPTS,KXNFLTEAMPTS-LEAST27-IND,Will Indianapolis be the lowest scoring team?,0.0000,0.8500,0.0000,0.00,0.00,active,2027-01-18T15:00:00Z,2026-09-26T14:52:17+00:00
KXNFLTEAMPTS-LEAST27,KXNFLTEAMPTS,KXNFLTEAMPTS-LEAST27-TEN,Will Tennessee be the lowest scoring team?,0.0300,0.2000,0.0200,12.29,12.29,active,2027-01-18T15:00:00Z,2026-09-26T14:52:17+00:00
KXNFLTEAMPTS-LEAST27,KXNFLTEAMPTS,KXNFLTEAMPTS-LEAST27-CLE,Will Cleveland be the lowest scoring team?,0.2700,0.4400,0.3600,387.87,375.58,active,2027-01-18T15:00:00Z,2026-09-26T14:52:17+00:00
KXNFLTEAMPTS-LEAST27,KXNFLTEAMPTS,KXNFLTEAMPTS-LEAST27-ATL,Will Atlanta be the lowest scoring team?,0.0000,0.3900,0.0700,536.07,303.40,active,2027-01-18T15:00:00Z,2026-09-26T14:52:17+00:00
KXNFLTEAMPTS-LEAST27,KXNFLTEAMPTS,KXNFLTEAMPTS-LEAST27-CHI,Will Chicago be the lowest scoring team?,0.0000,0.1000,0.0000,0.00,0.00,active,2027-01-18T15:00:00Z,2026-09-26T14:52:17+00:00
KXNFLTEAMPTS-MOST27,KXNFLTEAMPTS,KXNFLTEAMPTS-MOST27-NE,Will New England be the highest scoring team?,0.0200,0.0300,0.0300,3498.92,3074.71,active,2027-01-18T15:00:00Z,2026-09-26T14:52:17+00:00
KXNFLTEAMPTS-MOST27,KXNFLTEAMPTS,KXNFLTEAMPTS-MOST27-NYG,Will New York G be the highest scoring team?,0.0000,0.0200,0.0100,2191.71,2191.71,active,2027-01-18T15:00:00Z,2026-09-26T14:52:17+00:00
KXNFLTEAMPTS-MOST27,KXNFLTEAMPTS,KXNFLTEAMPTS-MOST27-PHI,Will Philadelphia be the highest scoring team?,0.0000,0.0200,0.0200,561.81,524.31,active,2027-01-18T15:00:00Z,2026-09-26T14:52:17+00:00
KXNFLTEAMPTS-MOST27,KXNFLTEAMPTS,KXNFLTEAMPTS-MOST27-NO,Will New Orleans be the highest scoring team?,0.0100,0.0200,0.0200,2319.36,2219.30,active,2027-01-18T15:00:00Z,2026-09-26T14:52:17+00:00
KXNFLTEAMPTS-MOST27,KXNFLTEAMPTS,KXNFLTEAMPTS-MOST27-TB,Will Tampa Bay be the highest scoring team?,0.0000,0.0100,0.0200,1151.18,1137.04,active,2027-01-18T15:00:00Z,2026-09-26T14:52:17+00:00
KXNFLTEAMPTS-MOST27,KXNFLTEAMPTS,KXNFLTEAMPTS-MOST27-BUF,Will Buffalo be the highest scoring team?,0.2200,0.2600,0.2600,5189.60,4569.96,active,2027-01-18T15:00:00Z,2026-09-26T14:52:17+00:00
KXNFLTEAMPTS-MOST27,KXNFLTEAMPTS,KXNFLTEAMPTS-MOST27-CAR,Will Carolina be the highest scoring team?,0.0000,0.0200,0.0200,2145.89,1765.36,active,2027-01-18T15:00:00Z,2026-09-26T14:52:17+00:00
KXNFLTEAMPTS-MOST27,KXNFLTEAMPTS,KXNFLTEAMPTS-MOST27-DET,Will Detroit be the highest scoring team?,0.1000,0.2600,0.2600,5566.03,4402.86,active,2027-01-18T15:00:00Z,2026-09-26T14:52:17+00:00
KXNFLTEAMPTS-MOST27,KXNFLTEAMPTS,KXNFLTEAMPTS-MOST27-BAL,Will Baltimore be the highest scoring team?,0.0400,0.1500,0.0400,4524.05,3611.68,active,2027-01-18T15:00:00Z,2026-09-26T14:52:17+00:00
KXNFLTEAMPTS-MOST27,KXNFLTEAMPTS,KXNFLTEAMPTS-MOST27-LAR,Will Los Angeles R be the highest scoring team?,0.0900,0.1000,0.1000,3778.24,3207.57,active,2027-01-18T15:00:00Z,2026-09-26T14:52:17+00:00
KXNFLTEAMPTS-MOST27,KXNFLTEAMPTS,KXNFLTEAMPTS-MOST27-DAL,Will Dallas be the highest scoring team?,0.0600,0.0700,0.0600,4884.96,4382.50,active,2027-01-18T15:00:00Z,2026-09-26T14:52:17+00:00
KXNFLTEAMPTS-MOST27,KXNFLTEAMPTS,KXNFLTEAMPTS-MOST27-GB,Will Green Bay be the highest scoring team?,0.0000,0.0200,0.0100,1371.25,1194.85,active,2027-01-18T15:00:00Z,2026-09-26T14:52:17+00:00
KXNFLTEAMPTS-MOST27,KXNFLTEAMPTS,KXNFLTEAMPTS-MOST27-IND,Will Indianapolis be the highest scoring team?,0.0000,0.0100,0.0100,718.39,643.21,active,2027-01-18T15:00:00Z,2026-09-26T14:52:17+00:00
KXNFLTEAMPTS-MOST27,KXNFLTEAMPTS,KXNFLTEAMPTS-MOST27-TEN,Will Tennessee be the highest scoring team?,0.0000,0.0100,0.0000,0.00,0.00,active,2027-01-18T15:00:00Z,2026-09-26T14:52:17+00:00
KXNFLTEAMPTS-MOST27,KXNFLTEAMPTS,KXNFLTEAMPTS-MOST27-CHI,Will Chicago be the highest scoring team?,0.0500,0.0900,0.0500,19353.80,15568.44,active,2027-01-18T15:00:00Z,2026-09-26T14:52:17+00:00
KXNFLTEAMPTS-MOST27,KXNFLTEAMPTS,KXNFLTEAMPTS-MOST27-CIN,Will Cincinnati be the highest scoring team?,0.0400,0.1100,0.0400,3010.40,1956.66,active,2027-01-18T15:00:00Z,2026-09-26T14:52:17+00:00
KXNFLTEAMPTS-MOST27,KXNFLTEAMPTS,KXNFLTEAMPTS-MOST27-ARI,Will Arizona be the highest scoring team?,0.0000,0.0100,0.0100,1089.74,1089.74,active,2027-01-18T15:00:00Z,2026-09-26T14:52:17+00:00
KXNFLTEAMPTS-MOST27,KXNFLTEAMPTS,KXNFLTEAMPTS-MOST27-LAC,Will Los Angeles C be the highest scoring team?,0.0200,0.0300,0.0200,7739.59,6093.20,active,2027-01-18T15:00:00Z,2026-09-26T14:52:17+00:00
KXNFLTEAMPTS-MOST27,KXNFLTEAMPTS,KXNFLTEAMPTS-MOST27-ATL,Will Atlanta be the highest scoring team?,0.0000,0.0100,0.0100,305.01,305.01,active,2027-01-18T15:00:00Z,2026-09-26T14:52:17+00:00
KXNFLTEAMPTS-MOST27,KXNFLTEAMPTS,KXNFLTEAMPTS-MOST27-KC,Will Kansas City be the highest scoring team?,0.0100,0.0800,0.0200,2212.57,2115.93,active,2027-01-18T15:00:00Z,2026-09-26T14:52:17+00:00
KXNFLTEAMPTS-MOST27,KXNFLTEAMPTS,KXNFLTEAMPTS-MOST27-LV,Will Las Vegas be the highest scoring team?,0.0000,0.0100,0.0100,155.00,52.00,active,2027-01-18T15:00:00Z,2026-09-26T14:52:17+00:00
KXNFLTEAMPTS-MOST27,KXNFLTEAMPTS,KXNFLTEAMPTS-MOST27-SEA,Will Seattle be the highest scoring team?,0.0000,0.0100,0.0200,1125.79,859.99,active,2027-01-18T15:00:00Z,2026-09-26T14:52:17+00:00
KXNFLTEAMPTS-MOST27,KXNFLTEAMPTS,KXNFLTEAMPTS-MOST27-MIA,Will Miami be the highest scoring team?,0.0000,0.0100,0.0000,0.00,0.00,active,2027-01-18T15:00:00Z,2026-09-26T14:52:17+00:00
KXNFLTEAMPTS-MOST27,KXNFLTEAMPTS,KXNFLTEAMPTS-MOST27-NYJ,Will New York J be the highest scoring team?,0.0000,0.0100,0.0100,1396.78,1204.39,active,2027-01-18T15:00:00Z,2026-09-26T14:52:17+00:00
KXNFLTEAMPTS-MOST27,KXNFLTEAMPTS,KXNFLTEAMPTS-MOST27-CLE,Will Cleveland be the highest scoring team?,0.0000,0.0100,0.0100,298.51,198.51,active,2027-01-18T15:00:00Z,2026-09-26T14:52:17+00:00
KXNFLTEAMPTS-MOST27,KXNFLTEAMPTS,KXNFLTEAMPTS-MOST27-WAS,Will Washington be the highest scoring team?,0.0000,0.0100,0.0000,0.00,0.00,active,2027-01-18T15:00:00Z,2026-09-26T14:52:17+00:00
KXNFLTEAMPTS-MOST27,KXNFLTEAMPTS,KXNFLTEAMPTS-MOST27-HOU,Will Houston be the highest scoring team?,0.0000,0.0200,0.0200,1644.34,1373.34,active,2027-01-18T15:00:00Z,2026-09-26T14:52:17+00:00
KXNFLTEAMPTS-MOST27,KXNFLTEAMPTS,KXNFLTEAMPTS-MOST27-PIT,Will Pittsburgh be the highest scoring team?,0.0100,0.0200,0.0200,5299.09,3729.57,active,2027-01-18T15:00:00Z,2026-09-26T14:52:17+00:00
KXNFLTEAMPTS-MOST27,KXNFLTEAMPTS,KXNFLTEAMPTS-MOST27-MIN,Will Minnesota be the highest scoring team?,0.0000,0.0200,0.0200,1909.09,1886.09,active,2027-01-18T15:00:00Z,2026-09-26T14:52:17+00:00
KXNFLTEAMPTS-MOST27,KXNFLTEAMPTS,KXNFLTEAMPTS-MOST27-SF,Will San Francisco be the highest scoring team?,0.0600,0.0700,0.0400,1846.21,1727.08,active,2027-01-18T15:00:00Z,2026-09-26T14:52:17+00:00
KXNFLTEAMPTS-MOST27,KXNFLTEAMPTS,KXNFLTEAMPTS-MOST27-JAC,Will Jacksonville be the highest scoring team?,0.0100,0.0900,0.0200,3867.51,3507.53,active,2027-01-18T15:00:00Z,2026-09-26T14:52:17+00:00
KXNFLTEAMPTS-MOST27,KXNFLTEAMPTS,KXNFLTEAMPTS-MOST27-DEN,Will Denver be the highest scoring team?,0.0000,0.0100,0.0100,2816.95,2368.06,active,2027-01-18T15:00:00Z,2026-09-26T14:52:17+00:00
