event,series,ticker,title,yes_bid,yes_ask,last_price,volume,open_interest,status,close_time,pulled_at
KXNFLREC-26OCT01PITCLE,KXNFLREC,KXNFLREC-26OCT01PITCLE-PITJWARREN30-10,Jaylen Warren: 10+ receptions,0.0000,0.0400,0.0000,0.00,0.00,active,2026-10-04T00:15:00Z,2026-10-01T13:50:16+00:00
KXNFLREC-26OCT01PITCLE,KXNFLREC,KXNFLREC-26OCT01PITCLE-PITPFREIERMUTH88-9,Pat Freiermuth: 9+ receptions,0.0000,0.0400,0.0000,0.00,0.00,active,2026-10-04T00:15:00Z,2026-10-01T13:50:16+00:00
KXNFLREC-26OCT01PITCLE,KXNFLREC,KXNFLREC-26OCT01PITCLE-CLERSANDERS23-6,Raheim Sanders: 6+ receptions,0.0300,0.0600,0.0000,0.00,0.00,active,2026-10-04T00:15:00Z,2026-10-01T13:50:16+00:00
KXNFLREC-26OCT01PITCLE,KXNFLREC,KXNFLREC-26OCT01PITCLE-CLEDBOSTON12-7,Denzel Boston: 7+ receptions,0.0300,0.0400,0.0400,583.16,583.16,active,2026-10-04T00:15:00Z,2026-10-01T13:50:16+00:00
KXNFLREC-26OCT01PITCLE,KXNFLREC,KXNFLREC-26OCT01PITCLE-PITMPITTMAN11-5,Michael Pittman Jr.: 5+ receptions,0.2600,0.2900,0.0000,0.00,0.00,active,2026-10-04T00:15:00Z,2026-10-01T13:50:16+00:00
KXNFLREC-26OCT01PITCLE,KXNFLREC,KXNFLREC-26OCT01PITCLE-CLEJJEUDY3-4,Jerry Jeudy: 4+ receptions,0.0700,0.0800,0.0800,1795.25,1795.25,active,2026-10-04T00:15:00Z,2026-10-01T13:50:16+00:00
KXNFLREC-26OCT01PITCLE,KXNFLREC,KXNFLREC-26OCT01PITCLE-PITMPITTMAN11-7,Michael Pittman Jr.: 7+ receptions,0.0600,0.0900,0.0000,0.00,0.00,active,2026-10-04T00:15:00Z,2026-10-01T13:50:16+00:00
KXNFLREC-26OCT01PITCLE,KXNFLREC,KXNFLREC-26OCT01PITCLE-PITJWARREN30-6,Jaylen Warren: 6+ receptions,0.1600,0.1800,0.1700,4697.51,4697.51,active,2026-10-04T00:15:00Z,2026-10-01T13:50:16+00:00
KXNFLREC-26OCT01PITCLE,KXNFLREC,KXNFLREC-26OCT01PITCLE-PITDMETCALF4-4,DK Metcalf: 4+ receptions,0.5300,0.5400,0.5300,3180.76,3121.30,active,2026-10-04T00:15:00Z,2026-10-01T13:50:16+00:00
KXNFLREC-26OCT01PITCLE,KXNFLREC,KXNFLREC-26OCT01PITCLE-PITGBERNARD17-5,Germie Bernard: 5+ receptions,0.0200,0.0400,0.0300,546.38,546.38,active,2026-10-04T00:15:00Z,2026-10-01T13:50:16+00:00
KXNFLREC-26OCT01PITCLE,KXNFLREC,KXNFLREC-26OCT01PITCLE-PITDMETCALF4-9,DK Metcalf: 9+ receptions,0.0200,0.0500,0.0000,0.00,0.00,active,2026-10-04T00:15:00Z,2026-10-01T13:50:16+00:00
KXNFLREC-26OCT01PITCLE,KXNFLREC,KXNFLREC-26OCT01PITCLE-PITDMETCALF4-8,DK Metcalf: 8+ receptions,0.0600,0.0800,0.0000,0.00,0.00,active,2026-10-04T00:15:00Z,2026-10-01T13:50:16+00:00
KXNFLREC-26OCT01PITCLE,KXNFLREC,KXNFLREC-26OCT01PITCLE-PITMPITTMAN11-4,Michael Pittman Jr.: 4+ receptions,0.4400,0.4500,0.4500,2215.64,2215.64,active,2026-10-04T00:15:00Z,2026-10-01T13:50:16+00:00
KXNFLREC-26OCT01PITCLE,KXNFLREC,KXNFLREC-26OCT01PITCLE-PITMPITTMAN11-2,Michael Pittman Jr.: 2+ receptions,0.8200,0.8400,0.8400,84.86,84.86,active,2026-10-04T00:15:00Z,2026-10-01T13:50:16+00:00
KXNFLREC-26OCT01PITCLE,KXNFLREC,KXNFLREC-26OCT01PITCLE-PITDMETCALF4-2,DK Metcalf: 2+ receptions,0.8600,0.8700,0.8700,100.79,100.79,active,2026-10-04T00:15:00Z,2026-10-01T13:50:16+00:00
KXNFLREC-26OCT01PITCLE,KXNFLREC,KXNFLREC-26OCT01PITCLE-PITRWILSON14-2,Roman Wilson: 2+ receptions,0.6200,0.6300,0.6200,368.63,368.63,active,2026-10-04T00:15:00Z,2026-10-01T13:50:16+00:00
KXNFLREC-26OCT01PITCLE,KXNFLREC,KXNFLREC-26OCT01PITCLE-CLERSANDERS23-4,Raheim Sanders: 4+ receptions,0.1600,0.1700,0.1700,633.94,564.97,active,2026-10-04T00:15:00Z,2026-10-01T13:50:16+00:00
KXNFLREC-26OCT01PITCLE,KXNFLREC,KXNFLREC-26OCT01PITCLE-PITMPITTMAN11-6,Michael Pittman Jr.: 6+ receptions,0.1400,0.1500,0.1300,27.89,27.89,active,2026-10-04T00:15:00Z,2026-10-01T13:50:16+00:00
KXNFLREC-26OCT01PITCLE,KXNFLREC,KXNFLREC-26OCT01PITCLE-CLEDBOSTON12-6,Denzel Boston: 6+ receptions,0.0900,0.1000,0.1000,805.80,805.80,active,2026-10-04T00:15:00Z,2026-10-01T13:50:16+00:00
KXNFLREC-26OCT01PITCLE,KXNFLREC,KXNFLREC-26OCT01PITCLE-CLEHFANNIN44-9,Harold Fannin Jr.: 9+ receptions,0.0400,0.0700,0.0700,26.82,26.82,active,2026-10-04T00:15:00Z,2026-10-01T13:50:16+00:00
KXNFLREC-26OCT01PITCLE,KXNFLREC,KXNFLREC-26OCT01PITCLE-CLEQJUDKINS10-4,Quinshon Judkins: 4+ receptions,0.1800,0.2000,0.1900,46.05,46.05,active,2026-10-04T00:15:00Z,2026-10-01T13:50:16+00:00
KXNFLREC-26OCT01PITCLE,KXNFLREC,KXNFLREC-26OCT01PITCLE-PITDWASHINGTON80-6,Darnell Washington: 6+ receptions,0.0300,0.0600,0.0000,0.00,0.00,active,2026-10-04T00:15:00Z,2026-10-01T13:50:16+00:00
KXNFLREC-26OCT01PITCLE,KXNFLREC,KXNFLREC-26OCT01PITCLE-PITGBERNARD17-4,Germie Bernard: 4+ receptions,0.0600,0.0700,0.0700,764.66,764.66,active,2026-10-04T00:15:00Z,2026-10-01T13:50:16+00:00
KXNFLREC-26OCT01PITCLE,KXNFLREC,KXNFLREC-26OCT01PITCLE-CLERSANDERS23-3,Raheim Sanders: 3+ receptions,0.3500,0.3600,0.3600,12335.67,11823.74,active,2026-10-04T00:15:00Z,2026-10-01T13:50:16+00:00
KXNFLREC-26OCT01PITCLE,KXNFLREC,KXNFLREC-26OCT01PITCLE-PITRWILSON14-5,Roman Wilson: 5+ receptions,0.0900,0.1100,0.1100,38.54,38.54,active,2026-10-04T00:15:00Z,2026-10-01T13:50:16+00:00
KXNFLREC-26OCT01PITCLE,KXNFLREC,KXNFLREC-26OCT01PITCLE-PITJWARREN30-2,Jaylen Warren: 2+ receptions,0.8300,0.8600,0.8200,128.95,128.95,active,2026-10-04T00:15:00Z,2026-10-01T13:50:16+00:00
KXNFLREC-26OCT01PITCLE,KXNFLREC,KXNFLREC-26OCT01PITCLE-CLEJJEUDY3-2,Jerry Jeudy: 2+ receptions,0.4300,0.4400,0.4400,10786.77,10725.08,active,2026-10-04T00:15:00Z,2026-10-01T13:50:16+00:00
KXNFLREC-26OCT01PITCLE,KXNFLREC,KXNFLREC-26OCT01PITCLE-PITDWASHINGTON80-4,Darnell Washington: 4+ receptions,0.1900,0.2000,0.2000,3680.27,3680.27,active,2026-10-04T00:15:00Z,2026-10-01T13:50:16+00:00
KXNFLREC-26OCT01PITCLE,KXNFLREC,KXNFLREC-26OCT01PITCLE-PITGBERNARD17-3,Germie Bernard: 3+ receptions,0.1600,0.1700,0.1700,1199.07,1199.07,active,2026-10-04T00:15:00Z,2026-10-01T13:50:16+00:00
KXNFLREC-26OCT01PITCLE,KXNFLREC,KXNFLREC-26OCT01PITCLE-PITMPITTMAN11-3,Michael Pittman Jr.: 3+ receptions,0.6400,0.6700,0.0000,0.00,0.00,active,2026-10-04T00:15:00Z,2026-10-01T13:50:16+00:00
KXNFLREC-26OCT01PITCLE,KXNFLREC,KXNFLREC-26OCT01PITCLE-CLEDBOSTON12-8,Denzel Boston: 8+ receptions,0.0100,0.0400,0.0000,0.00,0.00,active,2026-10-04T00:15:00Z,2026-10-01T13:50:16+00:00
KXNFLREC-26OCT01PITCLE,KXNFLREC,KXNFLREC-26OCT01PITCLE-CLEHFANNIN44-10,Harold Fannin Jr.: 10+ receptions,0.0200,0.0400,0.0400,23.42,23.42,active,2026-10-04T00:15:00Z,2026-10-01T13:50:16+00:00
KXNFLREC-26OCT01PITCLE,KXNFLREC,KXNFLREC-26OCT01PITCLE-PITDMETCALF4-7,DK Metcalf: 7+ receptions,0.1200,0.1400,0.1200,427.60,427.60,active,2026-10-04T00:15:00Z,2026-10-01T13:50:16+00:00
KXNFLREC-26OCT01PITCLE,KXNFLREC,KXNFLREC-26OCT01PITCLE-CLEJJEUDY3-3,Jerry Jeudy: 3+ receptions,0.1800,0.1900,0.1900,2586.45,2586.45,active,2026-10-04T00:15:00Z,2026-10-01T13:50:16+00:00
KXNFLREC-26OCT01PITCLE,KXNFLREC,KXNFLREC-26OCT01PITCLE-PITDMETCALF4-6,DK Metcalf: 6+ receptions,0.2100,0.2300,0.2100,1387.52,1298.74,active,2026-10-04T00:15:00Z,2026-10-01T13:50:16+00:00
KXNFLREC-26OCT01PITCLE,KXNFLREC,KXNFLREC-26OCT01PITCLE-CLEJJEUDY3-5,Jerry Jeudy: 5+ receptions,0.0200,0.0300,0.0400,234.25,234.25,active,2026-10-04T00:15:00Z,2026-10-01T13:50:16+00:00
KXNFLREC-26OCT01PITCLE,KXNFLREC,KXNFLREC-26OCT01PITCLE-CLEHFANNIN44-2,Harold Fannin Jr.: 2+ receptions,0.9200,0.9400,0.9200,267.82,257.34,active,2026-10-04T00:15:00Z,2026-10-01T13:50:16+00:00
KXNFLREC-26OCT01PITCLE,KXNFLREC,KXNFLREC-26OCT01PITCLE-PITJWARREN30-5,Jaylen Warren: 5+ receptions,0.2900,0.3100,0.2900,3334.82,3334.82,active,2026-10-04T00:15:00Z,2026-10-01T13:50:16+00:00
KXNFLREC-26OCT01PITCLE,KXNFLREC,KXNFLREC-26OCT01PITCLE-PITRWILSON14-6,Roman Wilson: 6+ receptions,0.0400,0.0600,0.0600,78.18,78.18,active,2026-10-04T00:15:00Z,2026-10-01T13:50:16+00:00
KXNFLREC-26OCT01PITCLE,KXNFLREC,KXNFLREC-26OCT01PITCLE-CLEHFANNIN44-7,Harold Fannin Jr.: 7+ receptions,0.1800,0.1900,0.2100,237.01,237.01,active,2026-10-04T00:15:00Z,2026-10-01T13:50:16+00:00
KXNFLREC-26OCT01PITCLE,KXNFLREC,KXNFLREC-26OCT01PITCLE-PITRWILSON14-4,Roman Wilson: 4+ receptions,0.2100,0.2200,0.2200,421.91,421.91,active,2026-10-04T00:15:00Z,2026-10-01T13:50:16+00:00
KXNFLREC-26OCT01PITCLE,KXNFLREC,KXNFLREC-26OCT01PITCLE-PITPFREIERMUTH88-4,Pat Freiermuth: 4+ receptions,0.4100,0.4200,0.4300,10376.05,10376.05,active,2026-10-04T00:15:00Z,2026-10-01T13:50:16+00:00
KXNFLREC-26OCT01PITCLE,KXNFLREC,KXNFLREC-26OCT01PITCLE-CLEHFANNIN44-3,Harold Fannin Jr.: 3+ receptions,0.7900,0.8100,0.8100,126.21,126.21,active,2026-10-04T00:15:00Z,2026-10-01T13:50:16+00:00
KXNFLREC-26OCT01PITCLE,KXNFLREC,KXNFLREC-26OCT01PITCLE-CLEHFANNIN44-6,Harold Fannin Jr.: 6+ receptions,0.3000,0.3100,0.3300,129.51,129.51,active,2026-10-04T00:15:00Z,2026-10-01T13:50:16+00:00
KXNFLREC-26OCT01PITCLE,KXNFLREC,KXNFLREC-26OCT01PITCLE-CLEDBOSTON12-2,Denzel Boston: 2+ receptions,0.7700,0.7800,0.7800,228.55,228.55,active,2026-10-04T00:15:00Z,2026-10-01T13:50:16+00:00
KXNFLREC-26OCT01PITCLE,KXNFLREC,KXNFLREC-26OCT01PITCLE-PITMPITTMAN11-9,Michael Pittman Jr.: 9+ receptions,0.0000,0.0400,0.0000,0.00,0.00,active,2026-10-04T00:15:00Z,2026-10-01T13:50:16+00:00
KXNFLREC-26OCT01PITCLE,KXNFLREC,KXNFLREC-26OCT01PITCLE-PITJWARREN30-8,Jaylen Warren: 8+ receptions,0.0300,0.0600,0.0000,0.00,0.00,active,2026-10-04T00:15:00Z,2026-10-01T13:50:16+00:00
KXNFLREC-26OCT01PITCLE,KXNFLREC,KXNFLREC-26OCT01PITCLE-CLEHFANNIN44-8,Harold Fannin Jr.: 8+ receptions,0.0900,0.1200,0.1100,109.11,109.11,active,2026-10-04T00:15:00Z,2026-10-01T13:50:16+00:00
KXNFLREC-26OCT01PITCLE,KXNFLREC,KXNFLREC-26OCT01PITCLE-PITPFREIERMUTH88-7,Pat Freiermuth: 7+ receptions,0.0600,0.0900,0.0000,0.00,0.00,active,2026-10-04T00:15:00Z,2026-10-01T13:50:16+00:00
KXNFLREC-26OCT01PITCLE,KXNFLREC,KXNFLREC-26OCT01PITCLE-CLERSANDERS23-5,Raheim Sanders: 5+ receptions,0.0700,0.0900,0.0900,238.55,238.55,active,2026-10-04T00:15:00Z,2026-10-01T13:50:16+00:00
KXNFLREC-26OCT01PITCLE,KXNFLREC,KXNFLREC-26OCT01PITCLE-PITPFREIERMUTH88-8,Pat Freiermuth: 8+ receptions,0.0200,0.0600,0.0000,0.00,0.00,active,2026-10-04T00:15:00Z,2026-10-01T13:50:16+00:00
KXNFLREC-26OCT01PITCLE,KXNFLREC,KXNFLREC-26OCT01PITCLE-PITJWARREN30-4,Jaylen Warren: 4+ receptions,0.4800,0.4900,0.4900,8885.12,8774.46,active,2026-10-04T00:15:00Z,2026-10-01T13:50:16+00:00
KXNFLREC-26OCT01PITCLE,KXNFLREC,KXNFLREC-26OCT01PITCLE-CLERSANDERS23-2,Raheim Sanders: 2+ receptions,0.5600,0.5700,0.5700,2438.07,2438.07,active,2026-10-04T00:15:00Z,2026-10-01T13:50:16+00:00
KXNFLREC-26OCT01PITCLE,KXNFLREC,KXNFLREC-26OCT01PITCLE-PITPFREIERMUTH88-6,Pat Freiermuth: 6+ receptions,0.1200,0.1500,0.1400,5752.86,5752.86,active,2026-10-04T00:15:00Z,2026-10-01T13:50:16+00:00
KXNFLREC-26OCT01PITCLE,KXNFLREC,KXNFLREC-26OCT01PITCLE-PITGBERNARD17-2,Germie Bernard: 2+ receptions,0.3700,0.3800,0.3800,285.29,285.29,active,2026-10-04T00:15:00Z,2026-10-01T13:50:16+00:00
KXNFLREC-26OCT01PITCLE,KXNFLREC,KXNFLREC-26OCT01PITCLE-PITRWILSON14-3,Roman Wilson: 3+ receptions,0.3800,0.3900,0.3900,22588.27,18663.95,active,2026-10-04T00:15:00Z,2026-10-01T13:50:16+00:00
KXNFLREC-26OCT01PITCLE,KXNFLREC,KXNFLREC-26OCT01PITCLE-PITPFREIERMUTH88-3,Pat Freiermuth: 3+ receptions,0.6100,0.6400,0.6400,156.96,156.96,active,2026-10-04T00:15:00Z,2026-10-01T13:50:16+00:00
KXNFLREC-26OCT01PITCLE,KXNFLREC,KXNFLREC-26OCT01PITCLE-PITDWASHINGTON80-2,Darnell Washington: 2+ receptions,0.5800,0.5900,0.5900,8061.29,8025.82,active,2026-10-04T00:15:00Z,2026-10-01T13:50:16+00:00
KXNFLREC-26OCT01PITCLE,KXNFLREC,KXNFLREC-26OCT01PITCLE-CLEDBOSTON12-3,Denzel Boston: 3+ receptions,0.5600,0.5700,0.5700,1659.00,1659.00,active,2026-10-04T00:15:00Z,2026-10-01T13:50:16+00:00
KXNFLREC-26OCT01PITCLE,KXNFLREC,KXNFLREC-26OCT01PITCLE-PITDMETCALF4-5,DK Metcalf: 5+ receptions,0.3400,0.3500,0.3400,206.12,206.12,active,2026-10-04T00:15:00Z,2026-10-01T13:50:16+00:00
KXNFLREC-26OCT01PITCLE,KXNFLREC,KXNFLREC-26OCT01PITCLE-PITPFREIERMUTH88-5,Pat Freiermuth: 5+ receptions,0.2500,0.2600,0.2700,66.35,66.35,active,2026-10-04T00:15:00Z,2026-10-01T13:50:16+00:00
KXNFLREC-26OCT01PITCLE,KXNFLREC,KXNFLREC-26OCT01PITCLE-PITPFREIERMUTH88-2,Pat Freiermuth: 2+ receptions,0.8100,0.8200,0.8200,1146.03,1146.03,active,2026-10-04T00:15:00Z,2026-10-01T13:50:16+00:00
KXNFLREC-26OCT01PITCLE,KXNFLREC,KXNFLREC-26OCT01PITCLE-PITDWASHINGTON80-3,Darnell Washington: 3+ receptions,0.3600,0.3700,0.3600,8395.49,8395.49,active,2026-10-04T00:15:00Z,2026-10-01T13:50:16+00:00
KXNFLREC-26OCT01PITCLE,KXNFLREC,KXNFLREC-26OCT01PITCLE-CLEDBOSTON12-4,Denzel Boston: 4+ receptions,0.3500,0.3600,0.3400,218.14,218.14,active,2026-10-04T00:15:00Z,2026-10-01T13:50:16+00:00
KXNFLREC-26OCT01PITCLE,KXNFLREC,KXNFLREC-26OCT01PITCLE-CLEQJUDKINS10-5,Quinshon Judkins: 5+ receptions,0.0800,0.1000,0.0000,0.00,0.00,active,2026-10-04T00:15:00Z,2026-10-01T13:50:16+00:00
KXNFLREC-26OCT01PITCLE,KXNFLREC,KXNFLREC-26OCT01PITCLE-CLEQJUDKINS10-6,Quinshon Judkins: 6+ receptions,0.0300,0.0500,0.0500,99.64,99.64,active,2026-10-04T00:15:00Z,2026-10-01T13:50:16+00:00
KXNFLREC-26OCT01PITCLE,KXNFLREC,KXNFLREC-26OCT01PITCLE-CLEHFANNIN44-4,Harold Fannin Jr.: 4+ receptions,0.6300,0.6400,0.6700,104.92,83.55,active,2026-10-04T00:15:00Z,2026-10-01T13:50:16+00:00
KXNFLREC-26OCT01PITCLE,KXNFLREC,KXNFLREC-26OCT01PITCLE-CLEHFANNIN44-5,Harold Fannin Jr.: 5+ receptions,0.4900,0.5000,0.5000,1414.54,1414.54,active,2026-10-04T00:15:00Z,2026-10-01T13:50:16+00:00
KXNFLREC-26OCT01PITCLE,KXNFLREC,KXNFLREC-26OCT01PITCLE-CLEDBOSTON12-5,Denzel Boston: 5+ receptions,0.1800,0.2000,0.2000,367.54,367.54,active,2026-10-04T00:15:00Z,2026-10-01T13:50:16+00:00
KXNFLREC-26OCT01PITCLE,KXNFLREC,KXNFLREC-26OCT01PITCLE-PITJWARREN30-3,Jaylen Warren: 3+ receptions,0.6600,0.6900,0.7000,1375.88,1362.17,active,2026-10-04T00:15:00Z,2026-10-01T13:50:16+00:00
KXNFLREC-26OCT01PITCLE,KXNFLREC,KXNFLREC-26OCT01PITCLE-CLEQJUDKINS10-3,Quinshon Judkins: 3+ receptions,0.3900,0.4000,0.4000,4093.05,4093.05,active,2026-10-04T00:15:00Z,2026-10-01T13:50:16+00:00
KXNFLREC-26OCT01PITCLE,KXNFLREC,KXNFLREC-26OCT01PITCLE-PITDWASHINGTON80-5,Darnell Washington: 5+ receptions,0.0800,0.1000,0.1000,176.52,176.52,active,2026-10-04T00:15:00Z,2026-10-01T13:50:16+00:00
KXNFLREC-26OCT01PITCLE,KXNFLREC,KXNFLREC-26OCT01PITCLE-PITMPITTMAN11-8,Michael Pittman Jr.: 8+ receptions,0.0300,0.0600,0.0000,0.00,0.00,active,2026-10-04T00:15:00Z,2026-10-01T13:50:16+00:00
KXNFLREC-26OCT01PITCLE,KXNFLREC,KXNFLREC-26OCT01PITCLE-PITJWARREN30-7,Jaylen Warren: 7+ receptions,0.0800,0.0900,0.0900,5980.27,5980.27,active,2026-10-04T00:15:00Z,2026-10-01T13:50:16+00:00
KXNFLREC-26OCT01PITCLE,KXNFLREC,KXNFLREC-26OCT01PITCLE-PITRWILSON14-7,Roman Wilson: 7+ receptions,0.0200,0.0400,0.0000,0.00,0.00,active,2026-10-04T00:15:00Z,2026-10-01T13:50:16+00:00
KXNFLREC-26OCT01PITCLE,KXNFLREC,KXNFLREC-26OCT01PITCLE-CLEQJUDKINS10-2,Quinshon Judkins: 2+ receptions,0.6100,0.6200,0.6200,827.39,815.39,active,2026-10-04T00:15:00Z,2026-10-01T13:50:16+00:00
KXNFLREC-26OCT01PITCLE,KXNFLREC,KXNFLREC-26OCT01PITCLE-PITJWARREN30-9,Jaylen Warren: 9+ receptions,0.0200,0.0300,0.0400,1194.76,1194.76,active,2026-10-04T00:15:00Z,2026-10-01T13:50:16+00:00
KXNFLREC-26OCT01PITCLE,KXNFLREC,KXNFLREC-26OCT01PITCLE-PITDMETCALF4-3,DK Metcalf: 3+ receptions,0.7100,0.7300,0.7100,112.83,112.83,active,2026-10-04T00:15:00Z,2026-10-01T13:50:16+00:00
KXNFLRECYDS-26OCT01PITCLE,KXNFLRECYDS,KXNFLRECYDS-26OCT01PITCLE-PITMPITTMAN11-60,Michael Pittman Jr.: 60+ receiving yards,0.2000,0.2100,0.2100,1597.49,1597.49,active,2026-10-04T00:15:00Z,2026-10-01T13:50:16+00:00
KXNFLRECYDS-26OCT01PITCLE,KXNFLRECYDS,KXNFLRECYDS-26OCT01PITCLE-PITRWILSON14-60,Roman Wilson: 60+ receiving yards,0.0900,0.1000,0.1000,645.17,645.17,active,2026-10-04T00:15:00Z,2026-10-01T13:50:16+00:00
KXNFLRECYDS-26OCT01PITCLE,KXNFLRECYDS,KXNFLRECYDS-26OCT01PITCLE-PITRWILSON14-80,Roman Wilson: 80+ receiving yards,0.0200,0.0400,0.0500,1116.40,1116.40,active,2026-10-04T00:15:00Z,2026-10-01T13:50:16+00:00
KXNFLRECYDS-26OCT01PITCLE,KXNFLRECYDS,KXNFLRECYDS-26OCT01PITCLE-PITPFREIERMUTH88-80,Pat Freiermuth: 80+ receiving yards,0.0300,0.0700,0.0000,0.00,0.00,active,2026-10-04T00:15:00Z,2026-10-01T13:50:16+00:00
KXNFLRECYDS-26OCT01PITCLE,KXNFLRECYDS,KXNFLRECYDS-26OCT01PITCLE-PITMPITTMAN11-15,Michael Pittman Jr.: 15+ receiving yards,0.7700,0.7800,0.7800,2.13,2.13,active,2026-10-04T00:15:00Z,2026-10-01T13:50:16+00:00
KXNFLRECYDS-26OCT01PITCLE,KXNFLRECYDS,KXNFLRECYDS-26OCT01PITCLE-CLEHFANNIN44-100,Harold Fannin Jr.: 100+ receiving yards,0.0300,0.0600,0.0000,0.00,0.00,active,2026-10-04T00:15:00Z,2026-10-01T13:50:16+00:00
KXNFLRECYDS-26OCT01PITCLE,KXNFLRECYDS,KXNFLRECYDS-26OCT01PITCLE-CLEQJUDKINS10-40,Quinshon Judkins: 40+ receiving yards,0.0800,0.0900,0.1000,401.18,401.18,active,2026-10-04T00:15:00Z,2026-10-01T13:50:16+00:00
KXNFLRECYDS-26OCT01PITCLE,KXNFLRECYDS,KXNFLRECYDS-26OCT01PITCLE-CLEHFANNIN44-60,Harold Fannin Jr.: 60+ receiving yards,0.2600,0.2700,0.2700,1378.83,1378.83,active,2026-10-04T00:15:00Z,2026-10-01T13:50:16+00:00
KXNFLRECYDS-26OCT01PITCLE,KXNFLRECYDS,KXNFLRECYDS-26OCT01PITCLE-CLEHFANNIN44-90,Harold Fannin Jr.: 90+ receiving yards,0.0500,0.0700,0.0600,262.96,191.84,active,2026-10-04T00:15:00Z,2026-10-01T13:50:16+00:00
KXNFLRECYDS-26OCT01PITCLE,KXNFLRECYDS,KXNFLRECYDS-26OCT01PITCLE-PITDMETCALF4-25,DK Metcalf: 25+ receiving yards,0.7500,0.7600,0.7600,720.21,720.21,active,2026-10-04T00:15:00Z,2026-10-01T13:50:16+00:00
KXNFLRECYDS-26OCT01PITCLE,KXNFLRECYDS,KXNFLRECYDS-26OCT01PITCLE-PITJWARREN30-15,Jaylen Warren: 15+ receiving yards,0.7100,0.7200,0.7200,313.56,312.11,active,2026-10-04T00:15:00Z,2026-10-01T13:50:16+00:00
KXNFLRECYDS-26OCT01PITCLE,KXNFLRECYDS,KXNFLRECYDS-26OCT01PITCLE-PITRWILSON14-50,Roman Wilson: 50+ receiving yards,0.1400,0.1500,0.1500,537.78,537.78,active,2026-10-04T00:15:00Z,2026-10-01T13:50:16+00:00
KXNFLRECYDS-26OCT01PITCLE,KXNFLRECYDS,KXNFLRECYDS-26OCT01PITCLE-CLEDBOSTON12-15,Denzel Boston: 15+ receiving yards,0.7800,0.7900,0.7900,102.20,102.20,active,2026-10-04T00:15:00Z,2026-10-01T13:50:16+00:00
KXNFLRECYDS-26OCT01PITCLE,KXNFLRECYDS,KXNFLRECYDS-26OCT01PITCLE-CLERSANDERS23-40,Raheim Sanders: 40+ receiving yards,0.0900,0.1000,0.0000,0.00,0.00,active,2026-10-04T00:15:00Z,2026-10-01T13:50:16+00:00
KXNFLRECYDS-26OCT01PITCLE,KXNFLRECYDS,KXNFLRECYDS-26OCT01PITCLE-PITDWASHINGTON80-50,Darnell Washington: 50+ receiving yards,0.0900,0.1100,0.1100,2052.49,2042.20,active,2026-10-04T00:15:00Z,2026-10-01T13:50:16+00:00
KXNFLRECYDS-26OCT01PITCLE,KXNFLRECYDS,KXNFLRECYDS-26OCT01PITCLE-PITRWILSON14-25,Roman Wilson: 25+ receiving yards,0.4000,0.4100,0.4100,27257.71,23742.66,active,2026-10-04T00:15:00Z,2026-10-01T13:50:16+00:00
KXNFLRECYDS-26OCT01PITCLE,KXNFLRECYDS,KXNFLRECYDS-26OCT01PITCLE-CLEDBOSTON12-50,Denzel Boston: 50+ receiving yards,0.3500,0.3600,0.3500,2178.04,2176.64,active,2026-10-04T00:15:00Z,2026-10-01T13:50:16+00:00
KXNFLRECYDS-26OCT01PITCLE,KXNFLRECYDS,KXNFLRECYDS-26OCT01PITCLE-PITPFREIERMUTH88-60,Pat Freiermuth: 60+ receiving yards,0.1200,0.1300,0.1200,1347.46,1347.46,active,2026-10-04T00:15:00Z,2026-10-01T13:50:16+00:00
KXNFLRECYDS-26OCT01PITCLE,KXNFLRECYDS,KXNFLRECYDS-26OCT01PITCLE-PITMPITTMAN11-90,Michael Pittman Jr.: 90+ receiving yards,0.0500,0.0600,0.0600,2814.51,2794.33,active,2026-10-04T00:15:00Z,2026-10-01T13:50:16+00:00
KXNFLRECYDS-26OCT01PITCLE,KXNFLRECYDS,KXNFLRECYDS-26OCT01PITCLE-PITDWASHINGTON80-25,Darnell Washington: 25+ receiving yards,0.3600,0.3700,0.3500,1554.20,1551.07,active,2026-10-04T00:15:00Z,2026-10-01T13:50:16+00:00
KXNFLRECYDS-26OCT01PITCLE,KXNFLRECYDS,KXNFLRECYDS-26OCT01PITCLE-CLEHFANNIN44-25,Harold Fannin Jr.: 25+ receiving yards,0.7300,0.7400,0.7400,939.51,939.51,active,2026-10-04T00:15:00Z,2026-10-01T13:50:16+00:00
KXNFLRECYDS-26OCT01PITCLE,KXNFLRECYDS,KXNFLRECYDS-26OCT01PITCLE-CLEJJEUDY3-25,Jerry Jeudy: 25+ receiving yards,0.3000,0.3100,0.3100,4745.47,4745.47,active,2026-10-04T00:15:00Z,2026-10-01T13:50:16+00:00
KXNFLRECYDS-26OCT01PITCLE,KXNFLRECYDS,KXNFLRECYDS-26OCT01PITCLE-CLEQJUDKINS10-15,Quinshon Judkins: 15+ receiving yards,0.4200,0.4300,0.4500,1575.09,1484.61,active,2026-10-04T00:15:00Z,2026-10-01T13:50:16+00:00
KXNFLRECYDS-26OCT01PITCLE,KXNFLRECYDS,KXNFLRECYDS-26OCT01PITCLE-PITGBERNARD17-15,Germie Bernard: 15+ receiving yards,0.3800,0.3900,0.3900,48.20,48.20,active,2026-10-04T00:15:00Z,2026-10-01T13:50:16+00:00
KXNFLRECYDS-26OCT01PITCLE,KXNFLRECYDS,KXNFLRECYDS-26OCT01PITCLE-PITRWILSON14-15,Roman Wilson: 15+ receiving yards,0.6000,0.6100,0.6100,2389.28,2389.28,active,2026-10-04T00:15:00Z,2026-10-01T13:50:16+00:00
KXNFLRECYDS-26OCT01PITCLE,KXNFLRECYDS,KXNFLRECYDS-26OCT01PITCLE-PITDWASHINGTON80-40,Darnell Washington: 40+ receiving yards,0.1600,0.1700,0.1700,1514.46,1514.46,active,2026-10-04T00:15:00Z,2026-10-01T13:50:16+00:00
KXNFLRECYDS-26OCT01PITCLE,KXNFLRECYDS,KXNFLRECYDS-26OCT01PITCLE-PITMPITTMAN11-50,Michael Pittman Jr.: 50+ receiving yards,0.2900,0.3100,0.3000,2549.89,2549.89,active,2026-10-04T00:15:00Z,2026-10-01T13:50:16+00:00
KXNFLRECYDS-26OCT01PITCLE,KXNFLRECYDS,KXNFLRECYDS-26OCT01PITCLE-CLEJJEUDY3-50,Jerry Jeudy: 50+ receiving yards,0.0700,0.0900,0.0900,4013.63,3988.05,active,2026-10-04T00:15:00Z,2026-10-01T13:50:16+00:00
KXNFLRECYDS-26OCT01PITCLE,KXNFLRECYDS,KXNFLRECYDS-26OCT01PITCLE-CLEHFANNIN44-50,Harold Fannin Jr.: 50+ receiving yards,0.3500,0.3600,0.3600,795.35,795.35,active,2026-10-04T00:15:00Z,2026-10-01T13:50:16+00:00
KXNFLRECYDS-26OCT01PITCLE,KXNFLRECYDS,KXNFLRECYDS-26OCT01PITCLE-CLEDBOSTON12-25,Denzel Boston: 25+ receiving yards,0.6600,0.6700,0.6700,1053.72,1053.72,active,2026-10-04T00:15:00Z,2026-10-01T13:50:16+00:00
KXNFLRECYDS-26OCT01PITCLE,KXNFLRECYDS,KXNFLRECYDS-26OCT01PITCLE-PITMPITTMAN11-25,Michael Pittman Jr.: 25+ receiving yards,0.6300,0.6400,0.6400,186.42,186.42,active,2026-10-04T00:15:00Z,2026-10-01T13:50:16+00:00
KXNFLRECYDS-26OCT01PITCLE,KXNFLRECYDS,KXNFLRECYDS-26OCT01PITCLE-PITDMETCALF4-90,DK Metcalf: 90+ receiving yards,0.1200,0.1400,0.1300,2953.09,2953.09,active,2026-10-04T00:15:00Z,2026-10-01T13:50:16+00:00
KXNFLRECYDS-26OCT01PITCLE,KXNFLRECYDS,KXNFLRECYDS-26OCT01PITCLE-PITMPITTMAN11-80,Michael Pittman Jr.: 80+ receiving yards,0.0900,0.1000,0.0900,3358.11,3357.11,active,2026-10-04T00:15:00Z,2026-10-01T13:50:16+00:00
KXNFLRECYDS-26OCT01PITCLE,KXNFLRECYDS,KXNFLRECYDS-26OCT01PITCLE-PITRWILSON14-70,Roman Wilson: 70+ receiving yards,0.0400,0.0700,0.0500,263.81,223.45,active,2026-10-04T00:15:00Z,2026-10-01T13:50:16+00:00
KXNFLRECYDS-26OCT01PITCLE,KXNFLRECYDS,KXNFLRECYDS-26OCT01PITCLE-CLEDBOSTON12-100,Denzel Boston: 100+ receiving yards,0.0500,0.0600,0.0700,650.27,650.27,active,2026-10-04T00:15:00Z,2026-10-01T13:50:16+00:00
KXNFLRECYDS-26OCT01PITCLE,KXNFLRECYDS,KXNFLRECYDS-26OCT01PITCLE-CLEJJEUDY3-40,Jerry Jeudy: 40+ receiving yards,0.1300,0.1500,0.1500,2493.16,2470.16,active,2026-10-04T00:15:00Z,2026-10-01T13:50:16+00:00
KXNFLRECYDS-26OCT01PITCLE,KXNFLRECYDS,KXNFLRECYDS-26OCT01PITCLE-PITDMETCALF4-60,DK Metcalf: 60+ receiving yards,0.3300,0.3500,0.3400,3292.70,3278.83,active,2026-10-04T00:15:00Z,2026-10-01T13:50:16+00:00
KXNFLRECYDS-26OCT01PITCLE,KXNFLRECYDS,KXNFLRECYDS-26OCT01PITCLE-CLEHFANNIN44-70,Harold Fannin Jr.: 70+ receiving yards,0.1800,0.1900,0.1900,246.48,246.48,active,2026-10-04T00:15:00Z,2026-10-01T13:50:16+00:00
KXNFLRECYDS-26OCT01PITCLE,KXNFLRECYDS,KXNFLRECYDS-26OCT01PITCLE-CLEJJEUDY3-60,Jerry Jeudy: 60+ receiving yards,0.0300,0.0600,0.0500,3321.52,3321.52,active,2026-10-04T00:15:00Z,2026-10-01T13:50:16+00:00
KXNFLRECYDS-26OCT01PITCLE,KXNFLRECYDS,KXNFLRECYDS-26OCT01PITCLE-PITPFREIERMUTH88-70,Pat Freiermuth: 70+ receiving yards,0.0600,0.0700,0.1000,61.74,30.87,active,2026-10-04T00:15:00Z,2026-10-01T13:50:16+00:00
KXNFLRECYDS-26OCT01PITCLE,KXNFLRECYDS,KXNFLRECYDS-26OCT01PITCLE-PITJWARREN30-50,Jaylen Warren: 50+ receiving yards,0.1500,0.1800,0.1600,3342.08,3342.08,active,2026-10-04T00:15:00Z,2026-10-01T13:50:16+00:00
KXNFLRECYDS-26OCT01PITCLE,KXNFLRECYDS,KXNFLRECYDS-26OCT01PITCLE-CLERSANDERS23-50,Raheim Sanders: 50+ receiving yards,0.0400,0.0700,0.0700,40.76,20.38,active,2026-10-04T00:15:00Z,2026-10-01T13:50:16+00:00
KXNFLRECYDS-26OCT01PITCLE,KXNFLRECYDS,KXNFLRECYDS-26OCT01PITCLE-PITDWASHINGTON80-15,Darnell Washington: 15+ receiving yards,0.5700,0.5800,0.5800,6912.89,6771.53,active,2026-10-04T00:15:00Z,2026-10-01T13:50:16+00:00
KXNFLRECYDS-26OCT01PITCLE,KXNFLRECYDS,KXNFLRECYDS-26OCT01PITCLE-PITDMETCALF4-15,DK Metcalf: 15+ receiving yards,0.8400,0.8700,0.8600,480.64,480.64,active,2026-10-04T00:15:00Z,2026-10-01T13:50:16+00:00
KXNFLRECYDS-26OCT01PITCLE,KXNFLRECYDS,KXNFLRECYDS-26OCT01PITCLE-PITDMETCALF4-100,DK Metcalf: 100+ receiving yards,0.0800,0.0900,0.0900,9755.34,9693.60,active,2026-10-04T00:15:00Z,2026-10-01T13:50:16+00:00
KXNFLRECYDS-26OCT01PITCLE,KXNFLRECYDS,KXNFLRECYDS-26OCT01PITCLE-PITDWASHINGTON80-60,Darnell Washington: 60+ receiving yards,0.0600,0.0800,0.0600,1049.66,1048.65,active,2026-10-04T00:15:00Z,2026-10-01T13:50:16+00:00
KXNFLRECYDS-26OCT01PITCLE,KXNFLRECYDS,KXNFLRECYDS-26OCT01PITCLE-PITMPITTMAN11-100,Michael Pittman Jr.: 100+ receiving yards,0.0200,0.0500,0.0600,78.40,78.40,active,2026-10-04T00:15:00Z,2026-10-01T13:50:16+00:00
KXNFLRECYDS-26OCT01PITCLE,KXNFLRECYDS,KXNFLRECYDS-26OCT01PITCLE-CLEDBOSTON12-60,Denzel Boston: 60+ receiving yards,0.2500,0.2600,0.2600,1975.59,1974.83,active,2026-10-04T00:15:00Z,2026-10-01T13:50:16+00:00
KXNFLRECYDS-26OCT01PITCLE,KXNFLRECYDS,KXNFLRECYDS-26OCT01PITCLE-PITPFREIERMUTH88-15,Pat Freiermuth: 15+ receiving yards,0.7400,0.7500,0.7500,3.73,3.73,active,2026-10-04T00:15:00Z,2026-10-01T13:50:16+00:00
KXNFLRECYDS-26OCT01PITCLE,KXNFLRECYDS,KXNFLRECYDS-26OCT01PITCLE-PITGBERNARD17-40,Germie Bernard: 40+ receiving yards,0.0800,0.0900,0.1100,50.06,50.06,active,2026-10-04T00:15:00Z,2026-10-01T13:50:16+00:00
KXNFLRECYDS-26OCT01PITCLE,KXNFLRECYDS,KXNFLRECYDS-26OCT01PITCLE-PITPFREIERMUTH88-25,Pat Freiermuth: 25+ receiving yards,0.5700,0.5800,0.5800,3245.21,3243.59,active,2026-10-04T00:15:00Z,2026-10-01T13:50:16+00:00
KXNFLRECYDS-26OCT01PITCLE,KXNFLRECYDS,KXNFLRECYDS-26OCT01PITCLE-CLEHFANNIN44-15,Harold Fannin Jr.: 15+ receiving yards,0.8500,0.8600,0.8800,2019.09,2012.49,active,2026-10-04T00:15:00Z,2026-10-01T13:50:16+00:00
KXNFLRECYDS-26OCT01PITCLE,KXNFLRECYDS,KXNFLRECYDS-26OCT01PITCLE-CLEJJEUDY3-15,Jerry Jeudy: 15+ receiving yards,0.4700,0.4900,0.4900,2823.61,2666.88,active,2026-10-04T00:15:00Z,2026-10-01T13:50:16+00:00
KXNFLRECYDS-26OCT01PITCLE,KXNFLRECYDS,KXNFLRECYDS-26OCT01PITCLE-PITMPITTMAN11-70,Michael Pittman Jr.: 70+ receiving yards,0.1400,0.1500,0.1400,1795.35,1795.35,active,2026-10-04T00:15:00Z,2026-10-01T13:50:16+00:00
KXNFLRECYDS-26OCT01PITCLE,KXNFLRECYDS,KXNFLRECYDS-26OCT01PITCLE-CLEDBOSTON12-70,Denzel Boston: 70+ receiving yards,0.1800,0.2000,0.1900,1612.37,1611.33,active,2026-10-04T00:15:00Z,2026-10-01T13:50:16+00:00
KXNFLRECYDS-26OCT01PITCLE,KXNFLRECYDS,KXNFLRECYDS-26OCT01PITCLE-PITPFREIERMUTH88-40,Pat Freiermuth: 40+ receiving yards,0.3000,0.3200,0.3200,1574.02,1574.02,active,2026-10-04T00:15:00Z,2026-10-01T13:50:16+00:00
KXNFLRECYDS-26OCT01PITCLE,KXNFLRECYDS,KXNFLRECYDS-26OCT01PITCLE-PITJWARREN30-25,Jaylen Warren: 25+ receiving yards,0.5000,0.5100,0.5100,11837.34,11720.65,active,2026-10-04T00:15:00Z,2026-10-01T13:50:16+00:00
KXNFLRECYDS-26OCT01PITCLE,KXNFLRECYDS,KXNFLRECYDS-26OCT01PITCLE-PITDMETCALF4-40,DK Metcalf: 40+ receiving yards,0.5700,0.5800,0.5800,61490.13,61242.21,active,2026-10-04T00:15:00Z,2026-10-01T13:50:16+00:00
KXNFLRECYDS-26OCT01PITCLE,KXNFLRECYDS,KXNFLRECYDS-26OCT01PITCLE-CLEHFANNIN44-40,Harold Fannin Jr.: 40+ receiving yards,0.5100,0.5200,0.5200,3905.14,3841.38,active,2026-10-04T00:15:00Z,2026-10-01T13:50:16+00:00
KXNFLRECYDS-26OCT01PITCLE,KXNFLRECYDS,KXNFLRECYDS-26OCT01PITCLE-PITDMETCALF4-50,DK Metcalf: 50+ receiving yards,0.4500,0.4600,0.4600,21448.64,21381.62,active,2026-10-04T00:15:00Z,2026-10-01T13:50:16+00:00
KXNFLRECYDS-26OCT01PITCLE,KXNFLRECYDS,KXNFLRECYDS-26OCT01PITCLE-CLEDBOSTON12-90,Denzel Boston: 90+ receiving yards,0.0800,0.1000,0.1000,1068.03,1027.27,active,2026-10-04T00:15:00Z,2026-10-01T13:50:16+00:00
KXNFLRECYDS-26OCT01PITCLE,KXNFLRECYDS,KXNFLRECYDS-26OCT01PITCLE-PITDMETCALF4-110,DK Metcalf: 110+ receiving yards,0.0500,0.0700,0.0700,1056.15,1041.05,active,2026-10-04T00:15:00Z,2026-10-01T13:50:16+00:00
KXNFLRECYDS-26OCT01PITCLE,KXNFLRECYDS,KXNFLRECYDS-26OCT01PITCLE-CLEDBOSTON12-80,Denzel Boston: 80+ receiving yards,0.1200,0.1400,0.1300,2206.15,2206.15,active,2026-10-04T00:15:00Z,2026-10-01T13:50:16+00:00
KXNFLRECYDS-26OCT01PITCLE,KXNFLRECYDS,KXNFLRECYDS-26OCT01PITCLE-PITJWARREN30-60,Jaylen Warren: 60+ receiving yards,0.0800,0.1000,0.1000,2899.14,2899.14,active,2026-10-04T00:15:00Z,2026-10-01T13:50:16+00:00
KXNFLRECYDS-26OCT01PITCLE,KXNFLRECYDS,KXNFLRECYDS-26OCT01PITCLE-PITJWARREN30-70,Jaylen Warren: 70+ receiving yards,0.0500,0.0600,0.0500,1292.24,1292.24,active,2026-10-04T00:15:00Z,2026-10-01T13:50:16+00:00
KXNFLRECYDS-26OCT01PITCLE,KXNFLRECYDS,KXNFLRECYDS-26OCT01PITCLE-PITPFREIERMUTH88-50,Pat Freiermuth: 50+ receiving yards,0.1900,0.2000,0.2200,891.81,891.81,active,2026-10-04T00:15:00Z,2026-10-01T13:50:16+00:00
KXNFLRECYDS-26OCT01PITCLE,KXNFLRECYDS,KXNFLRECYDS-26OCT01PITCLE-PITDMETCALF4-70,DK Metcalf: 70+ receiving yards,0.2500,0.2600,0.2500,4836.16,4836.16,active,2026-10-04T00:15:00Z,2026-10-01T13:50:16+00:00
KXNFLRECYDS-26OCT01PITCLE,KXNFLRECYDS,KXNFLRECYDS-26OCT01PITCLE-CLEQJUDKINS10-25,Quinshon Judkins: 25+ receiving yards,0.2200,0.2300,0.2300,648.55,648.55,active,2026-10-04T00:15:00Z,2026-10-01T13:50:16+00:00
KXNFLRECYDS-26OCT01PITCLE,KXNFLRECYDS,KXNFLRECYDS-26OCT01PITCLE-CLEDBOSTON12-40,Denzel Boston: 40+ receiving yards,0.4700,0.4800,0.4800,12024.11,11750.53,active,2026-10-04T00:15:00Z,2026-10-01T13:50:16+00:00
KXNFLRECYDS-26OCT01PITCLE,KXNFLRECYDS,KXNFLRECYDS-26OCT01PITCLE-PITDMETCALF4-80,DK Metcalf: 80+ receiving yards,0.1700,0.1800,0.1700,8484.68,8483.68,active,2026-10-04T00:15:00Z,2026-10-01T13:50:16+00:00
KXNFLRECYDS-26OCT01PITCLE,KXNFLRECYDS,KXNFLRECYDS-26OCT01PITCLE-CLEQJUDKINS10-50,Quinshon Judkins: 50+ receiving yards,0.0500,0.0600,0.0700,61.74,30.87,active,2026-10-04T00:15:00Z,2026-10-01T13:50:16+00:00
KXNFLRECYDS-26OCT01PITCLE,KXNFLRECYDS,KXNFLRECYDS-26OCT01PITCLE-PITGBERNARD17-50,Germie Bernard: 50+ receiving yards,0.0400,0.0600,0.0000,0.00,0.00,active,2026-10-04T00:15:00Z,2026-10-01T13:50:16+00:00
KXNFLRECYDS-26OCT01PITCLE,KXNFLRECYDS,KXNFLRECYDS-26OCT01PITCLE-CLEHFANNIN44-80,Harold Fannin Jr.: 80+ receiving yards,0.1000,0.1100,0.1300,43.50,43.50,active,2026-10-04T00:15:00Z,2026-10-01T13:50:16+00:00
KXNFLRECYDS-26OCT01PITCLE,KXNFLRECYDS,KXNFLRECYDS-26OCT01PITCLE-CLEDBOSTON12-110,Denzel Boston: 110+ receiving yards,0.0300,0.0400,0.0400,166.38,161.38,active,2026-10-04T00:15:00Z,2026-10-01T13:50:16+00:00
KXNFLRECYDS-26OCT01PITCLE,KXNFLRECYDS,KXNFLRECYDS-26OCT01PITCLE-CLERSANDERS23-25,Raheim Sanders: 25+ receiving yards,0.2400,0.2500,0.2500,1177.62,1177.62,active,2026-10-04T00:15:00Z,2026-10-01T13:50:16+00:00
KXNFLRECYDS-26OCT01PITCLE,KXNFLRECYDS,KXNFLRECYDS-26OCT01PITCLE-PITGBERNARD17-25,Germie Bernard: 25+ receiving yards,0.1900,0.2100,0.2100,152.71,152.71,active,2026-10-04T00:15:00Z,2026-10-01T13:50:16+00:00
KXNFLRECYDS-26OCT01PITCLE,KXNFLRECYDS,KXNFLRECYDS-26OCT01PITCLE-PITMPITTMAN11-40,Michael Pittman Jr.: 40+ receiving yards,0.4000,0.4100,0.4100,717.95,717.95,active,2026-10-04T00:15:00Z,2026-10-01T13:50:16+00:00
KXNFLRECYDS-26OCT01PITCLE,KXNFLRECYDS,KXNFLRECYDS-26OCT01PITCLE-PITJWARREN30-40,Jaylen Warren: 40+ receiving yards,0.2700,0.2800,0.2700,3827.93,3827.93,active,2026-10-04T00:15:00Z,2026-10-01T13:50:16+00:00
KXNFLRECYDS-26OCT01PITCLE,KXNFLRECYDS,KXNFLRECYDS-26OCT01PITCLE-CLERSANDERS23-15,Raheim Sanders: 15+ receiving yards,0.4300,0.4400,0.4300,5933.42,5933.42,active,2026-10-04T00:15:00Z,2026-10-01T13:50:16+00:00
KXNFLRECYDS-26OCT01PITCLE,KXNFLRECYDS,KXNFLRECYDS-26OCT01PITCLE-PITRWILSON14-40,Roman Wilson: 40+ receiving yards,0.2200,0.2300,0.2300,1265.73,1265.73,active,2026-10-04T00:15:00Z,2026-10-01T13:50:16+00:00
KXNFLRECYDS-26OCT04ARINYG,KXNFLRECYDS,KXNFLRECYDS-26OCT04ARINYG-ARIMWILSON14-130,Michael Wilson: 130+ receiving yards,0.0300,0.0600,0.0000,0.00,0.00,active,2026-10-06T17:00:00Z,2026-10-01T13:50:16+00:00
KXNFLRECYDS-26OCT04ARINYG,KXNFLRECYDS,KXNFLRECYDS-26OCT04ARINYG-NYGILIKELY9-100,Isaiah Likely: 100+ receiving yards,0.0300,0.0800,0.0000,0.00,0.00,active,2026-10-06T17:00:00Z,2026-10-01T13:50:16+00:00
KXNFLRECYDS-26OCT04ARINYG,KXNFLRECYDS,KXNFLRECYDS-26OCT04ARINYG-ARIKBOURNE17-70,Kendrick Bourne: 70+ receiving yards,0.0300,0.0700,0.0000,0.00,0.00,active,2026-10-06T17:00:00Z,2026-10-01T13:50:16+00:00
KXNFLRECYDS-26OCT04ARINYG,KXNFLRECYDS,KXNFLRECYDS-26OCT04ARINYG-ARITMCBRIDE85-140,Trey McBride: 140+ receiving yards,0.0300,0.0600,0.0000,0.00,0.00,active,2026-10-06T17:00:00Z,2026-10-01T13:50:16+00:00
KXNFLRECYDS-26OCT04ARINYG,KXNFLRECYDS,KXNFLRECYDS-26OCT04ARINYG-NYGDMOONEY17-70,Darnell Mooney: 70+ receiving yards,0.0300,0.0900,0.0000,0.00,0.00,active,2026-10-06T17:00:00Z,2026-10-01T13:50:16+00:00
KXNFLRECYDS-26OCT04ARINYG,KXNFLRECYDS,KXNFLRECYDS-26OCT04ARINYG-ARIMWILSON14-120,Michael Wilson: 120+ receiving yards,0.0300,0.0900,0.0000,0.00,0.00,active,2026-10-06T17:00:00Z,2026-10-01T13:50:16+00:00
KXNFLRECYDS-26OCT04ARINYG,KXNFLRECYDS,KXNFLRECYDS-26OCT04ARINYG-NYGILIKELY9-90,Isaiah Likely: 90+ receiving yards,0.0400,0.1000,0.0000,0.00,0.00,active,2026-10-06T17:00:00Z,2026-10-01T13:50:16+00:00
KXNFLRECYDS-26OCT04ARINYG,KXNFLRECYDS,KXNFLRECYDS-26OCT04ARINYG-NYGMFIELDS88-80,Malachi Fields: 80+ receiving yards,0.0300,0.0800,0.0000,0.00,0.00,active,2026-10-06T17:00:00Z,2026-10-01T13:50:16+00:00
KXNFLRECYDS-26OCT04ARINYG,KXNFLRECYDS,KXNFLRECYDS-26OCT04ARINYG-ARITMCBRIDE85-90,Trey McBride: 90+ receiving yards,0.2600,0.2900,0.0000,0.00,0.00,active,2026-10-06T17:00:00Z,2026-10-01T13:50:16+00:00
KXNFLRECYDS-26OCT04ARINYG,KXNFLRECYDS,KXNFLRECYDS-26OCT04ARINYG-NYGMNABERS1-70,Malik Nabers: 70+ receiving yards,0.3200,0.3600,0.0000,0.00,0.00,active,2026-10-06T17:00:00Z,2026-10-01T13:50:16+00:00
KXNFLRECYDS-26OCT04ARINYG,KXNFLRECYDS,KXNFLRECYDS-26OCT04ARINYG-ARITMCBRIDE85-80,Trey McBride: 80+ receiving yards,0.3500,0.3800,0.3800,5.54,5.54,active,2026-10-06T17:00:00Z,2026-10-01T13:50:16+00:00
KXNFLRECYDS-26OCT04ARINYG,KXNFLRECYDS,KXNFLRECYDS-26OCT04ARINYG-ARITMCBRIDE85-130,Trey McBride: 130+ receiving yards,0.0300,0.0900,0.0000,0.00,0.00,active,2026-10-06T17:00:00Z,2026-10-01T13:50:16+00:00
KXNFLRECYDS-26OCT04ARINYG,KXNFLRECYDS,KXNFLRECYDS-26OCT04ARINYG-NYGMNABERS1-130,Malik Nabers: 130+ receiving yards,0.0300,0.0600,0.0000,0.00,0.00,active,2026-10-06T17:00:00Z,2026-10-01T13:50:16+00:00
KXNFLRECYDS-26OCT04ARINYG,KXNFLRECYDS,KXNFLRECYDS-26OCT04ARINYG-ARIJLOVE4-50,Jeremiyah Love: 50+ receiving yards,0.0500,0.0900,0.0000,0.00,0.00,active,2026-10-06T17:00:00Z,2026-10-01T13:50:16+00:00
KXNFLRECYDS-26OCT04ARINYG,KXNFLRECYDS,KXNFLRECYDS-26OCT04ARINYG-ARIMHARRISON18-80,Marvin Harrison Jr.: 80+ receiving yards,0.0700,0.1100,0.0000,0.00,0.00,active,2026-10-06T17:00:00Z,2026-10-01T13:50:16+00:00
KXNFLRECYDS-26OCT04ARINYG,KXNFLRECYDS,KXNFLRECYDS-26OCT04ARINYG-NYGILIKELY9-40,Isaiah Likely: 40+ receiving yards,0.4900,0.5300,0.5300,772.63,772.63,active,2026-10-06T17:00:00Z,2026-10-01T13:50:16+00:00
KXNFLRECYDS-26OCT04ARINYG,KXNFLRECYDS,KXNFLRECYDS-26OCT04ARINYG-ARIKBOURNE17-60,Kendrick Bourne: 60+ receiving yards,0.0300,0.1000,0.0000,0.00,0.00,active,2026-10-06T17:00:00Z,2026-10-01T13:50:16+00:00
KXNFLRECYDS-26OCT04ARINYG,KXNFLRECYDS,KXNFLRECYDS-26OCT04ARINYG-ARITMCBRIDE85-40,Trey McBride: 40+ receiving yards,0.7800,0.8100,0.7700,391.00,391.00,active,2026-10-06T17:00:00Z,2026-10-01T13:50:16+00:00
KXNFLRECYDS-26OCT04ARINYG,KXNFLRECYDS,KXNFLRECYDS-26OCT04ARINYG-NYGDMOONEY17-25,Darnell Mooney: 25+ receiving yards,0.3000,0.4400,0.0000,0.00,0.00,active,2026-10-06T17:00:00Z,2026-10-01T13:50:16+00:00
KXNFLRECYDS-26OCT04ARINYG,KXNFLRECYDS,KXNFLRECYDS-26OCT04ARINYG-NYGCSKATTEBO44-70,Cam Skattebo: 70+ receiving yards,0.0200,0.0800,0.0000,0.00,0.00,active,2026-10-06T17:00:00Z,2026-10-01T13:50:16+00:00
KXNFLRECYDS-26OCT04ARINYG,KXNFLRECYDS,KXNFLRECYDS-26OCT04ARINYG-ARIMWILSON14-80,Michael Wilson: 80+ receiving yards,0.2700,0.3000,0.3000,18.00,18.00,active,2026-10-06T17:00:00Z,2026-10-01T13:50:16+00:00
KXNFLRECYDS-26OCT04ARINYG,KXNFLRECYDS,KXNFLRECYDS-26OCT04ARINYG-ARIMWILSON14-25,Michael Wilson: 25+ receiving yards,0.8300,0.8700,0.0000,0.00,0.00,active,2026-10-06T17:00:00Z,2026-10-01T13:50:16+00:00
KXNFLRECYDS-26OCT04ARINYG,KXNFLRECYDS,KXNFLRECYDS-26OCT04ARINYG-ARIMHARRISON18-40,Marvin Harrison Jr.: 40+ receiving yards,0.4000,0.4300,0.0000,0.00,0.00,active,2026-10-06T17:00:00Z,2026-10-01T13:50:16+00:00
KXNFLRECYDS-26OCT04ARINYG,KXNFLRECYDS,KXNFLRECYDS-26OCT04ARINYG-NYGCSKATTEBO44-15,Cam Skattebo: 15+ receiving yards,0.5300,0.5900,0.0000,0.00,0.00,active,2026-10-06T17:00:00Z,2026-10-01T13:50:16+00:00
KXNFLRECYDS-26OCT04ARINYG,KXNFLRECYDS,KXNFLRECYDS-26OCT04ARINYG-ARIMWILSON14-100,Michael Wilson: 100+ receiving yards,0.1200,0.1700,0.0000,0.00,0.00,active,2026-10-06T17:00:00Z,2026-10-01T13:50:16+00:00
KXNFLRECYDS-26OCT04ARINYG,KXNFLRECYDS,KXNFLRECYDS-26OCT04ARINYG-NYGILIKELY9-15,Isaiah Likely: 15+ receiving yards,0.7900,0.8600,0.0000,0.00,0.00,active,2026-10-06T17:00:00Z,2026-10-01T13:50:16+00:00
KXNFLRECYDS-26OCT04ARINYG,KXNFLRECYDS,KXNFLRECYDS-26OCT04ARINYG-NYGCSKATTEBO44-60,Cam Skattebo: 60+ receiving yards,0.0300,0.1000,0.0000,0.00,0.00,active,2026-10-06T17:00:00Z,2026-10-01T13:50:16+00:00
KXNFLRECYDS-26OCT04ARINYG,KXNFLRECYDS,KXNFLRECYDS-26OCT04ARINYG-NYGMNABERS1-40,Malik Nabers: 40+ receiving yards,0.6200,0.6900,0.0000,0.00,0.00,active,2026-10-06T17:00:00Z,2026-10-01T13:50:16+00:00
KXNFLRECYDS-26OCT04ARINYG,KXNFLRECYDS,KXNFLRECYDS-26OCT04ARINYG-ARIJLOVE4-15,Jeremiyah Love: 15+ receiving yards,0.5100,0.5200,0.5200,92.00,92.00,active,2026-10-06T17:00:00Z,2026-10-01T13:50:16+00:00
KXNFLRECYDS-26OCT04ARINYG,KXNFLRECYDS,KXNFLRECYDS-26OCT04ARINYG-ARIMHARRISON18-90,Marvin Harrison Jr.: 90+ receiving yards,0.0400,0.1000,0.0000,0.00,0.00,active,2026-10-06T17:00:00Z,2026-10-01T13:50:16+00:00
KXNFLRECYDS-26OCT04ARINYG,KXNFLRECYDS,KXNFLRECYDS-26OCT04ARINYG-ARITMCBRIDE85-100,Trey McBride: 100+ receiving yards,0.1800,0.2200,0.0000,0.00,0.00,active,2026-10-06T17:00:00Z,2026-10-01T13:50:16+00:00
KXNFLRECYDS-26OCT04ARINYG,KXNFLRECYDS,KXNFLRECYDS-26OCT04ARINYG-ARIMHARRISON18-60,Marvin Harrison Jr.: 60+ receiving yards,0.2100,0.2300,0.2000,28.00,28.00,active,2026-10-06T17:00:00Z,2026-10-01T13:50:16+00:00
KXNFLRECYDS-26OCT04ARINYG,KXNFLRECYDS,KXNFLRECYDS-26OCT04ARINYG-NYGDMOONEY17-60,Darnell Mooney: 60+ receiving yards,0.0500,0.1200,0.0000,0.00,0.00,active,2026-10-06T17:00:00Z,2026-10-01T13:50:16+00:00
KXNFLRECYDS-26OCT04ARINYG,KXNFLRECYDS,KXNFLRECYDS-26OCT04ARINYG-NYGMFIELDS88-70,Malachi Fields: 70+ receiving yards,0.0400,0.1100,0.0000,0.00,0.00,active,2026-10-06T17:00:00Z,2026-10-01T13:50:16+00:00
KXNFLRECYDS-26OCT04ARINYG,KXNFLRECYDS,KXNFLRECYDS-26OCT04ARINYG-ARIMWILSON14-110,Michael Wilson: 110+ receiving yards,0.0500,0.1200,0.0000,0.00,0.00,active,2026-10-06T17:00:00Z,2026-10-01T13:50:16+00:00
KXNFLRECYDS-26OCT04ARINYG,KXNFLRECYDS,KXNFLRECYDS-26OCT04ARINYG-NYGILIKELY9-110,Isaiah Likely: 110+ receiving yards,0.0200,0.0700,0.0000,0.00,0.00,active,2026-10-06T17:00:00Z,2026-10-01T13:50:16+00:00
KXNFLRECYDS-26OCT04ARINYG,KXNFLRECYDS,KXNFLRECYDS-26OCT04ARINYG-NYGILIKELY9-70,Isaiah Likely: 70+ receiving yards,0.1300,0.2000,0.0000,0.00,0.00,active,2026-10-06T17:00:00Z,2026-10-01T13:50:16+00:00
KXNFLRECYDS-26OCT04ARINYG,KXNFLRECYDS,KXNFLRECYDS-26OCT04ARINYG-ARITMCBRIDE85-110,Trey McBride: 110+ receiving yards,0.0800,0.1700,0.0000,0.00,0.00,active,2026-10-06T17:00:00Z,2026-10-01T13:50:16+00:00
KXNFLRECYDS-26OCT04ARINYG,KXNFLRECYDS,KXNFLRECYDS-26OCT04ARINYG-NYGILIKELY9-80,Isaiah Likely: 80+ receiving yards,0.0700,0.1400,0.0000,0.00,0.00,active,2026-10-06T17:00:00Z,2026-10-01T13:50:16+00:00
KXNFLRECYDS-26OCT04ARINYG,KXNFLRECYDS,KXNFLRECYDS-26OCT04ARINYG-ARIKBOURNE17-25,Kendrick Bourne: 25+ receiving yards,0.2900,0.4300,0.0000,0.00,0.00,active,2026-10-06T17:00:00Z,2026-10-01T13:50:16+00:00
KXNFLRECYDS-26OCT04ARINYG,KXNFLRECYDS,KXNFLRECYDS-26OCT04ARINYG-NYGMNABERS1-110,Malik Nabers: 110+ receiving yards,0.0400,0.1200,0.0000,0.00,0.00,active,2026-10-06T17:00:00Z,2026-10-01T13:50:16+00:00
KXNFLRECYDS-26OCT04ARINYG,KXNFLRECYDS,KXNFLRECYDS-26OCT04ARINYG-NYGMNABERS1-100,Malik Nabers: 100+ receiving yards,0.0700,0.1500,0.0000,0.00,0.00,active,2026-10-06T17:00:00Z,2026-10-01T13:50:16+00:00
KXNFLRECYDS-26OCT04ARINYG,KXNFLRECYDS,KXNFLRECYDS-26OCT04ARINYG-NYGCSKATTEBO44-25,Cam Skattebo: 25+ receiving yards,0.3400,0.3800,0.0000,0.00,0.00,active,2026-10-06T17:00:00Z,2026-10-01T13:50:16+00:00
KXNFLRECYDS-26OCT04ARINYG,KXNFLRECYDS,KXNFLRECYDS-26OCT04ARINYG-NYGDMOONEY17-40,Darnell Mooney: 40+ receiving yards,0.1800,0.2600,0.0000,0.00,0.00,active,2026-10-06T17:00:00Z,2026-10-01T13:50:16+00:00
KXNFLRECYDS-26OCT04ARINYG,KXNFLRECYDS,KXNFLRECYDS-26OCT04ARINYG-ARIKBOURNE17-40,Kendrick Bourne: 40+ receiving yards,0.0900,0.2400,0.0000,0.00,0.00,active,2026-10-06T17:00:00Z,2026-10-01T13:50:16+00:00
KXNFLRECYDS-26OCT04ARINYG,KXNFLRECYDS,KXNFLRECYDS-26OCT04ARINYG-NYGMFIELDS88-40,Malachi Fields: 40+ receiving yards,0.2700,0.3100,0.0000,0.00,0.00,active,2026-10-06T17:00:00Z,2026-10-01T13:50:16+00:00
KXNFLRECYDS-26OCT04ARINYG,KXNFLRECYDS,KXNFLRECYDS-26OCT04ARINYG-NYGMNABERS1-80,Malik Nabers: 80+ receiving yards,0.2400,0.2700,0.0000,0.00,0.00,active,2026-10-06T17:00:00Z,2026-10-01T13:50:16+00:00
KXNFLRECYDS-26OCT04ARINYG,KXNFLRECYDS,KXNFLRECYDS-26OCT04ARINYG-ARIMWILSON14-40,Michael Wilson: 40+ receiving yards,0.6800,0.7200,0.6800,18.00,18.00,active,2026-10-06T17:00:00Z,2026-10-01T13:50:16+00:00
KXNFLRECYDS-26OCT04ARINYG,KXNFLRECYDS,KXNFLRECYDS-26OCT04ARINYG-NYGILIKELY9-60,Isaiah Likely: 60+ receiving yards,0.2500,0.2800,0.0000,0.00,0.00,active,2026-10-06T17:00:00Z,2026-10-01T13:50:16+00:00
KXNFLRECYDS-26OCT04ARINYG,KXNFLRECYDS,KXNFLRECYDS-26OCT04ARINYG-NYGCSKATTEBO44-40,Cam Skattebo: 40+ receiving yards,0.1500,0.1900,0.0000,0.00,0.00,active,2026-10-06T17:00:00Z,2026-10-01T13:50:16+00:00
KXNFLRECYDS-26OCT04ARINYG,KXNFLRECYDS,KXNFLRECYDS-26OCT04ARINYG-ARIJLOVE4-40,Jeremiyah Love: 40+ receiving yards,0.1100,0.1400,0.0000,0.00,0.00,active,2026-10-06T17:00:00Z,2026-10-01T13:50:16+00:00
KXNFLRECYDS-26OCT04ARINYG,KXNFLRECYDS,KXNFLRECYDS-26OCT04ARINYG-NYGMFIELDS88-60,Malachi Fields: 60+ receiving yards,0.0900,0.1500,0.1100,5.00,5.00,active,2026-10-06T17:00:00Z,2026-10-01T13:50:16+00:00
KXNFLRECYDS-26OCT04ARINYG,KXNFLRECYDS,KXNFLRECYDS-26OCT04ARINYG-NYGMNABERS1-120,Malik Nabers: 120+ receiving yards,0.0300,0.1000,0.0000,0.00,0.00,active,2026-10-06T17:00:00Z,2026-10-01T13:50:16+00:00
KXNFLRECYDS-26OCT04ARINYG,KXNFLRECYDS,KXNFLRECYDS-26OCT04ARINYG-NYGCSKATTEBO44-50,Cam Skattebo: 50+ receiving yards,0.0500,0.1200,0.0000,0.00,0.00,active,2026-10-06T17:00:00Z,2026-10-01T13:50:16+00:00
KXNFLRECYDS-26OCT04ARINYG,KXNFLRECYDS,KXNFLRECYDS-26OCT04ARINYG-ARITMCBRIDE85-120,Trey McBride: 120+ receiving yards,0.0400,0.1200,0.0000,0.00,0.00,active,2026-10-06T17:00:00Z,2026-10-01T13:50:16+00:00
KXNFLRECYDS-26OCT04ARINYG,KXNFLRECYDS,KXNFLRECYDS-26OCT04ARINYG-NYGILIKELY9-50,Isaiah Likely: 50+ receiving yards,0.3500,0.3900,0.3800,25.22,25.22,active,2026-10-06T17:00:00Z,2026-10-01T13:50:16+00:00
KXNFLRECYDS-26OCT04ARINYG,KXNFLRECYDS,KXNFLRECYDS-26OCT04ARINYG-ARIJLOVE4-60,Jeremiyah Love: 60+ receiving yards,0.0200,0.0700,0.0000,0.00,0.00,active,2026-10-06T17:00:00Z,2026-10-01T13:50:16+00:00
KXNFLRECYDS-26OCT04ARINYG,KXNFLRECYDS,KXNFLRECYDS-26OCT04ARINYG-NYGMNABERS1-60,Malik Nabers: 60+ receiving yards,0.4200,0.4600,0.4500,23.10,23.10,active,2026-10-06T17:00:00Z,2026-10-01T13:50:16+00:00
KXNFLRECYDS-26OCT04ARINYG,KXNFLRECYDS,KXNFLRECYDS-26OCT04ARINYG-ARIMWILSON14-70,Michael Wilson: 70+ receiving yards,0.3600,0.3900,0.0000,0.00,0.00,active,2026-10-06T17:00:00Z,2026-10-01T13:50:16+00:00
KXNFLRECYDS-26OCT04ARINYG,KXNFLRECYDS,KXNFLRECYDS-26OCT04ARINYG-NYGDMOONEY17-80,Darnell Mooney: 80+ receiving yards,0.0300,0.0700,0.0000,0.00,0.00,active,2026-10-06T17:00:00Z,2026-10-01T13:50:16+00:00
KXNFLRECYDS-26OCT04ARINYG,KXNFLRECYDS,KXNFLRECYDS-26OCT04ARINYG-ARIMHARRISON18-50,Marvin Harrison Jr.: 50+ receiving yards,0.2900,0.3300,0.3100,39.00,39.00,active,2026-10-06T17:00:00Z,2026-10-01T13:50:16+00:00
KXNFLRECYDS-26OCT04ARINYG,KXNFLRECYDS,KXNFLRECYDS-26OCT04ARINYG-NYGMNABERS1-25,Malik Nabers: 25+ receiving yards,0.7500,0.8400,0.0000,0.00,0.00,active,2026-10-06T17:00:00Z,2026-10-01T13:50:16+00:00
KXNFLRECYDS-26OCT04ARINYG,KXNFLRECYDS,KXNFLRECYDS-26OCT04ARINYG-ARITMCBRIDE85-50,Trey McBride: 50+ receiving yards,0.6800,0.7200,0.7200,402.07,402.07,active,2026-10-06T17:00:00Z,2026-10-01T13:50:16+00:00
KXNFLRECYDS-26OCT04ARINYG,KXNFLRECYDS,KXNFLRECYDS-26OCT04ARINYG-ARIMHARRISON18-25,Marvin Harrison Jr.: 25+ receiving yards,0.6100,0.6400,0.6000,26.82,26.82,active,2026-10-06T17:00:00Z,2026-10-01T13:50:16+00:00
KXNFLRECYDS-26OCT04ARINYG,KXNFLRECYDS,KXNFLRECYDS-26OCT04ARINYG-ARIJLOVE4-25,Jeremiyah Love: 25+ receiving yards,0.2500,0.3100,0.0000,0.00,0.00,active,2026-10-06T17:00:00Z,2026-10-01T13:50:16+00:00
KXNFLRECYDS-26OCT04ARINYG,KXNFLRECYDS,KXNFLRECYDS-26OCT04ARINYG-ARIMHARRISON18-70,Marvin Harrison Jr.: 70+ receiving yards,0.1200,0.1500,0.1400,35.00,35.00,active,2026-10-06T17:00:00Z,2026-10-01T13:50:16+00:00
KXNFLRECYDS-26OCT04ARINYG,KXNFLRECYDS,KXNFLRECYDS-26OCT04ARINYG-ARIMWILSON14-60,Michael Wilson: 60+ receiving yards,0.4600,0.4900,0.4900,85.34,85.34,active,2026-10-06T17:00:00Z,2026-10-01T13:50:16+00:00
KXNFLRECYDS-26OCT04ARINYG,KXNFLRECYDS,KXNFLRECYDS-26OCT04ARINYG-NYGMFIELDS88-25,Malachi Fields: 25+ receiving yards,0.4600,0.5000,0.5000,8.00,8.00,active,2026-10-06T17:00:00Z,2026-10-01T13:50:16+00:00
KXNFLRECYDS-26OCT04ARINYG,KXNFLRECYDS,KXNFLRECYDS-26OCT04ARINYG-NYGMNABERS1-90,Malik Nabers: 90+ receiving yards,0.1200,0.2100,0.0000,0.00,0.00,active,2026-10-06T17:00:00Z,2026-10-01T13:50:16+00:00
KXNFLRECYDS-26OCT04ARINYG,KXNFLRECYDS,KXNFLRECYDS-26OCT04ARINYG-ARITMCBRIDE85-60,Trey McBride: 60+ receiving yards,0.5700,0.6100,0.0000,0.00,0.00,active,2026-10-06T17:00:00Z,2026-10-01T13:50:16+00:00
KXNFLRECYDS-26OCT04ARINYG,KXNFLRECYDS,KXNFLRECYDS-26OCT04ARINYG-NYGILIKELY9-25,Isaiah Likely: 25+ receiving yards,0.6700,0.7400,0.0000,0.00,0.00,active,2026-10-06T17:00:00Z,2026-10-01T13:50:16+00:00
KXNFLRECYDS-26OCT04ARINYG,KXNFLRECYDS,KXNFLRECYDS-26OCT04ARINYG-NYGMFIELDS88-50,Malachi Fields: 50+ receiving yards,0.1400,0.2300,0.0000,0.00,0.00,active,2026-10-06T17:00:00Z,2026-10-01T13:50:16+00:00
KXNFLRECYDS-26OCT04ARINYG,KXNFLRECYDS,KXNFLRECYDS-26OCT04ARINYG-NYGMNABERS1-50,Malik Nabers: 50+ receiving yards,0.5200,0.5700,0.5700,25.57,25.57,active,2026-10-06T17:00:00Z,2026-10-01T13:50:16+00:00
KXNFLRECYDS-26OCT04ARINYG,KXNFLRECYDS,KXNFLRECYDS-26OCT04ARINYG-ARITMCBRIDE85-70,Trey McBride: 70+ receiving yards,0.4500,0.5000,0.5000,9.66,9.66,active,2026-10-06T17:00:00Z,2026-10-01T13:50:16+00:00
KXNFLRECYDS-26OCT04ARINYG,KXNFLRECYDS,KXNFLRECYDS-26OCT04ARINYG-NYGDMOONEY17-50,Darnell Mooney: 50+ receiving yards,0.1100,0.1800,0.0000,0.00,0.00,active,2026-10-06T17:00:00Z,2026-10-01T13:50:16+00:00
KXNFLRECYDS-26OCT04ARINYG,KXNFLRECYDS,KXNFLRECYDS-26OCT04ARINYG-ARIKBOURNE17-15,Kendrick Bourne: 15+ receiving yards,0.5500,0.6300,0.0000,0.00,0.00,active,2026-10-06T17:00:00Z,2026-10-01T13:50:16+00:00
KXNFLRECYDS-26OCT04ARINYG,KXNFLRECYDS,KXNFLRECYDS-26OCT04ARINYG-NYGDMOONEY17-15,Darnell Mooney: 15+ receiving yards,0.5400,0.6300,0.0000,0.00,0.00,active,2026-10-06T17:00:00Z,2026-10-01T13:50:16+00:00
KXNFLRECYDS-26OCT04ARINYG,KXNFLRECYDS,KXNFLRECYDS-26OCT04ARINYG-ARIKBOURNE17-50,Kendrick Bourne: 50+ receiving yards,0.0900,0.1500,0.1500,314.61,314.61,active,2026-10-06T17:00:00Z,2026-10-01T13:50:16+00:00
KXNFLRECYDS-26OCT04ARINYG,KXNFLRECYDS,KXNFLRECYDS-26OCT04ARINYG-NYGMFIELDS88-15,Malachi Fields: 15+ receiving yards,0.6200,0.6700,0.0000,0.00,0.00,active,2026-10-06T17:00:00Z,2026-10-01T13:50:16+00:00
KXNFLRECYDS-26OCT04ARINYG,KXNFLRECYDS,KXNFLRECYDS-26OCT04ARINYG-NYGMFIELDS88-90,Malachi Fields: 90+ receiving yards,0.0200,0.0600,0.0000,0.00,0.00,active,2026-10-06T17:00:00Z,2026-10-01T13:50:16+00:00
KXNFLRECYDS-26OCT04ARINYG,KXNFLRECYDS,KXNFLRECYDS-26OCT04ARINYG-ARIMWILSON14-90,Michael Wilson: 90+ receiving yards,0.1900,0.2200,0.0000,0.00,0.00,active,2026-10-06T17:00:00Z,2026-10-01T13:50:16+00:00
KXNFLRECYDS-26OCT04ARINYG,KXNFLRECYDS,KXNFLRECYDS-26OCT04ARINYG-ARIMWILSON14-50,Michael Wilson: 50+ receiving yards,0.5700,0.6100,0.0000,0.00,0.00,active,2026-10-06T17:00:00Z,2026-10-01T13:50:16+00:00
KXNFLRECYDS-26OCT04ARINYG,KXNFLRECYDS,KXNFLRECYDS-26OCT04ARINYG-ARIMHARRISON18-15,Marvin Harrison Jr.: 15+ receiving yards,0.7500,0.7900,0.0000,0.00,0.00,active,2026-10-06T17:00:00Z,2026-10-01T13:50:16+00:00
KXNFLRECYDS-26OCT04DALHOU,KXNFLRECYDS,KXNFLRECYDS-26OCT04DALHOU-DALGPICKENS3-70,George Pickens: 70+ receiving yards,0.4700,0.5000,0.5000,6.94,6.94,active,2026-10-06T17:00:00Z,2026-10-01T13:50:16+00:00
KXNFLRECYDS-26OCT04DALHOU,KXNFLRECYDS,KXNFLRECYDS-26OCT04DALHOU-DALRFLOURNOY19-100,Ryan Flournoy: 100+ receiving yards,0.0200,0.0500,0.0000,0.00,0.00,active,2026-10-06T17:00:00Z,2026-10-01T13:50:16+00:00
KXNFLRECYDS-26OCT04DALHOU,KXNFLRECYDS,KXNFLRECYDS-26OCT04DALHOU-HOUDSCHULTZ86-50,Dalton Schultz: 50+ receiving yards,0.4200,0.4300,0.4300,1.00,1.00,active,2026-10-06T17:00:00Z,2026-10-01T13:50:16+00:00
KXNFLRECYDS-26OCT04DALHOU,KXNFLRECYDS,KXNFLRECYDS-26OCT04DALHOU-DALGPICKENS3-150,George Pickens: 150+ receiving yards,0.0300,0.0900,0.0000,0.00,0.00,active,2026-10-06T17:00:00Z,2026-10-01T13:50:16+00:00
KXNFLRECYDS-26OCT04DALHOU,KXNFLRECYDS,KXNFLRECYDS-26OCT04DALHOU-HOUDSCHULTZ86-110,Dalton Schultz: 110+ receiving yards,0.0300,0.0800,0.0000,0.00,0.00,active,2026-10-06T17:00:00Z,2026-10-01T13:50:16+00:00
KXNFLRECYDS-26OCT04DALHOU,KXNFLRECYDS,KXNFLRECYDS-26OCT04DALHOU-DALJWILLIAMS33-50,Javonte Williams: 50+ receiving yards,0.0300,0.0700,0.0700,40.23,40.23,active,2026-10-06T17:00:00Z,2026-10-01T13:50:16+00:00
KXNFLRECYDS-26OCT04DALHOU,KXNFLRECYDS,KXNFLRECYDS-26OCT04DALHOU-DALJFERGUSON87-80,Jake Ferguson: 80+ receiving yards,0.0200,0.0700,0.0000,0.00,0.00,active,2026-10-06T17:00:00Z,2026-10-01T13:50:16+00:00
KXNFLRECYDS-26OCT04DALHOU,KXNFLRECYDS,KXNFLRECYDS-26OCT04DALHOU-HOUKBOUTTE14-80,Kayshon Boutte: 80+ receiving yards,0.0300,0.0800,0.0000,0.00,0.00,active,2026-10-06T17:00:00Z,2026-10-01T13:50:16+00:00
KXNFLRECYDS-26OCT04DALHOU,KXNFLRECYDS,KXNFLRECYDS-26OCT04DALHOU-HOUDSCHULTZ86-100,Dalton Schultz: 100+ receiving yards,0.0300,0.0900,0.0000,0.00,0.00,active,2026-10-06T17:00:00Z,2026-10-01T13:50:16+00:00
KXNFLRECYDS-26OCT04DALHOU,KXNFLRECYDS,KXNFLRECYDS-26OCT04DALHOU-HOUDSCHULTZ86-80,Dalton Schultz: 80+ receiving yards,0.0900,0.1500,0.0000,0.00,0.00,active,2026-10-06T17:00:00Z,2026-10-01T13:50:16+00:00
KXNFLRECYDS-26OCT04DALHOU,KXNFLRECYDS,KXNFLRECYDS-26OCT04DALHOU-DALJFERGUSON87-50,Jake Ferguson: 50+ receiving yards,0.1300,0.1500,0.0000,0.00,0.00,active,2026-10-06T17:00:00Z,2026-10-01T13:50:16+00:00
KXNFLRECYDS-26OCT04DALHOU,KXNFLRECYDS,KXNFLRECYDS-26OCT04DALHOU-HOUDSCHULTZ86-120,Dalton Schultz: 120+ receiving yards,0.0200,0.0700,0.0000,0.00,0.00,active,2026-10-06T17:00:00Z,2026-10-01T13:50:16+00:00
KXNFLRECYDS-26OCT04DALHOU,KXNFLRECYDS,KXNFLRECYDS-26OCT04DALHOU-HOUDMONTGOMERY32-60,David Montgomery: 60+ receiving yards,0.0200,0.0700,0.0000,0.00,0.00,active,2026-10-06T17:00:00Z,2026-10-01T13:50:16+00:00
KXNFLRECYDS-26OCT04DALHOU,KXNFLRECYDS,KXNFLRECYDS-26OCT04DALHOU-DALRFLOURNOY19-90,Ryan Flournoy: 90+ receiving yards,0.0300,0.0700,0.0000,0.00,0.00,active,2026-10-06T17:00:00Z,2026-10-01T13:50:16+00:00
KXNFLRECYDS-26OCT04DALHOU,KXNFLRECYDS,KXNFLRECYDS-26OCT04DALHOU-HOUKBOUTTE14-15,Kayshon Boutte: 15+ receiving yards,0.6300,0.6800,0.0000,0.00,0.00,active,2026-10-06T17:00:00Z,2026-10-01T13:50:16+00:00
KXNFLRECYDS-26OCT04DALHOU,KXNFLRECYDS,KXNFLRECYDS-26OCT04DALHOU-DALRFLOURNOY19-15,Ryan Flournoy: 15+ receiving yards,0.7600,0.8000,0.0000,0.00,0.00,active,2026-10-06T17:00:00Z,2026-10-01T13:50:16+00:00
KXNFLRECYDS-26OCT04DALHOU,KXNFLRECYDS,KXNFLRECYDS-26OCT04DALHOU-DALGPICKENS3-130,George Pickens: 130+ receiving yards,0.0300,0.1200,0.0000,0.00,0.00,active,2026-10-06T17:00:00Z,2026-10-01T13:50:16+00:00
KXNFLRECYDS-26OCT04DALHOU,KXNFLRECYDS,KXNFLRECYDS-26OCT04DALHOU-HOUJNOEL13-40,Jaylin Noel: 40+ receiving yards,0.1100,0.1400,0.1300,12.00,12.00,active,2026-10-06T17:00:00Z,2026-10-01T13:50:16+00:00
KXNFLRECYDS-26OCT04DALHOU,KXNFLRECYDS,KXNFLRECYDS-26OCT04DALHOU-HOUDMONTGOMERY32-15,David Montgomery: 15+ receiving yards,0.3700,0.4100,0.4100,1.00,1.00,active,2026-10-06T17:00:00Z,2026-10-01T13:50:16+00:00
KXNFLRECYDS-26OCT04DALHOU,KXNFLRECYDS,KXNFLRECYDS-26OCT04DALHOU-DALGPICKENS3-110,George Pickens: 110+ receiving yards,0.1200,0.2000,0.0000,0.00,0.00,active,2026-10-06T17:00:00Z,2026-10-01T13:50:16+00:00
KXNFLRECYDS-26OCT04DALHOU,KXNFLRECYDS,KXNFLRECYDS-26OCT04DALHOU-DALCLAMB88-140,CeeDee Lamb: 140+ receiving yards,0.0500,0.1100,0.1100,17.11,17.11,active,2026-10-06T17:00:00Z,2026-10-01T13:50:16+00:00
KXNFLRECYDS-26OCT04DALHOU,KXNFLRECYDS,KXNFLRECYDS-26OCT04DALHOU-DALCLAMB88-160,CeeDee Lamb: 160+ receiving yards,0.0300,0.0800,0.0000,0.00,0.00,active,2026-10-06T17:00:00Z,2026-10-01T13:50:16+00:00
KXNFLRECYDS-26OCT04DALHOU,KXNFLRECYDS,KXNFLRECYDS-26OCT04DALHOU-DALGPICKENS3-60,George Pickens: 60+ receiving yards,0.5600,0.6000,0.0000,0.00,0.00,active,2026-10-06T17:00:00Z,2026-10-01T13:50:16+00:00
KXNFLRECYDS-26OCT04DALHOU,KXNFLRECYDS,KXNFLRECYDS-26OCT04DALHOU-DALJFERGUSON87-70,Jake Ferguson: 70+ receiving yards,0.0300,0.0700,0.0000,0.00,0.00,active,2026-10-06T17:00:00Z,2026-10-01T13:50:16+00:00
KXNFLRECYDS-26OCT04DALHOU,KXNFLRECYDS,KXNFLRECYDS-26OCT04DALHOU-HOUXHUTCHINSON19-90,Xavier Hutchinson: 90+ receiving yards,0.0200,0.0700,0.0000,0.00,0.00,active,2026-10-06T17:00:00Z,2026-10-01T13:50:16+00:00
KXNFLRECYDS-26OCT04DALHOU,KXNFLRECYDS,KXNFLRECYDS-26OCT04DALHOU-DALGPICKENS3-120,George Pickens: 120+ receiving yards,0.0600,0.1500,0.0000,0.00,0.00,active,2026-10-06T17:00:00Z,2026-10-01T13:50:16+00:00
KXNFLRECYDS-26OCT04DALHOU,KXNFLRECYDS,KXNFLRECYDS-26OCT04DALHOU-HOUJNOEL13-60,Jaylin Noel: 60+ receiving yards,0.0300,0.0700,0.0000,0.00,0.00,active,2026-10-06T17:00:00Z,2026-10-01T13:50:16+00:00
KXNFLRECYDS-26OCT04DALHOU,KXNFLRECYDS,KXNFLRECYDS-26OCT04DALHOU-DALGPICKENS3-100,George Pickens: 100+ receiving yards,0.2300,0.2600,0.0000,0.00,0.00,active,2026-10-06T17:00:00Z,2026-10-01T13:50:16+00:00
KXNFLRECYDS-26OCT04DALHOU,KXNFLRECYDS,KXNFLRECYDS-26OCT04DALHOU-DALRFLOURNOY19-50,Ryan Flournoy: 50+ receiving yards,0.2700,0.3000,0.0000,0.00,0.00,active,2026-10-06T17:00:00Z,2026-10-01T13:50:16+00:00
KXNFLRECYDS-26OCT04DALHOU,KXNFLRECYDS,KXNFLRECYDS-26OCT04DALHOU-DALRFLOURNOY19-25,Ryan Flournoy: 25+ receiving yards,0.6200,0.6600,0.0000,0.00,0.00,active,2026-10-06T17:00:00Z,2026-10-01T13:50:16+00:00
KXNFLRECYDS-26OCT04DALHOU,KXNFLRECYDS,KXNFLRECYDS-26OCT04DALHOU-DALJWILLIAMS33-25,Javonte Williams: 25+ receiving yards,0.2400,0.2700,0.2400,11.60,11.60,active,2026-10-06T17:00:00Z,2026-10-01T13:50:16+00:00
KXNFLRECYDS-26OCT04DALHOU,KXNFLRECYDS,KXNFLRECYDS-26OCT04DALHOU-HOUJNOEL13-50,Jaylin Noel: 50+ receiving yards,0.0400,0.1100,0.0000,0.00,0.00,active,2026-10-06T17:00:00Z,2026-10-01T13:50:16+00:00
KXNFLRECYDS-26OCT04DALHOU,KXNFLRECYDS,KXNFLRECYDS-26OCT04DALHOU-DALJFERGUSON87-15,Jake Ferguson: 15+ receiving yards,0.6800,0.7200,0.0000,0.00,0.00,active,2026-10-06T17:00:00Z,2026-10-01T13:50:16+00:00
KXNFLRECYDS-26OCT04DALHOU,KXNFLRECYDS,KXNFLRECYDS-26OCT04DALHOU-HOUXHUTCHINSON19-60,Xavier Hutchinson: 60+ receiving yards,0.1000,0.1700,0.0000,0.00,0.00,active,2026-10-06T17:00:00Z,2026-10-01T13:50:16+00:00
KXNFLRECYDS-26OCT04DALHOU,KXNFLRECYDS,KXNFLRECYDS-26OCT04DALHOU-HOUWMARKS4-40,Woody Marks: 40+ receiving yards,0.0300,0.1000,0.0800,23.48,23.48,active,2026-10-06T17:00:00Z,2026-10-01T13:50:16+00:00
KXNFLRECYDS-26OCT04DALHOU,KXNFLRECYDS,KXNFLRECYDS-26OCT04DALHOU-DALCLAMB88-40,CeeDee Lamb: 40+ receiving yards,0.7600,0.8400,0.8400,6.01,6.01,active,2026-10-06T17:00:00Z,2026-10-01T13:50:16+00:00
KXNFLRECYDS-26OCT04DALHOU,KXNFLRECYDS,KXNFLRECYDS-26OCT04DALHOU-DALGPICKENS3-80,George Pickens: 80+ receiving yards,0.3700,0.4000,0.4000,2.39,2.39,active,2026-10-06T17:00:00Z,2026-10-01T13:50:16+00:00
KXNFLRECYDS-26OCT04DALHOU,KXNFLRECYDS,KXNFLRECYDS-26OCT04DALHOU-DALRFLOURNOY19-40,Ryan Flournoy: 40+ receiving yards,0.3900,0.4200,0.4200,21.09,21.09,active,2026-10-06T17:00:00Z,2026-10-01T13:50:16+00:00
KXNFLRECYDS-26OCT04DALHOU,KXNFLRECYDS,KXNFLRECYDS-26OCT04DALHOU-HOUXHUTCHINSON19-80,Xavier Hutchinson: 80+ receiving yards,0.0300,0.1000,0.0000,0.00,0.00,active,2026-10-06T17:00:00Z,2026-10-01T13:50:16+00:00
KXNFLRECYDS-26OCT04DALHOU,KXNFLRECYDS,KXNFLRECYDS-26OCT04DALHOU-DALJWILLIAMS33-40,Javonte Williams: 40+ receiving yards,0.0400,0.1200,0.0000,0.00,0.00,active,2026-10-06T17:00:00Z,2026-10-01T13:50:16+00:00
KXNFLRECYDS-26OCT04DALHOU,KXNFLRECYDS,KXNFLRECYDS-26OCT04DALHOU-HOUDMONTGOMERY32-40,David Montgomery: 40+ receiving yards,0.0400,0.1000,0.0000,0.00,0.00,active,2026-10-06T17:00:00Z,2026-10-01T13:50:16+00:00
KXNFLRECYDS-26OCT04DALHOU,KXNFLRECYDS,KXNFLRECYDS-26OCT04DALHOU-HOUXHUTCHINSON19-70,Xavier Hutchinson: 70+ receiving yards,0.0500,0.1200,0.0000,0.00,0.00,active,2026-10-06T17:00:00Z,2026-10-01T13:50:16+00:00
KXNFLRECYDS-26OCT04DALHOU,KXNFLRECYDS,KXNFLRECYDS-26OCT04DALHOU-HOUXHUTCHINSON19-25,Xavier Hutchinson: 25+ receiving yards,0.4900,0.5500,0.5600,18.00,18.00,active,2026-10-06T17:00:00Z,2026-10-01T13:50:16+00:00
KXNFLRECYDS-26OCT04DALHOU,KXNFLRECYDS,KXNFLRECYDS-26OCT04DALHOU-DALJFERGUSON87-40,Jake Ferguson: 40+ receiving yards,0.2400,0.2500,0.2500,3.80,3.80,active,2026-10-06T17:00:00Z,2026-10-01T13:50:16+00:00
KXNFLRECYDS-26OCT04DALHOU,KXNFLRECYDS,KXNFLRECYDS-26OCT04DALHOU-HOUDSCHULTZ86-90,Dalton Schultz: 90+ receiving yards,0.0500,0.1100,0.0000,0.00,0.00,active,2026-10-06T17:00:00Z,2026-10-01T13:50:16+00:00
KXNFLRECYDS-26OCT04DALHOU,KXNFLRECYDS,KXNFLRECYDS-26OCT04DALHOU-DALCLAMB88-130,CeeDee Lamb: 130+ receiving yards,0.0800,0.1400,0.1500,12.58,12.58,active,2026-10-06T17:00:00Z,2026-10-01T13:50:16+00:00
KXNFLRECYDS-26OCT04DALHOU,KXNFLRECYDS,KXNFLRECYDS-26OCT04DALHOU-DALCLAMB88-100,CeeDee Lamb: 100+ receiving yards,0.2800,0.3200,0.3100,24.41,24.41,active,2026-10-06T17:00:00Z,2026-10-01T13:50:16+00:00
KXNFLRECYDS-26OCT04DALHOU,KXNFLRECYDS,KXNFLRECYDS-26OCT04DALHOU-DALCLAMB88-90,CeeDee Lamb: 90+ receiving yards,0.3500,0.4000,0.4000,726.76,726.76,active,2026-10-06T17:00:00Z,2026-10-01T13:50:16+00:00
KXNFLRECYDS-26OCT04DALHOU,KXNFLRECYDS,KXNFLRECYDS-26OCT04DALHOU-HOUWMARKS4-25,Woody Marks: 25+ receiving yards,0.1600,0.1900,0.1800,72.29,72.29,active,2026-10-06T17:00:00Z,2026-10-01T13:50:16+00:00
KXNFLRECYDS-26OCT04DALHOU,KXNFLRECYDS,KXNFLRECYDS-26OCT04DALHOU-HOUDSCHULTZ86-60,Dalton Schultz: 60+ receiving yards,0.3000,0.3100,0.3400,80.86,80.86,active,2026-10-06T17:00:00Z,2026-10-01T13:50:16+00:00
KXNFLRECYDS-26OCT04DALHOU,KXNFLRECYDS,KXNFLRECYDS-26OCT04DALHOU-HOUWMARKS4-15,Woody Marks: 15+ receiving yards,0.3100,0.3800,0.3000,23.66,23.66,active,2026-10-06T17:00:00Z,2026-10-01T13:50:16+00:00
KXNFLRECYDS-26OCT04DALHOU,KXNFLRECYDS,KXNFLRECYDS-26OCT04DALHOU-HOUDSCHULTZ86-40,Dalton Schultz: 40+ receiving yards,0.5300,0.5700,0.0000,0.00,0.00,active,2026-10-06T17:00:00Z,2026-10-01T13:50:16+00:00
KXNFLRECYDS-26OCT04DALHOU,KXNFLRECYDS,KXNFLRECYDS-26OCT04DALHOU-HOUKBOUTTE14-25,Kayshon Boutte: 25+ receiving yards,0.4900,0.5100,0.5100,479.11,479.11,active,2026-10-06T17:00:00Z,2026-10-01T13:50:16+00:00
KXNFLRECYDS-26OCT04DALHOU,KXNFLRECYDS,KXNFLRECYDS-26OCT04DALHOU-HOUDMONTGOMERY32-25,David Montgomery: 25+ receiving yards,0.2000,0.2400,0.0000,0.00,0.00,active,2026-10-06T17:00:00Z,2026-10-01T13:50:16+00:00
KXNFLRECYDS-26OCT04DALHOU,KXNFLRECYDS,KXNFLRECYDS-26OCT04DALHOU-HOUXHUTCHINSON19-15,Xavier Hutchinson: 15+ receiving yards,0.6800,0.7400,0.0000,0.00,0.00,active,2026-10-06T17:00:00Z,2026-10-01T13:50:16+00:00
KXNFLRECYDS-26OCT04DALHOU,KXNFLRECYDS,KXNFLRECYDS-26OCT04DALHOU-HOUJNOEL13-15,Jaylin Noel: 15+ receiving yards,0.4000,0.4500,0.0000,0.00,0.00,active,2026-10-06T17:00:00Z,2026-10-01T13:50:16+00:00
KXNFLRECYDS-26OCT04DALHOU,KXNFLRECYDS,KXNFLRECYDS-26OCT04DALHOU-DALRFLOURNOY19-80,Ryan Flournoy: 80+ receiving yards,0.0300,0.1000,0.0000,0.00,0.00,active,2026-10-06T17:00:00Z,2026-10-01T13:50:16+00:00
KXNFLRECYDS-26OCT04DALHOU,KXNFLRECYDS,KXNFLRECYDS-26OCT04DALHOU-DALCLAMB88-80,CeeDee Lamb: 80+ receiving yards,0.4500,0.5000,0.4900,273.17,273.17,active,2026-10-06T17:00:00Z,2026-10-01T13:50:16+00:00
KXNFLRECYDS-26OCT04DALHOU,KXNFLRECYDS,KXNFLRECYDS-26OCT04DALHOU-HOUXHUTCHINSON19-40,Xavier Hutchinson: 40+ receiving yards,0.3400,0.3600,0.0000,0.00,0.00,active,2026-10-06T17:00:00Z,2026-10-01T13:50:16+00:00
KXNFLRECYDS-26OCT04DALHOU,KXNFLRECYDS,KXNFLRECYDS-26OCT04DALHOU-HOUKBOUTTE14-50,Kayshon Boutte: 50+ receiving yards,0.1900,0.2200,0.0000,0.00,0.00,active,2026-10-06T17:00:00Z,2026-10-01T13:50:16+00:00
KXNFLRECYDS-26OCT04DALHOU,KXNFLRECYDS,KXNFLRECYDS-26OCT04DALHOU-DALJFERGUSON87-25,Jake Ferguson: 25+ receiving yards,0.4800,0.5000,0.5100,25.73,25.73,active,2026-10-06T17:00:00Z,2026-10-01T13:50:16+00:00
KXNFLRECYDS-26OCT04DALHOU,KXNFLRECYDS,KXNFLRECYDS-26OCT04DALHOU-DALGPICKENS3-140,George Pickens: 140+ receiving yards,0.0300,0.0900,0.0000,0.00,0.00,active,2026-10-06T17:00:00Z,2026-10-01T13:50:16+00:00
KXNFLRECYDS-26OCT04DALHOU,KXNFLRECYDS,KXNFLRECYDS-26OCT04DALHOU-DALJFERGUSON87-60,Jake Ferguson: 60+ receiving yards,0.0400,0.1000,0.0000,0.00,0.00,active,2026-10-06T17:00:00Z,2026-10-01T13:50:16+00:00
KXNFLRECYDS-26OCT04DALHOU,KXNFLRECYDS,KXNFLRECYDS-26OCT04DALHOU-HOUKBOUTTE14-40,Kayshon Boutte: 40+ receiving yards,0.2800,0.3100,0.0000,0.00,0.00,active,2026-10-06T17:00:00Z,2026-10-01T13:50:16+00:00
KXNFLRECYDS-26OCT04DALHOU,KXNFLRECYDS,KXNFLRECYDS-26OCT04DALHOU-HOUWMARKS4-50,Woody Marks: 50+ receiving yards,0.0300,0.0700,0.0500,56.25,56.25,active,2026-10-06T17:00:00Z,2026-10-01T13:50:16+00:00
KXNFLRECYDS-26OCT04DALHOU,KXNFLRECYDS,KXNFLRECYDS-26OCT04DALHOU-DALGPICKENS3-90,George Pickens: 90+ receiving yards,0.2900,0.3200,0.0000,0.00,0.00,active,2026-10-06T17:00:00Z,2026-10-01T13:50:16+00:00
KXNFLRECYDS-26OCT04DALHOU,KXNFLRECYDS,KXNFLRECYDS-26OCT04DALHOU-DALRFLOURNOY19-60,Ryan Flournoy: 60+ receiving yards,0.1300,0.2100,0.1900,4.00,4.00,active,2026-10-06T17:00:00Z,2026-10-01T13:50:16+00:00
KXNFLRECYDS-26OCT04DALHOU,KXNFLRECYDS,KXNFLRECYDS-26OCT04DALHOU-DALRFLOURNOY19-70,Ryan Flournoy: 70+ receiving yards,0.0700,0.1500,0.1200,405.23,403.23,active,2026-10-06T17:00:00Z,2026-10-01T13:50:16+00:00
KXNFLRECYDS-26OCT04DALHOU,KXNFLRECYDS,KXNFLRECYDS-26OCT04DALHOU-DALCLAMB88-60,CeeDee Lamb: 60+ receiving yards,0.6400,0.6800,0.0000,0.00,0.00,active,2026-10-06T17:00:00Z,2026-10-01T13:50:16+00:00
KXNFLRECYDS-26OCT04DALHOU,KXNFLRECYDS,KXNFLRECYDS-26OCT04DALHOU-HOUDSCHULTZ86-70,Dalton Schultz: 70+ receiving yards,0.2200,0.2300,0.2200,1.00,1.00,active,2026-10-06T17:00:00Z,2026-10-01T13:50:16+00:00
KXNFLRECYDS-26OCT04DALHOU,KXNFLRECYDS,KXNFLRECYDS-26OCT04DALHOU-DALGPICKENS3-50,George Pickens: 50+ receiving yards,0.6600,0.7000,0.0000,0.00,0.00,active,2026-10-06T17:00:00Z,2026-10-01T13:50:16+00:00
KXNFLRECYDS-26OCT04DALHOU,KXNFLRECYDS,KXNFLRECYDS-26OCT04DALHOU-DALCLAMB88-70,CeeDee Lamb: 70+ receiving yards,0.5400,0.5800,0.0000,0.00,0.00,active,2026-10-06T17:00:00Z,2026-10-01T13:50:16+00:00
KXNFLRECYDS-26OCT04DALHOU,KXNFLRECYDS,KXNFLRECYDS-26OCT04DALHOU-HOUJNOEL13-25,Jaylin Noel: 25+ receiving yards,0.2500,0.3000,0.0000,0.00,0.00,active,2026-10-06T17:00:00Z,2026-10-01T13:50:16+00:00
KXNFLRECYDS-26OCT04DALHOU,KXNFLRECYDS,KXNFLRECYDS-26OCT04DALHOU-DALCLAMB88-110,CeeDee Lamb: 110+ receiving yards,0.1900,0.2500,0.2500,7.60,7.60,active,2026-10-06T17:00:00Z,2026-10-01T13:50:16+00:00
KXNFLRECYDS-26OCT04DALHOU,KXNFLRECYDS,KXNFLRECYDS-26OCT04DALHOU-DALCLAMB88-120,CeeDee Lamb: 120+ receiving yards,0.1300,0.1800,0.2000,9.46,9.46,active,2026-10-06T17:00:00Z,2026-10-01T13:50:16+00:00
KXNFLRECYDS-26OCT04DALHOU,KXNFLRECYDS,KXNFLRECYDS-26OCT04DALHOU-HOUKBOUTTE14-60,Kayshon Boutte: 60+ receiving yards,0.1100,0.1400,0.1400,336.86,336.86,active,2026-10-06T17:00:00Z,2026-10-01T13:50:16+00:00
KXNFLRECYDS-26OCT04DALHOU,KXNFLRECYDS,KXNFLRECYDS-26OCT04DALHOU-DALCLAMB88-50,CeeDee Lamb: 50+ receiving yards,0.6900,0.7700,0.7600,16.69,16.69,active,2026-10-06T17:00:00Z,2026-10-01T13:50:16+00:00
KXNFLRECYDS-26OCT04DALHOU,KXNFLRECYDS,KXNFLRECYDS-26OCT04DALHOU-DALJWILLIAMS33-15,Javonte Williams: 15+ receiving yards,0.4600,0.5000,0.4500,48.59,48.59,active,2026-10-06T17:00:00Z,2026-10-01T13:50:16+00:00
KXNFLRECYDS-26OCT04DALHOU,KXNFLRECYDS,KXNFLRECYDS-26OCT04DALHOU-DALGPICKENS3-40,George Pickens: 40+ receiving yards,0.7000,0.7900,0.0000,0.00,0.00,active,2026-10-06T17:00:00Z,2026-10-01T13:50:16+00:00
KXNFLRECYDS-26OCT04DALHOU,KXNFLRECYDS,KXNFLRECYDS-26OCT04DALHOU-DALCLAMB88-150,CeeDee Lamb: 150+ receiving yards,0.0500,0.0800,0.0800,23.48,23.48,active,2026-10-06T17:00:00Z,2026-10-01T13:50:16+00:00
KXNFLRECYDS-26OCT04DALHOU,KXNFLRECYDS,KXNFLRECYDS-26OCT04DALHOU-HOUDMONTGOMERY32-50,David Montgomery: 50+ receiving yards,0.0200,0.0900,0.0000,0.00,0.00,active,2026-10-06T17:00:00Z,2026-10-01T13:50:16+00:00
KXNFLRECYDS-26OCT04DALHOU,KXNFLRECYDS,KXNFLRECYDS-26OCT04DALHOU-HOUKBOUTTE14-90,Kayshon Boutte: 90+ receiving yards,0.0300,0.0600,0.0600,252.50,252.50,active,2026-10-06T17:00:00Z,2026-10-01T13:50:16+00:00
KXNFLRECYDS-26OCT04DALHOU,KXNFLRECYDS,KXNFLRECYDS-26OCT04DALHOU-HOUXHUTCHINSON19-50,Xavier Hutchinson: 50+ receiving yards,0.2400,0.2500,0.0000,0.00,0.00,active,2026-10-06T17:00:00Z,2026-10-01T13:50:16+00:00
KXNFLRECYDS-26OCT04DALHOU,KXNFLRECYDS,KXNFLRECYDS-26OCT04DALHOU-HOUDSCHULTZ86-25,Dalton Schultz: 25+ receiving yards,0.7100,0.7700,0.0000,0.00,0.00,active,2026-10-06T17:00:00Z,2026-10-01T13:50:16+00:00
KXNFLRECYDS-26OCT04DALHOU,KXNFLRECYDS,KXNFLRECYDS-26OCT04DALHOU-HOUKBOUTTE14-70,Kayshon Boutte: 70+ receiving yards,0.0400,0.1100,0.0000,0.00,0.00,active,2026-10-06T17:00:00Z,2026-10-01T13:50:16+00:00
KXNFLRECYDS-26OCT04DENSF,KXNFLRECYDS,KXNFLRECYDS-26OCT04DENSF-DENJWADDLE17-55,Jaylen Waddle: 55+ receiving yards,0.3600,0.6600,0.0000,0.00,0.00,active,2026-10-06T20:25:00Z,2026-10-01T13:50:16+00:00
KXNFLRECYDS-26OCT04DENSF,KXNFLRECYDS,KXNFLRECYDS-26OCT04DENSF-SFGKITTLE85-160,George Kittle: 160+ receiving yards,0.0200,0.0600,0.0000,0.00,0.00,active,2026-10-06T20:25:00Z,2026-10-01T13:50:16+00:00
KXNFLRECYDS-26OCT04DENSF,KXNFLRECYDS,KXNFLRECYDS-26OCT04DENSF-SFGKITTLE85-130,George Kittle: 130+ receiving yards,0.0300,0.1100,0.0000,0.00,0.00,active,2026-10-06T20:25:00Z,2026-10-01T13:50:16+00:00
KXNFLRECYDS-26OCT04DENSF,KXNFLRECYDS,KXNFLRECYDS-26OCT04DENSF-DENCSUTTON14-25,Courtland Sutton: 25+ receiving yards,0.6600,0.7000,0.0000,0.00,0.00,active,2026-10-06T20:25:00Z,2026-10-01T13:50:16+00:00
KXNFLRECYDS-26OCT04DENSF,KXNFLRECYDS,KXNFLRECYDS-26OCT04DENSF-DENCSUTTON14-15,Courtland Sutton: 15+ receiving yards,0.7900,0.8400,0.0000,0.00,0.00,active,2026-10-06T20:25:00Z,2026-10-01T13:50:16+00:00
KXNFLRECYDS-26OCT04DENSF,KXNFLRECYDS,KXNFLRECYDS-26OCT04DENSF-DENCSUTTON14-80,Courtland Sutton: 80+ receiving yards,0.0700,0.1400,0.0000,0.00,0.00,active,2026-10-06T20:25:00Z,2026-10-01T13:50:16+00:00
KXNFLRECYDS-26OCT04DENSF,KXNFLRECYDS,KXNFLRECYDS-26OCT04DENSF-SFCMCCAFFREY23-100,Christian McCaffrey: 100+ receiving yards,0.0200,0.0700,0.0000,0.00,0.00,active,2026-10-06T20:25:00Z,2026-10-01T13:50:16+00:00
KXNFLRECYDS-26OCT04DENSF,KXNFLRECYDS,KXNFLRECYDS-26OCT04DENSF-DENEENGRAM1-50,Evan Engram: 50+ receiving yards,0.0300,0.1000,0.0000,0.00,0.00,active,2026-10-06T20:25:00Z,2026-10-01T13:50:16+00:00
KXNFLRECYDS-26OCT04DENSF,KXNFLRECYDS,KXNFLRECYDS-26OCT04DENSF-DENRHARVEY12-60,RJ Harvey: 60+ receiving yards,0.0300,0.1000,0.0000,0.00,0.00,active,2026-10-06T20:25:00Z,2026-10-01T13:50:16+00:00
KXNFLRECYDS-26OCT04DENSF,KXNFLRECYDS,KXNFLRECYDS-26OCT04DENSF-DENEENGRAM1-60,Evan Engram: 60+ receiving yards,0.0300,0.0700,0.0000,0.00,0.00,active,2026-10-06T20:25:00Z,2026-10-01T13:50:16+00:00
KXNFLRECYDS-26OCT04DENSF,KXNFLRECYDS,KXNFLRECYDS-26OCT04DENSF-SFGKITTLE85-70,George Kittle: 70+ receiving yards,0.4300,0.4700,0.4600,98.78,98.78,active,2026-10-06T20:25:00Z,2026-10-01T13:50:16+00:00
KXNFLRECYDS-26OCT04DENSF,KXNFLRECYDS,KXNFLRECYDS-26OCT04DENSF-DENCSUTTON14-60,Courtland Sutton: 60+ receiving yards,0.2500,0.2800,0.2600,1.00,1.00,active,2026-10-06T20:25:00Z,2026-10-01T13:50:16+00:00
KXNFLRECYDS-26OCT04DENSF,KXNFLRECYDS,KXNFLRECYDS-26OCT04DENSF-SFCMCCAFFREY23-40,Christian McCaffrey: 40+ receiving yards,0.4700,0.5000,0.5000,48.18,48.18,active,2026-10-06T20:25:00Z,2026-10-01T13:50:16+00:00
KXNFLRECYDS-26OCT04DENSF,KXNFLRECYDS,KXNFLRECYDS-26OCT04DENSF-SFCMCCAFFREY23-90,Christian McCaffrey: 90+ receiving yards,0.0300,0.1000,0.0000,0.00,0.00,active,2026-10-06T20:25:00Z,2026-10-01T13:50:16+00:00
KXNFLRECYDS-26OCT04DENSF,KXNFLRECYDS,KXNFLRECYDS-26OCT04DENSF-DENEENGRAM1-15,Evan Engram: 15+ receiving yards,0.5500,0.5900,0.0000,0.00,0.00,active,2026-10-06T20:25:00Z,2026-10-01T13:50:16+00:00
KXNFLRECYDS-26OCT04DENSF,KXNFLRECYDS,KXNFLRECYDS-26OCT04DENSF-DENEENGRAM1-25,Evan Engram: 25+ receiving yards,0.3300,0.3700,0.3700,13.61,13.61,active,2026-10-06T20:25:00Z,2026-10-01T13:50:16+00:00
KXNFLRECYDS-26OCT04DENSF,KXNFLRECYDS,KXNFLRECYDS-26OCT04DENSF-SFGKITTLE85-60,George Kittle: 60+ receiving yards,0.5200,0.5600,0.0000,0.00,0.00,active,2026-10-06T20:25:00Z,2026-10-01T13:50:16+00:00
KXNFLRECYDS-26OCT04DENSF,KXNFLRECYDS,KXNFLRECYDS-26OCT04DENSF-SFGKITTLE85-40,George Kittle: 40+ receiving yards,0.7300,0.7600,0.0000,0.00,0.00,active,2026-10-06T20:25:00Z,2026-10-01T13:50:16+00:00
KXNFLRECYDS-26OCT04DENSF,KXNFLRECYDS,KXNFLRECYDS-26OCT04DENSF-DENRHARVEY12-70,RJ Harvey: 70+ receiving yards,0.0200,0.0600,0.0000,0.00,0.00,active,2026-10-06T20:25:00Z,2026-10-01T13:50:16+00:00
KXNFLRECYDS-26OCT04DENSF,KXNFLRECYDS,KXNFLRECYDS-26OCT04DENSF-SFCMCCAFFREY23-110,Christian McCaffrey: 110+ receiving yards,0.0200,0.0600,0.0000,0.00,0.00,active,2026-10-06T20:25:00Z,2026-10-01T13:50:16+00:00
KXNFLRECYDS-26OCT04DENSF,KXNFLRECYDS,KXNFLRECYDS-26OCT04DENSF-SFCMCCAFFREY23-80,Christian McCaffrey: 80+ receiving yards,0.0600,0.1400,0.0000,0.00,0.00,active,2026-10-06T20:25:00Z,2026-10-01T13:50:16+00:00
KXNFLRECYDS-26OCT04DENSF,KXNFLRECYDS,KXNFLRECYDS-26OCT04DENSF-DENJWADDLE17-120,Jaylen Waddle: 120+ receiving yards,0.0500,0.0800,0.0900,31.33,31.33,active,2026-10-06T20:25:00Z,2026-10-01T13:50:16+00:00
KXNFLRECYDS-26OCT04DENSF,KXNFLRECYDS,KXNFLRECYDS-26OCT04DENSF-DENRHARVEY12-15,RJ Harvey: 15+ receiving yards,0.6300,0.6800,0.0000,0.00,0.00,active,2026-10-06T20:25:00Z,2026-10-01T13:50:16+00:00
KXNFLRECYDS-26OCT04DENSF,KXNFLRECYDS,KXNFLRECYDS-26OCT04DENSF-SFGKITTLE85-120,George Kittle: 120+ receiving yards,0.0500,0.1300,0.0000,0.00,0.00,active,2026-10-06T20:25:00Z,2026-10-01T13:50:16+00:00
KXNFLRECYDS-26OCT04DENSF,KXNFLRECYDS,KXNFLRECYDS-26OCT04DENSF-DENRHARVEY12-40,RJ Harvey: 40+ receiving yards,0.2100,0.2400,0.0000,0.00,0.00,active,2026-10-06T20:25:00Z,2026-10-01T13:50:16+00:00
KXNFLRECYDS-26OCT04DENSF,KXNFLRECYDS,KXNFLRECYDS-26OCT04DENSF-DENCSUTTON14-50,Courtland Sutton: 50+ receiving yards,0.3500,0.3800,0.3600,2.63,2.63,active,2026-10-06T20:25:00Z,2026-10-01T13:50:16+00:00
KXNFLRECYDS-26OCT04DENSF,KXNFLRECYDS,KXNFLRECYDS-26OCT04DENSF-DENJWADDLE17-110,Jaylen Waddle: 110+ receiving yards,0.0700,0.1200,0.1100,25.67,25.67,active,2026-10-06T20:25:00Z,2026-10-01T13:50:16+00:00
KXNFLRECYDS-26OCT04DENSF,KXNFLRECYDS,KXNFLRECYDS-26OCT04DENSF-SFCMCCAFFREY23-50,Christian McCaffrey: 50+ receiving yards,0.3400,0.3600,0.3700,7.75,7.75,active,2026-10-06T20:25:00Z,2026-10-01T13:50:16+00:00
KXNFLRECYDS-26OCT04DENSF,KXNFLRECYDS,KXNFLRECYDS-26OCT04DENSF-DENPBRYANT13-70,Pat Bryant: 70+ receiving yards,0.0300,0.1000,0.0000,0.00,0.00,active,2026-10-06T20:25:00Z,2026-10-01T13:50:16+00:00
KXNFLRECYDS-26OCT04DENSF,KXNFLRECYDS,KXNFLRECYDS-26OCT04DENSF-SFCMCCAFFREY23-70,Christian McCaffrey: 70+ receiving yards,0.1100,0.1900,0.0000,0.00,0.00,active,2026-10-06T20:25:00Z,2026-10-01T13:50:16+00:00
KXNFLRECYDS-26OCT04DENSF,KXNFLRECYDS,KXNFLRECYDS-26OCT04DENSF-DENCSUTTON14-40,Courtland Sutton: 40+ receiving yards,0.4800,0.5000,0.4800,10.05,10.05,active,2026-10-06T20:25:00Z,2026-10-01T13:50:16+00:00
KXNFLRECYDS-26OCT04DENSF,KXNFLRECYDS,KXNFLRECYDS-26OCT04DENSF-SFCMCCAFFREY23-60,Christian McCaffrey: 60+ receiving yards,0.2500,0.2700,0.0000,0.00,0.00,active,2026-10-06T20:25:00Z,2026-10-01T13:50:16+00:00
KXNFLRECYDS-26OCT04DENSF,KXNFLRECYDS,KXNFLRECYDS-26OCT04DENSF-DENRHARVEY12-25,RJ Harvey: 25+ receiving yards,0.4200,0.4500,0.4300,163.29,153.29,active,2026-10-06T20:25:00Z,2026-10-01T13:50:16+00:00
KXNFLRECYDS-26OCT04DENSF,KXNFLRECYDS,KXNFLRECYDS-26OCT04DENSF-SFGKITTLE85-140,George Kittle: 140+ receiving yards,0.0300,0.0900,0.0000,0.00,0.00,active,2026-10-06T20:25:00Z,2026-10-01T13:50:16+00:00
KXNFLRECYDS-26OCT04DENSF,KXNFLRECYDS,KXNFLRECYDS-26OCT04DENSF-DENRHARVEY12-50,RJ Harvey: 50+ receiving yards,0.0700,0.1500,0.0000,0.00,0.00,active,2026-10-06T20:25:00Z,2026-10-01T13:50:16+00:00
KXNFLRECYDS-26OCT04DENSF,KXNFLRECYDS,KXNFLRECYDS-26OCT04DENSF-SFGKITTLE85-150,George Kittle: 150+ receiving yards,0.0200,0.0700,0.0000,0.00,0.00,active,2026-10-06T20:25:00Z,2026-10-01T13:50:16+00:00
KXNFLRECYDS-26OCT04DENSF,KXNFLRECYDS,KXNFLRECYDS-26OCT04DENSF-DENJWADDLE17-130,Jaylen Waddle: 130+ receiving yards,0.0300,0.0700,0.0600,46.91,46.91,active,2026-10-06T20:25:00Z,2026-10-01T13:50:16+00:00
KXNFLRECYDS-26OCT04DENSF,KXNFLRECYDS,KXNFLRECYDS-26OCT04DENSF-DENPBRYANT13-50,Pat Bryant: 50+ receiving yards,0.1300,0.1800,0.1900,990.61,990.61,active,2026-10-06T20:25:00Z,2026-10-01T13:50:16+00:00
KXNFLRECYDS-26OCT04DENSF,KXNFLRECYDS,KXNFLRECYDS-26OCT04DENSF-DENCSUTTON14-70,Courtland Sutton: 70+ receiving yards,0.1500,0.1900,0.1500,260.92,260.92,active,2026-10-06T20:25:00Z,2026-10-01T13:50:16+00:00
KXNFLRECYDS-26OCT04DENSF,KXNFLRECYDS,KXNFLRECYDS-26OCT04DENSF-DENJWADDLE17-60,Jaylen Waddle: 60+ receiving yards,0.4600,0.4900,0.4800,22.10,22.10,active,2026-10-06T20:25:00Z,2026-10-01T13:50:16+00:00
KXNFLRECYDS-26OCT04DENSF,KXNFLRECYDS,KXNFLRECYDS-26OCT04DENSF-DENJWADDLE17-80,Jaylen Waddle: 80+ receiving yards,0.2800,0.3000,0.0000,0.00,0.00,active,2026-10-06T20:25:00Z,2026-10-01T13:50:16+00:00
KXNFLRECYDS-26OCT04DENSF,KXNFLRECYDS,KXNFLRECYDS-26OCT04DENSF-DENJWADDLE17-70,Jaylen Waddle: 70+ receiving yards,0.3600,0.3900,0.3800,9.47,9.47,active,2026-10-06T20:25:00Z,2026-10-01T13:50:16+00:00
KXNFLRECYDS-26OCT04DENSF,KXNFLRECYDS,KXNFLRECYDS-26OCT04DENSF-SFCMCCAFFREY23-25,Christian McCaffrey: 25+ receiving yards,0.7000,0.7300,0.7200,35.72,35.72,active,2026-10-06T20:25:00Z,2026-10-01T13:50:16+00:00
KXNFLRECYDS-26OCT04DENSF,KXNFLRECYDS,KXNFLRECYDS-26OCT04DENSF-SFGKITTLE85-110,George Kittle: 110+ receiving yards,0.1000,0.1800,0.0000,0.00,0.00,active,2026-10-06T20:25:00Z,2026-10-01T13:50:16+00:00
KXNFLRECYDS-26OCT04DENSF,KXNFLRECYDS,KXNFLRECYDS-26OCT04DENSF-DENPBRYANT13-60,Pat Bryant: 60+ receiving yards,0.0600,0.1300,0.0000,0.00,0.00,active,2026-10-06T20:25:00Z,2026-10-01T13:50:16+00:00
KXNFLRECYDS-26OCT04DENSF,KXNFLRECYDS,KXNFLRECYDS-26OCT04DENSF-DENJWADDLE17-90,Jaylen Waddle: 90+ receiving yards,0.1600,0.2200,0.2100,13.53,13.53,active,2026-10-06T20:25:00Z,2026-10-01T13:50:16+00:00
KXNFLRECYDS-26OCT04DENSF,KXNFLRECYDS,KXNFLRECYDS-26OCT04DENSF-DENJWADDLE17-100,Jaylen Waddle: 100+ receiving yards,0.1100,0.1700,0.1500,18.87,18.87,active,2026-10-06T20:25:00Z,2026-10-01T13:50:16+00:00
KXNFLRECYDS-26OCT04DENSF,KXNFLRECYDS,KXNFLRECYDS-26OCT04DENSF-DENEENGRAM1-40,Evan Engram: 40+ receiving yards,0.1300,0.1700,0.1800,526.03,526.03,active,2026-10-06T20:25:00Z,2026-10-01T13:50:16+00:00
KXNFLRECYDS-26OCT04DENSF,KXNFLRECYDS,KXNFLRECYDS-26OCT04DENSF-DENPBRYANT13-40,Pat Bryant: 40+ receiving yards,0.2600,0.2800,0.2800,3891.16,3867.16,active,2026-10-06T20:25:00Z,2026-10-01T13:50:16+00:00
KXNFLRECYDS-26OCT04DENSF,KXNFLRECYDS,KXNFLRECYDS-26OCT04DENSF-DENCSUTTON14-90,Courtland Sutton: 90+ receiving yards,0.0300,0.1000,0.0000,0.00,0.00,active,2026-10-06T20:25:00Z,2026-10-01T13:50:16+00:00
KXNFLRECYDS-26OCT04DENSF,KXNFLRECYDS,KXNFLRECYDS-26OCT04DENSF-DENJWADDLE17-25,Jaylen Waddle: 25+ receiving yards,0.7600,0.8500,0.7700,2.06,2.06,active,2026-10-06T20:25:00Z,2026-10-01T13:50:16+00:00
KXNFLRECYDS-26OCT04DENSF,KXNFLRECYDS,KXNFLRECYDS-26OCT04DENSF-DENPBRYANT13-15,Pat Bryant: 15+ receiving yards,0.6200,0.6600,0.6800,57.69,57.69,active,2026-10-06T20:25:00Z,2026-10-01T13:50:16+00:00
KXNFLRECYDS-26OCT04DENSF,KXNFLRECYDS,KXNFLRECYDS-26OCT04DENSF-DENJWADDLE17-40,Jaylen Waddle: 40+ receiving yards,0.6400,0.7100,0.0000,0.00,0.00,active,2026-10-06T20:25:00Z,2026-10-01T13:50:16+00:00
KXNFLRECYDS-26OCT04DENSF,KXNFLRECYDS,KXNFLRECYDS-26OCT04DENSF-DENJWADDLE17-50,Jaylen Waddle: 50+ receiving yards,0.5500,0.6000,0.0000,0.00,0.00,active,2026-10-06T20:25:00Z,2026-10-01T13:50:16+00:00
KXNFLRECYDS-26OCT04DENSF,KXNFLRECYDS,KXNFLRECYDS-26OCT04DENSF-DENCSUTTON14-100,Courtland Sutton: 100+ receiving yards,0.0300,0.0600,0.0700,40.23,40.23,active,2026-10-06T20:25:00Z,2026-10-01T13:50:16+00:00
KXNFLRECYDS-26OCT04DENSF,KXNFLRECYDS,KXNFLRECYDS-26OCT04DENSF-SFCMCCAFFREY23-15,Christian McCaffrey: 15+ receiving yards,0.7900,0.8600,0.0000,0.00,0.00,active,2026-10-06T20:25:00Z,2026-10-01T13:50:16+00:00
KXNFLRECYDS-26OCT04DENSF,KXNFLRECYDS,KXNFLRECYDS-26OCT04DENSF-SFGKITTLE85-50,George Kittle: 50+ receiving yards,0.6300,0.6600,0.6700,72.45,72.45,active,2026-10-06T20:25:00Z,2026-10-01T13:50:16+00:00
KXNFLRECYDS-26OCT04DENSF,KXNFLRECYDS,KXNFLRECYDS-26OCT04DENSF-DENPBRYANT13-25,Pat Bryant: 25+ receiving yards,0.4500,0.4900,0.4700,1282.06,1282.06,active,2026-10-06T20:25:00Z,2026-10-01T13:50:16+00:00
KXNFLRECYDS-26OCT04DENSF,KXNFLRECYDS,KXNFLRECYDS-26OCT04DENSF-SFGKITTLE85-80,George Kittle: 80+ receiving yards,0.3400,0.3800,0.0000,0.00,0.00,active,2026-10-06T20:25:00Z,2026-10-01T13:50:16+00:00
KXNFLRECYDS-26OCT04DENSF,KXNFLRECYDS,KXNFLRECYDS-26OCT04DENSF-SFGKITTLE85-100,George Kittle: 100+ receiving yards,0.1700,0.2300,0.0000,0.00,0.00,active,2026-10-06T20:25:00Z,2026-10-01T13:50:16+00:00
KXNFLRECYDS-26OCT04DENSF,KXNFLRECYDS,KXNFLRECYDS-26OCT04DENSF-SFGKITTLE85-90,George Kittle: 90+ receiving yards,0.2700,0.3000,0.0000,0.00,0.00,active,2026-10-06T20:25:00Z,2026-10-01T13:50:16+00:00
KXNFLRECYDS-26OCT04DETCAR,KXNFLRECYDS,KXNFLRECYDS-26OCT04DETCAR-DETJGIBBS0-90,Jahmyr Gibbs: 90+ receiving yards,0.0200,0.0700,0.0000,0.00,0.00,active,2026-10-07T00:20:00Z,2026-10-01T13:50:16+00:00
KXNFLRECYDS-26OCT04DETCAR,KXNFLRECYDS,KXNFLRECYDS-26OCT04DETCAR-DETITESLAA18-70,Isaac TeSlaa: 70+ receiving yards,0.0300,0.0800,0.0000,0.00,0.00,active,2026-10-07T00:20:00Z,2026-10-01T13:50:16+00:00
KXNFLRECYDS-26OCT04DETCAR,KXNFLRECYDS,KXNFLRECYDS-26OCT04DETCAR-CARTMCMILLAN4-180,Tetairoa McMillan: 180+ receiving yards,0.0200,0.0700,0.0000,0.00,0.00,active,2026-10-07T00:20:00Z,2026-10-01T13:50:16+00:00
KXNFLRECYDS-26OCT04DETCAR,KXNFLRECYDS,KXNFLRECYDS-26OCT04DETCAR-DETJGIBBS0-60,Jahmyr Gibbs: 60+ receiving yards,0.1900,0.2100,0.2200,29.55,29.55,active,2026-10-07T00:20:00Z,2026-10-01T13:50:16+00:00
KXNFLRECYDS-26OCT04DETCAR,KXNFLRECYDS,KXNFLRECYDS-26OCT04DETCAR-CARTMCMILLAN4-170,Tetairoa McMillan: 170+ receiving yards,0.0200,0.0700,0.0000,0.00,0.00,active,2026-10-07T00:20:00Z,2026-10-01T13:50:16+00:00
KXNFLRECYDS-26OCT04DETCAR,KXNFLRECYDS,KXNFLRECYDS-26OCT04DETCAR-DETASTBROWN14-160,Amon-Ra St. Brown: 160+ receiving yards,0.0300,0.0800,0.0000,0.00,0.00,active,2026-10-07T00:20:00Z,2026-10-01T13:50:16+00:00
KXNFLRECYDS-26OCT04DETCAR,KXNFLRECYDS,KXNFLRECYDS-26OCT04DETCAR-DETJWILLIAMS1-70,Jameson Williams: 70+ receiving yards,0.3000,0.3300,0.3300,176.37,176.37,active,2026-10-07T00:20:00Z,2026-10-01T13:50:16+00:00
KXNFLRECYDS-26OCT04DETCAR,KXNFLRECYDS,KXNFLRECYDS-26OCT04DETCAR-CARTMCMILLAN4-150,Tetairoa McMillan: 150+ receiving yards,0.0300,0.1000,0.0000,0.00,0.00,active,2026-10-07T00:20:00Z,2026-10-01T13:50:16+00:00
KXNFLRECYDS-26OCT04DETCAR,KXNFLRECYDS,KXNFLRECYDS-26OCT04DETCAR-DETSLAPORTA87-100,Sam LaPorta: 100+ receiving yards,0.0600,0.1100,0.0000,0.00,0.00,active,2026-10-07T00:20:00Z,2026-10-01T13:50:16+00:00
KXNFLRECYDS-26OCT04DETCAR,KXNFLRECYDS,KXNFLRECYDS-26OCT04DETCAR-DETASTBROWN14-150,Amon-Ra St. Brown: 150+ receiving yards,0.0300,0.1000,0.0800,117.43,117.43,active,2026-10-07T00:20:00Z,2026-10-01T13:50:16+00:00
KXNFLRECYDS-26OCT04DETCAR,KXNFLRECYDS,KXNFLRECYDS-26OCT04DETCAR-DETITESLAA18-60,Isaac TeSlaa: 60+ receiving yards,0.0400,0.1000,0.0000,0.00,0.00,active,2026-10-07T00:20:00Z,2026-10-01T13:50:16+00:00
KXNFLRECYDS-26OCT04DETCAR,KXNFLRECYDS,KXNFLRECYDS-26OCT04DETCAR-CARTMCMILLAN4-160,Tetairoa McMillan: 160+ receiving yards,0.0300,0.0900,0.0000,0.00,0.00,active,2026-10-07T00:20:00Z,2026-10-01T13:50:16+00:00
KXNFLRECYDS-26OCT04DETCAR,KXNFLRECYDS,KXNFLRECYDS-26OCT04DETCAR-CARDWALLER88-40,Darren Waller: 40+ receiving yards,0.2600,0.2700,0.0000,0.00,0.00,active,2026-10-07T00:20:00Z,2026-10-01T13:50:16+00:00
KXNFLRECYDS-26OCT04DETCAR,KXNFLRECYDS,KXNFLRECYDS-26OCT04DETCAR-CARCHUBBARD30-70,Chuba Hubbard: 70+ receiving yards,0.0200,0.0600,0.0000,0.00,0.00,active,2026-10-07T00:20:00Z,2026-10-01T13:50:16+00:00
KXNFLRECYDS-26OCT04DETCAR,KXNFLRECYDS,KXNFLRECYDS-26OCT04DETCAR-DETJWILLIAMS1-100,Jameson Williams: 100+ receiving yards,0.1100,0.1400,0.1500,18.87,18.87,active,2026-10-07T00:20:00Z,2026-10-01T13:50:16+00:00
KXNFLRECYDS-26OCT04DETCAR,KXNFLRECYDS,KXNFLRECYDS-26OCT04DETCAR-DETJWILLIAMS1-15,Jameson Williams: 15+ receiving yards,0.8700,0.8800,0.0000,0.00,0.00,active,2026-10-07T00:20:00Z,2026-10-01T13:50:16+00:00
KXNFLRECYDS-26OCT04DETCAR,KXNFLRECYDS,KXNFLRECYDS-26OCT04DETCAR-CARTMCMILLAN4-70,Tetairoa McMillan: 70+ receiving yards,0.4800,0.5000,0.5100,2416.45,2416.45,active,2026-10-07T00:20:00Z,2026-10-01T13:50:16+00:00
KXNFLRECYDS-26OCT04DETCAR,KXNFLRECYDS,KXNFLRECYDS-26OCT04DETCAR-CARDWALLER88-60,Darren Waller: 60+ receiving yards,0.0500,0.1100,0.0000,0.00,0.00,active,2026-10-07T00:20:00Z,2026-10-01T13:50:16+00:00
KXNFLRECYDS-26OCT04DETCAR,KXNFLRECYDS,KXNFLRECYDS-26OCT04DETCAR-CARDWALLER88-80,Darren Waller: 80+ receiving yards,0.0200,0.0800,0.0000,0.00,0.00,active,2026-10-07T00:20:00Z,2026-10-01T13:50:16+00:00
KXNFLRECYDS-26OCT04DETCAR,KXNFLRECYDS,KXNFLRECYDS-26OCT04DETCAR-DETJGIBBS0-70,Jahmyr Gibbs: 70+ receiving yards,0.0800,0.1400,0.0000,0.00,0.00,active,2026-10-07T00:20:00Z,2026-10-01T13:50:16+00:00
KXNFLRECYDS-26OCT04DETCAR,KXNFLRECYDS,KXNFLRECYDS-26OCT04DETCAR-DETJWILLIAMS1-140,Jameson Williams: 140+ receiving yards,0.0200,0.0700,0.0000,0.00,0.00,active,2026-10-07T00:20:00Z,2026-10-01T13:50:16+00:00
KXNFLRECYDS-26OCT04DETCAR,KXNFLRECYDS,KXNFLRECYDS-26OCT04DETCAR-DETITESLAA18-50,Isaac TeSlaa: 50+ receiving yards,0.0900,0.1500,0.0000,0.00,0.00,active,2026-10-07T00:20:00Z,2026-10-01T13:50:16+00:00
KXNFLRECYDS-26OCT04DETCAR,KXNFLRECYDS,KXNFLRECYDS-26OCT04DETCAR-CARCHUBBARD30-40,Chuba Hubbard: 40+ receiving yards,0.1700,0.2000,0.0000,0.00,0.00,active,2026-10-07T00:20:00Z,2026-10-01T13:50:16+00:00
KXNFLRECYDS-26OCT04DETCAR,KXNFLRECYDS,KXNFLRECYDS-26OCT04DETCAR-DETJGIBBS0-50,Jahmyr Gibbs: 50+ receiving yards,0.2900,0.3100,0.3200,4.59,4.59,active,2026-10-07T00:20:00Z,2026-10-01T13:50:16+00:00
KXNFLRECYDS-26OCT04DETCAR,KXNFLRECYDS,KXNFLRECYDS-26OCT04DETCAR-DETJWILLIAMS1-50,Jameson Williams: 50+ receiving yards,0.5300,0.5400,0.5400,1901.04,1901.04,active,2026-10-07T00:20:00Z,2026-10-01T13:50:16+00:00
KXNFLRECYDS-26OCT04DETCAR,KXNFLRECYDS,KXNFLRECYDS-26OCT04DETCAR-CARTMCMILLAN4-90,Tetairoa McMillan: 90+ receiving yards,0.3200,0.3600,0.0000,0.00,0.00,active,2026-10-07T00:20:00Z,2026-10-01T13:50:16+00:00
KXNFLRECYDS-26OCT04DETCAR,KXNFLRECYDS,KXNFLRECYDS-26OCT04DETCAR-CARDWALLER88-25,Darren Waller: 25+ receiving yards,0.4700,0.5000,0.0000,0.00,0.00,active,2026-10-07T00:20:00Z,2026-10-01T13:50:16+00:00
KXNFLRECYDS-26OCT04DETCAR,KXNFLRECYDS,KXNFLRECYDS-26OCT04DETCAR-CARTMCMILLAN4-80,Tetairoa McMillan: 80+ receiving yards,0.3900,0.4400,0.0000,0.00,0.00,active,2026-10-07T00:20:00Z,2026-10-01T13:50:16+00:00
KXNFLRECYDS-26OCT04DETCAR,KXNFLRECYDS,KXNFLRECYDS-26OCT04DETCAR-CARTMCMILLAN4-25,Tetairoa McMillan: 25+ receiving yards,0.8800,0.8900,0.0000,0.00,0.00,active,2026-10-07T00:20:00Z,2026-10-01T13:50:16+00:00
KXNFLRECYDS-26OCT04DETCAR,KXNFLRECYDS,KXNFLRECYDS-26OCT04DETCAR-DETASTBROWN14-140,Amon-Ra St. Brown: 140+ receiving yards,0.0400,0.1200,0.0000,0.00,0.00,active,2026-10-07T00:20:00Z,2026-10-01T13:50:16+00:00
KXNFLRECYDS-26OCT04DETCAR,KXNFLRECYDS,KXNFLRECYDS-26OCT04DETCAR-CARTMCMILLAN4-100,Tetairoa McMillan: 100+ receiving yards,0.2400,0.2900,0.2900,132.55,132.55,active,2026-10-07T00:20:00Z,2026-10-01T13:50:16+00:00
KXNFLRECYDS-26OCT04DETCAR,KXNFLRECYDS,KXNFLRECYDS-26OCT04DETCAR-DETJWILLIAMS1-80,Jameson Williams: 80+ receiving yards,0.2500,0.2600,0.2500,140.32,137.32,active,2026-10-07T00:20:00Z,2026-10-01T13:50:16+00:00
KXNFLRECYDS-26OCT04DETCAR,KXNFLRECYDS,KXNFLRECYDS-26OCT04DETCAR-DETSLAPORTA87-70,Sam LaPorta: 70+ receiving yards,0.2500,0.2800,0.2800,18.00,18.00,active,2026-10-07T00:20:00Z,2026-10-01T13:50:16+00:00
KXNFLRECYDS-26OCT04DETCAR,KXNFLRECYDS,KXNFLRECYDS-26OCT04DETCAR-DETSLAPORTA87-60,Sam LaPorta: 60+ receiving yards,0.3500,0.3800,0.3800,18.00,18.00,active,2026-10-07T00:20:00Z,2026-10-01T13:50:16+00:00
KXNFLRECYDS-26OCT04DETCAR,KXNFLRECYDS,KXNFLRECYDS-26OCT04DETCAR-DETJGIBBS0-25,Jahmyr Gibbs: 25+ receiving yards,0.6700,0.7000,0.0000,0.00,0.00,active,2026-10-07T00:20:00Z,2026-10-01T13:50:16+00:00
KXNFLRECYDS-26OCT04DETCAR,KXNFLRECYDS,KXNFLRECYDS-26OCT04DETCAR-DETITESLAA18-15,Isaac TeSlaa: 15+ receiving yards,0.5300,0.5500,0.5500,143.00,143.00,active,2026-10-07T00:20:00Z,2026-10-01T13:50:16+00:00
KXNFLRECYDS-26OCT04DETCAR,KXNFLRECYDS,KXNFLRECYDS-26OCT04DETCAR-DETJWILLIAMS1-90,Jameson Williams: 90+ receiving yards,0.1700,0.1900,0.2000,60.40,60.40,active,2026-10-07T00:20:00Z,2026-10-01T13:50:16+00:00
KXNFLRECYDS-26OCT04DETCAR,KXNFLRECYDS,KXNFLRECYDS-26OCT04DETCAR-DETITESLAA18-40,Isaac TeSlaa: 40+ receiving yards,0.1900,0.2200,0.1900,90.29,90.29,active,2026-10-07T00:20:00Z,2026-10-01T13:50:16+00:00
KXNFLRECYDS-26OCT04DETCAR,KXNFLRECYDS,KXNFLRECYDS-26OCT04DETCAR-CARDWALLER88-70,Darren Waller: 70+ receiving yards,0.0300,0.1000,0.0000,0.00,0.00,active,2026-10-07T00:20:00Z,2026-10-01T13:50:16+00:00
KXNFLRECYDS-26OCT04DETCAR,KXNFLRECYDS,KXNFLRECYDS-26OCT04DETCAR-CARTMCMILLAN4-50,Tetairoa McMillan: 50+ receiving yards,0.6500,0.7100,0.0000,0.00,0.00,active,2026-10-07T00:20:00Z,2026-10-01T13:50:16+00:00
KXNFLRECYDS-26OCT04DETCAR,KXNFLRECYDS,KXNFLRECYDS-26OCT04DETCAR-CARTMCMILLAN4-140,Tetairoa McMillan: 140+ receiving yards,0.0400,0.1300,0.0000,0.00,0.00,active,2026-10-07T00:20:00Z,2026-10-01T13:50:16+00:00
KXNFLRECYDS-26OCT04DETCAR,KXNFLRECYDS,KXNFLRECYDS-26OCT04DETCAR-CARCHUBBARD30-60,Chuba Hubbard: 60+ receiving yards,0.0400,0.0900,0.0000,0.00,0.00,active,2026-10-07T00:20:00Z,2026-10-01T13:50:16+00:00
KXNFLRECYDS-26OCT04DETCAR,KXNFLRECYDS,KXNFLRECYDS-26OCT04DETCAR-DETSLAPORTA87-90,Sam LaPorta: 90+ receiving yards,0.1000,0.1500,0.0000,0.00,0.00,active,2026-10-07T00:20:00Z,2026-10-01T13:50:16+00:00
KXNFLRECYDS-26OCT04DETCAR,KXNFLRECYDS,KXNFLRECYDS-26OCT04DETCAR-DETASTBROWN14-80,Amon-Ra St. Brown: 80+ receiving yards,0.4600,0.4900,0.4800,225.68,225.68,active,2026-10-07T00:20:00Z,2026-10-01T13:50:16+00:00
KXNFLRECYDS-26OCT04DETCAR,KXNFLRECYDS,KXNFLRECYDS-26OCT04DETCAR-CARTMCMILLAN4-120,Tetairoa McMillan: 120+ receiving yards,0.0400,0.1900,0.0000,0.00,0.00,active,2026-10-07T00:20:00Z,2026-10-01T13:50:16+00:00
KXNFLRECYDS-26OCT04DETCAR,KXNFLRECYDS,KXNFLRECYDS-26OCT04DETCAR-DETJWILLIAMS1-120,Jameson Williams: 120+ receiving yards,0.0500,0.0900,0.0800,22.18,22.18,active,2026-10-07T00:20:00Z,2026-10-01T13:50:16+00:00
KXNFLRECYDS-26OCT04DETCAR,KXNFLRECYDS,KXNFLRECYDS-26OCT04DETCAR-DETASTBROWN14-70,Amon-Ra St. Brown: 70+ receiving yards,0.5500,0.5900,0.5800,132.26,132.26,active,2026-10-07T00:20:00Z,2026-10-01T13:50:16+00:00
KXNFLRECYDS-26OCT04DETCAR,KXNFLRECYDS,KXNFLRECYDS-26OCT04DETCAR-DETSLAPORTA87-80,Sam LaPorta: 80+ receiving yards,0.1600,0.2100,0.0000,0.00,0.00,active,2026-10-07T00:20:00Z,2026-10-01T13:50:16+00:00
KXNFLRECYDS-26OCT04DETCAR,KXNFLRECYDS,KXNFLRECYDS-26OCT04DETCAR-DETASTBROWN14-90,Amon-Ra St. Brown: 90+ receiving yards,0.3500,0.3900,0.3900,297.66,297.66,active,2026-10-07T00:20:00Z,2026-10-01T13:50:16+00:00
KXNFLRECYDS-26OCT04DETCAR,KXNFLRECYDS,KXNFLRECYDS-26OCT04DETCAR-CARCHUBBARD30-50,Chuba Hubbard: 50+ receiving yards,0.0800,0.1300,0.0000,0.00,0.00,active,2026-10-07T00:20:00Z,2026-10-01T13:50:16+00:00
KXNFLRECYDS-26OCT04DETCAR,KXNFLRECYDS,KXNFLRECYDS-26OCT04DETCAR-DETSLAPORTA87-110,Sam LaPorta: 110+ receiving yards,0.0300,0.0800,0.0000,0.00,0.00,active,2026-10-07T00:20:00Z,2026-10-01T13:50:16+00:00
KXNFLRECYDS-26OCT04DETCAR,KXNFLRECYDS,KXNFLRECYDS-26OCT04DETCAR-DETASTBROWN14-130,Amon-Ra St. Brown: 130+ receiving yards,0.0700,0.1500,0.1500,64.51,64.51,active,2026-10-07T00:20:00Z,2026-10-01T13:50:16+00:00
KXNFLRECYDS-26OCT04DETCAR,KXNFLRECYDS,KXNFLRECYDS-26OCT04DETCAR-DETJGIBBS0-15,Jahmyr Gibbs: 15+ receiving yards,0.8200,0.8600,0.0000,0.00,0.00,active,2026-10-07T00:20:00Z,2026-10-01T13:50:16+00:00
KXNFLRECYDS-26OCT04DETCAR,KXNFLRECYDS,KXNFLRECYDS-26OCT04DETCAR-DETITESLAA18-25,Isaac TeSlaa: 25+ receiving yards,0.3500,0.4000,0.0000,0.00,0.00,active,2026-10-07T00:20:00Z,2026-10-01T13:50:16+00:00
KXNFLRECYDS-26OCT04DETCAR,KXNFLRECYDS,KXNFLRECYDS-26OCT04DETCAR-DETJWILLIAMS1-130,Jameson Williams: 130+ receiving yards,0.0300,0.0700,0.0600,7.81,7.81,active,2026-10-07T00:20:00Z,2026-10-01T13:50:16+00:00
KXNFLRECYDS-26OCT04DETCAR,KXNFLRECYDS,KXNFLRECYDS-26OCT04DETCAR-DETSLAPORTA87-50,Sam LaPorta: 50+ receiving yards,0.4700,0.5100,0.0000,0.00,0.00,active,2026-10-07T00:20:00Z,2026-10-01T13:50:16+00:00
KXNFLRECYDS-26OCT04DETCAR,KXNFLRECYDS,KXNFLRECYDS-26OCT04DETCAR-CARCHUBBARD30-15,Chuba Hubbard: 15+ receiving yards,0.5800,0.6000,0.0000,0.00,0.00,active,2026-10-07T00:20:00Z,2026-10-01T13:50:16+00:00
KXNFLRECYDS-26OCT04DETCAR,KXNFLRECYDS,KXNFLRECYDS-26OCT04DETCAR-DETASTBROWN14-100,Amon-Ra St. Brown: 100+ receiving yards,0.2700,0.3100,0.3100,35.57,35.57,active,2026-10-07T00:20:00Z,2026-10-01T13:50:16+00:00
KXNFLRECYDS-26OCT04DETCAR,KXNFLRECYDS,KXNFLRECYDS-26OCT04DETCAR-CARTMCMILLAN4-130,Tetairoa McMillan: 130+ receiving yards,0.0700,0.1500,0.0000,0.00,0.00,active,2026-10-07T00:20:00Z,2026-10-01T13:50:16+00:00
KXNFLRECYDS-26OCT04DETCAR,KXNFLRECYDS,KXNFLRECYDS-26OCT04DETCAR-DETASTBROWN14-170,Amon-Ra St. Brown: 170+ receiving yards,0.0200,0.0600,0.0500,187.52,187.52,active,2026-10-07T00:20:00Z,2026-10-01T13:50:16+00:00
KXNFLRECYDS-26OCT04DETCAR,KXNFLRECYDS,KXNFLRECYDS-26OCT04DETCAR-DETJWILLIAMS1-110,Jameson Williams: 110+ receiving yards,0.0600,0.1100,0.1000,27.00,27.00,active,2026-10-07T00:20:00Z,2026-10-01T13:50:16+00:00
KXNFLRECYDS-26OCT04DETCAR,KXNFLRECYDS,KXNFLRECYDS-26OCT04DETCAR-DETJWILLIAMS1-60,Jameson Williams: 60+ receiving yards,0.3900,0.4300,0.4300,117.18,117.18,active,2026-10-07T00:20:00Z,2026-10-01T13:50:16+00:00
KXNFLRECYDS-26OCT04DETCAR,KXNFLRECYDS,KXNFLRECYDS-26OCT04DETCAR-CARTMCMILLAN4-110,Tetairoa McMillan: 110+ receiving yards,0.1500,0.2400,0.0000,0.00,0.00,active,2026-10-07T00:20:00Z,2026-10-01T13:50:16+00:00
KXNFLRECYDS-26OCT04DETCAR,KXNFLRECYDS,KXNFLRECYDS-26OCT04DETCAR-DETJWILLIAMS1-40,Jameson Williams: 40+ receiving yards,0.6100,0.6300,0.6400,91.33,91.33,active,2026-10-07T00:20:00Z,2026-10-01T13:50:16+00:00
KXNFLRECYDS-26OCT04DETCAR,KXNFLRECYDS,KXNFLRECYDS-26OCT04DETCAR-DETASTBROWN14-110,Amon-Ra St. Brown: 110+ receiving yards,0.1600,0.2500,0.0000,0.00,0.00,active,2026-10-07T00:20:00Z,2026-10-01T13:50:16+00:00
KXNFLRECYDS-26OCT04DETCAR,KXNFLRECYDS,KXNFLRECYDS-26OCT04DETCAR-CARDWALLER88-15,Darren Waller: 15+ receiving yards,0.6200,0.7000,0.0000,0.00,0.00,active,2026-10-07T00:20:00Z,2026-10-01T13:50:16+00:00
KXNFLRECYDS-26OCT04DETCAR,KXNFLRECYDS,KXNFLRECYDS-26OCT04DETCAR-DETJWILLIAMS1-25,Jameson Williams: 25+ receiving yards,0.7700,0.8000,0.0000,0.00,0.00,active,2026-10-07T00:20:00Z,2026-10-01T13:50:16+00:00
KXNFLRECYDS-26OCT04DETCAR,KXNFLRECYDS,KXNFLRECYDS-26OCT04DETCAR-DETSLAPORTA87-25,Sam LaPorta: 25+ receiving yards,0.7800,0.8300,0.0000,0.00,0.00,active,2026-10-07T00:20:00Z,2026-10-01T13:50:16+00:00
KXNFLRECYDS-26OCT04DETCAR,KXNFLRECYDS,KXNFLRECYDS-26OCT04DETCAR-DETASTBROWN14-50,Amon-Ra St. Brown: 50+ receiving yards,0.7400,0.7800,0.7800,1.26,1.26,active,2026-10-07T00:20:00Z,2026-10-01T13:50:16+00:00
KXNFLRECYDS-26OCT04DETCAR,KXNFLRECYDS,KXNFLRECYDS-26OCT04DETCAR-DETSLAPORTA87-40,Sam LaPorta: 40+ receiving yards,0.5900,0.6400,0.0000,0.00,0.00,active,2026-10-07T00:20:00Z,2026-10-01T13:50:16+00:00
KXNFLRECYDS-26OCT04DETCAR,KXNFLRECYDS,KXNFLRECYDS-26OCT04DETCAR-DETASTBROWN14-60,Amon-Ra St. Brown: 60+ receiving yards,0.6500,0.6800,0.0000,0.00,0.00,active,2026-10-07T00:20:00Z,2026-10-01T13:50:16+00:00
KXNFLRECYDS-26OCT04DETCAR,KXNFLRECYDS,KXNFLRECYDS-26OCT04DETCAR-DETASTBROWN14-120,Amon-Ra St. Brown: 120+ receiving yards,0.1200,0.2000,0.0000,0.00,0.00,active,2026-10-07T00:20:00Z,2026-10-01T13:50:16+00:00
KXNFLRECYDS-26OCT04DETCAR,KXNFLRECYDS,KXNFLRECYDS-26OCT04DETCAR-DETJGIBBS0-80,Jahmyr Gibbs: 80+ receiving yards,0.0500,0.0900,0.1000,25.94,25.94,active,2026-10-07T00:20:00Z,2026-10-01T13:50:16+00:00
KXNFLRECYDS-26OCT04DETCAR,KXNFLRECYDS,KXNFLRECYDS-26OCT04DETCAR-CARTMCMILLAN4-60,Tetairoa McMillan: 60+ receiving yards,0.5700,0.6100,0.6300,5.41,5.41,active,2026-10-07T00:20:00Z,2026-10-01T13:50:16+00:00
KXNFLRECYDS-26OCT04DETCAR,KXNFLRECYDS,KXNFLRECYDS-26OCT04DETCAR-DETJGIBBS0-40,Jahmyr Gibbs: 40+ receiving yards,0.4200,0.4500,0.4600,275.55,275.55,active,2026-10-07T00:20:00Z,2026-10-01T13:50:16+00:00
KXNFLRECYDS-26OCT04DETCAR,KXNFLRECYDS,KXNFLRECYDS-26OCT04DETCAR-CARDWALLER88-50,Darren Waller: 50+ receiving yards,0.1100,0.1600,0.1800,262.69,262.69,active,2026-10-07T00:20:00Z,2026-10-01T13:50:16+00:00
KXNFLRECYDS-26OCT04DETCAR,KXNFLRECYDS,KXNFLRECYDS-26OCT04DETCAR-DETASTBROWN14-40,Amon-Ra St. Brown: 40+ receiving yards,0.8200,0.8500,0.8600,11.51,11.51,active,2026-10-07T00:20:00Z,2026-10-01T13:50:16+00:00
KXNFLRECYDS-26OCT04DETCAR,KXNFLRECYDS,KXNFLRECYDS-26OCT04DETCAR-CARTMCMILLAN4-40,Tetairoa McMillan: 40+ receiving yards,0.7000,0.7900,0.0000,0.00,0.00,active,2026-10-07T00:20:00Z,2026-10-01T13:50:16+00:00
KXNFLRECYDS-26OCT04DETCAR,KXNFLRECYDS,KXNFLRECYDS-26OCT04DETCAR-CARCHUBBARD30-25,Chuba Hubbard: 25+ receiving yards,0.3700,0.4000,0.0000,0.00,0.00,active,2026-10-07T00:20:00Z,2026-10-01T13:50:16+00:00
KXNFLRECYDS-26OCT04GBTB,KXNFLRECYDS,KXNFLRECYDS-26OCT04GBTB-GBJSMITH18-40,Jonnu Smith: 40+ receiving yards,0.0300,0.0800,0.0000,0.00,0.00,active,2026-10-06T17:00:00Z,2026-10-01T13:50:16+00:00
KXNFLRECYDS-26OCT04GBTB,KXNFLRECYDS,KXNFLRECYDS-26OCT04GBTB-GBTKRAFT85-70,Tucker Kraft: 70+ receiving yards,0.1800,0.2200,0.0000,0.00,0.00,active,2026-10-06T17:00:00Z,2026-10-01T13:50:16+00:00
KXNFLRECYDS-26OCT04GBTB,KXNFLRECYDS,KXNFLRECYDS-26OCT04GBTB-GBCWATSON9-130,Christian Watson: 130+ receiving yards,0.0300,0.1000,0.0000,0.00,0.00,active,2026-10-06T17:00:00Z,2026-10-01T13:50:16+00:00
KXNFLRECYDS-26OCT04GBTB,KXNFLRECYDS,KXNFLRECYDS-26OCT04GBTB-TBBIRVING7-25,Bucky Irving: 25+ receiving yards,0.2300,0.2800,0.2700,17.61,17.61,active,2026-10-06T17:00:00Z,2026-10-01T13:50:16+00:00
KXNFLRECYDS-26OCT04GBTB,KXNFLRECYDS,KXNFLRECYDS-26OCT04GBTB-GBMGOLDEN0-140,Matthew Golden: 140+ receiving yards,0.0200,0.0600,0.0000,0.00,0.00,active,2026-10-06T17:00:00Z,2026-10-01T13:50:16+00:00
KXNFLRECYDS-26OCT04GBTB,KXNFLRECYDS,KXNFLRECYDS-26OCT04GBTB-GBMGOLDEN0-120,Matthew Golden: 120+ receiving yards,0.0300,0.0900,0.0000,0.00,0.00,active,2026-10-06T17:00:00Z,2026-10-01T13:50:16+00:00
KXNFLRECYDS-26OCT04GBTB,KXNFLRECYDS,KXNFLRECYDS-26OCT04GBTB-TBCOTTON88-50,Cade Otton: 50+ receiving yards,0.1800,0.2100,0.0000,0.00,0.00,active,2026-10-06T17:00:00Z,2026-10-01T13:50:16+00:00
KXNFLRECYDS-26OCT04GBTB,KXNFLRECYDS,KXNFLRECYDS-26OCT04GBTB-GBSMOORE23-80,Skyy Moore: 80+ receiving yards,0.0200,0.0500,0.0000,0.00,0.00,active,2026-10-06T17:00:00Z,2026-10-01T13:50:16+00:00
KXNFLRECYDS-26OCT04GBTB,KXNFLRECYDS,KXNFLRECYDS-26OCT04GBTB-GBJSMITH18-15,Jonnu Smith: 15+ receiving yards,0.2800,0.3200,0.0000,0.00,0.00,active,2026-10-06T17:00:00Z,2026-10-01T13:50:16+00:00
KXNFLRECYDS-26OCT04GBTB,KXNFLRECYDS,KXNFLRECYDS-26OCT04GBTB-GBJSMITH18-25,Jonnu Smith: 25+ receiving yards,0.1400,0.1700,0.0000,0.00,0.00,active,2026-10-06T17:00:00Z,2026-10-01T13:50:16+00:00
KXNFLRECYDS-26OCT04GBTB,KXNFLRECYDS,KXNFLRECYDS-26OCT04GBTB-TBCOTTON88-40,Cade Otton: 40+ receiving yards,0.2800,0.3100,0.0000,0.00,0.00,active,2026-10-06T17:00:00Z,2026-10-01T13:50:16+00:00
KXNFLRECYDS-26OCT04GBTB,KXNFLRECYDS,KXNFLRECYDS-26OCT04GBTB-TBEEGBUKA2-100,Emeka Egbuka: 100+ receiving yards,0.0300,0.0800,0.0000,0.00,0.00,active,2026-10-06T17:00:00Z,2026-10-01T13:50:16+00:00
KXNFLRECYDS-26OCT04GBTB,KXNFLRECYDS,KXNFLRECYDS-26OCT04GBTB-TBEEGBUKA2-70,Emeka Egbuka: 70+ receiving yards,0.1700,0.2100,0.1800,26.00,26.00,active,2026-10-06T17:00:00Z,2026-10-01T13:50:16+00:00
KXNFLRECYDS-26OCT04GBTB,KXNFLRECYDS,KXNFLRECYDS-26OCT04GBTB-TBEEGBUKA2-80,Emeka Egbuka: 80+ receiving yards,0.1100,0.1500,0.1200,44.00,44.00,active,2026-10-06T17:00:00Z,2026-10-01T13:50:16+00:00
KXNFLRECYDS-26OCT04GBTB,KXNFLRECYDS,KXNFLRECYDS-26OCT04GBTB-TBBIRVING7-15,Bucky Irving: 15+ receiving yards,0.4400,0.4900,0.4700,255.81,255.81,active,2026-10-06T17:00:00Z,2026-10-01T13:50:16+00:00
KXNFLRECYDS-26OCT04GBTB,KXNFLRECYDS,KXNFLRECYDS-26OCT04GBTB-GBCWATSON9-90,Christian Watson: 90+ receiving yards,0.2800,0.3100,0.0000,0.00,0.00,active,2026-10-06T17:00:00Z,2026-10-01T13:50:16+00:00
KXNFLRECYDS-26OCT04GBTB,KXNFLRECYDS,KXNFLRECYDS-26OCT04GBTB-TBBIRVING7-60,Bucky Irving: 60+ receiving yards,0.0200,0.0600,0.0000,0.00,0.00,active,2026-10-06T17:00:00Z,2026-10-01T13:50:16+00:00
KXNFLRECYDS-26OCT04GBTB,KXNFLRECYDS,KXNFLRECYDS-26OCT04GBTB-GBTKRAFT85-90,Tucker Kraft: 90+ receiving yards,0.0600,0.1200,0.0000,0.00,0.00,active,2026-10-06T17:00:00Z,2026-10-01T13:50:16+00:00
KXNFLRECYDS-26OCT04GBTB,KXNFLRECYDS,KXNFLRECYDS-26OCT04GBTB-TBCGODWIN14-50,Chris Godwin Jr.: 50+ receiving yards,0.1700,0.2300,0.2000,9.00,9.00,active,2026-10-06T17:00:00Z,2026-10-01T13:50:16+00:00
KXNFLRECYDS-26OCT04GBTB,KXNFLRECYDS,KXNFLRECYDS-26OCT04GBTB-TBCOTTON88-25,Cade Otton: 25+ receiving yards,0.5000,0.5400,0.5400,166.07,166.07,active,2026-10-06T17:00:00Z,2026-10-01T13:50:16+00:00
KXNFLRECYDS-26OCT04GBTB,KXNFLRECYDS,KXNFLRECYDS-26OCT04GBTB-GBMGOLDEN0-100,Matthew Golden: 100+ receiving yards,0.1400,0.1600,0.1700,4933.69,4933.69,active,2026-10-06T17:00:00Z,2026-10-01T13:50:16+00:00
KXNFLRECYDS-26OCT04GBTB,KXNFLRECYDS,KXNFLRECYDS-26OCT04GBTB-TBEEGBUKA2-90,Emeka Egbuka: 90+ receiving yards,0.0600,0.1100,0.0000,0.00,0.00,active,2026-10-06T17:00:00Z,2026-10-01T13:50:16+00:00
KXNFLRECYDS-26OCT04GBTB,KXNFLRECYDS,KXNFLRECYDS-26OCT04GBTB-GBMGOLDEN0-40,Matthew Golden: 40+ receiving yards,0.6700,0.7100,0.0000,0.00,0.00,active,2026-10-06T17:00:00Z,2026-10-01T13:50:16+00:00
KXNFLRECYDS-26OCT04GBTB,KXNFLRECYDS,KXNFLRECYDS-26OCT04GBTB-GBTKRAFT85-80,Tucker Kraft: 80+ receiving yards,0.1200,0.1500,0.1300,36.25,36.25,active,2026-10-06T17:00:00Z,2026-10-01T13:50:16+00:00
KXNFLRECYDS-26OCT04GBTB,KXNFLRECYDS,KXNFLRECYDS-26OCT04GBTB-TBCGODWIN14-25,Chris Godwin Jr.: 25+ receiving yards,0.4800,0.5500,0.0000,0.00,0.00,active,2026-10-06T17:00:00Z,2026-10-01T13:50:16+00:00
KXNFLRECYDS-26OCT04GBTB,KXNFLRECYDS,KXNFLRECYDS-26OCT04GBTB-TBEEGBUKA2-50,Emeka Egbuka: 50+ receiving yards,0.3400,0.3800,0.0000,0.00,0.00,active,2026-10-06T17:00:00Z,2026-10-01T13:50:16+00:00
KXNFLRECYDS-26OCT04GBTB,KXNFLRECYDS,KXNFLRECYDS-26OCT04GBTB-GBSMOORE23-70,Skyy Moore: 70+ receiving yards,0.0300,0.0800,0.0000,0.00,0.00,active,2026-10-06T17:00:00Z,2026-10-01T13:50:16+00:00
KXNFLRECYDS-26OCT04GBTB,KXNFLRECYDS,KXNFLRECYDS-26OCT04GBTB-TBCOTTON88-15,Cade Otton: 15+ receiving yards,0.6800,0.7000,0.0000,0.00,0.00,active,2026-10-06T17:00:00Z,2026-10-01T13:50:16+00:00
KXNFLRECYDS-26OCT04GBTB,KXNFLRECYDS,KXNFLRECYDS-26OCT04GBTB-TBEEGBUKA2-25,Emeka Egbuka: 25+ receiving yards,0.6600,0.6900,0.0000,0.00,0.00,active,2026-10-06T17:00:00Z,2026-10-01T13:50:16+00:00
KXNFLRECYDS-26OCT04GBTB,KXNFLRECYDS,KXNFLRECYDS-26OCT04GBTB-TBEEGBUKA2-15,Emeka Egbuka: 15+ receiving yards,0.7900,0.8300,0.0000,0.00,0.00,active,2026-10-06T17:00:00Z,2026-10-01T13:50:16+00:00
KXNFLRECYDS-26OCT04GBTB,KXNFLRECYDS,KXNFLRECYDS-26OCT04GBTB-GBCWATSON9-70,Christian Watson: 70+ receiving yards,0.4700,0.4800,0.4900,8615.95,8606.88,active,2026-10-06T17:00:00Z,2026-10-01T13:50:16+00:00
KXNFLRECYDS-26OCT04GBTB,KXNFLRECYDS,KXNFLRECYDS-26OCT04GBTB-GBMLLOYD32-40,MarShawn Lloyd: 40+ receiving yards,0.0200,0.0800,0.0000,0.00,0.00,active,2026-10-06T17:00:00Z,2026-10-01T13:50:16+00:00
KXNFLRECYDS-26OCT04GBTB,KXNFLRECYDS,KXNFLRECYDS-26OCT04GBTB-TBBIRVING7-50,Bucky Irving: 50+ receiving yards,0.0300,0.0900,0.0000,0.00,0.00,active,2026-10-06T17:00:00Z,2026-10-01T13:50:16+00:00
KXNFLRECYDS-26OCT04GBTB,KXNFLRECYDS,KXNFLRECYDS-26OCT04GBTB-GBCWATSON9-80,Christian Watson: 80+ receiving yards,0.3600,0.3900,0.3900,24.59,24.59,active,2026-10-06T17:00:00Z,2026-10-01T13:50:16+00:00
KXNFLRECYDS-26OCT04GBTB,KXNFLRECYDS,KXNFLRECYDS-26OCT04GBTB-TBCGODWIN14-80,Chris Godwin Jr.: 80+ receiving yards,0.0300,0.1000,0.0000,0.00,0.00,active,2026-10-06T17:00:00Z,2026-10-01T13:50:16+00:00
KXNFLRECYDS-26OCT04GBTB,KXNFLRECYDS,KXNFLRECYDS-26OCT04GBTB-TBCGODWIN14-70,Chris Godwin Jr.: 70+ receiving yards,0.0400,0.1100,0.0000,0.00,0.00,active,2026-10-06T17:00:00Z,2026-10-01T13:50:16+00:00
KXNFLRECYDS-26OCT04GBTB,KXNFLRECYDS,KXNFLRECYDS-26OCT04GBTB-GBTKRAFT85-110,Tucker Kraft: 110+ receiving yards,0.0200,0.0700,0.0000,0.00,0.00,active,2026-10-06T17:00:00Z,2026-10-01T13:50:16+00:00
KXNFLRECYDS-26OCT04GBTB,KXNFLRECYDS,KXNFLRECYDS-26OCT04GBTB-GBTKRAFT85-50,Tucker Kraft: 50+ receiving yards,0.3700,0.4100,0.0000,0.00,0.00,active,2026-10-06T17:00:00Z,2026-10-01T13:50:16+00:00
KXNFLRECYDS-26OCT04GBTB,KXNFLRECYDS,KXNFLRECYDS-26OCT04GBTB-GBMGOLDEN0-80,Matthew Golden: 80+ receiving yards,0.2700,0.3000,0.3000,3.17,3.17,active,2026-10-06T17:00:00Z,2026-10-01T13:50:16+00:00
KXNFLRECYDS-26OCT04GBTB,KXNFLRECYDS,KXNFLRECYDS-26OCT04GBTB-TBBIRVING7-40,Bucky Irving: 40+ receiving yards,0.0500,0.1200,0.0000,0.00,0.00,active,2026-10-06T17:00:00Z,2026-10-01T13:50:16+00:00
KXNFLRECYDS-26OCT04GBTB,KXNFLRECYDS,KXNFLRECYDS-26OCT04GBTB-GBMGOLDEN0-70,Matthew Golden: 70+ receiving yards,0.3500,0.3800,0.0000,0.00,0.00,active,2026-10-06T17:00:00Z,2026-10-01T13:50:16+00:00
KXNFLRECYDS-26OCT04GBTB,KXNFLRECYDS,KXNFLRECYDS-26OCT04GBTB-GBMGOLDEN0-90,Matthew Golden: 90+ receiving yards,0.1900,0.2300,0.0000,0.00,0.00,active,2026-10-06T17:00:00Z,2026-10-01T13:50:16+00:00
KXNFLRECYDS-26OCT04GBTB,KXNFLRECYDS,KXNFLRECYDS-26OCT04GBTB-TBCGODWIN14-15,Chris Godwin Jr.: 15+ receiving yards,0.6300,0.7200,0.0000,0.00,0.00,active,2026-10-06T17:00:00Z,2026-10-01T13:50:16+00:00
KXNFLRECYDS-26OCT04GBTB,KXNFLRECYDS,KXNFLRECYDS-26OCT04GBTB-GBSMOORE23-25,Skyy Moore: 25+ receiving yards,0.3900,0.4400,0.0000,0.00,0.00,active,2026-10-06T17:00:00Z,2026-10-01T13:50:16+00:00
KXNFLRECYDS-26OCT04GBTB,KXNFLRECYDS,KXNFLRECYDS-26OCT04GBTB-GBMGOLDEN0-110,Matthew Golden: 110+ receiving yards,0.0500,0.1300,0.0000,0.00,0.00,active,2026-10-06T17:00:00Z,2026-10-01T13:50:16+00:00
KXNFLRECYDS-26OCT04GBTB,KXNFLRECYDS,KXNFLRECYDS-26OCT04GBTB-GBMLLOYD32-25,MarShawn Lloyd: 25+ receiving yards,0.1000,0.1200,0.0000,0.00,0.00,active,2026-10-06T17:00:00Z,2026-10-01T13:50:16+00:00
KXNFLRECYDS-26OCT04GBTB,KXNFLRECYDS,KXNFLRECYDS-26OCT04GBTB-TBCOTTON88-70,Cade Otton: 70+ receiving yards,0.0300,0.1000,0.0000,0.00,0.00,active,2026-10-06T17:00:00Z,2026-10-01T13:50:16+00:00
KXNFLRECYDS-26OCT04GBTB,KXNFLRECYDS,KXNFLRECYDS-26OCT04GBTB-TBCOTTON88-60,Cade Otton: 60+ receiving yards,0.0800,0.1400,0.0000,0.00,0.00,active,2026-10-06T17:00:00Z,2026-10-01T13:50:16+00:00
KXNFLRECYDS-26OCT04GBTB,KXNFLRECYDS,KXNFLRECYDS-26OCT04GBTB-GBSMOORE23-40,Skyy Moore: 40+ receiving yards,0.2100,0.2500,0.0000,0.00,0.00,active,2026-10-06T17:00:00Z,2026-10-01T13:50:16+00:00
KXNFLRECYDS-26OCT04GBTB,KXNFLRECYDS,KXNFLRECYDS-26OCT04GBTB-GBCWATSON9-100,Christian Watson: 100+ receiving yards,0.2200,0.2400,0.2400,4018.02,4018.02,active,2026-10-06T17:00:00Z,2026-10-01T13:50:16+00:00
KXNFLRECYDS-26OCT04GBTB,KXNFLRECYDS,KXNFLRECYDS-26OCT04GBTB-GBTKRAFT85-40,Tucker Kraft: 40+ receiving yards,0.5200,0.5400,0.5200,1769.77,1769.77,active,2026-10-06T17:00:00Z,2026-10-01T13:50:16+00:00
KXNFLRECYDS-26OCT04GBTB,KXNFLRECYDS,KXNFLRECYDS-26OCT04GBTB-GBTKRAFT85-100,Tucker Kraft: 100+ receiving yards,0.0300,0.0800,0.0000,0.00,0.00,active,2026-10-06T17:00:00Z,2026-10-01T13:50:16+00:00
KXNFLRECYDS-26OCT04GBTB,KXNFLRECYDS,KXNFLRECYDS-26OCT04GBTB-GBTKRAFT85-15,Tucker Kraft: 15+ receiving yards,0.8300,0.8800,0.0000,0.00,0.00,active,2026-10-06T17:00:00Z,2026-10-01T13:50:16+00:00
KXNFLRECYDS-26OCT04GBTB,KXNFLRECYDS,KXNFLRECYDS-26OCT04GBTB-GBTKRAFT85-60,Tucker Kraft: 60+ receiving yards,0.2600,0.3000,0.2800,34.00,34.00,active,2026-10-06T17:00:00Z,2026-10-01T13:50:16+00:00
KXNFLRECYDS-26OCT04GBTB,KXNFLRECYDS,KXNFLRECYDS-26OCT04GBTB-GBMGOLDEN0-130,Matthew Golden: 130+ receiving yards,0.0300,0.0700,0.0000,0.00,0.00,active,2026-10-06T17:00:00Z,2026-10-01T13:50:16+00:00
KXNFLRECYDS-26OCT04GBTB,KXNFLRECYDS,KXNFLRECYDS-26OCT04GBTB-TBCGODWIN14-60,Chris Godwin Jr.: 60+ receiving yards,0.0900,0.1500,0.1200,46.00,46.00,active,2026-10-06T17:00:00Z,2026-10-01T13:50:16+00:00
KXNFLRECYDS-26OCT04GBTB,KXNFLRECYDS,KXNFLRECYDS-26OCT04GBTB-GBMLLOYD32-15,MarShawn Lloyd: 15+ receiving yards,0.2400,0.2600,0.0000,0.00,0.00,active,2026-10-06T17:00:00Z,2026-10-01T13:50:16+00:00
KXNFLRECYDS-26OCT04GBTB,KXNFLRECYDS,KXNFLRECYDS-26OCT04GBTB-GBSMOORE23-60,Skyy Moore: 60+ receiving yards,0.0400,0.1200,0.0000,0.00,0.00,active,2026-10-06T17:00:00Z,2026-10-01T13:50:16+00:00
KXNFLRECYDS-26OCT04GBTB,KXNFLRECYDS,KXNFLRECYDS-26OCT04GBTB-GBMGOLDEN0-50,Matthew Golden: 50+ receiving yards,0.5600,0.5900,0.5900,29.90,29.90,active,2026-10-06T17:00:00Z,2026-10-01T13:50:16+00:00
KXNFLRECYDS-26OCT04GBTB,KXNFLRECYDS,KXNFLRECYDS-26OCT04GBTB-GBCWATSON9-140,Christian Watson: 140+ receiving yards,0.0300,0.0900,0.0000,0.00,0.00,active,2026-10-06T17:00:00Z,2026-10-01T13:50:16+00:00
KXNFLRECYDS-26OCT04GBTB,KXNFLRECYDS,KXNFLRECYDS-26OCT04GBTB-GBCWATSON9-120,Christian Watson: 120+ receiving yards,0.0600,0.1400,0.0000,0.00,0.00,active,2026-10-06T17:00:00Z,2026-10-01T13:50:16+00:00
KXNFLRECYDS-26OCT04GBTB,KXNFLRECYDS,KXNFLRECYDS-26OCT04GBTB-GBCWATSON9-150,Christian Watson: 150+ receiving yards,0.0300,0.0800,0.0000,0.00,0.00,active,2026-10-06T17:00:00Z,2026-10-01T13:50:16+00:00
KXNFLRECYDS-26OCT04GBTB,KXNFLRECYDS,KXNFLRECYDS-26OCT04GBTB-GBMGOLDEN0-60,Matthew Golden: 60+ receiving yards,0.4700,0.4900,0.4900,8580.79,8580.79,active,2026-10-06T17:00:00Z,2026-10-01T13:50:16+00:00
KXNFLRECYDS-26OCT04GBTB,KXNFLRECYDS,KXNFLRECYDS-26OCT04GBTB-TBEEGBUKA2-60,Emeka Egbuka: 60+ receiving yards,0.2400,0.2900,0.2700,18.00,18.00,active,2026-10-06T17:00:00Z,2026-10-01T13:50:16+00:00
KXNFLRECYDS-26OCT04GBTB,KXNFLRECYDS,KXNFLRECYDS-26OCT04GBTB-GBSMOORE23-15,Skyy Moore: 15+ receiving yards,0.5900,0.6200,0.0000,0.00,0.00,active,2026-10-06T17:00:00Z,2026-10-01T13:50:16+00:00
KXNFLRECYDS-26OCT04GBTB,KXNFLRECYDS,KXNFLRECYDS-26OCT04GBTB-GBSMOORE23-20,Skyy Moore: 20+ receiving yards,0.4700,0.5000,0.0000,0.00,0.00,active,2026-10-06T17:00:00Z,2026-10-01T13:50:16+00:00
KXNFLRECYDS-26OCT04GBTB,KXNFLRECYDS,KXNFLRECYDS-26OCT04GBTB-GBCWATSON9-40,Christian Watson: 40+ receiving yards,0.7600,0.7700,0.7800,12.62,12.62,active,2026-10-06T17:00:00Z,2026-10-01T13:50:16+00:00
KXNFLRECYDS-26OCT04GBTB,KXNFLRECYDS,KXNFLRECYDS-26OCT04GBTB-GBCWATSON9-110,Christian Watson: 110+ receiving yards,0.1100,0.1900,0.0000,0.00,0.00,active,2026-10-06T17:00:00Z,2026-10-01T13:50:16+00:00
KXNFLRECYDS-26OCT04GBTB,KXNFLRECYDS,KXNFLRECYDS-26OCT04GBTB-GBSMOORE23-50,Skyy Moore: 50+ receiving yards,0.0800,0.1700,0.0000,0.00,0.00,active,2026-10-06T17:00:00Z,2026-10-01T13:50:16+00:00
KXNFLRECYDS-26OCT04GBTB,KXNFLRECYDS,KXNFLRECYDS-26OCT04GBTB-GBCWATSON9-50,Christian Watson: 50+ receiving yards,0.6400,0.6800,0.6900,14.18,14.18,active,2026-10-06T17:00:00Z,2026-10-01T13:50:16+00:00
KXNFLRECYDS-26OCT04GBTB,KXNFLRECYDS,KXNFLRECYDS-26OCT04GBTB-GBCWATSON9-60,Christian Watson: 60+ receiving yards,0.5500,0.5800,0.0000,0.00,0.00,active,2026-10-06T17:00:00Z,2026-10-01T13:50:16+00:00
KXNFLRECYDS-26OCT04GBTB,KXNFLRECYDS,KXNFLRECYDS-26OCT04GBTB-GBMGOLDEN0-25,Matthew Golden: 25+ receiving yards,0.8200,0.8600,0.0000,0.00,0.00,active,2026-10-06T17:00:00Z,2026-10-01T13:50:16+00:00
KXNFLRECYDS-26OCT04GBTB,KXNFLRECYDS,KXNFLRECYDS-26OCT04GBTB-TBCGODWIN14-40,Chris Godwin Jr.: 40+ receiving yards,0.2700,0.3200,0.2900,9.00,9.00,active,2026-10-06T17:00:00Z,2026-10-01T13:50:16+00:00
KXNFLRECYDS-26OCT04GBTB,KXNFLRECYDS,KXNFLRECYDS-26OCT04GBTB-GBTKRAFT85-25,Tucker Kraft: 25+ receiving yards,0.7100,0.7400,0.0000,0.00,0.00,active,2026-10-06T17:00:00Z,2026-10-01T13:50:16+00:00
KXNFLRECYDS-26OCT04GBTB,KXNFLRECYDS,KXNFLRECYDS-26OCT04GBTB-GBCWATSON9-160,Christian Watson: 160+ receiving yards,0.0200,0.0600,0.0000,0.00,0.00,active,2026-10-06T17:00:00Z,2026-10-01T13:50:16+00:00
KXNFLRECYDS-26OCT04GBTB,KXNFLRECYDS,KXNFLRECYDS-26OCT04GBTB-TBCOTTON88-80,Cade Otton: 80+ receiving yards,0.0300,0.0700,0.0000,0.00,0.00,active,2026-10-06T17:00:00Z,2026-10-01T13:50:16+00:00
KXNFLRECYDS-26OCT04GBTB,KXNFLRECYDS,KXNFLRECYDS-26OCT04GBTB-TBEEGBUKA2-40,Emeka Egbuka: 40+ receiving yards,0.4700,0.4800,0.4800,927.20,927.20,active,2026-10-06T17:00:00Z,2026-10-01T13:50:16+00:00
KXNFLRECYDS-26OCT04INDWAS,KXNFLRECYDS,KXNFLRECYDS-26OCT04INDWAS-WASTMCLAURIN17-110,Terry McLaurin: 110+ receiving yards,0.0500,0.1100,0.0000,0.00,0.00,active,2026-10-06T13:30:00Z,2026-10-01T13:50:16+00:00
KXNFLRECYDS-26OCT04INDWAS,KXNFLRECYDS,KXNFLRECYDS-26OCT04INDWAS-WASSDIGGS3-60,Stefon Diggs: 60+ receiving yards,0.3000,0.3200,0.0000,0.00,0.00,active,2026-10-06T13:30:00Z,2026-10-01T13:50:16+00:00
KXNFLRECYDS-26OCT04INDWAS,KXNFLRECYDS,KXNFLRECYDS-26OCT04INDWAS-INDTWARREN84-25,Tyler Warren: 25+ receiving yards,0.7800,0.8100,0.8100,16.39,16.39,active,2026-10-06T13:30:00Z,2026-10-01T13:50:16+00:00
KXNFLRECYDS-26OCT04INDWAS,KXNFLRECYDS,KXNFLRECYDS-26OCT04INDWAS-INDKALLEN10-15,Keenan Allen: 15+ receiving yards,0.7700,0.8100,0.0000,0.00,0.00,active,2026-10-06T13:30:00Z,2026-10-01T13:50:16+00:00
KXNFLRECYDS-26OCT04INDWAS,KXNFLRECYDS,KXNFLRECYDS-26OCT04INDWAS-WASTMCLAURIN17-130,Terry McLaurin: 130+ receiving yards,0.0300,0.0600,0.0000,0.00,0.00,active,2026-10-06T13:30:00Z,2026-10-01T13:50:16+00:00
KXNFLRECYDS-26OCT04INDWAS,KXNFLRECYDS,KXNFLRECYDS-26OCT04INDWAS-INDJTAYLOR28-70,Jonathan Taylor: 70+ receiving yards,0.0200,0.0500,0.0000,0.00,0.00,active,2026-10-06T13:30:00Z,2026-10-01T13:50:16+00:00
KXNFLRECYDS-26OCT04INDWAS,KXNFLRECYDS,KXNFLRECYDS-26OCT04INDWAS-INDTWARREN84-110,Tyler Warren: 110+ receiving yards,0.0300,0.0500,0.0000,0.00,0.00,active,2026-10-06T13:30:00Z,2026-10-01T13:50:16+00:00
KXNFLRECYDS-26OCT04INDWAS,KXNFLRECYDS,KXNFLRECYDS-26OCT04INDWAS-INDJDOWNS2-110,Josh Downs: 110+ receiving yards,0.0900,0.1400,0.0000,0.00,0.00,active,2026-10-06T13:30:00Z,2026-10-01T13:50:16+00:00
KXNFLRECYDS-26OCT04INDWAS,KXNFLRECYDS,KXNFLRECYDS-26OCT04INDWAS-WASSDIGGS3-80,Stefon Diggs: 80+ receiving yards,0.1100,0.1700,0.0000,0.00,0.00,active,2026-10-06T13:30:00Z,2026-10-01T13:50:16+00:00
KXNFLRECYDS-26OCT04INDWAS,KXNFLRECYDS,KXNFLRECYDS-26OCT04INDWAS-INDKALLEN10-40,Keenan Allen: 40+ receiving yards,0.4200,0.4400,0.4500,1590.82,1590.82,active,2026-10-06T13:30:00Z,2026-10-01T13:50:16+00:00
KXNFLRECYDS-26OCT04INDWAS,KXNFLRECYDS,KXNFLRECYDS-26OCT04INDWAS-WASTMCLAURIN17-120,Terry McLaurin: 120+ receiving yards,0.0300,0.0800,0.0000,0.00,0.00,active,2026-10-06T13:30:00Z,2026-10-01T13:50:16+00:00
KXNFLRECYDS-26OCT04INDWAS,KXNFLRECYDS,KXNFLRECYDS-26OCT04INDWAS-WASSDIGGS3-110,Stefon Diggs: 110+ receiving yards,0.0300,0.0700,0.0000,0.00,0.00,active,2026-10-06T13:30:00Z,2026-10-01T13:50:16+00:00
KXNFLRECYDS-26OCT04INDWAS,KXNFLRECYDS,KXNFLRECYDS-26OCT04INDWAS-WASAWILLIAMS14-15,Antonio Williams: 15+ receiving yards,0.5300,0.5700,0.0000,0.00,0.00,active,2026-10-06T13:30:00Z,2026-10-01T13:50:16+00:00
KXNFLRECYDS-26OCT04INDWAS,KXNFLRECYDS,KXNFLRECYDS-26OCT04INDWAS-WASSDIGGS3-90,Stefon Diggs: 90+ receiving yards,0.0700,0.1200,0.0000,0.00,0.00,active,2026-10-06T13:30:00Z,2026-10-01T13:50:16+00:00
KXNFLRECYDS-26OCT04INDWAS,KXNFLRECYDS,KXNFLRECYDS-26OCT04INDWAS-INDJDOWNS2-70,Josh Downs: 70+ receiving yards,0.4400,0.4500,0.4400,2513.22,2506.22,active,2026-10-06T13:30:00Z,2026-10-01T13:50:16+00:00
KXNFLRECYDS-26OCT04INDWAS,KXNFLRECYDS,KXNFLRECYDS-26OCT04INDWAS-INDKALLEN10-80,Keenan Allen: 80+ receiving yards,0.0500,0.1000,0.0000,0.00,0.00,active,2026-10-06T13:30:00Z,2026-10-01T13:50:16+00:00
KXNFLRECYDS-26OCT04INDWAS,KXNFLRECYDS,KXNFLRECYDS-26OCT04INDWAS-INDKALLEN10-60,Keenan Allen: 60+ receiving yards,0.1900,0.2100,0.0000,0.00,0.00,active,2026-10-06T13:30:00Z,2026-10-01T13:50:16+00:00
KXNFLRECYDS-26OCT04INDWAS,KXNFLRECYDS,KXNFLRECYDS-26OCT04INDWAS-WASSDIGGS3-100,Stefon Diggs: 100+ receiving yards,0.0400,0.0900,0.0000,0.00,0.00,active,2026-10-06T13:30:00Z,2026-10-01T13:50:16+00:00
KXNFLRECYDS-26OCT04INDWAS,KXNFLRECYDS,KXNFLRECYDS-26OCT04INDWAS-WASTMCLAURIN17-60,Terry McLaurin: 60+ receiving yards,0.4100,0.4300,0.4000,46.24,29.91,active,2026-10-06T13:30:00Z,2026-10-01T13:50:16+00:00
KXNFLRECYDS-26OCT04INDWAS,KXNFLRECYDS,KXNFLRECYDS-26OCT04INDWAS-WASSDIGGS3-50,Stefon Diggs: 50+ receiving yards,0.4000,0.4300,0.0000,0.00,0.00,active,2026-10-06T13:30:00Z,2026-10-01T13:50:16+00:00
KXNFLRECYDS-26OCT04INDWAS,KXNFLRECYDS,KXNFLRECYDS-26OCT04INDWAS-INDKALLEN10-70,Keenan Allen: 70+ receiving yards,0.1200,0.1400,0.1500,69.57,69.57,active,2026-10-06T13:30:00Z,2026-10-01T13:50:16+00:00
KXNFLRECYDS-26OCT04INDWAS,KXNFLRECYDS,KXNFLRECYDS-26OCT04INDWAS-WASAWILLIAMS14-25,Antonio Williams: 25+ receiving yards,0.3500,0.3800,0.0000,0.00,0.00,active,2026-10-06T13:30:00Z,2026-10-01T13:50:16+00:00
KXNFLRECYDS-26OCT04INDWAS,KXNFLRECYDS,KXNFLRECYDS-26OCT04INDWAS-WASAWILLIAMS14-40,Antonio Williams: 40+ receiving yards,0.1700,0.2000,0.0000,0.00,0.00,active,2026-10-06T13:30:00Z,2026-10-01T13:50:16+00:00
KXNFLRECYDS-26OCT04INDWAS,KXNFLRECYDS,KXNFLRECYDS-26OCT04INDWAS-WASAWILLIAMS14-70,Antonio Williams: 70+ receiving yards,0.0300,0.0600,0.0000,0.00,0.00,active,2026-10-06T13:30:00Z,2026-10-01T13:50:16+00:00
KXNFLRECYDS-26OCT04INDWAS,KXNFLRECYDS,KXNFLRECYDS-26OCT04INDWAS-INDJTAYLOR28-40,Jonathan Taylor: 40+ receiving yards,0.1700,0.2000,0.1600,4.00,4.00,active,2026-10-06T13:30:00Z,2026-10-01T13:50:16+00:00
KXNFLRECYDS-26OCT04INDWAS,KXNFLRECYDS,KXNFLRECYDS-26OCT04INDWAS-WASTMCLAURIN17-70,Terry McLaurin: 70+ receiving yards,0.2800,0.3200,0.2800,13.61,13.61,active,2026-10-06T13:30:00Z,2026-10-01T13:50:16+00:00
KXNFLRECYDS-26OCT04INDWAS,KXNFLRECYDS,KXNFLRECYDS-26OCT04INDWAS-INDKALLEN10-25,Keenan Allen: 25+ receiving yards,0.6200,0.6600,0.0000,0.00,0.00,active,2026-10-06T13:30:00Z,2026-10-01T13:50:16+00:00
KXNFLRECYDS-26OCT04INDWAS,KXNFLRECYDS,KXNFLRECYDS-26OCT04INDWAS-WASTMCLAURIN17-90,Terry McLaurin: 90+ receiving yards,0.1400,0.1800,0.1700,4.00,4.00,active,2026-10-06T13:30:00Z,2026-10-01T13:50:16+00:00
KXNFLRECYDS-26OCT04INDWAS,KXNFLRECYDS,KXNFLRECYDS-26OCT04INDWAS-WASSDIGGS3-25,Stefon Diggs: 25+ receiving yards,0.7000,0.7600,0.0000,0.00,0.00,active,2026-10-06T13:30:00Z,2026-10-01T13:50:16+00:00
KXNFLRECYDS-26OCT04INDWAS,KXNFLRECYDS,KXNFLRECYDS-26OCT04INDWAS-INDTWARREN84-40,Tyler Warren: 40+ receiving yards,0.6000,0.6200,0.6300,287.69,287.69,active,2026-10-06T13:30:00Z,2026-10-01T13:50:16+00:00
KXNFLRECYDS-26OCT04INDWAS,KXNFLRECYDS,KXNFLRECYDS-26OCT04INDWAS-WASTMCLAURIN17-100,Terry McLaurin: 100+ receiving yards,0.0800,0.1400,0.0000,0.00,0.00,active,2026-10-06T13:30:00Z,2026-10-01T13:50:16+00:00
KXNFLRECYDS-26OCT04INDWAS,KXNFLRECYDS,KXNFLRECYDS-26OCT04INDWAS-WASTMCLAURIN17-50,Terry McLaurin: 50+ receiving yards,0.5300,0.5400,0.5700,34.05,34.05,active,2026-10-06T13:30:00Z,2026-10-01T13:50:16+00:00
KXNFLRECYDS-26OCT04INDWAS,KXNFLRECYDS,KXNFLRECYDS-26OCT04INDWAS-WASTMCLAURIN17-80,Terry McLaurin: 80+ receiving yards,0.1900,0.2500,0.0000,0.00,0.00,active,2026-10-06T13:30:00Z,2026-10-01T13:50:16+00:00
KXNFLRECYDS-26OCT04INDWAS,KXNFLRECYDS,KXNFLRECYDS-26OCT04INDWAS-WASAWILLIAMS14-60,Antonio Williams: 60+ receiving yards,0.0400,0.0900,0.0000,0.00,0.00,active,2026-10-06T13:30:00Z,2026-10-01T13:50:16+00:00
KXNFLRECYDS-26OCT04INDWAS,KXNFLRECYDS,KXNFLRECYDS-26OCT04INDWAS-INDTWARREN84-60,Tyler Warren: 60+ receiving yards,0.3300,0.3500,0.3500,289.00,289.00,active,2026-10-06T13:30:00Z,2026-10-01T13:50:16+00:00
KXNFLRECYDS-26OCT04INDWAS,KXNFLRECYDS,KXNFLRECYDS-26OCT04INDWAS-WASAWILLIAMS14-50,Antonio Williams: 50+ receiving yards,0.0700,0.1300,0.0000,0.00,0.00,active,2026-10-06T13:30:00Z,2026-10-01T13:50:16+00:00
KXNFLRECYDS-26OCT04INDWAS,KXNFLRECYDS,KXNFLRECYDS-26OCT04INDWAS-INDTWARREN84-80,Tyler Warren: 80+ receiving yards,0.1200,0.1700,0.1800,26.26,26.26,active,2026-10-06T13:30:00Z,2026-10-01T13:50:16+00:00
KXNFLRECYDS-26OCT04INDWAS,KXNFLRECYDS,KXNFLRECYDS-26OCT04INDWAS-INDJTAYLOR28-50,Jonathan Taylor: 50+ receiving yards,0.0700,0.1300,0.0000,0.00,0.00,active,2026-10-06T13:30:00Z,2026-10-01T13:50:16+00:00
KXNFLRECYDS-26OCT04INDWAS,KXNFLRECYDS,KXNFLRECYDS-26OCT04INDWAS-WASTMCLAURIN17-40,Terry McLaurin: 40+ receiving yards,0.6100,0.6500,0.6900,70.41,70.41,active,2026-10-06T13:30:00Z,2026-10-01T13:50:16+00:00
KXNFLRECYDS-26OCT04INDWAS,KXNFLRECYDS,KXNFLRECYDS-26OCT04INDWAS-INDJTAYLOR28-25,Jonathan Taylor: 25+ receiving yards,0.3800,0.4000,0.4000,97.02,64.91,active,2026-10-06T13:30:00Z,2026-10-01T13:50:16+00:00
KXNFLRECYDS-26OCT04INDWAS,KXNFLRECYDS,KXNFLRECYDS-26OCT04INDWAS-INDJDOWNS2-120,Josh Downs: 120+ receiving yards,0.0500,0.1000,0.0000,0.00,0.00,active,2026-10-06T13:30:00Z,2026-10-01T13:50:16+00:00
KXNFLRECYDS-26OCT04INDWAS,KXNFLRECYDS,KXNFLRECYDS-26OCT04INDWAS-INDTWARREN84-50,Tyler Warren: 50+ receiving yards,0.4500,0.4800,0.4800,1622.50,1612.71,active,2026-10-06T13:30:00Z,2026-10-01T13:50:16+00:00
KXNFLRECYDS-26OCT04INDWAS,KXNFLRECYDS,KXNFLRECYDS-26OCT04INDWAS-INDJDOWNS2-60,Josh Downs: 60+ receiving yards,0.5300,0.5400,0.5300,3034.62,3023.62,active,2026-10-06T13:30:00Z,2026-10-01T13:50:16+00:00
KXNFLRECYDS-26OCT04INDWAS,KXNFLRECYDS,KXNFLRECYDS-26OCT04INDWAS-INDJDOWNS2-90,Josh Downs: 90+ receiving yards,0.2000,0.2500,0.2900,1768.16,1768.16,active,2026-10-06T13:30:00Z,2026-10-01T13:50:16+00:00
KXNFLRECYDS-26OCT04INDWAS,KXNFLRECYDS,KXNFLRECYDS-26OCT04INDWAS-INDJDOWNS2-100,Josh Downs: 100+ receiving yards,0.1800,0.1900,0.2100,1353.76,1353.76,active,2026-10-06T13:30:00Z,2026-10-01T13:50:16+00:00
KXNFLRECYDS-26OCT04INDWAS,KXNFLRECYDS,KXNFLRECYDS-26OCT04INDWAS-INDJDOWNS2-130,Josh Downs: 130+ receiving yards,0.0300,0.0800,0.0000,0.00,0.00,active,2026-10-06T13:30:00Z,2026-10-01T13:50:16+00:00
KXNFLRECYDS-26OCT04INDWAS,KXNFLRECYDS,KXNFLRECYDS-26OCT04INDWAS-INDJDOWNS2-140,Josh Downs: 140+ receiving yards,0.0300,0.0600,0.0000,0.00,0.00,active,2026-10-06T13:30:00Z,2026-10-01T13:50:16+00:00
KXNFLRECYDS-26OCT04INDWAS,KXNFLRECYDS,KXNFLRECYDS-26OCT04INDWAS-WASSDIGGS3-70,Stefon Diggs: 70+ receiving yards,0.1700,0.2300,0.0000,0.00,0.00,active,2026-10-06T13:30:00Z,2026-10-01T13:50:16+00:00
KXNFLRECYDS-26OCT04INDWAS,KXNFLRECYDS,KXNFLRECYDS-26OCT04INDWAS-INDTWARREN84-70,Tyler Warren: 70+ receiving yards,0.2400,0.2500,0.2600,25.59,25.59,active,2026-10-06T13:30:00Z,2026-10-01T13:50:16+00:00
KXNFLRECYDS-26OCT04INDWAS,KXNFLRECYDS,KXNFLRECYDS-26OCT04INDWAS-INDKALLEN10-50,Keenan Allen: 50+ receiving yards,0.2800,0.3100,0.2800,1.00,1.00,active,2026-10-06T13:30:00Z,2026-10-01T13:50:16+00:00
KXNFLRECYDS-26OCT04INDWAS,KXNFLRECYDS,KXNFLRECYDS-26OCT04INDWAS-INDJDOWNS2-50,Josh Downs: 50+ receiving yards,0.6200,0.6500,0.6600,14.76,14.76,active,2026-10-06T13:30:00Z,2026-10-01T13:50:16+00:00
KXNFLRECYDS-26OCT04INDWAS,KXNFLRECYDS,KXNFLRECYDS-26OCT04INDWAS-INDJDOWNS2-80,Josh Downs: 80+ receiving yards,0.3100,0.3300,0.3700,1941.41,1941.41,active,2026-10-06T13:30:00Z,2026-10-01T13:50:16+00:00
KXNFLRECYDS-26OCT04INDWAS,KXNFLRECYDS,KXNFLRECYDS-26OCT04INDWAS-INDJDOWNS2-40,Josh Downs: 40+ receiving yards,0.7200,0.7500,0.7600,25.75,25.75,active,2026-10-06T13:30:00Z,2026-10-01T13:50:16+00:00
KXNFLRECYDS-26OCT04INDWAS,KXNFLRECYDS,KXNFLRECYDS-26OCT04INDWAS-WASSDIGGS3-40,Stefon Diggs: 40+ receiving yards,0.5300,0.5500,0.5700,635.77,635.77,active,2026-10-06T13:30:00Z,2026-10-01T13:50:16+00:00
KXNFLRECYDS-26OCT04INDWAS,KXNFLRECYDS,KXNFLRECYDS-26OCT04INDWAS-WASTMCLAURIN17-55,Terry McLaurin: 55+ receiving yards,0.3400,0.5100,0.5300,91.78,91.78,active,2026-10-06T13:30:00Z,2026-10-01T13:50:16+00:00
KXNFLRECYDS-26OCT04INDWAS,KXNFLRECYDS,KXNFLRECYDS-26OCT04INDWAS-WASSDIGGS3-15,Stefon Diggs: 15+ receiving yards,0.8100,0.8800,0.0000,0.00,0.00,active,2026-10-06T13:30:00Z,2026-10-01T13:50:16+00:00
KXNFLRECYDS-26OCT04INDWAS,KXNFLRECYDS,KXNFLRECYDS-26OCT04INDWAS-WASTMCLAURIN17-25,Terry McLaurin: 25+ receiving yards,0.7500,0.7900,0.0000,0.00,0.00,active,2026-10-06T13:30:00Z,2026-10-01T13:50:16+00:00
KXNFLRECYDS-26OCT04INDWAS,KXNFLRECYDS,KXNFLRECYDS-26OCT04INDWAS-INDTWARREN84-90,Tyler Warren: 90+ receiving yards,0.0700,0.1100,0.1700,5001.17,5001.17,active,2026-10-06T13:30:00Z,2026-10-01T13:50:16+00:00
KXNFLRECYDS-26OCT04INDWAS,KXNFLRECYDS,KXNFLRECYDS-26OCT04INDWAS-INDKALLEN10-100,Keenan Allen: 100+ receiving yards,0.0200,0.0400,0.0000,0.00,0.00,active,2026-10-06T13:30:00Z,2026-10-01T13:50:16+00:00
KXNFLRECYDS-26OCT04INDWAS,KXNFLRECYDS,KXNFLRECYDS-26OCT04INDWAS-INDTWARREN84-100,Tyler Warren: 100+ receiving yards,0.0400,0.0800,0.0000,0.00,0.00,active,2026-10-06T13:30:00Z,2026-10-01T13:50:16+00:00
KXNFLRECYDS-26OCT04INDWAS,KXNFLRECYDS,KXNFLRECYDS-26OCT04INDWAS-INDJTAYLOR28-15,Jonathan Taylor: 15+ receiving yards,0.5800,0.6200,0.0000,0.00,0.00,active,2026-10-06T13:30:00Z,2026-10-01T13:50:16+00:00
KXNFLRECYDS-26OCT04INDWAS,KXNFLRECYDS,KXNFLRECYDS-26OCT04INDWAS-INDKALLEN10-90,Keenan Allen: 90+ receiving yards,0.0300,0.0700,0.0000,0.00,0.00,active,2026-10-06T13:30:00Z,2026-10-01T13:50:16+00:00
KXNFLRECYDS-26OCT04INDWAS,KXNFLRECYDS,KXNFLRECYDS-26OCT04INDWAS-INDJTAYLOR28-60,Jonathan Taylor: 60+ receiving yards,0.0300,0.0800,0.0000,0.00,0.00,active,2026-10-06T13:30:00Z,2026-10-01T13:50:16+00:00
KXNFLRECYDS-26OCT04JACCIN,KXNFLRECYDS,KXNFLRECYDS-26OCT04JACCIN-CINTHIGGINS5-140,Tee Higgins: 140+ receiving yards,0.0300,0.0800,0.0000,0.00,0.00,active,2026-10-06T17:00:00Z,2026-10-01T13:50:16+00:00
KXNFLRECYDS-26OCT04JACCIN,KXNFLRECYDS,KXNFLRECYDS-26OCT04JACCIN-JACBTUTEN33-40,Bhayshul Tuten: 40+ receiving yards,0.0300,0.1000,0.0000,0.00,0.00,active,2026-10-06T17:00:00Z,2026-10-01T13:50:16+00:00
KXNFLRECYDS-26OCT04JACCIN,KXNFLRECYDS,KXNFLRECYDS-26OCT04JACCIN-JACPWASHINGTON11-150,Parker Washington: 150+ receiving yards,0.0300,0.0900,0.0000,0.00,0.00,active,2026-10-06T17:00:00Z,2026-10-01T13:50:16+00:00
KXNFLRECYDS-26OCT04JACCIN,KXNFLRECYDS,KXNFLRECYDS-26OCT04JACCIN-JACJMEYERS3-100,Jakobi Meyers: 100+ receiving yards,0.0300,0.0800,0.0000,0.00,0.00,active,2026-10-06T17:00:00Z,2026-10-01T13:50:16+00:00
KXNFLRECYDS-26OCT04JACCIN,KXNFLRECYDS,KXNFLRECYDS-26OCT04JACCIN-CINSPERINE34-40,Samaje Perine: 40+ receiving yards,0.0300,0.0900,0.0000,0.00,0.00,active,2026-10-06T17:00:00Z,2026-10-01T13:50:16+00:00
KXNFLRECYDS-26OCT04JACCIN,KXNFLRECYDS,KXNFLRECYDS-26OCT04JACCIN-CINDMEYERS81-70,Dohnte Meyers: 70+ receiving yards,0.0300,0.0900,0.0000,0.00,0.00,active,2026-10-06T17:00:00Z,2026-10-01T13:50:16+00:00
KXNFLRECYDS-26OCT04JACCIN,KXNFLRECYDS,KXNFLRECYDS-26OCT04JACCIN-CINTHIGGINS5-130,Tee Higgins: 130+ receiving yards,0.0300,0.0900,0.0000,0.00,0.00,active,2026-10-06T17:00:00Z,2026-10-01T13:50:16+00:00
KXNFLRECYDS-26OCT04JACCIN,KXNFLRECYDS,KXNFLRECYDS-26OCT04JACCIN-CINSPERINE34-10,Samaje Perine: 10+ receiving yards,0.4700,0.5000,0.0000,0.00,0.00,active,2026-10-06T17:00:00Z,2026-10-01T13:50:16+00:00
KXNFLRECYDS-26OCT04JACCIN,KXNFLRECYDS,KXNFLRECYDS-26OCT04JACCIN-CINTHIGGINS5-120,Tee Higgins: 120+ receiving yards,0.0300,0.1200,0.0000,0.00,0.00,active,2026-10-06T17:00:00Z,2026-10-01T13:50:16+00:00
KXNFLRECYDS-26OCT04JACCIN,KXNFLRECYDS,KXNFLRECYDS-26OCT04JACCIN-CINCBROWN30-60,Chase Brown: 60+ receiving yards,0.0300,0.0800,0.0000,0.00,0.00,active,2026-10-06T17:00:00Z,2026-10-01T13:50:16+00:00
KXNFLRECYDS-26OCT04JACCIN,KXNFLRECYDS,KXNFLRECYDS-26OCT04JACCIN-CINDSAMPLE89-25,Drew Sample: 25+ receiving yards,0.1000,0.1200,0.0000,0.00,0.00,active,2026-10-06T17:00:00Z,2026-10-01T13:50:16+00:00
KXNFLRECYDS-26OCT04JACCIN,KXNFLRECYDS,KXNFLRECYDS-26OCT04JACCIN-CINDMEYERS81-15,Dohnte Meyers: 15+ receiving yards,0.5400,0.6000,0.0000,0.00,0.00,active,2026-10-06T17:00:00Z,2026-10-01T13:50:16+00:00
KXNFLRECYDS-26OCT04JACCIN,KXNFLRECYDS,KXNFLRECYDS-26OCT04JACCIN-CINMGESICKI88-90,Mike Gesicki: 90+ receiving yards,0.0200,0.0700,0.0000,0.00,0.00,active,2026-10-06T17:00:00Z,2026-10-01T13:50:16+00:00
KXNFLRECYDS-26OCT04JACCIN,KXNFLRECYDS,KXNFLRECYDS-26OCT04JACCIN-CINDMEYERS81-60,Dohnte Meyers: 60+ receiving yards,0.0300,0.1100,0.0000,0.00,0.00,active,2026-10-06T17:00:00Z,2026-10-01T13:50:16+00:00
KXNFLRECYDS-26OCT04JACCIN,KXNFLRECYDS,KXNFLRECYDS-26OCT04JACCIN-CINSPERINE34-15,Samaje Perine: 15+ receiving yards,0.3400,0.3800,0.0000,0.00,0.00,active,2026-10-06T17:00:00Z,2026-10-01T13:50:16+00:00
KXNFLRECYDS-26OCT04JACCIN,KXNFLRECYDS,KXNFLRECYDS-26OCT04JACCIN-CINTHIGGINS5-70,Tee Higgins: 70+ receiving yards,0.3900,0.4200,0.4300,34.04,34.04,active,2026-10-06T17:00:00Z,2026-10-01T13:50:16+00:00
KXNFLRECYDS-26OCT04JACCIN,KXNFLRECYDS,KXNFLRECYDS-26OCT04JACCIN-JACBTUTEN33-15,Bhayshul Tuten: 15+ receiving yards,0.3600,0.4100,0.4100,11.71,11.71,active,2026-10-06T17:00:00Z,2026-10-01T13:50:16+00:00
KXNFLRECYDS-26OCT04JACCIN,KXNFLRECYDS,KXNFLRECYDS-26OCT04JACCIN-CINMGESICKI88-80,Mike Gesicki: 80+ receiving yards,0.0300,0.0800,0.0000,0.00,0.00,active,2026-10-06T17:00:00Z,2026-10-01T13:50:16+00:00
KXNFLRECYDS-26OCT04JACCIN,KXNFLRECYDS,KXNFLRECYDS-26OCT04JACCIN-JACBTHOMAS7-30,Brian Thomas Jr.: 30+ receiving yards,0.4700,0.5000,0.0000,0.00,0.00,active,2026-10-06T17:00:00Z,2026-10-01T13:50:16+00:00
KXNFLRECYDS-26OCT04JACCIN,KXNFLRECYDS,KXNFLRECYDS-26OCT04JACCIN-CINJCHASE1-40,Ja'Marr Chase: 40+ receiving yards,0.8300,0.8600,0.8600,11.51,11.51,active,2026-10-06T17:00:00Z,2026-10-01T13:50:16+00:00
KXNFLRECYDS-26OCT04JACCIN,KXNFLRECYDS,KXNFLRECYDS-26OCT04JACCIN-JACJMEYERS3-40,Jakobi Meyers: 40+ receiving yards,0.4900,0.5300,0.5400,2181.12,2181.12,active,2026-10-06T17:00:00Z,2026-10-01T13:50:16+00:00
KXNFLRECYDS-26OCT04JACCIN,KXNFLRECYDS,KXNFLRECYDS-26OCT04JACCIN-JACJMEYERS3-110,Jakobi Meyers: 110+ receiving yards,0.0200,0.0800,0.0000,0.00,0.00,active,2026-10-06T17:00:00Z,2026-10-01T13:50:16+00:00
KXNFLRECYDS-26OCT04JACCIN,KXNFLRECYDS,KXNFLRECYDS-26OCT04JACCIN-CINJCHASE1-60,Ja'Marr Chase: 60+ receiving yards,0.6700,0.7000,0.0000,0.00,0.00,active,2026-10-06T17:00:00Z,2026-10-01T13:50:16+00:00
KXNFLRECYDS-26OCT04JACCIN,KXNFLRECYDS,KXNFLRECYDS-26OCT04JACCIN-CINJCHASE1-90,Ja'Marr Chase: 90+ receiving yards,0.3900,0.4200,0.4100,23.42,23.42,active,2026-10-06T17:00:00Z,2026-10-01T13:50:16+00:00
KXNFLRECYDS-26OCT04JACCIN,KXNFLRECYDS,KXNFLRECYDS-26OCT04JACCIN-JACJMEYERS3-15,Jakobi Meyers: 15+ receiving yards,0.7100,0.8700,0.0000,0.00,0.00,active,2026-10-06T17:00:00Z,2026-10-01T13:50:16+00:00
KXNFLRECYDS-26OCT04JACCIN,KXNFLRECYDS,KXNFLRECYDS-26OCT04JACCIN-CINTHIGGINS5-90,Tee Higgins: 90+ receiving yards,0.2200,0.2600,0.2600,10.97,10.97,active,2026-10-06T17:00:00Z,2026-10-01T13:50:16+00:00
KXNFLRECYDS-26OCT04JACCIN,KXNFLRECYDS,KXNFLRECYDS-26OCT04JACCIN-CINCBROWN30-25,Chase Brown: 25+ receiving yards,0.3400,0.4000,0.0000,0.00,0.00,active,2026-10-06T17:00:00Z,2026-10-01T13:50:16+00:00
KXNFLRECYDS-26OCT04JACCIN,KXNFLRECYDS,KXNFLRECYDS-26OCT04JACCIN-CINMGESICKI88-15,Mike Gesicki: 15+ receiving yards,0.7000,0.7200,0.0000,0.00,0.00,active,2026-10-06T17:00:00Z,2026-10-01T13:50:16+00:00
KXNFLRECYDS-26OCT04JACCIN,KXNFLRECYDS,KXNFLRECYDS-26OCT04JACCIN-JACPWASHINGTON11-140,Parker Washington: 140+ receiving yards,0.0500,0.1100,0.0900,20.89,20.89,active,2026-10-06T17:00:00Z,2026-10-01T13:50:16+00:00
KXNFLRECYDS-26OCT04JACCIN,KXNFLRECYDS,KXNFLRECYDS-26OCT04JACCIN-CINJCHASE1-150,Ja'Marr Chase: 150+ receiving yards,0.0700,0.1000,0.1000,130.26,130.26,active,2026-10-06T17:00:00Z,2026-10-01T13:50:16+00:00
KXNFLRECYDS-26OCT04JACCIN,KXNFLRECYDS,KXNFLRECYDS-26OCT04JACCIN-CINMGESICKI88-25,Mike Gesicki: 25+ receiving yards,0.5400,0.5900,0.0000,0.00,0.00,active,2026-10-06T17:00:00Z,2026-10-01T13:50:16+00:00
KXNFLRECYDS-26OCT04JACCIN,KXNFLRECYDS,KXNFLRECYDS-26OCT04JACCIN-CINJCHASE1-140,Ja'Marr Chase: 140+ receiving yards,0.0600,0.1400,0.1300,74.37,74.37,active,2026-10-06T17:00:00Z,2026-10-01T13:50:16+00:00
KXNFLRECYDS-26OCT04JACCIN,KXNFLRECYDS,KXNFLRECYDS-26OCT04JACCIN-JACBTHOMAS7-50,Brian Thomas Jr.: 50+ receiving yards,0.1200,0.2700,0.0000,0.00,0.00,active,2026-10-06T17:00:00Z,2026-10-01T13:50:16+00:00
KXNFLRECYDS-26OCT04JACCIN,KXNFLRECYDS,KXNFLRECYDS-26OCT04JACCIN-JACJMEYERS3-25,Jakobi Meyers: 25+ receiving yards,0.7200,0.7400,0.0000,0.00,0.00,active,2026-10-06T17:00:00Z,2026-10-01T13:50:16+00:00
KXNFLRECYDS-26OCT04JACCIN,KXNFLRECYDS,KXNFLRECYDS-26OCT04JACCIN-CINJCHASE1-160,Ja'Marr Chase: 160+ receiving yards,0.0400,0.0800,0.0700,40.23,40.23,active,2026-10-06T17:00:00Z,2026-10-01T13:50:16+00:00
KXNFLRECYDS-26OCT04JACCIN,KXNFLRECYDS,KXNFLRECYDS-26OCT04JACCIN-JACBSTRANGE85-15,Brenton Strange: 15+ receiving yards,0.7600,0.8100,0.0000,0.00,0.00,active,2026-10-06T17:00:00Z,2026-10-01T13:50:16+00:00
KXNFLRECYDS-26OCT04JACCIN,KXNFLRECYDS,KXNFLRECYDS-26OCT04JACCIN-JACBSTRANGE85-25,Brenton Strange: 25+ receiving yards,0.6100,0.6700,0.0000,0.00,0.00,active,2026-10-06T17:00:00Z,2026-10-01T13:50:16+00:00
KXNFLRECYDS-26OCT04JACCIN,KXNFLRECYDS,KXNFLRECYDS-26OCT04JACCIN-CINJCHASE1-110,Ja'Marr Chase: 110+ receiving yards,0.2300,0.2600,0.2600,29.15,29.15,active,2026-10-06T17:00:00Z,2026-10-01T13:50:16+00:00
KXNFLRECYDS-26OCT04JACCIN,KXNFLRECYDS,KXNFLRECYDS-26OCT04JACCIN-CINSPERINE34-25,Samaje Perine: 25+ receiving yards,0.1700,0.2100,0.0000,0.00,0.00,active,2026-10-06T17:00:00Z,2026-10-01T13:50:16+00:00
KXNFLRECYDS-26OCT04JACCIN,KXNFLRECYDS,KXNFLRECYDS-26OCT04JACCIN-CINTHIGGINS5-40,Tee Higgins: 40+ receiving yards,0.7000,0.7400,0.7000,384.49,384.49,active,2026-10-06T17:00:00Z,2026-10-01T13:50:16+00:00
KXNFLRECYDS-26OCT04JACCIN,KXNFLRECYDS,KXNFLRECYDS-26OCT04JACCIN-CINTHIGGINS5-80,Tee Higgins: 80+ receiving yards,0.3000,0.3400,0.0000,0.00,0.00,active,2026-10-06T17:00:00Z,2026-10-01T13:50:16+00:00
KXNFLRECYDS-26OCT04JACCIN,KXNFLRECYDS,KXNFLRECYDS-26OCT04JACCIN-JACBTHOMAS7-70,Brian Thomas Jr.: 70+ receiving yards,0.0600,0.1300,0.0000,0.00,0.00,active,2026-10-06T17:00:00Z,2026-10-01T13:50:16+00:00
KXNFLRECYDS-26OCT04JACCIN,KXNFLRECYDS,KXNFLRECYDS-26OCT04JACCIN-JACBSTRANGE85-50,Brenton Strange: 50+ receiving yards,0.2700,0.3000,0.0000,0.00,0.00,active,2026-10-06T17:00:00Z,2026-10-01T13:50:16+00:00
KXNFLRECYDS-26OCT04JACCIN,KXNFLRECYDS,KXNFLRECYDS-26OCT04JACCIN-JACBSTRANGE85-70,Brenton Strange: 70+ receiving yards,0.0700,0.1500,0.0000,0.00,0.00,active,2026-10-06T17:00:00Z,2026-10-01T13:50:16+00:00
KXNFLRECYDS-26OCT04JACCIN,KXNFLRECYDS,KXNFLRECYDS-26OCT04JACCIN-JACBSTRANGE85-40,Brenton Strange: 40+ receiving yards,0.4000,0.4300,0.4400,1953.42,1953.42,active,2026-10-06T17:00:00Z,2026-10-01T13:50:16+00:00
KXNFLRECYDS-26OCT04JACCIN,KXNFLRECYDS,KXNFLRECYDS-26OCT04JACCIN-JACPWASHINGTON11-130,Parker Washington: 130+ receiving yards,0.0600,0.1400,0.0000,0.00,0.00,active,2026-10-06T17:00:00Z,2026-10-01T13:50:16+00:00
KXNFLRECYDS-26OCT04JACCIN,KXNFLRECYDS,KXNFLRECYDS-26OCT04JACCIN-JACJMEYERS3-70,Jakobi Meyers: 70+ receiving yards,0.1300,0.2100,0.0000,0.00,0.00,active,2026-10-06T17:00:00Z,2026-10-01T13:50:16+00:00
KXNFLRECYDS-26OCT04JACCIN,KXNFLRECYDS,KXNFLRECYDS-26OCT04JACCIN-JACBSTRANGE85-60,Brenton Strange: 60+ receiving yards,0.1300,0.2100,0.0000,0.00,0.00,active,2026-10-06T17:00:00Z,2026-10-01T13:50:16+00:00
KXNFLRECYDS-26OCT04JACCIN,KXNFLRECYDS,KXNFLRECYDS-26OCT04JACCIN-CINDMEYERS81-25,Dohnte Meyers: 25+ receiving yards,0.4100,0.4300,0.3900,4000.00,4000.00,active,2026-10-06T17:00:00Z,2026-10-01T13:50:16+00:00
KXNFLRECYDS-26OCT04JACCIN,KXNFLRECYDS,KXNFLRECYDS-26OCT04JACCIN-CINCBROWN30-15,Chase Brown: 15+ receiving yards,0.5700,0.6200,0.6200,39.37,39.37,active,2026-10-06T17:00:00Z,2026-10-01T13:50:16+00:00
KXNFLRECYDS-26OCT04JACCIN,KXNFLRECYDS,KXNFLRECYDS-26OCT04JACCIN-CINTHIGGINS5-100,Tee Higgins: 100+ receiving yards,0.1500,0.2000,0.0000,0.00,0.00,active,2026-10-06T17:00:00Z,2026-10-01T13:50:16+00:00
KXNFLRECYDS-26OCT04JACCIN,KXNFLRECYDS,KXNFLRECYDS-26OCT04JACCIN-CINTHIGGINS5-60,Tee Higgins: 60+ receiving yards,0.4900,0.5300,0.5300,9.13,9.13,active,2026-10-06T17:00:00Z,2026-10-01T13:50:16+00:00
KXNFLRECYDS-26OCT04JACCIN,KXNFLRECYDS,KXNFLRECYDS-26OCT04JACCIN-JACPWASHINGTON11-40,Parker Washington: 40+ receiving yards,0.7800,0.8100,0.7800,525.83,525.83,active,2026-10-06T17:00:00Z,2026-10-01T13:50:16+00:00
KXNFLRECYDS-26OCT04JACCIN,KXNFLRECYDS,KXNFLRECYDS-26OCT04JACCIN-JACPWASHINGTON11-50,Parker Washington: 50+ receiving yards,0.7100,0.7500,0.7400,26.45,26.45,active,2026-10-06T17:00:00Z,2026-10-01T13:50:16+00:00
KXNFLRECYDS-26OCT04JACCIN,KXNFLRECYDS,KXNFLRECYDS-26OCT04JACCIN-JACPWASHINGTON11-60,Parker Washington: 60+ receiving yards,0.6100,0.6500,0.6300,826.86,821.86,active,2026-10-06T17:00:00Z,2026-10-01T13:50:16+00:00
KXNFLRECYDS-26OCT04JACCIN,KXNFLRECYDS,KXNFLRECYDS-26OCT04JACCIN-JACBSTRANGE85-80,Brenton Strange: 80+ receiving yards,0.0300,0.1000,0.0000,0.00,0.00,active,2026-10-06T17:00:00Z,2026-10-01T13:50:16+00:00
KXNFLRECYDS-26OCT04JACCIN,KXNFLRECYDS,KXNFLRECYDS-26OCT04JACCIN-CINTHIGGINS5-110,Tee Higgins: 110+ receiving yards,0.1000,0.1500,0.1500,18.87,18.87,active,2026-10-06T17:00:00Z,2026-10-01T13:50:16+00:00
KXNFLRECYDS-26OCT04JACCIN,KXNFLRECYDS,KXNFLRECYDS-26OCT04JACCIN-JACBTHOMAS7-25,Brian Thomas Jr.: 25+ receiving yards,0.5000,0.5700,0.0000,0.00,0.00,active,2026-10-06T17:00:00Z,2026-10-01T13:50:16+00:00
KXNFLRECYDS-26OCT04JACCIN,KXNFLRECYDS,KXNFLRECYDS-26OCT04JACCIN-JACPWASHINGTON11-100,Parker Washington: 100+ receiving yards,0.2600,0.3000,0.2800,1683.07,1683.07,active,2026-10-06T17:00:00Z,2026-10-01T13:50:16+00:00
KXNFLRECYDS-26OCT04JACCIN,KXNFLRECYDS,KXNFLRECYDS-26OCT04JACCIN-JACJMEYERS3-80,Jakobi Meyers: 80+ receiving yards,0.0700,0.1500,0.0000,0.00,0.00,active,2026-10-06T17:00:00Z,2026-10-01T13:50:16+00:00
KXNFLRECYDS-26OCT04JACCIN,KXNFLRECYDS,KXNFLRECYDS-26OCT04JACCIN-JACBTHOMAS7-80,Brian Thomas Jr.: 80+ receiving yards,0.0300,0.1000,0.0000,0.00,0.00,active,2026-10-06T17:00:00Z,2026-10-01T13:50:16+00:00
KXNFLRECYDS-26OCT04JACCIN,KXNFLRECYDS,KXNFLRECYDS-26OCT04JACCIN-CINMGESICKI88-60,Mike Gesicki: 60+ receiving yards,0.0900,0.1700,0.0000,0.00,0.00,active,2026-10-06T17:00:00Z,2026-10-01T13:50:16+00:00
KXNFLRECYDS-26OCT04JACCIN,KXNFLRECYDS,KXNFLRECYDS-26OCT04JACCIN-JACPWASHINGTON11-110,Parker Washington: 110+ receiving yards,0.1700,0.2300,0.2200,8.62,8.62,active,2026-10-06T17:00:00Z,2026-10-01T13:50:16+00:00
KXNFLRECYDS-26OCT04JACCIN,KXNFLRECYDS,KXNFLRECYDS-26OCT04JACCIN-CINTHIGGINS5-25,Tee Higgins: 25+ receiving yards,0.8500,0.8800,0.0000,0.00,0.00,active,2026-10-06T17:00:00Z,2026-10-01T13:50:16+00:00
KXNFLRECYDS-26OCT04JACCIN,KXNFLRECYDS,KXNFLRECYDS-26OCT04JACCIN-CINCBROWN30-50,Chase Brown: 50+ receiving yards,0.0400,0.1100,0.0000,0.00,0.00,active,2026-10-06T17:00:00Z,2026-10-01T13:50:16+00:00
KXNFLRECYDS-26OCT04JACCIN,KXNFLRECYDS,KXNFLRECYDS-26OCT04JACCIN-CINCBROWN30-40,Chase Brown: 40+ receiving yards,0.1600,0.1900,0.1800,304.32,304.32,active,2026-10-06T17:00:00Z,2026-10-01T13:50:16+00:00
KXNFLRECYDS-26OCT04JACCIN,KXNFLRECYDS,KXNFLRECYDS-26OCT04JACCIN-JACPWASHINGTON11-90,Parker Washington: 90+ receiving yards,0.3500,0.3700,0.3700,142.76,142.76,active,2026-10-06T17:00:00Z,2026-10-01T13:50:16+00:00
KXNFLRECYDS-26OCT04JACCIN,KXNFLRECYDS,KXNFLRECYDS-26OCT04JACCIN-CINDSAMPLE89-15,Drew Sample: 15+ receiving yards,0.2500,0.2800,0.0000,0.00,0.00,active,2026-10-06T17:00:00Z,2026-10-01T13:50:16+00:00
KXNFLRECYDS-26OCT04JACCIN,KXNFLRECYDS,KXNFLRECYDS-26OCT04JACCIN-CINMGESICKI88-50,Mike Gesicki: 50+ receiving yards,0.2100,0.2500,0.0000,0.00,0.00,active,2026-10-06T17:00:00Z,2026-10-01T13:50:16+00:00
KXNFLRECYDS-26OCT04JACCIN,KXNFLRECYDS,KXNFLRECYDS-26OCT04JACCIN-JACBTUTEN33-25,Bhayshul Tuten: 25+ receiving yards,0.1900,0.2200,0.0000,0.00,0.00,active,2026-10-06T17:00:00Z,2026-10-01T13:50:16+00:00
KXNFLRECYDS-26OCT04JACCIN,KXNFLRECYDS,KXNFLRECYDS-26OCT04JACCIN-JACJMEYERS3-50,Jakobi Meyers: 50+ receiving yards,0.3700,0.3900,0.4000,23.99,23.99,active,2026-10-06T17:00:00Z,2026-10-01T13:50:16+00:00
KXNFLRECYDS-26OCT04JACCIN,KXNFLRECYDS,KXNFLRECYDS-26OCT04JACCIN-CINTHIGGINS5-50,Tee Higgins: 50+ receiving yards,0.5900,0.6400,0.0000,0.00,0.00,active,2026-10-06T17:00:00Z,2026-10-01T13:50:16+00:00
KXNFLRECYDS-26OCT04JACCIN,KXNFLRECYDS,KXNFLRECYDS-26OCT04JACCIN-JACBTHOMAS7-40,Brian Thomas Jr.: 40+ receiving yards,0.2900,0.3700,0.0000,0.00,0.00,active,2026-10-06T17:00:00Z,2026-10-01T13:50:16+00:00
KXNFLRECYDS-26OCT04JACCIN,KXNFLRECYDS,KXNFLRECYDS-26OCT04JACCIN-JACPWASHINGTON11-160,Parker Washington: 160+ receiving yards,0.0300,0.0700,0.0500,37.50,37.50,active,2026-10-06T17:00:00Z,2026-10-01T13:50:16+00:00
KXNFLRECYDS-26OCT04JACCIN,KXNFLRECYDS,KXNFLRECYDS-26OCT04JACCIN-CINJCHASE1-80,Ja'Marr Chase: 80+ receiving yards,0.4900,0.5100,0.5100,99.29,99.29,active,2026-10-06T17:00:00Z,2026-10-01T13:50:16+00:00
KXNFLRECYDS-26OCT04JACCIN,KXNFLRECYDS,KXNFLRECYDS-26OCT04JACCIN-JACPWASHINGTON11-120,Parker Washington: 120+ receiving yards,0.1500,0.1800,0.1900,2770.20,2770.20,active,2026-10-06T17:00:00Z,2026-10-01T13:50:16+00:00
KXNFLRECYDS-26OCT04JACCIN,KXNFLRECYDS,KXNFLRECYDS-26OCT04JACCIN-CINMGESICKI88-40,Mike Gesicki: 40+ receiving yards,0.3200,0.3600,0.0000,0.00,0.00,active,2026-10-06T17:00:00Z,2026-10-01T13:50:16+00:00
KXNFLRECYDS-26OCT04JACCIN,KXNFLRECYDS,KXNFLRECYDS-26OCT04JACCIN-CINJCHASE1-70,Ja'Marr Chase: 70+ receiving yards,0.5900,0.6100,0.6100,144.32,144.32,active,2026-10-06T17:00:00Z,2026-10-01T13:50:16+00:00
KXNFLRECYDS-26OCT04JACCIN,KXNFLRECYDS,KXNFLRECYDS-26OCT04JACCIN-CINDMEYERS81-40,Dohnte Meyers: 40+ receiving yards,0.2000,0.2300,0.0000,0.00,0.00,active,2026-10-06T17:00:00Z,2026-10-01T13:50:16+00:00
KXNFLRECYDS-26OCT04JACCIN,KXNFLRECYDS,KXNFLRECYDS-26OCT04JACCIN-CINDMEYERS81-50,Dohnte Meyers: 50+ receiving yards,0.0800,0.1600,0.0000,0.00,0.00,active,2026-10-06T17:00:00Z,2026-10-01T13:50:16+00:00
KXNFLRECYDS-26OCT04JACCIN,KXNFLRECYDS,KXNFLRECYDS-26OCT04JACCIN-JACBTHOMAS7-60,Brian Thomas Jr.: 60+ receiving yards,0.1200,0.2000,0.0000,0.00,0.00,active,2026-10-06T17:00:00Z,2026-10-01T13:50:16+00:00
KXNFLRECYDS-26OCT04JACCIN,KXNFLRECYDS,KXNFLRECYDS-26OCT04JACCIN-JACJMEYERS3-60,Jakobi Meyers: 60+ receiving yards,0.2700,0.2900,0.0000,0.00,0.00,active,2026-10-06T17:00:00Z,2026-10-01T13:50:16+00:00
KXNFLRECYDS-26OCT04JACCIN,KXNFLRECYDS,KXNFLRECYDS-26OCT04JACCIN-CINJCHASE1-50,Ja'Marr Chase: 50+ receiving yards,0.7600,0.7800,0.7800,464.81,463.81,active,2026-10-06T17:00:00Z,2026-10-01T13:50:16+00:00
KXNFLRECYDS-26OCT04JACCIN,KXNFLRECYDS,KXNFLRECYDS-26OCT04JACCIN-CINJCHASE1-120,Ja'Marr Chase: 120+ receiving yards,0.1500,0.2200,0.2200,217.42,217.42,active,2026-10-06T17:00:00Z,2026-10-01T13:50:16+00:00
KXNFLRECYDS-26OCT04JACCIN,KXNFLRECYDS,KXNFLRECYDS-26OCT04JACCIN-JACPWASHINGTON11-80,Parker Washington: 80+ receiving yards,0.4300,0.4600,0.4500,227.75,227.75,active,2026-10-06T17:00:00Z,2026-10-01T13:50:16+00:00
KXNFLRECYDS-26OCT04JACCIN,KXNFLRECYDS,KXNFLRECYDS-26OCT04JACCIN-JACBTHOMAS7-15,Brian Thomas Jr.: 15+ receiving yards,0.6500,0.7100,0.0000,0.00,0.00,active,2026-10-06T17:00:00Z,2026-10-01T13:50:16+00:00
KXNFLRECYDS-26OCT04JACCIN,KXNFLRECYDS,KXNFLRECYDS-26OCT04JACCIN-CINJCHASE1-130,Ja'Marr Chase: 130+ receiving yards,0.0800,0.1800,0.1800,114.01,114.01,active,2026-10-06T17:00:00Z,2026-10-01T13:50:16+00:00
KXNFLRECYDS-26OCT04JACCIN,KXNFLRECYDS,KXNFLRECYDS-26OCT04JACCIN-JACBTHOMAS7-90,Brian Thomas Jr.: 90+ receiving yards,0.0300,0.0700,0.0000,0.00,0.00,active,2026-10-06T17:00:00Z,2026-10-01T13:50:16+00:00
KXNFLRECYDS-26OCT04JACCIN,KXNFLRECYDS,KXNFLRECYDS-26OCT04JACCIN-CINSPERINE34-50,Samaje Perine: 50+ receiving yards,0.0200,0.0500,0.0000,0.00,0.00,active,2026-10-06T17:00:00Z,2026-10-01T13:50:16+00:00
KXNFLRECYDS-26OCT04JACCIN,KXNFLRECYDS,KXNFLRECYDS-26OCT04JACCIN-JACBSTRANGE85-90,Brenton Strange: 90+ receiving yards,0.0300,0.0800,0.0000,0.00,0.00,active,2026-10-06T17:00:00Z,2026-10-01T13:50:16+00:00
KXNFLRECYDS-26OCT04JACCIN,KXNFLRECYDS,KXNFLRECYDS-26OCT04JACCIN-JACBTHOMAS7-100,Brian Thomas Jr.: 100+ receiving yards,0.0200,0.0500,0.0000,0.00,0.00,active,2026-10-06T17:00:00Z,2026-10-01T13:50:16+00:00
KXNFLRECYDS-26OCT04JACCIN,KXNFLRECYDS,KXNFLRECYDS-26OCT04JACCIN-JACBSTRANGE85-100,Brenton Strange: 100+ receiving yards,0.0200,0.0500,0.0000,0.00,0.00,active,2026-10-06T17:00:00Z,2026-10-01T13:50:16+00:00
KXNFLRECYDS-26OCT04JACCIN,KXNFLRECYDS,KXNFLRECYDS-26OCT04JACCIN-CINDSAMPLE89-40,Drew Sample: 40+ receiving yards,0.0200,0.0600,0.0000,0.00,0.00,active,2026-10-06T17:00:00Z,2026-10-01T13:50:16+00:00
KXNFLRECYDS-26OCT04JACCIN,KXNFLRECYDS,KXNFLRECYDS-26OCT04JACCIN-JACBTUTEN33-50,Bhayshul Tuten: 50+ receiving yards,0.0200,0.0600,0.0000,0.00,0.00,active,2026-10-06T17:00:00Z,2026-10-01T13:50:16+00:00
KXNFLRECYDS-26OCT04JACCIN,KXNFLRECYDS,KXNFLRECYDS-26OCT04JACCIN-JACPWASHINGTON11-70,Parker Washington: 70+ receiving yards,0.5100,0.5500,0.5500,405.50,405.50,active,2026-10-06T17:00:00Z,2026-10-01T13:50:16+00:00
KXNFLRECYDS-26OCT04JACCIN,KXNFLRECYDS,KXNFLRECYDS-26OCT04JACCIN-CINJCHASE1-100,Ja'Marr Chase: 100+ receiving yards,0.3100,0.3300,0.3200,785.41,785.41,active,2026-10-06T17:00:00Z,2026-10-01T13:50:16+00:00
KXNFLRECYDS-26OCT04JACCIN,KXNFLRECYDS,KXNFLRECYDS-26OCT04JACCIN-JACJMEYERS3-90,Jakobi Meyers: 90+ receiving yards,0.0400,0.1100,0.0000,0.00,0.00,active,2026-10-06T17:00:00Z,2026-10-01T13:50:16+00:00
KXNFLRECYDS-26OCT04JACCIN,KXNFLRECYDS,KXNFLRECYDS-26OCT04JACCIN-CINMGESICKI88-70,Mike Gesicki: 70+ receiving yards,0.0400,0.1200,0.0000,0.00,0.00,active,2026-10-06T17:00:00Z,2026-10-01T13:50:16+00:00
KXNFLRECYDS-26OCT04KCLV,KXNFLRECYDS,KXNFLRECYDS-26OCT04KCLV-LVMMAYER87-70,Michael Mayer: 70+ receiving yards,0.0200,0.0600,0.0000,0.00,0.00,active,2026-10-06T20:25:00Z,2026-10-01T13:50:16+00:00
KXNFLRECYDS-26OCT04KCLV,KXNFLRECYDS,KXNFLRECYDS-26OCT04KCLV-LVBBOWERS89-160,Brock Bowers: 160+ receiving yards,0.0200,0.0500,0.0000,0.00,0.00,active,2026-10-06T20:25:00Z,2026-10-01T13:50:16+00:00
KXNFLRECYDS-26OCT04KCLV,KXNFLRECYDS,KXNFLRECYDS-26OCT04KCLV-KCKWALKER9-50,Kenneth Walker III: 50+ receiving yards,0.0700,0.1300,0.0000,0.00,0.00,active,2026-10-06T20:25:00Z,2026-10-01T13:50:16+00:00
KXNFLRECYDS-26OCT04KCLV,KXNFLRECYDS,KXNFLRECYDS-26OCT04KCLV-KCEJOHNSON10-40,Emmett Johnson: 40+ receiving yards,0.0300,0.0800,0.0000,0.00,0.00,active,2026-10-06T20:25:00Z,2026-10-01T13:50:16+00:00
KXNFLRECYDS-26OCT04KCLV,KXNFLRECYDS,KXNFLRECYDS-26OCT04KCLV-LVTTUCKER1-100,Tre Tucker: 100+ receiving yards,0.0300,0.0700,0.0000,0.00,0.00,active,2026-10-06T20:25:00Z,2026-10-01T13:50:16+00:00
KXNFLRECYDS-26OCT04KCLV,KXNFLRECYDS,KXNFLRECYDS-26OCT04KCLV-KCKWALKER9-60,Kenneth Walker III: 60+ receiving yards,0.0300,0.0900,0.0000,0.00,0.00,active,2026-10-06T20:25:00Z,2026-10-01T13:50:16+00:00
KXNFLRECYDS-26OCT04KCLV,KXNFLRECYDS,KXNFLRECYDS-26OCT04KCLV-KCNGRAY83-40,Noah Gray: 40+ receiving yards,0.0300,0.1000,0.0000,0.00,0.00,active,2026-10-06T20:25:00Z,2026-10-01T13:50:16+00:00
KXNFLRECYDS-26OCT04KCLV,KXNFLRECYDS,KXNFLRECYDS-26OCT04KCLV-KCTKELCE87-90,Travis Kelce: 90+ receiving yards,0.0900,0.1500,0.0000,0.00,0.00,active,2026-10-06T20:25:00Z,2026-10-01T13:50:16+00:00
KXNFLRECYDS-26OCT04KCLV,KXNFLRECYDS,KXNFLRECYDS-26OCT04KCLV-LVMMAYER87-50,Michael Mayer: 50+ receiving yards,0.0700,0.1400,0.0000,0.00,0.00,active,2026-10-06T20:25:00Z,2026-10-01T13:50:16+00:00
KXNFLRECYDS-26OCT04KCLV,KXNFLRECYDS,KXNFLRECYDS-26OCT04KCLV-KCEJOHNSON10-50,Emmett Johnson: 50+ receiving yards,0.0200,0.0600,0.0000,0.00,0.00,active,2026-10-06T20:25:00Z,2026-10-01T13:50:16+00:00
KXNFLRECYDS-26OCT04KCLV,KXNFLRECYDS,KXNFLRECYDS-26OCT04KCLV-KCKWALKER9-40,Kenneth Walker III: 40+ receiving yards,0.1600,0.2100,0.0000,0.00,0.00,active,2026-10-06T20:25:00Z,2026-10-01T13:50:16+00:00
KXNFLRECYDS-26OCT04KCLV,KXNFLRECYDS,KXNFLRECYDS-26OCT04KCLV-KCTKELCE87-110,Travis Kelce: 110+ receiving yards,0.0300,0.0800,0.0000,0.00,0.00,active,2026-10-06T20:25:00Z,2026-10-01T13:50:16+00:00
KXNFLRECYDS-26OCT04KCLV,KXNFLRECYDS,KXNFLRECYDS-26OCT04KCLV-KCRRICE4-55,Rashee Rice: 55+ receiving yards,0.5000,0.5300,0.5200,113.38,113.38,active,2026-10-06T20:25:00Z,2026-10-01T13:50:16+00:00
KXNFLRECYDS-26OCT04KCLV,KXNFLRECYDS,KXNFLRECYDS-26OCT04KCLV-KCTTHORNTON2-80,Tyquan Thornton: 80+ receiving yards,0.0300,0.0900,0.0000,0.00,0.00,active,2026-10-06T20:25:00Z,2026-10-01T13:50:16+00:00
KXNFLRECYDS-26OCT04KCLV,KXNFLRECYDS,KXNFLRECYDS-26OCT04KCLV-KCTKELCE87-100,Travis Kelce: 100+ receiving yards,0.0600,0.1000,0.0000,0.00,0.00,active,2026-10-06T20:25:00Z,2026-10-01T13:50:16+00:00
KXNFLRECYDS-26OCT04KCLV,KXNFLRECYDS,KXNFLRECYDS-26OCT04KCLV-KCTTHORNTON2-70,Tyquan Thornton: 70+ receiving yards,0.0600,0.1200,0.0000,0.00,0.00,active,2026-10-06T20:25:00Z,2026-10-01T13:50:16+00:00
KXNFLRECYDS-26OCT04KCLV,KXNFLRECYDS,KXNFLRECYDS-26OCT04KCLV-KCRRICE4-90,Rashee Rice: 90+ receiving yards,0.1500,0.2100,0.0000,0.00,0.00,active,2026-10-06T20:25:00Z,2026-10-01T13:50:16+00:00
KXNFLRECYDS-26OCT04KCLV,KXNFLRECYDS,KXNFLRECYDS-26OCT04KCLV-KCXWORTHY1-80,Xavier Worthy: 80+ receiving yards,0.0600,0.1200,0.0000,0.00,0.00,active,2026-10-06T20:25:00Z,2026-10-01T13:50:16+00:00
KXNFLRECYDS-26OCT04KCLV,KXNFLRECYDS,KXNFLRECYDS-26OCT04KCLV-KCTTHORNTON2-25,Tyquan Thornton: 25+ receiving yards,0.4200,0.4500,0.0000,0.00,0.00,active,2026-10-06T20:25:00Z,2026-10-01T13:50:16+00:00
KXNFLRECYDS-26OCT04KCLV,KXNFLRECYDS,KXNFLRECYDS-26OCT04KCLV-KCXWORTHY1-70,Xavier Worthy: 70+ receiving yards,0.1100,0.1700,0.0000,0.00,0.00,active,2026-10-06T20:25:00Z,2026-10-01T13:50:16+00:00
KXNFLRECYDS-26OCT04KCLV,KXNFLRECYDS,KXNFLRECYDS-26OCT04KCLV-LVBBOWERS89-60,Brock Bowers: 60+ receiving yards,0.6200,0.6800,0.0000,0.00,0.00,active,2026-10-06T20:25:00Z,2026-10-01T13:50:16+00:00
KXNFLRECYDS-26OCT04KCLV,KXNFLRECYDS,KXNFLRECYDS-26OCT04KCLV-KCRRICE4-40,Rashee Rice: 40+ receiving yards,0.6600,0.7000,0.0000,0.00,0.00,active,2026-10-06T20:25:00Z,2026-10-01T13:50:16+00:00
KXNFLRECYDS-26OCT04KCLV,KXNFLRECYDS,KXNFLRECYDS-26OCT04KCLV-KCRRICE4-120,Rashee Rice: 120+ receiving yards,0.0300,0.1000,0.0000,0.00,0.00,active,2026-10-06T20:25:00Z,2026-10-01T13:50:16+00:00
KXNFLRECYDS-26OCT04KCLV,KXNFLRECYDS,KXNFLRECYDS-26OCT04KCLV-LVBBOWERS89-150,Brock Bowers: 150+ receiving yards,0.0300,0.0800,0.0000,0.00,0.00,active,2026-10-06T20:25:00Z,2026-10-01T13:50:16+00:00
KXNFLRECYDS-26OCT04KCLV,KXNFLRECYDS,KXNFLRECYDS-26OCT04KCLV-KCEJOHNSON10-15,Emmett Johnson: 15+ receiving yards,0.3300,0.3500,0.0000,0.00,0.00,active,2026-10-06T20:25:00Z,2026-10-01T13:50:16+00:00
KXNFLRECYDS-26OCT04KCLV,KXNFLRECYDS,KXNFLRECYDS-26OCT04KCLV-KCTTHORNTON2-60,Tyquan Thornton: 60+ receiving yards,0.1000,0.1500,0.0000,0.00,0.00,active,2026-10-06T20:25:00Z,2026-10-01T13:50:16+00:00
KXNFLRECYDS-26OCT04KCLV,KXNFLRECYDS,KXNFLRECYDS-26OCT04KCLV-KCTKELCE87-80,Travis Kelce: 80+ receiving yards,0.1500,0.2100,0.0000,0.00,0.00,active,2026-10-06T20:25:00Z,2026-10-01T13:50:16+00:00
KXNFLRECYDS-26OCT04KCLV,KXNFLRECYDS,KXNFLRECYDS-26OCT04KCLV-KCRRICE4-130,Rashee Rice: 130+ receiving yards,0.0300,0.0800,0.0000,0.00,0.00,active,2026-10-06T20:25:00Z,2026-10-01T13:50:16+00:00
KXNFLRECYDS-26OCT04KCLV,KXNFLRECYDS,KXNFLRECYDS-26OCT04KCLV-KCTKELCE87-120,Travis Kelce: 120+ receiving yards,0.0200,0.0800,0.0000,0.00,0.00,active,2026-10-06T20:25:00Z,2026-10-01T13:50:16+00:00
KXNFLRECYDS-26OCT04KCLV,KXNFLRECYDS,KXNFLRECYDS-26OCT04KCLV-KCXWORTHY1-25,Xavier Worthy: 25+ receiving yards,0.6200,0.6600,0.0000,0.00,0.00,active,2026-10-06T20:25:00Z,2026-10-01T13:50:16+00:00
KXNFLRECYDS-26OCT04KCLV,KXNFLRECYDS,KXNFLRECYDS-26OCT04KCLV-KCRRICE4-25,Rashee Rice: 25+ receiving yards,0.8200,0.8600,0.0000,0.00,0.00,active,2026-10-06T20:25:00Z,2026-10-01T13:50:16+00:00
KXNFLRECYDS-26OCT04KCLV,KXNFLRECYDS,KXNFLRECYDS-26OCT04KCLV-KCEJOHNSON10-25,Emmett Johnson: 25+ receiving yards,0.1800,0.1900,0.0000,0.00,0.00,active,2026-10-06T20:25:00Z,2026-10-01T13:50:16+00:00
KXNFLRECYDS-26OCT04KCLV,KXNFLRECYDS,KXNFLRECYDS-26OCT04KCLV-LVJNAILOR9-40,Jalen Nailor: 40+ receiving yards,0.2100,0.2400,0.0000,0.00,0.00,active,2026-10-06T20:25:00Z,2026-10-01T13:50:16+00:00
KXNFLRECYDS-26OCT04KCLV,KXNFLRECYDS,KXNFLRECYDS-26OCT04KCLV-LVTTUCKER1-80,Tre Tucker: 80+ receiving yards,0.0600,0.1300,0.0000,0.00,0.00,active,2026-10-06T20:25:00Z,2026-10-01T13:50:16+00:00
KXNFLRECYDS-26OCT04KCLV,KXNFLRECYDS,KXNFLRECYDS-26OCT04KCLV-LVAJEANTY2-40,Ashton Jeanty: 40+ receiving yards,0.1400,0.2100,0.0000,0.00,0.00,active,2026-10-06T20:25:00Z,2026-10-01T13:50:16+00:00
KXNFLRECYDS-26OCT04KCLV,KXNFLRECYDS,KXNFLRECYDS-26OCT04KCLV-LVBBOWERS89-90,Brock Bowers: 90+ receiving yards,0.3500,0.3700,0.0000,0.00,0.00,active,2026-10-06T20:25:00Z,2026-10-01T13:50:16+00:00
KXNFLRECYDS-26OCT04KCLV,KXNFLRECYDS,KXNFLRECYDS-26OCT04KCLV-KCNGRAY83-15,Noah Gray: 15+ receiving yards,0.3200,0.3600,0.0000,0.00,0.00,active,2026-10-06T20:25:00Z,2026-10-01T13:50:16+00:00
KXNFLRECYDS-26OCT04KCLV,KXNFLRECYDS,KXNFLRECYDS-26OCT04KCLV-KCTKELCE87-60,Travis Kelce: 60+ receiving yards,0.3400,0.3800,0.0000,0.00,0.00,active,2026-10-06T20:25:00Z,2026-10-01T13:50:16+00:00
KXNFLRECYDS-26OCT04KCLV,KXNFLRECYDS,KXNFLRECYDS-26OCT04KCLV-KCNGRAY83-25,Noah Gray: 25+ receiving yards,0.1600,0.1900,0.0000,0.00,0.00,active,2026-10-06T20:25:00Z,2026-10-01T13:50:16+00:00
KXNFLRECYDS-26OCT04KCLV,KXNFLRECYDS,KXNFLRECYDS-26OCT04KCLV-LVBBOWERS89-130,Brock Bowers: 130+ receiving yards,0.0500,0.1300,0.0000,0.00,0.00,active,2026-10-06T20:25:00Z,2026-10-01T13:50:16+00:00
KXNFLRECYDS-26OCT04KCLV,KXNFLRECYDS,KXNFLRECYDS-26OCT04KCLV-LVJNAILOR9-70,Jalen Nailor: 70+ receiving yards,0.0300,0.0800,0.0000,0.00,0.00,active,2026-10-06T20:25:00Z,2026-10-01T13:50:16+00:00
KXNFLRECYDS-26OCT04KCLV,KXNFLRECYDS,KXNFLRECYDS-26OCT04KCLV-LVBBOWERS89-140,Brock Bowers: 140+ receiving yards,0.0300,0.1000,0.0000,0.00,0.00,active,2026-10-06T20:25:00Z,2026-10-01T13:50:16+00:00
KXNFLRECYDS-26OCT04KCLV,KXNFLRECYDS,KXNFLRECYDS-26OCT04KCLV-KCKWALKER9-15,Kenneth Walker III: 15+ receiving yards,0.6100,0.6500,0.0000,0.00,0.00,active,2026-10-06T20:25:00Z,2026-10-01T13:50:16+00:00
KXNFLRECYDS-26OCT04KCLV,KXNFLRECYDS,KXNFLRECYDS-26OCT04KCLV-LVBBOWERS89-120,Brock Bowers: 120+ receiving yards,0.0900,0.1700,0.0000,0.00,0.00,active,2026-10-06T20:25:00Z,2026-10-01T13:50:16+00:00
KXNFLRECYDS-26OCT04KCLV,KXNFLRECYDS,KXNFLRECYDS-26OCT04KCLV-KCRRICE4-110,Rashee Rice: 110+ receiving yards,0.0400,0.1200,0.0000,0.00,0.00,active,2026-10-06T20:25:00Z,2026-10-01T13:50:16+00:00
KXNFLRECYDS-26OCT04KCLV,KXNFLRECYDS,KXNFLRECYDS-26OCT04KCLV-LVAJEANTY2-50,Ashton Jeanty: 50+ receiving yards,0.0600,0.1300,0.0000,0.00,0.00,active,2026-10-06T20:25:00Z,2026-10-01T13:50:16+00:00
KXNFLRECYDS-26OCT04KCLV,KXNFLRECYDS,KXNFLRECYDS-26OCT04KCLV-LVAJEANTY2-60,Ashton Jeanty: 60+ receiving yards,0.0300,0.0900,0.0000,0.00,0.00,active,2026-10-06T20:25:00Z,2026-10-01T13:50:16+00:00
KXNFLRECYDS-26OCT04KCLV,KXNFLRECYDS,KXNFLRECYDS-26OCT04KCLV-KCXWORTHY1-40,Xavier Worthy: 40+ receiving yards,0.3900,0.4400,0.0000,0.00,0.00,active,2026-10-06T20:25:00Z,2026-10-01T13:50:16+00:00
KXNFLRECYDS-26OCT04KCLV,KXNFLRECYDS,KXNFLRECYDS-26OCT04KCLV-LVAJEANTY2-25,Ashton Jeanty: 25+ receiving yards,0.3600,0.4200,0.4200,58.48,58.48,active,2026-10-06T20:25:00Z,2026-10-01T13:50:16+00:00
KXNFLRECYDS-26OCT04KCLV,KXNFLRECYDS,KXNFLRECYDS-26OCT04KCLV-KCRRICE4-80,Rashee Rice: 80+ receiving yards,0.2400,0.2800,0.0000,0.00,0.00,active,2026-10-06T20:25:00Z,2026-10-01T13:50:16+00:00
KXNFLRECYDS-26OCT04KCLV,KXNFLRECYDS,KXNFLRECYDS-26OCT04KCLV-KCTTHORNTON2-20,Tyquan Thornton: 20+ receiving yards,0.4900,0.5200,0.5100,19.90,19.90,active,2026-10-06T20:25:00Z,2026-10-01T13:50:16+00:00
KXNFLRECYDS-26OCT04KCLV,KXNFLRECYDS,KXNFLRECYDS-26OCT04KCLV-LVBBOWERS89-100,Brock Bowers: 100+ receiving yards,0.2800,0.2900,0.0000,0.00,0.00,active,2026-10-06T20:25:00Z,2026-10-01T13:50:16+00:00
KXNFLRECYDS-26OCT04KCLV,KXNFLRECYDS,KXNFLRECYDS-26OCT04KCLV-LVMMAYER87-25,Michael Mayer: 25+ receiving yards,0.4400,0.4500,0.4600,62.66,62.66,active,2026-10-06T20:25:00Z,2026-10-01T13:50:16+00:00
KXNFLRECYDS-26OCT04KCLV,KXNFLRECYDS,KXNFLRECYDS-26OCT04KCLV-KCTTHORNTON2-50,Tyquan Thornton: 50+ receiving yards,0.1600,0.2100,0.0000,0.00,0.00,active,2026-10-06T20:25:00Z,2026-10-01T13:50:16+00:00
KXNFLRECYDS-26OCT04KCLV,KXNFLRECYDS,KXNFLRECYDS-26OCT04KCLV-KCTTHORNTON2-40,Tyquan Thornton: 40+ receiving yards,0.2500,0.2900,0.0000,0.00,0.00,active,2026-10-06T20:25:00Z,2026-10-01T13:50:16+00:00
KXNFLRECYDS-26OCT04KCLV,KXNFLRECYDS,KXNFLRECYDS-26OCT04KCLV-KCKWALKER9-25,Kenneth Walker III: 25+ receiving yards,0.3800,0.4200,0.4300,111.11,111.11,active,2026-10-06T20:25:00Z,2026-10-01T13:50:16+00:00
KXNFLRECYDS-26OCT04KCLV,KXNFLRECYDS,KXNFLRECYDS-26OCT04KCLV-LVJNAILOR9-25,Jalen Nailor: 25+ receiving yards,0.3900,0.4400,0.4400,10.93,10.93,active,2026-10-06T20:25:00Z,2026-10-01T13:50:16+00:00
KXNFLRECYDS-26OCT04KCLV,KXNFLRECYDS,KXNFLRECYDS-26OCT04KCLV-LVTTUCKER1-40,Tre Tucker: 40+ receiving yards,0.4500,0.4900,0.4800,100.00,100.00,active,2026-10-06T20:25:00Z,2026-10-01T13:50:16+00:00
KXNFLRECYDS-26OCT04KCLV,KXNFLRECYDS,KXNFLRECYDS-26OCT04KCLV-LVJNAILOR9-50,Jalen Nailor: 50+ receiving yards,0.0800,0.1600,0.0000,0.00,0.00,active,2026-10-06T20:25:00Z,2026-10-01T13:50:16+00:00
KXNFLRECYDS-26OCT04KCLV,KXNFLRECYDS,KXNFLRECYDS-26OCT04KCLV-LVTTUCKER1-70,Tre Tucker: 70+ receiving yards,0.1100,0.1900,0.1500,8.00,8.00,active,2026-10-06T20:25:00Z,2026-10-01T13:50:16+00:00
KXNFLRECYDS-26OCT04KCLV,KXNFLRECYDS,KXNFLRECYDS-26OCT04KCLV-KCXWORTHY1-60,Xavier Worthy: 60+ receiving yards,0.1800,0.2300,0.0000,0.00,0.00,active,2026-10-06T20:25:00Z,2026-10-01T13:50:16+00:00
KXNFLRECYDS-26OCT04KCLV,KXNFLRECYDS,KXNFLRECYDS-26OCT04KCLV-LVMMAYER87-60,Michael Mayer: 60+ receiving yards,0.0300,0.1000,0.0000,0.00,0.00,active,2026-10-06T20:25:00Z,2026-10-01T13:50:16+00:00
KXNFLRECYDS-26OCT04KCLV,KXNFLRECYDS,KXNFLRECYDS-26OCT04KCLV-KCTKELCE87-40,Travis Kelce: 40+ receiving yards,0.5900,0.6200,0.6200,15.61,15.61,active,2026-10-06T20:25:00Z,2026-10-01T13:50:16+00:00
KXNFLRECYDS-26OCT04KCLV,KXNFLRECYDS,KXNFLRECYDS-26OCT04KCLV-LVJNAILOR9-60,Jalen Nailor: 60+ receiving yards,0.0400,0.1100,0.0000,0.00,0.00,active,2026-10-06T20:25:00Z,2026-10-01T13:50:16+00:00
KXNFLRECYDS-26OCT04KCLV,KXNFLRECYDS,KXNFLRECYDS-26OCT04KCLV-LVAJEANTY2-70,Ashton Jeanty: 70+ receiving yards,0.0200,0.0800,0.0000,0.00,0.00,active,2026-10-06T20:25:00Z,2026-10-01T13:50:16+00:00
KXNFLRECYDS-26OCT04KCLV,KXNFLRECYDS,KXNFLRECYDS-26OCT04KCLV-LVTTUCKER1-90,Tre Tucker: 90+ receiving yards,0.0300,0.0900,0.0000,0.00,0.00,active,2026-10-06T20:25:00Z,2026-10-01T13:50:16+00:00
KXNFLRECYDS-26OCT04KCLV,KXNFLRECYDS,KXNFLRECYDS-26OCT04KCLV-LVJNAILOR9-20,Jalen Nailor: 20+ receiving yards,0.5000,0.5300,0.5200,130.23,130.23,active,2026-10-06T20:25:00Z,2026-10-01T13:50:16+00:00
KXNFLRECYDS-26OCT04KCLV,KXNFLRECYDS,KXNFLRECYDS-26OCT04KCLV-LVTTUCKER1-60,Tre Tucker: 60+ receiving yards,0.1700,0.2500,0.2200,4.00,4.00,active,2026-10-06T20:25:00Z,2026-10-01T13:50:16+00:00
KXNFLRECYDS-26OCT04KCLV,KXNFLRECYDS,KXNFLRECYDS-26OCT04KCLV-KCTKELCE87-70,Travis Kelce: 70+ receiving yards,0.2500,0.2800,0.0000,0.00,0.00,active,2026-10-06T20:25:00Z,2026-10-01T13:50:16+00:00
KXNFLRECYDS-26OCT04KCLV,KXNFLRECYDS,KXNFLRECYDS-26OCT04KCLV-LVMMAYER87-40,Michael Mayer: 40+ receiving yards,0.2000,0.2400,0.2000,236.74,236.74,active,2026-10-06T20:25:00Z,2026-10-01T13:50:16+00:00
KXNFLRECYDS-26OCT04KCLV,KXNFLRECYDS,KXNFLRECYDS-26OCT04KCLV-LVBBOWERS89-40,Brock Bowers: 40+ receiving yards,0.7600,0.8500,0.0000,0.00,0.00,active,2026-10-06T20:25:00Z,2026-10-01T13:50:16+00:00
KXNFLRECYDS-26OCT04KCLV,KXNFLRECYDS,KXNFLRECYDS-26OCT04KCLV-LVBBOWERS89-110,Brock Bowers: 110+ receiving yards,0.1400,0.2200,0.0000,0.00,0.00,active,2026-10-06T20:25:00Z,2026-10-01T13:50:16+00:00
KXNFLRECYDS-26OCT04KCLV,KXNFLRECYDS,KXNFLRECYDS-26OCT04KCLV-KCTKELCE87-50,Travis Kelce: 50+ receiving yards,0.4600,0.5000,0.5000,227.05,227.05,active,2026-10-06T20:25:00Z,2026-10-01T13:50:16+00:00
KXNFLRECYDS-26OCT04KCLV,KXNFLRECYDS,KXNFLRECYDS-26OCT04KCLV-LVMMAYER87-15,Michael Mayer: 15+ receiving yards,0.6300,0.6800,0.6800,29.11,29.11,active,2026-10-06T20:25:00Z,2026-10-01T13:50:16+00:00
KXNFLRECYDS-26OCT04KCLV,KXNFLRECYDS,KXNFLRECYDS-26OCT04KCLV-KCXWORTHY1-15,Xavier Worthy: 15+ receiving yards,0.7700,0.8000,0.0000,0.00,0.00,active,2026-10-06T20:25:00Z,2026-10-01T13:50:16+00:00
KXNFLRECYDS-26OCT04KCLV,KXNFLRECYDS,KXNFLRECYDS-26OCT04KCLV-KCRRICE4-60,Rashee Rice: 60+ receiving yards,0.4300,0.4700,0.4600,157.10,157.10,active,2026-10-06T20:25:00Z,2026-10-01T13:50:16+00:00
KXNFLRECYDS-26OCT04KCLV,KXNFLRECYDS,KXNFLRECYDS-26OCT04KCLV-KCTKELCE87-25,Travis Kelce: 25+ receiving yards,0.7800,0.8100,0.0000,0.00,0.00,active,2026-10-06T20:25:00Z,2026-10-01T13:50:16+00:00
KXNFLRECYDS-26OCT04KCLV,KXNFLRECYDS,KXNFLRECYDS-26OCT04KCLV-LVBBOWERS89-70,Brock Bowers: 70+ receiving yards,0.5300,0.5800,0.0000,0.00,0.00,active,2026-10-06T20:25:00Z,2026-10-01T13:50:16+00:00
KXNFLRECYDS-26OCT04KCLV,KXNFLRECYDS,KXNFLRECYDS-26OCT04KCLV-KCRRICE4-100,Rashee Rice: 100+ receiving yards,0.1000,0.1600,0.0000,0.00,0.00,active,2026-10-06T20:25:00Z,2026-10-01T13:50:16+00:00
KXNFLRECYDS-26OCT04KCLV,KXNFLRECYDS,KXNFLRECYDS-26OCT04KCLV-KCTTHORNTON2-15,Tyquan Thornton: 15+ receiving yards,0.5800,0.6000,0.0000,0.00,0.00,active,2026-10-06T20:25:00Z,2026-10-01T13:50:16+00:00
KXNFLRECYDS-26OCT04KCLV,KXNFLRECYDS,KXNFLRECYDS-26OCT04KCLV-LVAJEANTY2-15,Ashton Jeanty: 15+ receiving yards,0.5100,0.6400,0.0000,0.00,0.00,active,2026-10-06T20:25:00Z,2026-10-01T13:50:16+00:00
KXNFLRECYDS-26OCT04KCLV,KXNFLRECYDS,KXNFLRECYDS-26OCT04KCLV-LVTTUCKER1-50,Tre Tucker: 50+ receiving yards,0.2100,0.3600,0.0000,0.00,0.00,active,2026-10-06T20:25:00Z,2026-10-01T13:50:16+00:00
KXNFLRECYDS-26OCT04KCLV,KXNFLRECYDS,KXNFLRECYDS-26OCT04KCLV-LVBBOWERS89-50,Brock Bowers: 50+ receiving yards,0.6800,0.7700,0.0000,0.00,0.00,active,2026-10-06T20:25:00Z,2026-10-01T13:50:16+00:00
KXNFLRECYDS-26OCT04KCLV,KXNFLRECYDS,KXNFLRECYDS-26OCT04KCLV-KCRRICE4-50,Rashee Rice: 50+ receiving yards,0.5400,0.5800,0.5700,0.85,0.85,active,2026-10-06T20:25:00Z,2026-10-01T13:50:16+00:00
KXNFLRECYDS-26OCT04KCLV,KXNFLRECYDS,KXNFLRECYDS-26OCT04KCLV-LVJNAILOR9-15,Jalen Nailor: 15+ receiving yards,0.5700,0.6300,0.0000,0.00,0.00,active,2026-10-06T20:25:00Z,2026-10-01T13:50:16+00:00
KXNFLRECYDS-26OCT04KCLV,KXNFLRECYDS,KXNFLRECYDS-26OCT04KCLV-LVTTUCKER1-15,Tre Tucker: 15+ receiving yards,0.7500,0.8400,0.0000,0.00,0.00,active,2026-10-06T20:25:00Z,2026-10-01T13:50:16+00:00
KXNFLRECYDS-26OCT04KCLV,KXNFLRECYDS,KXNFLRECYDS-26OCT04KCLV-LVBBOWERS89-80,Brock Bowers: 80+ receiving yards,0.3700,0.4500,0.3900,35.28,35.28,active,2026-10-06T20:25:00Z,2026-10-01T13:50:16+00:00
KXNFLRECYDS-26OCT04KCLV,KXNFLRECYDS,KXNFLRECYDS-26OCT04KCLV-LVTTUCKER1-25,Tre Tucker: 25+ receiving yards,0.6100,0.7000,0.0000,0.00,0.00,active,2026-10-06T20:25:00Z,2026-10-01T13:50:16+00:00
KXNFLRECYDS-26OCT04KCLV,KXNFLRECYDS,KXNFLRECYDS-26OCT04KCLV-KCNGRAY83-50,Noah Gray: 50+ receiving yards,0.0200,0.0700,0.0000,0.00,0.00,active,2026-10-06T20:25:00Z,2026-10-01T13:50:16+00:00
KXNFLRECYDS-26OCT04KCLV,KXNFLRECYDS,KXNFLRECYDS-26OCT04KCLV-KCXWORTHY1-100,Xavier Worthy: 100+ receiving yards,0.0200,0.0600,0.0000,0.00,0.00,active,2026-10-06T20:25:00Z,2026-10-01T13:50:16+00:00
KXNFLRECYDS-26OCT04KCLV,KXNFLRECYDS,KXNFLRECYDS-26OCT04KCLV-KCXWORTHY1-90,Xavier Worthy: 90+ receiving yards,0.0300,0.0900,0.0000,0.00,0.00,active,2026-10-06T20:25:00Z,2026-10-01T13:50:16+00:00
KXNFLRECYDS-26OCT04KCLV,KXNFLRECYDS,KXNFLRECYDS-26OCT04KCLV-KCKWALKER9-70,Kenneth Walker III: 70+ receiving yards,0.0200,0.0600,0.0000,0.00,0.00,active,2026-10-06T20:25:00Z,2026-10-01T13:50:16+00:00
KXNFLRECYDS-26OCT04KCLV,KXNFLRECYDS,KXNFLRECYDS-26OCT04KCLV-KCRRICE4-70,Rashee Rice: 70+ receiving yards,0.3200,0.3600,0.0000,0.00,0.00,active,2026-10-06T20:25:00Z,2026-10-01T13:50:16+00:00
KXNFLRECYDS-26OCT04KCLV,KXNFLRECYDS,KXNFLRECYDS-26OCT04KCLV-KCXWORTHY1-50,Xavier Worthy: 50+ receiving yards,0.2800,0.3200,0.0000,0.00,0.00,active,2026-10-06T20:25:00Z,2026-10-01T13:50:16+00:00
KXNFLRECYDS-26OCT04LACSEA,KXNFLRECYDS,KXNFLRECYDS-26OCT04LACSEA-SEARSHAHEED22-80,Rashid Shaheed: 80+ receiving yards,0.0200,0.0600,0.0000,0.00,0.00,active,2026-10-06T20:25:00Z,2026-10-01T13:50:16+00:00
KXNFLRECYDS-26OCT04LACSEA,KXNFLRECYDS,KXNFLRECYDS-26OCT04LACSEA-SEACKUPP10-70,Cooper Kupp: 70+ receiving yards,0.0400,0.1100,0.0000,0.00,0.00,active,2026-10-06T20:25:00Z,2026-10-01T13:50:16+00:00
KXNFLRECYDS-26OCT04LACSEA,KXNFLRECYDS,KXNFLRECYDS-26OCT04LACSEA-SEACKUPP10-40,Cooper Kupp: 40+ receiving yards,0.2900,0.3200,0.0000,0.00,0.00,active,2026-10-06T20:25:00Z,2026-10-01T13:50:16+00:00
KXNFLRECYDS-26OCT04LACSEA,KXNFLRECYDS,KXNFLRECYDS-26OCT04LACSEA-SEACKUPP10-50,Cooper Kupp: 50+ receiving yards,0.1900,0.2200,0.0000,0.00,0.00,active,2026-10-06T20:25:00Z,2026-10-01T13:50:16+00:00
KXNFLRECYDS-26OCT04LACSEA,KXNFLRECYDS,KXNFLRECYDS-26OCT04LACSEA-LACLMCCONKEY15-100,Ladd McConkey: 100+ receiving yards,0.0400,0.1200,0.0000,0.00,0.00,active,2026-10-06T20:25:00Z,2026-10-01T13:50:16+00:00
KXNFLRECYDS-26OCT04LACSEA,KXNFLRECYDS,KXNFLRECYDS-26OCT04LACSEA-LACOGADSDEN86-70,Oronde Gadsden: 70+ receiving yards,0.0300,0.0900,0.0000,0.00,0.00,active,2026-10-06T20:25:00Z,2026-10-01T13:50:16+00:00
KXNFLRECYDS-26OCT04LACSEA,KXNFLRECYDS,KXNFLRECYDS-26OCT04LACSEA-LACQJOHNSTON1-100,Quentin Johnston: 100+ receiving yards,0.0300,0.0700,0.0000,0.00,0.00,active,2026-10-06T20:25:00Z,2026-10-01T13:50:16+00:00
KXNFLRECYDS-26OCT04LACSEA,KXNFLRECYDS,KXNFLRECYDS-26OCT04LACSEA-SEAJSMITHNJIGBA11-180,Jaxon Smith-Njigba: 180+ receiving yards,0.0300,0.0800,0.0000,0.00,0.00,active,2026-10-06T20:25:00Z,2026-10-01T13:50:16+00:00
KXNFLRECYDS-26OCT04LACSEA,KXNFLRECYDS,KXNFLRECYDS-26OCT04LACSEA-LACLMCCONKEY15-90,Ladd McConkey: 90+ receiving yards,0.0700,0.1500,0.0000,0.00,0.00,active,2026-10-06T20:25:00Z,2026-10-01T13:50:16+00:00
KXNFLRECYDS-26OCT04LACSEA,KXNFLRECYDS,KXNFLRECYDS-26OCT04LACSEA-SEAABARNER88-80,AJ Barner: 80+ receiving yards,0.0400,0.1000,0.0000,0.00,0.00,active,2026-10-06T20:25:00Z,2026-10-01T13:50:16+00:00
KXNFLRECYDS-26OCT04LACSEA,KXNFLRECYDS,KXNFLRECYDS-26OCT04LACSEA-SEAJSMITHNJIGBA11-60,Jaxon Smith-Njigba: 60+ receiving yards,0.7400,0.7900,0.7900,18.62,18.62,active,2026-10-06T20:25:00Z,2026-10-01T13:50:16+00:00
KXNFLRECYDS-26OCT04LACSEA,KXNFLRECYDS,KXNFLRECYDS-26OCT04LACSEA-SEAJSMITHNJIGBA11-70,Jaxon Smith-Njigba: 70+ receiving yards,0.6700,0.7100,0.7100,80.18,80.18,active,2026-10-06T20:25:00Z,2026-10-01T13:50:16+00:00
KXNFLRECYDS-26OCT04LACSEA,KXNFLRECYDS,KXNFLRECYDS-26OCT04LACSEA-SEARSHAHEED22-70,Rashid Shaheed: 70+ receiving yards,0.0300,0.0800,0.0000,0.00,0.00,active,2026-10-06T20:25:00Z,2026-10-01T13:50:16+00:00
KXNFLRECYDS-26OCT04LACSEA,KXNFLRECYDS,KXNFLRECYDS-26OCT04LACSEA-SEAABARNER88-60,AJ Barner: 60+ receiving yards,0.1300,0.2000,0.0000,0.00,0.00,active,2026-10-06T20:25:00Z,2026-10-01T13:50:16+00:00
KXNFLRECYDS-26OCT04LACSEA,KXNFLRECYDS,KXNFLRECYDS-26OCT04LACSEA-SEAJSMITHNJIGBA11-190,Jaxon Smith-Njigba: 190+ receiving yards,0.0200,0.0700,0.0500,93.76,93.76,active,2026-10-06T20:25:00Z,2026-10-01T13:50:16+00:00
KXNFLRECYDS-26OCT04LACSEA,KXNFLRECYDS,KXNFLRECYDS-26OCT04LACSEA-SEACKUPP10-80,Cooper Kupp: 80+ receiving yards,0.0300,0.0800,0.0000,0.00,0.00,active,2026-10-06T20:25:00Z,2026-10-01T13:50:16+00:00
KXNFLRECYDS-26OCT04LACSEA,KXNFLRECYDS,KXNFLRECYDS-26OCT04LACSEA-SEAABARNER88-25,AJ Barner: 25+ receiving yards,0.5900,0.6300,0.0000,0.00,0.00,active,2026-10-06T20:25:00Z,2026-10-01T13:50:16+00:00
KXNFLRECYDS-26OCT04LACSEA,KXNFLRECYDS,KXNFLRECYDS-26OCT04LACSEA-LACOGADSDEN86-80,Oronde Gadsden: 80+ receiving yards,0.0300,0.0600,0.0000,0.00,0.00,active,2026-10-06T20:25:00Z,2026-10-01T13:50:16+00:00
KXNFLRECYDS-26OCT04LACSEA,KXNFLRECYDS,KXNFLRECYDS-26OCT04LACSEA-LACQJOHNSTON1-90,Quentin Johnston: 90+ receiving yards,0.0300,0.0900,0.0000,0.00,0.00,active,2026-10-06T20:25:00Z,2026-10-01T13:50:16+00:00
KXNFLRECYDS-26OCT04LACSEA,KXNFLRECYDS,KXNFLRECYDS-26OCT04LACSEA-LACOGADSDEN86-40,Oronde Gadsden: 40+ receiving yards,0.2600,0.3000,0.2700,5.00,5.00,active,2026-10-06T20:25:00Z,2026-10-01T13:50:16+00:00
KXNFLRECYDS-26OCT04LACSEA,KXNFLRECYDS,KXNFLRECYDS-26OCT04LACSEA-LACLMCCONKEY15-110,Ladd McConkey: 110+ receiving yards,0.0300,0.1000,0.0000,0.00,0.00,active,2026-10-06T20:25:00Z,2026-10-01T13:50:16+00:00
KXNFLRECYDS-26OCT04LACSEA,KXNFLRECYDS,KXNFLRECYDS-26OCT04LACSEA-SEAJSMITHNJIGBA11-90,Jaxon Smith-Njigba: 90+ receiving yards,0.5000,0.5400,0.5200,96.43,96.43,active,2026-10-06T20:25:00Z,2026-10-01T13:50:16+00:00
KXNFLRECYDS-26OCT04LACSEA,KXNFLRECYDS,KXNFLRECYDS-26OCT04LACSEA-SEAABARNER88-30,AJ Barner: 30+ receiving yards,0.5100,0.5400,0.0000,0.00,0.00,active,2026-10-06T20:25:00Z,2026-10-01T13:50:16+00:00
KXNFLRECYDS-26OCT04LACSEA,KXNFLRECYDS,KXNFLRECYDS-26OCT04LACSEA-SEARSHAHEED22-60,Rashid Shaheed: 60+ receiving yards,0.0600,0.1100,0.0000,0.00,0.00,active,2026-10-06T20:25:00Z,2026-10-01T13:50:16+00:00
KXNFLRECYDS-26OCT04LACSEA,KXNFLRECYDS,KXNFLRECYDS-26OCT04LACSEA-LACLMCCONKEY15-60,Ladd McConkey: 60+ receiving yards,0.3200,0.3600,0.0000,0.00,0.00,active,2026-10-06T20:25:00Z,2026-10-01T13:50:16+00:00
KXNFLRECYDS-26OCT04LACSEA,KXNFLRECYDS,KXNFLRECYDS-26OCT04LACSEA-LACQJOHNSTON1-25,Quentin Johnston: 25+ receiving yards,0.6300,0.6700,0.0000,0.00,0.00,active,2026-10-06T20:25:00Z,2026-10-01T13:50:16+00:00
KXNFLRECYDS-26OCT04LACSEA,KXNFLRECYDS,KXNFLRECYDS-26OCT04LACSEA-LACQJOHNSTON1-40,Quentin Johnston: 40+ receiving yards,0.4300,0.4600,0.0000,0.00,0.00,active,2026-10-06T20:25:00Z,2026-10-01T13:50:16+00:00
KXNFLRECYDS-26OCT04LACSEA,KXNFLRECYDS,KXNFLRECYDS-26OCT04LACSEA-SEAJSMITHNJIGBA11-110,Jaxon Smith-Njigba: 110+ receiving yards,0.3300,0.3600,0.3600,26.58,26.58,active,2026-10-06T20:25:00Z,2026-10-01T13:50:16+00:00
KXNFLRECYDS-26OCT04LACSEA,KXNFLRECYDS,KXNFLRECYDS-26OCT04LACSEA-LACTHARRIS9-80,Tre' Harris: 80+ receiving yards,0.0400,0.1100,0.0000,0.00,0.00,active,2026-10-06T20:25:00Z,2026-10-01T13:50:16+00:00
KXNFLRECYDS-26OCT04LACSEA,KXNFLRECYDS,KXNFLRECYDS-26OCT04LACSEA-LACTHARRIS9-90,Tre' Harris: 90+ receiving yards,0.0200,0.0700,0.0000,0.00,0.00,active,2026-10-06T20:25:00Z,2026-10-01T13:50:16+00:00
KXNFLRECYDS-26OCT04LACSEA,KXNFLRECYDS,KXNFLRECYDS-26OCT04LACSEA-LACTHARRIS9-40,Tre' Harris: 40+ receiving yards,0.4000,0.4400,0.0000,0.00,0.00,active,2026-10-06T20:25:00Z,2026-10-01T13:50:16+00:00
KXNFLRECYDS-26OCT04LACSEA,KXNFLRECYDS,KXNFLRECYDS-26OCT04LACSEA-LACQJOHNSTON1-70,Quentin Johnston: 70+ receiving yards,0.1000,0.1800,0.0000,0.00,0.00,active,2026-10-06T20:25:00Z,2026-10-01T13:50:16+00:00
KXNFLRECYDS-26OCT04LACSEA,KXNFLRECYDS,KXNFLRECYDS-26OCT04LACSEA-SEARSHAHEED22-50,Rashid Shaheed: 50+ receiving yards,0.1300,0.1800,0.0000,0.00,0.00,active,2026-10-06T20:25:00Z,2026-10-01T13:50:16+00:00
KXNFLRECYDS-26OCT04LACSEA,KXNFLRECYDS,KXNFLRECYDS-26OCT04LACSEA-LACLMCCONKEY15-70,Ladd McConkey: 70+ receiving yards,0.2400,0.2700,0.0000,0.00,0.00,active,2026-10-06T20:25:00Z,2026-10-01T13:50:16+00:00
KXNFLRECYDS-26OCT04LACSEA,KXNFLRECYDS,KXNFLRECYDS-26OCT04LACSEA-LACQJOHNSTON1-50,Quentin Johnston: 50+ receiving yards,0.3100,0.3400,0.0000,0.00,0.00,active,2026-10-06T20:25:00Z,2026-10-01T13:50:16+00:00
KXNFLRECYDS-26OCT04LACSEA,KXNFLRECYDS,KXNFLRECYDS-26OCT04LACSEA-SEAJSMITHNJIGBA11-170,Jaxon Smith-Njigba: 170+ receiving yards,0.0300,0.1000,0.0000,0.00,0.00,active,2026-10-06T20:25:00Z,2026-10-01T13:50:16+00:00
KXNFLRECYDS-26OCT04LACSEA,KXNFLRECYDS,KXNFLRECYDS-26OCT04LACSEA-SEAJSMITHNJIGBA11-160,Jaxon Smith-Njigba: 160+ receiving yards,0.0400,0.1200,0.0000,0.00,0.00,active,2026-10-06T20:25:00Z,2026-10-01T13:50:16+00:00
KXNFLRECYDS-26OCT04LACSEA,KXNFLRECYDS,KXNFLRECYDS-26OCT04LACSEA-SEARSHAHEED22-40,Rashid Shaheed: 40+ receiving yards,0.2000,0.2600,0.2200,9.00,9.00,active,2026-10-06T20:25:00Z,2026-10-01T13:50:16+00:00
KXNFLRECYDS-26OCT04LACSEA,KXNFLRECYDS,KXNFLRECYDS-26OCT04LACSEA-LACTHARRIS9-60,Tre' Harris: 60+ receiving yards,0.0700,0.2300,0.0000,0.00,0.00,active,2026-10-06T20:25:00Z,2026-10-01T13:50:16+00:00
KXNFLRECYDS-26OCT04LACSEA,KXNFLRECYDS,KXNFLRECYDS-26OCT04LACSEA-LACLMCCONKEY15-80,Ladd McConkey: 80+ receiving yards,0.1200,0.2100,0.0000,0.00,0.00,active,2026-10-06T20:25:00Z,2026-10-01T13:50:16+00:00
KXNFLRECYDS-26OCT04LACSEA,KXNFLRECYDS,KXNFLRECYDS-26OCT04LACSEA-LACTHARRIS9-70,Tre' Harris: 70+ receiving yards,0.0800,0.1600,0.0000,0.00,0.00,active,2026-10-06T20:25:00Z,2026-10-01T13:50:16+00:00
KXNFLRECYDS-26OCT04LACSEA,KXNFLRECYDS,KXNFLRECYDS-26OCT04LACSEA-LACQJOHNSTON1-60,Quentin Johnston: 60+ receiving yards,0.2300,0.2500,0.0000,0.00,0.00,active,2026-10-06T20:25:00Z,2026-10-01T13:50:16+00:00
KXNFLRECYDS-26OCT04LACSEA,KXNFLRECYDS,KXNFLRECYDS-26OCT04LACSEA-SEAABARNER88-50,AJ Barner: 50+ receiving yards,0.2400,0.2800,0.0000,0.00,0.00,active,2026-10-06T20:25:00Z,2026-10-01T13:50:16+00:00
KXNFLRECYDS-26OCT04LACSEA,KXNFLRECYDS,KXNFLRECYDS-26OCT04LACSEA-LACOGADSDEN86-15,Oronde Gadsden: 15+ receiving yards,0.6200,0.7200,0.0000,0.00,0.00,active,2026-10-06T20:25:00Z,2026-10-01T13:50:16+00:00
KXNFLRECYDS-26OCT04LACSEA,KXNFLRECYDS,KXNFLRECYDS-26OCT04LACSEA-SEAJSMITHNJIGBA11-140,Jaxon Smith-Njigba: 140+ receiving yards,0.1300,0.1900,0.0000,0.00,0.00,active,2026-10-06T20:25:00Z,2026-10-01T13:50:16+00:00
KXNFLRECYDS-26OCT04LACSEA,KXNFLRECYDS,KXNFLRECYDS-26OCT04LACSEA-SEAJSMITHNJIGBA11-100,Jaxon Smith-Njigba: 100+ receiving yards,0.4100,0.4500,0.4500,57.06,57.06,active,2026-10-06T20:25:00Z,2026-10-01T13:50:16+00:00
KXNFLRECYDS-26OCT04LACSEA,KXNFLRECYDS,KXNFLRECYDS-26OCT04LACSEA-LACQJOHNSTON1-80,Quentin Johnston: 80+ receiving yards,0.0500,0.1300,0.0000,0.00,0.00,active,2026-10-06T20:25:00Z,2026-10-01T13:50:16+00:00
KXNFLRECYDS-26OCT04LACSEA,KXNFLRECYDS,KXNFLRECYDS-26OCT04LACSEA-SEACKUPP10-15,Cooper Kupp: 15+ receiving yards,0.6700,0.7100,0.0000,0.00,0.00,active,2026-10-06T20:25:00Z,2026-10-01T13:50:16+00:00
KXNFLRECYDS-26OCT04LACSEA,KXNFLRECYDS,KXNFLRECYDS-26OCT04LACSEA-LACOGADSDEN86-60,Oronde Gadsden: 60+ receiving yards,0.0500,0.1300,0.0000,0.00,0.00,active,2026-10-06T20:25:00Z,2026-10-01T13:50:16+00:00
KXNFLRECYDS-26OCT04LACSEA,KXNFLRECYDS,KXNFLRECYDS-26OCT04LACSEA-LACLMCCONKEY15-120,Ladd McConkey: 120+ receiving yards,0.0200,0.0700,0.0000,0.00,0.00,active,2026-10-06T20:25:00Z,2026-10-01T13:50:16+00:00
KXNFLRECYDS-26OCT04LACSEA,KXNFLRECYDS,KXNFLRECYDS-26OCT04LACSEA-LACTHARRIS9-25,Tre' Harris: 25+ receiving yards,0.6100,0.6600,0.0000,0.00,0.00,active,2026-10-06T20:25:00Z,2026-10-01T13:50:16+00:00
KXNFLRECYDS-26OCT04LACSEA,KXNFLRECYDS,KXNFLRECYDS-26OCT04LACSEA-LACLMCCONKEY15-40,Ladd McConkey: 40+ receiving yards,0.5500,0.6000,0.0000,0.00,0.00,active,2026-10-06T20:25:00Z,2026-10-01T13:50:16+00:00
KXNFLRECYDS-26OCT04LACSEA,KXNFLRECYDS,KXNFLRECYDS-26OCT04LACSEA-LACQJOHNSTON1-15,Quentin Johnston: 15+ receiving yards,0.7600,0.8000,0.0000,0.00,0.00,active,2026-10-06T20:25:00Z,2026-10-01T13:50:16+00:00
KXNFLRECYDS-26OCT04LACSEA,KXNFLRECYDS,KXNFLRECYDS-26OCT04LACSEA-SEAJSMITHNJIGBA11-120,Jaxon Smith-Njigba: 120+ receiving yards,0.2600,0.3000,0.3000,112.28,112.28,active,2026-10-06T20:25:00Z,2026-10-01T13:50:16+00:00
KXNFLRECYDS-26OCT04LACSEA,KXNFLRECYDS,KXNFLRECYDS-26OCT04LACSEA-SEAJSMITHNJIGBA11-150,Jaxon Smith-Njigba: 150+ receiving yards,0.1000,0.1400,0.1500,157.26,157.26,active,2026-10-06T20:25:00Z,2026-10-01T13:50:16+00:00
KXNFLRECYDS-26OCT04LACSEA,KXNFLRECYDS,KXNFLRECYDS-26OCT04LACSEA-LACLMCCONKEY15-50,Ladd McConkey: 50+ receiving yards,0.4400,0.4700,0.4800,100.78,100.78,active,2026-10-06T20:25:00Z,2026-10-01T13:50:16+00:00
KXNFLRECYDS-26OCT04LACSEA,KXNFLRECYDS,KXNFLRECYDS-26OCT04LACSEA-SEAABARNER88-15,AJ Barner: 15+ receiving yards,0.7600,0.7800,0.0000,0.00,0.00,active,2026-10-06T20:25:00Z,2026-10-01T13:50:16+00:00
KXNFLRECYDS-26OCT04LACSEA,KXNFLRECYDS,KXNFLRECYDS-26OCT04LACSEA-SEAJSMITHNJIGBA11-50,Jaxon Smith-Njigba: 50+ receiving yards,0.8100,0.8400,0.0000,0.00,0.00,active,2026-10-06T20:25:00Z,2026-10-01T13:50:16+00:00
KXNFLRECYDS-26OCT04LACSEA,KXNFLRECYDS,KXNFLRECYDS-26OCT04LACSEA-LACOGADSDEN86-25,Oronde Gadsden: 25+ receiving yards,0.5000,0.5300,0.5000,8.00,8.00,active,2026-10-06T20:25:00Z,2026-10-01T13:50:16+00:00
KXNFLRECYDS-26OCT04LACSEA,KXNFLRECYDS,KXNFLRECYDS-26OCT04LACSEA-LACTHARRIS9-15,Tre' Harris: 15+ receiving yards,0.7500,0.8100,0.0000,0.00,0.00,active,2026-10-06T20:25:00Z,2026-10-01T13:50:16+00:00
KXNFLRECYDS-26OCT04LACSEA,KXNFLRECYDS,KXNFLRECYDS-26OCT04LACSEA-LACLMCCONKEY15-25,Ladd McConkey: 25+ receiving yards,0.7200,0.7700,0.0000,0.00,0.00,active,2026-10-06T20:25:00Z,2026-10-01T13:50:16+00:00
KXNFLRECYDS-26OCT04LACSEA,KXNFLRECYDS,KXNFLRECYDS-26OCT04LACSEA-SEAJSMITHNJIGBA11-80,Jaxon Smith-Njigba: 80+ receiving yards,0.5800,0.6200,0.6200,73.59,73.59,active,2026-10-06T20:25:00Z,2026-10-01T13:50:16+00:00
KXNFLRECYDS-26OCT04LACSEA,KXNFLRECYDS,KXNFLRECYDS-26OCT04LACSEA-LACLMCCONKEY15-15,Ladd McConkey: 15+ receiving yards,0.7900,0.8800,0.0000,0.00,0.00,active,2026-10-06T20:25:00Z,2026-10-01T13:50:16+00:00
KXNFLRECYDS-26OCT04LACSEA,KXNFLRECYDS,KXNFLRECYDS-26OCT04LACSEA-LACOGADSDEN86-50,Oronde Gadsden: 50+ receiving yards,0.1500,0.2000,0.0000,0.00,0.00,active,2026-10-06T20:25:00Z,2026-10-01T13:50:16+00:00
KXNFLRECYDS-26OCT04LACSEA,KXNFLRECYDS,KXNFLRECYDS-26OCT04LACSEA-SEAJSMITHNJIGBA11-130,Jaxon Smith-Njigba: 130+ receiving yards,0.1900,0.2300,0.2400,40.58,40.58,active,2026-10-06T20:25:00Z,2026-10-01T13:50:16+00:00
KXNFLRECYDS-26OCT04LACSEA,KXNFLRECYDS,KXNFLRECYDS-26OCT04LACSEA-SEARSHAHEED22-25,Rashid Shaheed: 25+ receiving yards,0.3900,0.4800,0.0000,0.00,0.00,active,2026-10-06T20:25:00Z,2026-10-01T13:50:16+00:00
KXNFLRECYDS-26OCT04LACSEA,KXNFLRECYDS,KXNFLRECYDS-26OCT04LACSEA-SEARSHAHEED22-15,Rashid Shaheed: 15+ receiving yards,0.5500,0.6400,0.0000,0.00,0.00,active,2026-10-06T20:25:00Z,2026-10-01T13:50:16+00:00
KXNFLRECYDS-26OCT04LACSEA,KXNFLRECYDS,KXNFLRECYDS-26OCT04LACSEA-SEAABARNER88-40,AJ Barner: 40+ receiving yards,0.3600,0.4000,0.0000,0.00,0.00,active,2026-10-06T20:25:00Z,2026-10-01T13:50:16+00:00
KXNFLRECYDS-26OCT04LACSEA,KXNFLRECYDS,KXNFLRECYDS-26OCT04LACSEA-SEAABARNER88-90,AJ Barner: 90+ receiving yards,0.0200,0.0700,0.0000,0.00,0.00,active,2026-10-06T20:25:00Z,2026-10-01T13:50:16+00:00
KXNFLRECYDS-26OCT04LACSEA,KXNFLRECYDS,KXNFLRECYDS-26OCT04LACSEA-SEACKUPP10-25,Cooper Kupp: 25+ receiving yards,0.4900,0.5100,0.0000,0.00,0.00,active,2026-10-06T20:25:00Z,2026-10-01T13:50:16+00:00
KXNFLRECYDS-26OCT04LACSEA,KXNFLRECYDS,KXNFLRECYDS-26OCT04LACSEA-SEACKUPP10-60,Cooper Kupp: 60+ receiving yards,0.0900,0.1500,0.0000,0.00,0.00,active,2026-10-06T20:25:00Z,2026-10-01T13:50:16+00:00
KXNFLRECYDS-26OCT04LACSEA,KXNFLRECYDS,KXNFLRECYDS-26OCT04LACSEA-SEAABARNER88-70,AJ Barner: 70+ receiving yards,0.0800,0.1300,0.0000,0.00,0.00,active,2026-10-06T20:25:00Z,2026-10-01T13:50:16+00:00
KXNFLRECYDS-26OCT04LACSEA,KXNFLRECYDS,KXNFLRECYDS-26OCT04LACSEA-LACTHARRIS9-50,Tre' Harris: 50+ receiving yards,0.2900,0.3200,0.0000,0.00,0.00,active,2026-10-06T20:25:00Z,2026-10-01T13:50:16+00:00
KXNFLRECYDS-26OCT04LARPHI,KXNFLRECYDS,KXNFLRECYDS-26OCT04LARPHI-LARKWILLIAMS23-60,Kyren Williams: 60+ receiving yards,0.0200,0.0600,0.0000,0.00,0.00,active,2026-10-06T17:00:00Z,2026-10-01T13:50:16+00:00
KXNFLRECYDS-26OCT04LARPHI,KXNFLRECYDS,KXNFLRECYDS-26OCT04LARPHI-PHIDWICKS13-100,Dontayvion Wicks: 100+ receiving yards,0.0300,0.1000,0.0000,0.00,0.00,active,2026-10-06T17:00:00Z,2026-10-01T13:50:16+00:00
KXNFLRECYDS-26OCT04LARPHI,KXNFLRECYDS,KXNFLRECYDS-26OCT04LARPHI-PHIDWICKS13-60,Dontayvion Wicks: 60+ receiving yards,0.2800,0.3200,0.0000,0.00,0.00,active,2026-10-06T17:00:00Z,2026-10-01T13:50:16+00:00
KXNFLRECYDS-26OCT04LARPHI,KXNFLRECYDS,KXNFLRECYDS-26OCT04LARPHI-PHIDSMITH6-140,DeVonta Smith: 140+ receiving yards,0.0300,0.1000,0.0000,0.00,0.00,active,2026-10-06T17:00:00Z,2026-10-01T13:50:16+00:00
KXNFLRECYDS-26OCT04LARPHI,KXNFLRECYDS,KXNFLRECYDS-26OCT04LARPHI-LARKWILLIAMS23-50,Kyren Williams: 50+ receiving yards,0.0300,0.0900,0.0000,0.00,0.00,active,2026-10-06T17:00:00Z,2026-10-01T13:50:16+00:00
KXNFLRECYDS-26OCT04LARPHI,KXNFLRECYDS,KXNFLRECYDS-26OCT04LARPHI-PHIDSMITH6-70,DeVonta Smith: 70+ receiving yards,0.4700,0.5100,0.0000,0.00,0.00,active,2026-10-06T17:00:00Z,2026-10-01T13:50:16+00:00
KXNFLRECYDS-26OCT04LARPHI,KXNFLRECYDS,KXNFLRECYDS-26OCT04LARPHI-PHIDWICKS13-120,Dontayvion Wicks: 120+ receiving yards,0.0200,0.0700,0.0000,0.00,0.00,active,2026-10-06T17:00:00Z,2026-10-01T13:50:16+00:00
KXNFLRECYDS-26OCT04LARPHI,KXNFLRECYDS,KXNFLRECYDS-26OCT04LARPHI-PHIMLEMON9-70,Makai Lemon: 70+ receiving yards,0.0300,0.1000,0.0000,0.00,0.00,active,2026-10-06T17:00:00Z,2026-10-01T13:50:16+00:00
KXNFLRECYDS-26OCT04LARPHI,KXNFLRECYDS,KXNFLRECYDS-26OCT04LARPHI-PHIMLEMON9-60,Makai Lemon: 60+ receiving yards,0.0900,0.1400,0.1400,20.21,20.21,active,2026-10-06T17:00:00Z,2026-10-01T13:50:16+00:00
KXNFLRECYDS-26OCT04LARPHI,KXNFLRECYDS,KXNFLRECYDS-26OCT04LARPHI-PHIDSMITH6-130,DeVonta Smith: 130+ receiving yards,0.0300,0.1200,0.0000,0.00,0.00,active,2026-10-06T17:00:00Z,2026-10-01T13:50:16+00:00
KXNFLRECYDS-26OCT04LARPHI,KXNFLRECYDS,KXNFLRECYDS-26OCT04LARPHI-PHIDSMITH6-150,DeVonta Smith: 150+ receiving yards,0.0300,0.0700,0.0000,0.00,0.00,active,2026-10-06T17:00:00Z,2026-10-01T13:50:16+00:00
KXNFLRECYDS-26OCT04LARPHI,KXNFLRECYDS,KXNFLRECYDS-26OCT04LARPHI-PHIMLEMON9-25,Makai Lemon: 25+ receiving yards,0.5100,0.5500,0.5600,25.98,25.98,active,2026-10-06T17:00:00Z,2026-10-01T13:50:16+00:00
KXNFLRECYDS-26OCT04LARPHI,KXNFLRECYDS,KXNFLRECYDS-26OCT04LARPHI-LARDADAMS17-130,Davante Adams: 130+ receiving yards,0.0300,0.1100,0.0000,0.00,0.00,active,2026-10-06T17:00:00Z,2026-10-01T13:50:16+00:00
KXNFLRECYDS-26OCT04LARPHI,KXNFLRECYDS,KXNFLRECYDS-26OCT04LARPHI-LARDADAMS17-80,Davante Adams: 80+ receiving yards,0.3300,0.3700,0.3100,541.86,445.00,active,2026-10-06T17:00:00Z,2026-10-01T13:50:16+00:00
KXNFLRECYDS-26OCT04LARPHI,KXNFLRECYDS,KXNFLRECYDS-26OCT04LARPHI-LARDADAMS17-40,Davante Adams: 40+ receiving yards,0.7300,0.7600,0.7400,401.68,353.68,active,2026-10-06T17:00:00Z,2026-10-01T13:50:16+00:00
KXNFLRECYDS-26OCT04LARPHI,KXNFLRECYDS,KXNFLRECYDS-26OCT04LARPHI-LARDADAMS17-150,Davante Adams: 150+ receiving yards,0.0300,0.0900,0.0000,0.00,0.00,active,2026-10-06T17:00:00Z,2026-10-01T13:50:16+00:00
KXNFLRECYDS-26OCT04LARPHI,KXNFLRECYDS,KXNFLRECYDS-26OCT04LARPHI-PHIDWICKS13-110,Dontayvion Wicks: 110+ receiving yards,0.0300,0.0900,0.0000,0.00,0.00,active,2026-10-06T17:00:00Z,2026-10-01T13:50:16+00:00
KXNFLRECYDS-26OCT04LARPHI,KXNFLRECYDS,KXNFLRECYDS-26OCT04LARPHI-PHIMLEMON9-80,Makai Lemon: 80+ receiving yards,0.0300,0.0900,0.0000,0.00,0.00,active,2026-10-06T17:00:00Z,2026-10-01T13:50:16+00:00
KXNFLRECYDS-26OCT04LARPHI,KXNFLRECYDS,KXNFLRECYDS-26OCT04LARPHI-PHIMLEMON9-40,Makai Lemon: 40+ receiving yards,0.2800,0.3200,0.0000,0.00,0.00,active,2026-10-06T17:00:00Z,2026-10-01T13:50:16+00:00
KXNFLRECYDS-26OCT04LARPHI,KXNFLRECYDS,KXNFLRECYDS-26OCT04LARPHI-PHIDWICKS13-50,Dontayvion Wicks: 50+ receiving yards,0.3700,0.4100,0.0000,0.00,0.00,active,2026-10-06T17:00:00Z,2026-10-01T13:50:16+00:00
KXNFLRECYDS-26OCT04LARPHI,KXNFLRECYDS,KXNFLRECYDS-26OCT04LARPHI-PHIDWICKS13-70,Dontayvion Wicks: 70+ receiving yards,0.0800,0.2400,0.0000,0.00,0.00,active,2026-10-06T17:00:00Z,2026-10-01T13:50:16+00:00
KXNFLRECYDS-26OCT04LARPHI,KXNFLRECYDS,KXNFLRECYDS-26OCT04LARPHI-PHIDWICKS13-90,Dontayvion Wicks: 90+ receiving yards,0.0500,0.1300,0.0000,0.00,0.00,active,2026-10-06T17:00:00Z,2026-10-01T13:50:16+00:00
KXNFLRECYDS-26OCT04LARPHI,KXNFLRECYDS,KXNFLRECYDS-26OCT04LARPHI-LARDADAMS17-100,Davante Adams: 100+ receiving yards,0.2100,0.2400,0.2000,206.86,205.86,active,2026-10-06T17:00:00Z,2026-10-01T13:50:16+00:00
KXNFLRECYDS-26OCT04LARPHI,KXNFLRECYDS,KXNFLRECYDS-26OCT04LARPHI-LARDADAMS17-60,Davante Adams: 60+ receiving yards,0.5400,0.5500,0.5400,2219.02,2121.13,active,2026-10-06T17:00:00Z,2026-10-01T13:50:16+00:00
KXNFLRECYDS-26OCT04LARPHI,KXNFLRECYDS,KXNFLRECYDS-26OCT04LARPHI-LARKWILLIAMS23-40,Kyren Williams: 40+ receiving yards,0.1100,0.1400,0.0000,0.00,0.00,active,2026-10-06T17:00:00Z,2026-10-01T13:50:16+00:00
KXNFLRECYDS-26OCT04LARPHI,KXNFLRECYDS,KXNFLRECYDS-26OCT04LARPHI-PHIDWICKS13-25,Dontayvion Wicks: 25+ receiving yards,0.6600,0.7200,0.0000,0.00,0.00,active,2026-10-06T17:00:00Z,2026-10-01T13:50:16+00:00
KXNFLRECYDS-26OCT04LARPHI,KXNFLRECYDS,KXNFLRECYDS-26OCT04LARPHI-LARKWILLIAMS23-15,Kyren Williams: 15+ receiving yards,0.4600,0.5000,0.5000,19.32,19.32,active,2026-10-06T17:00:00Z,2026-10-01T13:50:16+00:00
KXNFLRECYDS-26OCT04LARPHI,KXNFLRECYDS,KXNFLRECYDS-26OCT04LARPHI-PHIDSMITH6-80,DeVonta Smith: 80+ receiving yards,0.3700,0.4100,0.4100,32.82,32.82,active,2026-10-06T17:00:00Z,2026-10-01T13:50:16+00:00
KXNFLRECYDS-26OCT04LARPHI,KXNFLRECYDS,KXNFLRECYDS-26OCT04LARPHI-LARKWILLIAMS23-25,Kyren Williams: 25+ receiving yards,0.2600,0.3100,0.0000,0.00,0.00,active,2026-10-06T17:00:00Z,2026-10-01T13:50:16+00:00
KXNFLRECYDS-26OCT04LARPHI,KXNFLRECYDS,KXNFLRECYDS-26OCT04LARPHI-LARDADAMS17-50,Davante Adams: 50+ receiving yards,0.6300,0.6500,0.6300,221.57,187.44,active,2026-10-06T17:00:00Z,2026-10-01T13:50:16+00:00
KXNFLRECYDS-26OCT04LARPHI,KXNFLRECYDS,KXNFLRECYDS-26OCT04LARPHI-PHISBARKLEY26-50,Saquon Barkley: 50+ receiving yards,0.0300,0.0800,0.0000,0.00,0.00,active,2026-10-06T17:00:00Z,2026-10-01T13:50:16+00:00
KXNFLRECYDS-26OCT04LARPHI,KXNFLRECYDS,KXNFLRECYDS-26OCT04LARPHI-PHIMLEMON9-50,Makai Lemon: 50+ receiving yards,0.1800,0.2200,0.0000,0.00,0.00,active,2026-10-06T17:00:00Z,2026-10-01T13:50:16+00:00
KXNFLRECYDS-26OCT04LARPHI,KXNFLRECYDS,KXNFLRECYDS-26OCT04LARPHI-LARDADAMS17-70,Davante Adams: 70+ receiving yards,0.4300,0.4500,0.4000,2737.73,2367.58,active,2026-10-06T17:00:00Z,2026-10-01T13:50:16+00:00
KXNFLRECYDS-26OCT04LARPHI,KXNFLRECYDS,KXNFLRECYDS-26OCT04LARPHI-PHIDSMITH6-100,DeVonta Smith: 100+ receiving yards,0.1700,0.2500,0.0000,0.00,0.00,active,2026-10-06T17:00:00Z,2026-10-01T13:50:16+00:00
KXNFLRECYDS-26OCT04LARPHI,KXNFLRECYDS,KXNFLRECYDS-26OCT04LARPHI-PHIDSMITH6-120,DeVonta Smith: 120+ receiving yards,0.0900,0.1400,0.1400,61.98,61.98,active,2026-10-06T17:00:00Z,2026-10-01T13:50:16+00:00
KXNFLRECYDS-26OCT04LARPHI,KXNFLRECYDS,KXNFLRECYDS-26OCT04LARPHI-PHIDWICKS13-80,Dontayvion Wicks: 80+ receiving yards,0.1100,0.1700,0.1600,29.51,29.51,active,2026-10-06T17:00:00Z,2026-10-01T13:50:16+00:00
KXNFLRECYDS-26OCT04LARPHI,KXNFLRECYDS,KXNFLRECYDS-26OCT04LARPHI-PHIDSMITH6-110,DeVonta Smith: 110+ receiving yards,0.1100,0.1900,0.0000,0.00,0.00,active,2026-10-06T17:00:00Z,2026-10-01T13:50:16+00:00
KXNFLRECYDS-26OCT04LARPHI,KXNFLRECYDS,KXNFLRECYDS-26OCT04LARPHI-PHISBARKLEY26-40,Saquon Barkley: 40+ receiving yards,0.0400,0.1200,0.0000,0.00,0.00,active,2026-10-06T17:00:00Z,2026-10-01T13:50:16+00:00
KXNFLRECYDS-26OCT04LARPHI,KXNFLRECYDS,KXNFLRECYDS-26OCT04LARPHI-PHIDSMITH6-90,DeVonta Smith: 90+ receiving yards,0.2900,0.3200,0.3200,0.17,0.17,active,2026-10-06T17:00:00Z,2026-10-01T13:50:16+00:00
KXNFLRECYDS-26OCT04LARPHI,KXNFLRECYDS,KXNFLRECYDS-26OCT04LARPHI-PHISBARKLEY26-25,Saquon Barkley: 25+ receiving yards,0.2200,0.2600,0.0000,0.00,0.00,active,2026-10-06T17:00:00Z,2026-10-01T13:50:16+00:00
KXNFLRECYDS-26OCT04LARPHI,KXNFLRECYDS,KXNFLRECYDS-26OCT04LARPHI-PHISBARKLEY26-15,Saquon Barkley: 15+ receiving yards,0.3900,0.4400,0.0000,0.00,0.00,active,2026-10-06T17:00:00Z,2026-10-01T13:50:16+00:00
KXNFLRECYDS-26OCT04LARPHI,KXNFLRECYDS,KXNFLRECYDS-26OCT04LARPHI-PHIDSMITH6-50,DeVonta Smith: 50+ receiving yards,0.6600,0.7100,0.0000,0.00,0.00,active,2026-10-06T17:00:00Z,2026-10-01T13:50:16+00:00
KXNFLRECYDS-26OCT04LARPHI,KXNFLRECYDS,KXNFLRECYDS-26OCT04LARPHI-LARDADAMS17-110,Davante Adams: 110+ receiving yards,0.1300,0.1800,0.1600,230.31,205.31,active,2026-10-06T17:00:00Z,2026-10-01T13:50:16+00:00
KXNFLRECYDS-26OCT04LARPHI,KXNFLRECYDS,KXNFLRECYDS-26OCT04LARPHI-PHIDWICKS13-40,Dontayvion Wicks: 40+ receiving yards,0.4900,0.5300,0.5100,20.00,20.00,active,2026-10-06T17:00:00Z,2026-10-01T13:50:16+00:00
KXNFLRECYDS-26OCT04LARPHI,KXNFLRECYDS,KXNFLRECYDS-26OCT04LARPHI-PHIDWICKS13-15,Dontayvion Wicks: 15+ receiving yards,0.7400,0.8400,0.0000,0.00,0.00,active,2026-10-06T17:00:00Z,2026-10-01T13:50:16+00:00
KXNFLRECYDS-26OCT04LARPHI,KXNFLRECYDS,KXNFLRECYDS-26OCT04LARPHI-PHIDSMITH6-60,DeVonta Smith: 60+ receiving yards,0.5600,0.6000,0.0000,0.00,0.00,active,2026-10-06T17:00:00Z,2026-10-01T13:50:16+00:00
KXNFLRECYDS-26OCT04LARPHI,KXNFLRECYDS,KXNFLRECYDS-26OCT04LARPHI-LARDADAMS17-140,Davante Adams: 140+ receiving yards,0.0300,0.1000,0.0000,0.00,0.00,active,2026-10-06T17:00:00Z,2026-10-01T13:50:16+00:00
KXNFLRECYDS-26OCT04LARPHI,KXNFLRECYDS,KXNFLRECYDS-26OCT04LARPHI-LARDADAMS17-160,Davante Adams: 160+ receiving yards,0.0300,0.0700,0.0000,0.00,0.00,active,2026-10-06T17:00:00Z,2026-10-01T13:50:16+00:00
KXNFLRECYDS-26OCT04LARPHI,KXNFLRECYDS,KXNFLRECYDS-26OCT04LARPHI-LARDADAMS17-170,Davante Adams: 170+ receiving yards,0.0200,0.0600,0.0000,0.00,0.00,active,2026-10-06T17:00:00Z,2026-10-01T13:50:16+00:00
KXNFLRECYDS-26OCT04LARPHI,KXNFLRECYDS,KXNFLRECYDS-26OCT04LARPHI-PHIMLEMON9-15,Makai Lemon: 15+ receiving yards,0.6800,0.7200,0.0000,0.00,0.00,active,2026-10-06T17:00:00Z,2026-10-01T13:50:16+00:00
KXNFLRECYDS-26OCT04LARPHI,KXNFLRECYDS,KXNFLRECYDS-26OCT04LARPHI-LARDADAMS17-90,Davante Adams: 90+ receiving yards,0.2500,0.2900,0.2400,471.00,471.00,active,2026-10-06T17:00:00Z,2026-10-01T13:50:16+00:00
KXNFLRECYDS-26OCT04LARPHI,KXNFLRECYDS,KXNFLRECYDS-26OCT04LARPHI-LARDADAMS17-120,Davante Adams: 120+ receiving yards,0.0800,0.1500,0.2000,23.67,23.67,active,2026-10-06T17:00:00Z,2026-10-01T13:50:16+00:00
KXNFLRECYDS-26OCT04LARPHI,KXNFLRECYDS,KXNFLRECYDS-26OCT04LARPHI-PHIDSMITH6-40,DeVonta Smith: 40+ receiving yards,0.7100,0.8000,0.0000,0.00,0.00,active,2026-10-06T17:00:00Z,2026-10-01T13:50:16+00:00
KXNFLRECYDS-26OCT04LARPHI,KXNFLRECYDS,KXNFLRECYDS-26OCT04LARPHI-PHISBARKLEY26-60,Saquon Barkley: 60+ receiving yards,0.0200,0.0500,0.0000,0.00,0.00,active,2026-10-06T17:00:00Z,2026-10-01T13:50:16+00:00
KXNFLRECYDS-26OCT04MIAMIN,KXNFLRECYDS,KXNFLRECYDS-26OCT04MIAMIN-MIAMWASHINGTON6-100,Malik Washington: 100+ receiving yards,0.0300,0.0600,0.0000,0.00,0.00,active,2026-10-06T20:05:00Z,2026-10-01T13:50:16+00:00
KXNFLRECYDS-26OCT04MIAMIN,KXNFLRECYDS,KXNFLRECYDS-26OCT04MIAMIN-MINAJONES33-60,Aaron Jones Sr.: 60+ receiving yards,0.0300,0.0800,0.0000,0.00,0.00,active,2026-10-06T20:05:00Z,2026-10-01T13:50:16+00:00
KXNFLRECYDS-26OCT04MIAMIN,KXNFLRECYDS,KXNFLRECYDS-26OCT04MIAMIN-MIAGDULCICH85-70,Greg Dulcich: 70+ receiving yards,0.0300,0.1000,0.0000,0.00,0.00,active,2026-10-06T20:05:00Z,2026-10-01T13:50:16+00:00
KXNFLRECYDS-26OCT04MIAMIN,KXNFLRECYDS,KXNFLRECYDS-26OCT04MIAMIN-MINAJONES33-50,Aaron Jones Sr.: 50+ receiving yards,0.0500,0.1100,0.0000,0.00,0.00,active,2026-10-06T20:05:00Z,2026-10-01T13:50:16+00:00
KXNFLRECYDS-26OCT04MIAMIN,KXNFLRECYDS,KXNFLRECYDS-26OCT04MIAMIN-MINAJONES33-40,Aaron Jones Sr.: 40+ receiving yards,0.1300,0.1700,0.0000,0.00,0.00,active,2026-10-06T20:05:00Z,2026-10-01T13:50:16+00:00
KXNFLRECYDS-26OCT04MIAMIN,KXNFLRECYDS,KXNFLRECYDS-26OCT04MIAMIN-MIAGDULCICH85-80,Greg Dulcich: 80+ receiving yards,0.0300,0.0900,0.0000,0.00,0.00,active,2026-10-06T20:05:00Z,2026-10-01T13:50:16+00:00
KXNFLRECYDS-26OCT04MIAMIN,KXNFLRECYDS,KXNFLRECYDS-26OCT04MIAMIN-MIAGDULCICH85-90,Greg Dulcich: 90+ receiving yards,0.0200,0.0700,0.0000,0.00,0.00,active,2026-10-06T20:05:00Z,2026-10-01T13:50:16+00:00
KXNFLRECYDS-26OCT04MIAMIN,KXNFLRECYDS,KXNFLRECYDS-26OCT04MIAMIN-MIAMWASHINGTON6-60,Malik Washington: 60+ receiving yards,0.1600,0.2500,0.0000,0.00,0.00,active,2026-10-06T20:05:00Z,2026-10-01T13:50:16+00:00
KXNFLRECYDS-26OCT04MIAMIN,KXNFLRECYDS,KXNFLRECYDS-26OCT04MIAMIN-MINAJONES33-25,Aaron Jones Sr.: 25+ receiving yards,0.3500,0.3900,0.0000,0.00,0.00,active,2026-10-06T20:05:00Z,2026-10-01T13:50:16+00:00
KXNFLRECYDS-26OCT04MIAMIN,KXNFLRECYDS,KXNFLRECYDS-26OCT04MIAMIN-MINAJONES33-15,Aaron Jones Sr.: 15+ receiving yards,0.5700,0.6100,0.0000,0.00,0.00,active,2026-10-06T20:05:00Z,2026-10-01T13:50:16+00:00
KXNFLRECYDS-26OCT04MIAMIN,KXNFLRECYDS,KXNFLRECYDS-26OCT04MIAMIN-MIAGDULCICH85-60,Greg Dulcich: 60+ receiving yards,0.0800,0.1600,0.0000,0.00,0.00,active,2026-10-06T20:05:00Z,2026-10-01T13:50:16+00:00
KXNFLRECYDS-26OCT04MIAMIN,KXNFLRECYDS,KXNFLRECYDS-26OCT04MIAMIN-MIAMWASHINGTON6-70,Malik Washington: 70+ receiving yards,0.0900,0.1300,0.0000,0.00,0.00,active,2026-10-06T20:05:00Z,2026-10-01T13:50:16+00:00
KXNFLRECYDS-26OCT04MIAMIN,KXNFLRECYDS,KXNFLRECYDS-26OCT04MIAMIN-MIAGDULCICH85-50,Greg Dulcich: 50+ receiving yards,0.2100,0.2200,0.0000,0.00,0.00,active,2026-10-06T20:05:00Z,2026-10-01T13:50:16+00:00
KXNFLRECYDS-26OCT04MIAMIN,KXNFLRECYDS,KXNFLRECYDS-26OCT04MIAMIN-MIAMWASHINGTON6-40,Malik Washington: 40+ receiving yards,0.4000,0.4400,0.0000,0.00,0.00,active,2026-10-06T20:05:00Z,2026-10-01T13:50:16+00:00
KXNFLRECYDS-26OCT04MIAMIN,KXNFLRECYDS,KXNFLRECYDS-26OCT04MIAMIN-MIAGDULCICH85-40,Greg Dulcich: 40+ receiving yards,0.3200,0.3400,0.0000,0.00,0.00,active,2026-10-06T20:05:00Z,2026-10-01T13:50:16+00:00
KXNFLRECYDS-26OCT04MIAMIN,KXNFLRECYDS,KXNFLRECYDS-26OCT04MIAMIN-MIAGDULCICH85-25,Greg Dulcich: 25+ receiving yards,0.5300,0.5600,0.5800,3.34,3.34,active,2026-10-06T20:05:00Z,2026-10-01T13:50:16+00:00
KXNFLRECYDS-26OCT04MIAMIN,KXNFLRECYDS,KXNFLRECYDS-26OCT04MIAMIN-MIAMWASHINGTON6-15,Malik Washington: 15+ receiving yards,0.7800,0.8300,0.0000,0.00,0.00,active,2026-10-06T20:05:00Z,2026-10-01T13:50:16+00:00
KXNFLRECYDS-26OCT04MIAMIN,KXNFLRECYDS,KXNFLRECYDS-26OCT04MIAMIN-MIAMWASHINGTON6-80,Malik Washington: 80+ receiving yards,0.0500,0.0900,0.0000,0.00,0.00,active,2026-10-06T20:05:00Z,2026-10-01T13:50:16+00:00
KXNFLRECYDS-26OCT04MIAMIN,KXNFLRECYDS,KXNFLRECYDS-26OCT04MIAMIN-MIAMWASHINGTON6-90,Malik Washington: 90+ receiving yards,0.0300,0.0900,0.0000,0.00,0.00,active,2026-10-06T20:05:00Z,2026-10-01T13:50:16+00:00
KXNFLRECYDS-26OCT04MIAMIN,KXNFLRECYDS,KXNFLRECYDS-26OCT04MIAMIN-MIAGDULCICH85-15,Greg Dulcich: 15+ receiving yards,0.6900,0.7200,0.0000,0.00,0.00,active,2026-10-06T20:05:00Z,2026-10-01T13:50:16+00:00
KXNFLRECYDS-26OCT04MIAMIN,KXNFLRECYDS,KXNFLRECYDS-26OCT04MIAMIN-MIAMWASHINGTON6-25,Malik Washington: 25+ receiving yards,0.6300,0.7000,0.0000,0.00,0.00,active,2026-10-06T20:05:00Z,2026-10-01T13:50:16+00:00
KXNFLRECYDS-26OCT04MIAMIN,KXNFLRECYDS,KXNFLRECYDS-26OCT04MIAMIN-MIAMWASHINGTON6-50,Malik Washington: 50+ receiving yards,0.2600,0.3400,0.0000,0.00,0.00,active,2026-10-06T20:05:00Z,2026-10-01T13:50:16+00:00
KXNFLRECYDS-26OCT04NEBUF,KXNFLRECYDS,KXNFLRECYDS-26OCT04NEBUF-BUFDKINCAID86-100,Dalton Kincaid: 100+ receiving yards,0.0800,0.1400,0.0000,0.00,0.00,active,2026-10-06T17:00:00Z,2026-10-01T13:50:16+00:00
KXNFLRECYDS-26OCT04NEBUF,KXNFLRECYDS,KXNFLRECYDS-26OCT04NEBUF-NEDDOUGLAS3-70,DeMario Douglas: 70+ receiving yards,0.0300,0.1100,0.0000,0.00,0.00,active,2026-10-06T17:00:00Z,2026-10-01T13:50:16+00:00
KXNFLRECYDS-26OCT04NEBUF,KXNFLRECYDS,KXNFLRECYDS-26OCT04NEBUF-BUFKSHAKIR10-25,Khalil Shakir: 25+ receiving yards,0.6700,0.7000,0.0000,0.00,0.00,active,2026-10-06T17:00:00Z,2026-10-01T13:50:16+00:00
KXNFLRECYDS-26OCT04NEBUF,KXNFLRECYDS,KXNFLRECYDS-26OCT04NEBUF-BUFKSHAKIR10-90,Khalil Shakir: 90+ receiving yards,0.0300,0.1000,0.0000,0.00,0.00,active,2026-10-06T17:00:00Z,2026-10-01T13:50:16+00:00
KXNFLRECYDS-26OCT04NEBUF,KXNFLRECYDS,KXNFLRECYDS-26OCT04NEBUF-BUFDMOORE2-130,DJ Moore: 130+ receiving yards,0.0200,0.0700,0.0000,0.00,0.00,active,2026-10-06T17:00:00Z,2026-10-01T13:50:16+00:00
KXNFLRECYDS-26OCT04NEBUF,KXNFLRECYDS,KXNFLRECYDS-26OCT04NEBUF-NEMHOLLINS13-110,Mack Hollins: 110+ receiving yards,0.0300,0.0700,0.0700,40.23,40.23,active,2026-10-06T17:00:00Z,2026-10-01T13:50:16+00:00
KXNFLRECYDS-26OCT04NEBUF,KXNFLRECYDS,KXNFLRECYDS-26OCT04NEBUF-BUFDMOORE2-140,DJ Moore: 140+ receiving yards,0.0200,0.0500,0.0400,70.27,70.27,active,2026-10-06T17:00:00Z,2026-10-01T13:50:16+00:00
KXNFLRECYDS-26OCT04NEBUF,KXNFLRECYDS,KXNFLRECYDS-26OCT04NEBUF-BUFKCOLEMAN0-50,Keon Coleman: 50+ receiving yards,0.0300,0.1100,0.0000,0.00,0.00,active,2026-10-06T17:00:00Z,2026-10-01T13:50:16+00:00
KXNFLRECYDS-26OCT04NEBUF,KXNFLRECYDS,KXNFLRECYDS-26OCT04NEBUF-BUFKSHAKIR10-100,Khalil Shakir: 100+ receiving yards,0.0300,0.0700,0.0000,0.00,0.00,active,2026-10-06T17:00:00Z,2026-10-01T13:50:16+00:00
KXNFLRECYDS-26OCT04NEBUF,KXNFLRECYDS,KXNFLRECYDS-26OCT04NEBUF-NEMHOLLINS13-120,Mack Hollins: 120+ receiving yards,0.0200,0.0700,0.0500,56.25,56.25,active,2026-10-06T17:00:00Z,2026-10-01T13:50:16+00:00
KXNFLRECYDS-26OCT04NEBUF,KXNFLRECYDS,KXNFLRECYDS-26OCT04NEBUF-BUFKSHAKIR10-50,Khalil Shakir: 50+ receiving yards,0.3500,0.3700,0.3600,23.46,23.46,active,2026-10-06T17:00:00Z,2026-10-01T13:50:16+00:00
KXNFLRECYDS-26OCT04NEBUF,KXNFLRECYDS,KXNFLRECYDS-26OCT04NEBUF-BUFJCOOK4-60,James Cook III: 60+ receiving yards,0.0200,0.0400,0.0400,117.12,117.12,active,2026-10-06T17:00:00Z,2026-10-01T13:50:16+00:00
KXNFLRECYDS-26OCT04NEBUF,KXNFLRECYDS,KXNFLRECYDS-26OCT04NEBUF-BUFDKINCAID86-40,Dalton Kincaid: 40+ receiving yards,0.6200,0.6600,0.0000,0.00,0.00,active,2026-10-06T17:00:00Z,2026-10-01T13:50:16+00:00
KXNFLRECYDS-26OCT04NEBUF,KXNFLRECYDS,KXNFLRECYDS-26OCT04NEBUF-BUFDKINCAID86-80,Dalton Kincaid: 80+ receiving yards,0.2000,0.2500,0.2600,7.31,7.31,active,2026-10-06T17:00:00Z,2026-10-01T13:50:16+00:00
KXNFLRECYDS-26OCT04NEBUF,KXNFLRECYDS,KXNFLRECYDS-26OCT04NEBUF-BUFKCOLEMAN0-70,Keon Coleman: 70+ receiving yards,0.0200,0.0600,0.0000,0.00,0.00,active,2026-10-06T17:00:00Z,2026-10-01T13:50:16+00:00
KXNFLRECYDS-26OCT04NEBUF,KXNFLRECYDS,KXNFLRECYDS-26OCT04NEBUF-NEHHENRY85-90,Hunter Henry: 90+ receiving yards,0.0200,0.0700,0.0000,0.00,0.00,active,2026-10-06T17:00:00Z,2026-10-01T13:50:16+00:00
KXNFLRECYDS-26OCT04NEBUF,KXNFLRECYDS,KXNFLRECYDS-26OCT04NEBUF-BUFDMOORE2-120,DJ Moore: 120+ receiving yards,0.0300,0.0800,0.0000,0.00,0.00,active,2026-10-06T17:00:00Z,2026-10-01T13:50:16+00:00
KXNFLRECYDS-26OCT04NEBUF,KXNFLRECYDS,KXNFLRECYDS-26OCT04NEBUF-NERDOUBS87-100,Romeo Doubs: 100+ receiving yards,0.0300,0.0700,0.0800,35.23,35.23,active,2026-10-06T17:00:00Z,2026-10-01T13:50:16+00:00
KXNFLRECYDS-26OCT04NEBUF,KXNFLRECYDS,KXNFLRECYDS-26OCT04NEBUF-BUFDKINCAID86-140,Dalton Kincaid: 140+ receiving yards,0.0200,0.0600,0.0400,70.27,70.27,active,2026-10-06T17:00:00Z,2026-10-01T13:50:16+00:00
KXNFLRECYDS-26OCT04NEBUF,KXNFLRECYDS,KXNFLRECYDS-26OCT04NEBUF-NERDOUBS87-110,Romeo Doubs: 110+ receiving yards,0.0300,0.0800,0.0600,78.18,78.18,active,2026-10-06T17:00:00Z,2026-10-01T13:50:16+00:00
KXNFLRECYDS-26OCT04NEBUF,KXNFLRECYDS,KXNFLRECYDS-26OCT04NEBUF-BUFKCOLEMAN0-60,Keon Coleman: 60+ receiving yards,0.0300,0.0800,0.0000,0.00,0.00,active,2026-10-06T17:00:00Z,2026-10-01T13:50:16+00:00
KXNFLRECYDS-26OCT04NEBUF,KXNFLRECYDS,KXNFLRECYDS-26OCT04NEBUF-NEMHOLLINS13-45,Mack Hollins: 45+ receiving yards,0.4500,0.5100,0.0000,0.00,0.00,active,2026-10-06T17:00:00Z,2026-10-01T13:50:16+00:00
KXNFLRECYDS-26OCT04NEBUF,KXNFLRECYDS,KXNFLRECYDS-26OCT04NEBUF-BUFTJOHNSON26-15,Ty Johnson: 15+ receiving yards,0.4400,0.4800,0.4800,10.05,10.05,active,2026-10-06T17:00:00Z,2026-10-01T13:50:16+00:00
KXNFLRECYDS-26OCT04NEBUF,KXNFLRECYDS,KXNFLRECYDS-26OCT04NEBUF-NERSTEVENSON38-40,Rhamondre Stevenson: 40+ receiving yards,0.1500,0.1800,0.0000,0.00,0.00,active,2026-10-06T17:00:00Z,2026-10-01T13:50:16+00:00
KXNFLRECYDS-26OCT04NEBUF,KXNFLRECYDS,KXNFLRECYDS-26OCT04NEBUF-NETHENDERSON32-25,TreVeyon Henderson: 25+ receiving yards,0.1700,0.2000,0.2000,14.20,14.20,active,2026-10-06T17:00:00Z,2026-10-01T13:50:16+00:00
KXNFLRECYDS-26OCT04NEBUF,KXNFLRECYDS,KXNFLRECYDS-26OCT04NEBUF-BUFDMOORE2-110,DJ Moore: 110+ receiving yards,0.0300,0.1000,0.0800,35.23,35.23,active,2026-10-06T17:00:00Z,2026-10-01T13:50:16+00:00
KXNFLRECYDS-26OCT04NEBUF,KXNFLRECYDS,KXNFLRECYDS-26OCT04NEBUF-NEHHENRY85-70,Hunter Henry: 70+ receiving yards,0.0400,0.1300,0.0000,0.00,0.00,active,2026-10-06T17:00:00Z,2026-10-01T13:50:16+00:00
KXNFLRECYDS-26OCT04NEBUF,KXNFLRECYDS,KXNFLRECYDS-26OCT04NEBUF-BUFJCOOK4-40,James Cook III: 40+ receiving yards,0.0300,0.0700,0.0700,53.64,53.64,active,2026-10-06T17:00:00Z,2026-10-01T13:50:16+00:00
KXNFLRECYDS-26OCT04NEBUF,KXNFLRECYDS,KXNFLRECYDS-26OCT04NEBUF-BUFJCOOK4-25,James Cook III: 25+ receiving yards,0.1300,0.1700,0.1500,339.69,339.69,active,2026-10-06T17:00:00Z,2026-10-01T13:50:16+00:00
KXNFLRECYDS-26OCT04NEBUF,KXNFLRECYDS,KXNFLRECYDS-26OCT04NEBUF-BUFDKINCAID86-90,Dalton Kincaid: 90+ receiving yards,0.1200,0.1800,0.2000,23.67,23.67,active,2026-10-06T17:00:00Z,2026-10-01T13:50:16+00:00
KXNFLRECYDS-26OCT04NEBUF,KXNFLRECYDS,KXNFLRECYDS-26OCT04NEBUF-BUFDKINCAID86-70,Dalton Kincaid: 70+ receiving yards,0.2700,0.3300,0.0000,0.00,0.00,active,2026-10-06T17:00:00Z,2026-10-01T13:50:16+00:00
KXNFLRECYDS-26OCT04NEBUF,KXNFLRECYDS,KXNFLRECYDS-26OCT04NEBUF-BUFJCOOK4-50,James Cook III: 50+ receiving yards,0.0200,0.0500,0.0500,75.00,75.00,active,2026-10-06T17:00:00Z,2026-10-01T13:50:16+00:00
KXNFLRECYDS-26OCT04NEBUF,KXNFLRECYDS,KXNFLRECYDS-26OCT04NEBUF-BUFDMOORE2-50,DJ Moore: 50+ receiving yards,0.4800,0.5100,0.5100,180.33,180.33,active,2026-10-06T17:00:00Z,2026-10-01T13:50:16+00:00
KXNFLRECYDS-26OCT04NEBUF,KXNFLRECYDS,KXNFLRECYDS-26OCT04NEBUF-BUFDMOORE2-25,DJ Moore: 25+ receiving yards,0.7500,0.8000,0.0000,0.00,0.00,active,2026-10-06T17:00:00Z,2026-10-01T13:50:16+00:00
KXNFLRECYDS-26OCT04NEBUF,KXNFLRECYDS,KXNFLRECYDS-26OCT04NEBUF-BUFDKINCAID86-50,Dalton Kincaid: 50+ receiving yards,0.5100,0.5300,0.5400,88.22,88.22,active,2026-10-06T17:00:00Z,2026-10-01T13:50:16+00:00
KXNFLRECYDS-26OCT04NEBUF,KXNFLRECYDS,KXNFLRECYDS-26OCT04NEBUF-BUFKSHAKIR10-40,Khalil Shakir: 40+ receiving yards,0.4600,0.5000,0.0000,0.00,0.00,active,2026-10-06T17:00:00Z,2026-10-01T13:50:16+00:00
KXNFLRECYDS-26OCT04NEBUF,KXNFLRECYDS,KXNFLRECYDS-26OCT04NEBUF-NERSTEVENSON38-50,Rhamondre Stevenson: 50+ receiving yards,0.0400,0.1000,0.0000,0.00,0.00,active,2026-10-06T17:00:00Z,2026-10-01T13:50:16+00:00
KXNFLRECYDS-26OCT04NEBUF,KXNFLRECYDS,KXNFLRECYDS-26OCT04NEBUF-BUFTJOHNSON26-25,Ty Johnson: 25+ receiving yards,0.2700,0.3000,0.3000,317.76,317.76,active,2026-10-06T17:00:00Z,2026-10-01T13:50:16+00:00
KXNFLRECYDS-26OCT04NEBUF,KXNFLRECYDS,KXNFLRECYDS-26OCT04NEBUF-BUFTJOHNSON26-50,Ty Johnson: 50+ receiving yards,0.0300,0.0800,0.0000,0.00,0.00,active,2026-10-06T17:00:00Z,2026-10-01T13:50:16+00:00
KXNFLRECYDS-26OCT04NEBUF,KXNFLRECYDS,KXNFLRECYDS-26OCT04NEBUF-BUFDMOORE2-40,DJ Moore: 40+ receiving yards,0.5700,0.6300,0.0000,0.00,0.00,active,2026-10-06T17:00:00Z,2026-10-01T13:50:16+00:00
KXNFLRECYDS-26OCT04NEBUF,KXNFLRECYDS,KXNFLRECYDS-26OCT04NEBUF-NERDOUBS87-90,Romeo Doubs: 90+ receiving yards,0.0400,0.1100,0.0000,0.00,0.00,active,2026-10-06T17:00:00Z,2026-10-01T13:50:16+00:00
KXNFLRECYDS-26OCT04NEBUF,KXNFLRECYDS,KXNFLRECYDS-26OCT04NEBUF-BUFDKINCAID86-120,Dalton Kincaid: 120+ receiving yards,0.0300,0.0900,0.0000,0.00,0.00,active,2026-10-06T17:00:00Z,2026-10-01T13:50:16+00:00
KXNFLRECYDS-26OCT04NEBUF,KXNFLRECYDS,KXNFLRECYDS-26OCT04NEBUF-NEMHOLLINS13-70,Mack Hollins: 70+ receiving yards,0.1900,0.2500,0.2400,52.41,52.41,active,2026-10-06T17:00:00Z,2026-10-01T13:50:16+00:00
KXNFLRECYDS-26OCT04NEBUF,KXNFLRECYDS,KXNFLRECYDS-26OCT04NEBUF-NERDOUBS87-15,Romeo Doubs: 15+ receiving yards,0.6900,0.8500,0.0000,0.00,0.00,active,2026-10-06T17:00:00Z,2026-10-01T13:50:16+00:00
KXNFLRECYDS-26OCT04NEBUF,KXNFLRECYDS,KXNFLRECYDS-26OCT04NEBUF-BUFDMOORE2-90,DJ Moore: 90+ receiving yards,0.0900,0.1700,0.0000,0.00,0.00,active,2026-10-06T17:00:00Z,2026-10-01T13:50:16+00:00
KXNFLRECYDS-26OCT04NEBUF,KXNFLRECYDS,KXNFLRECYDS-26OCT04NEBUF-NEDDOUGLAS3-40,DeMario Douglas: 40+ receiving yards,0.2300,0.3200,0.0000,0.00,0.00,active,2026-10-06T17:00:00Z,2026-10-01T13:50:16+00:00
KXNFLRECYDS-26OCT04NEBUF,KXNFLRECYDS,KXNFLRECYDS-26OCT04NEBUF-BUFDMOORE2-70,DJ Moore: 70+ receiving yards,0.2800,0.3000,0.3100,68.56,68.56,active,2026-10-06T17:00:00Z,2026-10-01T13:50:16+00:00
KXNFLRECYDS-26OCT04NEBUF,KXNFLRECYDS,KXNFLRECYDS-26OCT04NEBUF-BUFKSHAKIR10-70,Khalil Shakir: 70+ receiving yards,0.1100,0.2000,0.0000,0.00,0.00,active,2026-10-06T17:00:00Z,2026-10-01T13:50:16+00:00
KXNFLRECYDS-26OCT04NEBUF,KXNFLRECYDS,KXNFLRECYDS-26OCT04NEBUF-NEHHENRY85-50,Hunter Henry: 50+ receiving yards,0.1800,0.2600,0.0000,0.00,0.00,active,2026-10-06T17:00:00Z,2026-10-01T13:50:16+00:00
KXNFLRECYDS-26OCT04NEBUF,KXNFLRECYDS,KXNFLRECYDS-26OCT04NEBUF-NEHHENRY85-80,Hunter Henry: 80+ receiving yards,0.0300,0.0900,0.0000,0.00,0.00,active,2026-10-06T17:00:00Z,2026-10-01T13:50:16+00:00
KXNFLRECYDS-26OCT04NEBUF,KXNFLRECYDS,KXNFLRECYDS-26OCT04NEBUF-BUFKSHAKIR10-80,Khalil Shakir: 80+ receiving yards,0.0600,0.1400,0.0000,0.00,0.00,active,2026-10-06T17:00:00Z,2026-10-01T13:50:16+00:00
KXNFLRECYDS-26OCT04NEBUF,KXNFLRECYDS,KXNFLRECYDS-26OCT04NEBUF-BUFDMOORE2-60,DJ Moore: 60+ receiving yards,0.3700,0.4000,0.0000,0.00,0.00,active,2026-10-06T17:00:00Z,2026-10-01T13:50:16+00:00
KXNFLRECYDS-26OCT04NEBUF,KXNFLRECYDS,KXNFLRECYDS-26OCT04NEBUF-NERSTEVENSON38-25,Rhamondre Stevenson: 25+ receiving yards,0.3500,0.3900,0.3900,12.29,12.29,active,2026-10-06T17:00:00Z,2026-10-01T13:50:16+00:00
KXNFLRECYDS-26OCT04NEBUF,KXNFLRECYDS,KXNFLRECYDS-26OCT04NEBUF-NERDOUBS87-80,Romeo Doubs: 80+ receiving yards,0.0900,0.1500,0.0000,0.00,0.00,active,2026-10-06T17:00:00Z,2026-10-01T13:50:16+00:00
KXNFLRECYDS-26OCT04NEBUF,KXNFLRECYDS,KXNFLRECYDS-26OCT04NEBUF-NERDOUBS87-60,Romeo Doubs: 60+ receiving yards,0.2300,0.2900,0.2800,1.00,1.00,active,2026-10-06T17:00:00Z,2026-10-01T13:50:16+00:00
KXNFLRECYDS-26OCT04NEBUF,KXNFLRECYDS,KXNFLRECYDS-26OCT04NEBUF-NERDOUBS87-70,Romeo Doubs: 70+ receiving yards,0.1500,0.2200,0.0000,0.00,0.00,active,2026-10-06T17:00:00Z,2026-10-01T13:50:16+00:00
KXNFLRECYDS-26OCT04NEBUF,KXNFLRECYDS,KXNFLRECYDS-26OCT04NEBUF-NERSTEVENSON38-15,Rhamondre Stevenson: 15+ receiving yards,0.5200,0.5600,0.5600,18.00,18.00,active,2026-10-06T17:00:00Z,2026-10-01T13:50:16+00:00
KXNFLRECYDS-26OCT04NEBUF,KXNFLRECYDS,KXNFLRECYDS-26OCT04NEBUF-NEMHOLLINS13-80,Mack Hollins: 80+ receiving yards,0.1200,0.1700,0.1600,41.31,41.31,active,2026-10-06T17:00:00Z,2026-10-01T13:50:16+00:00
KXNFLRECYDS-26OCT04NEBUF,KXNFLRECYDS,KXNFLRECYDS-26OCT04NEBUF-BUFDMOORE2-80,DJ Moore: 80+ receiving yards,0.1400,0.2200,0.2200,7.54,7.54,active,2026-10-06T17:00:00Z,2026-10-01T13:50:16+00:00
KXNFLRECYDS-26OCT04NEBUF,KXNFLRECYDS,KXNFLRECYDS-26OCT04NEBUF-NEMHOLLINS13-90,Mack Hollins: 90+ receiving yards,0.0700,0.1200,0.0700,28.54,28.54,active,2026-10-06T17:00:00Z,2026-10-01T13:50:16+00:00
KXNFLRECYDS-26OCT04NEBUF,KXNFLRECYDS,KXNFLRECYDS-26OCT04NEBUF-BUFKCOLEMAN0-15,Keon Coleman: 15+ receiving yards,0.4600,0.4900,0.4900,1098.01,1098.01,active,2026-10-06T17:00:00Z,2026-10-01T13:50:16+00:00
KXNFLRECYDS-26OCT04NEBUF,KXNFLRECYDS,KXNFLRECYDS-26OCT04NEBUF-BUFDKINCAID86-60,Dalton Kincaid: 60+ receiving yards,0.3800,0.4100,0.4300,71.58,71.58,active,2026-10-06T17:00:00Z,2026-10-01T13:50:16+00:00
KXNFLRECYDS-26OCT04NEBUF,KXNFLRECYDS,KXNFLRECYDS-26OCT04NEBUF-BUFJCOOK4-15,James Cook III: 15+ receiving yards,0.2900,0.3200,0.3000,512.69,512.69,active,2026-10-06T17:00:00Z,2026-10-01T13:50:16+00:00
KXNFLRECYDS-26OCT04NEBUF,KXNFLRECYDS,KXNFLRECYDS-26OCT04NEBUF-BUFDKINCAID86-130,Dalton Kincaid: 130+ receiving yards,0.0200,0.0600,0.0600,31.27,31.27,active,2026-10-06T17:00:00Z,2026-10-01T13:50:16+00:00
KXNFLRECYDS-26OCT04NEBUF,KXNFLRECYDS,KXNFLRECYDS-26OCT04NEBUF-NEDDOUGLAS3-15,DeMario Douglas: 15+ receiving yards,0.6400,0.7300,0.0000,0.00,0.00,active,2026-10-06T17:00:00Z,2026-10-01T13:50:16+00:00
KXNFLRECYDS-26OCT04NEBUF,KXNFLRECYDS,KXNFLRECYDS-26OCT04NEBUF-NEMHOLLINS13-50,Mack Hollins: 50+ receiving yards,0.4100,0.4400,0.4400,15.78,15.78,active,2026-10-06T17:00:00Z,2026-10-01T13:50:16+00:00
KXNFLRECYDS-26OCT04NEBUF,KXNFLRECYDS,KXNFLRECYDS-26OCT04NEBUF-NEMHOLLINS13-40,Mack Hollins: 40+ receiving yards,0.5200,0.5700,0.0000,0.00,0.00,active,2026-10-06T17:00:00Z,2026-10-01T13:50:16+00:00
KXNFLRECYDS-26OCT04NEBUF,KXNFLRECYDS,KXNFLRECYDS-26OCT04NEBUF-NEHHENRY85-15,Hunter Henry: 15+ receiving yards,0.6400,0.8000,0.0000,0.00,0.00,active,2026-10-06T17:00:00Z,2026-10-01T13:50:16+00:00
KXNFLRECYDS-26OCT04NEBUF,KXNFLRECYDS,KXNFLRECYDS-26OCT04NEBUF-NERSTEVENSON38-60,Rhamondre Stevenson: 60+ receiving yards,0.0400,0.0800,0.0700,40.23,40.23,active,2026-10-06T17:00:00Z,2026-10-01T13:50:16+00:00
KXNFLRECYDS-26OCT04NEBUF,KXNFLRECYDS,KXNFLRECYDS-26OCT04NEBUF-NEHHENRY85-25,Hunter Henry: 25+ receiving yards,0.5400,0.6200,0.0000,0.00,0.00,active,2026-10-06T17:00:00Z,2026-10-01T13:50:16+00:00
KXNFLRECYDS-26OCT04NEBUF,KXNFLRECYDS,KXNFLRECYDS-26OCT04NEBUF-BUFKSHAKIR10-60,Khalil Shakir: 60+ receiving yards,0.2400,0.2700,0.0000,0.00,0.00,active,2026-10-06T17:00:00Z,2026-10-01T13:50:16+00:00
KXNFLRECYDS-26OCT04NEBUF,KXNFLRECYDS,KXNFLRECYDS-26OCT04NEBUF-NEDDOUGLAS3-25,DeMario Douglas: 25+ receiving yards,0.4800,0.5400,0.5600,17.22,17.22,active,2026-10-06T17:00:00Z,2026-10-01T13:50:16+00:00
KXNFLRECYDS-26OCT04NEBUF,KXNFLRECYDS,KXNFLRECYDS-26OCT04NEBUF-NERDOUBS87-50,Romeo Doubs: 50+ receiving yards,0.3500,0.4000,0.4000,23.99,23.99,active,2026-10-06T17:00:00Z,2026-10-01T13:50:16+00:00
KXNFLRECYDS-26OCT04NEBUF,KXNFLRECYDS,KXNFLRECYDS-26OCT04NEBUF-BUFDKINCAID86-110,Dalton Kincaid: 110+ receiving yards,0.0300,0.1100,0.0000,0.00,0.00,active,2026-10-06T17:00:00Z,2026-10-01T13:50:16+00:00
KXNFLRECYDS-26OCT04NEBUF,KXNFLRECYDS,KXNFLRECYDS-26OCT04NEBUF-NEDDOUGLAS3-80,DeMario Douglas: 80+ receiving yards,0.0300,0.0800,0.0000,0.00,0.00,active,2026-10-06T17:00:00Z,2026-10-01T13:50:16+00:00
KXNFLRECYDS-26OCT04NEBUF,KXNFLRECYDS,KXNFLRECYDS-26OCT04NEBUF-NEMHOLLINS13-60,Mack Hollins: 60+ receiving yards,0.3100,0.3400,0.3300,42.85,42.85,active,2026-10-06T17:00:00Z,2026-10-01T13:50:16+00:00
KXNFLRECYDS-26OCT04NEBUF,KXNFLRECYDS,KXNFLRECYDS-26OCT04NEBUF-NEDDOUGLAS3-50,DeMario Douglas: 50+ receiving yards,0.1900,0.2100,0.1800,5.00,5.00,active,2026-10-06T17:00:00Z,2026-10-01T13:50:16+00:00
KXNFLRECYDS-26OCT04NEBUF,KXNFLRECYDS,KXNFLRECYDS-26OCT04NEBUF-NEHHENRY85-60,Hunter Henry: 60+ receiving yards,0.0900,0.1800,0.0000,0.00,0.00,active,2026-10-06T17:00:00Z,2026-10-01T13:50:16+00:00
KXNFLRECYDS-26OCT04NEBUF,KXNFLRECYDS,KXNFLRECYDS-26OCT04NEBUF-BUFDMOORE2-100,DJ Moore: 100+ receiving yards,0.0600,0.1200,0.0700,29.67,29.67,active,2026-10-06T17:00:00Z,2026-10-01T13:50:16+00:00
KXNFLRECYDS-26OCT04NEBUF,KXNFLRECYDS,KXNFLRECYDS-26OCT04NEBUF-BUFKCOLEMAN0-40,Keon Coleman: 40+ receiving yards,0.0800,0.1600,0.1200,122.05,122.05,active,2026-10-06T17:00:00Z,2026-10-01T13:50:16+00:00
KXNFLRECYDS-26OCT04NEBUF,KXNFLRECYDS,KXNFLRECYDS-26OCT04NEBUF-BUFKCOLEMAN0-25,Keon Coleman: 25+ receiving yards,0.2800,0.3000,0.3200,524.38,524.38,active,2026-10-06T17:00:00Z,2026-10-01T13:50:16+00:00
KXNFLRECYDS-26OCT04NEBUF,KXNFLRECYDS,KXNFLRECYDS-26OCT04NEBUF-NETHENDERSON32-5,TreVeyon Henderson: 5+ receiving yards,0.5500,0.6400,0.6100,1377.14,1350.14,active,2026-10-06T17:00:00Z,2026-10-01T13:50:16+00:00
KXNFLRECYDS-26OCT04NEBUF,KXNFLRECYDS,KXNFLRECYDS-26OCT04NEBUF-NEHHENRY85-40,Hunter Henry: 40+ receiving yards,0.3200,0.3700,0.4000,16.78,16.78,active,2026-10-06T17:00:00Z,2026-10-01T13:50:16+00:00
KXNFLRECYDS-26OCT04NEBUF,KXNFLRECYDS,KXNFLRECYDS-26OCT04NEBUF-NEDDOUGLAS3-60,DeMario Douglas: 60+ receiving yards,0.0900,0.1300,0.1000,284.69,284.69,active,2026-10-06T17:00:00Z,2026-10-01T13:50:16+00:00
KXNFLRECYDS-26OCT04NEBUF,KXNFLRECYDS,KXNFLRECYDS-26OCT04NEBUF-BUFTJOHNSON26-40,Ty Johnson: 40+ receiving yards,0.0600,0.1200,0.1300,181.26,181.26,active,2026-10-06T17:00:00Z,2026-10-01T13:50:16+00:00
KXNFLRECYDS-26OCT04NEBUF,KXNFLRECYDS,KXNFLRECYDS-26OCT04NEBUF-NERDOUBS87-25,Romeo Doubs: 25+ receiving yards,0.6300,0.7100,0.0000,0.00,0.00,active,2026-10-06T17:00:00Z,2026-10-01T13:50:16+00:00
KXNFLRECYDS-26OCT04NEBUF,KXNFLRECYDS,KXNFLRECYDS-26OCT04NEBUF-NEMHOLLINS13-100,Mack Hollins: 100+ receiving yards,0.0500,0.0900,0.0500,27.89,27.89,active,2026-10-06T17:00:00Z,2026-10-01T13:50:16+00:00
KXNFLRECYDS-26OCT04NEBUF,KXNFLRECYDS,KXNFLRECYDS-26OCT04NEBUF-NEMHOLLINS13-25,Mack Hollins: 25+ receiving yards,0.6700,0.7600,0.0000,0.00,0.00,active,2026-10-06T17:00:00Z,2026-10-01T13:50:16+00:00
KXNFLRECYDS-26OCT04NEBUF,KXNFLRECYDS,KXNFLRECYDS-26OCT04NEBUF-BUFDKINCAID86-25,Dalton Kincaid: 25+ receiving yards,0.7900,0.8300,0.0000,0.00,0.00,active,2026-10-06T17:00:00Z,2026-10-01T13:50:16+00:00
KXNFLRECYDS-26OCT04NEBUF,KXNFLRECYDS,KXNFLRECYDS-26OCT04NEBUF-NEMHOLLINS13-15,Mack Hollins: 15+ receiving yards,0.7200,0.8800,0.0000,0.00,0.00,active,2026-10-06T17:00:00Z,2026-10-01T13:50:16+00:00
KXNFLRECYDS-26OCT04NEBUF,KXNFLRECYDS,KXNFLRECYDS-26OCT04NEBUF-NERDOUBS87-40,Romeo Doubs: 40+ receiving yards,0.4900,0.5200,0.5200,41.44,41.44,active,2026-10-06T17:00:00Z,2026-10-01T13:50:16+00:00
KXNFLRECYDS-26OCT04NEBUF,KXNFLRECYDS,KXNFLRECYDS-26OCT04NEBUF-NETHENDERSON32-15,TreVeyon Henderson: 15+ receiving yards,0.3100,0.3500,0.0000,0.00,0.00,active,2026-10-06T17:00:00Z,2026-10-01T13:50:16+00:00
KXNFLRECYDS-26OCT04NEBUF,KXNFLRECYDS,KXNFLRECYDS-26OCT04NEBUF-BUFTJOHNSON26-60,Ty Johnson: 60+ receiving yards,0.0200,0.0600,0.0000,0.00,0.00,active,2026-10-06T17:00:00Z,2026-10-01T13:50:16+00:00
KXNFLRECYDS-26OCT04NEBUF,KXNFLRECYDS,KXNFLRECYDS-26OCT04NEBUF-BUFKSHAKIR10-15,Khalil Shakir: 15+ receiving yards,0.8200,0.8600,0.0000,0.00,0.00,active,2026-10-06T17:00:00Z,2026-10-01T13:50:16+00:00
KXNFLRECYDS-26OCT04NYJCHI,KXNFLRECYDS,KXNFLRECYDS-26OCT04NYJCHI-NYJIWILLIAMS18-70,Isaiah Williams: 70+ receiving yards,0.0300,0.0800,0.0000,0.00,0.00,active,2026-10-06T17:00:00Z,2026-10-01T13:50:16+00:00
KXNFLRECYDS-26OCT04NYJCHI,KXNFLRECYDS,KXNFLRECYDS-26OCT04NYJCHI-NYJIWILLIAMS18-15,Isaiah Williams: 15+ receiving yards,0.6300,0.6800,0.0000,0.00,0.00,active,2026-10-06T17:00:00Z,2026-10-01T13:50:16+00:00
KXNFLRECYDS-26OCT04NYJCHI,KXNFLRECYDS,KXNFLRECYDS-26OCT04NYJCHI-CHICLOVELAND84-80,Colston Loveland: 80+ receiving yards,0.0300,0.0900,0.0000,0.00,0.00,active,2026-10-06T17:00:00Z,2026-10-01T13:50:16+00:00
KXNFLRECYDS-26OCT04NYJCHI,KXNFLRECYDS,KXNFLRECYDS-26OCT04NYJCHI-CHILBURDEN10-70,Luther Burden III: 70+ receiving yards,0.2500,0.2700,0.0000,0.00,0.00,active,2026-10-06T17:00:00Z,2026-10-01T13:50:16+00:00
KXNFLRECYDS-26OCT04NYJCHI,KXNFLRECYDS,KXNFLRECYDS-26OCT04NYJCHI-CHIDSWIFT4-40,D'Andre Swift: 40+ receiving yards,0.1100,0.1200,0.0000,0.00,0.00,active,2026-10-06T17:00:00Z,2026-10-01T13:50:16+00:00
KXNFLRECYDS-26OCT04NYJCHI,KXNFLRECYDS,KXNFLRECYDS-26OCT04NYJCHI-NYJIWILLIAMS18-25,Isaiah Williams: 25+ receiving yards,0.4500,0.4800,0.0000,0.00,0.00,active,2026-10-06T17:00:00Z,2026-10-01T13:50:16+00:00
KXNFLRECYDS-26OCT04NYJCHI,KXNFLRECYDS,KXNFLRECYDS-26OCT04NYJCHI-CHIDSWIFT4-25,D'Andre Swift: 25+ receiving yards,0.2700,0.2900,0.0000,0.00,0.00,active,2026-10-06T17:00:00Z,2026-10-01T13:50:16+00:00
KXNFLRECYDS-26OCT04NYJCHI,KXNFLRECYDS,KXNFLRECYDS-26OCT04NYJCHI-CHICLOVELAND84-40,Colston Loveland: 40+ receiving yards,0.3900,0.4100,0.0000,0.00,0.00,active,2026-10-06T17:00:00Z,2026-10-01T13:50:16+00:00
KXNFLRECYDS-26OCT04NYJCHI,KXNFLRECYDS,KXNFLRECYDS-26OCT04NYJCHI-CHICKMET85-50,Cole Kmet: 50+ receiving yards,0.0300,0.0700,0.0000,0.00,0.00,active,2026-10-06T17:00:00Z,2026-10-01T13:50:16+00:00
KXNFLRECYDS-26OCT04NYJCHI,KXNFLRECYDS,KXNFLRECYDS-26OCT04NYJCHI-CHILBURDEN10-100,Luther Burden III: 100+ receiving yards,0.0400,0.1000,0.0000,0.00,0.00,active,2026-10-06T17:00:00Z,2026-10-01T13:50:16+00:00
KXNFLRECYDS-26OCT04NYJCHI,KXNFLRECYDS,KXNFLRECYDS-26OCT04NYJCHI-NYJGWILSON5-160,Garrett Wilson: 160+ receiving yards,0.0300,0.0600,0.0000,0.00,0.00,active,2026-10-06T17:00:00Z,2026-10-01T13:50:16+00:00
KXNFLRECYDS-26OCT04NYJCHI,KXNFLRECYDS,KXNFLRECYDS-26OCT04NYJCHI-CHIRODUNZE15-40,Rome Odunze: 40+ receiving yards,0.3700,0.4000,0.3600,132.93,132.93,active,2026-10-06T17:00:00Z,2026-10-01T13:50:16+00:00
KXNFLRECYDS-26OCT04NYJCHI,KXNFLRECYDS,KXNFLRECYDS-26OCT04NYJCHI-CHIRODUNZE15-25,Rome Odunze: 25+ receiving yards,0.5800,0.6100,0.5800,41.87,41.87,active,2026-10-06T17:00:00Z,2026-10-01T13:50:16+00:00
KXNFLRECYDS-26OCT04NYJCHI,KXNFLRECYDS,KXNFLRECYDS-26OCT04NYJCHI-CHICLOVELAND84-50,Colston Loveland: 50+ receiving yards,0.2700,0.2900,0.2800,170.00,170.00,active,2026-10-06T17:00:00Z,2026-10-01T13:50:16+00:00
KXNFLRECYDS-26OCT04NYJCHI,KXNFLRECYDS,KXNFLRECYDS-26OCT04NYJCHI-CHIRODUNZE15-90,Rome Odunze: 90+ receiving yards,0.0300,0.0600,0.0000,0.00,0.00,active,2026-10-06T17:00:00Z,2026-10-01T13:50:16+00:00
KXNFLRECYDS-26OCT04NYJCHI,KXNFLRECYDS,KXNFLRECYDS-26OCT04NYJCHI-NYJBALLEN0-25,Braelon Allen: 25+ receiving yards,0.2000,0.2400,0.0000,0.00,0.00,active,2026-10-06T17:00:00Z,2026-10-01T13:50:16+00:00
KXNFLRECYDS-26OCT04NYJCHI,KXNFLRECYDS,KXNFLRECYDS-26OCT04NYJCHI-CHICLOVELAND84-25,Colston Loveland: 25+ receiving yards,0.6200,0.6500,0.0000,0.00,0.00,active,2026-10-06T17:00:00Z,2026-10-01T13:50:16+00:00
KXNFLRECYDS-26OCT04NYJCHI,KXNFLRECYDS,KXNFLRECYDS-26OCT04NYJCHI-CHIKRAYMOND14-80,Kalif Raymond: 80+ receiving yards,0.0300,0.0800,0.0000,0.00,0.00,active,2026-10-06T17:00:00Z,2026-10-01T13:50:16+00:00
KXNFLRECYDS-26OCT04NYJCHI,KXNFLRECYDS,KXNFLRECYDS-26OCT04NYJCHI-CHIDSWIFT4-50,D'Andre Swift: 50+ receiving yards,0.0300,0.0700,0.0000,0.00,0.00,active,2026-10-06T17:00:00Z,2026-10-01T13:50:16+00:00
KXNFLRECYDS-26OCT04NYJCHI,KXNFLRECYDS,KXNFLRECYDS-26OCT04NYJCHI-CHIKRAYMOND14-25,Kalif Raymond: 25+ receiving yards,0.5900,0.6400,0.0000,0.00,0.00,active,2026-10-06T17:00:00Z,2026-10-01T13:50:16+00:00
KXNFLRECYDS-26OCT04NYJCHI,KXNFLRECYDS,KXNFLRECYDS-26OCT04NYJCHI-NYJGWILSON5-150,Garrett Wilson: 150+ receiving yards,0.0300,0.0800,0.0000,0.00,0.00,active,2026-10-06T17:00:00Z,2026-10-01T13:50:16+00:00
KXNFLRECYDS-26OCT04NYJCHI,KXNFLRECYDS,KXNFLRECYDS-26OCT04NYJCHI-NYJBALLEN0-15,Braelon Allen: 15+ receiving yards,0.3700,0.4000,0.0000,0.00,0.00,active,2026-10-06T17:00:00Z,2026-10-01T13:50:16+00:00
KXNFLRECYDS-26OCT04NYJCHI,KXNFLRECYDS,KXNFLRECYDS-26OCT04NYJCHI-NYJGWILSON5-110,Garrett Wilson: 110+ receiving yards,0.1500,0.2400,0.0000,0.00,0.00,active,2026-10-06T17:00:00Z,2026-10-01T13:50:16+00:00
KXNFLRECYDS-26OCT04NYJCHI,KXNFLRECYDS,KXNFLRECYDS-26OCT04NYJCHI-CHILBURDEN10-110,Luther Burden III: 110+ receiving yards,0.0300,0.0800,0.0000,0.00,0.00,active,2026-10-06T17:00:00Z,2026-10-01T13:50:16+00:00
KXNFLRECYDS-26OCT04NYJCHI,KXNFLRECYDS,KXNFLRECYDS-26OCT04NYJCHI-CHICLOVELAND84-15,Colston Loveland: 15+ receiving yards,0.7700,0.8000,0.0000,0.00,0.00,active,2026-10-06T17:00:00Z,2026-10-01T13:50:16+00:00
KXNFLRECYDS-26OCT04NYJCHI,KXNFLRECYDS,KXNFLRECYDS-26OCT04NYJCHI-CHIKRAYMOND14-50,Kalif Raymond: 50+ receiving yards,0.2500,0.2800,0.2800,33.30,33.30,active,2026-10-06T17:00:00Z,2026-10-01T13:50:16+00:00
KXNFLRECYDS-26OCT04NYJCHI,KXNFLRECYDS,KXNFLRECYDS-26OCT04NYJCHI-CHICLOVELAND84-60,Colston Loveland: 60+ receiving yards,0.1200,0.2000,0.0000,0.00,0.00,active,2026-10-06T17:00:00Z,2026-10-01T13:50:16+00:00
KXNFLRECYDS-26OCT04NYJCHI,KXNFLRECYDS,KXNFLRECYDS-26OCT04NYJCHI-CHILBURDEN10-40,Luther Burden III: 40+ receiving yards,0.5600,0.6200,0.0000,0.00,0.00,active,2026-10-06T17:00:00Z,2026-10-01T13:50:16+00:00
KXNFLRECYDS-26OCT04NYJCHI,KXNFLRECYDS,KXNFLRECYDS-26OCT04NYJCHI-NYJGWILSON5-140,Garrett Wilson: 140+ receiving yards,0.0300,0.1100,0.0000,0.00,0.00,active,2026-10-06T17:00:00Z,2026-10-01T13:50:16+00:00
KXNFLRECYDS-26OCT04NYJCHI,KXNFLRECYDS,KXNFLRECYDS-26OCT04NYJCHI-CHILBURDEN10-60,Luther Burden III: 60+ receiving yards,0.3400,0.3600,0.0000,0.00,0.00,active,2026-10-06T17:00:00Z,2026-10-01T13:50:16+00:00
KXNFLRECYDS-26OCT04NYJCHI,KXNFLRECYDS,KXNFLRECYDS-26OCT04NYJCHI-CHIKRAYMOND14-60,Kalif Raymond: 60+ receiving yards,0.0400,0.1900,0.0000,0.00,0.00,active,2026-10-06T17:00:00Z,2026-10-01T13:50:16+00:00
KXNFLRECYDS-26OCT04NYJCHI,KXNFLRECYDS,KXNFLRECYDS-26OCT04NYJCHI-CHIKRAYMOND14-70,Kalif Raymond: 70+ receiving yards,0.0500,0.1200,0.1300,65.25,65.25,active,2026-10-06T17:00:00Z,2026-10-01T13:50:16+00:00
KXNFLRECYDS-26OCT04NYJCHI,KXNFLRECYDS,KXNFLRECYDS-26OCT04NYJCHI-CHIRODUNZE15-70,Rome Odunze: 70+ receiving yards,0.0700,0.1300,0.0000,0.00,0.00,active,2026-10-06T17:00:00Z,2026-10-01T13:50:16+00:00
KXNFLRECYDS-26OCT04NYJCHI,KXNFLRECYDS,KXNFLRECYDS-26OCT04NYJCHI-CHILBURDEN10-25,Luther Burden III: 25+ receiving yards,0.7400,0.8000,0.0000,0.00,0.00,active,2026-10-06T17:00:00Z,2026-10-01T13:50:16+00:00
KXNFLRECYDS-26OCT04NYJCHI,KXNFLRECYDS,KXNFLRECYDS-26OCT04NYJCHI-NYJGWILSON5-50,Garrett Wilson: 50+ receiving yards,0.6800,0.7700,0.0000,0.00,0.00,active,2026-10-06T17:00:00Z,2026-10-01T13:50:16+00:00
KXNFLRECYDS-26OCT04NYJCHI,KXNFLRECYDS,KXNFLRECYDS-26OCT04NYJCHI-CHIKRAYMOND14-100,Kalif Raymond: 100+ receiving yards,0.0200,0.0600,0.0000,0.00,0.00,active,2026-10-06T17:00:00Z,2026-10-01T13:50:16+00:00
KXNFLRECYDS-26OCT04NYJCHI,KXNFLRECYDS,KXNFLRECYDS-26OCT04NYJCHI-NYJGWILSON5-60,Garrett Wilson: 60+ receiving yards,0.6100,0.6800,0.0000,0.00,0.00,active,2026-10-06T17:00:00Z,2026-10-01T13:50:16+00:00
KXNFLRECYDS-26OCT04NYJCHI,KXNFLRECYDS,KXNFLRECYDS-26OCT04NYJCHI-CHILBURDEN10-80,Luther Burden III: 80+ receiving yards,0.1200,0.2000,0.0000,0.00,0.00,active,2026-10-06T17:00:00Z,2026-10-01T13:50:16+00:00
KXNFLRECYDS-26OCT04NYJCHI,KXNFLRECYDS,KXNFLRECYDS-26OCT04NYJCHI-NYJGWILSON5-130,Garrett Wilson: 130+ receiving yards,0.0500,0.1400,0.0000,0.00,0.00,active,2026-10-06T17:00:00Z,2026-10-01T13:50:16+00:00
KXNFLRECYDS-26OCT04NYJCHI,KXNFLRECYDS,KXNFLRECYDS-26OCT04NYJCHI-NYJGWILSON5-120,Garrett Wilson: 120+ receiving yards,0.0900,0.1800,0.0000,0.00,0.00,active,2026-10-06T17:00:00Z,2026-10-01T13:50:16+00:00
KXNFLRECYDS-26OCT04NYJCHI,KXNFLRECYDS,KXNFLRECYDS-26OCT04NYJCHI-NYJIDAVIS32-25,Isaiah Davis: 25+ receiving yards,0.0500,0.1800,0.0000,0.00,0.00,active,2026-10-06T17:00:00Z,2026-10-01T13:50:16+00:00
KXNFLRECYDS-26OCT04NYJCHI,KXNFLRECYDS,KXNFLRECYDS-26OCT04NYJCHI-NYJIWILLIAMS18-60,Isaiah Williams: 60+ receiving yards,0.0400,0.1200,0.0000,0.00,0.00,active,2026-10-06T17:00:00Z,2026-10-01T13:50:16+00:00
KXNFLRECYDS-26OCT04NYJCHI,KXNFLRECYDS,KXNFLRECYDS-26OCT04NYJCHI-CHICKMET85-40,Cole Kmet: 40+ receiving yards,0.0400,0.1000,0.0000,0.00,0.00,active,2026-10-06T17:00:00Z,2026-10-01T13:50:16+00:00
KXNFLRECYDS-26OCT04NYJCHI,KXNFLRECYDS,KXNFLRECYDS-26OCT04NYJCHI-CHIRODUNZE15-50,Rome Odunze: 50+ receiving yards,0.2600,0.2800,0.0000,0.00,0.00,active,2026-10-06T17:00:00Z,2026-10-01T13:50:16+00:00
KXNFLRECYDS-26OCT04NYJCHI,KXNFLRECYDS,KXNFLRECYDS-26OCT04NYJCHI-NYJIWILLIAMS18-40,Isaiah Williams: 40+ receiving yards,0.2500,0.2600,0.0000,0.00,0.00,active,2026-10-06T17:00:00Z,2026-10-01T13:50:16+00:00
KXNFLRECYDS-26OCT04NYJCHI,KXNFLRECYDS,KXNFLRECYDS-26OCT04NYJCHI-CHIDSWIFT4-15,D'Andre Swift: 15+ receiving yards,0.4700,0.4900,0.5000,48.05,48.05,active,2026-10-06T17:00:00Z,2026-10-01T13:50:16+00:00
KXNFLRECYDS-26OCT04NYJCHI,KXNFLRECYDS,KXNFLRECYDS-26OCT04NYJCHI-CHILBURDEN10-90,Luther Burden III: 90+ receiving yards,0.0700,0.1500,0.0000,0.00,0.00,active,2026-10-06T17:00:00Z,2026-10-01T13:50:16+00:00
KXNFLRECYDS-26OCT04NYJCHI,KXNFLRECYDS,KXNFLRECYDS-26OCT04NYJCHI-CHILBURDEN10-50,Luther Burden III: 50+ receiving yards,0.4500,0.4800,0.0000,0.00,0.00,active,2026-10-06T17:00:00Z,2026-10-01T13:50:16+00:00
KXNFLRECYDS-26OCT04NYJCHI,KXNFLRECYDS,KXNFLRECYDS-26OCT04NYJCHI-CHIRODUNZE15-80,Rome Odunze: 80+ receiving yards,0.0300,0.0900,0.0000,0.00,0.00,active,2026-10-06T17:00:00Z,2026-10-01T13:50:16+00:00
KXNFLRECYDS-26OCT04NYJCHI,KXNFLRECYDS,KXNFLRECYDS-26OCT04NYJCHI-CHICKMET85-15,Cole Kmet: 15+ receiving yards,0.3600,0.3900,0.0000,0.00,0.00,active,2026-10-06T17:00:00Z,2026-10-01T13:50:16+00:00
KXNFLRECYDS-26OCT04NYJCHI,KXNFLRECYDS,KXNFLRECYDS-26OCT04NYJCHI-CHICKMET85-25,Cole Kmet: 25+ receiving yards,0.1900,0.2200,0.0000,0.00,0.00,active,2026-10-06T17:00:00Z,2026-10-01T13:50:16+00:00
KXNFLRECYDS-26OCT04NYJCHI,KXNFLRECYDS,KXNFLRECYDS-26OCT04NYJCHI-NYJGWILSON5-70,Garrett Wilson: 70+ receiving yards,0.5300,0.5900,0.0000,0.00,0.00,active,2026-10-06T17:00:00Z,2026-10-01T13:50:16+00:00
KXNFLRECYDS-26OCT04NYJCHI,KXNFLRECYDS,KXNFLRECYDS-26OCT04NYJCHI-CHIRODUNZE15-15,Rome Odunze: 15+ receiving yards,0.7200,0.7700,0.0000,0.00,0.00,active,2026-10-06T17:00:00Z,2026-10-01T13:50:16+00:00
KXNFLRECYDS-26OCT04NYJCHI,KXNFLRECYDS,KXNFLRECYDS-26OCT04NYJCHI-NYJGWILSON5-80,Garrett Wilson: 80+ receiving yards,0.4200,0.4600,0.4100,226.73,226.73,active,2026-10-06T17:00:00Z,2026-10-01T13:50:16+00:00
KXNFLRECYDS-26OCT04NYJCHI,KXNFLRECYDS,KXNFLRECYDS-26OCT04NYJCHI-NYJGWILSON5-100,Garrett Wilson: 100+ receiving yards,0.2800,0.3100,0.0000,0.00,0.00,active,2026-10-06T17:00:00Z,2026-10-01T13:50:16+00:00
KXNFLRECYDS-26OCT04NYJCHI,KXNFLRECYDS,KXNFLRECYDS-26OCT04NYJCHI-NYJGWILSON5-90,Garrett Wilson: 90+ receiving yards,0.3500,0.3900,0.0000,0.00,0.00,active,2026-10-06T17:00:00Z,2026-10-01T13:50:16+00:00
KXNFLRECYDS-26OCT04NYJCHI,KXNFLRECYDS,KXNFLRECYDS-26OCT04NYJCHI-NYJIDAVIS32-15,Isaiah Davis: 15+ receiving yards,0.2800,0.3500,0.0000,0.00,0.00,active,2026-10-06T17:00:00Z,2026-10-01T13:50:16+00:00
KXNFLRECYDS-26OCT04NYJCHI,KXNFLRECYDS,KXNFLRECYDS-26OCT04NYJCHI-NYJIDAVIS32-10,Isaiah Davis: 10+ receiving yards,0.4300,0.4900,0.0000,0.00,0.00,active,2026-10-06T17:00:00Z,2026-10-01T13:50:16+00:00
KXNFLRECYDS-26OCT04NYJCHI,KXNFLRECYDS,KXNFLRECYDS-26OCT04NYJCHI-CHIRODUNZE15-60,Rome Odunze: 60+ receiving yards,0.1300,0.1900,0.0000,0.00,0.00,active,2026-10-06T17:00:00Z,2026-10-01T13:50:16+00:00
KXNFLRECYDS-26OCT04NYJCHI,KXNFLRECYDS,KXNFLRECYDS-26OCT04NYJCHI-NYJGWILSON5-40,Garrett Wilson: 40+ receiving yards,0.8200,0.8500,0.0000,0.00,0.00,active,2026-10-06T17:00:00Z,2026-10-01T13:50:16+00:00
KXNFLRECYDS-26OCT04NYJCHI,KXNFLRECYDS,KXNFLRECYDS-26OCT04NYJCHI-NYJIWILLIAMS18-50,Isaiah Williams: 50+ receiving yards,0.0900,0.1600,0.1800,262.69,262.69,active,2026-10-06T17:00:00Z,2026-10-01T13:50:16+00:00
KXNFLRECYDS-26OCT04NYJCHI,KXNFLRECYDS,KXNFLRECYDS-26OCT04NYJCHI-CHIKRAYMOND14-40,Kalif Raymond: 40+ receiving yards,0.3400,0.3900,0.2500,481.83,397.56,active,2026-10-06T17:00:00Z,2026-10-01T13:50:16+00:00
KXNFLRECYDS-26OCT04NYJCHI,KXNFLRECYDS,KXNFLRECYDS-26OCT04NYJCHI-NYJIDAVIS32-50,Isaiah Davis: 50+ receiving yards,0.0200,0.0800,0.0000,0.00,0.00,active,2026-10-06T17:00:00Z,2026-10-01T13:50:16+00:00
KXNFLRECYDS-26OCT04NYJCHI,KXNFLRECYDS,KXNFLRECYDS-26OCT04NYJCHI-NYJIDAVIS32-40,Isaiah Davis: 40+ receiving yards,0.0300,0.1200,0.0000,0.00,0.00,active,2026-10-06T17:00:00Z,2026-10-01T13:50:16+00:00
KXNFLRECYDS-26OCT04NYJCHI,KXNFLRECYDS,KXNFLRECYDS-26OCT04NYJCHI-NYJBALLEN0-50,Braelon Allen: 50+ receiving yards,0.0200,0.0600,0.0000,0.00,0.00,active,2026-10-06T17:00:00Z,2026-10-01T13:50:16+00:00
KXNFLRECYDS-26OCT04NYJCHI,KXNFLRECYDS,KXNFLRECYDS-26OCT04NYJCHI-CHIKRAYMOND14-90,Kalif Raymond: 90+ receiving yards,0.0300,0.0600,0.0000,0.00,0.00,active,2026-10-06T17:00:00Z,2026-10-01T13:50:16+00:00
KXNFLRECYDS-26OCT04NYJCHI,KXNFLRECYDS,KXNFLRECYDS-26OCT04NYJCHI-NYJIWILLIAMS18-80,Isaiah Williams: 80+ receiving yards,0.0200,0.0600,0.0000,0.00,0.00,active,2026-10-06T17:00:00Z,2026-10-01T13:50:16+00:00
KXNFLRECYDS-26OCT04NYJCHI,KXNFLRECYDS,KXNFLRECYDS-26OCT04NYJCHI-NYJBALLEN0-40,Braelon Allen: 40+ receiving yards,0.0300,0.1000,0.0000,0.00,0.00,active,2026-10-06T17:00:00Z,2026-10-01T13:50:16+00:00
KXNFLRECYDS-26OCT04NYJCHI,KXNFLRECYDS,KXNFLRECYDS-26OCT04NYJCHI-CHIKRAYMOND14-15,Kalif Raymond: 15+ receiving yards,0.7400,0.8000,0.0000,0.00,0.00,active,2026-10-06T17:00:00Z,2026-10-01T13:50:16+00:00
KXNFLRECYDS-26OCT04NYJCHI,KXNFLRECYDS,KXNFLRECYDS-26OCT04NYJCHI-CHICLOVELAND84-70,Colston Loveland: 70+ receiving yards,0.0600,0.1300,0.0000,0.00,0.00,active,2026-10-06T17:00:00Z,2026-10-01T13:50:16+00:00
KXNFLRECYDS-26OCT04TENBAL,KXNFLRECYDS,KXNFLRECYDS-26OCT04TENBAL-BALZFLOWERS4-40,Zay Flowers: 40+ receiving yards,0.7200,0.7800,0.0000,0.00,0.00,active,2026-10-06T17:00:00Z,2026-10-01T13:50:16+00:00
KXNFLRECYDS-26OCT04TENBAL,KXNFLRECYDS,KXNFLRECYDS-26OCT04TENBAL-BALMANDREWS89-90,Mark Andrews: 90+ receiving yards,0.0300,0.0800,0.0000,0.00,0.00,active,2026-10-06T17:00:00Z,2026-10-01T13:50:16+00:00
KXNFLRECYDS-26OCT04TENBAL,KXNFLRECYDS,KXNFLRECYDS-26OCT04TENBAL-BALZFLOWERS4-80,Zay Flowers: 80+ receiving yards,0.3700,0.4100,0.4100,47.52,47.52,active,2026-10-06T17:00:00Z,2026-10-01T13:50:16+00:00
KXNFLRECYDS-26OCT04TENBAL,KXNFLRECYDS,KXNFLRECYDS-26OCT04TENBAL-TENGHELM84-25,Gunnar Helm: 25+ receiving yards,0.3400,0.3900,0.0000,0.00,0.00,active,2026-10-06T17:00:00Z,2026-10-01T13:50:16+00:00
KXNFLRECYDS-26OCT04TENBAL,KXNFLRECYDS,KXNFLRECYDS-26OCT04TENBAL-BALMANDREWS89-120,Mark Andrews: 120+ receiving yards,0.0200,0.0400,0.0000,0.00,0.00,active,2026-10-06T17:00:00Z,2026-10-01T13:50:16+00:00
KXNFLRECYDS-26OCT04TENBAL,KXNFLRECYDS,KXNFLRECYDS-26OCT04TENBAL-TENWROBINSON4-90,Wan'Dale Robinson: 90+ receiving yards,0.0300,0.1000,0.0000,0.00,0.00,active,2026-10-06T17:00:00Z,2026-10-01T13:50:16+00:00
KXNFLRECYDS-26OCT04TENBAL,KXNFLRECYDS,KXNFLRECYDS-26OCT04TENBAL-TENCTATE14-100,Carnell Tate: 100+ receiving yards,0.0300,0.1000,0.0000,0.00,0.00,active,2026-10-06T17:00:00Z,2026-10-01T13:50:16+00:00
KXNFLRECYDS-26OCT04TENBAL,KXNFLRECYDS,KXNFLRECYDS-26OCT04TENBAL-TENCRIDLEY0-15,Calvin Ridley: 15+ receiving yards,0.2900,0.3000,0.0000,0.00,0.00,active,2026-10-06T17:00:00Z,2026-10-01T13:50:16+00:00
KXNFLRECYDS-26OCT04TENBAL,KXNFLRECYDS,KXNFLRECYDS-26OCT04TENBAL-TENGHELM84-40,Gunnar Helm: 40+ receiving yards,0.1500,0.1900,0.0000,0.00,0.00,active,2026-10-06T17:00:00Z,2026-10-01T13:50:16+00:00
KXNFLRECYDS-26OCT04TENBAL,KXNFLRECYDS,KXNFLRECYDS-26OCT04TENBAL-BALRBATEMAN7-110,Rashod Bateman: 110+ receiving yards,0.0200,0.0700,0.0000,0.00,0.00,active,2026-10-06T17:00:00Z,2026-10-01T13:50:16+00:00
KXNFLRECYDS-26OCT04TENBAL,KXNFLRECYDS,KXNFLRECYDS-26OCT04TENBAL-TENEAYOMANOR5-40,Elic Ayomanor: 40+ receiving yards,0.2200,0.2600,0.0000,0.00,0.00,active,2026-10-06T17:00:00Z,2026-10-01T13:50:16+00:00
KXNFLRECYDS-26OCT04TENBAL,KXNFLRECYDS,KXNFLRECYDS-26OCT04TENBAL-TENGHELM84-60,Gunnar Helm: 60+ receiving yards,0.0300,0.0800,0.0000,0.00,0.00,active,2026-10-06T17:00:00Z,2026-10-01T13:50:16+00:00
KXNFLRECYDS-26OCT04TENBAL,KXNFLRECYDS,KXNFLRECYDS-26OCT04TENBAL-BALZFLOWERS4-150,Zay Flowers: 150+ receiving yards,0.0300,0.0600,0.0600,390.94,390.94,active,2026-10-06T17:00:00Z,2026-10-01T13:50:16+00:00
KXNFLRECYDS-26OCT04TENBAL,KXNFLRECYDS,KXNFLRECYDS-26OCT04TENBAL-BALRBATEMAN7-90,Rashod Bateman: 90+ receiving yards,0.0300,0.1000,0.0000,0.00,0.00,active,2026-10-06T17:00:00Z,2026-10-01T13:50:16+00:00
KXNFLRECYDS-26OCT04TENBAL,KXNFLRECYDS,KXNFLRECYDS-26OCT04TENBAL-TENWROBINSON4-100,Wan'Dale Robinson: 100+ receiving yards,0.0300,0.0600,0.0000,0.00,0.00,active,2026-10-06T17:00:00Z,2026-10-01T13:50:16+00:00
KXNFLRECYDS-26OCT04TENBAL,KXNFLRECYDS,KXNFLRECYDS-26OCT04TENBAL-BALZFLOWERS4-90,Zay Flowers: 90+ receiving yards,0.2900,0.3200,0.3200,149.89,149.89,active,2026-10-06T17:00:00Z,2026-10-01T13:50:16+00:00
KXNFLRECYDS-26OCT04TENBAL,KXNFLRECYDS,KXNFLRECYDS-26OCT04TENBAL-TENCTATE14-90,Carnell Tate: 90+ receiving yards,0.0500,0.1200,0.0000,0.00,0.00,active,2026-10-06T17:00:00Z,2026-10-01T13:50:16+00:00
KXNFLRECYDS-26OCT04TENBAL,KXNFLRECYDS,KXNFLRECYDS-26OCT04TENBAL-BALMANDREWS89-110,Mark Andrews: 110+ receiving yards,0.0200,0.0800,0.0000,0.00,0.00,active,2026-10-06T17:00:00Z,2026-10-01T13:50:16+00:00
KXNFLRECYDS-26OCT04TENBAL,KXNFLRECYDS,KXNFLRECYDS-26OCT04TENBAL-TENWROBINSON4-60,Wan'Dale Robinson: 60+ receiving yards,0.2500,0.2700,0.0000,0.00,0.00,active,2026-10-06T17:00:00Z,2026-10-01T13:50:16+00:00
KXNFLRECYDS-26OCT04TENBAL,KXNFLRECYDS,KXNFLRECYDS-26OCT04TENBAL-TENGHELM84-20,Gunnar Helm: 20+ receiving yards,0.4500,0.4800,0.0000,0.00,0.00,active,2026-10-06T17:00:00Z,2026-10-01T13:50:16+00:00
KXNFLRECYDS-26OCT04TENBAL,KXNFLRECYDS,KXNFLRECYDS-26OCT04TENBAL-BALMANDREWS89-60,Mark Andrews: 60+ receiving yards,0.2300,0.2500,0.0000,0.00,0.00,active,2026-10-06T17:00:00Z,2026-10-01T13:50:16+00:00
KXNFLRECYDS-26OCT04TENBAL,KXNFLRECYDS,KXNFLRECYDS-26OCT04TENBAL-BALRBATEMAN7-50,Rashod Bateman: 50+ receiving yards,0.2800,0.3200,0.0000,0.00,0.00,active,2026-10-06T17:00:00Z,2026-10-01T13:50:16+00:00
KXNFLRECYDS-26OCT04TENBAL,KXNFLRECYDS,KXNFLRECYDS-26OCT04TENBAL-TENWROBINSON4-25,Wan'Dale Robinson: 25+ receiving yards,0.6600,0.7100,0.0000,0.00,0.00,active,2026-10-06T17:00:00Z,2026-10-01T13:50:16+00:00
KXNFLRECYDS-26OCT04TENBAL,KXNFLRECYDS,KXNFLRECYDS-26OCT04TENBAL-TENCTATE14-50,Carnell Tate: 50+ receiving yards,0.3900,0.4300,0.0000,0.00,0.00,active,2026-10-06T17:00:00Z,2026-10-01T13:50:16+00:00
KXNFLRECYDS-26OCT04TENBAL,KXNFLRECYDS,KXNFLRECYDS-26OCT04TENBAL-BALMANDREWS89-40,Mark Andrews: 40+ receiving yards,0.4500,0.4800,0.4900,540.57,540.57,active,2026-10-06T17:00:00Z,2026-10-01T13:50:16+00:00
KXNFLRECYDS-26OCT04TENBAL,KXNFLRECYDS,KXNFLRECYDS-26OCT04TENBAL-BALRBATEMAN7-15,Rashod Bateman: 15+ receiving yards,0.7600,0.7700,0.0000,0.00,0.00,active,2026-10-06T17:00:00Z,2026-10-01T13:50:16+00:00
KXNFLRECYDS-26OCT04TENBAL,KXNFLRECYDS,KXNFLRECYDS-26OCT04TENBAL-BALRBATEMAN7-40,Rashod Bateman: 40+ receiving yards,0.3900,0.4200,0.0000,0.00,0.00,active,2026-10-06T17:00:00Z,2026-10-01T13:50:16+00:00
KXNFLRECYDS-26OCT04TENBAL,KXNFLRECYDS,KXNFLRECYDS-26OCT04TENBAL-BALDHENRY22-50,Derrick Henry: 50+ receiving yards,0.0200,0.0900,0.0000,0.00,0.00,active,2026-10-06T17:00:00Z,2026-10-01T13:50:16+00:00
KXNFLRECYDS-26OCT04TENBAL,KXNFLRECYDS,KXNFLRECYDS-26OCT04TENBAL-TENGHELM84-50,Gunnar Helm: 50+ receiving yards,0.0400,0.1000,0.0000,0.00,0.00,active,2026-10-06T17:00:00Z,2026-10-01T13:50:16+00:00
KXNFLRECYDS-26OCT04TENBAL,KXNFLRECYDS,KXNFLRECYDS-26OCT04TENBAL-TENCRIDLEY0-50,Calvin Ridley: 50+ receiving yards,0.0200,0.0800,0.0000,0.00,0.00,active,2026-10-06T17:00:00Z,2026-10-01T13:50:16+00:00
KXNFLRECYDS-26OCT04TENBAL,KXNFLRECYDS,KXNFLRECYDS-26OCT04TENBAL-BALRBATEMAN7-70,Rashod Bateman: 70+ receiving yards,0.0900,0.1700,0.0000,0.00,0.00,active,2026-10-06T17:00:00Z,2026-10-01T13:50:16+00:00
KXNFLRECYDS-26OCT04TENBAL,KXNFLRECYDS,KXNFLRECYDS-26OCT04TENBAL-TENGHELM84-70,Gunnar Helm: 70+ receiving yards,0.0200,0.0700,0.0000,0.00,0.00,active,2026-10-06T17:00:00Z,2026-10-01T13:50:16+00:00
KXNFLRECYDS-26OCT04TENBAL,KXNFLRECYDS,KXNFLRECYDS-26OCT04TENBAL-TENCTATE14-15,Carnell Tate: 15+ receiving yards,0.7300,0.8800,0.0000,0.00,0.00,active,2026-10-06T17:00:00Z,2026-10-01T13:50:16+00:00
KXNFLRECYDS-26OCT04TENBAL,KXNFLRECYDS,KXNFLRECYDS-26OCT04TENBAL-TENEAYOMANOR5-60,Elic Ayomanor: 60+ receiving yards,0.0500,0.1200,0.0000,0.00,0.00,active,2026-10-06T17:00:00Z,2026-10-01T13:50:16+00:00
KXNFLRECYDS-26OCT04TENBAL,KXNFLRECYDS,KXNFLRECYDS-26OCT04TENBAL-BALDHENRY22-40,Derrick Henry: 40+ receiving yards,0.0300,0.1100,0.0000,0.00,0.00,active,2026-10-06T17:00:00Z,2026-10-01T13:50:16+00:00
KXNFLRECYDS-26OCT04TENBAL,KXNFLRECYDS,KXNFLRECYDS-26OCT04TENBAL-TENTPOLLARD20-15,Tony Pollard: 15+ receiving yards,0.3300,0.3700,0.0000,0.00,0.00,active,2026-10-06T17:00:00Z,2026-10-01T13:50:16+00:00
KXNFLRECYDS-26OCT04TENBAL,KXNFLRECYDS,KXNFLRECYDS-26OCT04TENBAL-BALRBATEMAN7-60,Rashod Bateman: 60+ receiving yards,0.0800,0.2300,0.0000,0.00,0.00,active,2026-10-06T17:00:00Z,2026-10-01T13:50:16+00:00
KXNFLRECYDS-26OCT04TENBAL,KXNFLRECYDS,KXNFLRECYDS-26OCT04TENBAL-BALZFLOWERS4-120,Zay Flowers: 120+ receiving yards,0.0600,0.1500,0.0000,0.00,0.00,active,2026-10-06T17:00:00Z,2026-10-01T13:50:16+00:00
KXNFLRECYDS-26OCT04TENBAL,KXNFLRECYDS,KXNFLRECYDS-26OCT04TENBAL-BALRBATEMAN7-80,Rashod Bateman: 80+ receiving yards,0.0500,0.1300,0.0000,0.00,0.00,active,2026-10-06T17:00:00Z,2026-10-01T13:50:16+00:00
KXNFLRECYDS-26OCT04TENBAL,KXNFLRECYDS,KXNFLRECYDS-26OCT04TENBAL-TENCTATE14-80,Carnell Tate: 80+ receiving yards,0.0900,0.1700,0.0000,0.00,0.00,active,2026-10-06T17:00:00Z,2026-10-01T13:50:16+00:00
KXNFLRECYDS-26OCT04TENBAL,KXNFLRECYDS,KXNFLRECYDS-26OCT04TENBAL-TENWROBINSON4-70,Wan'Dale Robinson: 70+ receiving yards,0.0400,0.2000,0.0000,0.00,0.00,active,2026-10-06T17:00:00Z,2026-10-01T13:50:16+00:00
KXNFLRECYDS-26OCT04TENBAL,KXNFLRECYDS,KXNFLRECYDS-26OCT04TENBAL-BALZFLOWERS4-50,Zay Flowers: 50+ receiving yards,0.6500,0.7000,0.6900,14.07,14.07,active,2026-10-06T17:00:00Z,2026-10-01T13:50:16+00:00
KXNFLRECYDS-26OCT04TENBAL,KXNFLRECYDS,KXNFLRECYDS-26OCT04TENBAL-TENWROBINSON4-50,Wan'Dale Robinson: 50+ receiving yards,0.3500,0.3700,0.0000,0.00,0.00,active,2026-10-06T17:00:00Z,2026-10-01T13:50:16+00:00
KXNFLRECYDS-26OCT04TENBAL,KXNFLRECYDS,KXNFLRECYDS-26OCT04TENBAL-TENEAYOMANOR5-25,Elic Ayomanor: 25+ receiving yards,0.3900,0.4500,0.0000,0.00,0.00,active,2026-10-06T17:00:00Z,2026-10-01T13:50:16+00:00
KXNFLRECYDS-26OCT04TENBAL,KXNFLRECYDS,KXNFLRECYDS-26OCT04TENBAL-BALZFLOWERS4-160,Zay Flowers: 160+ receiving yards,0.0200,0.0700,0.0000,0.00,0.00,active,2026-10-06T17:00:00Z,2026-10-01T13:50:16+00:00
KXNFLRECYDS-26OCT04TENBAL,KXNFLRECYDS,KXNFLRECYDS-26OCT04TENBAL-TENTPOLLARD20-40,Tony Pollard: 40+ receiving yards,0.0300,0.1000,0.0000,0.00,0.00,active,2026-10-06T17:00:00Z,2026-10-01T13:50:16+00:00
KXNFLRECYDS-26OCT04TENBAL,KXNFLRECYDS,KXNFLRECYDS-26OCT04TENBAL-TENWROBINSON4-80,Wan'Dale Robinson: 80+ receiving yards,0.0600,0.1400,0.0000,0.00,0.00,active,2026-10-06T17:00:00Z,2026-10-01T13:50:16+00:00
KXNFLRECYDS-26OCT04TENBAL,KXNFLRECYDS,KXNFLRECYDS-26OCT04TENBAL-BALZFLOWERS4-130,Zay Flowers: 130+ receiving yards,0.0500,0.1000,0.1100,216.18,216.18,active,2026-10-06T17:00:00Z,2026-10-01T13:50:16+00:00
KXNFLRECYDS-26OCT04TENBAL,KXNFLRECYDS,KXNFLRECYDS-26OCT04TENBAL-TENEAYOMANOR5-50,Elic Ayomanor: 50+ receiving yards,0.1200,0.1800,0.1400,44.00,44.00,active,2026-10-06T17:00:00Z,2026-10-01T13:50:16+00:00
KXNFLRECYDS-26OCT04TENBAL,KXNFLRECYDS,KXNFLRECYDS-26OCT04TENBAL-TENCRIDLEY0-25,Calvin Ridley: 25+ receiving yards,0.1400,0.1500,0.0000,0.00,0.00,active,2026-10-06T17:00:00Z,2026-10-01T13:50:16+00:00
KXNFLRECYDS-26OCT04TENBAL,KXNFLRECYDS,KXNFLRECYDS-26OCT04TENBAL-TENEAYOMANOR5-70,Elic Ayomanor: 70+ receiving yards,0.0300,0.1000,0.0000,0.00,0.00,active,2026-10-06T17:00:00Z,2026-10-01T13:50:16+00:00
KXNFLRECYDS-26OCT04TENBAL,KXNFLRECYDS,KXNFLRECYDS-26OCT04TENBAL-BALMANDREWS89-50,Mark Andrews: 50+ receiving yards,0.3300,0.3600,0.0000,0.00,0.00,active,2026-10-06T17:00:00Z,2026-10-01T13:50:16+00:00
KXNFLRECYDS-26OCT04TENBAL,KXNFLRECYDS,KXNFLRECYDS-26OCT04TENBAL-BALDHENRY22-15,Derrick Henry: 15+ receiving yards,0.2800,0.3200,0.0000,0.00,0.00,active,2026-10-06T17:00:00Z,2026-10-01T13:50:16+00:00
KXNFLRECYDS-26OCT04TENBAL,KXNFLRECYDS,KXNFLRECYDS-26OCT04TENBAL-BALMANDREWS89-80,Mark Andrews: 80+ receiving yards,0.0500,0.1200,0.0000,0.00,0.00,active,2026-10-06T17:00:00Z,2026-10-01T13:50:16+00:00
KXNFLRECYDS-26OCT04TENBAL,KXNFLRECYDS,KXNFLRECYDS-26OCT04TENBAL-TENTPOLLARD20-50,Tony Pollard: 50+ receiving yards,0.0200,0.0800,0.0000,0.00,0.00,active,2026-10-06T17:00:00Z,2026-10-01T13:50:16+00:00
KXNFLRECYDS-26OCT04TENBAL,KXNFLRECYDS,KXNFLRECYDS-26OCT04TENBAL-TENCRIDLEY0-40,Calvin Ridley: 40+ receiving yards,0.0300,0.1100,0.0000,0.00,0.00,active,2026-10-06T17:00:00Z,2026-10-01T13:50:16+00:00
KXNFLRECYDS-26OCT04TENBAL,KXNFLRECYDS,KXNFLRECYDS-26OCT04TENBAL-TENCTATE14-70,Carnell Tate: 70+ receiving yards,0.1700,0.2400,0.0000,0.00,0.00,active,2026-10-06T17:00:00Z,2026-10-01T13:50:16+00:00
KXNFLRECYDS-26OCT04TENBAL,KXNFLRECYDS,KXNFLRECYDS-26OCT04TENBAL-TENTPOLLARD20-25,Tony Pollard: 25+ receiving yards,0.1600,0.2000,0.2000,72.34,72.34,active,2026-10-06T17:00:00Z,2026-10-01T13:50:16+00:00
KXNFLRECYDS-26OCT04TENBAL,KXNFLRECYDS,KXNFLRECYDS-26OCT04TENBAL-TENGHELM84-15,Gunnar Helm: 15+ receiving yards,0.5600,0.6100,0.0000,0.00,0.00,active,2026-10-06T17:00:00Z,2026-10-01T13:50:16+00:00
KXNFLRECYDS-26OCT04TENBAL,KXNFLRECYDS,KXNFLRECYDS-26OCT04TENBAL-TENCTATE14-25,Carnell Tate: 25+ receiving yards,0.7100,0.7600,0.0000,0.00,0.00,active,2026-10-06T17:00:00Z,2026-10-01T13:50:16+00:00
KXNFLRECYDS-26OCT04TENBAL,KXNFLRECYDS,KXNFLRECYDS-26OCT04TENBAL-TENCTATE14-60,Carnell Tate: 60+ receiving yards,0.2900,0.3200,0.0000,0.00,0.00,active,2026-10-06T17:00:00Z,2026-10-01T13:50:16+00:00
KXNFLRECYDS-26OCT04TENBAL,KXNFLRECYDS,KXNFLRECYDS-26OCT04TENBAL-BALMANDREWS89-70,Mark Andrews: 70+ receiving yards,0.1300,0.1700,0.0000,0.00,0.00,active,2026-10-06T17:00:00Z,2026-10-01T13:50:16+00:00
KXNFLRECYDS-26OCT04TENBAL,KXNFLRECYDS,KXNFLRECYDS-26OCT04TENBAL-BALZFLOWERS4-70,Zay Flowers: 70+ receiving yards,0.4600,0.5000,0.4900,29.55,29.55,active,2026-10-06T17:00:00Z,2026-10-01T13:50:16+00:00
KXNFLRECYDS-26OCT04TENBAL,KXNFLRECYDS,KXNFLRECYDS-26OCT04TENBAL-TENWROBINSON4-40,Wan'Dale Robinson: 40+ receiving yards,0.4600,0.5000,0.5000,1.93,1.93,active,2026-10-06T17:00:00Z,2026-10-01T13:50:16+00:00
KXNFLRECYDS-26OCT04TENBAL,KXNFLRECYDS,KXNFLRECYDS-26OCT04TENBAL-TENCTATE14-40,Carnell Tate: 40+ receiving yards,0.5100,0.5600,0.5400,8.97,8.97,active,2026-10-06T17:00:00Z,2026-10-01T13:50:16+00:00
KXNFLRECYDS-26OCT04TENBAL,KXNFLRECYDS,KXNFLRECYDS-26OCT04TENBAL-BALZFLOWERS4-100,Zay Flowers: 100+ receiving yards,0.1700,0.2500,0.0000,0.00,0.00,active,2026-10-06T17:00:00Z,2026-10-01T13:50:16+00:00
KXNFLRECYDS-26OCT04TENBAL,KXNFLRECYDS,KXNFLRECYDS-26OCT04TENBAL-TENWROBINSON4-15,Wan'Dale Robinson: 15+ receiving yards,0.7900,0.8500,0.0000,0.00,0.00,active,2026-10-06T17:00:00Z,2026-10-01T13:50:16+00:00
KXNFLRECYDS-26OCT04TENBAL,KXNFLRECYDS,KXNFLRECYDS-26OCT04TENBAL-BALMANDREWS89-15,Mark Andrews: 15+ receiving yards,0.7900,0.8500,0.0000,0.00,0.00,active,2026-10-06T17:00:00Z,2026-10-01T13:50:16+00:00
KXNFLRECYDS-26OCT04TENBAL,KXNFLRECYDS,KXNFLRECYDS-26OCT04TENBAL-BALRBATEMAN7-25,Rashod Bateman: 25+ receiving yards,0.5700,0.6300,0.0000,0.00,0.00,active,2026-10-06T17:00:00Z,2026-10-01T13:50:16+00:00
KXNFLRECYDS-26OCT04TENBAL,KXNFLRECYDS,KXNFLRECYDS-26OCT04TENBAL-BALDHENRY22-25,Derrick Henry: 25+ receiving yards,0.1300,0.1700,0.0000,0.00,0.00,active,2026-10-06T17:00:00Z,2026-10-01T13:50:16+00:00
KXNFLRECYDS-26OCT04TENBAL,KXNFLRECYDS,KXNFLRECYDS-26OCT04TENBAL-TENEAYOMANOR5-15,Elic Ayomanor: 15+ receiving yards,0.5900,0.6400,0.6200,107.35,107.35,active,2026-10-06T17:00:00Z,2026-10-01T13:50:16+00:00
KXNFLRECYDS-26OCT04TENBAL,KXNFLRECYDS,KXNFLRECYDS-26OCT04TENBAL-BALZFLOWERS4-110,Zay Flowers: 110+ receiving yards,0.1300,0.2000,0.1900,249.03,249.03,active,2026-10-06T17:00:00Z,2026-10-01T13:50:16+00:00
KXNFLRECYDS-26OCT04TENBAL,KXNFLRECYDS,KXNFLRECYDS-26OCT04TENBAL-BALZFLOWERS4-60,Zay Flowers: 60+ receiving yards,0.5500,0.6000,0.6000,0.81,0.81,active,2026-10-06T17:00:00Z,2026-10-01T13:50:16+00:00
KXNFLRECYDS-26OCT04TENBAL,KXNFLRECYDS,KXNFLRECYDS-26OCT04TENBAL-BALMANDREWS89-100,Mark Andrews: 100+ receiving yards,0.0300,0.0700,0.0000,0.00,0.00,active,2026-10-06T17:00:00Z,2026-10-01T13:50:16+00:00
KXNFLRECYDS-26OCT04TENBAL,KXNFLRECYDS,KXNFLRECYDS-26OCT04TENBAL-BALRBATEMAN7-100,Rashod Bateman: 100+ receiving yards,0.0300,0.0700,0.0000,0.00,0.00,active,2026-10-06T17:00:00Z,2026-10-01T13:50:16+00:00
KXNFLRECYDS-26OCT04TENBAL,KXNFLRECYDS,KXNFLRECYDS-26OCT04TENBAL-TENCTATE14-110,Carnell Tate: 110+ receiving yards,0.0300,0.0600,0.0000,0.00,0.00,active,2026-10-06T17:00:00Z,2026-10-01T13:50:16+00:00
KXNFLRECYDS-26OCT04TENBAL,KXNFLRECYDS,KXNFLRECYDS-26OCT04TENBAL-BALZFLOWERS4-140,Zay Flowers: 140+ receiving yards,0.0300,0.0700,0.0000,0.00,0.00,active,2026-10-06T17:00:00Z,2026-10-01T13:50:16+00:00
KXNFLRECYDS-26OCT04TENBAL,KXNFLRECYDS,KXNFLRECYDS-26OCT04TENBAL-BALMANDREWS89-25,Mark Andrews: 25+ receiving yards,0.6600,0.7000,0.7300,26.65,26.65,active,2026-10-06T17:00:00Z,2026-10-01T13:50:16+00:00
KXNFLRECYDS-26OCT05ATLNO,KXNFLRECYDS,KXNFLRECYDS-26OCT05ATLNO-NOCOLAVE12-170,Chris Olave: 170+ receiving yards,0.0300,0.0600,0.0000,0.00,0.00,active,2026-10-08T00:15:00Z,2026-10-01T13:50:16+00:00
KXNFLRECYDS-26OCT05ATLNO,KXNFLRECYDS,KXNFLRECYDS-26OCT05ATLNO-NOCOLAVE12-160,Chris Olave: 160+ receiving yards,0.0300,0.0800,0.0000,0.00,0.00,active,2026-10-08T00:15:00Z,2026-10-01T13:50:16+00:00
KXNFLRECYDS-26OCT05ATLNO,KXNFLRECYDS,KXNFLRECYDS-26OCT05ATLNO-ATLDLONDON5-160,Drake London: 160+ receiving yards,0.0300,0.0800,0.0000,0.00,0.00,active,2026-10-08T00:15:00Z,2026-10-01T13:50:16+00:00
KXNFLRECYDS-26OCT05ATLNO,KXNFLRECYDS,KXNFLRECYDS-26OCT05ATLNO-NOAKAMARA41-70,Alvin Kamara: 70+ receiving yards,0.0200,0.0700,0.0000,0.00,0.00,active,2026-10-08T00:15:00Z,2026-10-01T13:50:16+00:00
KXNFLRECYDS-26OCT05ATLNO,KXNFLRECYDS,KXNFLRECYDS-26OCT05ATLNO-ATLKPITTS8-80,Kyle Pitts Sr.: 80+ receiving yards,0.0300,0.0800,0.0000,0.00,0.00,active,2026-10-08T00:15:00Z,2026-10-01T13:50:16+00:00
KXNFLRECYDS-26OCT05ATLNO,KXNFLRECYDS,KXNFLRECYDS-26OCT05ATLNO-ATLBROBINSON7-100,Bijan Robinson: 100+ receiving yards,0.0300,0.0700,0.0000,0.00,0.00,active,2026-10-08T00:15:00Z,2026-10-01T13:50:16+00:00
KXNFLRECYDS-26OCT05ATLNO,KXNFLRECYDS,KXNFLRECYDS-26OCT05ATLNO-NODVELE14-110,Devaughn Vele: 110+ receiving yards,0.0300,0.0800,0.0000,0.00,0.00,active,2026-10-08T00:15:00Z,2026-10-01T13:50:16+00:00
KXNFLRECYDS-26OCT05ATLNO,KXNFLRECYDS,KXNFLRECYDS-26OCT05ATLNO-ATLJDOTSON4-50,Jahan Dotson: 50+ receiving yards,0.0900,0.1500,0.0000,0.00,0.00,active,2026-10-08T00:15:00Z,2026-10-01T13:50:16+00:00
KXNFLRECYDS-26OCT05ATLNO,KXNFLRECYDS,KXNFLRECYDS-26OCT05ATLNO-ATLAHOOPER81-50,Austin Hooper: 50+ receiving yards,0.0300,0.0800,0.0000,0.00,0.00,active,2026-10-08T00:15:00Z,2026-10-01T13:50:16+00:00
KXNFLRECYDS-26OCT05ATLNO,KXNFLRECYDS,KXNFLRECYDS-26OCT05ATLNO-ATLDLONDON5-70,Drake London: 70+ receiving yards,0.5500,0.6000,0.0000,0.00,0.00,active,2026-10-08T00:15:00Z,2026-10-01T13:50:16+00:00
KXNFLRECYDS-26OCT05ATLNO,KXNFLRECYDS,KXNFLRECYDS-26OCT05ATLNO-NOCOLAVE12-100,Chris Olave: 100+ receiving yards,0.3500,0.3900,0.0000,0.00,0.00,active,2026-10-08T00:15:00Z,2026-10-01T13:50:16+00:00
KXNFLRECYDS-26OCT05ATLNO,KXNFLRECYDS,KXNFLRECYDS-26OCT05ATLNO-NOCOLAVE12-80,Chris Olave: 80+ receiving yards,0.5300,0.5700,0.0000,0.00,0.00,active,2026-10-08T00:15:00Z,2026-10-01T13:50:16+00:00
KXNFLRECYDS-26OCT05ATLNO,KXNFLRECYDS,KXNFLRECYDS-26OCT05ATLNO-NOAKAMARA41-60,Alvin Kamara: 60+ receiving yards,0.0300,0.0800,0.0000,0.00,0.00,active,2026-10-08T00:15:00Z,2026-10-01T13:50:16+00:00
KXNFLRECYDS-26OCT05ATLNO,KXNFLRECYDS,KXNFLRECYDS-26OCT05ATLNO-NONFANT87-60,Noah Fant: 60+ receiving yards,0.0300,0.0700,0.0000,0.00,0.00,active,2026-10-08T00:15:00Z,2026-10-01T13:50:16+00:00
KXNFLRECYDS-26OCT05ATLNO,KXNFLRECYDS,KXNFLRECYDS-26OCT05ATLNO-ATLBROBINSON7-40,Bijan Robinson: 40+ receiving yards,0.4700,0.5000,0.4700,111.28,111.28,active,2026-10-08T00:15:00Z,2026-10-01T13:50:16+00:00
KXNFLRECYDS-26OCT05ATLNO,KXNFLRECYDS,KXNFLRECYDS-26OCT05ATLNO-ATLDLONDON5-170,Drake London: 170+ receiving yards,0.0300,0.0700,0.0000,0.00,0.00,active,2026-10-08T00:15:00Z,2026-10-01T13:50:16+00:00
KXNFLRECYDS-26OCT05ATLNO,KXNFLRECYDS,KXNFLRECYDS-26OCT05ATLNO-ATLBROBINSON7-15,Bijan Robinson: 15+ receiving yards,0.8400,0.8800,0.0000,0.00,0.00,active,2026-10-08T00:15:00Z,2026-10-01T13:50:16+00:00
KXNFLRECYDS-26OCT05ATLNO,KXNFLRECYDS,KXNFLRECYDS-26OCT05ATLNO-ATLJDOTSON4-70,Jahan Dotson: 70+ receiving yards,0.0300,0.0700,0.0000,0.00,0.00,active,2026-10-08T00:15:00Z,2026-10-01T13:50:16+00:00
KXNFLRECYDS-26OCT05ATLNO,KXNFLRECYDS,KXNFLRECYDS-26OCT05ATLNO-NODVELE14-120,Devaughn Vele: 120+ receiving yards,0.0200,0.0700,0.0000,0.00,0.00,active,2026-10-08T00:15:00Z,2026-10-01T13:50:16+00:00
KXNFLRECYDS-26OCT05ATLNO,KXNFLRECYDS,KXNFLRECYDS-26OCT05ATLNO-NOCOLAVE12-50,Chris Olave: 50+ receiving yards,0.7900,0.8300,0.0000,0.00,0.00,active,2026-10-08T00:15:00Z,2026-10-01T13:50:16+00:00
KXNFLRECYDS-26OCT05ATLNO,KXNFLRECYDS,KXNFLRECYDS-26OCT05ATLNO-NONFANT87-50,Noah Fant: 50+ receiving yards,0.0700,0.1100,0.0000,0.00,0.00,active,2026-10-08T00:15:00Z,2026-10-01T13:50:16+00:00
KXNFLRECYDS-26OCT05ATLNO,KXNFLRECYDS,KXNFLRECYDS-26OCT05ATLNO-NONFANT87-70,Noah Fant: 70+ receiving yards,0.0200,0.0700,0.0000,0.00,0.00,active,2026-10-08T00:15:00Z,2026-10-01T13:50:16+00:00
KXNFLRECYDS-26OCT05ATLNO,KXNFLRECYDS,KXNFLRECYDS-26OCT05ATLNO-ATLKPITTS8-60,Kyle Pitts Sr.: 60+ receiving yards,0.1100,0.1600,0.0000,0.00,0.00,active,2026-10-08T00:15:00Z,2026-10-01T13:50:16+00:00
KXNFLRECYDS-26OCT05ATLNO,KXNFLRECYDS,KXNFLRECYDS-26OCT05ATLNO-ATLDLONDON5-90,Drake London: 90+ receiving yards,0.3800,0.4200,0.0000,0.00,0.00,active,2026-10-08T00:15:00Z,2026-10-01T13:50:16+00:00
KXNFLRECYDS-26OCT05ATLNO,KXNFLRECYDS,KXNFLRECYDS-26OCT05ATLNO-ATLBROBINSON7-80,Bijan Robinson: 80+ receiving yards,0.0800,0.1400,0.0000,0.00,0.00,active,2026-10-08T00:15:00Z,2026-10-01T13:50:16+00:00
KXNFLRECYDS-26OCT05ATLNO,KXNFLRECYDS,KXNFLRECYDS-26OCT05ATLNO-NOJJOHNSON83-100,Juwan Johnson: 100+ receiving yards,0.0300,0.0900,0.0000,0.00,0.00,active,2026-10-08T00:15:00Z,2026-10-01T13:50:16+00:00
KXNFLRECYDS-26OCT05ATLNO,KXNFLRECYDS,KXNFLRECYDS-26OCT05ATLNO-ATLJDOTSON4-60,Jahan Dotson: 60+ receiving yards,0.0400,0.1000,0.0000,0.00,0.00,active,2026-10-08T00:15:00Z,2026-10-01T13:50:16+00:00
KXNFLRECYDS-26OCT05ATLNO,KXNFLRECYDS,KXNFLRECYDS-26OCT05ATLNO-ATLKPITTS8-70,Kyle Pitts Sr.: 70+ receiving yards,0.0600,0.1200,0.0000,0.00,0.00,active,2026-10-08T00:15:00Z,2026-10-01T13:50:16+00:00
KXNFLRECYDS-26OCT05ATLNO,KXNFLRECYDS,KXNFLRECYDS-26OCT05ATLNO-ATLKPITTS8-25,Kyle Pitts Sr.: 25+ receiving yards,0.5400,0.5900,0.0000,0.00,0.00,active,2026-10-08T00:15:00Z,2026-10-01T13:50:16+00:00
KXNFLRECYDS-26OCT05ATLNO,KXNFLRECYDS,KXNFLRECYDS-26OCT05ATLNO-ATLBROBINSON7-50,Bijan Robinson: 50+ receiving yards,0.3400,0.3800,0.0000,0.00,0.00,active,2026-10-08T00:15:00Z,2026-10-01T13:50:16+00:00
KXNFLRECYDS-26OCT05ATLNO,KXNFLRECYDS,KXNFLRECYDS-26OCT05ATLNO-NODVELE14-40,Devaughn Vele: 40+ receiving yards,0.5500,0.5900,0.5800,16.74,16.74,active,2026-10-08T00:15:00Z,2026-10-01T13:50:16+00:00
KXNFLRECYDS-26OCT05ATLNO,KXNFLRECYDS,KXNFLRECYDS-26OCT05ATLNO-NODVELE14-60,Devaughn Vele: 60+ receiving yards,0.3300,0.3500,0.0000,0.00,0.00,active,2026-10-08T00:15:00Z,2026-10-01T13:50:16+00:00
KXNFLRECYDS-26OCT05ATLNO,KXNFLRECYDS,KXNFLRECYDS-26OCT05ATLNO-NOJJOHNSON83-25,Juwan Johnson: 25+ receiving yards,0.7000,0.7300,0.0000,0.00,0.00,active,2026-10-08T00:15:00Z,2026-10-01T13:50:16+00:00
KXNFLRECYDS-26OCT05ATLNO,KXNFLRECYDS,KXNFLRECYDS-26OCT05ATLNO-ATLBROBINSON7-70,Bijan Robinson: 70+ receiving yards,0.1300,0.1900,0.0000,0.00,0.00,active,2026-10-08T00:15:00Z,2026-10-01T13:50:16+00:00
KXNFLRECYDS-26OCT05ATLNO,KXNFLRECYDS,KXNFLRECYDS-26OCT05ATLNO-NOCOLAVE12-150,Chris Olave: 150+ receiving yards,0.0400,0.1200,0.0000,0.00,0.00,active,2026-10-08T00:15:00Z,2026-10-01T13:50:16+00:00
KXNFLRECYDS-26OCT05ATLNO,KXNFLRECYDS,KXNFLRECYDS-26OCT05ATLNO-NOJJOHNSON83-50,Juwan Johnson: 50+ receiving yards,0.3600,0.3900,0.0000,0.00,0.00,active,2026-10-08T00:15:00Z,2026-10-01T13:50:16+00:00
KXNFLRECYDS-26OCT05ATLNO,KXNFLRECYDS,KXNFLRECYDS-26OCT05ATLNO-NONFANT87-15,Noah Fant: 15+ receiving yards,0.5400,0.5900,0.0000,0.00,0.00,active,2026-10-08T00:15:00Z,2026-10-01T13:50:16+00:00
KXNFLRECYDS-26OCT05ATLNO,KXNFLRECYDS,KXNFLRECYDS-26OCT05ATLNO-NOAKAMARA41-15,Alvin Kamara: 15+ receiving yards,0.5200,0.5700,0.0000,0.00,0.00,active,2026-10-08T00:15:00Z,2026-10-01T13:50:16+00:00
KXNFLRECYDS-26OCT05ATLNO,KXNFLRECYDS,KXNFLRECYDS-26OCT05ATLNO-NOAKAMARA41-25,Alvin Kamara: 25+ receiving yards,0.3300,0.3500,0.0000,0.00,0.00,active,2026-10-08T00:15:00Z,2026-10-01T13:50:16+00:00
KXNFLRECYDS-26OCT05ATLNO,KXNFLRECYDS,KXNFLRECYDS-26OCT05ATLNO-NODVELE14-70,Devaughn Vele: 70+ receiving yards,0.2300,0.2600,0.0000,0.00,0.00,active,2026-10-08T00:15:00Z,2026-10-01T13:50:16+00:00
KXNFLRECYDS-26OCT05ATLNO,KXNFLRECYDS,KXNFLRECYDS-26OCT05ATLNO-ATLJDOTSON4-25,Jahan Dotson: 25+ receiving yards,0.3600,0.4000,0.0000,0.00,0.00,active,2026-10-08T00:15:00Z,2026-10-01T13:50:16+00:00
KXNFLRECYDS-26OCT05ATLNO,KXNFLRECYDS,KXNFLRECYDS-26OCT05ATLNO-NOJJOHNSON83-110,Juwan Johnson: 110+ receiving yards,0.0200,0.0800,0.0000,0.00,0.00,active,2026-10-08T00:15:00Z,2026-10-01T13:50:16+00:00
KXNFLRECYDS-26OCT05ATLNO,KXNFLRECYDS,KXNFLRECYDS-26OCT05ATLNO-NONFANT87-40,Noah Fant: 40+ receiving yards,0.1600,0.1800,0.0000,0.00,0.00,active,2026-10-08T00:15:00Z,2026-10-01T13:50:16+00:00
KXNFLRECYDS-26OCT05ATLNO,KXNFLRECYDS,KXNFLRECYDS-26OCT05ATLNO-NODVELE14-80,Devaughn Vele: 80+ receiving yards,0.1400,0.2000,0.0000,0.00,0.00,active,2026-10-08T00:15:00Z,2026-10-01T13:50:16+00:00
KXNFLRECYDS-26OCT05ATLNO,KXNFLRECYDS,KXNFLRECYDS-26OCT05ATLNO-ATLJDOTSON4-15,Jahan Dotson: 15+ receiving yards,0.5500,0.5900,0.0000,0.00,0.00,active,2026-10-08T00:15:00Z,2026-10-01T13:50:16+00:00
KXNFLRECYDS-26OCT05ATLNO,KXNFLRECYDS,KXNFLRECYDS-26OCT05ATLNO-NONFANT87-25,Noah Fant: 25+ receiving yards,0.3400,0.3800,0.0000,0.00,0.00,active,2026-10-08T00:15:00Z,2026-10-01T13:50:16+00:00
KXNFLRECYDS-26OCT05ATLNO,KXNFLRECYDS,KXNFLRECYDS-26OCT05ATLNO-ATLJDOTSON4-40,Jahan Dotson: 40+ receiving yards,0.1700,0.2200,0.0000,0.00,0.00,active,2026-10-08T00:15:00Z,2026-10-01T13:50:16+00:00
KXNFLRECYDS-26OCT05ATLNO,KXNFLRECYDS,KXNFLRECYDS-26OCT05ATLNO-ATLKPITTS8-40,Kyle Pitts Sr.: 40+ receiving yards,0.3100,0.3500,0.0000,0.00,0.00,active,2026-10-08T00:15:00Z,2026-10-01T13:50:16+00:00
KXNFLRECYDS-26OCT05ATLNO,KXNFLRECYDS,KXNFLRECYDS-26OCT05ATLNO-NOCOLAVE12-110,Chris Olave: 110+ receiving yards,0.2800,0.3100,0.0000,0.00,0.00,active,2026-10-08T00:15:00Z,2026-10-01T13:50:16+00:00
KXNFLRECYDS-26OCT05ATLNO,KXNFLRECYDS,KXNFLRECYDS-26OCT05ATLNO-ATLKPITTS8-50,Kyle Pitts Sr.: 50+ receiving yards,0.1900,0.2500,0.2400,98.90,98.90,active,2026-10-08T00:15:00Z,2026-10-01T13:50:16+00:00
KXNFLRECYDS-26OCT05ATLNO,KXNFLRECYDS,KXNFLRECYDS-26OCT05ATLNO-ATLBROBINSON7-60,Bijan Robinson: 60+ receiving yards,0.2400,0.2700,0.0000,0.00,0.00,active,2026-10-08T00:15:00Z,2026-10-01T13:50:16+00:00
KXNFLRECYDS-26OCT05ATLNO,KXNFLRECYDS,KXNFLRECYDS-26OCT05ATLNO-NOCOLAVE12-130,Chris Olave: 130+ receiving yards,0.0300,0.1900,0.0000,0.00,0.00,active,2026-10-08T00:15:00Z,2026-10-01T13:50:16+00:00
KXNFLRECYDS-26OCT05ATLNO,KXNFLRECYDS,KXNFLRECYDS-26OCT05ATLNO-ATLDLONDON5-40,Drake London: 40+ receiving yards,0.8100,0.8500,0.0000,0.00,0.00,active,2026-10-08T00:15:00Z,2026-10-01T13:50:16+00:00
KXNFLRECYDS-26OCT05ATLNO,KXNFLRECYDS,KXNFLRECYDS-26OCT05ATLNO-ATLDLONDON5-140,Drake London: 140+ receiving yards,0.0500,0.1300,0.0000,0.00,0.00,active,2026-10-08T00:15:00Z,2026-10-01T13:50:16+00:00
KXNFLRECYDS-26OCT05ATLNO,KXNFLRECYDS,KXNFLRECYDS-26OCT05ATLNO-ATLDLONDON5-50,Drake London: 50+ receiving yards,0.7300,0.7800,0.0000,0.00,0.00,active,2026-10-08T00:15:00Z,2026-10-01T13:50:16+00:00
KXNFLRECYDS-26OCT05ATLNO,KXNFLRECYDS,KXNFLRECYDS-26OCT05ATLNO-ATLDLONDON5-130,Drake London: 130+ receiving yards,0.0800,0.1700,0.0000,0.00,0.00,active,2026-10-08T00:15:00Z,2026-10-01T13:50:16+00:00
KXNFLRECYDS-26OCT05ATLNO,KXNFLRECYDS,KXNFLRECYDS-26OCT05ATLNO-NOCOLAVE12-120,Chris Olave: 120+ receiving yards,0.1700,0.2400,0.0000,0.00,0.00,active,2026-10-08T00:15:00Z,2026-10-01T13:50:16+00:00
KXNFLRECYDS-26OCT05ATLNO,KXNFLRECYDS,KXNFLRECYDS-26OCT05ATLNO-NOAKAMARA41-50,Alvin Kamara: 50+ receiving yards,0.0700,0.1000,0.0000,0.00,0.00,active,2026-10-08T00:15:00Z,2026-10-01T13:50:16+00:00
KXNFLRECYDS-26OCT05ATLNO,KXNFLRECYDS,KXNFLRECYDS-26OCT05ATLNO-NOJJOHNSON83-80,Juwan Johnson: 80+ receiving yards,0.0900,0.1500,0.0000,0.00,0.00,active,2026-10-08T00:15:00Z,2026-10-01T13:50:16+00:00
KXNFLRECYDS-26OCT05ATLNO,KXNFLRECYDS,KXNFLRECYDS-26OCT05ATLNO-NODVELE14-100,Devaughn Vele: 100+ receiving yards,0.0500,0.1100,0.0000,0.00,0.00,active,2026-10-08T00:15:00Z,2026-10-01T13:50:16+00:00
KXNFLRECYDS-26OCT05ATLNO,KXNFLRECYDS,KXNFLRECYDS-26OCT05ATLNO-ATLDLONDON5-150,Drake London: 150+ receiving yards,0.0300,0.1000,0.0000,0.00,0.00,active,2026-10-08T00:15:00Z,2026-10-01T13:50:16+00:00
KXNFLRECYDS-26OCT05ATLNO,KXNFLRECYDS,KXNFLRECYDS-26OCT05ATLNO-ATLAHOOPER81-40,Austin Hooper: 40+ receiving yards,0.0600,0.1100,0.0000,0.00,0.00,active,2026-10-08T00:15:00Z,2026-10-01T13:50:16+00:00
KXNFLRECYDS-26OCT05ATLNO,KXNFLRECYDS,KXNFLRECYDS-26OCT05ATLNO-ATLAHOOPER81-25,Austin Hooper: 25+ receiving yards,0.2100,0.2400,0.0000,0.00,0.00,active,2026-10-08T00:15:00Z,2026-10-01T13:50:16+00:00
KXNFLRECYDS-26OCT05ATLNO,KXNFLRECYDS,KXNFLRECYDS-26OCT05ATLNO-NODVELE14-90,Devaughn Vele: 90+ receiving yards,0.0800,0.1500,0.0000,0.00,0.00,active,2026-10-08T00:15:00Z,2026-10-01T13:50:16+00:00
KXNFLRECYDS-26OCT05ATLNO,KXNFLRECYDS,KXNFLRECYDS-26OCT05ATLNO-ATLDLONDON5-110,Drake London: 110+ receiving yards,0.1900,0.2700,0.0000,0.00,0.00,active,2026-10-08T00:15:00Z,2026-10-01T13:50:16+00:00
KXNFLRECYDS-26OCT05ATLNO,KXNFLRECYDS,KXNFLRECYDS-26OCT05ATLNO-NOJJOHNSON83-60,Juwan Johnson: 60+ receiving yards,0.2600,0.3000,0.0000,0.00,0.00,active,2026-10-08T00:15:00Z,2026-10-01T13:50:16+00:00
KXNFLRECYDS-26OCT05ATLNO,KXNFLRECYDS,KXNFLRECYDS-26OCT05ATLNO-NODVELE14-50,Devaughn Vele: 50+ receiving yards,0.4200,0.4600,0.0000,0.00,0.00,active,2026-10-08T00:15:00Z,2026-10-01T13:50:16+00:00
KXNFLRECYDS-26OCT05ATLNO,KXNFLRECYDS,KXNFLRECYDS-26OCT05ATLNO-ATLBROBINSON7-90,Bijan Robinson: 90+ receiving yards,0.0400,0.1000,0.0000,0.00,0.00,active,2026-10-08T00:15:00Z,2026-10-01T13:50:16+00:00
KXNFLRECYDS-26OCT05ATLNO,KXNFLRECYDS,KXNFLRECYDS-26OCT05ATLNO-NOAKAMARA41-40,Alvin Kamara: 40+ receiving yards,0.1500,0.1700,0.0000,0.00,0.00,active,2026-10-08T00:15:00Z,2026-10-01T13:50:16+00:00
KXNFLRECYDS-26OCT05ATLNO,KXNFLRECYDS,KXNFLRECYDS-26OCT05ATLNO-ATLAHOOPER81-15,Austin Hooper: 15+ receiving yards,0.4000,0.4200,0.4300,220.00,220.00,active,2026-10-08T00:15:00Z,2026-10-01T13:50:16+00:00
KXNFLRECYDS-26OCT05ATLNO,KXNFLRECYDS,KXNFLRECYDS-26OCT05ATLNO-NOCOLAVE12-60,Chris Olave: 60+ receiving yards,0.7100,0.7400,0.0000,0.00,0.00,active,2026-10-08T00:15:00Z,2026-10-01T13:50:16+00:00
KXNFLRECYDS-26OCT05ATLNO,KXNFLRECYDS,KXNFLRECYDS-26OCT05ATLNO-NOJJOHNSON83-90,Juwan Johnson: 90+ receiving yards,0.0500,0.1200,0.0000,0.00,0.00,active,2026-10-08T00:15:00Z,2026-10-01T13:50:16+00:00
KXNFLRECYDS-26OCT05ATLNO,KXNFLRECYDS,KXNFLRECYDS-26OCT05ATLNO-NOCOLAVE12-90,Chris Olave: 90+ receiving yards,0.4400,0.4800,0.4800,39.70,39.70,active,2026-10-08T00:15:00Z,2026-10-01T13:50:16+00:00
KXNFLRECYDS-26OCT05ATLNO,KXNFLRECYDS,KXNFLRECYDS-26OCT05ATLNO-NOJJOHNSON83-70,Juwan Johnson: 70+ receiving yards,0.1600,0.2200,0.0000,0.00,0.00,active,2026-10-08T00:15:00Z,2026-10-01T13:50:16+00:00
KXNFLRECYDS-26OCT05ATLNO,KXNFLRECYDS,KXNFLRECYDS-26OCT05ATLNO-ATLDLONDON5-60,Drake London: 60+ receiving yards,0.6400,0.6900,0.0000,0.00,0.00,active,2026-10-08T00:15:00Z,2026-10-01T13:50:16+00:00
KXNFLRECYDS-26OCT05ATLNO,KXNFLRECYDS,KXNFLRECYDS-26OCT05ATLNO-ATLBROBINSON7-25,Bijan Robinson: 25+ receiving yards,0.7000,0.7500,0.0000,0.00,0.00,active,2026-10-08T00:15:00Z,2026-10-01T13:50:16+00:00
KXNFLRECYDS-26OCT05ATLNO,KXNFLRECYDS,KXNFLRECYDS-26OCT05ATLNO-NOJJOHNSON83-15,Juwan Johnson: 15+ receiving yards,0.8200,0.8500,0.0000,0.00,0.00,active,2026-10-08T00:15:00Z,2026-10-01T13:50:16+00:00
KXNFLRECYDS-26OCT05ATLNO,KXNFLRECYDS,KXNFLRECYDS-26OCT05ATLNO-NODVELE14-25,Devaughn Vele: 25+ receiving yards,0.7400,0.7800,0.7800,21.46,21.46,active,2026-10-08T00:15:00Z,2026-10-01T13:50:16+00:00
KXNFLRECYDS-26OCT05ATLNO,KXNFLRECYDS,KXNFLRECYDS-26OCT05ATLNO-ATLDLONDON5-120,Drake London: 120+ receiving yards,0.1500,0.2000,0.2000,23.67,23.67,active,2026-10-08T00:15:00Z,2026-10-01T13:50:16+00:00
KXNFLRECYDS-26OCT05ATLNO,KXNFLRECYDS,KXNFLRECYDS-26OCT05ATLNO-ATLDLONDON5-80,Drake London: 80+ receiving yards,0.4700,0.5000,0.5000,19.32,19.32,active,2026-10-08T00:15:00Z,2026-10-01T13:50:16+00:00
KXNFLRECYDS-26OCT05ATLNO,KXNFLRECYDS,KXNFLRECYDS-26OCT05ATLNO-ATLKPITTS8-15,Kyle Pitts Sr.: 15+ receiving yards,0.7200,0.7600,0.0000,0.00,0.00,active,2026-10-08T00:15:00Z,2026-10-01T13:50:16+00:00
KXNFLRECYDS-26OCT05ATLNO,KXNFLRECYDS,KXNFLRECYDS-26OCT05ATLNO-NOCOLAVE12-70,Chris Olave: 70+ receiving yards,0.6200,0.6700,0.0000,0.00,0.00,active,2026-10-08T00:15:00Z,2026-10-01T13:50:16+00:00
KXNFLRECYDS-26OCT05ATLNO,KXNFLRECYDS,KXNFLRECYDS-26OCT05ATLNO-NOCOLAVE12-140,Chris Olave: 140+ receiving yards,0.0600,0.1500,0.0000,0.00,0.00,active,2026-10-08T00:15:00Z,2026-10-01T13:50:16+00:00
KXNFLRECYDS-26OCT05ATLNO,KXNFLRECYDS,KXNFLRECYDS-26OCT05ATLNO-NOJJOHNSON83-40,Juwan Johnson: 40+ receiving yards,0.4900,0.5300,0.5200,18.59,18.59,active,2026-10-08T00:15:00Z,2026-10-01T13:50:16+00:00
KXNFLRECYDS-26OCT05ATLNO,KXNFLRECYDS,KXNFLRECYDS-26OCT05ATLNO-ATLDLONDON5-100,Drake London: 100+ receiving yards,0.3000,0.3400,0.3400,239.80,239.80,active,2026-10-08T00:15:00Z,2026-10-01T13:50:16+00:00
KXNFLRECYDS-26OCT05ATLNO,KXNFLRECYDS,KXNFLRECYDS-26OCT05ATLNO-ATLAHOOPER81-60,Austin Hooper: 60+ receiving yards,0.0200,0.0500,0.0000,0.00,0.00,active,2026-10-08T00:15:00Z,2026-10-01T13:50:16+00:00
KXNFLRSHYDS-26OCT01PITCLE,KXNFLRSHYDS,KXNFLRSHYDS-26OCT01PITCLE-CLEQJUDKINS10-40,Quinshon Judkins: 40+ rushing yards,0.7000,0.7100,0.7100,667.95,667.95,active,2026-10-04T00:15:00Z,2026-10-01T13:50:16+00:00
KXNFLRSHYDS-26OCT01PITCLE,KXNFLRSHYDS,KXNFLRSHYDS-26OCT01PITCLE-PITJWARREN30-50,Jaylen Warren: 50+ rushing yards,0.7600,0.7700,0.7700,2580.29,2580.29,active,2026-10-04T00:15:00Z,2026-10-01T13:50:16+00:00
KXNFLRSHYDS-26OCT01PITCLE,KXNFLRSHYDS,KXNFLRSHYDS-26OCT01PITCLE-PITJWARREN30-80,Jaylen Warren: 80+ rushing yards,0.4200,0.4300,0.4300,2938.70,2937.70,active,2026-10-04T00:15:00Z,2026-10-01T13:50:16+00:00
KXNFLRSHYDS-26OCT01PITCLE,KXNFLRSHYDS,KXNFLRSHYDS-26OCT01PITCLE-PITJWARREN30-60,Jaylen Warren: 60+ rushing yards,0.6500,0.6600,0.6600,5496.52,5493.18,active,2026-10-04T00:15:00Z,2026-10-01T13:50:16+00:00
KXNFLRSHYDS-26OCT01PITCLE,KXNFLRSHYDS,KXNFLRSHYDS-26OCT01PITCLE-CLEQJUDKINS10-60,Quinshon Judkins: 60+ rushing yards,0.4500,0.4600,0.4600,3752.79,3749.33,active,2026-10-04T00:15:00Z,2026-10-01T13:50:16+00:00
KXNFLRSHYDS-26OCT01PITCLE,KXNFLRSHYDS,KXNFLRSHYDS-26OCT01PITCLE-CLERSANDERS23-30,Raheim Sanders: 30+ rushing yards,0.0400,0.0500,0.1000,48.00,48.00,active,2026-10-04T00:15:00Z,2026-10-01T13:50:16+00:00
KXNFLRSHYDS-26OCT01PITCLE,KXNFLRSHYDS,KXNFLRSHYDS-26OCT01PITCLE-CLEQJUDKINS10-70,Quinshon Judkins: 70+ rushing yards,0.3300,0.3400,0.3400,1630.83,1205.34,active,2026-10-04T00:15:00Z,2026-10-01T13:50:16+00:00
KXNFLRSHYDS-26OCT01PITCLE,KXNFLRSHYDS,KXNFLRSHYDS-26OCT01PITCLE-CLEQJUDKINS10-80,Quinshon Judkins: 80+ rushing yards,0.2400,0.2500,0.2500,970.90,970.90,active,2026-10-04T00:15:00Z,2026-10-01T13:50:16+00:00
KXNFLRSHYDS-26OCT01PITCLE,KXNFLRSHYDS,KXNFLRSHYDS-26OCT01PITCLE-CLERSANDERS23-15,Raheim Sanders: 15+ rushing yards,0.1900,0.2000,0.2000,103.44,103.44,active,2026-10-04T00:15:00Z,2026-10-01T13:50:16+00:00
KXNFLRSHYDS-26OCT01PITCLE,KXNFLRSHYDS,KXNFLRSHYDS-26OCT01PITCLE-PITJWARREN30-40,Jaylen Warren: 40+ rushing yards,0.8400,0.8600,0.8600,4375.04,3867.19,active,2026-10-04T00:15:00Z,2026-10-01T13:50:16+00:00
KXNFLRSHYDS-26OCT01PITCLE,KXNFLRSHYDS,KXNFLRSHYDS-26OCT01PITCLE-PITARODGERS8-10,Aaron Rodgers: 10+ rushing yards,0.2100,0.2200,0.2200,4074.35,3990.37,active,2026-10-04T00:15:00Z,2026-10-01T13:50:16+00:00
KXNFLRSHYDS-26OCT01PITCLE,KXNFLRSHYDS,KXNFLRSHYDS-26OCT01PITCLE-PITTHOMER21-15,Travis Homer: 15+ rushing yards,0.2700,0.2800,0.0000,0.00,0.00,active,2026-10-04T00:15:00Z,2026-10-01T13:50:16+00:00
KXNFLRSHYDS-26OCT01PITCLE,KXNFLRSHYDS,KXNFLRSHYDS-26OCT01PITCLE-PITTHOMER21-20,Travis Homer: 20+ rushing yards,0.1700,0.1900,0.0000,0.00,0.00,active,2026-10-04T00:15:00Z,2026-10-01T13:50:16+00:00
KXNFLRSHYDS-26OCT01PITCLE,KXNFLRSHYDS,KXNFLRSHYDS-26OCT01PITCLE-CLERSANDERS23-10,Raheim Sanders: 10+ rushing yards,0.3300,0.3400,0.3400,224.12,224.12,active,2026-10-04T00:15:00Z,2026-10-01T13:50:16+00:00
KXNFLRSHYDS-26OCT01PITCLE,KXNFLRSHYDS,KXNFLRSHYDS-26OCT01PITCLE-PITTHOMER21-25,Travis Homer: 25+ rushing yards,0.1100,0.1300,0.0000,0.00,0.00,active,2026-10-04T00:15:00Z,2026-10-01T13:50:16+00:00
KXNFLRSHYDS-26OCT01PITCLE,KXNFLRSHYDS,KXNFLRSHYDS-26OCT01PITCLE-PITARODGERS8-20,Aaron Rodgers: 20+ rushing yards,0.0600,0.0700,0.0700,246.64,220.35,active,2026-10-04T00:15:00Z,2026-10-01T13:50:16+00:00
KXNFLRSHYDS-26OCT01PITCLE,KXNFLRSHYDS,KXNFLRSHYDS-26OCT01PITCLE-CLERSANDERS23-20,Raheim Sanders: 20+ rushing yards,0.1100,0.1200,0.0000,0.00,0.00,active,2026-10-04T00:15:00Z,2026-10-01T13:50:16+00:00
KXNFLRSHYDS-26OCT01PITCLE,KXNFLRSHYDS,KXNFLRSHYDS-26OCT01PITCLE-CLEDWATSON4-70,Deshaun Watson: 70+ rushing yards,0.0500,0.0600,0.0000,0.00,0.00,active,2026-10-04T00:15:00Z,2026-10-01T13:50:16+00:00
KXNFLRSHYDS-26OCT01PITCLE,KXNFLRSHYDS,KXNFLRSHYDS-26OCT01PITCLE-PITJWARREN30-70,Jaylen Warren: 70+ rushing yards,0.5500,0.5600,0.5500,40279.10,40032.38,active,2026-10-04T00:15:00Z,2026-10-01T13:50:16+00:00
KXNFLRSHYDS-26OCT01PITCLE,KXNFLRSHYDS,KXNFLRSHYDS-26OCT01PITCLE-PITJWARREN30-140,Jaylen Warren: 140+ rushing yards,0.0500,0.0700,0.0000,0.00,0.00,active,2026-10-04T00:15:00Z,2026-10-01T13:50:16+00:00
KXNFLRSHYDS-26OCT01PITCLE,KXNFLRSHYDS,KXNFLRSHYDS-26OCT01PITCLE-PITJWARREN30-110,Jaylen Warren: 110+ rushing yards,0.1900,0.2000,0.1800,2074.99,2074.99,active,2026-10-04T00:15:00Z,2026-10-01T13:50:16+00:00
KXNFLRSHYDS-26OCT01PITCLE,KXNFLRSHYDS,KXNFLRSHYDS-26OCT01PITCLE-PITJWARREN30-120,Jaylen Warren: 120+ rushing yards,0.1300,0.1400,0.1300,3189.47,3189.47,active,2026-10-04T00:15:00Z,2026-10-01T13:50:16+00:00
KXNFLRSHYDS-26OCT01PITCLE,KXNFLRSHYDS,KXNFLRSHYDS-26OCT01PITCLE-PITTHOMER21-40,Travis Homer: 40+ rushing yards,0.0200,0.0500,0.0000,0.00,0.00,active,2026-10-04T00:15:00Z,2026-10-01T13:50:16+00:00
KXNFLRSHYDS-26OCT01PITCLE,KXNFLRSHYDS,KXNFLRSHYDS-26OCT01PITCLE-PITJWARREN30-130,Jaylen Warren: 130+ rushing yards,0.0800,0.0900,0.0800,2211.60,2201.51,active,2026-10-04T00:15:00Z,2026-10-01T13:50:16+00:00
KXNFLRSHYDS-26OCT01PITCLE,KXNFLRSHYDS,KXNFLRSHYDS-26OCT01PITCLE-PITTHOMER21-30,Travis Homer: 30+ rushing yards,0.0700,0.0900,0.0000,0.00,0.00,active,2026-10-04T00:15:00Z,2026-10-01T13:50:16+00:00
KXNFLRSHYDS-26OCT01PITCLE,KXNFLRSHYDS,KXNFLRSHYDS-26OCT01PITCLE-PITTHOMER21-10,Travis Homer: 10+ rushing yards,0.4200,0.4300,0.4200,6.13,3.90,active,2026-10-04T00:15:00Z,2026-10-01T13:50:16+00:00
KXNFLRSHYDS-26OCT01PITCLE,KXNFLRSHYDS,KXNFLRSHYDS-26OCT01PITCLE-CLEQJUDKINS10-110,Quinshon Judkins: 110+ rushing yards,0.0700,0.0900,0.0900,112.09,112.09,active,2026-10-04T00:15:00Z,2026-10-01T13:50:16+00:00
KXNFLRSHYDS-26OCT01PITCLE,KXNFLRSHYDS,KXNFLRSHYDS-26OCT01PITCLE-PITJWARREN30-100,Jaylen Warren: 100+ rushing yards,0.2500,0.2600,0.2600,6456.66,6456.66,active,2026-10-04T00:15:00Z,2026-10-01T13:50:16+00:00
KXNFLRSHYDS-26OCT01PITCLE,KXNFLRSHYDS,KXNFLRSHYDS-26OCT01PITCLE-CLEDWATSON4-50,Deshaun Watson: 50+ rushing yards,0.1700,0.1800,0.1900,412.16,272.70,active,2026-10-04T00:15:00Z,2026-10-01T13:50:16+00:00
KXNFLRSHYDS-26OCT01PITCLE,KXNFLRSHYDS,KXNFLRSHYDS-26OCT01PITCLE-CLERSANDERS23-25,Raheim Sanders: 25+ rushing yards,0.0600,0.0800,0.0700,119.28,119.28,active,2026-10-04T00:15:00Z,2026-10-01T13:50:16+00:00
KXNFLRSHYDS-26OCT01PITCLE,KXNFLRSHYDS,KXNFLRSHYDS-26OCT01PITCLE-CLEDWATSON4-20,Deshaun Watson: 20+ rushing yards,0.6900,0.7000,0.7000,597.14,597.14,active,2026-10-04T00:15:00Z,2026-10-01T13:50:16+00:00
KXNFLRSHYDS-26OCT01PITCLE,KXNFLRSHYDS,KXNFLRSHYDS-26OCT01PITCLE-CLEDWATSON4-40,Deshaun Watson: 40+ rushing yards,0.3000,0.3100,0.3100,910.81,639.94,active,2026-10-04T00:15:00Z,2026-10-01T13:50:16+00:00
KXNFLRSHYDS-26OCT01PITCLE,KXNFLRSHYDS,KXNFLRSHYDS-26OCT01PITCLE-CLEQJUDKINS10-130,Quinshon Judkins: 130+ rushing yards,0.0300,0.0500,0.0500,44.69,44.69,active,2026-10-04T00:15:00Z,2026-10-01T13:50:16+00:00
KXNFLRSHYDS-26OCT01PITCLE,KXNFLRSHYDS,KXNFLRSHYDS-26OCT01PITCLE-CLEQJUDKINS10-100,Quinshon Judkins: 100+ rushing yards,0.1100,0.1200,0.1200,91.49,91.49,active,2026-10-04T00:15:00Z,2026-10-01T13:50:16+00:00
KXNFLRSHYDS-26OCT01PITCLE,KXNFLRSHYDS,KXNFLRSHYDS-26OCT01PITCLE-CLEQJUDKINS10-120,Quinshon Judkins: 120+ rushing yards,0.0500,0.0600,0.0700,166.11,145.93,active,2026-10-04T00:15:00Z,2026-10-01T13:50:16+00:00
KXNFLRSHYDS-26OCT01PITCLE,KXNFLRSHYDS,KXNFLRSHYDS-26OCT01PITCLE-CLEQJUDKINS10-50,Quinshon Judkins: 50+ rushing yards,0.5700,0.5800,0.5800,1208.29,1188.43,active,2026-10-04T00:15:00Z,2026-10-01T13:50:16+00:00
KXNFLRSHYDS-26OCT01PITCLE,KXNFLRSHYDS,KXNFLRSHYDS-26OCT01PITCLE-PITARODGERS8-15,Aaron Rodgers: 15+ rushing yards,0.1100,0.1200,0.1200,166.00,166.00,active,2026-10-04T00:15:00Z,2026-10-01T13:50:16+00:00
KXNFLRSHYDS-26OCT01PITCLE,KXNFLRSHYDS,KXNFLRSHYDS-26OCT01PITCLE-CLEQJUDKINS10-30,Quinshon Judkins: 30+ rushing yards,0.8100,0.8200,0.8200,1811.68,1784.64,active,2026-10-04T00:15:00Z,2026-10-01T13:50:16+00:00
KXNFLRSHYDS-26OCT01PITCLE,KXNFLRSHYDS,KXNFLRSHYDS-26OCT01PITCLE-CLEDWATSON4-30,Deshaun Watson: 30+ rushing yards,0.4900,0.5000,0.4900,13445.00,12330.81,active,2026-10-04T00:15:00Z,2026-10-01T13:50:16+00:00
KXNFLRSHYDS-26OCT01PITCLE,KXNFLRSHYDS,KXNFLRSHYDS-26OCT01PITCLE-CLEDWATSON4-60,Deshaun Watson: 60+ rushing yards,0.0900,0.1000,0.1000,166.99,107.01,active,2026-10-04T00:15:00Z,2026-10-01T13:50:16+00:00
KXNFLRSHYDS-26OCT01PITCLE,KXNFLRSHYDS,KXNFLRSHYDS-26OCT01PITCLE-CLEDWATSON4-25,Deshaun Watson: 25+ rushing yards,0.5800,0.6000,0.6000,564.28,548.07,active,2026-10-04T00:15:00Z,2026-10-01T13:50:16+00:00
KXNFLRSHYDS-26OCT01PITCLE,KXNFLRSHYDS,KXNFLRSHYDS-26OCT01PITCLE-CLEQJUDKINS10-90,Quinshon Judkins: 90+ rushing yards,0.1600,0.1700,0.1700,1188.40,1188.40,active,2026-10-04T00:15:00Z,2026-10-01T13:50:16+00:00
KXNFLRSHYDS-26OCT01PITCLE,KXNFLRSHYDS,KXNFLRSHYDS-26OCT01PITCLE-CLEDWATSON4-15,Deshaun Watson: 15+ rushing yards,0.7800,0.8000,0.8100,361.16,361.16,active,2026-10-04T00:15:00Z,2026-10-01T13:50:16+00:00
KXNFLRSHYDS-26OCT01PITCLE,KXNFLRSHYDS,KXNFLRSHYDS-26OCT01PITCLE-PITJWARREN30-90,Jaylen Warren: 90+ rushing yards,0.3400,0.3500,0.3500,1992.27,1992.27,active,2026-10-04T00:15:00Z,2026-10-01T13:50:16+00:00
KXNFLRSHYDS-26OCT01PITCLE,KXNFLRSHYDS,KXNFLRSHYDS-26OCT01PITCLE-PITARODGERS8-25,Aaron Rodgers: 25+ rushing yards,0.0300,0.0400,0.0400,943.60,933.51,active,2026-10-04T00:15:00Z,2026-10-01T13:50:16+00:00
KXNFLRSHYDS-26OCT01PITCLE,KXNFLRSHYDS,KXNFLRSHYDS-26OCT01PITCLE-PITJWARREN30-150,Jaylen Warren: 150+ rushing yards,0.0300,0.0500,0.0000,0.00,0.00,active,2026-10-04T00:15:00Z,2026-10-01T13:50:16+00:00
KXNFLRSHYDS-26OCT04ARINYG,KXNFLRSHYDS,KXNFLRSHYDS-26OCT04ARINYG-ARIJLOVE4-130,Jeremiyah Love: 130+ rushing yards,0.0300,0.1000,0.0000,0.00,0.00,active,2026-10-06T17:00:00Z,2026-10-01T13:50:16+00:00
KXNFLRSHYDS-26OCT04ARINYG,KXNFLRSHYDS,KXNFLRSHYDS-26OCT04ARINYG-NYGCSKATTEBO44-70,Cam Skattebo: 70+ rushing yards,0.4100,0.4400,0.4500,23.50,23.50,active,2026-10-06T17:00:00Z,2026-10-01T13:50:16+00:00
KXNFLRSHYDS-26OCT04ARINYG,KXNFLRSHYDS,KXNFLRSHYDS-26OCT04ARINYG-NYGJWINSTON19-25,Jameis Winston: 25+ rushing yards,0.0600,0.1000,0.0000,0.00,0.00,active,2026-10-06T17:00:00Z,2026-10-01T13:50:16+00:00
KXNFLRSHYDS-26OCT04ARINYG,KXNFLRSHYDS,KXNFLRSHYDS-26OCT04ARINYG-NYGCSKATTEBO44-130,Cam Skattebo: 130+ rushing yards,0.0200,0.0800,0.0000,0.00,0.00,active,2026-10-06T17:00:00Z,2026-10-01T13:50:16+00:00
KXNFLRSHYDS-26OCT04ARINYG,KXNFLRSHYDS,KXNFLRSHYDS-26OCT04ARINYG-ARIJBRISSETT7-25,Jacoby Brissett: 25+ rushing yards,0.1200,0.1400,0.0000,0.00,0.00,active,2026-10-06T17:00:00Z,2026-10-01T13:50:16+00:00
KXNFLRSHYDS-26OCT04ARINYG,KXNFLRSHYDS,KXNFLRSHYDS-26OCT04ARINYG-NYGCSKATTEBO44-140,Cam Skattebo: 140+ rushing yards,0.0500,0.0600,0.0000,0.00,0.00,active,2026-10-06T17:00:00Z,2026-10-01T13:50:16+00:00
KXNFLRSHYDS-26OCT04ARINYG,KXNFLRSHYDS,KXNFLRSHYDS-26OCT04ARINYG-ARITALLGEIER22-40,Tyler Allgeier: 40+ rushing yards,0.1600,0.1900,0.0000,0.00,0.00,active,2026-10-06T17:00:00Z,2026-10-01T13:50:16+00:00
KXNFLRSHYDS-26OCT04ARINYG,KXNFLRSHYDS,KXNFLRSHYDS-26OCT04ARINYG-NYGNHARRIS23-50,Najee Harris: 50+ rushing yards,0.1200,0.1700,0.0000,0.00,0.00,active,2026-10-06T17:00:00Z,2026-10-01T13:50:16+00:00
KXNFLRSHYDS-26OCT04ARINYG,KXNFLRSHYDS,KXNFLRSHYDS-26OCT04ARINYG-ARITALLGEIER22-60,Tyler Allgeier: 60+ rushing yards,0.0300,0.0800,0.0000,0.00,0.00,active,2026-10-06T17:00:00Z,2026-10-01T13:50:16+00:00
KXNFLRSHYDS-26OCT04ARINYG,KXNFLRSHYDS,KXNFLRSHYDS-26OCT04ARINYG-NYGNHARRIS23-30,Najee Harris: 30+ rushing yards,0.3600,0.4100,0.0000,0.00,0.00,active,2026-10-06T17:00:00Z,2026-10-01T13:50:16+00:00
KXNFLRSHYDS-26OCT04ARINYG,KXNFLRSHYDS,KXNFLRSHYDS-26OCT04ARINYG-NYGCSKATTEBO44-120,Cam Skattebo: 120+ rushing yards,0.0500,0.1100,0.0000,0.00,0.00,active,2026-10-06T17:00:00Z,2026-10-01T13:50:16+00:00
KXNFLRSHYDS-26OCT04ARINYG,KXNFLRSHYDS,KXNFLRSHYDS-26OCT04ARINYG-NYGCSKATTEBO44-40,Cam Skattebo: 40+ rushing yards,0.7600,0.7900,0.7700,1053.00,1053.00,active,2026-10-06T17:00:00Z,2026-10-01T13:50:16+00:00
KXNFLRSHYDS-26OCT04ARINYG,KXNFLRSHYDS,KXNFLRSHYDS-26OCT04ARINYG-NYGCSKATTEBO44-60,Cam Skattebo: 60+ rushing yards,0.5200,0.5600,0.0000,0.00,0.00,active,2026-10-06T17:00:00Z,2026-10-01T13:50:16+00:00
KXNFLRSHYDS-26OCT04ARINYG,KXNFLRSHYDS,KXNFLRSHYDS-26OCT04ARINYG-ARIJBRISSETT7-10,Jacoby Brissett: 10+ rushing yards,0.4200,0.4500,0.4200,16.74,16.74,active,2026-10-06T17:00:00Z,2026-10-01T13:50:16+00:00
KXNFLRSHYDS-26OCT04ARINYG,KXNFLRSHYDS,KXNFLRSHYDS-26OCT04ARINYG-ARITALLGEIER22-25,Tyler Allgeier: 25+ rushing yards,0.3500,0.4000,0.0000,0.00,0.00,active,2026-10-06T17:00:00Z,2026-10-01T13:50:16+00:00
KXNFLRSHYDS-26OCT04ARINYG,KXNFLRSHYDS,KXNFLRSHYDS-26OCT04ARINYG-ARITALLGEIER22-10,Tyler Allgeier: 10+ rushing yards,0.6700,0.7300,0.0000,0.00,0.00,active,2026-10-06T17:00:00Z,2026-10-01T13:50:16+00:00
KXNFLRSHYDS-26OCT04ARINYG,KXNFLRSHYDS,KXNFLRSHYDS-26OCT04ARINYG-NYGNHARRIS23-20,Najee Harris: 20+ rushing yards,0.5600,0.6200,0.0000,0.00,0.00,active,2026-10-06T17:00:00Z,2026-10-01T13:50:16+00:00
KXNFLRSHYDS-26OCT04ARINYG,KXNFLRSHYDS,KXNFLRSHYDS-26OCT04ARINYG-ARITALLGEIER22-30,Tyler Allgeier: 30+ rushing yards,0.2900,0.3200,0.0000,0.00,0.00,active,2026-10-06T17:00:00Z,2026-10-01T13:50:16+00:00
KXNFLRSHYDS-26OCT04ARINYG,KXNFLRSHYDS,KXNFLRSHYDS-26OCT04ARINYG-ARIJBRISSETT7-40,Jacoby Brissett: 40+ rushing yards,0.0200,0.0800,0.0000,0.00,0.00,active,2026-10-06T17:00:00Z,2026-10-01T13:50:16+00:00
KXNFLRSHYDS-26OCT04ARINYG,KXNFLRSHYDS,KXNFLRSHYDS-26OCT04ARINYG-ARITALLGEIER22-15,Tyler Allgeier: 15+ rushing yards,0.5600,0.6200,0.0000,0.00,0.00,active,2026-10-06T17:00:00Z,2026-10-01T13:50:16+00:00
KXNFLRSHYDS-26OCT04ARINYG,KXNFLRSHYDS,KXNFLRSHYDS-26OCT04ARINYG-NYGNHARRIS23-70,Najee Harris: 70+ rushing yards,0.0200,0.1000,0.0000,0.00,0.00,active,2026-10-06T17:00:00Z,2026-10-01T13:50:16+00:00
KXNFLRSHYDS-26OCT04ARINYG,KXNFLRSHYDS,KXNFLRSHYDS-26OCT04ARINYG-NYGNHARRIS23-60,Najee Harris: 60+ rushing yards,0.0400,0.1100,0.0000,0.00,0.00,active,2026-10-06T17:00:00Z,2026-10-01T13:50:16+00:00
KXNFLRSHYDS-26OCT04ARINYG,KXNFLRSHYDS,KXNFLRSHYDS-26OCT04ARINYG-NYGNHARRIS23-25,Najee Harris: 25+ rushing yards,0.4600,0.5000,0.0000,0.00,0.00,active,2026-10-06T17:00:00Z,2026-10-01T13:50:16+00:00
KXNFLRSHYDS-26OCT04ARINYG,KXNFLRSHYDS,KXNFLRSHYDS-26OCT04ARINYG-ARIJLOVE4-110,Jeremiyah Love: 110+ rushing yards,0.0900,0.1600,0.0000,0.00,0.00,active,2026-10-06T17:00:00Z,2026-10-01T13:50:16+00:00
KXNFLRSHYDS-26OCT04ARINYG,KXNFLRSHYDS,KXNFLRSHYDS-26OCT04ARINYG-ARITALLGEIER22-50,Tyler Allgeier: 50+ rushing yards,0.0600,0.1100,0.0000,0.00,0.00,active,2026-10-06T17:00:00Z,2026-10-01T13:50:16+00:00
KXNFLRSHYDS-26OCT04ARINYG,KXNFLRSHYDS,KXNFLRSHYDS-26OCT04ARINYG-NYGCSKATTEBO44-100,Cam Skattebo: 100+ rushing yards,0.1400,0.1900,0.0000,0.00,0.00,active,2026-10-06T17:00:00Z,2026-10-01T13:50:16+00:00
KXNFLRSHYDS-26OCT04ARINYG,KXNFLRSHYDS,KXNFLRSHYDS-26OCT04ARINYG-NYGNHARRIS23-40,Najee Harris: 40+ rushing yards,0.2200,0.2600,0.0000,0.00,0.00,active,2026-10-06T17:00:00Z,2026-10-01T13:50:16+00:00
KXNFLRSHYDS-26OCT04ARINYG,KXNFLRSHYDS,KXNFLRSHYDS-26OCT04ARINYG-NYGJWINSTON19-30,Jameis Winston: 30+ rushing yards,0.0600,0.1100,0.0000,0.00,0.00,active,2026-10-06T17:00:00Z,2026-10-01T13:50:16+00:00
KXNFLRSHYDS-26OCT04ARINYG,KXNFLRSHYDS,KXNFLRSHYDS-26OCT04ARINYG-ARIJBRISSETT7-15,Jacoby Brissett: 15+ rushing yards,0.2800,0.3000,0.0000,0.00,0.00,active,2026-10-06T17:00:00Z,2026-10-01T13:50:16+00:00
KXNFLRSHYDS-26OCT04ARINYG,KXNFLRSHYDS,KXNFLRSHYDS-26OCT04ARINYG-NYGCSKATTEBO44-50,Cam Skattebo: 50+ rushing yards,0.6400,0.6800,0.6800,14.27,14.27,active,2026-10-06T17:00:00Z,2026-10-01T13:50:16+00:00
KXNFLRSHYDS-26OCT04ARINYG,KXNFLRSHYDS,KXNFLRSHYDS-26OCT04ARINYG-NYGNHARRIS23-15,Najee Harris: 15+ rushing yards,0.6700,0.7300,0.0000,0.00,0.00,active,2026-10-06T17:00:00Z,2026-10-01T13:50:16+00:00
KXNFLRSHYDS-26OCT04ARINYG,KXNFLRSHYDS,KXNFLRSHYDS-26OCT04ARINYG-NYGCSKATTEBO44-110,Cam Skattebo: 110+ rushing yards,0.0900,0.1400,0.0000,0.00,0.00,active,2026-10-06T17:00:00Z,2026-10-01T13:50:16+00:00
KXNFLRSHYDS-26OCT04ARINYG,KXNFLRSHYDS,KXNFLRSHYDS-26OCT04ARINYG-ARIJLOVE4-120,Jeremiyah Love: 120+ rushing yards,0.1000,0.1300,0.1200,174.96,174.96,active,2026-10-06T17:00:00Z,2026-10-01T13:50:16+00:00
KXNFLRSHYDS-26OCT04ARINYG,KXNFLRSHYDS,KXNFLRSHYDS-26OCT04ARINYG-ARIJLOVE4-70,Jeremiyah Love: 70+ rushing yards,0.4200,0.4700,0.4600,20.93,20.93,active,2026-10-06T17:00:00Z,2026-10-01T13:50:16+00:00
KXNFLRSHYDS-26OCT04ARINYG,KXNFLRSHYDS,KXNFLRSHYDS-26OCT04ARINYG-ARIJLOVE4-80,Jeremiyah Love: 80+ rushing yards,0.2900,0.3600,0.3600,101.02,101.02,active,2026-10-06T17:00:00Z,2026-10-01T13:50:16+00:00
KXNFLRSHYDS-26OCT04ARINYG,KXNFLRSHYDS,KXNFLRSHYDS-26OCT04ARINYG-ARITALLGEIER22-20,Tyler Allgeier: 20+ rushing yards,0.4500,0.5000,0.0000,0.00,0.00,active,2026-10-06T17:00:00Z,2026-10-01T13:50:16+00:00
KXNFLRSHYDS-26OCT04ARINYG,KXNFLRSHYDS,KXNFLRSHYDS-26OCT04ARINYG-ARIJBRISSETT7-20,Jacoby Brissett: 20+ rushing yards,0.2000,0.2100,0.0000,0.00,0.00,active,2026-10-06T17:00:00Z,2026-10-01T13:50:16+00:00
KXNFLRSHYDS-26OCT04ARINYG,KXNFLRSHYDS,KXNFLRSHYDS-26OCT04ARINYG-ARIJLOVE4-100,Jeremiyah Love: 100+ rushing yards,0.1900,0.2100,0.1700,212.86,212.86,active,2026-10-06T17:00:00Z,2026-10-01T13:50:16+00:00
KXNFLRSHYDS-26OCT04ARINYG,KXNFLRSHYDS,KXNFLRSHYDS-26OCT04ARINYG-NYGJWINSTON19-10,Jameis Winston: 10+ rushing yards,0.2200,0.3300,0.3000,308.57,308.57,active,2026-10-06T17:00:00Z,2026-10-01T13:50:16+00:00
KXNFLRSHYDS-26OCT04ARINYG,KXNFLRSHYDS,KXNFLRSHYDS-26OCT04ARINYG-ARIJLOVE4-90,Jeremiyah Love: 90+ rushing yards,0.2100,0.2800,0.0000,0.00,0.00,active,2026-10-06T17:00:00Z,2026-10-01T13:50:16+00:00
KXNFLRSHYDS-26OCT04ARINYG,KXNFLRSHYDS,KXNFLRSHYDS-26OCT04ARINYG-NYGNHARRIS23-10,Najee Harris: 10+ rushing yards,0.7600,0.8200,0.0000,0.00,0.00,active,2026-10-06T17:00:00Z,2026-10-01T13:50:16+00:00
KXNFLRSHYDS-26OCT04ARINYG,KXNFLRSHYDS,KXNFLRSHYDS-26OCT04ARINYG-ARIJLOVE4-40,Jeremiyah Love: 40+ rushing yards,0.7000,0.8000,0.0000,0.00,0.00,active,2026-10-06T17:00:00Z,2026-10-01T13:50:16+00:00
KXNFLRSHYDS-26OCT04ARINYG,KXNFLRSHYDS,KXNFLRSHYDS-26OCT04ARINYG-ARIJBRISSETT7-30,Jacoby Brissett: 30+ rushing yards,0.0800,0.1000,0.0000,0.00,0.00,active,2026-10-06T17:00:00Z,2026-10-01T13:50:16+00:00
KXNFLRSHYDS-26OCT04ARINYG,KXNFLRSHYDS,KXNFLRSHYDS-26OCT04ARINYG-ARIJLOVE4-50,Jeremiyah Love: 50+ rushing yards,0.6000,0.7000,0.0000,0.00,0.00,active,2026-10-06T17:00:00Z,2026-10-01T13:50:16+00:00
KXNFLRSHYDS-26OCT04ARINYG,KXNFLRSHYDS,KXNFLRSHYDS-26OCT04ARINYG-ARIJLOVE4-30,Jeremiyah Love: 30+ rushing yards,0.7900,0.8900,0.0000,0.00,0.00,active,2026-10-06T17:00:00Z,2026-10-01T13:50:16+00:00
KXNFLRSHYDS-26OCT04ARINYG,KXNFLRSHYDS,KXNFLRSHYDS-26OCT04ARINYG-NYGJWINSTON19-20,Jameis Winston: 20+ rushing yards,0.1300,0.1500,0.1200,33.00,33.00,active,2026-10-06T17:00:00Z,2026-10-01T13:50:16+00:00
KXNFLRSHYDS-26OCT04ARINYG,KXNFLRSHYDS,KXNFLRSHYDS-26OCT04ARINYG-ARIJLOVE4-60,Jeremiyah Love: 60+ rushing yards,0.5300,0.5800,0.5800,804.22,804.22,active,2026-10-06T17:00:00Z,2026-10-01T13:50:16+00:00
KXNFLRSHYDS-26OCT04ARINYG,KXNFLRSHYDS,KXNFLRSHYDS-26OCT04ARINYG-NYGJWINSTON19-15,Jameis Winston: 15+ rushing yards,0.1100,0.2100,0.1800,22.78,22.78,active,2026-10-06T17:00:00Z,2026-10-01T13:50:16+00:00
KXNFLRSHYDS-26OCT04ARINYG,KXNFLRSHYDS,KXNFLRSHYDS-26OCT04ARINYG-ARITALLGEIER22-70,Tyler Allgeier: 70+ rushing yards,0.0200,0.0500,0.0000,0.00,0.00,active,2026-10-06T17:00:00Z,2026-10-01T13:50:16+00:00
KXNFLRSHYDS-26OCT04ARINYG,KXNFLRSHYDS,KXNFLRSHYDS-26OCT04ARINYG-NYGCSKATTEBO44-90,Cam Skattebo: 90+ rushing yards,0.2000,0.2500,0.0000,0.00,0.00,active,2026-10-06T17:00:00Z,2026-10-01T13:50:16+00:00
KXNFLRSHYDS-26OCT04ARINYG,KXNFLRSHYDS,KXNFLRSHYDS-26OCT04ARINYG-NYGCSKATTEBO44-80,Cam Skattebo: 80+ rushing yards,0.3100,0.3400,0.0000,0.00,0.00,active,2026-10-06T17:00:00Z,2026-10-01T13:50:16+00:00
KXNFLRSHYDS-26OCT04DALHOU,KXNFLRSHYDS,KXNFLRSHYDS-26OCT04DALHOU-HOUCSTROUD7-10,C.J. Stroud: 10+ rushing yards,0.5300,0.5800,0.0000,0.00,0.00,active,2026-10-06T17:00:00Z,2026-10-01T13:50:16+00:00
KXNFLRSHYDS-26OCT04DALHOU,KXNFLRSHYDS,KXNFLRSHYDS-26OCT04DALHOU-HOUDMONTGOMERY32-30,David Montgomery: 30+ rushing yards,0.6900,0.7500,0.7900,4.47,4.47,active,2026-10-06T17:00:00Z,2026-10-01T13:50:16+00:00
KXNFLRSHYDS-26OCT04DALHOU,KXNFLRSHYDS,KXNFLRSHYDS-26OCT04DALHOU-HOUCSTROUD7-50,C.J. Stroud: 50+ rushing yards,0.0200,0.0600,0.0000,0.00,0.00,active,2026-10-06T17:00:00Z,2026-10-01T13:50:16+00:00
KXNFLRSHYDS-26OCT04DALHOU,KXNFLRSHYDS,KXNFLRSHYDS-26OCT04DALHOU-HOUDMONTGOMERY32-110,David Montgomery: 110+ rushing yards,0.0200,0.0800,0.0000,0.00,0.00,active,2026-10-06T17:00:00Z,2026-10-01T13:50:16+00:00
KXNFLRSHYDS-26OCT04DALHOU,KXNFLRSHYDS,KXNFLRSHYDS-26OCT04DALHOU-HOUDMONTGOMERY32-120,David Montgomery: 120+ rushing yards,0.0200,0.0600,0.0500,30.00,30.00,active,2026-10-06T17:00:00Z,2026-10-01T13:50:16+00:00
KXNFLRSHYDS-26OCT04DALHOU,KXNFLRSHYDS,KXNFLRSHYDS-26OCT04DALHOU-DALJWILLIAMS33-60,Javonte Williams: 60+ rushing yards,0.4900,0.5200,0.5200,98.07,98.07,active,2026-10-06T17:00:00Z,2026-10-01T13:50:16+00:00
KXNFLRSHYDS-26OCT04DALHOU,KXNFLRSHYDS,KXNFLRSHYDS-26OCT04DALHOU-DALJWILLIAMS33-100,Javonte Williams: 100+ rushing yards,0.1200,0.1600,0.1700,11.11,11.11,active,2026-10-06T17:00:00Z,2026-10-01T13:50:16+00:00
KXNFLRSHYDS-26OCT04DALHOU,KXNFLRSHYDS,KXNFLRSHYDS-26OCT04DALHOU-HOUWMARKS4-70,Woody Marks: 70+ rushing yards,0.0700,0.1400,0.1300,4.00,4.00,active,2026-10-06T17:00:00Z,2026-10-01T13:50:16+00:00
KXNFLRSHYDS-26OCT04DALHOU,KXNFLRSHYDS,KXNFLRSHYDS-26OCT04DALHOU-HOUWMARKS4-80,Woody Marks: 80+ rushing yards,0.0300,0.1000,0.0000,0.00,0.00,active,2026-10-06T17:00:00Z,2026-10-01T13:50:16+00:00
KXNFLRSHYDS-26OCT04DALHOU,KXNFLRSHYDS,KXNFLRSHYDS-26OCT04DALHOU-DALJWILLIAMS33-80,Javonte Williams: 80+ rushing yards,0.2600,0.3000,0.2900,16.10,16.10,active,2026-10-06T17:00:00Z,2026-10-01T13:50:16+00:00
KXNFLRSHYDS-26OCT04DALHOU,KXNFLRSHYDS,KXNFLRSHYDS-26OCT04DALHOU-DALDPRESCOTT4-40,Dak Prescott: 40+ rushing yards,0.0400,0.0700,0.0900,31.33,31.33,active,2026-10-06T17:00:00Z,2026-10-01T13:50:16+00:00
KXNFLRSHYDS-26OCT04DALHOU,KXNFLRSHYDS,KXNFLRSHYDS-26OCT04DALHOU-HOUCSTROUD7-25,C.J. Stroud: 25+ rushing yards,0.1900,0.2200,0.0000,0.00,0.00,active,2026-10-06T17:00:00Z,2026-10-01T13:50:16+00:00
KXNFLRSHYDS-26OCT04DALHOU,KXNFLRSHYDS,KXNFLRSHYDS-26OCT04DALHOU-DALJWILLIAMS33-90,Javonte Williams: 90+ rushing yards,0.1900,0.2200,0.2400,11.86,11.86,active,2026-10-06T17:00:00Z,2026-10-01T13:50:16+00:00
KXNFLRSHYDS-26OCT04DALHOU,KXNFLRSHYDS,KXNFLRSHYDS-26OCT04DALHOU-DALDPRESCOTT4-20,Dak Prescott: 20+ rushing yards,0.2400,0.2500,0.2500,29.00,29.00,active,2026-10-06T17:00:00Z,2026-10-01T13:50:16+00:00
KXNFLRSHYDS-26OCT04DALHOU,KXNFLRSHYDS,KXNFLRSHYDS-26OCT04DALHOU-HOUCSTROUD7-15,C.J. Stroud: 15+ rushing yards,0.3900,0.4300,0.4300,11.17,11.17,active,2026-10-06T17:00:00Z,2026-10-01T13:50:16+00:00
KXNFLRSHYDS-26OCT04DALHOU,KXNFLRSHYDS,KXNFLRSHYDS-26OCT04DALHOU-DALJWILLIAMS33-40,Javonte Williams: 40+ rushing yards,0.7400,0.7600,0.7400,431.49,431.49,active,2026-10-06T17:00:00Z,2026-10-01T13:50:16+00:00
KXNFLRSHYDS-26OCT04DALHOU,KXNFLRSHYDS,KXNFLRSHYDS-26OCT04DALHOU-HOUWMARKS4-40,Woody Marks: 40+ rushing yards,0.4200,0.4600,0.4500,124.25,124.25,active,2026-10-06T17:00:00Z,2026-10-01T13:50:16+00:00
KXNFLRSHYDS-26OCT04DALHOU,KXNFLRSHYDS,KXNFLRSHYDS-26OCT04DALHOU-HOUDMONTGOMERY32-90,David Montgomery: 90+ rushing yards,0.0500,0.1200,0.0000,0.00,0.00,active,2026-10-06T17:00:00Z,2026-10-01T13:50:16+00:00
KXNFLRSHYDS-26OCT04DALHOU,KXNFLRSHYDS,KXNFLRSHYDS-26OCT04DALHOU-DALJWILLIAMS33-50,Javonte Williams: 50+ rushing yards,0.6200,0.6500,0.6600,17.00,17.00,active,2026-10-06T17:00:00Z,2026-10-01T13:50:16+00:00
KXNFLRSHYDS-26OCT04DALHOU,KXNFLRSHYDS,KXNFLRSHYDS-26OCT04DALHOU-HOUCSTROUD7-40,C.J. Stroud: 40+ rushing yards,0.0300,0.1100,0.0000,0.00,0.00,active,2026-10-06T17:00:00Z,2026-10-01T13:50:16+00:00
KXNFLRSHYDS-26OCT04DALHOU,KXNFLRSHYDS,KXNFLRSHYDS-26OCT04DALHOU-DALJWILLIAMS33-70,Javonte Williams: 70+ rushing yards,0.3800,0.4100,0.4000,9.28,9.28,active,2026-10-06T17:00:00Z,2026-10-01T13:50:16+00:00
KXNFLRSHYDS-26OCT04DALHOU,KXNFLRSHYDS,KXNFLRSHYDS-26OCT04DALHOU-HOUDMONTGOMERY32-70,David Montgomery: 70+ rushing yards,0.2100,0.2400,0.2600,1.00,1.00,active,2026-10-06T17:00:00Z,2026-10-01T13:50:16+00:00
KXNFLRSHYDS-26OCT04DALHOU,KXNFLRSHYDS,KXNFLRSHYDS-26OCT04DALHOU-HOUDMONTGOMERY32-40,David Montgomery: 40+ rushing yards,0.5600,0.6000,0.0000,0.00,0.00,active,2026-10-06T17:00:00Z,2026-10-01T13:50:16+00:00
KXNFLRSHYDS-26OCT04DALHOU,KXNFLRSHYDS,KXNFLRSHYDS-26OCT04DALHOU-DALDPRESCOTT4-25,Dak Prescott: 25+ rushing yards,0.1600,0.1700,0.0000,0.00,0.00,active,2026-10-06T17:00:00Z,2026-10-01T13:50:16+00:00
KXNFLRSHYDS-26OCT04DALHOU,KXNFLRSHYDS,KXNFLRSHYDS-26OCT04DALHOU-HOUCSTROUD7-20,C.J. Stroud: 20+ rushing yards,0.2900,0.3100,0.3000,9.53,9.53,active,2026-10-06T17:00:00Z,2026-10-01T13:50:16+00:00
KXNFLRSHYDS-26OCT04DALHOU,KXNFLRSHYDS,KXNFLRSHYDS-26OCT04DALHOU-HOUWMARKS4-30,Woody Marks: 30+ rushing yards,0.5900,0.6300,0.5600,1853.62,1853.62,active,2026-10-06T17:00:00Z,2026-10-01T13:50:16+00:00
KXNFLRSHYDS-26OCT04DALHOU,KXNFLRSHYDS,KXNFLRSHYDS-26OCT04DALHOU-HOUWMARKS4-60,Woody Marks: 60+ rushing yards,0.1400,0.2100,0.2100,4.00,4.00,active,2026-10-06T17:00:00Z,2026-10-01T13:50:16+00:00
KXNFLRSHYDS-26OCT04DALHOU,KXNFLRSHYDS,KXNFLRSHYDS-26OCT04DALHOU-DALDPRESCOTT4-15,Dak Prescott: 15+ rushing yards,0.3300,0.3600,0.3400,22.53,22.53,active,2026-10-06T17:00:00Z,2026-10-01T13:50:16+00:00
KXNFLRSHYDS-26OCT04DALHOU,KXNFLRSHYDS,KXNFLRSHYDS-26OCT04DALHOU-DALDPRESCOTT4-10,Dak Prescott: 10+ rushing yards,0.5100,0.5300,0.5200,121.54,121.54,active,2026-10-06T17:00:00Z,2026-10-01T13:50:16+00:00
KXNFLRSHYDS-26OCT04DALHOU,KXNFLRSHYDS,KXNFLRSHYDS-26OCT04DALHOU-HOUWMARKS4-50,Woody Marks: 50+ rushing yards,0.3000,0.3200,0.3200,59.66,59.66,active,2026-10-06T17:00:00Z,2026-10-01T13:50:16+00:00
KXNFLRSHYDS-26OCT04DALHOU,KXNFLRSHYDS,KXNFLRSHYDS-26OCT04DALHOU-HOUDMONTGOMERY32-80,David Montgomery: 80+ rushing yards,0.1200,0.1700,0.1400,336.86,336.86,active,2026-10-06T17:00:00Z,2026-10-01T13:50:16+00:00
KXNFLRSHYDS-26OCT04DALHOU,KXNFLRSHYDS,KXNFLRSHYDS-26OCT04DALHOU-HOUCSTROUD7-30,C.J. Stroud: 30+ rushing yards,0.1400,0.1500,0.0000,0.00,0.00,active,2026-10-06T17:00:00Z,2026-10-01T13:50:16+00:00
KXNFLRSHYDS-26OCT04DALHOU,KXNFLRSHYDS,KXNFLRSHYDS-26OCT04DALHOU-HOUDMONTGOMERY32-50,David Montgomery: 50+ rushing yards,0.3900,0.4100,0.3700,3568.53,3522.99,active,2026-10-06T17:00:00Z,2026-10-01T13:50:16+00:00
KXNFLRSHYDS-26OCT04DALHOU,KXNFLRSHYDS,KXNFLRSHYDS-26OCT04DALHOU-HOUWMARKS4-25,Woody Marks: 25+ rushing yards,0.6300,0.7200,0.0000,0.00,0.00,active,2026-10-06T17:00:00Z,2026-10-01T13:50:16+00:00
KXNFLRSHYDS-26OCT04DALHOU,KXNFLRSHYDS,KXNFLRSHYDS-26OCT04DALHOU-DALJWILLIAMS33-110,Javonte Williams: 110+ rushing yards,0.0700,0.1000,0.1200,15.69,15.69,active,2026-10-06T17:00:00Z,2026-10-01T13:50:16+00:00
KXNFLRSHYDS-26OCT04DALHOU,KXNFLRSHYDS,KXNFLRSHYDS-26OCT04DALHOU-HOUWMARKS4-20,Woody Marks: 20+ rushing yards,0.7300,0.8000,0.7200,8.00,8.00,active,2026-10-06T17:00:00Z,2026-10-01T13:50:16+00:00
KXNFLRSHYDS-26OCT04DALHOU,KXNFLRSHYDS,KXNFLRSHYDS-26OCT04DALHOU-HOUWMARKS4-15,Woody Marks: 15+ rushing yards,0.7800,0.8800,0.0000,0.00,0.00,active,2026-10-06T17:00:00Z,2026-10-01T13:50:16+00:00
KXNFLRSHYDS-26OCT04DALHOU,KXNFLRSHYDS,KXNFLRSHYDS-26OCT04DALHOU-HOUDMONTGOMERY32-100,David Montgomery: 100+ rushing yards,0.0200,0.0800,0.0000,0.00,0.00,active,2026-10-06T17:00:00Z,2026-10-01T13:50:16+00:00
KXNFLRSHYDS-26OCT04DALHOU,KXNFLRSHYDS,KXNFLRSHYDS-26OCT04DALHOU-HOUDMONTGOMERY32-60,David Montgomery: 60+ rushing yards,0.3100,0.3300,0.3300,14.47,14.47,active,2026-10-06T17:00:00Z,2026-10-01T13:50:16+00:00
KXNFLRSHYDS-26OCT04DALHOU,KXNFLRSHYDS,KXNFLRSHYDS-26OCT04DALHOU-DALJWILLIAMS33-120,Javonte Williams: 120+ rushing yards,0.0500,0.0900,0.0900,20.89,20.89,active,2026-10-06T17:00:00Z,2026-10-01T13:50:16+00:00
KXNFLRSHYDS-26OCT04DALHOU,KXNFLRSHYDS,KXNFLRSHYDS-26OCT04DALHOU-DALDPRESCOTT4-30,Dak Prescott: 30+ rushing yards,0.1100,0.1200,0.0000,0.00,0.00,active,2026-10-06T17:00:00Z,2026-10-01T13:50:16+00:00
KXNFLRSHYDS-26OCT04DALHOU,KXNFLRSHYDS,KXNFLRSHYDS-26OCT04DALHOU-DALJWILLIAMS33-130,Javonte Williams: 130+ rushing yards,0.0200,0.0500,0.0700,26.82,26.82,active,2026-10-06T17:00:00Z,2026-10-01T13:50:16+00:00
KXNFLRSHYDS-26OCT04DENSF,KXNFLRSHYDS,KXNFLRSHYDS-26OCT04DENSF-SFCMCCAFFREY23-130,Christian McCaffrey: 130+ rushing yards,0.0200,0.0900,0.0000,0.00,0.00,active,2026-10-06T20:25:00Z,2026-10-01T13:50:16+00:00
KXNFLRSHYDS-26OCT04DENSF,KXNFLRSHYDS,KXNFLRSHYDS-26OCT04DENSF-DENRHARVEY12-40,RJ Harvey: 40+ rushing yards,0.0900,0.1200,0.0000,0.00,0.00,active,2026-10-06T20:25:00Z,2026-10-01T13:50:16+00:00
KXNFLRSHYDS-26OCT04DENSF,KXNFLRSHYDS,KXNFLRSHYDS-26OCT04DENSF-SFBPURDY13-30,Brock Purdy: 30+ rushing yards,0.2300,0.2500,0.2400,2206.27,2206.27,active,2026-10-06T20:25:00Z,2026-10-01T13:50:16+00:00
KXNFLRSHYDS-26OCT04DENSF,KXNFLRSHYDS,KXNFLRSHYDS-26OCT04DENSF-DENBNIX10-60,Bo Nix: 60+ rushing yards,0.0200,0.0600,0.0000,0.00,0.00,active,2026-10-06T20:25:00Z,2026-10-01T13:50:16+00:00
KXNFLRSHYDS-26OCT04DENSF,KXNFLRSHYDS,KXNFLRSHYDS-26OCT04DENSF-DENBNIX10-50,Bo Nix: 50+ rushing yards,0.0200,0.0900,0.0000,0.00,0.00,active,2026-10-06T20:25:00Z,2026-10-01T13:50:16+00:00
KXNFLRSHYDS-26OCT04DENSF,KXNFLRSHYDS,KXNFLRSHYDS-26OCT04DENSF-DENJDOBBINS27-130,J.K. Dobbins: 130+ rushing yards,0.0200,0.0800,0.0000,0.00,0.00,active,2026-10-06T20:25:00Z,2026-10-01T13:50:16+00:00
KXNFLRSHYDS-26OCT04DENSF,KXNFLRSHYDS,KXNFLRSHYDS-26OCT04DENSF-DENJDOBBINS27-110,J.K. Dobbins: 110+ rushing yards,0.0500,0.1300,0.0000,0.00,0.00,active,2026-10-06T20:25:00Z,2026-10-01T13:50:16+00:00
KXNFLRSHYDS-26OCT04DENSF,KXNFLRSHYDS,KXNFLRSHYDS-26OCT04DENSF-DENRHARVEY12-60,RJ Harvey: 60+ rushing yards,0.0200,0.0800,0.0000,0.00,0.00,active,2026-10-06T20:25:00Z,2026-10-01T13:50:16+00:00
KXNFLRSHYDS-26OCT04DENSF,KXNFLRSHYDS,KXNFLRSHYDS-26OCT04DENSF-SFBPURDY13-15,Brock Purdy: 15+ rushing yards,0.5400,0.5800,0.5600,117.69,117.69,active,2026-10-06T20:25:00Z,2026-10-01T13:50:16+00:00
KXNFLRSHYDS-26OCT04DENSF,KXNFLRSHYDS,KXNFLRSHYDS-26OCT04DENSF-DENRHARVEY12-25,RJ Harvey: 25+ rushing yards,0.2800,0.3200,0.0000,0.00,0.00,active,2026-10-06T20:25:00Z,2026-10-01T13:50:16+00:00
KXNFLRSHYDS-26OCT04DENSF,KXNFLRSHYDS,KXNFLRSHYDS-26OCT04DENSF-SFBPURDY13-40,Brock Purdy: 40+ rushing yards,0.1100,0.1300,0.1300,2000.00,2000.00,active,2026-10-06T20:25:00Z,2026-10-01T13:50:16+00:00
KXNFLRSHYDS-26OCT04DENSF,KXNFLRSHYDS,KXNFLRSHYDS-26OCT04DENSF-SFCMCCAFFREY23-90,Christian McCaffrey: 90+ rushing yards,0.2400,0.2700,0.0000,0.00,0.00,active,2026-10-06T20:25:00Z,2026-10-01T13:50:16+00:00
KXNFLRSHYDS-26OCT04DENSF,KXNFLRSHYDS,KXNFLRSHYDS-26OCT04DENSF-SFBPURDY13-50,Brock Purdy: 50+ rushing yards,0.0600,0.0800,0.0800,3700.00,3700.00,active,2026-10-06T20:25:00Z,2026-10-01T13:50:16+00:00
KXNFLRSHYDS-26OCT04DENSF,KXNFLRSHYDS,KXNFLRSHYDS-26OCT04DENSF-DENRHARVEY12-50,RJ Harvey: 50+ rushing yards,0.0200,0.1000,0.0000,0.00,0.00,active,2026-10-06T20:25:00Z,2026-10-01T13:50:16+00:00
KXNFLRSHYDS-26OCT04DENSF,KXNFLRSHYDS,KXNFLRSHYDS-26OCT04DENSF-SFBPURDY13-20,Brock Purdy: 20+ rushing yards,0.4100,0.4500,0.4500,176.77,176.77,active,2026-10-06T20:25:00Z,2026-10-01T13:50:16+00:00
KXNFLRSHYDS-26OCT04DENSF,KXNFLRSHYDS,KXNFLRSHYDS-26OCT04DENSF-DENRHARVEY12-20,RJ Harvey: 20+ rushing yards,0.4000,0.4200,0.0000,0.00,0.00,active,2026-10-06T20:25:00Z,2026-10-01T13:50:16+00:00
KXNFLRSHYDS-26OCT04DENSF,KXNFLRSHYDS,KXNFLRSHYDS-26OCT04DENSF-SFKBLACK26-40,Kaelon Black: 40+ rushing yards,0.2200,0.2400,0.2400,7.91,7.91,active,2026-10-06T20:25:00Z,2026-10-01T13:50:16+00:00
KXNFLRSHYDS-26OCT04DENSF,KXNFLRSHYDS,KXNFLRSHYDS-26OCT04DENSF-DENRHARVEY12-30,RJ Harvey: 30+ rushing yards,0.2100,0.2400,0.0000,0.00,0.00,active,2026-10-06T20:25:00Z,2026-10-01T13:50:16+00:00
KXNFLRSHYDS-26OCT04DENSF,KXNFLRSHYDS,KXNFLRSHYDS-26OCT04DENSF-SFKBLACK26-30,Kaelon Black: 30+ rushing yards,0.3800,0.3900,0.0000,0.00,0.00,active,2026-10-06T20:25:00Z,2026-10-01T13:50:16+00:00
KXNFLRSHYDS-26OCT04DENSF,KXNFLRSHYDS,KXNFLRSHYDS-26OCT04DENSF-SFKBLACK26-10,Kaelon Black: 10+ rushing yards,0.7900,0.8100,0.8000,300.00,300.00,active,2026-10-06T20:25:00Z,2026-10-01T13:50:16+00:00
KXNFLRSHYDS-26OCT04DENSF,KXNFLRSHYDS,KXNFLRSHYDS-26OCT04DENSF-SFKBLACK26-25,Kaelon Black: 25+ rushing yards,0.4500,0.4700,0.4700,481.46,481.46,active,2026-10-06T20:25:00Z,2026-10-01T13:50:16+00:00
KXNFLRSHYDS-26OCT04DENSF,KXNFLRSHYDS,KXNFLRSHYDS-26OCT04DENSF-SFKBLACK26-60,Kaelon Black: 60+ rushing yards,0.0400,0.1000,0.0000,0.00,0.00,active,2026-10-06T20:25:00Z,2026-10-01T13:50:16+00:00
KXNFLRSHYDS-26OCT04DENSF,KXNFLRSHYDS,KXNFLRSHYDS-26OCT04DENSF-SFKBLACK26-70,Kaelon Black: 70+ rushing yards,0.0300,0.0600,0.0600,78.18,78.18,active,2026-10-06T20:25:00Z,2026-10-01T13:50:16+00:00
KXNFLRSHYDS-26OCT04DENSF,KXNFLRSHYDS,KXNFLRSHYDS-26OCT04DENSF-SFBPURDY13-25,Brock Purdy: 25+ rushing yards,0.2900,0.3300,0.3300,28.54,28.54,active,2026-10-06T20:25:00Z,2026-10-01T13:50:16+00:00
KXNFLRSHYDS-26OCT04DENSF,KXNFLRSHYDS,KXNFLRSHYDS-26OCT04DENSF-SFBPURDY13-10,Brock Purdy: 10+ rushing yards,0.6700,0.7300,0.0000,0.00,0.00,active,2026-10-06T20:25:00Z,2026-10-01T13:50:16+00:00
KXNFLRSHYDS-26OCT04DENSF,KXNFLRSHYDS,KXNFLRSHYDS-26OCT04DENSF-DENRHARVEY12-15,RJ Harvey: 15+ rushing yards,0.5200,0.5600,0.0000,0.00,0.00,active,2026-10-06T20:25:00Z,2026-10-01T13:50:16+00:00
KXNFLRSHYDS-26OCT04DENSF,KXNFLRSHYDS,KXNFLRSHYDS-26OCT04DENSF-DENJDOBBINS27-120,J.K. Dobbins: 120+ rushing yards,0.0200,0.1000,0.0000,0.00,0.00,active,2026-10-06T20:25:00Z,2026-10-01T13:50:16+00:00
KXNFLRSHYDS-26OCT04DENSF,KXNFLRSHYDS,KXNFLRSHYDS-26OCT04DENSF-SFCMCCAFFREY23-60,Christian McCaffrey: 60+ rushing yards,0.5500,0.5800,0.5800,16.65,16.65,active,2026-10-06T20:25:00Z,2026-10-01T13:50:16+00:00
KXNFLRSHYDS-26OCT04DENSF,KXNFLRSHYDS,KXNFLRSHYDS-26OCT04DENSF-DENBNIX10-10,Bo Nix: 10+ rushing yards,0.6900,0.7300,0.0000,0.00,0.00,active,2026-10-06T20:25:00Z,2026-10-01T13:50:16+00:00
KXNFLRSHYDS-26OCT04DENSF,KXNFLRSHYDS,KXNFLRSHYDS-26OCT04DENSF-DENBNIX10-15,Bo Nix: 15+ rushing yards,0.5600,0.6000,0.0000,0.00,0.00,active,2026-10-06T20:25:00Z,2026-10-01T13:50:16+00:00
KXNFLRSHYDS-26OCT04DENSF,KXNFLRSHYDS,KXNFLRSHYDS-26OCT04DENSF-SFKBLACK26-50,Kaelon Black: 50+ rushing yards,0.0900,0.1500,0.0000,0.00,0.00,active,2026-10-06T20:25:00Z,2026-10-01T13:50:16+00:00
KXNFLRSHYDS-26OCT04DENSF,KXNFLRSHYDS,KXNFLRSHYDS-26OCT04DENSF-DENBNIX10-30,Bo Nix: 30+ rushing yards,0.2300,0.2700,0.0000,0.00,0.00,active,2026-10-06T20:25:00Z,2026-10-01T13:50:16+00:00
KXNFLRSHYDS-26OCT04DENSF,KXNFLRSHYDS,KXNFLRSHYDS-26OCT04DENSF-DENBNIX10-20,Bo Nix: 20+ rushing yards,0.4400,0.4700,0.4800,172.62,172.62,active,2026-10-06T20:25:00Z,2026-10-01T13:50:16+00:00
KXNFLRSHYDS-26OCT04DENSF,KXNFLRSHYDS,KXNFLRSHYDS-26OCT04DENSF-SFCMCCAFFREY23-120,Christian McCaffrey: 120+ rushing yards,0.0400,0.1100,0.0600,3.00,3.00,active,2026-10-06T20:25:00Z,2026-10-01T13:50:16+00:00
KXNFLRSHYDS-26OCT04DENSF,KXNFLRSHYDS,KXNFLRSHYDS-26OCT04DENSF-DENJDOBBINS27-50,J.K. Dobbins: 50+ rushing yards,0.5900,0.6300,0.0000,0.00,0.00,active,2026-10-06T20:25:00Z,2026-10-01T13:50:16+00:00
KXNFLRSHYDS-26OCT04DENSF,KXNFLRSHYDS,KXNFLRSHYDS-26OCT04DENSF-SFCMCCAFFREY23-70,Christian McCaffrey: 70+ rushing yards,0.4500,0.4700,0.4700,302.72,302.72,active,2026-10-06T20:25:00Z,2026-10-01T13:50:16+00:00
KXNFLRSHYDS-26OCT04DENSF,KXNFLRSHYDS,KXNFLRSHYDS-26OCT04DENSF-DENJDOBBINS27-80,J.K. Dobbins: 80+ rushing yards,0.2700,0.3100,0.0000,0.00,0.00,active,2026-10-06T20:25:00Z,2026-10-01T13:50:16+00:00
KXNFLRSHYDS-26OCT04DENSF,KXNFLRSHYDS,KXNFLRSHYDS-26OCT04DENSF-SFCMCCAFFREY23-80,Christian McCaffrey: 80+ rushing yards,0.3300,0.3600,0.3600,82.47,82.47,active,2026-10-06T20:25:00Z,2026-10-01T13:50:16+00:00
KXNFLRSHYDS-26OCT04DENSF,KXNFLRSHYDS,KXNFLRSHYDS-26OCT04DENSF-DENJDOBBINS27-100,J.K. Dobbins: 100+ rushing yards,0.0900,0.1600,0.1300,2.04,2.04,active,2026-10-06T20:25:00Z,2026-10-01T13:50:16+00:00
KXNFLRSHYDS-26OCT04DENSF,KXNFLRSHYDS,KXNFLRSHYDS-26OCT04DENSF-SFCMCCAFFREY23-110,Christian McCaffrey: 110+ rushing yards,0.0700,0.1500,0.0000,0.00,0.00,active,2026-10-06T20:25:00Z,2026-10-01T13:50:16+00:00
KXNFLRSHYDS-26OCT04DENSF,KXNFLRSHYDS,KXNFLRSHYDS-26OCT04DENSF-DENJDOBBINS27-40,J.K. Dobbins: 40+ rushing yards,0.7000,0.7600,0.0000,0.00,0.00,active,2026-10-06T20:25:00Z,2026-10-01T13:50:16+00:00
KXNFLRSHYDS-26OCT04DENSF,KXNFLRSHYDS,KXNFLRSHYDS-26OCT04DENSF-DENBNIX10-40,Bo Nix: 40+ rushing yards,0.1200,0.1500,0.0000,0.00,0.00,active,2026-10-06T20:25:00Z,2026-10-01T13:50:16+00:00
KXNFLRSHYDS-26OCT04DENSF,KXNFLRSHYDS,KXNFLRSHYDS-26OCT04DENSF-SFKBLACK26-15,Kaelon Black: 15+ rushing yards,0.6800,0.7100,0.0000,0.00,0.00,active,2026-10-06T20:25:00Z,2026-10-01T13:50:16+00:00
KXNFLRSHYDS-26OCT04DENSF,KXNFLRSHYDS,KXNFLRSHYDS-26OCT04DENSF-DENJDOBBINS27-90,J.K. Dobbins: 90+ rushing yards,0.1700,0.2300,0.1800,3.00,3.00,active,2026-10-06T20:25:00Z,2026-10-01T13:50:16+00:00
KXNFLRSHYDS-26OCT04DENSF,KXNFLRSHYDS,KXNFLRSHYDS-26OCT04DENSF-DENJDOBBINS27-60,J.K. Dobbins: 60+ rushing yards,0.4800,0.5100,0.4900,15.15,15.15,active,2026-10-06T20:25:00Z,2026-10-01T13:50:16+00:00
KXNFLRSHYDS-26OCT04DENSF,KXNFLRSHYDS,KXNFLRSHYDS-26OCT04DENSF-SFCMCCAFFREY23-40,Christian McCaffrey: 40+ rushing yards,0.7400,0.8100,0.8200,11.90,11.90,active,2026-10-06T20:25:00Z,2026-10-01T13:50:16+00:00
KXNFLRSHYDS-26OCT04DENSF,KXNFLRSHYDS,KXNFLRSHYDS-26OCT04DENSF-SFCMCCAFFREY23-50,Christian McCaffrey: 50+ rushing yards,0.6500,0.7000,0.0000,0.00,0.00,active,2026-10-06T20:25:00Z,2026-10-01T13:50:16+00:00
KXNFLRSHYDS-26OCT04DENSF,KXNFLRSHYDS,KXNFLRSHYDS-26OCT04DENSF-SFCMCCAFFREY23-100,Christian McCaffrey: 100+ rushing yards,0.1200,0.1800,0.1900,498.07,498.07,active,2026-10-06T20:25:00Z,2026-10-01T13:50:16+00:00
KXNFLRSHYDS-26OCT04DENSF,KXNFLRSHYDS,KXNFLRSHYDS-26OCT04DENSF-DENRHARVEY12-10,RJ Harvey: 10+ rushing yards,0.6500,0.7100,0.0000,0.00,0.00,active,2026-10-06T20:25:00Z,2026-10-01T13:50:16+00:00
KXNFLRSHYDS-26OCT04DENSF,KXNFLRSHYDS,KXNFLRSHYDS-26OCT04DENSF-SFCMCCAFFREY23-140,Christian McCaffrey: 140+ rushing yards,0.0200,0.0700,0.0000,0.00,0.00,active,2026-10-06T20:25:00Z,2026-10-01T13:50:16+00:00
KXNFLRSHYDS-26OCT04DENSF,KXNFLRSHYDS,KXNFLRSHYDS-26OCT04DENSF-DENJDOBBINS27-70,J.K. Dobbins: 70+ rushing yards,0.3600,0.4100,0.0000,0.00,0.00,active,2026-10-06T20:25:00Z,2026-10-01T13:50:16+00:00
KXNFLRSHYDS-26OCT04DENSF,KXNFLRSHYDS,KXNFLRSHYDS-26OCT04DENSF-SFKBLACK26-20,Kaelon Black: 20+ rushing yards,0.5600,0.5900,0.0000,0.00,0.00,active,2026-10-06T20:25:00Z,2026-10-01T13:50:16+00:00
KXNFLRSHYDS-26OCT04DENSF,KXNFLRSHYDS,KXNFLRSHYDS-26OCT04DENSF-DENBNIX10-25,Bo Nix: 25+ rushing yards,0.3100,0.3600,0.3600,26.28,26.28,active,2026-10-06T20:25:00Z,2026-10-01T13:50:16+00:00
KXNFLRSHYDS-26OCT04DENSF,KXNFLRSHYDS,KXNFLRSHYDS-26OCT04DENSF-DENJDOBBINS27-140,J.K. Dobbins: 140+ rushing yards,0.0200,0.0700,0.0000,0.00,0.00,active,2026-10-06T20:25:00Z,2026-10-01T13:50:16+00:00
KXNFLRSHYDS-26OCT04DETCAR,KXNFLRSHYDS,KXNFLRSHYDS-26OCT04DETCAR-DETSVAKI33-30,Sione Vaki: 30+ rushing yards,0.1100,0.1400,0.0000,0.00,0.00,active,2026-10-07T00:20:00Z,2026-10-01T13:50:16+00:00
KXNFLRSHYDS-26OCT04DETCAR,KXNFLRSHYDS,KXNFLRSHYDS-26OCT04DETCAR-CARBYOUNG9-50,Bryce Young: 50+ rushing yards,0.0200,0.0600,0.0000,0.00,0.00,active,2026-10-07T00:20:00Z,2026-10-01T13:50:16+00:00
KXNFLRSHYDS-26OCT04DETCAR,KXNFLRSHYDS,KXNFLRSHYDS-26OCT04DETCAR-CARCHUBBARD30-140,Chuba Hubbard: 140+ rushing yards,0.0200,0.0800,0.0000,0.00,0.00,active,2026-10-07T00:20:00Z,2026-10-01T13:50:16+00:00
KXNFLRSHYDS-26OCT04DETCAR,KXNFLRSHYDS,KXNFLRSHYDS-26OCT04DETCAR-CARBYOUNG9-40,Bryce Young: 40+ rushing yards,0.0300,0.1000,0.0000,0.00,0.00,active,2026-10-07T00:20:00Z,2026-10-01T13:50:16+00:00
KXNFLRSHYDS-26OCT04DETCAR,KXNFLRSHYDS,KXNFLRSHYDS-26OCT04DETCAR-DETJGIBBS0-120,Jahmyr Gibbs: 120+ rushing yards,0.2800,0.3400,0.0000,0.00,0.00,active,2026-10-07T00:20:00Z,2026-10-01T13:50:16+00:00
KXNFLRSHYDS-26OCT04DETCAR,KXNFLRSHYDS,KXNFLRSHYDS-26OCT04DETCAR-CARCHUBBARD30-80,Chuba Hubbard: 80+ rushing yards,0.3400,0.3700,0.3300,0.36,0.36,active,2026-10-07T00:20:00Z,2026-10-01T13:50:16+00:00
KXNFLRSHYDS-26OCT04DETCAR,KXNFLRSHYDS,KXNFLRSHYDS-26OCT04DETCAR-DETJGIBBS0-140,Jahmyr Gibbs: 140+ rushing yards,0.1600,0.2200,0.0000,0.00,0.00,active,2026-10-07T00:20:00Z,2026-10-01T13:50:16+00:00
KXNFLRSHYDS-26OCT04DETCAR,KXNFLRSHYDS,KXNFLRSHYDS-26OCT04DETCAR-CARBYOUNG9-30,Bryce Young: 30+ rushing yards,0.1400,0.1600,0.0000,0.00,0.00,active,2026-10-07T00:20:00Z,2026-10-01T13:50:16+00:00
KXNFLRSHYDS-26OCT04DETCAR,KXNFLRSHYDS,KXNFLRSHYDS-26OCT04DETCAR-DETJGIBBS0-180,Jahmyr Gibbs: 180+ rushing yards,0.0200,0.0900,0.0000,0.00,0.00,active,2026-10-07T00:20:00Z,2026-10-01T13:50:16+00:00
KXNFLRSHYDS-26OCT04DETCAR,KXNFLRSHYDS,KXNFLRSHYDS-26OCT04DETCAR-CARBYOUNG9-25,Bryce Young: 25+ rushing yards,0.2000,0.2400,0.0000,0.00,0.00,active,2026-10-07T00:20:00Z,2026-10-01T13:50:16+00:00
KXNFLRSHYDS-26OCT04DETCAR,KXNFLRSHYDS,KXNFLRSHYDS-26OCT04DETCAR-CARADILLON28-40,AJ Dillon: 40+ rushing yards,0.0400,0.1200,0.0000,0.00,0.00,active,2026-10-07T00:20:00Z,2026-10-01T13:50:16+00:00
KXNFLRSHYDS-26OCT04DETCAR,KXNFLRSHYDS,KXNFLRSHYDS-26OCT04DETCAR-DETSVAKI33-40,Sione Vaki: 40+ rushing yards,0.0300,0.1000,0.0000,0.00,0.00,active,2026-10-07T00:20:00Z,2026-10-01T13:50:16+00:00
KXNFLRSHYDS-26OCT04DETCAR,KXNFLRSHYDS,KXNFLRSHYDS-26OCT04DETCAR-DETSVAKI33-10,Sione Vaki: 10+ rushing yards,0.4700,0.5100,0.0000,0.00,0.00,active,2026-10-07T00:20:00Z,2026-10-01T13:50:16+00:00
KXNFLRSHYDS-26OCT04DETCAR,KXNFLRSHYDS,KXNFLRSHYDS-26OCT04DETCAR-CARCHUBBARD30-60,Chuba Hubbard: 60+ rushing yards,0.5700,0.6000,0.0000,0.00,0.00,active,2026-10-07T00:20:00Z,2026-10-01T13:50:16+00:00
KXNFLRSHYDS-26OCT04DETCAR,KXNFLRSHYDS,KXNFLRSHYDS-26OCT04DETCAR-CARCHUBBARD30-100,Chuba Hubbard: 100+ rushing yards,0.1700,0.2100,0.0000,0.00,0.00,active,2026-10-07T00:20:00Z,2026-10-01T13:50:16+00:00
KXNFLRSHYDS-26OCT04DETCAR,KXNFLRSHYDS,KXNFLRSHYDS-26OCT04DETCAR-DETJGOFF16-15,Jared Goff: 15+ rushing yards,0.1200,0.1500,0.0000,0.00,0.00,active,2026-10-07T00:20:00Z,2026-10-01T13:50:16+00:00
KXNFLRSHYDS-26OCT04DETCAR,KXNFLRSHYDS,KXNFLRSHYDS-26OCT04DETCAR-CARADILLON28-25,AJ Dillon: 25+ rushing yards,0.2200,0.2700,0.0000,0.00,0.00,active,2026-10-07T00:20:00Z,2026-10-01T13:50:16+00:00
KXNFLRSHYDS-26OCT04DETCAR,KXNFLRSHYDS,KXNFLRSHYDS-26OCT04DETCAR-CARCHUBBARD30-120,Chuba Hubbard: 120+ rushing yards,0.0700,0.1200,0.0000,0.00,0.00,active,2026-10-07T00:20:00Z,2026-10-01T13:50:16+00:00
KXNFLRSHYDS-26OCT04DETCAR,KXNFLRSHYDS,KXNFLRSHYDS-26OCT04DETCAR-DETJGIBBS0-90,Jahmyr Gibbs: 90+ rushing yards,0.5300,0.5700,0.5800,33.94,33.94,active,2026-10-07T00:20:00Z,2026-10-01T13:50:16+00:00
KXNFLRSHYDS-26OCT04DETCAR,KXNFLRSHYDS,KXNFLRSHYDS-26OCT04DETCAR-CARBYOUNG9-15,Bryce Young: 15+ rushing yards,0.4100,0.4600,0.0000,0.00,0.00,active,2026-10-07T00:20:00Z,2026-10-01T13:50:16+00:00
KXNFLRSHYDS-26OCT04DETCAR,KXNFLRSHYDS,KXNFLRSHYDS-26OCT04DETCAR-DETSVAKI33-20,Sione Vaki: 20+ rushing yards,0.2300,0.2700,0.0000,0.00,0.00,active,2026-10-07T00:20:00Z,2026-10-01T13:50:16+00:00
KXNFLRSHYDS-26OCT04DETCAR,KXNFLRSHYDS,KXNFLRSHYDS-26OCT04DETCAR-CARADILLON28-10,AJ Dillon: 10+ rushing yards,0.5900,0.6500,0.0000,0.00,0.00,active,2026-10-07T00:20:00Z,2026-10-01T13:50:16+00:00
KXNFLRSHYDS-26OCT04DETCAR,KXNFLRSHYDS,KXNFLRSHYDS-26OCT04DETCAR-CARCHUBBARD30-40,Chuba Hubbard: 40+ rushing yards,0.7900,0.8200,0.0000,0.00,0.00,active,2026-10-07T00:20:00Z,2026-10-01T13:50:16+00:00
KXNFLRSHYDS-26OCT04DETCAR,KXNFLRSHYDS,KXNFLRSHYDS-26OCT04DETCAR-CARCHUBBARD30-50,Chuba Hubbard: 50+ rushing yards,0.6800,0.7100,0.0000,0.00,0.00,active,2026-10-07T00:20:00Z,2026-10-01T13:50:16+00:00
KXNFLRSHYDS-26OCT04DETCAR,KXNFLRSHYDS,KXNFLRSHYDS-26OCT04DETCAR-DETJGIBBS0-110,Jahmyr Gibbs: 110+ rushing yards,0.3600,0.3800,0.3900,69.20,69.20,active,2026-10-07T00:20:00Z,2026-10-01T13:50:16+00:00
KXNFLRSHYDS-26OCT04DETCAR,KXNFLRSHYDS,KXNFLRSHYDS-26OCT04DETCAR-CARBYOUNG9-20,Bryce Young: 20+ rushing yards,0.3100,0.3300,0.0000,0.00,0.00,active,2026-10-07T00:20:00Z,2026-10-01T13:50:16+00:00
KXNFLRSHYDS-26OCT04DETCAR,KXNFLRSHYDS,KXNFLRSHYDS-26OCT04DETCAR-DETSVAKI33-50,Sione Vaki: 50+ rushing yards,0.0200,0.0800,0.0000,0.00,0.00,active,2026-10-07T00:20:00Z,2026-10-01T13:50:16+00:00
KXNFLRSHYDS-26OCT04DETCAR,KXNFLRSHYDS,KXNFLRSHYDS-26OCT04DETCAR-CARCHUBBARD30-130,Chuba Hubbard: 130+ rushing yards,0.0500,0.0900,0.0000,0.00,0.00,active,2026-10-07T00:20:00Z,2026-10-01T13:50:16+00:00
KXNFLRSHYDS-26OCT04DETCAR,KXNFLRSHYDS,KXNFLRSHYDS-26OCT04DETCAR-DETJGIBBS0-160,Jahmyr Gibbs: 160+ rushing yards,0.0500,0.1400,0.0000,0.00,0.00,active,2026-10-07T00:20:00Z,2026-10-01T13:50:16+00:00
KXNFLRSHYDS-26OCT04DETCAR,KXNFLRSHYDS,KXNFLRSHYDS-26OCT04DETCAR-DETJGIBBS0-170,Jahmyr Gibbs: 170+ rushing yards,0.0300,0.1100,0.0000,0.00,0.00,active,2026-10-07T00:20:00Z,2026-10-01T13:50:16+00:00
KXNFLRSHYDS-26OCT04DETCAR,KXNFLRSHYDS,KXNFLRSHYDS-26OCT04DETCAR-DETSVAKI33-15,Sione Vaki: 15+ rushing yards,0.3300,0.3700,0.3000,0.35,0.35,active,2026-10-07T00:20:00Z,2026-10-01T13:50:16+00:00
KXNFLRSHYDS-26OCT04DETCAR,KXNFLRSHYDS,KXNFLRSHYDS-26OCT04DETCAR-CARADILLON28-50,AJ Dillon: 50+ rushing yards,0.0200,0.0800,0.0000,0.00,0.00,active,2026-10-07T00:20:00Z,2026-10-01T13:50:16+00:00
KXNFLRSHYDS-26OCT04DETCAR,KXNFLRSHYDS,KXNFLRSHYDS-26OCT04DETCAR-DETJGIBBS0-150,Jahmyr Gibbs: 150+ rushing yards,0.1200,0.1500,0.1400,150.29,150.29,active,2026-10-07T00:20:00Z,2026-10-01T13:50:16+00:00
KXNFLRSHYDS-26OCT04DETCAR,KXNFLRSHYDS,KXNFLRSHYDS-26OCT04DETCAR-CARCHUBBARD30-90,Chuba Hubbard: 90+ rushing yards,0.2600,0.2900,0.0000,0.00,0.00,active,2026-10-07T00:20:00Z,2026-10-01T13:50:16+00:00
KXNFLRSHYDS-26OCT04DETCAR,KXNFLRSHYDS,KXNFLRSHYDS-26OCT04DETCAR-CARADILLON28-15,AJ Dillon: 15+ rushing yards,0.4400,0.4900,0.0000,0.00,0.00,active,2026-10-07T00:20:00Z,2026-10-01T13:50:16+00:00
KXNFLRSHYDS-26OCT04DETCAR,KXNFLRSHYDS,KXNFLRSHYDS-26OCT04DETCAR-DETJGIBBS0-80,Jahmyr Gibbs: 80+ rushing yards,0.6300,0.6700,0.6700,343.75,343.75,active,2026-10-07T00:20:00Z,2026-10-01T13:50:16+00:00
KXNFLRSHYDS-26OCT04DETCAR,KXNFLRSHYDS,KXNFLRSHYDS-26OCT04DETCAR-DETJGOFF16-20,Jared Goff: 20+ rushing yards,0.0700,0.1000,0.0000,0.00,0.00,active,2026-10-07T00:20:00Z,2026-10-01T13:50:16+00:00
KXNFLRSHYDS-26OCT04DETCAR,KXNFLRSHYDS,KXNFLRSHYDS-26OCT04DETCAR-DETJGOFF16-10,Jared Goff: 10+ rushing yards,0.2100,0.2500,0.2500,190.02,190.02,active,2026-10-07T00:20:00Z,2026-10-01T13:50:16+00:00
KXNFLRSHYDS-26OCT04DETCAR,KXNFLRSHYDS,KXNFLRSHYDS-26OCT04DETCAR-DETSVAKI33-25,Sione Vaki: 25+ rushing yards,0.1600,0.2000,0.0000,0.00,0.00,active,2026-10-07T00:20:00Z,2026-10-01T13:50:16+00:00
KXNFLRSHYDS-26OCT04DETCAR,KXNFLRSHYDS,KXNFLRSHYDS-26OCT04DETCAR-DETJGIBBS0-190,Jahmyr Gibbs: 190+ rushing yards,0.0500,0.0700,0.0600,448.56,448.56,active,2026-10-07T00:20:00Z,2026-10-01T13:50:16+00:00
KXNFLRSHYDS-26OCT04DETCAR,KXNFLRSHYDS,KXNFLRSHYDS-26OCT04DETCAR-CARADILLON28-30,AJ Dillon: 30+ rushing yards,0.1500,0.2000,0.0000,0.00,0.00,active,2026-10-07T00:20:00Z,2026-10-01T13:50:16+00:00
KXNFLRSHYDS-26OCT04DETCAR,KXNFLRSHYDS,KXNFLRSHYDS-26OCT04DETCAR-CARBYOUNG9-10,Bryce Young: 10+ rushing yards,0.5700,0.6100,0.5700,69.32,69.32,active,2026-10-07T00:20:00Z,2026-10-01T13:50:16+00:00
KXNFLRSHYDS-26OCT04DETCAR,KXNFLRSHYDS,KXNFLRSHYDS-26OCT04DETCAR-DETJGOFF16-25,Jared Goff: 25+ rushing yards,0.0500,0.0800,0.0000,0.00,0.00,active,2026-10-07T00:20:00Z,2026-10-01T13:50:16+00:00
KXNFLRSHYDS-26OCT04DETCAR,KXNFLRSHYDS,KXNFLRSHYDS-26OCT04DETCAR-DETJGIBBS0-70,Jahmyr Gibbs: 70+ rushing yards,0.7200,0.7600,0.7500,20.96,20.96,active,2026-10-07T00:20:00Z,2026-10-01T13:50:16+00:00
KXNFLRSHYDS-26OCT04DETCAR,KXNFLRSHYDS,KXNFLRSHYDS-26OCT04DETCAR-CARADILLON28-20,AJ Dillon: 20+ rushing yards,0.3200,0.3600,0.0000,0.00,0.00,active,2026-10-07T00:20:00Z,2026-10-01T13:50:16+00:00
KXNFLRSHYDS-26OCT04DETCAR,KXNFLRSHYDS,KXNFLRSHYDS-26OCT04DETCAR-DETJGIBBS0-60,Jahmyr Gibbs: 60+ rushing yards,0.7800,0.8400,0.0000,0.00,0.00,active,2026-10-07T00:20:00Z,2026-10-01T13:50:16+00:00
KXNFLRSHYDS-26OCT04DETCAR,KXNFLRSHYDS,KXNFLRSHYDS-26OCT04DETCAR-CARCHUBBARD30-70,Chuba Hubbard: 70+ rushing yards,0.4400,0.4900,0.0000,0.00,0.00,active,2026-10-07T00:20:00Z,2026-10-01T13:50:16+00:00
KXNFLRSHYDS-26OCT04DETCAR,KXNFLRSHYDS,KXNFLRSHYDS-26OCT04DETCAR-DETJGIBBS0-100,Jahmyr Gibbs: 100+ rushing yards,0.4700,0.4800,0.4800,2052.06,2003.96,active,2026-10-07T00:20:00Z,2026-10-01T13:50:16+00:00
KXNFLRSHYDS-26OCT04DETCAR,KXNFLRSHYDS,KXNFLRSHYDS-26OCT04DETCAR-DETJGIBBS0-130,Jahmyr Gibbs: 130+ rushing yards,0.2200,0.2700,0.0000,0.00,0.00,active,2026-10-07T00:20:00Z,2026-10-01T13:50:16+00:00
KXNFLRSHYDS-26OCT04DETCAR,KXNFLRSHYDS,KXNFLRSHYDS-26OCT04DETCAR-CARCHUBBARD30-110,Chuba Hubbard: 110+ rushing yards,0.1100,0.1600,0.0000,0.00,0.00,active,2026-10-07T00:20:00Z,2026-10-01T13:50:16+00:00
KXNFLRSHYDS-26OCT04GBTB,KXNFLRSHYDS,KXNFLRSHYDS-26OCT04GBTB-GBMLLOYD32-70,MarShawn Lloyd: 70+ rushing yards,0.0200,0.0600,0.0000,0.00,0.00,active,2026-10-06T17:00:00Z,2026-10-01T13:50:16+00:00
KXNFLRSHYDS-26OCT04GBTB,KXNFLRSHYDS,KXNFLRSHYDS-26OCT04GBTB-GBJLOVE10-30,Jordan Love: 30+ rushing yards,0.0400,0.0600,0.0000,0.00,0.00,active,2026-10-06T17:00:00Z,2026-10-01T13:50:16+00:00
KXNFLRSHYDS-26OCT04GBTB,KXNFLRSHYDS,KXNFLRSHYDS-26OCT04GBTB-GBMLLOYD32-10,MarShawn Lloyd: 10+ rushing yards,0.7900,0.8400,0.0000,0.00,0.00,active,2026-10-06T17:00:00Z,2026-10-01T13:50:16+00:00
KXNFLRSHYDS-26OCT04GBTB,KXNFLRSHYDS,KXNFLRSHYDS-26OCT04GBTB-GBKJOHNSON26-60,Kaleb Johnson: 60+ rushing yards,0.1200,0.1700,0.0000,0.00,0.00,active,2026-10-06T17:00:00Z,2026-10-01T13:50:16+00:00
KXNFLRSHYDS-26OCT04GBTB,KXNFLRSHYDS,KXNFLRSHYDS-26OCT04GBTB-TBBIRVING7-70,Bucky Irving: 70+ rushing yards,0.3900,0.4300,0.3800,15.67,15.67,active,2026-10-06T17:00:00Z,2026-10-01T13:50:16+00:00
KXNFLRSHYDS-26OCT04GBTB,KXNFLRSHYDS,KXNFLRSHYDS-26OCT04GBTB-TBJDANIELS10-90,Jalon Daniels: 90+ rushing yards,0.0200,0.0900,0.0000,0.00,0.00,active,2026-10-06T17:00:00Z,2026-10-01T13:50:16+00:00
KXNFLRSHYDS-26OCT04GBTB,KXNFLRSHYDS,KXNFLRSHYDS-26OCT04GBTB-TBBIRVING7-80,Bucky Irving: 80+ rushing yards,0.3000,0.3200,0.3000,17.82,17.82,active,2026-10-06T17:00:00Z,2026-10-01T13:50:16+00:00
KXNFLRSHYDS-26OCT04GBTB,KXNFLRSHYDS,KXNFLRSHYDS-26OCT04GBTB-GBMLLOYD32-50,MarShawn Lloyd: 50+ rushing yards,0.0700,0.1300,0.0000,0.00,0.00,active,2026-10-06T17:00:00Z,2026-10-01T13:50:16+00:00
KXNFLRSHYDS-26OCT04GBTB,KXNFLRSHYDS,KXNFLRSHYDS-26OCT04GBTB-GBKJOHNSON26-30,Kaleb Johnson: 30+ rushing yards,0.5100,0.5500,0.5200,549.59,463.94,active,2026-10-06T17:00:00Z,2026-10-01T13:50:16+00:00
KXNFLRSHYDS-26OCT04GBTB,KXNFLRSHYDS,KXNFLRSHYDS-26OCT04GBTB-GBMLLOYD32-60,MarShawn Lloyd: 60+ rushing yards,0.0500,0.0900,0.0000,0.00,0.00,active,2026-10-06T17:00:00Z,2026-10-01T13:50:16+00:00
KXNFLRSHYDS-26OCT04GBTB,KXNFLRSHYDS,KXNFLRSHYDS-26OCT04GBTB-GBKJOHNSON26-80,Kaleb Johnson: 80+ rushing yards,0.0500,0.0900,0.0000,0.00,0.00,active,2026-10-06T17:00:00Z,2026-10-01T13:50:16+00:00
KXNFLRSHYDS-26OCT04GBTB,KXNFLRSHYDS,KXNFLRSHYDS-26OCT04GBTB-GBJLOVE10-20,Jordan Love: 20+ rushing yards,0.1000,0.1400,0.1300,14.50,14.50,active,2026-10-06T17:00:00Z,2026-10-01T13:50:16+00:00
KXNFLRSHYDS-26OCT04GBTB,KXNFLRSHYDS,KXNFLRSHYDS-26OCT04GBTB-GBMLLOYD32-20,MarShawn Lloyd: 20+ rushing yards,0.5600,0.5900,0.0000,0.00,0.00,active,2026-10-06T17:00:00Z,2026-10-01T13:50:16+00:00
KXNFLRSHYDS-26OCT04GBTB,KXNFLRSHYDS,KXNFLRSHYDS-26OCT04GBTB-TBBIRVING7-120,Bucky Irving: 120+ rushing yards,0.0400,0.0800,0.0500,6.00,6.00,active,2026-10-06T17:00:00Z,2026-10-01T13:50:16+00:00
KXNFLRSHYDS-26OCT04GBTB,KXNFLRSHYDS,KXNFLRSHYDS-26OCT04GBTB-GBMLLOYD32-15,MarShawn Lloyd: 15+ rushing yards,0.6600,0.7200,0.0000,0.00,0.00,active,2026-10-06T17:00:00Z,2026-10-01T13:50:16+00:00
KXNFLRSHYDS-26OCT04GBTB,KXNFLRSHYDS,KXNFLRSHYDS-26OCT04GBTB-GBKJOHNSON26-20,Kaleb Johnson: 20+ rushing yards,0.7000,0.7200,0.7000,384.49,384.49,active,2026-10-06T17:00:00Z,2026-10-01T13:50:16+00:00
KXNFLRSHYDS-26OCT04GBTB,KXNFLRSHYDS,KXNFLRSHYDS-26OCT04GBTB-TBJDANIELS10-60,Jalon Daniels: 60+ rushing yards,0.2000,0.2300,0.2200,31.00,31.00,active,2026-10-06T17:00:00Z,2026-10-01T13:50:16+00:00
KXNFLRSHYDS-26OCT04GBTB,KXNFLRSHYDS,KXNFLRSHYDS-26OCT04GBTB-TBJDANIELS10-25,Jalon Daniels: 25+ rushing yards,0.6700,0.7100,0.0000,0.00,0.00,active,2026-10-06T17:00:00Z,2026-10-01T13:50:16+00:00
KXNFLRSHYDS-26OCT04GBTB,KXNFLRSHYDS,KXNFLRSHYDS-26OCT04GBTB-GBJLOVE10-25,Jordan Love: 25+ rushing yards,0.0600,0.0900,0.0900,10.44,10.44,active,2026-10-06T17:00:00Z,2026-10-01T13:50:16+00:00
KXNFLRSHYDS-26OCT04GBTB,KXNFLRSHYDS,KXNFLRSHYDS-26OCT04GBTB-TBBIRVING7-50,Bucky Irving: 50+ rushing yards,0.6200,0.6500,0.0000,0.00,0.00,active,2026-10-06T17:00:00Z,2026-10-01T13:50:16+00:00
KXNFLRSHYDS-26OCT04GBTB,KXNFLRSHYDS,KXNFLRSHYDS-26OCT04GBTB-TBBIRVING7-110,Bucky Irving: 110+ rushing yards,0.0500,0.1100,0.0700,7.00,7.00,active,2026-10-06T17:00:00Z,2026-10-01T13:50:16+00:00
KXNFLRSHYDS-26OCT04GBTB,KXNFLRSHYDS,KXNFLRSHYDS-26OCT04GBTB-GBKJOHNSON26-15,Kaleb Johnson: 15+ rushing yards,0.7900,0.8100,0.0000,0.00,0.00,active,2026-10-06T17:00:00Z,2026-10-01T13:50:16+00:00
KXNFLRSHYDS-26OCT04GBTB,KXNFLRSHYDS,KXNFLRSHYDS-26OCT04GBTB-GBMLLOYD32-30,MarShawn Lloyd: 30+ rushing yards,0.3600,0.3900,0.0000,0.00,0.00,active,2026-10-06T17:00:00Z,2026-10-01T13:50:16+00:00
KXNFLRSHYDS-26OCT04GBTB,KXNFLRSHYDS,KXNFLRSHYDS-26OCT04GBTB-TBJDANIELS10-70,Jalon Daniels: 70+ rushing yards,0.0800,0.1400,0.1500,43.00,43.00,active,2026-10-06T17:00:00Z,2026-10-01T13:50:16+00:00
KXNFLRSHYDS-26OCT04GBTB,KXNFLRSHYDS,KXNFLRSHYDS-26OCT04GBTB-GBJLOVE10-5,Jordan Love: 5+ rushing yards,0.4700,0.5100,0.5200,13.02,13.02,active,2026-10-06T17:00:00Z,2026-10-01T13:50:16+00:00
KXNFLRSHYDS-26OCT04GBTB,KXNFLRSHYDS,KXNFLRSHYDS-26OCT04GBTB-GBMLLOYD32-40,MarShawn Lloyd: 40+ rushing yards,0.2100,0.2400,0.0000,0.00,0.00,active,2026-10-06T17:00:00Z,2026-10-01T13:50:16+00:00
KXNFLRSHYDS-26OCT04GBTB,KXNFLRSHYDS,KXNFLRSHYDS-26OCT04GBTB-TBJDANIELS10-15,Jalon Daniels: 15+ rushing yards,0.8100,0.8700,0.0000,0.00,0.00,active,2026-10-06T17:00:00Z,2026-10-01T13:50:16+00:00
KXNFLRSHYDS-26OCT04GBTB,KXNFLRSHYDS,KXNFLRSHYDS-26OCT04GBTB-TBJDANIELS10-50,Jalon Daniels: 50+ rushing yards,0.3000,0.3300,0.0000,0.00,0.00,active,2026-10-06T17:00:00Z,2026-10-01T13:50:16+00:00
KXNFLRSHYDS-26OCT04GBTB,KXNFLRSHYDS,KXNFLRSHYDS-26OCT04GBTB-GBJLOVE10-10,Jordan Love: 10+ rushing yards,0.2900,0.3400,0.3400,119.67,119.67,active,2026-10-06T17:00:00Z,2026-10-01T13:50:16+00:00
KXNFLRSHYDS-26OCT04GBTB,KXNFLRSHYDS,KXNFLRSHYDS-26OCT04GBTB-TBBIRVING7-100,Bucky Irving: 100+ rushing yards,0.1100,0.1600,0.1500,12.00,12.00,active,2026-10-06T17:00:00Z,2026-10-01T13:50:16+00:00
KXNFLRSHYDS-26OCT04GBTB,KXNFLRSHYDS,KXNFLRSHYDS-26OCT04GBTB-TBJDANIELS10-80,Jalon Daniels: 80+ rushing yards,0.0300,0.1000,0.1000,39.00,39.00,active,2026-10-06T17:00:00Z,2026-10-01T13:50:16+00:00
KXNFLRSHYDS-26OCT04GBTB,KXNFLRSHYDS,KXNFLRSHYDS-26OCT04GBTB-GBKJOHNSON26-70,Kaleb Johnson: 70+ rushing yards,0.0600,0.1100,0.0000,0.00,0.00,active,2026-10-06T17:00:00Z,2026-10-01T13:50:16+00:00
KXNFLRSHYDS-26OCT04GBTB,KXNFLRSHYDS,KXNFLRSHYDS-26OCT04GBTB-GBKJOHNSON26-50,Kaleb Johnson: 50+ rushing yards,0.2400,0.2500,0.2400,32.40,32.40,active,2026-10-06T17:00:00Z,2026-10-01T13:50:16+00:00
KXNFLRSHYDS-26OCT04GBTB,KXNFLRSHYDS,KXNFLRSHYDS-26OCT04GBTB-GBJLOVE10-15,Jordan Love: 15+ rushing yards,0.1700,0.2000,0.2100,131.58,131.58,active,2026-10-06T17:00:00Z,2026-10-01T13:50:16+00:00
KXNFLRSHYDS-26OCT04GBTB,KXNFLRSHYDS,KXNFLRSHYDS-26OCT04GBTB-TBJDANIELS10-30,Jalon Daniels: 30+ rushing yards,0.5600,0.6200,0.5600,46.43,46.43,active,2026-10-06T17:00:00Z,2026-10-01T13:50:16+00:00
KXNFLRSHYDS-26OCT04GBTB,KXNFLRSHYDS,KXNFLRSHYDS-26OCT04GBTB-TBBIRVING7-90,Bucky Irving: 90+ rushing yards,0.0900,0.2400,0.0000,0.00,0.00,active,2026-10-06T17:00:00Z,2026-10-01T13:50:16+00:00
KXNFLRSHYDS-26OCT04GBTB,KXNFLRSHYDS,KXNFLRSHYDS-26OCT04GBTB-GBKJOHNSON26-40,Kaleb Johnson: 40+ rushing yards,0.3500,0.3900,0.0000,0.00,0.00,active,2026-10-06T17:00:00Z,2026-10-01T13:50:16+00:00
KXNFLRSHYDS-26OCT04GBTB,KXNFLRSHYDS,KXNFLRSHYDS-26OCT04GBTB-TBJDANIELS10-20,Jalon Daniels: 20+ rushing yards,0.7500,0.8000,0.7500,8.00,8.00,active,2026-10-06T17:00:00Z,2026-10-01T13:50:16+00:00
KXNFLRSHYDS-26OCT04GBTB,KXNFLRSHYDS,KXNFLRSHYDS-26OCT04GBTB-TBBIRVING7-60,Bucky Irving: 60+ rushing yards,0.5000,0.5300,0.5300,93.18,93.18,active,2026-10-06T17:00:00Z,2026-10-01T13:50:16+00:00
KXNFLRSHYDS-26OCT04GBTB,KXNFLRSHYDS,KXNFLRSHYDS-26OCT04GBTB-TBJDANIELS10-40,Jalon Daniels: 40+ rushing yards,0.3900,0.4400,0.4000,60.49,60.49,active,2026-10-06T17:00:00Z,2026-10-01T13:50:16+00:00
KXNFLRSHYDS-26OCT04GBTB,KXNFLRSHYDS,KXNFLRSHYDS-26OCT04GBTB-TBBIRVING7-40,Bucky Irving: 40+ rushing yards,0.6800,0.7300,0.7400,467.00,467.00,active,2026-10-06T17:00:00Z,2026-10-01T13:50:16+00:00
KXNFLRSHYDS-26OCT04GBTB,KXNFLRSHYDS,KXNFLRSHYDS-26OCT04GBTB-GBMLLOYD32-25,MarShawn Lloyd: 25+ rushing yards,0.4100,0.4500,0.4300,980.97,980.97,active,2026-10-06T17:00:00Z,2026-10-01T13:50:16+00:00
KXNFLRSHYDS-26OCT04GBTB,KXNFLRSHYDS,KXNFLRSHYDS-26OCT04GBTB-GBKJOHNSON26-25,Kaleb Johnson: 25+ rushing yards,0.6000,0.6300,0.6300,15.47,15.47,active,2026-10-06T17:00:00Z,2026-10-01T13:50:16+00:00
KXNFLRSHYDS-26OCT04INDWAS,KXNFLRSHYDS,KXNFLRSHYDS-26OCT04INDWAS-INDDJONES17-30,Daniel Jones: 30+ rushing yards,0.1400,0.1600,0.1300,14.00,14.00,active,2026-10-06T13:30:00Z,2026-10-01T13:50:16+00:00
KXNFLRSHYDS-26OCT04INDWAS,KXNFLRSHYDS,KXNFLRSHYDS-26OCT04INDWAS-INDJTAYLOR28-80,Jonathan Taylor: 80+ rushing yards,0.5900,0.6100,0.6100,86.06,86.06,active,2026-10-06T13:30:00Z,2026-10-01T13:50:16+00:00
KXNFLRSHYDS-26OCT04INDWAS,KXNFLRSHYDS,KXNFLRSHYDS-26OCT04INDWAS-INDDJONES17-50,Daniel Jones: 50+ rushing yards,0.0200,0.0500,0.0000,0.00,0.00,active,2026-10-06T13:30:00Z,2026-10-01T13:50:16+00:00
KXNFLRSHYDS-26OCT04INDWAS,KXNFLRSHYDS,KXNFLRSHYDS-26OCT04INDWAS-WASMMARIOTA8-10,Marcus Mariota: 10+ rushing yards,0.8200,0.8700,0.0000,0.00,0.00,active,2026-10-06T13:30:00Z,2026-10-01T13:50:16+00:00
KXNFLRSHYDS-26OCT04INDWAS,KXNFLRSHYDS,KXNFLRSHYDS-26OCT04INDWAS-INDJTAYLOR28-120,Jonathan Taylor: 120+ rushing yards,0.2000,0.2500,0.2700,14.09,14.09,active,2026-10-06T13:30:00Z,2026-10-01T13:50:16+00:00
KXNFLRSHYDS-26OCT04INDWAS,KXNFLRSHYDS,KXNFLRSHYDS-26OCT04INDWAS-WASMMARIOTA8-30,Marcus Mariota: 30+ rushing yards,0.4100,0.4500,0.3900,94.91,94.91,active,2026-10-06T13:30:00Z,2026-10-01T13:50:16+00:00
KXNFLRSHYDS-26OCT04INDWAS,KXNFLRSHYDS,KXNFLRSHYDS-26OCT04INDWAS-INDJTAYLOR28-100,Jonathan Taylor: 100+ rushing yards,0.4000,0.4200,0.4300,47.35,47.35,active,2026-10-06T13:30:00Z,2026-10-01T13:50:16+00:00
KXNFLRSHYDS-26OCT04INDWAS,KXNFLRSHYDS,KXNFLRSHYDS-26OCT04INDWAS-WASJCROSKEYMERRITT22-110,Jacory Croskey-Merritt: 110+ rushing yards,0.0500,0.1100,0.0000,0.00,0.00,active,2026-10-06T13:30:00Z,2026-10-01T13:50:16+00:00
KXNFLRSHYDS-26OCT04INDWAS,KXNFLRSHYDS,KXNFLRSHYDS-26OCT04INDWAS-WASMMARIOTA8-15,Marcus Mariota: 15+ rushing yards,0.7400,0.7700,0.0000,0.00,0.00,active,2026-10-06T13:30:00Z,2026-10-01T13:50:16+00:00
KXNFLRSHYDS-26OCT04INDWAS,KXNFLRSHYDS,KXNFLRSHYDS-26OCT04INDWAS-WASJCROSKEYMERRITT22-80,Jacory Croskey-Merritt: 80+ rushing yards,0.2400,0.2600,0.2700,37.51,37.51,active,2026-10-06T13:30:00Z,2026-10-01T13:50:16+00:00
KXNFLRSHYDS-26OCT04INDWAS,KXNFLRSHYDS,KXNFLRSHYDS-26OCT04INDWAS-INDJTAYLOR28-90,Jonathan Taylor: 90+ rushing yards,0.4700,0.5100,0.5100,497.96,497.96,active,2026-10-06T13:30:00Z,2026-10-01T13:50:16+00:00
KXNFLRSHYDS-26OCT04INDWAS,KXNFLRSHYDS,KXNFLRSHYDS-26OCT04INDWAS-WASMMARIOTA8-70,Marcus Mariota: 70+ rushing yards,0.0200,0.0700,0.0000,0.00,0.00,active,2026-10-06T13:30:00Z,2026-10-01T13:50:16+00:00
KXNFLRSHYDS-26OCT04INDWAS,KXNFLRSHYDS,KXNFLRSHYDS-26OCT04INDWAS-WASMMARIOTA8-20,Marcus Mariota: 20+ rushing yards,0.6200,0.6600,0.6400,11.52,11.52,active,2026-10-06T13:30:00Z,2026-10-01T13:50:16+00:00
KXNFLRSHYDS-26OCT04INDWAS,KXNFLRSHYDS,KXNFLRSHYDS-26OCT04INDWAS-INDDJONES17-20,Daniel Jones: 20+ rushing yards,0.3000,0.3100,0.3100,1.00,1.00,active,2026-10-06T13:30:00Z,2026-10-01T13:50:16+00:00
KXNFLRSHYDS-26OCT04INDWAS,KXNFLRSHYDS,KXNFLRSHYDS-26OCT04INDWAS-WASMMARIOTA8-40,Marcus Mariota: 40+ rushing yards,0.2800,0.2900,0.0000,0.00,0.00,active,2026-10-06T13:30:00Z,2026-10-01T13:50:16+00:00
KXNFLRSHYDS-26OCT04INDWAS,KXNFLRSHYDS,KXNFLRSHYDS-26OCT04INDWAS-INDJTAYLOR28-150,Jonathan Taylor: 150+ rushing yards,0.0600,0.1200,0.0000,0.00,0.00,active,2026-10-06T13:30:00Z,2026-10-01T13:50:16+00:00
KXNFLRSHYDS-26OCT04INDWAS,KXNFLRSHYDS,KXNFLRSHYDS-26OCT04INDWAS-INDJTAYLOR28-110,Jonathan Taylor: 110+ rushing yards,0.3100,0.3300,0.3400,31.05,31.05,active,2026-10-06T13:30:00Z,2026-10-01T13:50:16+00:00
KXNFLRSHYDS-26OCT04INDWAS,KXNFLRSHYDS,KXNFLRSHYDS-26OCT04INDWAS-WASJCROSKEYMERRITT22-120,Jacory Croskey-Merritt: 120+ rushing yards,0.0500,0.0800,0.0000,0.00,0.00,active,2026-10-06T13:30:00Z,2026-10-01T13:50:16+00:00
KXNFLRSHYDS-26OCT04INDWAS,KXNFLRSHYDS,KXNFLRSHYDS-26OCT04INDWAS-INDJTAYLOR28-130,Jonathan Taylor: 130+ rushing yards,0.1600,0.1900,0.2100,18.16,18.16,active,2026-10-06T13:30:00Z,2026-10-01T13:50:16+00:00
KXNFLRSHYDS-26OCT04INDWAS,KXNFLRSHYDS,KXNFLRSHYDS-26OCT04INDWAS-INDJTAYLOR28-140,Jonathan Taylor: 140+ rushing yards,0.0900,0.1400,0.0000,0.00,0.00,active,2026-10-06T13:30:00Z,2026-10-01T13:50:16+00:00
KXNFLRSHYDS-26OCT04INDWAS,KXNFLRSHYDS,KXNFLRSHYDS-26OCT04INDWAS-INDJTAYLOR28-160,Jonathan Taylor: 160+ rushing yards,0.0300,0.0900,0.0000,0.00,0.00,active,2026-10-06T13:30:00Z,2026-10-01T13:50:16+00:00
KXNFLRSHYDS-26OCT04INDWAS,KXNFLRSHYDS,KXNFLRSHYDS-26OCT04INDWAS-INDDJONES17-15,Daniel Jones: 15+ rushing yards,0.3900,0.4300,0.0000,0.00,0.00,active,2026-10-06T13:30:00Z,2026-10-01T13:50:16+00:00
KXNFLRSHYDS-26OCT04INDWAS,KXNFLRSHYDS,KXNFLRSHYDS-26OCT04INDWAS-INDDJONES17-40,Daniel Jones: 40+ rushing yards,0.0400,0.1000,0.0000,0.00,0.00,active,2026-10-06T13:30:00Z,2026-10-01T13:50:16+00:00
KXNFLRSHYDS-26OCT04INDWAS,KXNFLRSHYDS,KXNFLRSHYDS-26OCT04INDWAS-INDJTAYLOR28-170,Jonathan Taylor: 170+ rushing yards,0.0200,0.0700,0.0000,0.00,0.00,active,2026-10-06T13:30:00Z,2026-10-01T13:50:16+00:00
KXNFLRSHYDS-26OCT04INDWAS,KXNFLRSHYDS,KXNFLRSHYDS-26OCT04INDWAS-WASMMARIOTA8-60,Marcus Mariota: 60+ rushing yards,0.0600,0.1100,0.0000,0.00,0.00,active,2026-10-06T13:30:00Z,2026-10-01T13:50:16+00:00
KXNFLRSHYDS-26OCT04INDWAS,KXNFLRSHYDS,KXNFLRSHYDS-26OCT04INDWAS-WASJCROSKEYMERRITT22-50,Jacory Croskey-Merritt: 50+ rushing yards,0.5500,0.6000,0.6000,135.60,135.60,active,2026-10-06T13:30:00Z,2026-10-01T13:50:16+00:00
KXNFLRSHYDS-26OCT04INDWAS,KXNFLRSHYDS,KXNFLRSHYDS-26OCT04INDWAS-INDDJONES17-25,Daniel Jones: 25+ rushing yards,0.1900,0.2200,0.1700,4.00,4.00,active,2026-10-06T13:30:00Z,2026-10-01T13:50:16+00:00
KXNFLRSHYDS-26OCT04INDWAS,KXNFLRSHYDS,KXNFLRSHYDS-26OCT04INDWAS-INDJTAYLOR28-70,Jonathan Taylor: 70+ rushing yards,0.6700,0.7000,0.0000,0.00,0.00,active,2026-10-06T13:30:00Z,2026-10-01T13:50:16+00:00
KXNFLRSHYDS-26OCT04INDWAS,KXNFLRSHYDS,KXNFLRSHYDS-26OCT04INDWAS-WASMMARIOTA8-25,Marcus Mariota: 25+ rushing yards,0.5000,0.5300,0.4900,158.66,158.66,active,2026-10-06T13:30:00Z,2026-10-01T13:50:16+00:00
KXNFLRSHYDS-26OCT04INDWAS,KXNFLRSHYDS,KXNFLRSHYDS-26OCT04INDWAS-WASJCROSKEYMERRITT22-90,Jacory Croskey-Merritt: 90+ rushing yards,0.1400,0.1900,0.0000,0.00,0.00,active,2026-10-06T13:30:00Z,2026-10-01T13:50:16+00:00
KXNFLRSHYDS-26OCT04INDWAS,KXNFLRSHYDS,KXNFLRSHYDS-26OCT04INDWAS-WASJCROSKEYMERRITT22-100,Jacory Croskey-Merritt: 100+ rushing yards,0.0900,0.1500,0.0000,0.00,0.00,active,2026-10-06T13:30:00Z,2026-10-01T13:50:16+00:00
KXNFLRSHYDS-26OCT04INDWAS,KXNFLRSHYDS,KXNFLRSHYDS-26OCT04INDWAS-INDDJONES17-10,Daniel Jones: 10+ rushing yards,0.5400,0.5700,0.5400,35.61,35.61,active,2026-10-06T13:30:00Z,2026-10-01T13:50:16+00:00
KXNFLRSHYDS-26OCT04INDWAS,KXNFLRSHYDS,KXNFLRSHYDS-26OCT04INDWAS-WASJCROSKEYMERRITT22-40,Jacory Croskey-Merritt: 40+ rushing yards,0.6500,0.7200,0.0000,0.00,0.00,active,2026-10-06T13:30:00Z,2026-10-01T13:50:16+00:00
KXNFLRSHYDS-26OCT04INDWAS,KXNFLRSHYDS,KXNFLRSHYDS-26OCT04INDWAS-WASJCROSKEYMERRITT22-30,Jacory Croskey-Merritt: 30+ rushing yards,0.7900,0.8200,0.8100,17.81,17.81,active,2026-10-06T13:30:00Z,2026-10-01T13:50:16+00:00
KXNFLRSHYDS-26OCT04INDWAS,KXNFLRSHYDS,KXNFLRSHYDS-26OCT04INDWAS-INDJTAYLOR28-50,Jonathan Taylor: 50+ rushing yards,0.7600,0.8500,0.8700,2.27,2.27,active,2026-10-06T13:30:00Z,2026-10-01T13:50:16+00:00
KXNFLRSHYDS-26OCT04INDWAS,KXNFLRSHYDS,KXNFLRSHYDS-26OCT04INDWAS-WASJCROSKEYMERRITT22-70,Jacory Croskey-Merritt: 70+ rushing yards,0.2900,0.3400,0.0000,0.00,0.00,active,2026-10-06T13:30:00Z,2026-10-01T13:50:16+00:00
KXNFLRSHYDS-26OCT04INDWAS,KXNFLRSHYDS,KXNFLRSHYDS-26OCT04INDWAS-WASJCROSKEYMERRITT22-60,Jacory Croskey-Merritt: 60+ rushing yards,0.4000,0.4700,0.0000,0.00,0.00,active,2026-10-06T13:30:00Z,2026-10-01T13:50:16+00:00
KXNFLRSHYDS-26OCT04INDWAS,KXNFLRSHYDS,KXNFLRSHYDS-26OCT04INDWAS-INDJTAYLOR28-60,Jonathan Taylor: 60+ rushing yards,0.7300,0.7800,0.7700,13.30,13.30,active,2026-10-06T13:30:00Z,2026-10-01T13:50:16+00:00
KXNFLRSHYDS-26OCT04INDWAS,KXNFLRSHYDS,KXNFLRSHYDS-26OCT04INDWAS-WASMMARIOTA8-50,Marcus Mariota: 50+ rushing yards,0.1500,0.1800,0.0000,0.00,0.00,active,2026-10-06T13:30:00Z,2026-10-01T13:50:16+00:00
KXNFLRSHYDS-26OCT04INDWAS,KXNFLRSHYDS,KXNFLRSHYDS-26OCT04INDWAS-WASJCROSKEYMERRITT22-130,Jacory Croskey-Merritt: 130+ rushing yards,0.0200,0.0600,0.0000,0.00,0.00,active,2026-10-06T13:30:00Z,2026-10-01T13:50:16+00:00
KXNFLRSHYDS-26OCT04INDWAS,KXNFLRSHYDS,KXNFLRSHYDS-26OCT04INDWAS-INDJTAYLOR28-180,Jonathan Taylor: 180+ rushing yards,0.0200,0.0500,0.0000,0.00,0.00,active,2026-10-06T13:30:00Z,2026-10-01T13:50:16+00:00
KXNFLRSHYDS-26OCT04JACCIN,KXNFLRSHYDS,KXNFLRSHYDS-26OCT04JACCIN-CINCBROWN30-140,Chase Brown: 140+ rushing yards,0.0200,0.0500,0.0000,0.00,0.00,active,2026-10-06T17:00:00Z,2026-10-01T13:50:16+00:00
KXNFLRSHYDS-26OCT04JACCIN,KXNFLRSHYDS,KXNFLRSHYDS-26OCT04JACCIN-JACBTUTEN33-80,Bhayshul Tuten: 80+ rushing yards,0.2300,0.2600,0.2500,555.63,555.63,active,2026-10-06T17:00:00Z,2026-10-01T13:50:16+00:00
KXNFLRSHYDS-26OCT04JACCIN,KXNFLRSHYDS,KXNFLRSHYDS-26OCT04JACCIN-JACCRODRIGUEZ24-70,Chris Rodriguez Jr.: 70+ rushing yards,0.0200,0.0500,0.0000,0.00,0.00,active,2026-10-06T17:00:00Z,2026-10-01T13:50:16+00:00
KXNFLRSHYDS-26OCT04JACCIN,KXNFLRSHYDS,KXNFLRSHYDS-26OCT04JACCIN-JACTLAWRENCE16-25,Trevor Lawrence: 25+ rushing yards,0.2200,0.2300,0.0000,0.00,0.00,active,2026-10-06T17:00:00Z,2026-10-01T13:50:16+00:00
KXNFLRSHYDS-26OCT04JACCIN,KXNFLRSHYDS,KXNFLRSHYDS-26OCT04JACCIN-CINCBROWN30-80,Chase Brown: 80+ rushing yards,0.3200,0.3500,0.0000,0.00,0.00,active,2026-10-06T17:00:00Z,2026-10-01T13:50:16+00:00
KXNFLRSHYDS-26OCT04JACCIN,KXNFLRSHYDS,KXNFLRSHYDS-26OCT04JACCIN-JACTLAWRENCE16-40,Trevor Lawrence: 40+ rushing yards,0.0700,0.0800,0.0000,0.00,0.00,active,2026-10-06T17:00:00Z,2026-10-01T13:50:16+00:00
KXNFLRSHYDS-26OCT04JACCIN,KXNFLRSHYDS,KXNFLRSHYDS-26OCT04JACCIN-CINJBURROW9-30,Joe Burrow: 30+ rushing yards,0.0800,0.1100,0.0000,0.00,0.00,active,2026-10-06T17:00:00Z,2026-10-01T13:50:16+00:00
KXNFLRSHYDS-26OCT04JACCIN,KXNFLRSHYDS,KXNFLRSHYDS-26OCT04JACCIN-CINCBROWN30-100,Chase Brown: 100+ rushing yards,0.1400,0.2000,0.0000,0.00,0.00,active,2026-10-06T17:00:00Z,2026-10-01T13:50:16+00:00
KXNFLRSHYDS-26OCT04JACCIN,KXNFLRSHYDS,KXNFLRSHYDS-26OCT04JACCIN-CINSPERINE34-30,Samaje Perine: 30+ rushing yards,0.1400,0.1800,0.0000,0.00,0.00,active,2026-10-06T17:00:00Z,2026-10-01T13:50:16+00:00
KXNFLRSHYDS-26OCT04JACCIN,KXNFLRSHYDS,KXNFLRSHYDS-26OCT04JACCIN-JACCRODRIGUEZ24-40,Chris Rodriguez Jr.: 40+ rushing yards,0.1700,0.2100,0.0000,0.00,0.00,active,2026-10-06T17:00:00Z,2026-10-01T13:50:16+00:00
KXNFLRSHYDS-26OCT04JACCIN,KXNFLRSHYDS,KXNFLRSHYDS-26OCT04JACCIN-CINCBROWN30-70,Chase Brown: 70+ rushing yards,0.4100,0.4500,0.4100,2059.38,2059.38,active,2026-10-06T17:00:00Z,2026-10-01T13:50:16+00:00
KXNFLRSHYDS-26OCT04JACCIN,KXNFLRSHYDS,KXNFLRSHYDS-26OCT04JACCIN-JACCRODRIGUEZ24-50,Chris Rodriguez Jr.: 50+ rushing yards,0.0600,0.1200,0.0000,0.00,0.00,active,2026-10-06T17:00:00Z,2026-10-01T13:50:16+00:00
KXNFLRSHYDS-26OCT04JACCIN,KXNFLRSHYDS,KXNFLRSHYDS-26OCT04JACCIN-JACTLAWRENCE16-15,Trevor Lawrence: 15+ rushing yards,0.4700,0.5000,0.4900,241.01,241.01,active,2026-10-06T17:00:00Z,2026-10-01T13:50:16+00:00
KXNFLRSHYDS-26OCT04JACCIN,KXNFLRSHYDS,KXNFLRSHYDS-26OCT04JACCIN-CINJBURROW9-10,Joe Burrow: 10+ rushing yards,0.4400,0.4900,0.0000,0.00,0.00,active,2026-10-06T17:00:00Z,2026-10-01T13:50:16+00:00
KXNFLRSHYDS-26OCT04JACCIN,KXNFLRSHYDS,KXNFLRSHYDS-26OCT04JACCIN-JACTLAWRENCE16-30,Trevor Lawrence: 30+ rushing yards,0.1400,0.1600,0.1500,52.00,52.00,active,2026-10-06T17:00:00Z,2026-10-01T13:50:16+00:00
KXNFLRSHYDS-26OCT04JACCIN,KXNFLRSHYDS,KXNFLRSHYDS-26OCT04JACCIN-JACBTUTEN33-90,Bhayshul Tuten: 90+ rushing yards,0.1400,0.1800,0.0000,0.00,0.00,active,2026-10-06T17:00:00Z,2026-10-01T13:50:16+00:00
KXNFLRSHYDS-26OCT04JACCIN,KXNFLRSHYDS,KXNFLRSHYDS-26OCT04JACCIN-CINCBROWN30-120,Chase Brown: 120+ rushing yards,0.0500,0.1100,0.0000,0.00,0.00,active,2026-10-06T17:00:00Z,2026-10-01T13:50:16+00:00
KXNFLRSHYDS-26OCT04JACCIN,KXNFLRSHYDS,KXNFLRSHYDS-26OCT04JACCIN-JACBTUTEN33-100,Bhayshul Tuten: 100+ rushing yards,0.0900,0.1300,0.0000,0.00,0.00,active,2026-10-06T17:00:00Z,2026-10-01T13:50:16+00:00
KXNFLRSHYDS-26OCT04JACCIN,KXNFLRSHYDS,KXNFLRSHYDS-26OCT04JACCIN-CINCBROWN30-110,Chase Brown: 110+ rushing yards,0.1000,0.1400,0.1400,6.71,6.71,active,2026-10-06T17:00:00Z,2026-10-01T13:50:16+00:00
KXNFLRSHYDS-26OCT04JACCIN,KXNFLRSHYDS,KXNFLRSHYDS-26OCT04JACCIN-JACTLAWRENCE16-10,Trevor Lawrence: 10+ rushing yards,0.6100,0.6200,0.6200,81.68,81.68,active,2026-10-06T17:00:00Z,2026-10-01T13:50:16+00:00
KXNFLRSHYDS-26OCT04JACCIN,KXNFLRSHYDS,KXNFLRSHYDS-26OCT04JACCIN-JACCRODRIGUEZ24-15,Chris Rodriguez Jr.: 15+ rushing yards,0.6100,0.6600,0.0000,0.00,0.00,active,2026-10-06T17:00:00Z,2026-10-01T13:50:16+00:00
KXNFLRSHYDS-26OCT04JACCIN,KXNFLRSHYDS,KXNFLRSHYDS-26OCT04JACCIN-JACCRODRIGUEZ24-20,Chris Rodriguez Jr.: 20+ rushing yards,0.5000,0.5300,0.0000,0.00,0.00,active,2026-10-06T17:00:00Z,2026-10-01T13:50:16+00:00
KXNFLRSHYDS-26OCT04JACCIN,KXNFLRSHYDS,KXNFLRSHYDS-26OCT04JACCIN-JACBTUTEN33-30,Bhayshul Tuten: 30+ rushing yards,0.8000,0.8300,0.8100,19.67,19.67,active,2026-10-06T17:00:00Z,2026-10-01T13:50:16+00:00
KXNFLRSHYDS-26OCT04JACCIN,KXNFLRSHYDS,KXNFLRSHYDS-26OCT04JACCIN-CINCBROWN30-90,Chase Brown: 90+ rushing yards,0.2400,0.2700,0.2600,8.31,8.31,active,2026-10-06T17:00:00Z,2026-10-01T13:50:16+00:00
KXNFLRSHYDS-26OCT04JACCIN,KXNFLRSHYDS,KXNFLRSHYDS-26OCT04JACCIN-JACBTUTEN33-110,Bhayshul Tuten: 110+ rushing yards,0.0600,0.1000,0.0000,0.00,0.00,active,2026-10-06T17:00:00Z,2026-10-01T13:50:16+00:00
KXNFLRSHYDS-26OCT04JACCIN,KXNFLRSHYDS,KXNFLRSHYDS-26OCT04JACCIN-CINCBROWN30-130,Chase Brown: 130+ rushing yards,0.0200,0.0900,0.0000,0.00,0.00,active,2026-10-06T17:00:00Z,2026-10-01T13:50:16+00:00
KXNFLRSHYDS-26OCT04JACCIN,KXNFLRSHYDS,KXNFLRSHYDS-26OCT04JACCIN-CINJBURROW9-15,Joe Burrow: 15+ rushing yards,0.3000,0.3400,0.0000,0.00,0.00,active,2026-10-06T17:00:00Z,2026-10-01T13:50:16+00:00
KXNFLRSHYDS-26OCT04JACCIN,KXNFLRSHYDS,KXNFLRSHYDS-26OCT04JACCIN-CINSPERINE34-25,Samaje Perine: 25+ rushing yards,0.2000,0.2500,0.0000,0.00,0.00,active,2026-10-06T17:00:00Z,2026-10-01T13:50:16+00:00
KXNFLRSHYDS-26OCT04JACCIN,KXNFLRSHYDS,KXNFLRSHYDS-26OCT04JACCIN-CINSPERINE34-20,Samaje Perine: 20+ rushing yards,0.2900,0.3400,0.0000,0.00,0.00,active,2026-10-06T17:00:00Z,2026-10-01T13:50:16+00:00
KXNFLRSHYDS-26OCT04JACCIN,KXNFLRSHYDS,KXNFLRSHYDS-26OCT04JACCIN-CINCBROWN30-60,Chase Brown: 60+ rushing yards,0.5400,0.5900,0.0000,0.00,0.00,active,2026-10-06T17:00:00Z,2026-10-01T13:50:16+00:00
KXNFLRSHYDS-26OCT04JACCIN,KXNFLRSHYDS,KXNFLRSHYDS-26OCT04JACCIN-JACBTUTEN33-60,Bhayshul Tuten: 60+ rushing yards,0.4200,0.4600,0.4300,21.30,21.30,active,2026-10-06T17:00:00Z,2026-10-01T13:50:16+00:00
KXNFLRSHYDS-26OCT04JACCIN,KXNFLRSHYDS,KXNFLRSHYDS-26OCT04JACCIN-JACCRODRIGUEZ24-60,Chris Rodriguez Jr.: 60+ rushing yards,0.0200,0.0800,0.0000,0.00,0.00,active,2026-10-06T17:00:00Z,2026-10-01T13:50:16+00:00
KXNFLRSHYDS-26OCT04JACCIN,KXNFLRSHYDS,KXNFLRSHYDS-26OCT04JACCIN-JACBTUTEN33-70,Bhayshul Tuten: 70+ rushing yards,0.3100,0.3500,0.3300,20.77,20.77,active,2026-10-06T17:00:00Z,2026-10-01T13:50:16+00:00
KXNFLRSHYDS-26OCT04JACCIN,KXNFLRSHYDS,KXNFLRSHYDS-26OCT04JACCIN-CINSPERINE34-10,Samaje Perine: 10+ rushing yards,0.5600,0.6200,0.0000,0.00,0.00,active,2026-10-06T17:00:00Z,2026-10-01T13:50:16+00:00
KXNFLRSHYDS-26OCT04JACCIN,KXNFLRSHYDS,KXNFLRSHYDS-26OCT04JACCIN-CINJBURROW9-25,Joe Burrow: 25+ rushing yards,0.1300,0.1500,0.0000,0.00,0.00,active,2026-10-06T17:00:00Z,2026-10-01T13:50:16+00:00
KXNFLRSHYDS-26OCT04JACCIN,KXNFLRSHYDS,KXNFLRSHYDS-26OCT04JACCIN-JACCRODRIGUEZ24-25,Chris Rodriguez Jr.: 25+ rushing yards,0.3900,0.4400,0.0000,0.00,0.00,active,2026-10-06T17:00:00Z,2026-10-01T13:50:16+00:00
KXNFLRSHYDS-26OCT04JACCIN,KXNFLRSHYDS,KXNFLRSHYDS-26OCT04JACCIN-JACCRODRIGUEZ24-30,Chris Rodriguez Jr.: 30+ rushing yards,0.3100,0.3500,0.0000,0.00,0.00,active,2026-10-06T17:00:00Z,2026-10-01T13:50:16+00:00
KXNFLRSHYDS-26OCT04JACCIN,KXNFLRSHYDS,KXNFLRSHYDS-26OCT04JACCIN-CINSPERINE34-40,Samaje Perine: 40+ rushing yards,0.0300,0.1000,0.0000,0.00,0.00,active,2026-10-06T17:00:00Z,2026-10-01T13:50:16+00:00
KXNFLRSHYDS-26OCT04JACCIN,KXNFLRSHYDS,KXNFLRSHYDS-26OCT04JACCIN-JACTLAWRENCE16-20,Trevor Lawrence: 20+ rushing yards,0.2900,0.3300,0.3300,18.00,18.00,active,2026-10-06T17:00:00Z,2026-10-01T13:50:16+00:00
KXNFLRSHYDS-26OCT04JACCIN,KXNFLRSHYDS,KXNFLRSHYDS-26OCT04JACCIN-JACCRODRIGUEZ24-10,Chris Rodriguez Jr.: 10+ rushing yards,0.7200,0.7800,0.0000,0.00,0.00,active,2026-10-06T17:00:00Z,2026-10-01T13:50:16+00:00
KXNFLRSHYDS-26OCT04JACCIN,KXNFLRSHYDS,KXNFLRSHYDS-26OCT04JACCIN-CINSPERINE34-15,Samaje Perine: 15+ rushing yards,0.4100,0.4600,0.0000,0.00,0.00,active,2026-10-06T17:00:00Z,2026-10-01T13:50:16+00:00
KXNFLRSHYDS-26OCT04JACCIN,KXNFLRSHYDS,KXNFLRSHYDS-26OCT04JACCIN-JACBTUTEN33-40,Bhayshul Tuten: 40+ rushing yards,0.6800,0.7200,0.6900,202.00,202.00,active,2026-10-06T17:00:00Z,2026-10-01T13:50:16+00:00
KXNFLRSHYDS-26OCT04JACCIN,KXNFLRSHYDS,KXNFLRSHYDS-26OCT04JACCIN-CINCBROWN30-50,Chase Brown: 50+ rushing yards,0.6600,0.7000,0.7000,69.43,69.43,active,2026-10-06T17:00:00Z,2026-10-01T13:50:16+00:00
KXNFLRSHYDS-26OCT04JACCIN,KXNFLRSHYDS,KXNFLRSHYDS-26OCT04JACCIN-CINJBURROW9-20,Joe Burrow: 20+ rushing yards,0.2200,0.2400,0.0000,0.00,0.00,active,2026-10-06T17:00:00Z,2026-10-01T13:50:16+00:00
KXNFLRSHYDS-26OCT04JACCIN,KXNFLRSHYDS,KXNFLRSHYDS-26OCT04JACCIN-JACBTUTEN33-50,Bhayshul Tuten: 50+ rushing yards,0.5600,0.5900,0.5500,1018.87,1014.87,active,2026-10-06T17:00:00Z,2026-10-01T13:50:16+00:00
KXNFLRSHYDS-26OCT04JACCIN,KXNFLRSHYDS,KXNFLRSHYDS-26OCT04JACCIN-CINJBURROW9-40,Joe Burrow: 40+ rushing yards,0.0200,0.0700,0.0000,0.00,0.00,active,2026-10-06T17:00:00Z,2026-10-01T13:50:16+00:00
KXNFLRSHYDS-26OCT04JACCIN,KXNFLRSHYDS,KXNFLRSHYDS-26OCT04JACCIN-JACBTUTEN33-120,Bhayshul Tuten: 120+ rushing yards,0.0500,0.0600,0.0000,0.00,0.00,active,2026-10-06T17:00:00Z,2026-10-01T13:50:16+00:00
KXNFLRSHYDS-26OCT04JACCIN,KXNFLRSHYDS,KXNFLRSHYDS-26OCT04JACCIN-CINSPERINE34-50,Samaje Perine: 50+ rushing yards,0.0200,0.0600,0.0000,0.00,0.00,active,2026-10-06T17:00:00Z,2026-10-01T13:50:16+00:00
KXNFLRSHYDS-26OCT04JACCIN,KXNFLRSHYDS,KXNFLRSHYDS-26OCT04JACCIN-CINCBROWN30-40,Chase Brown: 40+ rushing yards,0.7800,0.8100,0.0000,0.00,0.00,active,2026-10-06T17:00:00Z,2026-10-01T13:50:16+00:00
KXNFLRSHYDS-26OCT04KCLV,KXNFLRSHYDS,KXNFLRSHYDS-26OCT04KCLV-KCPMAHOMES15-40,Patrick Mahomes: 40+ rushing yards,0.1000,0.1200,0.0000,0.00,0.00,active,2026-10-06T20:25:00Z,2026-10-01T13:50:16+00:00
KXNFLRSHYDS-26OCT04KCLV,KXNFLRSHYDS,KXNFLRSHYDS-26OCT04KCLV-KCEJOHNSON10-60,Emmett Johnson: 60+ rushing yards,0.0200,0.0800,0.0000,0.00,0.00,active,2026-10-06T20:25:00Z,2026-10-01T13:50:16+00:00
KXNFLRSHYDS-26OCT04KCLV,KXNFLRSHYDS,KXNFLRSHYDS-26OCT04KCLV-KCKWALKER9-60,Kenneth Walker III: 60+ rushing yards,0.7300,0.7700,0.7700,6.39,6.39,active,2026-10-06T20:25:00Z,2026-10-01T13:50:16+00:00
KXNFLRSHYDS-26OCT04KCLV,KXNFLRSHYDS,KXNFLRSHYDS-26OCT04KCLV-KCKWALKER9-130,Kenneth Walker III: 130+ rushing yards,0.1500,0.2000,0.2100,9.02,9.02,active,2026-10-06T20:25:00Z,2026-10-01T13:50:16+00:00
KXNFLRSHYDS-26OCT04KCLV,KXNFLRSHYDS,KXNFLRSHYDS-26OCT04KCLV-KCKWALKER9-80,Kenneth Walker III: 80+ rushing yards,0.5400,0.5800,0.0000,0.00,0.00,active,2026-10-06T20:25:00Z,2026-10-01T13:50:16+00:00
KXNFLRSHYDS-26OCT04KCLV,KXNFLRSHYDS,KXNFLRSHYDS-26OCT04KCLV-LVAJEANTY2-130,Ashton Jeanty: 130+ rushing yards,0.0200,0.0800,0.0000,0.00,0.00,active,2026-10-06T20:25:00Z,2026-10-01T13:50:16+00:00
KXNFLRSHYDS-26OCT04KCLV,KXNFLRSHYDS,KXNFLRSHYDS-26OCT04KCLV-LVAJEANTY2-110,Ashton Jeanty: 110+ rushing yards,0.0600,0.1200,0.0000,0.00,0.00,active,2026-10-06T20:25:00Z,2026-10-01T13:50:16+00:00
KXNFLRSHYDS-26OCT04KCLV,KXNFLRSHYDS,KXNFLRSHYDS-26OCT04KCLV-KCKWALKER9-140,Kenneth Walker III: 140+ rushing yards,0.1100,0.1500,0.0000,0.00,0.00,active,2026-10-06T20:25:00Z,2026-10-01T13:50:16+00:00
KXNFLRSHYDS-26OCT04KCLV,KXNFLRSHYDS,KXNFLRSHYDS-26OCT04KCLV-LVAJEANTY2-90,Ashton Jeanty: 90+ rushing yards,0.1700,0.2100,0.2200,98.68,98.68,active,2026-10-06T20:25:00Z,2026-10-01T13:50:16+00:00
KXNFLRSHYDS-26OCT04KCLV,KXNFLRSHYDS,KXNFLRSHYDS-26OCT04KCLV-LVAJEANTY2-50,Ashton Jeanty: 50+ rushing yards,0.6100,0.6300,0.6300,111.04,56.29,active,2026-10-06T20:25:00Z,2026-10-01T13:50:16+00:00
KXNFLRSHYDS-26OCT04KCLV,KXNFLRSHYDS,KXNFLRSHYDS-26OCT04KCLV-LVMWASHINGTON4-40,Mike Washington Jr.: 40+ rushing yards,0.0600,0.1400,0.1000,13.00,13.00,active,2026-10-06T20:25:00Z,2026-10-01T13:50:16+00:00
KXNFLRSHYDS-26OCT04KCLV,KXNFLRSHYDS,KXNFLRSHYDS-26OCT04KCLV-KCPMAHOMES15-50,Patrick Mahomes: 50+ rushing yards,0.0200,0.0800,0.0000,0.00,0.00,active,2026-10-06T20:25:00Z,2026-10-01T13:50:16+00:00
KXNFLRSHYDS-26OCT04KCLV,KXNFLRSHYDS,KXNFLRSHYDS-26OCT04KCLV-LVAJEANTY2-40,Ashton Jeanty: 40+ rushing yards,0.7400,0.7600,0.7000,34.86,32.86,active,2026-10-06T20:25:00Z,2026-10-01T13:50:16+00:00
KXNFLRSHYDS-26OCT04KCLV,KXNFLRSHYDS,KXNFLRSHYDS-26OCT04KCLV-LVKCOUSINS8-25,Kirk Cousins: 25+ rushing yards,0.0300,0.0700,0.0000,0.00,0.00,active,2026-10-06T20:25:00Z,2026-10-01T13:50:16+00:00
KXNFLRSHYDS-26OCT04KCLV,KXNFLRSHYDS,KXNFLRSHYDS-26OCT04KCLV-KCKWALKER9-170,Kenneth Walker III: 170+ rushing yards,0.0500,0.0800,0.0000,0.00,0.00,active,2026-10-06T20:25:00Z,2026-10-01T13:50:16+00:00
KXNFLRSHYDS-26OCT04KCLV,KXNFLRSHYDS,KXNFLRSHYDS-26OCT04KCLV-LVKCOUSINS8-20,Kirk Cousins: 20+ rushing yards,0.0500,0.0900,0.0000,0.00,0.00,active,2026-10-06T20:25:00Z,2026-10-01T13:50:16+00:00
KXNFLRSHYDS-26OCT04KCLV,KXNFLRSHYDS,KXNFLRSHYDS-26OCT04KCLV-KCEJOHNSON10-50,Emmett Johnson: 50+ rushing yards,0.0300,0.1000,0.0000,0.00,0.00,active,2026-10-06T20:25:00Z,2026-10-01T13:50:16+00:00
KXNFLRSHYDS-26OCT04KCLV,KXNFLRSHYDS,KXNFLRSHYDS-26OCT04KCLV-KCPMAHOMES15-15,Patrick Mahomes: 15+ rushing yards,0.5500,0.5600,0.5600,757.13,757.13,active,2026-10-06T20:25:00Z,2026-10-01T13:50:16+00:00
KXNFLRSHYDS-26OCT04KCLV,KXNFLRSHYDS,KXNFLRSHYDS-26OCT04KCLV-LVMWASHINGTON4-30,Mike Washington Jr.: 30+ rushing yards,0.0300,0.2500,0.0000,0.00,0.00,active,2026-10-06T20:25:00Z,2026-10-01T13:50:16+00:00
KXNFLRSHYDS-26OCT04KCLV,KXNFLRSHYDS,KXNFLRSHYDS-26OCT04KCLV-KCEJOHNSON10-40,Emmett Johnson: 40+ rushing yards,0.0800,0.1400,0.1100,4.00,4.00,active,2026-10-06T20:25:00Z,2026-10-01T13:50:16+00:00
KXNFLRSHYDS-26OCT04KCLV,KXNFLRSHYDS,KXNFLRSHYDS-26OCT04KCLV-KCKWALKER9-160,Kenneth Walker III: 160+ rushing yards,0.0400,0.0900,0.1000,47.03,47.03,active,2026-10-06T20:25:00Z,2026-10-01T13:50:16+00:00
KXNFLRSHYDS-26OCT04KCLV,KXNFLRSHYDS,KXNFLRSHYDS-26OCT04KCLV-LVAJEANTY2-30,Ashton Jeanty: 30+ rushing yards,0.8500,0.8600,0.8500,74.98,74.98,active,2026-10-06T20:25:00Z,2026-10-01T13:50:16+00:00
KXNFLRSHYDS-26OCT04KCLV,KXNFLRSHYDS,KXNFLRSHYDS-26OCT04KCLV-KCKWALKER9-180,Kenneth Walker III: 180+ rushing yards,0.0500,0.0700,0.0000,0.00,0.00,active,2026-10-06T20:25:00Z,2026-10-01T13:50:16+00:00
KXNFLRSHYDS-26OCT04KCLV,KXNFLRSHYDS,KXNFLRSHYDS-26OCT04KCLV-LVAJEANTY2-120,Ashton Jeanty: 120+ rushing yards,0.0300,0.1000,0.0000,0.00,0.00,active,2026-10-06T20:25:00Z,2026-10-01T13:50:16+00:00
KXNFLRSHYDS-26OCT04KCLV,KXNFLRSHYDS,KXNFLRSHYDS-26OCT04KCLV-KCKWALKER9-50,Kenneth Walker III: 50+ rushing yards,0.8100,0.8400,0.8300,75.36,75.36,active,2026-10-06T20:25:00Z,2026-10-01T13:50:16+00:00
KXNFLRSHYDS-26OCT04KCLV,KXNFLRSHYDS,KXNFLRSHYDS-26OCT04KCLV-KCEJOHNSON10-30,Emmett Johnson: 30+ rushing yards,0.1900,0.2600,0.0000,0.00,0.00,active,2026-10-06T20:25:00Z,2026-10-01T13:50:16+00:00
KXNFLRSHYDS-26OCT04KCLV,KXNFLRSHYDS,KXNFLRSHYDS-26OCT04KCLV-KCKWALKER9-120,Kenneth Walker III: 120+ rushing yards,0.2000,0.2400,0.2700,35.40,35.40,active,2026-10-06T20:25:00Z,2026-10-01T13:50:16+00:00
KXNFLRSHYDS-26OCT04KCLV,KXNFLRSHYDS,KXNFLRSHYDS-26OCT04KCLV-KCEJOHNSON10-15,Emmett Johnson: 15+ rushing yards,0.4300,0.5400,0.0000,0.00,0.00,active,2026-10-06T20:25:00Z,2026-10-01T13:50:16+00:00
KXNFLRSHYDS-26OCT04KCLV,KXNFLRSHYDS,KXNFLRSHYDS-26OCT04KCLV-LVKCOUSINS8-10,Kirk Cousins: 10+ rushing yards,0.1700,0.2000,0.2000,411.97,411.97,active,2026-10-06T20:25:00Z,2026-10-01T13:50:16+00:00
KXNFLRSHYDS-26OCT04KCLV,KXNFLRSHYDS,KXNFLRSHYDS-26OCT04KCLV-KCKWALKER9-100,Kenneth Walker III: 100+ rushing yards,0.3700,0.4000,0.4200,18.69,18.69,active,2026-10-06T20:25:00Z,2026-10-01T13:50:16+00:00
KXNFLRSHYDS-26OCT04KCLV,KXNFLRSHYDS,KXNFLRSHYDS-26OCT04KCLV-LVAJEANTY2-100,Ashton Jeanty: 100+ rushing yards,0.1100,0.1600,0.1700,122.40,122.40,active,2026-10-06T20:25:00Z,2026-10-01T13:50:16+00:00
KXNFLRSHYDS-26OCT04KCLV,KXNFLRSHYDS,KXNFLRSHYDS-26OCT04KCLV-KCEJOHNSON10-25,Emmett Johnson: 25+ rushing yards,0.2600,0.3500,0.0000,0.00,0.00,active,2026-10-06T20:25:00Z,2026-10-01T13:50:16+00:00
KXNFLRSHYDS-26OCT04KCLV,KXNFLRSHYDS,KXNFLRSHYDS-26OCT04KCLV-LVAJEANTY2-60,Ashton Jeanty: 60+ rushing yards,0.4900,0.5000,0.5000,568.40,549.55,active,2026-10-06T20:25:00Z,2026-10-01T13:50:16+00:00
KXNFLRSHYDS-26OCT04KCLV,KXNFLRSHYDS,KXNFLRSHYDS-26OCT04KCLV-LVKCOUSINS8-15,Kirk Cousins: 15+ rushing yards,0.1000,0.1300,0.0000,0.00,0.00,active,2026-10-06T20:25:00Z,2026-10-01T13:50:16+00:00
KXNFLRSHYDS-26OCT04KCLV,KXNFLRSHYDS,KXNFLRSHYDS-26OCT04KCLV-KCPMAHOMES15-20,Patrick Mahomes: 20+ rushing yards,0.3800,0.4200,0.0000,0.00,0.00,active,2026-10-06T20:25:00Z,2026-10-01T13:50:16+00:00
KXNFLRSHYDS-26OCT04KCLV,KXNFLRSHYDS,KXNFLRSHYDS-26OCT04KCLV-LVMWASHINGTON4-15,Mike Washington Jr.: 15+ rushing yards,0.4200,0.5700,0.0000,0.00,0.00,active,2026-10-06T20:25:00Z,2026-10-01T13:50:16+00:00
KXNFLRSHYDS-26OCT04KCLV,KXNFLRSHYDS,KXNFLRSHYDS-26OCT04KCLV-KCEJOHNSON10-20,Emmett Johnson: 20+ rushing yards,0.3900,0.4400,0.4500,21.70,21.70,active,2026-10-06T20:25:00Z,2026-10-01T13:50:16+00:00
KXNFLRSHYDS-26OCT04KCLV,KXNFLRSHYDS,KXNFLRSHYDS-26OCT04KCLV-KCKWALKER9-150,Kenneth Walker III: 150+ rushing yards,0.0700,0.1200,0.0000,0.00,0.00,active,2026-10-06T20:25:00Z,2026-10-01T13:50:16+00:00
KXNFLRSHYDS-26OCT04KCLV,KXNFLRSHYDS,KXNFLRSHYDS-26OCT04KCLV-KCKWALKER9-70,Kenneth Walker III: 70+ rushing yards,0.6400,0.6800,0.0000,0.00,0.00,active,2026-10-06T20:25:00Z,2026-10-01T13:50:16+00:00
KXNFLRSHYDS-26OCT04KCLV,KXNFLRSHYDS,KXNFLRSHYDS-26OCT04KCLV-KCPMAHOMES15-25,Patrick Mahomes: 25+ rushing yards,0.2800,0.3100,0.0000,0.00,0.00,active,2026-10-06T20:25:00Z,2026-10-01T13:50:16+00:00
KXNFLRSHYDS-26OCT04KCLV,KXNFLRSHYDS,KXNFLRSHYDS-26OCT04KCLV-LVMWASHINGTON4-50,Mike Washington Jr.: 50+ rushing yards,0.0400,0.0900,0.0000,0.00,0.00,active,2026-10-06T20:25:00Z,2026-10-01T13:50:16+00:00
KXNFLRSHYDS-26OCT04KCLV,KXNFLRSHYDS,KXNFLRSHYDS-26OCT04KCLV-KCPMAHOMES15-30,Patrick Mahomes: 30+ rushing yards,0.2100,0.2400,0.0000,0.00,0.00,active,2026-10-06T20:25:00Z,2026-10-01T13:50:16+00:00
KXNFLRSHYDS-26OCT04KCLV,KXNFLRSHYDS,KXNFLRSHYDS-26OCT04KCLV-KCPMAHOMES15-10,Patrick Mahomes: 10+ rushing yards,0.6300,0.6800,0.6900,43.32,43.32,active,2026-10-06T20:25:00Z,2026-10-01T13:50:16+00:00
KXNFLRSHYDS-26OCT04KCLV,KXNFLRSHYDS,KXNFLRSHYDS-26OCT04KCLV-KCKWALKER9-90,Kenneth Walker III: 90+ rushing yards,0.4700,0.4900,0.4900,535.27,524.61,active,2026-10-06T20:25:00Z,2026-10-01T13:50:16+00:00
KXNFLRSHYDS-26OCT04KCLV,KXNFLRSHYDS,KXNFLRSHYDS-26OCT04KCLV-LVMWASHINGTON4-20,Mike Washington Jr.: 20+ rushing yards,0.3900,0.4500,0.4400,466.21,466.21,active,2026-10-06T20:25:00Z,2026-10-01T13:50:16+00:00
KXNFLRSHYDS-26OCT04KCLV,KXNFLRSHYDS,KXNFLRSHYDS-26OCT04KCLV-LVMWASHINGTON4-25,Mike Washington Jr.: 25+ rushing yards,0.2800,0.3200,0.3000,7.00,7.00,active,2026-10-06T20:25:00Z,2026-10-01T13:50:16+00:00
KXNFLRSHYDS-26OCT04KCLV,KXNFLRSHYDS,KXNFLRSHYDS-26OCT04KCLV-LVMWASHINGTON4-10,Mike Washington Jr.: 10+ rushing yards,0.6100,0.7000,0.0000,0.00,0.00,active,2026-10-06T20:25:00Z,2026-10-01T13:50:16+00:00
KXNFLRSHYDS-26OCT04KCLV,KXNFLRSHYDS,KXNFLRSHYDS-26OCT04KCLV-KCEJOHNSON10-10,Emmett Johnson: 10+ rushing yards,0.6300,0.7200,0.0000,0.00,0.00,active,2026-10-06T20:25:00Z,2026-10-01T13:50:16+00:00
KXNFLRSHYDS-26OCT04KCLV,KXNFLRSHYDS,KXNFLRSHYDS-26OCT04KCLV-LVAJEANTY2-70,Ashton Jeanty: 70+ rushing yards,0.3600,0.3700,0.3700,19.70,19.70,active,2026-10-06T20:25:00Z,2026-10-01T13:50:16+00:00
KXNFLRSHYDS-26OCT04KCLV,KXNFLRSHYDS,KXNFLRSHYDS-26OCT04KCLV-KCPMAHOMES15-60,Patrick Mahomes: 60+ rushing yards,0.0200,0.0500,0.0500,30.00,30.00,active,2026-10-06T20:25:00Z,2026-10-01T13:50:16+00:00
KXNFLRSHYDS-26OCT04KCLV,KXNFLRSHYDS,KXNFLRSHYDS-26OCT04KCLV-LVMWASHINGTON4-60,Mike Washington Jr.: 60+ rushing yards,0.0200,0.0600,0.0000,0.00,0.00,active,2026-10-06T20:25:00Z,2026-10-01T13:50:16+00:00
KXNFLRSHYDS-26OCT04KCLV,KXNFLRSHYDS,KXNFLRSHYDS-26OCT04KCLV-LVAJEANTY2-80,Ashton Jeanty: 80+ rushing yards,0.2700,0.2900,0.3100,15.38,15.38,active,2026-10-06T20:25:00Z,2026-10-01T13:50:16+00:00
KXNFLRSHYDS-26OCT04KCLV,KXNFLRSHYDS,KXNFLRSHYDS-26OCT04KCLV-KCKWALKER9-110,Kenneth Walker III: 110+ rushing yards,0.2800,0.3200,0.0000,0.00,0.00,active,2026-10-06T20:25:00Z,2026-10-01T13:50:16+00:00
KXNFLRSHYDS-26OCT04LACSEA,KXNFLRSHYDS,KXNFLRSHYDS-26OCT04LACSEA-SEAJPRICE8-60,Jadarian Price: 60+ rushing yards,0.2400,0.2800,0.2700,7.17,7.17,active,2026-10-06T20:25:00Z,2026-10-01T13:50:16+00:00
KXNFLRSHYDS-26OCT04LACSEA,KXNFLRSHYDS,KXNFLRSHYDS-26OCT04LACSEA-SEAJPRICE8-30,Jadarian Price: 30+ rushing yards,0.6700,0.6800,0.6700,1.00,1.00,active,2026-10-06T20:25:00Z,2026-10-01T13:50:16+00:00
KXNFLRSHYDS-26OCT04LACSEA,KXNFLRSHYDS,KXNFLRSHYDS-26OCT04LACSEA-SEAJPRICE8-110,Jadarian Price: 110+ rushing yards,0.0200,0.0600,0.0500,18.75,18.75,active,2026-10-06T20:25:00Z,2026-10-01T13:50:16+00:00
KXNFLRSHYDS-26OCT04LACSEA,KXNFLRSHYDS,KXNFLRSHYDS-26OCT04LACSEA-SEAEWILSON23-25,Emanuel Wilson: 25+ rushing yards,0.7000,0.7500,0.0000,0.00,0.00,active,2026-10-06T20:25:00Z,2026-10-01T13:50:16+00:00
KXNFLRSHYDS-26OCT04LACSEA,KXNFLRSHYDS,KXNFLRSHYDS-26OCT04LACSEA-SEAJPRICE8-90,Jadarian Price: 90+ rushing yards,0.0300,0.0900,0.0900,10.44,10.44,active,2026-10-06T20:25:00Z,2026-10-01T13:50:16+00:00
KXNFLRSHYDS-26OCT04LACSEA,KXNFLRSHYDS,KXNFLRSHYDS-26OCT04LACSEA-LACOHAMPTON8-90,Omarion Hampton: 90+ rushing yards,0.0700,0.1200,0.0000,0.00,0.00,active,2026-10-06T20:25:00Z,2026-10-01T13:50:16+00:00
KXNFLRSHYDS-26OCT04LACSEA,KXNFLRSHYDS,KXNFLRSHYDS-26OCT04LACSEA-LACJHERBERT10-60,Justin Herbert: 60+ rushing yards,0.0200,0.0700,0.0000,0.00,0.00,active,2026-10-06T20:25:00Z,2026-10-01T13:50:16+00:00
KXNFLRSHYDS-26OCT04LACSEA,KXNFLRSHYDS,KXNFLRSHYDS-26OCT04LACSEA-SEAJPRICE8-40,Jadarian Price: 40+ rushing yards,0.5200,0.5400,0.5400,2359.50,2293.15,active,2026-10-06T20:25:00Z,2026-10-01T13:50:16+00:00
KXNFLRSHYDS-26OCT04LACSEA,KXNFLRSHYDS,KXNFLRSHYDS-26OCT04LACSEA-SEAJPRICE8-80,Jadarian Price: 80+ rushing yards,0.0600,0.1200,0.1200,7.84,7.84,active,2026-10-06T20:25:00Z,2026-10-01T13:50:16+00:00
KXNFLRSHYDS-26OCT04LACSEA,KXNFLRSHYDS,KXNFLRSHYDS-26OCT04LACSEA-SEAEWILSON23-80,Emanuel Wilson: 80+ rushing yards,0.0500,0.1300,0.0000,0.00,0.00,active,2026-10-06T20:25:00Z,2026-10-01T13:50:16+00:00
KXNFLRSHYDS-26OCT04LACSEA,KXNFLRSHYDS,KXNFLRSHYDS-26OCT04LACSEA-SEAEWILSON23-110,Emanuel Wilson: 110+ rushing yards,0.0100,0.0600,0.0000,0.00,0.00,active,2026-10-06T20:25:00Z,2026-10-01T13:50:16+00:00
KXNFLRSHYDS-26OCT04LACSEA,KXNFLRSHYDS,KXNFLRSHYDS-26OCT04LACSEA-SEAJPRICE8-50,Jadarian Price: 50+ rushing yards,0.3500,0.3900,0.3800,7.56,7.56,active,2026-10-06T20:25:00Z,2026-10-01T13:50:16+00:00
KXNFLRSHYDS-26OCT04LACSEA,KXNFLRSHYDS,KXNFLRSHYDS-26OCT04LACSEA-LACJHERBERT10-15,Justin Herbert: 15+ rushing yards,0.6400,0.6900,0.0000,0.00,0.00,active,2026-10-06T20:25:00Z,2026-10-01T13:50:16+00:00
KXNFLRSHYDS-26OCT04LACSEA,KXNFLRSHYDS,KXNFLRSHYDS-26OCT04LACSEA-LACJHERBERT10-25,Justin Herbert: 25+ rushing yards,0.4000,0.4500,0.0000,0.00,0.00,active,2026-10-06T20:25:00Z,2026-10-01T13:50:16+00:00
KXNFLRSHYDS-26OCT04LACSEA,KXNFLRSHYDS,KXNFLRSHYDS-26OCT04LACSEA-LACJHERBERT10-50,Justin Herbert: 50+ rushing yards,0.0400,0.1100,0.0000,0.00,0.00,active,2026-10-06T20:25:00Z,2026-10-01T13:50:16+00:00
KXNFLRSHYDS-26OCT04LACSEA,KXNFLRSHYDS,KXNFLRSHYDS-26OCT04LACSEA-LACJHERBERT10-30,Justin Herbert: 30+ rushing yards,0.3100,0.3500,0.0000,0.00,0.00,active,2026-10-06T20:25:00Z,2026-10-01T13:50:16+00:00
KXNFLRSHYDS-26OCT04LACSEA,KXNFLRSHYDS,KXNFLRSHYDS-26OCT04LACSEA-LACOHAMPTON8-100,Omarion Hampton: 100+ rushing yards,0.0400,0.0800,0.0000,0.00,0.00,active,2026-10-06T20:25:00Z,2026-10-01T13:50:16+00:00
KXNFLRSHYDS-26OCT04LACSEA,KXNFLRSHYDS,KXNFLRSHYDS-26OCT04LACSEA-SEAJPRICE8-70,Jadarian Price: 70+ rushing yards,0.1100,0.1900,0.1900,4.98,4.98,active,2026-10-06T20:25:00Z,2026-10-01T13:50:16+00:00
KXNFLRSHYDS-26OCT04LACSEA,KXNFLRSHYDS,KXNFLRSHYDS-26OCT04LACSEA-SEAJPRICE8-20,Jadarian Price: 20+ rushing yards,0.7800,0.8300,0.0000,0.00,0.00,active,2026-10-06T20:25:00Z,2026-10-01T13:50:16+00:00
KXNFLRSHYDS-26OCT04LACSEA,KXNFLRSHYDS,KXNFLRSHYDS-26OCT04LACSEA-SEAEWILSON23-100,Emanuel Wilson: 100+ rushing yards,0.0200,0.0700,0.0000,0.00,0.00,active,2026-10-06T20:25:00Z,2026-10-01T13:50:16+00:00
KXNFLRSHYDS-26OCT04LACSEA,KXNFLRSHYDS,KXNFLRSHYDS-26OCT04LACSEA-LACJHERBERT10-10,Justin Herbert: 10+ rushing yards,0.7500,0.8100,0.0000,0.00,0.00,active,2026-10-06T20:25:00Z,2026-10-01T13:50:16+00:00
KXNFLRSHYDS-26OCT04LACSEA,KXNFLRSHYDS,KXNFLRSHYDS-26OCT04LACSEA-LACOHAMPTON8-70,Omarion Hampton: 70+ rushing yards,0.2100,0.2400,0.2200,6.31,6.31,active,2026-10-06T20:25:00Z,2026-10-01T13:50:16+00:00
KXNFLRSHYDS-26OCT04LACSEA,KXNFLRSHYDS,KXNFLRSHYDS-26OCT04LACSEA-LACOHAMPTON8-110,Omarion Hampton: 110+ rushing yards,0.0200,0.0800,0.0000,0.00,0.00,active,2026-10-06T20:25:00Z,2026-10-01T13:50:16+00:00
KXNFLRSHYDS-26OCT04LACSEA,KXNFLRSHYDS,KXNFLRSHYDS-26OCT04LACSEA-SEAEWILSON23-90,Emanuel Wilson: 90+ rushing yards,0.0300,0.1000,0.0000,0.00,0.00,active,2026-10-06T20:25:00Z,2026-10-01T13:50:16+00:00
KXNFLRSHYDS-26OCT04LACSEA,KXNFLRSHYDS,KXNFLRSHYDS-26OCT04LACSEA-SEAEWILSON23-70,Emanuel Wilson: 70+ rushing yards,0.1000,0.1900,0.0000,0.00,0.00,active,2026-10-06T20:25:00Z,2026-10-01T13:50:16+00:00
KXNFLRSHYDS-26OCT04LACSEA,KXNFLRSHYDS,KXNFLRSHYDS-26OCT04LACSEA-LACOHAMPTON8-25,Omarion Hampton: 25+ rushing yards,0.7900,0.8300,0.0000,0.00,0.00,active,2026-10-06T20:25:00Z,2026-10-01T13:50:16+00:00
KXNFLRSHYDS-26OCT04LACSEA,KXNFLRSHYDS,KXNFLRSHYDS-26OCT04LACSEA-LACOHAMPTON8-30,Omarion Hampton: 30+ rushing yards,0.7200,0.7600,0.0000,0.00,0.00,active,2026-10-06T20:25:00Z,2026-10-01T13:50:16+00:00
KXNFLRSHYDS-26OCT04LACSEA,KXNFLRSHYDS,KXNFLRSHYDS-26OCT04LACSEA-LACOHAMPTON8-60,Omarion Hampton: 60+ rushing yards,0.3100,0.3400,0.0000,0.00,0.00,active,2026-10-06T20:25:00Z,2026-10-01T13:50:16+00:00
KXNFLRSHYDS-26OCT04LACSEA,KXNFLRSHYDS,KXNFLRSHYDS-26OCT04LACSEA-SEAJPRICE8-25,Jadarian Price: 25+ rushing yards,0.7200,0.7600,0.0000,0.00,0.00,active,2026-10-06T20:25:00Z,2026-10-01T13:50:16+00:00
KXNFLRSHYDS-26OCT04LACSEA,KXNFLRSHYDS,KXNFLRSHYDS-26OCT04LACSEA-LACOHAMPTON8-50,Omarion Hampton: 50+ rushing yards,0.4400,0.4500,0.4300,1278.48,1228.48,active,2026-10-06T20:25:00Z,2026-10-01T13:50:16+00:00
KXNFLRSHYDS-26OCT04LACSEA,KXNFLRSHYDS,KXNFLRSHYDS-26OCT04LACSEA-LACOHAMPTON8-80,Omarion Hampton: 80+ rushing yards,0.1200,0.1600,0.1800,275.42,275.42,active,2026-10-06T20:25:00Z,2026-10-01T13:50:16+00:00
KXNFLRSHYDS-26OCT04LACSEA,KXNFLRSHYDS,KXNFLRSHYDS-26OCT04LACSEA-SEAEWILSON23-20,Emanuel Wilson: 20+ rushing yards,0.7300,0.7900,0.7800,418.00,418.00,active,2026-10-06T20:25:00Z,2026-10-01T13:50:16+00:00
KXNFLRSHYDS-26OCT04LACSEA,KXNFLRSHYDS,KXNFLRSHYDS-26OCT04LACSEA-LACOHAMPTON8-40,Omarion Hampton: 40+ rushing yards,0.5700,0.6000,0.6100,16.74,16.74,active,2026-10-06T20:25:00Z,2026-10-01T13:50:16+00:00
KXNFLRSHYDS-26OCT04LACSEA,KXNFLRSHYDS,KXNFLRSHYDS-26OCT04LACSEA-SEAEWILSON23-30,Emanuel Wilson: 30+ rushing yards,0.6300,0.6700,0.6700,144.72,144.72,active,2026-10-06T20:25:00Z,2026-10-01T13:50:16+00:00
KXNFLRSHYDS-26OCT04LACSEA,KXNFLRSHYDS,KXNFLRSHYDS-26OCT04LACSEA-LACJHERBERT10-20,Justin Herbert: 20+ rushing yards,0.5300,0.5700,0.0000,0.00,0.00,active,2026-10-06T20:25:00Z,2026-10-01T13:50:16+00:00
KXNFLRSHYDS-26OCT04LACSEA,KXNFLRSHYDS,KXNFLRSHYDS-26OCT04LACSEA-SEAJPRICE8-100,Jadarian Price: 100+ rushing yards,0.0200,0.0800,0.0700,13.41,13.41,active,2026-10-06T20:25:00Z,2026-10-01T13:50:16+00:00
KXNFLRSHYDS-26OCT04LACSEA,KXNFLRSHYDS,KXNFLRSHYDS-26OCT04LACSEA-SEAEWILSON23-40,Emanuel Wilson: 40+ rushing yards,0.4500,0.4700,0.4600,705.69,705.69,active,2026-10-06T20:25:00Z,2026-10-01T13:50:16+00:00
KXNFLRSHYDS-26OCT04LACSEA,KXNFLRSHYDS,KXNFLRSHYDS-26OCT04LACSEA-SEAEWILSON23-60,Emanuel Wilson: 60+ rushing yards,0.2200,0.2600,0.2500,537.53,537.53,active,2026-10-06T20:25:00Z,2026-10-01T13:50:16+00:00
KXNFLRSHYDS-26OCT04LACSEA,KXNFLRSHYDS,KXNFLRSHYDS-26OCT04LACSEA-LACJHERBERT10-40,Justin Herbert: 40+ rushing yards,0.1600,0.2000,0.2000,236.74,236.74,active,2026-10-06T20:25:00Z,2026-10-01T13:50:16+00:00
KXNFLRSHYDS-26OCT04LACSEA,KXNFLRSHYDS,KXNFLRSHYDS-26OCT04LACSEA-SEAEWILSON23-50,Emanuel Wilson: 50+ rushing yards,0.3300,0.3600,0.0000,0.00,0.00,active,2026-10-06T20:25:00Z,2026-10-01T13:50:16+00:00
KXNFLRSHYDS-26OCT04LARPHI,KXNFLRSHYDS,KXNFLRSHYDS-26OCT04LARPHI-PHIJHURTS1-50,Jalen Hurts: 50+ rushing yards,0.1200,0.1500,0.0000,0.00,0.00,active,2026-10-06T17:00:00Z,2026-10-01T13:50:16+00:00
KXNFLRSHYDS-26OCT04LARPHI,KXNFLRSHYDS,KXNFLRSHYDS-26OCT04LARPHI-PHISBARKLEY26-160,Saquon Barkley: 160+ rushing yards,0.0200,0.0600,0.0000,0.00,0.00,active,2026-10-06T17:00:00Z,2026-10-01T13:50:16+00:00
KXNFLRSHYDS-26OCT04LARPHI,KXNFLRSHYDS,KXNFLRSHYDS-26OCT04LARPHI-LARKWILLIAMS23-60,Kyren Williams: 60+ rushing yards,0.4400,0.4700,0.4700,291.88,291.88,active,2026-10-06T17:00:00Z,2026-10-01T13:50:16+00:00
KXNFLRSHYDS-26OCT04LARPHI,KXNFLRSHYDS,KXNFLRSHYDS-26OCT04LARPHI-LARKWILLIAMS23-100,Kyren Williams: 100+ rushing yards,0.0900,0.1400,0.0000,0.00,0.00,active,2026-10-06T17:00:00Z,2026-10-01T13:50:16+00:00
KXNFLRSHYDS-26OCT04LARPHI,KXNFLRSHYDS,KXNFLRSHYDS-26OCT04LARPHI-PHISBARKLEY26-100,Saquon Barkley: 100+ rushing yards,0.2800,0.3000,0.0000,0.00,0.00,active,2026-10-06T17:00:00Z,2026-10-01T13:50:16+00:00
KXNFLRSHYDS-26OCT04LARPHI,KXNFLRSHYDS,KXNFLRSHYDS-26OCT04LARPHI-LARKWILLIAMS23-110,Kyren Williams: 110+ rushing yards,0.0600,0.1000,0.0000,0.00,0.00,active,2026-10-06T17:00:00Z,2026-10-01T13:50:16+00:00
KXNFLRSHYDS-26OCT04LARPHI,KXNFLRSHYDS,KXNFLRSHYDS-26OCT04LARPHI-PHIJHURTS1-40,Jalen Hurts: 40+ rushing yards,0.2200,0.2500,0.0000,0.00,0.00,active,2026-10-06T17:00:00Z,2026-10-01T13:50:16+00:00
KXNFLRSHYDS-26OCT04LARPHI,KXNFLRSHYDS,KXNFLRSHYDS-26OCT04LARPHI-PHISBARKLEY26-50,Saquon Barkley: 50+ rushing yards,0.7400,0.8000,0.0000,0.00,0.00,active,2026-10-06T17:00:00Z,2026-10-01T13:50:16+00:00
KXNFLRSHYDS-26OCT04LARPHI,KXNFLRSHYDS,KXNFLRSHYDS-26OCT04LARPHI-PHIJHURTS1-15,Jalen Hurts: 15+ rushing yards,0.7100,0.7400,0.0000,0.00,0.00,active,2026-10-06T17:00:00Z,2026-10-01T13:50:16+00:00
KXNFLRSHYDS-26OCT04LARPHI,KXNFLRSHYDS,KXNFLRSHYDS-26OCT04LARPHI-LARBCORUM24-70,Blake Corum: 70+ rushing yards,0.1400,0.1800,0.0000,0.00,0.00,active,2026-10-06T17:00:00Z,2026-10-01T13:50:16+00:00
KXNFLRSHYDS-26OCT04LARPHI,KXNFLRSHYDS,KXNFLRSHYDS-26OCT04LARPHI-PHISBARKLEY26-60,Saquon Barkley: 60+ rushing yards,0.6700,0.7100,0.0000,0.00,0.00,active,2026-10-06T17:00:00Z,2026-10-01T13:50:16+00:00
KXNFLRSHYDS-26OCT04LARPHI,KXNFLRSHYDS,KXNFLRSHYDS-26OCT04LARPHI-LARMSTAFFORD9-10,Matthew Stafford: 10+ rushing yards,0.2000,0.2200,0.0000,0.00,0.00,active,2026-10-06T17:00:00Z,2026-10-01T13:50:16+00:00
KXNFLRSHYDS-26OCT04LARPHI,KXNFLRSHYDS,KXNFLRSHYDS-26OCT04LARPHI-LARMSTAFFORD9-25,Matthew Stafford: 25+ rushing yards,0.0300,0.0700,0.0000,0.00,0.00,active,2026-10-06T17:00:00Z,2026-10-01T13:50:16+00:00
KXNFLRSHYDS-26OCT04LARPHI,KXNFLRSHYDS,KXNFLRSHYDS-26OCT04LARPHI-LARBCORUM24-20,Blake Corum: 20+ rushing yards,0.8000,0.8400,0.0000,0.00,0.00,active,2026-10-06T17:00:00Z,2026-10-01T13:50:16+00:00
KXNFLRSHYDS-26OCT04LARPHI,KXNFLRSHYDS,KXNFLRSHYDS-26OCT04LARPHI-PHISBARKLEY26-130,Saquon Barkley: 130+ rushing yards,0.1100,0.1300,0.0000,0.00,0.00,active,2026-10-06T17:00:00Z,2026-10-01T13:50:16+00:00
KXNFLRSHYDS-26OCT04LARPHI,KXNFLRSHYDS,KXNFLRSHYDS-26OCT04LARPHI-LARBCORUM24-40,Blake Corum: 40+ rushing yards,0.5000,0.5200,0.0000,0.00,0.00,active,2026-10-06T17:00:00Z,2026-10-01T13:50:16+00:00
KXNFLRSHYDS-26OCT04LARPHI,KXNFLRSHYDS,KXNFLRSHYDS-26OCT04LARPHI-PHISBARKLEY26-140,Saquon Barkley: 140+ rushing yards,0.0700,0.1000,0.0000,0.00,0.00,active,2026-10-06T17:00:00Z,2026-10-01T13:50:16+00:00
KXNFLRSHYDS-26OCT04LARPHI,KXNFLRSHYDS,KXNFLRSHYDS-26OCT04LARPHI-LARKWILLIAMS23-120,Kyren Williams: 120+ rushing yards,0.0300,0.0800,0.0000,0.00,0.00,active,2026-10-06T17:00:00Z,2026-10-01T13:50:16+00:00
KXNFLRSHYDS-26OCT04LARPHI,KXNFLRSHYDS,KXNFLRSHYDS-26OCT04LARPHI-PHISBARKLEY26-110,Saquon Barkley: 110+ rushing yards,0.2100,0.2300,0.0000,0.00,0.00,active,2026-10-06T17:00:00Z,2026-10-01T13:50:16+00:00
KXNFLRSHYDS-26OCT04LARPHI,KXNFLRSHYDS,KXNFLRSHYDS-26OCT04LARPHI-PHISBARKLEY26-90,Saquon Barkley: 90+ rushing yards,0.3600,0.3800,0.4100,23.23,23.23,active,2026-10-06T17:00:00Z,2026-10-01T13:50:16+00:00
KXNFLRSHYDS-26OCT04LARPHI,KXNFLRSHYDS,KXNFLRSHYDS-26OCT04LARPHI-PHISBARKLEY26-150,Saquon Barkley: 150+ rushing yards,0.0400,0.0900,0.0000,0.00,0.00,active,2026-10-06T17:00:00Z,2026-10-01T13:50:16+00:00
KXNFLRSHYDS-26OCT04LARPHI,KXNFLRSHYDS,KXNFLRSHYDS-26OCT04LARPHI-LARKWILLIAMS23-30,Kyren Williams: 30+ rushing yards,0.8000,0.8600,0.0000,0.00,0.00,active,2026-10-06T17:00:00Z,2026-10-01T13:50:16+00:00
KXNFLRSHYDS-26OCT04LARPHI,KXNFLRSHYDS,KXNFLRSHYDS-26OCT04LARPHI-PHISBARKLEY26-70,Saquon Barkley: 70+ rushing yards,0.5700,0.6000,0.0000,0.00,0.00,active,2026-10-06T17:00:00Z,2026-10-01T13:50:16+00:00
KXNFLRSHYDS-26OCT04LARPHI,KXNFLRSHYDS,KXNFLRSHYDS-26OCT04LARPHI-LARBCORUM24-60,Blake Corum: 60+ rushing yards,0.2300,0.2600,0.0000,0.00,0.00,active,2026-10-06T17:00:00Z,2026-10-01T13:50:16+00:00
KXNFLRSHYDS-26OCT04LARPHI,KXNFLRSHYDS,KXNFLRSHYDS-26OCT04LARPHI-LARMSTAFFORD9-20,Matthew Stafford: 20+ rushing yards,0.0600,0.1000,0.0000,0.00,0.00,active,2026-10-06T17:00:00Z,2026-10-01T13:50:16+00:00
KXNFLRSHYDS-26OCT04LARPHI,KXNFLRSHYDS,KXNFLRSHYDS-26OCT04LARPHI-PHISBARKLEY26-120,Saquon Barkley: 120+ rushing yards,0.1500,0.1700,0.1900,49.80,49.80,active,2026-10-06T17:00:00Z,2026-10-01T13:50:16+00:00
KXNFLRSHYDS-26OCT04LARPHI,KXNFLRSHYDS,KXNFLRSHYDS-26OCT04LARPHI-PHIJHURTS1-25,Jalen Hurts: 25+ rushing yards,0.4800,0.5200,0.5200,56.65,47.18,active,2026-10-06T17:00:00Z,2026-10-01T13:50:16+00:00
KXNFLRSHYDS-26OCT04LARPHI,KXNFLRSHYDS,KXNFLRSHYDS-26OCT04LARPHI-LARKWILLIAMS23-40,Kyren Williams: 40+ rushing yards,0.7200,0.7400,0.7300,52.01,52.01,active,2026-10-06T17:00:00Z,2026-10-01T13:50:16+00:00
KXNFLRSHYDS-26OCT04LARPHI,KXNFLRSHYDS,KXNFLRSHYDS-26OCT04LARPHI-LARBCORUM24-50,Blake Corum: 50+ rushing yards,0.3500,0.3700,0.0000,0.00,0.00,active,2026-10-06T17:00:00Z,2026-10-01T13:50:16+00:00
KXNFLRSHYDS-26OCT04LARPHI,KXNFLRSHYDS,KXNFLRSHYDS-26OCT04LARPHI-LARKWILLIAMS23-80,Kyren Williams: 80+ rushing yards,0.2400,0.2700,0.2500,1.00,1.00,active,2026-10-06T17:00:00Z,2026-10-01T13:50:16+00:00
KXNFLRSHYDS-26OCT04LARPHI,KXNFLRSHYDS,KXNFLRSHYDS-26OCT04LARPHI-LARMSTAFFORD9-15,Matthew Stafford: 15+ rushing yards,0.1000,0.1300,0.0000,0.00,0.00,active,2026-10-06T17:00:00Z,2026-10-01T13:50:16+00:00
KXNFLRSHYDS-26OCT04LARPHI,KXNFLRSHYDS,KXNFLRSHYDS-26OCT04LARPHI-PHISBARKLEY26-80,Saquon Barkley: 80+ rushing yards,0.4600,0.4900,0.4800,802.96,802.96,active,2026-10-06T17:00:00Z,2026-10-01T13:50:16+00:00
KXNFLRSHYDS-26OCT04LARPHI,KXNFLRSHYDS,KXNFLRSHYDS-26OCT04LARPHI-LARKWILLIAMS23-90,Kyren Williams: 90+ rushing yards,0.1500,0.1900,0.1900,216.78,216.78,active,2026-10-06T17:00:00Z,2026-10-01T13:50:16+00:00
KXNFLRSHYDS-26OCT04LARPHI,KXNFLRSHYDS,KXNFLRSHYDS-26OCT04LARPHI-LARKWILLIAMS23-70,Kyren Williams: 70+ rushing yards,0.3300,0.3600,0.0000,0.00,0.00,active,2026-10-06T17:00:00Z,2026-10-01T13:50:16+00:00
KXNFLRSHYDS-26OCT04LARPHI,KXNFLRSHYDS,KXNFLRSHYDS-26OCT04LARPHI-PHIJHURTS1-20,Jalen Hurts: 20+ rushing yards,0.5900,0.6300,0.0000,0.00,0.00,active,2026-10-06T17:00:00Z,2026-10-01T13:50:16+00:00
KXNFLRSHYDS-26OCT04LARPHI,KXNFLRSHYDS,KXNFLRSHYDS-26OCT04LARPHI-LARBCORUM24-90,Blake Corum: 90+ rushing yards,0.0500,0.0900,0.0000,0.00,0.00,active,2026-10-06T17:00:00Z,2026-10-01T13:50:16+00:00
KXNFLRSHYDS-26OCT04LARPHI,KXNFLRSHYDS,KXNFLRSHYDS-26OCT04LARPHI-LARBCORUM24-80,Blake Corum: 80+ rushing yards,0.0800,0.1200,0.0000,0.00,0.00,active,2026-10-06T17:00:00Z,2026-10-01T13:50:16+00:00
KXNFLRSHYDS-26OCT04LARPHI,KXNFLRSHYDS,KXNFLRSHYDS-26OCT04LARPHI-PHIJHURTS1-30,Jalen Hurts: 30+ rushing yards,0.3700,0.4100,0.0000,0.00,0.00,active,2026-10-06T17:00:00Z,2026-10-01T13:50:16+00:00
KXNFLRSHYDS-26OCT04LARPHI,KXNFLRSHYDS,KXNFLRSHYDS-26OCT04LARPHI-LARBCORUM24-25,Blake Corum: 25+ rushing yards,0.7400,0.7700,0.0000,0.00,0.00,active,2026-10-06T17:00:00Z,2026-10-01T13:50:16+00:00
KXNFLRSHYDS-26OCT04LARPHI,KXNFLRSHYDS,KXNFLRSHYDS-26OCT04LARPHI-LARBCORUM24-30,Blake Corum: 30+ rushing yards,0.6600,0.6900,0.0000,0.00,0.00,active,2026-10-06T17:00:00Z,2026-10-01T13:50:16+00:00
KXNFLRSHYDS-26OCT04LARPHI,KXNFLRSHYDS,KXNFLRSHYDS-26OCT04LARPHI-PHIJHURTS1-10,Jalen Hurts: 10+ rushing yards,0.8100,0.8400,0.0000,0.00,0.00,active,2026-10-06T17:00:00Z,2026-10-01T13:50:16+00:00
KXNFLRSHYDS-26OCT04LARPHI,KXNFLRSHYDS,KXNFLRSHYDS-26OCT04LARPHI-LARKWILLIAMS23-50,Kyren Williams: 50+ rushing yards,0.5700,0.6200,0.6100,1.99,1.99,active,2026-10-06T17:00:00Z,2026-10-01T13:50:16+00:00
KXNFLRSHYDS-26OCT04LARPHI,KXNFLRSHYDS,KXNFLRSHYDS-26OCT04LARPHI-PHIJHURTS1-60,Jalen Hurts: 60+ rushing yards,0.0300,0.1000,0.0000,0.00,0.00,active,2026-10-06T17:00:00Z,2026-10-01T13:50:16+00:00
KXNFLRSHYDS-26OCT04LARPHI,KXNFLRSHYDS,KXNFLRSHYDS-26OCT04LARPHI-PHIJHURTS1-70,Jalen Hurts: 70+ rushing yards,0.0100,0.0700,0.0000,0.00,0.00,active,2026-10-06T17:00:00Z,2026-10-01T13:50:16+00:00
KXNFLRSHYDS-26OCT04LARPHI,KXNFLRSHYDS,KXNFLRSHYDS-26OCT04LARPHI-LARBCORUM24-100,Blake Corum: 100+ rushing yards,0.0200,0.0600,0.0000,0.00,0.00,active,2026-10-06T17:00:00Z,2026-10-01T13:50:16+00:00
KXNFLRSHYDS-26OCT04MIAMIN,KXNFLRSHYDS,KXNFLRSHYDS-26OCT04MIAMIN-MINKMURRAY1-50,Kyler Murray: 50+ rushing yards,0.0600,0.1000,0.0000,0.00,0.00,active,2026-10-06T20:05:00Z,2026-10-01T13:50:16+00:00
KXNFLRSHYDS-26OCT04MIAMIN,KXNFLRSHYDS,KXNFLRSHYDS-26OCT04MIAMIN-MIAMWASHINGTON6-25,Malik Washington: 25+ rushing yards,0.0600,0.1000,0.0000,0.00,0.00,active,2026-10-06T20:05:00Z,2026-10-01T13:50:16+00:00
KXNFLRSHYDS-26OCT04MIAMIN,KXNFLRSHYDS,KXNFLRSHYDS-26OCT04MIAMIN-MIAOGORDON0-90,Ollie Gordon II: 90+ rushing yards,0.0200,0.0800,0.0000,0.00,0.00,active,2026-10-06T20:05:00Z,2026-10-01T13:50:16+00:00
KXNFLRSHYDS-26OCT04MIAMIN,KXNFLRSHYDS,KXNFLRSHYDS-26OCT04MIAMIN-MINAJONES33-110,Aaron Jones Sr.: 110+ rushing yards,0.1100,0.1500,0.0000,0.00,0.00,active,2026-10-06T20:05:00Z,2026-10-01T13:50:16+00:00
KXNFLRSHYDS-26OCT04MIAMIN,KXNFLRSHYDS,KXNFLRSHYDS-26OCT04MIAMIN-MIAOGORDON0-40,Ollie Gordon II: 40+ rushing yards,0.3100,0.3600,0.3700,431.66,431.66,active,2026-10-06T20:05:00Z,2026-10-01T13:50:16+00:00
KXNFLRSHYDS-26OCT04MIAMIN,KXNFLRSHYDS,KXNFLRSHYDS-26OCT04MIAMIN-MIAMWILLIS2-80,Malik Willis: 80+ rushing yards,0.0200,0.0700,0.0000,0.00,0.00,active,2026-10-06T20:05:00Z,2026-10-01T13:50:16+00:00
KXNFLRSHYDS-26OCT04MIAMIN,KXNFLRSHYDS,KXNFLRSHYDS-26OCT04MIAMIN-MIAMWILLIS2-50,Malik Willis: 50+ rushing yards,0.1800,0.2100,0.0000,0.00,0.00,active,2026-10-06T20:05:00Z,2026-10-01T13:50:16+00:00
KXNFLRSHYDS-26OCT04MIAMIN,KXNFLRSHYDS,KXNFLRSHYDS-26OCT04MIAMIN-MIAMWILLIS2-60,Malik Willis: 60+ rushing yards,0.0900,0.1200,0.1300,8.00,8.00,active,2026-10-06T20:05:00Z,2026-10-01T13:50:16+00:00
KXNFLRSHYDS-26OCT04MIAMIN,KXNFLRSHYDS,KXNFLRSHYDS-26OCT04MIAMIN-MIAMWASHINGTON6-30,Malik Washington: 30+ rushing yards,0.0400,0.0700,0.0000,0.00,0.00,active,2026-10-06T20:05:00Z,2026-10-01T13:50:16+00:00
KXNFLRSHYDS-26OCT04MIAMIN,KXNFLRSHYDS,KXNFLRSHYDS-26OCT04MIAMIN-MINAJONES33-140,Aaron Jones Sr.: 140+ rushing yards,0.0500,0.0700,0.0000,0.00,0.00,active,2026-10-06T20:05:00Z,2026-10-01T13:50:16+00:00
KXNFLRSHYDS-26OCT04MIAMIN,KXNFLRSHYDS,KXNFLRSHYDS-26OCT04MIAMIN-MIAMWILLIS2-30,Malik Willis: 30+ rushing yards,0.4900,0.5000,0.4900,797.91,797.91,active,2026-10-06T20:05:00Z,2026-10-01T13:50:16+00:00
KXNFLRSHYDS-26OCT04MIAMIN,KXNFLRSHYDS,KXNFLRSHYDS-26OCT04MIAMIN-MIAOGORDON0-70,Ollie Gordon II: 70+ rushing yards,0.0700,0.1300,0.0000,0.00,0.00,active,2026-10-06T20:05:00Z,2026-10-01T13:50:16+00:00
KXNFLRSHYDS-26OCT04MIAMIN,KXNFLRSHYDS,KXNFLRSHYDS-26OCT04MIAMIN-MINAJONES33-70,Aaron Jones Sr.: 70+ rushing yards,0.4600,0.4900,0.4900,49.49,49.49,active,2026-10-06T20:05:00Z,2026-10-01T13:50:16+00:00
KXNFLRSHYDS-26OCT04MIAMIN,KXNFLRSHYDS,KXNFLRSHYDS-26OCT04MIAMIN-MIAMWILLIS2-70,Malik Willis: 70+ rushing yards,0.0400,0.0800,0.0000,0.00,0.00,active,2026-10-06T20:05:00Z,2026-10-01T13:50:16+00:00
KXNFLRSHYDS-26OCT04MIAMIN,KXNFLRSHYDS,KXNFLRSHYDS-26OCT04MIAMIN-MIAOGORDON0-20,Ollie Gordon II: 20+ rushing yards,0.6200,0.6900,0.0000,0.00,0.00,active,2026-10-06T20:05:00Z,2026-10-01T13:50:16+00:00
KXNFLRSHYDS-26OCT04MIAMIN,KXNFLRSHYDS,KXNFLRSHYDS-26OCT04MIAMIN-MIAOGORDON0-15,Ollie Gordon II: 15+ rushing yards,0.7200,0.7700,0.0000,0.00,0.00,active,2026-10-06T20:05:00Z,2026-10-01T13:50:16+00:00
KXNFLRSHYDS-26OCT04MIAMIN,KXNFLRSHYDS,KXNFLRSHYDS-26OCT04MIAMIN-MIAOGORDON0-25,Ollie Gordon II: 25+ rushing yards,0.5500,0.6000,0.6000,64.89,64.89,active,2026-10-06T20:05:00Z,2026-10-01T13:50:16+00:00
KXNFLRSHYDS-26OCT04MIAMIN,KXNFLRSHYDS,KXNFLRSHYDS-26OCT04MIAMIN-MIAMWASHINGTON6-15,Malik Washington: 15+ rushing yards,0.1800,0.2100,0.0000,0.00,0.00,active,2026-10-06T20:05:00Z,2026-10-01T13:50:16+00:00
KXNFLRSHYDS-26OCT04MIAMIN,KXNFLRSHYDS,KXNFLRSHYDS-26OCT04MIAMIN-MIAMWILLIS2-15,Malik Willis: 15+ rushing yards,0.7600,0.8100,0.0000,0.00,0.00,active,2026-10-06T20:05:00Z,2026-10-01T13:50:16+00:00
KXNFLRSHYDS-26OCT04MIAMIN,KXNFLRSHYDS,KXNFLRSHYDS-26OCT04MIAMIN-MINKMURRAY1-25,Kyler Murray: 25+ rushing yards,0.3800,0.4000,0.0000,0.00,0.00,active,2026-10-06T20:05:00Z,2026-10-01T13:50:16+00:00
KXNFLRSHYDS-26OCT04MIAMIN,KXNFLRSHYDS,KXNFLRSHYDS-26OCT04MIAMIN-MINKMURRAY1-30,Kyler Murray: 30+ rushing yards,0.2800,0.3000,0.0000,0.00,0.00,active,2026-10-06T20:05:00Z,2026-10-01T13:50:16+00:00
KXNFLRSHYDS-26OCT04MIAMIN,KXNFLRSHYDS,KXNFLRSHYDS-26OCT04MIAMIN-MINAJONES33-120,Aaron Jones Sr.: 120+ rushing yards,0.0700,0.1100,0.0000,0.00,0.00,active,2026-10-06T20:05:00Z,2026-10-01T13:50:16+00:00
KXNFLRSHYDS-26OCT04MIAMIN,KXNFLRSHYDS,KXNFLRSHYDS-26OCT04MIAMIN-MINAJONES33-130,Aaron Jones Sr.: 130+ rushing yards,0.0400,0.0900,0.0000,0.00,0.00,active,2026-10-06T20:05:00Z,2026-10-01T13:50:16+00:00
KXNFLRSHYDS-26OCT04MIAMIN,KXNFLRSHYDS,KXNFLRSHYDS-26OCT04MIAMIN-MIAMWASHINGTON6-20,Malik Washington: 20+ rushing yards,0.1100,0.1400,0.0000,0.00,0.00,active,2026-10-06T20:05:00Z,2026-10-01T13:50:16+00:00
KXNFLRSHYDS-26OCT04MIAMIN,KXNFLRSHYDS,KXNFLRSHYDS-26OCT04MIAMIN-MIAMWASHINGTON6-10,Malik Washington: 10+ rushing yards,0.3300,0.3400,0.0000,0.00,0.00,active,2026-10-06T20:05:00Z,2026-10-01T13:50:16+00:00
KXNFLRSHYDS-26OCT04MIAMIN,KXNFLRSHYDS,KXNFLRSHYDS-26OCT04MIAMIN-MINAJONES33-40,Aaron Jones Sr.: 40+ rushing yards,0.7800,0.8300,0.0000,0.00,0.00,active,2026-10-06T20:05:00Z,2026-10-01T13:50:16+00:00
KXNFLRSHYDS-26OCT04MIAMIN,KXNFLRSHYDS,KXNFLRSHYDS-26OCT04MIAMIN-MIAOGORDON0-30,Ollie Gordon II: 30+ rushing yards,0.5100,0.5200,0.5200,2401.26,2401.26,active,2026-10-06T20:05:00Z,2026-10-01T13:50:16+00:00
KXNFLRSHYDS-26OCT04MIAMIN,KXNFLRSHYDS,KXNFLRSHYDS-26OCT04MIAMIN-MIAMWILLIS2-25,Malik Willis: 25+ rushing yards,0.5600,0.6100,0.0000,0.00,0.00,active,2026-10-06T20:05:00Z,2026-10-01T13:50:16+00:00
KXNFLRSHYDS-26OCT04MIAMIN,KXNFLRSHYDS,KXNFLRSHYDS-26OCT04MIAMIN-MIAOGORDON0-80,Ollie Gordon II: 80+ rushing yards,0.0300,0.1000,0.0000,0.00,0.00,active,2026-10-06T20:05:00Z,2026-10-01T13:50:16+00:00
KXNFLRSHYDS-26OCT04MIAMIN,KXNFLRSHYDS,KXNFLRSHYDS-26OCT04MIAMIN-MIAMWILLIS2-20,Malik Willis: 20+ rushing yards,0.6600,0.7100,0.0000,0.00,0.00,active,2026-10-06T20:05:00Z,2026-10-01T13:50:16+00:00
KXNFLRSHYDS-26OCT04MIAMIN,KXNFLRSHYDS,KXNFLRSHYDS-26OCT04MIAMIN-MIAMWILLIS2-40,Malik Willis: 40+ rushing yards,0.3100,0.3300,0.0000,0.00,0.00,active,2026-10-06T20:05:00Z,2026-10-01T13:50:16+00:00
KXNFLRSHYDS-26OCT04MIAMIN,KXNFLRSHYDS,KXNFLRSHYDS-26OCT04MIAMIN-MINAJONES33-60,Aaron Jones Sr.: 60+ rushing yards,0.5600,0.6000,0.0000,0.00,0.00,active,2026-10-06T20:05:00Z,2026-10-01T13:50:16+00:00
KXNFLRSHYDS-26OCT04MIAMIN,KXNFLRSHYDS,KXNFLRSHYDS-26OCT04MIAMIN-MINAJONES33-50,Aaron Jones Sr.: 50+ rushing yards,0.6800,0.7200,0.0000,0.00,0.00,active,2026-10-06T20:05:00Z,2026-10-01T13:50:16+00:00
KXNFLRSHYDS-26OCT04MIAMIN,KXNFLRSHYDS,KXNFLRSHYDS-26OCT04MIAMIN-MINKMURRAY1-40,Kyler Murray: 40+ rushing yards,0.1500,0.1700,0.0000,0.00,0.00,active,2026-10-06T20:05:00Z,2026-10-01T13:50:16+00:00
KXNFLRSHYDS-26OCT04MIAMIN,KXNFLRSHYDS,KXNFLRSHYDS-26OCT04MIAMIN-MIAOGORDON0-50,Ollie Gordon II: 50+ rushing yards,0.1900,0.2600,0.2100,21.08,21.08,active,2026-10-06T20:05:00Z,2026-10-01T13:50:16+00:00
KXNFLRSHYDS-26OCT04MIAMIN,KXNFLRSHYDS,KXNFLRSHYDS-26OCT04MIAMIN-MINAJONES33-90,Aaron Jones Sr.: 90+ rushing yards,0.2400,0.2900,0.0000,0.00,0.00,active,2026-10-06T20:05:00Z,2026-10-01T13:50:16+00:00
KXNFLRSHYDS-26OCT04MIAMIN,KXNFLRSHYDS,KXNFLRSHYDS-26OCT04MIAMIN-MINKMURRAY1-15,Kyler Murray: 15+ rushing yards,0.6100,0.6500,0.6100,577.84,577.84,active,2026-10-06T20:05:00Z,2026-10-01T13:50:16+00:00
KXNFLRSHYDS-26OCT04MIAMIN,KXNFLRSHYDS,KXNFLRSHYDS-26OCT04MIAMIN-MINKMURRAY1-20,Kyler Murray: 20+ rushing yards,0.4900,0.5300,0.0000,0.00,0.00,active,2026-10-06T20:05:00Z,2026-10-01T13:50:16+00:00
KXNFLRSHYDS-26OCT04MIAMIN,KXNFLRSHYDS,KXNFLRSHYDS-26OCT04MIAMIN-MINKMURRAY1-10,Kyler Murray: 10+ rushing yards,0.7300,0.7800,0.7700,2.55,2.55,active,2026-10-06T20:05:00Z,2026-10-01T13:50:16+00:00
KXNFLRSHYDS-26OCT04MIAMIN,KXNFLRSHYDS,KXNFLRSHYDS-26OCT04MIAMIN-MIAOGORDON0-60,Ollie Gordon II: 60+ rushing yards,0.1200,0.1800,0.1700,27.79,27.79,active,2026-10-06T20:05:00Z,2026-10-01T13:50:16+00:00
KXNFLRSHYDS-26OCT04MIAMIN,KXNFLRSHYDS,KXNFLRSHYDS-26OCT04MIAMIN-MIAOGORDON0-10,Ollie Gordon II: 10+ rushing yards,0.8100,0.8300,0.0000,0.00,0.00,active,2026-10-06T20:05:00Z,2026-10-01T13:50:16+00:00
KXNFLRSHYDS-26OCT04MIAMIN,KXNFLRSHYDS,KXNFLRSHYDS-26OCT04MIAMIN-MINKMURRAY1-60,Kyler Murray: 60+ rushing yards,0.0500,0.0800,0.0000,0.00,0.00,active,2026-10-06T20:05:00Z,2026-10-01T13:50:16+00:00
KXNFLRSHYDS-26OCT04MIAMIN,KXNFLRSHYDS,KXNFLRSHYDS-26OCT04MIAMIN-MIAOGORDON0-100,Ollie Gordon II: 100+ rushing yards,0.0200,0.0600,0.0000,0.00,0.00,active,2026-10-06T20:05:00Z,2026-10-01T13:50:16+00:00
KXNFLRSHYDS-26OCT04MIAMIN,KXNFLRSHYDS,KXNFLRSHYDS-26OCT04MIAMIN-MINAJONES33-80,Aaron Jones Sr.: 80+ rushing yards,0.3400,0.3800,0.3800,12.61,12.61,active,2026-10-06T20:05:00Z,2026-10-01T13:50:16+00:00
KXNFLRSHYDS-26OCT04MIAMIN,KXNFLRSHYDS,KXNFLRSHYDS-26OCT04MIAMIN-MINAJONES33-100,Aaron Jones Sr.: 100+ rushing yards,0.1700,0.2100,0.0000,0.00,0.00,active,2026-10-06T20:05:00Z,2026-10-01T13:50:16+00:00
KXNFLRSHYDS-26OCT04NEBUF,KXNFLRSHYDS,KXNFLRSHYDS-26OCT04NEBUF-NETHENDERSON32-60,TreVeyon Henderson: 60+ rushing yards,0.2400,0.2800,0.0000,0.00,0.00,active,2026-10-06T17:00:00Z,2026-10-01T13:50:16+00:00
KXNFLRSHYDS-26OCT04NEBUF,KXNFLRSHYDS,KXNFLRSHYDS-26OCT04NEBUF-NETHENDERSON32-25,TreVeyon Henderson: 25+ rushing yards,0.7400,0.7700,0.7400,14.11,14.11,active,2026-10-06T17:00:00Z,2026-10-01T13:50:16+00:00
KXNFLRSHYDS-26OCT04NEBUF,KXNFLRSHYDS,KXNFLRSHYDS-26OCT04NEBUF-BUFJALLEN17-70,Josh Allen: 70+ rushing yards,0.0300,0.1100,0.0000,0.00,0.00,active,2026-10-06T17:00:00Z,2026-10-01T13:50:16+00:00
KXNFLRSHYDS-26OCT04NEBUF,KXNFLRSHYDS,KXNFLRSHYDS-26OCT04NEBUF-NETHENDERSON32-20,TreVeyon Henderson: 20+ rushing yards,0.7900,0.8200,0.8100,18.00,18.00,active,2026-10-06T17:00:00Z,2026-10-01T13:50:16+00:00
KXNFLRSHYDS-26OCT04NEBUF,KXNFLRSHYDS,KXNFLRSHYDS-26OCT04NEBUF-NETHENDERSON32-70,TreVeyon Henderson: 70+ rushing yards,0.0400,0.1900,0.0000,0.00,0.00,active,2026-10-06T17:00:00Z,2026-10-01T13:50:16+00:00
KXNFLRSHYDS-26OCT04NEBUF,KXNFLRSHYDS,KXNFLRSHYDS-26OCT04NEBUF-BUFJALLEN17-80,Josh Allen: 80+ rushing yards,0.0200,0.0900,0.0000,0.00,0.00,active,2026-10-06T17:00:00Z,2026-10-01T13:50:16+00:00
KXNFLRSHYDS-26OCT04NEBUF,KXNFLRSHYDS,KXNFLRSHYDS-26OCT04NEBUF-BUFJALLEN17-30,Josh Allen: 30+ rushing yards,0.5100,0.5500,0.0000,0.00,0.00,active,2026-10-06T17:00:00Z,2026-10-01T13:50:16+00:00
KXNFLRSHYDS-26OCT04NEBUF,KXNFLRSHYDS,KXNFLRSHYDS-26OCT04NEBUF-BUFJCOOK4-120,James Cook III: 120+ rushing yards,0.2000,0.2500,0.2600,83.45,83.45,active,2026-10-06T17:00:00Z,2026-10-01T13:50:16+00:00
KXNFLRSHYDS-26OCT04NEBUF,KXNFLRSHYDS,KXNFLRSHYDS-26OCT04NEBUF-BUFJCOOK4-70,James Cook III: 70+ rushing yards,0.6500,0.7000,0.0000,0.00,0.00,active,2026-10-06T17:00:00Z,2026-10-01T13:50:16+00:00
KXNFLRSHYDS-26OCT04NEBUF,KXNFLRSHYDS,KXNFLRSHYDS-26OCT04NEBUF-BUFJCOOK4-150,James Cook III: 150+ rushing yards,0.0700,0.1100,0.1000,28.22,28.22,active,2026-10-06T17:00:00Z,2026-10-01T13:50:16+00:00
KXNFLRSHYDS-26OCT04NEBUF,KXNFLRSHYDS,KXNFLRSHYDS-26OCT04NEBUF-BUFJALLEN17-25,Josh Allen: 25+ rushing yards,0.6000,0.6400,0.0000,0.00,0.00,active,2026-10-06T17:00:00Z,2026-10-01T13:50:16+00:00
KXNFLRSHYDS-26OCT04NEBUF,KXNFLRSHYDS,KXNFLRSHYDS-26OCT04NEBUF-NERSTEVENSON38-30,Rhamondre Stevenson: 30+ rushing yards,0.5400,0.5500,0.5500,96.94,96.94,active,2026-10-06T17:00:00Z,2026-10-01T13:50:16+00:00
KXNFLRSHYDS-26OCT04NEBUF,KXNFLRSHYDS,KXNFLRSHYDS-26OCT04NEBUF-NERSTEVENSON38-80,Rhamondre Stevenson: 80+ rushing yards,0.0400,0.0900,0.0800,23.48,23.48,active,2026-10-06T17:00:00Z,2026-10-01T13:50:16+00:00
KXNFLRSHYDS-26OCT04NEBUF,KXNFLRSHYDS,KXNFLRSHYDS-26OCT04NEBUF-NETHENDERSON32-30,TreVeyon Henderson: 30+ rushing yards,0.6500,0.7100,0.0000,0.00,0.00,active,2026-10-06T17:00:00Z,2026-10-01T13:50:16+00:00
KXNFLRSHYDS-26OCT04NEBUF,KXNFLRSHYDS,KXNFLRSHYDS-26OCT04NEBUF-BUFJALLEN17-20,Josh Allen: 20+ rushing yards,0.6800,0.7300,0.7300,20.02,20.02,active,2026-10-06T17:00:00Z,2026-10-01T13:50:16+00:00
KXNFLRSHYDS-26OCT04NEBUF,KXNFLRSHYDS,KXNFLRSHYDS-26OCT04NEBUF-BUFJCOOK4-90,James Cook III: 90+ rushing yards,0.4500,0.4600,0.4600,677.46,658.84,active,2026-10-06T17:00:00Z,2026-10-01T13:50:16+00:00
KXNFLRSHYDS-26OCT04NEBUF,KXNFLRSHYDS,KXNFLRSHYDS-26OCT04NEBUF-NETHENDERSON32-40,TreVeyon Henderson: 40+ rushing yards,0.5000,0.5300,0.5500,8.81,8.81,active,2026-10-06T17:00:00Z,2026-10-01T13:50:16+00:00
KXNFLRSHYDS-26OCT04NEBUF,KXNFLRSHYDS,KXNFLRSHYDS-26OCT04NEBUF-NERSTEVENSON38-40,Rhamondre Stevenson: 40+ rushing yards,0.3600,0.3800,0.3700,77.65,77.65,active,2026-10-06T17:00:00Z,2026-10-01T13:50:16+00:00
KXNFLRSHYDS-26OCT04NEBUF,KXNFLRSHYDS,KXNFLRSHYDS-26OCT04NEBUF-BUFJALLEN17-60,Josh Allen: 60+ rushing yards,0.0800,0.1700,0.0000,0.00,0.00,active,2026-10-06T17:00:00Z,2026-10-01T13:50:16+00:00
KXNFLRSHYDS-26OCT04NEBUF,KXNFLRSHYDS,KXNFLRSHYDS-26OCT04NEBUF-BUFJALLEN17-50,Josh Allen: 50+ rushing yards,0.2100,0.2500,0.0000,0.00,0.00,active,2026-10-06T17:00:00Z,2026-10-01T13:50:16+00:00
KXNFLRSHYDS-26OCT04NEBUF,KXNFLRSHYDS,KXNFLRSHYDS-26OCT04NEBUF-NETHENDERSON32-90,TreVeyon Henderson: 90+ rushing yards,0.0400,0.0900,0.1000,18.81,18.81,active,2026-10-06T17:00:00Z,2026-10-01T13:50:16+00:00
KXNFLRSHYDS-26OCT04NEBUF,KXNFLRSHYDS,KXNFLRSHYDS-26OCT04NEBUF-BUFJCOOK4-100,James Cook III: 100+ rushing yards,0.3600,0.4000,0.4000,35.81,35.81,active,2026-10-06T17:00:00Z,2026-10-01T13:50:16+00:00
KXNFLRSHYDS-26OCT04NEBUF,KXNFLRSHYDS,KXNFLRSHYDS-26OCT04NEBUF-NETHENDERSON32-80,TreVeyon Henderson: 80+ rushing yards,0.0500,0.1400,0.0000,0.00,0.00,active,2026-10-06T17:00:00Z,2026-10-01T13:50:16+00:00
KXNFLRSHYDS-26OCT04NEBUF,KXNFLRSHYDS,KXNFLRSHYDS-26OCT04NEBUF-NERSTEVENSON38-70,Rhamondre Stevenson: 70+ rushing yards,0.0600,0.1100,0.1100,17.11,17.11,active,2026-10-06T17:00:00Z,2026-10-01T13:50:16+00:00
KXNFLRSHYDS-26OCT04NEBUF,KXNFLRSHYDS,KXNFLRSHYDS-26OCT04NEBUF-BUFJCOOK4-130,James Cook III: 130+ rushing yards,0.1500,0.2000,0.1900,9.96,9.96,active,2026-10-06T17:00:00Z,2026-10-01T13:50:16+00:00
KXNFLRSHYDS-26OCT04NEBUF,KXNFLRSHYDS,KXNFLRSHYDS-26OCT04NEBUF-BUFJCOOK4-140,James Cook III: 140+ rushing yards,0.1100,0.1500,0.1500,12.58,12.58,active,2026-10-06T17:00:00Z,2026-10-01T13:50:16+00:00
KXNFLRSHYDS-26OCT04NEBUF,KXNFLRSHYDS,KXNFLRSHYDS-26OCT04NEBUF-BUFJCOOK4-50,James Cook III: 50+ rushing yards,0.8200,0.8600,0.8700,28.58,28.58,active,2026-10-06T17:00:00Z,2026-10-01T13:50:16+00:00
KXNFLRSHYDS-26OCT04NEBUF,KXNFLRSHYDS,KXNFLRSHYDS-26OCT04NEBUF-BUFJCOOK4-110,James Cook III: 110+ rushing yards,0.2700,0.3100,0.3300,71.68,71.68,active,2026-10-06T17:00:00Z,2026-10-01T13:50:16+00:00
KXNFLRSHYDS-26OCT04NEBUF,KXNFLRSHYDS,KXNFLRSHYDS-26OCT04NEBUF-NERSTEVENSON38-50,Rhamondre Stevenson: 50+ rushing yards,0.1900,0.2400,0.2400,11.86,11.86,active,2026-10-06T17:00:00Z,2026-10-01T13:50:16+00:00
KXNFLRSHYDS-26OCT04NEBUF,KXNFLRSHYDS,KXNFLRSHYDS-26OCT04NEBUF-BUFJCOOK4-80,James Cook III: 80+ rushing yards,0.5500,0.5900,0.5900,573.90,548.92,active,2026-10-06T17:00:00Z,2026-10-01T13:50:16+00:00
KXNFLRSHYDS-26OCT04NEBUF,KXNFLRSHYDS,KXNFLRSHYDS-26OCT04NEBUF-NETHENDERSON32-100,TreVeyon Henderson: 100+ rushing yards,0.0200,0.0800,0.0700,67.06,67.06,active,2026-10-06T17:00:00Z,2026-10-01T13:50:16+00:00
KXNFLRSHYDS-26OCT04NEBUF,KXNFLRSHYDS,KXNFLRSHYDS-26OCT04NEBUF-NETHENDERSON32-50,TreVeyon Henderson: 50+ rushing yards,0.3600,0.4000,0.4000,35.79,35.79,active,2026-10-06T17:00:00Z,2026-10-01T13:50:16+00:00
KXNFLRSHYDS-26OCT04NEBUF,KXNFLRSHYDS,KXNFLRSHYDS-26OCT04NEBUF-NERSTEVENSON38-90,Rhamondre Stevenson: 90+ rushing yards,0.0500,0.0700,0.0600,188.44,188.44,active,2026-10-06T17:00:00Z,2026-10-01T13:50:16+00:00
KXNFLRSHYDS-26OCT04NEBUF,KXNFLRSHYDS,KXNFLRSHYDS-26OCT04NEBUF-BUFJALLEN17-40,Josh Allen: 40+ rushing yards,0.3400,0.3900,0.0000,0.00,0.00,active,2026-10-06T17:00:00Z,2026-10-01T13:50:16+00:00
KXNFLRSHYDS-26OCT04NEBUF,KXNFLRSHYDS,KXNFLRSHYDS-26OCT04NEBUF-NERSTEVENSON38-15,Rhamondre Stevenson: 15+ rushing yards,0.7400,0.8300,0.0000,0.00,0.00,active,2026-10-06T17:00:00Z,2026-10-01T13:50:16+00:00
KXNFLRSHYDS-26OCT04NEBUF,KXNFLRSHYDS,KXNFLRSHYDS-26OCT04NEBUF-BUFJCOOK4-160,James Cook III: 160+ rushing yards,0.0200,0.1000,0.0000,0.00,0.00,active,2026-10-06T17:00:00Z,2026-10-01T13:50:16+00:00
KXNFLRSHYDS-26OCT04NEBUF,KXNFLRSHYDS,KXNFLRSHYDS-26OCT04NEBUF-NERSTEVENSON38-60,Rhamondre Stevenson: 60+ rushing yards,0.1100,0.1600,0.1600,11.80,11.80,active,2026-10-06T17:00:00Z,2026-10-01T13:50:16+00:00
KXNFLRSHYDS-26OCT04NEBUF,KXNFLRSHYDS,KXNFLRSHYDS-26OCT04NEBUF-BUFJCOOK4-170,James Cook III: 170+ rushing yards,0.0200,0.0800,0.0000,0.00,0.00,active,2026-10-06T17:00:00Z,2026-10-01T13:50:16+00:00
KXNFLRSHYDS-26OCT04NEBUF,KXNFLRSHYDS,KXNFLRSHYDS-26OCT04NEBUF-BUFJCOOK4-60,James Cook III: 60+ rushing yards,0.7400,0.7900,0.7900,14.08,14.08,active,2026-10-06T17:00:00Z,2026-10-01T13:50:16+00:00
KXNFLRSHYDS-26OCT04NEBUF,KXNFLRSHYDS,KXNFLRSHYDS-26OCT04NEBUF-NERSTEVENSON38-20,Rhamondre Stevenson: 20+ rushing yards,0.6600,0.7200,0.0000,0.00,0.00,active,2026-10-06T17:00:00Z,2026-10-01T13:50:16+00:00
KXNFLRSHYDS-26OCT04NEBUF,KXNFLRSHYDS,KXNFLRSHYDS-26OCT04NEBUF-BUFJALLEN17-15,Josh Allen: 15+ rushing yards,0.7800,0.8300,0.8300,5.95,5.95,active,2026-10-06T17:00:00Z,2026-10-01T13:50:16+00:00
KXNFLRSHYDS-26OCT04NEBUF,KXNFLRSHYDS,KXNFLRSHYDS-26OCT04NEBUF-NERSTEVENSON38-25,Rhamondre Stevenson: 25+ rushing yards,0.5500,0.6400,0.0000,0.00,0.00,active,2026-10-06T17:00:00Z,2026-10-01T13:50:16+00:00
KXNFLRSHYDS-26OCT04NYJCHI,KXNFLRSHYDS,KXNFLRSHYDS-26OCT04NYJCHI-NYJBALLEN0-120,Braelon Allen: 120+ rushing yards,0.0200,0.0600,0.0000,0.00,0.00,active,2026-10-06T17:00:00Z,2026-10-01T13:50:16+00:00
KXNFLRSHYDS-26OCT04NYJCHI,KXNFLRSHYDS,KXNFLRSHYDS-26OCT04NYJCHI-CHIDSWIFT4-130,D'Andre Swift: 130+ rushing yards,0.0200,0.0800,0.0000,0.00,0.00,active,2026-10-06T17:00:00Z,2026-10-01T13:50:16+00:00
KXNFLRSHYDS-26OCT04NYJCHI,KXNFLRSHYDS,KXNFLRSHYDS-26OCT04NYJCHI-CHIDSWIFT4-110,D'Andre Swift: 110+ rushing yards,0.0800,0.1600,0.0000,0.00,0.00,active,2026-10-06T17:00:00Z,2026-10-01T13:50:16+00:00
KXNFLRSHYDS-26OCT04NYJCHI,KXNFLRSHYDS,KXNFLRSHYDS-26OCT04NYJCHI-NYJBALLEN0-80,Braelon Allen: 80+ rushing yards,0.2400,0.2500,0.0000,0.00,0.00,active,2026-10-06T17:00:00Z,2026-10-01T13:50:16+00:00
KXNFLRSHYDS-26OCT04NYJCHI,KXNFLRSHYDS,KXNFLRSHYDS-26OCT04NYJCHI-CHIDSWIFT4-100,D'Andre Swift: 100+ rushing yards,0.1600,0.2100,0.2100,89.23,89.23,active,2026-10-06T17:00:00Z,2026-10-01T13:50:16+00:00
KXNFLRSHYDS-26OCT04NYJCHI,KXNFLRSHYDS,KXNFLRSHYDS-26OCT04NYJCHI-CHITBAGENT17-40,Tyson Bagent: 40+ rushing yards,0.0800,0.1300,0.0000,0.00,0.00,active,2026-10-06T17:00:00Z,2026-10-01T13:50:16+00:00
KXNFLRSHYDS-26OCT04NYJCHI,KXNFLRSHYDS,KXNFLRSHYDS-26OCT04NYJCHI-CHIKMONANGAI25-100,Kyle Monangai: 100+ rushing yards,0.0200,0.0600,0.0000,0.00,0.00,active,2026-10-06T17:00:00Z,2026-10-01T13:50:16+00:00
KXNFLRSHYDS-26OCT04NYJCHI,KXNFLRSHYDS,KXNFLRSHYDS-26OCT04NYJCHI-NYJIDAVIS32-70,Isaiah Davis: 70+ rushing yards,0.0200,0.0700,0.0000,0.00,0.00,active,2026-10-06T17:00:00Z,2026-10-01T13:50:16+00:00
KXNFLRSHYDS-26OCT04NYJCHI,KXNFLRSHYDS,KXNFLRSHYDS-26OCT04NYJCHI-NYJGSMITH7-15,Geno Smith: 15+ rushing yards,0.3800,0.4300,0.0000,0.00,0.00,active,2026-10-06T17:00:00Z,2026-10-01T13:50:16+00:00
KXNFLRSHYDS-26OCT04NYJCHI,KXNFLRSHYDS,KXNFLRSHYDS-26OCT04NYJCHI-CHIDSWIFT4-120,D'Andre Swift: 120+ rushing yards,0.0300,0.1100,0.0000,0.00,0.00,active,2026-10-06T17:00:00Z,2026-10-01T13:50:16+00:00
KXNFLRSHYDS-26OCT04NYJCHI,KXNFLRSHYDS,KXNFLRSHYDS-26OCT04NYJCHI-CHIKMONANGAI25-50,Kyle Monangai: 50+ rushing yards,0.3100,0.3600,0.3600,13.29,13.29,active,2026-10-06T17:00:00Z,2026-10-01T13:50:16+00:00
KXNFLRSHYDS-26OCT04NYJCHI,KXNFLRSHYDS,KXNFLRSHYDS-26OCT04NYJCHI-CHIKMONANGAI25-90,Kyle Monangai: 90+ rushing yards,0.0200,0.0900,0.0000,0.00,0.00,active,2026-10-06T17:00:00Z,2026-10-01T13:50:16+00:00
KXNFLRSHYDS-26OCT04NYJCHI,KXNFLRSHYDS,KXNFLRSHYDS-26OCT04NYJCHI-CHITBAGENT17-25,Tyson Bagent: 25+ rushing yards,0.2500,0.3000,0.0000,0.00,0.00,active,2026-10-06T17:00:00Z,2026-10-01T13:50:16+00:00
KXNFLRSHYDS-26OCT04NYJCHI,KXNFLRSHYDS,KXNFLRSHYDS-26OCT04NYJCHI-CHIDSWIFT4-140,D'Andre Swift: 140+ rushing yards,0.0200,0.0800,0.0000,0.00,0.00,active,2026-10-06T17:00:00Z,2026-10-01T13:50:16+00:00
KXNFLRSHYDS-26OCT04NYJCHI,KXNFLRSHYDS,KXNFLRSHYDS-26OCT04NYJCHI-NYJGSMITH7-10,Geno Smith: 10+ rushing yards,0.5400,0.5900,0.5800,102.50,102.50,active,2026-10-06T17:00:00Z,2026-10-01T13:50:16+00:00
KXNFLRSHYDS-26OCT04NYJCHI,KXNFLRSHYDS,KXNFLRSHYDS-26OCT04NYJCHI-NYJBALLEN0-60,Braelon Allen: 60+ rushing yards,0.4200,0.4700,0.4700,50.18,50.18,active,2026-10-06T17:00:00Z,2026-10-01T13:50:16+00:00
KXNFLRSHYDS-26OCT04NYJCHI,KXNFLRSHYDS,KXNFLRSHYDS-26OCT04NYJCHI-NYJIDAVIS32-50,Isaiah Davis: 50+ rushing yards,0.0600,0.1200,0.0000,0.00,0.00,active,2026-10-06T17:00:00Z,2026-10-01T13:50:16+00:00
KXNFLRSHYDS-26OCT04NYJCHI,KXNFLRSHYDS,KXNFLRSHYDS-26OCT04NYJCHI-CHITBAGENT17-10,Tyson Bagent: 10+ rushing yards,0.5600,0.6200,0.0000,0.00,0.00,active,2026-10-06T17:00:00Z,2026-10-01T13:50:16+00:00
KXNFLRSHYDS-26OCT04NYJCHI,KXNFLRSHYDS,KXNFLRSHYDS-26OCT04NYJCHI-NYJIDAVIS32-10,Isaiah Davis: 10+ rushing yards,0.7500,0.7900,0.0000,0.00,0.00,active,2026-10-06T17:00:00Z,2026-10-01T13:50:16+00:00
KXNFLRSHYDS-26OCT04NYJCHI,KXNFLRSHYDS,KXNFLRSHYDS-26OCT04NYJCHI-NYJGSMITH7-40,Geno Smith: 40+ rushing yards,0.0200,0.1000,0.0000,0.00,0.00,active,2026-10-06T17:00:00Z,2026-10-01T13:50:16+00:00
KXNFLRSHYDS-26OCT04NYJCHI,KXNFLRSHYDS,KXNFLRSHYDS-26OCT04NYJCHI-CHIKMONANGAI25-60,Kyle Monangai: 60+ rushing yards,0.2100,0.2500,0.0000,0.00,0.00,active,2026-10-06T17:00:00Z,2026-10-01T13:50:16+00:00
KXNFLRSHYDS-26OCT04NYJCHI,KXNFLRSHYDS,KXNFLRSHYDS-26OCT04NYJCHI-NYJBALLEN0-70,Braelon Allen: 70+ rushing yards,0.3200,0.3500,0.3600,27.25,27.25,active,2026-10-06T17:00:00Z,2026-10-01T13:50:16+00:00
KXNFLRSHYDS-26OCT04NYJCHI,KXNFLRSHYDS,KXNFLRSHYDS-26OCT04NYJCHI-NYJBALLEN0-100,Braelon Allen: 100+ rushing yards,0.0600,0.1300,0.0000,0.00,0.00,active,2026-10-06T17:00:00Z,2026-10-01T13:50:16+00:00
KXNFLRSHYDS-26OCT04NYJCHI,KXNFLRSHYDS,KXNFLRSHYDS-26OCT04NYJCHI-NYJGSMITH7-25,Geno Smith: 25+ rushing yards,0.1700,0.2100,0.0000,0.00,0.00,active,2026-10-06T17:00:00Z,2026-10-01T13:50:16+00:00
KXNFLRSHYDS-26OCT04NYJCHI,KXNFLRSHYDS,KXNFLRSHYDS-26OCT04NYJCHI-NYJIDAVIS32-40,Isaiah Davis: 40+ rushing yards,0.1800,0.2200,0.0000,0.00,0.00,active,2026-10-06T17:00:00Z,2026-10-01T13:50:16+00:00
KXNFLRSHYDS-26OCT04NYJCHI,KXNFLRSHYDS,KXNFLRSHYDS-26OCT04NYJCHI-NYJBALLEN0-110,Braelon Allen: 110+ rushing yards,0.0300,0.0900,0.0000,0.00,0.00,active,2026-10-06T17:00:00Z,2026-10-01T13:50:16+00:00
KXNFLRSHYDS-26OCT04NYJCHI,KXNFLRSHYDS,KXNFLRSHYDS-26OCT04NYJCHI-CHIKMONANGAI25-80,Kyle Monangai: 80+ rushing yards,0.0500,0.1200,0.0000,0.00,0.00,active,2026-10-06T17:00:00Z,2026-10-01T13:50:16+00:00
KXNFLRSHYDS-26OCT04NYJCHI,KXNFLRSHYDS,KXNFLRSHYDS-26OCT04NYJCHI-CHIDSWIFT4-80,D'Andre Swift: 80+ rushing yards,0.3300,0.3700,0.3800,7.55,7.55,active,2026-10-06T17:00:00Z,2026-10-01T13:50:16+00:00
KXNFLRSHYDS-26OCT04NYJCHI,KXNFLRSHYDS,KXNFLRSHYDS-26OCT04NYJCHI-NYJBALLEN0-90,Braelon Allen: 90+ rushing yards,0.1100,0.1800,0.0000,0.00,0.00,active,2026-10-06T17:00:00Z,2026-10-01T13:50:16+00:00
KXNFLRSHYDS-26OCT04NYJCHI,KXNFLRSHYDS,KXNFLRSHYDS-26OCT04NYJCHI-CHIKMONANGAI25-70,Kyle Monangai: 70+ rushing yards,0.1000,0.1800,0.0000,0.00,0.00,active,2026-10-06T17:00:00Z,2026-10-01T13:50:16+00:00
KXNFLRSHYDS-26OCT04NYJCHI,KXNFLRSHYDS,KXNFLRSHYDS-26OCT04NYJCHI-CHIDSWIFT4-60,D'Andre Swift: 60+ rushing yards,0.5600,0.6000,0.0000,0.00,0.00,active,2026-10-06T17:00:00Z,2026-10-01T13:50:16+00:00
KXNFLRSHYDS-26OCT04NYJCHI,KXNFLRSHYDS,KXNFLRSHYDS-26OCT04NYJCHI-NYJGSMITH7-30,Geno Smith: 30+ rushing yards,0.1300,0.1500,0.0000,0.00,0.00,active,2026-10-06T17:00:00Z,2026-10-01T13:50:16+00:00
KXNFLRSHYDS-26OCT04NYJCHI,KXNFLRSHYDS,KXNFLRSHYDS-26OCT04NYJCHI-NYJIDAVIS32-30,Isaiah Davis: 30+ rushing yards,0.3100,0.3500,0.0000,0.00,0.00,active,2026-10-06T17:00:00Z,2026-10-01T13:50:16+00:00
KXNFLRSHYDS-26OCT04NYJCHI,KXNFLRSHYDS,KXNFLRSHYDS-26OCT04NYJCHI-CHITBAGENT17-15,Tyson Bagent: 15+ rushing yards,0.4400,0.5000,0.0000,0.00,0.00,active,2026-10-06T17:00:00Z,2026-10-01T13:50:16+00:00
KXNFLRSHYDS-26OCT04NYJCHI,KXNFLRSHYDS,KXNFLRSHYDS-26OCT04NYJCHI-CHITBAGENT17-20,Tyson Bagent: 20+ rushing yards,0.3400,0.4000,0.0000,0.00,0.00,active,2026-10-06T17:00:00Z,2026-10-01T13:50:16+00:00
KXNFLRSHYDS-26OCT04NYJCHI,KXNFLRSHYDS,KXNFLRSHYDS-26OCT04NYJCHI-CHIDSWIFT4-90,D'Andre Swift: 90+ rushing yards,0.2400,0.2900,0.0000,0.00,0.00,active,2026-10-06T17:00:00Z,2026-10-01T13:50:16+00:00
KXNFLRSHYDS-26OCT04NYJCHI,KXNFLRSHYDS,KXNFLRSHYDS-26OCT04NYJCHI-CHIDSWIFT4-70,D'Andre Swift: 70+ rushing yards,0.4400,0.4800,0.4800,26.48,26.48,active,2026-10-06T17:00:00Z,2026-10-01T13:50:16+00:00
KXNFLRSHYDS-26OCT04NYJCHI,KXNFLRSHYDS,KXNFLRSHYDS-26OCT04NYJCHI-CHIKMONANGAI25-30,Kyle Monangai: 30+ rushing yards,0.6200,0.6600,0.0000,0.00,0.00,active,2026-10-06T17:00:00Z,2026-10-01T13:50:16+00:00
KXNFLRSHYDS-26OCT04NYJCHI,KXNFLRSHYDS,KXNFLRSHYDS-26OCT04NYJCHI-NYJIDAVIS32-60,Isaiah Davis: 60+ rushing yards,0.0200,0.1000,0.0000,0.00,0.00,active,2026-10-06T17:00:00Z,2026-10-01T13:50:16+00:00
KXNFLRSHYDS-26OCT04NYJCHI,KXNFLRSHYDS,KXNFLRSHYDS-26OCT04NYJCHI-NYJBALLEN0-30,Braelon Allen: 30+ rushing yards,0.7300,0.8300,0.7700,8.00,8.00,active,2026-10-06T17:00:00Z,2026-10-01T13:50:16+00:00
KXNFLRSHYDS-26OCT04NYJCHI,KXNFLRSHYDS,KXNFLRSHYDS-26OCT04NYJCHI-NYJIDAVIS32-15,Isaiah Davis: 15+ rushing yards,0.6400,0.6800,0.0000,0.00,0.00,active,2026-10-06T17:00:00Z,2026-10-01T13:50:16+00:00
KXNFLRSHYDS-26OCT04NYJCHI,KXNFLRSHYDS,KXNFLRSHYDS-26OCT04NYJCHI-NYJBALLEN0-40,Braelon Allen: 40+ rushing yards,0.6600,0.7000,0.6700,6.00,6.00,active,2026-10-06T17:00:00Z,2026-10-01T13:50:16+00:00
KXNFLRSHYDS-26OCT04NYJCHI,KXNFLRSHYDS,KXNFLRSHYDS-26OCT04NYJCHI-CHITBAGENT17-30,Tyson Bagent: 30+ rushing yards,0.1700,0.2200,0.1700,19.45,19.45,active,2026-10-06T17:00:00Z,2026-10-01T13:50:16+00:00
KXNFLRSHYDS-26OCT04NYJCHI,KXNFLRSHYDS,KXNFLRSHYDS-26OCT04NYJCHI-NYJIDAVIS32-25,Isaiah Davis: 25+ rushing yards,0.4100,0.4600,0.0000,0.00,0.00,active,2026-10-06T17:00:00Z,2026-10-01T13:50:16+00:00
KXNFLRSHYDS-26OCT04NYJCHI,KXNFLRSHYDS,KXNFLRSHYDS-26OCT04NYJCHI-CHIDSWIFT4-50,D'Andre Swift: 50+ rushing yards,0.6600,0.7100,0.0000,0.00,0.00,active,2026-10-06T17:00:00Z,2026-10-01T13:50:16+00:00
KXNFLRSHYDS-26OCT04NYJCHI,KXNFLRSHYDS,KXNFLRSHYDS-26OCT04NYJCHI-CHIKMONANGAI25-20,Kyle Monangai: 20+ rushing yards,0.7700,0.8100,0.0000,0.00,0.00,active,2026-10-06T17:00:00Z,2026-10-01T13:50:16+00:00
KXNFLRSHYDS-26OCT04NYJCHI,KXNFLRSHYDS,KXNFLRSHYDS-26OCT04NYJCHI-CHIKMONANGAI25-40,Kyle Monangai: 40+ rushing yards,0.4500,0.5100,0.0000,0.00,0.00,active,2026-10-06T17:00:00Z,2026-10-01T13:50:16+00:00
KXNFLRSHYDS-26OCT04NYJCHI,KXNFLRSHYDS,KXNFLRSHYDS-26OCT04NYJCHI-CHIKMONANGAI25-25,Kyle Monangai: 25+ rushing yards,0.7000,0.7400,0.0000,0.00,0.00,active,2026-10-06T17:00:00Z,2026-10-01T13:50:16+00:00
KXNFLRSHYDS-26OCT04NYJCHI,KXNFLRSHYDS,KXNFLRSHYDS-26OCT04NYJCHI-NYJGSMITH7-20,Geno Smith: 20+ rushing yards,0.2700,0.3000,0.0000,0.00,0.00,active,2026-10-06T17:00:00Z,2026-10-01T13:50:16+00:00
KXNFLRSHYDS-26OCT04NYJCHI,KXNFLRSHYDS,KXNFLRSHYDS-26OCT04NYJCHI-NYJBALLEN0-50,Braelon Allen: 50+ rushing yards,0.5500,0.5900,0.5500,28.71,24.71,active,2026-10-06T17:00:00Z,2026-10-01T13:50:16+00:00
KXNFLRSHYDS-26OCT04NYJCHI,KXNFLRSHYDS,KXNFLRSHYDS-26OCT04NYJCHI-NYJIDAVIS32-20,Isaiah Davis: 20+ rushing yards,0.5200,0.5600,0.0000,0.00,0.00,active,2026-10-06T17:00:00Z,2026-10-01T13:50:16+00:00
KXNFLRSHYDS-26OCT04NYJCHI,KXNFLRSHYDS,KXNFLRSHYDS-26OCT04NYJCHI-CHIDSWIFT4-40,D'Andre Swift: 40+ rushing yards,0.7200,0.8100,0.8200,3.31,3.31,active,2026-10-06T17:00:00Z,2026-10-01T13:50:16+00:00
KXNFLRSHYDS-26OCT04NYJCHI,KXNFLRSHYDS,KXNFLRSHYDS-26OCT04NYJCHI-CHITBAGENT17-50,Tyson Bagent: 50+ rushing yards,0.0200,0.0700,0.0000,0.00,0.00,active,2026-10-06T17:00:00Z,2026-10-01T13:50:16+00:00
KXNFLRSHYDS-26OCT04TENBAL,KXNFLRSHYDS,KXNFLRSHYDS-26OCT04TENBAL-TENTPOLLARD20-25,Tony Pollard: 25+ rushing yards,0.7700,0.8400,0.0000,0.00,0.00,active,2026-10-06T17:00:00Z,2026-10-01T13:50:16+00:00
KXNFLRSHYDS-26OCT04TENBAL,KXNFLRSHYDS,KXNFLRSHYDS-26OCT04TENBAL-TENTSPEARS2-40,Tyjae Spears: 40+ rushing yards,0.1000,0.1400,0.0000,0.00,0.00,active,2026-10-06T17:00:00Z,2026-10-01T13:50:16+00:00
KXNFLRSHYDS-26OCT04TENBAL,KXNFLRSHYDS,KXNFLRSHYDS-26OCT04TENBAL-BALDHENRY22-110,Derrick Henry: 110+ rushing yards,0.3700,0.4000,0.4000,245.57,245.57,active,2026-10-06T17:00:00Z,2026-10-01T13:50:16+00:00
KXNFLRSHYDS-26OCT04TENBAL,KXNFLRSHYDS,KXNFLRSHYDS-26OCT04TENBAL-TENCWARD1-40,Cam Ward: 40+ rushing yards,0.0200,0.0800,0.0000,0.00,0.00,active,2026-10-06T17:00:00Z,2026-10-01T13:50:16+00:00
KXNFLRSHYDS-26OCT04TENBAL,KXNFLRSHYDS,KXNFLRSHYDS-26OCT04TENBAL-BALLJACKSON8-80,Lamar Jackson: 80+ rushing yards,0.0200,0.0600,0.0000,0.00,0.00,active,2026-10-06T17:00:00Z,2026-10-01T13:50:16+00:00
KXNFLRSHYDS-26OCT04TENBAL,KXNFLRSHYDS,KXNFLRSHYDS-26OCT04TENBAL-BALLJACKSON8-70,Lamar Jackson: 70+ rushing yards,0.0300,0.0900,0.0000,0.00,0.00,active,2026-10-06T17:00:00Z,2026-10-01T13:50:16+00:00
KXNFLRSHYDS-26OCT04TENBAL,KXNFLRSHYDS,KXNFLRSHYDS-26OCT04TENBAL-BALLJACKSON8-50,Lamar Jackson: 50+ rushing yards,0.2200,0.2300,0.0000,0.00,0.00,active,2026-10-06T17:00:00Z,2026-10-01T13:50:16+00:00
KXNFLRSHYDS-26OCT04TENBAL,KXNFLRSHYDS,KXNFLRSHYDS-26OCT04TENBAL-TENTPOLLARD20-90,Tony Pollard: 90+ rushing yards,0.0600,0.1400,0.0000,0.00,0.00,active,2026-10-06T17:00:00Z,2026-10-01T13:50:16+00:00
KXNFLRSHYDS-26OCT04TENBAL,KXNFLRSHYDS,KXNFLRSHYDS-26OCT04TENBAL-BALDHENRY22-120,Derrick Henry: 120+ rushing yards,0.2900,0.3300,0.3300,192.75,192.75,active,2026-10-06T17:00:00Z,2026-10-01T13:50:16+00:00
KXNFLRSHYDS-26OCT04TENBAL,KXNFLRSHYDS,KXNFLRSHYDS-26OCT04TENBAL-TENCWARD1-30,Cam Ward: 30+ rushing yards,0.0900,0.1200,0.0000,0.00,0.00,active,2026-10-06T17:00:00Z,2026-10-01T13:50:16+00:00
KXNFLRSHYDS-26OCT04TENBAL,KXNFLRSHYDS,KXNFLRSHYDS-26OCT04TENBAL-TENCWARD1-25,Cam Ward: 25+ rushing yards,0.1400,0.1700,0.0000,0.00,0.00,active,2026-10-06T17:00:00Z,2026-10-01T13:50:16+00:00
KXNFLRSHYDS-26OCT04TENBAL,KXNFLRSHYDS,KXNFLRSHYDS-26OCT04TENBAL-BALDHENRY22-170,Derrick Henry: 170+ rushing yards,0.0500,0.1000,0.0700,33.52,33.52,active,2026-10-06T17:00:00Z,2026-10-01T13:50:16+00:00
KXNFLRSHYDS-26OCT04TENBAL,KXNFLRSHYDS,KXNFLRSHYDS-26OCT04TENBAL-TENTSPEARS2-50,Tyjae Spears: 50+ rushing yards,0.0200,0.0800,0.0000,0.00,0.00,active,2026-10-06T17:00:00Z,2026-10-01T13:50:16+00:00
KXNFLRSHYDS-26OCT04TENBAL,KXNFLRSHYDS,KXNFLRSHYDS-26OCT04TENBAL-TENTPOLLARD20-60,Tony Pollard: 60+ rushing yards,0.3400,0.3600,0.3600,26.58,26.58,active,2026-10-06T17:00:00Z,2026-10-01T13:50:16+00:00
KXNFLRSHYDS-26OCT04TENBAL,KXNFLRSHYDS,KXNFLRSHYDS-26OCT04TENBAL-TENTPOLLARD20-70,Tony Pollard: 70+ rushing yards,0.2300,0.2600,0.0000,0.00,0.00,active,2026-10-06T17:00:00Z,2026-10-01T13:50:16+00:00
KXNFLRSHYDS-26OCT04TENBAL,KXNFLRSHYDS,KXNFLRSHYDS-26OCT04TENBAL-TENTSPEARS2-25,Tyjae Spears: 25+ rushing yards,0.2700,0.3200,0.0000,0.00,0.00,active,2026-10-06T17:00:00Z,2026-10-01T13:50:16+00:00
KXNFLRSHYDS-26OCT04TENBAL,KXNFLRSHYDS,KXNFLRSHYDS-26OCT04TENBAL-TENTPOLLARD20-40,Tony Pollard: 40+ rushing yards,0.5900,0.6400,0.0000,0.00,0.00,active,2026-10-06T17:00:00Z,2026-10-01T13:50:16+00:00
KXNFLRSHYDS-26OCT04TENBAL,KXNFLRSHYDS,KXNFLRSHYDS-26OCT04TENBAL-BALDHENRY22-180,Derrick Henry: 180+ rushing yards,0.0500,0.0800,0.0800,731.73,731.73,active,2026-10-06T17:00:00Z,2026-10-01T13:50:16+00:00
KXNFLRSHYDS-26OCT04TENBAL,KXNFLRSHYDS,KXNFLRSHYDS-26OCT04TENBAL-TENTPOLLARD20-100,Tony Pollard: 100+ rushing yards,0.0300,0.1000,0.0000,0.00,0.00,active,2026-10-06T17:00:00Z,2026-10-01T13:50:16+00:00
KXNFLRSHYDS-26OCT04TENBAL,KXNFLRSHYDS,KXNFLRSHYDS-26OCT04TENBAL-TENTSPEARS2-20,Tyjae Spears: 20+ rushing yards,0.3700,0.4200,0.0000,0.00,0.00,active,2026-10-06T17:00:00Z,2026-10-01T13:50:16+00:00
KXNFLRSHYDS-26OCT04TENBAL,KXNFLRSHYDS,KXNFLRSHYDS-26OCT04TENBAL-TENTSPEARS2-10,Tyjae Spears: 10+ rushing yards,0.6500,0.7100,0.0000,0.00,0.00,active,2026-10-06T17:00:00Z,2026-10-01T13:50:16+00:00
KXNFLRSHYDS-26OCT04TENBAL,KXNFLRSHYDS,KXNFLRSHYDS-26OCT04TENBAL-BALLJACKSON8-40,Lamar Jackson: 40+ rushing yards,0.3500,0.3700,0.3700,30.80,30.80,active,2026-10-06T17:00:00Z,2026-10-01T13:50:16+00:00
KXNFLRSHYDS-26OCT04TENBAL,KXNFLRSHYDS,KXNFLRSHYDS-26OCT04TENBAL-BALDHENRY22-160,Derrick Henry: 160+ rushing yards,0.0400,0.1200,0.0000,0.00,0.00,active,2026-10-06T17:00:00Z,2026-10-01T13:50:16+00:00
KXNFLRSHYDS-26OCT04TENBAL,KXNFLRSHYDS,KXNFLRSHYDS-26OCT04TENBAL-BALLJACKSON8-60,Lamar Jackson: 60+ rushing yards,0.0700,0.1400,0.0000,0.00,0.00,active,2026-10-06T17:00:00Z,2026-10-01T13:50:16+00:00
KXNFLRSHYDS-26OCT04TENBAL,KXNFLRSHYDS,KXNFLRSHYDS-26OCT04TENBAL-TENTPOLLARD20-110,Tony Pollard: 110+ rushing yards,0.0200,0.0800,0.0000,0.00,0.00,active,2026-10-06T17:00:00Z,2026-10-01T13:50:16+00:00
KXNFLRSHYDS-26OCT04TENBAL,KXNFLRSHYDS,KXNFLRSHYDS-26OCT04TENBAL-TENTPOLLARD20-80,Tony Pollard: 80+ rushing yards,0.0400,0.1900,0.0000,0.00,0.00,active,2026-10-06T17:00:00Z,2026-10-01T13:50:16+00:00
KXNFLRSHYDS-26OCT04TENBAL,KXNFLRSHYDS,KXNFLRSHYDS-26OCT04TENBAL-TENCWARD1-15,Cam Ward: 15+ rushing yards,0.3200,0.3600,0.0000,0.00,0.00,active,2026-10-06T17:00:00Z,2026-10-01T13:50:16+00:00
KXNFLRSHYDS-26OCT04TENBAL,KXNFLRSHYDS,KXNFLRSHYDS-26OCT04TENBAL-TENTSPEARS2-15,Tyjae Spears: 15+ rushing yards,0.5000,0.5500,0.5300,72.04,72.04,active,2026-10-06T17:00:00Z,2026-10-01T13:50:16+00:00
KXNFLRSHYDS-26OCT04TENBAL,KXNFLRSHYDS,KXNFLRSHYDS-26OCT04TENBAL-TENTPOLLARD20-30,Tony Pollard: 30+ rushing yards,0.7300,0.7800,0.0000,0.00,0.00,active,2026-10-06T17:00:00Z,2026-10-01T13:50:16+00:00
KXNFLRSHYDS-26OCT04TENBAL,KXNFLRSHYDS,KXNFLRSHYDS-26OCT04TENBAL-BALLJACKSON8-15,Lamar Jackson: 15+ rushing yards,0.7800,0.8300,0.8400,5.88,5.88,active,2026-10-06T17:00:00Z,2026-10-01T13:50:16+00:00
KXNFLRSHYDS-26OCT04TENBAL,KXNFLRSHYDS,KXNFLRSHYDS-26OCT04TENBAL-BALLJACKSON8-30,Lamar Jackson: 30+ rushing yards,0.5200,0.5500,0.5500,233.71,215.24,active,2026-10-06T17:00:00Z,2026-10-01T13:50:16+00:00
KXNFLRSHYDS-26OCT04TENBAL,KXNFLRSHYDS,KXNFLRSHYDS-26OCT04TENBAL-BALLJACKSON8-25,Lamar Jackson: 25+ rushing yards,0.6100,0.6500,0.0000,0.00,0.00,active,2026-10-06T17:00:00Z,2026-10-01T13:50:16+00:00
KXNFLRSHYDS-26OCT04TENBAL,KXNFLRSHYDS,KXNFLRSHYDS-26OCT04TENBAL-BALDHENRY22-140,Derrick Henry: 140+ rushing yards,0.1100,0.1900,0.1600,59.02,59.02,active,2026-10-06T17:00:00Z,2026-10-01T13:50:16+00:00
KXNFLRSHYDS-26OCT04TENBAL,KXNFLRSHYDS,KXNFLRSHYDS-26OCT04TENBAL-BALDHENRY22-130,Derrick Henry: 130+ rushing yards,0.1700,0.2500,0.2500,38.00,38.00,active,2026-10-06T17:00:00Z,2026-10-01T13:50:16+00:00
KXNFLRSHYDS-26OCT04TENBAL,KXNFLRSHYDS,KXNFLRSHYDS-26OCT04TENBAL-BALDHENRY22-150,Derrick Henry: 150+ rushing yards,0.1100,0.1300,0.1400,148.08,148.08,active,2026-10-06T17:00:00Z,2026-10-01T13:50:16+00:00
KXNFLRSHYDS-26OCT04TENBAL,KXNFLRSHYDS,KXNFLRSHYDS-26OCT04TENBAL-BALDHENRY22-60,Derrick Henry: 60+ rushing yards,0.7800,0.8400,0.8400,3.00,3.00,active,2026-10-06T17:00:00Z,2026-10-01T13:50:16+00:00
KXNFLRSHYDS-26OCT04TENBAL,KXNFLRSHYDS,KXNFLRSHYDS-26OCT04TENBAL-TENCWARD1-10,Cam Ward: 10+ rushing yards,0.5000,0.5200,0.5200,9.25,9.25,active,2026-10-06T17:00:00Z,2026-10-01T13:50:16+00:00
KXNFLRSHYDS-26OCT04TENBAL,KXNFLRSHYDS,KXNFLRSHYDS-26OCT04TENBAL-BALDHENRY22-70,Derrick Henry: 70+ rushing yards,0.7000,0.7700,0.7800,31.94,31.94,active,2026-10-06T17:00:00Z,2026-10-01T13:50:16+00:00
KXNFLRSHYDS-26OCT04TENBAL,KXNFLRSHYDS,KXNFLRSHYDS-26OCT04TENBAL-BALDHENRY22-90,Derrick Henry: 90+ rushing yards,0.5600,0.5900,0.6000,215.71,215.71,active,2026-10-06T17:00:00Z,2026-10-01T13:50:16+00:00
KXNFLRSHYDS-26OCT04TENBAL,KXNFLRSHYDS,KXNFLRSHYDS-26OCT04TENBAL-BALLJACKSON8-20,Lamar Jackson: 20+ rushing yards,0.7100,0.7400,0.0000,0.00,0.00,active,2026-10-06T17:00:00Z,2026-10-01T13:50:16+00:00
KXNFLRSHYDS-26OCT04TENBAL,KXNFLRSHYDS,KXNFLRSHYDS-26OCT04TENBAL-BALDHENRY22-80,Derrick Henry: 80+ rushing yards,0.6200,0.6800,0.0000,0.00,0.00,active,2026-10-06T17:00:00Z,2026-10-01T13:50:16+00:00
KXNFLRSHYDS-26OCT04TENBAL,KXNFLRSHYDS,KXNFLRSHYDS-26OCT04TENBAL-BALDHENRY22-100,Derrick Henry: 100+ rushing yards,0.4900,0.5000,0.4900,4983.36,4974.36,active,2026-10-06T17:00:00Z,2026-10-01T13:50:16+00:00
KXNFLRSHYDS-26OCT04TENBAL,KXNFLRSHYDS,KXNFLRSHYDS-26OCT04TENBAL-TENTSPEARS2-30,Tyjae Spears: 30+ rushing yards,0.2000,0.2400,0.0000,0.00,0.00,active,2026-10-06T17:00:00Z,2026-10-01T13:50:16+00:00
KXNFLRSHYDS-26OCT04TENBAL,KXNFLRSHYDS,KXNFLRSHYDS-26OCT04TENBAL-TENCWARD1-20,Cam Ward: 20+ rushing yards,0.2100,0.2500,0.2300,20.00,20.00,active,2026-10-06T17:00:00Z,2026-10-01T13:50:16+00:00
KXNFLRSHYDS-26OCT04TENBAL,KXNFLRSHYDS,KXNFLRSHYDS-26OCT04TENBAL-TENTPOLLARD20-50,Tony Pollard: 50+ rushing yards,0.4600,0.4700,0.4400,353.00,334.77,active,2026-10-06T17:00:00Z,2026-10-01T13:50:16+00:00
KXNFLRSHYDS-26OCT05ATLNO,KXNFLRSHYDS,KXNFLRSHYDS-26OCT05ATLNO-ATLBROBINSON15-90,Brian Robinson: 90+ rushing yards,0.0200,0.0700,0.0000,0.00,0.00,active,2026-10-08T00:15:00Z,2026-10-01T13:50:16+00:00
KXNFLRSHYDS-26OCT05ATLNO,KXNFLRSHYDS,KXNFLRSHYDS-26OCT05ATLNO-NOAKAMARA41-100,Alvin Kamara: 100+ rushing yards,0.0100,0.0500,0.0000,0.00,0.00,active,2026-10-08T00:15:00Z,2026-10-01T13:50:16+00:00
KXNFLRSHYDS-26OCT05ATLNO,KXNFLRSHYDS,KXNFLRSHYDS-26OCT05ATLNO-ATLBROBINSON15-60,Brian Robinson: 60+ rushing yards,0.1100,0.1600,0.0000,0.00,0.00,active,2026-10-08T00:15:00Z,2026-10-01T13:50:16+00:00
KXNFLRSHYDS-26OCT05ATLNO,KXNFLRSHYDS,KXNFLRSHYDS-26OCT05ATLNO-ATLBROBINSON7-110,Bijan Robinson: 110+ rushing yards,0.2700,0.3100,0.0000,0.00,0.00,active,2026-10-08T00:15:00Z,2026-10-01T13:50:16+00:00
KXNFLRSHYDS-26OCT05ATLNO,KXNFLRSHYDS,KXNFLRSHYDS-26OCT05ATLNO-ATLBROBINSON15-80,Brian Robinson: 80+ rushing yards,0.0200,0.0800,0.0000,0.00,0.00,active,2026-10-08T00:15:00Z,2026-10-01T13:50:16+00:00
KXNFLRSHYDS-26OCT05ATLNO,KXNFLRSHYDS,KXNFLRSHYDS-26OCT05ATLNO-NOAKAMARA41-70,Alvin Kamara: 70+ rushing yards,0.1100,0.1600,0.0000,0.00,0.00,active,2026-10-08T00:15:00Z,2026-10-01T13:50:16+00:00
KXNFLRSHYDS-26OCT05ATLNO,KXNFLRSHYDS,KXNFLRSHYDS-26OCT05ATLNO-ATLBROBINSON7-170,Bijan Robinson: 170+ rushing yards,0.0200,0.0800,0.0000,0.00,0.00,active,2026-10-08T00:15:00Z,2026-10-01T13:50:16+00:00
KXNFLRSHYDS-26OCT05ATLNO,KXNFLRSHYDS,KXNFLRSHYDS-26OCT05ATLNO-NOKMILLER5-15,Kendre Miller: 15+ rushing yards,0.6800,0.7300,0.0000,0.00,0.00,active,2026-10-08T00:15:00Z,2026-10-01T13:50:16+00:00
KXNFLRSHYDS-26OCT05ATLNO,KXNFLRSHYDS,KXNFLRSHYDS-26OCT05ATLNO-NOAKAMARA41-90,Alvin Kamara: 90+ rushing yards,0.0500,0.0800,0.0000,0.00,0.00,active,2026-10-08T00:15:00Z,2026-10-01T13:50:16+00:00
KXNFLRSHYDS-26OCT05ATLNO,KXNFLRSHYDS,KXNFLRSHYDS-26OCT05ATLNO-ATLBROBINSON7-150,Bijan Robinson: 150+ rushing yards,0.0700,0.1000,0.1100,427.88,427.88,active,2026-10-08T00:15:00Z,2026-10-01T13:50:16+00:00
KXNFLRSHYDS-26OCT05ATLNO,KXNFLRSHYDS,KXNFLRSHYDS-26OCT05ATLNO-ATLBROBINSON7-130,Bijan Robinson: 130+ rushing yards,0.1400,0.1900,0.0000,0.00,0.00,active,2026-10-08T00:15:00Z,2026-10-01T13:50:16+00:00
KXNFLRSHYDS-26OCT05ATLNO,KXNFLRSHYDS,KXNFLRSHYDS-26OCT05ATLNO-ATLBROBINSON15-15,Brian Robinson: 15+ rushing yards,0.7800,0.8100,0.0000,0.00,0.00,active,2026-10-08T00:15:00Z,2026-10-01T13:50:16+00:00
KXNFLRSHYDS-26OCT05ATLNO,KXNFLRSHYDS,KXNFLRSHYDS-26OCT05ATLNO-NOKMILLER5-10,Kendre Miller: 10+ rushing yards,0.7900,0.8300,0.0000,0.00,0.00,active,2026-10-08T00:15:00Z,2026-10-01T13:50:16+00:00
KXNFLRSHYDS-26OCT05ATLNO,KXNFLRSHYDS,KXNFLRSHYDS-26OCT05ATLNO-ATLBROBINSON7-100,Bijan Robinson: 100+ rushing yards,0.3500,0.3900,0.4000,23.99,23.99,active,2026-10-08T00:15:00Z,2026-10-01T13:50:16+00:00
KXNFLRSHYDS-26OCT05ATLNO,KXNFLRSHYDS,KXNFLRSHYDS-26OCT05ATLNO-ATLBROBINSON7-90,Bijan Robinson: 90+ rushing yards,0.4500,0.4800,0.5000,134.84,109.85,active,2026-10-08T00:15:00Z,2026-10-01T13:50:16+00:00
KXNFLRSHYDS-26OCT05ATLNO,KXNFLRSHYDS,KXNFLRSHYDS-26OCT05ATLNO-ATLBROBINSON7-60,Bijan Robinson: 60+ rushing yards,0.7300,0.7800,0.7900,6.23,6.23,active,2026-10-08T00:15:00Z,2026-10-01T13:50:16+00:00
KXNFLRSHYDS-26OCT05ATLNO,KXNFLRSHYDS,KXNFLRSHYDS-26OCT05ATLNO-ATLBROBINSON7-80,Bijan Robinson: 80+ rushing yards,0.5400,0.5800,0.5900,14.82,14.82,active,2026-10-08T00:15:00Z,2026-10-01T13:50:16+00:00
KXNFLRSHYDS-26OCT05ATLNO,KXNFLRSHYDS,KXNFLRSHYDS-26OCT05ATLNO-ATLMPENIX9-15,Michael Penix Jr.: 15+ rushing yards,0.2200,0.2300,0.0000,0.00,0.00,active,2026-10-08T00:15:00Z,2026-10-01T13:50:16+00:00
KXNFLRSHYDS-26OCT05ATLNO,KXNFLRSHYDS,KXNFLRSHYDS-26OCT05ATLNO-ATLBROBINSON7-160,Bijan Robinson: 160+ rushing yards,0.0200,0.0900,0.0000,0.00,0.00,active,2026-10-08T00:15:00Z,2026-10-01T13:50:16+00:00
KXNFLRSHYDS-26OCT05ATLNO,KXNFLRSHYDS,KXNFLRSHYDS-26OCT05ATLNO-NOKMILLER5-20,Kendre Miller: 20+ rushing yards,0.5700,0.6200,0.5800,1.60,1.60,active,2026-10-08T00:15:00Z,2026-10-01T13:50:16+00:00
KXNFLRSHYDS-26OCT05ATLNO,KXNFLRSHYDS,KXNFLRSHYDS-26OCT05ATLNO-NOAKAMARA41-20,Alvin Kamara: 20+ rushing yards,0.7900,0.8300,0.0000,0.00,0.00,active,2026-10-08T00:15:00Z,2026-10-01T13:50:16+00:00
KXNFLRSHYDS-26OCT05ATLNO,KXNFLRSHYDS,KXNFLRSHYDS-26OCT05ATLNO-NOKMILLER5-40,Kendre Miller: 40+ rushing yards,0.2200,0.2700,0.0000,0.00,0.00,active,2026-10-08T00:15:00Z,2026-10-01T13:50:16+00:00
KXNFLRSHYDS-26OCT05ATLNO,KXNFLRSHYDS,KXNFLRSHYDS-26OCT05ATLNO-NOKMILLER5-30,Kendre Miller: 30+ rushing yards,0.3700,0.4200,0.3800,12.61,12.61,active,2026-10-08T00:15:00Z,2026-10-01T13:50:16+00:00
KXNFLRSHYDS-26OCT05ATLNO,KXNFLRSHYDS,KXNFLRSHYDS-26OCT05ATLNO-NOKMILLER5-70,Kendre Miller: 70+ rushing yards,0.0200,0.0800,0.0000,0.00,0.00,active,2026-10-08T00:15:00Z,2026-10-01T13:50:16+00:00
KXNFLRSHYDS-26OCT05ATLNO,KXNFLRSHYDS,KXNFLRSHYDS-26OCT05ATLNO-NOKMILLER5-60,Kendre Miller: 60+ rushing yards,0.0600,0.1200,0.0000,0.00,0.00,active,2026-10-08T00:15:00Z,2026-10-01T13:50:16+00:00
KXNFLRSHYDS-26OCT05ATLNO,KXNFLRSHYDS,KXNFLRSHYDS-26OCT05ATLNO-NOAKAMARA41-50,Alvin Kamara: 50+ rushing yards,0.3100,0.3400,0.0000,0.00,0.00,active,2026-10-08T00:15:00Z,2026-10-01T13:50:16+00:00
KXNFLRSHYDS-26OCT05ATLNO,KXNFLRSHYDS,KXNFLRSHYDS-26OCT05ATLNO-ATLBROBINSON15-20,Brian Robinson: 20+ rushing yards,0.6900,0.7200,0.0000,0.00,0.00,active,2026-10-08T00:15:00Z,2026-10-01T13:50:16+00:00
KXNFLRSHYDS-26OCT05ATLNO,KXNFLRSHYDS,KXNFLRSHYDS-26OCT05ATLNO-ATLBROBINSON7-140,Bijan Robinson: 140+ rushing yards,0.1000,0.1500,0.0000,0.00,0.00,active,2026-10-08T00:15:00Z,2026-10-01T13:50:16+00:00
KXNFLRSHYDS-26OCT05ATLNO,KXNFLRSHYDS,KXNFLRSHYDS-26OCT05ATLNO-ATLBROBINSON7-70,Bijan Robinson: 70+ rushing yards,0.6400,0.6900,0.7000,13.95,13.95,active,2026-10-08T00:15:00Z,2026-10-01T13:50:16+00:00
KXNFLRSHYDS-26OCT05ATLNO,KXNFLRSHYDS,KXNFLRSHYDS-26OCT05ATLNO-ATLBROBINSON7-120,Bijan Robinson: 120+ rushing yards,0.2000,0.2400,0.0000,0.00,0.00,active,2026-10-08T00:15:00Z,2026-10-01T13:50:16+00:00
KXNFLRSHYDS-26OCT05ATLNO,KXNFLRSHYDS,KXNFLRSHYDS-26OCT05ATLNO-ATLBROBINSON7-50,Bijan Robinson: 50+ rushing yards,0.8200,0.8600,0.0000,0.00,0.00,active,2026-10-08T00:15:00Z,2026-10-01T13:50:16+00:00
KXNFLRSHYDS-26OCT05ATLNO,KXNFLRSHYDS,KXNFLRSHYDS-26OCT05ATLNO-NOAKAMARA41-25,Alvin Kamara: 25+ rushing yards,0.7100,0.7500,0.0000,0.00,0.00,active,2026-10-08T00:15:00Z,2026-10-01T13:50:16+00:00
KXNFLRSHYDS-26OCT05ATLNO,KXNFLRSHYDS,KXNFLRSHYDS-26OCT05ATLNO-ATLBROBINSON15-25,Brian Robinson: 25+ rushing yards,0.5900,0.6300,0.0000,0.00,0.00,active,2026-10-08T00:15:00Z,2026-10-01T13:50:16+00:00
KXNFLRSHYDS-26OCT05ATLNO,KXNFLRSHYDS,KXNFLRSHYDS-26OCT05ATLNO-NOAKAMARA41-80,Alvin Kamara: 80+ rushing yards,0.0600,0.1100,0.0000,0.00,0.00,active,2026-10-08T00:15:00Z,2026-10-01T13:50:16+00:00
KXNFLRSHYDS-26OCT05ATLNO,KXNFLRSHYDS,KXNFLRSHYDS-26OCT05ATLNO-NOAKAMARA41-60,Alvin Kamara: 60+ rushing yards,0.2100,0.2300,0.2400,4.00,4.00,active,2026-10-08T00:15:00Z,2026-10-01T13:50:16+00:00
KXNFLRSHYDS-26OCT05ATLNO,KXNFLRSHYDS,KXNFLRSHYDS-26OCT05ATLNO-NOAKAMARA41-30,Alvin Kamara: 30+ rushing yards,0.6200,0.6600,0.0000,0.00,0.00,active,2026-10-08T00:15:00Z,2026-10-01T13:50:16+00:00
KXNFLRSHYDS-26OCT05ATLNO,KXNFLRSHYDS,KXNFLRSHYDS-26OCT05ATLNO-NOKMILLER5-50,Kendre Miller: 50+ rushing yards,0.1200,0.1800,0.1500,22.57,22.57,active,2026-10-08T00:15:00Z,2026-10-01T13:50:16+00:00
KXNFLRSHYDS-26OCT05ATLNO,KXNFLRSHYDS,KXNFLRSHYDS-26OCT05ATLNO-ATLBROBINSON15-40,Brian Robinson: 40+ rushing yards,0.3200,0.3600,0.3400,7.39,7.39,active,2026-10-08T00:15:00Z,2026-10-01T13:50:16+00:00
KXNFLRSHYDS-26OCT05ATLNO,KXNFLRSHYDS,KXNFLRSHYDS-26OCT05ATLNO-ATLBROBINSON15-30,Brian Robinson: 30+ rushing yards,0.4900,0.5300,0.5200,216.30,216.30,active,2026-10-08T00:15:00Z,2026-10-01T13:50:16+00:00
KXNFLRSHYDS-26OCT05ATLNO,KXNFLRSHYDS,KXNFLRSHYDS-26OCT05ATLNO-ATLMPENIX9-30,Michael Penix Jr.: 30+ rushing yards,0.0500,0.0800,0.0000,0.00,0.00,active,2026-10-08T00:15:00Z,2026-10-01T13:50:16+00:00
KXNFLRSHYDS-26OCT05ATLNO,KXNFLRSHYDS,KXNFLRSHYDS-26OCT05ATLNO-NOKMILLER5-25,Kendre Miller: 25+ rushing yards,0.4800,0.5100,0.0000,0.00,0.00,active,2026-10-08T00:15:00Z,2026-10-01T13:50:16+00:00
KXNFLRSHYDS-26OCT05ATLNO,KXNFLRSHYDS,KXNFLRSHYDS-26OCT05ATLNO-ATLBROBINSON15-50,Brian Robinson: 50+ rushing yards,0.2000,0.2400,0.0000,0.00,0.00,active,2026-10-08T00:15:00Z,2026-10-01T13:50:16+00:00
KXNFLRSHYDS-26OCT05ATLNO,KXNFLRSHYDS,KXNFLRSHYDS-26OCT05ATLNO-NOAKAMARA41-40,Alvin Kamara: 40+ rushing yards,0.4600,0.4800,0.0000,0.00,0.00,active,2026-10-08T00:15:00Z,2026-10-01T13:50:16+00:00
KXNFLRSHYDS-26OCT05ATLNO,KXNFLRSHYDS,KXNFLRSHYDS-26OCT05ATLNO-ATLMPENIX9-20,Michael Penix Jr.: 20+ rushing yards,0.1400,0.1600,0.0000,0.00,0.00,active,2026-10-08T00:15:00Z,2026-10-01T13:50:16+00:00
KXNFLRSHYDS-26OCT05ATLNO,KXNFLRSHYDS,KXNFLRSHYDS-26OCT05ATLNO-ATLBROBINSON15-70,Brian Robinson: 70+ rushing yards,0.0500,0.1100,0.0000,0.00,0.00,active,2026-10-08T00:15:00Z,2026-10-01T13:50:16+00:00
KXNFLRSHYDS-26OCT05ATLNO,KXNFLRSHYDS,KXNFLRSHYDS-26OCT05ATLNO-ATLMPENIX9-25,Michael Penix Jr.: 25+ rushing yards,0.0800,0.1000,0.0000,0.00,0.00,active,2026-10-08T00:15:00Z,2026-10-01T13:50:16+00:00
KXNFLRSHYDS-26OCT05ATLNO,KXNFLRSHYDS,KXNFLRSHYDS-26OCT05ATLNO-ATLMPENIX9-10,Michael Penix Jr.: 10+ rushing yards,0.3500,0.3700,0.0000,0.00,0.00,active,2026-10-08T00:15:00Z,2026-10-01T13:50:16+00:00
KXNFLPASSYDS-26OCT01PITCLE,KXNFLPASSYDS,KXNFLPASSYDS-26OCT01PITCLE-CLEDWATSON4-300,Deshaun Watson: 300+ passing yards,0.0500,0.0600,0.0600,5994.81,5994.81,active,2026-10-04T00:15:00Z,2026-10-01T13:50:16+00:00
KXNFLPASSYDS-26OCT01PITCLE,KXNFLPASSYDS,KXNFLPASSYDS-26OCT01PITCLE-CLEDWATSON4-125,Deshaun Watson: 125+ passing yards,0.8400,0.8500,0.8500,799.55,788.03,active,2026-10-04T00:15:00Z,2026-10-01T13:50:16+00:00
KXNFLPASSYDS-26OCT01PITCLE,KXNFLPASSYDS,KXNFLPASSYDS-26OCT01PITCLE-PITARODGERS8-175,Aaron Rodgers: 175+ passing yards,0.7200,0.7300,0.7300,1728.24,1599.63,active,2026-10-04T00:15:00Z,2026-10-01T13:50:16+00:00
KXNFLPASSYDS-26OCT01PITCLE,KXNFLPASSYDS,KXNFLPASSYDS-26OCT01PITCLE-PITARODGERS8-225,Aaron Rodgers: 225+ passing yards,0.4300,0.4400,0.4400,12769.60,12388.13,active,2026-10-04T00:15:00Z,2026-10-01T13:50:16+00:00
KXNFLPASSYDS-26OCT01PITCLE,KXNFLPASSYDS,KXNFLPASSYDS-26OCT01PITCLE-CLEDWATSON4-150,Deshaun Watson: 150+ passing yards,0.7200,0.7300,0.7300,2481.55,2481.55,active,2026-10-04T00:15:00Z,2026-10-01T13:50:16+00:00
KXNFLPASSYDS-26OCT01PITCLE,KXNFLPASSYDS,KXNFLPASSYDS-26OCT01PITCLE-CLEDWATSON4-200,Deshaun Watson: 200+ passing yards,0.4100,0.4200,0.4200,4744.52,3079.61,active,2026-10-04T00:15:00Z,2026-10-01T13:50:16+00:00
KXNFLPASSYDS-26OCT01PITCLE,KXNFLPASSYDS,KXNFLPASSYDS-26OCT01PITCLE-CLEDWATSON4-225,Deshaun Watson: 225+ passing yards,0.2700,0.2800,0.2700,4786.13,4351.58,active,2026-10-04T00:15:00Z,2026-10-01T13:50:16+00:00
KXNFLPASSYDS-26OCT01PITCLE,KXNFLPASSYDS,KXNFLPASSYDS-26OCT01PITCLE-PITARODGERS8-200,Aaron Rodgers: 200+ passing yards,0.5900,0.6000,0.6000,20701.92,20153.22,active,2026-10-04T00:15:00Z,2026-10-01T13:50:16+00:00
KXNFLPASSYDS-26OCT01PITCLE,KXNFLPASSYDS,KXNFLPASSYDS-26OCT01PITCLE-PITARODGERS8-300,Aaron Rodgers: 300+ passing yards,0.1100,0.1200,0.1200,1211.04,1211.04,active,2026-10-04T00:15:00Z,2026-10-01T13:50:16+00:00
KXNFLPASSYDS-26OCT01PITCLE,KXNFLPASSYDS,KXNFLPASSYDS-26OCT01PITCLE-PITARODGERS8-250,Aaron Rodgers: 250+ passing yards,0.2900,0.3000,0.3000,2006.12,1879.62,active,2026-10-04T00:15:00Z,2026-10-01T13:50:16+00:00
KXNFLPASSYDS-26OCT01PITCLE,KXNFLPASSYDS,KXNFLPASSYDS-26OCT01PITCLE-CLEDWATSON4-275,Deshaun Watson: 275+ passing yards,0.1000,0.1100,0.1000,2356.98,2352.98,active,2026-10-04T00:15:00Z,2026-10-01T13:50:16+00:00
KXNFLPASSYDS-26OCT01PITCLE,KXNFLPASSYDS,KXNFLPASSYDS-26OCT01PITCLE-PITARODGERS8-150,Aaron Rodgers: 150+ passing yards,0.8400,0.8500,0.8500,2518.98,2469.71,active,2026-10-04T00:15:00Z,2026-10-01T13:50:16+00:00
KXNFLPASSYDS-26OCT01PITCLE,KXNFLPASSYDS,KXNFLPASSYDS-26OCT01PITCLE-PITARODGERS8-275,Aaron Rodgers: 275+ passing yards,0.1700,0.1800,0.1900,1444.78,1423.29,active,2026-10-04T00:15:00Z,2026-10-01T13:50:16+00:00
KXNFLPASSYDS-26OCT01PITCLE,KXNFLPASSYDS,KXNFLPASSYDS-26OCT01PITCLE-PITARODGERS8-325,Aaron Rodgers: 325+ passing yards,0.0500,0.0600,0.0600,33.61,33.61,active,2026-10-04T00:15:00Z,2026-10-01T13:50:16+00:00
KXNFLPASSYDS-26OCT01PITCLE,KXNFLPASSYDS,KXNFLPASSYDS-26OCT01PITCLE-CLEDWATSON4-175,Deshaun Watson: 175+ passing yards,0.5800,0.5900,0.5900,1826.47,1803.08,active,2026-10-04T00:15:00Z,2026-10-01T13:50:16+00:00
KXNFLPASSYDS-26OCT01PITCLE,KXNFLPASSYDS,KXNFLPASSYDS-26OCT01PITCLE-CLEDWATSON4-250,Deshaun Watson: 250+ passing yards,0.1600,0.1700,0.1600,1903.15,1814.78,active,2026-10-04T00:15:00Z,2026-10-01T13:50:16+00:00
KXNFLPASSYDS-26OCT04ARINYG,KXNFLPASSYDS,KXNFLPASSYDS-26OCT04ARINYG-ARIJBRISSETT7-225,Jacoby Brissett: 225+ passing yards,0.5400,0.5500,0.5500,259.16,259.16,active,2026-10-06T17:00:00Z,2026-10-01T13:50:16+00:00
KXNFLPASSYDS-26OCT04ARINYG,KXNFLPASSYDS,KXNFLPASSYDS-26OCT04ARINYG-NYGJWINSTON19-350,Jameis Winston: 350+ passing yards,0.0200,0.0400,0.0200,55.43,55.43,active,2026-10-06T17:00:00Z,2026-10-01T13:50:16+00:00
KXNFLPASSYDS-26OCT04ARINYG,KXNFLPASSYDS,KXNFLPASSYDS-26OCT04ARINYG-NYGJWINSTON19-325,Jameis Winston: 325+ passing yards,0.0500,0.0800,0.0000,0.00,0.00,active,2026-10-06T17:00:00Z,2026-10-01T13:50:16+00:00
KXNFLPASSYDS-26OCT04ARINYG,KXNFLPASSYDS,KXNFLPASSYDS-26OCT04ARINYG-NYGJWINSTON19-125,Jameis Winston: 125+ passing yards,0.8300,0.9200,0.0000,0.00,0.00,active,2026-10-06T17:00:00Z,2026-10-01T13:50:16+00:00
KXNFLPASSYDS-26OCT04ARINYG,KXNFLPASSYDS,KXNFLPASSYDS-26OCT04ARINYG-NYGJWINSTON19-225,Jameis Winston: 225+ passing yards,0.3800,0.4300,0.0000,0.00,0.00,active,2026-10-06T17:00:00Z,2026-10-01T13:50:16+00:00
KXNFLPASSYDS-26OCT04ARINYG,KXNFLPASSYDS,KXNFLPASSYDS-26OCT04ARINYG-NYGJWINSTON19-300,Jameis Winston: 300+ passing yards,0.0800,0.1100,0.0000,0.00,0.00,active,2026-10-06T17:00:00Z,2026-10-01T13:50:16+00:00
KXNFLPASSYDS-26OCT04ARINYG,KXNFLPASSYDS,KXNFLPASSYDS-26OCT04ARINYG-NYGJWINSTON19-250,Jameis Winston: 250+ passing yards,0.2600,0.2900,0.0000,0.00,0.00,active,2026-10-06T17:00:00Z,2026-10-01T13:50:16+00:00
KXNFLPASSYDS-26OCT04ARINYG,KXNFLPASSYDS,KXNFLPASSYDS-26OCT04ARINYG-ARIJBRISSETT7-200,Jacoby Brissett: 200+ passing yards,0.6800,0.7100,0.7100,68.48,68.48,active,2026-10-06T17:00:00Z,2026-10-01T13:50:16+00:00
KXNFLPASSYDS-26OCT04ARINYG,KXNFLPASSYDS,KXNFLPASSYDS-26OCT04ARINYG-ARIJBRISSETT7-150,Jacoby Brissett: 150+ passing yards,0.8900,0.9000,0.0000,0.00,0.00,active,2026-10-06T17:00:00Z,2026-10-01T13:50:16+00:00
KXNFLPASSYDS-26OCT04ARINYG,KXNFLPASSYDS,KXNFLPASSYDS-26OCT04ARINYG-NYGJWINSTON19-175,Jameis Winston: 175+ passing yards,0.6800,0.7300,0.0000,0.00,0.00,active,2026-10-06T17:00:00Z,2026-10-01T13:50:16+00:00
KXNFLPASSYDS-26OCT04ARINYG,KXNFLPASSYDS,KXNFLPASSYDS-26OCT04ARINYG-ARIJBRISSETT7-350,Jacoby Brissett: 350+ passing yards,0.0500,0.0700,0.0000,0.00,0.00,active,2026-10-06T17:00:00Z,2026-10-01T13:50:16+00:00
KXNFLPASSYDS-26OCT04ARINYG,KXNFLPASSYDS,KXNFLPASSYDS-26OCT04ARINYG-NYGJWINSTON19-275,Jameis Winston: 275+ passing yards,0.1500,0.1900,0.0000,0.00,0.00,active,2026-10-06T17:00:00Z,2026-10-01T13:50:16+00:00
KXNFLPASSYDS-26OCT04ARINYG,KXNFLPASSYDS,KXNFLPASSYDS-26OCT04ARINYG-NYGJWINSTON19-200,Jameis Winston: 200+ passing yards,0.5400,0.5700,0.5600,128.69,128.69,active,2026-10-06T17:00:00Z,2026-10-01T13:50:16+00:00
KXNFLPASSYDS-26OCT04ARINYG,KXNFLPASSYDS,KXNFLPASSYDS-26OCT04ARINYG-ARIJBRISSETT7-250,Jacoby Brissett: 250+ passing yards,0.3700,0.4000,0.3800,883.66,883.66,active,2026-10-06T17:00:00Z,2026-10-01T13:50:16+00:00
KXNFLPASSYDS-26OCT04ARINYG,KXNFLPASSYDS,KXNFLPASSYDS-26OCT04ARINYG-ARIJBRISSETT7-175,Jacoby Brissett: 175+ passing yards,0.8000,0.8200,0.0000,0.00,0.00,active,2026-10-06T17:00:00Z,2026-10-01T13:50:16+00:00
KXNFLPASSYDS-26OCT04ARINYG,KXNFLPASSYDS,KXNFLPASSYDS-26OCT04ARINYG-ARIJBRISSETT7-300,Jacoby Brissett: 300+ passing yards,0.1400,0.1800,0.0000,0.00,0.00,active,2026-10-06T17:00:00Z,2026-10-01T13:50:16+00:00
KXNFLPASSYDS-26OCT04ARINYG,KXNFLPASSYDS,KXNFLPASSYDS-26OCT04ARINYG-ARIJBRISSETT7-325,Jacoby Brissett: 325+ passing yards,0.0700,0.1200,0.0000,0.00,0.00,active,2026-10-06T17:00:00Z,2026-10-01T13:50:16+00:00
KXNFLPASSYDS-26OCT04ARINYG,KXNFLPASSYDS,KXNFLPASSYDS-26OCT04ARINYG-NYGJWINSTON19-150,Jameis Winston: 150+ passing yards,0.8100,0.8300,0.0000,0.00,0.00,active,2026-10-06T17:00:00Z,2026-10-01T13:50:16+00:00
KXNFLPASSYDS-26OCT04ARINYG,KXNFLPASSYDS,KXNFLPASSYDS-26OCT04ARINYG-ARIJBRISSETT7-275,Jacoby Brissett: 275+ passing yards,0.2400,0.2800,0.0000,0.00,0.00,active,2026-10-06T17:00:00Z,2026-10-01T13:50:16+00:00
KXNFLPASSYDS-26OCT04DALHOU,KXNFLPASSYDS,KXNFLPASSYDS-26OCT04DALHOU-DALDPRESCOTT4-400,Dak Prescott: 400+ passing yards,0.0500,0.0600,0.0000,0.00,0.00,active,2026-10-06T17:00:00Z,2026-10-01T13:50:16+00:00
KXNFLPASSYDS-26OCT04DALHOU,KXNFLPASSYDS,KXNFLPASSYDS-26OCT04DALHOU-DALDPRESCOTT4-375,Dak Prescott: 375+ passing yards,0.0600,0.1200,0.0000,0.00,0.00,active,2026-10-06T17:00:00Z,2026-10-01T13:50:16+00:00
KXNFLPASSYDS-26OCT04DALHOU,KXNFLPASSYDS,KXNFLPASSYDS-26OCT04DALHOU-HOUCSTROUD7-350,C.J. Stroud: 350+ passing yards,0.0600,0.1000,0.0000,0.00,0.00,active,2026-10-06T17:00:00Z,2026-10-01T13:50:16+00:00
KXNFLPASSYDS-26OCT04DALHOU,KXNFLPASSYDS,KXNFLPASSYDS-26OCT04DALHOU-DALDPRESCOTT4-225,Dak Prescott: 225+ passing yards,0.7400,0.7900,0.0000,0.00,0.00,active,2026-10-06T17:00:00Z,2026-10-01T13:50:16+00:00
KXNFLPASSYDS-26OCT04DALHOU,KXNFLPASSYDS,KXNFLPASSYDS-26OCT04DALHOU-DALDPRESCOTT4-275,Dak Prescott: 275+ passing yards,0.4700,0.4800,0.4700,60.00,56.63,active,2026-10-06T17:00:00Z,2026-10-01T13:50:16+00:00
KXNFLPASSYDS-26OCT04DALHOU,KXNFLPASSYDS,KXNFLPASSYDS-26OCT04DALHOU-DALDPRESCOTT4-300,Dak Prescott: 300+ passing yards,0.3300,0.3700,0.0000,0.00,0.00,active,2026-10-06T17:00:00Z,2026-10-01T13:50:16+00:00
KXNFLPASSYDS-26OCT04DALHOU,KXNFLPASSYDS,KXNFLPASSYDS-26OCT04DALHOU-DALDPRESCOTT4-325,Dak Prescott: 325+ passing yards,0.2000,0.2600,0.0000,0.00,0.00,active,2026-10-06T17:00:00Z,2026-10-01T13:50:16+00:00
KXNFLPASSYDS-26OCT04DALHOU,KXNFLPASSYDS,KXNFLPASSYDS-26OCT04DALHOU-DALDPRESCOTT4-200,Dak Prescott: 200+ passing yards,0.8300,0.8600,0.8700,56.96,56.96,active,2026-10-06T17:00:00Z,2026-10-01T13:50:16+00:00
KXNFLPASSYDS-26OCT04DALHOU,KXNFLPASSYDS,KXNFLPASSYDS-26OCT04DALHOU-DALDPRESCOTT4-250,Dak Prescott: 250+ passing yards,0.6200,0.6300,0.6500,20.76,20.76,active,2026-10-06T17:00:00Z,2026-10-01T13:50:16+00:00
KXNFLPASSYDS-26OCT04DALHOU,KXNFLPASSYDS,KXNFLPASSYDS-26OCT04DALHOU-HOUCSTROUD7-250,C.J. Stroud: 250+ passing yards,0.4800,0.5000,0.4800,902.92,902.92,active,2026-10-06T17:00:00Z,2026-10-01T13:50:16+00:00
KXNFLPASSYDS-26OCT04DALHOU,KXNFLPASSYDS,KXNFLPASSYDS-26OCT04DALHOU-HOUCSTROUD7-200,C.J. Stroud: 200+ passing yards,0.7100,0.7700,0.0000,0.00,0.00,active,2026-10-06T17:00:00Z,2026-10-01T13:50:16+00:00
KXNFLPASSYDS-26OCT04DALHOU,KXNFLPASSYDS,KXNFLPASSYDS-26OCT04DALHOU-DALDPRESCOTT4-350,Dak Prescott: 350+ passing yards,0.1200,0.1600,0.1500,6.26,6.26,active,2026-10-06T17:00:00Z,2026-10-01T13:50:16+00:00
KXNFLPASSYDS-26OCT04DALHOU,KXNFLPASSYDS,KXNFLPASSYDS-26OCT04DALHOU-HOUCSTROUD7-275,C.J. Stroud: 275+ passing yards,0.3300,0.3600,0.0000,0.00,0.00,active,2026-10-06T17:00:00Z,2026-10-01T13:50:16+00:00
KXNFLPASSYDS-26OCT04DALHOU,KXNFLPASSYDS,KXNFLPASSYDS-26OCT04DALHOU-HOUCSTROUD7-325,C.J. Stroud: 325+ passing yards,0.1000,0.1700,0.1600,295.14,295.14,active,2026-10-06T17:00:00Z,2026-10-01T13:50:16+00:00
KXNFLPASSYDS-26OCT04DALHOU,KXNFLPASSYDS,KXNFLPASSYDS-26OCT04DALHOU-HOUCSTROUD7-300,C.J. Stroud: 300+ passing yards,0.2200,0.2400,0.0000,0.00,0.00,active,2026-10-06T17:00:00Z,2026-10-01T13:50:16+00:00
KXNFLPASSYDS-26OCT04DALHOU,KXNFLPASSYDS,KXNFLPASSYDS-26OCT04DALHOU-HOUCSTROUD7-175,C.J. Stroud: 175+ passing yards,0.7700,0.8200,0.8500,13.20,13.20,active,2026-10-06T17:00:00Z,2026-10-01T13:50:16+00:00
KXNFLPASSYDS-26OCT04DALHOU,KXNFLPASSYDS,KXNFLPASSYDS-26OCT04DALHOU-HOUCSTROUD7-225,C.J. Stroud: 225+ passing yards,0.5900,0.6400,0.6500,30.03,30.03,active,2026-10-06T17:00:00Z,2026-10-01T13:50:16+00:00
KXNFLPASSYDS-26OCT04DENSF,KXNFLPASSYDS,KXNFLPASSYDS-26OCT04DENSF-SFBPURDY13-250,Brock Purdy: 250+ passing yards,0.4000,0.4100,0.4100,495.47,495.47,active,2026-10-06T20:25:00Z,2026-10-01T13:50:16+00:00
KXNFLPASSYDS-26OCT04DENSF,KXNFLPASSYDS,KXNFLPASSYDS-26OCT04DENSF-DENBNIX10-275,Bo Nix: 275+ passing yards,0.2200,0.2400,0.0000,0.00,0.00,active,2026-10-06T20:25:00Z,2026-10-01T13:50:16+00:00
KXNFLPASSYDS-26OCT04DENSF,KXNFLPASSYDS,KXNFLPASSYDS-26OCT04DENSF-DENBNIX10-250,Bo Nix: 250+ passing yards,0.3400,0.3600,0.3700,10.35,10.35,active,2026-10-06T20:25:00Z,2026-10-01T13:50:16+00:00
KXNFLPASSYDS-26OCT04DENSF,KXNFLPASSYDS,KXNFLPASSYDS-26OCT04DENSF-DENBNIX10-225,Bo Nix: 225+ passing yards,0.4900,0.5000,0.4900,867.07,867.07,active,2026-10-06T20:25:00Z,2026-10-01T13:50:16+00:00
KXNFLPASSYDS-26OCT04DENSF,KXNFLPASSYDS,KXNFLPASSYDS-26OCT04DENSF-SFBPURDY13-350,Brock Purdy: 350+ passing yards,0.0500,0.0800,0.0000,0.00,0.00,active,2026-10-06T20:25:00Z,2026-10-01T13:50:16+00:00
KXNFLPASSYDS-26OCT04DENSF,KXNFLPASSYDS,KXNFLPASSYDS-26OCT04DENSF-DENBNIX10-175,Bo Nix: 175+ passing yards,0.7600,0.7700,0.0000,0.00,0.00,active,2026-10-06T20:25:00Z,2026-10-01T13:50:16+00:00
KXNFLPASSYDS-26OCT04DENSF,KXNFLPASSYDS,KXNFLPASSYDS-26OCT04DENSF-DENBNIX10-300,Bo Nix: 300+ passing yards,0.1100,0.1600,0.0000,0.00,0.00,active,2026-10-06T20:25:00Z,2026-10-01T13:50:16+00:00
KXNFLPASSYDS-26OCT04DENSF,KXNFLPASSYDS,KXNFLPASSYDS-26OCT04DENSF-DENBNIX10-200,Bo Nix: 200+ passing yards,0.6200,0.6500,0.6600,36.99,36.99,active,2026-10-06T20:25:00Z,2026-10-01T13:50:16+00:00
KXNFLPASSYDS-26OCT04DENSF,KXNFLPASSYDS,KXNFLPASSYDS-26OCT04DENSF-SFBPURDY13-150,Brock Purdy: 150+ passing yards,0.8800,0.9000,0.0000,0.00,0.00,active,2026-10-06T20:25:00Z,2026-10-01T13:50:16+00:00
KXNFLPASSYDS-26OCT04DENSF,KXNFLPASSYDS,KXNFLPASSYDS-26OCT04DENSF-SFBPURDY13-175,Brock Purdy: 175+ passing yards,0.8000,0.8100,0.0000,0.00,0.00,active,2026-10-06T20:25:00Z,2026-10-01T13:50:16+00:00
KXNFLPASSYDS-26OCT04DENSF,KXNFLPASSYDS,KXNFLPASSYDS-26OCT04DENSF-SFBPURDY13-325,Brock Purdy: 325+ passing yards,0.0800,0.1100,0.1200,172.68,172.68,active,2026-10-06T20:25:00Z,2026-10-01T13:50:16+00:00
KXNFLPASSYDS-26OCT04DENSF,KXNFLPASSYDS,KXNFLPASSYDS-26OCT04DENSF-SFBPURDY13-300,Brock Purdy: 300+ passing yards,0.1500,0.1800,0.1900,719.59,719.59,active,2026-10-06T20:25:00Z,2026-10-01T13:50:16+00:00
KXNFLPASSYDS-26OCT04DENSF,KXNFLPASSYDS,KXNFLPASSYDS-26OCT04DENSF-SFBPURDY13-200,Brock Purdy: 200+ passing yards,0.6800,0.7000,0.7100,6.90,6.90,active,2026-10-06T20:25:00Z,2026-10-01T13:50:16+00:00
KXNFLPASSYDS-26OCT04DENSF,KXNFLPASSYDS,KXNFLPASSYDS-26OCT04DENSF-DENBNIX10-325,Bo Nix: 325+ passing yards,0.0600,0.0900,0.1000,470.36,470.36,active,2026-10-06T20:25:00Z,2026-10-01T13:50:16+00:00
KXNFLPASSYDS-26OCT04DENSF,KXNFLPASSYDS,KXNFLPASSYDS-26OCT04DENSF-SFBPURDY13-225,Brock Purdy: 225+ passing yards,0.5500,0.5600,0.5500,577.51,577.51,active,2026-10-06T20:25:00Z,2026-10-01T13:50:16+00:00
KXNFLPASSYDS-26OCT04DENSF,KXNFLPASSYDS,KXNFLPASSYDS-26OCT04DENSF-SFBPURDY13-275,Brock Purdy: 275+ passing yards,0.2300,0.2800,0.0000,0.00,0.00,active,2026-10-06T20:25:00Z,2026-10-01T13:50:16+00:00
KXNFLPASSYDS-26OCT04DENSF,KXNFLPASSYDS,KXNFLPASSYDS-26OCT04DENSF-DENBNIX10-150,Bo Nix: 150+ passing yards,0.8600,0.8700,0.8700,1.92,1.92,active,2026-10-06T20:25:00Z,2026-10-01T13:50:16+00:00
KXNFLPASSYDS-26OCT04DENSF,KXNFLPASSYDS,KXNFLPASSYDS-26OCT04DENSF-DENBNIX10-350,Bo Nix: 350+ passing yards,0.0500,0.0600,0.0500,49.29,49.29,active,2026-10-06T20:25:00Z,2026-10-01T13:50:16+00:00
KXNFLPASSYDS-26OCT04DETCAR,KXNFLPASSYDS,KXNFLPASSYDS-26OCT04DETCAR-CARBYOUNG9-375,Bryce Young: 375+ passing yards,0.0500,0.0700,0.0000,0.00,0.00,active,2026-10-07T00:20:00Z,2026-10-01T13:50:16+00:00
KXNFLPASSYDS-26OCT04DETCAR,KXNFLPASSYDS,KXNFLPASSYDS-26OCT04DETCAR-CARBYOUNG9-250,Bryce Young: 250+ passing yards,0.4800,0.5000,0.5100,1134.02,1116.19,active,2026-10-07T00:20:00Z,2026-10-01T13:50:16+00:00
KXNFLPASSYDS-26OCT04DETCAR,KXNFLPASSYDS,KXNFLPASSYDS-26OCT04DETCAR-CARBYOUNG9-300,Bryce Young: 300+ passing yards,0.2100,0.2500,0.2500,174.13,174.13,active,2026-10-07T00:20:00Z,2026-10-01T13:50:16+00:00
KXNFLPASSYDS-26OCT04DETCAR,KXNFLPASSYDS,KXNFLPASSYDS-26OCT04DETCAR-CARBYOUNG9-150,Bryce Young: 150+ passing yards,0.9100,0.9200,0.9200,49.00,49.00,active,2026-10-07T00:20:00Z,2026-10-01T13:50:16+00:00
KXNFLPASSYDS-26OCT04DETCAR,KXNFLPASSYDS,KXNFLPASSYDS-26OCT04DETCAR-CARBYOUNG9-175,Bryce Young: 175+ passing yards,0.8400,0.8600,0.0000,0.00,0.00,active,2026-10-07T00:20:00Z,2026-10-01T13:50:16+00:00
KXNFLPASSYDS-26OCT04DETCAR,KXNFLPASSYDS,KXNFLPASSYDS-26OCT04DETCAR-CARBYOUNG9-200,Bryce Young: 200+ passing yards,0.7400,0.7500,0.7400,1039.44,1039.44,active,2026-10-07T00:20:00Z,2026-10-01T13:50:16+00:00
KXNFLPASSYDS-26OCT04DETCAR,KXNFLPASSYDS,KXNFLPASSYDS-26OCT04DETCAR-CARBYOUNG9-275,Bryce Young: 275+ passing yards,0.3400,0.3600,0.3600,235.89,235.89,active,2026-10-07T00:20:00Z,2026-10-01T13:50:16+00:00
KXNFLPASSYDS-26OCT04DETCAR,KXNFLPASSYDS,KXNFLPASSYDS-26OCT04DETCAR-DETJGOFF16-175,Jared Goff: 175+ passing yards,0.8800,0.9200,0.0000,0.00,0.00,active,2026-10-07T00:20:00Z,2026-10-01T13:50:16+00:00
KXNFLPASSYDS-26OCT04DETCAR,KXNFLPASSYDS,KXNFLPASSYDS-26OCT04DETCAR-DETJGOFF16-350,Jared Goff: 350+ passing yards,0.0700,0.1400,0.0000,0.00,0.00,active,2026-10-07T00:20:00Z,2026-10-01T13:50:16+00:00
KXNFLPASSYDS-26OCT04DETCAR,KXNFLPASSYDS,KXNFLPASSYDS-26OCT04DETCAR-DETJGOFF16-275,Jared Goff: 275+ passing yards,0.4000,0.4500,0.4000,1707.80,1696.44,active,2026-10-07T00:20:00Z,2026-10-01T13:50:16+00:00
KXNFLPASSYDS-26OCT04DETCAR,KXNFLPASSYDS,KXNFLPASSYDS-26OCT04DETCAR-CARBYOUNG9-350,Bryce Young: 350+ passing yards,0.0600,0.1100,0.0000,0.00,0.00,active,2026-10-07T00:20:00Z,2026-10-01T13:50:16+00:00
KXNFLPASSYDS-26OCT04DETCAR,KXNFLPASSYDS,KXNFLPASSYDS-26OCT04DETCAR-DETJGOFF16-375,Jared Goff: 375+ passing yards,0.0500,0.1000,0.0000,0.00,0.00,active,2026-10-07T00:20:00Z,2026-10-01T13:50:16+00:00
KXNFLPASSYDS-26OCT04DETCAR,KXNFLPASSYDS,KXNFLPASSYDS-26OCT04DETCAR-CARBYOUNG9-225,Bryce Young: 225+ passing yards,0.6300,0.6600,0.6600,38.46,38.46,active,2026-10-07T00:20:00Z,2026-10-01T13:50:16+00:00
KXNFLPASSYDS-26OCT04DETCAR,KXNFLPASSYDS,KXNFLPASSYDS-26OCT04DETCAR-DETJGOFF16-300,Jared Goff: 300+ passing yards,0.2600,0.3000,0.3000,31.77,31.77,active,2026-10-07T00:20:00Z,2026-10-01T13:50:16+00:00
KXNFLPASSYDS-26OCT04DETCAR,KXNFLPASSYDS,KXNFLPASSYDS-26OCT04DETCAR-CARBYOUNG9-325,Bryce Young: 325+ passing yards,0.1100,0.1600,0.1500,12.53,12.53,active,2026-10-07T00:20:00Z,2026-10-01T13:50:16+00:00
KXNFLPASSYDS-26OCT04DETCAR,KXNFLPASSYDS,KXNFLPASSYDS-26OCT04DETCAR-DETJGOFF16-225,Jared Goff: 225+ passing yards,0.6900,0.7300,0.0000,0.00,0.00,active,2026-10-07T00:20:00Z,2026-10-01T13:50:16+00:00
KXNFLPASSYDS-26OCT04DETCAR,KXNFLPASSYDS,KXNFLPASSYDS-26OCT04DETCAR-DETJGOFF16-325,Jared Goff: 325+ passing yards,0.1500,0.2100,0.0000,0.00,0.00,active,2026-10-07T00:20:00Z,2026-10-01T13:50:16+00:00
KXNFLPASSYDS-26OCT04DETCAR,KXNFLPASSYDS,KXNFLPASSYDS-26OCT04DETCAR-DETJGOFF16-200,Jared Goff: 200+ passing yards,0.8100,0.8300,0.0000,0.00,0.00,active,2026-10-07T00:20:00Z,2026-10-01T13:50:16+00:00
KXNFLPASSYDS-26OCT04DETCAR,KXNFLPASSYDS,KXNFLPASSYDS-26OCT04DETCAR-DETJGOFF16-400,Jared Goff: 400+ passing yards,0.0200,0.0500,0.0000,0.00,0.00,active,2026-10-07T00:20:00Z,2026-10-01T13:50:16+00:00
KXNFLPASSYDS-26OCT04DETCAR,KXNFLPASSYDS,KXNFLPASSYDS-26OCT04DETCAR-DETJGOFF16-250,Jared Goff: 250+ passing yards,0.5600,0.5700,0.5700,111.08,111.08,active,2026-10-07T00:20:00Z,2026-10-01T13:50:16+00:00
KXNFLPASSYDS-26OCT04GBTB,KXNFLPASSYDS,KXNFLPASSYDS-26OCT04GBTB-TBJDANIELS10-300,Jalon Daniels: 300+ passing yards,0.0400,0.0600,0.0500,51.00,51.00,active,2026-10-06T17:00:00Z,2026-10-01T13:50:16+00:00
KXNFLPASSYDS-26OCT04GBTB,KXNFLPASSYDS,KXNFLPASSYDS-26OCT04GBTB-TBJDANIELS10-225,Jalon Daniels: 225+ passing yards,0.2200,0.2500,0.2200,640.49,640.49,active,2026-10-06T17:00:00Z,2026-10-01T13:50:16+00:00
KXNFLPASSYDS-26OCT04GBTB,KXNFLPASSYDS,KXNFLPASSYDS-26OCT04GBTB-TBJDANIELS10-250,Jalon Daniels: 250+ passing yards,0.1400,0.1500,0.1300,2804.36,2804.36,active,2026-10-06T17:00:00Z,2026-10-01T13:50:16+00:00
KXNFLPASSYDS-26OCT04GBTB,KXNFLPASSYDS,KXNFLPASSYDS-26OCT04GBTB-GBJLOVE10-225,Jordan Love: 225+ passing yards,0.6100,0.6400,0.0000,0.00,0.00,active,2026-10-06T17:00:00Z,2026-10-01T13:50:16+00:00
KXNFLPASSYDS-26OCT04GBTB,KXNFLPASSYDS,KXNFLPASSYDS-26OCT04GBTB-GBJLOVE10-375,Jordan Love: 375+ passing yards,0.0500,0.0800,0.0000,0.00,0.00,active,2026-10-06T17:00:00Z,2026-10-01T13:50:16+00:00
KXNFLPASSYDS-26OCT04GBTB,KXNFLPASSYDS,KXNFLPASSYDS-26OCT04GBTB-TBJDANIELS10-150,Jalon Daniels: 150+ passing yards,0.5800,0.6400,0.0000,0.00,0.00,active,2026-10-06T17:00:00Z,2026-10-01T13:50:16+00:00
KXNFLPASSYDS-26OCT04GBTB,KXNFLPASSYDS,KXNFLPASSYDS-26OCT04GBTB-GBJLOVE10-300,Jordan Love: 300+ passing yards,0.2000,0.2300,0.0000,0.00,0.00,active,2026-10-06T17:00:00Z,2026-10-01T13:50:16+00:00
KXNFLPASSYDS-26OCT04GBTB,KXNFLPASSYDS,KXNFLPASSYDS-26OCT04GBTB-GBJLOVE10-325,Jordan Love: 325+ passing yards,0.1200,0.1600,0.0000,0.00,0.00,active,2026-10-06T17:00:00Z,2026-10-01T13:50:16+00:00
KXNFLPASSYDS-26OCT04GBTB,KXNFLPASSYDS,KXNFLPASSYDS-26OCT04GBTB-GBJLOVE10-175,Jordan Love: 175+ passing yards,0.8300,0.8600,0.0000,0.00,0.00,active,2026-10-06T17:00:00Z,2026-10-01T13:50:16+00:00
KXNFLPASSYDS-26OCT04GBTB,KXNFLPASSYDS,KXNFLPASSYDS-26OCT04GBTB-TBJDANIELS10-200,Jalon Daniels: 200+ passing yards,0.3100,0.3600,0.0000,0.00,0.00,active,2026-10-06T17:00:00Z,2026-10-01T13:50:16+00:00
KXNFLPASSYDS-26OCT04GBTB,KXNFLPASSYDS,KXNFLPASSYDS-26OCT04GBTB-TBJDANIELS10-125,Jalon Daniels: 125+ passing yards,0.7000,0.7400,0.0000,0.00,0.00,active,2026-10-06T17:00:00Z,2026-10-01T13:50:16+00:00
KXNFLPASSYDS-26OCT04GBTB,KXNFLPASSYDS,KXNFLPASSYDS-26OCT04GBTB-TBJDANIELS10-175,Jalon Daniels: 175+ passing yards,0.4800,0.5100,0.4800,5947.41,5684.68,active,2026-10-06T17:00:00Z,2026-10-01T13:50:16+00:00
KXNFLPASSYDS-26OCT04GBTB,KXNFLPASSYDS,KXNFLPASSYDS-26OCT04GBTB-GBJLOVE10-350,Jordan Love: 350+ passing yards,0.0600,0.0800,0.0900,140.80,140.80,active,2026-10-06T17:00:00Z,2026-10-01T13:50:16+00:00
KXNFLPASSYDS-26OCT04GBTB,KXNFLPASSYDS,KXNFLPASSYDS-26OCT04GBTB-GBJLOVE10-200,Jordan Love: 200+ passing yards,0.7300,0.7600,0.0000,0.00,0.00,active,2026-10-06T17:00:00Z,2026-10-01T13:50:16+00:00
KXNFLPASSYDS-26OCT04GBTB,KXNFLPASSYDS,KXNFLPASSYDS-26OCT04GBTB-GBJLOVE10-150,Jordan Love: 150+ passing yards,0.9000,0.9200,0.0000,0.00,0.00,active,2026-10-06T17:00:00Z,2026-10-01T13:50:16+00:00
KXNFLPASSYDS-26OCT04GBTB,KXNFLPASSYDS,KXNFLPASSYDS-26OCT04GBTB-GBJLOVE10-275,Jordan Love: 275+ passing yards,0.3100,0.3600,0.3600,1250.58,1250.58,active,2026-10-06T17:00:00Z,2026-10-01T13:50:16+00:00
KXNFLPASSYDS-26OCT04GBTB,KXNFLPASSYDS,KXNFLPASSYDS-26OCT04GBTB-GBJLOVE10-250,Jordan Love: 250+ passing yards,0.4600,0.4800,0.0000,0.00,0.00,active,2026-10-06T17:00:00Z,2026-10-01T13:50:16+00:00
KXNFLPASSYDS-26OCT04GBTB,KXNFLPASSYDS,KXNFLPASSYDS-26OCT04GBTB-TBJDANIELS10-275,Jalon Daniels: 275+ passing yards,0.0600,0.1200,0.0000,0.00,0.00,active,2026-10-06T17:00:00Z,2026-10-01T13:50:16+00:00
KXNFLPASSYDS-26OCT04INDWAS,KXNFLPASSYDS,KXNFLPASSYDS-26OCT04INDWAS-WASMMARIOTA8-325,Marcus Mariota: 325+ passing yards,0.0500,0.0900,0.0000,0.00,0.00,active,2026-10-06T13:30:00Z,2026-10-01T13:50:16+00:00
KXNFLPASSYDS-26OCT04INDWAS,KXNFLPASSYDS,KXNFLPASSYDS-26OCT04INDWAS-INDDJONES17-150,Daniel Jones: 150+ passing yards,0.8400,0.8800,0.8800,1.12,1.12,active,2026-10-06T13:30:00Z,2026-10-01T13:50:16+00:00
KXNFLPASSYDS-26OCT04INDWAS,KXNFLPASSYDS,KXNFLPASSYDS-26OCT04INDWAS-WASMMARIOTA8-250,Marcus Mariota: 250+ passing yards,0.2500,0.3100,0.0000,0.00,0.00,active,2026-10-06T13:30:00Z,2026-10-01T13:50:16+00:00
KXNFLPASSYDS-26OCT04INDWAS,KXNFLPASSYDS,KXNFLPASSYDS-26OCT04INDWAS-WASMMARIOTA8-350,Marcus Mariota: 350+ passing yards,0.0200,0.0500,0.0500,50.00,50.00,active,2026-10-06T13:30:00Z,2026-10-01T13:50:16+00:00
KXNFLPASSYDS-26OCT04INDWAS,KXNFLPASSYDS,KXNFLPASSYDS-26OCT04INDWAS-WASMMARIOTA8-150,Marcus Mariota: 150+ passing yards,0.7800,0.8200,0.0000,0.00,0.00,active,2026-10-06T13:30:00Z,2026-10-01T13:50:16+00:00
KXNFLPASSYDS-26OCT04INDWAS,KXNFLPASSYDS,KXNFLPASSYDS-26OCT04INDWAS-INDDJONES17-200,Daniel Jones: 200+ passing yards,0.6300,0.6700,0.6800,14.27,14.27,active,2026-10-06T13:30:00Z,2026-10-01T13:50:16+00:00
KXNFLPASSYDS-26OCT04INDWAS,KXNFLPASSYDS,KXNFLPASSYDS-26OCT04INDWAS-WASMMARIOTA8-225,Marcus Mariota: 225+ passing yards,0.3900,0.4300,0.4500,76.57,60.57,active,2026-10-06T13:30:00Z,2026-10-01T13:50:16+00:00
KXNFLPASSYDS-26OCT04INDWAS,KXNFLPASSYDS,KXNFLPASSYDS-26OCT04INDWAS-WASMMARIOTA8-275,Marcus Mariota: 275+ passing yards,0.1600,0.2000,0.1700,20.00,20.00,active,2026-10-06T13:30:00Z,2026-10-01T13:50:16+00:00
KXNFLPASSYDS-26OCT04INDWAS,KXNFLPASSYDS,KXNFLPASSYDS-26OCT04INDWAS-INDDJONES17-300,Daniel Jones: 300+ passing yards,0.1300,0.1600,0.1600,247.91,247.91,active,2026-10-06T13:30:00Z,2026-10-01T13:50:16+00:00
KXNFLPASSYDS-26OCT04INDWAS,KXNFLPASSYDS,KXNFLPASSYDS-26OCT04INDWAS-INDDJONES17-350,Daniel Jones: 350+ passing yards,0.0200,0.0400,0.0100,136.59,136.59,active,2026-10-06T13:30:00Z,2026-10-01T13:50:16+00:00
KXNFLPASSYDS-26OCT04INDWAS,KXNFLPASSYDS,KXNFLPASSYDS-26OCT04INDWAS-WASMMARIOTA8-300,Marcus Mariota: 300+ passing yards,0.0700,0.1200,0.0000,0.00,0.00,active,2026-10-06T13:30:00Z,2026-10-01T13:50:16+00:00
KXNFLPASSYDS-26OCT04INDWAS,KXNFLPASSYDS,KXNFLPASSYDS-26OCT04INDWAS-WASMMARIOTA8-175,Marcus Mariota: 175+ passing yards,0.6900,0.7300,0.0000,0.00,0.00,active,2026-10-06T13:30:00Z,2026-10-01T13:50:16+00:00
KXNFLPASSYDS-26OCT04INDWAS,KXNFLPASSYDS,KXNFLPASSYDS-26OCT04INDWAS-INDDJONES17-225,Daniel Jones: 225+ passing yards,0.4900,0.5100,0.5200,181.93,181.93,active,2026-10-06T13:30:00Z,2026-10-01T13:50:16+00:00
KXNFLPASSYDS-26OCT04INDWAS,KXNFLPASSYDS,KXNFLPASSYDS-26OCT04INDWAS-INDDJONES17-325,Daniel Jones: 325+ passing yards,0.0700,0.1100,0.1100,85.57,85.57,active,2026-10-06T13:30:00Z,2026-10-01T13:50:16+00:00
KXNFLPASSYDS-26OCT04INDWAS,KXNFLPASSYDS,KXNFLPASSYDS-26OCT04INDWAS-INDDJONES17-250,Daniel Jones: 250+ passing yards,0.3400,0.3600,0.3800,245.13,245.13,active,2026-10-06T13:30:00Z,2026-10-01T13:50:16+00:00
KXNFLPASSYDS-26OCT04INDWAS,KXNFLPASSYDS,KXNFLPASSYDS-26OCT04INDWAS-WASMMARIOTA8-200,Marcus Mariota: 200+ passing yards,0.5600,0.5800,0.5500,79.85,79.85,active,2026-10-06T13:30:00Z,2026-10-01T13:50:16+00:00
KXNFLPASSYDS-26OCT04INDWAS,KXNFLPASSYDS,KXNFLPASSYDS-26OCT04INDWAS-INDDJONES17-175,Daniel Jones: 175+ passing yards,0.7500,0.7900,0.8100,26.40,26.40,active,2026-10-06T13:30:00Z,2026-10-01T13:50:16+00:00
KXNFLPASSYDS-26OCT04INDWAS,KXNFLPASSYDS,KXNFLPASSYDS-26OCT04INDWAS-INDDJONES17-275,Daniel Jones: 275+ passing yards,0.2200,0.2500,0.2200,19.00,19.00,active,2026-10-06T13:30:00Z,2026-10-01T13:50:16+00:00
KXNFLPASSYDS-26OCT04JACCIN,KXNFLPASSYDS,KXNFLPASSYDS-26OCT04JACCIN-CINJBURROW9-375,Joe Burrow: 375+ passing yards,0.0600,0.1000,0.0000,0.00,0.00,active,2026-10-06T17:00:00Z,2026-10-01T13:50:16+00:00
KXNFLPASSYDS-26OCT04JACCIN,KXNFLPASSYDS,KXNFLPASSYDS-26OCT04JACCIN-CINJBURROW9-275,Joe Burrow: 275+ passing yards,0.4600,0.4700,0.4800,320.08,320.08,active,2026-10-06T17:00:00Z,2026-10-01T13:50:16+00:00
KXNFLPASSYDS-26OCT04JACCIN,KXNFLPASSYDS,KXNFLPASSYDS-26OCT04JACCIN-CINJBURROW9-400,Joe Burrow: 400+ passing yards,0.0500,0.0600,0.0000,0.00,0.00,active,2026-10-06T17:00:00Z,2026-10-01T13:50:16+00:00
KXNFLPASSYDS-26OCT04JACCIN,KXNFLPASSYDS,KXNFLPASSYDS-26OCT04JACCIN-CINJBURROW9-325,Joe Burrow: 325+ passing yards,0.2000,0.2300,0.0000,0.00,0.00,active,2026-10-06T17:00:00Z,2026-10-01T13:50:16+00:00
KXNFLPASSYDS-26OCT04JACCIN,KXNFLPASSYDS,KXNFLPASSYDS-26OCT04JACCIN-CINJBURROW9-300,Joe Burrow: 300+ passing yards,0.3100,0.3400,0.3400,50.00,50.00,active,2026-10-06T17:00:00Z,2026-10-01T13:50:16+00:00
KXNFLPASSYDS-26OCT04JACCIN,KXNFLPASSYDS,KXNFLPASSYDS-26OCT04JACCIN-JACTLAWRENCE16-175,Trevor Lawrence: 175+ passing yards,0.8700,0.9200,0.0000,0.00,0.00,active,2026-10-06T17:00:00Z,2026-10-01T13:50:16+00:00
KXNFLPASSYDS-26OCT04JACCIN,KXNFLPASSYDS,KXNFLPASSYDS-26OCT04JACCIN-CINJBURROW9-350,Joe Burrow: 350+ passing yards,0.1200,0.1500,0.1300,362.53,362.53,active,2026-10-06T17:00:00Z,2026-10-01T13:50:16+00:00
KXNFLPASSYDS-26OCT04JACCIN,KXNFLPASSYDS,KXNFLPASSYDS-26OCT04JACCIN-JACTLAWRENCE16-275,Trevor Lawrence: 275+ passing yards,0.4000,0.4200,0.4200,1324.50,1324.50,active,2026-10-06T17:00:00Z,2026-10-01T13:50:16+00:00
KXNFLPASSYDS-26OCT04JACCIN,KXNFLPASSYDS,KXNFLPASSYDS-26OCT04JACCIN-CINJBURROW9-250,Joe Burrow: 250+ passing yards,0.5900,0.6300,0.0000,0.00,0.00,active,2026-10-06T17:00:00Z,2026-10-01T13:50:16+00:00
KXNFLPASSYDS-26OCT04JACCIN,KXNFLPASSYDS,KXNFLPASSYDS-26OCT04JACCIN-JACTLAWRENCE16-350,Trevor Lawrence: 350+ passing yards,0.1200,0.1400,0.0000,0.00,0.00,active,2026-10-06T17:00:00Z,2026-10-01T13:50:16+00:00
KXNFLPASSYDS-26OCT04JACCIN,KXNFLPASSYDS,KXNFLPASSYDS-26OCT04JACCIN-JACTLAWRENCE16-375,Trevor Lawrence: 375+ passing yards,0.0500,0.0900,0.0800,57.39,57.39,active,2026-10-06T17:00:00Z,2026-10-01T13:50:16+00:00
KXNFLPASSYDS-26OCT04JACCIN,KXNFLPASSYDS,KXNFLPASSYDS-26OCT04JACCIN-JACTLAWRENCE16-325,Trevor Lawrence: 325+ passing yards,0.1700,0.2200,0.0000,0.00,0.00,active,2026-10-06T17:00:00Z,2026-10-01T13:50:16+00:00
KXNFLPASSYDS-26OCT04JACCIN,KXNFLPASSYDS,KXNFLPASSYDS-26OCT04JACCIN-CINJBURROW9-200,Joe Burrow: 200+ passing yards,0.8300,0.8600,0.8600,287.89,287.89,active,2026-10-06T17:00:00Z,2026-10-01T13:50:16+00:00
KXNFLPASSYDS-26OCT04JACCIN,KXNFLPASSYDS,KXNFLPASSYDS-26OCT04JACCIN-JACTLAWRENCE16-250,Trevor Lawrence: 250+ passing yards,0.5600,0.5900,0.5600,136.69,136.69,active,2026-10-06T17:00:00Z,2026-10-01T13:50:16+00:00
KXNFLPASSYDS-26OCT04JACCIN,KXNFLPASSYDS,KXNFLPASSYDS-26OCT04JACCIN-JACTLAWRENCE16-225,Trevor Lawrence: 225+ passing yards,0.7000,0.7300,0.7200,125.00,125.00,active,2026-10-06T17:00:00Z,2026-10-01T13:50:16+00:00
KXNFLPASSYDS-26OCT04JACCIN,KXNFLPASSYDS,KXNFLPASSYDS-26OCT04JACCIN-JACTLAWRENCE16-300,Trevor Lawrence: 300+ passing yards,0.2800,0.3200,0.2800,0.34,0.34,active,2026-10-06T17:00:00Z,2026-10-01T13:50:16+00:00
KXNFLPASSYDS-26OCT04JACCIN,KXNFLPASSYDS,KXNFLPASSYDS-26OCT04JACCIN-JACTLAWRENCE16-200,Trevor Lawrence: 200+ passing yards,0.8000,0.8200,0.7700,1942.24,1888.24,active,2026-10-06T17:00:00Z,2026-10-01T13:50:16+00:00
KXNFLPASSYDS-26OCT04JACCIN,KXNFLPASSYDS,KXNFLPASSYDS-26OCT04JACCIN-CINJBURROW9-225,Joe Burrow: 225+ passing yards,0.7200,0.7500,0.0000,0.00,0.00,active,2026-10-06T17:00:00Z,2026-10-01T13:50:16+00:00
KXNFLPASSYDS-26OCT04JACCIN,KXNFLPASSYDS,KXNFLPASSYDS-26OCT04JACCIN-JACTLAWRENCE16-400,Trevor Lawrence: 400+ passing yards,0.0500,0.0600,0.0000,0.00,0.00,active,2026-10-06T17:00:00Z,2026-10-01T13:50:16+00:00
KXNFLPASSYDS-26OCT04KCLV,KXNFLPASSYDS,KXNFLPASSYDS-26OCT04KCLV-KCPMAHOMES15-250,Patrick Mahomes: 250+ passing yards,0.4400,0.4500,0.4500,2168.82,2168.82,active,2026-10-06T20:25:00Z,2026-10-01T13:50:16+00:00
KXNFLPASSYDS-26OCT04KCLV,KXNFLPASSYDS,KXNFLPASSYDS-26OCT04KCLV-LVKCOUSINS8-350,Kirk Cousins: 350+ passing yards,0.0500,0.0600,0.0000,0.00,0.00,active,2026-10-06T20:25:00Z,2026-10-01T13:50:16+00:00
KXNFLPASSYDS-26OCT04KCLV,KXNFLPASSYDS,KXNFLPASSYDS-26OCT04KCLV-LVKCOUSINS8-250,Kirk Cousins: 250+ passing yards,0.3500,0.3800,0.3700,59.76,59.76,active,2026-10-06T20:25:00Z,2026-10-01T13:50:16+00:00
KXNFLPASSYDS-26OCT04KCLV,KXNFLPASSYDS,KXNFLPASSYDS-26OCT04KCLV-LVKCOUSINS8-275,Kirk Cousins: 275+ passing yards,0.2200,0.2600,0.0000,0.00,0.00,active,2026-10-06T20:25:00Z,2026-10-01T13:50:16+00:00
KXNFLPASSYDS-26OCT04KCLV,KXNFLPASSYDS,KXNFLPASSYDS-26OCT04KCLV-KCPMAHOMES15-300,Patrick Mahomes: 300+ passing yards,0.1500,0.2100,0.0000,0.00,0.00,active,2026-10-06T20:25:00Z,2026-10-01T13:50:16+00:00
KXNFLPASSYDS-26OCT04KCLV,KXNFLPASSYDS,KXNFLPASSYDS-26OCT04KCLV-LVKCOUSINS8-150,Kirk Cousins: 150+ passing yards,0.8700,0.8800,0.9000,10.89,10.89,active,2026-10-06T20:25:00Z,2026-10-01T13:50:16+00:00
KXNFLPASSYDS-26OCT04KCLV,KXNFLPASSYDS,KXNFLPASSYDS-26OCT04KCLV-LVKCOUSINS8-175,Kirk Cousins: 175+ passing yards,0.7700,0.8000,0.0000,0.00,0.00,active,2026-10-06T20:25:00Z,2026-10-01T13:50:16+00:00
KXNFLPASSYDS-26OCT04KCLV,KXNFLPASSYDS,KXNFLPASSYDS-26OCT04KCLV-LVKCOUSINS8-200,Kirk Cousins: 200+ passing yards,0.6400,0.6800,0.6800,91.14,91.14,active,2026-10-06T20:25:00Z,2026-10-01T13:50:16+00:00
KXNFLPASSYDS-26OCT04KCLV,KXNFLPASSYDS,KXNFLPASSYDS-26OCT04KCLV-KCPMAHOMES15-175,Patrick Mahomes: 175+ passing yards,0.8300,0.8500,0.8400,113.28,113.28,active,2026-10-06T20:25:00Z,2026-10-01T13:50:16+00:00
KXNFLPASSYDS-26OCT04KCLV,KXNFLPASSYDS,KXNFLPASSYDS-26OCT04KCLV-KCPMAHOMES15-350,Patrick Mahomes: 350+ passing yards,0.0500,0.0800,0.0000,0.00,0.00,active,2026-10-06T20:25:00Z,2026-10-01T13:50:16+00:00
KXNFLPASSYDS-26OCT04KCLV,KXNFLPASSYDS,KXNFLPASSYDS-26OCT04KCLV-KCPMAHOMES15-150,Patrick Mahomes: 150+ passing yards,0.9000,0.9300,0.9200,69.65,69.65,active,2026-10-06T20:25:00Z,2026-10-01T13:50:16+00:00
KXNFLPASSYDS-26OCT04KCLV,KXNFLPASSYDS,KXNFLPASSYDS-26OCT04KCLV-KCPMAHOMES15-225,Patrick Mahomes: 225+ passing yards,0.5700,0.6000,0.6000,141.60,141.60,active,2026-10-06T20:25:00Z,2026-10-01T13:50:16+00:00
KXNFLPASSYDS-26OCT04KCLV,KXNFLPASSYDS,KXNFLPASSYDS-26OCT04KCLV-KCPMAHOMES15-200,Patrick Mahomes: 200+ passing yards,0.7100,0.7400,0.7400,80.56,80.56,active,2026-10-06T20:25:00Z,2026-10-01T13:50:16+00:00
KXNFLPASSYDS-26OCT04KCLV,KXNFLPASSYDS,KXNFLPASSYDS-26OCT04KCLV-LVKCOUSINS8-300,Kirk Cousins: 300+ passing yards,0.1200,0.1600,0.1500,31.44,31.44,active,2026-10-06T20:25:00Z,2026-10-01T13:50:16+00:00
KXNFLPASSYDS-26OCT04KCLV,KXNFLPASSYDS,KXNFLPASSYDS-26OCT04KCLV-KCPMAHOMES15-275,Patrick Mahomes: 275+ passing yards,0.2800,0.3200,0.3100,177.99,177.99,active,2026-10-06T20:25:00Z,2026-10-01T13:50:16+00:00
KXNFLPASSYDS-26OCT04KCLV,KXNFLPASSYDS,KXNFLPASSYDS-26OCT04KCLV-KCPMAHOMES15-325,Patrick Mahomes: 325+ passing yards,0.0700,0.1300,0.0000,0.00,0.00,active,2026-10-06T20:25:00Z,2026-10-01T13:50:16+00:00
KXNFLPASSYDS-26OCT04KCLV,KXNFLPASSYDS,KXNFLPASSYDS-26OCT04KCLV-LVKCOUSINS8-225,Kirk Cousins: 225+ passing yards,0.5200,0.5300,0.5200,314.11,313.11,active,2026-10-06T20:25:00Z,2026-10-01T13:50:16+00:00
KXNFLPASSYDS-26OCT04KCLV,KXNFLPASSYDS,KXNFLPASSYDS-26OCT04KCLV-LVKCOUSINS8-325,Kirk Cousins: 325+ passing yards,0.0600,0.1000,0.1100,17.11,17.11,active,2026-10-06T20:25:00Z,2026-10-01T13:50:16+00:00
KXNFLPASSYDS-26OCT04LACSEA,KXNFLPASSYDS,KXNFLPASSYDS-26OCT04LACSEA-SEASDARNOLD14-325,Sam Darnold: 325+ passing yards,0.0600,0.1200,0.0000,0.00,0.00,active,2026-10-06T20:25:00Z,2026-10-01T13:50:16+00:00
KXNFLPASSYDS-26OCT04LACSEA,KXNFLPASSYDS,KXNFLPASSYDS-26OCT04LACSEA-SEASDARNOLD14-275,Sam Darnold: 275+ passing yards,0.2300,0.2600,0.0000,0.00,0.00,active,2026-10-06T20:25:00Z,2026-10-01T13:50:16+00:00
KXNFLPASSYDS-26OCT04LACSEA,KXNFLPASSYDS,KXNFLPASSYDS-26OCT04LACSEA-LACJHERBERT10-200,Justin Herbert: 200+ passing yards,0.4900,0.5100,0.5000,247.54,247.54,active,2026-10-06T20:25:00Z,2026-10-01T13:50:16+00:00
KXNFLPASSYDS-26OCT04LACSEA,KXNFLPASSYDS,KXNFLPASSYDS-26OCT04LACSEA-SEASDARNOLD14-175,Sam Darnold: 175+ passing yards,0.8000,0.8200,0.0000,0.00,0.00,active,2026-10-06T20:25:00Z,2026-10-01T13:50:16+00:00
KXNFLPASSYDS-26OCT04LACSEA,KXNFLPASSYDS,KXNFLPASSYDS-26OCT04LACSEA-LACJHERBERT10-225,Justin Herbert: 225+ passing yards,0.3100,0.3600,0.0000,0.00,0.00,active,2026-10-06T20:25:00Z,2026-10-01T13:50:16+00:00
KXNFLPASSYDS-26OCT04LACSEA,KXNFLPASSYDS,KXNFLPASSYDS-26OCT04LACSEA-SEASDARNOLD14-225,Sam Darnold: 225+ passing yards,0.5300,0.5500,0.5700,59.38,59.38,active,2026-10-06T20:25:00Z,2026-10-01T13:50:16+00:00
KXNFLPASSYDS-26OCT04LACSEA,KXNFLPASSYDS,KXNFLPASSYDS-26OCT04LACSEA-LACJHERBERT10-175,Justin Herbert: 175+ passing yards,0.6400,0.6700,0.0000,0.00,0.00,active,2026-10-06T20:25:00Z,2026-10-01T13:50:16+00:00
KXNFLPASSYDS-26OCT04LACSEA,KXNFLPASSYDS,KXNFLPASSYDS-26OCT04LACSEA-LACJHERBERT10-125,Justin Herbert: 125+ passing yards,0.8500,0.9000,0.0000,0.00,0.00,active,2026-10-06T20:25:00Z,2026-10-01T13:50:16+00:00
KXNFLPASSYDS-26OCT04LACSEA,KXNFLPASSYDS,KXNFLPASSYDS-26OCT04LACSEA-SEASDARNOLD14-300,Sam Darnold: 300+ passing yards,0.1300,0.1600,0.1600,222.16,222.16,active,2026-10-06T20:25:00Z,2026-10-01T13:50:16+00:00
KXNFLPASSYDS-26OCT04LACSEA,KXNFLPASSYDS,KXNFLPASSYDS-26OCT04LACSEA-LACJHERBERT10-150,Justin Herbert: 150+ passing yards,0.7800,0.8000,0.0000,0.00,0.00,active,2026-10-06T20:25:00Z,2026-10-01T13:50:16+00:00
KXNFLPASSYDS-26OCT04LACSEA,KXNFLPASSYDS,KXNFLPASSYDS-26OCT04LACSEA-LACJHERBERT10-250,Justin Herbert: 250+ passing yards,0.1900,0.2200,0.0000,0.00,0.00,active,2026-10-06T20:25:00Z,2026-10-01T13:50:16+00:00
KXNFLPASSYDS-26OCT04LACSEA,KXNFLPASSYDS,KXNFLPASSYDS-26OCT04LACSEA-SEASDARNOLD14-150,Sam Darnold: 150+ passing yards,0.8800,0.9000,0.0000,0.00,0.00,active,2026-10-06T20:25:00Z,2026-10-01T13:50:16+00:00
KXNFLPASSYDS-26OCT04LACSEA,KXNFLPASSYDS,KXNFLPASSYDS-26OCT04LACSEA-SEASDARNOLD14-200,Sam Darnold: 200+ passing yards,0.6700,0.7000,0.7200,2.75,2.75,active,2026-10-06T20:25:00Z,2026-10-01T13:50:16+00:00
KXNFLPASSYDS-26OCT04LACSEA,KXNFLPASSYDS,KXNFLPASSYDS-26OCT04LACSEA-SEASDARNOLD14-250,Sam Darnold: 250+ passing yards,0.3700,0.3900,0.0000,0.00,0.00,active,2026-10-06T20:25:00Z,2026-10-01T13:50:16+00:00
KXNFLPASSYDS-26OCT04LACSEA,KXNFLPASSYDS,KXNFLPASSYDS-26OCT04LACSEA-LACJHERBERT10-275,Justin Herbert: 275+ passing yards,0.1000,0.1300,0.0000,0.00,0.00,active,2026-10-06T20:25:00Z,2026-10-01T13:50:16+00:00
KXNFLPASSYDS-26OCT04LACSEA,KXNFLPASSYDS,KXNFLPASSYDS-26OCT04LACSEA-LACJHERBERT10-300,Justin Herbert: 300+ passing yards,0.0600,0.1000,0.0000,0.00,0.00,active,2026-10-06T20:25:00Z,2026-10-01T13:50:16+00:00
KXNFLPASSYDS-26OCT04LACSEA,KXNFLPASSYDS,KXNFLPASSYDS-26OCT04LACSEA-SEASDARNOLD14-350,Sam Darnold: 350+ passing yards,0.0500,0.0700,0.0000,0.00,0.00,active,2026-10-06T20:25:00Z,2026-10-01T13:50:16+00:00
KXNFLPASSYDS-26OCT04LARPHI,KXNFLPASSYDS,KXNFLPASSYDS-26OCT04LARPHI-PHIJHURTS1-125,Jalen Hurts: 125+ passing yards,0.8600,0.8800,0.8700,36.78,36.78,active,2026-10-06T17:00:00Z,2026-10-01T13:50:16+00:00
KXNFLPASSYDS-26OCT04LARPHI,KXNFLPASSYDS,KXNFLPASSYDS-26OCT04LARPHI-PHIJHURTS1-200,Jalen Hurts: 200+ passing yards,0.5100,0.5300,0.5400,24.38,24.38,active,2026-10-06T17:00:00Z,2026-10-01T13:50:16+00:00
KXNFLPASSYDS-26OCT04LARPHI,KXNFLPASSYDS,KXNFLPASSYDS-26OCT04LARPHI-LARMSTAFFORD9-275,Matthew Stafford: 275+ passing yards,0.3500,0.3900,0.3900,860.67,860.67,active,2026-10-06T17:00:00Z,2026-10-01T13:50:16+00:00
KXNFLPASSYDS-26OCT04LARPHI,KXNFLPASSYDS,KXNFLPASSYDS-26OCT04LARPHI-LARMSTAFFORD9-175,Matthew Stafford: 175+ passing yards,0.8500,0.8800,0.8700,94.12,94.12,active,2026-10-06T17:00:00Z,2026-10-01T13:50:16+00:00
KXNFLPASSYDS-26OCT04LARPHI,KXNFLPASSYDS,KXNFLPASSYDS-26OCT04LARPHI-PHIJHURTS1-275,Jalen Hurts: 275+ passing yards,0.1100,0.1700,0.0000,0.00,0.00,active,2026-10-06T17:00:00Z,2026-10-01T13:50:16+00:00
KXNFLPASSYDS-26OCT04LARPHI,KXNFLPASSYDS,KXNFLPASSYDS-26OCT04LARPHI-PHIJHURTS1-300,Jalen Hurts: 300+ passing yards,0.0700,0.1000,0.0900,10.44,10.44,active,2026-10-06T17:00:00Z,2026-10-01T13:50:16+00:00
KXNFLPASSYDS-26OCT04LARPHI,KXNFLPASSYDS,KXNFLPASSYDS-26OCT04LARPHI-LARMSTAFFORD9-375,Matthew Stafford: 375+ passing yards,0.0500,0.0900,0.0000,0.00,0.00,active,2026-10-06T17:00:00Z,2026-10-01T13:50:16+00:00
KXNFLPASSYDS-26OCT04LARPHI,KXNFLPASSYDS,KXNFLPASSYDS-26OCT04LARPHI-LARMSTAFFORD9-300,Matthew Stafford: 300+ passing yards,0.2200,0.2600,0.2500,41.08,41.08,active,2026-10-06T17:00:00Z,2026-10-01T13:50:16+00:00
KXNFLPASSYDS-26OCT04LARPHI,KXNFLPASSYDS,KXNFLPASSYDS-26OCT04LARPHI-PHIJHURTS1-175,Jalen Hurts: 175+ passing yards,0.6600,0.7000,0.0000,0.00,0.00,active,2026-10-06T17:00:00Z,2026-10-01T13:50:16+00:00
KXNFLPASSYDS-26OCT04LARPHI,KXNFLPASSYDS,KXNFLPASSYDS-26OCT04LARPHI-LARMSTAFFORD9-350,Matthew Stafford: 350+ passing yards,0.0600,0.1100,0.1000,9.40,9.40,active,2026-10-06T17:00:00Z,2026-10-01T13:50:16+00:00
KXNFLPASSYDS-26OCT04LARPHI,KXNFLPASSYDS,KXNFLPASSYDS-26OCT04LARPHI-LARMSTAFFORD9-250,Matthew Stafford: 250+ passing yards,0.5000,0.5300,0.5200,1023.95,1019.95,active,2026-10-06T17:00:00Z,2026-10-01T13:50:16+00:00
KXNFLPASSYDS-26OCT04LARPHI,KXNFLPASSYDS,KXNFLPASSYDS-26OCT04LARPHI-LARMSTAFFORD9-225,Matthew Stafford: 225+ passing yards,0.6500,0.6800,0.6800,454.64,454.64,active,2026-10-06T17:00:00Z,2026-10-01T13:50:16+00:00
KXNFLPASSYDS-26OCT04LARPHI,KXNFLPASSYDS,KXNFLPASSYDS-26OCT04LARPHI-PHIJHURTS1-225,Jalen Hurts: 225+ passing yards,0.3600,0.3900,0.3900,225.24,225.24,active,2026-10-06T17:00:00Z,2026-10-01T13:50:16+00:00
KXNFLPASSYDS-26OCT04LARPHI,KXNFLPASSYDS,KXNFLPASSYDS-26OCT04LARPHI-LARMSTAFFORD9-325,Matthew Stafford: 325+ passing yards,0.1200,0.1700,0.1700,277.96,277.96,active,2026-10-06T17:00:00Z,2026-10-01T13:50:16+00:00
KXNFLPASSYDS-26OCT04LARPHI,KXNFLPASSYDS,KXNFLPASSYDS-26OCT04LARPHI-LARMSTAFFORD9-200,Matthew Stafford: 200+ passing yards,0.7600,0.7800,0.7600,1338.70,1338.70,active,2026-10-06T17:00:00Z,2026-10-01T13:50:16+00:00
KXNFLPASSYDS-26OCT04LARPHI,KXNFLPASSYDS,KXNFLPASSYDS-26OCT04LARPHI-PHIJHURTS1-250,Jalen Hurts: 250+ passing yards,0.2100,0.2700,0.0000,0.00,0.00,active,2026-10-06T17:00:00Z,2026-10-01T13:50:16+00:00
KXNFLPASSYDS-26OCT04LARPHI,KXNFLPASSYDS,KXNFLPASSYDS-26OCT04LARPHI-PHIJHURTS1-150,Jalen Hurts: 150+ passing yards,0.7900,0.8000,0.8100,13.34,13.34,active,2026-10-06T17:00:00Z,2026-10-01T13:50:16+00:00
KXNFLPASSYDS-26OCT04LARPHI,KXNFLPASSYDS,KXNFLPASSYDS-26OCT04LARPHI-PHIJHURTS1-325,Jalen Hurts: 325+ passing yards,0.0500,0.0600,0.0000,0.00,0.00,active,2026-10-06T17:00:00Z,2026-10-01T13:50:16+00:00
KXNFLPASSYDS-26OCT04MIAMIN,KXNFLPASSYDS,KXNFLPASSYDS-26OCT04MIAMIN-MIAMWILLIS2-250,Malik Willis: 250+ passing yards,0.0900,0.1300,0.0000,0.00,0.00,active,2026-10-06T20:05:00Z,2026-10-01T13:50:16+00:00
KXNFLPASSYDS-26OCT04MIAMIN,KXNFLPASSYDS,KXNFLPASSYDS-26OCT04MIAMIN-MIAMWILLIS2-225,Malik Willis: 225+ passing yards,0.1700,0.2100,0.2100,225.61,225.61,active,2026-10-06T20:05:00Z,2026-10-01T13:50:16+00:00
KXNFLPASSYDS-26OCT04MIAMIN,KXNFLPASSYDS,KXNFLPASSYDS-26OCT04MIAMIN-MINKMURRAY1-225,Kyler Murray: 225+ passing yards,0.3900,0.4000,0.0000,0.00,0.00,active,2026-10-06T20:05:00Z,2026-10-01T13:50:16+00:00
KXNFLPASSYDS-26OCT04MIAMIN,KXNFLPASSYDS,KXNFLPASSYDS-26OCT04MIAMIN-MIAMWILLIS2-125,Malik Willis: 125+ passing yards,0.7300,0.7600,0.0000,0.00,0.00,active,2026-10-06T20:05:00Z,2026-10-01T13:50:16+00:00
KXNFLPASSYDS-26OCT04MIAMIN,KXNFLPASSYDS,KXNFLPASSYDS-26OCT04MIAMIN-MINKMURRAY1-350,Kyler Murray: 350+ passing yards,0.0300,0.0400,0.0500,51.00,51.00,active,2026-10-06T20:05:00Z,2026-10-01T13:50:16+00:00
KXNFLPASSYDS-26OCT04MIAMIN,KXNFLPASSYDS,KXNFLPASSYDS-26OCT04MIAMIN-MINKMURRAY1-300,Kyler Murray: 300+ passing yards,0.0600,0.0900,0.0900,30.00,30.00,active,2026-10-06T20:05:00Z,2026-10-01T13:50:16+00:00
KXNFLPASSYDS-26OCT04MIAMIN,KXNFLPASSYDS,KXNFLPASSYDS-26OCT04MIAMIN-MINKMURRAY1-175,Kyler Murray: 175+ passing yards,0.6700,0.7100,0.0000,0.00,0.00,active,2026-10-06T20:05:00Z,2026-10-01T13:50:16+00:00
KXNFLPASSYDS-26OCT04MIAMIN,KXNFLPASSYDS,KXNFLPASSYDS-26OCT04MIAMIN-MIAMWILLIS2-175,Malik Willis: 175+ passing yards,0.4400,0.4900,0.0000,0.00,0.00,active,2026-10-06T20:05:00Z,2026-10-01T13:50:16+00:00
KXNFLPASSYDS-26OCT04MIAMIN,KXNFLPASSYDS,KXNFLPASSYDS-26OCT04MIAMIN-MIAMWILLIS2-200,Malik Willis: 200+ passing yards,0.3000,0.3300,0.3200,0.89,0.89,active,2026-10-06T20:05:00Z,2026-10-01T13:50:16+00:00
KXNFLPASSYDS-26OCT04MIAMIN,KXNFLPASSYDS,KXNFLPASSYDS-26OCT04MIAMIN-MINKMURRAY1-125,Kyler Murray: 125+ passing yards,0.8200,0.9000,0.0000,0.00,0.00,active,2026-10-06T20:05:00Z,2026-10-01T13:50:16+00:00
KXNFLPASSYDS-26OCT04MIAMIN,KXNFLPASSYDS,KXNFLPASSYDS-26OCT04MIAMIN-MIAMWILLIS2-150,Malik Willis: 150+ passing yards,0.6100,0.6600,0.0000,0.00,0.00,active,2026-10-06T20:05:00Z,2026-10-01T13:50:16+00:00
KXNFLPASSYDS-26OCT04MIAMIN,KXNFLPASSYDS,KXNFLPASSYDS-26OCT04MIAMIN-MINKMURRAY1-325,Kyler Murray: 325+ passing yards,0.0500,0.0700,0.0000,0.00,0.00,active,2026-10-06T20:05:00Z,2026-10-01T13:50:16+00:00
KXNFLPASSYDS-26OCT04MIAMIN,KXNFLPASSYDS,KXNFLPASSYDS-26OCT04MIAMIN-MIAMWILLIS2-100,Malik Willis: 100+ passing yards,0.8200,0.8700,0.0000,0.00,0.00,active,2026-10-06T20:05:00Z,2026-10-01T13:50:16+00:00
KXNFLPASSYDS-26OCT04MIAMIN,KXNFLPASSYDS,KXNFLPASSYDS-26OCT04MIAMIN-MINKMURRAY1-275,Kyler Murray: 275+ passing yards,0.1300,0.1900,0.0000,0.00,0.00,active,2026-10-06T20:05:00Z,2026-10-01T13:50:16+00:00
KXNFLPASSYDS-26OCT04MIAMIN,KXNFLPASSYDS,KXNFLPASSYDS-26OCT04MIAMIN-MINKMURRAY1-250,Kyler Murray: 250+ passing yards,0.2400,0.2600,0.0000,0.00,0.00,active,2026-10-06T20:05:00Z,2026-10-01T13:50:16+00:00
KXNFLPASSYDS-26OCT04MIAMIN,KXNFLPASSYDS,KXNFLPASSYDS-26OCT04MIAMIN-MIAMWILLIS2-275,Malik Willis: 275+ passing yards,0.0500,0.0800,0.0000,0.00,0.00,active,2026-10-06T20:05:00Z,2026-10-01T13:50:16+00:00
KXNFLPASSYDS-26OCT04MIAMIN,KXNFLPASSYDS,KXNFLPASSYDS-26OCT04MIAMIN-MINKMURRAY1-200,Kyler Murray: 200+ passing yards,0.5200,0.5600,0.5700,84.73,84.73,active,2026-10-06T20:05:00Z,2026-10-01T13:50:16+00:00
KXNFLPASSYDS-26OCT04MIAMIN,KXNFLPASSYDS,KXNFLPASSYDS-26OCT04MIAMIN-MINKMURRAY1-150,Kyler Murray: 150+ passing yards,0.8000,0.8200,0.0000,0.00,0.00,active,2026-10-06T20:05:00Z,2026-10-01T13:50:16+00:00
KXNFLPASSYDS-26OCT04NEBUF,KXNFLPASSYDS,KXNFLPASSYDS-26OCT04NEBUF-BUFJALLEN17-275,Josh Allen: 275+ passing yards,0.3200,0.3300,0.3200,9.76,9.76,active,2026-10-06T17:00:00Z,2026-10-01T13:50:16+00:00
KXNFLPASSYDS-26OCT04NEBUF,KXNFLPASSYDS,KXNFLPASSYDS-26OCT04NEBUF-NEDMAYE10-225,Drake Maye: 225+ passing yards,0.5300,0.5400,0.5200,141.71,131.70,active,2026-10-06T17:00:00Z,2026-10-01T13:50:16+00:00
KXNFLPASSYDS-26OCT04NEBUF,KXNFLPASSYDS,KXNFLPASSYDS-26OCT04NEBUF-BUFJALLEN17-200,Josh Allen: 200+ passing yards,0.7200,0.7500,0.0000,0.00,0.00,active,2026-10-06T17:00:00Z,2026-10-01T13:50:16+00:00
KXNFLPASSYDS-26OCT04NEBUF,KXNFLPASSYDS,KXNFLPASSYDS-26OCT04NEBUF-BUFJALLEN17-225,Josh Allen: 225+ passing yards,0.5800,0.5900,0.0000,0.00,0.00,active,2026-10-06T17:00:00Z,2026-10-01T13:50:16+00:00
KXNFLPASSYDS-26OCT04NEBUF,KXNFLPASSYDS,KXNFLPASSYDS-26OCT04NEBUF-BUFJALLEN17-325,Josh Allen: 325+ passing yards,0.1000,0.1500,0.0000,0.00,0.00,active,2026-10-06T17:00:00Z,2026-10-01T13:50:16+00:00
KXNFLPASSYDS-26OCT04NEBUF,KXNFLPASSYDS,KXNFLPASSYDS-26OCT04NEBUF-BUFJALLEN17-350,Josh Allen: 350+ passing yards,0.0500,0.0900,0.0000,0.00,0.00,active,2026-10-06T17:00:00Z,2026-10-01T13:50:16+00:00
KXNFLPASSYDS-26OCT04NEBUF,KXNFLPASSYDS,KXNFLPASSYDS-26OCT04NEBUF-NEDMAYE10-175,Drake Maye: 175+ passing yards,0.7800,0.8100,0.0000,0.00,0.00,active,2026-10-06T17:00:00Z,2026-10-01T13:50:16+00:00
KXNFLPASSYDS-26OCT04NEBUF,KXNFLPASSYDS,KXNFLPASSYDS-26OCT04NEBUF-NEDMAYE10-200,Drake Maye: 200+ passing yards,0.6700,0.7100,0.0000,0.00,0.00,active,2026-10-06T17:00:00Z,2026-10-01T13:50:16+00:00
KXNFLPASSYDS-26OCT04NEBUF,KXNFLPASSYDS,KXNFLPASSYDS-26OCT04NEBUF-BUFJALLEN17-250,Josh Allen: 250+ passing yards,0.4200,0.4300,0.4400,254.25,203.25,active,2026-10-06T17:00:00Z,2026-10-01T13:50:16+00:00
KXNFLPASSYDS-26OCT04NEBUF,KXNFLPASSYDS,KXNFLPASSYDS-26OCT04NEBUF-NEDMAYE10-325,Drake Maye: 325+ passing yards,0.1000,0.1300,0.1200,171.95,171.95,active,2026-10-06T17:00:00Z,2026-10-01T13:50:16+00:00
KXNFLPASSYDS-26OCT04NEBUF,KXNFLPASSYDS,KXNFLPASSYDS-26OCT04NEBUF-NEDMAYE10-150,Drake Maye: 150+ passing yards,0.8700,0.9100,0.8900,12.20,12.20,active,2026-10-06T17:00:00Z,2026-10-01T13:50:16+00:00
KXNFLPASSYDS-26OCT04NEBUF,KXNFLPASSYDS,KXNFLPASSYDS-26OCT04NEBUF-NEDMAYE10-275,Drake Maye: 275+ passing yards,0.2300,0.2900,0.0000,0.00,0.00,active,2026-10-06T17:00:00Z,2026-10-01T13:50:16+00:00
KXNFLPASSYDS-26OCT04NEBUF,KXNFLPASSYDS,KXNFLPASSYDS-26OCT04NEBUF-NEDMAYE10-250,Drake Maye: 250+ passing yards,0.3800,0.4100,0.4100,219.28,219.28,active,2026-10-06T17:00:00Z,2026-10-01T13:50:16+00:00
KXNFLPASSYDS-26OCT04NEBUF,KXNFLPASSYDS,KXNFLPASSYDS-26OCT04NEBUF-NEDMAYE10-300,Drake Maye: 300+ passing yards,0.1500,0.1800,0.1900,282.14,282.14,active,2026-10-06T17:00:00Z,2026-10-01T13:50:16+00:00
KXNFLPASSYDS-26OCT04NEBUF,KXNFLPASSYDS,KXNFLPASSYDS-26OCT04NEBUF-BUFJALLEN17-300,Josh Allen: 300+ passing yards,0.1700,0.2200,0.2200,54.91,54.91,active,2026-10-06T17:00:00Z,2026-10-01T13:50:16+00:00
KXNFLPASSYDS-26OCT04NEBUF,KXNFLPASSYDS,KXNFLPASSYDS-26OCT04NEBUF-BUFJALLEN17-175,Josh Allen: 175+ passing yards,0.8000,0.8300,0.0000,0.00,0.00,active,2026-10-06T17:00:00Z,2026-10-01T13:50:16+00:00
KXNFLPASSYDS-26OCT04NEBUF,KXNFLPASSYDS,KXNFLPASSYDS-26OCT04NEBUF-BUFJALLEN17-150,Josh Allen: 150+ passing yards,0.8700,0.9200,0.9100,52.26,52.26,active,2026-10-06T17:00:00Z,2026-10-01T13:50:16+00:00
KXNFLPASSYDS-26OCT04NEBUF,KXNFLPASSYDS,KXNFLPASSYDS-26OCT04NEBUF-NEDMAYE10-350,Drake Maye: 350+ passing yards,0.0500,0.0600,0.0800,57.94,57.94,active,2026-10-06T17:00:00Z,2026-10-01T13:50:16+00:00
KXNFLPASSYDS-26OCT04NYJCHI,KXNFLPASSYDS,KXNFLPASSYDS-26OCT04NYJCHI-NYJGSMITH7-350,Geno Smith: 350+ passing yards,0.0500,0.0600,0.0000,0.00,0.00,active,2026-10-06T17:00:00Z,2026-10-01T13:50:16+00:00
KXNFLPASSYDS-26OCT04NYJCHI,KXNFLPASSYDS,KXNFLPASSYDS-26OCT04NYJCHI-NYJGSMITH7-225,Geno Smith: 225+ passing yards,0.5000,0.5100,0.4700,91.36,91.36,active,2026-10-06T17:00:00Z,2026-10-01T13:50:16+00:00
KXNFLPASSYDS-26OCT04NYJCHI,KXNFLPASSYDS,KXNFLPASSYDS-26OCT04NYJCHI-NYJGSMITH7-200,Geno Smith: 200+ passing yards,0.6600,0.6700,0.6900,70.41,70.41,active,2026-10-06T17:00:00Z,2026-10-01T13:50:16+00:00
KXNFLPASSYDS-26OCT04NYJCHI,KXNFLPASSYDS,KXNFLPASSYDS-26OCT04NYJCHI-NYJGSMITH7-300,Geno Smith: 300+ passing yards,0.1200,0.1700,0.0000,0.00,0.00,active,2026-10-06T17:00:00Z,2026-10-01T13:50:16+00:00
KXNFLPASSYDS-26OCT04NYJCHI,KXNFLPASSYDS,KXNFLPASSYDS-26OCT04NYJCHI-CHITBAGENT17-300,Tyson Bagent: 300+ passing yards,0.0500,0.0800,0.0000,0.00,0.00,active,2026-10-06T17:00:00Z,2026-10-01T13:50:16+00:00
KXNFLPASSYDS-26OCT04NYJCHI,KXNFLPASSYDS,KXNFLPASSYDS-26OCT04NYJCHI-CHITBAGENT17-250,Tyson Bagent: 250+ passing yards,0.1900,0.2400,0.0000,0.00,0.00,active,2026-10-06T17:00:00Z,2026-10-01T13:50:16+00:00
KXNFLPASSYDS-26OCT04NYJCHI,KXNFLPASSYDS,KXNFLPASSYDS-26OCT04NYJCHI-CHITBAGENT17-275,Tyson Bagent: 275+ passing yards,0.0600,0.1900,0.0000,0.00,0.00,active,2026-10-06T17:00:00Z,2026-10-01T13:50:16+00:00
KXNFLPASSYDS-26OCT04NYJCHI,KXNFLPASSYDS,KXNFLPASSYDS-26OCT04NYJCHI-NYJGSMITH7-150,Geno Smith: 150+ passing yards,0.8400,0.8700,0.8500,43.00,43.00,active,2026-10-06T17:00:00Z,2026-10-01T13:50:16+00:00
KXNFLPASSYDS-26OCT04NYJCHI,KXNFLPASSYDS,KXNFLPASSYDS-26OCT04NYJCHI-NYJGSMITH7-275,Geno Smith: 275+ passing yards,0.2000,0.2700,0.0000,0.00,0.00,active,2026-10-06T17:00:00Z,2026-10-01T13:50:16+00:00
KXNFLPASSYDS-26OCT04NYJCHI,KXNFLPASSYDS,KXNFLPASSYDS-26OCT04NYJCHI-NYJGSMITH7-325,Geno Smith: 325+ passing yards,0.0800,0.1100,0.1200,25.00,25.00,active,2026-10-06T17:00:00Z,2026-10-01T13:50:16+00:00
KXNFLPASSYDS-26OCT04NYJCHI,KXNFLPASSYDS,KXNFLPASSYDS-26OCT04NYJCHI-NYJGSMITH7-250,Geno Smith: 250+ passing yards,0.3500,0.3900,0.0000,0.00,0.00,active,2026-10-06T17:00:00Z,2026-10-01T13:50:16+00:00
KXNFLPASSYDS-26OCT04NYJCHI,KXNFLPASSYDS,KXNFLPASSYDS-26OCT04NYJCHI-CHITBAGENT17-175,Tyson Bagent: 175+ passing yards,0.4900,0.7100,0.0000,0.00,0.00,active,2026-10-06T17:00:00Z,2026-10-01T13:50:16+00:00
KXNFLPASSYDS-26OCT04NYJCHI,KXNFLPASSYDS,KXNFLPASSYDS-26OCT04NYJCHI-CHITBAGENT17-150,Tyson Bagent: 150+ passing yards,0.7400,0.8000,0.0000,0.00,0.00,active,2026-10-06T17:00:00Z,2026-10-01T13:50:16+00:00
KXNFLPASSYDS-26OCT04NYJCHI,KXNFLPASSYDS,KXNFLPASSYDS-26OCT04NYJCHI-CHITBAGENT17-200,Tyson Bagent: 200+ passing yards,0.5000,0.5400,0.4600,36.31,36.31,active,2026-10-06T17:00:00Z,2026-10-01T13:50:16+00:00
KXNFLPASSYDS-26OCT04NYJCHI,KXNFLPASSYDS,KXNFLPASSYDS-26OCT04NYJCHI-NYJGSMITH7-175,Geno Smith: 175+ passing yards,0.7500,0.8000,0.0000,0.00,0.00,active,2026-10-06T17:00:00Z,2026-10-01T13:50:16+00:00
KXNFLPASSYDS-26OCT04NYJCHI,KXNFLPASSYDS,KXNFLPASSYDS-26OCT04NYJCHI-CHITBAGENT17-225,Tyson Bagent: 225+ passing yards,0.3000,0.3500,0.3900,12.29,12.29,active,2026-10-06T17:00:00Z,2026-10-01T13:50:16+00:00
KXNFLPASSYDS-26OCT04TENBAL,KXNFLPASSYDS,KXNFLPASSYDS-26OCT04TENBAL-TENCWARD1-325,Cam Ward: 325+ passing yards,0.0200,0.0600,0.0500,50.00,50.00,active,2026-10-06T17:00:00Z,2026-10-01T13:50:16+00:00
KXNFLPASSYDS-26OCT04TENBAL,KXNFLPASSYDS,KXNFLPASSYDS-26OCT04TENBAL-TENCWARD1-275,Cam Ward: 275+ passing yards,0.0600,0.1200,0.0000,0.00,0.00,active,2026-10-06T17:00:00Z,2026-10-01T13:50:16+00:00
KXNFLPASSYDS-26OCT04TENBAL,KXNFLPASSYDS,KXNFLPASSYDS-26OCT04TENBAL-BALLJACKSON8-275,Lamar Jackson: 275+ passing yards,0.2200,0.2600,0.2600,55.62,55.62,active,2026-10-06T17:00:00Z,2026-10-01T13:50:16+00:00
KXNFLPASSYDS-26OCT04TENBAL,KXNFLPASSYDS,KXNFLPASSYDS-26OCT04TENBAL-BALLJACKSON8-200,Lamar Jackson: 200+ passing yards,0.6000,0.6400,0.0000,0.00,0.00,active,2026-10-06T17:00:00Z,2026-10-01T13:50:16+00:00
KXNFLPASSYDS-26OCT04TENBAL,KXNFLPASSYDS,KXNFLPASSYDS-26OCT04TENBAL-TENCWARD1-150,Cam Ward: 150+ passing yards,0.6800,0.7500,0.0000,0.00,0.00,active,2026-10-06T17:00:00Z,2026-10-01T13:50:16+00:00
KXNFLPASSYDS-26OCT04TENBAL,KXNFLPASSYDS,KXNFLPASSYDS-26OCT04TENBAL-BALLJACKSON8-350,Lamar Jackson: 350+ passing yards,0.0500,0.0600,0.0000,0.00,0.00,active,2026-10-06T17:00:00Z,2026-10-01T13:50:16+00:00
KXNFLPASSYDS-26OCT04TENBAL,KXNFLPASSYDS,KXNFLPASSYDS-26OCT04TENBAL-TENCWARD1-175,Cam Ward: 175+ passing yards,0.5400,0.5700,0.0000,0.00,0.00,active,2026-10-06T17:00:00Z,2026-10-01T13:50:16+00:00
KXNFLPASSYDS-26OCT04TENBAL,KXNFLPASSYDS,KXNFLPASSYDS-26OCT04TENBAL-TENCWARD1-125,Cam Ward: 125+ passing yards,0.7900,0.8300,0.0000,0.00,0.00,active,2026-10-06T17:00:00Z,2026-10-01T13:50:16+00:00
KXNFLPASSYDS-26OCT04TENBAL,KXNFLPASSYDS,KXNFLPASSYDS-26OCT04TENBAL-TENCWARD1-225,Cam Ward: 225+ passing yards,0.2500,0.3100,0.0000,0.00,0.00,active,2026-10-06T17:00:00Z,2026-10-01T13:50:16+00:00
KXNFLPASSYDS-26OCT04TENBAL,KXNFLPASSYDS,KXNFLPASSYDS-26OCT04TENBAL-TENCWARD1-300,Cam Ward: 300+ passing yards,0.0500,0.0700,0.0000,0.00,0.00,active,2026-10-06T17:00:00Z,2026-10-01T13:50:16+00:00
KXNFLPASSYDS-26OCT04TENBAL,KXNFLPASSYDS,KXNFLPASSYDS-26OCT04TENBAL-TENCWARD1-250,Cam Ward: 250+ passing yards,0.1600,0.2000,0.0000,0.00,0.00,active,2026-10-06T17:00:00Z,2026-10-01T13:50:16+00:00
KXNFLPASSYDS-26OCT04TENBAL,KXNFLPASSYDS,KXNFLPASSYDS-26OCT04TENBAL-BALLJACKSON8-300,Lamar Jackson: 300+ passing yards,0.0800,0.1500,0.0000,0.00,0.00,active,2026-10-06T17:00:00Z,2026-10-01T13:50:16+00:00
KXNFLPASSYDS-26OCT04TENBAL,KXNFLPASSYDS,KXNFLPASSYDS-26OCT04TENBAL-BALLJACKSON8-150,Lamar Jackson: 150+ passing yards,0.7900,0.8500,0.0000,0.00,0.00,active,2026-10-06T17:00:00Z,2026-10-01T13:50:16+00:00
KXNFLPASSYDS-26OCT04TENBAL,KXNFLPASSYDS,KXNFLPASSYDS-26OCT04TENBAL-BALLJACKSON8-225,Lamar Jackson: 225+ passing yards,0.4900,0.5300,0.5200,59.94,59.94,active,2026-10-06T17:00:00Z,2026-10-01T13:50:16+00:00
KXNFLPASSYDS-26OCT04TENBAL,KXNFLPASSYDS,KXNFLPASSYDS-26OCT04TENBAL-TENCWARD1-200,Cam Ward: 200+ passing yards,0.3900,0.4200,0.4200,19.95,19.95,active,2026-10-06T17:00:00Z,2026-10-01T13:50:16+00:00
KXNFLPASSYDS-26OCT04TENBAL,KXNFLPASSYDS,KXNFLPASSYDS-26OCT04TENBAL-BALLJACKSON8-250,Lamar Jackson: 250+ passing yards,0.3400,0.3500,0.3600,10.63,10.63,active,2026-10-06T17:00:00Z,2026-10-01T13:50:16+00:00
KXNFLPASSYDS-26OCT04TENBAL,KXNFLPASSYDS,KXNFLPASSYDS-26OCT04TENBAL-BALLJACKSON8-175,Lamar Jackson: 175+ passing yards,0.7000,0.8000,0.0000,0.00,0.00,active,2026-10-06T17:00:00Z,2026-10-01T13:50:16+00:00
KXNFLPASSYDS-26OCT04TENBAL,KXNFLPASSYDS,KXNFLPASSYDS-26OCT04TENBAL-BALLJACKSON8-325,Lamar Jackson: 325+ passing yards,0.0600,0.1100,0.0000,0.00,0.00,active,2026-10-06T17:00:00Z,2026-10-01T13:50:16+00:00
KXNFLPASSYDS-26OCT05ATLNO,KXNFLPASSYDS,KXNFLPASSYDS-26OCT05ATLNO-ATLMPENIX9-250,Michael Penix Jr.: 250+ passing yards,0.3300,0.3800,0.0000,0.00,0.00,active,2026-10-08T00:15:00Z,2026-10-01T13:50:16+00:00
KXNFLPASSYDS-26OCT05ATLNO,KXNFLPASSYDS,KXNFLPASSYDS-26OCT05ATLNO-NOTSHOUGH6-350,Tyler Shough: 350+ passing yards,0.0600,0.1200,0.0000,0.00,0.00,active,2026-10-08T00:15:00Z,2026-10-01T13:50:16+00:00
KXNFLPASSYDS-26OCT05ATLNO,KXNFLPASSYDS,KXNFLPASSYDS-26OCT05ATLNO-ATLMPENIX9-275,Michael Penix Jr.: 275+ passing yards,0.2000,0.2500,0.0000,0.00,0.00,active,2026-10-08T00:15:00Z,2026-10-01T13:50:16+00:00
KXNFLPASSYDS-26OCT05ATLNO,KXNFLPASSYDS,KXNFLPASSYDS-26OCT05ATLNO-NOTSHOUGH6-300,Tyler Shough: 300+ passing yards,0.2300,0.2800,0.0000,0.00,0.00,active,2026-10-08T00:15:00Z,2026-10-01T13:50:16+00:00
KXNFLPASSYDS-26OCT05ATLNO,KXNFLPASSYDS,KXNFLPASSYDS-26OCT05ATLNO-NOTSHOUGH6-175,Tyler Shough: 175+ passing yards,0.8700,0.8900,0.0000,0.00,0.00,active,2026-10-08T00:15:00Z,2026-10-01T13:50:16+00:00
KXNFLPASSYDS-26OCT05ATLNO,KXNFLPASSYDS,KXNFLPASSYDS-26OCT05ATLNO-NOTSHOUGH6-375,Tyler Shough: 375+ passing yards,0.0500,0.0800,0.0000,0.00,0.00,active,2026-10-08T00:15:00Z,2026-10-01T13:50:16+00:00
KXNFLPASSYDS-26OCT05ATLNO,KXNFLPASSYDS,KXNFLPASSYDS-26OCT05ATLNO-ATLMPENIX9-325,Michael Penix Jr.: 325+ passing yards,0.0600,0.1000,0.0000,0.00,0.00,active,2026-10-08T00:15:00Z,2026-10-01T13:50:16+00:00
KXNFLPASSYDS-26OCT05ATLNO,KXNFLPASSYDS,KXNFLPASSYDS-26OCT05ATLNO-NOTSHOUGH6-325,Tyler Shough: 325+ passing yards,0.1300,0.1900,0.0000,0.00,0.00,active,2026-10-08T00:15:00Z,2026-10-01T13:50:16+00:00
KXNFLPASSYDS-26OCT05ATLNO,KXNFLPASSYDS,KXNFLPASSYDS-26OCT05ATLNO-ATLMPENIX9-175,Michael Penix Jr.: 175+ passing yards,0.7600,0.8100,0.0000,0.00,0.00,active,2026-10-08T00:15:00Z,2026-10-01T13:50:16+00:00
KXNFLPASSYDS-26OCT05ATLNO,KXNFLPASSYDS,KXNFLPASSYDS-26OCT05ATLNO-NOTSHOUGH6-250,Tyler Shough: 250+ passing yards,0.5100,0.5600,0.0000,0.00,0.00,active,2026-10-08T00:15:00Z,2026-10-01T13:50:16+00:00
KXNFLPASSYDS-26OCT05ATLNO,KXNFLPASSYDS,KXNFLPASSYDS-26OCT05ATLNO-ATLMPENIX9-300,Michael Penix Jr.: 300+ passing yards,0.1000,0.1600,0.0000,0.00,0.00,active,2026-10-08T00:15:00Z,2026-10-01T13:50:16+00:00
KXNFLPASSYDS-26OCT05ATLNO,KXNFLPASSYDS,KXNFLPASSYDS-26OCT05ATLNO-NOTSHOUGH6-275,Tyler Shough: 275+ passing yards,0.3600,0.4100,0.4100,19.92,19.92,active,2026-10-08T00:15:00Z,2026-10-01T13:50:16+00:00
KXNFLPASSYDS-26OCT05ATLNO,KXNFLPASSYDS,KXNFLPASSYDS-26OCT05ATLNO-ATLMPENIX9-350,Michael Penix Jr.: 350+ passing yards,0.0500,0.0600,0.0000,0.00,0.00,active,2026-10-08T00:15:00Z,2026-10-01T13:50:16+00:00
KXNFLPASSYDS-26OCT05ATLNO,KXNFLPASSYDS,KXNFLPASSYDS-26OCT05ATLNO-ATLMPENIX9-225,Michael Penix Jr.: 225+ passing yards,0.4900,0.5100,0.0000,0.00,0.00,active,2026-10-08T00:15:00Z,2026-10-01T13:50:16+00:00
KXNFLPASSYDS-26OCT05ATLNO,KXNFLPASSYDS,KXNFLPASSYDS-26OCT05ATLNO-ATLMPENIX9-150,Michael Penix Jr.: 150+ passing yards,0.8600,0.9000,0.0000,0.00,0.00,active,2026-10-08T00:15:00Z,2026-10-01T13:50:16+00:00
KXNFLPASSYDS-26OCT05ATLNO,KXNFLPASSYDS,KXNFLPASSYDS-26OCT05ATLNO-NOTSHOUGH6-400,Tyler Shough: 400+ passing yards,0.0200,0.0600,0.0500,50.00,50.00,active,2026-10-08T00:15:00Z,2026-10-01T13:50:16+00:00
KXNFLPASSYDS-26OCT05ATLNO,KXNFLPASSYDS,KXNFLPASSYDS-26OCT05ATLNO-ATLMPENIX9-200,Michael Penix Jr.: 200+ passing yards,0.6300,0.6800,0.0000,0.00,0.00,active,2026-10-08T00:15:00Z,2026-10-01T13:50:16+00:00
KXNFLPASSYDS-26OCT05ATLNO,KXNFLPASSYDS,KXNFLPASSYDS-26OCT05ATLNO-NOTSHOUGH6-225,Tyler Shough: 225+ passing yards,0.6600,0.7000,0.0000,0.00,0.00,active,2026-10-08T00:15:00Z,2026-10-01T13:50:16+00:00
KXNFLPASSYDS-26OCT05ATLNO,KXNFLPASSYDS,KXNFLPASSYDS-26OCT05ATLNO-NOTSHOUGH6-200,Tyler Shough: 200+ passing yards,0.7800,0.8100,0.0000,0.00,0.00,active,2026-10-08T00:15:00Z,2026-10-01T13:50:16+00:00
KXNFLPASSTDS-26OCT01PITCLE,KXNFLPASSTDS,KXNFLPASSTDS-26OCT01PITCLE-CLEDWATSON4-3,Deshaun Watson: 3+ passing touchdowns,0.0700,0.0800,0.0800,2228.58,2228.58,active,2026-10-04T00:15:00Z,2026-10-01T13:50:16+00:00
KXNFLPASSTDS-26OCT01PITCLE,KXNFLPASSTDS,KXNFLPASSTDS-26OCT01PITCLE-PITARODGERS8-3,Aaron Rodgers: 3+ passing touchdowns,0.1200,0.1300,0.1300,3096.48,3091.48,active,2026-10-04T00:15:00Z,2026-10-01T13:50:16+00:00
KXNFLPASSTDS-26OCT01PITCLE,KXNFLPASSTDS,KXNFLPASSTDS-26OCT01PITCLE-CLEDWATSON4-4,Deshaun Watson: 4+ passing touchdowns,0.0100,0.0300,0.0300,616.18,616.18,active,2026-10-04T00:15:00Z,2026-10-01T13:50:16+00:00
KXNFLPASSTDS-26OCT01PITCLE,KXNFLPASSTDS,KXNFLPASSTDS-26OCT01PITCLE-PITARODGERS8-2,Aaron Rodgers: 2+ passing touchdowns,0.3800,0.3900,0.3900,20700.31,20700.31,active,2026-10-04T00:15:00Z,2026-10-01T13:50:16+00:00
KXNFLPASSTDS-26OCT01PITCLE,KXNFLPASSTDS,KXNFLPASSTDS-26OCT01PITCLE-PITARODGERS8-4,Aaron Rodgers: 4+ passing touchdowns,0.0300,0.0400,0.0500,9680.97,9199.63,active,2026-10-04T00:15:00Z,2026-10-01T13:50:16+00:00
KXNFLPASSTDS-26OCT01PITCLE,KXNFLPASSTDS,KXNFLPASSTDS-26OCT01PITCLE-CLEDWATSON4-2,Deshaun Watson: 2+ passing touchdowns,0.2700,0.2800,0.2800,5739.28,5705.98,active,2026-10-04T00:15:00Z,2026-10-01T13:50:16+00:00
KXNFLPASSTDS-26OCT01PITCLE,KXNFLPASSTDS,KXNFLPASSTDS-26OCT01PITCLE-CLEDWATSON4-1,Deshaun Watson: 1+ passing touchdowns,0.6400,0.6500,0.6500,16256.86,15926.53,active,2026-10-04T00:15:00Z,2026-10-01T13:50:16+00:00
KXNFLPASSTDS-26OCT01PITCLE,KXNFLPASSTDS,KXNFLPASSTDS-26OCT01PITCLE-PITARODGERS8-1,Aaron Rodgers: 1+ passing touchdowns,0.7400,0.7500,0.7500,1738.80,1682.47,active,2026-10-04T00:15:00Z,2026-10-01T13:50:16+00:00
KXNFLPASSTDS-26OCT04ARINYG,KXNFLPASSTDS,KXNFLPASSTDS-26OCT04ARINYG-NYGJWINSTON19-4,Jameis Winston: 4+ passing touchdowns,0.0000,0.0600,0.0000,0.00,0.00,active,2026-10-06T17:00:00Z,2026-10-01T13:50:16+00:00
KXNFLPASSTDS-26OCT04ARINYG,KXNFLPASSTDS,KXNFLPASSTDS-26OCT04ARINYG-ARIJBRISSETT7-4,Jacoby Brissett: 4+ passing touchdowns,0.0000,0.0700,0.0000,0.00,0.00,active,2026-10-06T17:00:00Z,2026-10-01T13:50:16+00:00
KXNFLPASSTDS-26OCT04ARINYG,KXNFLPASSTDS,KXNFLPASSTDS-26OCT04ARINYG-ARIJBRISSETT7-3,Jacoby Brissett: 3+ passing touchdowns,0.1500,0.1700,0.0000,0.00,0.00,active,2026-10-06T17:00:00Z,2026-10-01T13:50:16+00:00
KXNFLPASSTDS-26OCT04ARINYG,KXNFLPASSTDS,KXNFLPASSTDS-26OCT04ARINYG-ARIJBRISSETT7-2,Jacoby Brissett: 2+ passing touchdowns,0.4200,0.4500,0.4500,212.74,212.74,active,2026-10-06T17:00:00Z,2026-10-01T13:50:16+00:00
KXNFLPASSTDS-26OCT04ARINYG,KXNFLPASSTDS,KXNFLPASSTDS-26OCT04ARINYG-NYGJWINSTON19-1,Jameis Winston: 1+ passing touchdowns,0.7000,0.7500,0.7600,1.28,1.28,active,2026-10-06T17:00:00Z,2026-10-01T13:50:16+00:00
KXNFLPASSTDS-26OCT04ARINYG,KXNFLPASSTDS,KXNFLPASSTDS-26OCT04ARINYG-NYGJWINSTON19-3,Jameis Winston: 3+ passing touchdowns,0.1100,0.1300,0.0000,0.00,0.00,active,2026-10-06T17:00:00Z,2026-10-01T13:50:16+00:00
KXNFLPASSTDS-26OCT04ARINYG,KXNFLPASSTDS,KXNFLPASSTDS-26OCT04ARINYG-NYGJWINSTON19-2,Jameis Winston: 2+ passing touchdowns,0.3400,0.3600,0.3600,7.60,7.60,active,2026-10-06T17:00:00Z,2026-10-01T13:50:16+00:00
KXNFLPASSTDS-26OCT04ARINYG,KXNFLPASSTDS,KXNFLPASSTDS-26OCT04ARINYG-ARIJBRISSETT7-1,Jacoby Brissett: 1+ passing touchdowns,0.7700,0.8100,0.7500,25.00,25.00,active,2026-10-06T17:00:00Z,2026-10-01T13:50:16+00:00
KXNFLPASSTDS-26OCT04DALHOU,KXNFLPASSTDS,KXNFLPASSTDS-26OCT04DALHOU-HOUCSTROUD7-4,C.J. Stroud: 4+ passing touchdowns,0.0500,0.0800,0.0000,0.00,0.00,active,2026-10-06T17:00:00Z,2026-10-01T13:50:16+00:00
KXNFLPASSTDS-26OCT04DALHOU,KXNFLPASSTDS,KXNFLPASSTDS-26OCT04DALHOU-DALDPRESCOTT4-4,Dak Prescott: 4+ passing touchdowns,0.0500,0.0800,0.0800,58.71,58.71,active,2026-10-06T17:00:00Z,2026-10-01T13:50:16+00:00
KXNFLPASSTDS-26OCT04DALHOU,KXNFLPASSTDS,KXNFLPASSTDS-26OCT04DALHOU-HOUCSTROUD7-1,C.J. Stroud: 1+ passing touchdowns,0.7800,0.8400,0.0000,0.00,0.00,active,2026-10-06T17:00:00Z,2026-10-01T13:50:16+00:00
KXNFLPASSTDS-26OCT04DALHOU,KXNFLPASSTDS,KXNFLPASSTDS-26OCT04DALHOU-HOUCSTROUD7-3,C.J. Stroud: 3+ passing touchdowns,0.1900,0.2200,0.0000,0.00,0.00,active,2026-10-06T17:00:00Z,2026-10-01T13:50:16+00:00
KXNFLPASSTDS-26OCT04DALHOU,KXNFLPASSTDS,KXNFLPASSTDS-26OCT04DALHOU-DALDPRESCOTT4-3,Dak Prescott: 3+ passing touchdowns,0.2000,0.2200,0.2200,86.20,86.20,active,2026-10-06T17:00:00Z,2026-10-01T13:50:16+00:00
KXNFLPASSTDS-26OCT04DALHOU,KXNFLPASSTDS,KXNFLPASSTDS-26OCT04DALHOU-DALDPRESCOTT4-1,Dak Prescott: 1+ passing touchdowns,0.8100,0.8500,0.8500,593.27,549.17,active,2026-10-06T17:00:00Z,2026-10-01T13:50:16+00:00
KXNFLPASSTDS-26OCT04DALHOU,KXNFLPASSTDS,KXNFLPASSTDS-26OCT04DALHOU-DALDPRESCOTT4-2,Dak Prescott: 2+ passing touchdowns,0.5000,0.5200,0.5200,119.52,108.75,active,2026-10-06T17:00:00Z,2026-10-01T13:50:16+00:00
KXNFLPASSTDS-26OCT04DALHOU,KXNFLPASSTDS,KXNFLPASSTDS-26OCT04DALHOU-HOUCSTROUD7-2,C.J. Stroud: 2+ passing touchdowns,0.4700,0.5100,0.0000,0.00,0.00,active,2026-10-06T17:00:00Z,2026-10-01T13:50:16+00:00
KXNFLPASSTDS-26OCT04DENSF,KXNFLPASSTDS,KXNFLPASSTDS-26OCT04DENSF-DENBNIX10-1,Bo Nix: 1+ passing touchdowns,0.7600,0.8200,0.0000,0.00,0.00,active,2026-10-06T20:25:00Z,2026-10-01T13:50:16+00:00
KXNFLPASSTDS-26OCT04DENSF,KXNFLPASSTDS,KXNFLPASSTDS-26OCT04DENSF-DENBNIX10-3,Bo Nix: 3+ passing touchdowns,0.1600,0.1900,0.1800,10.50,10.50,active,2026-10-06T20:25:00Z,2026-10-01T13:50:16+00:00
KXNFLPASSTDS-26OCT04DENSF,KXNFLPASSTDS,KXNFLPASSTDS-26OCT04DENSF-SFBPURDY13-3,Brock Purdy: 3+ passing touchdowns,0.1900,0.2200,0.2200,153.62,153.62,active,2026-10-06T20:25:00Z,2026-10-01T13:50:16+00:00
KXNFLPASSTDS-26OCT04DENSF,KXNFLPASSTDS,KXNFLPASSTDS-26OCT04DENSF-SFBPURDY13-1,Brock Purdy: 1+ passing touchdowns,0.7900,0.8500,0.8700,10.56,10.56,active,2026-10-06T20:25:00Z,2026-10-01T13:50:16+00:00
KXNFLPASSTDS-26OCT04DENSF,KXNFLPASSTDS,KXNFLPASSTDS-26OCT04DENSF-DENBNIX10-2,Bo Nix: 2+ passing touchdowns,0.4300,0.4600,0.4500,96.27,96.27,active,2026-10-06T20:25:00Z,2026-10-01T13:50:16+00:00
KXNFLPASSTDS-26OCT04DENSF,KXNFLPASSTDS,KXNFLPASSTDS-26OCT04DENSF-SFBPURDY13-4,Brock Purdy: 4+ passing touchdowns,0.0500,0.0800,0.0000,0.00,0.00,active,2026-10-06T20:25:00Z,2026-10-01T13:50:16+00:00
KXNFLPASSTDS-26OCT04DENSF,KXNFLPASSTDS,KXNFLPASSTDS-26OCT04DENSF-SFBPURDY13-2,Brock Purdy: 2+ passing touchdowns,0.5000,0.5200,0.5200,367.80,367.80,active,2026-10-06T20:25:00Z,2026-10-01T13:50:16+00:00
KXNFLPASSTDS-26OCT04DENSF,KXNFLPASSTDS,KXNFLPASSTDS-26OCT04DENSF-SFBPURDY13-5,Brock Purdy: 5+ passing touchdowns,0.0000,0.0500,0.0000,0.00,0.00,active,2026-10-06T20:25:00Z,2026-10-01T13:50:16+00:00
KXNFLPASSTDS-26OCT04DENSF,KXNFLPASSTDS,KXNFLPASSTDS-26OCT04DENSF-DENBNIX10-4,Bo Nix: 4+ passing touchdowns,0.0400,0.0600,0.0000,0.00,0.00,active,2026-10-06T20:25:00Z,2026-10-01T13:50:16+00:00
KXNFLPASSTDS-26OCT04DETCAR,KXNFLPASSTDS,KXNFLPASSTDS-26OCT04DETCAR-CARBYOUNG9-2,Bryce Young: 2+ passing touchdowns,0.5200,0.5400,0.0000,0.00,0.00,active,2026-10-07T00:20:00Z,2026-10-01T13:50:16+00:00
KXNFLPASSTDS-26OCT04DETCAR,KXNFLPASSTDS,KXNFLPASSTDS-26OCT04DETCAR-DETJGOFF16-2,Jared Goff: 2+ passing touchdowns,0.6100,0.6300,0.6200,31.57,31.57,active,2026-10-07T00:20:00Z,2026-10-01T13:50:16+00:00
KXNFLPASSTDS-26OCT04DETCAR,KXNFLPASSTDS,KXNFLPASSTDS-26OCT04DETCAR-DETJGOFF16-1,Jared Goff: 1+ passing touchdowns,0.8600,0.9000,0.9000,11.03,11.03,active,2026-10-07T00:20:00Z,2026-10-01T13:50:16+00:00
KXNFLPASSTDS-26OCT04DETCAR,KXNFLPASSTDS,KXNFLPASSTDS-26OCT04DETCAR-CARBYOUNG9-1,Bryce Young: 1+ passing touchdowns,0.8300,0.8600,0.8700,57.67,57.67,active,2026-10-07T00:20:00Z,2026-10-01T13:50:16+00:00
KXNFLPASSTDS-26OCT04DETCAR,KXNFLPASSTDS,KXNFLPASSTDS-26OCT04DETCAR-DETJGOFF16-4,Jared Goff: 4+ passing touchdowns,0.1000,0.1200,0.1000,43.00,43.00,active,2026-10-07T00:20:00Z,2026-10-01T13:50:16+00:00
KXNFLPASSTDS-26OCT04DETCAR,KXNFLPASSTDS,KXNFLPASSTDS-26OCT04DETCAR-CARBYOUNG9-4,Bryce Young: 4+ passing touchdowns,0.0600,0.1000,0.0800,10.61,10.61,active,2026-10-07T00:20:00Z,2026-10-01T13:50:16+00:00
KXNFLPASSTDS-26OCT04DETCAR,KXNFLPASSTDS,KXNFLPASSTDS-26OCT04DETCAR-DETJGOFF16-3,Jared Goff: 3+ passing touchdowns,0.2800,0.3100,0.0000,0.00,0.00,active,2026-10-07T00:20:00Z,2026-10-01T13:50:16+00:00
KXNFLPASSTDS-26OCT04DETCAR,KXNFLPASSTDS,KXNFLPASSTDS-26OCT04DETCAR-CARBYOUNG9-3,Bryce Young: 3+ passing touchdowns,0.2200,0.2500,0.2400,98.90,98.90,active,2026-10-07T00:20:00Z,2026-10-01T13:50:16+00:00
KXNFLPASSTDS-26OCT04DETCAR,KXNFLPASSTDS,KXNFLPASSTDS-26OCT04DETCAR-DETJGOFF16-5,Jared Goff: 5+ passing touchdowns,0.0000,0.0600,0.0000,0.00,0.00,active,2026-10-07T00:20:00Z,2026-10-01T13:50:16+00:00
KXNFLPASSTDS-26OCT04GBTB,KXNFLPASSTDS,KXNFLPASSTDS-26OCT04GBTB-TBJDANIELS10-3,Jalon Daniels: 3+ passing touchdowns,0.0500,0.0800,0.0700,134.12,134.12,active,2026-10-06T17:00:00Z,2026-10-01T13:50:16+00:00
KXNFLPASSTDS-26OCT04GBTB,KXNFLPASSTDS,KXNFLPASSTDS-26OCT04GBTB-GBJLOVE10-4,Jordan Love: 4+ passing touchdowns,0.0500,0.0700,0.0000,0.00,0.00,active,2026-10-06T17:00:00Z,2026-10-01T13:50:16+00:00
KXNFLPASSTDS-26OCT04GBTB,KXNFLPASSTDS,KXNFLPASSTDS-26OCT04GBTB-GBJLOVE10-2,Jordan Love: 2+ passing touchdowns,0.4400,0.4500,0.4600,300.00,300.00,active,2026-10-06T17:00:00Z,2026-10-01T13:50:16+00:00
KXNFLPASSTDS-26OCT04GBTB,KXNFLPASSTDS,KXNFLPASSTDS-26OCT04GBTB-TBJDANIELS10-2,Jalon Daniels: 2+ passing touchdowns,0.2200,0.2300,0.2300,103.12,103.12,active,2026-10-06T17:00:00Z,2026-10-01T13:50:16+00:00
KXNFLPASSTDS-26OCT04GBTB,KXNFLPASSTDS,KXNFLPASSTDS-26OCT04GBTB-GBJLOVE10-3,Jordan Love: 3+ passing touchdowns,0.1700,0.1900,0.1900,1494.22,1494.22,active,2026-10-06T17:00:00Z,2026-10-01T13:50:16+00:00
KXNFLPASSTDS-26OCT04GBTB,KXNFLPASSTDS,KXNFLPASSTDS-26OCT04GBTB-TBJDANIELS10-1,Jalon Daniels: 1+ passing touchdowns,0.5900,0.6200,0.0000,0.00,0.00,active,2026-10-06T17:00:00Z,2026-10-01T13:50:16+00:00
KXNFLPASSTDS-26OCT04GBTB,KXNFLPASSTDS,KXNFLPASSTDS-26OCT04GBTB-GBJLOVE10-1,Jordan Love: 1+ passing touchdowns,0.7700,0.8000,0.7700,2251.11,2245.11,active,2026-10-06T17:00:00Z,2026-10-01T13:50:16+00:00
KXNFLPASSTDS-26OCT04INDWAS,KXNFLPASSTDS,KXNFLPASSTDS-26OCT04INDWAS-WASMMARIOTA8-4,Marcus Mariota: 4+ passing touchdowns,0.0000,0.0600,0.0000,0.00,0.00,active,2026-10-06T13:30:00Z,2026-10-01T13:50:16+00:00
KXNFLPASSTDS-26OCT04INDWAS,KXNFLPASSTDS,KXNFLPASSTDS-26OCT04INDWAS-WASMMARIOTA8-2,Marcus Mariota: 2+ passing touchdowns,0.3700,0.4000,0.3900,60.97,60.97,active,2026-10-06T13:30:00Z,2026-10-01T13:50:16+00:00
KXNFLPASSTDS-26OCT04INDWAS,KXNFLPASSTDS,KXNFLPASSTDS-26OCT04INDWAS-WASMMARIOTA8-3,Marcus Mariota: 3+ passing touchdowns,0.1400,0.1600,0.1000,3.00,3.00,active,2026-10-06T13:30:00Z,2026-10-01T13:50:16+00:00
KXNFLPASSTDS-26OCT04INDWAS,KXNFLPASSTDS,KXNFLPASSTDS-26OCT04INDWAS-INDDJONES17-3,Daniel Jones: 3+ passing touchdowns,0.1800,0.2100,0.0000,0.00,0.00,active,2026-10-06T13:30:00Z,2026-10-01T13:50:16+00:00
KXNFLPASSTDS-26OCT04INDWAS,KXNFLPASSTDS,KXNFLPASSTDS-26OCT04INDWAS-INDDJONES17-4,Daniel Jones: 4+ passing touchdowns,0.0500,0.0800,0.0500,45.18,45.18,active,2026-10-06T13:30:00Z,2026-10-01T13:50:16+00:00
KXNFLPASSTDS-26OCT04INDWAS,KXNFLPASSTDS,KXNFLPASSTDS-26OCT04INDWAS-INDDJONES17-1,Daniel Jones: 1+ passing touchdowns,0.7800,0.8200,0.8400,64.53,64.53,active,2026-10-06T13:30:00Z,2026-10-01T13:50:16+00:00
KXNFLPASSTDS-26OCT04INDWAS,KXNFLPASSTDS,KXNFLPASSTDS-26OCT04INDWAS-WASMMARIOTA8-1,Marcus Mariota: 1+ passing touchdowns,0.7300,0.7800,0.7900,61.72,61.72,active,2026-10-06T13:30:00Z,2026-10-01T13:50:16+00:00
KXNFLPASSTDS-26OCT04INDWAS,KXNFLPASSTDS,KXNFLPASSTDS-26OCT04INDWAS-INDDJONES17-2,Daniel Jones: 2+ passing touchdowns,0.4700,0.4900,0.4900,0.61,0.61,active,2026-10-06T13:30:00Z,2026-10-01T13:50:16+00:00
KXNFLPASSTDS-26OCT04JACCIN,KXNFLPASSTDS,KXNFLPASSTDS-26OCT04JACCIN-JACTLAWRENCE16-5,Trevor Lawrence: 5+ passing touchdowns,0.0000,0.0400,0.0000,0.00,0.00,active,2026-10-06T17:00:00Z,2026-10-01T13:50:16+00:00
KXNFLPASSTDS-26OCT04JACCIN,KXNFLPASSTDS,KXNFLPASSTDS-26OCT04JACCIN-CINJBURROW9-5,Joe Burrow: 5+ passing touchdowns,0.0000,0.0500,0.0000,0.00,0.00,active,2026-10-06T17:00:00Z,2026-10-01T13:50:16+00:00
KXNFLPASSTDS-26OCT04JACCIN,KXNFLPASSTDS,KXNFLPASSTDS-26OCT04JACCIN-JACTLAWRENCE16-3,Trevor Lawrence: 3+ passing touchdowns,0.2300,0.2500,0.2500,41.65,41.65,active,2026-10-06T17:00:00Z,2026-10-01T13:50:16+00:00
KXNFLPASSTDS-26OCT04JACCIN,KXNFLPASSTDS,KXNFLPASSTDS-26OCT04JACCIN-CINJBURROW9-1,Joe Burrow: 1+ passing touchdowns,0.8600,0.9100,0.9100,10.92,10.92,active,2026-10-06T17:00:00Z,2026-10-01T13:50:16+00:00
KXNFLPASSTDS-26OCT04JACCIN,KXNFLPASSTDS,KXNFLPASSTDS-26OCT04JACCIN-CINJBURROW9-4,Joe Burrow: 4+ passing touchdowns,0.0800,0.1300,0.0000,0.00,0.00,active,2026-10-06T17:00:00Z,2026-10-01T13:50:16+00:00
KXNFLPASSTDS-26OCT04JACCIN,KXNFLPASSTDS,KXNFLPASSTDS-26OCT04JACCIN-JACTLAWRENCE16-2,Trevor Lawrence: 2+ passing touchdowns,0.5300,0.5500,0.5600,10.00,10.00,active,2026-10-06T17:00:00Z,2026-10-01T13:50:16+00:00
KXNFLPASSTDS-26OCT04JACCIN,KXNFLPASSTDS,KXNFLPASSTDS-26OCT04JACCIN-CINJBURROW9-3,Joe Burrow: 3+ passing touchdowns,0.3000,0.3300,0.3300,89.01,89.01,active,2026-10-06T17:00:00Z,2026-10-01T13:50:16+00:00
KXNFLPASSTDS-26OCT04JACCIN,KXNFLPASSTDS,KXNFLPASSTDS-26OCT04JACCIN-JACTLAWRENCE16-1,Trevor Lawrence: 1+ passing touchdowns,0.8300,0.8800,0.0000,0.00,0.00,active,2026-10-06T17:00:00Z,2026-10-01T13:50:16+00:00
KXNFLPASSTDS-26OCT04JACCIN,KXNFLPASSTDS,KXNFLPASSTDS-26OCT04JACCIN-JACTLAWRENCE16-4,Trevor Lawrence: 4+ passing touchdowns,0.0600,0.1000,0.0900,25.00,25.00,active,2026-10-06T17:00:00Z,2026-10-01T13:50:16+00:00
KXNFLPASSTDS-26OCT04JACCIN,KXNFLPASSTDS,KXNFLPASSTDS-26OCT04JACCIN-CINJBURROW9-2,Joe Burrow: 2+ passing touchdowns,0.6200,0.6400,0.6400,52.95,45.39,active,2026-10-06T17:00:00Z,2026-10-01T13:50:16+00:00
KXNFLPASSTDS-26OCT04KCLV,KXNFLPASSTDS,KXNFLPASSTDS-26OCT04KCLV-LVKCOUSINS8-4,Kirk Cousins: 4+ passing touchdowns,0.0400,0.0500,0.0600,1139.37,1139.37,active,2026-10-06T20:25:00Z,2026-10-01T13:50:16+00:00
KXNFLPASSTDS-26OCT04KCLV,KXNFLPASSTDS,KXNFLPASSTDS-26OCT04KCLV-KCPMAHOMES15-4,Patrick Mahomes: 4+ passing touchdowns,0.0800,0.1000,0.0900,340.68,340.68,active,2026-10-06T20:25:00Z,2026-10-01T13:50:16+00:00
KXNFLPASSTDS-26OCT04KCLV,KXNFLPASSTDS,KXNFLPASSTDS-26OCT04KCLV-LVKCOUSINS8-1,Kirk Cousins: 1+ passing touchdowns,0.7600,0.7900,0.8000,36.42,36.42,active,2026-10-06T20:25:00Z,2026-10-01T13:50:16+00:00
KXNFLPASSTDS-26OCT04KCLV,KXNFLPASSTDS,KXNFLPASSTDS-26OCT04KCLV-LVKCOUSINS8-3,Kirk Cousins: 3+ passing touchdowns,0.1500,0.1700,0.1700,906.72,878.93,active,2026-10-06T20:25:00Z,2026-10-01T13:50:16+00:00
KXNFLPASSTDS-26OCT04KCLV,KXNFLPASSTDS,KXNFLPASSTDS-26OCT04KCLV-LVKCOUSINS8-2,Kirk Cousins: 2+ passing touchdowns,0.4100,0.4300,0.4300,963.35,963.35,active,2026-10-06T20:25:00Z,2026-10-01T13:50:16+00:00
KXNFLPASSTDS-26OCT04KCLV,KXNFLPASSTDS,KXNFLPASSTDS-26OCT04KCLV-KCPMAHOMES15-3,Patrick Mahomes: 3+ passing touchdowns,0.2400,0.2500,0.2500,424.58,424.58,active,2026-10-06T20:25:00Z,2026-10-01T13:50:16+00:00
KXNFLPASSTDS-26OCT04KCLV,KXNFLPASSTDS,KXNFLPASSTDS-26OCT04KCLV-KCPMAHOMES15-1,Patrick Mahomes: 1+ passing touchdowns,0.8400,0.8700,0.8700,56.85,56.85,active,2026-10-06T20:25:00Z,2026-10-01T13:50:16+00:00
KXNFLPASSTDS-26OCT04KCLV,KXNFLPASSTDS,KXNFLPASSTDS-26OCT04KCLV-KCPMAHOMES15-2,Patrick Mahomes: 2+ passing touchdowns,0.5200,0.5500,0.5500,929.53,881.23,active,2026-10-06T20:25:00Z,2026-10-01T13:50:16+00:00
KXNFLPASSTDS-26OCT04LACSEA,KXNFLPASSTDS,KXNFLPASSTDS-26OCT04LACSEA-LACJHERBERT10-3,Justin Herbert: 3+ passing touchdowns,0.0600,0.1000,0.0000,0.00,0.00,active,2026-10-06T20:25:00Z,2026-10-01T13:50:16+00:00
KXNFLPASSTDS-26OCT04LACSEA,KXNFLPASSTDS,KXNFLPASSTDS-26OCT04LACSEA-SEASDARNOLD14-3,Sam Darnold: 3+ passing touchdowns,0.2100,0.2400,0.2400,1377.73,1377.73,active,2026-10-06T20:25:00Z,2026-10-01T13:50:16+00:00
KXNFLPASSTDS-26OCT04LACSEA,KXNFLPASSTDS,KXNFLPASSTDS-26OCT04LACSEA-SEASDARNOLD14-4,Sam Darnold: 4+ passing touchdowns,0.0500,0.1000,0.0000,0.00,0.00,active,2026-10-06T20:25:00Z,2026-10-01T13:50:16+00:00
KXNFLPASSTDS-26OCT04LACSEA,KXNFLPASSTDS,KXNFLPASSTDS-26OCT04LACSEA-SEASDARNOLD14-1,Sam Darnold: 1+ passing touchdowns,0.8200,0.8600,0.0000,0.00,0.00,active,2026-10-06T20:25:00Z,2026-10-01T13:50:16+00:00
KXNFLPASSTDS-26OCT04LACSEA,KXNFLPASSTDS,KXNFLPASSTDS-26OCT04LACSEA-SEASDARNOLD14-2,Sam Darnold: 2+ passing touchdowns,0.5200,0.5400,0.5400,62.69,62.69,active,2026-10-06T20:25:00Z,2026-10-01T13:50:16+00:00
KXNFLPASSTDS-26OCT04LACSEA,KXNFLPASSTDS,KXNFLPASSTDS-26OCT04LACSEA-LACJHERBERT10-1,Justin Herbert: 1+ passing touchdowns,0.6600,0.6900,0.6900,1.41,1.41,active,2026-10-06T20:25:00Z,2026-10-01T13:50:16+00:00
KXNFLPASSTDS-26OCT04LACSEA,KXNFLPASSTDS,KXNFLPASSTDS-26OCT04LACSEA-LACJHERBERT10-2,Justin Herbert: 2+ passing touchdowns,0.2600,0.3000,0.2900,0.59,0.59,active,2026-10-06T20:25:00Z,2026-10-01T13:50:16+00:00
KXNFLPASSTDS-26OCT04LACSEA,KXNFLPASSTDS,KXNFLPASSTDS-26OCT04LACSEA-SEASDARNOLD14-5,Sam Darnold: 5+ passing touchdowns,0.0000,0.0500,0.0000,0.00,0.00,active,2026-10-06T20:25:00Z,2026-10-01T13:50:16+00:00
KXNFLPASSTDS-26OCT04LARPHI,KXNFLPASSTDS,KXNFLPASSTDS-26OCT04LARPHI-LARMSTAFFORD9-5,Matthew Stafford: 5+ passing touchdowns,0.0000,0.0400,0.0000,0.00,0.00,active,2026-10-06T17:00:00Z,2026-10-01T13:50:16+00:00
KXNFLPASSTDS-26OCT04LARPHI,KXNFLPASSTDS,KXNFLPASSTDS-26OCT04LARPHI-LARMSTAFFORD9-4,Matthew Stafford: 4+ passing touchdowns,0.0600,0.0900,0.0800,168.08,168.08,active,2026-10-06T17:00:00Z,2026-10-01T13:50:16+00:00
KXNFLPASSTDS-26OCT04LARPHI,KXNFLPASSTDS,KXNFLPASSTDS-26OCT04LARPHI-PHIJHURTS1-2,Jalen Hurts: 2+ passing touchdowns,0.3100,0.3400,0.3300,43.41,43.41,active,2026-10-06T17:00:00Z,2026-10-01T13:50:16+00:00
KXNFLPASSTDS-26OCT04LARPHI,KXNFLPASSTDS,KXNFLPASSTDS-26OCT04LARPHI-PHIJHURTS1-4,Jalen Hurts: 4+ passing touchdowns,0.0200,0.0500,0.0000,0.00,0.00,active,2026-10-06T17:00:00Z,2026-10-01T13:50:16+00:00
KXNFLPASSTDS-26OCT04LARPHI,KXNFLPASSTDS,KXNFLPASSTDS-26OCT04LARPHI-PHIJHURTS1-1,Jalen Hurts: 1+ passing touchdowns,0.6900,0.7300,0.7300,13.32,13.32,active,2026-10-06T17:00:00Z,2026-10-01T13:50:16+00:00
KXNFLPASSTDS-26OCT04LARPHI,KXNFLPASSTDS,KXNFLPASSTDS-26OCT04LARPHI-LARMSTAFFORD9-1,Matthew Stafford: 1+ passing touchdowns,0.8200,0.8500,0.8500,11.48,11.48,active,2026-10-06T17:00:00Z,2026-10-01T13:50:16+00:00
KXNFLPASSTDS-26OCT04LARPHI,KXNFLPASSTDS,KXNFLPASSTDS-26OCT04LARPHI-LARMSTAFFORD9-2,Matthew Stafford: 2+ passing touchdowns,0.5100,0.5300,0.5300,155.58,155.58,active,2026-10-06T17:00:00Z,2026-10-01T13:50:16+00:00
KXNFLPASSTDS-26OCT04LARPHI,KXNFLPASSTDS,KXNFLPASSTDS-26OCT04LARPHI-LARMSTAFFORD9-3,Matthew Stafford: 3+ passing touchdowns,0.2200,0.2400,0.2400,2524.49,2524.49,active,2026-10-06T17:00:00Z,2026-10-01T13:50:16+00:00
KXNFLPASSTDS-26OCT04LARPHI,KXNFLPASSTDS,KXNFLPASSTDS-26OCT04LARPHI-PHIJHURTS1-3,Jalen Hurts: 3+ passing touchdowns,0.1000,0.1300,0.1000,1288.78,1288.78,active,2026-10-06T17:00:00Z,2026-10-01T13:50:16+00:00
KXNFLPASSTDS-26OCT04MIAMIN,KXNFLPASSTDS,KXNFLPASSTDS-26OCT04MIAMIN-MINKMURRAY1-4,Kyler Murray: 4+ passing touchdowns,0.0000,0.0700,0.0000,0.00,0.00,active,2026-10-06T20:05:00Z,2026-10-01T13:50:16+00:00
KXNFLPASSTDS-26OCT04MIAMIN,KXNFLPASSTDS,KXNFLPASSTDS-26OCT04MIAMIN-MINKMURRAY1-3,Kyler Murray: 3+ passing touchdowns,0.1800,0.2000,0.0000,0.00,0.00,active,2026-10-06T20:05:00Z,2026-10-01T13:50:16+00:00
KXNFLPASSTDS-26OCT04MIAMIN,KXNFLPASSTDS,KXNFLPASSTDS-26OCT04MIAMIN-MINKMURRAY1-2,Kyler Murray: 2+ passing touchdowns,0.4500,0.4700,0.0000,0.00,0.00,active,2026-10-06T20:05:00Z,2026-10-01T13:50:16+00:00
KXNFLPASSTDS-26OCT04MIAMIN,KXNFLPASSTDS,KXNFLPASSTDS-26OCT04MIAMIN-MIAMWILLIS2-1,Malik Willis: 1+ passing touchdowns,0.4800,0.4900,0.0000,0.00,0.00,active,2026-10-06T20:05:00Z,2026-10-01T13:50:16+00:00
KXNFLPASSTDS-26OCT04MIAMIN,KXNFLPASSTDS,KXNFLPASSTDS-26OCT04MIAMIN-MINKMURRAY1-1,Kyler Murray: 1+ passing touchdowns,0.7900,0.8400,0.0000,0.00,0.00,active,2026-10-06T20:05:00Z,2026-10-01T13:50:16+00:00
KXNFLPASSTDS-26OCT04MIAMIN,KXNFLPASSTDS,KXNFLPASSTDS-26OCT04MIAMIN-MIAMWILLIS2-3,Malik Willis: 3+ passing touchdowns,0.0200,0.0600,0.0000,0.00,0.00,active,2026-10-06T20:05:00Z,2026-10-01T13:50:16+00:00
KXNFLPASSTDS-26OCT04MIAMIN,KXNFLPASSTDS,KXNFLPASSTDS-26OCT04MIAMIN-MIAMWILLIS2-2,Malik Willis: 2+ passing touchdowns,0.1200,0.1500,0.0000,0.00,0.00,active,2026-10-06T20:05:00Z,2026-10-01T13:50:16+00:00
KXNFLPASSTDS-26OCT04NEBUF,KXNFLPASSTDS,KXNFLPASSTDS-26OCT04NEBUF-NEDMAYE10-3,Drake Maye: 3+ passing touchdowns,0.1300,0.1600,0.1600,596.19,596.19,active,2026-10-06T17:00:00Z,2026-10-01T13:50:16+00:00
KXNFLPASSTDS-26OCT04NEBUF,KXNFLPASSTDS,KXNFLPASSTDS-26OCT04NEBUF-NEDMAYE10-1,Drake Maye: 1+ passing touchdowns,0.7400,0.7900,0.0000,0.00,0.00,active,2026-10-06T17:00:00Z,2026-10-01T13:50:16+00:00
KXNFLPASSTDS-26OCT04NEBUF,KXNFLPASSTDS,KXNFLPASSTDS-26OCT04NEBUF-BUFJALLEN17-1,Josh Allen: 1+ passing touchdowns,0.8300,0.8900,0.0000,0.00,0.00,active,2026-10-06T17:00:00Z,2026-10-01T13:50:16+00:00
KXNFLPASSTDS-26OCT04NEBUF,KXNFLPASSTDS,KXNFLPASSTDS-26OCT04NEBUF-BUFJALLEN17-4,Josh Allen: 4+ passing touchdowns,0.1200,0.1300,0.0000,0.00,0.00,active,2026-10-06T17:00:00Z,2026-10-01T13:50:16+00:00
KXNFLPASSTDS-26OCT04NEBUF,KXNFLPASSTDS,KXNFLPASSTDS-26OCT04NEBUF-BUFJALLEN17-5,Josh Allen: 5+ passing touchdowns,0.0000,0.0600,0.0000,0.00,0.00,active,2026-10-06T17:00:00Z,2026-10-01T13:50:16+00:00
KXNFLPASSTDS-26OCT04NEBUF,KXNFLPASSTDS,KXNFLPASSTDS-26OCT04NEBUF-NEDMAYE10-2,Drake Maye: 2+ passing touchdowns,0.3900,0.4200,0.4200,109.24,109.24,active,2026-10-06T17:00:00Z,2026-10-01T13:50:16+00:00
KXNFLPASSTDS-26OCT04NEBUF,KXNFLPASSTDS,KXNFLPASSTDS-26OCT04NEBUF-BUFJALLEN17-3,Josh Allen: 3+ passing touchdowns,0.2500,0.2900,0.3000,15.88,15.88,active,2026-10-06T17:00:00Z,2026-10-01T13:50:16+00:00
KXNFLPASSTDS-26OCT04NEBUF,KXNFLPASSTDS,KXNFLPASSTDS-26OCT04NEBUF-BUFJALLEN17-2,Josh Allen: 2+ passing touchdowns,0.5300,0.5600,0.5500,310.20,306.20,active,2026-10-06T17:00:00Z,2026-10-01T13:50:16+00:00
KXNFLPASSTDS-26OCT04NEBUF,KXNFLPASSTDS,KXNFLPASSTDS-26OCT04NEBUF-NEDMAYE10-4,Drake Maye: 4+ passing touchdowns,0.0500,0.0600,0.0600,1810.91,1810.91,active,2026-10-06T17:00:00Z,2026-10-01T13:50:16+00:00
KXNFLPASSTDS-26OCT04NYJCHI,KXNFLPASSTDS,KXNFLPASSTDS-26OCT04NYJCHI-CHITBAGENT17-4,Tyson Bagent: 4+ passing touchdowns,0.0000,0.0700,0.0000,0.00,0.00,active,2026-10-06T17:00:00Z,2026-10-01T13:50:16+00:00
KXNFLPASSTDS-26OCT04NYJCHI,KXNFLPASSTDS,KXNFLPASSTDS-26OCT04NYJCHI-NYJGSMITH7-4,Geno Smith: 4+ passing touchdowns,0.0000,0.0600,0.0000,0.00,0.00,active,2026-10-06T17:00:00Z,2026-10-01T13:50:16+00:00
KXNFLPASSTDS-26OCT04NYJCHI,KXNFLPASSTDS,KXNFLPASSTDS-26OCT04NYJCHI-CHITBAGENT17-3,Tyson Bagent: 3+ passing touchdowns,0.1500,0.1700,0.0000,0.00,0.00,active,2026-10-06T17:00:00Z,2026-10-01T13:50:16+00:00
KXNFLPASSTDS-26OCT04NYJCHI,KXNFLPASSTDS,KXNFLPASSTDS-26OCT04NYJCHI-NYJGSMITH7-3,Geno Smith: 3+ passing touchdowns,0.1300,0.1400,0.0000,0.00,0.00,active,2026-10-06T17:00:00Z,2026-10-01T13:50:16+00:00
KXNFLPASSTDS-26OCT04NYJCHI,KXNFLPASSTDS,KXNFLPASSTDS-26OCT04NYJCHI-CHITBAGENT17-2,Tyson Bagent: 2+ passing touchdowns,0.4000,0.4600,0.0000,0.00,0.00,active,2026-10-06T17:00:00Z,2026-10-01T13:50:16+00:00
KXNFLPASSTDS-26OCT04NYJCHI,KXNFLPASSTDS,KXNFLPASSTDS-26OCT04NYJCHI-NYJGSMITH7-1,Geno Smith: 1+ passing touchdowns,0.7000,0.7600,0.0000,0.00,0.00,active,2026-10-06T17:00:00Z,2026-10-01T13:50:16+00:00
KXNFLPASSTDS-26OCT04NYJCHI,KXNFLPASSTDS,KXNFLPASSTDS-26OCT04NYJCHI-NYJGSMITH7-2,Geno Smith: 2+ passing touchdowns,0.3500,0.3800,0.0000,0.00,0.00,active,2026-10-06T17:00:00Z,2026-10-01T13:50:16+00:00
KXNFLPASSTDS-26OCT04NYJCHI,KXNFLPASSTDS,KXNFLPASSTDS-26OCT04NYJCHI-CHITBAGENT17-1,Tyson Bagent: 1+ passing touchdowns,0.7400,0.8100,0.7500,1.00,1.00,active,2026-10-06T17:00:00Z,2026-10-01T13:50:16+00:00
KXNFLPASSTDS-26OCT04TENBAL,KXNFLPASSTDS,KXNFLPASSTDS-26OCT04TENBAL-TENCWARD1-2,Cam Ward: 2+ passing touchdowns,0.2000,0.2400,0.2400,0.43,0.43,active,2026-10-06T17:00:00Z,2026-10-01T13:50:16+00:00
KXNFLPASSTDS-26OCT04TENBAL,KXNFLPASSTDS,KXNFLPASSTDS-26OCT04TENBAL-TENCWARD1-3,Cam Ward: 3+ passing touchdowns,0.0000,0.0700,0.0000,0.00,0.00,active,2026-10-06T17:00:00Z,2026-10-01T13:50:16+00:00
KXNFLPASSTDS-26OCT04TENBAL,KXNFLPASSTDS,KXNFLPASSTDS-26OCT04TENBAL-BALLJACKSON8-2,Lamar Jackson: 2+ passing touchdowns,0.5100,0.5400,0.5500,35.04,35.04,active,2026-10-06T17:00:00Z,2026-10-01T13:50:16+00:00
KXNFLPASSTDS-26OCT04TENBAL,KXNFLPASSTDS,KXNFLPASSTDS-26OCT04TENBAL-BALLJACKSON8-3,Lamar Jackson: 3+ passing touchdowns,0.2200,0.2400,0.2700,17.61,17.61,active,2026-10-06T17:00:00Z,2026-10-01T13:50:16+00:00
KXNFLPASSTDS-26OCT04TENBAL,KXNFLPASSTDS,KXNFLPASSTDS-26OCT04TENBAL-BALLJACKSON8-1,Lamar Jackson: 1+ passing touchdowns,0.8200,0.8600,0.0000,0.00,0.00,active,2026-10-06T17:00:00Z,2026-10-01T13:50:16+00:00
KXNFLPASSTDS-26OCT04TENBAL,KXNFLPASSTDS,KXNFLPASSTDS-26OCT04TENBAL-TENCWARD1-1,Cam Ward: 1+ passing touchdowns,0.5800,0.6200,0.0000,0.00,0.00,active,2026-10-06T17:00:00Z,2026-10-01T13:50:16+00:00
KXNFLPASSTDS-26OCT04TENBAL,KXNFLPASSTDS,KXNFLPASSTDS-26OCT04TENBAL-BALLJACKSON8-4,Lamar Jackson: 4+ passing touchdowns,0.0600,0.1000,0.0700,172.07,167.07,active,2026-10-06T17:00:00Z,2026-10-01T13:50:16+00:00
KXNFLPASSTDS-26OCT04TENBAL,KXNFLPASSTDS,KXNFLPASSTDS-26OCT04TENBAL-BALLJACKSON8-5,Lamar Jackson: 5+ passing touchdowns,0.0000,0.0600,0.0000,0.00,0.00,active,2026-10-06T17:00:00Z,2026-10-01T13:50:16+00:00
KXNFLPASSTDS-26OCT05ATLNO,KXNFLPASSTDS,KXNFLPASSTDS-26OCT05ATLNO-NOTSHOUGH6-5,Tyler Shough: 5+ passing touchdowns,0.0000,0.0500,0.0200,138.34,100.34,active,2026-10-08T00:15:00Z,2026-10-01T13:50:16+00:00
KXNFLPASSTDS-26OCT05ATLNO,KXNFLPASSTDS,KXNFLPASSTDS-26OCT05ATLNO-NOTSHOUGH6-3,Tyler Shough: 3+ passing touchdowns,0.2500,0.2800,0.0000,0.00,0.00,active,2026-10-08T00:15:00Z,2026-10-01T13:50:16+00:00
KXNFLPASSTDS-26OCT05ATLNO,KXNFLPASSTDS,KXNFLPASSTDS-26OCT05ATLNO-ATLMPENIX9-4,Michael Penix Jr.: 4+ passing touchdowns,0.0000,0.0600,0.0000,0.00,0.00,active,2026-10-08T00:15:00Z,2026-10-01T13:50:16+00:00
KXNFLPASSTDS-26OCT05ATLNO,KXNFLPASSTDS,KXNFLPASSTDS-26OCT05ATLNO-NOTSHOUGH6-4,Tyler Shough: 4+ passing touchdowns,0.0900,0.1000,0.1200,8.00,8.00,active,2026-10-08T00:15:00Z,2026-10-01T13:50:16+00:00
KXNFLPASSTDS-26OCT05ATLNO,KXNFLPASSTDS,KXNFLPASSTDS-26OCT05ATLNO-ATLMPENIX9-2,Michael Penix Jr.: 2+ passing touchdowns,0.4000,0.4100,0.0000,0.00,0.00,active,2026-10-08T00:15:00Z,2026-10-01T13:50:16+00:00
KXNFLPASSTDS-26OCT05ATLNO,KXNFLPASSTDS,KXNFLPASSTDS-26OCT05ATLNO-ATLMPENIX9-3,Michael Penix Jr.: 3+ passing touchdowns,0.1400,0.1600,0.0000,0.00,0.00,active,2026-10-08T00:15:00Z,2026-10-01T13:50:16+00:00
KXNFLPASSTDS-26OCT05ATLNO,KXNFLPASSTDS,KXNFLPASSTDS-26OCT05ATLNO-NOTSHOUGH6-2,Tyler Shough: 2+ passing touchdowns,0.5600,0.5900,0.0000,0.00,0.00,active,2026-10-08T00:15:00Z,2026-10-01T13:50:16+00:00
KXNFLPASSTDS-26OCT05ATLNO,KXNFLPASSTDS,KXNFLPASSTDS-26OCT05ATLNO-NOTSHOUGH6-1,Tyler Shough: 1+ passing touchdowns,0.8500,0.8900,0.8800,11.26,11.26,active,2026-10-08T00:15:00Z,2026-10-01T13:50:16+00:00
KXNFLPASSTDS-26OCT05ATLNO,KXNFLPASSTDS,KXNFLPASSTDS-26OCT05ATLNO-ATLMPENIX9-1,Michael Penix Jr.: 1+ passing touchdowns,0.7400,0.7900,0.0000,0.00,0.00,active,2026-10-08T00:15:00Z,2026-10-01T13:50:16+00:00
KXNFLTD-26OCT01PITCLE,KXNFLTD,KXNFLTD-26OCT01PITCLE-PITDMETCALF4-3,DK Metcalf: 3+ touchdowns,0.0000,0.0100,0.0100,1387.33,1387.33,active,2026-10-04T00:15:00Z,2026-10-01T13:50:16+00:00
KXNFLTD-26OCT01PITCLE,KXNFLTD,KXNFLTD-26OCT01PITCLE-PITMPITTMAN11-2,Michael Pittman Jr.: 2+ touchdowns,0.0200,0.0300,0.0300,938.27,938.27,active,2026-10-04T00:15:00Z,2026-10-01T13:50:16+00:00
KXNFLTD-26OCT01PITCLE,KXNFLTD,KXNFLTD-26OCT01PITCLE-CLEBWHITEHEART86-1,Blake Whiteheart: 1+ touchdowns,0.0600,0.0700,0.0600,3721.85,3721.85,active,2026-10-04T00:15:00Z,2026-10-01T13:50:16+00:00
KXNFLTD-26OCT01PITCLE,KXNFLTD,KXNFLTD-26OCT01PITCLE-CLEQJUDKINS10-2,Quinshon Judkins: 2+ touchdowns,0.0900,0.1000,0.1000,2958.71,2863.03,active,2026-10-04T00:15:00Z,2026-10-01T13:50:16+00:00
KXNFLTD-26OCT01PITCLE,KXNFLTD,KXNFLTD-26OCT01PITCLE-PITRWILSON14-2,Roman Wilson: 2+ touchdowns,0.0100,0.0200,0.0200,1356.90,1356.90,active,2026-10-04T00:15:00Z,2026-10-01T13:50:16+00:00
KXNFLTD-26OCT01PITCLE,KXNFLTD,KXNFLTD-26OCT01PITCLE-PITJWARREN30-1,Jaylen Warren: 1+ touchdowns,0.4800,0.4900,0.4900,100136.97,96665.00,active,2026-10-04T00:15:00Z,2026-10-01T13:50:16+00:00
KXNFLTD-26OCT01PITCLE,KXNFLTD,KXNFLTD-26OCT01PITCLE-CLEJJEUDY3-2,Jerry Jeudy: 2+ touchdowns,0.0000,0.0100,0.0100,2514.37,2490.37,active,2026-10-04T00:15:00Z,2026-10-01T13:50:16+00:00
KXNFLTD-26OCT01PITCLE,KXNFLTD,KXNFLTD-26OCT01PITCLE-PITPFREIERMUTH88-2,Pat Freiermuth: 2+ touchdowns,0.0100,0.0200,0.0300,11284.11,11284.11,active,2026-10-04T00:15:00Z,2026-10-01T13:50:16+00:00
KXNFLTD-26OCT01PITCLE,KXNFLTD,KXNFLTD-26OCT01PITCLE-CLERSANDERS23-2,Raheim Sanders: 2+ touchdowns,0.0000,0.0100,0.0100,806.95,806.95,active,2026-10-04T00:15:00Z,2026-10-01T13:50:16+00:00
KXNFLTD-26OCT01PITCLE,KXNFLTD,KXNFLTD-26OCT01PITCLE-CLEDBOSTON12-2,Denzel Boston: 2+ touchdowns,0.0200,0.0300,0.0300,2627.28,2627.28,active,2026-10-04T00:15:00Z,2026-10-01T13:50:16+00:00
KXNFLTD-26OCT01PITCLE,KXNFLTD,KXNFLTD-26OCT01PITCLE-CLEJMCLAUGHLIN38-1,Jaleel McLaughlin: 1+ touchdowns,0.0400,0.0500,0.0500,1770.75,1770.75,active,2026-10-04T00:15:00Z,2026-10-01T13:50:16+00:00
KXNFLTD-26OCT01PITCLE,KXNFLTD,KXNFLTD-26OCT01PITCLE-CLEDWATSON4-2,Deshaun Watson: 2+ touchdowns,0.0100,0.0200,0.0200,19438.90,19438.90,active,2026-10-04T00:15:00Z,2026-10-01T13:50:16+00:00
KXNFLTD-26OCT01PITCLE,KXNFLTD,KXNFLTD-26OCT01PITCLE-PITGBERNARD17-1,Germie Bernard: 1+ touchdowns,0.0700,0.0800,0.0700,19752.21,19381.70,active,2026-10-04T00:15:00Z,2026-10-01T13:50:16+00:00
KXNFLTD-26OCT01PITCLE,KXNFLTD,KXNFLTD-26OCT01PITCLE-PITMPITTMAN11-1,Michael Pittman Jr.: 1+ touchdowns,0.1900,0.2000,0.2000,4566.60,4566.49,active,2026-10-04T00:15:00Z,2026-10-01T13:50:16+00:00
KXNFLTD-26OCT01PITCLE,KXNFLTD,KXNFLTD-26OCT01PITCLE-CLEQJUDKINS10-1,Quinshon Judkins: 1+ touchdowns,0.3900,0.4000,0.4000,11655.79,11206.70,active,2026-10-04T00:15:00Z,2026-10-01T13:50:16+00:00
KXNFLTD-26OCT01PITCLE,KXNFLTD,KXNFLTD-26OCT01PITCLE-PITDMETCALF4-1,DK Metcalf: 1+ touchdowns,0.2700,0.2800,0.2800,31642.45,31081.91,active,2026-10-04T00:15:00Z,2026-10-01T13:50:16+00:00
KXNFLTD-26OCT01PITCLE,KXNFLTD,KXNFLTD-26OCT01PITCLE-PITGBERNARD17-2,Germie Bernard: 2+ touchdowns,0.0000,0.0100,0.0100,4384.07,4384.07,active,2026-10-04T00:15:00Z,2026-10-01T13:50:16+00:00
KXNFLTD-26OCT01PITCLE,KXNFLTD,KXNFLTD-26OCT01PITCLE-PITTHOMER21-1,Travis Homer: 1+ touchdowns,0.0400,0.0500,0.0500,2191.33,2191.33,active,2026-10-04T00:15:00Z,2026-10-01T13:50:16+00:00
KXNFLTD-26OCT01PITCLE,KXNFLTD,KXNFLTD-26OCT01PITCLE-CLEQJUDKINS10-3,Quinshon Judkins: 3+ touchdowns,0.0100,0.0300,0.0300,3120.37,3120.37,active,2026-10-04T00:15:00Z,2026-10-01T13:50:16+00:00
KXNFLTD-26OCT01PITCLE,KXNFLTD,KXNFLTD-26OCT01PITCLE-PITPFREIERMUTH88-1,Pat Freiermuth: 1+ touchdowns,0.1800,0.1900,0.1900,40415.25,40346.81,active,2026-10-04T00:15:00Z,2026-10-01T13:50:16+00:00
KXNFLTD-26OCT01PITCLE,KXNFLTD,KXNFLTD-26OCT01PITCLE-CLEHFANNIN44-2,Harold Fannin Jr.: 2+ touchdowns,0.0300,0.0400,0.0400,4932.22,4921.54,active,2026-10-04T00:15:00Z,2026-10-01T13:50:16+00:00
KXNFLTD-26OCT01PITCLE,KXNFLTD,KXNFLTD-26OCT01PITCLE-PITJWARREN30-3,Jaylen Warren: 3+ touchdowns,0.0200,0.0300,0.0300,3249.25,3249.25,active,2026-10-04T00:15:00Z,2026-10-01T13:50:16+00:00
KXNFLTD-26OCT01PITCLE,KXNFLTD,KXNFLTD-26OCT01PITCLE-PITARODGERS8-1,Aaron Rodgers: 1+ touchdowns,0.0500,0.0600,0.0600,100227.95,73632.30,active,2026-10-04T00:15:00Z,2026-10-01T13:50:16+00:00
KXNFLTD-26OCT01PITCLE,KXNFLTD,KXNFLTD-26OCT01PITCLE-PITDWASHINGTON80-2,Darnell Washington: 2+ touchdowns,0.0000,0.0200,0.0200,7725.23,7725.23,active,2026-10-04T00:15:00Z,2026-10-01T13:50:16+00:00
KXNFLTD-26OCT01PITCLE,KXNFLTD,KXNFLTD-26OCT01PITCLE-PITJWARREN30-2,Jaylen Warren: 2+ touchdowns,0.1100,0.1200,0.1200,13806.21,13767.21,active,2026-10-04T00:15:00Z,2026-10-01T13:50:16+00:00
KXNFLTD-26OCT01PITCLE,KXNFLTD,KXNFLTD-26OCT01PITCLE-CLERSANDERS23-1,Raheim Sanders: 1+ touchdowns,0.1100,0.1200,0.1200,3151.21,3151.21,active,2026-10-04T00:15:00Z,2026-10-01T13:50:16+00:00
KXNFLTD-26OCT01PITCLE,KXNFLTD,KXNFLTD-26OCT01PITCLE-CLEDWATSON4-1,Deshaun Watson: 1+ touchdowns,0.1600,0.1700,0.1700,32394.54,29595.04,active,2026-10-04T00:15:00Z,2026-10-01T13:50:16+00:00
KXNFLTD-26OCT01PITCLE,KXNFLTD,KXNFLTD-26OCT01PITCLE-PITDWASHINGTON80-1,Darnell Washington: 1+ touchdowns,0.1200,0.1300,0.1300,51422.94,50982.26,active,2026-10-04T00:15:00Z,2026-10-01T13:50:16+00:00
KXNFLTD-26OCT01PITCLE,KXNFLTD,KXNFLTD-26OCT01PITCLE-PITDMETCALF4-2,DK Metcalf: 2+ touchdowns,0.0400,0.0500,0.0500,14125.97,14125.97,active,2026-10-04T00:15:00Z,2026-10-01T13:50:16+00:00
KXNFLTD-26OCT01PITCLE,KXNFLTD,KXNFLTD-26OCT01PITCLE-PITPITDST-1,PIT Steelers D/ST: 1+ touchdowns,0.1500,0.1600,0.1600,8612.17,8528.01,active,2026-10-04T00:15:00Z,2026-10-01T13:50:16+00:00
KXNFLTD-26OCT01PITCLE,KXNFLTD,KXNFLTD-26OCT01PITCLE-PITRWILSON14-1,Roman Wilson: 1+ touchdowns,0.1500,0.1600,0.1600,9676.01,9664.75,active,2026-10-04T00:15:00Z,2026-10-01T13:50:16+00:00
KXNFLTD-26OCT01PITCLE,KXNFLTD,KXNFLTD-26OCT01PITCLE-PITBSKOWRONEK15-1,Ben Skowronek: 1+ touchdowns,0.0500,0.0600,0.0600,2368.19,2368.19,active,2026-10-04T00:15:00Z,2026-10-01T13:50:16+00:00
KXNFLTD-26OCT01PITCLE,KXNFLTD,KXNFLTD-26OCT01PITCLE-CLEDBOSTON12-1,Denzel Boston: 1+ touchdowns,0.2100,0.2200,0.2200,20715.98,20559.98,active,2026-10-04T00:15:00Z,2026-10-01T13:50:16+00:00
KXNFLTD-26OCT01PITCLE,KXNFLTD,KXNFLTD-26OCT01PITCLE-CLEJJEUDY3-1,Jerry Jeudy: 1+ touchdowns,0.0700,0.0800,0.0800,21350.20,20999.52,active,2026-10-04T00:15:00Z,2026-10-01T13:50:16+00:00
KXNFLTD-26OCT01PITCLE,KXNFLTD,KXNFLTD-26OCT01PITCLE-CLEHFANNIN44-1,Harold Fannin Jr.: 1+ touchdowns,0.2300,0.2400,0.2400,28962.24,27803.91,active,2026-10-04T00:15:00Z,2026-10-01T13:50:16+00:00
KXNFLTD-26OCT01PITCLE,KXNFLTD,KXNFLTD-26OCT01PITCLE-CLECLEDST-1,CLE Browns D/ST: 1+ touchdowns,0.1400,0.1600,0.1600,1819.68,1789.45,active,2026-10-04T00:15:00Z,2026-10-01T13:50:16+00:00
KXNFLTD-26OCT04ARINYG,KXNFLTD,KXNFLTD-26OCT04ARINYG-ARIMWILSON14-3,Michael Wilson: 3+ touchdowns,0.0000,0.0100,0.0100,600.00,600.00,active,2026-10-06T17:00:00Z,2026-10-01T13:50:16+00:00
KXNFLTD-26OCT04ARINYG,KXNFLTD,KXNFLTD-26OCT04ARINYG-ARITALLGEIER22-3,Tyler Allgeier: 3+ touchdowns,0.0000,0.0100,0.0100,300.00,300.00,active,2026-10-06T17:00:00Z,2026-10-01T13:50:16+00:00
KXNFLTD-26OCT04ARINYG,KXNFLTD,KXNFLTD-26OCT04ARINYG-NYGMNABERS1-3,Malik Nabers: 3+ touchdowns,0.0000,0.0100,0.0100,775.00,775.00,active,2026-10-06T17:00:00Z,2026-10-01T13:50:16+00:00
KXNFLTD-26OCT04ARINYG,KXNFLTD,KXNFLTD-26OCT04ARINYG-ARIMWILSON14-2,Michael Wilson: 2+ touchdowns,0.0300,0.0600,0.0000,0.00,0.00,active,2026-10-06T17:00:00Z,2026-10-01T13:50:16+00:00
KXNFLTD-26OCT04ARINYG,KXNFLTD,KXNFLTD-26OCT04ARINYG-ARIKBOURNE17-2,Kendrick Bourne: 2+ touchdowns,0.0100,0.0200,0.0000,0.00,0.00,active,2026-10-06T17:00:00Z,2026-10-01T13:50:16+00:00
KXNFLTD-26OCT04ARINYG,KXNFLTD,KXNFLTD-26OCT04ARINYG-ARITMCBRIDE85-2,Trey McBride: 2+ touchdowns,0.0600,0.0800,0.0800,271.00,271.00,active,2026-10-06T17:00:00Z,2026-10-01T13:50:16+00:00
KXNFLTD-26OCT04ARINYG,KXNFLTD,KXNFLTD-26OCT04ARINYG-ARITMCBRIDE85-3,Trey McBride: 3+ touchdowns,0.0100,0.0300,0.0000,0.00,0.00,active,2026-10-06T17:00:00Z,2026-10-01T13:50:16+00:00
KXNFLTD-26OCT04ARINYG,KXNFLTD,KXNFLTD-26OCT04ARINYG-ARITALLGEIER22-2,Tyler Allgeier: 2+ touchdowns,0.0200,0.0400,0.0000,0.00,0.00,active,2026-10-06T17:00:00Z,2026-10-01T13:50:16+00:00
KXNFLTD-26OCT04ARINYG,KXNFLTD,KXNFLTD-26OCT04ARINYG-NYGMFIELDS88-1,Malachi Fields: 1+ touchdowns,0.1500,0.1700,0.0000,0.00,0.00,active,2026-10-06T17:00:00Z,2026-10-01T13:50:16+00:00
KXNFLTD-26OCT04ARINYG,KXNFLTD,KXNFLTD-26OCT04ARINYG-NYGCSKATTEBO44-1,Cam Skattebo: 1+ touchdowns,0.5200,0.5400,0.5200,27.56,27.56,active,2026-10-06T17:00:00Z,2026-10-01T13:50:16+00:00
KXNFLTD-26OCT04ARINYG,KXNFLTD,KXNFLTD-26OCT04ARINYG-ARITALLGEIER22-1,Tyler Allgeier: 1+ touchdowns,0.2000,0.2500,0.0000,0.00,0.00,active,2026-10-06T17:00:00Z,2026-10-01T13:50:16+00:00
KXNFLTD-26OCT04ARINYG,KXNFLTD,KXNFLTD-26OCT04ARINYG-ARIMHARRISON18-1,Marvin Harrison Jr.: 1+ touchdowns,0.1700,0.2000,0.0000,0.00,0.00,active,2026-10-06T17:00:00Z,2026-10-01T13:50:16+00:00
KXNFLTD-26OCT04ARINYG,KXNFLTD,KXNFLTD-26OCT04ARINYG-NYGDMOONEY17-2,Darnell Mooney: 2+ touchdowns,0.0100,0.0200,0.0000,0.00,0.00,active,2026-10-06T17:00:00Z,2026-10-01T13:50:16+00:00
KXNFLTD-26OCT04ARINYG,KXNFLTD,KXNFLTD-26OCT04ARINYG-NYGNYGDST-1,NY Giants D/ST: 1+ touchdowns,0.0700,0.1200,0.0000,0.00,0.00,active,2026-10-06T17:00:00Z,2026-10-01T13:50:16+00:00
KXNFLTD-26OCT04ARINYG,KXNFLTD,KXNFLTD-26OCT04ARINYG-NYGJWINSTON19-2,Jameis Winston: 2+ touchdowns,0.0000,0.0200,0.0100,300.00,300.00,active,2026-10-06T17:00:00Z,2026-10-01T13:50:16+00:00
KXNFLTD-26OCT04ARINYG,KXNFLTD,KXNFLTD-26OCT04ARINYG-ARIJBRISSETT7-2,Jacoby Brissett: 2+ touchdowns,0.0100,0.0200,0.0000,0.00,0.00,active,2026-10-06T17:00:00Z,2026-10-01T13:50:16+00:00
KXNFLTD-26OCT04ARINYG,KXNFLTD,KXNFLTD-26OCT04ARINYG-NYGTJOHNSON84-2,Theo Johnson: 2+ touchdowns,0.0000,0.0200,0.0100,300.00,300.00,active,2026-10-06T17:00:00Z,2026-10-01T13:50:16+00:00
KXNFLTD-26OCT04ARINYG,KXNFLTD,KXNFLTD-26OCT04ARINYG-ARIARIDST-1,ARI Cardinals D/ST: 1+ touchdowns,0.0700,0.1300,0.0000,0.00,0.00,active,2026-10-06T17:00:00Z,2026-10-01T13:50:16+00:00
KXNFLTD-26OCT04ARINYG,KXNFLTD,KXNFLTD-26OCT04ARINYG-NYGNHARRIS23-2,Najee Harris: 2+ touchdowns,0.0200,0.0400,0.0000,0.00,0.00,active,2026-10-06T17:00:00Z,2026-10-01T13:50:16+00:00
KXNFLTD-26OCT04ARINYG,KXNFLTD,KXNFLTD-26OCT04ARINYG-NYGNHARRIS23-1,Najee Harris: 1+ touchdowns,0.1800,0.2200,0.0000,0.00,0.00,active,2026-10-06T17:00:00Z,2026-10-01T13:50:16+00:00
KXNFLTD-26OCT04ARINYG,KXNFLTD,KXNFLTD-26OCT04ARINYG-ARIJBRISSETT7-1,Jacoby Brissett: 1+ touchdowns,0.1200,0.1400,0.1300,449.73,449.73,active,2026-10-06T17:00:00Z,2026-10-01T13:50:16+00:00
KXNFLTD-26OCT04ARINYG,KXNFLTD,KXNFLTD-26OCT04ARINYG-NYGILIKELY9-2,Isaiah Likely: 2+ touchdowns,0.0200,0.0400,0.0300,28.02,28.02,active,2026-10-06T17:00:00Z,2026-10-01T13:50:16+00:00
KXNFLTD-26OCT04ARINYG,KXNFLTD,KXNFLTD-26OCT04ARINYG-NYGCSKATTEBO44-3,Cam Skattebo: 3+ touchdowns,0.0200,0.0500,0.0000,0.00,0.00,active,2026-10-06T17:00:00Z,2026-10-01T13:50:16+00:00
KXNFLTD-26OCT04ARINYG,KXNFLTD,KXNFLTD-26OCT04ARINYG-ARIMWILSON14-1,Michael Wilson: 1+ touchdowns,0.2800,0.3000,0.3100,181.81,181.81,active,2026-10-06T17:00:00Z,2026-10-01T13:50:16+00:00
KXNFLTD-26OCT04ARINYG,KXNFLTD,KXNFLTD-26OCT04ARINYG-NYGMNABERS1-2,Malik Nabers: 2+ touchdowns,0.0400,0.0600,0.0600,5.67,5.67,active,2026-10-06T17:00:00Z,2026-10-01T13:50:16+00:00
KXNFLTD-26OCT04ARINYG,KXNFLTD,KXNFLTD-26OCT04ARINYG-NYGTJOHNSON84-1,Theo Johnson: 1+ touchdowns,0.0800,0.1100,0.0000,0.00,0.00,active,2026-10-06T17:00:00Z,2026-10-01T13:50:16+00:00
KXNFLTD-26OCT04ARINYG,KXNFLTD,KXNFLTD-26OCT04ARINYG-ARIMHARRISON18-2,Marvin Harrison Jr.: 2+ touchdowns,0.0200,0.0300,0.0200,3.00,3.00,active,2026-10-06T17:00:00Z,2026-10-01T13:50:16+00:00
KXNFLTD-26OCT04ARINYG,KXNFLTD,KXNFLTD-26OCT04ARINYG-ARIJLOVE4-3,Jeremiyah Love: 3+ touchdowns,0.0500,0.0600,0.0000,0.00,0.00,active,2026-10-06T17:00:00Z,2026-10-01T13:50:16+00:00
KXNFLTD-26OCT04ARINYG,KXNFLTD,KXNFLTD-26OCT04ARINYG-ARITMCBRIDE85-1,Trey McBride: 1+ touchdowns,0.3800,0.3900,0.3900,2151.21,2150.21,active,2026-10-06T17:00:00Z,2026-10-01T13:50:16+00:00
KXNFLTD-26OCT04ARINYG,KXNFLTD,KXNFLTD-26OCT04ARINYG-NYGDSINGLETARY26-1,Devin Singletary: 1+ touchdowns,0.0400,0.0800,0.0000,0.00,0.00,active,2026-10-06T17:00:00Z,2026-10-01T13:50:16+00:00
KXNFLTD-26OCT04ARINYG,KXNFLTD,KXNFLTD-26OCT04ARINYG-NYGMFIELDS88-2,Malachi Fields: 2+ touchdowns,0.0100,0.0300,0.0000,0.00,0.00,active,2026-10-06T17:00:00Z,2026-10-01T13:50:16+00:00
KXNFLTD-26OCT04ARINYG,KXNFLTD,KXNFLTD-26OCT04ARINYG-NYGBBERRIOS87-1,Braxton Berrios: 1+ touchdowns,0.0400,0.0800,0.0000,0.00,0.00,active,2026-10-06T17:00:00Z,2026-10-01T13:50:16+00:00
KXNFLTD-26OCT04ARINYG,KXNFLTD,KXNFLTD-26OCT04ARINYG-ARIKBOURNE17-1,Kendrick Bourne: 1+ touchdowns,0.1400,0.1600,0.1600,55.50,55.50,active,2026-10-06T17:00:00Z,2026-10-01T13:50:16+00:00
KXNFLTD-26OCT04ARINYG,KXNFLTD,KXNFLTD-26OCT04ARINYG-ARIEHIGGINS84-1,Elijah Higgins: 1+ touchdowns,0.0600,0.0800,0.0000,0.00,0.00,active,2026-10-06T17:00:00Z,2026-10-01T13:50:16+00:00
KXNFLTD-26OCT04ARINYG,KXNFLTD,KXNFLTD-26OCT04ARINYG-ARIJLOVE4-1,Jeremiyah Love: 1+ touchdowns,0.5000,0.5200,0.5000,974.13,964.47,active,2026-10-06T17:00:00Z,2026-10-01T13:50:16+00:00
KXNFLTD-26OCT04ARINYG,KXNFLTD,KXNFLTD-26OCT04ARINYG-NYGCSKATTEBO44-2,Cam Skattebo: 2+ touchdowns,0.1400,0.1800,0.0000,0.00,0.00,active,2026-10-06T17:00:00Z,2026-10-01T13:50:16+00:00
KXNFLTD-26OCT04ARINYG,KXNFLTD,KXNFLTD-26OCT04ARINYG-ARIJLOVE4-2,Jeremiyah Love: 2+ touchdowns,0.1400,0.1700,0.1700,389.66,389.66,active,2026-10-06T17:00:00Z,2026-10-01T13:50:16+00:00
KXNFLTD-26OCT04ARINYG,KXNFLTD,KXNFLTD-26OCT04ARINYG-NYGJWINSTON19-1,Jameis Winston: 1+ touchdowns,0.0900,0.1000,0.1000,539.82,539.82,active,2026-10-06T17:00:00Z,2026-10-01T13:50:16+00:00
KXNFLTD-26OCT04ARINYG,KXNFLTD,KXNFLTD-26OCT04ARINYG-NYGDMOONEY17-1,Darnell Mooney: 1+ touchdowns,0.1100,0.1200,0.1300,15.00,15.00,active,2026-10-06T17:00:00Z,2026-10-01T13:50:16+00:00
KXNFLTD-26OCT04ARINYG,KXNFLTD,KXNFLTD-26OCT04ARINYG-NYGILIKELY9-1,Isaiah Likely: 1+ touchdowns,0.2400,0.2500,0.2500,160.49,160.49,active,2026-10-06T17:00:00Z,2026-10-01T13:50:16+00:00
KXNFLTD-26OCT04ARINYG,KXNFLTD,KXNFLTD-26OCT04ARINYG-NYGMNABERS1-1,Malik Nabers: 1+ touchdowns,0.2900,0.3100,0.3300,2227.35,2216.72,active,2026-10-06T17:00:00Z,2026-10-01T13:50:16+00:00
KXNFLTD-26OCT04DALHOU,KXNFLTD,KXNFLTD-26OCT04DALHOU-HOUWMARKS4-1,Woody Marks: 1+ touchdowns,0.3000,0.3100,0.3200,31.32,31.32,active,2026-10-06T17:00:00Z,2026-10-01T13:50:16+00:00
KXNFLTD-26OCT04DALHOU,KXNFLTD,KXNFLTD-26OCT04DALHOU-HOUXHUTCHINSON19-1,Xavier Hutchinson: 1+ touchdowns,0.1600,0.1900,0.2000,2.36,2.36,active,2026-10-06T17:00:00Z,2026-10-01T13:50:16+00:00
KXNFLTD-26OCT04DALHOU,KXNFLTD,KXNFLTD-26OCT04DALHOU-HOUDMONTGOMERY32-2,David Montgomery: 2+ touchdowns,0.1400,0.1900,0.0000,0.00,0.00,active,2026-10-06T17:00:00Z,2026-10-01T13:50:16+00:00
KXNFLTD-26OCT04DALHOU,KXNFLTD,KXNFLTD-26OCT04DALHOU-DALCLAMB88-1,CeeDee Lamb: 1+ touchdowns,0.4000,0.4100,0.4100,935.97,910.97,active,2026-10-06T17:00:00Z,2026-10-01T13:50:16+00:00
KXNFLTD-26OCT04DALHOU,KXNFLTD,KXNFLTD-26OCT04DALHOU-HOUDMONTGOMERY32-1,David Montgomery: 1+ touchdowns,0.5400,0.5500,0.5400,4905.70,4853.55,active,2026-10-06T17:00:00Z,2026-10-01T13:50:16+00:00
KXNFLTD-26OCT04DALHOU,KXNFLTD,KXNFLTD-26OCT04DALHOU-HOUWMARKS4-3,Woody Marks: 3+ touchdowns,0.0100,0.0300,0.0000,0.00,0.00,active,2026-10-06T17:00:00Z,2026-10-01T13:50:16+00:00
KXNFLTD-26OCT04DALHOU,KXNFLTD,KXNFLTD-26OCT04DALHOU-HOUDMONTGOMERY32-3,David Montgomery: 3+ touchdowns,0.0200,0.0600,0.0000,0.00,0.00,active,2026-10-06T17:00:00Z,2026-10-01T13:50:16+00:00
KXNFLTD-26OCT04DALHOU,KXNFLTD,KXNFLTD-26OCT04DALHOU-DALJWILLIAMS33-3,Javonte Williams: 3+ touchdowns,0.0200,0.0500,0.0000,0.00,0.00,active,2026-10-06T17:00:00Z,2026-10-01T13:50:16+00:00
KXNFLTD-26OCT04DALHOU,KXNFLTD,KXNFLTD-26OCT04DALHOU-HOUDSCHULTZ86-3,Dalton Schultz: 3+ touchdowns,0.0100,0.0300,0.0000,0.00,0.00,active,2026-10-06T17:00:00Z,2026-10-01T13:50:16+00:00
KXNFLTD-26OCT04DALHOU,KXNFLTD,KXNFLTD-26OCT04DALHOU-DALJWILLIAMS33-2,Javonte Williams: 2+ touchdowns,0.1400,0.1600,0.1600,51.78,37.89,active,2026-10-06T17:00:00Z,2026-10-01T13:50:16+00:00
KXNFLTD-26OCT04DALHOU,KXNFLTD,KXNFLTD-26OCT04DALHOU-DALJFERGUSON87-2,Jake Ferguson: 2+ touchdowns,0.0200,0.0400,0.0000,0.00,0.00,active,2026-10-06T17:00:00Z,2026-10-01T13:50:16+00:00
KXNFLTD-26OCT04DALHOU,KXNFLTD,KXNFLTD-26OCT04DALHOU-HOUDSCHULTZ86-2,Dalton Schultz: 2+ touchdowns,0.0300,0.0600,0.0000,0.00,0.00,active,2026-10-06T17:00:00Z,2026-10-01T13:50:16+00:00
KXNFLTD-26OCT04DALHOU,KXNFLTD,KXNFLTD-26OCT04DALHOU-HOUXHUTCHINSON19-2,Xavier Hutchinson: 2+ touchdowns,0.0200,0.0300,0.0000,0.00,0.00,active,2026-10-06T17:00:00Z,2026-10-01T13:50:16+00:00
KXNFLTD-26OCT04DALHOU,KXNFLTD,KXNFLTD-26OCT04DALHOU-DALTGOODSON32-1,Tyler Goodson: 1+ touchdowns,0.0700,0.0800,0.0800,523.48,523.48,active,2026-10-06T17:00:00Z,2026-10-01T13:50:16+00:00
KXNFLTD-26OCT04DALHOU,KXNFLTD,KXNFLTD-26OCT04DALHOU-HOUKBOUTTE14-2,Kayshon Boutte: 2+ touchdowns,0.0200,0.0300,0.0000,0.00,0.00,active,2026-10-06T17:00:00Z,2026-10-01T13:50:16+00:00
KXNFLTD-26OCT04DALHOU,KXNFLTD,KXNFLTD-26OCT04DALHOU-DALGPICKENS3-3,George Pickens: 3+ touchdowns,0.0100,0.0300,0.0000,0.00,0.00,active,2026-10-06T17:00:00Z,2026-10-01T13:50:16+00:00
KXNFLTD-26OCT04DALHOU,KXNFLTD,KXNFLTD-26OCT04DALHOU-HOUWMARKS4-2,Woody Marks: 2+ touchdowns,0.0300,0.0700,0.0000,0.00,0.00,active,2026-10-06T17:00:00Z,2026-10-01T13:50:16+00:00
KXNFLTD-26OCT04DALHOU,KXNFLTD,KXNFLTD-26OCT04DALHOU-DALDPRESCOTT4-1,Dak Prescott: 1+ touchdowns,0.1100,0.1200,0.1200,1833.84,1755.35,active,2026-10-06T17:00:00Z,2026-10-01T13:50:16+00:00
KXNFLTD-26OCT04DALHOU,KXNFLTD,KXNFLTD-26OCT04DALHOU-DALLSCHOONMAKER86-1,Luke Schoonmaker: 1+ touchdowns,0.0500,0.0600,0.0700,186.10,186.10,active,2026-10-06T17:00:00Z,2026-10-01T13:50:16+00:00
KXNFLTD-26OCT04DALHOU,KXNFLTD,KXNFLTD-26OCT04DALHOU-HOUFMOREAU87-2,Foster Moreau: 2+ touchdowns,0.0000,0.0200,0.0100,874.00,874.00,active,2026-10-06T17:00:00Z,2026-10-01T13:50:16+00:00
KXNFLTD-26OCT04DALHOU,KXNFLTD,KXNFLTD-26OCT04DALHOU-HOUJNOEL13-1,Jaylin Noel: 1+ touchdowns,0.0900,0.1200,0.0000,0.00,0.00,active,2026-10-06T17:00:00Z,2026-10-01T13:50:16+00:00
KXNFLTD-26OCT04DALHOU,KXNFLTD,KXNFLTD-26OCT04DALHOU-HOUKBOUTTE14-1,Kayshon Boutte: 1+ touchdowns,0.1800,0.2100,0.0000,0.00,0.00,active,2026-10-06T17:00:00Z,2026-10-01T13:50:16+00:00
KXNFLTD-26OCT04DALHOU,KXNFLTD,KXNFLTD-26OCT04DALHOU-DALDPRESCOTT4-2,Dak Prescott: 2+ touchdowns,0.0100,0.0200,0.0200,982.59,982.59,active,2026-10-06T17:00:00Z,2026-10-01T13:50:16+00:00
KXNFLTD-26OCT04DALHOU,KXNFLTD,KXNFLTD-26OCT04DALHOU-DALGPICKENS3-1,George Pickens: 1+ touchdowns,0.3300,0.3400,0.3400,884.14,571.22,active,2026-10-06T17:00:00Z,2026-10-01T13:50:16+00:00
KXNFLTD-26OCT04DALHOU,KXNFLTD,KXNFLTD-26OCT04DALHOU-DALJWILLIAMS33-1,Javonte Williams: 1+ touchdowns,0.5200,0.5300,0.5400,578.03,526.03,active,2026-10-06T17:00:00Z,2026-10-01T13:50:16+00:00
KXNFLTD-26OCT04DALHOU,KXNFLTD,KXNFLTD-26OCT04DALHOU-DALGPICKENS3-2,George Pickens: 2+ touchdowns,0.0500,0.0700,0.0700,402.36,402.36,active,2026-10-06T17:00:00Z,2026-10-01T13:50:16+00:00
KXNFLTD-26OCT04DALHOU,KXNFLTD,KXNFLTD-26OCT04DALHOU-HOUCSTROUD7-2,C.J. Stroud: 2+ touchdowns,0.0100,0.0200,0.0200,1871.60,1871.60,active,2026-10-06T17:00:00Z,2026-10-01T13:50:16+00:00
KXNFLTD-26OCT04DALHOU,KXNFLTD,KXNFLTD-26OCT04DALHOU-DALTGOODSON32-2,Tyler Goodson: 2+ touchdowns,0.0000,0.0200,0.0100,300.00,300.00,active,2026-10-06T17:00:00Z,2026-10-01T13:50:16+00:00
KXNFLTD-26OCT04DALHOU,KXNFLTD,KXNFLTD-26OCT04DALHOU-HOUJNOEL13-2,Jaylin Noel: 2+ touchdowns,0.0100,0.0200,0.0000,0.00,0.00,active,2026-10-06T17:00:00Z,2026-10-01T13:50:16+00:00
KXNFLTD-26OCT04DALHOU,KXNFLTD,KXNFLTD-26OCT04DALHOU-HOUCSTROUD7-1,C.J. Stroud: 1+ touchdowns,0.1200,0.1400,0.1300,361.39,240.42,active,2026-10-06T17:00:00Z,2026-10-01T13:50:16+00:00
KXNFLTD-26OCT04DALHOU,KXNFLTD,KXNFLTD-26OCT04DALHOU-DALRFLOURNOY19-2,Ryan Flournoy: 2+ touchdowns,0.0100,0.0300,0.0000,0.00,0.00,active,2026-10-06T17:00:00Z,2026-10-01T13:50:16+00:00
KXNFLTD-26OCT04DALHOU,KXNFLTD,KXNFLTD-26OCT04DALHOU-DALRFLOURNOY19-1,Ryan Flournoy: 1+ touchdowns,0.1700,0.2000,0.1800,122.99,91.41,active,2026-10-06T17:00:00Z,2026-10-01T13:50:16+00:00
KXNFLTD-26OCT04DALHOU,KXNFLTD,KXNFLTD-26OCT04DALHOU-HOUHOUDST-1,HOU Texans D/ST: 1+ touchdowns,0.1200,0.1500,0.1600,137.10,89.85,active,2026-10-06T17:00:00Z,2026-10-01T13:50:16+00:00
KXNFLTD-26OCT04DALHOU,KXNFLTD,KXNFLTD-26OCT04DALHOU-DALCLAMB88-3,CeeDee Lamb: 3+ touchdowns,0.0100,0.0300,0.0000,0.00,0.00,active,2026-10-06T17:00:00Z,2026-10-01T13:50:16+00:00
KXNFLTD-26OCT04DALHOU,KXNFLTD,KXNFLTD-26OCT04DALHOU-DALJFERGUSON87-1,Jake Ferguson: 1+ touchdowns,0.2100,0.2200,0.2200,4606.24,4606.24,active,2026-10-06T17:00:00Z,2026-10-01T13:50:16+00:00
KXNFLTD-26OCT04DALHOU,KXNFLTD,KXNFLTD-26OCT04DALHOU-HOUDSCHULTZ86-1,Dalton Schultz: 1+ touchdowns,0.2600,0.2800,0.3000,6.21,6.21,active,2026-10-06T17:00:00Z,2026-10-01T13:50:16+00:00
KXNFLTD-26OCT04DALHOU,KXNFLTD,KXNFLTD-26OCT04DALHOU-DALEDEMERCADO31-1,Emari Demercado: 1+ touchdowns,0.0800,0.0900,0.0000,0.00,0.00,active,2026-10-06T17:00:00Z,2026-10-01T13:50:16+00:00
KXNFLTD-26OCT04DALHOU,KXNFLTD,KXNFLTD-26OCT04DALHOU-HOUCSTOVER8-1,Cade Stover: 1+ touchdowns,0.0300,0.0700,0.0000,0.00,0.00,active,2026-10-06T17:00:00Z,2026-10-01T13:50:16+00:00
KXNFLTD-26OCT04DALHOU,KXNFLTD,KXNFLTD-26OCT04DALHOU-DALBSPANNFORD89-1,Brevyn Spann-Ford: 1+ touchdowns,0.0700,0.0900,0.0800,121.24,121.24,active,2026-10-06T17:00:00Z,2026-10-01T13:50:16+00:00
KXNFLTD-26OCT04DALHOU,KXNFLTD,KXNFLTD-26OCT04DALHOU-HOUJWAYNE17-2,Jared Wayne: 2+ touchdowns,0.0000,0.0200,0.0100,476.17,476.17,active,2026-10-06T17:00:00Z,2026-10-01T13:50:16+00:00
KXNFLTD-26OCT04DALHOU,KXNFLTD,KXNFLTD-26OCT04DALHOU-HOUFMOREAU87-1,Foster Moreau: 1+ touchdowns,0.0800,0.1100,0.0000,0.00,0.00,active,2026-10-06T17:00:00Z,2026-10-01T13:50:16+00:00
KXNFLTD-26OCT04DALHOU,KXNFLTD,KXNFLTD-26OCT04DALHOU-HOUJWAYNE17-1,Jared Wayne: 1+ touchdowns,0.0900,0.1100,0.0000,0.00,0.00,active,2026-10-06T17:00:00Z,2026-10-01T13:50:16+00:00
KXNFLTD-26OCT04DALHOU,KXNFLTD,KXNFLTD-26OCT04DALHOU-DALCLAMB88-2,CeeDee Lamb: 2+ touchdowns,0.0700,0.0900,0.0900,736.79,659.57,active,2026-10-06T17:00:00Z,2026-10-01T13:50:16+00:00
KXNFLTD-26OCT04DALHOU,KXNFLTD,KXNFLTD-26OCT04DALHOU-DALHLUEPKE30-1,Hunter Luepke: 1+ touchdowns,0.0600,0.0800,0.0400,311.13,311.13,active,2026-10-06T17:00:00Z,2026-10-01T13:50:16+00:00
KXNFLTD-26OCT04DALHOU,KXNFLTD,KXNFLTD-26OCT04DALHOU-DALKTURPIN9-1,KaVontae Turpin: 1+ touchdowns,0.0700,0.0800,0.0800,416.00,416.00,active,2026-10-06T17:00:00Z,2026-10-01T13:50:16+00:00
KXNFLTD-26OCT04DALHOU,KXNFLTD,KXNFLTD-26OCT04DALHOU-DALDALDST-1,DAL Cowboys D/ST: 1+ touchdowns,0.1100,0.1600,0.0000,0.00,0.00,active,2026-10-06T17:00:00Z,2026-10-01T13:50:16+00:00
KXNFLTD-26OCT04DENSF,KXNFLTD,KXNFLTD-26OCT04DENSF-SFJCOWING4-1,Jacob Cowing: 1+ touchdowns,0.1000,0.1100,0.1100,413.93,413.93,active,2026-10-06T20:25:00Z,2026-10-01T13:50:16+00:00
KXNFLTD-26OCT04DENSF,KXNFLTD,KXNFLTD-26OCT04DENSF-DENCSUTTON14-3,Courtland Sutton: 3+ touchdowns,0.0100,0.0300,0.0000,0.00,0.00,active,2026-10-06T20:25:00Z,2026-10-01T13:50:16+00:00
KXNFLTD-26OCT04DENSF,KXNFLTD,KXNFLTD-26OCT04DENSF-SFKHODGE86-1,KhaDarel Hodge: 1+ touchdowns,0.0800,0.1100,0.0000,0.00,0.00,active,2026-10-06T20:25:00Z,2026-10-01T13:50:16+00:00
KXNFLTD-26OCT04DENSF,KXNFLTD,KXNFLTD-26OCT04DENSF-DENMMIMS19-2,Marvin Mims Jr.: 2+ touchdowns,0.0000,0.0200,0.0100,621.31,621.31,active,2026-10-06T20:25:00Z,2026-10-01T13:50:16+00:00
KXNFLTD-26OCT04DENSF,KXNFLTD,KXNFLTD-26OCT04DENSF-DENJWADDLE17-3,Jaylen Waddle: 3+ touchdowns,0.0100,0.0300,0.0000,0.00,0.00,active,2026-10-06T20:25:00Z,2026-10-01T13:50:16+00:00
KXNFLTD-26OCT04DENSF,KXNFLTD,KXNFLTD-26OCT04DENSF-DENJWADDLE17-2,Jaylen Waddle: 2+ touchdowns,0.0300,0.0600,0.0500,93.76,93.76,active,2026-10-06T20:25:00Z,2026-10-01T13:50:16+00:00
KXNFLTD-26OCT04DENSF,KXNFLTD,KXNFLTD-26OCT04DENSF-DENRHARVEY12-1,RJ Harvey: 1+ touchdowns,0.2500,0.2900,0.2400,13.08,13.08,active,2026-10-06T20:25:00Z,2026-10-01T13:50:16+00:00
KXNFLTD-26OCT04DENSF,KXNFLTD,KXNFLTD-26OCT04DENSF-DENRHARVEY12-2,RJ Harvey: 2+ touchdowns,0.0300,0.0600,0.0000,0.00,0.00,active,2026-10-06T20:25:00Z,2026-10-01T13:50:16+00:00
KXNFLTD-26OCT04DENSF,KXNFLTD,KXNFLTD-26OCT04DENSF-SFKBLACK26-2,Kaelon Black: 2+ touchdowns,0.0200,0.0400,0.0000,0.00,0.00,active,2026-10-06T20:25:00Z,2026-10-01T13:50:16+00:00
KXNFLTD-26OCT04DENSF,KXNFLTD,KXNFLTD-26OCT04DENSF-SFDSAMUEL19-3,Deebo Samuel Sr.: 3+ touchdowns,0.0100,0.0300,0.0100,40.02,40.02,active,2026-10-06T20:25:00Z,2026-10-01T13:50:16+00:00
KXNFLTD-26OCT04DENSF,KXNFLTD,KXNFLTD-26OCT04DENSF-DENRHARVEY12-3,RJ Harvey: 3+ touchdowns,0.0000,0.0300,0.0100,572.32,572.32,active,2026-10-06T20:25:00Z,2026-10-01T13:50:16+00:00
KXNFLTD-26OCT04DENSF,KXNFLTD,KXNFLTD-26OCT04DENSF-SFKBLACK26-1,Kaelon Black: 1+ touchdowns,0.1800,0.2200,0.0000,0.00,0.00,active,2026-10-06T20:25:00Z,2026-10-01T13:50:16+00:00
KXNFLTD-26OCT04DENSF,KXNFLTD,KXNFLTD-26OCT04DENSF-SFGKITTLE85-3,George Kittle: 3+ touchdowns,0.0100,0.0300,0.0000,0.00,0.00,active,2026-10-06T20:25:00Z,2026-10-01T13:50:16+00:00
KXNFLTD-26OCT04DENSF,KXNFLTD,KXNFLTD-26OCT04DENSF-DENCSUTTON14-1,Courtland Sutton: 1+ touchdowns,0.2500,0.2900,0.3000,32.21,32.21,active,2026-10-06T20:25:00Z,2026-10-01T13:50:16+00:00
KXNFLTD-26OCT04DENSF,KXNFLTD,KXNFLTD-26OCT04DENSF-DENTFRANKLIN11-1,Troy Franklin: 1+ touchdowns,0.0700,0.0800,0.0800,1395.52,1395.52,active,2026-10-06T20:25:00Z,2026-10-01T13:50:16+00:00
KXNFLTD-26OCT04DENSF,KXNFLTD,KXNFLTD-26OCT04DENSF-SFKJUSZCZYK44-2,Kyle Juszczyk: 2+ touchdowns,0.0100,0.0200,0.0000,0.00,0.00,active,2026-10-06T20:25:00Z,2026-10-01T13:50:16+00:00
KXNFLTD-26OCT04DENSF,KXNFLTD,KXNFLTD-26OCT04DENSF-SFBPURDY13-2,Brock Purdy: 2+ touchdowns,0.0200,0.0400,0.0300,1230.12,1081.79,active,2026-10-06T20:25:00Z,2026-10-01T13:50:16+00:00
KXNFLTD-26OCT04DENSF,KXNFLTD,KXNFLTD-26OCT04DENSF-SFKHODGE86-2,KhaDarel Hodge: 2+ touchdowns,0.0000,0.0200,0.0100,300.00,300.00,active,2026-10-06T20:25:00Z,2026-10-01T13:50:16+00:00
KXNFLTD-26OCT04DENSF,KXNFLTD,KXNFLTD-26OCT04DENSF-SFGKITTLE85-2,George Kittle: 2+ touchdowns,0.0600,0.0700,0.0700,564.30,564.30,active,2026-10-06T20:25:00Z,2026-10-01T13:50:16+00:00
KXNFLTD-26OCT04DENSF,KXNFLTD,KXNFLTD-26OCT04DENSF-SFDSAMUEL19-2,Deebo Samuel Sr.: 2+ touchdowns,0.0400,0.0700,0.0000,0.00,0.00,active,2026-10-06T20:25:00Z,2026-10-01T13:50:16+00:00
KXNFLTD-26OCT04DENSF,KXNFLTD,KXNFLTD-26OCT04DENSF-DENTBADIE28-2,Tyler Badie: 2+ touchdowns,0.0000,0.0200,0.0100,495.09,495.09,active,2026-10-06T20:25:00Z,2026-10-01T13:50:16+00:00
KXNFLTD-26OCT04DENSF,KXNFLTD,KXNFLTD-26OCT04DENSF-DENCSUTTON14-2,Courtland Sutton: 2+ touchdowns,0.0300,0.0500,0.0000,0.00,0.00,active,2026-10-06T20:25:00Z,2026-10-01T13:50:16+00:00
KXNFLTD-26OCT04DENSF,KXNFLTD,KXNFLTD-26OCT04DENSF-DENEENGRAM1-2,Evan Engram: 2+ touchdowns,0.0100,0.0200,0.0000,0.00,0.00,active,2026-10-06T20:25:00Z,2026-10-01T13:50:16+00:00
KXNFLTD-26OCT04DENSF,KXNFLTD,KXNFLTD-26OCT04DENSF-SFCMCCAFFREY23-2,Christian McCaffrey: 2+ touchdowns,0.1800,0.2300,0.0000,0.00,0.00,active,2026-10-06T20:25:00Z,2026-10-01T13:50:16+00:00
KXNFLTD-26OCT04DENSF,KXNFLTD,KXNFLTD-26OCT04DENSF-DENDBENTLEY89-1,Dallen Bentley: 1+ touchdowns,0.0500,0.0600,0.0500,932.45,931.45,active,2026-10-06T20:25:00Z,2026-10-01T13:50:16+00:00
KXNFLTD-26OCT04DENSF,KXNFLTD,KXNFLTD-26OCT04DENSF-SFJCOWING4-2,Jacob Cowing: 2+ touchdowns,0.0100,0.0200,0.0100,121.12,121.12,active,2026-10-06T20:25:00Z,2026-10-01T13:50:16+00:00
KXNFLTD-26OCT04DENSF,KXNFLTD,KXNFLTD-26OCT04DENSF-DENEENGRAM1-1,Evan Engram: 1+ touchdowns,0.1300,0.1500,0.1600,79.10,79.10,active,2026-10-06T20:25:00Z,2026-10-01T13:50:16+00:00
KXNFLTD-26OCT04DENSF,KXNFLTD,KXNFLTD-26OCT04DENSF-DENBNIX10-2,Bo Nix: 2+ touchdowns,0.0200,0.0400,0.0300,327.99,327.99,active,2026-10-06T20:25:00Z,2026-10-01T13:50:16+00:00
KXNFLTD-26OCT04DENSF,KXNFLTD,KXNFLTD-26OCT04DENSF-DENJWADDLE17-1,Jaylen Waddle: 1+ touchdowns,0.2700,0.3000,0.3000,44.44,44.44,active,2026-10-06T20:25:00Z,2026-10-01T13:50:16+00:00
KXNFLTD-26OCT04DENSF,KXNFLTD,KXNFLTD-26OCT04DENSF-DENJDOBBINS27-1,J.K. Dobbins: 1+ touchdowns,0.4000,0.4300,0.4000,16.21,16.21,active,2026-10-06T20:25:00Z,2026-10-01T13:50:16+00:00
KXNFLTD-26OCT04DENSF,KXNFLTD,KXNFLTD-26OCT04DENSF-DENLHUMPHREY5-1,Lil'Jordan Humphrey: 1+ touchdowns,0.0500,0.0800,0.0000,0.00,0.00,active,2026-10-06T20:25:00Z,2026-10-01T13:50:16+00:00
KXNFLTD-26OCT04DENSF,KXNFLTD,KXNFLTD-26OCT04DENSF-DENPBRYANT13-2,Pat Bryant: 2+ touchdowns,0.0100,0.0300,0.0000,0.00,0.00,active,2026-10-06T20:25:00Z,2026-10-01T13:50:16+00:00
KXNFLTD-26OCT04DENSF,KXNFLTD,KXNFLTD-26OCT04DENSF-DENJDOBBINS27-3,J.K. Dobbins: 3+ touchdowns,0.0100,0.0300,0.0300,5.23,5.23,active,2026-10-06T20:25:00Z,2026-10-01T13:50:16+00:00
KXNFLTD-26OCT04DENSF,KXNFLTD,KXNFLTD-26OCT04DENSF-SFBPURDY13-1,Brock Purdy: 1+ touchdowns,0.2000,0.2200,0.2200,826.61,826.61,active,2026-10-06T20:25:00Z,2026-10-01T13:50:16+00:00
KXNFLTD-26OCT04DENSF,KXNFLTD,KXNFLTD-26OCT04DENSF-DENPBRYANT13-1,Pat Bryant: 1+ touchdowns,0.1700,0.2000,0.2000,14.20,14.20,active,2026-10-06T20:25:00Z,2026-10-01T13:50:16+00:00
KXNFLTD-26OCT04DENSF,KXNFLTD,KXNFLTD-26OCT04DENSF-SFSFDST-1,SF 49ers D/ST: 1+ touchdowns,0.1100,0.1400,0.1400,120.00,114.00,active,2026-10-06T20:25:00Z,2026-10-01T13:50:16+00:00
KXNFLTD-26OCT04DENSF,KXNFLTD,KXNFLTD-26OCT04DENSF-DENDENDST-1,DEN Broncos D/ST: 1+ touchdowns,0.1000,0.1400,0.0000,0.00,0.00,active,2026-10-06T20:25:00Z,2026-10-01T13:50:16+00:00
KXNFLTD-26OCT04DENSF,KXNFLTD,KXNFLTD-26OCT04DENSF-SFGKITTLE85-1,George Kittle: 1+ touchdowns,0.3500,0.3700,0.3700,690.14,690.14,active,2026-10-06T20:25:00Z,2026-10-01T13:50:16+00:00
KXNFLTD-26OCT04DENSF,KXNFLTD,KXNFLTD-26OCT04DENSF-SFDSAMUEL19-1,Deebo Samuel Sr.: 1+ touchdowns,0.3400,0.3700,0.3700,425.81,425.81,active,2026-10-06T20:25:00Z,2026-10-01T13:50:16+00:00
KXNFLTD-26OCT04DENSF,KXNFLTD,KXNFLTD-26OCT04DENSF-DENATRAUTMAN82-1,Adam Trautman: 1+ touchdowns,0.0800,0.1000,0.0800,99.90,99.90,active,2026-10-06T20:25:00Z,2026-10-01T13:50:16+00:00
KXNFLTD-26OCT04DENSF,KXNFLTD,KXNFLTD-26OCT04DENSF-DENJDOBBINS27-2,J.K. Dobbins: 2+ touchdowns,0.0700,0.1100,0.0000,0.00,0.00,active,2026-10-06T20:25:00Z,2026-10-01T13:50:16+00:00
KXNFLTD-26OCT04DENSF,KXNFLTD,KXNFLTD-26OCT04DENSF-DENNADKINS45-1,Nate Adkins: 1+ touchdowns,0.0800,0.0900,0.0900,261.60,261.60,active,2026-10-06T20:25:00Z,2026-10-01T13:50:16+00:00
KXNFLTD-26OCT04DENSF,KXNFLTD,KXNFLTD-26OCT04DENSF-DENTBADIE28-1,Tyler Badie: 1+ touchdowns,0.0500,0.0800,0.0000,0.00,0.00,active,2026-10-06T20:25:00Z,2026-10-01T13:50:16+00:00
KXNFLTD-26OCT04DENSF,KXNFLTD,KXNFLTD-26OCT04DENSF-SFCMCCAFFREY23-3,Christian McCaffrey: 3+ touchdowns,0.0200,0.0600,0.0000,0.00,0.00,active,2026-10-06T20:25:00Z,2026-10-01T13:50:16+00:00
KXNFLTD-26OCT04DENSF,KXNFLTD,KXNFLTD-26OCT04DENSF-DENBNIX10-1,Bo Nix: 1+ touchdowns,0.1800,0.2000,0.2000,251.05,251.05,active,2026-10-06T20:25:00Z,2026-10-01T13:50:16+00:00
KXNFLTD-26OCT04DENSF,KXNFLTD,KXNFLTD-26OCT04DENSF-DENMMIMS19-1,Marvin Mims Jr.: 1+ touchdowns,0.0600,0.0800,0.0000,0.00,0.00,active,2026-10-06T20:25:00Z,2026-10-01T13:50:16+00:00
KXNFLTD-26OCT04DENSF,KXNFLTD,KXNFLTD-26OCT04DENSF-SFLFARRELL89-1,Luke Farrell: 1+ touchdowns,0.0500,0.0800,0.0000,0.00,0.00,active,2026-10-06T20:25:00Z,2026-10-01T13:50:16+00:00
KXNFLTD-26OCT04DENSF,KXNFLTD,KXNFLTD-26OCT04DENSF-SFKJUSZCZYK44-1,Kyle Juszczyk: 1+ touchdowns,0.1100,0.1300,0.1200,3054.95,3054.95,active,2026-10-06T20:25:00Z,2026-10-01T13:50:16+00:00
KXNFLTD-26OCT04DENSF,KXNFLTD,KXNFLTD-26OCT04DENSF-SFJWATKINS17-1,Jordan Watkins: 1+ touchdowns,0.0600,0.0800,0.0800,3098.08,3098.08,active,2026-10-06T20:25:00Z,2026-10-01T13:50:16+00:00
KXNFLTD-26OCT04DENSF,KXNFLTD,KXNFLTD-26OCT04DENSF-SFCMCCAFFREY23-1,Christian McCaffrey: 1+ touchdowns,0.6200,0.6400,0.6400,1464.71,1459.71,active,2026-10-06T20:25:00Z,2026-10-01T13:50:16+00:00
KXNFLTD-26OCT04DETCAR,KXNFLTD,KXNFLTD-26OCT04DETCAR-CARBYOUNG9-2,Bryce Young: 2+ touchdowns,0.0100,0.0200,0.0000,0.00,0.00,active,2026-10-07T00:20:00Z,2026-10-01T13:50:16+00:00
KXNFLTD-26OCT04DETCAR,KXNFLTD,KXNFLTD-26OCT04DETCAR-DETJGIBBS0-1,Jahmyr Gibbs: 1+ touchdowns,0.7300,0.7400,0.7400,1076.08,805.84,active,2026-10-07T00:20:00Z,2026-10-01T13:50:16+00:00
KXNFLTD-26OCT04DETCAR,KXNFLTD,KXNFLTD-26OCT04DETCAR-DETDETDST-1,DET Lions D/ST: 1+ touchdowns,0.1300,0.1600,0.1400,164.73,159.88,active,2026-10-07T00:20:00Z,2026-10-01T13:50:16+00:00
KXNFLTD-26OCT04DETCAR,KXNFLTD,KXNFLTD-26OCT04DETCAR-DETBWRIGHT89-2,Brock Wright: 2+ touchdowns,0.0100,0.0200,0.0000,0.00,0.00,active,2026-10-07T00:20:00Z,2026-10-01T13:50:16+00:00
KXNFLTD-26OCT04DETCAR,KXNFLTD,KXNFLTD-26OCT04DETCAR-DETJWILLIAMS1-3,Jameson Williams: 3+ touchdowns,0.0000,0.0200,0.0100,872.00,872.00,active,2026-10-07T00:20:00Z,2026-10-01T13:50:16+00:00
KXNFLTD-26OCT04DETCAR,KXNFLTD,KXNFLTD-26OCT04DETCAR-DETSLAPORTA87-1,Sam LaPorta: 1+ touchdowns,0.3100,0.3300,0.3300,228.72,228.72,active,2026-10-07T00:20:00Z,2026-10-01T13:50:16+00:00
KXNFLTD-26OCT04DETCAR,KXNFLTD,KXNFLTD-26OCT04DETCAR-DETSVAKI33-1,Sione Vaki: 1+ touchdowns,0.1100,0.1200,0.1200,5024.72,5024.72,active,2026-10-07T00:20:00Z,2026-10-01T13:50:16+00:00
KXNFLTD-26OCT04DETCAR,KXNFLTD,KXNFLTD-26OCT04DETCAR-DETITESLAA18-2,Isaac TeSlaa: 2+ touchdowns,0.0200,0.0300,0.0200,18.00,18.00,active,2026-10-07T00:20:00Z,2026-10-01T13:50:16+00:00
KXNFLTD-26OCT04DETCAR,KXNFLTD,KXNFLTD-26OCT04DETCAR-DETSLAPORTA87-3,Sam LaPorta: 3+ touchdowns,0.0000,0.0200,0.0100,309.89,309.89,active,2026-10-07T00:20:00Z,2026-10-01T13:50:16+00:00
KXNFLTD-26OCT04DETCAR,KXNFLTD,KXNFLTD-26OCT04DETCAR-CARMEVANS84-2,Mitchell Evans: 2+ touchdowns,0.0000,0.0200,0.0100,300.00,300.00,active,2026-10-07T00:20:00Z,2026-10-01T13:50:16+00:00
KXNFLTD-26OCT04DETCAR,KXNFLTD,KXNFLTD-26OCT04DETCAR-CARTMCMILLAN4-1,Tetairoa McMillan: 1+ touchdowns,0.3300,0.3600,0.4100,123.52,123.52,active,2026-10-07T00:20:00Z,2026-10-01T13:50:16+00:00
KXNFLTD-26OCT04DETCAR,KXNFLTD,KXNFLTD-26OCT04DETCAR-CARTTREMBLE82-1,Tommy Tremble: 1+ touchdowns,0.1300,0.1500,0.1900,125.84,125.84,active,2026-10-07T00:20:00Z,2026-10-01T13:50:16+00:00
KXNFLTD-26OCT04DETCAR,KXNFLTD,KXNFLTD-26OCT04DETCAR-DETASTBROWN14-3,Amon-Ra St. Brown: 3+ touchdowns,0.0200,0.0400,0.0400,284.42,284.42,active,2026-10-07T00:20:00Z,2026-10-01T13:50:16+00:00
KXNFLTD-26OCT04DETCAR,KXNFLTD,KXNFLTD-26OCT04DETCAR-CARDWALLER88-3,Darren Waller: 3+ touchdowns,0.0000,0.0100,0.0100,300.00,300.00,active,2026-10-07T00:20:00Z,2026-10-01T13:50:16+00:00
KXNFLTD-26OCT04DETCAR,KXNFLTD,KXNFLTD-26OCT04DETCAR-CARBTREMAYNE87-2,Brycen Tremayne: 2+ touchdowns,0.0000,0.0200,0.0100,300.00,300.00,active,2026-10-07T00:20:00Z,2026-10-01T13:50:16+00:00
KXNFLTD-26OCT04DETCAR,KXNFLTD,KXNFLTD-26OCT04DETCAR-CARTMCMILLAN4-3,Tetairoa McMillan: 3+ touchdowns,0.0100,0.0200,0.0000,0.00,0.00,active,2026-10-07T00:20:00Z,2026-10-01T13:50:16+00:00
KXNFLTD-26OCT04DETCAR,KXNFLTD,KXNFLTD-26OCT04DETCAR-DETBWRIGHT89-1,Brock Wright: 1+ touchdowns,0.0800,0.1100,0.0000,0.00,0.00,active,2026-10-07T00:20:00Z,2026-10-01T13:50:16+00:00
KXNFLTD-26OCT04DETCAR,KXNFLTD,KXNFLTD-26OCT04DETCAR-DETSLAPORTA87-2,Sam LaPorta: 2+ touchdowns,0.0400,0.0700,0.0000,0.00,0.00,active,2026-10-07T00:20:00Z,2026-10-01T13:50:16+00:00
KXNFLTD-26OCT04DETCAR,KXNFLTD,KXNFLTD-26OCT04DETCAR-CARTTREMBLE82-2,Tommy Tremble: 2+ touchdowns,0.0100,0.0300,0.0200,266.64,266.64,active,2026-10-07T00:20:00Z,2026-10-01T13:50:16+00:00
KXNFLTD-26OCT04DETCAR,KXNFLTD,KXNFLTD-26OCT04DETCAR-CARJMETCHIE13-2,John Metchie III: 2+ touchdowns,0.0100,0.0200,0.0000,0.00,0.00,active,2026-10-07T00:20:00Z,2026-10-01T13:50:16+00:00
KXNFLTD-26OCT04DETCAR,KXNFLTD,KXNFLTD-26OCT04DETCAR-DETSVAKI33-2,Sione Vaki: 2+ touchdowns,0.0100,0.0200,0.0000,0.00,0.00,active,2026-10-07T00:20:00Z,2026-10-01T13:50:16+00:00
KXNFLTD-26OCT04DETCAR,KXNFLTD,KXNFLTD-26OCT04DETCAR-CARJMETCHIE13-1,John Metchie III: 1+ touchdowns,0.0900,0.1200,0.0000,0.00,0.00,active,2026-10-07T00:20:00Z,2026-10-01T13:50:16+00:00
KXNFLTD-26OCT04DETCAR,KXNFLTD,KXNFLTD-26OCT04DETCAR-DETJWILLIAMS1-2,Jameson Williams: 2+ touchdowns,0.0300,0.0700,0.0000,0.00,0.00,active,2026-10-07T00:20:00Z,2026-10-01T13:50:16+00:00
KXNFLTD-26OCT04DETCAR,KXNFLTD,KXNFLTD-26OCT04DETCAR-DETJGIBBS0-3,Jahmyr Gibbs: 3+ touchdowns,0.0900,0.1300,0.1300,217.52,217.52,active,2026-10-07T00:20:00Z,2026-10-01T13:50:16+00:00
KXNFLTD-26OCT04DETCAR,KXNFLTD,KXNFLTD-26OCT04DETCAR-CARTMCMILLAN4-2,Tetairoa McMillan: 2+ touchdowns,0.0600,0.0800,0.0800,505.94,505.94,active,2026-10-07T00:20:00Z,2026-10-01T13:50:16+00:00
KXNFLTD-26OCT04DETCAR,KXNFLTD,KXNFLTD-26OCT04DETCAR-CARDWALLER88-2,Darren Waller: 2+ touchdowns,0.0300,0.0400,0.0200,3339.55,3339.55,active,2026-10-07T00:20:00Z,2026-10-01T13:50:16+00:00
KXNFLTD-26OCT04DETCAR,KXNFLTD,KXNFLTD-26OCT04DETCAR-DETJWILLIAMS1-1,Jameson Williams: 1+ touchdowns,0.2800,0.2900,0.3100,163.56,163.56,active,2026-10-07T00:20:00Z,2026-10-01T13:50:16+00:00
KXNFLTD-26OCT04DETCAR,KXNFLTD,KXNFLTD-26OCT04DETCAR-CARCHUBBARD30-3,Chuba Hubbard: 3+ touchdowns,0.0300,0.0500,0.0500,49.71,49.71,active,2026-10-07T00:20:00Z,2026-10-01T13:50:16+00:00
KXNFLTD-26OCT04DETCAR,KXNFLTD,KXNFLTD-26OCT04DETCAR-CARCHUBBARD30-1,Chuba Hubbard: 1+ touchdowns,0.5100,0.5400,0.5500,35.62,35.62,active,2026-10-07T00:20:00Z,2026-10-01T13:50:16+00:00
KXNFLTD-26OCT04DETCAR,KXNFLTD,KXNFLTD-26OCT04DETCAR-CARCHUBBARD30-2,Chuba Hubbard: 2+ touchdowns,0.1400,0.1600,0.1700,46.00,46.00,active,2026-10-07T00:20:00Z,2026-10-01T13:50:16+00:00
KXNFLTD-26OCT04DETCAR,KXNFLTD,KXNFLTD-26OCT04DETCAR-CARMEVANS84-1,Mitchell Evans: 1+ touchdowns,0.0800,0.1000,0.0000,0.00,0.00,active,2026-10-07T00:20:00Z,2026-10-01T13:50:16+00:00
KXNFLTD-26OCT04DETCAR,KXNFLTD,KXNFLTD-26OCT04DETCAR-CARADILLON28-1,AJ Dillon: 1+ touchdowns,0.0900,0.1200,0.0000,0.00,0.00,active,2026-10-07T00:20:00Z,2026-10-01T13:50:16+00:00
KXNFLTD-26OCT04DETCAR,KXNFLTD,KXNFLTD-26OCT04DETCAR-DETJGOFF16-1,Jared Goff: 1+ touchdowns,0.0700,0.0800,0.0800,1228.85,1228.85,active,2026-10-07T00:20:00Z,2026-10-01T13:50:16+00:00
KXNFLTD-26OCT04DETCAR,KXNFLTD,KXNFLTD-26OCT04DETCAR-DETITESLAA18-1,Isaac TeSlaa: 1+ touchdowns,0.1500,0.1700,0.1700,311.64,311.64,active,2026-10-07T00:20:00Z,2026-10-01T13:50:16+00:00
KXNFLTD-26OCT04DETCAR,KXNFLTD,KXNFLTD-26OCT04DETCAR-DETASTBROWN14-2,Amon-Ra St. Brown: 2+ touchdowns,0.1300,0.1500,0.1500,1005.76,1005.76,active,2026-10-07T00:20:00Z,2026-10-01T13:50:16+00:00
KXNFLTD-26OCT04DETCAR,KXNFLTD,KXNFLTD-26OCT04DETCAR-DETJGIBBS0-2,Jahmyr Gibbs: 2+ touchdowns,0.3500,0.3700,0.3600,1485.05,1284.18,active,2026-10-07T00:20:00Z,2026-10-01T13:50:16+00:00
KXNFLTD-26OCT04DETCAR,KXNFLTD,KXNFLTD-26OCT04DETCAR-CARBTREMAYNE87-1,Brycen Tremayne: 1+ touchdowns,0.1000,0.1100,0.1100,435.26,435.26,active,2026-10-07T00:20:00Z,2026-10-01T13:50:16+00:00
KXNFLTD-26OCT04DETCAR,KXNFLTD,KXNFLTD-26OCT04DETCAR-DETASTBROWN14-1,Amon-Ra St. Brown: 1+ touchdowns,0.5200,0.5300,0.5300,1258.55,1258.55,active,2026-10-07T00:20:00Z,2026-10-01T13:50:16+00:00
KXNFLTD-26OCT04DETCAR,KXNFLTD,KXNFLTD-26OCT04DETCAR-CARDWALLER88-1,Darren Waller: 1+ touchdowns,0.2500,0.2700,0.2800,2137.09,2137.09,active,2026-10-07T00:20:00Z,2026-10-01T13:50:16+00:00
KXNFLTD-26OCT04DETCAR,KXNFLTD,KXNFLTD-26OCT04DETCAR-CARBYOUNG9-1,Bryce Young: 1+ touchdowns,0.1400,0.1600,0.1600,72.24,72.24,active,2026-10-07T00:20:00Z,2026-10-01T13:50:16+00:00
KXNFLTD-26OCT04DETCAR,KXNFLTD,KXNFLTD-26OCT04DETCAR-CARADILLON28-2,AJ Dillon: 2+ touchdowns,0.0000,0.0200,0.0100,300.00,300.00,active,2026-10-07T00:20:00Z,2026-10-01T13:50:16+00:00
KXNFLTD-26OCT04DETCAR,KXNFLTD,KXNFLTD-26OCT04DETCAR-CARCARDST-1,CAR Panthers D/ST: 1+ touchdowns,0.1000,0.1400,0.1000,1.00,1.00,active,2026-10-07T00:20:00Z,2026-10-01T13:50:16+00:00
KXNFLTD-26OCT04GBTB,KXNFLTD,KXNFLTD-26OCT04GBTB-GBKJOHNSON26-1,Kaleb Johnson: 1+ touchdowns,0.2800,0.3000,0.0000,0.00,0.00,active,2026-10-06T17:00:00Z,2026-10-01T13:50:16+00:00
KXNFLTD-26OCT04GBTB,KXNFLTD,KXNFLTD-26OCT04GBTB-TBCOTTON88-2,Cade Otton: 2+ touchdowns,0.0100,0.0200,0.0200,144.00,144.00,active,2026-10-06T17:00:00Z,2026-10-01T13:50:16+00:00
KXNFLTD-26OCT04GBTB,KXNFLTD,KXNFLTD-26OCT04GBTB-TBTJOHNSON15-1,Tez Johnson: 1+ touchdowns,0.0800,0.1000,0.0000,0.00,0.00,active,2026-10-06T17:00:00Z,2026-10-01T13:50:16+00:00
KXNFLTD-26OCT04GBTB,KXNFLTD,KXNFLTD-26OCT04GBTB-GBTKRAFT85-2,Tucker Kraft: 2+ touchdowns,0.0300,0.0500,0.0000,0.00,0.00,active,2026-10-06T17:00:00Z,2026-10-01T13:50:16+00:00
KXNFLTD-26OCT04GBTB,KXNFLTD,KXNFLTD-26OCT04GBTB-GBMLLOYD32-2,MarShawn Lloyd: 2+ touchdowns,0.0100,0.0500,0.0000,0.00,0.00,active,2026-10-06T17:00:00Z,2026-10-01T13:50:16+00:00
KXNFLTD-26OCT04GBTB,KXNFLTD,KXNFLTD-26OCT04GBTB-TBTHURST17-2,Ted Hurst III: 2+ touchdowns,0.0100,0.0300,0.0300,319.23,319.23,active,2026-10-06T17:00:00Z,2026-10-01T13:50:16+00:00
KXNFLTD-26OCT04GBTB,KXNFLTD,KXNFLTD-26OCT04GBTB-GBJSMITH18-1,Jonnu Smith: 1+ touchdowns,0.0900,0.1200,0.0000,0.00,0.00,active,2026-10-06T17:00:00Z,2026-10-01T13:50:16+00:00
KXNFLTD-26OCT04GBTB,KXNFLTD,KXNFLTD-26OCT04GBTB-GBCWATSON9-3,Christian Watson: 3+ touchdowns,0.0100,0.0300,0.0000,0.00,0.00,active,2026-10-06T17:00:00Z,2026-10-01T13:50:16+00:00
KXNFLTD-26OCT04GBTB,KXNFLTD,KXNFLTD-26OCT04GBTB-TBTJOHNSON15-2,Tez Johnson: 2+ touchdowns,0.0000,0.0200,0.0100,891.00,891.00,active,2026-10-06T17:00:00Z,2026-10-01T13:50:16+00:00
KXNFLTD-26OCT04GBTB,KXNFLTD,KXNFLTD-26OCT04GBTB-GBKJOHNSON26-2,Kaleb Johnson: 2+ touchdowns,0.0300,0.0600,0.0000,0.00,0.00,active,2026-10-06T17:00:00Z,2026-10-01T13:50:16+00:00
KXNFLTD-26OCT04GBTB,KXNFLTD,KXNFLTD-26OCT04GBTB-TBBIRVING7-2,Bucky Irving: 2+ touchdowns,0.0600,0.0700,0.0700,84.49,84.49,active,2026-10-06T17:00:00Z,2026-10-01T13:50:16+00:00
KXNFLTD-26OCT04GBTB,KXNFLTD,KXNFLTD-26OCT04GBTB-GBJLOVE10-1,Jordan Love: 1+ touchdowns,0.1000,0.1100,0.0000,0.00,0.00,active,2026-10-06T17:00:00Z,2026-10-01T13:50:16+00:00
KXNFLTD-26OCT04GBTB,KXNFLTD,KXNFLTD-26OCT04GBTB-GBJSMITH18-2,Jonnu Smith: 2+ touchdowns,0.0100,0.0200,0.0300,12.85,12.85,active,2026-10-06T17:00:00Z,2026-10-01T13:50:16+00:00
KXNFLTD-26OCT04GBTB,KXNFLTD,KXNFLTD-26OCT04GBTB-TBJDANIELS10-1,Jalon Daniels: 1+ touchdowns,0.1900,0.2000,0.2000,1540.03,1540.03,active,2026-10-06T17:00:00Z,2026-10-01T13:50:16+00:00
KXNFLTD-26OCT04GBTB,KXNFLTD,KXNFLTD-26OCT04GBTB-TBKGAINWELL1-2,Kenny Gainwell: 2+ touchdowns,0.0100,0.0200,0.0200,36.40,36.40,active,2026-10-06T17:00:00Z,2026-10-01T13:50:16+00:00
KXNFLTD-26OCT04GBTB,KXNFLTD,KXNFLTD-26OCT04GBTB-TBJDANIELS10-2,Jalon Daniels: 2+ touchdowns,0.0200,0.0300,0.0300,1560.69,1560.69,active,2026-10-06T17:00:00Z,2026-10-01T13:50:16+00:00
KXNFLTD-26OCT04GBTB,KXNFLTD,KXNFLTD-26OCT04GBTB-GBMGOLDEN0-2,Matthew Golden: 2+ touchdowns,0.0400,0.0500,0.0500,150.01,150.01,active,2026-10-06T17:00:00Z,2026-10-01T13:50:16+00:00
KXNFLTD-26OCT04GBTB,KXNFLTD,KXNFLTD-26OCT04GBTB-TBEEGBUKA2-2,Emeka Egbuka: 2+ touchdowns,0.0300,0.0400,0.0500,3.59,3.59,active,2026-10-06T17:00:00Z,2026-10-01T13:50:16+00:00
KXNFLTD-26OCT04GBTB,KXNFLTD,KXNFLTD-26OCT04GBTB-GBSMOORE23-2,Skyy Moore: 2+ touchdowns,0.0100,0.0200,0.0200,21.00,21.00,active,2026-10-06T17:00:00Z,2026-10-01T13:50:16+00:00
KXNFLTD-26OCT04GBTB,KXNFLTD,KXNFLTD-26OCT04GBTB-TBCGODWIN14-2,Chris Godwin Jr.: 2+ touchdowns,0.0100,0.0200,0.0200,35.63,35.63,active,2026-10-06T17:00:00Z,2026-10-01T13:50:16+00:00
KXNFLTD-26OCT04GBTB,KXNFLTD,KXNFLTD-26OCT04GBTB-GBGBDST-1,GB Packers D/ST: 1+ touchdowns,0.1300,0.1500,0.1500,16.00,16.00,active,2026-10-06T17:00:00Z,2026-10-01T13:50:16+00:00
KXNFLTD-26OCT04GBTB,KXNFLTD,KXNFLTD-26OCT04GBTB-GBKJOHNSON26-3,Kaleb Johnson: 3+ touchdowns,0.0100,0.0300,0.0000,0.00,0.00,active,2026-10-06T17:00:00Z,2026-10-01T13:50:16+00:00
KXNFLTD-26OCT04GBTB,KXNFLTD,KXNFLTD-26OCT04GBTB-TBTBDST-1,TB Buccaneers D/ST: 1+ touchdowns,0.1200,0.1500,0.1200,67.80,67.80,active,2026-10-06T17:00:00Z,2026-10-01T13:50:16+00:00
KXNFLTD-26OCT04GBTB,KXNFLTD,KXNFLTD-26OCT04GBTB-GBMGOLDEN0-1,Matthew Golden: 1+ touchdowns,0.2800,0.2900,0.3000,262.74,262.74,active,2026-10-06T17:00:00Z,2026-10-01T13:50:16+00:00
KXNFLTD-26OCT04GBTB,KXNFLTD,KXNFLTD-26OCT04GBTB-TBKGAINWELL1-1,Kenny Gainwell: 1+ touchdowns,0.1500,0.1600,0.0000,0.00,0.00,active,2026-10-06T17:00:00Z,2026-10-01T13:50:16+00:00
KXNFLTD-26OCT04GBTB,KXNFLTD,KXNFLTD-26OCT04GBTB-TBSTUCKER44-1,Sean Tucker: 1+ touchdowns,0.0400,0.0600,0.0400,1.00,1.00,active,2026-10-06T17:00:00Z,2026-10-01T13:50:16+00:00
KXNFLTD-26OCT04GBTB,KXNFLTD,KXNFLTD-26OCT04GBTB-GBCWATSON9-1,Christian Watson: 1+ touchdowns,0.3500,0.3600,0.3500,782.42,734.05,active,2026-10-06T17:00:00Z,2026-10-01T13:50:16+00:00
KXNFLTD-26OCT04GBTB,KXNFLTD,KXNFLTD-26OCT04GBTB-TBEEGBUKA2-1,Emeka Egbuka: 1+ touchdowns,0.1900,0.2300,0.2200,74.27,74.27,active,2026-10-06T17:00:00Z,2026-10-01T13:50:16+00:00
KXNFLTD-26OCT04GBTB,KXNFLTD,KXNFLTD-26OCT04GBTB-GBJLOVE10-2,Jordan Love: 2+ touchdowns,0.0100,0.0200,0.0000,0.00,0.00,active,2026-10-06T17:00:00Z,2026-10-01T13:50:16+00:00
KXNFLTD-26OCT04GBTB,KXNFLTD,KXNFLTD-26OCT04GBTB-TBCGODWIN14-1,Chris Godwin Jr.: 1+ touchdowns,0.1200,0.1400,0.0000,0.00,0.00,active,2026-10-06T17:00:00Z,2026-10-01T13:50:16+00:00
KXNFLTD-26OCT04GBTB,KXNFLTD,KXNFLTD-26OCT04GBTB-GBBMELTON16-1,Bo Melton: 1+ touchdowns,0.0500,0.0700,0.0000,0.00,0.00,active,2026-10-06T17:00:00Z,2026-10-01T13:50:16+00:00
KXNFLTD-26OCT04GBTB,KXNFLTD,KXNFLTD-26OCT04GBTB-TBBIRVING7-1,Bucky Irving: 1+ touchdowns,0.3300,0.3500,0.3500,597.92,597.92,active,2026-10-06T17:00:00Z,2026-10-01T13:50:16+00:00
KXNFLTD-26OCT04GBTB,KXNFLTD,KXNFLTD-26OCT04GBTB-GBMLLOYD32-1,MarShawn Lloyd: 1+ touchdowns,0.2500,0.2600,0.0000,0.00,0.00,active,2026-10-06T17:00:00Z,2026-10-01T13:50:16+00:00
KXNFLTD-26OCT04GBTB,KXNFLTD,KXNFLTD-26OCT04GBTB-GBSMOORE23-1,Skyy Moore: 1+ touchdowns,0.1300,0.1500,0.1600,1040.02,1040.02,active,2026-10-06T17:00:00Z,2026-10-01T13:50:16+00:00
KXNFLTD-26OCT04GBTB,KXNFLTD,KXNFLTD-26OCT04GBTB-TBCOTTON88-1,Cade Otton: 1+ touchdowns,0.1100,0.1300,0.0000,0.00,0.00,active,2026-10-06T17:00:00Z,2026-10-01T13:50:16+00:00
KXNFLTD-26OCT04GBTB,KXNFLTD,KXNFLTD-26OCT04GBTB-GBTKRAFT85-1,Tucker Kraft: 1+ touchdowns,0.2600,0.2800,0.2700,72.43,72.43,active,2026-10-06T17:00:00Z,2026-10-01T13:50:16+00:00
KXNFLTD-26OCT04GBTB,KXNFLTD,KXNFLTD-26OCT04GBTB-TBTHURST17-1,Ted Hurst III: 1+ touchdowns,0.1200,0.1600,0.0000,0.00,0.00,active,2026-10-06T17:00:00Z,2026-10-01T13:50:16+00:00
KXNFLTD-26OCT04GBTB,KXNFLTD,KXNFLTD-26OCT04GBTB-GBCBROOKS30-1,Chris Brooks: 1+ touchdowns,0.1200,0.1300,0.1200,98.10,98.10,active,2026-10-06T17:00:00Z,2026-10-01T13:50:16+00:00
KXNFLTD-26OCT04GBTB,KXNFLTD,KXNFLTD-26OCT04GBTB-GBTKRAFT85-3,Tucker Kraft: 3+ touchdowns,0.0100,0.0600,0.0000,0.00,0.00,active,2026-10-06T17:00:00Z,2026-10-01T13:50:16+00:00
KXNFLTD-26OCT04GBTB,KXNFLTD,KXNFLTD-26OCT04GBTB-GBCWATSON9-2,Christian Watson: 2+ touchdowns,0.0600,0.0700,0.0500,31782.51,31757.51,active,2026-10-06T17:00:00Z,2026-10-01T13:50:16+00:00
KXNFLTD-26OCT04GBTB,KXNFLTD,KXNFLTD-26OCT04GBTB-GBCBROOKS30-2,Chris Brooks: 2+ touchdowns,0.0100,0.0200,0.0000,0.00,0.00,active,2026-10-06T17:00:00Z,2026-10-01T13:50:16+00:00
KXNFLTD-26OCT04INDWAS,KXNFLTD,KXNFLTD-26OCT04INDWAS-INDDJONES17-2,Daniel Jones: 2+ touchdowns,0.0200,0.0300,0.0000,0.00,0.00,active,2026-10-06T13:30:00Z,2026-10-01T13:50:16+00:00
KXNFLTD-26OCT04INDWAS,KXNFLTD,KXNFLTD-26OCT04INDWAS-WASTMCLAURIN17-2,Terry McLaurin: 2+ touchdowns,0.0200,0.0500,0.0400,5.85,5.85,active,2026-10-06T13:30:00Z,2026-10-01T13:50:16+00:00
KXNFLTD-26OCT04INDWAS,KXNFLTD,KXNFLTD-26OCT04INDWAS-WASWASDST-1,WAS Commanders D/ST: 1+ touchdowns,0.1000,0.1300,0.1500,58.76,58.76,active,2026-10-06T13:30:00Z,2026-10-01T13:50:16+00:00
KXNFLTD-26OCT04INDWAS,KXNFLTD,KXNFLTD-26OCT04INDWAS-INDKALLEN10-2,Keenan Allen: 2+ touchdowns,0.0200,0.0400,0.0000,0.00,0.00,active,2026-10-06T13:30:00Z,2026-10-01T13:50:16+00:00
KXNFLTD-26OCT04INDWAS,KXNFLTD,KXNFLTD-26OCT04INDWAS-INDJDOWNS2-2,Josh Downs: 2+ touchdowns,0.0400,0.0600,0.0000,0.00,0.00,active,2026-10-06T13:30:00Z,2026-10-01T13:50:16+00:00
KXNFLTD-26OCT04INDWAS,KXNFLTD,KXNFLTD-26OCT04INDWAS-INDSMCGOWAN20-2,Seth McGowan: 2+ touchdowns,0.0000,0.0200,0.0100,572.00,572.00,active,2026-10-06T13:30:00Z,2026-10-01T13:50:16+00:00
KXNFLTD-26OCT04INDWAS,KXNFLTD,KXNFLTD-26OCT04INDWAS-WASJCROSKEYMERRITT22-3,Jacory Croskey-Merritt: 3+ touchdowns,0.0200,0.0300,0.0000,0.00,0.00,active,2026-10-06T13:30:00Z,2026-10-01T13:50:16+00:00
KXNFLTD-26OCT04INDWAS,KXNFLTD,KXNFLTD-26OCT04INDWAS-WASSDIGGS3-2,Stefon Diggs: 2+ touchdowns,0.0400,0.0500,0.0400,5360.54,5360.54,active,2026-10-06T13:30:00Z,2026-10-01T13:50:16+00:00
KXNFLTD-26OCT04INDWAS,KXNFLTD,KXNFLTD-26OCT04INDWAS-WASKALLEN31-3,Kaytron Allen: 3+ touchdowns,0.0100,0.0200,0.0000,0.00,0.00,active,2026-10-06T13:30:00Z,2026-10-01T13:50:16+00:00
KXNFLTD-26OCT04INDWAS,KXNFLTD,KXNFLTD-26OCT04INDWAS-INDDSLAYTON11-2,Darius Slayton: 2+ touchdowns,0.0100,0.0200,0.0000,0.00,0.00,active,2026-10-06T13:30:00Z,2026-10-01T13:50:16+00:00
KXNFLTD-26OCT04INDWAS,KXNFLTD,KXNFLTD-26OCT04INDWAS-INDLTREADWELL13-2,Laquon Treadwell: 2+ touchdowns,0.0100,0.0200,0.0000,0.00,0.00,active,2026-10-06T13:30:00Z,2026-10-01T13:50:16+00:00
KXNFLTD-26OCT04INDWAS,KXNFLTD,KXNFLTD-26OCT04INDWAS-WASJLANE83-1,Jaylin Lane: 1+ touchdowns,0.0400,0.0600,0.0000,0.00,0.00,active,2026-10-06T13:30:00Z,2026-10-01T13:50:16+00:00
KXNFLTD-26OCT04INDWAS,KXNFLTD,KXNFLTD-26OCT04INDWAS-INDJDOWNS2-3,Josh Downs: 3+ touchdowns,0.0000,0.0200,0.0100,300.00,300.00,active,2026-10-06T13:30:00Z,2026-10-01T13:50:16+00:00
KXNFLTD-26OCT04INDWAS,KXNFLTD,KXNFLTD-26OCT04INDWAS-INDKALLEN10-1,Keenan Allen: 1+ touchdowns,0.2300,0.2400,0.2400,382.43,382.43,active,2026-10-06T13:30:00Z,2026-10-01T13:50:16+00:00
KXNFLTD-26OCT04INDWAS,KXNFLTD,KXNFLTD-26OCT04INDWAS-WASJCROSKEYMERRITT22-1,Jacory Croskey-Merritt: 1+ touchdowns,0.4400,0.4500,0.4300,653.83,617.83,active,2026-10-06T13:30:00Z,2026-10-01T13:50:16+00:00
KXNFLTD-26OCT04INDWAS,KXNFLTD,KXNFLTD-26OCT04INDWAS-INDMALIECOX81-1,Mo Alie-Cox: 1+ touchdowns,0.0600,0.0800,0.0800,449.80,449.80,active,2026-10-06T13:30:00Z,2026-10-01T13:50:16+00:00
KXNFLTD-26OCT04INDWAS,KXNFLTD,KXNFLTD-26OCT04INDWAS-WASKALLEN31-1,Kaytron Allen: 1+ touchdowns,0.1900,0.2100,0.2000,21559.52,19748.75,active,2026-10-06T13:30:00Z,2026-10-01T13:50:16+00:00
KXNFLTD-26OCT04INDWAS,KXNFLTD,KXNFLTD-26OCT04INDWAS-WASDBROWN6-1,Dyami Brown: 1+ touchdowns,0.0900,0.1000,0.0600,1.00,1.00,active,2026-10-06T13:30:00Z,2026-10-01T13:50:16+00:00
KXNFLTD-26OCT04INDWAS,KXNFLTD,KXNFLTD-26OCT04INDWAS-WASJBATES87-1,John Bates: 1+ touchdowns,0.0700,0.0900,0.0800,108.25,108.25,active,2026-10-06T13:30:00Z,2026-10-01T13:50:16+00:00
KXNFLTD-26OCT04INDWAS,KXNFLTD,KXNFLTD-26OCT04INDWAS-INDTWARREN84-1,Tyler Warren: 1+ touchdowns,0.3300,0.3400,0.3400,1177.04,1177.04,active,2026-10-06T13:30:00Z,2026-10-01T13:50:16+00:00
KXNFLTD-26OCT04INDWAS,KXNFLTD,KXNFLTD-26OCT04INDWAS-WASJCROSKEYMERRITT22-2,Jacory Croskey-Merritt: 2+ touchdowns,0.1000,0.1100,0.1000,43.00,43.00,active,2026-10-06T13:30:00Z,2026-10-01T13:50:16+00:00
KXNFLTD-26OCT04INDWAS,KXNFLTD,KXNFLTD-26OCT04INDWAS-INDJDOWNS2-1,Josh Downs: 1+ touchdowns,0.3100,0.3200,0.3200,457.46,457.46,active,2026-10-06T13:30:00Z,2026-10-01T13:50:16+00:00
KXNFLTD-26OCT04INDWAS,KXNFLTD,KXNFLTD-26OCT04INDWAS-INDTWARREN84-3,Tyler Warren: 3+ touchdowns,0.0000,0.0200,0.0100,300.00,300.00,active,2026-10-06T13:30:00Z,2026-10-01T13:50:16+00:00
KXNFLTD-26OCT04INDWAS,KXNFLTD,KXNFLTD-26OCT04INDWAS-WASSDIGGS3-1,Stefon Diggs: 1+ touchdowns,0.2600,0.2700,0.2700,3400.83,3400.83,active,2026-10-06T13:30:00Z,2026-10-01T13:50:16+00:00
KXNFLTD-26OCT04INDWAS,KXNFLTD,KXNFLTD-26OCT04INDWAS-INDJTAYLOR28-2,Jonathan Taylor: 2+ touchdowns,0.3100,0.3300,0.3400,1128.02,1121.87,active,2026-10-06T13:30:00Z,2026-10-01T13:50:16+00:00
KXNFLTD-26OCT04INDWAS,KXNFLTD,KXNFLTD-26OCT04INDWAS-WASAWILLIAMS14-2,Antonio Williams: 2+ touchdowns,0.0100,0.0200,0.0000,0.00,0.00,active,2026-10-06T13:30:00Z,2026-10-01T13:50:16+00:00
KXNFLTD-26OCT04INDWAS,KXNFLTD,KXNFLTD-26OCT04INDWAS-WASTBURKS13-1,Treylon Burks: 1+ touchdowns,0.0700,0.0800,0.0700,1943.38,1943.38,active,2026-10-06T13:30:00Z,2026-10-01T13:50:16+00:00
KXNFLTD-26OCT04INDWAS,KXNFLTD,KXNFLTD-26OCT04INDWAS-WASAWILLIAMS14-1,Antonio Williams: 1+ touchdowns,0.1200,0.1400,0.1400,289.69,289.69,active,2026-10-06T13:30:00Z,2026-10-01T13:50:16+00:00
KXNFLTD-26OCT04INDWAS,KXNFLTD,KXNFLTD-26OCT04INDWAS-WASRWHITE1-2,Rachaad White: 2+ touchdowns,0.0200,0.0400,0.0000,0.00,0.00,active,2026-10-06T13:30:00Z,2026-10-01T13:50:16+00:00
KXNFLTD-26OCT04INDWAS,KXNFLTD,KXNFLTD-26OCT04INDWAS-WASBSINNOTT82-2,Ben Sinnott: 2+ touchdowns,0.0000,0.0200,0.0100,22653.94,13659.94,active,2026-10-06T13:30:00Z,2026-10-01T13:50:16+00:00
KXNFLTD-26OCT04INDWAS,KXNFLTD,KXNFLTD-26OCT04INDWAS-INDINDDST-1,IND Colts D/ST: 1+ touchdowns,0.1200,0.1400,0.1200,82.79,82.79,active,2026-10-06T13:30:00Z,2026-10-01T13:50:16+00:00
KXNFLTD-26OCT04INDWAS,KXNFLTD,KXNFLTD-26OCT04INDWAS-INDDOGLETREE85-1,Drew Ogletree: 1+ touchdowns,0.0500,0.0700,0.0600,259.00,259.00,active,2026-10-06T13:30:00Z,2026-10-01T13:50:16+00:00
KXNFLTD-26OCT04INDWAS,KXNFLTD,KXNFLTD-26OCT04INDWAS-WASTMCLAURIN17-1,Terry McLaurin: 1+ touchdowns,0.2600,0.2700,0.2800,391.31,391.31,active,2026-10-06T13:30:00Z,2026-10-01T13:50:16+00:00
KXNFLTD-26OCT04INDWAS,KXNFLTD,KXNFLTD-26OCT04INDWAS-INDJTAYLOR28-3,Jonathan Taylor: 3+ touchdowns,0.0500,0.1100,0.0000,0.00,0.00,active,2026-10-06T13:30:00Z,2026-10-01T13:50:16+00:00
KXNFLTD-26OCT04INDWAS,KXNFLTD,KXNFLTD-26OCT04INDWAS-WASBSINNOTT82-1,Ben Sinnott: 1+ touchdowns,0.0700,0.0900,0.0800,237.80,212.80,active,2026-10-06T13:30:00Z,2026-10-01T13:50:16+00:00
KXNFLTD-26OCT04INDWAS,KXNFLTD,KXNFLTD-26OCT04INDWAS-WASMMARIOTA8-1,Marcus Mariota: 1+ touchdowns,0.1800,0.2000,0.2000,2539.89,441.31,active,2026-10-06T13:30:00Z,2026-10-01T13:50:16+00:00
KXNFLTD-26OCT04INDWAS,KXNFLTD,KXNFLTD-26OCT04INDWAS-INDDBURKS80-1,Deion Burks: 1+ touchdowns,0.0400,0.0700,0.0000,0.00,0.00,active,2026-10-06T13:30:00Z,2026-10-01T13:50:16+00:00
KXNFLTD-26OCT04INDWAS,KXNFLTD,KXNFLTD-26OCT04INDWAS-INDTWARREN84-2,Tyler Warren: 2+ touchdowns,0.0500,0.0700,0.0700,225.00,225.00,active,2026-10-06T13:30:00Z,2026-10-01T13:50:16+00:00
KXNFLTD-26OCT04INDWAS,KXNFLTD,KXNFLTD-26OCT04INDWAS-INDDJONES17-1,Daniel Jones: 1+ touchdowns,0.1700,0.1900,0.1800,367.84,367.84,active,2026-10-06T13:30:00Z,2026-10-01T13:50:16+00:00
KXNFLTD-26OCT04INDWAS,KXNFLTD,KXNFLTD-26OCT04INDWAS-INDLTREADWELL13-1,Laquon Treadwell: 1+ touchdowns,0.1200,0.1600,0.0000,0.00,0.00,active,2026-10-06T13:30:00Z,2026-10-01T13:50:16+00:00
KXNFLTD-26OCT04INDWAS,KXNFLTD,KXNFLTD-26OCT04INDWAS-INDSMCGOWAN20-1,Seth McGowan: 1+ touchdowns,0.0800,0.1000,0.0000,0.00,0.00,active,2026-10-06T13:30:00Z,2026-10-01T13:50:16+00:00
KXNFLTD-26OCT04INDWAS,KXNFLTD,KXNFLTD-26OCT04INDWAS-WASKALLEN31-2,Kaytron Allen: 2+ touchdowns,0.0100,0.0400,0.0000,0.00,0.00,active,2026-10-06T13:30:00Z,2026-10-01T13:50:16+00:00
KXNFLTD-26OCT04INDWAS,KXNFLTD,KXNFLTD-26OCT04INDWAS-INDJTAYLOR28-1,Jonathan Taylor: 1+ touchdowns,0.6900,0.7000,0.7000,1779.01,1436.43,active,2026-10-06T13:30:00Z,2026-10-01T13:50:16+00:00
KXNFLTD-26OCT04INDWAS,KXNFLTD,KXNFLTD-26OCT04INDWAS-INDDSLAYTON11-1,Darius Slayton: 1+ touchdowns,0.1100,0.1400,0.0000,0.00,0.00,active,2026-10-06T13:30:00Z,2026-10-01T13:50:16+00:00
KXNFLTD-26OCT04INDWAS,KXNFLTD,KXNFLTD-26OCT04INDWAS-WASRWHITE1-1,Rachaad White: 1+ touchdowns,0.2100,0.2200,0.2100,207.12,207.12,active,2026-10-06T13:30:00Z,2026-10-01T13:50:16+00:00
KXNFLTD-26OCT04INDWAS,KXNFLTD,KXNFLTD-26OCT04INDWAS-WASJBATES87-2,John Bates: 2+ touchdowns,0.0000,0.0200,0.0100,300.00,300.00,active,2026-10-06T13:30:00Z,2026-10-01T13:50:16+00:00
KXNFLTD-26OCT04INDWAS,KXNFLTD,KXNFLTD-26OCT04INDWAS-WASDBROWN6-2,Dyami Brown: 2+ touchdowns,0.0000,0.0200,0.0100,300.00,300.00,active,2026-10-06T13:30:00Z,2026-10-01T13:50:16+00:00
KXNFLTD-26OCT04INDWAS,KXNFLTD,KXNFLTD-26OCT04INDWAS-WASMMARIOTA8-2,Marcus Mariota: 2+ touchdowns,0.0100,0.0300,0.0300,7.80,7.80,active,2026-10-06T13:30:00Z,2026-10-01T13:50:16+00:00
KXNFLTD-26OCT04JACCIN,KXNFLTD,KXNFLTD-26OCT04JACCIN-JACBTUTEN33-1,Bhayshul Tuten: 1+ touchdowns,0.4700,0.4800,0.4800,239.25,239.25,active,2026-10-06T17:00:00Z,2026-10-01T13:50:16+00:00
KXNFLTD-26OCT04JACCIN,KXNFLTD,KXNFLTD-26OCT04JACCIN-JACCRODRIGUEZ24-2,Chris Rodriguez Jr.: 2+ touchdowns,0.0200,0.0500,0.0000,0.00,0.00,active,2026-10-06T17:00:00Z,2026-10-01T13:50:16+00:00
KXNFLTD-26OCT04JACCIN,KXNFLTD,KXNFLTD-26OCT04JACCIN-JACJMEYERS3-2,Jakobi Meyers: 2+ touchdowns,0.0300,0.0500,0.0400,23.42,23.42,active,2026-10-06T17:00:00Z,2026-10-01T13:50:16+00:00
KXNFLTD-26OCT04JACCIN,KXNFLTD,KXNFLTD-26OCT04JACCIN-JACBSTRANGE85-2,Brenton Strange: 2+ touchdowns,0.0200,0.0500,0.0000,0.00,0.00,active,2026-10-06T17:00:00Z,2026-10-01T13:50:16+00:00
KXNFLTD-26OCT04JACCIN,KXNFLTD,KXNFLTD-26OCT04JACCIN-CINEALL83-2,Erick All Jr.: 2+ touchdowns,0.0000,0.0300,0.0100,300.00,300.00,active,2026-10-06T17:00:00Z,2026-10-01T13:50:16+00:00
KXNFLTD-26OCT04JACCIN,KXNFLTD,KXNFLTD-26OCT04JACCIN-JACPWASHINGTON11-1,Parker Washington: 1+ touchdowns,0.3700,0.3900,0.3900,196.20,196.20,active,2026-10-06T17:00:00Z,2026-10-01T13:50:16+00:00
KXNFLTD-26OCT04JACCIN,KXNFLTD,KXNFLTD-26OCT04JACCIN-JACTLAWRENCE16-2,Trevor Lawrence: 2+ touchdowns,0.0300,0.0400,0.0400,2374.15,2374.15,active,2026-10-06T17:00:00Z,2026-10-01T13:50:16+00:00
KXNFLTD-26OCT04JACCIN,KXNFLTD,KXNFLTD-26OCT04JACCIN-CINJENDRIES84-2,Jack Endries: 2+ touchdowns,0.0100,0.0300,0.0100,176.64,176.64,active,2026-10-06T17:00:00Z,2026-10-01T13:50:16+00:00
KXNFLTD-26OCT04JACCIN,KXNFLTD,KXNFLTD-26OCT04JACCIN-JACAABDULLAH20-1,Ameer Abdullah: 1+ touchdowns,0.0700,0.1000,0.0000,0.00,0.00,active,2026-10-06T17:00:00Z,2026-10-01T13:50:16+00:00
KXNFLTD-26OCT04JACCIN,KXNFLTD,KXNFLTD-26OCT04JACCIN-JACJACDST-1,JAC Jaguars D/ST: 1+ touchdowns,0.0800,0.1200,0.0000,0.00,0.00,active,2026-10-06T17:00:00Z,2026-10-01T13:50:16+00:00
KXNFLTD-26OCT04JACCIN,KXNFLTD,KXNFLTD-26OCT04JACCIN-CINCINDST-1,CIN Bengals D/ST: 1+ touchdowns,0.1100,0.1300,0.1300,104.72,104.72,active,2026-10-06T17:00:00Z,2026-10-01T13:50:16+00:00
KXNFLTD-26OCT04JACCIN,KXNFLTD,KXNFLTD-26OCT04JACCIN-JACLALLEN5-1,LeQuint Allen Jr.: 1+ touchdowns,0.0700,0.1000,0.0000,0.00,0.00,active,2026-10-06T17:00:00Z,2026-10-01T13:50:16+00:00
KXNFLTD-26OCT04JACCIN,KXNFLTD,KXNFLTD-26OCT04JACCIN-CINSPERINE34-2,Samaje Perine: 2+ touchdowns,0.0100,0.0300,0.0000,0.00,0.00,active,2026-10-06T17:00:00Z,2026-10-01T13:50:16+00:00
KXNFLTD-26OCT04JACCIN,KXNFLTD,KXNFLTD-26OCT04JACCIN-CINCBROWN30-1,Chase Brown: 1+ touchdowns,0.5800,0.5900,0.5900,163.91,141.04,active,2026-10-06T17:00:00Z,2026-10-01T13:50:16+00:00
KXNFLTD-26OCT04JACCIN,KXNFLTD,KXNFLTD-26OCT04JACCIN-JACBTHOMAS7-2,Brian Thomas Jr.: 2+ touchdowns,0.0200,0.0400,0.0000,0.00,0.00,active,2026-10-06T17:00:00Z,2026-10-01T13:50:16+00:00
KXNFLTD-26OCT04JACCIN,KXNFLTD,KXNFLTD-26OCT04JACCIN-JACJCAMERON19-2,Josh Cameron: 2+ touchdowns,0.0100,0.0200,0.0200,323.17,323.17,active,2026-10-06T17:00:00Z,2026-10-01T13:50:16+00:00
KXNFLTD-26OCT04JACCIN,KXNFLTD,KXNFLTD-26OCT04JACCIN-CINMGESICKI88-2,Mike Gesicki: 2+ touchdowns,0.0200,0.0400,0.0400,17.56,17.56,active,2026-10-06T17:00:00Z,2026-10-01T13:50:16+00:00
KXNFLTD-26OCT04JACCIN,KXNFLTD,KXNFLTD-26OCT04JACCIN-JACPWASHINGTON11-2,Parker Washington: 2+ touchdowns,0.0600,0.0800,0.0800,63.61,63.61,active,2026-10-06T17:00:00Z,2026-10-01T13:50:16+00:00
KXNFLTD-26OCT04JACCIN,KXNFLTD,KXNFLTD-26OCT04JACCIN-CINDMEYERS81-2,Dohnte Meyers: 2+ touchdowns,0.0100,0.0300,0.0000,0.00,0.00,active,2026-10-06T17:00:00Z,2026-10-01T13:50:16+00:00
KXNFLTD-26OCT04JACCIN,KXNFLTD,KXNFLTD-26OCT04JACCIN-CINJENDRIES84-1,Jack Endries: 1+ touchdowns,0.0200,0.0700,0.0000,0.00,0.00,active,2026-10-06T17:00:00Z,2026-10-01T13:50:16+00:00
KXNFLTD-26OCT04JACCIN,KXNFLTD,KXNFLTD-26OCT04JACCIN-JACTLAWRENCE16-1,Trevor Lawrence: 1+ touchdowns,0.2100,0.2300,0.2200,2699.86,2699.86,active,2026-10-06T17:00:00Z,2026-10-01T13:50:16+00:00
KXNFLTD-26OCT04JACCIN,KXNFLTD,KXNFLTD-26OCT04JACCIN-CINTHIGGINS5-2,Tee Higgins: 2+ touchdowns,0.0600,0.0800,0.0000,0.00,0.00,active,2026-10-06T17:00:00Z,2026-10-01T13:50:16+00:00
KXNFLTD-26OCT04JACCIN,KXNFLTD,KXNFLTD-26OCT04JACCIN-CINDSAMPLE89-2,Drew Sample: 2+ touchdowns,0.0000,0.0200,0.0100,573.79,573.79,active,2026-10-06T17:00:00Z,2026-10-01T13:50:16+00:00
KXNFLTD-26OCT04JACCIN,KXNFLTD,KXNFLTD-26OCT04JACCIN-JACBSTRANGE85-3,Brenton Strange: 3+ touchdowns,0.0100,0.0200,0.0000,0.00,0.00,active,2026-10-06T17:00:00Z,2026-10-01T13:50:16+00:00
KXNFLTD-26OCT04JACCIN,KXNFLTD,KXNFLTD-26OCT04JACCIN-JACBTUTEN33-3,Bhayshul Tuten: 3+ touchdowns,0.0200,0.0400,0.0000,0.00,0.00,active,2026-10-06T17:00:00Z,2026-10-01T13:50:16+00:00
KXNFLTD-26OCT04JACCIN,KXNFLTD,KXNFLTD-26OCT04JACCIN-CINCBROWN30-3,Chase Brown: 3+ touchdowns,0.0200,0.0600,0.0000,0.00,0.00,active,2026-10-06T17:00:00Z,2026-10-01T13:50:16+00:00
KXNFLTD-26OCT04JACCIN,KXNFLTD,KXNFLTD-26OCT04JACCIN-CINTHIGGINS5-3,Tee Higgins: 3+ touchdowns,0.0100,0.0300,0.0000,0.00,0.00,active,2026-10-06T17:00:00Z,2026-10-01T13:50:16+00:00
KXNFLTD-26OCT04JACCIN,KXNFLTD,KXNFLTD-26OCT04JACCIN-JACPWASHINGTON11-3,Parker Washington: 3+ touchdowns,0.0100,0.0300,0.0100,61.23,61.23,active,2026-10-06T17:00:00Z,2026-10-01T13:50:16+00:00
KXNFLTD-26OCT04JACCIN,KXNFLTD,KXNFLTD-26OCT04JACCIN-JACQMORRIS80-1,Quintin Morris: 1+ touchdowns,0.0400,0.0700,0.0000,0.00,0.00,active,2026-10-06T17:00:00Z,2026-10-01T13:50:16+00:00
KXNFLTD-26OCT04JACCIN,KXNFLTD,KXNFLTD-26OCT04JACCIN-CINJBURROW9-1,Joe Burrow: 1+ touchdowns,0.0900,0.1000,0.1000,1958.63,1958.63,active,2026-10-06T17:00:00Z,2026-10-01T13:50:16+00:00
KXNFLTD-26OCT04JACCIN,KXNFLTD,KXNFLTD-26OCT04JACCIN-CINJCHASE1-1,Ja'Marr Chase: 1+ touchdowns,0.4900,0.5000,0.5000,335.54,335.54,active,2026-10-06T17:00:00Z,2026-10-01T13:50:16+00:00
KXNFLTD-26OCT04JACCIN,KXNFLTD,KXNFLTD-26OCT04JACCIN-JACJMEYERS3-1,Jakobi Meyers: 1+ touchdowns,0.2300,0.2700,0.0000,0.00,0.00,active,2026-10-06T17:00:00Z,2026-10-01T13:50:16+00:00
KXNFLTD-26OCT04JACCIN,KXNFLTD,KXNFLTD-26OCT04JACCIN-JACTHUNTER12-1,Travis Hunter: 1+ touchdowns,0.0600,0.0700,0.0700,8.77,8.77,active,2026-10-06T17:00:00Z,2026-10-01T13:50:16+00:00
KXNFLTD-26OCT04JACCIN,KXNFLTD,KXNFLTD-26OCT04JACCIN-CINDSAMPLE89-1,Drew Sample: 1+ touchdowns,0.0900,0.1100,0.0000,0.00,0.00,active,2026-10-06T17:00:00Z,2026-10-01T13:50:16+00:00
KXNFLTD-26OCT04JACCIN,KXNFLTD,KXNFLTD-26OCT04JACCIN-JACBTUTEN33-2,Bhayshul Tuten: 2+ touchdowns,0.1000,0.1300,0.1300,41.75,41.75,active,2026-10-06T17:00:00Z,2026-10-01T13:50:16+00:00
KXNFLTD-26OCT04JACCIN,KXNFLTD,KXNFLTD-26OCT04JACCIN-CINMTINSLEY84-2,Mitchell Tinsley: 2+ touchdowns,0.0000,0.0200,0.0100,607.00,607.00,active,2026-10-06T17:00:00Z,2026-10-01T13:50:16+00:00
KXNFLTD-26OCT04JACCIN,KXNFLTD,KXNFLTD-26OCT04JACCIN-CINDMEYERS81-1,Dohnte Meyers: 1+ touchdowns,0.1400,0.1600,0.1600,320.86,320.86,active,2026-10-06T17:00:00Z,2026-10-01T13:50:16+00:00
KXNFLTD-26OCT04JACCIN,KXNFLTD,KXNFLTD-26OCT04JACCIN-JACNBOERKIRCHER87-1,Nate Boerkircher: 1+ touchdowns,0.0700,0.0800,0.0700,9.33,9.33,active,2026-10-06T17:00:00Z,2026-10-01T13:50:16+00:00
KXNFLTD-26OCT04JACCIN,KXNFLTD,KXNFLTD-26OCT04JACCIN-CINMGESICKI88-1,Mike Gesicki: 1+ touchdowns,0.2200,0.2400,0.2400,1484.41,1484.41,active,2026-10-06T17:00:00Z,2026-10-01T13:50:16+00:00
KXNFLTD-26OCT04JACCIN,KXNFLTD,KXNFLTD-26OCT04JACCIN-CINSPERINE34-1,Samaje Perine: 1+ touchdowns,0.1600,0.1800,0.1700,17.22,17.22,active,2026-10-06T17:00:00Z,2026-10-01T13:50:16+00:00
KXNFLTD-26OCT04JACCIN,KXNFLTD,KXNFLTD-26OCT04JACCIN-JACCRODRIGUEZ24-1,Chris Rodriguez Jr.: 1+ touchdowns,0.2200,0.2600,0.0000,0.00,0.00,active,2026-10-06T17:00:00Z,2026-10-01T13:50:16+00:00
KXNFLTD-26OCT04JACCIN,KXNFLTD,KXNFLTD-26OCT04JACCIN-CINJCHASE1-2,Ja'Marr Chase: 2+ touchdowns,0.1300,0.1400,0.1300,475.79,454.04,active,2026-10-06T17:00:00Z,2026-10-01T13:50:16+00:00
KXNFLTD-26OCT04JACCIN,KXNFLTD,KXNFLTD-26OCT04JACCIN-CINTHIGGINS5-1,Tee Higgins: 1+ touchdowns,0.3700,0.3900,0.3900,224.93,224.93,active,2026-10-06T17:00:00Z,2026-10-01T13:50:16+00:00
KXNFLTD-26OCT04JACCIN,KXNFLTD,KXNFLTD-26OCT04JACCIN-CINJCHASE1-3,Ja'Marr Chase: 3+ touchdowns,0.0200,0.0400,0.0000,0.00,0.00,active,2026-10-06T17:00:00Z,2026-10-01T13:50:16+00:00
KXNFLTD-26OCT04JACCIN,KXNFLTD,KXNFLTD-26OCT04JACCIN-JACBTHOMAS7-1,Brian Thomas Jr.: 1+ touchdowns,0.1900,0.2200,0.2300,70.30,70.30,active,2026-10-06T17:00:00Z,2026-10-01T13:50:16+00:00
KXNFLTD-26OCT04JACCIN,KXNFLTD,KXNFLTD-26OCT04JACCIN-CINEALL83-1,Erick All Jr.: 1+ touchdowns,0.0600,0.0700,0.0000,0.00,0.00,active,2026-10-06T17:00:00Z,2026-10-01T13:50:16+00:00
KXNFLTD-26OCT04JACCIN,KXNFLTD,KXNFLTD-26OCT04JACCIN-JACJCAMERON19-1,Josh Cameron: 1+ touchdowns,0.1000,0.1200,0.1200,107.07,107.07,active,2026-10-06T17:00:00Z,2026-10-01T13:50:16+00:00
KXNFLTD-26OCT04JACCIN,KXNFLTD,KXNFLTD-26OCT04JACCIN-CINTHUDSON87-1,Tanner Hudson: 1+ touchdowns,0.0700,0.0800,0.0700,747.45,747.45,active,2026-10-06T17:00:00Z,2026-10-01T13:50:16+00:00
KXNFLTD-26OCT04JACCIN,KXNFLTD,KXNFLTD-26OCT04JACCIN-CINCBROWN30-2,Chase Brown: 2+ touchdowns,0.1700,0.2100,0.0000,0.00,0.00,active,2026-10-06T17:00:00Z,2026-10-01T13:50:16+00:00
KXNFLTD-26OCT04JACCIN,KXNFLTD,KXNFLTD-26OCT04JACCIN-CINMTINSLEY84-1,Mitchell Tinsley: 1+ touchdowns,0.0600,0.0800,0.1000,1609.87,1609.87,active,2026-10-06T17:00:00Z,2026-10-01T13:50:16+00:00
KXNFLTD-26OCT04JACCIN,KXNFLTD,KXNFLTD-26OCT04JACCIN-JACBSTRANGE85-1,Brenton Strange: 1+ touchdowns,0.2500,0.2600,0.2700,407.72,407.72,active,2026-10-06T17:00:00Z,2026-10-01T13:50:16+00:00
KXNFLTD-26OCT04KCLV,KXNFLTD,KXNFLTD-26OCT04KCLV-LVBBOWERS89-3,Brock Bowers: 3+ touchdowns,0.0100,0.0300,0.0100,299.78,299.78,active,2026-10-06T20:25:00Z,2026-10-01T13:50:16+00:00
KXNFLTD-26OCT04KCLV,KXNFLTD,KXNFLTD-26OCT04KCLV-LVJNAILOR9-1,Jalen Nailor: 1+ touchdowns,0.1600,0.1700,0.1700,667.37,649.52,active,2026-10-06T20:25:00Z,2026-10-01T13:50:16+00:00
KXNFLTD-26OCT04KCLV,KXNFLTD,KXNFLTD-26OCT04KCLV-LVDYOUNG81-1,Dareke Young: 1+ touchdowns,0.0500,0.0800,0.0000,0.00,0.00,active,2026-10-06T20:25:00Z,2026-10-01T13:50:16+00:00
KXNFLTD-26OCT04KCLV,KXNFLTD,KXNFLTD-26OCT04KCLV-KCXWORTHY1-2,Xavier Worthy: 2+ touchdowns,0.0200,0.0500,0.0500,93.76,93.76,active,2026-10-06T20:25:00Z,2026-10-01T13:50:16+00:00
KXNFLTD-26OCT04KCLV,KXNFLTD,KXNFLTD-26OCT04KCLV-LVMWASHINGTON4-2,Mike Washington Jr.: 2+ touchdowns,0.0100,0.0200,0.0300,3121.39,3121.39,active,2026-10-06T20:25:00Z,2026-10-01T13:50:16+00:00
KXNFLTD-26OCT04KCLV,KXNFLTD,KXNFLTD-26OCT04KCLV-LVJNAILOR9-2,Jalen Nailor: 2+ touchdowns,0.0200,0.0300,0.0200,7880.89,7880.89,active,2026-10-06T20:25:00Z,2026-10-01T13:50:16+00:00
KXNFLTD-26OCT04KCLV,KXNFLTD,KXNFLTD-26OCT04KCLV-LVMMAYER87-2,Michael Mayer: 2+ touchdowns,0.0100,0.0300,0.0000,0.00,0.00,active,2026-10-06T20:25:00Z,2026-10-01T13:50:16+00:00
KXNFLTD-26OCT04KCLV,KXNFLTD,KXNFLTD-26OCT04KCLV-KCNGRAY83-2,Noah Gray: 2+ touchdowns,0.0100,0.0200,0.0100,110.69,110.69,active,2026-10-06T20:25:00Z,2026-10-01T13:50:16+00:00
KXNFLTD-26OCT04KCLV,KXNFLTD,KXNFLTD-26OCT04KCLV-KCTKELCE87-3,Travis Kelce: 3+ touchdowns,0.0100,0.0300,0.0300,10.00,10.00,active,2026-10-06T20:25:00Z,2026-10-01T13:50:16+00:00
KXNFLTD-26OCT04KCLV,KXNFLTD,KXNFLTD-26OCT04KCLV-KCTKELCE87-1,Travis Kelce: 1+ touchdowns,0.3600,0.3700,0.3700,1685.36,1680.20,active,2026-10-06T20:25:00Z,2026-10-01T13:50:16+00:00
KXNFLTD-26OCT04KCLV,KXNFLTD,KXNFLTD-26OCT04KCLV-LVDYOUNG81-2,Dareke Young: 2+ touchdowns,0.0100,0.0300,0.0100,297.76,297.76,active,2026-10-06T20:25:00Z,2026-10-01T13:50:16+00:00
KXNFLTD-26OCT04KCLV,KXNFLTD,KXNFLTD-26OCT04KCLV-LVAJEANTY2-2,Ashton Jeanty: 2+ touchdowns,0.1400,0.1600,0.1600,218.37,218.37,active,2026-10-06T20:25:00Z,2026-10-01T13:50:16+00:00
KXNFLTD-26OCT04KCLV,KXNFLTD,KXNFLTD-26OCT04KCLV-LVBBOWERS89-1,Brock Bowers: 1+ touchdowns,0.3300,0.3400,0.3400,2561.90,2561.90,active,2026-10-06T20:25:00Z,2026-10-01T13:50:16+00:00
KXNFLTD-26OCT04KCLV,KXNFLTD,KXNFLTD-26OCT04KCLV-KCBSMITH24-1,Brashard Smith: 1+ touchdowns,0.1000,0.1200,0.0900,889.67,749.57,active,2026-10-06T20:25:00Z,2026-10-01T13:50:16+00:00
KXNFLTD-26OCT04KCLV,KXNFLTD,KXNFLTD-26OCT04KCLV-LVAJEANTY2-1,Ashton Jeanty: 1+ touchdowns,0.5500,0.5600,0.5600,210.93,204.88,active,2026-10-06T20:25:00Z,2026-10-01T13:50:16+00:00
KXNFLTD-26OCT04KCLV,KXNFLTD,KXNFLTD-26OCT04KCLV-KCKWALKER9-1,Kenneth Walker III: 1+ touchdowns,0.5900,0.6000,0.6000,1182.34,1143.42,active,2026-10-06T20:25:00Z,2026-10-01T13:50:16+00:00
KXNFLTD-26OCT04KCLV,KXNFLTD,KXNFLTD-26OCT04KCLV-KCNGRAY83-1,Noah Gray: 1+ touchdowns,0.1000,0.1100,0.1300,166.60,166.60,active,2026-10-06T20:25:00Z,2026-10-01T13:50:16+00:00
KXNFLTD-26OCT04KCLV,KXNFLTD,KXNFLTD-26OCT04KCLV-KCRRICE4-1,Rashee Rice: 1+ touchdowns,0.3500,0.3700,0.3700,647.67,561.37,active,2026-10-06T20:25:00Z,2026-10-01T13:50:16+00:00
KXNFLTD-26OCT04KCLV,KXNFLTD,KXNFLTD-26OCT04KCLV-LVKCOUSINS8-1,Kirk Cousins: 1+ touchdowns,0.0500,0.0600,0.0600,21047.24,19191.56,active,2026-10-06T20:25:00Z,2026-10-01T13:50:16+00:00
KXNFLTD-26OCT04KCLV,KXNFLTD,KXNFLTD-26OCT04KCLV-KCPMAHOMES15-2,Patrick Mahomes: 2+ touchdowns,0.0200,0.0300,0.0300,4331.60,3238.14,active,2026-10-06T20:25:00Z,2026-10-01T13:50:16+00:00
KXNFLTD-26OCT04KCLV,KXNFLTD,KXNFLTD-26OCT04KCLV-KCTTHORNTON2-2,Tyquan Thornton: 2+ touchdowns,0.0100,0.0300,0.0000,0.00,0.00,active,2026-10-06T20:25:00Z,2026-10-01T13:50:16+00:00
KXNFLTD-26OCT04KCLV,KXNFLTD,KXNFLTD-26OCT04KCLV-KCEJOHNSON10-2,Emmett Johnson: 2+ touchdowns,0.0100,0.0300,0.0000,0.00,0.00,active,2026-10-06T20:25:00Z,2026-10-01T13:50:16+00:00
KXNFLTD-26OCT04KCLV,KXNFLTD,KXNFLTD-26OCT04KCLV-KCEJOHNSON10-1,Emmett Johnson: 1+ touchdowns,0.1600,0.1800,0.1600,463.62,463.62,active,2026-10-06T20:25:00Z,2026-10-01T13:50:16+00:00
KXNFLTD-26OCT04KCLV,KXNFLTD,KXNFLTD-26OCT04KCLV-LVTTUCKER1-1,Tre Tucker: 1+ touchdowns,0.2000,0.2100,0.2200,89.17,89.17,active,2026-10-06T20:25:00Z,2026-10-01T13:50:16+00:00
KXNFLTD-26OCT04KCLV,KXNFLTD,KXNFLTD-26OCT04KCLV-LVMBENSON19-1,Malik Benson: 1+ touchdowns,0.0500,0.0700,0.0000,0.00,0.00,active,2026-10-06T20:25:00Z,2026-10-01T13:50:16+00:00
KXNFLTD-26OCT04KCLV,KXNFLTD,KXNFLTD-26OCT04KCLV-KCRRICE4-2,Rashee Rice: 2+ touchdowns,0.0700,0.0800,0.0700,550.00,550.00,active,2026-10-06T20:25:00Z,2026-10-01T13:50:16+00:00
KXNFLTD-26OCT04KCLV,KXNFLTD,KXNFLTD-26OCT04KCLV-LVTTUCKER1-2,Tre Tucker: 2+ touchdowns,0.0200,0.0400,0.0400,1171.28,1171.28,active,2026-10-06T20:25:00Z,2026-10-01T13:50:16+00:00
KXNFLTD-26OCT04KCLV,KXNFLTD,KXNFLTD-26OCT04KCLV-LVCWHITE82-2,Cody White: 2+ touchdowns,0.0100,0.0200,0.0200,233.95,233.95,active,2026-10-06T20:25:00Z,2026-10-01T13:50:16+00:00
KXNFLTD-26OCT04KCLV,KXNFLTD,KXNFLTD-26OCT04KCLV-LVLVDST-1,LV Raiders D/ST: 1+ touchdowns,0.1000,0.1400,0.0000,0.00,0.00,active,2026-10-06T20:25:00Z,2026-10-01T13:50:16+00:00
KXNFLTD-26OCT04KCLV,KXNFLTD,KXNFLTD-26OCT04KCLV-KCKWALKER9-2,Kenneth Walker III: 2+ touchdowns,0.2100,0.2300,0.2300,5928.94,5928.94,active,2026-10-06T20:25:00Z,2026-10-01T13:50:16+00:00
KXNFLTD-26OCT04KCLV,KXNFLTD,KXNFLTD-26OCT04KCLV-KCKCDST-1,KC Chiefs D/ST: 1+ touchdowns,0.1000,0.1300,0.1100,74.48,74.48,active,2026-10-06T20:25:00Z,2026-10-01T13:50:16+00:00
KXNFLTD-26OCT04KCLV,KXNFLTD,KXNFLTD-26OCT04KCLV-KCBSMITH24-2,Brashard Smith: 2+ touchdowns,0.0100,0.0200,0.0000,0.00,0.00,active,2026-10-06T20:25:00Z,2026-10-01T13:50:16+00:00
KXNFLTD-26OCT04KCLV,KXNFLTD,KXNFLTD-26OCT04KCLV-LVBBOWERS89-2,Brock Bowers: 2+ touchdowns,0.0600,0.0700,0.0700,3394.95,3394.95,active,2026-10-06T20:25:00Z,2026-10-01T13:50:16+00:00
KXNFLTD-26OCT04KCLV,KXNFLTD,KXNFLTD-26OCT04KCLV-LVMWASHINGTON4-1,Mike Washington Jr.: 1+ touchdowns,0.1500,0.1600,0.1600,1369.16,1369.16,active,2026-10-06T20:25:00Z,2026-10-01T13:50:16+00:00
KXNFLTD-26OCT04KCLV,KXNFLTD,KXNFLTD-26OCT04KCLV-LVCWHITE82-1,Cody White: 1+ touchdowns,0.1200,0.1300,0.1300,1085.62,1053.98,active,2026-10-06T20:25:00Z,2026-10-01T13:50:16+00:00
KXNFLTD-26OCT04KCLV,KXNFLTD,KXNFLTD-26OCT04KCLV-LVMMAYER87-1,Michael Mayer: 1+ touchdowns,0.1700,0.1800,0.1900,920.44,920.44,active,2026-10-06T20:25:00Z,2026-10-01T13:50:16+00:00
KXNFLTD-26OCT04KCLV,KXNFLTD,KXNFLTD-26OCT04KCLV-KCTTHORNTON2-1,Tyquan Thornton: 1+ touchdowns,0.1500,0.1600,0.1600,197.55,197.55,active,2026-10-06T20:25:00Z,2026-10-01T13:50:16+00:00
KXNFLTD-26OCT04KCLV,KXNFLTD,KXNFLTD-26OCT04KCLV-KCKWALKER9-3,Kenneth Walker III: 3+ touchdowns,0.0200,0.0600,0.0000,0.00,0.00,active,2026-10-06T20:25:00Z,2026-10-01T13:50:16+00:00
KXNFLTD-26OCT04KCLV,KXNFLTD,KXNFLTD-26OCT04KCLV-KCJROYALS11-1,Jalen Royals: 1+ touchdowns,0.0700,0.0800,0.0800,76.82,76.82,active,2026-10-06T20:25:00Z,2026-10-01T13:50:16+00:00
KXNFLTD-26OCT04KCLV,KXNFLTD,KXNFLTD-26OCT04KCLV-LVAJEANTY2-3,Ashton Jeanty: 3+ touchdowns,0.0200,0.0500,0.0000,0.00,0.00,active,2026-10-06T20:25:00Z,2026-10-01T13:50:16+00:00
KXNFLTD-26OCT04KCLV,KXNFLTD,KXNFLTD-26OCT04KCLV-KCTKELCE87-2,Travis Kelce: 2+ touchdowns,0.0500,0.0700,0.0800,646.00,646.00,active,2026-10-06T20:25:00Z,2026-10-01T13:50:16+00:00
KXNFLTD-26OCT04KCLV,KXNFLTD,KXNFLTD-26OCT04KCLV-KCXWORTHY1-1,Xavier Worthy: 1+ touchdowns,0.2300,0.2800,0.2800,606.96,606.96,active,2026-10-06T20:25:00Z,2026-10-01T13:50:16+00:00
KXNFLTD-26OCT04KCLV,KXNFLTD,KXNFLTD-26OCT04KCLV-KCPMAHOMES15-1,Patrick Mahomes: 1+ touchdowns,0.1800,0.1900,0.2000,2292.28,2133.91,active,2026-10-06T20:25:00Z,2026-10-01T13:50:16+00:00
KXNFLTD-26OCT04KCLV,KXNFLTD,KXNFLTD-26OCT04KCLV-KCRRICE4-3,Rashee Rice: 3+ touchdowns,0.0000,0.0100,0.0100,628.00,628.00,active,2026-10-06T20:25:00Z,2026-10-01T13:50:16+00:00
KXNFLTD-26OCT04LACSEA,KXNFLTD,KXNFLTD-26OCT04LACSEA-LACOHAMPTON8-1,Omarion Hampton: 1+ touchdowns,0.4200,0.4300,0.4400,553.38,528.38,active,2026-10-06T20:25:00Z,2026-10-01T13:50:16+00:00
KXNFLTD-26OCT04LACSEA,KXNFLTD,KXNFLTD-26OCT04LACSEA-LACLMCCONKEY15-2,Ladd McConkey: 2+ touchdowns,0.0200,0.0400,0.0000,0.00,0.00,active,2026-10-06T20:25:00Z,2026-10-01T13:50:16+00:00
KXNFLTD-26OCT04LACSEA,KXNFLTD,KXNFLTD-26OCT04LACSEA-SEAABARNER88-2,AJ Barner: 2+ touchdowns,0.0300,0.0500,0.0000,0.00,0.00,active,2026-10-06T20:25:00Z,2026-10-01T13:50:16+00:00
KXNFLTD-26OCT04LACSEA,KXNFLTD,KXNFLTD-26OCT04LACSEA-LACTHARRIS9-2,Tre' Harris: 2+ touchdowns,0.0100,0.0200,0.0000,0.00,0.00,active,2026-10-06T20:25:00Z,2026-10-01T13:50:16+00:00
KXNFLTD-26OCT04LACSEA,KXNFLTD,KXNFLTD-26OCT04LACSEA-SEACKUPP10-2,Cooper Kupp: 2+ touchdowns,0.0200,0.0400,0.0000,0.00,0.00,active,2026-10-06T20:25:00Z,2026-10-01T13:50:16+00:00
KXNFLTD-26OCT04LACSEA,KXNFLTD,KXNFLTD-26OCT04LACSEA-SEAEWILSON23-2,Emanuel Wilson: 2+ touchdowns,0.0400,0.0600,0.0000,0.00,0.00,active,2026-10-06T20:25:00Z,2026-10-01T13:50:16+00:00
KXNFLTD-26OCT04LACSEA,KXNFLTD,KXNFLTD-26OCT04LACSEA-LACKMITCHELL34-2,Keaton Mitchell: 2+ touchdowns,0.0100,0.0200,0.0000,0.00,0.00,active,2026-10-06T20:25:00Z,2026-10-01T13:50:16+00:00
KXNFLTD-26OCT04LACSEA,KXNFLTD,KXNFLTD-26OCT04LACSEA-SEAEWILSON23-3,Emanuel Wilson: 3+ touchdowns,0.0100,0.0300,0.0000,0.00,0.00,active,2026-10-06T20:25:00Z,2026-10-01T13:50:16+00:00
KXNFLTD-26OCT04LACSEA,KXNFLTD,KXNFLTD-26OCT04LACSEA-SEASEADST-1,SEA Seahawks D/ST: 1+ touchdowns,0.1000,0.1400,0.1300,136.00,110.00,active,2026-10-06T20:25:00Z,2026-10-01T13:50:16+00:00
KXNFLTD-26OCT04LACSEA,KXNFLTD,KXNFLTD-26OCT04LACSEA-SEAJSMITHNJIGBA11-3,Jaxon Smith-Njigba: 3+ touchdowns,0.0200,0.0400,0.0000,0.00,0.00,active,2026-10-06T20:25:00Z,2026-10-01T13:50:16+00:00
KXNFLTD-26OCT04LACSEA,KXNFLTD,KXNFLTD-26OCT04LACSEA-SEAGHOLANI36-1,George Holani: 1+ touchdowns,0.2100,0.2200,0.0000,0.00,0.00,active,2026-10-06T20:25:00Z,2026-10-01T13:50:16+00:00
KXNFLTD-26OCT04LACSEA,KXNFLTD,KXNFLTD-26OCT04LACSEA-SEATHORTON15-1,Tory Horton: 1+ touchdowns,0.0800,0.1000,0.1100,1669.54,1669.54,active,2026-10-06T20:25:00Z,2026-10-01T13:50:16+00:00
KXNFLTD-26OCT04LACSEA,KXNFLTD,KXNFLTD-26OCT04LACSEA-LACTHARRIS9-1,Tre' Harris: 1+ touchdowns,0.1300,0.1400,0.1400,2336.86,2336.86,active,2026-10-06T20:25:00Z,2026-10-01T13:50:16+00:00
KXNFLTD-26OCT04LACSEA,KXNFLTD,KXNFLTD-26OCT04LACSEA-LACKMITCHELL34-1,Keaton Mitchell: 1+ touchdowns,0.1200,0.1400,0.1400,213.71,213.71,active,2026-10-06T20:25:00Z,2026-10-01T13:50:16+00:00
KXNFLTD-26OCT04LACSEA,KXNFLTD,KXNFLTD-26OCT04LACSEA-LACJHERBERT10-1,Justin Herbert: 1+ touchdowns,0.1300,0.1400,0.0000,0.00,0.00,active,2026-10-06T20:25:00Z,2026-10-01T13:50:16+00:00
KXNFLTD-26OCT04LACSEA,KXNFLTD,KXNFLTD-26OCT04LACSEA-SEATHORTON15-2,Tory Horton: 2+ touchdowns,0.0000,0.0200,0.0100,300.00,300.00,active,2026-10-06T20:25:00Z,2026-10-01T13:50:16+00:00
KXNFLTD-26OCT04LACSEA,KXNFLTD,KXNFLTD-26OCT04LACSEA-SEARSHAHEED22-2,Rashid Shaheed: 2+ touchdowns,0.0200,0.0400,0.0000,0.00,0.00,active,2026-10-06T20:25:00Z,2026-10-01T13:50:16+00:00
KXNFLTD-26OCT04LACSEA,KXNFLTD,KXNFLTD-26OCT04LACSEA-LACOGADSDEN86-2,Oronde Gadsden: 2+ touchdowns,0.0100,0.0300,0.0000,0.00,0.00,active,2026-10-06T20:25:00Z,2026-10-01T13:50:16+00:00
KXNFLTD-26OCT04LACSEA,KXNFLTD,KXNFLTD-26OCT04LACSEA-LACOGADSDEN86-1,Oronde Gadsden: 1+ touchdowns,0.1900,0.2000,0.1800,120.43,120.43,active,2026-10-06T20:25:00Z,2026-10-01T13:50:16+00:00
KXNFLTD-26OCT04LACSEA,KXNFLTD,KXNFLTD-26OCT04LACSEA-SEAABARNER88-1,AJ Barner: 1+ touchdowns,0.2400,0.2500,0.2500,786.53,786.53,active,2026-10-06T20:25:00Z,2026-10-01T13:50:16+00:00
KXNFLTD-26OCT04LACSEA,KXNFLTD,KXNFLTD-26OCT04LACSEA-LACOHAMPTON8-3,Omarion Hampton: 3+ touchdowns,0.0100,0.0400,0.0000,0.00,0.00,active,2026-10-06T20:25:00Z,2026-10-01T13:50:16+00:00
KXNFLTD-26OCT04LACSEA,KXNFLTD,KXNFLTD-26OCT04LACSEA-SEARSHAHEED22-1,Rashid Shaheed: 1+ touchdowns,0.2200,0.2300,0.0000,0.00,0.00,active,2026-10-06T20:25:00Z,2026-10-01T13:50:16+00:00
KXNFLTD-26OCT04LACSEA,KXNFLTD,KXNFLTD-26OCT04LACSEA-LACLACDST-1,LA Chargers D/ST: 1+ touchdowns,0.0700,0.1000,0.1100,12.83,12.83,active,2026-10-06T20:25:00Z,2026-10-01T13:50:16+00:00
KXNFLTD-26OCT04LACSEA,KXNFLTD,KXNFLTD-26OCT04LACSEA-SEASDARNOLD14-1,Sam Darnold: 1+ touchdowns,0.0800,0.0900,0.0900,163.67,163.67,active,2026-10-06T20:25:00Z,2026-10-01T13:50:16+00:00
KXNFLTD-26OCT04LACSEA,KXNFLTD,KXNFLTD-26OCT04LACSEA-SEAESAUBERT81-1,Eric Saubert: 1+ touchdowns,0.0200,0.0800,0.0000,0.00,0.00,active,2026-10-06T20:25:00Z,2026-10-01T13:50:16+00:00
KXNFLTD-26OCT04LACSEA,KXNFLTD,KXNFLTD-26OCT04LACSEA-SEAJPRICE8-1,Jadarian Price: 1+ touchdowns,0.3800,0.4000,0.4000,73.05,73.05,active,2026-10-06T20:25:00Z,2026-10-01T13:50:16+00:00
KXNFLTD-26OCT04LACSEA,KXNFLTD,KXNFLTD-26OCT04LACSEA-SEAJSMITHNJIGBA11-2,Jaxon Smith-Njigba: 2+ touchdowns,0.1400,0.1500,0.1500,7429.99,7429.99,active,2026-10-06T20:25:00Z,2026-10-01T13:50:16+00:00
KXNFLTD-26OCT04LACSEA,KXNFLTD,KXNFLTD-26OCT04LACSEA-LACQJOHNSTON1-1,Quentin Johnston: 1+ touchdowns,0.1700,0.1900,0.1900,47.57,47.57,active,2026-10-06T20:25:00Z,2026-10-01T13:50:16+00:00
KXNFLTD-26OCT04LACSEA,KXNFLTD,KXNFLTD-26OCT04LACSEA-LACJHERBERT10-2,Justin Herbert: 2+ touchdowns,0.0100,0.0200,0.0200,394.77,394.77,active,2026-10-06T20:25:00Z,2026-10-01T13:50:16+00:00
KXNFLTD-26OCT04LACSEA,KXNFLTD,KXNFLTD-26OCT04LACSEA-LACQJOHNSTON1-2,Quentin Johnston: 2+ touchdowns,0.0100,0.0300,0.0000,0.00,0.00,active,2026-10-06T20:25:00Z,2026-10-01T13:50:16+00:00
KXNFLTD-26OCT04LACSEA,KXNFLTD,KXNFLTD-26OCT04LACSEA-SEAEARROYO18-1,Elijah Arroyo: 1+ touchdowns,0.0600,0.0700,0.0800,99.90,99.90,active,2026-10-06T20:25:00Z,2026-10-01T13:50:16+00:00
KXNFLTD-26OCT04LACSEA,KXNFLTD,KXNFLTD-26OCT04LACSEA-SEAJPRICE8-2,Jadarian Price: 2+ touchdowns,0.0700,0.0900,0.0000,0.00,0.00,active,2026-10-06T20:25:00Z,2026-10-01T13:50:16+00:00
KXNFLTD-26OCT04LACSEA,KXNFLTD,KXNFLTD-26OCT04LACSEA-SEAEWILSON23-1,Emanuel Wilson: 1+ touchdowns,0.2700,0.3000,0.3000,317.76,317.76,active,2026-10-06T20:25:00Z,2026-10-01T13:50:16+00:00
KXNFLTD-26OCT04LACSEA,KXNFLTD,KXNFLTD-26OCT04LACSEA-SEACKUPP10-1,Cooper Kupp: 1+ touchdowns,0.2000,0.2100,0.2300,927.17,927.17,active,2026-10-06T20:25:00Z,2026-10-01T13:50:16+00:00
KXNFLTD-26OCT04LACSEA,KXNFLTD,KXNFLTD-26OCT04LACSEA-LACLMCCONKEY15-1,Ladd McConkey: 1+ touchdowns,0.2100,0.2300,0.0000,0.00,0.00,active,2026-10-06T20:25:00Z,2026-10-01T13:50:16+00:00
KXNFLTD-26OCT04LACSEA,KXNFLTD,KXNFLTD-26OCT04LACSEA-LACOHAMPTON8-2,Omarion Hampton: 2+ touchdowns,0.0900,0.1200,0.0000,0.00,0.00,active,2026-10-06T20:25:00Z,2026-10-01T13:50:16+00:00
KXNFLTD-26OCT04LACSEA,KXNFLTD,KXNFLTD-26OCT04LACSEA-SEAJSMITHNJIGBA11-1,Jaxon Smith-Njigba: 1+ touchdowns,0.5100,0.5200,0.5200,5225.41,5093.66,active,2026-10-06T20:25:00Z,2026-10-01T13:50:16+00:00
KXNFLTD-26OCT04LACSEA,KXNFLTD,KXNFLTD-26OCT04LACSEA-LACHRUCCI40-1,Hayden Rucci: 1+ touchdowns,0.0200,0.0700,0.0000,0.00,0.00,active,2026-10-06T20:25:00Z,2026-10-01T13:50:16+00:00
KXNFLTD-26OCT04LACSEA,KXNFLTD,KXNFLTD-26OCT04LACSEA-LACKVIDAL28-1,Kimani Vidal: 1+ touchdowns,0.0500,0.0600,0.0600,1400.00,1400.00,active,2026-10-06T20:25:00Z,2026-10-01T13:50:16+00:00
KXNFLTD-26OCT04LACSEA,KXNFLTD,KXNFLTD-26OCT04LACSEA-SEAGHOLANI36-2,George Holani: 2+ touchdowns,0.0200,0.0400,0.0000,0.00,0.00,active,2026-10-06T20:25:00Z,2026-10-01T13:50:16+00:00
KXNFLTD-26OCT04LARPHI,KXNFLTD,KXNFLTD-26OCT04LARPHI-LARKWILLIAMS23-1,Kyren Williams: 1+ touchdowns,0.4900,0.5100,0.5100,3070.67,3049.67,active,2026-10-06T17:00:00Z,2026-10-01T13:50:16+00:00
KXNFLTD-26OCT04LARPHI,KXNFLTD,KXNFLTD-26OCT04LARPHI-PHIWSHIPLEY28-1,Will Shipley: 1+ touchdowns,0.0500,0.0700,0.0000,0.00,0.00,active,2026-10-06T17:00:00Z,2026-10-01T13:50:16+00:00
KXNFLTD-26OCT04LARPHI,KXNFLTD,KXNFLTD-26OCT04LARPHI-PHISBARKLEY26-1,Saquon Barkley: 1+ touchdowns,0.4300,0.4500,0.4500,823.23,823.23,active,2026-10-06T17:00:00Z,2026-10-01T13:50:16+00:00
KXNFLTD-26OCT04LARPHI,KXNFLTD,KXNFLTD-26OCT04LARPHI-PHISBARKLEY26-3,Saquon Barkley: 3+ touchdowns,0.0100,0.0400,0.0000,0.00,0.00,active,2026-10-06T17:00:00Z,2026-10-01T13:50:16+00:00
KXNFLTD-26OCT04LARPHI,KXNFLTD,KXNFLTD-26OCT04LARPHI-PHIDCOOPER80-1,Darius Cooper: 1+ touchdowns,0.0700,0.1000,0.0000,0.00,0.00,active,2026-10-06T17:00:00Z,2026-10-01T13:50:16+00:00
KXNFLTD-26OCT04LARPHI,KXNFLTD,KXNFLTD-26OCT04LARPHI-LARTHIGBEE89-2,Tyler Higbee: 2+ touchdowns,0.0200,0.0400,0.0000,0.00,0.00,active,2026-10-06T17:00:00Z,2026-10-01T13:50:16+00:00
KXNFLTD-26OCT04LARPHI,KXNFLTD,KXNFLTD-26OCT04LARPHI-PHIDWICKS13-2,Dontayvion Wicks: 2+ touchdowns,0.0200,0.0400,0.0300,40.64,40.64,active,2026-10-06T17:00:00Z,2026-10-01T13:50:16+00:00
KXNFLTD-26OCT04LARPHI,KXNFLTD,KXNFLTD-26OCT04LARPHI-PHIMLEMON9-1,Makai Lemon: 1+ touchdowns,0.1200,0.1500,0.1600,62.83,62.83,active,2026-10-06T17:00:00Z,2026-10-01T13:50:16+00:00
KXNFLTD-26OCT04LARPHI,KXNFLTD,KXNFLTD-26OCT04LARPHI-PHIJHURTS1-2,Jalen Hurts: 2+ touchdowns,0.0600,0.0700,0.0700,3383.94,3383.94,active,2026-10-06T17:00:00Z,2026-10-01T13:50:16+00:00
KXNFLTD-26OCT04LARPHI,KXNFLTD,KXNFLTD-26OCT04LARPHI-LARBCORUM24-2,Blake Corum: 2+ touchdowns,0.0200,0.0500,0.0000,0.00,0.00,active,2026-10-06T17:00:00Z,2026-10-01T13:50:16+00:00
KXNFLTD-26OCT04LARPHI,KXNFLTD,KXNFLTD-26OCT04LARPHI-PHIDSMITH6-2,DeVonta Smith: 2+ touchdowns,0.0400,0.0500,0.0600,31.27,31.27,active,2026-10-06T17:00:00Z,2026-10-01T13:50:16+00:00
KXNFLTD-26OCT04LARPHI,KXNFLTD,KXNFLTD-26OCT04LARPHI-LARKWILLIAMS23-3,Kyren Williams: 3+ touchdowns,0.0200,0.0400,0.0000,0.00,0.00,active,2026-10-06T17:00:00Z,2026-10-01T13:50:16+00:00
KXNFLTD-26OCT04LARPHI,KXNFLTD,KXNFLTD-26OCT04LARPHI-LARDADAMS17-3,Davante Adams: 3+ touchdowns,0.0100,0.0400,0.0000,0.00,0.00,active,2026-10-06T17:00:00Z,2026-10-01T13:50:16+00:00
KXNFLTD-26OCT04LARPHI,KXNFLTD,KXNFLTD-26OCT04LARPHI-LARKMUMPFIELD4-2,Konata Mumpfield: 2+ touchdowns,0.0100,0.0300,0.0000,0.00,0.00,active,2026-10-06T17:00:00Z,2026-10-01T13:50:16+00:00
KXNFLTD-26OCT04LARPHI,KXNFLTD,KXNFLTD-26OCT04LARPHI-PHIMLEMON9-2,Makai Lemon: 2+ touchdowns,0.0100,0.0300,0.0000,0.00,0.00,active,2026-10-06T17:00:00Z,2026-10-01T13:50:16+00:00
KXNFLTD-26OCT04LARPHI,KXNFLTD,KXNFLTD-26OCT04LARPHI-PHIDCOOPER80-2,Darius Cooper: 2+ touchdowns,0.0000,0.0200,0.0100,300.00,300.00,active,2026-10-06T17:00:00Z,2026-10-01T13:50:16+00:00
KXNFLTD-26OCT04LARPHI,KXNFLTD,KXNFLTD-26OCT04LARPHI-LARKWILLIAMS23-2,Kyren Williams: 2+ touchdowns,0.1200,0.1300,0.1500,54.00,54.00,active,2026-10-06T17:00:00Z,2026-10-01T13:50:16+00:00
KXNFLTD-26OCT04LARPHI,KXNFLTD,KXNFLTD-26OCT04LARPHI-LARDADAMS17-2,Davante Adams: 2+ touchdowns,0.0900,0.1000,0.0900,2137.37,2137.37,active,2026-10-06T17:00:00Z,2026-10-01T13:50:16+00:00
KXNFLTD-26OCT04LARPHI,KXNFLTD,KXNFLTD-26OCT04LARPHI-PHIPHIDST-1,PHI Eagles D/ST: 1+ touchdowns,0.1300,0.1600,0.1300,54.41,48.41,active,2026-10-06T17:00:00Z,2026-10-01T13:50:16+00:00
KXNFLTD-26OCT04LARPHI,KXNFLTD,KXNFLTD-26OCT04LARPHI-LARKMUMPFIELD4-1,Konata Mumpfield: 1+ touchdowns,0.1200,0.1400,0.1600,1716.23,1716.23,active,2026-10-06T17:00:00Z,2026-10-01T13:50:16+00:00
KXNFLTD-26OCT04LARPHI,KXNFLTD,KXNFLTD-26OCT04LARPHI-LARMSTAFFORD9-1,Matthew Stafford: 1+ touchdowns,0.0400,0.0500,0.0500,10859.22,8977.61,active,2026-10-06T17:00:00Z,2026-10-01T13:50:16+00:00
KXNFLTD-26OCT04LARPHI,KXNFLTD,KXNFLTD-26OCT04LARPHI-LARBCORUM24-1,Blake Corum: 1+ touchdowns,0.2300,0.2400,0.2400,344.29,344.29,active,2026-10-06T17:00:00Z,2026-10-01T13:50:16+00:00
KXNFLTD-26OCT04LARPHI,KXNFLTD,KXNFLTD-26OCT04LARPHI-LARLARDST-1,LA Rams D/ST: 1+ touchdowns,0.1500,0.1700,0.1600,407.46,360.58,active,2026-10-06T17:00:00Z,2026-10-01T13:50:16+00:00
KXNFLTD-26OCT04LARPHI,KXNFLTD,KXNFLTD-26OCT04LARPHI-LARXSMITH19-1,Xavier Smith: 1+ touchdowns,0.0600,0.0700,0.0000,0.00,0.00,active,2026-10-06T17:00:00Z,2026-10-01T13:50:16+00:00
KXNFLTD-26OCT04LARPHI,KXNFLTD,KXNFLTD-26OCT04LARPHI-PHIDSMITH6-1,DeVonta Smith: 1+ touchdowns,0.2800,0.3200,0.3200,88.90,88.90,active,2026-10-06T17:00:00Z,2026-10-01T13:50:16+00:00
KXNFLTD-26OCT04LARPHI,KXNFLTD,KXNFLTD-26OCT04LARPHI-LARDALLEN87-1,Davis Allen: 1+ touchdowns,0.0800,0.0900,0.0900,1568.11,1543.11,active,2026-10-06T17:00:00Z,2026-10-01T13:50:16+00:00
KXNFLTD-26OCT04LARPHI,KXNFLTD,KXNFLTD-26OCT04LARPHI-PHIJHURTS1-1,Jalen Hurts: 1+ touchdowns,0.3400,0.3500,0.3500,474.63,474.63,active,2026-10-06T17:00:00Z,2026-10-01T13:50:16+00:00
KXNFLTD-26OCT04LARPHI,KXNFLTD,KXNFLTD-26OCT04LARPHI-LARTHIGBEE89-1,Tyler Higbee: 1+ touchdowns,0.2000,0.2100,0.2200,1032.89,1004.89,active,2026-10-06T17:00:00Z,2026-10-01T13:50:16+00:00
KXNFLTD-26OCT04LARPHI,KXNFLTD,KXNFLTD-26OCT04LARPHI-PHITBIGSBY8-1,Tank Bigsby: 1+ touchdowns,0.0800,0.1000,0.1100,200.03,200.03,active,2026-10-06T17:00:00Z,2026-10-01T13:50:16+00:00
KXNFLTD-26OCT04LARPHI,KXNFLTD,KXNFLTD-26OCT04LARPHI-LARTATWELL8-1,Tutu Atwell: 1+ touchdowns,0.0500,0.0700,0.0000,0.00,0.00,active,2026-10-06T17:00:00Z,2026-10-01T13:50:16+00:00
KXNFLTD-26OCT04LARPHI,KXNFLTD,KXNFLTD-26OCT04LARPHI-LARDADAMS17-1,Davante Adams: 1+ touchdowns,0.4400,0.4500,0.4300,2348.84,2323.84,active,2026-10-06T17:00:00Z,2026-10-01T13:50:16+00:00
KXNFLTD-26OCT04LARPHI,KXNFLTD,KXNFLTD-26OCT04LARPHI-PHIDWICKS13-1,Dontayvion Wicks: 1+ touchdowns,0.1700,0.2100,0.0000,0.00,0.00,active,2026-10-06T17:00:00Z,2026-10-01T13:50:16+00:00
KXNFLTD-26OCT04LARPHI,KXNFLTD,KXNFLTD-26OCT04LARPHI-PHIZERTZ86-1,Zach Ertz: 1+ touchdowns,0.1200,0.1300,0.0000,0.00,0.00,active,2026-10-06T17:00:00Z,2026-10-01T13:50:16+00:00
KXNFLTD-26OCT04LARPHI,KXNFLTD,KXNFLTD-26OCT04LARPHI-PHIJMUNDT83-1,Johnny Mundt: 1+ touchdowns,0.0700,0.0800,0.1000,4.08,4.08,active,2026-10-06T17:00:00Z,2026-10-01T13:50:16+00:00
KXNFLTD-26OCT04LARPHI,KXNFLTD,KXNFLTD-26OCT04LARPHI-PHIJHURTS1-3,Jalen Hurts: 3+ touchdowns,0.0100,0.0300,0.0000,0.00,0.00,active,2026-10-06T17:00:00Z,2026-10-01T13:50:16+00:00
KXNFLTD-26OCT04LARPHI,KXNFLTD,KXNFLTD-26OCT04LARPHI-PHISBARKLEY26-2,Saquon Barkley: 2+ touchdowns,0.0800,0.1100,0.1100,71.00,71.00,active,2026-10-06T17:00:00Z,2026-10-01T13:50:16+00:00
KXNFLTD-26OCT04LARPHI,KXNFLTD,KXNFLTD-26OCT04LARPHI-PHIJMUNDT83-2,Johnny Mundt: 2+ touchdowns,0.0000,0.0200,0.0100,874.00,874.00,active,2026-10-06T17:00:00Z,2026-10-01T13:50:16+00:00
KXNFLTD-26OCT04LARPHI,KXNFLTD,KXNFLTD-26OCT04LARPHI-PHITBIGSBY8-2,Tank Bigsby: 2+ touchdowns,0.0000,0.0200,0.0100,909.00,909.00,active,2026-10-06T17:00:00Z,2026-10-01T13:50:16+00:00
KXNFLTD-26OCT04LARPHI,KXNFLTD,KXNFLTD-26OCT04LARPHI-LARDALLEN87-2,Davis Allen: 2+ touchdowns,0.0000,0.0200,0.0100,300.00,300.00,active,2026-10-06T17:00:00Z,2026-10-01T13:50:16+00:00
KXNFLTD-26OCT04LARPHI,KXNFLTD,KXNFLTD-26OCT04LARPHI-PHIZERTZ86-2,Zach Ertz: 2+ touchdowns,0.0100,0.0200,0.0000,0.00,0.00,active,2026-10-06T17:00:00Z,2026-10-01T13:50:16+00:00
KXNFLTD-26OCT04MIAMIN,KXNFLTD,KXNFLTD-26OCT04MIAMIN-MIAMWILLIS2-2,Malik Willis: 2+ touchdowns,0.0200,0.0300,0.0000,0.00,0.00,active,2026-10-06T20:05:00Z,2026-10-01T13:50:16+00:00
KXNFLTD-26OCT04MIAMIN,KXNFLTD,KXNFLTD-26OCT04MIAMIN-MIAGDULCICH85-2,Greg Dulcich: 2+ touchdowns,0.0100,0.0200,0.0000,0.00,0.00,active,2026-10-06T20:05:00Z,2026-10-01T13:50:16+00:00
KXNFLTD-26OCT04MIAMIN,KXNFLTD,KXNFLTD-26OCT04MIAMIN-MIAKCOLEMAN21-2,Kevin Coleman Jr.: 2+ touchdowns,0.0100,0.0200,0.0000,0.00,0.00,active,2026-10-06T20:05:00Z,2026-10-01T13:50:16+00:00
KXNFLTD-26OCT04MIAMIN,KXNFLTD,KXNFLTD-26OCT04MIAMIN-MINTHOCKENSON87-3,T.J. Hockenson: 3+ touchdowns,0.0100,0.0300,0.0000,0.00,0.00,active,2026-10-06T20:05:00Z,2026-10-01T13:50:16+00:00
KXNFLTD-26OCT04MIAMIN,KXNFLTD,KXNFLTD-26OCT04MIAMIN-MIAOGORDON0-2,Ollie Gordon II: 2+ touchdowns,0.0200,0.0400,0.0000,0.00,0.00,active,2026-10-06T20:05:00Z,2026-10-01T13:50:16+00:00
KXNFLTD-26OCT04MIAMIN,KXNFLTD,KXNFLTD-26OCT04MIAMIN-MINAJONES33-1,Aaron Jones Sr.: 1+ touchdowns,0.5800,0.5900,0.5600,2083.36,1542.74,active,2026-10-06T20:05:00Z,2026-10-01T13:50:16+00:00
KXNFLTD-26OCT04MIAMIN,KXNFLTD,KXNFLTD-26OCT04MIAMIN-MIAMWASHINGTON6-1,Malik Washington: 1+ touchdowns,0.1400,0.1700,0.0000,0.00,0.00,active,2026-10-06T20:05:00Z,2026-10-01T13:50:16+00:00
KXNFLTD-26OCT04MIAMIN,KXNFLTD,KXNFLTD-26OCT04MIAMIN-MINTHOCKENSON87-2,T.J. Hockenson: 2+ touchdowns,0.0400,0.0600,0.0000,0.00,0.00,active,2026-10-06T20:05:00Z,2026-10-01T13:50:16+00:00
KXNFLTD-26OCT04MIAMIN,KXNFLTD,KXNFLTD-26OCT04MIAMIN-MINDDALLAS31-1,DeeJay Dallas: 1+ touchdowns,0.0800,0.1100,0.0000,0.00,0.00,active,2026-10-06T20:05:00Z,2026-10-01T13:50:16+00:00
KXNFLTD-26OCT04MIAMIN,KXNFLTD,KXNFLTD-26OCT04MIAMIN-MIAMWILLIS2-1,Malik Willis: 1+ touchdowns,0.1400,0.1700,0.2000,118.37,118.37,active,2026-10-06T20:05:00Z,2026-10-01T13:50:16+00:00
KXNFLTD-26OCT04MIAMIN,KXNFLTD,KXNFLTD-26OCT04MIAMIN-MINTHOCKENSON87-1,T.J. Hockenson: 1+ touchdowns,0.3200,0.3300,0.3100,71.26,71.26,active,2026-10-06T20:05:00Z,2026-10-01T13:50:16+00:00
KXNFLTD-26OCT04MIAMIN,KXNFLTD,KXNFLTD-26OCT04MIAMIN-MIAMIADST-1,MIA Dolphins D/ST: 1+ touchdowns,0.0800,0.1300,0.0000,0.00,0.00,active,2026-10-06T20:05:00Z,2026-10-01T13:50:16+00:00
KXNFLTD-26OCT04MIAMIN,KXNFLTD,KXNFLTD-26OCT04MIAMIN-MINAJONES33-2,Aaron Jones Sr.: 2+ touchdowns,0.1700,0.2000,0.0000,0.00,0.00,active,2026-10-06T20:05:00Z,2026-10-01T13:50:16+00:00
KXNFLTD-26OCT04MIAMIN,KXNFLTD,KXNFLTD-26OCT04MIAMIN-MINJADDISON3-1,Jordan Addison: 1+ touchdowns,0.3800,0.4000,0.4100,134.13,134.13,active,2026-10-06T20:05:00Z,2026-10-01T13:50:16+00:00
KXNFLTD-26OCT04MIAMIN,KXNFLTD,KXNFLTD-26OCT04MIAMIN-MIAKCOLEMAN21-1,Kevin Coleman Jr.: 1+ touchdowns,0.0500,0.0700,0.0000,0.00,0.00,active,2026-10-06T20:05:00Z,2026-10-01T13:50:16+00:00
KXNFLTD-26OCT04MIAMIN,KXNFLTD,KXNFLTD-26OCT04MIAMIN-MINMPRICE4-1,Myles Price: 1+ touchdowns,0.0600,0.0900,0.0000,0.00,0.00,active,2026-10-06T20:05:00Z,2026-10-01T13:50:16+00:00
KXNFLTD-26OCT04MIAMIN,KXNFLTD,KXNFLTD-26OCT04MIAMIN-MINJADDISON3-2,Jordan Addison: 2+ touchdowns,0.0600,0.0900,0.0000,0.00,0.00,active,2026-10-06T20:05:00Z,2026-10-01T13:50:16+00:00
KXNFLTD-26OCT04MIAMIN,KXNFLTD,KXNFLTD-26OCT04MIAMIN-MIAMWASHINGTON6-2,Malik Washington: 2+ touchdowns,0.0100,0.0300,0.0200,60.00,60.00,active,2026-10-06T20:05:00Z,2026-10-01T13:50:16+00:00
KXNFLTD-26OCT04MIAMIN,KXNFLTD,KXNFLTD-26OCT04MIAMIN-MINGBARTHOLOMEW86-1,Gavin Bartholomew: 1+ touchdowns,0.0400,0.0800,0.0000,0.00,0.00,active,2026-10-06T20:05:00Z,2026-10-01T13:50:16+00:00
KXNFLTD-26OCT04MIAMIN,KXNFLTD,KXNFLTD-26OCT04MIAMIN-MINMINDST-1,MIN Vikings D/ST: 1+ touchdowns,0.1400,0.1700,0.1700,1084.62,1042.62,active,2026-10-06T20:05:00Z,2026-10-01T13:50:16+00:00
KXNFLTD-26OCT04MIAMIN,KXNFLTD,KXNFLTD-26OCT04MIAMIN-MIAWKACMAREK89-1,Will Kacmarek: 1+ touchdowns,0.0300,0.0600,0.0000,0.00,0.00,active,2026-10-06T20:05:00Z,2026-10-01T13:50:16+00:00
KXNFLTD-26OCT04MIAMIN,KXNFLTD,KXNFLTD-26OCT04MIAMIN-MINDCLAIBORNE21-1,Demond Claiborne: 1+ touchdowns,0.0600,0.0800,0.0000,0.00,0.00,active,2026-10-06T20:05:00Z,2026-10-01T13:50:16+00:00
KXNFLTD-26OCT04MIAMIN,KXNFLTD,KXNFLTD-26OCT04MIAMIN-MINDDALLAS31-2,DeeJay Dallas: 2+ touchdowns,0.0100,0.0200,0.0000,0.00,0.00,active,2026-10-06T20:05:00Z,2026-10-01T13:50:16+00:00
KXNFLTD-26OCT04MIAMIN,KXNFLTD,KXNFLTD-26OCT04MIAMIN-MINJJENNINGS14-2,Jauan Jennings: 2+ touchdowns,0.0100,0.0300,0.0300,10.12,10.12,active,2026-10-06T20:05:00Z,2026-10-01T13:50:16+00:00
KXNFLTD-26OCT04MIAMIN,KXNFLTD,KXNFLTD-26OCT04MIAMIN-MINJJENNINGS14-1,Jauan Jennings: 1+ touchdowns,0.1800,0.1900,0.1800,277.63,277.63,active,2026-10-06T20:05:00Z,2026-10-01T13:50:16+00:00
KXNFLTD-26OCT04MIAMIN,KXNFLTD,KXNFLTD-26OCT04MIAMIN-MIAOGORDON0-1,Ollie Gordon II: 1+ touchdowns,0.1900,0.2300,0.2300,6.35,6.35,active,2026-10-06T20:05:00Z,2026-10-01T13:50:16+00:00
KXNFLTD-26OCT04MIAMIN,KXNFLTD,KXNFLTD-26OCT04MIAMIN-MINAJONES33-3,Aaron Jones Sr.: 3+ touchdowns,0.0500,0.0600,0.0800,1.00,1.00,active,2026-10-06T20:05:00Z,2026-10-01T13:50:16+00:00
KXNFLTD-26OCT04MIAMIN,KXNFLTD,KXNFLTD-26OCT04MIAMIN-MINKMURRAY1-2,Kyler Murray: 2+ touchdowns,0.0200,0.0300,0.0300,780.33,780.33,active,2026-10-06T20:05:00Z,2026-10-01T13:50:16+00:00
KXNFLTD-26OCT04MIAMIN,KXNFLTD,KXNFLTD-26OCT04MIAMIN-MINTFELTON13-1,Tai Felton: 1+ touchdowns,0.0900,0.1100,0.1100,877.88,877.88,active,2026-10-06T20:05:00Z,2026-10-01T13:50:16+00:00
KXNFLTD-26OCT04MIAMIN,KXNFLTD,KXNFLTD-26OCT04MIAMIN-MINKMURRAY1-1,Kyler Murray: 1+ touchdowns,0.1800,0.2000,0.2100,202.44,201.44,active,2026-10-06T20:05:00Z,2026-10-01T13:50:16+00:00
KXNFLTD-26OCT04MIAMIN,KXNFLTD,KXNFLTD-26OCT04MIAMIN-MIAGDULCICH85-1,Greg Dulcich: 1+ touchdowns,0.1100,0.1200,0.1200,507.08,507.08,active,2026-10-06T20:05:00Z,2026-10-01T13:50:16+00:00
KXNFLTD-26OCT04MIAMIN,KXNFLTD,KXNFLTD-26OCT04MIAMIN-MINJADDISON3-3,Jordan Addison: 3+ touchdowns,0.0100,0.0300,0.0000,0.00,0.00,active,2026-10-06T20:05:00Z,2026-10-01T13:50:16+00:00
KXNFLTD-26OCT04MIAMIN,KXNFLTD,KXNFLTD-26OCT04MIAMIN-MINTFELTON13-2,Tai Felton: 2+ touchdowns,0.0000,0.0100,0.0100,300.00,300.00,active,2026-10-06T20:05:00Z,2026-10-01T13:50:16+00:00
KXNFLTD-26OCT04NEBUF,KXNFLTD,KXNFLTD-26OCT04NEBUF-NETHENDERSON32-1,TreVeyon Henderson: 1+ touchdowns,0.2900,0.3100,0.3100,43.73,43.73,active,2026-10-06T17:00:00Z,2026-10-01T13:50:16+00:00
KXNFLTD-26OCT04NEBUF,KXNFLTD,KXNFLTD-26OCT04NEBUF-NETHENDERSON32-3,TreVeyon Henderson: 3+ touchdowns,0.0000,0.0200,0.0100,600.00,600.00,active,2026-10-06T17:00:00Z,2026-10-01T13:50:16+00:00
KXNFLTD-26OCT04NEBUF,KXNFLTD,KXNFLTD-26OCT04NEBUF-NEHHENRY85-1,Hunter Henry: 1+ touchdowns,0.2200,0.2600,0.2600,32.49,32.49,active,2026-10-06T17:00:00Z,2026-10-01T13:50:16+00:00
KXNFLTD-26OCT04NEBUF,KXNFLTD,KXNFLTD-26OCT04NEBUF-NEDMAYE10-1,Drake Maye: 1+ touchdowns,0.1500,0.1600,0.1600,6328.01,6271.55,active,2026-10-06T17:00:00Z,2026-10-01T13:50:16+00:00
KXNFLTD-26OCT04NEBUF,KXNFLTD,KXNFLTD-26OCT04NEBUF-NEDDOUGLAS3-2,DeMario Douglas: 2+ touchdowns,0.0100,0.0300,0.0000,0.00,0.00,active,2026-10-06T17:00:00Z,2026-10-01T13:50:16+00:00
KXNFLTD-26OCT04NEBUF,KXNFLTD,KXNFLTD-26OCT04NEBUF-BUFKSHAKIR10-2,Khalil Shakir: 2+ touchdowns,0.0300,0.0500,0.0000,0.00,0.00,active,2026-10-06T17:00:00Z,2026-10-01T13:50:16+00:00
KXNFLTD-26OCT04NEBUF,KXNFLTD,KXNFLTD-26OCT04NEBUF-NEDMAYE10-2,Drake Maye: 2+ touchdowns,0.0100,0.0200,0.0200,1986.39,1986.39,active,2026-10-06T17:00:00Z,2026-10-01T13:50:16+00:00
KXNFLTD-26OCT04NEBUF,KXNFLTD,KXNFLTD-26OCT04NEBUF-NERSTEVENSON38-3,Rhamondre Stevenson: 3+ touchdowns,0.0100,0.0200,0.0000,0.00,0.00,active,2026-10-06T17:00:00Z,2026-10-01T13:50:16+00:00
KXNFLTD-26OCT04NEBUF,KXNFLTD,KXNFLTD-26OCT04NEBUF-BUFTJOHNSON26-2,Ty Johnson: 2+ touchdowns,0.0100,0.0200,0.0000,0.00,0.00,active,2026-10-06T17:00:00Z,2026-10-01T13:50:16+00:00
KXNFLTD-26OCT04NEBUF,KXNFLTD,KXNFLTD-26OCT04NEBUF-NEHHENRY85-2,Hunter Henry: 2+ touchdowns,0.0200,0.0400,0.0000,0.00,0.00,active,2026-10-06T17:00:00Z,2026-10-01T13:50:16+00:00
KXNFLTD-26OCT04NEBUF,KXNFLTD,KXNFLTD-26OCT04NEBUF-NERSTEVENSON38-1,Rhamondre Stevenson: 1+ touchdowns,0.3500,0.3600,0.3600,76.41,76.41,active,2026-10-06T17:00:00Z,2026-10-01T13:50:16+00:00
KXNFLTD-26OCT04NEBUF,KXNFLTD,KXNFLTD-26OCT04NEBUF-NEKWILLIAMS18-2,Kyle Williams: 2+ touchdowns,0.0000,0.0200,0.0100,300.00,300.00,active,2026-10-06T17:00:00Z,2026-10-01T13:50:16+00:00
KXNFLTD-26OCT04NEBUF,KXNFLTD,KXNFLTD-26OCT04NEBUF-NEECHISM86-1,Efton Chism III: 1+ touchdowns,0.0500,0.0600,0.0700,22.11,22.11,active,2026-10-06T17:00:00Z,2026-10-01T13:50:16+00:00
KXNFLTD-26OCT04NEBUF,KXNFLTD,KXNFLTD-26OCT04NEBUF-BUFSBELL13-1,Skyler Bell: 1+ touchdowns,0.0600,0.0800,0.0000,0.00,0.00,active,2026-10-06T17:00:00Z,2026-10-01T13:50:16+00:00
KXNFLTD-26OCT04NEBUF,KXNFLTD,KXNFLTD-26OCT04NEBUF-NERDOUBS87-2,Romeo Doubs: 2+ touchdowns,0.0200,0.0400,0.0000,0.00,0.00,active,2026-10-06T17:00:00Z,2026-10-01T13:50:16+00:00
KXNFLTD-26OCT04NEBUF,KXNFLTD,KXNFLTD-26OCT04NEBUF-BUFDKINCAID86-2,Dalton Kincaid: 2+ touchdowns,0.0500,0.0700,0.0500,1.04,1.04,active,2026-10-06T17:00:00Z,2026-10-01T13:50:16+00:00
KXNFLTD-26OCT04NEBUF,KXNFLTD,KXNFLTD-26OCT04NEBUF-BUFKCOLEMAN0-2,Keon Coleman: 2+ touchdowns,0.0100,0.0300,0.0000,0.00,0.00,active,2026-10-06T17:00:00Z,2026-10-01T13:50:16+00:00
KXNFLTD-26OCT04NEBUF,KXNFLTD,KXNFLTD-26OCT04NEBUF-NETHENDERSON32-2,TreVeyon Henderson: 2+ touchdowns,0.0300,0.0600,0.0000,0.00,0.00,active,2026-10-06T17:00:00Z,2026-10-01T13:50:16+00:00
KXNFLTD-26OCT04NEBUF,KXNFLTD,KXNFLTD-26OCT04NEBUF-BUFJPALMER5-2,Joshua Palmer: 2+ touchdowns,0.0100,0.0200,0.0200,24.75,24.75,active,2026-10-06T17:00:00Z,2026-10-01T13:50:16+00:00
KXNFLTD-26OCT04NEBUF,KXNFLTD,KXNFLTD-26OCT04NEBUF-BUFDKNOX88-2,Dawson Knox: 2+ touchdowns,0.0100,0.0200,0.0200,200.00,200.00,active,2026-10-06T17:00:00Z,2026-10-01T13:50:16+00:00
KXNFLTD-26OCT04NEBUF,KXNFLTD,KXNFLTD-26OCT04NEBUF-BUFJALLEN17-3,Josh Allen: 3+ touchdowns,0.0200,0.0400,0.0000,0.00,0.00,active,2026-10-06T17:00:00Z,2026-10-01T13:50:16+00:00
KXNFLTD-26OCT04NEBUF,KXNFLTD,KXNFLTD-26OCT04NEBUF-BUFJALLEN17-1,Josh Allen: 1+ touchdowns,0.5000,0.5100,0.5100,3512.04,3481.14,active,2026-10-06T17:00:00Z,2026-10-01T13:50:16+00:00
KXNFLTD-26OCT04NEBUF,KXNFLTD,KXNFLTD-26OCT04NEBUF-NEMHOLLINS13-2,Mack Hollins: 2+ touchdowns,0.0300,0.0400,0.0000,0.00,0.00,active,2026-10-06T17:00:00Z,2026-10-01T13:50:16+00:00
KXNFLTD-26OCT04NEBUF,KXNFLTD,KXNFLTD-26OCT04NEBUF-NEMHOLLINS13-1,Mack Hollins: 1+ touchdowns,0.2000,0.2300,0.2500,5.70,5.70,active,2026-10-06T17:00:00Z,2026-10-01T13:50:16+00:00
KXNFLTD-26OCT04NEBUF,KXNFLTD,KXNFLTD-26OCT04NEBUF-BUFDKINCAID86-3,Dalton Kincaid: 3+ touchdowns,0.0100,0.0200,0.0200,143.00,143.00,active,2026-10-06T17:00:00Z,2026-10-01T13:50:16+00:00
KXNFLTD-26OCT04NEBUF,KXNFLTD,KXNFLTD-26OCT04NEBUF-BUFJCOOK4-3,James Cook III: 3+ touchdowns,0.0200,0.0500,0.0000,0.00,0.00,active,2026-10-06T17:00:00Z,2026-10-01T13:50:16+00:00
KXNFLTD-26OCT04NEBUF,KXNFLTD,KXNFLTD-26OCT04NEBUF-NERDOUBS87-1,Romeo Doubs: 1+ touchdowns,0.2200,0.2400,0.2300,15.33,15.33,active,2026-10-06T17:00:00Z,2026-10-01T13:50:16+00:00
KXNFLTD-26OCT04NEBUF,KXNFLTD,KXNFLTD-26OCT04NEBUF-BUFTJOHNSON26-1,Ty Johnson: 1+ touchdowns,0.1300,0.1600,0.1600,147.57,147.57,active,2026-10-06T17:00:00Z,2026-10-01T13:50:16+00:00
KXNFLTD-26OCT04NEBUF,KXNFLTD,KXNFLTD-26OCT04NEBUF-BUFDKNOX88-1,Dawson Knox: 1+ touchdowns,0.1200,0.1400,0.1400,450.46,450.46,active,2026-10-06T17:00:00Z,2026-10-01T13:50:16+00:00
KXNFLTD-26OCT04NEBUF,KXNFLTD,KXNFLTD-26OCT04NEBUF-BUFKSHAKIR10-1,Khalil Shakir: 1+ touchdowns,0.2400,0.2600,0.2900,64.48,64.48,active,2026-10-06T17:00:00Z,2026-10-01T13:50:16+00:00
KXNFLTD-26OCT04NEBUF,KXNFLTD,KXNFLTD-26OCT04NEBUF-NENEDST-1,NE Patriots D/ST: 1+ touchdowns,0.0900,0.1200,0.1000,31.00,31.00,active,2026-10-06T17:00:00Z,2026-10-01T13:50:16+00:00
KXNFLTD-26OCT04NEBUF,KXNFLTD,KXNFLTD-26OCT04NEBUF-BUFJPALMER5-1,Joshua Palmer: 1+ touchdowns,0.1300,0.1400,0.1400,5049.08,5048.08,active,2026-10-06T17:00:00Z,2026-10-01T13:50:16+00:00
KXNFLTD-26OCT04NEBUF,KXNFLTD,KXNFLTD-26OCT04NEBUF-BUFDMOORE2-2,DJ Moore: 2+ touchdowns,0.0600,0.0800,0.0800,37.30,37.30,active,2026-10-06T17:00:00Z,2026-10-01T13:50:16+00:00
KXNFLTD-26OCT04NEBUF,KXNFLTD,KXNFLTD-26OCT04NEBUF-BUFJALLEN17-2,Josh Allen: 2+ touchdowns,0.1500,0.1700,0.1700,2225.89,2225.89,active,2026-10-06T17:00:00Z,2026-10-01T13:50:16+00:00
KXNFLTD-26OCT04NEBUF,KXNFLTD,KXNFLTD-26OCT04NEBUF-BUFDKINCAID86-1,Dalton Kincaid: 1+ touchdowns,0.3500,0.3600,0.3600,83.71,83.71,active,2026-10-06T17:00:00Z,2026-10-01T13:50:16+00:00
KXNFLTD-26OCT04NEBUF,KXNFLTD,KXNFLTD-26OCT04NEBUF-NEKWILLIAMS18-1,Kyle Williams: 1+ touchdowns,0.1000,0.1100,0.1100,128.36,128.36,active,2026-10-06T17:00:00Z,2026-10-01T13:50:16+00:00
KXNFLTD-26OCT04NEBUF,KXNFLTD,KXNFLTD-26OCT04NEBUF-BUFDMOORE2-1,DJ Moore: 1+ touchdowns,0.3500,0.3700,0.3700,168.51,168.51,active,2026-10-06T17:00:00Z,2026-10-01T13:50:16+00:00
KXNFLTD-26OCT04NEBUF,KXNFLTD,KXNFLTD-26OCT04NEBUF-BUFBUFDST-1,BUF Bills D/ST: 1+ touchdowns,0.1000,0.1500,0.1600,118.05,118.05,active,2026-10-06T17:00:00Z,2026-10-01T13:50:16+00:00
KXNFLTD-26OCT04NEBUF,KXNFLTD,KXNFLTD-26OCT04NEBUF-BUFJHAWES85-1,Jackson Hawes: 1+ touchdowns,0.0600,0.0800,0.0600,42.23,42.23,active,2026-10-06T17:00:00Z,2026-10-01T13:50:16+00:00
KXNFLTD-26OCT04NEBUF,KXNFLTD,KXNFLTD-26OCT04NEBUF-NEDDOUGLAS3-1,DeMario Douglas: 1+ touchdowns,0.1500,0.1800,0.1600,14.28,14.28,active,2026-10-06T17:00:00Z,2026-10-01T13:50:16+00:00
KXNFLTD-26OCT04NEBUF,KXNFLTD,KXNFLTD-26OCT04NEBUF-NERSTEVENSON38-2,Rhamondre Stevenson: 2+ touchdowns,0.0500,0.0800,0.0000,0.00,0.00,active,2026-10-06T17:00:00Z,2026-10-01T13:50:16+00:00
KXNFLTD-26OCT04NEBUF,KXNFLTD,KXNFLTD-26OCT04NEBUF-BUFJCOOK4-2,James Cook III: 2+ touchdowns,0.1600,0.1700,0.1700,550.34,550.34,active,2026-10-06T17:00:00Z,2026-10-01T13:50:16+00:00
KXNFLTD-26OCT04NEBUF,KXNFLTD,KXNFLTD-26OCT04NEBUF-BUFKCOLEMAN0-1,Keon Coleman: 1+ touchdowns,0.1800,0.1900,0.1900,156.58,156.58,active,2026-10-06T17:00:00Z,2026-10-01T13:50:16+00:00
KXNFLTD-26OCT04NEBUF,KXNFLTD,KXNFLTD-26OCT04NEBUF-BUFJCOOK4-1,James Cook III: 1+ touchdowns,0.5200,0.5400,0.5400,6551.69,6362.54,active,2026-10-06T17:00:00Z,2026-10-01T13:50:16+00:00
KXNFLTD-26OCT04NYJCHI,KXNFLTD,KXNFLTD-26OCT04NYJCHI-CHIKMONANGAI25-3,Kyle Monangai: 3+ touchdowns,0.0100,0.0200,0.0000,0.00,0.00,active,2026-10-06T17:00:00Z,2026-10-01T13:50:16+00:00
KXNFLTD-26OCT04NYJCHI,KXNFLTD,KXNFLTD-26OCT04NYJCHI-CHILBURDEN10-3,Luther Burden III: 3+ touchdowns,0.0000,0.0200,0.0100,600.00,600.00,active,2026-10-06T17:00:00Z,2026-10-01T13:50:16+00:00
KXNFLTD-26OCT04NYJCHI,KXNFLTD,KXNFLTD-26OCT04NYJCHI-NYJJRUCKERT89-2,Jeremy Ruckert: 2+ touchdowns,0.0000,0.0200,0.0100,300.00,300.00,active,2026-10-06T17:00:00Z,2026-10-01T13:50:16+00:00
KXNFLTD-26OCT04NYJCHI,KXNFLTD,KXNFLTD-26OCT04NYJCHI-CHITBAGENT17-2,Tyson Bagent: 2+ touchdowns,0.0100,0.0200,0.0000,0.00,0.00,active,2026-10-06T17:00:00Z,2026-10-01T13:50:16+00:00
KXNFLTD-26OCT04NYJCHI,KXNFLTD,KXNFLTD-26OCT04NYJCHI-CHILBURDEN10-2,Luther Burden III: 2+ touchdowns,0.0300,0.0600,0.0500,18.75,18.75,active,2026-10-06T17:00:00Z,2026-10-01T13:50:16+00:00
KXNFLTD-26OCT04NYJCHI,KXNFLTD,KXNFLTD-26OCT04NYJCHI-NYJJPRITCHETT81-1,Jamaal Pritchett: 1+ touchdowns,0.0600,0.0800,0.0000,0.00,0.00,active,2026-10-06T17:00:00Z,2026-10-01T13:50:16+00:00
KXNFLTD-26OCT04NYJCHI,KXNFLTD,KXNFLTD-26OCT04NYJCHI-NYJMMCCLAIN84-1,Malik McClain: 1+ touchdowns,0.0600,0.0800,0.0000,0.00,0.00,active,2026-10-06T17:00:00Z,2026-10-01T13:50:16+00:00
KXNFLTD-26OCT04NYJCHI,KXNFLTD,KXNFLTD-26OCT04NYJCHI-CHIDSWIFT4-3,D'Andre Swift: 3+ touchdowns,0.0200,0.0500,0.0000,0.00,0.00,active,2026-10-06T17:00:00Z,2026-10-01T13:50:16+00:00
KXNFLTD-26OCT04NYJCHI,KXNFLTD,KXNFLTD-26OCT04NYJCHI-CHIDSWIFT4-2,D'Andre Swift: 2+ touchdowns,0.1200,0.1600,0.0000,0.00,0.00,active,2026-10-06T17:00:00Z,2026-10-01T13:50:16+00:00
KXNFLTD-26OCT04NYJCHI,KXNFLTD,KXNFLTD-26OCT04NYJCHI-CHIKMONANGAI25-1,Kyle Monangai: 1+ touchdowns,0.2700,0.3200,0.0000,0.00,0.00,active,2026-10-06T17:00:00Z,2026-10-01T13:50:16+00:00
KXNFLTD-26OCT04NYJCHI,KXNFLTD,KXNFLTD-26OCT04NYJCHI-CHICKMET85-2,Cole Kmet: 2+ touchdowns,0.0100,0.0200,0.0000,0.00,0.00,active,2026-10-06T17:00:00Z,2026-10-01T13:50:16+00:00
KXNFLTD-26OCT04NYJCHI,KXNFLTD,KXNFLTD-26OCT04NYJCHI-NYJIWILLIAMS18-2,Isaiah Williams: 2+ touchdowns,0.0100,0.0200,0.0000,0.00,0.00,active,2026-10-06T17:00:00Z,2026-10-01T13:50:16+00:00
KXNFLTD-26OCT04NYJCHI,KXNFLTD,KXNFLTD-26OCT04NYJCHI-NYJNYJDST-1,NY Jets D/ST: 1+ touchdowns,0.0800,0.1300,0.0000,0.00,0.00,active,2026-10-06T17:00:00Z,2026-10-01T13:50:16+00:00
KXNFLTD-26OCT04NYJCHI,KXNFLTD,KXNFLTD-26OCT04NYJCHI-CHICKMET85-1,Cole Kmet: 1+ touchdowns,0.1000,0.1300,0.0000,0.00,0.00,active,2026-10-06T17:00:00Z,2026-10-01T13:50:16+00:00
KXNFLTD-26OCT04NYJCHI,KXNFLTD,KXNFLTD-26OCT04NYJCHI-CHIKMONANGAI25-2,Kyle Monangai: 2+ touchdowns,0.0300,0.0700,0.0000,0.00,0.00,active,2026-10-06T17:00:00Z,2026-10-01T13:50:16+00:00
KXNFLTD-26OCT04NYJCHI,KXNFLTD,KXNFLTD-26OCT04NYJCHI-NYJIDAVIS32-2,Isaiah Davis: 2+ touchdowns,0.0100,0.0400,0.0000,0.00,0.00,active,2026-10-06T17:00:00Z,2026-10-01T13:50:16+00:00
KXNFLTD-26OCT04NYJCHI,KXNFLTD,KXNFLTD-26OCT04NYJCHI-NYJGWILSON5-3,Garrett Wilson: 3+ touchdowns,0.0100,0.0200,0.0000,0.00,0.00,active,2026-10-06T17:00:00Z,2026-10-01T13:50:16+00:00
KXNFLTD-26OCT04NYJCHI,KXNFLTD,KXNFLTD-26OCT04NYJCHI-CHIRODUNZE15-2,Rome Odunze: 2+ touchdowns,0.0200,0.0300,0.0000,0.00,0.00,active,2026-10-06T17:00:00Z,2026-10-01T13:50:16+00:00
KXNFLTD-26OCT04NYJCHI,KXNFLTD,KXNFLTD-26OCT04NYJCHI-CHIKRAYMOND14-2,Kalif Raymond: 2+ touchdowns,0.0200,0.0300,0.0000,0.00,0.00,active,2026-10-06T17:00:00Z,2026-10-01T13:50:16+00:00
KXNFLTD-26OCT04NYJCHI,KXNFLTD,KXNFLTD-26OCT04NYJCHI-NYJBALLEN0-1,Braelon Allen: 1+ touchdowns,0.3900,0.4300,0.0000,0.00,0.00,active,2026-10-06T17:00:00Z,2026-10-01T13:50:16+00:00
KXNFLTD-26OCT04NYJCHI,KXNFLTD,KXNFLTD-26OCT04NYJCHI-NYJIDAVIS32-1,Isaiah Davis: 1+ touchdowns,0.1800,0.2400,0.0000,0.00,0.00,active,2026-10-06T17:00:00Z,2026-10-01T13:50:16+00:00
KXNFLTD-26OCT04NYJCHI,KXNFLTD,KXNFLTD-26OCT04NYJCHI-CHITBAGENT17-1,Tyson Bagent: 1+ touchdowns,0.1300,0.1600,0.0000,0.00,0.00,active,2026-10-06T17:00:00Z,2026-10-01T13:50:16+00:00
KXNFLTD-26OCT04NYJCHI,KXNFLTD,KXNFLTD-26OCT04NYJCHI-CHILBURDEN10-1,Luther Burden III: 1+ touchdowns,0.2600,0.3100,0.0000,0.00,0.00,active,2026-10-06T17:00:00Z,2026-10-01T13:50:16+00:00
KXNFLTD-26OCT04NYJCHI,KXNFLTD,KXNFLTD-26OCT04NYJCHI-NYJGWILSON5-1,Garrett Wilson: 1+ touchdowns,0.3500,0.3700,0.3700,160.56,144.41,active,2026-10-06T17:00:00Z,2026-10-01T13:50:16+00:00
KXNFLTD-26OCT04NYJCHI,KXNFLTD,KXNFLTD-26OCT04NYJCHI-CHIDSWIFT4-1,D'Andre Swift: 1+ touchdowns,0.5000,0.5300,0.5300,45.07,45.07,active,2026-10-06T17:00:00Z,2026-10-01T13:50:16+00:00
KXNFLTD-26OCT04NYJCHI,KXNFLTD,KXNFLTD-26OCT04NYJCHI-CHICLOVELAND84-1,Colston Loveland: 1+ touchdowns,0.2600,0.2700,0.2700,329.51,329.51,active,2026-10-06T17:00:00Z,2026-10-01T13:50:16+00:00
KXNFLTD-26OCT04NYJCHI,KXNFLTD,KXNFLTD-26OCT04NYJCHI-NYJIWILLIAMS18-1,Isaiah Williams: 1+ touchdowns,0.1500,0.1900,0.0000,0.00,0.00,active,2026-10-06T17:00:00Z,2026-10-01T13:50:16+00:00
KXNFLTD-26OCT04NYJCHI,KXNFLTD,KXNFLTD-26OCT04NYJCHI-CHIKRAYMOND14-1,Kalif Raymond: 1+ touchdowns,0.1700,0.2100,0.0000,0.00,0.00,active,2026-10-06T17:00:00Z,2026-10-01T13:50:16+00:00
KXNFLTD-26OCT04NYJCHI,KXNFLTD,KXNFLTD-26OCT04NYJCHI-NYJBALLEN0-2,Braelon Allen: 2+ touchdowns,0.0800,0.1100,0.0000,0.00,0.00,active,2026-10-06T17:00:00Z,2026-10-01T13:50:16+00:00
KXNFLTD-26OCT04NYJCHI,KXNFLTD,KXNFLTD-26OCT04NYJCHI-NYJGWILSON5-2,Garrett Wilson: 2+ touchdowns,0.0500,0.0800,0.0000,0.00,0.00,active,2026-10-06T17:00:00Z,2026-10-01T13:50:16+00:00
KXNFLTD-26OCT04NYJCHI,KXNFLTD,KXNFLTD-26OCT04NYJCHI-CHIRODUNZE15-1,Rome Odunze: 1+ touchdowns,0.1800,0.2200,0.0000,0.00,0.00,active,2026-10-06T17:00:00Z,2026-10-01T13:50:16+00:00
KXNFLTD-26OCT04NYJCHI,KXNFLTD,KXNFLTD-26OCT04NYJCHI-NYJJRUCKERT89-1,Jeremy Ruckert: 1+ touchdowns,0.0800,0.1100,0.0000,0.00,0.00,active,2026-10-06T17:00:00Z,2026-10-01T13:50:16+00:00
KXNFLTD-26OCT04NYJCHI,KXNFLTD,KXNFLTD-26OCT04NYJCHI-NYJGSMITH7-1,Geno Smith: 1+ touchdowns,0.0900,0.1000,0.0000,0.00,0.00,active,2026-10-06T17:00:00Z,2026-10-01T13:50:16+00:00
KXNFLTD-26OCT04NYJCHI,KXNFLTD,KXNFLTD-26OCT04NYJCHI-NYJBALLEN0-3,Braelon Allen: 3+ touchdowns,0.0100,0.0300,0.0000,0.00,0.00,active,2026-10-06T17:00:00Z,2026-10-01T13:50:16+00:00
KXNFLTD-26OCT04NYJCHI,KXNFLTD,KXNFLTD-26OCT04NYJCHI-CHICHIDST-1,CHI Bears D/ST: 1+ touchdowns,0.1200,0.1500,0.1400,148.79,135.79,active,2026-10-06T17:00:00Z,2026-10-01T13:50:16+00:00
KXNFLTD-26OCT04NYJCHI,KXNFLTD,KXNFLTD-26OCT04NYJCHI-CHICLOVELAND84-2,Colston Loveland: 2+ touchdowns,0.0200,0.0500,0.0200,3.00,3.00,active,2026-10-06T17:00:00Z,2026-10-01T13:50:16+00:00
KXNFLTD-26OCT04TENBAL,KXNFLTD,KXNFLTD-26OCT04TENBAL-BALLJACKSON8-1,Lamar Jackson: 1+ touchdowns,0.2800,0.2900,0.2800,2888.28,2594.03,active,2026-10-06T17:00:00Z,2026-10-01T13:50:16+00:00
KXNFLTD-26OCT04TENBAL,KXNFLTD,KXNFLTD-26OCT04TENBAL-BALBALDST-1,BAL Ravens D/ST: 1+ touchdowns,0.1400,0.1500,0.1400,1238.81,1017.21,active,2026-10-06T17:00:00Z,2026-10-01T13:50:16+00:00
KXNFLTD-26OCT04TENBAL,KXNFLTD,KXNFLTD-26OCT04TENBAL-TENEAYOMANOR5-1,Elic Ayomanor: 1+ touchdowns,0.1100,0.1200,0.0000,0.00,0.00,active,2026-10-06T17:00:00Z,2026-10-01T13:50:16+00:00
KXNFLTD-26OCT04TENBAL,KXNFLTD,KXNFLTD-26OCT04TENBAL-BALCMOORE17-2,Chris Moore: 2+ touchdowns,0.0100,0.0200,0.0000,0.00,0.00,active,2026-10-06T17:00:00Z,2026-10-01T13:50:16+00:00
KXNFLTD-26OCT04TENBAL,KXNFLTD,KXNFLTD-26OCT04TENBAL-BALMANDREWS89-2,Mark Andrews: 2+ touchdowns,0.0500,0.0800,0.0000,0.00,0.00,active,2026-10-06T17:00:00Z,2026-10-01T13:50:16+00:00
KXNFLTD-26OCT04TENBAL,KXNFLTD,KXNFLTD-26OCT04TENBAL-BALDSMYTHE80-1,Durham Smythe: 1+ touchdowns,0.0700,0.0900,0.0000,0.00,0.00,active,2026-10-06T17:00:00Z,2026-10-01T13:50:16+00:00
KXNFLTD-26OCT04TENBAL,KXNFLTD,KXNFLTD-26OCT04TENBAL-BALJHILL43-1,Justice Hill: 1+ touchdowns,0.1300,0.1500,0.1600,118.00,118.00,active,2026-10-06T17:00:00Z,2026-10-01T13:50:16+00:00
KXNFLTD-26OCT04TENBAL,KXNFLTD,KXNFLTD-26OCT04TENBAL-TENTPOLLARD20-2,Tony Pollard: 2+ touchdowns,0.0400,0.0700,0.0000,0.00,0.00,active,2026-10-06T17:00:00Z,2026-10-01T13:50:16+00:00
KXNFLTD-26OCT04TENBAL,KXNFLTD,KXNFLTD-26OCT04TENBAL-TENNSINGLETON32-1,Nicholas Singleton: 1+ touchdowns,0.0900,0.1000,0.0700,61.00,61.00,active,2026-10-06T17:00:00Z,2026-10-01T13:50:16+00:00
KXNFLTD-26OCT04TENBAL,KXNFLTD,KXNFLTD-26OCT04TENBAL-TENGHELM84-1,Gunnar Helm: 1+ touchdowns,0.1200,0.1500,0.0000,0.00,0.00,active,2026-10-06T17:00:00Z,2026-10-01T13:50:16+00:00
KXNFLTD-26OCT04TENBAL,KXNFLTD,KXNFLTD-26OCT04TENBAL-BALCMOORE17-1,Chris Moore: 1+ touchdowns,0.0800,0.1100,0.0000,0.00,0.00,active,2026-10-06T17:00:00Z,2026-10-01T13:50:16+00:00
KXNFLTD-26OCT04TENBAL,KXNFLTD,KXNFLTD-26OCT04TENBAL-BALJHILL43-2,Justice Hill: 2+ touchdowns,0.0100,0.0300,0.0000,0.00,0.00,active,2026-10-06T17:00:00Z,2026-10-01T13:50:16+00:00
KXNFLTD-26OCT04TENBAL,KXNFLTD,KXNFLTD-26OCT04TENBAL-TENCRIDLEY0-1,Calvin Ridley: 1+ touchdowns,0.0500,0.0700,0.0000,0.00,0.00,active,2026-10-06T17:00:00Z,2026-10-01T13:50:16+00:00
KXNFLTD-26OCT04TENBAL,KXNFLTD,KXNFLTD-26OCT04TENBAL-BALRBATEMAN7-2,Rashod Bateman: 2+ touchdowns,0.0200,0.0500,0.0000,0.00,0.00,active,2026-10-06T17:00:00Z,2026-10-01T13:50:16+00:00
KXNFLTD-26OCT04TENBAL,KXNFLTD,KXNFLTD-26OCT04TENBAL-BALDWALKER81-2,Devontez Walker: 2+ touchdowns,0.0100,0.0200,0.0000,0.00,0.00,active,2026-10-06T17:00:00Z,2026-10-01T13:50:16+00:00
KXNFLTD-26OCT04TENBAL,KXNFLTD,KXNFLTD-26OCT04TENBAL-BALMANDREWS89-3,Mark Andrews: 3+ touchdowns,0.0100,0.0300,0.0300,29.00,29.00,active,2026-10-06T17:00:00Z,2026-10-01T13:50:16+00:00
KXNFLTD-26OCT04TENBAL,KXNFLTD,KXNFLTD-26OCT04TENBAL-TENGHELM84-2,Gunnar Helm: 2+ touchdowns,0.0100,0.0200,0.0000,0.00,0.00,active,2026-10-06T17:00:00Z,2026-10-01T13:50:16+00:00
KXNFLTD-26OCT04TENBAL,KXNFLTD,KXNFLTD-26OCT04TENBAL-TENEAYOMANOR5-2,Elic Ayomanor: 2+ touchdowns,0.0100,0.0200,0.0000,0.00,0.00,active,2026-10-06T17:00:00Z,2026-10-01T13:50:16+00:00
KXNFLTD-26OCT04TENBAL,KXNFLTD,KXNFLTD-26OCT04TENBAL-BALRBATEMAN7-3,Rashod Bateman: 3+ touchdowns,0.0100,0.0200,0.0000,0.00,0.00,active,2026-10-06T17:00:00Z,2026-10-01T13:50:16+00:00
KXNFLTD-26OCT04TENBAL,KXNFLTD,KXNFLTD-26OCT04TENBAL-TENTSPEARS2-2,Tyjae Spears: 2+ touchdowns,0.0100,0.0200,0.0000,0.00,0.00,active,2026-10-06T17:00:00Z,2026-10-01T13:50:16+00:00
KXNFLTD-26OCT04TENBAL,KXNFLTD,KXNFLTD-26OCT04TENBAL-TENTENDST-1,TEN Titans D/ST: 1+ touchdowns,0.1000,0.1400,0.1400,54.02,54.02,active,2026-10-06T17:00:00Z,2026-10-01T13:50:16+00:00
KXNFLTD-26OCT04TENBAL,KXNFLTD,KXNFLTD-26OCT04TENBAL-BALZFLOWERS4-2,Zay Flowers: 2+ touchdowns,0.0600,0.0900,0.1000,1003.15,1003.15,active,2026-10-06T17:00:00Z,2026-10-01T13:50:16+00:00
KXNFLTD-26OCT04TENBAL,KXNFLTD,KXNFLTD-26OCT04TENBAL-TENCTATE14-2,Carnell Tate: 2+ touchdowns,0.0200,0.0300,0.0000,0.00,0.00,active,2026-10-06T17:00:00Z,2026-10-01T13:50:16+00:00
KXNFLTD-26OCT04TENBAL,KXNFLTD,KXNFLTD-26OCT04TENBAL-BALZFLOWERS4-1,Zay Flowers: 1+ touchdowns,0.3800,0.3900,0.3900,3074.99,2355.29,active,2026-10-06T17:00:00Z,2026-10-01T13:50:16+00:00
KXNFLTD-26OCT04TENBAL,KXNFLTD,KXNFLTD-26OCT04TENBAL-TENTPOLLARD20-1,Tony Pollard: 1+ touchdowns,0.2700,0.3000,0.3600,62.36,62.36,active,2026-10-06T17:00:00Z,2026-10-01T13:50:16+00:00
KXNFLTD-26OCT04TENBAL,KXNFLTD,KXNFLTD-26OCT04TENBAL-BALESARRATT13-1,Elijah Sarratt: 1+ touchdowns,0.0600,0.0700,0.0000,0.00,0.00,active,2026-10-06T17:00:00Z,2026-10-01T13:50:16+00:00
KXNFLTD-26OCT04TENBAL,KXNFLTD,KXNFLTD-26OCT04TENBAL-TENWROBINSON4-2,Wan'Dale Robinson: 2+ touchdowns,0.0100,0.0300,0.0000,0.00,0.00,active,2026-10-06T17:00:00Z,2026-10-01T13:50:16+00:00
KXNFLTD-26OCT04TENBAL,KXNFLTD,KXNFLTD-26OCT04TENBAL-BALDHENRY22-1,Derrick Henry: 1+ touchdowns,0.6600,0.6700,0.6700,7212.42,7134.36,active,2026-10-06T17:00:00Z,2026-10-01T13:50:16+00:00
KXNFLTD-26OCT04TENBAL,KXNFLTD,KXNFLTD-26OCT04TENBAL-BALDHENRY22-3,Derrick Henry: 3+ touchdowns,0.0600,0.0800,0.0900,646.02,646.02,active,2026-10-06T17:00:00Z,2026-10-01T13:50:16+00:00
KXNFLTD-26OCT04TENBAL,KXNFLTD,KXNFLTD-26OCT04TENBAL-BALRBATEMAN7-1,Rashod Bateman: 1+ touchdowns,0.2300,0.2500,0.2500,5.93,5.93,active,2026-10-06T17:00:00Z,2026-10-01T13:50:16+00:00
KXNFLTD-26OCT04TENBAL,KXNFLTD,KXNFLTD-26OCT04TENBAL-BALLJACKSON8-2,Lamar Jackson: 2+ touchdowns,0.0300,0.0500,0.0500,706.55,706.55,active,2026-10-06T17:00:00Z,2026-10-01T13:50:16+00:00
KXNFLTD-26OCT04TENBAL,KXNFLTD,KXNFLTD-26OCT04TENBAL-BALDWALKER81-1,Devontez Walker: 1+ touchdowns,0.0800,0.1000,0.0800,1384.10,1384.10,active,2026-10-06T17:00:00Z,2026-10-01T13:50:16+00:00
KXNFLTD-26OCT04TENBAL,KXNFLTD,KXNFLTD-26OCT04TENBAL-TENCWARD1-1,Cam Ward: 1+ touchdowns,0.1100,0.1300,0.1400,781.24,781.24,active,2026-10-06T17:00:00Z,2026-10-01T13:50:16+00:00
KXNFLTD-26OCT04TENBAL,KXNFLTD,KXNFLTD-26OCT04TENBAL-TENCTATE14-1,Carnell Tate: 1+ touchdowns,0.1900,0.2100,0.2100,135.83,135.83,active,2026-10-06T17:00:00Z,2026-10-01T13:50:16+00:00
KXNFLTD-26OCT04TENBAL,KXNFLTD,KXNFLTD-26OCT04TENBAL-TENJCHESTNUT36-1,Julius Chestnut: 1+ touchdowns,0.0200,0.0500,0.0400,451.91,451.91,active,2026-10-06T17:00:00Z,2026-10-01T13:50:16+00:00
KXNFLTD-26OCT04TENBAL,KXNFLTD,KXNFLTD-26OCT04TENBAL-TENCDIKE17-1,Chimere Dike: 1+ touchdowns,0.0500,0.0700,0.0700,49.89,49.89,active,2026-10-06T17:00:00Z,2026-10-01T13:50:16+00:00
KXNFLTD-26OCT04TENBAL,KXNFLTD,KXNFLTD-26OCT04TENBAL-TENWROBINSON4-1,Wan'Dale Robinson: 1+ touchdowns,0.1300,0.1500,0.1600,59.02,59.02,active,2026-10-06T17:00:00Z,2026-10-01T13:50:16+00:00
KXNFLTD-26OCT04TENBAL,KXNFLTD,KXNFLTD-26OCT04TENBAL-BALMANDREWS89-1,Mark Andrews: 1+ touchdowns,0.3300,0.3600,0.3600,147.63,147.63,active,2026-10-06T17:00:00Z,2026-10-01T13:50:16+00:00
KXNFLTD-26OCT04TENBAL,KXNFLTD,KXNFLTD-26OCT04TENBAL-TENTSPEARS2-1,Tyjae Spears: 1+ touchdowns,0.1200,0.1300,0.1400,80.00,80.00,active,2026-10-06T17:00:00Z,2026-10-01T13:50:16+00:00
KXNFLTD-26OCT04TENBAL,KXNFLTD,KXNFLTD-26OCT04TENBAL-BALMHIBNER88-1,Matt Hibner: 1+ touchdowns,0.0600,0.0700,0.0700,3037.68,2970.62,active,2026-10-06T17:00:00Z,2026-10-01T13:50:16+00:00
KXNFLTD-26OCT04TENBAL,KXNFLTD,KXNFLTD-26OCT04TENBAL-BALDHENRY22-2,Derrick Henry: 2+ touchdowns,0.2500,0.2600,0.2600,3793.78,3767.78,active,2026-10-06T17:00:00Z,2026-10-01T13:50:16+00:00
KXNFLTD-26OCT04TENBAL,KXNFLTD,KXNFLTD-26OCT04TENBAL-TENCWARD1-2,Cam Ward: 2+ touchdowns,0.0100,0.0200,0.0200,972.35,972.35,active,2026-10-06T17:00:00Z,2026-10-01T13:50:16+00:00
KXNFLTD-26OCT05ATLNO,KXNFLTD,KXNFLTD-26OCT05ATLNO-ATLJDOTSON4-2,Jahan Dotson: 2+ touchdowns,0.0100,0.0200,0.0000,0.00,0.00,active,2026-10-08T00:15:00Z,2026-10-01T13:50:16+00:00
KXNFLTD-26OCT05ATLNO,KXNFLTD,KXNFLTD-26OCT05ATLNO-NOBLANCE18-2,Bryce Lance: 2+ touchdowns,0.0100,0.0200,0.0000,0.00,0.00,active,2026-10-08T00:15:00Z,2026-10-01T13:50:16+00:00
KXNFLTD-26OCT05ATLNO,KXNFLTD,KXNFLTD-26OCT05ATLNO-NOKMILLER5-2,Kendre Miller: 2+ touchdowns,0.0200,0.0300,0.0000,0.00,0.00,active,2026-10-08T00:15:00Z,2026-10-01T13:50:16+00:00
KXNFLTD-26OCT05ATLNO,KXNFLTD,KXNFLTD-26OCT05ATLNO-ATLAHOOPER81-2,Austin Hooper: 2+ touchdowns,0.0100,0.0200,0.0000,0.00,0.00,active,2026-10-08T00:15:00Z,2026-10-01T13:50:16+00:00
KXNFLTD-26OCT05ATLNO,KXNFLTD,KXNFLTD-26OCT05ATLNO-ATLMPENIX9-2,Michael Penix Jr.: 2+ touchdowns,0.0000,0.0100,0.0100,300.00,300.00,active,2026-10-08T00:15:00Z,2026-10-01T13:50:16+00:00
KXNFLTD-26OCT05ATLNO,KXNFLTD,KXNFLTD-26OCT05ATLNO-ATLOZACCHEAUS14-2,Olamide Zaccheaus: 2+ touchdowns,0.0100,0.0200,0.0000,0.00,0.00,active,2026-10-08T00:15:00Z,2026-10-01T13:50:16+00:00
KXNFLTD-26OCT05ATLNO,KXNFLTD,KXNFLTD-26OCT05ATLNO-ATLZBRANCH17-1,Zachariah Branch: 1+ touchdowns,0.0700,0.0800,0.0800,58.71,58.71,active,2026-10-08T00:15:00Z,2026-10-01T13:50:16+00:00
KXNFLTD-26OCT05ATLNO,KXNFLTD,KXNFLTD-26OCT05ATLNO-NONFANT87-2,Noah Fant: 2+ touchdowns,0.0100,0.0300,0.0000,0.00,0.00,active,2026-10-08T00:15:00Z,2026-10-01T13:50:16+00:00
KXNFLTD-26OCT05ATLNO,KXNFLTD,KXNFLTD-26OCT05ATLNO-NOKMILLER5-1,Kendre Miller: 1+ touchdowns,0.2200,0.2300,0.2100,1700.00,1700.00,active,2026-10-08T00:15:00Z,2026-10-01T13:50:16+00:00
KXNFLTD-26OCT05ATLNO,KXNFLTD,KXNFLTD-26OCT05ATLNO-NOJJOHNSON83-2,Juwan Johnson: 2+ touchdowns,0.0300,0.0600,0.0000,0.00,0.00,active,2026-10-08T00:15:00Z,2026-10-01T13:50:16+00:00
KXNFLTD-26OCT05ATLNO,KXNFLTD,KXNFLTD-26OCT05ATLNO-NOJJOHNSON83-1,Juwan Johnson: 1+ touchdowns,0.2500,0.2800,0.2900,80.61,80.61,active,2026-10-08T00:15:00Z,2026-10-01T13:50:16+00:00
KXNFLTD-26OCT05ATLNO,KXNFLTD,KXNFLTD-26OCT05ATLNO-ATLBROBINSON15-2,Brian Robinson: 2+ touchdowns,0.0200,0.0400,0.0400,117.12,117.12,active,2026-10-08T00:15:00Z,2026-10-01T13:50:16+00:00
KXNFLTD-26OCT05ATLNO,KXNFLTD,KXNFLTD-26OCT05ATLNO-NODVELE14-1,Devaughn Vele: 1+ touchdowns,0.2600,0.3000,0.0000,0.00,0.00,active,2026-10-08T00:15:00Z,2026-10-01T13:50:16+00:00
KXNFLTD-26OCT05ATLNO,KXNFLTD,KXNFLTD-26OCT05ATLNO-ATLBROBINSON7-2,Bijan Robinson: 2+ touchdowns,0.2400,0.2800,0.2800,181.45,181.45,active,2026-10-08T00:15:00Z,2026-10-01T13:50:16+00:00
KXNFLTD-26OCT05ATLNO,KXNFLTD,KXNFLTD-26OCT05ATLNO-ATLDLONDON5-2,Drake London: 2+ touchdowns,0.0600,0.0800,0.0000,0.00,0.00,active,2026-10-08T00:15:00Z,2026-10-01T13:50:16+00:00
KXNFLTD-26OCT05ATLNO,KXNFLTD,KXNFLTD-26OCT05ATLNO-ATLKPITTS8-2,Kyle Pitts Sr.: 2+ touchdowns,0.0100,0.0300,0.0000,0.00,0.00,active,2026-10-08T00:15:00Z,2026-10-01T13:50:16+00:00
KXNFLTD-26OCT05ATLNO,KXNFLTD,KXNFLTD-26OCT05ATLNO-NODVELE14-2,Devaughn Vele: 2+ touchdowns,0.0300,0.0600,0.0000,0.00,0.00,active,2026-10-08T00:15:00Z,2026-10-01T13:50:16+00:00
KXNFLTD-26OCT05ATLNO,KXNFLTD,KXNFLTD-26OCT05ATLNO-NOTSHOUGH6-2,Tyler Shough: 2+ touchdowns,0.0200,0.0400,0.0400,1171.28,1171.28,active,2026-10-08T00:15:00Z,2026-10-01T13:50:16+00:00
KXNFLTD-26OCT05ATLNO,KXNFLTD,KXNFLTD-26OCT05ATLNO-NOBLANCE18-1,Bryce Lance: 1+ touchdowns,0.1300,0.1600,0.0000,0.00,0.00,active,2026-10-08T00:15:00Z,2026-10-01T13:50:16+00:00
KXNFLTD-26OCT05ATLNO,KXNFLTD,KXNFLTD-26OCT05ATLNO-ATLOZACCHEAUS14-1,Olamide Zaccheaus: 1+ touchdowns,0.0900,0.1100,0.0000,0.00,0.00,active,2026-10-08T00:15:00Z,2026-10-01T13:50:16+00:00
KXNFLTD-26OCT05ATLNO,KXNFLTD,KXNFLTD-26OCT05ATLNO-ATLKPITTS8-1,Kyle Pitts Sr.: 1+ touchdowns,0.1500,0.1800,0.1800,183.81,183.81,active,2026-10-08T00:15:00Z,2026-10-01T13:50:16+00:00
KXNFLTD-26OCT05ATLNO,KXNFLTD,KXNFLTD-26OCT05ATLNO-NOCOLAVE12-1,Chris Olave: 1+ touchdowns,0.4000,0.4400,0.0000,0.00,0.00,active,2026-10-08T00:15:00Z,2026-10-01T13:50:16+00:00
KXNFLTD-26OCT05ATLNO,KXNFLTD,KXNFLTD-26OCT05ATLNO-ATLDLONDON5-1,Drake London: 1+ touchdowns,0.3600,0.3900,0.4000,42.78,42.78,active,2026-10-08T00:15:00Z,2026-10-01T13:50:16+00:00
KXNFLTD-26OCT05ATLNO,KXNFLTD,KXNFLTD-26OCT05ATLNO-ATLBROBINSON15-1,Brian Robinson: 1+ touchdowns,0.1900,0.2200,0.2300,41.25,41.25,active,2026-10-08T00:15:00Z,2026-10-01T13:50:16+00:00
KXNFLTD-26OCT05ATLNO,KXNFLTD,KXNFLTD-26OCT05ATLNO-NONFANT87-1,Noah Fant: 1+ touchdowns,0.1300,0.1600,0.0000,0.00,0.00,active,2026-10-08T00:15:00Z,2026-10-01T13:50:16+00:00
KXNFLTD-26OCT05ATLNO,KXNFLTD,KXNFLTD-26OCT05ATLNO-NOTSHOUGH6-1,Tyler Shough: 1+ touchdowns,0.2000,0.2300,0.0000,0.00,0.00,active,2026-10-08T00:15:00Z,2026-10-01T13:50:16+00:00
KXNFLTD-26OCT05ATLNO,KXNFLTD,KXNFLTD-26OCT05ATLNO-NOAKAMARA41-1,Alvin Kamara: 1+ touchdowns,0.3900,0.4400,0.4000,0.40,0.40,active,2026-10-08T00:15:00Z,2026-10-01T13:50:16+00:00
KXNFLTD-26OCT05ATLNO,KXNFLTD,KXNFLTD-26OCT05ATLNO-ATLMPENIX9-1,Michael Penix Jr.: 1+ touchdowns,0.0700,0.1000,0.0000,0.00,0.00,active,2026-10-08T00:15:00Z,2026-10-01T13:50:16+00:00
KXNFLTD-26OCT05ATLNO,KXNFLTD,KXNFLTD-26OCT05ATLNO-NOCOLAVE12-2,Chris Olave: 2+ touchdowns,0.0700,0.1100,0.0000,0.00,0.00,active,2026-10-08T00:15:00Z,2026-10-01T13:50:16+00:00
KXNFLTD-26OCT05ATLNO,KXNFLTD,KXNFLTD-26OCT05ATLNO-NOAKAMARA41-2,Alvin Kamara: 2+ touchdowns,0.0700,0.1100,0.0000,0.00,0.00,active,2026-10-08T00:15:00Z,2026-10-01T13:50:16+00:00
KXNFLTD-26OCT05ATLNO,KXNFLTD,KXNFLTD-26OCT05ATLNO-ATLBROBINSON7-1,Bijan Robinson: 1+ touchdowns,0.6300,0.6500,0.6500,315.00,315.00,active,2026-10-08T00:15:00Z,2026-10-01T13:50:16+00:00
KXNFLTD-26OCT05ATLNO,KXNFLTD,KXNFLTD-26OCT05ATLNO-ATLJDOTSON4-1,Jahan Dotson: 1+ touchdowns,0.1300,0.1700,0.0000,0.00,0.00,active,2026-10-08T00:15:00Z,2026-10-01T13:50:16+00:00
KXNFLTD-26OCT05ATLNO,KXNFLTD,KXNFLTD-26OCT05ATLNO-NOCDONALDSON43-1,CJ Donaldson: 1+ touchdowns,0.0800,0.1000,0.0000,0.00,0.00,active,2026-10-08T00:15:00Z,2026-10-01T13:50:16+00:00
KXNFLTD-26OCT05ATLNO,KXNFLTD,KXNFLTD-26OCT05ATLNO-ATLAHOOPER81-1,Austin Hooper: 1+ touchdowns,0.0900,0.1100,0.0000,0.00,0.00,active,2026-10-08T00:15:00Z,2026-10-01T13:50:16+00:00
KXNFLTD-26OCT05ATLNO,KXNFLTD,KXNFLTD-26OCT05ATLNO-NONODST-1,NO Saints D/ST: 1+ touchdowns,0.0900,0.1500,0.0000,0.00,0.00,active,2026-10-08T00:15:00Z,2026-10-01T13:50:16+00:00
KXNFLTD-26OCT05ATLNO,KXNFLTD,KXNFLTD-26OCT05ATLNO-ATLATLDST-1,ATL Falcons D/ST: 1+ touchdowns,0.0900,0.1500,0.0000,0.00,0.00,active,2026-10-08T00:15:00Z,2026-10-01T13:50:16+00:00
KXNFLRRYDS-26OCT01PITCLE,KXNFLRRYDS,KXNFLRRYDS-26OCT01PITCLE-CLERSANDERS23-20,Raheim Sanders: 20+ rushing and receiving yards combined,0.5100,0.5200,0.5200,718.15,717.22,active,2026-10-04T00:15:00Z,2026-10-01T13:50:16+00:00
KXNFLRRYDS-26OCT01PITCLE,KXNFLRRYDS,KXNFLRRYDS-26OCT01PITCLE-CLEQJUDKINS10-70,Quinshon Judkins: 70+ rushing and receiving yards combined,0.5200,0.5400,0.5400,2592.21,2510.96,active,2026-10-04T00:15:00Z,2026-10-01T13:50:16+00:00
KXNFLRRYDS-26OCT01PITCLE,KXNFLRRYDS,KXNFLRRYDS-26OCT01PITCLE-PITJWARREN30-140,Jaylen Warren: 140+ rushing and receiving yards combined,0.2200,0.2400,0.2200,1834.70,1832.70,active,2026-10-04T00:15:00Z,2026-10-01T13:50:16+00:00
KXNFLRRYDS-26OCT01PITCLE,KXNFLRRYDS,KXNFLRRYDS-26OCT01PITCLE-PITJWARREN30-90,Jaylen Warren: 90+ rushing and receiving yards combined,0.6600,0.6700,0.6700,15505.42,14361.97,active,2026-10-04T00:15:00Z,2026-10-01T13:50:16+00:00
KXNFLRRYDS-26OCT01PITCLE,KXNFLRRYDS,KXNFLRRYDS-26OCT01PITCLE-CLERSANDERS23-70,Raheim Sanders: 70+ rushing and receiving yards combined,0.0400,0.0600,0.0500,3064.07,3064.06,active,2026-10-04T00:15:00Z,2026-10-01T13:50:16+00:00
KXNFLRRYDS-26OCT01PITCLE,KXNFLRRYDS,KXNFLRRYDS-26OCT01PITCLE-PITJWARREN30-115,Jaylen Warren: 115+ rushing and receiving yards combined,0.4100,0.4200,0.4000,2802.60,2492.39,active,2026-10-04T00:15:00Z,2026-10-01T13:50:16+00:00
KXNFLRRYDS-26OCT01PITCLE,KXNFLRRYDS,KXNFLRRYDS-26OCT01PITCLE-CLEQJUDKINS10-95,Quinshon Judkins: 95+ rushing and receiving yards combined,0.2700,0.2900,0.2900,442.74,442.74,active,2026-10-04T00:15:00Z,2026-10-01T13:50:16+00:00
KXNFLRRYDS-26OCT01PITCLE,KXNFLRRYDS,KXNFLRRYDS-26OCT01PITCLE-CLEQJUDKINS10-120,Quinshon Judkins: 120+ rushing and receiving yards combined,0.1100,0.1300,0.1000,1103.26,1103.26,active,2026-10-04T00:15:00Z,2026-10-01T13:50:16+00:00
KXNFLRRYDS-26OCT01PITCLE,KXNFLRRYDS,KXNFLRRYDS-26OCT01PITCLE-CLERSANDERS23-45,Raheim Sanders: 45+ rushing and receiving yards combined,0.1900,0.2000,0.2100,767.48,757.48,active,2026-10-04T00:15:00Z,2026-10-01T13:50:16+00:00
KXNFLGAME-26OCT01PITCLE,KXNFLGAME,KXNFLGAME-26OCT01PITCLE-CLE,Cleveland wins,0.4200,0.4300,0.4300,538714.94,503237.35,active,2026-10-04T00:15:00Z,2026-10-01T13:50:16+00:00
KXNFLGAME-26OCT01PITCLE,KXNFLGAME,KXNFLGAME-26OCT01PITCLE-PIT,Pittsburgh wins,0.5700,0.5800,0.5800,612055.56,507423.14,active,2026-10-04T00:15:00Z,2026-10-01T13:50:16+00:00
KXNFLGAME-26OCT04ARINYG,KXNFLGAME,KXNFLGAME-26OCT04ARINYG-NYG,New York G wins,0.4300,0.4400,0.4400,51555.88,46180.96,active,2026-10-06T17:00:00Z,2026-10-01T13:50:16+00:00
KXNFLGAME-26OCT04ARINYG,KXNFLGAME,KXNFLGAME-26OCT04ARINYG-ARI,Arizona wins,0.5600,0.5700,0.5700,79676.27,72673.97,active,2026-10-06T17:00:00Z,2026-10-01T13:50:16+00:00
KXNFLGAME-26OCT04DALHOU,KXNFLGAME,KXNFLGAME-26OCT04DALHOU-HOU,Houston wins,0.5900,0.6000,0.6000,58076.35,44436.01,active,2026-10-06T17:00:00Z,2026-10-01T13:50:16+00:00
KXNFLGAME-26OCT04DALHOU,KXNFLGAME,KXNFLGAME-26OCT04DALHOU-DAL,Dallas wins,0.4000,0.4100,0.4100,317621.09,273868.48,active,2026-10-06T17:00:00Z,2026-10-01T13:50:16+00:00
KXNFLGAME-26OCT04DENSF,KXNFLGAME,KXNFLGAME-26OCT04DENSF-SF,San Francisco wins,0.5700,0.5800,0.5800,163692.31,144292.70,active,2026-10-06T20:25:00Z,2026-10-01T13:50:16+00:00
KXNFLGAME-26OCT04DENSF,KXNFLGAME,KXNFLGAME-26OCT04DENSF-DEN,Denver wins,0.4200,0.4400,0.4200,108928.70,86165.86,active,2026-10-06T20:25:00Z,2026-10-01T13:50:16+00:00
KXNFLGAME-26OCT04DETCAR,KXNFLGAME,KXNFLGAME-26OCT04DETCAR-DET,Detroit wins,0.6400,0.6500,0.6400,33169.38,30792.45,active,2026-10-07T00:20:00Z,2026-10-01T13:50:16+00:00
KXNFLGAME-26OCT04DETCAR,KXNFLGAME,KXNFLGAME-26OCT04DETCAR-CAR,Carolina wins,0.3500,0.3600,0.3600,29515.97,24504.98,active,2026-10-07T00:20:00Z,2026-10-01T13:50:16+00:00
KXNFLGAME-26OCT04GBTB,KXNFLGAME,KXNFLGAME-26OCT04GBTB-TB,Tampa Bay wins,0.3700,0.3800,0.3800,95573.76,73935.25,active,2026-10-06T17:00:00Z,2026-10-01T13:50:16+00:00
KXNFLGAME-26OCT04GBTB,KXNFLGAME,KXNFLGAME-26OCT04GBTB-GB,Green Bay wins,0.6200,0.6300,0.6300,120399.35,101469.26,active,2026-10-06T17:00:00Z,2026-10-01T13:50:16+00:00
KXNFLGAME-26OCT04INDWAS,KXNFLGAME,KXNFLGAME-26OCT04INDWAS-IND,Indianapolis wins,0.6300,0.6400,0.6300,40300.26,31937.57,active,2026-10-06T13:30:00Z,2026-10-01T13:50:16+00:00
KXNFLGAME-26OCT04INDWAS,KXNFLGAME,KXNFLGAME-26OCT04INDWAS-WAS,Washington wins,0.3600,0.3700,0.3700,82559.08,69844.38,active,2026-10-06T13:30:00Z,2026-10-01T13:50:16+00:00
KXNFLGAME-26OCT04JACCIN,KXNFLGAME,KXNFLGAME-26OCT04JACCIN-CIN,Cincinnati wins,0.5700,0.5800,0.5800,38679.74,35300.92,active,2026-10-06T17:00:00Z,2026-10-01T13:50:16+00:00
KXNFLGAME-26OCT04JACCIN,KXNFLGAME,KXNFLGAME-26OCT04JACCIN-JAC,Jacksonville wins,0.4200,0.4300,0.4300,68589.66,62508.71,active,2026-10-06T17:00:00Z,2026-10-01T13:50:16+00:00
KXNFLGAME-26OCT04KCLV,KXNFLGAME,KXNFLGAME-26OCT04KCLV-KC,Kansas City wins,0.6400,0.6600,0.6400,348828.09,251796.79,active,2026-10-06T20:25:00Z,2026-10-01T13:50:16+00:00
KXNFLGAME-26OCT04KCLV,KXNFLGAME,KXNFLGAME-26OCT04KCLV-LV,Las Vegas wins,0.3400,0.3600,0.3600,812032.98,682542.45,active,2026-10-06T20:25:00Z,2026-10-01T13:50:16+00:00
KXNFLGAME-26OCT04LACSEA,KXNFLGAME,KXNFLGAME-26OCT04LACSEA-LAC,Los Angeles C wins,0.2500,0.2600,0.2600,59755.82,56087.09,active,2026-10-06T20:25:00Z,2026-10-01T13:50:16+00:00
KXNFLGAME-26OCT04LACSEA,KXNFLGAME,KXNFLGAME-26OCT04LACSEA-SEA,Seattle wins,0.7500,0.7600,0.7500,36796.97,32228.29,active,2026-10-06T20:25:00Z,2026-10-01T13:50:16+00:00
KXNFLGAME-26OCT04LARPHI,KXNFLGAME,KXNFLGAME-26OCT04LARPHI-PHI,Philadelphia wins,0.3800,0.3900,0.3900,105720.98,71390.40,active,2026-10-06T17:00:00Z,2026-10-01T13:50:16+00:00
KXNFLGAME-26OCT04LARPHI,KXNFLGAME,KXNFLGAME-26OCT04LARPHI-LAR,Los Angeles R wins,0.6000,0.6100,0.6000,100511.77,84209.16,active,2026-10-06T17:00:00Z,2026-10-01T13:50:16+00:00
KXNFLGAME-26OCT04MIAMIN,KXNFLGAME,KXNFLGAME-26OCT04MIAMIN-MIN,Minnesota wins,0.8300,0.8400,0.8300,73629.31,63105.76,active,2026-10-06T20:05:00Z,2026-10-01T13:50:16+00:00
KXNFLGAME-26OCT04MIAMIN,KXNFLGAME,KXNFLGAME-26OCT04MIAMIN-MIA,Miami wins,0.1600,0.1700,0.1700,106119.13,96280.46,active,2026-10-06T20:05:00Z,2026-10-01T13:50:16+00:00
KXNFLGAME-26OCT04NEBUF,KXNFLGAME,KXNFLGAME-26OCT04NEBUF-NE,New England wins,0.2600,0.2700,0.2700,79642.06,55843.26,active,2026-10-06T17:00:00Z,2026-10-01T13:50:16+00:00
KXNFLGAME-26OCT04NEBUF,KXNFLGAME,KXNFLGAME-26OCT04NEBUF-BUF,Buffalo wins,0.7300,0.7400,0.7300,96599.72,82688.75,active,2026-10-06T17:00:00Z,2026-10-01T13:50:16+00:00
KXNFLGAME-26OCT04NYJCHI,KXNFLGAME,KXNFLGAME-26OCT04NYJCHI-NYJ,New York J wins,0.3800,0.3900,0.3900,28323.15,23283.62,active,2026-10-06T17:00:00Z,2026-10-01T13:50:16+00:00
KXNFLGAME-26OCT04NYJCHI,KXNFLGAME,KXNFLGAME-26OCT04NYJCHI-CHI,Chicago wins,0.6200,0.6300,0.6300,50372.40,44651.37,active,2026-10-06T17:00:00Z,2026-10-01T13:50:16+00:00
KXNFLGAME-26OCT04TENBAL,KXNFLGAME,KXNFLGAME-26OCT04TENBAL-TEN,Tennessee wins,0.1400,0.1500,0.1500,170062.24,143427.89,active,2026-10-06T17:00:00Z,2026-10-01T13:50:16+00:00
KXNFLGAME-26OCT04TENBAL,KXNFLGAME,KXNFLGAME-26OCT04TENBAL-BAL,Baltimore wins,0.8500,0.8600,0.8500,129474.04,97489.47,active,2026-10-06T17:00:00Z,2026-10-01T13:50:16+00:00
KXNFLGAME-26OCT05ATLNO,KXNFLGAME,KXNFLGAME-26OCT05ATLNO-ATL,Atlanta wins,0.4400,0.4500,0.4500,91638.22,75986.28,active,2026-10-08T00:15:00Z,2026-10-01T13:50:16+00:00
KXNFLGAME-26OCT05ATLNO,KXNFLGAME,KXNFLGAME-26OCT05ATLNO-NO,New Orleans wins,0.5500,0.5600,0.5600,46482.38,43133.09,active,2026-10-08T00:15:00Z,2026-10-01T13:50:16+00:00
KXNFLGAME-26OCT08TBDAL,KXNFLGAME,KXNFLGAME-26OCT08TBDAL-DAL,Dallas wins,0.8200,0.8300,0.8100,5416.22,4620.16,active,2026-10-11T00:15:00Z,2026-10-01T13:50:16+00:00
KXNFLGAME-26OCT08TBDAL,KXNFLGAME,KXNFLGAME-26OCT08TBDAL-TB,Tampa Bay wins,0.1700,0.1800,0.1900,11019.49,8624.83,active,2026-10-11T00:15:00Z,2026-10-01T13:50:16+00:00
KXNFLGAME-26OCT11BALATL,KXNFLGAME,KXNFLGAME-26OCT11BALATL-BAL,Baltimore wins,0.7200,0.7400,0.7400,10745.28,10607.63,active,2026-10-14T00:20:00Z,2026-10-01T13:50:16+00:00
KXNFLGAME-26OCT11BALATL,KXNFLGAME,KXNFLGAME-26OCT11BALATL-ATL,Atlanta wins,0.2600,0.2700,0.2800,14494.77,13075.43,active,2026-10-14T00:20:00Z,2026-10-01T13:50:16+00:00
KXNFLGAME-26OCT11CHIGB,KXNFLGAME,KXNFLGAME-26OCT11CHIGB-GB,Green Bay wins,0.5500,0.5600,0.5500,2177.96,1865.32,active,2026-10-13T20:25:00Z,2026-10-01T13:50:16+00:00
KXNFLGAME-26OCT11CHIGB,KXNFLGAME,KXNFLGAME-26OCT11CHIGB-CHI,Chicago wins,0.4400,0.4500,0.4500,9225.71,7759.40,active,2026-10-13T20:25:00Z,2026-10-01T13:50:16+00:00
KXNFLGAME-26OCT11CINMIA,KXNFLGAME,KXNFLGAME-26OCT11CINMIA-CIN,Cincinnati wins,0.8200,0.8300,0.8200,3934.94,3728.80,active,2026-10-13T17:00:00Z,2026-10-01T13:50:16+00:00
KXNFLGAME-26OCT11CINMIA,KXNFLGAME,KXNFLGAME-26OCT11CINMIA-MIA,Miami wins,0.1700,0.1800,0.1800,2295.77,1438.05,active,2026-10-13T17:00:00Z,2026-10-01T13:50:16+00:00
KXNFLGAME-26OCT11CLENYJ,KXNFLGAME,KXNFLGAME-26OCT11CLENYJ-NYJ,New York J wins,0.5500,0.5700,0.5800,2766.31,2766.31,active,2026-10-13T17:00:00Z,2026-10-01T13:50:16+00:00
KXNFLGAME-26OCT11CLENYJ,KXNFLGAME,KXNFLGAME-26OCT11CLENYJ-CLE,Cleveland wins,0.4300,0.4500,0.4500,589.49,589.49,active,2026-10-13T17:00:00Z,2026-10-01T13:50:16+00:00
KXNFLGAME-26OCT11DENLAC,KXNFLGAME,KXNFLGAME-26OCT11DENLAC-DEN,Denver wins,0.5300,0.5500,0.5900,1069.12,1055.10,active,2026-10-13T20:05:00Z,2026-10-01T13:50:16+00:00
KXNFLGAME-26OCT11DENLAC,KXNFLGAME,KXNFLGAME-26OCT11DENLAC-LAC,Los Angeles C wins,0.4600,0.4700,0.4700,687.73,571.43,active,2026-10-13T20:05:00Z,2026-10-01T13:50:16+00:00
KXNFLGAME-26OCT11DETARI,KXNFLGAME,KXNFLGAME-26OCT11DETARI-DET,Detroit wins,0.6800,0.7000,0.7000,4362.01,2136.14,active,2026-10-13T20:25:00Z,2026-10-01T13:50:16+00:00
KXNFLGAME-26OCT11DETARI,KXNFLGAME,KXNFLGAME-26OCT11DETARI-ARI,Arizona wins,0.3000,0.3300,0.3400,2879.54,2704.68,active,2026-10-13T20:25:00Z,2026-10-01T13:50:16+00:00
KXNFLGAME-26OCT11HOUTEN,KXNFLGAME,KXNFLGAME-26OCT11HOUTEN-TEN,Tennessee wins,0.2400,0.2600,0.2600,10622.96,10457.84,active,2026-10-13T17:00:00Z,2026-10-01T13:50:16+00:00
KXNFLGAME-26OCT11HOUTEN,KXNFLGAME,KXNFLGAME-26OCT11HOUTEN-HOU,Houston wins,0.7500,0.7600,0.7500,11657.34,10881.42,active,2026-10-13T17:00:00Z,2026-10-01T13:50:16+00:00
KXNFLGAME-26OCT11INDPIT,KXNFLGAME,KXNFLGAME-26OCT11INDPIT-IND,Indianapolis wins,0.4300,0.4400,0.4400,216.42,212.58,active,2026-10-13T17:00:00Z,2026-10-01T13:50:16+00:00
KXNFLGAME-26OCT11INDPIT,KXNFLGAME,KXNFLGAME-26OCT11INDPIT-PIT,Pittsburgh wins,0.5600,0.5700,0.5700,1013.75,944.61,active,2026-10-13T17:00:00Z,2026-10-01T13:50:16+00:00
KXNFLGAME-26OCT11LVNE,KXNFLGAME,KXNFLGAME-26OCT11LVNE-NE,New England wins,0.6200,0.6300,0.6200,1971.03,1389.50,active,2026-10-13T17:00:00Z,2026-10-01T13:50:16+00:00
KXNFLGAME-26OCT11LVNE,KXNFLGAME,KXNFLGAME-26OCT11LVNE-LV,Las Vegas wins,0.3700,0.3800,0.3800,16191.48,14411.79,active,2026-10-13T17:00:00Z,2026-10-01T13:50:16+00:00
KXNFLGAME-26OCT11MINNO,KXNFLGAME,KXNFLGAME-26OCT11MINNO-NO,New Orleans wins,0.4500,0.4700,0.4900,425.51,425.51,active,2026-10-13T17:00:00Z,2026-10-01T13:50:16+00:00
KXNFLGAME-26OCT11MINNO,KXNFLGAME,KXNFLGAME-26OCT11MINNO-MIN,Minnesota wins,0.5300,0.5400,0.5400,3486.68,3411.10,active,2026-10-13T17:00:00Z,2026-10-01T13:50:16+00:00
KXNFLGAME-26OCT11NYGWAS,KXNFLGAME,KXNFLGAME-26OCT11NYGWAS-NYG,New York G wins,0.4200,0.4500,0.4500,610.12,494.78,active,2026-10-13T17:00:00Z,2026-10-01T13:50:16+00:00
KXNFLGAME-26OCT11NYGWAS,KXNFLGAME,KXNFLGAME-26OCT11NYGWAS-WAS,Washington wins,0.5500,0.5800,0.5800,381.51,381.51,active,2026-10-13T17:00:00Z,2026-10-01T13:50:16+00:00
KXNFLGAME-26OCT11PHIJAC,KXNFLGAME,KXNFLGAME-26OCT11PHIJAC-JAC,Jacksonville wins,0.5600,0.5800,0.6000,1384.09,1312.30,active,2026-10-13T13:30:00Z,2026-10-01T13:50:16+00:00
KXNFLGAME-26OCT11PHIJAC,KXNFLGAME,KXNFLGAME-26OCT11PHIJAC-PHI,Philadelphia wins,0.4200,0.4400,0.4400,1771.73,1357.57,active,2026-10-13T13:30:00Z,2026-10-01T13:50:16+00:00
KXNFLGAME-26OCT11SFSEA,KXNFLGAME,KXNFLGAME-26OCT11SFSEA-SEA,Seattle wins,0.6300,0.6400,0.6400,34527.08,31077.35,active,2026-10-13T20:25:00Z,2026-10-01T13:50:16+00:00
KXNFLGAME-26OCT11SFSEA,KXNFLGAME,KXNFLGAME-26OCT11SFSEA-SF,San Francisco wins,0.3600,0.3700,0.3700,35256.01,25824.76,active,2026-10-13T20:25:00Z,2026-10-01T13:50:16+00:00
KXNFLGAME-26OCT12BUFLAR,KXNFLGAME,KXNFLGAME-26OCT12BUFLAR-LAR,Los Angeles R wins,0.5400,0.5600,0.5600,506.65,435.39,active,2026-10-15T00:15:00Z,2026-10-01T13:50:16+00:00
KXNFLGAME-26OCT12BUFLAR,KXNFLGAME,KXNFLGAME-26OCT12BUFLAR-BUF,Buffalo wins,0.4500,0.4600,0.4600,4071.06,3626.84,active,2026-10-15T00:15:00Z,2026-10-01T13:50:16+00:00
KXNFLSPREAD-26OCT01PITCLE,KXNFLSPREAD,KXNFLSPREAD-26OCT01PITCLE-PIT17,PIT Steelers wins by over 16.5 points?,0.1300,0.1400,0.1400,2246.61,2216.15,active,2026-10-04T00:15:00Z,2026-10-01T13:50:16+00:00
KXNFLSPREAD-26OCT01PITCLE,KXNFLSPREAD,KXNFLSPREAD-26OCT01PITCLE-CLE11,CLE Browns wins by over 10.5 points?,0.1200,0.1300,0.1200,3533.38,3504.02,active,2026-10-04T00:15:00Z,2026-10-01T13:50:16+00:00
KXNFLSPREAD-26OCT01PITCLE,KXNFLSPREAD,KXNFLSPREAD-26OCT01PITCLE-PIT14,PIT Steelers wins by over 13.5 points?,0.1800,0.1900,0.1900,4597.36,4430.09,active,2026-10-04T00:15:00Z,2026-10-01T13:50:16+00:00
KXNFLSPREAD-26OCT01PITCLE,KXNFLSPREAD,KXNFLSPREAD-26OCT01PITCLE-PIT18,PIT Steelers wins by over 17.5 points?,0.1000,0.1200,0.1100,499.99,392.75,active,2026-10-04T00:15:00Z,2026-10-01T13:50:16+00:00
KXNFLSPREAD-26OCT01PITCLE,KXNFLSPREAD,KXNFLSPREAD-26OCT01PITCLE-PIT21,PIT Steelers wins by over 20.5 points?,0.0800,0.0900,0.0800,5542.37,5458.39,active,2026-10-04T00:15:00Z,2026-10-01T13:50:16+00:00
KXNFLSPREAD-26OCT01PITCLE,KXNFLSPREAD,KXNFLSPREAD-26OCT01PITCLE-CLE8,CLE Browns wins by over 7.5 points?,0.1700,0.1800,0.1700,4799.37,4675.43,active,2026-10-04T00:15:00Z,2026-10-01T13:50:16+00:00
KXNFLSPREAD-26OCT01PITCLE,KXNFLSPREAD,KXNFLSPREAD-26OCT01PITCLE-PIT15,PIT Steelers wins by over 14.5 points?,0.1500,0.1600,0.1500,7870.88,4861.82,active,2026-10-04T00:15:00Z,2026-10-01T13:50:16+00:00
KXNFLSPREAD-26OCT01PITCLE,KXNFLSPREAD,KXNFLSPREAD-26OCT01PITCLE-PIT2,PIT Steelers wins by over 1.5 points?,0.5500,0.5600,0.5600,9628.42,9396.86,active,2026-10-04T00:15:00Z,2026-10-01T13:50:16+00:00
KXNFLSPREAD-26OCT01PITCLE,KXNFLSPREAD,KXNFLSPREAD-26OCT01PITCLE-PIT10,PIT Steelers wins by over 9.5 points?,0.2500,0.2600,0.2600,9363.82,9166.47,active,2026-10-04T00:15:00Z,2026-10-01T13:50:16+00:00
KXNFLSPREAD-26OCT01PITCLE,KXNFLSPREAD,KXNFLSPREAD-26OCT01PITCLE-CLE3,CLE Browns wins by over 2.5 points?,0.3600,0.3700,0.3700,11125.82,9825.79,active,2026-10-04T00:15:00Z,2026-10-01T13:50:16+00:00
KXNFLSPREAD-26OCT01PITCLE,KXNFLSPREAD,KXNFLSPREAD-26OCT01PITCLE-PIT11,PIT Steelers wins by over 10.5 points?,0.2200,0.2300,0.2300,4634.77,4517.62,active,2026-10-04T00:15:00Z,2026-10-01T13:50:16+00:00
KXNFLSPREAD-26OCT01PITCLE,KXNFLSPREAD,KXNFLSPREAD-26OCT01PITCLE-CLE14,CLE Browns wins by over 13.5 points?,0.1000,0.1100,0.1100,541.29,541.29,active,2026-10-04T00:15:00Z,2026-10-01T13:50:16+00:00
KXNFLSPREAD-26OCT01PITCLE,KXNFLSPREAD,KXNFLSPREAD-26OCT01PITCLE-CLE5,CLE Browns wins by over 4.5 points?,0.2600,0.2700,0.2700,13873.45,13636.98,active,2026-10-04T00:15:00Z,2026-10-01T13:50:16+00:00
KXNFLSPREAD-26OCT01PITCLE,KXNFLSPREAD,KXNFLSPREAD-26OCT01PITCLE-CLE7,CLE Browns wins by over 6.5 points?,0.2200,0.2300,0.2300,17325.86,16243.34,active,2026-10-04T00:15:00Z,2026-10-01T13:50:16+00:00
KXNFLSPREAD-26OCT01PITCLE,KXNFLSPREAD,KXNFLSPREAD-26OCT01PITCLE-PIT4,PIT Steelers wins by over 3.5 points?,0.4200,0.4300,0.4200,52267.07,49547.61,active,2026-10-04T00:15:00Z,2026-10-01T13:50:16+00:00
KXNFLSPREAD-26OCT01PITCLE,KXNFLSPREAD,KXNFLSPREAD-26OCT01PITCLE-PIT6,PIT Steelers wins by over 5.5 points?,0.3900,0.4000,0.4000,10361.66,10277.78,active,2026-10-04T00:15:00Z,2026-10-01T13:50:16+00:00
KXNFLSPREAD-26OCT01PITCLE,KXNFLSPREAD,KXNFLSPREAD-26OCT01PITCLE-CLE4,CLE Browns wins by over 3.5 points?,0.2800,0.2900,0.2800,28311.89,28218.71,active,2026-10-04T00:15:00Z,2026-10-01T13:50:16+00:00
KXNFLSPREAD-26OCT01PITCLE,KXNFLSPREAD,KXNFLSPREAD-26OCT01PITCLE-PIT7,PIT Steelers wins by over 6.5 points?,0.3400,0.3500,0.3500,16968.16,15627.10,active,2026-10-04T00:15:00Z,2026-10-01T13:50:16+00:00
KXNFLSPREAD-26OCT01PITCLE,KXNFLSPREAD,KXNFLSPREAD-26OCT01PITCLE-PIT8,PIT Steelers wins by over 7.5 points?,0.2900,0.3000,0.3000,37258.35,37140.25,active,2026-10-04T00:15:00Z,2026-10-01T13:50:16+00:00
KXNFLSPREAD-26OCT01PITCLE,KXNFLSPREAD,KXNFLSPREAD-26OCT01PITCLE-CLE10,CLE Browns wins by over 9.5 points?,0.1500,0.1600,0.1500,7352.14,7193.55,active,2026-10-04T00:15:00Z,2026-10-01T13:50:16+00:00
KXNFLSPREAD-26OCT01PITCLE,KXNFLSPREAD,KXNFLSPREAD-26OCT01PITCLE-PIT3,PIT Steelers wins by over 2.5 points?,0.5200,0.5300,0.5200,231855.92,197726.78,active,2026-10-04T00:15:00Z,2026-10-01T13:50:16+00:00
KXNFLSPREAD-26OCT01PITCLE,KXNFLSPREAD,KXNFLSPREAD-26OCT01PITCLE-PIT5,PIT Steelers wins by over 4.5 points?,0.4000,0.4100,0.4000,10411.22,10165.62,active,2026-10-04T00:15:00Z,2026-10-01T13:50:16+00:00
KXNFLSPREAD-26OCT01PITCLE,KXNFLSPREAD,KXNFLSPREAD-26OCT01PITCLE-CLE2,CLE Browns wins by over 1.5 points?,0.3800,0.3900,0.3900,1842.47,1788.56,active,2026-10-04T00:15:00Z,2026-10-01T13:50:16+00:00
KXNFLSPREAD-26OCT01PITCLE,KXNFLSPREAD,KXNFLSPREAD-26OCT01PITCLE-CLE6,CLE Browns wins by over 5.5 points?,0.2400,0.2500,0.2500,11816.11,11699.46,active,2026-10-04T00:15:00Z,2026-10-01T13:50:16+00:00
KXNFLSPREAD-26OCT01PITCLE,KXNFLSPREAD,KXNFLSPREAD-26OCT01PITCLE-CLE15,CLE Browns wins by over 14.5 points?,0.0800,0.0900,0.0800,1862.68,1535.49,active,2026-10-04T00:15:00Z,2026-10-01T13:50:16+00:00
KXNFLSPREAD-26OCT04ARINYG,KXNFLSPREAD,KXNFLSPREAD-26OCT04ARINYG-NYG6,NY Giants wins by over 5.5 points?,0.2700,0.2800,0.3100,27713.95,27535.75,active,2026-10-06T17:00:00Z,2026-10-01T13:50:16+00:00
KXNFLSPREAD-26OCT04ARINYG,KXNFLSPREAD,KXNFLSPREAD-26OCT04ARINYG-ARI4,ARI Cardinals wins by over 3.5 points?,0.4100,0.4200,0.4100,2259.76,1662.95,active,2026-10-06T17:00:00Z,2026-10-01T13:50:16+00:00
KXNFLSPREAD-26OCT04ARINYG,KXNFLSPREAD,KXNFLSPREAD-26OCT04ARINYG-ARI5,ARI Cardinals wins by over 4.5 points?,0.3900,0.4000,0.4000,27064.86,23296.09,active,2026-10-06T17:00:00Z,2026-10-01T13:50:16+00:00
KXNFLSPREAD-26OCT04ARINYG,KXNFLSPREAD,KXNFLSPREAD-26OCT04ARINYG-NYG21,NY Giants wins by over 20.5 points?,0.0500,0.0600,0.0900,33.40,33.40,active,2026-10-06T17:00:00Z,2026-10-01T13:50:16+00:00
KXNFLSPREAD-26OCT04ARINYG,KXNFLSPREAD,KXNFLSPREAD-26OCT04ARINYG-NYG18,NY Giants wins by over 17.5 points?,0.0600,0.0800,0.0800,500.00,500.00,active,2026-10-06T17:00:00Z,2026-10-01T13:50:16+00:00
KXNFLSPREAD-26OCT04ARINYG,KXNFLSPREAD,KXNFLSPREAD-26OCT04ARINYG-NYG4,NY Giants wins by over 3.5 points?,0.3100,0.3200,0.3200,6251.65,6251.65,active,2026-10-06T17:00:00Z,2026-10-01T13:50:16+00:00
KXNFLSPREAD-26OCT04ARINYG,KXNFLSPREAD,KXNFLSPREAD-26OCT04ARINYG-NYG2,NY Giants wins by over 1.5 points?,0.4000,0.4200,0.4100,4870.03,1027.04,active,2026-10-06T17:00:00Z,2026-10-01T13:50:16+00:00
KXNFLSPREAD-26OCT04ARINYG,KXNFLSPREAD,KXNFLSPREAD-26OCT04ARINYG-ARI6,ARI Cardinals wins by over 5.5 points?,0.3600,0.3700,0.3700,6960.00,6562.44,active,2026-10-06T17:00:00Z,2026-10-01T13:50:16+00:00
KXNFLSPREAD-26OCT04ARINYG,KXNFLSPREAD,KXNFLSPREAD-26OCT04ARINYG-ARI3,ARI Cardinals wins by over 2.5 points?,0.5000,0.5100,0.5000,31266.71,30357.50,active,2026-10-06T17:00:00Z,2026-10-01T13:50:16+00:00
KXNFLSPREAD-26OCT04ARINYG,KXNFLSPREAD,KXNFLSPREAD-26OCT04ARINYG-NYG11,NY Giants wins by over 10.5 points?,0.1400,0.1500,0.1800,4635.17,3597.34,active,2026-10-06T17:00:00Z,2026-10-01T13:50:16+00:00
KXNFLSPREAD-26OCT04ARINYG,KXNFLSPREAD,KXNFLSPREAD-26OCT04ARINYG-ARI14,ARI Cardinals wins by over 13.5 points?,0.1700,0.1800,0.1500,930.19,875.19,active,2026-10-06T17:00:00Z,2026-10-01T13:50:16+00:00
KXNFLSPREAD-26OCT04ARINYG,KXNFLSPREAD,KXNFLSPREAD-26OCT04ARINYG-ARI11,ARI Cardinals wins by over 10.5 points?,0.2000,0.2100,0.1900,26825.14,23020.46,active,2026-10-06T17:00:00Z,2026-10-01T13:50:16+00:00
KXNFLSPREAD-26OCT04ARINYG,KXNFLSPREAD,KXNFLSPREAD-26OCT04ARINYG-ARI7,ARI Cardinals wins by over 6.5 points?,0.3300,0.3400,0.3500,3046.26,1697.87,active,2026-10-06T17:00:00Z,2026-10-01T13:50:16+00:00
KXNFLSPREAD-26OCT04ARINYG,KXNFLSPREAD,KXNFLSPREAD-26OCT04ARINYG-NYG15,NY Giants wins by over 14.5 points?,0.0900,0.1000,0.1200,1893.53,1893.53,active,2026-10-06T17:00:00Z,2026-10-01T13:50:16+00:00
KXNFLSPREAD-26OCT04ARINYG,KXNFLSPREAD,KXNFLSPREAD-26OCT04ARINYG-ARI10,ARI Cardinals wins by over 9.5 points?,0.2300,0.2400,0.2400,16373.75,4873.62,active,2026-10-06T17:00:00Z,2026-10-01T13:50:16+00:00
KXNFLSPREAD-26OCT04ARINYG,KXNFLSPREAD,KXNFLSPREAD-26OCT04ARINYG-ARI8,ARI Cardinals wins by over 7.5 points?,0.2700,0.2800,0.2600,18969.69,18344.69,active,2026-10-06T17:00:00Z,2026-10-01T13:50:16+00:00
KXNFLSPREAD-26OCT04ARINYG,KXNFLSPREAD,KXNFLSPREAD-26OCT04ARINYG-NYG8,NY Giants wins by over 7.5 points?,0.1900,0.2000,0.1800,4351.78,4333.86,active,2026-10-06T17:00:00Z,2026-10-01T13:50:16+00:00
KXNFLSPREAD-26OCT04ARINYG,KXNFLSPREAD,KXNFLSPREAD-26OCT04ARINYG-NYG14,NY Giants wins by over 13.5 points?,0.1000,0.1200,0.1200,2997.95,1922.95,active,2026-10-06T17:00:00Z,2026-10-01T13:50:16+00:00
KXNFLSPREAD-26OCT04ARINYG,KXNFLSPREAD,KXNFLSPREAD-26OCT04ARINYG-ARI2,ARI Cardinals wins by over 1.5 points?,0.5300,0.5400,0.5400,10151.33,9251.27,active,2026-10-06T17:00:00Z,2026-10-01T13:50:16+00:00
KXNFLSPREAD-26OCT04ARINYG,KXNFLSPREAD,KXNFLSPREAD-26OCT04ARINYG-NYG17,NY Giants wins by over 16.5 points?,0.0700,0.0900,0.1000,6.38,6.38,active,2026-10-06T17:00:00Z,2026-10-01T13:50:16+00:00
KXNFLSPREAD-26OCT04ARINYG,KXNFLSPREAD,KXNFLSPREAD-26OCT04ARINYG-ARI15,ARI Cardinals wins by over 14.5 points?,0.1300,0.1500,0.1400,16850.36,16412.62,active,2026-10-06T17:00:00Z,2026-10-01T13:50:16+00:00
KXNFLSPREAD-26OCT04ARINYG,KXNFLSPREAD,KXNFLSPREAD-26OCT04ARINYG-NYG7,NY Giants wins by over 6.5 points?,0.2400,0.2600,0.2600,27303.64,27085.65,active,2026-10-06T17:00:00Z,2026-10-01T13:50:16+00:00
KXNFLSPREAD-26OCT04ARINYG,KXNFLSPREAD,KXNFLSPREAD-26OCT04ARINYG-NYG10,NY Giants wins by over 9.5 points?,0.1800,0.1900,0.1900,4487.30,4274.30,active,2026-10-06T17:00:00Z,2026-10-01T13:50:16+00:00
KXNFLSPREAD-26OCT04ARINYG,KXNFLSPREAD,KXNFLSPREAD-26OCT04ARINYG-NYG5,NY Giants wins by over 4.5 points?,0.2900,0.3100,0.3300,7804.15,4262.34,active,2026-10-06T17:00:00Z,2026-10-01T13:50:16+00:00
KXNFLSPREAD-26OCT04ARINYG,KXNFLSPREAD,KXNFLSPREAD-26OCT04ARINYG-NYG3,NY Giants wins by over 2.5 points?,0.3800,0.4000,0.3900,290.11,286.15,active,2026-10-06T17:00:00Z,2026-10-01T13:50:16+00:00
KXNFLSPREAD-26OCT04DALHOU,KXNFLSPREAD,KXNFLSPREAD-26OCT04DALHOU-HOU8,HOU Texans wins by over 7.5 points?,0.3000,0.3100,0.3000,953.47,953.47,active,2026-10-06T17:00:00Z,2026-10-01T13:50:16+00:00
KXNFLSPREAD-26OCT04DALHOU,KXNFLSPREAD,KXNFLSPREAD-26OCT04DALHOU-HOU2,HOU Texans wins by over 1.5 points?,0.5700,0.5800,0.5800,179.25,139.12,active,2026-10-06T17:00:00Z,2026-10-01T13:50:16+00:00
KXNFLSPREAD-26OCT04DALHOU,KXNFLSPREAD,KXNFLSPREAD-26OCT04DALHOU-HOU10,HOU Texans wins by over 9.5 points?,0.2800,0.2900,0.2700,4078.00,4031.00,active,2026-10-06T17:00:00Z,2026-10-01T13:50:16+00:00
KXNFLSPREAD-26OCT04DALHOU,KXNFLSPREAD,KXNFLSPREAD-26OCT04DALHOU-HOU18,HOU Texans wins by over 17.5 points?,0.1200,0.1400,0.1100,10135.40,6990.89,active,2026-10-06T17:00:00Z,2026-10-01T13:50:16+00:00
KXNFLSPREAD-26OCT04DALHOU,KXNFLSPREAD,KXNFLSPREAD-26OCT04DALHOU-HOU11,HOU Texans wins by over 10.5 points?,0.2500,0.2600,0.2500,1681.96,1681.96,active,2026-10-06T17:00:00Z,2026-10-01T13:50:16+00:00
KXNFLSPREAD-26OCT04DALHOU,KXNFLSPREAD,KXNFLSPREAD-26OCT04DALHOU-DAL10,DAL Cowboys wins by over 9.5 points?,0.1500,0.1600,0.1700,290.10,290.10,active,2026-10-06T17:00:00Z,2026-10-01T13:50:16+00:00
KXNFLSPREAD-26OCT04DALHOU,KXNFLSPREAD,KXNFLSPREAD-26OCT04DALHOU-DAL14,DAL Cowboys wins by over 13.5 points?,0.1000,0.1100,0.1000,52.00,27.00,active,2026-10-06T17:00:00Z,2026-10-01T13:50:16+00:00
KXNFLSPREAD-26OCT04DALHOU,KXNFLSPREAD,KXNFLSPREAD-26OCT04DALHOU-DAL11,DAL Cowboys wins by over 10.5 points?,0.1200,0.1400,0.1500,448.82,448.82,active,2026-10-06T17:00:00Z,2026-10-01T13:50:16+00:00
KXNFLSPREAD-26OCT04DALHOU,KXNFLSPREAD,KXNFLSPREAD-26OCT04DALHOU-HOU7,HOU Texans wins by over 6.5 points?,0.3600,0.3800,0.3600,3758.19,336.64,active,2026-10-06T17:00:00Z,2026-10-01T13:50:16+00:00
KXNFLSPREAD-26OCT04DALHOU,KXNFLSPREAD,KXNFLSPREAD-26OCT04DALHOU-HOU14,HOU Texans wins by over 13.5 points?,0.2000,0.2100,0.1900,9248.51,4182.89,active,2026-10-06T17:00:00Z,2026-10-01T13:50:16+00:00
KXNFLSPREAD-26OCT04DALHOU,KXNFLSPREAD,KXNFLSPREAD-26OCT04DALHOU-DAL8,DAL Cowboys wins by over 7.5 points?,0.1700,0.1900,0.1900,629.39,604.39,active,2026-10-06T17:00:00Z,2026-10-01T13:50:16+00:00
KXNFLSPREAD-26OCT04DALHOU,KXNFLSPREAD,KXNFLSPREAD-26OCT04DALHOU-DAL5,DAL Cowboys wins by over 4.5 points?,0.2400,0.2600,0.2700,2829.31,2642.48,active,2026-10-06T17:00:00Z,2026-10-01T13:50:16+00:00
KXNFLSPREAD-26OCT04DALHOU,KXNFLSPREAD,KXNFLSPREAD-26OCT04DALHOU-HOU21,HOU Texans wins by over 20.5 points?,0.0800,0.1000,0.0700,685.69,685.69,active,2026-10-06T17:00:00Z,2026-10-01T13:50:16+00:00
KXNFLSPREAD-26OCT04DALHOU,KXNFLSPREAD,KXNFLSPREAD-26OCT04DALHOU-HOU17,HOU Texans wins by over 16.5 points?,0.1400,0.1600,0.1200,42.00,25.00,active,2026-10-06T17:00:00Z,2026-10-01T13:50:16+00:00
KXNFLSPREAD-26OCT04DALHOU,KXNFLSPREAD,KXNFLSPREAD-26OCT04DALHOU-DAL3,DAL Cowboys wins by over 2.5 points?,0.3400,0.3600,0.3700,2801.02,2676.02,active,2026-10-06T17:00:00Z,2026-10-01T13:50:16+00:00
KXNFLSPREAD-26OCT04DALHOU,KXNFLSPREAD,KXNFLSPREAD-26OCT04DALHOU-DAL2,DAL Cowboys wins by over 1.5 points?,0.3700,0.3900,0.3800,1013.44,835.21,active,2026-10-06T17:00:00Z,2026-10-01T13:50:16+00:00
KXNFLSPREAD-26OCT04DALHOU,KXNFLSPREAD,KXNFLSPREAD-26OCT04DALHOU-HOU5,HOU Texans wins by over 4.5 points?,0.4300,0.4400,0.4300,1622.28,1622.28,active,2026-10-06T17:00:00Z,2026-10-01T13:50:16+00:00
KXNFLSPREAD-26OCT04DALHOU,KXNFLSPREAD,KXNFLSPREAD-26OCT04DALHOU-HOU6,HOU Texans wins by over 5.5 points?,0.4100,0.4200,0.4000,1583.39,1559.39,active,2026-10-06T17:00:00Z,2026-10-01T13:50:16+00:00
KXNFLSPREAD-26OCT04DALHOU,KXNFLSPREAD,KXNFLSPREAD-26OCT04DALHOU-DAL7,DAL Cowboys wins by over 6.5 points?,0.2200,0.2300,0.2300,5765.98,5264.98,active,2026-10-06T17:00:00Z,2026-10-01T13:50:16+00:00
KXNFLSPREAD-26OCT04DALHOU,KXNFLSPREAD,KXNFLSPREAD-26OCT04DALHOU-HOU4,HOU Texans wins by over 3.5 points?,0.4500,0.4600,0.4500,3700.17,3397.13,active,2026-10-06T17:00:00Z,2026-10-01T13:50:16+00:00
KXNFLSPREAD-26OCT04DALHOU,KXNFLSPREAD,KXNFLSPREAD-26OCT04DALHOU-DAL15,DAL Cowboys wins by over 14.5 points?,0.0800,0.1000,0.1000,235.18,235.18,active,2026-10-06T17:00:00Z,2026-10-01T13:50:16+00:00
KXNFLSPREAD-26OCT04DALHOU,KXNFLSPREAD,KXNFLSPREAD-26OCT04DALHOU-HOU15,HOU Texans wins by over 14.5 points?,0.1700,0.1900,0.1500,3171.30,2264.00,active,2026-10-06T17:00:00Z,2026-10-01T13:50:16+00:00
KXNFLSPREAD-26OCT04DALHOU,KXNFLSPREAD,KXNFLSPREAD-26OCT04DALHOU-HOU3,HOU Texans wins by over 2.5 points?,0.5500,0.5600,0.5400,14458.89,11328.81,active,2026-10-06T17:00:00Z,2026-10-01T13:50:16+00:00
KXNFLSPREAD-26OCT04DALHOU,KXNFLSPREAD,KXNFLSPREAD-26OCT04DALHOU-DAL4,DAL Cowboys wins by over 3.5 points?,0.2800,0.2900,0.2900,435.73,435.73,active,2026-10-06T17:00:00Z,2026-10-01T13:50:16+00:00
KXNFLSPREAD-26OCT04DALHOU,KXNFLSPREAD,KXNFLSPREAD-26OCT04DALHOU-DAL6,DAL Cowboys wins by over 5.5 points?,0.2300,0.2500,0.2500,143.17,94.11,active,2026-10-06T17:00:00Z,2026-10-01T13:50:16+00:00
KXNFLSPREAD-26OCT04DENSF,KXNFLSPREAD,KXNFLSPREAD-26OCT04DENSF-DEN14,DEN Broncos wins by over 13.5 points?,0.0900,0.1100,0.0900,51.00,51.00,active,2026-10-06T20:25:00Z,2026-10-01T13:50:16+00:00
KXNFLSPREAD-26OCT04DENSF,KXNFLSPREAD,KXNFLSPREAD-26OCT04DENSF-SF17,SF 49ers wins by over 16.5 points?,0.1200,0.1400,0.1200,73.00,13.00,active,2026-10-06T20:25:00Z,2026-10-01T13:50:16+00:00
KXNFLSPREAD-26OCT04DENSF,KXNFLSPREAD,KXNFLSPREAD-26OCT04DENSF-DEN6,DEN Broncos wins by over 5.5 points?,0.2400,0.2500,0.2500,2548.00,2500.00,active,2026-10-06T20:25:00Z,2026-10-01T13:50:16+00:00
KXNFLSPREAD-26OCT04DENSF,KXNFLSPREAD,KXNFLSPREAD-26OCT04DENSF-SF14,SF 49ers wins by over 13.5 points?,0.1700,0.1800,0.1800,1777.04,1415.36,active,2026-10-06T20:25:00Z,2026-10-01T13:50:16+00:00
KXNFLSPREAD-26OCT04DENSF,KXNFLSPREAD,KXNFLSPREAD-26OCT04DENSF-SF2,SF 49ers wins by over 1.5 points?,0.5400,0.5500,0.5500,603.02,518.76,active,2026-10-06T20:25:00Z,2026-10-01T13:50:16+00:00
KXNFLSPREAD-26OCT04DENSF,KXNFLSPREAD,KXNFLSPREAD-26OCT04DENSF-SF11,SF 49ers wins by over 10.5 points?,0.2000,0.2100,0.2100,9407.47,8816.94,active,2026-10-06T20:25:00Z,2026-10-01T13:50:16+00:00
KXNFLSPREAD-26OCT04DENSF,KXNFLSPREAD,KXNFLSPREAD-26OCT04DENSF-DEN2,DEN Broncos wins by over 1.5 points?,0.3900,0.4000,0.4100,2209.07,2070.07,active,2026-10-06T20:25:00Z,2026-10-01T13:50:16+00:00
KXNFLSPREAD-26OCT04DENSF,KXNFLSPREAD,KXNFLSPREAD-26OCT04DENSF-DEN11,DEN Broncos wins by over 10.5 points?,0.1200,0.1400,0.1300,12.00,5.00,active,2026-10-06T20:25:00Z,2026-10-01T13:50:16+00:00
KXNFLSPREAD-26OCT04DENSF,KXNFLSPREAD,KXNFLSPREAD-26OCT04DENSF-DEN5,DEN Broncos wins by over 4.5 points?,0.2500,0.2600,0.2600,7380.71,2938.52,active,2026-10-06T20:25:00Z,2026-10-01T13:50:16+00:00
KXNFLSPREAD-26OCT04DENSF,KXNFLSPREAD,KXNFLSPREAD-26OCT04DENSF-SF3,SF 49ers wins by over 2.5 points?,0.5100,0.5200,0.5200,127404.62,124304.37,active,2026-10-06T20:25:00Z,2026-10-01T13:50:16+00:00
KXNFLSPREAD-26OCT04DENSF,KXNFLSPREAD,KXNFLSPREAD-26OCT04DENSF-SF5,SF 49ers wins by over 4.5 points?,0.3800,0.4000,0.4000,3810.28,3713.80,active,2026-10-06T20:25:00Z,2026-10-01T13:50:16+00:00
KXNFLSPREAD-26OCT04DENSF,KXNFLSPREAD,KXNFLSPREAD-26OCT04DENSF-SF15,SF 49ers wins by over 14.5 points?,0.1400,0.1600,0.1500,1999.71,1442.00,active,2026-10-06T20:25:00Z,2026-10-01T13:50:16+00:00
KXNFLSPREAD-26OCT04DENSF,KXNFLSPREAD,KXNFLSPREAD-26OCT04DENSF-SF7,SF 49ers wins by over 6.5 points?,0.3400,0.3500,0.3500,6821.38,5727.92,active,2026-10-06T20:25:00Z,2026-10-01T13:50:16+00:00
KXNFLSPREAD-26OCT04DENSF,KXNFLSPREAD,KXNFLSPREAD-26OCT04DENSF-DEN15,DEN Broncos wins by over 14.5 points?,0.0700,0.0900,0.0800,115.80,105.18,active,2026-10-06T20:25:00Z,2026-10-01T13:50:16+00:00
KXNFLSPREAD-26OCT04DENSF,KXNFLSPREAD,KXNFLSPREAD-26OCT04DENSF-SF10,SF 49ers wins by over 9.5 points?,0.2400,0.2500,0.2500,8593.98,8196.18,active,2026-10-06T20:25:00Z,2026-10-01T13:50:16+00:00
KXNFLSPREAD-26OCT04DENSF,KXNFLSPREAD,KXNFLSPREAD-26OCT04DENSF-SF21,SF 49ers wins by over 20.5 points?,0.0800,0.1000,0.0900,106.58,106.58,active,2026-10-06T20:25:00Z,2026-10-01T13:50:16+00:00
KXNFLSPREAD-26OCT04DENSF,KXNFLSPREAD,KXNFLSPREAD-26OCT04DENSF-DEN8,DEN Broncos wins by over 7.5 points?,0.1700,0.1800,0.1800,1255.71,1049.71,active,2026-10-06T20:25:00Z,2026-10-01T13:50:16+00:00
KXNFLSPREAD-26OCT04DENSF,KXNFLSPREAD,KXNFLSPREAD-26OCT04DENSF-DEN10,DEN Broncos wins by over 9.5 points?,0.1400,0.1600,0.1300,32.00,32.00,active,2026-10-06T20:25:00Z,2026-10-01T13:50:16+00:00
KXNFLSPREAD-26OCT04DENSF,KXNFLSPREAD,KXNFLSPREAD-26OCT04DENSF-SF4,SF 49ers wins by over 3.5 points?,0.4200,0.4300,0.4300,8682.75,8153.33,active,2026-10-06T20:25:00Z,2026-10-01T13:50:16+00:00
KXNFLSPREAD-26OCT04DENSF,KXNFLSPREAD,KXNFLSPREAD-26OCT04DENSF-DEN3,DEN Broncos wins by over 2.5 points?,0.3600,0.3800,0.3800,1037.65,725.79,active,2026-10-06T20:25:00Z,2026-10-01T13:50:16+00:00
KXNFLSPREAD-26OCT04DENSF,KXNFLSPREAD,KXNFLSPREAD-26OCT04DENSF-DEN7,DEN Broncos wins by over 6.5 points?,0.2100,0.2200,0.2300,1455.80,1377.18,active,2026-10-06T20:25:00Z,2026-10-01T13:50:16+00:00
KXNFLSPREAD-26OCT04DENSF,KXNFLSPREAD,KXNFLSPREAD-26OCT04DENSF-SF6,SF 49ers wins by over 5.5 points?,0.3700,0.3900,0.3800,1315.80,1029.69,active,2026-10-06T20:25:00Z,2026-10-01T13:50:16+00:00
KXNFLSPREAD-26OCT04DENSF,KXNFLSPREAD,KXNFLSPREAD-26OCT04DENSF-SF18,SF 49ers wins by over 17.5 points?,0.1100,0.1200,0.1200,584.49,584.49,active,2026-10-06T20:25:00Z,2026-10-01T13:50:16+00:00
KXNFLSPREAD-26OCT04DENSF,KXNFLSPREAD,KXNFLSPREAD-26OCT04DENSF-SF8,SF 49ers wins by over 7.5 points?,0.2900,0.3000,0.2900,5741.80,5616.15,active,2026-10-06T20:25:00Z,2026-10-01T13:50:16+00:00
KXNFLSPREAD-26OCT04DENSF,KXNFLSPREAD,KXNFLSPREAD-26OCT04DENSF-DEN4,DEN Broncos wins by over 3.5 points?,0.3000,0.3100,0.3000,3783.01,3781.01,active,2026-10-06T20:25:00Z,2026-10-01T13:50:16+00:00
KXNFLSPREAD-26OCT04DETCAR,KXNFLSPREAD,KXNFLSPREAD-26OCT04DETCAR-DET5,DET Lions wins by over 4.5 points?,0.4600,0.4800,0.4600,1070.42,847.16,active,2026-10-07T00:20:00Z,2026-10-01T13:50:16+00:00
KXNFLSPREAD-26OCT04DETCAR,KXNFLSPREAD,KXNFLSPREAD-26OCT04DETCAR-DET2,DET Lions wins by over 1.5 points?,0.6100,0.6300,0.6100,185.67,185.67,active,2026-10-07T00:20:00Z,2026-10-01T13:50:16+00:00
KXNFLSPREAD-26OCT04DETCAR,KXNFLSPREAD,KXNFLSPREAD-26OCT04DETCAR-DET17,DET Lions wins by over 16.5 points?,0.1700,0.1800,0.1800,7010.73,5560.73,active,2026-10-07T00:20:00Z,2026-10-01T13:50:16+00:00
KXNFLSPREAD-26OCT04DETCAR,KXNFLSPREAD,KXNFLSPREAD-26OCT04DETCAR-DET8,DET Lions wins by over 7.5 points?,0.3600,0.3700,0.3700,2238.24,2230.46,active,2026-10-07T00:20:00Z,2026-10-01T13:50:16+00:00
KXNFLSPREAD-26OCT04DETCAR,KXNFLSPREAD,KXNFLSPREAD-26OCT04DETCAR-CAR5,CAR Panthers wins by over 4.5 points?,0.2100,0.2200,0.2300,886.00,736.00,active,2026-10-07T00:20:00Z,2026-10-01T13:50:16+00:00
KXNFLSPREAD-26OCT04DETCAR,KXNFLSPREAD,KXNFLSPREAD-26OCT04DETCAR-DET15,DET Lions wins by over 14.5 points?,0.1900,0.2100,0.2200,2540.46,2500.00,active,2026-10-07T00:20:00Z,2026-10-01T13:50:16+00:00
KXNFLSPREAD-26OCT04DETCAR,KXNFLSPREAD,KXNFLSPREAD-26OCT04DETCAR-DET11,DET Lions wins by over 10.5 points?,0.2700,0.2900,0.2900,2.00,2.00,active,2026-10-07T00:20:00Z,2026-10-01T13:50:16+00:00
KXNFLSPREAD-26OCT04DETCAR,KXNFLSPREAD,KXNFLSPREAD-26OCT04DETCAR-DET3,DET Lions wins by over 2.5 points?,0.5900,0.6000,0.6000,6960.81,5638.91,active,2026-10-07T00:20:00Z,2026-10-01T13:50:16+00:00
KXNFLSPREAD-26OCT04DETCAR,KXNFLSPREAD,KXNFLSPREAD-26OCT04DETCAR-CAR11,CAR Panthers wins by over 10.5 points?,0.1000,0.1100,0.1100,2801.01,2801.01,active,2026-10-07T00:20:00Z,2026-10-01T13:50:16+00:00
KXNFLSPREAD-26OCT04DETCAR,KXNFLSPREAD,KXNFLSPREAD-26OCT04DETCAR-CAR8,CAR Panthers wins by over 7.5 points?,0.1400,0.1500,0.1400,5266.11,3095.11,active,2026-10-07T00:20:00Z,2026-10-01T13:50:16+00:00
KXNFLSPREAD-26OCT04DETCAR,KXNFLSPREAD,KXNFLSPREAD-26OCT04DETCAR-CAR15,CAR Panthers wins by over 14.5 points?,0.0600,0.0800,0.0700,365.00,365.00,active,2026-10-07T00:20:00Z,2026-10-01T13:50:16+00:00
KXNFLSPREAD-26OCT04DETCAR,KXNFLSPREAD,KXNFLSPREAD-26OCT04DETCAR-CAR2,CAR Panthers wins by over 1.5 points?,0.3200,0.3300,0.3400,1510.40,1410.40,active,2026-10-07T00:20:00Z,2026-10-01T13:50:16+00:00
KXNFLSPREAD-26OCT04DETCAR,KXNFLSPREAD,KXNFLSPREAD-26OCT04DETCAR-DET21,DET Lions wins by over 20.5 points?,0.1000,0.1200,0.0000,0.00,0.00,active,2026-10-07T00:20:00Z,2026-10-01T13:50:16+00:00
KXNFLSPREAD-26OCT04DETCAR,KXNFLSPREAD,KXNFLSPREAD-26OCT04DETCAR-DET18,DET Lions wins by over 17.5 points?,0.1500,0.1600,0.1100,1.00,1.00,active,2026-10-07T00:20:00Z,2026-10-01T13:50:16+00:00
KXNFLSPREAD-26OCT04DETCAR,KXNFLSPREAD,KXNFLSPREAD-26OCT04DETCAR-CAR6,CAR Panthers wins by over 5.5 points?,0.1900,0.2100,0.2100,4485.58,4395.58,active,2026-10-07T00:20:00Z,2026-10-01T13:50:16+00:00
KXNFLSPREAD-26OCT04DETCAR,KXNFLSPREAD,KXNFLSPREAD-26OCT04DETCAR-CAR10,CAR Panthers wins by over 9.5 points?,0.1100,0.1300,0.1400,3039.50,2525.00,active,2026-10-07T00:20:00Z,2026-10-01T13:50:16+00:00
KXNFLSPREAD-26OCT04DETCAR,KXNFLSPREAD,KXNFLSPREAD-26OCT04DETCAR-DET7,DET Lions wins by over 6.5 points?,0.4100,0.4200,0.4200,1017.34,1011.34,active,2026-10-07T00:20:00Z,2026-10-01T13:50:16+00:00
KXNFLSPREAD-26OCT04DETCAR,KXNFLSPREAD,KXNFLSPREAD-26OCT04DETCAR-CAR14,CAR Panthers wins by over 13.5 points?,0.0800,0.1000,0.0700,110.00,85.00,active,2026-10-07T00:20:00Z,2026-10-01T13:50:16+00:00
KXNFLSPREAD-26OCT04DETCAR,KXNFLSPREAD,KXNFLSPREAD-26OCT04DETCAR-CAR3,CAR Panthers wins by over 2.5 points?,0.3000,0.3100,0.3200,441.00,441.00,active,2026-10-07T00:20:00Z,2026-10-01T13:50:16+00:00
KXNFLSPREAD-26OCT04DETCAR,KXNFLSPREAD,KXNFLSPREAD-26OCT04DETCAR-CAR4,CAR Panthers wins by over 3.5 points?,0.2200,0.2300,0.2300,23325.68,23292.68,active,2026-10-07T00:20:00Z,2026-10-01T13:50:16+00:00
KXNFLSPREAD-26OCT04DETCAR,KXNFLSPREAD,KXNFLSPREAD-26OCT04DETCAR-CAR7,CAR Panthers wins by over 6.5 points?,0.1800,0.1900,0.1900,7158.29,4533.43,active,2026-10-07T00:20:00Z,2026-10-01T13:50:16+00:00
KXNFLSPREAD-26OCT04DETCAR,KXNFLSPREAD,KXNFLSPREAD-26OCT04DETCAR-DET6,DET Lions wins by over 5.5 points?,0.4500,0.4600,0.4600,500.38,457.72,active,2026-10-07T00:20:00Z,2026-10-01T13:50:16+00:00
KXNFLSPREAD-26OCT04DETCAR,KXNFLSPREAD,KXNFLSPREAD-26OCT04DETCAR-DET4,DET Lions wins by over 3.5 points?,0.5000,0.5100,0.5000,25206.77,20213.53,active,2026-10-07T00:20:00Z,2026-10-01T13:50:16+00:00
KXNFLSPREAD-26OCT04DETCAR,KXNFLSPREAD,KXNFLSPREAD-26OCT04DETCAR-DET10,DET Lions wins by over 9.5 points?,0.3100,0.3200,0.0000,0.00,0.00,active,2026-10-07T00:20:00Z,2026-10-01T13:50:16+00:00
KXNFLSPREAD-26OCT04DETCAR,KXNFLSPREAD,KXNFLSPREAD-26OCT04DETCAR-DET14,DET Lions wins by over 13.5 points?,0.2200,0.2300,0.2300,971.63,971.63,active,2026-10-07T00:20:00Z,2026-10-01T13:50:16+00:00
KXNFLSPREAD-26OCT04GBTB,KXNFLSPREAD,KXNFLSPREAD-26OCT04GBTB-GB10,GB Packers wins by over 9.5 points?,0.2900,0.3000,0.3100,14356.00,4181.61,active,2026-10-06T17:00:00Z,2026-10-01T13:50:16+00:00
KXNFLSPREAD-26OCT04GBTB,KXNFLSPREAD,KXNFLSPREAD-26OCT04GBTB-TB3,TB Buccaneers wins by over 2.5 points?,0.3300,0.3400,0.3200,8750.80,6538.18,active,2026-10-06T17:00:00Z,2026-10-01T13:50:16+00:00
KXNFLSPREAD-26OCT04GBTB,KXNFLSPREAD,KXNFLSPREAD-26OCT04GBTB-TB8,TB Buccaneers wins by over 7.5 points?,0.1600,0.1800,0.1500,4541.65,4446.65,active,2026-10-06T17:00:00Z,2026-10-01T13:50:16+00:00
KXNFLSPREAD-26OCT04GBTB,KXNFLSPREAD,KXNFLSPREAD-26OCT04GBTB-TB5,TB Buccaneers wins by over 4.5 points?,0.2400,0.2500,0.2400,5432.08,5087.66,active,2026-10-06T17:00:00Z,2026-10-01T13:50:16+00:00
KXNFLSPREAD-26OCT04GBTB,KXNFLSPREAD,KXNFLSPREAD-26OCT04GBTB-TB2,TB Buccaneers wins by over 1.5 points?,0.3500,0.3600,0.3500,45031.56,44174.77,active,2026-10-06T17:00:00Z,2026-10-01T13:50:16+00:00
KXNFLSPREAD-26OCT04GBTB,KXNFLSPREAD,KXNFLSPREAD-26OCT04GBTB-TB15,TB Buccaneers wins by over 14.5 points?,0.0700,0.0800,0.0700,7209.40,7203.40,active,2026-10-06T17:00:00Z,2026-10-01T13:50:16+00:00
KXNFLSPREAD-26OCT04GBTB,KXNFLSPREAD,KXNFLSPREAD-26OCT04GBTB-GB7,GB Packers wins by over 6.5 points?,0.3900,0.4000,0.4000,23649.83,16741.31,active,2026-10-06T17:00:00Z,2026-10-01T13:50:16+00:00
KXNFLSPREAD-26OCT04GBTB,KXNFLSPREAD,KXNFLSPREAD-26OCT04GBTB-TB6,TB Buccaneers wins by over 5.5 points?,0.2200,0.2300,0.2300,533.59,390.88,active,2026-10-06T17:00:00Z,2026-10-01T13:50:16+00:00
KXNFLSPREAD-26OCT04GBTB,KXNFLSPREAD,KXNFLSPREAD-26OCT04GBTB-GB14,GB Packers wins by over 13.5 points?,0.2000,0.2100,0.2200,3533.17,2733.24,active,2026-10-06T17:00:00Z,2026-10-01T13:50:16+00:00
KXNFLSPREAD-26OCT04GBTB,KXNFLSPREAD,KXNFLSPREAD-26OCT04GBTB-GB2,GB Packers wins by over 1.5 points?,0.5800,0.5900,0.6000,3545.98,3431.42,active,2026-10-06T17:00:00Z,2026-10-01T13:50:16+00:00
KXNFLSPREAD-26OCT04GBTB,KXNFLSPREAD,KXNFLSPREAD-26OCT04GBTB-TB14,TB Buccaneers wins by over 13.5 points?,0.0900,0.1000,0.1000,4873.08,2912.08,active,2026-10-06T17:00:00Z,2026-10-01T13:50:16+00:00
KXNFLSPREAD-26OCT04GBTB,KXNFLSPREAD,KXNFLSPREAD-26OCT04GBTB-TB17,TB Buccaneers wins by over 16.5 points?,0.0700,0.0800,0.0600,11067.65,10967.65,active,2026-10-06T17:00:00Z,2026-10-01T13:50:16+00:00
KXNFLSPREAD-26OCT04GBTB,KXNFLSPREAD,KXNFLSPREAD-26OCT04GBTB-TB10,TB Buccaneers wins by over 9.5 points?,0.1300,0.1400,0.1400,625.38,600.38,active,2026-10-06T17:00:00Z,2026-10-01T13:50:16+00:00
KXNFLSPREAD-26OCT04GBTB,KXNFLSPREAD,KXNFLSPREAD-26OCT04GBTB-GB11,GB Packers wins by over 10.5 points?,0.2500,0.2700,0.2600,4121.38,3616.56,active,2026-10-06T17:00:00Z,2026-10-01T13:50:16+00:00
KXNFLSPREAD-26OCT04GBTB,KXNFLSPREAD,KXNFLSPREAD-26OCT04GBTB-GB8,GB Packers wins by over 7.5 points?,0.3300,0.3400,0.3400,11285.11,3735.32,active,2026-10-06T17:00:00Z,2026-10-01T13:50:16+00:00
KXNFLSPREAD-26OCT04GBTB,KXNFLSPREAD,KXNFLSPREAD-26OCT04GBTB-GB5,GB Packers wins by over 4.5 points?,0.4400,0.4500,0.4400,22059.11,13167.99,active,2026-10-06T17:00:00Z,2026-10-01T13:50:16+00:00
KXNFLSPREAD-26OCT04GBTB,KXNFLSPREAD,KXNFLSPREAD-26OCT04GBTB-TB7,TB Buccaneers wins by over 6.5 points?,0.1900,0.2000,0.1900,7400.97,6897.83,active,2026-10-06T17:00:00Z,2026-10-01T13:50:16+00:00
KXNFLSPREAD-26OCT04GBTB,KXNFLSPREAD,KXNFLSPREAD-26OCT04GBTB-TB11,TB Buccaneers wins by over 10.5 points?,0.1100,0.1200,0.1200,4260.00,1565.00,active,2026-10-06T17:00:00Z,2026-10-01T13:50:16+00:00
KXNFLSPREAD-26OCT04GBTB,KXNFLSPREAD,KXNFLSPREAD-26OCT04GBTB-GB17,GB Packers wins by over 16.5 points?,0.1500,0.1600,0.1600,4765.88,3093.35,active,2026-10-06T17:00:00Z,2026-10-01T13:50:16+00:00
KXNFLSPREAD-26OCT04GBTB,KXNFLSPREAD,KXNFLSPREAD-26OCT04GBTB-GB6,GB Packers wins by over 5.5 points?,0.4300,0.4400,0.4500,39412.52,33568.34,active,2026-10-06T17:00:00Z,2026-10-01T13:50:16+00:00
KXNFLSPREAD-26OCT04GBTB,KXNFLSPREAD,KXNFLSPREAD-26OCT04GBTB-TB4,TB Buccaneers wins by over 3.5 points?,0.2600,0.2800,0.2500,9782.00,6451.00,active,2026-10-06T17:00:00Z,2026-10-01T13:50:16+00:00
KXNFLSPREAD-26OCT04GBTB,KXNFLSPREAD,KXNFLSPREAD-26OCT04GBTB-GB3,GB Packers wins by over 2.5 points?,0.5600,0.5800,0.5800,12691.92,12140.41,active,2026-10-06T17:00:00Z,2026-10-01T13:50:16+00:00
KXNFLSPREAD-26OCT04GBTB,KXNFLSPREAD,KXNFLSPREAD-26OCT04GBTB-GB4,GB Packers wins by over 3.5 points?,0.4800,0.4900,0.4900,204134.09,172864.44,active,2026-10-06T17:00:00Z,2026-10-01T13:50:16+00:00
KXNFLSPREAD-26OCT04GBTB,KXNFLSPREAD,KXNFLSPREAD-26OCT04GBTB-GB15,GB Packers wins by over 14.5 points?,0.1700,0.1900,0.1900,5534.68,4354.12,active,2026-10-06T17:00:00Z,2026-10-01T13:50:16+00:00
KXNFLSPREAD-26OCT04INDWAS,KXNFLSPREAD,KXNFLSPREAD-26OCT04INDWAS-IND2,IND Colts wins by over 1.5 points?,0.6100,0.6200,0.6200,52577.81,49158.81,active,2026-10-06T13:30:00Z,2026-10-01T13:50:16+00:00
KXNFLSPREAD-26OCT04INDWAS,KXNFLSPREAD,KXNFLSPREAD-26OCT04INDWAS-IND6,IND Colts wins by over 5.5 points?,0.4400,0.4500,0.4500,19852.68,12356.17,active,2026-10-06T13:30:00Z,2026-10-01T13:50:16+00:00
KXNFLSPREAD-26OCT04INDWAS,KXNFLSPREAD,KXNFLSPREAD-26OCT04INDWAS-WAS6,WAS Commanders wins by over 5.5 points?,0.2000,0.2100,0.2100,3447.63,3269.23,active,2026-10-06T13:30:00Z,2026-10-01T13:50:16+00:00
KXNFLSPREAD-26OCT04INDWAS,KXNFLSPREAD,KXNFLSPREAD-26OCT04INDWAS-WAS3,WAS Commanders wins by over 2.5 points?,0.3100,0.3200,0.3200,1237.90,1198.73,active,2026-10-06T13:30:00Z,2026-10-01T13:50:16+00:00
KXNFLSPREAD-26OCT04INDWAS,KXNFLSPREAD,KXNFLSPREAD-26OCT04INDWAS-IND17,IND Colts wins by over 16.5 points?,0.1700,0.1800,0.1400,11470.00,11306.00,active,2026-10-06T13:30:00Z,2026-10-01T13:50:16+00:00
KXNFLSPREAD-26OCT04INDWAS,KXNFLSPREAD,KXNFLSPREAD-26OCT04INDWAS-WAS8,WAS Commanders wins by over 7.5 points?,0.1300,0.1400,0.1500,790.00,765.00,active,2026-10-06T13:30:00Z,2026-10-01T13:50:16+00:00
KXNFLSPREAD-26OCT04INDWAS,KXNFLSPREAD,KXNFLSPREAD-26OCT04INDWAS-IND4,IND Colts wins by over 3.5 points?,0.5100,0.5200,0.5200,42798.14,29223.77,active,2026-10-06T13:30:00Z,2026-10-01T13:50:16+00:00
KXNFLSPREAD-26OCT04INDWAS,KXNFLSPREAD,KXNFLSPREAD-26OCT04INDWAS-IND21,IND Colts wins by over 20.5 points?,0.1000,0.1200,0.1100,33215.98,27523.03,active,2026-10-06T13:30:00Z,2026-10-01T13:50:16+00:00
KXNFLSPREAD-26OCT04INDWAS,KXNFLSPREAD,KXNFLSPREAD-26OCT04INDWAS-IND14,IND Colts wins by over 13.5 points?,0.2300,0.2400,0.2300,12644.63,9860.63,active,2026-10-06T13:30:00Z,2026-10-01T13:50:16+00:00
KXNFLSPREAD-26OCT04INDWAS,KXNFLSPREAD,KXNFLSPREAD-26OCT04INDWAS-IND3,IND Colts wins by over 2.5 points?,0.5900,0.6000,0.6000,38283.62,11318.06,active,2026-10-06T13:30:00Z,2026-10-01T13:50:16+00:00
KXNFLSPREAD-26OCT04INDWAS,KXNFLSPREAD,KXNFLSPREAD-26OCT04INDWAS-WAS7,WAS Commanders wins by over 6.5 points?,0.1700,0.1800,0.1800,1923.64,1873.64,active,2026-10-06T13:30:00Z,2026-10-01T13:50:16+00:00
KXNFLSPREAD-26OCT04INDWAS,KXNFLSPREAD,KXNFLSPREAD-26OCT04INDWAS-IND7,IND Colts wins by over 6.5 points?,0.4000,0.4200,0.4100,9526.54,7074.65,active,2026-10-06T13:30:00Z,2026-10-01T13:50:16+00:00
KXNFLSPREAD-26OCT04INDWAS,KXNFLSPREAD,KXNFLSPREAD-26OCT04INDWAS-IND8,IND Colts wins by over 7.5 points?,0.3500,0.3600,0.3500,22137.13,12648.46,active,2026-10-06T13:30:00Z,2026-10-01T13:50:16+00:00
KXNFLSPREAD-26OCT04INDWAS,KXNFLSPREAD,KXNFLSPREAD-26OCT04INDWAS-WAS10,WAS Commanders wins by over 9.5 points?,0.1200,0.1300,0.1200,110636.94,77448.97,active,2026-10-06T13:30:00Z,2026-10-01T13:50:16+00:00
KXNFLSPREAD-26OCT04INDWAS,KXNFLSPREAD,KXNFLSPREAD-26OCT04INDWAS-WAS11,WAS Commanders wins by over 10.5 points?,0.0900,0.1000,0.1100,79905.00,77159.00,active,2026-10-06T13:30:00Z,2026-10-01T13:50:16+00:00
KXNFLSPREAD-26OCT04INDWAS,KXNFLSPREAD,KXNFLSPREAD-26OCT04INDWAS-WAS15,WAS Commanders wins by over 14.5 points?,0.0600,0.0800,0.0800,173.10,143.10,active,2026-10-06T13:30:00Z,2026-10-01T13:50:16+00:00
KXNFLSPREAD-26OCT04INDWAS,KXNFLSPREAD,KXNFLSPREAD-26OCT04INDWAS-IND5,IND Colts wins by over 4.5 points?,0.4700,0.4800,0.4700,793.65,715.55,active,2026-10-06T13:30:00Z,2026-10-01T13:50:16+00:00
KXNFLSPREAD-26OCT04INDWAS,KXNFLSPREAD,KXNFLSPREAD-26OCT04INDWAS-IND10,IND Colts wins by over 9.5 points?,0.3100,0.3200,0.3000,22185.96,20047.46,active,2026-10-06T13:30:00Z,2026-10-01T13:50:16+00:00
KXNFLSPREAD-26OCT04INDWAS,KXNFLSPREAD,KXNFLSPREAD-26OCT04INDWAS-IND18,IND Colts wins by over 17.5 points?,0.1400,0.1600,0.1200,44815.33,26080.01,active,2026-10-06T13:30:00Z,2026-10-01T13:50:16+00:00
KXNFLSPREAD-26OCT04INDWAS,KXNFLSPREAD,KXNFLSPREAD-26OCT04INDWAS-IND11,IND Colts wins by over 10.5 points?,0.2700,0.2800,0.2800,5842.34,5717.34,active,2026-10-06T13:30:00Z,2026-10-01T13:50:16+00:00
KXNFLSPREAD-26OCT04INDWAS,KXNFLSPREAD,KXNFLSPREAD-26OCT04INDWAS-WAS14,WAS Commanders wins by over 13.5 points?,0.0800,0.0900,0.1200,70.87,70.87,active,2026-10-06T13:30:00Z,2026-10-01T13:50:16+00:00
KXNFLSPREAD-26OCT04INDWAS,KXNFLSPREAD,KXNFLSPREAD-26OCT04INDWAS-WAS4,WAS Commanders wins by over 3.5 points?,0.2400,0.2500,0.2400,2133.89,1932.71,active,2026-10-06T13:30:00Z,2026-10-01T13:50:16+00:00
KXNFLSPREAD-26OCT04INDWAS,KXNFLSPREAD,KXNFLSPREAD-26OCT04INDWAS-WAS5,WAS Commanders wins by over 4.5 points?,0.2200,0.2300,0.2200,102.82,102.82,active,2026-10-06T13:30:00Z,2026-10-01T13:50:16+00:00
KXNFLSPREAD-26OCT04INDWAS,KXNFLSPREAD,KXNFLSPREAD-26OCT04INDWAS-IND15,IND Colts wins by over 14.5 points?,0.2000,0.2100,0.2000,1175.00,650.00,active,2026-10-06T13:30:00Z,2026-10-01T13:50:16+00:00
KXNFLSPREAD-26OCT04INDWAS,KXNFLSPREAD,KXNFLSPREAD-26OCT04INDWAS-WAS2,WAS Commanders wins by over 1.5 points?,0.3200,0.3400,0.3300,18399.62,16639.65,active,2026-10-06T13:30:00Z,2026-10-01T13:50:16+00:00
KXNFLSPREAD-26OCT04JACCIN,KXNFLSPREAD,KXNFLSPREAD-26OCT04JACCIN-CIN4,CIN Bengals wins by over 3.5 points?,0.4300,0.4400,0.4300,895.05,815.68,active,2026-10-06T17:00:00Z,2026-10-01T13:50:16+00:00
KXNFLSPREAD-26OCT04JACCIN,KXNFLSPREAD,KXNFLSPREAD-26OCT04JACCIN-JAC7,JAC Jaguars wins by over 6.5 points?,0.2300,0.2400,0.2400,461.23,461.23,active,2026-10-06T17:00:00Z,2026-10-01T13:50:16+00:00
KXNFLSPREAD-26OCT04JACCIN,KXNFLSPREAD,KXNFLSPREAD-26OCT04JACCIN-JAC2,JAC Jaguars wins by over 1.5 points?,0.3900,0.4000,0.4000,8972.08,8972.08,active,2026-10-06T17:00:00Z,2026-10-01T13:50:16+00:00
KXNFLSPREAD-26OCT04JACCIN,KXNFLSPREAD,KXNFLSPREAD-26OCT04JACCIN-JAC6,JAC Jaguars wins by over 5.5 points?,0.2500,0.2600,0.2600,7798.16,5667.60,active,2026-10-06T17:00:00Z,2026-10-01T13:50:16+00:00
KXNFLSPREAD-26OCT04JACCIN,KXNFLSPREAD,KXNFLSPREAD-26OCT04JACCIN-JAC5,JAC Jaguars wins by over 4.5 points?,0.2700,0.2800,0.2800,1798.56,1798.56,active,2026-10-06T17:00:00Z,2026-10-01T13:50:16+00:00
KXNFLSPREAD-26OCT04JACCIN,KXNFLSPREAD,KXNFLSPREAD-26OCT04JACCIN-JAC8,JAC Jaguars wins by over 7.5 points?,0.1900,0.2000,0.2000,364.12,230.12,active,2026-10-06T17:00:00Z,2026-10-01T13:50:16+00:00
KXNFLSPREAD-26OCT04JACCIN,KXNFLSPREAD,KXNFLSPREAD-26OCT04JACCIN-CIN8,CIN Bengals wins by over 7.5 points?,0.2900,0.3100,0.3000,8903.18,8707.30,active,2026-10-06T17:00:00Z,2026-10-01T13:50:16+00:00
KXNFLSPREAD-26OCT04JACCIN,KXNFLSPREAD,KXNFLSPREAD-26OCT04JACCIN-CIN21,CIN Bengals wins by over 20.5 points?,0.0800,0.1000,0.0700,4471.91,4315.91,active,2026-10-06T17:00:00Z,2026-10-01T13:50:16+00:00
KXNFLSPREAD-26OCT04JACCIN,KXNFLSPREAD,KXNFLSPREAD-26OCT04JACCIN-JAC11,JAC Jaguars wins by over 10.5 points?,0.1300,0.1500,0.0000,0.00,0.00,active,2026-10-06T17:00:00Z,2026-10-01T13:50:16+00:00
KXNFLSPREAD-26OCT04JACCIN,KXNFLSPREAD,KXNFLSPREAD-26OCT04JACCIN-JAC10,JAC Jaguars wins by over 9.5 points?,0.1600,0.1700,0.1700,460.52,432.52,active,2026-10-06T17:00:00Z,2026-10-01T13:50:16+00:00
KXNFLSPREAD-26OCT04JACCIN,KXNFLSPREAD,KXNFLSPREAD-26OCT04JACCIN-JAC15,JAC Jaguars wins by over 14.5 points?,0.0900,0.1000,0.0800,1818.00,1027.00,active,2026-10-06T17:00:00Z,2026-10-01T13:50:16+00:00
KXNFLSPREAD-26OCT04JACCIN,KXNFLSPREAD,KXNFLSPREAD-26OCT04JACCIN-CIN10,CIN Bengals wins by over 9.5 points?,0.2500,0.2600,0.2500,11143.60,10614.62,active,2026-10-06T17:00:00Z,2026-10-01T13:50:16+00:00
KXNFLSPREAD-26OCT04JACCIN,KXNFLSPREAD,KXNFLSPREAD-26OCT04JACCIN-CIN11,CIN Bengals wins by over 10.5 points?,0.2200,0.2300,0.2200,25605.60,22384.60,active,2026-10-06T17:00:00Z,2026-10-01T13:50:16+00:00
KXNFLSPREAD-26OCT04JACCIN,KXNFLSPREAD,KXNFLSPREAD-26OCT04JACCIN-CIN3,CIN Bengals wins by over 2.5 points?,0.5200,0.5300,0.5300,20357.12,19807.53,active,2026-10-06T17:00:00Z,2026-10-01T13:50:16+00:00
KXNFLSPREAD-26OCT04JACCIN,KXNFLSPREAD,KXNFLSPREAD-26OCT04JACCIN-JAC14,JAC Jaguars wins by over 13.5 points?,0.1000,0.1200,0.0000,0.00,0.00,active,2026-10-06T17:00:00Z,2026-10-01T13:50:16+00:00
KXNFLSPREAD-26OCT04JACCIN,KXNFLSPREAD,KXNFLSPREAD-26OCT04JACCIN-CIN6,CIN Bengals wins by over 5.5 points?,0.3700,0.3900,0.3700,10875.63,10656.82,active,2026-10-06T17:00:00Z,2026-10-01T13:50:16+00:00
KXNFLSPREAD-26OCT04JACCIN,KXNFLSPREAD,KXNFLSPREAD-26OCT04JACCIN-CIN5,CIN Bengals wins by over 4.5 points?,0.4000,0.4100,0.4100,8963.73,8963.73,active,2026-10-06T17:00:00Z,2026-10-01T13:50:16+00:00
KXNFLSPREAD-26OCT04JACCIN,KXNFLSPREAD,KXNFLSPREAD-26OCT04JACCIN-JAC3,JAC Jaguars wins by over 2.5 points?,0.3700,0.3800,0.3800,9765.46,9487.34,active,2026-10-06T17:00:00Z,2026-10-01T13:50:16+00:00
KXNFLSPREAD-26OCT04JACCIN,KXNFLSPREAD,KXNFLSPREAD-26OCT04JACCIN-CIN15,CIN Bengals wins by over 14.5 points?,0.1500,0.1700,0.1500,37691.84,21231.78,active,2026-10-06T17:00:00Z,2026-10-01T13:50:16+00:00
KXNFLSPREAD-26OCT04JACCIN,KXNFLSPREAD,KXNFLSPREAD-26OCT04JACCIN-CIN18,CIN Bengals wins by over 17.5 points?,0.1100,0.1200,0.1100,41912.49,21749.19,active,2026-10-06T17:00:00Z,2026-10-01T13:50:16+00:00
KXNFLSPREAD-26OCT04JACCIN,KXNFLSPREAD,KXNFLSPREAD-26OCT04JACCIN-JAC4,JAC Jaguars wins by over 3.5 points?,0.2900,0.3000,0.3000,153.22,153.22,active,2026-10-06T17:00:00Z,2026-10-01T13:50:16+00:00
KXNFLSPREAD-26OCT04JACCIN,KXNFLSPREAD,KXNFLSPREAD-26OCT04JACCIN-CIN7,CIN Bengals wins by over 6.5 points?,0.3600,0.3700,0.3700,2175.52,1921.52,active,2026-10-06T17:00:00Z,2026-10-01T13:50:16+00:00
KXNFLSPREAD-26OCT04JACCIN,KXNFLSPREAD,KXNFLSPREAD-26OCT04JACCIN-CIN14,CIN Bengals wins by over 13.5 points?,0.1800,0.1900,0.1700,27333.89,14356.22,active,2026-10-06T17:00:00Z,2026-10-01T13:50:16+00:00
KXNFLSPREAD-26OCT04JACCIN,KXNFLSPREAD,KXNFLSPREAD-26OCT04JACCIN-CIN17,CIN Bengals wins by over 16.5 points?,0.1300,0.1500,0.1200,10106.09,9512.91,active,2026-10-06T17:00:00Z,2026-10-01T13:50:16+00:00
KXNFLSPREAD-26OCT04JACCIN,KXNFLSPREAD,KXNFLSPREAD-26OCT04JACCIN-CIN2,CIN Bengals wins by over 1.5 points?,0.5500,0.5600,0.5500,195.88,83.62,active,2026-10-06T17:00:00Z,2026-10-01T13:50:16+00:00
KXNFLSPREAD-26OCT04KCLV,KXNFLSPREAD,KXNFLSPREAD-26OCT04KCLV-LV5,LV Raiders wins by over 4.5 points?,0.2000,0.2100,0.2100,1783.00,797.42,active,2026-10-06T20:25:00Z,2026-10-01T13:50:16+00:00
KXNFLSPREAD-26OCT04KCLV,KXNFLSPREAD,KXNFLSPREAD-26OCT04KCLV-LV8,LV Raiders wins by over 7.5 points?,0.1300,0.1400,0.1400,213.00,196.53,active,2026-10-06T20:25:00Z,2026-10-01T13:50:16+00:00
KXNFLSPREAD-26OCT04KCLV,KXNFLSPREAD,KXNFLSPREAD-26OCT04KCLV-LV11,LV Raiders wins by over 10.5 points?,0.0800,0.1000,0.1000,538.00,538.00,active,2026-10-06T20:25:00Z,2026-10-01T13:50:16+00:00
KXNFLSPREAD-26OCT04KCLV,KXNFLSPREAD,KXNFLSPREAD-26OCT04KCLV-KC21,KC Chiefs wins by over 20.5 points?,0.1200,0.1300,0.1200,563.04,328.38,active,2026-10-06T20:25:00Z,2026-10-01T13:50:16+00:00
KXNFLSPREAD-26OCT04KCLV,KXNFLSPREAD,KXNFLSPREAD-26OCT04KCLV-KC7,KC Chiefs wins by over 6.5 points?,0.4200,0.4300,0.4300,11735.15,8287.60,active,2026-10-06T20:25:00Z,2026-10-01T13:50:16+00:00
KXNFLSPREAD-26OCT04KCLV,KXNFLSPREAD,KXNFLSPREAD-26OCT04KCLV-KC6,KC Chiefs wins by over 5.5 points?,0.4500,0.4700,0.4600,2521.06,1660.08,active,2026-10-06T20:25:00Z,2026-10-01T13:50:16+00:00
KXNFLSPREAD-26OCT04KCLV,KXNFLSPREAD,KXNFLSPREAD-26OCT04KCLV-KC2,KC Chiefs wins by over 1.5 points?,0.6200,0.6300,0.6300,2607.97,2482.97,active,2026-10-06T20:25:00Z,2026-10-01T13:50:16+00:00
KXNFLSPREAD-26OCT04KCLV,KXNFLSPREAD,KXNFLSPREAD-26OCT04KCLV-KC11,KC Chiefs wins by over 10.5 points?,0.2800,0.3000,0.3000,25765.01,15738.95,active,2026-10-06T20:25:00Z,2026-10-01T13:50:16+00:00
KXNFLSPREAD-26OCT04KCLV,KXNFLSPREAD,KXNFLSPREAD-26OCT04KCLV-KC4,KC Chiefs wins by over 3.5 points?,0.5200,0.5300,0.5300,3412.63,2938.04,active,2026-10-06T20:25:00Z,2026-10-01T13:50:16+00:00
KXNFLSPREAD-26OCT04KCLV,KXNFLSPREAD,KXNFLSPREAD-26OCT04KCLV-LV3,LV Raiders wins by over 2.5 points?,0.2800,0.2900,0.2900,4462.36,4299.44,active,2026-10-06T20:25:00Z,2026-10-01T13:50:16+00:00
KXNFLSPREAD-26OCT04KCLV,KXNFLSPREAD,KXNFLSPREAD-26OCT04KCLV-LV4,LV Raiders wins by over 3.5 points?,0.2200,0.2300,0.2300,6348.10,5478.24,active,2026-10-06T20:25:00Z,2026-10-01T13:50:16+00:00
KXNFLSPREAD-26OCT04KCLV,KXNFLSPREAD,KXNFLSPREAD-26OCT04KCLV-LV10,LV Raiders wins by over 9.5 points?,0.0900,0.1000,0.1100,734.61,689.61,active,2026-10-06T20:25:00Z,2026-10-01T13:50:16+00:00
KXNFLSPREAD-26OCT04KCLV,KXNFLSPREAD,KXNFLSPREAD-26OCT04KCLV-KC10,KC Chiefs wins by over 9.5 points?,0.3200,0.3300,0.3300,13434.62,6545.53,active,2026-10-06T20:25:00Z,2026-10-01T13:50:16+00:00
KXNFLSPREAD-26OCT04KCLV,KXNFLSPREAD,KXNFLSPREAD-26OCT04KCLV-LV6,LV Raiders wins by over 5.5 points?,0.1800,0.2000,0.2000,2106.91,2031.91,active,2026-10-06T20:25:00Z,2026-10-01T13:50:16+00:00
KXNFLSPREAD-26OCT04KCLV,KXNFLSPREAD,KXNFLSPREAD-26OCT04KCLV-LV15,LV Raiders wins by over 14.5 points?,0.0600,0.0700,0.0500,1335.74,399.98,active,2026-10-06T20:25:00Z,2026-10-01T13:50:16+00:00
KXNFLSPREAD-26OCT04KCLV,KXNFLSPREAD,KXNFLSPREAD-26OCT04KCLV-KC15,KC Chiefs wins by over 14.5 points?,0.2000,0.2100,0.2100,417.89,416.89,active,2026-10-06T20:25:00Z,2026-10-01T13:50:16+00:00
KXNFLSPREAD-26OCT04KCLV,KXNFLSPREAD,KXNFLSPREAD-26OCT04KCLV-KC14,KC Chiefs wins by over 13.5 points?,0.2300,0.2400,0.2300,9022.79,6490.79,active,2026-10-06T20:25:00Z,2026-10-01T13:50:16+00:00
KXNFLSPREAD-26OCT04KCLV,KXNFLSPREAD,KXNFLSPREAD-26OCT04KCLV-LV7,LV Raiders wins by over 6.5 points?,0.1600,0.1700,0.1700,4316.06,4087.51,active,2026-10-06T20:25:00Z,2026-10-01T13:50:16+00:00
KXNFLSPREAD-26OCT04KCLV,KXNFLSPREAD,KXNFLSPREAD-26OCT04KCLV-KC17,KC Chiefs wins by over 16.5 points?,0.1800,0.1900,0.1700,444.33,431.58,active,2026-10-06T20:25:00Z,2026-10-01T13:50:16+00:00
KXNFLSPREAD-26OCT04KCLV,KXNFLSPREAD,KXNFLSPREAD-26OCT04KCLV-LV14,LV Raiders wins by over 13.5 points?,0.0600,0.0700,0.0600,386.36,104.50,active,2026-10-06T20:25:00Z,2026-10-01T13:50:16+00:00
KXNFLSPREAD-26OCT04KCLV,KXNFLSPREAD,KXNFLSPREAD-26OCT04KCLV-LV2,LV Raiders wins by over 1.5 points?,0.3100,0.3300,0.3200,2004.94,1815.87,active,2026-10-06T20:25:00Z,2026-10-01T13:50:16+00:00
KXNFLSPREAD-26OCT04KCLV,KXNFLSPREAD,KXNFLSPREAD-26OCT04KCLV-KC18,KC Chiefs wins by over 17.5 points?,0.1600,0.1800,0.1700,13094.23,9112.11,active,2026-10-06T20:25:00Z,2026-10-01T13:50:16+00:00
KXNFLSPREAD-26OCT04KCLV,KXNFLSPREAD,KXNFLSPREAD-26OCT04KCLV-KC3,KC Chiefs wins by over 2.5 points?,0.6000,0.6100,0.6100,809.26,761.92,active,2026-10-06T20:25:00Z,2026-10-01T13:50:16+00:00
KXNFLSPREAD-26OCT04KCLV,KXNFLSPREAD,KXNFLSPREAD-26OCT04KCLV-KC5,KC Chiefs wins by over 4.5 points?,0.4800,0.4900,0.4900,48010.55,29161.79,active,2026-10-06T20:25:00Z,2026-10-01T13:50:16+00:00
KXNFLSPREAD-26OCT04KCLV,KXNFLSPREAD,KXNFLSPREAD-26OCT04KCLV-KC8,KC Chiefs wins by over 7.5 points?,0.3600,0.3700,0.3700,1290.99,930.56,active,2026-10-06T20:25:00Z,2026-10-01T13:50:16+00:00
KXNFLSPREAD-26OCT04LACSEA,KXNFLSPREAD,KXNFLSPREAD-26OCT04LACSEA-LAC7,LA Chargers wins by over 6.5 points?,0.1100,0.1200,0.1200,18873.96,18670.96,active,2026-10-06T20:25:00Z,2026-10-01T13:50:16+00:00
KXNFLSPREAD-26OCT04LACSEA,KXNFLSPREAD,KXNFLSPREAD-26OCT04LACSEA-LAC2,LA Chargers wins by over 1.5 points?,0.2100,0.2200,0.2200,7218.82,6958.02,active,2026-10-06T20:25:00Z,2026-10-01T13:50:16+00:00
KXNFLSPREAD-26OCT04LACSEA,KXNFLSPREAD,KXNFLSPREAD-26OCT04LACSEA-LAC5,LA Chargers wins by over 4.5 points?,0.1400,0.1500,0.1500,16407.24,16260.24,active,2026-10-06T20:25:00Z,2026-10-01T13:50:16+00:00
KXNFLSPREAD-26OCT04LACSEA,KXNFLSPREAD,KXNFLSPREAD-26OCT04LACSEA-SEA18,SEA Seahawks wins by over 17.5 points?,0.2100,0.2300,0.2200,329.14,167.14,active,2026-10-06T20:25:00Z,2026-10-01T13:50:16+00:00
KXNFLSPREAD-26OCT04LACSEA,KXNFLSPREAD,KXNFLSPREAD-26OCT04LACSEA-LAC3,LA Chargers wins by over 2.5 points?,0.2000,0.2100,0.2100,5361.23,5212.35,active,2026-10-06T20:25:00Z,2026-10-01T13:50:16+00:00
KXNFLSPREAD-26OCT04LACSEA,KXNFLSPREAD,KXNFLSPREAD-26OCT04LACSEA-LAC15,LA Chargers wins by over 14.5 points?,0.0400,0.0500,0.0000,0.00,0.00,active,2026-10-06T20:25:00Z,2026-10-01T13:50:16+00:00
KXNFLSPREAD-26OCT04LACSEA,KXNFLSPREAD,KXNFLSPREAD-26OCT04LACSEA-LAC4,LA Chargers wins by over 3.5 points?,0.1500,0.1700,0.1700,1387.55,1088.00,active,2026-10-06T20:25:00Z,2026-10-01T13:50:16+00:00
KXNFLSPREAD-26OCT04LACSEA,KXNFLSPREAD,KXNFLSPREAD-26OCT04LACSEA-SEA21,SEA Seahawks wins by over 20.5 points?,0.1600,0.1700,0.1700,699.26,673.26,active,2026-10-06T20:25:00Z,2026-10-01T13:50:16+00:00
KXNFLSPREAD-26OCT04LACSEA,KXNFLSPREAD,KXNFLSPREAD-26OCT04LACSEA-SEA15,SEA Seahawks wins by over 14.5 points?,0.2700,0.2800,0.2700,7037.90,6653.31,active,2026-10-06T20:25:00Z,2026-10-01T13:50:16+00:00
KXNFLSPREAD-26OCT04LACSEA,KXNFLSPREAD,KXNFLSPREAD-26OCT04LACSEA-SEA10,SEA Seahawks wins by over 9.5 points?,0.4200,0.4300,0.4200,7300.32,7147.00,active,2026-10-06T20:25:00Z,2026-10-01T13:50:16+00:00
KXNFLSPREAD-26OCT04LACSEA,KXNFLSPREAD,KXNFLSPREAD-26OCT04LACSEA-SEA5,SEA Seahawks wins by over 4.5 points?,0.6000,0.6200,0.5900,8.94,6.94,active,2026-10-06T20:25:00Z,2026-10-01T13:50:16+00:00
KXNFLSPREAD-26OCT04LACSEA,KXNFLSPREAD,KXNFLSPREAD-26OCT04LACSEA-LAC8,LA Chargers wins by over 7.5 points?,0.0800,0.1000,0.0800,18965.08,18856.00,active,2026-10-06T20:25:00Z,2026-10-01T13:50:16+00:00
KXNFLSPREAD-26OCT04LACSEA,KXNFLSPREAD,KXNFLSPREAD-26OCT04LACSEA-SEA24,SEA Seahawks wins by over 23.5 points?,0.1100,0.1300,0.1300,2106.25,2104.25,active,2026-10-06T20:25:00Z,2026-10-01T13:50:16+00:00
KXNFLSPREAD-26OCT04LACSEA,KXNFLSPREAD,KXNFLSPREAD-26OCT04LACSEA-SEA2,SEA Seahawks wins by over 1.5 points?,0.7300,0.7500,0.7300,1206.72,1206.72,active,2026-10-06T20:25:00Z,2026-10-01T13:50:16+00:00
KXNFLSPREAD-26OCT04LACSEA,KXNFLSPREAD,KXNFLSPREAD-26OCT04LACSEA-SEA3,SEA Seahawks wins by over 2.5 points?,0.7100,0.7200,0.7200,911.31,386.31,active,2026-10-06T20:25:00Z,2026-10-01T13:50:16+00:00
KXNFLSPREAD-26OCT04LACSEA,KXNFLSPREAD,KXNFLSPREAD-26OCT04LACSEA-SEA6,SEA Seahawks wins by over 5.5 points?,0.5800,0.5900,0.5900,3194.58,3171.16,active,2026-10-06T20:25:00Z,2026-10-01T13:50:16+00:00
KXNFLSPREAD-26OCT04LACSEA,KXNFLSPREAD,KXNFLSPREAD-26OCT04LACSEA-SEA14,SEA Seahawks wins by over 13.5 points?,0.3200,0.3400,0.3200,501.93,401.93,active,2026-10-06T20:25:00Z,2026-10-01T13:50:16+00:00
KXNFLSPREAD-26OCT04LACSEA,KXNFLSPREAD,KXNFLSPREAD-26OCT04LACSEA-LAC10,LA Chargers wins by over 9.5 points?,0.0600,0.0800,0.0700,820.18,767.00,active,2026-10-06T20:25:00Z,2026-10-01T13:50:16+00:00
KXNFLSPREAD-26OCT04LACSEA,KXNFLSPREAD,KXNFLSPREAD-26OCT04LACSEA-SEA8,SEA Seahawks wins by over 7.5 points?,0.4600,0.4700,0.4600,13080.99,10866.53,active,2026-10-06T20:25:00Z,2026-10-01T13:50:16+00:00
KXNFLSPREAD-26OCT04LACSEA,KXNFLSPREAD,KXNFLSPREAD-26OCT04LACSEA-SEA4,SEA Seahawks wins by over 3.5 points?,0.6300,0.6400,0.6400,35099.13,35022.93,active,2026-10-06T20:25:00Z,2026-10-01T13:50:16+00:00
KXNFLSPREAD-26OCT04LACSEA,KXNFLSPREAD,KXNFLSPREAD-26OCT04LACSEA-SEA7,SEA Seahawks wins by over 6.5 points?,0.5500,0.5600,0.5600,16741.74,16439.38,active,2026-10-06T20:25:00Z,2026-10-01T13:50:16+00:00
KXNFLSPREAD-26OCT04LACSEA,KXNFLSPREAD,KXNFLSPREAD-26OCT04LACSEA-SEA11,SEA Seahawks wins by over 10.5 points?,0.3900,0.4000,0.3800,8624.71,7992.89,active,2026-10-06T20:25:00Z,2026-10-01T13:50:16+00:00
KXNFLSPREAD-26OCT04LACSEA,KXNFLSPREAD,KXNFLSPREAD-26OCT04LACSEA-LAC6,LA Chargers wins by over 5.5 points?,0.1200,0.1300,0.1400,250.37,235.37,active,2026-10-06T20:25:00Z,2026-10-01T13:50:16+00:00
KXNFLSPREAD-26OCT04LACSEA,KXNFLSPREAD,KXNFLSPREAD-26OCT04LACSEA-SEA28,SEA Seahawks wins by over 27.5 points?,0.0600,0.0800,0.0000,0.00,0.00,active,2026-10-06T20:25:00Z,2026-10-01T13:50:16+00:00
KXNFLSPREAD-26OCT04LACSEA,KXNFLSPREAD,KXNFLSPREAD-26OCT04LACSEA-LAC11,LA Chargers wins by over 10.5 points?,0.0500,0.0700,0.0700,113.23,109.23,active,2026-10-06T20:25:00Z,2026-10-01T13:50:16+00:00
KXNFLSPREAD-26OCT04LACSEA,KXNFLSPREAD,KXNFLSPREAD-26OCT04LACSEA-LAC14,LA Chargers wins by over 13.5 points?,0.0400,0.0600,0.0700,42.00,42.00,active,2026-10-06T20:25:00Z,2026-10-01T13:50:16+00:00
KXNFLSPREAD-26OCT04LACSEA,KXNFLSPREAD,KXNFLSPREAD-26OCT04LACSEA-SEA17,SEA Seahawks wins by over 16.5 points?,0.2500,0.2600,0.2300,23802.82,23033.00,active,2026-10-06T20:25:00Z,2026-10-01T13:50:16+00:00
KXNFLSPREAD-26OCT04LARPHI,KXNFLSPREAD,KXNFLSPREAD-26OCT04LARPHI-LAR18,LA Rams wins by over 17.5 points?,0.1300,0.1400,0.0900,38421.19,23043.65,active,2026-10-06T17:00:00Z,2026-10-01T13:50:16+00:00
KXNFLSPREAD-26OCT04LARPHI,KXNFLSPREAD,KXNFLSPREAD-26OCT04LARPHI-LAR14,LA Rams wins by over 13.5 points?,0.1900,0.2000,0.2000,51789.82,48866.51,active,2026-10-06T17:00:00Z,2026-10-01T13:50:16+00:00
KXNFLSPREAD-26OCT04LARPHI,KXNFLSPREAD,KXNFLSPREAD-26OCT04LARPHI-LAR7,LA Rams wins by over 6.5 points?,0.3700,0.3800,0.3800,34059.48,31570.89,active,2026-10-06T17:00:00Z,2026-10-01T13:50:16+00:00
KXNFLSPREAD-26OCT04LARPHI,KXNFLSPREAD,KXNFLSPREAD-26OCT04LARPHI-LAR11,LA Rams wins by over 10.5 points?,0.2300,0.2400,0.2400,17370.30,12897.23,active,2026-10-06T17:00:00Z,2026-10-01T13:50:16+00:00
KXNFLSPREAD-26OCT04LARPHI,KXNFLSPREAD,KXNFLSPREAD-26OCT04LARPHI-PHI8,PHI Eagles wins by over 7.5 points?,0.1600,0.1700,0.1700,10784.71,10759.71,active,2026-10-06T17:00:00Z,2026-10-01T13:50:16+00:00
KXNFLSPREAD-26OCT04LARPHI,KXNFLSPREAD,KXNFLSPREAD-26OCT04LARPHI-LAR10,LA Rams wins by over 9.5 points?,0.2700,0.2800,0.2800,25836.81,18167.95,active,2026-10-06T17:00:00Z,2026-10-01T13:50:16+00:00
KXNFLSPREAD-26OCT04LARPHI,KXNFLSPREAD,KXNFLSPREAD-26OCT04LARPHI-LAR15,LA Rams wins by over 14.5 points?,0.1700,0.1800,0.1700,46243.70,39145.32,active,2026-10-06T17:00:00Z,2026-10-01T13:50:16+00:00
KXNFLSPREAD-26OCT04LARPHI,KXNFLSPREAD,KXNFLSPREAD-26OCT04LARPHI-PHI10,PHI Eagles wins by over 9.5 points?,0.1200,0.1400,0.1500,5885.00,5758.00,active,2026-10-06T17:00:00Z,2026-10-01T13:50:16+00:00
KXNFLSPREAD-26OCT04LARPHI,KXNFLSPREAD,KXNFLSPREAD-26OCT04LARPHI-PHI14,PHI Eagles wins by over 13.5 points?,0.0900,0.1000,0.1100,115.00,115.00,active,2026-10-06T17:00:00Z,2026-10-01T13:50:16+00:00
KXNFLSPREAD-26OCT04LARPHI,KXNFLSPREAD,KXNFLSPREAD-26OCT04LARPHI-LAR8,LA Rams wins by over 7.5 points?,0.3100,0.3200,0.3100,34198.36,21595.09,active,2026-10-06T17:00:00Z,2026-10-01T13:50:16+00:00
KXNFLSPREAD-26OCT04LARPHI,KXNFLSPREAD,KXNFLSPREAD-26OCT04LARPHI-PHI15,PHI Eagles wins by over 14.5 points?,0.0700,0.0800,0.0700,11.58,11.58,active,2026-10-06T17:00:00Z,2026-10-01T13:50:16+00:00
KXNFLSPREAD-26OCT04LARPHI,KXNFLSPREAD,KXNFLSPREAD-26OCT04LARPHI-PHI2,PHI Eagles wins by over 1.5 points?,0.3700,0.3800,0.4000,5246.63,4880.63,active,2026-10-06T17:00:00Z,2026-10-01T13:50:16+00:00
KXNFLSPREAD-26OCT04LARPHI,KXNFLSPREAD,KXNFLSPREAD-26OCT04LARPHI-PHI4,PHI Eagles wins by over 3.5 points?,0.2800,0.2900,0.2900,38658.72,26744.70,active,2026-10-06T17:00:00Z,2026-10-01T13:50:16+00:00
KXNFLSPREAD-26OCT04LARPHI,KXNFLSPREAD,KXNFLSPREAD-26OCT04LARPHI-LAR21,LA Rams wins by over 20.5 points?,0.1000,0.1100,0.1100,64435.07,45066.55,active,2026-10-06T17:00:00Z,2026-10-01T13:50:16+00:00
KXNFLSPREAD-26OCT04LARPHI,KXNFLSPREAD,KXNFLSPREAD-26OCT04LARPHI-LAR5,LA Rams wins by over 4.5 points?,0.4300,0.4400,0.4200,3902.17,2855.89,active,2026-10-06T17:00:00Z,2026-10-01T13:50:16+00:00
KXNFLSPREAD-26OCT04LARPHI,KXNFLSPREAD,KXNFLSPREAD-26OCT04LARPHI-LAR2,LA Rams wins by over 1.5 points?,0.5800,0.5900,0.5900,19349.46,18392.53,active,2026-10-06T17:00:00Z,2026-10-01T13:50:16+00:00
KXNFLSPREAD-26OCT04LARPHI,KXNFLSPREAD,KXNFLSPREAD-26OCT04LARPHI-LAR4,LA Rams wins by over 3.5 points?,0.4600,0.4700,0.4700,28664.39,20706.79,active,2026-10-06T17:00:00Z,2026-10-01T13:50:16+00:00
KXNFLSPREAD-26OCT04LARPHI,KXNFLSPREAD,KXNFLSPREAD-26OCT04LARPHI-LAR6,LA Rams wins by over 5.5 points?,0.4000,0.4200,0.4000,719.27,597.21,active,2026-10-06T17:00:00Z,2026-10-01T13:50:16+00:00
KXNFLSPREAD-26OCT04LARPHI,KXNFLSPREAD,KXNFLSPREAD-26OCT04LARPHI-PHI6,PHI Eagles wins by over 5.5 points?,0.2200,0.2300,0.2400,1779.10,1760.00,active,2026-10-06T17:00:00Z,2026-10-01T13:50:16+00:00
KXNFLSPREAD-26OCT04LARPHI,KXNFLSPREAD,KXNFLSPREAD-26OCT04LARPHI-LAR3,LA Rams wins by over 2.5 points?,0.5600,0.5700,0.5700,61565.02,36708.52,active,2026-10-06T17:00:00Z,2026-10-01T13:50:16+00:00
KXNFLSPREAD-26OCT04LARPHI,KXNFLSPREAD,KXNFLSPREAD-26OCT04LARPHI-PHI7,PHI Eagles wins by over 6.5 points?,0.1900,0.2100,0.2200,2516.13,2493.13,active,2026-10-06T17:00:00Z,2026-10-01T13:50:16+00:00
KXNFLSPREAD-26OCT04LARPHI,KXNFLSPREAD,KXNFLSPREAD-26OCT04LARPHI-LAR17,LA Rams wins by over 16.5 points?,0.1400,0.1500,0.1500,17904.20,10051.53,active,2026-10-06T17:00:00Z,2026-10-01T13:50:16+00:00
KXNFLSPREAD-26OCT04LARPHI,KXNFLSPREAD,KXNFLSPREAD-26OCT04LARPHI-PHI5,PHI Eagles wins by over 4.5 points?,0.2500,0.2600,0.2500,30597.33,26059.99,active,2026-10-06T17:00:00Z,2026-10-01T13:50:16+00:00
KXNFLSPREAD-26OCT04LARPHI,KXNFLSPREAD,KXNFLSPREAD-26OCT04LARPHI-PHI3,PHI Eagles wins by over 2.5 points?,0.3500,0.3600,0.3600,16869.51,5078.16,active,2026-10-06T17:00:00Z,2026-10-01T13:50:16+00:00
KXNFLSPREAD-26OCT04LARPHI,KXNFLSPREAD,KXNFLSPREAD-26OCT04LARPHI-PHI11,PHI Eagles wins by over 10.5 points?,0.1200,0.1300,0.0000,0.00,0.00,active,2026-10-06T17:00:00Z,2026-10-01T13:50:16+00:00
KXNFLSPREAD-26OCT04MIAMIN,KXNFLSPREAD,KXNFLSPREAD-26OCT04MIAMIN-MIN21,MIN Vikings wins by over 20.5 points?,0.2300,0.2500,0.2200,26772.55,10730.94,active,2026-10-06T20:05:00Z,2026-10-01T13:50:16+00:00
KXNFLSPREAD-26OCT04MIAMIN,KXNFLSPREAD,KXNFLSPREAD-26OCT04MIAMIN-MIA3,MIA Dolphins wins by over 2.5 points?,0.1300,0.1500,0.1400,43.11,43.11,active,2026-10-06T20:05:00Z,2026-10-01T13:50:16+00:00
KXNFLSPREAD-26OCT04MIAMIN,KXNFLSPREAD,KXNFLSPREAD-26OCT04MIAMIN-MIA8,MIA Dolphins wins by over 7.5 points?,0.0400,0.0600,0.0400,4142.72,4139.69,active,2026-10-06T20:05:00Z,2026-10-01T13:50:16+00:00
KXNFLSPREAD-26OCT04MIAMIN,KXNFLSPREAD,KXNFLSPREAD-26OCT04MIAMIN-MIN5,MIN Vikings wins by over 4.5 points?,0.7000,0.7100,0.7200,14014.85,13816.68,active,2026-10-06T20:05:00Z,2026-10-01T13:50:16+00:00
KXNFLSPREAD-26OCT04MIAMIN,KXNFLSPREAD,KXNFLSPREAD-26OCT04MIAMIN-MIN3,MIN Vikings wins by over 2.5 points?,0.7900,0.8000,0.8100,2630.07,2130.07,active,2026-10-06T20:05:00Z,2026-10-01T13:50:16+00:00
KXNFLSPREAD-26OCT04MIAMIN,KXNFLSPREAD,KXNFLSPREAD-26OCT04MIAMIN-MIA11,MIA Dolphins wins by over 10.5 points?,0.0300,0.0400,0.0300,90.77,90.77,active,2026-10-06T20:05:00Z,2026-10-01T13:50:16+00:00
KXNFLSPREAD-26OCT04MIAMIN,KXNFLSPREAD,KXNFLSPREAD-26OCT04MIAMIN-MIN6,MIN Vikings wins by over 5.5 points?,0.6800,0.6900,0.6900,10117.68,6910.65,active,2026-10-06T20:05:00Z,2026-10-01T13:50:16+00:00
KXNFLSPREAD-26OCT04MIAMIN,KXNFLSPREAD,KXNFLSPREAD-26OCT04MIAMIN-MIN14,MIN Vikings wins by over 13.5 points?,0.4100,0.4200,0.4100,6775.51,6031.62,active,2026-10-06T20:05:00Z,2026-10-01T13:50:16+00:00
KXNFLSPREAD-26OCT04MIAMIN,KXNFLSPREAD,KXNFLSPREAD-26OCT04MIAMIN-MIN15,MIN Vikings wins by over 14.5 points?,0.3700,0.3800,0.3700,2645.58,2166.69,active,2026-10-06T20:05:00Z,2026-10-01T13:50:16+00:00
KXNFLSPREAD-26OCT04MIAMIN,KXNFLSPREAD,KXNFLSPREAD-26OCT04MIAMIN-MIN10,MIN Vikings wins by over 9.5 points?,0.5400,0.5500,0.5500,9675.24,7033.03,active,2026-10-06T20:05:00Z,2026-10-01T13:50:16+00:00
KXNFLSPREAD-26OCT04MIAMIN,KXNFLSPREAD,KXNFLSPREAD-26OCT04MIAMIN-MIN31,MIN Vikings wins by over 30.5 points?,0.0700,0.0800,0.0700,19200.63,19005.40,active,2026-10-06T20:05:00Z,2026-10-01T13:50:16+00:00
KXNFLSPREAD-26OCT04MIAMIN,KXNFLSPREAD,KXNFLSPREAD-26OCT04MIAMIN-MIA7,MIA Dolphins wins by over 6.5 points?,0.0600,0.0800,0.0700,3102.00,3102.00,active,2026-10-06T20:05:00Z,2026-10-01T13:50:16+00:00
KXNFLSPREAD-26OCT04MIAMIN,KXNFLSPREAD,KXNFLSPREAD-26OCT04MIAMIN-MIN24,MIN Vikings wins by over 23.5 points?,0.1700,0.1800,0.1800,67390.80,56113.06,active,2026-10-06T20:05:00Z,2026-10-01T13:50:16+00:00
KXNFLSPREAD-26OCT04MIAMIN,KXNFLSPREAD,KXNFLSPREAD-26OCT04MIAMIN-MIN2,MIN Vikings wins by over 1.5 points?,0.8100,0.8300,0.8300,394.00,174.00,active,2026-10-06T20:05:00Z,2026-10-01T13:50:16+00:00
KXNFLSPREAD-26OCT04MIAMIN,KXNFLSPREAD,KXNFLSPREAD-26OCT04MIAMIN-MIA10,MIA Dolphins wins by over 9.5 points?,0.0400,0.0600,0.0400,56.00,55.00,active,2026-10-06T20:05:00Z,2026-10-01T13:50:16+00:00
KXNFLSPREAD-26OCT04MIAMIN,KXNFLSPREAD,KXNFLSPREAD-26OCT04MIAMIN-MIN7,MIN Vikings wins by over 6.5 points?,0.6300,0.6500,0.6500,14779.82,14579.06,active,2026-10-06T20:05:00Z,2026-10-01T13:50:16+00:00
KXNFLSPREAD-26OCT04MIAMIN,KXNFLSPREAD,KXNFLSPREAD-26OCT04MIAMIN-MIA6,MIA Dolphins wins by over 5.5 points?,0.0800,0.0900,0.1000,220.09,220.09,active,2026-10-06T20:05:00Z,2026-10-01T13:50:16+00:00
KXNFLSPREAD-26OCT04MIAMIN,KXNFLSPREAD,KXNFLSPREAD-26OCT04MIAMIN-MIA4,MIA Dolphins wins by over 3.5 points?,0.1100,0.1200,0.1200,149.74,149.74,active,2026-10-06T20:05:00Z,2026-10-01T13:50:16+00:00
KXNFLSPREAD-26OCT04MIAMIN,KXNFLSPREAD,KXNFLSPREAD-26OCT04MIAMIN-MIN28,MIN Vikings wins by over 27.5 points?,0.1000,0.1200,0.1200,23766.93,22961.93,active,2026-10-06T20:05:00Z,2026-10-01T13:50:16+00:00
KXNFLSPREAD-26OCT04MIAMIN,KXNFLSPREAD,KXNFLSPREAD-26OCT04MIAMIN-MIN17,MIN Vikings wins by over 16.5 points?,0.3300,0.3400,0.3400,5873.90,1012.42,active,2026-10-06T20:05:00Z,2026-10-01T13:50:16+00:00
KXNFLSPREAD-26OCT04MIAMIN,KXNFLSPREAD,KXNFLSPREAD-26OCT04MIAMIN-MIN4,MIN Vikings wins by over 3.5 points?,0.7200,0.7300,0.7200,71667.11,64870.24,active,2026-10-06T20:05:00Z,2026-10-01T13:50:16+00:00
KXNFLSPREAD-26OCT04MIAMIN,KXNFLSPREAD,KXNFLSPREAD-26OCT04MIAMIN-MIN18,MIN Vikings wins by over 17.5 points?,0.3000,0.3100,0.3000,10348.83,7502.71,active,2026-10-06T20:05:00Z,2026-10-01T13:50:16+00:00
KXNFLSPREAD-26OCT04MIAMIN,KXNFLSPREAD,KXNFLSPREAD-26OCT04MIAMIN-MIA5,MIA Dolphins wins by over 4.5 points?,0.0800,0.1000,0.0000,0.00,0.00,active,2026-10-06T20:05:00Z,2026-10-01T13:50:16+00:00
KXNFLSPREAD-26OCT04MIAMIN,KXNFLSPREAD,KXNFLSPREAD-26OCT04MIAMIN-MIN8,MIN Vikings wins by over 7.5 points?,0.5700,0.5800,0.5800,7348.07,7139.64,active,2026-10-06T20:05:00Z,2026-10-01T13:50:16+00:00
KXNFLSPREAD-26OCT04MIAMIN,KXNFLSPREAD,KXNFLSPREAD-26OCT04MIAMIN-MIN11,MIN Vikings wins by over 10.5 points?,0.4800,0.4900,0.4800,20959.50,18155.05,active,2026-10-06T20:05:00Z,2026-10-01T13:50:16+00:00
KXNFLSPREAD-26OCT04MIAMIN,KXNFLSPREAD,KXNFLSPREAD-26OCT04MIAMIN-MIA2,MIA Dolphins wins by over 1.5 points?,0.1500,0.1600,0.1700,2695.39,2695.39,active,2026-10-06T20:05:00Z,2026-10-01T13:50:16+00:00
KXNFLSPREAD-26OCT04NEBUF,KXNFLSPREAD,KXNFLSPREAD-26OCT04NEBUF-BUF17,BUF Bills wins by over 16.5 points?,0.2500,0.2600,0.2300,45.33,37.04,active,2026-10-06T17:00:00Z,2026-10-01T13:50:16+00:00
KXNFLSPREAD-26OCT04NEBUF,KXNFLSPREAD,KXNFLSPREAD-26OCT04NEBUF-BUF14,BUF Bills wins by over 13.5 points?,0.3000,0.3100,0.3100,4082.73,4023.51,active,2026-10-06T17:00:00Z,2026-10-01T13:50:16+00:00
KXNFLSPREAD-26OCT04NEBUF,KXNFLSPREAD,KXNFLSPREAD-26OCT04NEBUF-NE14,NE Patriots wins by over 13.5 points?,0.0400,0.0500,0.0400,1836.49,1826.30,active,2026-10-06T17:00:00Z,2026-10-01T13:50:16+00:00
KXNFLSPREAD-26OCT04NEBUF,KXNFLSPREAD,KXNFLSPREAD-26OCT04NEBUF-BUF18,BUF Bills wins by over 17.5 points?,0.2000,0.2100,0.2100,11235.58,5517.27,active,2026-10-06T17:00:00Z,2026-10-01T13:50:16+00:00
KXNFLSPREAD-26OCT04NEBUF,KXNFLSPREAD,KXNFLSPREAD-26OCT04NEBUF-BUF24,BUF Bills wins by over 23.5 points?,0.1100,0.1200,0.1100,23420.42,19237.34,active,2026-10-06T17:00:00Z,2026-10-01T13:50:16+00:00
KXNFLSPREAD-26OCT04NEBUF,KXNFLSPREAD,KXNFLSPREAD-26OCT04NEBUF-NE10,NE Patriots wins by over 9.5 points?,0.0600,0.0900,0.0000,0.00,0.00,active,2026-10-06T17:00:00Z,2026-10-01T13:50:16+00:00
KXNFLSPREAD-26OCT04NEBUF,KXNFLSPREAD,KXNFLSPREAD-26OCT04NEBUF-NE15,NE Patriots wins by over 14.5 points?,0.0300,0.0500,0.0400,1072.75,921.37,active,2026-10-06T17:00:00Z,2026-10-01T13:50:16+00:00
KXNFLSPREAD-26OCT04NEBUF,KXNFLSPREAD,KXNFLSPREAD-26OCT04NEBUF-NE2,NE Patriots wins by over 1.5 points?,0.2300,0.2500,0.2600,885.03,788.03,active,2026-10-06T17:00:00Z,2026-10-01T13:50:16+00:00
KXNFLSPREAD-26OCT04NEBUF,KXNFLSPREAD,KXNFLSPREAD-26OCT04NEBUF-BUF28,BUF Bills wins by over 27.5 points?,0.0800,0.0900,0.0800,24025.75,19637.86,active,2026-10-06T17:00:00Z,2026-10-01T13:50:16+00:00
KXNFLSPREAD-26OCT04NEBUF,KXNFLSPREAD,KXNFLSPREAD-26OCT04NEBUF-NE8,NE Patriots wins by over 7.5 points?,0.0900,0.1000,0.1100,239.53,239.43,active,2026-10-06T17:00:00Z,2026-10-01T13:50:16+00:00
KXNFLSPREAD-26OCT04NEBUF,KXNFLSPREAD,KXNFLSPREAD-26OCT04NEBUF-BUF7,BUF Bills wins by over 6.5 points?,0.5200,0.5300,0.5300,55543.66,53459.85,active,2026-10-06T17:00:00Z,2026-10-01T13:50:16+00:00
KXNFLSPREAD-26OCT04NEBUF,KXNFLSPREAD,KXNFLSPREAD-26OCT04NEBUF-BUF15,BUF Bills wins by over 14.5 points?,0.2500,0.2600,0.2600,4600.94,4514.91,active,2026-10-06T17:00:00Z,2026-10-01T13:50:16+00:00
KXNFLSPREAD-26OCT04NEBUF,KXNFLSPREAD,KXNFLSPREAD-26OCT04NEBUF-NE3,NE Patriots wins by over 2.5 points?,0.2200,0.2300,0.2300,287.05,239.58,active,2026-10-06T17:00:00Z,2026-10-01T13:50:16+00:00
KXNFLSPREAD-26OCT04NEBUF,KXNFLSPREAD,KXNFLSPREAD-26OCT04NEBUF-BUF4,BUF Bills wins by over 3.5 points?,0.6000,0.6200,0.6200,2189.10,2037.25,active,2026-10-06T17:00:00Z,2026-10-01T13:50:16+00:00
KXNFLSPREAD-26OCT04NEBUF,KXNFLSPREAD,KXNFLSPREAD-26OCT04NEBUF-NE4,NE Patriots wins by over 3.5 points?,0.1600,0.1800,0.1800,2524.32,2499.32,active,2026-10-06T17:00:00Z,2026-10-01T13:50:16+00:00
KXNFLSPREAD-26OCT04NEBUF,KXNFLSPREAD,KXNFLSPREAD-26OCT04NEBUF-BUF2,BUF Bills wins by over 1.5 points?,0.7000,0.7300,0.7300,5102.63,3853.17,active,2026-10-06T17:00:00Z,2026-10-01T13:50:16+00:00
KXNFLSPREAD-26OCT04NEBUF,KXNFLSPREAD,KXNFLSPREAD-26OCT04NEBUF-BUF21,BUF Bills wins by over 20.5 points?,0.1600,0.1700,0.1600,23662.95,19427.14,active,2026-10-06T17:00:00Z,2026-10-01T13:50:16+00:00
KXNFLSPREAD-26OCT04NEBUF,KXNFLSPREAD,KXNFLSPREAD-26OCT04NEBUF-BUF6,BUF Bills wins by over 5.5 points?,0.5500,0.5600,0.5600,1345.89,1285.89,active,2026-10-06T17:00:00Z,2026-10-01T13:50:16+00:00
KXNFLSPREAD-26OCT04NEBUF,KXNFLSPREAD,KXNFLSPREAD-26OCT04NEBUF-NE7,NE Patriots wins by over 6.5 points?,0.1100,0.1300,0.1300,184.60,184.60,active,2026-10-06T17:00:00Z,2026-10-01T13:50:16+00:00
KXNFLSPREAD-26OCT04NEBUF,KXNFLSPREAD,KXNFLSPREAD-26OCT04NEBUF-BUF10,BUF Bills wins by over 9.5 points?,0.4100,0.4200,0.4200,4036.31,3821.43,active,2026-10-06T17:00:00Z,2026-10-01T13:50:16+00:00
KXNFLSPREAD-26OCT04NEBUF,KXNFLSPREAD,KXNFLSPREAD-26OCT04NEBUF-NE11,NE Patriots wins by over 10.5 points?,0.0600,0.0800,0.0600,4400.00,4400.00,active,2026-10-06T17:00:00Z,2026-10-01T13:50:16+00:00
KXNFLSPREAD-26OCT04NEBUF,KXNFLSPREAD,KXNFLSPREAD-26OCT04NEBUF-NE6,NE Patriots wins by over 5.5 points?,0.1300,0.1500,0.1400,95.00,60.00,active,2026-10-06T17:00:00Z,2026-10-01T13:50:16+00:00
KXNFLSPREAD-26OCT04NEBUF,KXNFLSPREAD,KXNFLSPREAD-26OCT04NEBUF-BUF5,BUF Bills wins by over 4.5 points?,0.5700,0.5900,0.6000,353.16,353.16,active,2026-10-06T17:00:00Z,2026-10-01T13:50:16+00:00
KXNFLSPREAD-26OCT04NEBUF,KXNFLSPREAD,KXNFLSPREAD-26OCT04NEBUF-BUF8,BUF Bills wins by over 7.5 points?,0.4400,0.4500,0.4400,18377.94,11748.00,active,2026-10-06T17:00:00Z,2026-10-01T13:50:16+00:00
KXNFLSPREAD-26OCT04NEBUF,KXNFLSPREAD,KXNFLSPREAD-26OCT04NEBUF-BUF11,BUF Bills wins by over 10.5 points?,0.3600,0.3800,0.3800,6584.05,6044.44,active,2026-10-06T17:00:00Z,2026-10-01T13:50:16+00:00
KXNFLSPREAD-26OCT04NEBUF,KXNFLSPREAD,KXNFLSPREAD-26OCT04NEBUF-NE5,NE Patriots wins by over 4.5 points?,0.1400,0.1600,0.1000,419.00,419.00,active,2026-10-06T17:00:00Z,2026-10-01T13:50:16+00:00
KXNFLSPREAD-26OCT04NEBUF,KXNFLSPREAD,KXNFLSPREAD-26OCT04NEBUF-BUF3,BUF Bills wins by over 2.5 points?,0.6900,0.7000,0.7000,24768.88,24307.41,active,2026-10-06T17:00:00Z,2026-10-01T13:50:16+00:00
KXNFLSPREAD-26OCT04NYJCHI,KXNFLSPREAD,KXNFLSPREAD-26OCT04NYJCHI-NYJ8,NY Jets wins by over 7.5 points?,0.1500,0.1700,0.1500,3098.16,2990.16,active,2026-10-06T17:00:00Z,2026-10-01T13:50:16+00:00
KXNFLSPREAD-26OCT04NYJCHI,KXNFLSPREAD,KXNFLSPREAD-26OCT04NYJCHI-NYJ5,NY Jets wins by over 4.5 points?,0.2300,0.2400,0.2300,5927.00,5926.00,active,2026-10-06T17:00:00Z,2026-10-01T13:50:16+00:00
KXNFLSPREAD-26OCT04NYJCHI,KXNFLSPREAD,KXNFLSPREAD-26OCT04NYJCHI-NYJ7,NY Jets wins by over 6.5 points?,0.1900,0.2000,0.1900,2566.99,1857.99,active,2026-10-06T17:00:00Z,2026-10-01T13:50:16+00:00
KXNFLSPREAD-26OCT04NYJCHI,KXNFLSPREAD,KXNFLSPREAD-26OCT04NYJCHI-CHI21,CHI Bears wins by over 20.5 points?,0.0900,0.1100,0.0900,1728.33,1330.33,active,2026-10-06T17:00:00Z,2026-10-01T13:50:16+00:00
KXNFLSPREAD-26OCT04NYJCHI,KXNFLSPREAD,KXNFLSPREAD-26OCT04NYJCHI-NYJ15,NY Jets wins by over 14.5 points?,0.0600,0.0800,0.0600,6.05,6.05,active,2026-10-06T17:00:00Z,2026-10-01T13:50:16+00:00
KXNFLSPREAD-26OCT04NYJCHI,KXNFLSPREAD,KXNFLSPREAD-26OCT04NYJCHI-NYJ11,NY Jets wins by over 10.5 points?,0.1000,0.1100,0.1000,147.85,147.85,active,2026-10-06T17:00:00Z,2026-10-01T13:50:16+00:00
KXNFLSPREAD-26OCT04NYJCHI,KXNFLSPREAD,KXNFLSPREAD-26OCT04NYJCHI-CHI5,CHI Bears wins by over 4.5 points?,0.4400,0.4500,0.4400,6666.33,6041.26,active,2026-10-06T17:00:00Z,2026-10-01T13:50:16+00:00
KXNFLSPREAD-26OCT04NYJCHI,KXNFLSPREAD,KXNFLSPREAD-26OCT04NYJCHI-CHI6,CHI Bears wins by over 5.5 points?,0.4200,0.4300,0.4300,10589.37,5452.74,active,2026-10-06T17:00:00Z,2026-10-01T13:50:16+00:00
KXNFLSPREAD-26OCT04NYJCHI,KXNFLSPREAD,KXNFLSPREAD-26OCT04NYJCHI-NYJ14,NY Jets wins by over 13.5 points?,0.0800,0.1000,0.0900,51.00,51.00,active,2026-10-06T17:00:00Z,2026-10-01T13:50:16+00:00
KXNFLSPREAD-26OCT04NYJCHI,KXNFLSPREAD,KXNFLSPREAD-26OCT04NYJCHI-CHI17,CHI Bears wins by over 16.5 points?,0.1500,0.1600,0.1600,19540.06,5632.71,active,2026-10-06T17:00:00Z,2026-10-01T13:50:16+00:00
KXNFLSPREAD-26OCT04NYJCHI,KXNFLSPREAD,KXNFLSPREAD-26OCT04NYJCHI-NYJ10,NY Jets wins by over 9.5 points?,0.1200,0.1400,0.1400,2213.94,2010.00,active,2026-10-06T17:00:00Z,2026-10-01T13:50:16+00:00
KXNFLSPREAD-26OCT04NYJCHI,KXNFLSPREAD,KXNFLSPREAD-26OCT04NYJCHI-CHI18,CHI Bears wins by over 17.5 points?,0.1300,0.1400,0.1300,2758.42,2577.51,active,2026-10-06T17:00:00Z,2026-10-01T13:50:16+00:00
KXNFLSPREAD-26OCT04NYJCHI,KXNFLSPREAD,KXNFLSPREAD-26OCT04NYJCHI-CHI2,CHI Bears wins by over 1.5 points?,0.5900,0.6000,0.6000,11932.51,11910.37,active,2026-10-06T17:00:00Z,2026-10-01T13:50:16+00:00
KXNFLSPREAD-26OCT04NYJCHI,KXNFLSPREAD,KXNFLSPREAD-26OCT04NYJCHI-CHI11,CHI Bears wins by over 10.5 points?,0.2400,0.2500,0.2500,16871.80,15832.39,active,2026-10-06T17:00:00Z,2026-10-01T13:50:16+00:00
KXNFLSPREAD-26OCT04NYJCHI,KXNFLSPREAD,KXNFLSPREAD-26OCT04NYJCHI-CHI15,CHI Bears wins by over 14.5 points?,0.1700,0.1800,0.1800,11146.27,5684.21,active,2026-10-06T17:00:00Z,2026-10-01T13:50:16+00:00
KXNFLSPREAD-26OCT04NYJCHI,KXNFLSPREAD,KXNFLSPREAD-26OCT04NYJCHI-CHI14,CHI Bears wins by over 13.5 points?,0.1900,0.2100,0.2200,8580.38,4958.95,active,2026-10-06T17:00:00Z,2026-10-01T13:50:16+00:00
KXNFLSPREAD-26OCT04NYJCHI,KXNFLSPREAD,KXNFLSPREAD-26OCT04NYJCHI-CHI7,CHI Bears wins by over 6.5 points?,0.3800,0.3900,0.3900,144982.58,129150.01,active,2026-10-06T17:00:00Z,2026-10-01T13:50:16+00:00
KXNFLSPREAD-26OCT04NYJCHI,KXNFLSPREAD,KXNFLSPREAD-26OCT04NYJCHI-CHI10,CHI Bears wins by over 9.5 points?,0.2800,0.3000,0.3000,15425.65,7378.34,active,2026-10-06T17:00:00Z,2026-10-01T13:50:16+00:00
KXNFLSPREAD-26OCT04NYJCHI,KXNFLSPREAD,KXNFLSPREAD-26OCT04NYJCHI-CHI3,CHI Bears wins by over 2.5 points?,0.5700,0.5800,0.5800,14343.62,13825.53,active,2026-10-06T17:00:00Z,2026-10-01T13:50:16+00:00
KXNFLSPREAD-26OCT04NYJCHI,KXNFLSPREAD,KXNFLSPREAD-26OCT04NYJCHI-NYJ4,NY Jets wins by over 3.5 points?,0.2600,0.2700,0.2700,1308.53,1308.53,active,2026-10-06T17:00:00Z,2026-10-01T13:50:16+00:00
KXNFLSPREAD-26OCT04NYJCHI,KXNFLSPREAD,KXNFLSPREAD-26OCT04NYJCHI-NYJ2,NY Jets wins by over 1.5 points?,0.3500,0.3700,0.3600,3248.65,3196.00,active,2026-10-06T17:00:00Z,2026-10-01T13:50:16+00:00
KXNFLSPREAD-26OCT04NYJCHI,KXNFLSPREAD,KXNFLSPREAD-26OCT04NYJCHI-CHI4,CHI Bears wins by over 3.5 points?,0.4700,0.4800,0.4700,22592.02,20734.25,active,2026-10-06T17:00:00Z,2026-10-01T13:50:16+00:00
KXNFLSPREAD-26OCT04NYJCHI,KXNFLSPREAD,KXNFLSPREAD-26OCT04NYJCHI-NYJ6,NY Jets wins by over 5.5 points?,0.2100,0.2200,0.2200,4989.70,4392.71,active,2026-10-06T17:00:00Z,2026-10-01T13:50:16+00:00
KXNFLSPREAD-26OCT04NYJCHI,KXNFLSPREAD,KXNFLSPREAD-26OCT04NYJCHI-NYJ3,NY Jets wins by over 2.5 points?,0.3200,0.3300,0.3300,15447.24,15090.36,active,2026-10-06T17:00:00Z,2026-10-01T13:50:16+00:00
KXNFLSPREAD-26OCT04NYJCHI,KXNFLSPREAD,KXNFLSPREAD-26OCT04NYJCHI-CHI8,CHI Bears wins by over 7.5 points?,0.3200,0.3300,0.3200,50121.47,47191.05,active,2026-10-06T17:00:00Z,2026-10-01T13:50:16+00:00
KXNFLSPREAD-26OCT04TENBAL,KXNFLSPREAD,KXNFLSPREAD-26OCT04TENBAL-BAL18,BAL Ravens wins by over 17.5 points?,0.3100,0.3200,0.3100,18397.75,14561.84,active,2026-10-06T17:00:00Z,2026-10-01T13:50:16+00:00
KXNFLSPREAD-26OCT04TENBAL,KXNFLSPREAD,KXNFLSPREAD-26OCT04TENBAL-BAL5,BAL Ravens wins by over 4.5 points?,0.7200,0.7300,0.7300,2638.67,2457.97,active,2026-10-06T17:00:00Z,2026-10-01T13:50:16+00:00
KXNFLSPREAD-26OCT04TENBAL,KXNFLSPREAD,KXNFLSPREAD-26OCT04TENBAL-TEN6,TEN Titans wins by over 5.5 points?,0.0700,0.0800,0.0000,0.00,0.00,active,2026-10-06T17:00:00Z,2026-10-01T13:50:16+00:00
KXNFLSPREAD-26OCT04TENBAL,KXNFLSPREAD,KXNFLSPREAD-26OCT04TENBAL-TEN7,TEN Titans wins by over 6.5 points?,0.0600,0.0700,0.0500,18.63,18.63,active,2026-10-06T17:00:00Z,2026-10-01T13:50:16+00:00
KXNFLSPREAD-26OCT04TENBAL,KXNFLSPREAD,KXNFLSPREAD-26OCT04TENBAL-BAL11,BAL Ravens wins by over 10.5 points?,0.5300,0.5400,0.5400,2772.20,2361.27,active,2026-10-06T17:00:00Z,2026-10-01T13:50:16+00:00
KXNFLSPREAD-26OCT04TENBAL,KXNFLSPREAD,KXNFLSPREAD-26OCT04TENBAL-TEN8,TEN Titans wins by over 7.5 points?,0.0400,0.0500,0.0400,1489.52,1481.52,active,2026-10-06T17:00:00Z,2026-10-01T13:50:16+00:00
KXNFLSPREAD-26OCT04TENBAL,KXNFLSPREAD,KXNFLSPREAD-26OCT04TENBAL-TEN3,TEN Titans wins by over 2.5 points?,0.1100,0.1300,0.0000,0.00,0.00,active,2026-10-06T17:00:00Z,2026-10-01T13:50:16+00:00
KXNFLSPREAD-26OCT04TENBAL,KXNFLSPREAD,KXNFLSPREAD-26OCT04TENBAL-BAL2,BAL Ravens wins by over 1.5 points?,0.8300,0.8400,0.8400,6501.23,3902.53,active,2026-10-06T17:00:00Z,2026-10-01T13:50:16+00:00
KXNFLSPREAD-26OCT04TENBAL,KXNFLSPREAD,KXNFLSPREAD-26OCT04TENBAL-TEN11,TEN Titans wins by over 10.5 points?,0.0200,0.0300,0.0200,203.74,203.74,active,2026-10-06T17:00:00Z,2026-10-01T13:50:16+00:00
KXNFLSPREAD-26OCT04TENBAL,KXNFLSPREAD,KXNFLSPREAD-26OCT04TENBAL-TEN5,TEN Titans wins by over 4.5 points?,0.0700,0.0900,0.0600,3118.00,3084.00,active,2026-10-06T17:00:00Z,2026-10-01T13:50:16+00:00
KXNFLSPREAD-26OCT04TENBAL,KXNFLSPREAD,KXNFLSPREAD-26OCT04TENBAL-TEN10,TEN Titans wins by over 9.5 points?,0.0300,0.0400,0.0300,181.73,181.73,active,2026-10-06T17:00:00Z,2026-10-01T13:50:16+00:00
KXNFLSPREAD-26OCT04TENBAL,KXNFLSPREAD,KXNFLSPREAD-26OCT04TENBAL-TEN2,TEN Titans wins by over 1.5 points?,0.1200,0.1400,0.1300,4445.71,4345.71,active,2026-10-06T17:00:00Z,2026-10-01T13:50:16+00:00
KXNFLSPREAD-26OCT04TENBAL,KXNFLSPREAD,KXNFLSPREAD-26OCT04TENBAL-BAL21,BAL Ravens wins by over 20.5 points?,0.2400,0.2600,0.2500,9320.34,6065.00,active,2026-10-06T17:00:00Z,2026-10-01T13:50:16+00:00
KXNFLSPREAD-26OCT04TENBAL,KXNFLSPREAD,KXNFLSPREAD-26OCT04TENBAL-TEN4,TEN Titans wins by over 3.5 points?,0.0900,0.1000,0.1100,109.21,109.21,active,2026-10-06T17:00:00Z,2026-10-01T13:50:16+00:00
KXNFLSPREAD-26OCT04TENBAL,KXNFLSPREAD,KXNFLSPREAD-26OCT04TENBAL-BAL3,BAL Ravens wins by over 2.5 points?,0.8100,0.8300,0.8200,14989.18,14814.18,active,2026-10-06T17:00:00Z,2026-10-01T13:50:16+00:00
KXNFLSPREAD-26OCT04TENBAL,KXNFLSPREAD,KXNFLSPREAD-26OCT04TENBAL-BAL10,BAL Ravens wins by over 9.5 points?,0.5700,0.5800,0.5800,2282.73,2083.14,active,2026-10-06T17:00:00Z,2026-10-01T13:50:16+00:00
KXNFLSPREAD-26OCT04TENBAL,KXNFLSPREAD,KXNFLSPREAD-26OCT04TENBAL-BAL4,BAL Ravens wins by over 3.5 points?,0.7400,0.7500,0.7600,2886.44,2886.44,active,2026-10-06T17:00:00Z,2026-10-01T13:50:16+00:00
KXNFLSPREAD-26OCT04TENBAL,KXNFLSPREAD,KXNFLSPREAD-26OCT04TENBAL-BAL8,BAL Ravens wins by over 7.5 points?,0.6100,0.6200,0.6300,3278.67,3254.31,active,2026-10-06T17:00:00Z,2026-10-01T13:50:16+00:00
KXNFLSPREAD-26OCT04TENBAL,KXNFLSPREAD,KXNFLSPREAD-26OCT04TENBAL-BAL17,BAL Ravens wins by over 16.5 points?,0.3500,0.3700,0.3700,22651.31,17905.67,active,2026-10-06T17:00:00Z,2026-10-01T13:50:16+00:00
KXNFLSPREAD-26OCT04TENBAL,KXNFLSPREAD,KXNFLSPREAD-26OCT04TENBAL-BAL6,BAL Ravens wins by over 5.5 points?,0.6900,0.7000,0.7100,6336.48,6261.48,active,2026-10-06T17:00:00Z,2026-10-01T13:50:16+00:00
KXNFLSPREAD-26OCT04TENBAL,KXNFLSPREAD,KXNFLSPREAD-26OCT04TENBAL-BAL28,BAL Ravens wins by over 27.5 points?,0.1200,0.1300,0.1200,360.03,257.03,active,2026-10-06T17:00:00Z,2026-10-01T13:50:16+00:00
KXNFLSPREAD-26OCT04TENBAL,KXNFLSPREAD,KXNFLSPREAD-26OCT04TENBAL-BAL7,BAL Ravens wins by over 6.5 points?,0.6600,0.6800,0.6700,13847.57,11974.02,active,2026-10-06T17:00:00Z,2026-10-01T13:50:16+00:00
KXNFLSPREAD-26OCT04TENBAL,KXNFLSPREAD,KXNFLSPREAD-26OCT04TENBAL-BAL24,BAL Ravens wins by over 23.5 points?,0.1800,0.2000,0.1800,2255.00,1834.00,active,2026-10-06T17:00:00Z,2026-10-01T13:50:16+00:00
KXNFLSPREAD-26OCT04TENBAL,KXNFLSPREAD,KXNFLSPREAD-26OCT04TENBAL-BAL14,BAL Ravens wins by over 13.5 points?,0.4500,0.4600,0.4600,1859.28,1363.34,active,2026-10-06T17:00:00Z,2026-10-01T13:50:16+00:00
KXNFLSPREAD-26OCT04TENBAL,KXNFLSPREAD,KXNFLSPREAD-26OCT04TENBAL-BAL12,BAL Ravens wins by over 11.5 points?,0.4900,0.5000,0.5000,22592.54,14826.21,active,2026-10-06T17:00:00Z,2026-10-01T13:50:16+00:00
KXNFLSPREAD-26OCT04TENBAL,KXNFLSPREAD,KXNFLSPREAD-26OCT04TENBAL-BAL15,BAL Ravens wins by over 14.5 points?,0.3900,0.4100,0.4100,531.73,313.61,active,2026-10-06T17:00:00Z,2026-10-01T13:50:16+00:00
KXNFLSPREAD-26OCT04TENBAL,KXNFLSPREAD,KXNFLSPREAD-26OCT04TENBAL-BAL31,BAL Ravens wins by over 30.5 points?,0.0700,0.0800,0.0900,355.00,305.98,active,2026-10-06T17:00:00Z,2026-10-01T13:50:16+00:00
KXNFLSPREAD-26OCT05ATLNO,KXNFLSPREAD,KXNFLSPREAD-26OCT05ATLNO-NO21,NO Saints wins by over 20.5 points?,0.0800,0.1000,0.0000,0.00,0.00,active,2026-10-08T00:15:00Z,2026-10-01T13:50:16+00:00
KXNFLSPREAD-26OCT05ATLNO,KXNFLSPREAD,KXNFLSPREAD-26OCT05ATLNO-ATL10,ATL Falcons wins by over 9.5 points?,0.1500,0.1700,0.1600,7.00,7.00,active,2026-10-08T00:15:00Z,2026-10-01T13:50:16+00:00
KXNFLSPREAD-26OCT05ATLNO,KXNFLSPREAD,KXNFLSPREAD-26OCT05ATLNO-NO15,NO Saints wins by over 14.5 points?,0.1400,0.1700,0.0000,0.00,0.00,active,2026-10-08T00:15:00Z,2026-10-01T13:50:16+00:00
KXNFLSPREAD-26OCT05ATLNO,KXNFLSPREAD,KXNFLSPREAD-26OCT05ATLNO-ATL4,ATL Falcons wins by over 3.5 points?,0.3000,0.3200,0.0000,0.00,0.00,active,2026-10-08T00:15:00Z,2026-10-01T13:50:16+00:00
KXNFLSPREAD-26OCT05ATLNO,KXNFLSPREAD,KXNFLSPREAD-26OCT05ATLNO-NO14,NO Saints wins by over 13.5 points?,0.1700,0.1800,0.1800,118.71,118.71,active,2026-10-08T00:15:00Z,2026-10-01T13:50:16+00:00
KXNFLSPREAD-26OCT05ATLNO,KXNFLSPREAD,KXNFLSPREAD-26OCT05ATLNO-ATL7,ATL Falcons wins by over 6.5 points?,0.2200,0.2300,0.2400,400.64,375.64,active,2026-10-08T00:15:00Z,2026-10-01T13:50:16+00:00
KXNFLSPREAD-26OCT05ATLNO,KXNFLSPREAD,KXNFLSPREAD-26OCT05ATLNO-ATL15,ATL Falcons wins by over 14.5 points?,0.0700,0.1000,0.0000,0.00,0.00,active,2026-10-08T00:15:00Z,2026-10-01T13:50:16+00:00
KXNFLSPREAD-26OCT05ATLNO,KXNFLSPREAD,KXNFLSPREAD-26OCT05ATLNO-NO3,NO Saints wins by over 2.5 points?,0.5000,0.5100,0.5100,7577.09,6352.53,active,2026-10-08T00:15:00Z,2026-10-01T13:50:16+00:00
KXNFLSPREAD-26OCT05ATLNO,KXNFLSPREAD,KXNFLSPREAD-26OCT05ATLNO-NO4,NO Saints wins by over 3.5 points?,0.4200,0.4300,0.4200,1470.28,1393.98,active,2026-10-08T00:15:00Z,2026-10-01T13:50:16+00:00
KXNFLSPREAD-26OCT05ATLNO,KXNFLSPREAD,KXNFLSPREAD-26OCT05ATLNO-ATL8,ATL Falcons wins by over 7.5 points?,0.1700,0.1900,0.1700,28.11,28.11,active,2026-10-08T00:15:00Z,2026-10-01T13:50:16+00:00
KXNFLSPREAD-26OCT05ATLNO,KXNFLSPREAD,KXNFLSPREAD-26OCT05ATLNO-ATL3,ATL Falcons wins by over 2.5 points?,0.3800,0.3900,0.3900,57.39,57.39,active,2026-10-08T00:15:00Z,2026-10-01T13:50:16+00:00
KXNFLSPREAD-26OCT05ATLNO,KXNFLSPREAD,KXNFLSPREAD-26OCT05ATLNO-ATL5,ATL Falcons wins by over 4.5 points?,0.2600,0.2900,0.0000,0.00,0.00,active,2026-10-08T00:15:00Z,2026-10-01T13:50:16+00:00
KXNFLSPREAD-26OCT05ATLNO,KXNFLSPREAD,KXNFLSPREAD-26OCT05ATLNO-NO5,NO Saints wins by over 4.5 points?,0.3900,0.4000,0.4100,11.00,11.00,active,2026-10-08T00:15:00Z,2026-10-01T13:50:16+00:00
KXNFLSPREAD-26OCT05ATLNO,KXNFLSPREAD,KXNFLSPREAD-26OCT05ATLNO-NO6,NO Saints wins by over 5.5 points?,0.3700,0.3800,0.3800,47.03,47.03,active,2026-10-08T00:15:00Z,2026-10-01T13:50:16+00:00
KXNFLSPREAD-26OCT05ATLNO,KXNFLSPREAD,KXNFLSPREAD-26OCT05ATLNO-NO2,NO Saints wins by over 1.5 points?,0.5300,0.5400,0.5400,40.67,40.67,active,2026-10-08T00:15:00Z,2026-10-01T13:50:16+00:00
KXNFLSPREAD-26OCT05ATLNO,KXNFLSPREAD,KXNFLSPREAD-26OCT05ATLNO-NO17,NO Saints wins by over 16.5 points?,0.1200,0.1500,0.0000,0.00,0.00,active,2026-10-08T00:15:00Z,2026-10-01T13:50:16+00:00
KXNFLSPREAD-26OCT05ATLNO,KXNFLSPREAD,KXNFLSPREAD-26OCT05ATLNO-NO11,NO Saints wins by over 10.5 points?,0.2200,0.2300,0.0000,0.00,0.00,active,2026-10-08T00:15:00Z,2026-10-01T13:50:16+00:00
KXNFLSPREAD-26OCT05ATLNO,KXNFLSPREAD,KXNFLSPREAD-26OCT05ATLNO-NO18,NO Saints wins by over 17.5 points?,0.1100,0.1200,0.0000,0.00,0.00,active,2026-10-08T00:15:00Z,2026-10-01T13:50:16+00:00
KXNFLSPREAD-26OCT05ATLNO,KXNFLSPREAD,KXNFLSPREAD-26OCT05ATLNO-ATL14,ATL Falcons wins by over 13.5 points?,0.0900,0.1200,0.0000,0.00,0.00,active,2026-10-08T00:15:00Z,2026-10-01T13:50:16+00:00
KXNFLSPREAD-26OCT05ATLNO,KXNFLSPREAD,KXNFLSPREAD-26OCT05ATLNO-NO10,NO Saints wins by over 9.5 points?,0.2500,0.2700,0.2700,88.07,88.07,active,2026-10-08T00:15:00Z,2026-10-01T13:50:16+00:00
KXNFLSPREAD-26OCT05ATLNO,KXNFLSPREAD,KXNFLSPREAD-26OCT05ATLNO-ATL11,ATL Falcons wins by over 10.5 points?,0.1200,0.1500,0.0000,0.00,0.00,active,2026-10-08T00:15:00Z,2026-10-01T13:50:16+00:00
KXNFLSPREAD-26OCT05ATLNO,KXNFLSPREAD,KXNFLSPREAD-26OCT05ATLNO-NO8,NO Saints wins by over 7.5 points?,0.2800,0.3000,0.3100,88.54,88.54,active,2026-10-08T00:15:00Z,2026-10-01T13:50:16+00:00
KXNFLSPREAD-26OCT05ATLNO,KXNFLSPREAD,KXNFLSPREAD-26OCT05ATLNO-NO7,NO Saints wins by over 6.5 points?,0.3400,0.3600,0.3600,61.83,61.83,active,2026-10-08T00:15:00Z,2026-10-01T13:50:16+00:00
KXNFLSPREAD-26OCT05ATLNO,KXNFLSPREAD,KXNFLSPREAD-26OCT05ATLNO-ATL6,ATL Falcons wins by over 5.5 points?,0.2500,0.2700,0.2600,127.98,127.98,active,2026-10-08T00:15:00Z,2026-10-01T13:50:16+00:00
KXNFLSPREAD-26OCT05ATLNO,KXNFLSPREAD,KXNFLSPREAD-26OCT05ATLNO-ATL2,ATL Falcons wins by over 1.5 points?,0.4000,0.4100,0.4000,11.83,11.83,active,2026-10-08T00:15:00Z,2026-10-01T13:50:16+00:00
KXNFLTOTAL-26OCT01PITCLE,KXNFLTOTAL,KXNFLTOTAL-26OCT01PITCLE-42,Full Game: over 41.5 points scored?,0.3900,0.4000,0.4000,6710.96,6022.06,active,2026-10-04T00:15:00Z,2026-10-01T13:50:16+00:00
KXNFLTOTAL-26OCT01PITCLE,KXNFLTOTAL,KXNFLTOTAL-26OCT01PITCLE-18,Full Game: over 17.5 points scored?,0.9600,0.9700,0.9700,53982.12,44639.79,active,2026-10-04T00:15:00Z,2026-10-01T13:50:16+00:00
KXNFLTOTAL-26OCT01PITCLE,KXNFLTOTAL,KXNFLTOTAL-26OCT01PITCLE-57,Full Game: over 56.5 points scored?,0.0800,0.0900,0.0900,25830.44,25382.74,active,2026-10-04T00:15:00Z,2026-10-01T13:50:16+00:00
KXNFLTOTAL-26OCT01PITCLE,KXNFLTOTAL,KXNFLTOTAL-26OCT01PITCLE-30,Full Game: over 29.5 points scored?,0.7600,0.7700,0.7600,8837.42,8182.19,active,2026-10-04T00:15:00Z,2026-10-01T13:50:16+00:00
KXNFLTOTAL-26OCT01PITCLE,KXNFLTOTAL,KXNFLTOTAL-26OCT01PITCLE-48,Full Game: over 47.5 points scored?,0.2300,0.2400,0.2400,7391.23,6776.03,active,2026-10-04T00:15:00Z,2026-10-01T13:50:16+00:00
KXNFLTOTAL-26OCT01PITCLE,KXNFLTOTAL,KXNFLTOTAL-26OCT01PITCLE-60,Full Game: over 59.5 points scored?,0.0500,0.0600,0.0500,8351.78,8044.70,active,2026-10-04T00:15:00Z,2026-10-01T13:50:16+00:00
KXNFLTOTAL-26OCT01PITCLE,KXNFLTOTAL,KXNFLTOTAL-26OCT01PITCLE-41,Full Game: over 40.5 points scored?,0.4200,0.4300,0.4200,8178.29,6483.99,active,2026-10-04T00:15:00Z,2026-10-01T13:50:16+00:00
KXNFLTOTAL-26OCT01PITCLE,KXNFLTOTAL,KXNFLTOTAL-26OCT01PITCLE-45,Full Game: over 44.5 points scored?,0.3000,0.3100,0.3000,2316.74,2177.89,active,2026-10-04T00:15:00Z,2026-10-01T13:50:16+00:00
KXNFLTOTAL-26OCT01PITCLE,KXNFLTOTAL,KXNFLTOTAL-26OCT01PITCLE-37,Full Game: over 36.5 points scored?,0.5600,0.5700,0.5800,1090.96,1040.96,active,2026-10-04T00:15:00Z,2026-10-01T13:50:16+00:00
KXNFLTOTAL-26OCT01PITCLE,KXNFLTOTAL,KXNFLTOTAL-26OCT01PITCLE-36,Full Game: over 35.5 points scored?,0.5900,0.6000,0.5900,3553.65,2540.70,active,2026-10-04T00:15:00Z,2026-10-01T13:50:16+00:00
KXNFLTOTAL-26OCT01PITCLE,KXNFLTOTAL,KXNFLTOTAL-26OCT01PITCLE-24,Full Game: over 23.5 points scored?,0.8900,0.9000,0.8900,31256.95,28595.94,active,2026-10-04T00:15:00Z,2026-10-01T13:50:16+00:00
KXNFLTOTAL-26OCT01PITCLE,KXNFLTOTAL,KXNFLTOTAL-26OCT01PITCLE-54,Full Game: over 53.5 points scored?,0.1200,0.1300,0.1200,11401.41,11272.95,active,2026-10-04T00:15:00Z,2026-10-01T13:50:16+00:00
KXNFLTOTAL-26OCT01PITCLE,KXNFLTOTAL,KXNFLTOTAL-26OCT01PITCLE-27,Full Game: over 26.5 points scored?,0.8400,0.8500,0.8500,5856.56,5728.99,active,2026-10-04T00:15:00Z,2026-10-01T13:50:16+00:00
KXNFLTOTAL-26OCT01PITCLE,KXNFLTOTAL,KXNFLTOTAL-26OCT01PITCLE-38,Full Game: over 37.5 points scored?,0.5200,0.5300,0.5200,9805.36,8004.57,active,2026-10-04T00:15:00Z,2026-10-01T13:50:16+00:00
KXNFLTOTAL-26OCT01PITCLE,KXNFLTOTAL,KXNFLTOTAL-26OCT01PITCLE-21,Full Game: over 20.5 points scored?,0.9400,0.9500,0.9500,26135.49,14176.72,active,2026-10-04T00:15:00Z,2026-10-01T13:50:16+00:00
KXNFLTOTAL-26OCT01PITCLE,KXNFLTOTAL,KXNFLTOTAL-26OCT01PITCLE-40,Full Game: over 39.5 points scored?,0.4600,0.4700,0.4600,111065.58,110802.48,active,2026-10-04T00:15:00Z,2026-10-01T13:50:16+00:00
KXNFLTOTAL-26OCT01PITCLE,KXNFLTOTAL,KXNFLTOTAL-26OCT01PITCLE-39,Full Game: over 38.5 points scored?,0.4900,0.5000,0.4900,140053.78,126346.51,active,2026-10-04T00:15:00Z,2026-10-01T13:50:16+00:00
KXNFLTOTAL-26OCT01PITCLE,KXNFLTOTAL,KXNFLTOTAL-26OCT01PITCLE-51,Full Game: over 50.5 points scored?,0.1700,0.1800,0.1700,108870.68,108148.35,active,2026-10-04T00:15:00Z,2026-10-01T13:50:16+00:00
KXNFLTOTAL-26OCT01PITCLE,KXNFLTOTAL,KXNFLTOTAL-26OCT01PITCLE-33,Full Game: over 32.5 points scored?,0.6800,0.6900,0.6800,2310.57,2148.65,active,2026-10-04T00:15:00Z,2026-10-01T13:50:16+00:00
KXNFLTOTAL-26OCT04ARINYG,KXNFLTOTAL,KXNFLTOTAL-26OCT04ARINYG-23,Full Game: over 22.5 points scored?,0.9500,0.9600,0.9600,45846.41,30632.72,active,2026-10-06T17:00:00Z,2026-10-01T13:50:16+00:00
KXNFLTOTAL-26OCT04ARINYG,KXNFLTOTAL,KXNFLTOTAL-26OCT04ARINYG-56,Full Game: over 55.5 points scored?,0.1900,0.2000,0.2100,3926.99,2651.99,active,2026-10-06T17:00:00Z,2026-10-01T13:50:16+00:00
KXNFLTOTAL-26OCT04ARINYG,KXNFLTOTAL,KXNFLTOTAL-26OCT04ARINYG-62,Full Game: over 61.5 points scored?,0.1000,0.1100,0.0900,6888.95,6866.38,active,2026-10-06T17:00:00Z,2026-10-01T13:50:16+00:00
KXNFLTOTAL-26OCT04ARINYG,KXNFLTOTAL,KXNFLTOTAL-26OCT04ARINYG-53,Full Game: over 52.5 points scored?,0.2600,0.2700,0.2600,35.00,35.00,active,2026-10-06T17:00:00Z,2026-10-01T13:50:16+00:00
KXNFLTOTAL-26OCT04ARINYG,KXNFLTOTAL,KXNFLTOTAL-26OCT04ARINYG-45,Full Game: over 44.5 points scored?,0.4800,0.4900,0.4900,14030.12,13950.11,active,2026-10-06T17:00:00Z,2026-10-01T13:50:16+00:00
KXNFLTOTAL-26OCT04ARINYG,KXNFLTOTAL,KXNFLTOTAL-26OCT04ARINYG-26,Full Game: over 25.5 points scored?,0.9400,0.9500,0.9500,34017.00,15704.67,active,2026-10-06T17:00:00Z,2026-10-01T13:50:16+00:00
KXNFLTOTAL-26OCT04ARINYG,KXNFLTOTAL,KXNFLTOTAL-26OCT04ARINYG-41,Full Game: over 40.5 points scored?,0.6000,0.6200,0.6200,3301.79,917.79,active,2026-10-06T17:00:00Z,2026-10-01T13:50:16+00:00
KXNFLTOTAL-26OCT04ARINYG,KXNFLTOTAL,KXNFLTOTAL-26OCT04ARINYG-38,Full Game: over 37.5 points scored?,0.6900,0.7100,0.6900,19082.47,11918.00,active,2026-10-06T17:00:00Z,2026-10-01T13:50:16+00:00
KXNFLTOTAL-26OCT04ARINYG,KXNFLTOTAL,KXNFLTOTAL-26OCT04ARINYG-35,Full Game: over 34.5 points scored?,0.7700,0.7800,0.7100,15045.63,15044.63,active,2026-10-06T17:00:00Z,2026-10-01T13:50:16+00:00
KXNFLTOTAL-26OCT04ARINYG,KXNFLTOTAL,KXNFLTOTAL-26OCT04ARINYG-59,Full Game: over 58.5 points scored?,0.1400,0.1500,0.1400,537.89,537.89,active,2026-10-06T17:00:00Z,2026-10-01T13:50:16+00:00
KXNFLTOTAL-26OCT04ARINYG,KXNFLTOTAL,KXNFLTOTAL-26OCT04ARINYG-29,Full Game: over 28.5 points scored?,0.8900,0.9100,0.9000,23867.72,15258.86,active,2026-10-06T17:00:00Z,2026-10-01T13:50:16+00:00
KXNFLTOTAL-26OCT04ARINYG,KXNFLTOTAL,KXNFLTOTAL-26OCT04ARINYG-43,Full Game: over 42.5 points scored?,0.5500,0.5700,0.5600,36.86,36.86,active,2026-10-06T17:00:00Z,2026-10-01T13:50:16+00:00
KXNFLTOTAL-26OCT04ARINYG,KXNFLTOTAL,KXNFLTOTAL-26OCT04ARINYG-32,Full Game: over 31.5 points scored?,0.8300,0.8400,0.8300,95020.28,17722.80,active,2026-10-06T17:00:00Z,2026-10-01T13:50:16+00:00
KXNFLTOTAL-26OCT04ARINYG,KXNFLTOTAL,KXNFLTOTAL-26OCT04ARINYG-65,Full Game: over 64.5 points scored?,0.0700,0.0800,0.0700,1382.68,1382.68,active,2026-10-06T17:00:00Z,2026-10-01T13:50:16+00:00
KXNFLTOTAL-26OCT04ARINYG,KXNFLTOTAL,KXNFLTOTAL-26OCT04ARINYG-47,Full Game: over 46.5 points scored?,0.4300,0.4400,0.4200,625.00,475.00,active,2026-10-06T17:00:00Z,2026-10-01T13:50:16+00:00
KXNFLTOTAL-26OCT04ARINYG,KXNFLTOTAL,KXNFLTOTAL-26OCT04ARINYG-50,Full Game: over 49.5 points scored?,0.3400,0.3600,0.3500,88.52,31.00,active,2026-10-06T17:00:00Z,2026-10-01T13:50:16+00:00
KXNFLTOTAL-26OCT04ARINYG,KXNFLTOTAL,KXNFLTOTAL-26OCT04ARINYG-46,Full Game: over 45.5 points scored?,0.4500,0.4600,0.4500,12616.44,12616.44,active,2026-10-06T17:00:00Z,2026-10-01T13:50:16+00:00
KXNFLTOTAL-26OCT04ARINYG,KXNFLTOTAL,KXNFLTOTAL-26OCT04ARINYG-42,Full Game: over 41.5 points scored?,0.5800,0.6000,0.5900,195.52,195.52,active,2026-10-06T17:00:00Z,2026-10-01T13:50:16+00:00
KXNFLTOTAL-26OCT04ARINYG,KXNFLTOTAL,KXNFLTOTAL-26OCT04ARINYG-44,Full Game: over 43.5 points scored?,0.5200,0.5300,0.5300,2048.92,1090.52,active,2026-10-06T17:00:00Z,2026-10-01T13:50:16+00:00
KXNFLTOTAL-26OCT04DALHOU,KXNFLTOTAL,KXNFLTOTAL-26OCT04DALHOU-66,Full Game: over 65.5 points scored?,0.1000,0.1100,0.1000,1859.70,1859.70,active,2026-10-06T17:00:00Z,2026-10-01T13:50:16+00:00
KXNFLTOTAL-26OCT04DALHOU,KXNFLTOTAL,KXNFLTOTAL-26OCT04DALHOU-69,Full Game: over 68.5 points scored?,0.0800,0.0900,0.0700,4038.87,2946.78,active,2026-10-06T17:00:00Z,2026-10-01T13:50:16+00:00
KXNFLTOTAL-26OCT04DALHOU,KXNFLTOTAL,KXNFLTOTAL-26OCT04DALHOU-39,Full Game: over 38.5 points scored?,0.7600,0.7800,0.0000,0.00,0.00,active,2026-10-06T17:00:00Z,2026-10-01T13:50:16+00:00
KXNFLTOTAL-26OCT04DALHOU,KXNFLTOTAL,KXNFLTOTAL-26OCT04DALHOU-30,Full Game: over 29.5 points scored?,0.9100,0.9200,0.9100,30179.17,8853.17,active,2026-10-06T17:00:00Z,2026-10-01T13:50:16+00:00
KXNFLTOTAL-26OCT04DALHOU,KXNFLTOTAL,KXNFLTOTAL-26OCT04DALHOU-63,Full Game: over 62.5 points scored?,0.1500,0.1600,0.1300,1063.69,1063.69,active,2026-10-06T17:00:00Z,2026-10-01T13:50:16+00:00
KXNFLTOTAL-26OCT04DALHOU,KXNFLTOTAL,KXNFLTOTAL-26OCT04DALHOU-46,Full Game: over 45.5 points scored?,0.5800,0.5900,0.5900,608.55,608.55,active,2026-10-06T17:00:00Z,2026-10-01T13:50:16+00:00
KXNFLTOTAL-26OCT04DALHOU,KXNFLTOTAL,KXNFLTOTAL-26OCT04DALHOU-47,Full Game: over 46.5 points scored?,0.5500,0.5600,0.0000,0.00,0.00,active,2026-10-06T17:00:00Z,2026-10-01T13:50:16+00:00
KXNFLTOTAL-26OCT04DALHOU,KXNFLTOTAL,KXNFLTOTAL-26OCT04DALHOU-54,Full Game: over 53.5 points scored?,0.3400,0.3600,0.3500,21.00,13.00,active,2026-10-06T17:00:00Z,2026-10-01T13:50:16+00:00
KXNFLTOTAL-26OCT04DALHOU,KXNFLTOTAL,KXNFLTOTAL-26OCT04DALHOU-36,Full Game: over 35.5 points scored?,0.8300,0.8500,0.8600,17.03,17.03,active,2026-10-06T17:00:00Z,2026-10-01T13:50:16+00:00
KXNFLTOTAL-26OCT04DALHOU,KXNFLTOTAL,KXNFLTOTAL-26OCT04DALHOU-42,Full Game: over 41.5 points scored?,0.6900,0.7000,0.7000,25.00,25.00,active,2026-10-06T17:00:00Z,2026-10-01T13:50:16+00:00
KXNFLTOTAL-26OCT04DALHOU,KXNFLTOTAL,KXNFLTOTAL-26OCT04DALHOU-51,Full Game: over 50.5 points scored?,0.4300,0.4400,0.4100,16193.98,16111.08,active,2026-10-06T17:00:00Z,2026-10-01T13:50:16+00:00
KXNFLTOTAL-26OCT04DALHOU,KXNFLTOTAL,KXNFLTOTAL-26OCT04DALHOU-49,Full Game: over 48.5 points scored?,0.4900,0.5000,0.4900,130236.55,126929.22,active,2026-10-06T17:00:00Z,2026-10-01T13:50:16+00:00
KXNFLTOTAL-26OCT04DALHOU,KXNFLTOTAL,KXNFLTOTAL-26OCT04DALHOU-33,Full Game: over 32.5 points scored?,0.8900,0.9000,0.8800,30127.00,10351.58,active,2026-10-06T17:00:00Z,2026-10-01T13:50:16+00:00
KXNFLTOTAL-26OCT04DALHOU,KXNFLTOTAL,KXNFLTOTAL-26OCT04DALHOU-60,Full Game: over 59.5 points scored?,0.1900,0.2100,0.1900,12.55,12.55,active,2026-10-06T17:00:00Z,2026-10-01T13:50:16+00:00
KXNFLTOTAL-26OCT04DALHOU,KXNFLTOTAL,KXNFLTOTAL-26OCT04DALHOU-27,Full Game: over 26.5 points scored?,0.9500,0.9600,0.9500,30722.08,13967.04,active,2026-10-06T17:00:00Z,2026-10-01T13:50:16+00:00
KXNFLTOTAL-26OCT04DALHOU,KXNFLTOTAL,KXNFLTOTAL-26OCT04DALHOU-57,Full Game: over 56.5 points scored?,0.2700,0.2900,0.2900,37.22,37.22,active,2026-10-06T17:00:00Z,2026-10-01T13:50:16+00:00
KXNFLTOTAL-26OCT04DALHOU,KXNFLTOTAL,KXNFLTOTAL-26OCT04DALHOU-50,Full Game: over 49.5 points scored?,0.4500,0.4700,0.4500,128.35,100.49,active,2026-10-06T17:00:00Z,2026-10-01T13:50:16+00:00
KXNFLTOTAL-26OCT04DALHOU,KXNFLTOTAL,KXNFLTOTAL-26OCT04DALHOU-48,Full Game: over 47.5 points scored?,0.5400,0.5500,0.5400,45542.19,45468.19,active,2026-10-06T17:00:00Z,2026-10-01T13:50:16+00:00
KXNFLTOTAL-26OCT04DALHOU,KXNFLTOTAL,KXNFLTOTAL-26OCT04DALHOU-45,Full Game: over 44.5 points scored?,0.6000,0.6200,0.6200,110.25,110.25,active,2026-10-06T17:00:00Z,2026-10-01T13:50:16+00:00
KXNFLTOTAL-26OCT04DENSF,KXNFLTOTAL,KXNFLTOTAL-26OCT04DENSF-62,Full Game: over 61.5 points scored?,0.1500,0.1600,0.1600,4574.12,4526.89,active,2026-10-06T20:25:00Z,2026-10-01T13:50:16+00:00
KXNFLTOTAL-26OCT04DENSF,KXNFLTOTAL,KXNFLTOTAL-26OCT04DENSF-29,Full Game: over 28.5 points scored?,0.9300,0.9400,0.9400,2660.06,2505.86,active,2026-10-06T20:25:00Z,2026-10-01T13:50:16+00:00
KXNFLTOTAL-26OCT04DENSF,KXNFLTOTAL,KXNFLTOTAL-26OCT04DENSF-46,Full Game: over 45.5 points scored?,0.5800,0.5900,0.5800,1506.29,925.60,active,2026-10-06T20:25:00Z,2026-10-01T13:50:16+00:00
KXNFLTOTAL-26OCT04DENSF,KXNFLTOTAL,KXNFLTOTAL-26OCT04DENSF-41,Full Game: over 40.5 points scored?,0.7200,0.7300,0.7300,3600.10,1205.10,active,2026-10-06T20:25:00Z,2026-10-01T13:50:16+00:00
KXNFLTOTAL-26OCT04DENSF,KXNFLTOTAL,KXNFLTOTAL-26OCT04DENSF-44,Full Game: over 43.5 points scored?,0.6300,0.6500,0.6500,135.08,135.08,active,2026-10-06T20:25:00Z,2026-10-01T13:50:16+00:00
KXNFLTOTAL-26OCT04DENSF,KXNFLTOTAL,KXNFLTOTAL-26OCT04DENSF-26,Full Game: over 25.5 points scored?,0.9600,0.9700,0.9700,317.80,317.80,active,2026-10-06T20:25:00Z,2026-10-01T13:50:16+00:00
KXNFLTOTAL-26OCT04DENSF,KXNFLTOTAL,KXNFLTOTAL-26OCT04DENSF-35,Full Game: over 34.5 points scored?,0.8500,0.8700,0.7800,1285.00,1285.00,active,2026-10-06T20:25:00Z,2026-10-01T13:50:16+00:00
KXNFLTOTAL-26OCT04DENSF,KXNFLTOTAL,KXNFLTOTAL-26OCT04DENSF-47,Full Game: over 46.5 points scored?,0.5500,0.5600,0.5600,8219.70,6159.84,active,2026-10-06T20:25:00Z,2026-10-01T13:50:16+00:00
KXNFLTOTAL-26OCT04DENSF,KXNFLTOTAL,KXNFLTOTAL-26OCT04DENSF-49,Full Game: over 48.5 points scored?,0.4800,0.4900,0.4800,3849.75,2869.44,active,2026-10-06T20:25:00Z,2026-10-01T13:50:16+00:00
KXNFLTOTAL-26OCT04DENSF,KXNFLTOTAL,KXNFLTOTAL-26OCT04DENSF-32,Full Game: over 31.5 points scored?,0.9000,0.9200,0.9100,1391.76,1241.76,active,2026-10-06T20:25:00Z,2026-10-01T13:50:16+00:00
KXNFLTOTAL-26OCT04DENSF,KXNFLTOTAL,KXNFLTOTAL-26OCT04DENSF-48,Full Game: over 47.5 points scored?,0.5200,0.5300,0.5200,10445.14,10193.39,active,2026-10-06T20:25:00Z,2026-10-01T13:50:16+00:00
KXNFLTOTAL-26OCT04DENSF,KXNFLTOTAL,KXNFLTOTAL-26OCT04DENSF-59,Full Game: over 58.5 points scored?,0.2000,0.2200,0.2100,4976.77,2391.20,active,2026-10-06T20:25:00Z,2026-10-01T13:50:16+00:00
KXNFLTOTAL-26OCT04DENSF,KXNFLTOTAL,KXNFLTOTAL-26OCT04DENSF-53,Full Game: over 52.5 points scored?,0.3500,0.3700,0.3600,274.60,224.60,active,2026-10-06T20:25:00Z,2026-10-01T13:50:16+00:00
KXNFLTOTAL-26OCT04DENSF,KXNFLTOTAL,KXNFLTOTAL-26OCT04DENSF-68,Full Game: over 67.5 points scored?,0.0800,0.0900,0.0800,2816.94,2794.34,active,2026-10-06T20:25:00Z,2026-10-01T13:50:16+00:00
KXNFLTOTAL-26OCT04DENSF,KXNFLTOTAL,KXNFLTOTAL-26OCT04DENSF-45,Full Game: over 44.5 points scored?,0.5900,0.6100,0.6100,5365.47,3115.47,active,2026-10-06T20:25:00Z,2026-10-01T13:50:16+00:00
KXNFLTOTAL-26OCT04DENSF,KXNFLTOTAL,KXNFLTOTAL-26OCT04DENSF-50,Full Game: over 49.5 points scored?,0.4500,0.4600,0.4500,2188.60,1646.87,active,2026-10-06T20:25:00Z,2026-10-01T13:50:16+00:00
KXNFLTOTAL-26OCT04DENSF,KXNFLTOTAL,KXNFLTOTAL-26OCT04DENSF-56,Full Game: over 55.5 points scored?,0.2700,0.2800,0.2800,1548.62,1513.62,active,2026-10-06T20:25:00Z,2026-10-01T13:50:16+00:00
KXNFLTOTAL-26OCT04DENSF,KXNFLTOTAL,KXNFLTOTAL-26OCT04DENSF-38,Full Game: over 37.5 points scored?,0.7900,0.8000,0.7900,1537.59,1512.59,active,2026-10-06T20:25:00Z,2026-10-01T13:50:16+00:00
KXNFLTOTAL-26OCT04DENSF,KXNFLTOTAL,KXNFLTOTAL-26OCT04DENSF-65,Full Game: over 64.5 points scored?,0.1100,0.1200,0.1200,3075.13,3070.13,active,2026-10-06T20:25:00Z,2026-10-01T13:50:16+00:00
KXNFLTOTAL-26OCT04DETCAR,KXNFLTOTAL,KXNFLTOTAL-26OCT04DETCAR-68,Full Game: over 67.5 points scored?,0.1200,0.1400,0.1400,51.47,51.47,active,2026-10-07T00:20:00Z,2026-10-01T13:50:16+00:00
KXNFLTOTAL-26OCT04DETCAR,KXNFLTOTAL,KXNFLTOTAL-26OCT04DETCAR-59,Full Game: over 58.5 points scored?,0.2900,0.3000,0.3000,2559.96,1930.96,active,2026-10-07T00:20:00Z,2026-10-01T13:50:16+00:00
KXNFLTOTAL-26OCT04DETCAR,KXNFLTOTAL,KXNFLTOTAL-26OCT04DETCAR-32,Full Game: over 31.5 points scored?,0.9300,0.9400,0.9300,2365.74,2343.00,active,2026-10-07T00:20:00Z,2026-10-01T13:50:16+00:00
KXNFLTOTAL-26OCT04DETCAR,KXNFLTOTAL,KXNFLTOTAL-26OCT04DETCAR-44,Full Game: over 43.5 points scored?,0.7200,0.7300,0.7300,38.00,38.00,active,2026-10-07T00:20:00Z,2026-10-01T13:50:16+00:00
KXNFLTOTAL-26OCT04DETCAR,KXNFLTOTAL,KXNFLTOTAL-26OCT04DETCAR-35,Full Game: over 34.5 points scored?,0.8900,0.9000,0.8900,772.28,772.28,active,2026-10-07T00:20:00Z,2026-10-01T13:50:16+00:00
KXNFLTOTAL-26OCT04DETCAR,KXNFLTOTAL,KXNFLTOTAL-26OCT04DETCAR-51,Full Game: over 50.5 points scored?,0.5200,0.5300,0.5300,12752.30,8839.06,active,2026-10-07T00:20:00Z,2026-10-01T13:50:16+00:00
KXNFLTOTAL-26OCT04DETCAR,KXNFLTOTAL,KXNFLTOTAL-26OCT04DETCAR-38,Full Game: over 37.5 points scored?,0.8300,0.8400,0.8300,33.00,33.00,active,2026-10-07T00:20:00Z,2026-10-01T13:50:16+00:00
KXNFLTOTAL-26OCT04DETCAR,KXNFLTOTAL,KXNFLTOTAL-26OCT04DETCAR-65,Full Game: over 64.5 points scored?,0.1700,0.1800,0.1800,765.77,715.77,active,2026-10-07T00:20:00Z,2026-10-01T13:50:16+00:00
KXNFLTOTAL-26OCT04DETCAR,KXNFLTOTAL,KXNFLTOTAL-26OCT04DETCAR-62,Full Game: over 61.5 points scored?,0.2200,0.2300,0.2300,19632.81,16073.38,active,2026-10-07T00:20:00Z,2026-10-01T13:50:16+00:00
KXNFLTOTAL-26OCT04DETCAR,KXNFLTOTAL,KXNFLTOTAL-26OCT04DETCAR-29,Full Game: over 28.5 points scored?,0.9500,0.9700,0.9700,194.91,187.94,active,2026-10-07T00:20:00Z,2026-10-01T13:50:16+00:00
KXNFLTOTAL-26OCT04DETCAR,KXNFLTOTAL,KXNFLTOTAL-26OCT04DETCAR-52,Full Game: over 51.5 points scored?,0.4800,0.4900,0.4900,6751.23,5790.77,active,2026-10-07T00:20:00Z,2026-10-01T13:50:16+00:00
KXNFLTOTAL-26OCT04DETCAR,KXNFLTOTAL,KXNFLTOTAL-26OCT04DETCAR-41,Full Game: over 40.5 points scored?,0.7800,0.7900,0.7600,98.90,98.90,active,2026-10-07T00:20:00Z,2026-10-01T13:50:16+00:00
KXNFLTOTAL-26OCT04DETCAR,KXNFLTOTAL,KXNFLTOTAL-26OCT04DETCAR-47,Full Game: over 46.5 points scored?,0.6400,0.6500,0.6500,43.15,43.15,active,2026-10-07T00:20:00Z,2026-10-01T13:50:16+00:00
KXNFLTOTAL-26OCT04DETCAR,KXNFLTOTAL,KXNFLTOTAL-26OCT04DETCAR-50,Full Game: over 49.5 points scored?,0.5600,0.5700,0.5700,1254.02,1179.02,active,2026-10-07T00:20:00Z,2026-10-01T13:50:16+00:00
KXNFLTOTAL-26OCT04DETCAR,KXNFLTOTAL,KXNFLTOTAL-26OCT04DETCAR-53,Full Game: over 52.5 points scored?,0.4500,0.4600,0.4600,17976.57,17959.54,active,2026-10-07T00:20:00Z,2026-10-01T13:50:16+00:00
KXNFLTOTAL-26OCT04DETCAR,KXNFLTOTAL,KXNFLTOTAL-26OCT04DETCAR-71,Full Game: over 70.5 points scored?,0.0900,0.1000,0.0900,662.00,637.00,active,2026-10-07T00:20:00Z,2026-10-01T13:50:16+00:00
KXNFLTOTAL-26OCT04DETCAR,KXNFLTOTAL,KXNFLTOTAL-26OCT04DETCAR-56,Full Game: over 55.5 points scored?,0.3700,0.3800,0.3800,561.49,561.49,active,2026-10-07T00:20:00Z,2026-10-01T13:50:16+00:00
KXNFLTOTAL-26OCT04DETCAR,KXNFLTOTAL,KXNFLTOTAL-26OCT04DETCAR-49,Full Game: over 48.5 points scored?,0.5900,0.6000,0.6000,859.65,698.37,active,2026-10-07T00:20:00Z,2026-10-01T13:50:16+00:00
KXNFLTOTAL-26OCT04DETCAR,KXNFLTOTAL,KXNFLTOTAL-26OCT04DETCAR-48,Full Game: over 47.5 points scored?,0.6100,0.6200,0.6200,326.61,326.61,active,2026-10-07T00:20:00Z,2026-10-01T13:50:16+00:00
KXNFLTOTAL-26OCT04GBTB,KXNFLTOTAL,KXNFLTOTAL-26OCT04GBTB-65,Full Game: over 64.5 points scored?,0.0400,0.0500,0.0500,30728.56,3691.22,active,2026-10-06T17:00:00Z,2026-10-01T13:50:16+00:00
KXNFLTOTAL-26OCT04GBTB,KXNFLTOTAL,KXNFLTOTAL-26OCT04GBTB-46,Full Game: over 45.5 points scored?,0.2900,0.3000,0.3100,23432.93,10189.83,active,2026-10-06T17:00:00Z,2026-10-01T13:50:16+00:00
KXNFLTOTAL-26OCT04GBTB,KXNFLTOTAL,KXNFLTOTAL-26OCT04GBTB-29,Full Game: over 28.5 points scored?,0.8100,0.8200,0.8100,49732.11,15432.51,active,2026-10-06T17:00:00Z,2026-10-01T13:50:16+00:00
KXNFLTOTAL-26OCT04GBTB,KXNFLTOTAL,KXNFLTOTAL-26OCT04GBTB-32,Full Game: over 31.5 points scored?,0.7100,0.7200,0.7300,75004.57,39323.61,active,2026-10-06T17:00:00Z,2026-10-01T13:50:16+00:00
KXNFLTOTAL-26OCT04GBTB,KXNFLTOTAL,KXNFLTOTAL-26OCT04GBTB-26,Full Game: over 25.5 points scored?,0.8700,0.8900,0.8800,30703.03,592.93,active,2026-10-06T17:00:00Z,2026-10-01T13:50:16+00:00
KXNFLTOTAL-26OCT04GBTB,KXNFLTOTAL,KXNFLTOTAL-26OCT04GBTB-50,Full Game: over 49.5 points scored?,0.1900,0.2100,0.2100,31912.33,22649.57,active,2026-10-06T17:00:00Z,2026-10-01T13:50:16+00:00
KXNFLTOTAL-26OCT04GBTB,KXNFLTOTAL,KXNFLTOTAL-26OCT04GBTB-56,Full Game: over 55.5 points scored?,0.1000,0.1100,0.1100,20404.40,9117.40,active,2026-10-06T17:00:00Z,2026-10-01T13:50:16+00:00
KXNFLTOTAL-26OCT04GBTB,KXNFLTOTAL,KXNFLTOTAL-26OCT04GBTB-53,Full Game: over 52.5 points scored?,0.1400,0.1500,0.1600,9523.56,7029.36,active,2026-10-06T17:00:00Z,2026-10-01T13:50:16+00:00
KXNFLTOTAL-26OCT04GBTB,KXNFLTOTAL,KXNFLTOTAL-26OCT04GBTB-48,Full Game: over 47.5 points scored?,0.2300,0.2400,0.2500,24849.19,9863.81,active,2026-10-06T17:00:00Z,2026-10-01T13:50:16+00:00
KXNFLTOTAL-26OCT04GBTB,KXNFLTOTAL,KXNFLTOTAL-26OCT04GBTB-62,Full Game: over 61.5 points scored?,0.0400,0.0500,0.0400,717.00,717.00,active,2026-10-06T17:00:00Z,2026-10-01T13:50:16+00:00
KXNFLTOTAL-26OCT04GBTB,KXNFLTOTAL,KXNFLTOTAL-26OCT04GBTB-49,Full Game: over 48.5 points scored?,0.2100,0.2200,0.2300,23243.24,11130.03,active,2026-10-06T17:00:00Z,2026-10-01T13:50:16+00:00
KXNFLTOTAL-26OCT04GBTB,KXNFLTOTAL,KXNFLTOTAL-26OCT04GBTB-35,Full Game: over 34.5 points scored?,0.6300,0.6500,0.6300,24380.91,8575.29,active,2026-10-06T17:00:00Z,2026-10-01T13:50:16+00:00
KXNFLTOTAL-26OCT04GBTB,KXNFLTOTAL,KXNFLTOTAL-26OCT04GBTB-59,Full Game: over 58.5 points scored?,0.0700,0.0800,0.0800,18526.79,10892.79,active,2026-10-06T17:00:00Z,2026-10-01T13:50:16+00:00
KXNFLTOTAL-26OCT04GBTB,KXNFLTOTAL,KXNFLTOTAL-26OCT04GBTB-44,Full Game: over 43.5 points scored?,0.3500,0.3600,0.3600,64437.60,63277.66,active,2026-10-06T17:00:00Z,2026-10-01T13:50:16+00:00
KXNFLTOTAL-26OCT04GBTB,KXNFLTOTAL,KXNFLTOTAL-26OCT04GBTB-38,Full Game: over 37.5 points scored?,0.5300,0.5500,0.5500,53955.14,38750.74,active,2026-10-06T17:00:00Z,2026-10-01T13:50:16+00:00
KXNFLTOTAL-26OCT04GBTB,KXNFLTOTAL,KXNFLTOTAL-26OCT04GBTB-45,Full Game: over 44.5 points scored?,0.3100,0.3200,0.3300,70805.74,55222.11,active,2026-10-06T17:00:00Z,2026-10-01T13:50:16+00:00
KXNFLTOTAL-26OCT04GBTB,KXNFLTOTAL,KXNFLTOTAL-26OCT04GBTB-41,Full Game: over 40.5 points scored?,0.4300,0.4400,0.4300,51058.71,31831.53,active,2026-10-06T17:00:00Z,2026-10-01T13:50:16+00:00
KXNFLTOTAL-26OCT04GBTB,KXNFLTOTAL,KXNFLTOTAL-26OCT04GBTB-47,Full Game: over 46.5 points scored?,0.2700,0.2800,0.2800,23072.32,6883.36,active,2026-10-06T17:00:00Z,2026-10-01T13:50:16+00:00
KXNFLTOTAL-26OCT04GBTB,KXNFLTOTAL,KXNFLTOTAL-26OCT04GBTB-68,Full Game: over 67.5 points scored?,0.0100,0.0300,0.0200,1218.35,1218.35,active,2026-10-06T17:00:00Z,2026-10-01T13:50:16+00:00
KXNFLTOTAL-26OCT04INDWAS,KXNFLTOTAL,KXNFLTOTAL-26OCT04INDWAS-35,Full Game: over 34.5 points scored?,0.8300,0.8400,0.8300,67326.04,8099.00,active,2026-10-06T13:30:00Z,2026-10-01T13:50:16+00:00
KXNFLTOTAL-26OCT04INDWAS,KXNFLTOTAL,KXNFLTOTAL-26OCT04INDWAS-38,Full Game: over 37.5 points scored?,0.7700,0.7800,0.7600,29673.90,22743.79,active,2026-10-06T13:30:00Z,2026-10-01T13:50:16+00:00
KXNFLTOTAL-26OCT04INDWAS,KXNFLTOTAL,KXNFLTOTAL-26OCT04INDWAS-26,Full Game: over 25.5 points scored?,0.9500,0.9600,0.9600,35188.27,31423.79,active,2026-10-06T13:30:00Z,2026-10-01T13:50:16+00:00
KXNFLTOTAL-26OCT04INDWAS,KXNFLTOTAL,KXNFLTOTAL-26OCT04INDWAS-56,Full Game: over 55.5 points scored?,0.2700,0.2800,0.2700,36609.00,15882.00,active,2026-10-06T13:30:00Z,2026-10-01T13:50:16+00:00
KXNFLTOTAL-26OCT04INDWAS,KXNFLTOTAL,KXNFLTOTAL-26OCT04INDWAS-45,Full Game: over 44.5 points scored?,0.5800,0.5900,0.5900,38009.99,11819.25,active,2026-10-06T13:30:00Z,2026-10-01T13:50:16+00:00
KXNFLTOTAL-26OCT04INDWAS,KXNFLTOTAL,KXNFLTOTAL-26OCT04INDWAS-65,Full Game: over 64.5 points scored?,0.1100,0.1200,0.1100,48680.12,37880.75,active,2026-10-06T13:30:00Z,2026-10-01T13:50:16+00:00
KXNFLTOTAL-26OCT04INDWAS,KXNFLTOTAL,KXNFLTOTAL-26OCT04INDWAS-41,Full Game: over 40.5 points scored?,0.7100,0.7200,0.7100,35518.51,30146.82,active,2026-10-06T13:30:00Z,2026-10-01T13:50:16+00:00
KXNFLTOTAL-26OCT04INDWAS,KXNFLTOTAL,KXNFLTOTAL-26OCT04INDWAS-29,Full Game: over 28.5 points scored?,0.9400,0.9500,0.9500,58658.45,27259.27,active,2026-10-06T13:30:00Z,2026-10-01T13:50:16+00:00
KXNFLTOTAL-26OCT04INDWAS,KXNFLTOTAL,KXNFLTOTAL-26OCT04INDWAS-32,Full Game: over 31.5 points scored?,0.8900,0.9000,0.8900,39686.48,25178.36,active,2026-10-06T13:30:00Z,2026-10-01T13:50:16+00:00
KXNFLTOTAL-26OCT04INDWAS,KXNFLTOTAL,KXNFLTOTAL-26OCT04INDWAS-44,Full Game: over 43.5 points scored?,0.6300,0.6400,0.6200,55883.40,24228.41,active,2026-10-06T13:30:00Z,2026-10-01T13:50:16+00:00
KXNFLTOTAL-26OCT04INDWAS,KXNFLTOTAL,KXNFLTOTAL-26OCT04INDWAS-62,Full Game: over 61.5 points scored?,0.1600,0.1700,0.1500,43477.11,14116.67,active,2026-10-06T13:30:00Z,2026-10-01T13:50:16+00:00
KXNFLTOTAL-26OCT04INDWAS,KXNFLTOTAL,KXNFLTOTAL-26OCT04INDWAS-50,Full Game: over 49.5 points scored?,0.4400,0.4500,0.4300,40433.04,15436.69,active,2026-10-06T13:30:00Z,2026-10-01T13:50:16+00:00
KXNFLTOTAL-26OCT04INDWAS,KXNFLTOTAL,KXNFLTOTAL-26OCT04INDWAS-46,Full Game: over 45.5 points scored?,0.5700,0.5800,0.5400,28712.57,28594.40,active,2026-10-06T13:30:00Z,2026-10-01T13:50:16+00:00
KXNFLTOTAL-26OCT04INDWAS,KXNFLTOTAL,KXNFLTOTAL-26OCT04INDWAS-49,Full Game: over 48.5 points scored?,0.4700,0.4800,0.4800,22918.28,22529.14,active,2026-10-06T13:30:00Z,2026-10-01T13:50:16+00:00
KXNFLTOTAL-26OCT04INDWAS,KXNFLTOTAL,KXNFLTOTAL-26OCT04INDWAS-53,Full Game: over 52.5 points scored?,0.3500,0.3700,0.3500,38596.92,4245.27,active,2026-10-06T13:30:00Z,2026-10-01T13:50:16+00:00
KXNFLTOTAL-26OCT04INDWAS,KXNFLTOTAL,KXNFLTOTAL-26OCT04INDWAS-59,Full Game: over 58.5 points scored?,0.2100,0.2200,0.1900,36355.55,3763.55,active,2026-10-06T13:30:00Z,2026-10-01T13:50:16+00:00
KXNFLTOTAL-26OCT04INDWAS,KXNFLTOTAL,KXNFLTOTAL-26OCT04INDWAS-48,Full Game: over 47.5 points scored?,0.5100,0.5200,0.5200,53060.60,28715.15,active,2026-10-06T13:30:00Z,2026-10-01T13:50:16+00:00
KXNFLTOTAL-26OCT04INDWAS,KXNFLTOTAL,KXNFLTOTAL-26OCT04INDWAS-47,Full Game: over 46.5 points scored?,0.5400,0.5500,0.5300,51419.86,11465.24,active,2026-10-06T13:30:00Z,2026-10-01T13:50:16+00:00
KXNFLTOTAL-26OCT04INDWAS,KXNFLTOTAL,KXNFLTOTAL-26OCT04INDWAS-68,Full Game: over 67.5 points scored?,0.0800,0.0900,0.0700,26534.55,12765.63,active,2026-10-06T13:30:00Z,2026-10-01T13:50:16+00:00
KXNFLTOTAL-26OCT04JACCIN,KXNFLTOTAL,KXNFLTOTAL-26OCT04JACCIN-68,Full Game: over 67.5 points scored?,0.1200,0.1300,0.1200,3372.65,3372.65,active,2026-10-06T17:00:00Z,2026-10-01T13:50:16+00:00
KXNFLTOTAL-26OCT04JACCIN,KXNFLTOTAL,KXNFLTOTAL-26OCT04JACCIN-71,Full Game: over 70.5 points scored?,0.0900,0.1000,0.0800,3554.68,3062.59,active,2026-10-06T17:00:00Z,2026-10-01T13:50:16+00:00
KXNFLTOTAL-26OCT04JACCIN,KXNFLTOTAL,KXNFLTOTAL-26OCT04JACCIN-32,Full Game: over 31.5 points scored?,0.9200,0.9300,0.9300,53113.84,22900.28,active,2026-10-06T17:00:00Z,2026-10-01T13:50:16+00:00
KXNFLTOTAL-26OCT04JACCIN,KXNFLTOTAL,KXNFLTOTAL-26OCT04JACCIN-52,Full Game: over 51.5 points scored?,0.4800,0.4900,0.4800,12242.67,10518.69,active,2026-10-06T17:00:00Z,2026-10-01T13:50:16+00:00
KXNFLTOTAL-26OCT04JACCIN,KXNFLTOTAL,KXNFLTOTAL-26OCT04JACCIN-47,Full Game: over 46.5 points scored?,0.6400,0.6500,0.6500,13988.18,13911.18,active,2026-10-06T17:00:00Z,2026-10-01T13:50:16+00:00
KXNFLTOTAL-26OCT04JACCIN,KXNFLTOTAL,KXNFLTOTAL-26OCT04JACCIN-44,Full Game: over 43.5 points scored?,0.7100,0.7300,0.7200,16882.96,15739.78,active,2026-10-06T17:00:00Z,2026-10-01T13:50:16+00:00
KXNFLTOTAL-26OCT04JACCIN,KXNFLTOTAL,KXNFLTOTAL-26OCT04JACCIN-48,Full Game: over 47.5 points scored?,0.6000,0.6100,0.6200,16631.81,13692.35,active,2026-10-06T17:00:00Z,2026-10-01T13:50:16+00:00
KXNFLTOTAL-26OCT04JACCIN,KXNFLTOTAL,KXNFLTOTAL-26OCT04JACCIN-50,Full Game: over 49.5 points scored?,0.5500,0.5600,0.5600,190.24,190.24,active,2026-10-06T17:00:00Z,2026-10-01T13:50:16+00:00
KXNFLTOTAL-26OCT04JACCIN,KXNFLTOTAL,KXNFLTOTAL-26OCT04JACCIN-65,Full Game: over 64.5 points scored?,0.1700,0.1800,0.0000,0.00,0.00,active,2026-10-06T17:00:00Z,2026-10-01T13:50:16+00:00
KXNFLTOTAL-26OCT04JACCIN,KXNFLTOTAL,KXNFLTOTAL-26OCT04JACCIN-29,Full Game: over 28.5 points scored?,0.9500,0.9600,0.9500,53030.54,23984.30,active,2026-10-06T17:00:00Z,2026-10-01T13:50:16+00:00
KXNFLTOTAL-26OCT04JACCIN,KXNFLTOTAL,KXNFLTOTAL-26OCT04JACCIN-38,Full Game: over 37.5 points scored?,0.8400,0.8500,0.8600,20060.46,10035.52,active,2026-10-06T17:00:00Z,2026-10-01T13:50:16+00:00
KXNFLTOTAL-26OCT04JACCIN,KXNFLTOTAL,KXNFLTOTAL-26OCT04JACCIN-35,Full Game: over 34.5 points scored?,0.8900,0.9000,0.9000,21227.91,13484.27,active,2026-10-06T17:00:00Z,2026-10-01T13:50:16+00:00
KXNFLTOTAL-26OCT04JACCIN,KXNFLTOTAL,KXNFLTOTAL-26OCT04JACCIN-59,Full Game: over 58.5 points scored?,0.2800,0.2900,0.3000,3818.35,3750.00,active,2026-10-06T17:00:00Z,2026-10-01T13:50:16+00:00
KXNFLTOTAL-26OCT04JACCIN,KXNFLTOTAL,KXNFLTOTAL-26OCT04JACCIN-49,Full Game: over 48.5 points scored?,0.5800,0.5900,0.5700,1848.80,1012.00,active,2026-10-06T17:00:00Z,2026-10-01T13:50:16+00:00
KXNFLTOTAL-26OCT04JACCIN,KXNFLTOTAL,KXNFLTOTAL-26OCT04JACCIN-51,Full Game: over 50.5 points scored?,0.5200,0.5300,0.5300,4477.80,2492.89,active,2026-10-06T17:00:00Z,2026-10-01T13:50:16+00:00
KXNFLTOTAL-26OCT04JACCIN,KXNFLTOTAL,KXNFLTOTAL-26OCT04JACCIN-41,Full Game: over 40.5 points scored?,0.7800,0.8000,0.8100,5230.58,2705.54,active,2026-10-06T17:00:00Z,2026-10-01T13:50:16+00:00
KXNFLTOTAL-26OCT04JACCIN,KXNFLTOTAL,KXNFLTOTAL-26OCT04JACCIN-62,Full Game: over 61.5 points scored?,0.2200,0.2300,0.2300,153.16,153.16,active,2026-10-06T17:00:00Z,2026-10-01T13:50:16+00:00
KXNFLTOTAL-26OCT04JACCIN,KXNFLTOTAL,KXNFLTOTAL-26OCT04JACCIN-53,Full Game: over 52.5 points scored?,0.4400,0.4600,0.4500,9.15,9.15,active,2026-10-06T17:00:00Z,2026-10-01T13:50:16+00:00
KXNFLTOTAL-26OCT04JACCIN,KXNFLTOTAL,KXNFLTOTAL-26OCT04JACCIN-56,Full Game: over 55.5 points scored?,0.3500,0.3800,0.3800,346.44,176.44,active,2026-10-06T17:00:00Z,2026-10-01T13:50:16+00:00
KXNFLTOTAL-26OCT04KCLV,KXNFLTOTAL,KXNFLTOTAL-26OCT04KCLV-65,Full Game: over 64.5 points scored?,0.1100,0.1200,0.1100,6055.11,6019.14,active,2026-10-06T20:25:00Z,2026-10-01T13:50:16+00:00
KXNFLTOTAL-26OCT04KCLV,KXNFLTOTAL,KXNFLTOTAL-26OCT04KCLV-62,Full Game: over 61.5 points scored?,0.1500,0.1700,0.1400,5388.09,2865.26,active,2026-10-06T20:25:00Z,2026-10-01T13:50:16+00:00
KXNFLTOTAL-26OCT04KCLV,KXNFLTOTAL,KXNFLTOTAL-26OCT04KCLV-29,Full Game: over 28.5 points scored?,0.9400,0.9500,0.9500,2792.56,2744.35,active,2026-10-06T20:25:00Z,2026-10-01T13:50:16+00:00
KXNFLTOTAL-26OCT04KCLV,KXNFLTOTAL,KXNFLTOTAL-26OCT04KCLV-32,Full Game: over 31.5 points scored?,0.9000,0.9100,0.9200,843.99,764.50,active,2026-10-06T20:25:00Z,2026-10-01T13:50:16+00:00
KXNFLTOTAL-26OCT04KCLV,KXNFLTOTAL,KXNFLTOTAL-26OCT04KCLV-59,Full Game: over 58.5 points scored?,0.2000,0.2200,0.2000,2337.63,1836.21,active,2026-10-06T20:25:00Z,2026-10-01T13:50:16+00:00
KXNFLTOTAL-26OCT04KCLV,KXNFLTOTAL,KXNFLTOTAL-26OCT04KCLV-35,Full Game: over 34.5 points scored?,0.8500,0.8600,0.8600,2483.88,2339.00,active,2026-10-06T20:25:00Z,2026-10-01T13:50:16+00:00
KXNFLTOTAL-26OCT04KCLV,KXNFLTOTAL,KXNFLTOTAL-26OCT04KCLV-41,Full Game: over 40.5 points scored?,0.7000,0.7200,0.7300,163.17,122.58,active,2026-10-06T20:25:00Z,2026-10-01T13:50:16+00:00
KXNFLTOTAL-26OCT04KCLV,KXNFLTOTAL,KXNFLTOTAL-26OCT04KCLV-53,Full Game: over 52.5 points scored?,0.3500,0.3600,0.3600,2564.65,2524.52,active,2026-10-06T20:25:00Z,2026-10-01T13:50:16+00:00
KXNFLTOTAL-26OCT04KCLV,KXNFLTOTAL,KXNFLTOTAL-26OCT04KCLV-68,Full Game: over 67.5 points scored?,0.0700,0.0800,0.0700,7167.72,4530.32,active,2026-10-06T20:25:00Z,2026-10-01T13:50:16+00:00
KXNFLTOTAL-26OCT04KCLV,KXNFLTOTAL,KXNFLTOTAL-26OCT04KCLV-44,Full Game: over 43.5 points scored?,0.6200,0.6300,0.6200,394.35,215.13,active,2026-10-06T20:25:00Z,2026-10-01T13:50:16+00:00
KXNFLTOTAL-26OCT04KCLV,KXNFLTOTAL,KXNFLTOTAL-26OCT04KCLV-45,Full Game: over 44.5 points scored?,0.5900,0.6100,0.6100,177.46,177.46,active,2026-10-06T20:25:00Z,2026-10-01T13:50:16+00:00
KXNFLTOTAL-26OCT04KCLV,KXNFLTOTAL,KXNFLTOTAL-26OCT04KCLV-47,Full Game: over 46.5 points scored?,0.5400,0.5500,0.5500,14230.60,14132.76,active,2026-10-06T20:25:00Z,2026-10-01T13:50:16+00:00
KXNFLTOTAL-26OCT04KCLV,KXNFLTOTAL,KXNFLTOTAL-26OCT04KCLV-26,Full Game: over 25.5 points scored?,0.9500,0.9700,0.9600,22461.95,18694.38,active,2026-10-06T20:25:00Z,2026-10-01T13:50:16+00:00
KXNFLTOTAL-26OCT04KCLV,KXNFLTOTAL,KXNFLTOTAL-26OCT04KCLV-46,Full Game: over 45.5 points scored?,0.5700,0.5800,0.5800,1626.42,1545.40,active,2026-10-06T20:25:00Z,2026-10-01T13:50:16+00:00
KXNFLTOTAL-26OCT04KCLV,KXNFLTOTAL,KXNFLTOTAL-26OCT04KCLV-49,Full Game: over 48.5 points scored?,0.4600,0.4700,0.4700,411.82,382.00,active,2026-10-06T20:25:00Z,2026-10-01T13:50:16+00:00
KXNFLTOTAL-26OCT04KCLV,KXNFLTOTAL,KXNFLTOTAL-26OCT04KCLV-56,Full Game: over 55.5 points scored?,0.2600,0.2700,0.2800,188.60,159.18,active,2026-10-06T20:25:00Z,2026-10-01T13:50:16+00:00
KXNFLTOTAL-26OCT04KCLV,KXNFLTOTAL,KXNFLTOTAL-26OCT04KCLV-50,Full Game: over 49.5 points scored?,0.4500,0.4600,0.4500,138.42,133.23,active,2026-10-06T20:25:00Z,2026-10-01T13:50:16+00:00
KXNFLTOTAL-26OCT04KCLV,KXNFLTOTAL,KXNFLTOTAL-26OCT04KCLV-48,Full Game: over 47.5 points scored?,0.4900,0.5000,0.5000,29991.98,25139.09,active,2026-10-06T20:25:00Z,2026-10-01T13:50:16+00:00
KXNFLTOTAL-26OCT04KCLV,KXNFLTOTAL,KXNFLTOTAL-26OCT04KCLV-38,Full Game: over 37.5 points scored?,0.7800,0.7900,0.8000,351.19,170.03,active,2026-10-06T20:25:00Z,2026-10-01T13:50:16+00:00
KXNFLTOTAL-26OCT04LACSEA,KXNFLTOTAL,KXNFLTOTAL-26OCT04LACSEA-56,Full Game: over 55.5 points scored?,0.1600,0.1700,0.1600,403.00,382.00,active,2026-10-06T20:25:00Z,2026-10-01T13:50:16+00:00
KXNFLTOTAL-26OCT04LACSEA,KXNFLTOTAL,KXNFLTOTAL-26OCT04LACSEA-29,Full Game: over 28.5 points scored?,0.8800,0.8900,0.9000,19919.51,19327.15,active,2026-10-06T20:25:00Z,2026-10-01T13:50:16+00:00
KXNFLTOTAL-26OCT04LACSEA,KXNFLTOTAL,KXNFLTOTAL-26OCT04LACSEA-26,Full Game: over 25.5 points scored?,0.9200,0.9300,0.9400,36324.15,9582.15,active,2026-10-06T20:25:00Z,2026-10-01T13:50:16+00:00
KXNFLTOTAL-26OCT04LACSEA,KXNFLTOTAL,KXNFLTOTAL-26OCT04LACSEA-35,Full Game: over 34.5 points scored?,0.7400,0.7500,0.7500,2640.00,1372.00,active,2026-10-06T20:25:00Z,2026-10-01T13:50:16+00:00
KXNFLTOTAL-26OCT04LACSEA,KXNFLTOTAL,KXNFLTOTAL-26OCT04LACSEA-62,Full Game: over 61.5 points scored?,0.0800,0.0900,0.0800,3360.31,3360.31,active,2026-10-06T20:25:00Z,2026-10-01T13:50:16+00:00
KXNFLTOTAL-26OCT04LACSEA,KXNFLTOTAL,KXNFLTOTAL-26OCT04LACSEA-45,Full Game: over 44.5 points scored?,0.4300,0.4400,0.4300,1653.23,1524.23,active,2026-10-06T20:25:00Z,2026-10-01T13:50:16+00:00
KXNFLTOTAL-26OCT04LACSEA,KXNFLTOTAL,KXNFLTOTAL-26OCT04LACSEA-46,Full Game: over 45.5 points scored?,0.4000,0.4100,0.4100,17691.03,13429.01,active,2026-10-06T20:25:00Z,2026-10-01T13:50:16+00:00
KXNFLTOTAL-26OCT04LACSEA,KXNFLTOTAL,KXNFLTOTAL-26OCT04LACSEA-38,Full Game: over 37.5 points scored?,0.6500,0.6600,0.6600,2917.44,1983.44,active,2026-10-06T20:25:00Z,2026-10-01T13:50:16+00:00
KXNFLTOTAL-26OCT04LACSEA,KXNFLTOTAL,KXNFLTOTAL-26OCT04LACSEA-47,Full Game: over 46.5 points scored?,0.3800,0.3900,0.3800,6275.00,5421.00,active,2026-10-06T20:25:00Z,2026-10-01T13:50:16+00:00
KXNFLTOTAL-26OCT04LACSEA,KXNFLTOTAL,KXNFLTOTAL-26OCT04LACSEA-53,Full Game: over 52.5 points scored?,0.2300,0.2400,0.2300,227.00,227.00,active,2026-10-06T20:25:00Z,2026-10-01T13:50:16+00:00
KXNFLTOTAL-26OCT04LACSEA,KXNFLTOTAL,KXNFLTOTAL-26OCT04LACSEA-42,Full Game: over 41.5 points scored?,0.5400,0.5500,0.5400,13611.00,13611.00,active,2026-10-06T20:25:00Z,2026-10-01T13:50:16+00:00
KXNFLTOTAL-26OCT04LACSEA,KXNFLTOTAL,KXNFLTOTAL-26OCT04LACSEA-23,Full Game: over 22.5 points scored?,0.9500,0.9700,0.9700,21118.87,10368.63,active,2026-10-06T20:25:00Z,2026-10-01T13:50:16+00:00
KXNFLTOTAL-26OCT04LACSEA,KXNFLTOTAL,KXNFLTOTAL-26OCT04LACSEA-65,Full Game: over 64.5 points scored?,0.0600,0.0700,0.0500,4867.64,4867.64,active,2026-10-06T20:25:00Z,2026-10-01T13:50:16+00:00
KXNFLTOTAL-26OCT04LACSEA,KXNFLTOTAL,KXNFLTOTAL-26OCT04LACSEA-32,Full Game: over 31.5 points scored?,0.8200,0.8300,0.8200,64107.36,3746.18,active,2026-10-06T20:25:00Z,2026-10-01T13:50:16+00:00
KXNFLTOTAL-26OCT04LACSEA,KXNFLTOTAL,KXNFLTOTAL-26OCT04LACSEA-41,Full Game: over 40.5 points scored?,0.5700,0.5800,0.5900,15558.70,15558.70,active,2026-10-06T20:25:00Z,2026-10-01T13:50:16+00:00
KXNFLTOTAL-26OCT04LACSEA,KXNFLTOTAL,KXNFLTOTAL-26OCT04LACSEA-50,Full Game: over 49.5 points scored?,0.3100,0.3200,0.3200,371687.15,355387.15,active,2026-10-06T20:25:00Z,2026-10-01T13:50:16+00:00
KXNFLTOTAL-26OCT04LACSEA,KXNFLTOTAL,KXNFLTOTAL-26OCT04LACSEA-44,Full Game: over 43.5 points scored?,0.4600,0.4700,0.4600,807.47,730.55,active,2026-10-06T20:25:00Z,2026-10-01T13:50:16+00:00
KXNFLTOTAL-26OCT04LACSEA,KXNFLTOTAL,KXNFLTOTAL-26OCT04LACSEA-43,Full Game: over 42.5 points scored?,0.5200,0.5300,0.5200,3520.95,2845.04,active,2026-10-06T20:25:00Z,2026-10-01T13:50:16+00:00
KXNFLTOTAL-26OCT04LACSEA,KXNFLTOTAL,KXNFLTOTAL-26OCT04LACSEA-59,Full Game: over 58.5 points scored?,0.1200,0.1300,0.1200,390.26,390.26,active,2026-10-06T20:25:00Z,2026-10-01T13:50:16+00:00
KXNFLTOTAL-26OCT04LARPHI,KXNFLTOTAL,KXNFLTOTAL-26OCT04LARPHI-49,Full Game: over 48.5 points scored?,0.3600,0.3800,0.3600,433.84,358.00,active,2026-10-06T17:00:00Z,2026-10-01T13:50:16+00:00
KXNFLTOTAL-26OCT04LARPHI,KXNFLTOTAL,KXNFLTOTAL-26OCT04LARPHI-40,Full Game: over 39.5 points scored?,0.6500,0.6600,0.6500,6031.78,916.78,active,2026-10-06T17:00:00Z,2026-10-01T13:50:16+00:00
KXNFLTOTAL-26OCT04LARPHI,KXNFLTOTAL,KXNFLTOTAL-26OCT04LARPHI-67,Full Game: over 66.5 points scored?,0.0500,0.0700,0.0400,16119.84,14855.27,active,2026-10-06T17:00:00Z,2026-10-01T13:50:16+00:00
KXNFLTOTAL-26OCT04LARPHI,KXNFLTOTAL,KXNFLTOTAL-26OCT04LARPHI-31,Full Game: over 30.5 points scored?,0.8600,0.8700,0.8600,15024.88,13099.03,active,2026-10-06T17:00:00Z,2026-10-01T13:50:16+00:00
KXNFLTOTAL-26OCT04LARPHI,KXNFLTOTAL,KXNFLTOTAL-26OCT04LARPHI-25,Full Game: over 24.5 points scored?,0.9300,0.9400,0.9500,51311.65,12521.18,active,2026-10-06T17:00:00Z,2026-10-01T13:50:16+00:00
KXNFLTOTAL-26OCT04LARPHI,KXNFLTOTAL,KXNFLTOTAL-26OCT04LARPHI-34,Full Game: over 33.5 points scored?,0.8000,0.8100,0.8000,33213.82,1791.18,active,2026-10-06T17:00:00Z,2026-10-01T13:50:16+00:00
KXNFLTOTAL-26OCT04LARPHI,KXNFLTOTAL,KXNFLTOTAL-26OCT04LARPHI-48,Full Game: over 47.5 points scored?,0.3800,0.4000,0.3800,603.78,539.78,active,2026-10-06T17:00:00Z,2026-10-01T13:50:16+00:00
KXNFLTOTAL-26OCT04LARPHI,KXNFLTOTAL,KXNFLTOTAL-26OCT04LARPHI-43,Full Game: over 42.5 points scored?,0.5500,0.5600,0.5500,15864.26,15288.16,active,2026-10-06T17:00:00Z,2026-10-01T13:50:16+00:00
KXNFLTOTAL-26OCT04LARPHI,KXNFLTOTAL,KXNFLTOTAL-26OCT04LARPHI-58,Full Game: over 57.5 points scored?,0.1500,0.1600,0.1700,16364.50,14946.41,active,2026-10-06T17:00:00Z,2026-10-01T13:50:16+00:00
KXNFLTOTAL-26OCT04LARPHI,KXNFLTOTAL,KXNFLTOTAL-26OCT04LARPHI-52,Full Game: over 51.5 points scored?,0.2700,0.2900,0.2800,2297.38,1955.33,active,2026-10-06T17:00:00Z,2026-10-01T13:50:16+00:00
KXNFLTOTAL-26OCT04LARPHI,KXNFLTOTAL,KXNFLTOTAL-26OCT04LARPHI-46,Full Game: over 45.5 points scored?,0.4400,0.4500,0.4400,3226.47,3197.47,active,2026-10-06T17:00:00Z,2026-10-01T13:50:16+00:00
KXNFLTOTAL-26OCT04LARPHI,KXNFLTOTAL,KXNFLTOTAL-26OCT04LARPHI-45,Full Game: over 44.5 points scored?,0.4700,0.4800,0.4700,61729.56,52454.29,active,2026-10-06T17:00:00Z,2026-10-01T13:50:16+00:00
KXNFLTOTAL-26OCT04LARPHI,KXNFLTOTAL,KXNFLTOTAL-26OCT04LARPHI-37,Full Game: over 36.5 points scored?,0.7200,0.7300,0.7200,5465.73,1713.73,active,2026-10-06T17:00:00Z,2026-10-01T13:50:16+00:00
KXNFLTOTAL-26OCT04LARPHI,KXNFLTOTAL,KXNFLTOTAL-26OCT04LARPHI-55,Full Game: over 54.5 points scored?,0.2000,0.2200,0.2000,2445.94,1336.47,active,2026-10-06T17:00:00Z,2026-10-01T13:50:16+00:00
KXNFLTOTAL-26OCT04LARPHI,KXNFLTOTAL,KXNFLTOTAL-26OCT04LARPHI-28,Full Game: over 27.5 points scored?,0.9000,0.9200,0.9100,38110.92,10775.02,active,2026-10-06T17:00:00Z,2026-10-01T13:50:16+00:00
KXNFLTOTAL-26OCT04LARPHI,KXNFLTOTAL,KXNFLTOTAL-26OCT04LARPHI-61,Full Game: over 60.5 points scored?,0.1200,0.1300,0.1200,16156.22,12921.69,active,2026-10-06T17:00:00Z,2026-10-01T13:50:16+00:00
KXNFLTOTAL-26OCT04LARPHI,KXNFLTOTAL,KXNFLTOTAL-26OCT04LARPHI-47,Full Game: over 46.5 points scored?,0.4200,0.4300,0.4000,10606.22,10494.76,active,2026-10-06T17:00:00Z,2026-10-01T13:50:16+00:00
KXNFLTOTAL-26OCT04LARPHI,KXNFLTOTAL,KXNFLTOTAL-26OCT04LARPHI-64,Full Game: over 63.5 points scored?,0.0700,0.0900,0.0800,5368.75,4310.34,active,2026-10-06T17:00:00Z,2026-10-01T13:50:16+00:00
KXNFLTOTAL-26OCT04LARPHI,KXNFLTOTAL,KXNFLTOTAL-26OCT04LARPHI-44,Full Game: over 43.5 points scored?,0.5100,0.5200,0.5200,37387.04,15477.21,active,2026-10-06T17:00:00Z,2026-10-01T13:50:16+00:00
KXNFLTOTAL-26OCT04MIAMIN,KXNFLTOTAL,KXNFLTOTAL-26OCT04MIAMIN-21,Full Game: over 20.5 points scored?,0.9300,0.9500,0.9500,3748.80,3744.28,active,2026-10-06T20:05:00Z,2026-10-01T13:50:16+00:00
KXNFLTOTAL-26OCT04MIAMIN,KXNFLTOTAL,KXNFLTOTAL-26OCT04MIAMIN-24,Full Game: over 23.5 points scored?,0.9000,0.9100,0.9100,19444.85,15651.71,active,2026-10-06T20:05:00Z,2026-10-01T13:50:16+00:00
KXNFLTOTAL-26OCT04MIAMIN,KXNFLTOTAL,KXNFLTOTAL-26OCT04MIAMIN-54,Full Game: over 53.5 points scored?,0.1200,0.1300,0.1200,17520.54,17369.54,active,2026-10-06T20:05:00Z,2026-10-01T13:50:16+00:00
KXNFLTOTAL-26OCT04MIAMIN,KXNFLTOTAL,KXNFLTOTAL-26OCT04MIAMIN-60,Full Game: over 59.5 points scored?,0.0500,0.0600,0.0500,4823.34,4818.41,active,2026-10-06T20:05:00Z,2026-10-01T13:50:16+00:00
KXNFLTOTAL-26OCT04MIAMIN,KXNFLTOTAL,KXNFLTOTAL-26OCT04MIAMIN-51,Full Game: over 50.5 points scored?,0.1700,0.1900,0.1700,17012.85,17012.85,active,2026-10-06T20:05:00Z,2026-10-01T13:50:16+00:00
KXNFLTOTAL-26OCT04MIAMIN,KXNFLTOTAL,KXNFLTOTAL-26OCT04MIAMIN-57,Full Game: over 56.5 points scored?,0.0800,0.0900,0.0800,5680.77,5680.77,active,2026-10-06T20:05:00Z,2026-10-01T13:50:16+00:00
KXNFLTOTAL-26OCT04MIAMIN,KXNFLTOTAL,KXNFLTOTAL-26OCT04MIAMIN-63,Full Game: over 62.5 points scored?,0.0300,0.0400,0.0300,3050.91,2920.91,active,2026-10-06T20:05:00Z,2026-10-01T13:50:16+00:00
KXNFLTOTAL-26OCT04MIAMIN,KXNFLTOTAL,KXNFLTOTAL-26OCT04MIAMIN-43,Full Game: over 42.5 points scored?,0.3700,0.3900,0.3700,2795.17,2397.56,active,2026-10-06T20:05:00Z,2026-10-01T13:50:16+00:00
KXNFLTOTAL-26OCT04MIAMIN,KXNFLTOTAL,KXNFLTOTAL-26OCT04MIAMIN-44,Full Game: over 43.5 points scored?,0.3400,0.3600,0.3300,3550.40,3159.40,active,2026-10-06T20:05:00Z,2026-10-01T13:50:16+00:00
KXNFLTOTAL-26OCT04MIAMIN,KXNFLTOTAL,KXNFLTOTAL-26OCT04MIAMIN-48,Full Game: over 47.5 points scored?,0.2300,0.2500,0.2500,18593.51,16902.86,active,2026-10-06T20:05:00Z,2026-10-01T13:50:16+00:00
KXNFLTOTAL-26OCT04MIAMIN,KXNFLTOTAL,KXNFLTOTAL-26OCT04MIAMIN-41,Full Game: over 40.5 points scored?,0.4300,0.4500,0.4300,527.39,306.51,active,2026-10-06T20:05:00Z,2026-10-01T13:50:16+00:00
KXNFLTOTAL-26OCT04MIAMIN,KXNFLTOTAL,KXNFLTOTAL-26OCT04MIAMIN-36,Full Game: over 35.5 points scored?,0.6000,0.6100,0.6100,64.87,39.87,active,2026-10-06T20:05:00Z,2026-10-01T13:50:16+00:00
KXNFLTOTAL-26OCT04MIAMIN,KXNFLTOTAL,KXNFLTOTAL-26OCT04MIAMIN-39,Full Game: over 38.5 points scored?,0.5100,0.5200,0.5200,13393.37,11890.65,active,2026-10-06T20:05:00Z,2026-10-01T13:50:16+00:00
KXNFLTOTAL-26OCT04MIAMIN,KXNFLTOTAL,KXNFLTOTAL-26OCT04MIAMIN-42,Full Game: over 41.5 points scored?,0.4100,0.4200,0.4100,17935.45,16920.89,active,2026-10-06T20:05:00Z,2026-10-01T13:50:16+00:00
KXNFLTOTAL-26OCT04MIAMIN,KXNFLTOTAL,KXNFLTOTAL-26OCT04MIAMIN-45,Full Game: over 44.5 points scored?,0.3100,0.3300,0.3200,15351.00,15301.00,active,2026-10-06T20:05:00Z,2026-10-01T13:50:16+00:00
KXNFLTOTAL-26OCT04MIAMIN,KXNFLTOTAL,KXNFLTOTAL-26OCT04MIAMIN-27,Full Game: over 26.5 points scored?,0.8600,0.8700,0.8700,5665.62,5490.62,active,2026-10-06T20:05:00Z,2026-10-01T13:50:16+00:00
KXNFLTOTAL-26OCT04MIAMIN,KXNFLTOTAL,KXNFLTOTAL-26OCT04MIAMIN-33,Full Game: over 32.5 points scored?,0.6900,0.7000,0.7000,4166.19,1757.59,active,2026-10-06T20:05:00Z,2026-10-01T13:50:16+00:00
KXNFLTOTAL-26OCT04MIAMIN,KXNFLTOTAL,KXNFLTOTAL-26OCT04MIAMIN-40,Full Game: over 39.5 points scored?,0.4600,0.4700,0.4700,4065.30,2911.49,active,2026-10-06T20:05:00Z,2026-10-01T13:50:16+00:00
KXNFLTOTAL-26OCT04MIAMIN,KXNFLTOTAL,KXNFLTOTAL-26OCT04MIAMIN-30,Full Game: over 29.5 points scored?,0.7700,0.7800,0.7800,4636.57,4305.46,active,2026-10-06T20:05:00Z,2026-10-01T13:50:16+00:00
KXNFLTOTAL-26OCT04NEBUF,KXNFLTOTAL,KXNFLTOTAL-26OCT04NEBUF-34,Full Game: over 33.5 points scored?,0.8700,0.8800,0.8800,20888.00,20804.00,active,2026-10-06T17:00:00Z,2026-10-01T13:50:16+00:00
KXNFLTOTAL-26OCT04NEBUF,KXNFLTOTAL,KXNFLTOTAL-26OCT04NEBUF-58,Full Game: over 57.5 points scored?,0.2500,0.2700,0.2700,208.04,208.04,active,2026-10-06T17:00:00Z,2026-10-01T13:50:16+00:00
KXNFLTOTAL-26OCT04NEBUF,KXNFLTOTAL,KXNFLTOTAL-26OCT04NEBUF-67,Full Game: over 66.5 points scored?,0.1000,0.1100,0.0900,11191.28,10966.67,active,2026-10-06T17:00:00Z,2026-10-01T13:50:16+00:00
KXNFLTOTAL-26OCT04NEBUF,KXNFLTOTAL,KXNFLTOTAL-26OCT04NEBUF-31,Full Game: over 30.5 points scored?,0.9100,0.9200,0.9100,38938.86,10333.86,active,2026-10-06T17:00:00Z,2026-10-01T13:50:16+00:00
KXNFLTOTAL-26OCT04NEBUF,KXNFLTOTAL,KXNFLTOTAL-26OCT04NEBUF-46,Full Game: over 45.5 points scored?,0.5900,0.6100,0.6100,216.11,166.11,active,2026-10-06T17:00:00Z,2026-10-01T13:50:16+00:00
KXNFLTOTAL-26OCT04NEBUF,KXNFLTOTAL,KXNFLTOTAL-26OCT04NEBUF-61,Full Game: over 60.5 points scored?,0.2000,0.2100,0.1900,126.00,125.00,active,2026-10-06T17:00:00Z,2026-10-01T13:50:16+00:00
KXNFLTOTAL-26OCT04NEBUF,KXNFLTOTAL,KXNFLTOTAL-26OCT04NEBUF-70,Full Game: over 69.5 points scored?,0.0600,0.0700,0.0600,5792.77,5703.05,active,2026-10-06T17:00:00Z,2026-10-01T13:50:16+00:00
KXNFLTOTAL-26OCT04NEBUF,KXNFLTOTAL,KXNFLTOTAL-26OCT04NEBUF-64,Full Game: over 63.5 points scored?,0.1300,0.1400,0.0000,0.00,0.00,active,2026-10-06T17:00:00Z,2026-10-01T13:50:16+00:00
KXNFLTOTAL-26OCT04NEBUF,KXNFLTOTAL,KXNFLTOTAL-26OCT04NEBUF-28,Full Game: over 27.5 points scored?,0.9500,0.9600,0.9700,4931.29,4805.05,active,2026-10-06T17:00:00Z,2026-10-01T13:50:16+00:00
KXNFLTOTAL-26OCT04NEBUF,KXNFLTOTAL,KXNFLTOTAL-26OCT04NEBUF-55,Full Game: over 54.5 points scored?,0.3300,0.3400,0.3200,261.37,247.00,active,2026-10-06T17:00:00Z,2026-10-01T13:50:16+00:00
KXNFLTOTAL-26OCT04NEBUF,KXNFLTOTAL,KXNFLTOTAL-26OCT04NEBUF-43,Full Game: over 42.5 points scored?,0.6800,0.6900,0.6900,36568.98,15266.98,active,2026-10-06T17:00:00Z,2026-10-01T13:50:16+00:00
KXNFLTOTAL-26OCT04NEBUF,KXNFLTOTAL,KXNFLTOTAL-26OCT04NEBUF-49,Full Game: over 48.5 points scored?,0.4900,0.5000,0.4900,9298.33,8985.76,active,2026-10-06T17:00:00Z,2026-10-01T13:50:16+00:00
KXNFLTOTAL-26OCT04NEBUF,KXNFLTOTAL,KXNFLTOTAL-26OCT04NEBUF-48,Full Game: over 47.5 points scored?,0.5300,0.5500,0.5400,18187.71,12526.00,active,2026-10-06T17:00:00Z,2026-10-01T13:50:16+00:00
KXNFLTOTAL-26OCT04NEBUF,KXNFLTOTAL,KXNFLTOTAL-26OCT04NEBUF-51,Full Game: over 50.5 points scored?,0.4400,0.4500,0.4100,2.00,2.00,active,2026-10-06T17:00:00Z,2026-10-01T13:50:16+00:00
KXNFLTOTAL-26OCT04NEBUF,KXNFLTOTAL,KXNFLTOTAL-26OCT04NEBUF-50,Full Game: over 49.5 points scored?,0.4700,0.4800,0.4600,647.92,547.42,active,2026-10-06T17:00:00Z,2026-10-01T13:50:16+00:00
KXNFLTOTAL-26OCT04NEBUF,KXNFLTOTAL,KXNFLTOTAL-26OCT04NEBUF-52,Full Game: over 51.5 points scored?,0.4000,0.4200,0.3800,1285.43,1260.43,active,2026-10-06T17:00:00Z,2026-10-01T13:50:16+00:00
KXNFLTOTAL-26OCT04NEBUF,KXNFLTOTAL,KXNFLTOTAL-26OCT04NEBUF-47,Full Game: over 46.5 points scored?,0.5700,0.5800,0.5600,3506.93,1904.33,active,2026-10-06T17:00:00Z,2026-10-01T13:50:16+00:00
KXNFLTOTAL-26OCT04NEBUF,KXNFLTOTAL,KXNFLTOTAL-26OCT04NEBUF-37,Full Game: over 36.5 points scored?,0.8200,0.8300,0.8300,4397.01,4267.01,active,2026-10-06T17:00:00Z,2026-10-01T13:50:16+00:00
KXNFLTOTAL-26OCT04NEBUF,KXNFLTOTAL,KXNFLTOTAL-26OCT04NEBUF-40,Full Game: over 39.5 points scored?,0.7500,0.7700,0.7800,30697.01,15129.01,active,2026-10-06T17:00:00Z,2026-10-01T13:50:16+00:00
KXNFLTOTAL-26OCT04NYJCHI,KXNFLTOTAL,KXNFLTOTAL-26OCT04NYJCHI-58,Full Game: over 57.5 points scored?,0.1100,0.1200,0.1200,115756.49,73287.99,active,2026-10-06T17:00:00Z,2026-10-01T13:50:16+00:00
KXNFLTOTAL-26OCT04NYJCHI,KXNFLTOTAL,KXNFLTOTAL-26OCT04NYJCHI-45,Full Game: over 44.5 points scored?,0.4300,0.4400,0.4400,3737.74,2540.88,active,2026-10-06T17:00:00Z,2026-10-01T13:50:16+00:00
KXNFLTOTAL-26OCT04NYJCHI,KXNFLTOTAL,KXNFLTOTAL-26OCT04NYJCHI-28,Full Game: over 27.5 points scored?,0.8900,0.9000,0.9000,8959.51,8419.59,active,2026-10-06T17:00:00Z,2026-10-01T13:50:16+00:00
KXNFLTOTAL-26OCT04NYJCHI,KXNFLTOTAL,KXNFLTOTAL-26OCT04NYJCHI-64,Full Game: over 63.5 points scored?,0.0500,0.0600,0.0600,2278.59,2278.59,active,2026-10-06T17:00:00Z,2026-10-01T13:50:16+00:00
KXNFLTOTAL-26OCT04NYJCHI,KXNFLTOTAL,KXNFLTOTAL-26OCT04NYJCHI-31,Full Game: over 30.5 points scored?,0.8300,0.8400,0.8300,16729.38,1120.44,active,2026-10-06T17:00:00Z,2026-10-01T13:50:16+00:00
KXNFLTOTAL-26OCT04NYJCHI,KXNFLTOTAL,KXNFLTOTAL-26OCT04NYJCHI-22,Full Game: over 21.5 points scored?,0.9500,0.9600,0.9600,3180.51,3039.24,active,2026-10-06T17:00:00Z,2026-10-01T13:50:16+00:00
KXNFLTOTAL-26OCT04NYJCHI,KXNFLTOTAL,KXNFLTOTAL-26OCT04NYJCHI-25,Full Game: over 24.5 points scored?,0.9200,0.9300,0.9300,31936.82,23648.67,active,2026-10-06T17:00:00Z,2026-10-01T13:50:16+00:00
KXNFLTOTAL-26OCT04NYJCHI,KXNFLTOTAL,KXNFLTOTAL-26OCT04NYJCHI-44,Full Game: over 43.5 points scored?,0.4700,0.4800,0.4900,12334.53,9643.62,active,2026-10-06T17:00:00Z,2026-10-01T13:50:16+00:00
KXNFLTOTAL-26OCT04NYJCHI,KXNFLTOTAL,KXNFLTOTAL-26OCT04NYJCHI-61,Full Game: over 60.5 points scored?,0.0800,0.0900,0.0900,14419.86,12458.50,active,2026-10-06T17:00:00Z,2026-10-01T13:50:16+00:00
KXNFLTOTAL-26OCT04NYJCHI,KXNFLTOTAL,KXNFLTOTAL-26OCT04NYJCHI-41,Full Game: over 40.5 points scored?,0.5700,0.5800,0.5700,5271.00,3405.00,active,2026-10-06T17:00:00Z,2026-10-01T13:50:16+00:00
KXNFLTOTAL-26OCT04NYJCHI,KXNFLTOTAL,KXNFLTOTAL-26OCT04NYJCHI-46,Full Game: over 45.5 points scored?,0.4000,0.4100,0.4300,762.08,685.08,active,2026-10-06T17:00:00Z,2026-10-01T13:50:16+00:00
KXNFLTOTAL-26OCT04NYJCHI,KXNFLTOTAL,KXNFLTOTAL-26OCT04NYJCHI-49,Full Game: over 48.5 points scored?,0.3100,0.3200,0.3200,19621.92,18536.86,active,2026-10-06T17:00:00Z,2026-10-01T13:50:16+00:00
KXNFLTOTAL-26OCT04NYJCHI,KXNFLTOTAL,KXNFLTOTAL-26OCT04NYJCHI-55,Full Game: over 54.5 points scored?,0.1800,0.1900,0.1800,3226.37,1829.37,active,2026-10-06T17:00:00Z,2026-10-01T13:50:16+00:00
KXNFLTOTAL-26OCT04NYJCHI,KXNFLTOTAL,KXNFLTOTAL-26OCT04NYJCHI-52,Full Game: over 51.5 points scored?,0.2200,0.2300,0.2300,11200.46,10721.72,active,2026-10-06T17:00:00Z,2026-10-01T13:50:16+00:00
KXNFLTOTAL-26OCT04NYJCHI,KXNFLTOTAL,KXNFLTOTAL-26OCT04NYJCHI-37,Full Game: over 36.5 points scored?,0.6900,0.7000,0.6900,18703.25,10717.15,active,2026-10-06T17:00:00Z,2026-10-01T13:50:16+00:00
KXNFLTOTAL-26OCT04NYJCHI,KXNFLTOTAL,KXNFLTOTAL-26OCT04NYJCHI-42,Full Game: over 41.5 points scored?,0.5400,0.5500,0.5300,13402.85,12890.98,active,2026-10-06T17:00:00Z,2026-10-01T13:50:16+00:00
KXNFLTOTAL-26OCT04NYJCHI,KXNFLTOTAL,KXNFLTOTAL-26OCT04NYJCHI-43,Full Game: over 42.5 points scored?,0.5200,0.5300,0.5300,8851.55,5919.24,active,2026-10-06T17:00:00Z,2026-10-01T13:50:16+00:00
KXNFLTOTAL-26OCT04NYJCHI,KXNFLTOTAL,KXNFLTOTAL-26OCT04NYJCHI-40,Full Game: over 39.5 points scored?,0.5900,0.6100,0.6200,3363.48,3338.48,active,2026-10-06T17:00:00Z,2026-10-01T13:50:16+00:00
KXNFLTOTAL-26OCT04NYJCHI,KXNFLTOTAL,KXNFLTOTAL-26OCT04NYJCHI-34,Full Game: over 33.5 points scored?,0.7600,0.7700,0.7700,78347.06,31279.62,active,2026-10-06T17:00:00Z,2026-10-01T13:50:16+00:00
KXNFLTOTAL-26OCT04TENBAL,KXNFLTOTAL,KXNFLTOTAL-26OCT04TENBAL-35,Full Game: over 34.5 points scored?,0.7400,0.7500,0.7400,620587.52,610805.57,active,2026-10-06T17:00:00Z,2026-10-01T13:50:16+00:00
KXNFLTOTAL-26OCT04TENBAL,KXNFLTOTAL,KXNFLTOTAL-26OCT04TENBAL-65,Full Game: over 64.5 points scored?,0.0600,0.0700,0.0500,3909.77,3888.97,active,2026-10-06T17:00:00Z,2026-10-01T13:50:16+00:00
KXNFLTOTAL-26OCT04TENBAL,KXNFLTOTAL,KXNFLTOTAL-26OCT04TENBAL-29,Full Game: over 28.5 points scored?,0.8800,0.8900,0.8900,4062.03,4012.03,active,2026-10-06T17:00:00Z,2026-10-01T13:50:16+00:00
KXNFLTOTAL-26OCT04TENBAL,KXNFLTOTAL,KXNFLTOTAL-26OCT04TENBAL-23,Full Game: over 22.5 points scored?,0.9500,0.9600,0.9600,21987.93,11827.42,active,2026-10-06T17:00:00Z,2026-10-01T13:50:16+00:00
KXNFLTOTAL-26OCT04TENBAL,KXNFLTOTAL,KXNFLTOTAL-26OCT04TENBAL-38,Full Game: over 37.5 points scored?,0.6400,0.6500,0.6600,280.55,105.54,active,2026-10-06T17:00:00Z,2026-10-01T13:50:16+00:00
KXNFLTOTAL-26OCT04TENBAL,KXNFLTOTAL,KXNFLTOTAL-26OCT04TENBAL-53,Full Game: over 52.5 points scored?,0.2300,0.2400,0.2200,31347.89,1065.23,active,2026-10-06T17:00:00Z,2026-10-01T13:50:16+00:00
KXNFLTOTAL-26OCT04TENBAL,KXNFLTOTAL,KXNFLTOTAL-26OCT04TENBAL-62,Full Game: over 61.5 points scored?,0.0700,0.0800,0.0800,4271.33,4271.33,active,2026-10-06T17:00:00Z,2026-10-01T13:50:16+00:00
KXNFLTOTAL-26OCT04TENBAL,KXNFLTOTAL,KXNFLTOTAL-26OCT04TENBAL-42,Full Game: over 41.5 points scored?,0.5200,0.5300,0.5700,162.42,137.42,active,2026-10-06T17:00:00Z,2026-10-01T13:50:16+00:00
KXNFLTOTAL-26OCT04TENBAL,KXNFLTOTAL,KXNFLTOTAL-26OCT04TENBAL-56,Full Game: over 55.5 points scored?,0.1500,0.1600,0.1600,33598.40,2161.24,active,2026-10-06T17:00:00Z,2026-10-01T13:50:16+00:00
KXNFLTOTAL-26OCT04TENBAL,KXNFLTOTAL,KXNFLTOTAL-26OCT04TENBAL-46,Full Game: over 45.5 points scored?,0.4000,0.4100,0.4200,3685.91,1804.59,active,2026-10-06T17:00:00Z,2026-10-01T13:50:16+00:00
KXNFLTOTAL-26OCT04TENBAL,KXNFLTOTAL,KXNFLTOTAL-26OCT04TENBAL-59,Full Game: over 58.5 points scored?,0.1200,0.1300,0.1100,7297.00,7105.00,active,2026-10-06T17:00:00Z,2026-10-01T13:50:16+00:00
KXNFLTOTAL-26OCT04TENBAL,KXNFLTOTAL,KXNFLTOTAL-26OCT04TENBAL-43,Full Game: over 42.5 points scored?,0.4900,0.5100,0.4900,9588.40,9396.52,active,2026-10-06T17:00:00Z,2026-10-01T13:50:16+00:00
KXNFLTOTAL-26OCT04TENBAL,KXNFLTOTAL,KXNFLTOTAL-26OCT04TENBAL-26,Full Game: over 25.5 points scored?,0.9200,0.9400,0.9400,2603.20,2553.20,active,2026-10-06T17:00:00Z,2026-10-01T13:50:16+00:00
KXNFLTOTAL-26OCT04TENBAL,KXNFLTOTAL,KXNFLTOTAL-26OCT04TENBAL-47,Full Game: over 46.5 points scored?,0.3800,0.3900,0.3800,20723.01,19240.77,active,2026-10-06T17:00:00Z,2026-10-01T13:50:16+00:00
KXNFLTOTAL-26OCT04TENBAL,KXNFLTOTAL,KXNFLTOTAL-26OCT04TENBAL-32,Full Game: over 31.5 points scored?,0.8200,0.8400,0.8300,4524.00,1736.00,active,2026-10-06T17:00:00Z,2026-10-01T13:50:16+00:00
KXNFLTOTAL-26OCT04TENBAL,KXNFLTOTAL,KXNFLTOTAL-26OCT04TENBAL-50,Full Game: over 49.5 points scored?,0.3000,0.3100,0.3000,30405.98,325.98,active,2026-10-06T17:00:00Z,2026-10-01T13:50:16+00:00
KXNFLTOTAL-26OCT04TENBAL,KXNFLTOTAL,KXNFLTOTAL-26OCT04TENBAL-41,Full Game: over 40.5 points scored?,0.5600,0.5800,0.0000,0.00,0.00,active,2026-10-06T17:00:00Z,2026-10-01T13:50:16+00:00
KXNFLTOTAL-26OCT04TENBAL,KXNFLTOTAL,KXNFLTOTAL-26OCT04TENBAL-45,Full Game: over 44.5 points scored?,0.4200,0.4400,0.4500,2147.14,2118.14,active,2026-10-06T17:00:00Z,2026-10-01T13:50:16+00:00
KXNFLTOTAL-26OCT04TENBAL,KXNFLTOTAL,KXNFLTOTAL-26OCT04TENBAL-44,Full Game: over 43.5 points scored?,0.4500,0.4600,0.4600,61847.05,56632.58,active,2026-10-06T17:00:00Z,2026-10-01T13:50:16+00:00
KXNFLTOTAL-26OCT05ATLNO,KXNFLTOTAL,KXNFLTOTAL-26OCT05ATLNO-67,Full Game: over 66.5 points scored?,0.0800,0.0900,0.0000,0.00,0.00,active,2026-10-08T00:15:00Z,2026-10-01T13:50:16+00:00
KXNFLTOTAL-26OCT05ATLNO,KXNFLTOTAL,KXNFLTOTAL-26OCT05ATLNO-61,Full Game: over 60.5 points scored?,0.1700,0.1800,0.1800,1053.06,1053.06,active,2026-10-08T00:15:00Z,2026-10-01T13:50:16+00:00
KXNFLTOTAL-26OCT05ATLNO,KXNFLTOTAL,KXNFLTOTAL-26OCT05ATLNO-31,Full Game: over 30.5 points scored?,0.9000,0.9200,0.9200,155.21,155.21,active,2026-10-08T00:15:00Z,2026-10-01T13:50:16+00:00
KXNFLTOTAL-26OCT05ATLNO,KXNFLTOTAL,KXNFLTOTAL-26OCT05ATLNO-46,Full Game: over 45.5 points scored?,0.5700,0.5800,0.5800,243.78,231.91,active,2026-10-08T00:15:00Z,2026-10-01T13:50:16+00:00
KXNFLTOTAL-26OCT05ATLNO,KXNFLTOTAL,KXNFLTOTAL-26OCT05ATLNO-70,Full Game: over 69.5 points scored?,0.0500,0.0600,0.0600,2706.16,2706.16,active,2026-10-08T00:15:00Z,2026-10-01T13:50:16+00:00
KXNFLTOTAL-26OCT05ATLNO,KXNFLTOTAL,KXNFLTOTAL-26OCT05ATLNO-51,Full Game: over 50.5 points scored?,0.4200,0.4300,0.4400,1.00,1.00,active,2026-10-08T00:15:00Z,2026-10-01T13:50:16+00:00
KXNFLTOTAL-26OCT05ATLNO,KXNFLTOTAL,KXNFLTOTAL-26OCT05ATLNO-49,Full Game: over 48.5 points scored?,0.4700,0.4800,0.4700,1888.12,1567.90,active,2026-10-08T00:15:00Z,2026-10-01T13:50:16+00:00
KXNFLTOTAL-26OCT05ATLNO,KXNFLTOTAL,KXNFLTOTAL-26OCT05ATLNO-47,Full Game: over 46.5 points scored?,0.5300,0.5500,0.0000,0.00,0.00,active,2026-10-08T00:15:00Z,2026-10-01T13:50:16+00:00
KXNFLTOTAL-26OCT05ATLNO,KXNFLTOTAL,KXNFLTOTAL-26OCT05ATLNO-50,Full Game: over 49.5 points scored?,0.4400,0.4500,0.4500,686.56,664.17,active,2026-10-08T00:15:00Z,2026-10-01T13:50:16+00:00
KXNFLTOTAL-26OCT05ATLNO,KXNFLTOTAL,KXNFLTOTAL-26OCT05ATLNO-48,Full Game: over 47.5 points scored?,0.5000,0.5100,0.5100,1872.71,1459.71,active,2026-10-08T00:15:00Z,2026-10-01T13:50:16+00:00
KXNFLTOTAL-26OCT05ATLNO,KXNFLTOTAL,KXNFLTOTAL-26OCT05ATLNO-52,Full Game: over 51.5 points scored?,0.3600,0.3900,0.0000,0.00,0.00,active,2026-10-08T00:15:00Z,2026-10-01T13:50:16+00:00
KXNFLTOTAL-26OCT05ATLNO,KXNFLTOTAL,KXNFLTOTAL-26OCT05ATLNO-64,Full Game: over 63.5 points scored?,0.1200,0.1300,0.1300,11.60,11.60,active,2026-10-08T00:15:00Z,2026-10-01T13:50:16+00:00
KXNFLTOTAL-26OCT05ATLNO,KXNFLTOTAL,KXNFLTOTAL-26OCT05ATLNO-28,Full Game: over 27.5 points scored?,0.9400,0.9600,0.9500,156.05,156.05,active,2026-10-08T00:15:00Z,2026-10-01T13:50:16+00:00
KXNFLTOTAL-26OCT05ATLNO,KXNFLTOTAL,KXNFLTOTAL-26OCT05ATLNO-43,Full Game: over 42.5 points scored?,0.6500,0.6700,0.6600,21.84,21.84,active,2026-10-08T00:15:00Z,2026-10-01T13:50:16+00:00
KXNFLTOTAL-26OCT05ATLNO,KXNFLTOTAL,KXNFLTOTAL-26OCT05ATLNO-34,Full Game: over 33.5 points scored?,0.8600,0.8800,0.8700,66.60,66.60,active,2026-10-08T00:15:00Z,2026-10-01T13:50:16+00:00
KXNFLTOTAL-26OCT05ATLNO,KXNFLTOTAL,KXNFLTOTAL-26OCT05ATLNO-58,Full Game: over 57.5 points scored?,0.2200,0.2400,0.2600,2.00,2.00,active,2026-10-08T00:15:00Z,2026-10-01T13:50:16+00:00
KXNFLTOTAL-26OCT05ATLNO,KXNFLTOTAL,KXNFLTOTAL-26OCT05ATLNO-55,Full Game: over 54.5 points scored?,0.3000,0.3200,0.3200,87.20,87.20,active,2026-10-08T00:15:00Z,2026-10-01T13:50:16+00:00
KXNFLTOTAL-26OCT05ATLNO,KXNFLTOTAL,KXNFLTOTAL-26OCT05ATLNO-37,Full Game: over 36.5 points scored?,0.8000,0.8200,0.8200,49.95,49.95,active,2026-10-08T00:15:00Z,2026-10-01T13:50:16+00:00
KXNFLTOTAL-26OCT05ATLNO,KXNFLTOTAL,KXNFLTOTAL-26OCT05ATLNO-40,Full Game: over 39.5 points scored?,0.7300,0.7500,0.7500,25.97,25.97,active,2026-10-08T00:15:00Z,2026-10-01T13:50:16+00:00
KXNFLTEAMPTS-LEAST27,KXNFLTEAMPTS,KXNFLTEAMPTS-LEAST27-TEN,Will Tennessee be the lowest scoring team?,0.0500,0.1300,0.0500,21.29,12.29,active,2027-01-18T15:00:00Z,2026-10-01T13:50:16+00:00
KXNFLTEAMPTS-LEAST27,KXNFLTEAMPTS,KXNFLTEAMPTS-LEAST27-KC,Will Kansas City be the lowest scoring team?,0.0000,0.3500,0.0000,0.00,0.00,active,2027-01-18T15:00:00Z,2026-10-01T13:50:16+00:00
KXNFLTEAMPTS-LEAST27,KXNFLTEAMPTS,KXNFLTEAMPTS-LEAST27-CHI,Will Chicago be the lowest scoring team?,0.0000,0.0800,0.0000,0.00,0.00,active,2027-01-18T15:00:00Z,2026-10-01T13:50:16+00:00
KXNFLTEAMPTS-LEAST27,KXNFLTEAMPTS,KXNFLTEAMPTS-LEAST27-CAR,Will Carolina be the lowest scoring team?,0.0000,0.0800,0.0100,9.00,9.00,active,2027-01-18T15:00:00Z,2026-10-01T13:50:16+00:00
KXNFLTEAMPTS-LEAST27,KXNFLTEAMPTS,KXNFLTEAMPTS-LEAST27-NO,Will New Orleans be the lowest scoring team?,0.0000,0.1000,0.0100,111.62,101.33,active,2027-01-18T15:00:00Z,2026-10-01T13:50:16+00:00
KXNFLTEAMPTS-LEAST27,KXNFLTEAMPTS,KXNFLTEAMPTS-LEAST27-MIN,Will Minnesota be the lowest scoring team?,0.0000,0.3500,0.0100,252.18,241.89,active,2027-01-18T15:00:00Z,2026-10-01T13:50:16+00:00
KXNFLTEAMPTS-LEAST27,KXNFLTEAMPTS,KXNFLTEAMPTS-LEAST27-IND,Will Indianapolis be the lowest scoring team?,0.0000,0.4200,0.0000,0.00,0.00,active,2027-01-18T15:00:00Z,2026-10-01T13:50:16+00:00
KXNFLTEAMPTS-LEAST27,KXNFLTEAMPTS,KXNFLTEAMPTS-LEAST27-DEN,Will Denver be the lowest scoring team?,0.0000,0.4400,0.0000,0.00,0.00,active,2027-01-18T15:00:00Z,2026-10-01T13:50:16+00:00
KXNFLTEAMPTS-LEAST27,KXNFLTEAMPTS,KXNFLTEAMPTS-LEAST27-TB,Will Tampa Bay be the lowest scoring team?,0.0000,0.4500,0.0000,0.00,0.00,active,2027-01-18T15:00:00Z,2026-10-01T13:50:16+00:00
KXNFLTEAMPTS-LEAST27,KXNFLTEAMPTS,KXNFLTEAMPTS-LEAST27-WAS,Will Washington be the lowest scoring team?,0.0000,0.4300,0.0100,209.00,100.00,active,2027-01-18T15:00:00Z,2026-10-01T13:50:16+00:00
KXNFLTEAMPTS-LEAST27,KXNFLTEAMPTS,KXNFLTEAMPTS-LEAST27-JAC,Will Jacksonville be the lowest scoring team?,0.0000,0.4500,0.0000,0.00,0.00,active,2027-01-18T15:00:00Z,2026-10-01T13:50:16+00:00
KXNFLTEAMPTS-LEAST27,KXNFLTEAMPTS,KXNFLTEAMPTS-LEAST27-NE,Will New England be the lowest scoring team?,0.0000,0.1300,0.0000,0.00,0.00,active,2027-01-18T15:00:00Z,2026-10-01T13:50:16+00:00
KXNFLTEAMPTS-LEAST27,KXNFLTEAMPTS,KXNFLTEAMPTS-LEAST27-CIN,Will Cincinnati be the lowest scoring team?,0.0000,0.4600,0.0000,0.00,0.00,active,2027-01-18T15:00:00Z,2026-10-01T13:50:16+00:00
KXNFLTEAMPTS-LEAST27,KXNFLTEAMPTS,KXNFLTEAMPTS-LEAST27-LAC,Will Los Angeles C be the lowest scoring team?,0.0000,0.4600,0.0000,0.00,0.00,active,2027-01-18T15:00:00Z,2026-10-01T13:50:16+00:00
KXNFLTEAMPTS-LEAST27,KXNFLTEAMPTS,KXNFLTEAMPTS-LEAST27-PHI,Will Philadelphia be the lowest scoring team?,0.0000,0.4600,0.0000,0.00,0.00,active,2027-01-18T15:00:00Z,2026-10-01T13:50:16+00:00
KXNFLTEAMPTS-LEAST27,KXNFLTEAMPTS,KXNFLTEAMPTS-LEAST27-BUF,Will Buffalo be the lowest scoring team?,0.0000,0.4600,0.0000,0.00,0.00,active,2027-01-18T15:00:00Z,2026-10-01T13:50:16+00:00
KXNFLTEAMPTS-LEAST27,KXNFLTEAMPTS,KXNFLTEAMPTS-LEAST27-SF,Will San Francisco be the lowest scoring team?,0.0000,0.4600,0.0000,0.00,0.00,active,2027-01-18T15:00:00Z,2026-10-01T13:50:16+00:00
KXNFLTEAMPTS-LEAST27,KXNFLTEAMPTS,KXNFLTEAMPTS-LEAST27-LAR,Will Los Angeles R be the lowest scoring team?,0.0000,0.4500,0.0000,0.00,0.00,active,2027-01-18T15:00:00Z,2026-10-01T13:50:16+00:00
KXNFLTEAMPTS-LEAST27,KXNFLTEAMPTS,KXNFLTEAMPTS-LEAST27-DAL,Will Dallas be the lowest scoring team?,0.0000,0.4500,0.0000,0.00,0.00,active,2027-01-18T15:00:00Z,2026-10-01T13:50:16+00:00
KXNFLTEAMPTS-LEAST27,KXNFLTEAMPTS,KXNFLTEAMPTS-LEAST27-GB,Will Green Bay be the lowest scoring team?,0.0000,0.4500,0.0000,0.00,0.00,active,2027-01-18T15:00:00Z,2026-10-01T13:50:16+00:00
KXNFLTEAMPTS-LEAST27,KXNFLTEAMPTS,KXNFLTEAMPTS-LEAST27-SEA,Will Seattle be the lowest scoring team?,0.0000,0.4600,0.0000,0.00,0.00,active,2027-01-18T15:00:00Z,2026-10-01T13:50:16+00:00
KXNFLTEAMPTS-LEAST27,KXNFLTEAMPTS,KXNFLTEAMPTS-LEAST27-LV,Will Las Vegas be the lowest scoring team?,0.0000,0.0700,0.0100,11.00,11.00,active,2027-01-18T15:00:00Z,2026-10-01T13:50:16+00:00
KXNFLTEAMPTS-LEAST27,KXNFLTEAMPTS,KXNFLTEAMPTS-LEAST27-NYJ,Will New York J be the lowest scoring team?,0.0500,0.1200,0.2100,341.60,182.82,active,2027-01-18T15:00:00Z,2026-10-01T13:50:16+00:00
KXNFLTEAMPTS-LEAST27,KXNFLTEAMPTS,KXNFLTEAMPTS-LEAST27-MIA,Will Miami be the lowest scoring team?,0.2600,0.7800,0.7400,432.68,251.71,active,2027-01-18T15:00:00Z,2026-10-01T13:50:16+00:00
KXNFLTEAMPTS-LEAST27,KXNFLTEAMPTS,KXNFLTEAMPTS-LEAST27-HOU,Will Houston be the lowest scoring team?,0.0100,0.0900,0.0100,151.80,150.51,active,2027-01-18T15:00:00Z,2026-10-01T13:50:16+00:00
KXNFLTEAMPTS-LEAST27,KXNFLTEAMPTS,KXNFLTEAMPTS-LEAST27-PIT,Will Pittsburgh be the lowest scoring team?,0.0100,0.1400,0.0200,508.37,498.08,active,2027-01-18T15:00:00Z,2026-10-01T13:50:16+00:00
KXNFLTEAMPTS-LEAST27,KXNFLTEAMPTS,KXNFLTEAMPTS-LEAST27-CLE,Will Cleveland be the lowest scoring team?,0.0200,0.2800,0.2700,389.13,375.58,active,2027-01-18T15:00:00Z,2026-10-01T13:50:16+00:00
KXNFLTEAMPTS-LEAST27,KXNFLTEAMPTS,KXNFLTEAMPTS-LEAST27-DET,Will Detroit be the lowest scoring team?,0.0000,0.4600,0.0000,0.00,0.00,active,2027-01-18T15:00:00Z,2026-10-01T13:50:16+00:00
KXNFLTEAMPTS-LEAST27,KXNFLTEAMPTS,KXNFLTEAMPTS-LEAST27-BAL,Will Baltimore be the lowest scoring team?,0.0000,0.4600,0.0000,0.00,0.00,active,2027-01-18T15:00:00Z,2026-10-01T13:50:16+00:00
KXNFLTEAMPTS-LEAST27,KXNFLTEAMPTS,KXNFLTEAMPTS-LEAST27-ARI,Will Arizona be the lowest scoring team?,0.1000,0.1500,0.0200,505.26,474.97,active,2027-01-18T15:00:00Z,2026-10-01T13:50:16+00:00
KXNFLTEAMPTS-LEAST27,KXNFLTEAMPTS,KXNFLTEAMPTS-LEAST27-ATL,Will Atlanta be the lowest scoring team?,0.0100,0.0900,0.0700,536.07,303.40,active,2027-01-18T15:00:00Z,2026-10-01T13:50:16+00:00
KXNFLTEAMPTS-LEAST27,KXNFLTEAMPTS,KXNFLTEAMPTS-LEAST27-NYG,Will New York G be the lowest scoring team?,0.0300,0.1300,0.0100,100.51,90.22,active,2027-01-18T15:00:00Z,2026-10-01T13:50:16+00:00
KXNFLTEAMPTS-MOST27,KXNFLTEAMPTS,KXNFLTEAMPTS-MOST27-PIT,Will Pittsburgh be the highest scoring team?,0.0000,0.0100,0.0100,5438.80,3589.86,active,2027-01-18T15:00:00Z,2026-10-01T13:50:16+00:00
KXNFLTEAMPTS-MOST27,KXNFLTEAMPTS,KXNFLTEAMPTS-MOST27-PHI,Will Philadelphia be the highest scoring team?,0.0000,0.0200,0.0200,1029.71,992.21,active,2027-01-18T15:00:00Z,2026-10-01T13:50:16+00:00
KXNFLTEAMPTS-MOST27,KXNFLTEAMPTS,KXNFLTEAMPTS-MOST27-KC,Will Kansas City be the highest scoring team?,0.0100,0.0200,0.0200,2212.57,2115.93,active,2027-01-18T15:00:00Z,2026-10-01T13:50:16+00:00
KXNFLTEAMPTS-MOST27,KXNFLTEAMPTS,KXNFLTEAMPTS-MOST27-HOU,Will Houston be the highest scoring team?,0.0000,0.0200,0.0200,1644.34,1373.34,active,2027-01-18T15:00:00Z,2026-10-01T13:50:16+00:00
KXNFLTEAMPTS-MOST27,KXNFLTEAMPTS,KXNFLTEAMPTS-MOST27-LAR,Will Los Angeles R be the highest scoring team?,0.0400,0.0500,0.0300,4100.49,3526.82,active,2027-01-18T15:00:00Z,2026-10-01T13:50:16+00:00
KXNFLTEAMPTS-MOST27,KXNFLTEAMPTS,KXNFLTEAMPTS-MOST27-NE,Will New England be the highest scoring team?,0.0200,0.0300,0.0300,3498.92,3074.71,active,2027-01-18T15:00:00Z,2026-10-01T13:50:16+00:00
KXNFLTEAMPTS-MOST27,KXNFLTEAMPTS,KXNFLTEAMPTS-MOST27-NYG,Will New York G be the highest scoring team?,0.0000,0.0200,0.0100,2191.71,2191.71,active,2027-01-18T15:00:00Z,2026-10-01T13:50:16+00:00
KXNFLTEAMPTS-MOST27,KXNFLTEAMPTS,KXNFLTEAMPTS-MOST27-CAR,Will Carolina be the highest scoring team?,0.0000,0.0200,0.0200,2387.32,2006.79,active,2027-01-18T15:00:00Z,2026-10-01T13:50:16+00:00
KXNFLTEAMPTS-MOST27,KXNFLTEAMPTS,KXNFLTEAMPTS-MOST27-MIN,Will Minnesota be the highest scoring team?,0.0000,0.0200,0.0200,2002.67,1979.67,active,2027-01-18T15:00:00Z,2026-10-01T13:50:16+00:00
KXNFLTEAMPTS-MOST27,KXNFLTEAMPTS,KXNFLTEAMPTS-MOST27-TB,Will Tampa Bay be the highest scoring team?,0.0000,0.0100,0.0200,1151.18,1137.04,active,2027-01-18T15:00:00Z,2026-10-01T13:50:16+00:00
KXNFLTEAMPTS-MOST27,KXNFLTEAMPTS,KXNFLTEAMPTS-MOST27-SEA,Will Seattle be the highest scoring team?,0.0000,0.0100,0.0200,1125.79,859.99,active,2027-01-18T15:00:00Z,2026-10-01T13:50:16+00:00
KXNFLTEAMPTS-MOST27,KXNFLTEAMPTS,KXNFLTEAMPTS-MOST27-IND,Will Indianapolis be the highest scoring team?,0.0000,0.0100,0.0100,718.39,643.21,active,2027-01-18T15:00:00Z,2026-10-01T13:50:16+00:00
KXNFLTEAMPTS-MOST27,KXNFLTEAMPTS,KXNFLTEAMPTS-MOST27-ATL,Will Atlanta be the highest scoring team?,0.0000,0.0100,0.0100,305.01,305.01,active,2027-01-18T15:00:00Z,2026-10-01T13:50:16+00:00
KXNFLTEAMPTS-MOST27,KXNFLTEAMPTS,KXNFLTEAMPTS-MOST27-SF,Will San Francisco be the highest scoring team?,0.0800,0.1400,0.1600,2142.33,2013.20,active,2027-01-18T15:00:00Z,2026-10-01T13:50:16+00:00
KXNFLTEAMPTS-MOST27,KXNFLTEAMPTS,KXNFLTEAMPTS-MOST27-DET,Will Detroit be the highest scoring team?,0.1000,0.2100,0.1500,5730.65,4375.50,active,2027-01-18T15:00:00Z,2026-10-01T13:50:16+00:00
KXNFLTEAMPTS-MOST27,KXNFLTEAMPTS,KXNFLTEAMPTS-MOST27-BUF,Will Buffalo be the highest scoring team?,0.1400,0.2400,0.1500,5447.56,4652.32,active,2027-01-18T15:00:00Z,2026-10-01T13:50:16+00:00
KXNFLTEAMPTS-MOST27,KXNFLTEAMPTS,KXNFLTEAMPTS-MOST27-CHI,Will Chicago be the highest scoring team?,0.0500,0.1600,0.1600,19881.36,15960.38,active,2027-01-18T15:00:00Z,2026-10-01T13:50:16+00:00
KXNFLTEAMPTS-MOST27,KXNFLTEAMPTS,KXNFLTEAMPTS-MOST27-GB,Will Green Bay be the highest scoring team?,0.0000,0.0200,0.0100,1371.25,1194.85,active,2027-01-18T15:00:00Z,2026-10-01T13:50:16+00:00
KXNFLTEAMPTS-MOST27,KXNFLTEAMPTS,KXNFLTEAMPTS-MOST27-CLE,Will Cleveland be the highest scoring team?,0.0000,0.0100,0.0100,298.51,198.51,active,2027-01-18T15:00:00Z,2026-10-01T13:50:16+00:00
KXNFLTEAMPTS-MOST27,KXNFLTEAMPTS,KXNFLTEAMPTS-MOST27-ARI,Will Arizona be the highest scoring team?,0.0000,0.0100,0.0100,1089.74,1089.74,active,2027-01-18T15:00:00Z,2026-10-01T13:50:16+00:00
KXNFLTEAMPTS-MOST27,KXNFLTEAMPTS,KXNFLTEAMPTS-MOST27-NYJ,Will New York J be the highest scoring team?,0.0000,0.0100,0.0100,1396.78,1204.39,active,2027-01-18T15:00:00Z,2026-10-01T13:50:16+00:00
KXNFLTEAMPTS-MOST27,KXNFLTEAMPTS,KXNFLTEAMPTS-MOST27-BAL,Will Baltimore be the highest scoring team?,0.0600,0.1100,0.2300,4634.96,3667.59,active,2027-01-18T15:00:00Z,2026-10-01T13:50:16+00:00
KXNFLTEAMPTS-MOST27,KXNFLTEAMPTS,KXNFLTEAMPTS-MOST27-LAC,Will Los Angeles C be the highest scoring team?,0.0200,0.0300,0.0200,7844.04,5988.75,active,2027-01-18T15:00:00Z,2026-10-01T13:50:16+00:00
KXNFLTEAMPTS-MOST27,KXNFLTEAMPTS,KXNFLTEAMPTS-MOST27-NO,Will New Orleans be the highest scoring team?,0.0100,0.0200,0.0200,2341.36,2219.30,active,2027-01-18T15:00:00Z,2026-10-01T13:50:16+00:00
KXNFLTEAMPTS-MOST27,KXNFLTEAMPTS,KXNFLTEAMPTS-MOST27-DAL,Will Dallas be the highest scoring team?,0.0500,0.0600,0.0500,4943.32,4437.14,active,2027-01-18T15:00:00Z,2026-10-01T13:50:16+00:00
KXNFLTEAMPTS-MOST27,KXNFLTEAMPTS,KXNFLTEAMPTS-MOST27-TEN,Will Tennessee be the highest scoring team?,0.0000,0.0100,0.0100,93.51,93.51,active,2027-01-18T15:00:00Z,2026-10-01T13:50:16+00:00
KXNFLTEAMPTS-MOST27,KXNFLTEAMPTS,KXNFLTEAMPTS-MOST27-MIA,Will Miami be the highest scoring team?,0.0000,0.0100,0.0100,93.51,93.51,active,2027-01-18T15:00:00Z,2026-10-01T13:50:16+00:00
KXNFLTEAMPTS-MOST27,KXNFLTEAMPTS,KXNFLTEAMPTS-MOST27-WAS,Will Washington be the highest scoring team?,0.0000,0.0100,0.0100,93.51,93.51,active,2027-01-18T15:00:00Z,2026-10-01T13:50:16+00:00
KXNFLTEAMPTS-MOST27,KXNFLTEAMPTS,KXNFLTEAMPTS-MOST27-CIN,Will Cincinnati be the highest scoring team?,0.0300,0.0400,0.0400,3010.40,1956.66,active,2027-01-18T15:00:00Z,2026-10-01T13:50:16+00:00
KXNFLTEAMPTS-MOST27,KXNFLTEAMPTS,KXNFLTEAMPTS-MOST27-DEN,Will Denver be the highest scoring team?,0.0000,0.0100,0.0100,2816.95,2368.06,active,2027-01-18T15:00:00Z,2026-10-01T13:50:16+00:00
KXNFLTEAMPTS-MOST27,KXNFLTEAMPTS,KXNFLTEAMPTS-MOST27-JAC,Will Jacksonville be the highest scoring team?,0.0100,0.0200,0.0200,3867.51,3507.53,active,2027-01-18T15:00:00Z,2026-10-01T13:50:16+00:00
KXNFLTEAMPTS-MOST27,KXNFLTEAMPTS,KXNFLTEAMPTS-MOST27-LV,Will Las Vegas be the highest scoring team?,0.0000,0.0800,0.1500,2144.45,2041.45,active,2027-01-18T15:00:00Z,2026-10-01T13:50:16+00:00
